state_id,state_label,source_family,mesh_level,stage_id,mode_id,source_v,drain_v,vbg_v,vtg_v,region,x_cm,y_cm,x_um,y_nm,potential_v,electron_density_cm3
p2_bulk_nta_5e19_common_primary,NTA 5e19 common-primary state,top_primary,interface_4x,T03_P2_BULK_TRAPS_FORMAL,enabled_symmetric_teaching_top_stack,0.0,0.01,0.0,0.3,bottom_oxide,0.0,0.0,0.0,0.0,0.0,
p2_bulk_nta_5e19_common_primary,NTA 5e19 common-primary state,top_primary,interface_4x,T03_P2_BULK_TRAPS_FORMAL,enabled_symmetric_teaching_top_stack,0.0,0.01,0.0,0.3,bottom_oxide,0.0,5.000000000000001e-07,0.0,5.000000000000001,-0.00018594959290490665,
p2_bulk_nta_5e19_common_primary,NTA 5e19 common-primary state,top_primary,interface_4x,T03_P2_BULK_TRAPS_FORMAL,enabled_symmetric_teaching_top_stack,0.0,0.01,0.0,0.3,bottom_oxide,2.5e-05,0.0,0.25,0.0,0.0,
p2_bulk_nta_5e19_common_primary,NTA 5e19 common-primary state,top_primary,interface_4x,T03_P2_BULK_TRAPS_FORMAL,enabled_symmetric_teaching_top_stack,0.0,0.01,0.0,0.3,bottom_oxide,2.5e-05,5.000000000000001e-07,0.25,5.000000000000001,-0.013054488761143979,
p2_bulk_nta_5e19_common_primary,NTA 5e19 common-primary state,top_primary,interface_4x,T03_P2_BULK_TRAPS_FORMAL,enabled_symmetric_teaching_top_stack,0.0,0.01,0.0,0.3,bottom_oxide,0.0,1.0000000000000002e-06,0.0,10.000000000000002,-0.00036160435447522203,
p2_bulk_nta_5e19_common_primary,NTA 5e19 common-primary state,top_primary,interface_4x,T03_P2_BULK_TRAPS_FORMAL,enabled_symmetric_teaching_top_stack,0.0,0.01,0.0,0.3,bottom_oxide,2.5e-05,1.0000000000000002e-06,0.25,10.000000000000002,-0.0261140991715985,
p2_bulk_nta_5e19_common_primary,NTA 5e19 common-primary state,top_primary,interface_4x,T03_P2_BULK_TRAPS_FORMAL,enabled_symmetric_teaching_top_stack,0.0,0.01,0.0,0.3,bottom_oxide,0.0,1.5000000000000002e-06,0.0,15.000000000000002,-0.0005166571201918388,
p2_bulk_nta_5e19_common_primary,NTA 5e19 common-primary state,top_primary,interface_4x,T03_P2_BULK_TRAPS_FORMAL,enabled_symmetric_teaching_top_stack,0.0,0.01,0.0,0.3,bottom_oxide,2.5e-05,1.5000000000000002e-06,0.25,15.000000000000002,-0.03918396108128639,
p2_bulk_nta_5e19_common_primary,NTA 5e19 common-primary state,top_primary,interface_4x,T03_P2_BULK_TRAPS_FORMAL,enabled_symmetric_teaching_top_stack,0.0,0.01,0.0,0.3,bottom_oxide,0.0,2.0000000000000003e-06,0.0,20.000000000000004,-0.0006407760427395799,
p2_bulk_nta_5e19_common_primary,NTA 5e19 common-primary state,top_primary,interface_4x,T03_P2_BULK_TRAPS_FORMAL,enabled_symmetric_teaching_top_stack,0.0,0.01,0.0,0.3,bottom_oxide,2.5e-05,2.0000000000000003e-06,0.25,20.000000000000004,-0.0522692207536566,
p2_bulk_nta_5e19_common_primary,NTA 5e19 common-primary state,top_primary,interface_4x,T03_P2_BULK_TRAPS_FORMAL,enabled_symmetric_teaching_top_stack,0.0,0.01,0.0,0.3,bottom_oxide,0.0,2.1250000000000004e-06,0.0,21.250000000000004,-0.0006653522177876506,
p2_bulk_nta_5e19_common_primary,NTA 5e19 common-primary state,top_primary,interface_4x,T03_P2_BULK_TRAPS_FORMAL,enabled_symmetric_teaching_top_stack,0.0,0.01,0.0,0.3,bottom_oxide,2.5e-05,2.1250000000000004e-06,0.25,21.250000000000004,-0.055543749527560506,
p2_bulk_nta_5e19_common_primary,NTA 5e19 common-primary state,top_primary,interface_4x,T03_P2_BULK_TRAPS_FORMAL,enabled_symmetric_teaching_top_stack,0.0,0.01,0.0,0.3,bottom_oxide,0.0,2.2500000000000005e-06,0.0,22.500000000000004,-0.0006871844729702326,
p2_bulk_nta_5e19_common_primary,NTA 5e19 common-primary state,top_primary,interface_4x,T03_P2_BULK_TRAPS_FORMAL,enabled_symmetric_teaching_top_stack,0.0,0.01,0.0,0.3,bottom_oxide,2.5e-05,2.2500000000000005e-06,0.25,22.500000000000004,-0.05881964496086699,
p2_bulk_nta_5e19_common_primary,NTA 5e19 common-primary state,top_primary,interface_4x,T03_P2_BULK_TRAPS_FORMAL,enabled_symmetric_teaching_top_stack,0.0,0.01,0.0,0.3,bottom_oxide,0.0,2.375e-06,0.0,23.75,-0.0007061101051284198,
p2_bulk_nta_5e19_common_primary,NTA 5e19 common-primary state,top_primary,interface_4x,T03_P2_BULK_TRAPS_FORMAL,enabled_symmetric_teaching_top_stack,0.0,0.01,0.0,0.3,bottom_oxide,2.5e-05,2.375e-06,0.25,23.75,-0.06209698830738034,
p2_bulk_nta_5e19_common_primary,NTA 5e19 common-primary state,top_primary,interface_4x,T03_P2_BULK_TRAPS_FORMAL,enabled_symmetric_teaching_top_stack,0.0,0.01,0.0,0.3,bottom_oxide,0.0,2.5e-06,0.0,25.000000000000004,-0.0007219661933764943,
p2_bulk_nta_5e19_common_primary,NTA 5e19 common-primary state,top_primary,interface_4x,T03_P2_BULK_TRAPS_FORMAL,enabled_symmetric_teaching_top_stack,0.0,0.01,0.0,0.3,bottom_oxide,2.5e-05,2.5e-06,0.25,25.000000000000004,-0.06537586096575466,
p2_bulk_nta_5e19_common_primary,NTA 5e19 common-primary state,top_primary,interface_4x,T03_P2_BULK_TRAPS_FORMAL,enabled_symmetric_teaching_top_stack,0.0,0.01,0.0,0.3,bottom_oxide,0.0,2.6250000000000003e-06,0.0,26.250000000000004,-0.00073458958688595,
p2_bulk_nta_5e19_common_primary,NTA 5e19 common-primary state,top_primary,interface_4x,T03_P2_BULK_TRAPS_FORMAL,enabled_symmetric_teaching_top_stack,0.0,0.01,0.0,0.3,bottom_oxide,2.5e-05,2.6250000000000003e-06,0.25,26.250000000000004,-0.06865634448763096,
p2_bulk_nta_5e19_common_primary,NTA 5e19 common-primary state,top_primary,interface_4x,T03_P2_BULK_TRAPS_FORMAL,enabled_symmetric_teaching_top_stack,0.0,0.01,0.0,0.3,bottom_oxide,0.0,2.75e-06,0.0,27.5,-0.0007438168926503685,
p2_bulk_nta_5e19_common_primary,NTA 5e19 common-primary state,top_primary,interface_4x,T03_P2_BULK_TRAPS_FORMAL,enabled_symmetric_teaching_top_stack,0.0,0.01,0.0,0.3,bottom_oxide,2.5e-05,2.75e-06,0.25,27.5,-0.0719385205857886,
p2_bulk_nta_5e19_common_primary,NTA 5e19 common-primary state,top_primary,interface_4x,T03_P2_BULK_TRAPS_FORMAL,enabled_symmetric_teaching_top_stack,0.0,0.01,0.0,0.3,bottom_oxide,0.0,2.875e-06,0.0,28.75,-0.00074948446323013,
p2_bulk_nta_5e19_common_primary,NTA 5e19 common-primary state,top_primary,interface_4x,T03_P2_BULK_TRAPS_FORMAL,enabled_symmetric_teaching_top_stack,0.0,0.01,0.0,0.3,bottom_oxide,2.5e-05,2.875e-06,0.25,28.75,-0.07522247114231197,
p2_bulk_nta_5e19_common_primary,NTA 5e19 common-primary state,top_primary,interface_4x,T03_P2_BULK_TRAPS_FORMAL,enabled_symmetric_teaching_top_stack,0.0,0.01,0.0,0.3,bottom_oxide,0.0,3e-06,0.0,30.0,-0.0007514283844759374,
p2_bulk_nta_5e19_common_primary,NTA 5e19 common-primary state,top_primary,interface_4x,T03_P2_BULK_TRAPS_FORMAL,enabled_symmetric_teaching_top_stack,0.0,0.01,0.0,0.3,bottom_oxide,2.5e-05,3e-06,0.25,30.0,-0.0785082782167728,
p2_bulk_nta_5e19_common_primary,NTA 5e19 common-primary state,top_primary,interface_4x,T03_P2_BULK_TRAPS_FORMAL,enabled_symmetric_teaching_top_stack,0.0,0.01,0.0,0.3,bottom_oxide,5e-05,0.0,0.5,0.0,0.0,
p2_bulk_nta_5e19_common_primary,NTA 5e19 common-primary state,top_primary,interface_4x,T03_P2_BULK_TRAPS_FORMAL,enabled_symmetric_teaching_top_stack,0.0,0.01,0.0,0.3,bottom_oxide,5e-05,5.000000000000001e-07,0.5,5.000000000000001,-0.01311890465302027,
p2_bulk_nta_5e19_common_primary,NTA 5e19 common-primary state,top_primary,interface_4x,T03_P2_BULK_TRAPS_FORMAL,enabled_symmetric_teaching_top_stack,0.0,0.01,0.0,0.3,bottom_oxide,5e-05,1.0000000000000002e-06,0.5,10.000000000000002,-0.026237845905294547,
p2_bulk_nta_5e19_common_primary,NTA 5e19 common-primary state,top_primary,interface_4x,T03_P2_BULK_TRAPS_FORMAL,enabled_symmetric_teaching_top_stack,0.0,0.01,0.0,0.3,bottom_oxide,5e-05,1.5000000000000002e-06,0.5,15.000000000000002,-0.03935685833660975,
p2_bulk_nta_5e19_common_primary,NTA 5e19 common-primary state,top_primary,interface_4x,T03_P2_BULK_TRAPS_FORMAL,enabled_symmetric_teaching_top_stack,0.0,0.01,0.0,0.3,bottom_oxide,5e-05,2.0000000000000003e-06,0.5,20.000000000000004,-0.05247597248292856,
p2_bulk_nta_5e19_common_primary,NTA 5e19 common-primary state,top_primary,interface_4x,T03_P2_BULK_TRAPS_FORMAL,enabled_symmetric_teaching_top_stack,0.0,0.01,0.0,0.3,bottom_oxide,5e-05,2.1250000000000004e-06,0.5,21.250000000000004,-0.055755770734038854,
p2_bulk_nta_5e19_common_primary,NTA 5e19 common-primary state,top_primary,interface_4x,T03_P2_BULK_TRAPS_FORMAL,enabled_symmetric_teaching_top_stack,0.0,0.01,0.0,0.3,bottom_oxide,5e-05,2.2500000000000005e-06,0.5,22.500000000000004,-0.059035577173753996,
p2_bulk_nta_5e19_common_primary,NTA 5e19 common-primary state,top_primary,interface_4x,T03_P2_BULK_TRAPS_FORMAL,enabled_symmetric_teaching_top_stack,0.0,0.01,0.0,0.3,bottom_oxide,5e-05,2.375e-06,0.5,23.75,-0.06231539207110836,
p2_bulk_nta_5e19_common_primary,NTA 5e19 common-primary state,top_primary,interface_4x,T03_P2_BULK_TRAPS_FORMAL,enabled_symmetric_teaching_top_stack,0.0,0.01,0.0,0.3,bottom_oxide,5e-05,2.5e-06,0.5,25.000000000000004,-0.06559521565936019,
p2_bulk_nta_5e19_common_primary,NTA 5e19 common-primary state,top_primary,interface_4x,T03_P2_BULK_TRAPS_FORMAL,enabled_symmetric_teaching_top_stack,0.0,0.01,0.0,0.3,bottom_oxide,5e-05,2.6250000000000003e-06,0.5,26.250000000000004,-0.06887504813396822,
p2_bulk_nta_5e19_common_primary,NTA 5e19 common-primary state,top_primary,interface_4x,T03_P2_BULK_TRAPS_FORMAL,enabled_symmetric_teaching_top_stack,0.0,0.01,0.0,0.3,bottom_oxide,5e-05,2.75e-06,0.5,27.5,-0.0721548896505626,
p2_bulk_nta_5e19_common_primary,NTA 5e19 common-primary state,top_primary,interface_4x,T03_P2_BULK_TRAPS_FORMAL,enabled_symmetric_teaching_top_stack,0.0,0.01,0.0,0.3,bottom_oxide,5e-05,2.875e-06,0.5,28.75,-0.07543474032290998,
p2_bulk_nta_5e19_common_primary,NTA 5e19 common-primary state,top_primary,interface_4x,T03_P2_BULK_TRAPS_FORMAL,enabled_symmetric_teaching_top_stack,0.0,0.01,0.0,0.3,bottom_oxide,5e-05,3e-06,0.5,30.0,-0.07871460022087196,
p2_bulk_nta_5e19_common_primary,NTA 5e19 common-primary state,top_primary,interface_4x,T03_P2_BULK_TRAPS_FORMAL,enabled_symmetric_teaching_top_stack,0.0,0.01,0.0,0.3,bottom_oxide,7.500000000000001e-05,0.0,0.7500000000000001,0.0,0.0,
p2_bulk_nta_5e19_common_primary,NTA 5e19 common-primary state,top_primary,interface_4x,T03_P2_BULK_TRAPS_FORMAL,enabled_symmetric_teaching_top_stack,0.0,0.01,0.0,0.3,bottom_oxide,7.500000000000001e-05,5.000000000000001e-07,0.7500000000000001,5.000000000000001,-0.013091822409876734,
p2_bulk_nta_5e19_common_primary,NTA 5e19 common-primary state,top_primary,interface_4x,T03_P2_BULK_TRAPS_FORMAL,enabled_symmetric_teaching_top_stack,0.0,0.01,0.0,0.3,bottom_oxide,7.500000000000001e-05,1.0000000000000002e-06,0.7500000000000001,10.000000000000002,-0.026183645036689317,
p2_bulk_nta_5e19_common_primary,NTA 5e19 common-primary state,top_primary,interface_4x,T03_P2_BULK_TRAPS_FORMAL,enabled_symmetric_teaching_top_stack,0.0,0.01,0.0,0.3,bottom_oxide,7.500000000000001e-05,1.5000000000000002e-06,0.7500000000000001,15.000000000000002,-0.03927546808289696,
p2_bulk_nta_5e19_common_primary,NTA 5e19 common-primary state,top_primary,interface_4x,T03_P2_BULK_TRAPS_FORMAL,enabled_symmetric_teaching_top_stack,0.0,0.01,0.0,0.3,bottom_oxide,7.500000000000001e-05,2.0000000000000003e-06,0.7500000000000001,20.000000000000004,-0.05236729172280183,
p2_bulk_nta_5e19_common_primary,NTA 5e19 common-primary state,top_primary,interface_4x,T03_P2_BULK_TRAPS_FORMAL,enabled_symmetric_teaching_top_stack,0.0,0.01,0.0,0.3,bottom_oxide,7.500000000000001e-05,2.1250000000000004e-06,0.7500000000000001,21.250000000000004,-0.05564024774649008,
p2_bulk_nta_5e19_common_primary,NTA 5e19 common-primary state,top_primary,interface_4x,T03_P2_BULK_TRAPS_FORMAL,enabled_symmetric_teaching_top_stack,0.0,0.01,0.0,0.3,bottom_oxide,7.500000000000001e-05,2.2500000000000005e-06,0.7500000000000001,22.500000000000004,-0.05891320381727025,
p2_bulk_nta_5e19_common_primary,NTA 5e19 common-primary state,top_primary,interface_4x,T03_P2_BULK_TRAPS_FORMAL,enabled_symmetric_teaching_top_stack,0.0,0.01,0.0,0.3,bottom_oxide,7.500000000000001e-05,2.375e-06,0.7500000000000001,23.75,-0.062186159936546886,
p2_bulk_nta_5e19_common_primary,NTA 5e19 common-primary state,top_primary,interface_4x,T03_P2_BULK_TRAPS_FORMAL,enabled_symmetric_teaching_top_stack,0.0,0.01,0.0,0.3,bottom_oxide,7.500000000000001e-05,2.5e-06,0.7500000000000001,25.000000000000004,-0.06545911610551539,
p2_bulk_nta_5e19_common_primary,NTA 5e19 common-primary state,top_primary,interface_4x,T03_P2_BULK_TRAPS_FORMAL,enabled_symmetric_teaching_top_stack,0.0,0.01,0.0,0.3,bottom_oxide,7.500000000000001e-05,2.6250000000000003e-06,0.7500000000000001,26.250000000000004,-0.06873207232515612,
p2_bulk_nta_5e19_common_primary,NTA 5e19 common-primary state,top_primary,interface_4x,T03_P2_BULK_TRAPS_FORMAL,enabled_symmetric_teaching_top_stack,0.0,0.01,0.0,0.3,bottom_oxide,7.500000000000001e-05,2.75e-06,0.7500000000000001,27.5,-0.07200502859622963,
p2_bulk_nta_5e19_common_primary,NTA 5e19 common-primary state,top_primary,interface_4x,T03_P2_BULK_TRAPS_FORMAL,enabled_symmetric_teaching_top_stack,0.0,0.01,0.0,0.3,bottom_oxide,7.500000000000001e-05,2.875e-06,0.7500000000000001,28.75,-0.07527798491927282,
p2_bulk_nta_5e19_common_primary,NTA 5e19 common-primary state,top_primary,interface_4x,T03_P2_BULK_TRAPS_FORMAL,enabled_symmetric_teaching_top_stack,0.0,0.01,0.0,0.3,bottom_oxide,7.500000000000001e-05,3e-06,0.7500000000000001,30.0,-0.07855094129459603,
p2_bulk_nta_5e19_common_primary,NTA 5e19 common-primary state,top_primary,interface_4x,T03_P2_BULK_TRAPS_FORMAL,enabled_symmetric_teaching_top_stack,0.0,0.01,0.0,0.3,bottom_oxide,0.0001,0.0,1.0,0.0,0.0,
p2_bulk_nta_5e19_common_primary,NTA 5e19 common-primary state,top_primary,interface_4x,T03_P2_BULK_TRAPS_FORMAL,enabled_symmetric_teaching_top_stack,0.0,0.01,0.0,0.3,bottom_oxide,0.0001,5.000000000000001e-07,1.0,5.000000000000001,-0.013064197827113303,
p2_bulk_nta_5e19_common_primary,NTA 5e19 common-primary state,top_primary,interface_4x,T03_P2_BULK_TRAPS_FORMAL,enabled_symmetric_teaching_top_stack,0.0,0.01,0.0,0.3,bottom_oxide,0.0001,1.0000000000000002e-06,1.0,10.000000000000002,-0.026128395680438135,
p2_bulk_nta_5e19_common_primary,NTA 5e19 common-primary state,top_primary,interface_4x,T03_P2_BULK_TRAPS_FORMAL,enabled_symmetric_teaching_top_stack,0.0,0.01,0.0,0.3,bottom_oxide,0.0001,1.5000000000000002e-06,1.0,15.000000000000002,-0.039192593586110026,
p2_bulk_nta_5e19_common_primary,NTA 5e19 common-primary state,top_primary,interface_4x,T03_P2_BULK_TRAPS_FORMAL,enabled_symmetric_teaching_top_stack,0.0,0.01,0.0,0.3,bottom_oxide,0.0001,2.0000000000000003e-06,1.0,20.000000000000004,-0.0522567915701183,
p2_bulk_nta_5e19_common_primary,NTA 5e19 common-primary state,top_primary,interface_4x,T03_P2_BULK_TRAPS_FORMAL,enabled_symmetric_teaching_top_stack,0.0,0.01,0.0,0.3,bottom_oxide,0.0001,2.1250000000000004e-06,1.0,21.250000000000004,-0.05552284108238916,
p2_bulk_nta_5e19_common_primary,NTA 5e19 common-primary state,top_primary,interface_4x,T03_P2_BULK_TRAPS_FORMAL,enabled_symmetric_teaching_top_stack,0.0,0.01,0.0,0.3,bottom_oxide,0.0001,2.2500000000000005e-06,1.0,22.500000000000004,-0.05878889060156799,
p2_bulk_nta_5e19_common_primary,NTA 5e19 common-primary state,top_primary,interface_4x,T03_P2_BULK_TRAPS_FORMAL,enabled_symmetric_teaching_top_stack,0.0,0.01,0.0,0.3,bottom_oxide,0.0001,2.375e-06,1.0,23.75,-0.06205494012805422,
p2_bulk_nta_5e19_common_primary,NTA 5e19 common-primary state,top_primary,interface_4x,T03_P2_BULK_TRAPS_FORMAL,enabled_symmetric_teaching_top_stack,0.0,0.01,0.0,0.3,bottom_oxide,0.0001,2.5e-06,1.0,25.000000000000004,-0.0653209896622463,
p2_bulk_nta_5e19_common_primary,NTA 5e19 common-primary state,top_primary,interface_4x,T03_P2_BULK_TRAPS_FORMAL,enabled_symmetric_teaching_top_stack,0.0,0.01,0.0,0.3,bottom_oxide,0.0001,2.6250000000000003e-06,1.0,26.250000000000004,-0.06858703920454158,
p2_bulk_nta_5e19_common_primary,NTA 5e19 common-primary state,top_primary,interface_4x,T03_P2_BULK_TRAPS_FORMAL,enabled_symmetric_teaching_top_stack,0.0,0.01,0.0,0.3,bottom_oxide,0.0001,2.75e-06,1.0,27.5,-0.07185308875533637,
p2_bulk_nta_5e19_common_primary,NTA 5e19 common-primary state,top_primary,interface_4x,T03_P2_BULK_TRAPS_FORMAL,enabled_symmetric_teaching_top_stack,0.0,0.01,0.0,0.3,bottom_oxide,0.0001,2.875e-06,1.0,28.75,-0.07511913831502595,
p2_bulk_nta_5e19_common_primary,NTA 5e19 common-primary state,top_primary,interface_4x,T03_P2_BULK_TRAPS_FORMAL,enabled_symmetric_teaching_top_stack,0.0,0.01,0.0,0.3,bottom_oxide,0.0001,3e-06,1.0,30.0,-0.07838518788400445,
p2_bulk_nta_5e19_common_primary,NTA 5e19 common-primary state,top_primary,interface_4x,T03_P2_BULK_TRAPS_FORMAL,enabled_symmetric_teaching_top_stack,0.0,0.01,0.0,0.3,bottom_oxide,0.000125,0.0,1.25,0.0,0.0,
p2_bulk_nta_5e19_common_primary,NTA 5e19 common-primary state,top_primary,interface_4x,T03_P2_BULK_TRAPS_FORMAL,enabled_symmetric_teaching_top_stack,0.0,0.01,0.0,0.3,bottom_oxide,0.000125,5.000000000000001e-07,1.25,5.000000000000001,-0.013036507715531824,
p2_bulk_nta_5e19_common_primary,NTA 5e19 common-primary state,top_primary,interface_4x,T03_P2_BULK_TRAPS_FORMAL,enabled_symmetric_teaching_top_stack,0.0,0.01,0.0,0.3,bottom_oxide,0.000125,1.0000000000000002e-06,1.25,10.000000000000002,-0.026073015456517645,
p2_bulk_nta_5e19_common_primary,NTA 5e19 common-primary state,top_primary,interface_4x,T03_P2_BULK_TRAPS_FORMAL,enabled_symmetric_teaching_top_stack,0.0,0.01,0.0,0.3,bottom_oxide,0.000125,1.5000000000000002e-06,1.25,15.000000000000002,-0.0391095232484111,
p2_bulk_nta_5e19_common_primary,NTA 5e19 common-primary state,top_primary,interface_4x,T03_P2_BULK_TRAPS_FORMAL,enabled_symmetric_teaching_top_stack,0.0,0.01,0.0,0.3,bottom_oxide,0.000125,2.0000000000000003e-06,1.25,20.000000000000004,-0.05214603111666514,
p2_bulk_nta_5e19_common_primary,NTA 5e19 common-primary state,top_primary,interface_4x,T03_P2_BULK_TRAPS_FORMAL,enabled_symmetric_teaching_top_stack,0.0,0.01,0.0,0.3,bottom_oxide,0.000125,2.1250000000000004e-06,1.25,21.250000000000004,-0.05540515809963687,
p2_bulk_nta_5e19_common_primary,NTA 5e19 common-primary state,top_primary,interface_4x,T03_P2_BULK_TRAPS_FORMAL,enabled_symmetric_teaching_top_stack,0.0,0.01,0.0,0.3,bottom_oxide,0.000125,2.2500000000000005e-06,1.25,22.500000000000004,-0.058664285089369564,
p2_bulk_nta_5e19_common_primary,NTA 5e19 common-primary state,top_primary,interface_4x,T03_P2_BULK_TRAPS_FORMAL,enabled_symmetric_teaching_top_stack,0.0,0.01,0.0,0.3,bottom_oxide,0.000125,2.375e-06,1.25,23.75,-0.061923412086260884,
p2_bulk_nta_5e19_common_primary,NTA 5e19 common-primary state,top_primary,interface_4x,T03_P2_BULK_TRAPS_FORMAL,enabled_symmetric_teaching_top_stack,0.0,0.01,0.0,0.3,bottom_oxide,0.000125,2.5e-06,1.25,25.000000000000004,-0.06518253909070852,
p2_bulk_nta_5e19_common_primary,NTA 5e19 common-primary state,top_primary,interface_4x,T03_P2_BULK_TRAPS_FORMAL,enabled_symmetric_teaching_top_stack,0.0,0.01,0.0,0.3,bottom_oxide,0.000125,2.6250000000000003e-06,1.25,26.250000000000004,-0.06844166610311012,
p2_bulk_nta_5e19_common_primary,NTA 5e19 common-primary state,top_primary,interface_4x,T03_P2_BULK_TRAPS_FORMAL,enabled_symmetric_teaching_top_stack,0.0,0.01,0.0,0.3,bottom_oxide,0.000125,2.75e-06,1.25,27.5,-0.07170079312386334,
p2_bulk_nta_5e19_common_primary,NTA 5e19 common-primary state,top_primary,interface_4x,T03_P2_BULK_TRAPS_FORMAL,enabled_symmetric_teaching_top_stack,0.0,0.01,0.0,0.3,bottom_oxide,0.000125,2.875e-06,1.25,28.75,-0.07495992015336583,
p2_bulk_nta_5e19_common_primary,NTA 5e19 common-primary state,top_primary,interface_4x,T03_P2_BULK_TRAPS_FORMAL,enabled_symmetric_teaching_top_stack,0.0,0.01,0.0,0.3,bottom_oxide,0.000125,3e-06,1.25,30.0,-0.07821904719201526,
p2_bulk_nta_5e19_common_primary,NTA 5e19 common-primary state,top_primary,interface_4x,T03_P2_BULK_TRAPS_FORMAL,enabled_symmetric_teaching_top_stack,0.0,0.01,0.0,0.3,bottom_oxide,0.00015000000000000001,0.0,1.5000000000000002,0.0,0.0,
p2_bulk_nta_5e19_common_primary,NTA 5e19 common-primary state,top_primary,interface_4x,T03_P2_BULK_TRAPS_FORMAL,enabled_symmetric_teaching_top_stack,0.0,0.01,0.0,0.3,bottom_oxide,0.00015000000000000001,5.000000000000001e-07,1.5000000000000002,5.000000000000001,-0.0130087539689625,
p2_bulk_nta_5e19_common_primary,NTA 5e19 common-primary state,top_primary,interface_4x,T03_P2_BULK_TRAPS_FORMAL,enabled_symmetric_teaching_top_stack,0.0,0.01,0.0,0.3,bottom_oxide,0.00015000000000000001,1.0000000000000002e-06,1.5000000000000002,10.000000000000002,-0.026017507963511374,
p2_bulk_nta_5e19_common_primary,NTA 5e19 common-primary state,top_primary,interface_4x,T03_P2_BULK_TRAPS_FORMAL,enabled_symmetric_teaching_top_stack,0.0,0.01,0.0,0.3,bottom_oxide,0.00015000000000000001,1.5000000000000002e-06,1.5000000000000002,15.000000000000002,-0.039026262009232995,
p2_bulk_nta_5e19_common_primary,NTA 5e19 common-primary state,top_primary,interface_4x,T03_P2_BULK_TRAPS_FORMAL,enabled_symmetric_teaching_top_stack,0.0,0.01,0.0,0.3,bottom_oxide,0.00015000000000000001,2.0000000000000003e-06,1.5000000000000002,20.000000000000004,-0.052035016131713734,
p2_bulk_nta_5e19_common_primary,NTA 5e19 common-primary state,top_primary,interface_4x,T03_P2_BULK_TRAPS_FORMAL,enabled_symmetric_teaching_top_stack,0.0,0.01,0.0,0.3,bottom_oxide,0.00015000000000000001,2.1250000000000004e-06,1.5000000000000002,21.250000000000004,-0.0552872046783254,
p2_bulk_nta_5e19_common_primary,NTA 5e19 common-primary state,top_primary,interface_4x,T03_P2_BULK_TRAPS_FORMAL,enabled_symmetric_teaching_top_stack,0.0,0.01,0.0,0.3,bottom_oxide,0.00015000000000000001,2.2500000000000005e-06,1.5000000000000002,22.500000000000004,-0.05853939323173345,
p2_bulk_nta_5e19_common_primary,NTA 5e19 common-primary state,top_primary,interface_4x,T03_P2_BULK_TRAPS_FORMAL,enabled_symmetric_teaching_top_stack,0.0,0.01,0.0,0.3,bottom_oxide,0.00015000000000000001,2.375e-06,1.5000000000000002,23.75,-0.06179158179233765,
p2_bulk_nta_5e19_common_primary,NTA 5e19 common-primary state,top_primary,interface_4x,T03_P2_BULK_TRAPS_FORMAL,enabled_symmetric_teaching_top_stack,0.0,0.01,0.0,0.3,bottom_oxide,0.00015000000000000001,2.5e-06,1.5000000000000002,25.000000000000004,-0.06504377036053782,
p2_bulk_nta_5e19_common_primary,NTA 5e19 common-primary state,top_primary,interface_4x,T03_P2_BULK_TRAPS_FORMAL,enabled_symmetric_teaching_top_stack,0.0,0.01,0.0,0.3,bottom_oxide,0.00015000000000000001,2.6250000000000003e-06,1.5000000000000002,26.250000000000004,-0.06829595893673372,
p2_bulk_nta_5e19_common_primary,NTA 5e19 common-primary state,top_primary,interface_4x,T03_P2_BULK_TRAPS_FORMAL,enabled_symmetric_teaching_top_stack,0.0,0.01,0.0,0.3,bottom_oxide,0.00015000000000000001,2.75e-06,1.5000000000000002,27.5,-0.07154814752132514,
p2_bulk_nta_5e19_common_primary,NTA 5e19 common-primary state,top_primary,interface_4x,T03_P2_BULK_TRAPS_FORMAL,enabled_symmetric_teaching_top_stack,0.0,0.01,0.0,0.3,bottom_oxide,0.00015000000000000001,2.875e-06,1.5000000000000002,28.75,-0.07480033611471189,
p2_bulk_nta_5e19_common_primary,NTA 5e19 common-primary state,top_primary,interface_4x,T03_P2_BULK_TRAPS_FORMAL,enabled_symmetric_teaching_top_stack,0.0,0.01,0.0,0.3,bottom_oxide,0.00015000000000000001,3e-06,1.5000000000000002,30.0,-0.07805252471729374,
p2_bulk_nta_5e19_common_primary,NTA 5e19 common-primary state,top_primary,interface_4x,T03_P2_BULK_TRAPS_FORMAL,enabled_symmetric_teaching_top_stack,0.0,0.01,0.0,0.3,bottom_oxide,0.000175,0.0,1.75,0.0,0.0,
p2_bulk_nta_5e19_common_primary,NTA 5e19 common-primary state,top_primary,interface_4x,T03_P2_BULK_TRAPS_FORMAL,enabled_symmetric_teaching_top_stack,0.0,0.01,0.0,0.3,bottom_oxide,0.000175,5.000000000000001e-07,1.75,5.000000000000001,-0.012980936256455711,
p2_bulk_nta_5e19_common_primary,NTA 5e19 common-primary state,top_primary,interface_4x,T03_P2_BULK_TRAPS_FORMAL,enabled_symmetric_teaching_top_stack,0.0,0.01,0.0,0.3,bottom_oxide,0.000175,1.0000000000000002e-06,1.75,10.000000000000002,-0.02596187253863526,
p2_bulk_nta_5e19_common_primary,NTA 5e19 common-primary state,top_primary,interface_4x,T03_P2_BULK_TRAPS_FORMAL,enabled_symmetric_teaching_top_stack,0.0,0.01,0.0,0.3,bottom_oxide,0.000175,1.5000000000000002e-06,1.75,15.000000000000002,-0.03894280887226248,
p2_bulk_nta_5e19_common_primary,NTA 5e19 common-primary state,top_primary,interface_4x,T03_P2_BULK_TRAPS_FORMAL,enabled_symmetric_teaching_top_stack,0.0,0.01,0.0,0.3,bottom_oxide,0.000175,2.0000000000000003e-06,1.75,20.000000000000004,-0.05192374528306121,
p2_bulk_nta_5e19_common_primary,NTA 5e19 common-primary state,top_primary,interface_4x,T03_P2_BULK_TRAPS_FORMAL,enabled_symmetric_teaching_top_stack,0.0,0.01,0.0,0.3,bottom_oxide,0.000175,2.1250000000000004e-06,1.75,21.250000000000004,-0.05516897940183829,
p2_bulk_nta_5e19_common_primary,NTA 5e19 common-primary state,top_primary,interface_4x,T03_P2_BULK_TRAPS_FORMAL,enabled_symmetric_teaching_top_stack,0.0,0.01,0.0,0.3,bottom_oxide,0.000175,2.2500000000000005e-06,1.75,22.500000000000004,-0.058414213527448265,
p2_bulk_nta_5e19_common_primary,NTA 5e19 common-primary state,top_primary,interface_4x,T03_P2_BULK_TRAPS_FORMAL,enabled_symmetric_teaching_top_stack,0.0,0.01,0.0,0.3,bottom_oxide,0.000175,2.375e-06,1.75,23.75,-0.061659447660293056,
p2_bulk_nta_5e19_common_primary,NTA 5e19 common-primary state,top_primary,interface_4x,T03_P2_BULK_TRAPS_FORMAL,enabled_symmetric_teaching_top_stack,0.0,0.01,0.0,0.3,bottom_oxide,0.000175,2.5e-06,1.75,25.000000000000004,-0.06490468180077462,
p2_bulk_nta_5e19_common_primary,NTA 5e19 common-primary state,top_primary,interface_4x,T03_P2_BULK_TRAPS_FORMAL,enabled_symmetric_teaching_top_stack,0.0,0.01,0.0,0.3,bottom_oxide,0.000175,2.6250000000000003e-06,1.75,26.250000000000004,-0.06814991594929488,
p2_bulk_nta_5e19_common_primary,NTA 5e19 common-primary state,top_primary,interface_4x,T03_P2_BULK_TRAPS_FORMAL,enabled_symmetric_teaching_top_stack,0.0,0.01,0.0,0.3,bottom_oxide,0.000175,2.75e-06,1.75,27.5,-0.07139515010625577,
p2_bulk_nta_5e19_common_primary,NTA 5e19 common-primary state,top_primary,interface_4x,T03_P2_BULK_TRAPS_FORMAL,enabled_symmetric_teaching_top_stack,0.0,0.01,0.0,0.3,bottom_oxide,0.000175,2.875e-06,1.75,28.75,-0.07464038427205924,
p2_bulk_nta_5e19_common_primary,NTA 5e19 common-primary state,top_primary,interface_4x,T03_P2_BULK_TRAPS_FORMAL,enabled_symmetric_teaching_top_stack,0.0,0.01,0.0,0.3,bottom_oxide,0.000175,3e-06,1.75,30.0,-0.07788561844710722,
p2_bulk_nta_5e19_common_primary,NTA 5e19 common-primary state,top_primary,interface_4x,T03_P2_BULK_TRAPS_FORMAL,enabled_symmetric_teaching_top_stack,0.0,0.01,0.0,0.3,bottom_oxide,0.0002,0.0,2.0,0.0,0.0,
p2_bulk_nta_5e19_common_primary,NTA 5e19 common-primary state,top_primary,interface_4x,T03_P2_BULK_TRAPS_FORMAL,enabled_symmetric_teaching_top_stack,0.0,0.01,0.0,0.3,bottom_oxide,0.0002,5.000000000000001e-07,2.0,5.000000000000001,-0.012953054234356859,
p2_bulk_nta_5e19_common_primary,NTA 5e19 common-primary state,top_primary,interface_4x,T03_P2_BULK_TRAPS_FORMAL,enabled_symmetric_teaching_top_stack,0.0,0.01,0.0,0.3,bottom_oxide,0.0002,1.0000000000000002e-06,2.0,10.000000000000002,-0.0259061084945762,
p2_bulk_nta_5e19_common_primary,NTA 5e19 common-primary state,top_primary,interface_4x,T03_P2_BULK_TRAPS_FORMAL,enabled_symmetric_teaching_top_stack,0.0,0.01,0.0,0.3,bottom_oxide,0.0002,1.5000000000000002e-06,2.0,15.000000000000002,-0.0388591628065205,
p2_bulk_nta_5e19_common_primary,NTA 5e19 common-primary state,top_primary,interface_4x,T03_P2_BULK_TRAPS_FORMAL,enabled_symmetric_teaching_top_stack,0.0,0.01,0.0,0.3,bottom_oxide,0.0002,2.0000000000000003e-06,2.0,20.000000000000004,-0.05181221719605224,
p2_bulk_nta_5e19_common_primary,NTA 5e19 common-primary state,top_primary,interface_4x,T03_P2_BULK_TRAPS_FORMAL,enabled_symmetric_teaching_top_stack,0.0,0.01,0.0,0.3,bottom_oxide,0.0002,2.1250000000000004e-06,2.0,21.250000000000004,-0.05505048080959922,
p2_bulk_nta_5e19_common_primary,NTA 5e19 common-primary state,top_primary,interface_4x,T03_P2_BULK_TRAPS_FORMAL,enabled_symmetric_teaching_top_stack,0.0,0.01,0.0,0.3,bottom_oxide,0.0002,2.2500000000000005e-06,2.0,22.500000000000004,-0.05828874443001593,
p2_bulk_nta_5e19_common_primary,NTA 5e19 common-primary state,top_primary,interface_4x,T03_P2_BULK_TRAPS_FORMAL,enabled_symmetric_teaching_top_stack,0.0,0.01,0.0,0.3,bottom_oxide,0.0002,2.375e-06,2.0,23.75,-0.061527008057706445,
p2_bulk_nta_5e19_common_primary,NTA 5e19 common-primary state,top_primary,interface_4x,T03_P2_BULK_TRAPS_FORMAL,enabled_symmetric_teaching_top_stack,0.0,0.01,0.0,0.3,bottom_oxide,0.0002,2.5e-06,2.0,25.000000000000004,-0.0647652716930749,
p2_bulk_nta_5e19_common_primary,NTA 5e19 common-primary state,top_primary,interface_4x,T03_P2_BULK_TRAPS_FORMAL,enabled_symmetric_teaching_top_stack,0.0,0.01,0.0,0.3,bottom_oxide,0.0002,2.6250000000000003e-06,2.0,26.250000000000004,-0.06800353533652537,
p2_bulk_nta_5e19_common_primary,NTA 5e19 common-primary state,top_primary,interface_4x,T03_P2_BULK_TRAPS_FORMAL,enabled_symmetric_teaching_top_stack,0.0,0.01,0.0,0.3,bottom_oxide,0.0002,2.75e-06,2.0,27.5,-0.07124179898846196,
p2_bulk_nta_5e19_common_primary,NTA 5e19 common-primary state,top_primary,interface_4x,T03_P2_BULK_TRAPS_FORMAL,enabled_symmetric_teaching_top_stack,0.0,0.01,0.0,0.3,bottom_oxide,0.0002,2.875e-06,2.0,28.75,-0.07448006264928879,
p2_bulk_nta_5e19_common_primary,NTA 5e19 common-primary state,top_primary,interface_4x,T03_P2_BULK_TRAPS_FORMAL,enabled_symmetric_teaching_top_stack,0.0,0.01,0.0,0.3,bottom_oxide,0.0002,3e-06,2.0,30.0,-0.07771832631940995,
p2_bulk_nta_5e19_common_primary,NTA 5e19 common-primary state,top_primary,interface_4x,T03_P2_BULK_TRAPS_FORMAL,enabled_symmetric_teaching_top_stack,0.0,0.01,0.0,0.3,bottom_oxide,0.00022500000000000002,0.0,2.25,0.0,0.0,
p2_bulk_nta_5e19_common_primary,NTA 5e19 common-primary state,top_primary,interface_4x,T03_P2_BULK_TRAPS_FORMAL,enabled_symmetric_teaching_top_stack,0.0,0.01,0.0,0.3,bottom_oxide,0.00022500000000000002,5.000000000000001e-07,2.25,5.000000000000001,-0.012925107556058656,
p2_bulk_nta_5e19_common_primary,NTA 5e19 common-primary state,top_primary,interface_4x,T03_P2_BULK_TRAPS_FORMAL,enabled_symmetric_teaching_top_stack,0.0,0.01,0.0,0.3,bottom_oxide,0.00022500000000000002,1.0000000000000002e-06,2.25,10.000000000000002,-0.025850215138119612,
p2_bulk_nta_5e19_common_primary,NTA 5e19 common-primary state,top_primary,interface_4x,T03_P2_BULK_TRAPS_FORMAL,enabled_symmetric_teaching_top_stack,0.0,0.01,0.0,0.3,bottom_oxide,0.00022500000000000002,1.5000000000000002e-06,2.25,15.000000000000002,-0.038775322772185164,
p2_bulk_nta_5e19_common_primary,NTA 5e19 common-primary state,top_primary,interface_4x,T03_P2_BULK_TRAPS_FORMAL,enabled_symmetric_teaching_top_stack,0.0,0.01,0.0,0.3,bottom_oxide,0.00022500000000000002,2.0000000000000003e-06,2.25,20.000000000000004,-0.05170043048425762,
p2_bulk_nta_5e19_common_primary,NTA 5e19 common-primary state,top_primary,interface_4x,T03_P2_BULK_TRAPS_FORMAL,enabled_symmetric_teaching_top_stack,0.0,0.01,0.0,0.3,bottom_oxide,0.00022500000000000002,2.1250000000000004e-06,2.25,21.250000000000004,-0.054931707428527175,
p2_bulk_nta_5e19_common_primary,NTA 5e19 common-primary state,top_primary,interface_4x,T03_P2_BULK_TRAPS_FORMAL,enabled_symmetric_teaching_top_stack,0.0,0.01,0.0,0.3,bottom_oxide,0.00022500000000000002,2.2500000000000005e-06,2.25,22.500000000000004,-0.05816298437970359,
p2_bulk_nta_5e19_common_primary,NTA 5e19 common-primary state,top_primary,interface_4x,T03_P2_BULK_TRAPS_FORMAL,enabled_symmetric_teaching_top_stack,0.0,0.01,0.0,0.3,bottom_oxide,0.00022500000000000002,2.375e-06,2.25,23.75,-0.06139426133819313,
p2_bulk_nta_5e19_common_primary,NTA 5e19 common-primary state,top_primary,interface_4x,T03_P2_BULK_TRAPS_FORMAL,enabled_symmetric_teaching_top_stack,0.0,0.01,0.0,0.3,bottom_oxide,0.00022500000000000002,2.5e-06,2.25,25.000000000000004,-0.06462553830440212,
p2_bulk_nta_5e19_common_primary,NTA 5e19 common-primary state,top_primary,interface_4x,T03_P2_BULK_TRAPS_FORMAL,enabled_symmetric_teaching_top_stack,0.0,0.01,0.0,0.3,bottom_oxide,0.00022500000000000002,2.6250000000000003e-06,2.25,26.250000000000004,-0.06785681527873684,
p2_bulk_nta_5e19_common_primary,NTA 5e19 common-primary state,top_primary,interface_4x,T03_P2_BULK_TRAPS_FORMAL,enabled_symmetric_teaching_top_stack,0.0,0.01,0.0,0.3,bottom_oxide,0.00022500000000000002,2.75e-06,2.25,27.5,-0.07108809226160354,
p2_bulk_nta_5e19_common_primary,NTA 5e19 common-primary state,top_primary,interface_4x,T03_P2_BULK_TRAPS_FORMAL,enabled_symmetric_teaching_top_stack,0.0,0.01,0.0,0.3,bottom_oxide,0.00022500000000000002,2.875e-06,2.25,28.75,-0.07431936925340854,
p2_bulk_nta_5e19_common_primary,NTA 5e19 common-primary state,top_primary,interface_4x,T03_P2_BULK_TRAPS_FORMAL,enabled_symmetric_teaching_top_stack,0.0,0.01,0.0,0.3,bottom_oxide,0.00022500000000000002,3e-06,2.25,30.0,-0.07755064625455813,
p2_bulk_nta_5e19_common_primary,NTA 5e19 common-primary state,top_primary,interface_4x,T03_P2_BULK_TRAPS_FORMAL,enabled_symmetric_teaching_top_stack,0.0,0.01,0.0,0.3,bottom_oxide,0.00025,0.0,2.5,0.0,0.0,
p2_bulk_nta_5e19_common_primary,NTA 5e19 common-primary state,top_primary,interface_4x,T03_P2_BULK_TRAPS_FORMAL,enabled_symmetric_teaching_top_stack,0.0,0.01,0.0,0.3,bottom_oxide,0.00025,5.000000000000001e-07,2.5,5.000000000000001,-0.012897095872009408,
p2_bulk_nta_5e19_common_primary,NTA 5e19 common-primary state,top_primary,interface_4x,T03_P2_BULK_TRAPS_FORMAL,enabled_symmetric_teaching_top_stack,0.0,0.01,0.0,0.3,bottom_oxide,0.00025,1.0000000000000002e-06,2.5,10.000000000000002,-0.02579419177016213,
p2_bulk_nta_5e19_common_primary,NTA 5e19 common-primary state,top_primary,interface_4x,T03_P2_BULK_TRAPS_FORMAL,enabled_symmetric_teaching_top_stack,0.0,0.01,0.0,0.3,bottom_oxide,0.00025,1.5000000000000002e-06,2.5,15.000000000000002,-0.03869128772060147,
p2_bulk_nta_5e19_common_primary,NTA 5e19 common-primary state,top_primary,interface_4x,T03_P2_BULK_TRAPS_FORMAL,enabled_symmetric_teaching_top_stack,0.0,0.01,0.0,0.3,bottom_oxide,0.00025,2.0000000000000003e-06,2.5,20.000000000000004,-0.05158838374947075,
p2_bulk_nta_5e19_common_primary,NTA 5e19 common-primary state,top_primary,interface_4x,T03_P2_BULK_TRAPS_FORMAL,enabled_symmetric_teaching_top_stack,0.0,0.01,0.0,0.3,bottom_oxide,0.00025,2.1250000000000004e-06,2.5,21.250000000000004,-0.05481265777302764,
p2_bulk_nta_5e19_common_primary,NTA 5e19 common-primary state,top_primary,interface_4x,T03_P2_BULK_TRAPS_FORMAL,enabled_symmetric_teaching_top_stack,0.0,0.01,0.0,0.3,bottom_oxide,0.00025,2.2500000000000005e-06,2.5,22.500000000000004,-0.058036931803528855,
p2_bulk_nta_5e19_common_primary,NTA 5e19 common-primary state,top_primary,interface_4x,T03_P2_BULK_TRAPS_FORMAL,enabled_symmetric_teaching_top_stack,0.0,0.01,0.0,0.3,bottom_oxide,0.00025,2.375e-06,2.5,23.75,-0.06126120584138286,
p2_bulk_nta_5e19_common_primary,NTA 5e19 common-primary state,top_primary,interface_4x,T03_P2_BULK_TRAPS_FORMAL,enabled_symmetric_teaching_top_stack,0.0,0.01,0.0,0.3,bottom_oxide,0.00025,2.5e-06,2.5,25.000000000000004,-0.06448547988699817,
p2_bulk_nta_5e19_common_primary,NTA 5e19 common-primary state,top_primary,interface_4x,T03_P2_BULK_TRAPS_FORMAL,enabled_symmetric_teaching_top_stack,0.0,0.01,0.0,0.3,bottom_oxide,0.00025,2.6250000000000003e-06,2.5,26.250000000000004,-0.06770975394078325,
p2_bulk_nta_5e19_common_primary,NTA 5e19 common-primary state,top_primary,interface_4x,T03_P2_BULK_TRAPS_FORMAL,enabled_symmetric_teaching_top_stack,0.0,0.01,0.0,0.3,bottom_oxide,0.00025,2.75e-06,2.5,27.5,-0.07093402800314662,
p2_bulk_nta_5e19_common_primary,NTA 5e19 common-primary state,top_primary,interface_4x,T03_P2_BULK_TRAPS_FORMAL,enabled_symmetric_teaching_top_stack,0.0,0.01,0.0,0.3,bottom_oxide,0.00025,2.875e-06,2.5,28.75,-0.07415830207449675,
p2_bulk_nta_5e19_common_primary,NTA 5e19 common-primary state,top_primary,interface_4x,T03_P2_BULK_TRAPS_FORMAL,enabled_symmetric_teaching_top_stack,0.0,0.01,0.0,0.3,bottom_oxide,0.00025,3e-06,2.5,30.0,-0.07738257615524213,
p2_bulk_nta_5e19_common_primary,NTA 5e19 common-primary state,top_primary,interface_4x,T03_P2_BULK_TRAPS_FORMAL,enabled_symmetric_teaching_top_stack,0.0,0.01,0.0,0.3,bottom_oxide,0.00027499999999999996,0.0,2.7499999999999996,0.0,0.0,
p2_bulk_nta_5e19_common_primary,NTA 5e19 common-primary state,top_primary,interface_4x,T03_P2_BULK_TRAPS_FORMAL,enabled_symmetric_teaching_top_stack,0.0,0.01,0.0,0.3,bottom_oxide,0.00027499999999999996,5.000000000000001e-07,2.7499999999999996,5.000000000000001,-0.012869018829679007,
p2_bulk_nta_5e19_common_primary,NTA 5e19 common-primary state,top_primary,interface_4x,T03_P2_BULK_TRAPS_FORMAL,enabled_symmetric_teaching_top_stack,0.0,0.01,0.0,0.3,bottom_oxide,0.00027499999999999996,1.0000000000000002e-06,2.7499999999999996,10.000000000000002,-0.025738037685643547,
p2_bulk_nta_5e19_common_primary,NTA 5e19 common-primary state,top_primary,interface_4x,T03_P2_BULK_TRAPS_FORMAL,enabled_symmetric_teaching_top_stack,0.0,0.01,0.0,0.3,bottom_oxide,0.00027499999999999996,1.5000000000000002e-06,2.7499999999999996,15.000000000000002,-0.038607056594179144,
p2_bulk_nta_5e19_common_primary,NTA 5e19 common-primary state,top_primary,interface_4x,T03_P2_BULK_TRAPS_FORMAL,enabled_symmetric_teaching_top_stack,0.0,0.01,0.0,0.3,bottom_oxide,0.00027499999999999996,2.0000000000000003e-06,2.7499999999999996,20.000000000000004,-0.051476075581571336,
p2_bulk_nta_5e19_common_primary,NTA 5e19 common-primary state,top_primary,interface_4x,T03_P2_BULK_TRAPS_FORMAL,enabled_symmetric_teaching_top_stack,0.0,0.01,0.0,0.3,bottom_oxide,0.00027499999999999996,2.1250000000000004e-06,2.7499999999999996,21.250000000000004,-0.054693330344847836,
p2_bulk_nta_5e19_common_primary,NTA 5e19 common-primary state,top_primary,interface_4x,T03_P2_BULK_TRAPS_FORMAL,enabled_symmetric_teaching_top_stack,0.0,0.01,0.0,0.3,bottom_oxide,0.00027499999999999996,2.2500000000000005e-06,2.7499999999999996,22.500000000000004,-0.05791058511510643,
p2_bulk_nta_5e19_common_primary,NTA 5e19 common-primary state,top_primary,interface_4x,T03_P2_BULK_TRAPS_FORMAL,enabled_symmetric_teaching_top_stack,0.0,0.01,0.0,0.3,bottom_oxide,0.00027499999999999996,2.375e-06,2.7499999999999996,23.75,-0.06112783989275782,
p2_bulk_nta_5e19_common_primary,NTA 5e19 common-primary state,top_primary,interface_4x,T03_P2_BULK_TRAPS_FORMAL,enabled_symmetric_teaching_top_stack,0.0,0.01,0.0,0.3,bottom_oxide,0.00027499999999999996,2.5e-06,2.7499999999999996,25.000000000000004,-0.06434509467821274,
p2_bulk_nta_5e19_common_primary,NTA 5e19 common-primary state,top_primary,interface_4x,T03_P2_BULK_TRAPS_FORMAL,enabled_symmetric_teaching_top_stack,0.0,0.01,0.0,0.3,bottom_oxide,0.00027499999999999996,2.6250000000000003e-06,2.7499999999999996,26.250000000000004,-0.06756234947188189,
p2_bulk_nta_5e19_common_primary,NTA 5e19 common-primary state,top_primary,interface_4x,T03_P2_BULK_TRAPS_FORMAL,enabled_symmetric_teaching_top_stack,0.0,0.01,0.0,0.3,bottom_oxide,0.00027499999999999996,2.75e-06,2.7499999999999996,27.5,-0.07077960427417596,
p2_bulk_nta_5e19_common_primary,NTA 5e19 common-primary state,top_primary,interface_4x,T03_P2_BULK_TRAPS_FORMAL,enabled_symmetric_teaching_top_stack,0.0,0.01,0.0,0.3,bottom_oxide,0.00027499999999999996,2.875e-06,2.7499999999999996,28.75,-0.0739968590855057,
p2_bulk_nta_5e19_common_primary,NTA 5e19 common-primary state,top_primary,interface_4x,T03_P2_BULK_TRAPS_FORMAL,enabled_symmetric_teaching_top_stack,0.0,0.01,0.0,0.3,bottom_oxide,0.00027499999999999996,3e-06,2.7499999999999996,30.0,-0.07721411390628179,
p2_bulk_nta_5e19_common_primary,NTA 5e19 common-primary state,top_primary,interface_4x,T03_P2_BULK_TRAPS_FORMAL,enabled_symmetric_teaching_top_stack,0.0,0.01,0.0,0.3,bottom_oxide,0.00030000000000000003,0.0,3.0000000000000004,0.0,0.0,
p2_bulk_nta_5e19_common_primary,NTA 5e19 common-primary state,top_primary,interface_4x,T03_P2_BULK_TRAPS_FORMAL,enabled_symmetric_teaching_top_stack,0.0,0.01,0.0,0.3,bottom_oxide,0.00030000000000000003,5.000000000000001e-07,3.0000000000000004,5.000000000000001,-0.012840876073524203,
p2_bulk_nta_5e19_common_primary,NTA 5e19 common-primary state,top_primary,interface_4x,T03_P2_BULK_TRAPS_FORMAL,enabled_symmetric_teaching_top_stack,0.0,0.01,0.0,0.3,bottom_oxide,0.00030000000000000003,1.0000000000000002e-06,3.0000000000000004,10.000000000000002,-0.025681752173477373,
p2_bulk_nta_5e19_common_primary,NTA 5e19 common-primary state,top_primary,interface_4x,T03_P2_BULK_TRAPS_FORMAL,enabled_symmetric_teaching_top_stack,0.0,0.01,0.0,0.3,bottom_oxide,0.00030000000000000003,1.5000000000000002e-06,3.0000000000000004,15.000000000000002,-0.03852262832628848,
p2_bulk_nta_5e19_common_primary,NTA 5e19 common-primary state,top_primary,interface_4x,T03_P2_BULK_TRAPS_FORMAL,enabled_symmetric_teaching_top_stack,0.0,0.01,0.0,0.3,bottom_oxide,0.00030000000000000003,2.0000000000000003e-06,3.0000000000000004,20.000000000000004,-0.05136350455838647,
p2_bulk_nta_5e19_common_primary,NTA 5e19 common-primary state,top_primary,interface_4x,T03_P2_BULK_TRAPS_FORMAL,enabled_symmetric_teaching_top_stack,0.0,0.01,0.0,0.3,bottom_oxide,0.00030000000000000003,2.1250000000000004e-06,3.0000000000000004,21.250000000000004,-0.05457372363292908,
p2_bulk_nta_5e19_common_primary,NTA 5e19 common-primary state,top_primary,interface_4x,T03_P2_BULK_TRAPS_FORMAL,enabled_symmetric_teaching_top_stack,0.0,0.01,0.0,0.3,bottom_oxide,0.00030000000000000003,2.2500000000000005e-06,3.0000000000000004,22.500000000000004,-0.05778394271449188,
p2_bulk_nta_5e19_common_primary,NTA 5e19 common-primary state,top_primary,interface_4x,T03_P2_BULK_TRAPS_FORMAL,enabled_symmetric_teaching_top_stack,0.0,0.01,0.0,0.3,bottom_oxide,0.00030000000000000003,2.375e-06,3.0000000000000004,23.75,-0.060994161803487816,
p2_bulk_nta_5e19_common_primary,NTA 5e19 common-primary state,top_primary,interface_4x,T03_P2_BULK_TRAPS_FORMAL,enabled_symmetric_teaching_top_stack,0.0,0.01,0.0,0.3,bottom_oxide,0.00030000000000000003,2.5e-06,3.0000000000000004,25.000000000000004,-0.06420438090032986,
p2_bulk_nta_5e19_common_primary,NTA 5e19 common-primary state,top_primary,interface_4x,T03_P2_BULK_TRAPS_FORMAL,enabled_symmetric_teaching_top_stack,0.0,0.01,0.0,0.3,bottom_oxide,0.00030000000000000003,2.6250000000000003e-06,3.0000000000000004,26.250000000000004,-0.06741460000543095,
p2_bulk_nta_5e19_common_primary,NTA 5e19 common-primary state,top_primary,interface_4x,T03_P2_BULK_TRAPS_FORMAL,enabled_symmetric_teaching_top_stack,0.0,0.01,0.0,0.3,bottom_oxide,0.00030000000000000003,2.75e-06,3.0000000000000004,27.5,-0.07062481911920404,
p2_bulk_nta_5e19_common_primary,NTA 5e19 common-primary state,top_primary,interface_4x,T03_P2_BULK_TRAPS_FORMAL,enabled_symmetric_teaching_top_stack,0.0,0.01,0.0,0.3,bottom_oxide,0.00030000000000000003,2.875e-06,3.0000000000000004,28.75,-0.0738350382420621,
p2_bulk_nta_5e19_common_primary,NTA 5e19 common-primary state,top_primary,interface_4x,T03_P2_BULK_TRAPS_FORMAL,enabled_symmetric_teaching_top_stack,0.0,0.01,0.0,0.3,bottom_oxide,0.00030000000000000003,3e-06,3.0000000000000004,30.0,-0.07704525737441806,
p2_bulk_nta_5e19_common_primary,NTA 5e19 common-primary state,top_primary,interface_4x,T03_P2_BULK_TRAPS_FORMAL,enabled_symmetric_teaching_top_stack,0.0,0.01,0.0,0.3,bottom_oxide,0.00032500000000000004,0.0,3.2500000000000004,0.0,0.0,
p2_bulk_nta_5e19_common_primary,NTA 5e19 common-primary state,top_primary,interface_4x,T03_P2_BULK_TRAPS_FORMAL,enabled_symmetric_teaching_top_stack,0.0,0.01,0.0,0.3,bottom_oxide,0.00032500000000000004,5.000000000000001e-07,3.2500000000000004,5.000000000000001,-0.012812667244953363,
p2_bulk_nta_5e19_common_primary,NTA 5e19 common-primary state,top_primary,interface_4x,T03_P2_BULK_TRAPS_FORMAL,enabled_symmetric_teaching_top_stack,0.0,0.01,0.0,0.3,bottom_oxide,0.00032500000000000004,1.0000000000000002e-06,3.2500000000000004,10.000000000000002,-0.025625334516480365,
p2_bulk_nta_5e19_common_primary,NTA 5e19 common-primary state,top_primary,interface_4x,T03_P2_BULK_TRAPS_FORMAL,enabled_symmetric_teaching_top_stack,0.0,0.01,0.0,0.3,bottom_oxide,0.00032500000000000004,1.5000000000000002e-06,3.2500000000000004,15.000000000000002,-0.03843800184115464,
p2_bulk_nta_5e19_common_primary,NTA 5e19 common-primary state,top_primary,interface_4x,T03_P2_BULK_TRAPS_FORMAL,enabled_symmetric_teaching_top_stack,0.0,0.01,0.0,0.3,bottom_oxide,0.00032500000000000004,2.0000000000000003e-06,3.2500000000000004,20.000000000000004,-0.05125066924554982,
p2_bulk_nta_5e19_common_primary,NTA 5e19 common-primary state,top_primary,interface_4x,T03_P2_BULK_TRAPS_FORMAL,enabled_symmetric_teaching_top_stack,0.0,0.01,0.0,0.3,bottom_oxide,0.00032500000000000004,2.1250000000000004e-06,3.2500000000000004,21.250000000000004,-0.054453836113257145,
p2_bulk_nta_5e19_common_primary,NTA 5e19 common-primary state,top_primary,interface_4x,T03_P2_BULK_TRAPS_FORMAL,enabled_symmetric_teaching_top_stack,0.0,0.01,0.0,0.3,bottom_oxide,0.00032500000000000004,2.2500000000000005e-06,3.2500000000000004,22.500000000000004,-0.057657002988023086,
p2_bulk_nta_5e19_common_primary,NTA 5e19 common-primary state,top_primary,interface_4x,T03_P2_BULK_TRAPS_FORMAL,enabled_symmetric_teaching_top_stack,0.0,0.01,0.0,0.3,bottom_oxide,0.00032500000000000004,2.375e-06,3.2500000000000004,23.75,-0.06086016987026285,
p2_bulk_nta_5e19_common_primary,NTA 5e19 common-primary state,top_primary,interface_4x,T03_P2_BULK_TRAPS_FORMAL,enabled_symmetric_teaching_top_stack,0.0,0.01,0.0,0.3,bottom_oxide,0.00032500000000000004,2.5e-06,3.2500000000000004,25.000000000000004,-0.06406333676039168,
p2_bulk_nta_5e19_common_primary,NTA 5e19 common-primary state,top_primary,interface_4x,T03_P2_BULK_TRAPS_FORMAL,enabled_symmetric_teaching_top_stack,0.0,0.01,0.0,0.3,bottom_oxide,0.00032500000000000004,2.6250000000000003e-06,3.2500000000000004,26.250000000000004,-0.06726650365882476,
p2_bulk_nta_5e19_common_primary,NTA 5e19 common-primary state,top_primary,interface_4x,T03_P2_BULK_TRAPS_FORMAL,enabled_symmetric_teaching_top_stack,0.0,0.01,0.0,0.3,bottom_oxide,0.00032500000000000004,2.75e-06,3.2500000000000004,27.5,-0.0704696705659773,
p2_bulk_nta_5e19_common_primary,NTA 5e19 common-primary state,top_primary,interface_4x,T03_P2_BULK_TRAPS_FORMAL,enabled_symmetric_teaching_top_stack,0.0,0.01,0.0,0.3,bottom_oxide,0.00032500000000000004,2.875e-06,3.2500000000000004,28.75,-0.07367283748226455,
p2_bulk_nta_5e19_common_primary,NTA 5e19 common-primary state,top_primary,interface_4x,T03_P2_BULK_TRAPS_FORMAL,enabled_symmetric_teaching_top_stack,0.0,0.01,0.0,0.3,bottom_oxide,0.00032500000000000004,3e-06,3.2500000000000004,30.0,-0.0768760044081017,
p2_bulk_nta_5e19_common_primary,NTA 5e19 common-primary state,top_primary,interface_4x,T03_P2_BULK_TRAPS_FORMAL,enabled_symmetric_teaching_top_stack,0.0,0.01,0.0,0.3,bottom_oxide,0.00035,0.0,3.5,0.0,0.0,
p2_bulk_nta_5e19_common_primary,NTA 5e19 common-primary state,top_primary,interface_4x,T03_P2_BULK_TRAPS_FORMAL,enabled_symmetric_teaching_top_stack,0.0,0.01,0.0,0.3,bottom_oxide,0.00035,5.000000000000001e-07,3.5,5.000000000000001,-0.01278439198229073,
p2_bulk_nta_5e19_common_primary,NTA 5e19 common-primary state,top_primary,interface_4x,T03_P2_BULK_TRAPS_FORMAL,enabled_symmetric_teaching_top_stack,0.0,0.01,0.0,0.3,bottom_oxide,0.00035,1.0000000000000002e-06,3.5,10.000000000000002,-0.025568783991301018,
p2_bulk_nta_5e19_common_primary,NTA 5e19 common-primary state,top_primary,interface_4x,T03_P2_BULK_TRAPS_FORMAL,enabled_symmetric_teaching_top_stack,0.0,0.01,0.0,0.3,bottom_oxide,0.00035,1.5000000000000002e-06,3.5,15.000000000000002,-0.03835317605375042,
p2_bulk_nta_5e19_common_primary,NTA 5e19 common-primary state,top_primary,interface_4x,T03_P2_BULK_TRAPS_FORMAL,enabled_symmetric_teaching_top_stack,0.0,0.01,0.0,0.3,bottom_oxide,0.00035,2.0000000000000003e-06,3.5,20.000000000000004,-0.05113756819635848,
p2_bulk_nta_5e19_common_primary,NTA 5e19 common-primary state,top_primary,interface_4x,T03_P2_BULK_TRAPS_FORMAL,enabled_symmetric_teaching_top_stack,0.0,0.01,0.0,0.3,bottom_oxide,0.00035,2.1250000000000004e-06,3.5,21.250000000000004,-0.054333666248710215,
p2_bulk_nta_5e19_common_primary,NTA 5e19 common-primary state,top_primary,interface_4x,T03_P2_BULK_TRAPS_FORMAL,enabled_symmetric_teaching_top_stack,0.0,0.01,0.0,0.3,bottom_oxide,0.00035,2.2500000000000005e-06,3.5,22.500000000000004,-0.057529764308159335,
p2_bulk_nta_5e19_common_primary,NTA 5e19 common-primary state,top_primary,interface_4x,T03_P2_BULK_TRAPS_FORMAL,enabled_symmetric_teaching_top_stack,0.0,0.01,0.0,0.3,bottom_oxide,0.00035,2.375e-06,3.5,23.75,-0.06072586237512331,
p2_bulk_nta_5e19_common_primary,NTA 5e19 common-primary state,top_primary,interface_4x,T03_P2_BULK_TRAPS_FORMAL,enabled_symmetric_teaching_top_stack,0.0,0.01,0.0,0.3,bottom_oxide,0.00035,2.5e-06,3.5,25.000000000000004,-0.06392196045001967,
p2_bulk_nta_5e19_common_primary,NTA 5e19 common-primary state,top_primary,interface_4x,T03_P2_BULK_TRAPS_FORMAL,enabled_symmetric_teaching_top_stack,0.0,0.01,0.0,0.3,bottom_oxide,0.00035,2.6250000000000003e-06,3.5,26.250000000000004,-0.0671180585332659,
p2_bulk_nta_5e19_common_primary,NTA 5e19 common-primary state,top_primary,interface_4x,T03_P2_BULK_TRAPS_FORMAL,enabled_symmetric_teaching_top_stack,0.0,0.01,0.0,0.3,bottom_oxide,0.00035,2.75e-06,3.5,27.5,-0.07031415662527946,
p2_bulk_nta_5e19_common_primary,NTA 5e19 common-primary state,top_primary,interface_4x,T03_P2_BULK_TRAPS_FORMAL,enabled_symmetric_teaching_top_stack,0.0,0.01,0.0,0.3,bottom_oxide,0.00035,2.875e-06,3.5,28.75,-0.07351025472647787,
p2_bulk_nta_5e19_common_primary,NTA 5e19 common-primary state,top_primary,interface_4x,T03_P2_BULK_TRAPS_FORMAL,enabled_symmetric_teaching_top_stack,0.0,0.01,0.0,0.3,bottom_oxide,0.00035,3e-06,3.5,30.0,-0.07670635283727864,
p2_bulk_nta_5e19_common_primary,NTA 5e19 common-primary state,top_primary,interface_4x,T03_P2_BULK_TRAPS_FORMAL,enabled_symmetric_teaching_top_stack,0.0,0.01,0.0,0.3,bottom_oxide,0.000375,0.0,3.75,0.0,0.0,
p2_bulk_nta_5e19_common_primary,NTA 5e19 common-primary state,top_primary,interface_4x,T03_P2_BULK_TRAPS_FORMAL,enabled_symmetric_teaching_top_stack,0.0,0.01,0.0,0.3,bottom_oxide,0.000375,5.000000000000001e-07,3.75,5.000000000000001,-0.012756049920740113,
p2_bulk_nta_5e19_common_primary,NTA 5e19 common-primary state,top_primary,interface_4x,T03_P2_BULK_TRAPS_FORMAL,enabled_symmetric_teaching_top_stack,0.0,0.01,0.0,0.3,bottom_oxide,0.000375,1.0000000000000002e-06,3.75,10.000000000000002,-0.025512099868346964,
p2_bulk_nta_5e19_common_primary,NTA 5e19 common-primary state,top_primary,interface_4x,T03_P2_BULK_TRAPS_FORMAL,enabled_symmetric_teaching_top_stack,0.0,0.01,0.0,0.3,bottom_oxide,0.000375,1.5000000000000002e-06,3.75,15.000000000000002,-0.03826814986968729,
p2_bulk_nta_5e19_common_primary,NTA 5e19 common-primary state,top_primary,interface_4x,T03_P2_BULK_TRAPS_FORMAL,enabled_symmetric_teaching_top_stack,0.0,0.01,0.0,0.3,bottom_oxide,0.000375,2.0000000000000003e-06,3.75,20.000000000000004,-0.05102419995162782,
p2_bulk_nta_5e19_common_primary,NTA 5e19 common-primary state,top_primary,interface_4x,T03_P2_BULK_TRAPS_FORMAL,enabled_symmetric_teaching_top_stack,0.0,0.01,0.0,0.3,bottom_oxide,0.000375,2.1250000000000004e-06,3.75,21.250000000000004,-0.054213212488904663,
p2_bulk_nta_5e19_common_primary,NTA 5e19 common-primary state,top_primary,interface_4x,T03_P2_BULK_TRAPS_FORMAL,enabled_symmetric_teaching_top_stack,0.0,0.01,0.0,0.3,bottom_oxide,0.000375,2.2500000000000005e-06,3.75,22.500000000000004,-0.05740222503331798,
p2_bulk_nta_5e19_common_primary,NTA 5e19 common-primary state,top_primary,interface_4x,T03_P2_BULK_TRAPS_FORMAL,enabled_symmetric_teaching_top_stack,0.0,0.01,0.0,0.3,bottom_oxide,0.000375,2.375e-06,3.75,23.75,-0.06059123758528756,
p2_bulk_nta_5e19_common_primary,NTA 5e19 common-primary state,top_primary,interface_4x,T03_P2_BULK_TRAPS_FORMAL,enabled_symmetric_teaching_top_stack,0.0,0.01,0.0,0.3,bottom_oxide,0.000375,2.5e-06,3.75,25.000000000000004,-0.06378025014523321,
p2_bulk_nta_5e19_common_primary,NTA 5e19 common-primary state,top_primary,interface_4x,T03_P2_BULK_TRAPS_FORMAL,enabled_symmetric_teaching_top_stack,0.0,0.01,0.0,0.3,bottom_oxide,0.000375,2.6250000000000003e-06,3.75,26.250000000000004,-0.06696926271357471,
p2_bulk_nta_5e19_common_primary,NTA 5e19 common-primary state,top_primary,interface_4x,T03_P2_BULK_TRAPS_FORMAL,enabled_symmetric_teaching_top_stack,0.0,0.01,0.0,0.3,bottom_oxide,0.000375,2.75e-06,3.75,27.5,-0.07015827529073186,
p2_bulk_nta_5e19_common_primary,NTA 5e19 common-primary state,top_primary,interface_4x,T03_P2_BULK_TRAPS_FORMAL,enabled_symmetric_teaching_top_stack,0.0,0.01,0.0,0.3,bottom_oxide,0.000375,2.875e-06,3.75,28.75,-0.07334728787712445,
p2_bulk_nta_5e19_common_primary,NTA 5e19 common-primary state,top_primary,interface_4x,T03_P2_BULK_TRAPS_FORMAL,enabled_symmetric_teaching_top_stack,0.0,0.01,0.0,0.3,bottom_oxide,0.000375,3e-06,3.75,30.0,-0.07653630047317228,
p2_bulk_nta_5e19_common_primary,NTA 5e19 common-primary state,top_primary,interface_4x,T03_P2_BULK_TRAPS_FORMAL,enabled_symmetric_teaching_top_stack,0.0,0.01,0.0,0.3,bottom_oxide,0.0004,0.0,4.0,0.0,0.0,
p2_bulk_nta_5e19_common_primary,NTA 5e19 common-primary state,top_primary,interface_4x,T03_P2_BULK_TRAPS_FORMAL,enabled_symmetric_teaching_top_stack,0.0,0.01,0.0,0.3,bottom_oxide,0.0004,5.000000000000001e-07,4.0,5.000000000000001,-0.012727640692348087,
p2_bulk_nta_5e19_common_primary,NTA 5e19 common-primary state,top_primary,interface_4x,T03_P2_BULK_TRAPS_FORMAL,enabled_symmetric_teaching_top_stack,0.0,0.01,0.0,0.3,bottom_oxide,0.0004,1.0000000000000002e-06,4.0,10.000000000000002,-0.025455281411711373,
p2_bulk_nta_5e19_common_primary,NTA 5e19 common-primary state,top_primary,interface_4x,T03_P2_BULK_TRAPS_FORMAL,enabled_symmetric_teaching_top_stack,0.0,0.01,0.0,0.3,bottom_oxide,0.0004,1.5000000000000002e-06,4.0,15.000000000000002,-0.038182922185105043,
p2_bulk_nta_5e19_common_primary,NTA 5e19 common-primary state,top_primary,interface_4x,T03_P2_BULK_TRAPS_FORMAL,enabled_symmetric_teaching_top_stack,0.0,0.01,0.0,0.3,bottom_oxide,0.0004,2.0000000000000003e-06,4.0,20.000000000000004,-0.050910563039544304,
p2_bulk_nta_5e19_common_primary,NTA 5e19 common-primary state,top_primary,interface_4x,T03_P2_BULK_TRAPS_FORMAL,enabled_symmetric_teaching_top_stack,0.0,0.01,0.0,0.3,bottom_oxide,0.0004,2.1250000000000004e-06,4.0,21.250000000000004,-0.05409247327003862,
p2_bulk_nta_5e19_common_primary,NTA 5e19 common-primary state,top_primary,interface_4x,T03_P2_BULK_TRAPS_FORMAL,enabled_symmetric_teaching_top_stack,0.0,0.01,0.0,0.3,bottom_oxide,0.0004,2.2500000000000005e-06,4.0,22.500000000000004,-0.05727438350770884,
p2_bulk_nta_5e19_common_primary,NTA 5e19 common-primary state,top_primary,interface_4x,T03_P2_BULK_TRAPS_FORMAL,enabled_symmetric_teaching_top_stack,0.0,0.01,0.0,0.3,bottom_oxide,0.0004,2.375e-06,4.0,23.75,-0.06045629375297708,
p2_bulk_nta_5e19_common_primary,NTA 5e19 common-primary state,top_primary,interface_4x,T03_P2_BULK_TRAPS_FORMAL,enabled_symmetric_teaching_top_stack,0.0,0.01,0.0,0.3,bottom_oxide,0.0004,2.5e-06,4.0,25.000000000000004,-0.06363820400626546,
p2_bulk_nta_5e19_common_primary,NTA 5e19 common-primary state,top_primary,interface_4x,T03_P2_BULK_TRAPS_FORMAL,enabled_symmetric_teaching_top_stack,0.0,0.01,0.0,0.3,bottom_oxide,0.0004,2.6250000000000003e-06,4.0,26.250000000000004,-0.0668201142679961,
p2_bulk_nta_5e19_common_primary,NTA 5e19 common-primary state,top_primary,interface_4x,T03_P2_BULK_TRAPS_FORMAL,enabled_symmetric_teaching_top_stack,0.0,0.01,0.0,0.3,bottom_oxide,0.0004,2.75e-06,4.0,27.5,-0.07000202453859107,
p2_bulk_nta_5e19_common_primary,NTA 5e19 common-primary state,top_primary,interface_4x,T03_P2_BULK_TRAPS_FORMAL,enabled_symmetric_teaching_top_stack,0.0,0.01,0.0,0.3,bottom_oxide,0.0004,2.875e-06,4.0,28.75,-0.07318393481847253,
p2_bulk_nta_5e19_common_primary,NTA 5e19 common-primary state,top_primary,interface_4x,T03_P2_BULK_TRAPS_FORMAL,enabled_symmetric_teaching_top_stack,0.0,0.01,0.0,0.3,bottom_oxide,0.0004,3e-06,4.0,30.0,-0.07636584510806259,
p2_bulk_nta_5e19_common_primary,NTA 5e19 common-primary state,top_primary,interface_4x,T03_P2_BULK_TRAPS_FORMAL,enabled_symmetric_teaching_top_stack,0.0,0.01,0.0,0.3,bottom_oxide,0.00042500000000000003,0.0,4.25,0.0,0.0,
p2_bulk_nta_5e19_common_primary,NTA 5e19 common-primary state,top_primary,interface_4x,T03_P2_BULK_TRAPS_FORMAL,enabled_symmetric_teaching_top_stack,0.0,0.01,0.0,0.3,bottom_oxide,0.00042500000000000003,5.000000000000001e-07,4.25,5.000000000000001,-0.012699163925966579,
p2_bulk_nta_5e19_common_primary,NTA 5e19 common-primary state,top_primary,interface_4x,T03_P2_BULK_TRAPS_FORMAL,enabled_symmetric_teaching_top_stack,0.0,0.01,0.0,0.3,bottom_oxide,0.00042500000000000003,1.0000000000000002e-06,4.25,10.000000000000002,-0.025398327879098105,
p2_bulk_nta_5e19_common_primary,NTA 5e19 common-primary state,top_primary,interface_4x,T03_P2_BULK_TRAPS_FORMAL,enabled_symmetric_teaching_top_stack,0.0,0.01,0.0,0.3,bottom_oxide,0.00042500000000000003,1.5000000000000002e-06,4.25,15.000000000000002,-0.03809749188655953,
p2_bulk_nta_5e19_common_primary,NTA 5e19 common-primary state,top_primary,interface_4x,T03_P2_BULK_TRAPS_FORMAL,enabled_symmetric_teaching_top_stack,0.0,0.01,0.0,0.3,bottom_oxide,0.00042500000000000003,2.0000000000000003e-06,4.25,20.000000000000004,-0.050796655975515796,
p2_bulk_nta_5e19_common_primary,NTA 5e19 common-primary state,top_primary,interface_4x,T03_P2_BULK_TRAPS_FORMAL,enabled_symmetric_teaching_top_stack,0.0,0.01,0.0,0.3,bottom_oxide,0.00042500000000000003,2.1250000000000004e-06,4.25,21.250000000000004,-0.05397144701473296,
p2_bulk_nta_5e19_common_primary,NTA 5e19 common-primary state,top_primary,interface_4x,T03_P2_BULK_TRAPS_FORMAL,enabled_symmetric_teaching_top_stack,0.0,0.01,0.0,0.3,bottom_oxide,0.00042500000000000003,2.2500000000000005e-06,4.25,22.500000000000004,-0.057146238061165804,
p2_bulk_nta_5e19_common_primary,NTA 5e19 common-primary state,top_primary,interface_4x,T03_P2_BULK_TRAPS_FORMAL,enabled_symmetric_teaching_top_stack,0.0,0.01,0.0,0.3,bottom_oxide,0.00042500000000000003,2.375e-06,4.25,23.75,-0.06032102911523878,
p2_bulk_nta_5e19_common_primary,NTA 5e19 common-primary state,top_primary,interface_4x,T03_P2_BULK_TRAPS_FORMAL,enabled_symmetric_teaching_top_stack,0.0,0.01,0.0,0.3,bottom_oxide,0.00042500000000000003,2.5e-06,4.25,25.000000000000004,-0.06349582017737636,
p2_bulk_nta_5e19_common_primary,NTA 5e19 common-primary state,top_primary,interface_4x,T03_P2_BULK_TRAPS_FORMAL,enabled_symmetric_teaching_top_stack,0.0,0.01,0.0,0.3,bottom_oxide,0.00042500000000000003,2.6250000000000003e-06,4.25,26.250000000000004,-0.066670611248003,
p2_bulk_nta_5e19_common_primary,NTA 5e19 common-primary state,top_primary,interface_4x,T03_P2_BULK_TRAPS_FORMAL,enabled_symmetric_teaching_top_stack,0.0,0.01,0.0,0.3,bottom_oxide,0.00042500000000000003,2.75e-06,4.25,27.5,-0.0698454023275431,
p2_bulk_nta_5e19_common_primary,NTA 5e19 common-primary state,top_primary,interface_4x,T03_P2_BULK_TRAPS_FORMAL,enabled_symmetric_teaching_top_stack,0.0,0.01,0.0,0.3,bottom_oxide,0.00042500000000000003,2.875e-06,4.25,28.75,-0.07302019341642119,
p2_bulk_nta_5e19_common_primary,NTA 5e19 common-primary state,top_primary,interface_4x,T03_P2_BULK_TRAPS_FORMAL,enabled_symmetric_teaching_top_stack,0.0,0.01,0.0,0.3,bottom_oxide,0.00042500000000000003,3e-06,4.25,30.0,-0.07619498451506167,
p2_bulk_nta_5e19_common_primary,NTA 5e19 common-primary state,top_primary,interface_4x,T03_P2_BULK_TRAPS_FORMAL,enabled_symmetric_teaching_top_stack,0.0,0.01,0.0,0.3,bottom_oxide,0.00045000000000000004,0.0,4.5,0.0,0.0,
p2_bulk_nta_5e19_common_primary,NTA 5e19 common-primary state,top_primary,interface_4x,T03_P2_BULK_TRAPS_FORMAL,enabled_symmetric_teaching_top_stack,0.0,0.01,0.0,0.3,bottom_oxide,0.00045000000000000004,5.000000000000001e-07,4.5,5.000000000000001,-0.012670619247214932,
p2_bulk_nta_5e19_common_primary,NTA 5e19 common-primary state,top_primary,interface_4x,T03_P2_BULK_TRAPS_FORMAL,enabled_symmetric_teaching_top_stack,0.0,0.01,0.0,0.3,bottom_oxide,0.00045000000000000004,1.0000000000000002e-06,4.5,10.000000000000002,-0.025341238521745874,
p2_bulk_nta_5e19_common_primary,NTA 5e19 common-primary state,top_primary,interface_4x,T03_P2_BULK_TRAPS_FORMAL,enabled_symmetric_teaching_top_stack,0.0,0.01,0.0,0.3,bottom_oxide,0.00045000000000000004,1.5000000000000002e-06,4.5,15.000000000000002,-0.03801185785090883,
p2_bulk_nta_5e19_common_primary,NTA 5e19 common-primary state,top_primary,interface_4x,T03_P2_BULK_TRAPS_FORMAL,enabled_symmetric_teaching_top_stack,0.0,0.01,0.0,0.3,bottom_oxide,0.00045000000000000004,2.0000000000000003e-06,4.5,20.000000000000004,-0.05068247726201982,
p2_bulk_nta_5e19_common_primary,NTA 5e19 common-primary state,top_primary,interface_4x,T03_P2_BULK_TRAPS_FORMAL,enabled_symmetric_teaching_top_stack,0.0,0.01,0.0,0.3,bottom_oxide,0.00045000000000000004,2.1250000000000004e-06,4.5,21.250000000000004,-0.05385013213187007,
p2_bulk_nta_5e19_common_primary,NTA 5e19 common-primary state,top_primary,interface_4x,T03_P2_BULK_TRAPS_FORMAL,enabled_symmetric_teaching_top_stack,0.0,0.01,0.0,0.3,bottom_oxide,0.00045000000000000004,2.2500000000000005e-06,4.5,22.500000000000004,-0.05701778700897613,
p2_bulk_nta_5e19_common_primary,NTA 5e19 common-primary state,top_primary,interface_4x,T03_P2_BULK_TRAPS_FORMAL,enabled_symmetric_teaching_top_stack,0.0,0.01,0.0,0.3,bottom_oxide,0.00045000000000000004,2.375e-06,4.5,23.75,-0.06018544189376482,
p2_bulk_nta_5e19_common_primary,NTA 5e19 common-primary state,top_primary,interface_4x,T03_P2_BULK_TRAPS_FORMAL,enabled_symmetric_teaching_top_stack,0.0,0.01,0.0,0.3,bottom_oxide,0.00045000000000000004,2.5e-06,4.5,25.000000000000004,-0.06335309678666295,
p2_bulk_nta_5e19_common_primary,NTA 5e19 common-primary state,top_primary,interface_4x,T03_P2_BULK_TRAPS_FORMAL,enabled_symmetric_teaching_top_stack,0.0,0.01,0.0,0.3,bottom_oxide,0.00045000000000000004,2.6250000000000003e-06,4.5,26.250000000000004,-0.06652075168809733,
p2_bulk_nta_5e19_common_primary,NTA 5e19 common-primary state,top_primary,interface_4x,T03_P2_BULK_TRAPS_FORMAL,enabled_symmetric_teaching_top_stack,0.0,0.01,0.0,0.3,bottom_oxide,0.00045000000000000004,2.75e-06,4.5,27.5,-0.06968840659849478,
p2_bulk_nta_5e19_common_primary,NTA 5e19 common-primary state,top_primary,interface_4x,T03_P2_BULK_TRAPS_FORMAL,enabled_symmetric_teaching_top_stack,0.0,0.01,0.0,0.3,bottom_oxide,0.00045000000000000004,2.875e-06,4.5,28.75,-0.0728560615182821,
p2_bulk_nta_5e19_common_primary,NTA 5e19 common-primary state,top_primary,interface_4x,T03_P2_BULK_TRAPS_FORMAL,enabled_symmetric_teaching_top_stack,0.0,0.01,0.0,0.3,bottom_oxide,0.00045000000000000004,3e-06,4.5,30.0,-0.07602371644788612,
p2_bulk_nta_5e19_common_primary,NTA 5e19 common-primary state,top_primary,interface_4x,T03_P2_BULK_TRAPS_FORMAL,enabled_symmetric_teaching_top_stack,0.0,0.01,0.0,0.3,bottom_oxide,0.000475,0.0,4.75,0.0,0.0,
p2_bulk_nta_5e19_common_primary,NTA 5e19 common-primary state,top_primary,interface_4x,T03_P2_BULK_TRAPS_FORMAL,enabled_symmetric_teaching_top_stack,0.0,0.01,0.0,0.3,bottom_oxide,0.000475,5.000000000000001e-07,4.75,5.000000000000001,-0.012642006278441396,
p2_bulk_nta_5e19_common_primary,NTA 5e19 common-primary state,top_primary,interface_4x,T03_P2_BULK_TRAPS_FORMAL,enabled_symmetric_teaching_top_stack,0.0,0.01,0.0,0.3,bottom_oxide,0.000475,1.0000000000000002e-06,4.75,10.000000000000002,-0.025284012584351187,
p2_bulk_nta_5e19_common_primary,NTA 5e19 common-primary state,top_primary,interface_4x,T03_P2_BULK_TRAPS_FORMAL,enabled_symmetric_teaching_top_stack,0.0,0.01,0.0,0.3,bottom_oxide,0.000475,1.5000000000000002e-06,4.75,15.000000000000002,-0.037926018945197766,
p2_bulk_nta_5e19_common_primary,NTA 5e19 common-primary state,top_primary,interface_4x,T03_P2_BULK_TRAPS_FORMAL,enabled_symmetric_teaching_top_stack,0.0,0.01,0.0,0.3,bottom_oxide,0.000475,2.0000000000000003e-06,4.75,20.000000000000004,-0.050568025388449525,
p2_bulk_nta_5e19_common_primary,NTA 5e19 common-primary state,top_primary,interface_4x,T03_P2_BULK_TRAPS_FORMAL,enabled_symmetric_teaching_top_stack,0.0,0.01,0.0,0.3,bottom_oxide,0.000475,2.1250000000000004e-06,4.75,21.250000000000004,-0.05372852701643021,
p2_bulk_nta_5e19_common_primary,NTA 5e19 common-primary state,top_primary,interface_4x,T03_P2_BULK_TRAPS_FORMAL,enabled_symmetric_teaching_top_stack,0.0,0.01,0.0,0.3,bottom_oxide,0.000475,2.2500000000000005e-06,4.75,22.500000000000004,-0.05688902865170718,
p2_bulk_nta_5e19_common_primary,NTA 5e19 common-primary state,top_primary,interface_4x,T03_P2_BULK_TRAPS_FORMAL,enabled_symmetric_teaching_top_stack,0.0,0.01,0.0,0.3,bottom_oxide,0.000475,2.375e-06,4.75,23.75,-0.060049530294709635,
p2_bulk_nta_5e19_common_primary,NTA 5e19 common-primary state,top_primary,interface_4x,T03_P2_BULK_TRAPS_FORMAL,enabled_symmetric_teaching_top_stack,0.0,0.01,0.0,0.3,bottom_oxide,0.000475,2.5e-06,4.75,25.000000000000004,-0.06321003194586677,
p2_bulk_nta_5e19_common_primary,NTA 5e19 common-primary state,top_primary,interface_4x,T03_P2_BULK_TRAPS_FORMAL,enabled_symmetric_teaching_top_stack,0.0,0.01,0.0,0.3,bottom_oxide,0.000475,2.6250000000000003e-06,4.75,26.250000000000004,-0.0663705336056078,
p2_bulk_nta_5e19_common_primary,NTA 5e19 common-primary state,top_primary,interface_4x,T03_P2_BULK_TRAPS_FORMAL,enabled_symmetric_teaching_top_stack,0.0,0.01,0.0,0.3,bottom_oxide,0.000475,2.75e-06,4.75,27.5,-0.06953103527436186,
p2_bulk_nta_5e19_common_primary,NTA 5e19 common-primary state,top_primary,interface_4x,T03_P2_BULK_TRAPS_FORMAL,enabled_symmetric_teaching_top_stack,0.0,0.01,0.0,0.3,bottom_oxide,0.000475,2.875e-06,4.75,28.75,-0.0726915369525582,
p2_bulk_nta_5e19_common_primary,NTA 5e19 common-primary state,top_primary,interface_4x,T03_P2_BULK_TRAPS_FORMAL,enabled_symmetric_teaching_top_stack,0.0,0.01,0.0,0.3,bottom_oxide,0.000475,3e-06,4.75,30.0,-0.075852038640626,
p2_bulk_nta_5e19_common_primary,NTA 5e19 common-primary state,top_primary,interface_4x,T03_P2_BULK_TRAPS_FORMAL,enabled_symmetric_teaching_top_stack,0.0,0.01,0.0,0.3,bottom_oxide,0.0005,0.0,5.0,0.0,0.0,
p2_bulk_nta_5e19_common_primary,NTA 5e19 common-primary state,top_primary,interface_4x,T03_P2_BULK_TRAPS_FORMAL,enabled_symmetric_teaching_top_stack,0.0,0.01,0.0,0.3,bottom_oxide,0.0005,5.000000000000001e-07,5.0,5.000000000000001,-0.012613324638684012,
p2_bulk_nta_5e19_common_primary,NTA 5e19 common-primary state,top_primary,interface_4x,T03_P2_BULK_TRAPS_FORMAL,enabled_symmetric_teaching_top_stack,0.0,0.01,0.0,0.3,bottom_oxide,0.0005,1.0000000000000002e-06,5.0,10.000000000000002,-0.02522664930499014,
p2_bulk_nta_5e19_common_primary,NTA 5e19 common-primary state,top_primary,interface_4x,T03_P2_BULK_TRAPS_FORMAL,enabled_symmetric_teaching_top_stack,0.0,0.01,0.0,0.3,bottom_oxide,0.0005,1.5000000000000002e-06,5.0,15.000000000000002,-0.03783997402654051,
p2_bulk_nta_5e19_common_primary,NTA 5e19 common-primary state,top_primary,interface_4x,T03_P2_BULK_TRAPS_FORMAL,enabled_symmetric_teaching_top_stack,0.0,0.01,0.0,0.3,bottom_oxide,0.0005,2.0000000000000003e-06,5.0,20.000000000000004,-0.05045329883095723,
p2_bulk_nta_5e19_common_primary,NTA 5e19 common-primary state,top_primary,interface_4x,T03_P2_BULK_TRAPS_FORMAL,enabled_symmetric_teaching_top_stack,0.0,0.01,0.0,0.3,bottom_oxide,0.0005,2.1250000000000004e-06,5.0,21.250000000000004,-0.053606630049325234,
p2_bulk_nta_5e19_common_primary,NTA 5e19 common-primary state,top_primary,interface_4x,T03_P2_BULK_TRAPS_FORMAL,enabled_symmetric_teaching_top_stack,0.0,0.01,0.0,0.3,bottom_oxide,0.0005,2.2500000000000005e-06,5.0,22.500000000000004,-0.056759961275030364,
p2_bulk_nta_5e19_common_primary,NTA 5e19 common-primary state,top_primary,interface_4x,T03_P2_BULK_TRAPS_FORMAL,enabled_symmetric_teaching_top_stack,0.0,0.01,0.0,0.3,bottom_oxide,0.0005,2.375e-06,5.0,23.75,-0.0599132925085042,
p2_bulk_nta_5e19_common_primary,NTA 5e19 common-primary state,top_primary,interface_4x,T03_P2_BULK_TRAPS_FORMAL,enabled_symmetric_teaching_top_stack,0.0,0.01,0.0,0.3,bottom_oxide,0.0005,2.5e-06,5.0,25.000000000000004,-0.06306662375017837,
p2_bulk_nta_5e19_common_primary,NTA 5e19 common-primary state,top_primary,interface_4x,T03_P2_BULK_TRAPS_FORMAL,enabled_symmetric_teaching_top_stack,0.0,0.01,0.0,0.3,bottom_oxide,0.0005,2.6250000000000003e-06,5.0,26.250000000000004,-0.06621995500048444,
p2_bulk_nta_5e19_common_primary,NTA 5e19 common-primary state,top_primary,interface_4x,T03_P2_BULK_TRAPS_FORMAL,enabled_symmetric_teaching_top_stack,0.0,0.01,0.0,0.3,bottom_oxide,0.0005,2.75e-06,5.0,27.5,-0.06937328625985402,
p2_bulk_nta_5e19_common_primary,NTA 5e19 common-primary state,top_primary,interface_4x,T03_P2_BULK_TRAPS_FORMAL,enabled_symmetric_teaching_top_stack,0.0,0.01,0.0,0.3,bottom_oxide,0.0005,2.875e-06,5.0,28.75,-0.0725266175287187,
p2_bulk_nta_5e19_common_primary,NTA 5e19 common-primary state,top_primary,interface_4x,T03_P2_BULK_TRAPS_FORMAL,enabled_symmetric_teaching_top_stack,0.0,0.01,0.0,0.3,bottom_oxide,0.0005,3e-06,5.0,30.0,-0.07567994880751008,
p2_bulk_nta_5e19_common_primary,NTA 5e19 common-primary state,top_primary,interface_4x,T03_P2_BULK_TRAPS_FORMAL,enabled_symmetric_teaching_top_stack,0.0,0.01,0.0,0.3,bottom_oxide,0.0005250000000000001,0.0,5.250000000000001,0.0,0.0,
p2_bulk_nta_5e19_common_primary,NTA 5e19 common-primary state,top_primary,interface_4x,T03_P2_BULK_TRAPS_FORMAL,enabled_symmetric_teaching_top_stack,0.0,0.01,0.0,0.3,bottom_oxide,0.0005250000000000001,5.000000000000001e-07,5.250000000000001,5.000000000000001,-0.012584573943630918,
p2_bulk_nta_5e19_common_primary,NTA 5e19 common-primary state,top_primary,interface_4x,T03_P2_BULK_TRAPS_FORMAL,enabled_symmetric_teaching_top_stack,0.0,0.01,0.0,0.3,bottom_oxide,0.0005250000000000001,1.0000000000000002e-06,5.250000000000001,10.000000000000002,-0.025169147915039033,
p2_bulk_nta_5e19_common_primary,NTA 5e19 common-primary state,top_primary,interface_4x,T03_P2_BULK_TRAPS_FORMAL,enabled_symmetric_teaching_top_stack,0.0,0.01,0.0,0.3,bottom_oxide,0.0005250000000000001,1.5000000000000002e-06,5.250000000000001,15.000000000000002,-0.03775372194200154,
p2_bulk_nta_5e19_common_primary,NTA 5e19 common-primary state,top_primary,interface_4x,T03_P2_BULK_TRAPS_FORMAL,enabled_symmetric_teaching_top_stack,0.0,0.01,0.0,0.3,bottom_oxide,0.0005250000000000001,2.0000000000000003e-06,5.250000000000001,20.000000000000004,-0.05033829605229566,
p2_bulk_nta_5e19_common_primary,NTA 5e19 common-primary state,top_primary,interface_4x,T03_P2_BULK_TRAPS_FORMAL,enabled_symmetric_teaching_top_stack,0.0,0.01,0.0,0.3,bottom_oxide,0.0005250000000000001,2.1250000000000004e-06,5.250000000000001,21.250000000000004,-0.053484439597229934,
p2_bulk_nta_5e19_common_primary,NTA 5e19 common-primary state,top_primary,interface_4x,T03_P2_BULK_TRAPS_FORMAL,enabled_symmetric_teaching_top_stack,0.0,0.01,0.0,0.3,bottom_oxide,0.0005250000000000001,2.2500000000000005e-06,5.250000000000001,22.500000000000004,-0.05663058314954253,
p2_bulk_nta_5e19_common_primary,NTA 5e19 common-primary state,top_primary,interface_4x,T03_P2_BULK_TRAPS_FORMAL,enabled_symmetric_teaching_top_stack,0.0,0.01,0.0,0.3,bottom_oxide,0.0005250000000000001,2.375e-06,5.250000000000001,23.75,-0.05977672670966745,
p2_bulk_nta_5e19_common_primary,NTA 5e19 common-primary state,top_primary,interface_4x,T03_P2_BULK_TRAPS_FORMAL,enabled_symmetric_teaching_top_stack,0.0,0.01,0.0,0.3,bottom_oxide,0.0005250000000000001,2.5e-06,5.250000000000001,25.000000000000004,-0.06292287027803874,
p2_bulk_nta_5e19_common_primary,NTA 5e19 common-primary state,top_primary,interface_4x,T03_P2_BULK_TRAPS_FORMAL,enabled_symmetric_teaching_top_stack,0.0,0.01,0.0,0.3,bottom_oxide,0.0005250000000000001,2.6250000000000003e-06,5.250000000000001,26.250000000000004,-0.0660690138550904,
p2_bulk_nta_5e19_common_primary,NTA 5e19 common-primary state,top_primary,interface_4x,T03_P2_BULK_TRAPS_FORMAL,enabled_symmetric_teaching_top_stack,0.0,0.01,0.0,0.3,bottom_oxide,0.0005250000000000001,2.75e-06,5.250000000000001,27.5,-0.06921515744125645,
p2_bulk_nta_5e19_common_primary,NTA 5e19 common-primary state,top_primary,interface_4x,T03_P2_BULK_TRAPS_FORMAL,enabled_symmetric_teaching_top_stack,0.0,0.01,0.0,0.3,bottom_oxide,0.0005250000000000001,2.875e-06,5.250000000000001,28.75,-0.07236130103697092,
p2_bulk_nta_5e19_common_primary,NTA 5e19 common-primary state,top_primary,interface_4x,T03_P2_BULK_TRAPS_FORMAL,enabled_symmetric_teaching_top_stack,0.0,0.01,0.0,0.3,bottom_oxide,0.0005250000000000001,3e-06,5.250000000000001,30.0,-0.0755074446426678,
p2_bulk_nta_5e19_common_primary,NTA 5e19 common-primary state,top_primary,interface_4x,T03_P2_BULK_TRAPS_FORMAL,enabled_symmetric_teaching_top_stack,0.0,0.01,0.0,0.3,bottom_oxide,0.0005499999999999999,0.0,5.499999999999999,0.0,0.0,
p2_bulk_nta_5e19_common_primary,NTA 5e19 common-primary state,top_primary,interface_4x,T03_P2_BULK_TRAPS_FORMAL,enabled_symmetric_teaching_top_stack,0.0,0.01,0.0,0.3,bottom_oxide,0.0005499999999999999,5.000000000000001e-07,5.499999999999999,5.000000000000001,-0.012555753805580052,
p2_bulk_nta_5e19_common_primary,NTA 5e19 common-primary state,top_primary,interface_4x,T03_P2_BULK_TRAPS_FORMAL,enabled_symmetric_teaching_top_stack,0.0,0.01,0.0,0.3,bottom_oxide,0.0005499999999999999,1.0000000000000002e-06,5.499999999999999,10.000000000000002,-0.025111507639093755,
p2_bulk_nta_5e19_common_primary,NTA 5e19 common-primary state,top_primary,interface_4x,T03_P2_BULK_TRAPS_FORMAL,enabled_symmetric_teaching_top_stack,0.0,0.01,0.0,0.3,bottom_oxide,0.0005499999999999999,1.5000000000000002e-06,5.499999999999999,15.000000000000002,-0.037667261528474764,
p2_bulk_nta_5e19_common_primary,NTA 5e19 common-primary state,top_primary,interface_4x,T03_P2_BULK_TRAPS_FORMAL,enabled_symmetric_teaching_top_stack,0.0,0.01,0.0,0.3,bottom_oxide,0.0005499999999999999,2.0000000000000003e-06,5.499999999999999,20.000000000000004,-0.050223015501656726,
p2_bulk_nta_5e19_common_primary,NTA 5e19 common-primary state,top_primary,interface_4x,T03_P2_BULK_TRAPS_FORMAL,enabled_symmetric_teaching_top_stack,0.0,0.01,0.0,0.3,bottom_oxide,0.0005499999999999999,2.1250000000000004e-06,5.499999999999999,21.250000000000004,-0.05336195401241075,
p2_bulk_nta_5e19_common_primary,NTA 5e19 common-primary state,top_primary,interface_4x,T03_P2_BULK_TRAPS_FORMAL,enabled_symmetric_teaching_top_stack,0.0,0.01,0.0,0.3,bottom_oxide,0.0005499999999999999,2.2500000000000005e-06,5.499999999999999,22.500000000000004,-0.05650089253058465,
p2_bulk_nta_5e19_common_primary,NTA 5e19 common-primary state,top_primary,interface_4x,T03_P2_BULK_TRAPS_FORMAL,enabled_symmetric_teaching_top_stack,0.0,0.01,0.0,0.3,bottom_oxide,0.0005499999999999999,2.375e-06,5.499999999999999,23.75,-0.059639831056614884,
p2_bulk_nta_5e19_common_primary,NTA 5e19 common-primary state,top_primary,interface_4x,T03_P2_BULK_TRAPS_FORMAL,enabled_symmetric_teaching_top_stack,0.0,0.01,0.0,0.3,bottom_oxide,0.0005499999999999999,2.5e-06,5.499999999999999,25.000000000000004,-0.06277876959093792,
p2_bulk_nta_5e19_common_primary,NTA 5e19 common-primary state,top_primary,interface_4x,T03_P2_BULK_TRAPS_FORMAL,enabled_symmetric_teaching_top_stack,0.0,0.01,0.0,0.3,bottom_oxide,0.0005499999999999999,2.6250000000000003e-06,5.499999999999999,26.250000000000004,-0.06591770813399023,
p2_bulk_nta_5e19_common_primary,NTA 5e19 common-primary state,top_primary,interface_4x,T03_P2_BULK_TRAPS_FORMAL,enabled_symmetric_teaching_top_stack,0.0,0.01,0.0,0.3,bottom_oxide,0.0005499999999999999,2.75e-06,5.499999999999999,27.5,-0.06905664668620826,
p2_bulk_nta_5e19_common_primary,NTA 5e19 common-primary state,top_primary,interface_4x,T03_P2_BULK_TRAPS_FORMAL,enabled_symmetric_teaching_top_stack,0.0,0.01,0.0,0.3,bottom_oxide,0.0005499999999999999,2.875e-06,5.499999999999999,28.75,-0.07219558524802848,
p2_bulk_nta_5e19_common_primary,NTA 5e19 common-primary state,top_primary,interface_4x,T03_P2_BULK_TRAPS_FORMAL,enabled_symmetric_teaching_top_stack,0.0,0.01,0.0,0.3,bottom_oxide,0.0005499999999999999,3e-06,5.499999999999999,30.0,-0.07533452381988737,
p2_bulk_nta_5e19_common_primary,NTA 5e19 common-primary state,top_primary,interface_4x,T03_P2_BULK_TRAPS_FORMAL,enabled_symmetric_teaching_top_stack,0.0,0.01,0.0,0.3,bottom_oxide,0.000575,0.0,5.75,0.0,0.0,
p2_bulk_nta_5e19_common_primary,NTA 5e19 common-primary state,top_primary,interface_4x,T03_P2_BULK_TRAPS_FORMAL,enabled_symmetric_teaching_top_stack,0.0,0.01,0.0,0.3,bottom_oxide,0.000575,5.000000000000001e-07,5.75,5.000000000000001,-0.012526863833398226,
p2_bulk_nta_5e19_common_primary,NTA 5e19 common-primary state,top_primary,interface_4x,T03_P2_BULK_TRAPS_FORMAL,enabled_symmetric_teaching_top_stack,0.0,0.01,0.0,0.3,bottom_oxide,0.000575,1.0000000000000002e-06,5.75,10.000000000000002,-0.025053727694887947,
p2_bulk_nta_5e19_common_primary,NTA 5e19 common-primary state,top_primary,interface_4x,T03_P2_BULK_TRAPS_FORMAL,enabled_symmetric_teaching_top_stack,0.0,0.01,0.0,0.3,bottom_oxide,0.000575,1.5000000000000002e-06,5.75,15.000000000000002,-0.03758059161256066,
p2_bulk_nta_5e19_common_primary,NTA 5e19 common-primary state,top_primary,interface_4x,T03_P2_BULK_TRAPS_FORMAL,enabled_symmetric_teaching_top_stack,0.0,0.01,0.0,0.3,bottom_oxide,0.000575,2.0000000000000003e-06,5.75,20.000000000000004,-0.05010745561450785,
p2_bulk_nta_5e19_common_primary,NTA 5e19 common-primary state,top_primary,interface_4x,T03_P2_BULK_TRAPS_FORMAL,enabled_symmetric_teaching_top_stack,0.0,0.01,0.0,0.3,bottom_oxide,0.000575,2.1250000000000004e-06,5.75,21.250000000000004,-0.05323917163255183,
p2_bulk_nta_5e19_common_primary,NTA 5e19 common-primary state,top_primary,interface_4x,T03_P2_BULK_TRAPS_FORMAL,enabled_symmetric_teaching_top_stack,0.0,0.01,0.0,0.3,bottom_oxide,0.000575,2.2500000000000005e-06,5.75,22.500000000000004,-0.056370887658057624,
p2_bulk_nta_5e19_common_primary,NTA 5e19 common-primary state,top_primary,interface_4x,T03_P2_BULK_TRAPS_FORMAL,enabled_symmetric_teaching_top_stack,0.0,0.01,0.0,0.3,bottom_oxide,0.000575,2.375e-06,5.75,23.75,-0.05950260369146413,
p2_bulk_nta_5e19_common_primary,NTA 5e19 common-primary state,top_primary,interface_4x,T03_P2_BULK_TRAPS_FORMAL,enabled_symmetric_teaching_top_stack,0.0,0.01,0.0,0.3,bottom_oxide,0.000575,2.5e-06,5.75,25.000000000000004,-0.0626343197332103,
p2_bulk_nta_5e19_common_primary,NTA 5e19 common-primary state,top_primary,interface_4x,T03_P2_BULK_TRAPS_FORMAL,enabled_symmetric_teaching_top_stack,0.0,0.01,0.0,0.3,bottom_oxide,0.000575,2.6250000000000003e-06,5.75,26.250000000000004,-0.06576603578373508,
p2_bulk_nta_5e19_common_primary,NTA 5e19 common-primary state,top_primary,interface_4x,T03_P2_BULK_TRAPS_FORMAL,enabled_symmetric_teaching_top_stack,0.0,0.01,0.0,0.3,bottom_oxide,0.000575,2.75e-06,5.75,27.5,-0.06889775184347736,
p2_bulk_nta_5e19_common_primary,NTA 5e19 common-primary state,top_primary,interface_4x,T03_P2_BULK_TRAPS_FORMAL,enabled_symmetric_teaching_top_stack,0.0,0.01,0.0,0.3,bottom_oxide,0.000575,2.875e-06,5.75,28.75,-0.07202946791287611,
p2_bulk_nta_5e19_common_primary,NTA 5e19 common-primary state,top_primary,interface_4x,T03_P2_BULK_TRAPS_FORMAL,enabled_symmetric_teaching_top_stack,0.0,0.01,0.0,0.3,bottom_oxide,0.000575,3e-06,5.75,30.0,-0.07516118399237023,
p2_bulk_nta_5e19_common_primary,NTA 5e19 common-primary state,top_primary,interface_4x,T03_P2_BULK_TRAPS_FORMAL,enabled_symmetric_teaching_top_stack,0.0,0.01,0.0,0.3,bottom_oxide,0.0006000000000000001,0.0,6.000000000000001,0.0,0.0,
p2_bulk_nta_5e19_common_primary,NTA 5e19 common-primary state,top_primary,interface_4x,T03_P2_BULK_TRAPS_FORMAL,enabled_symmetric_teaching_top_stack,0.0,0.01,0.0,0.3,bottom_oxide,0.0006000000000000001,5.000000000000001e-07,6.000000000000001,5.000000000000001,-0.012497903632479598,
p2_bulk_nta_5e19_common_primary,NTA 5e19 common-primary state,top_primary,interface_4x,T03_P2_BULK_TRAPS_FORMAL,enabled_symmetric_teaching_top_stack,0.0,0.01,0.0,0.3,bottom_oxide,0.0006000000000000001,1.0000000000000002e-06,6.000000000000001,10.000000000000002,-0.024995807293209937,
p2_bulk_nta_5e19_common_primary,NTA 5e19 common-primary state,top_primary,interface_4x,T03_P2_BULK_TRAPS_FORMAL,enabled_symmetric_teaching_top_stack,0.0,0.01,0.0,0.3,bottom_oxide,0.0006000000000000001,1.5000000000000002e-06,6.000000000000001,15.000000000000002,-0.037493711010441765,
p2_bulk_nta_5e19_common_primary,NTA 5e19 common-primary state,top_primary,interface_4x,T03_P2_BULK_TRAPS_FORMAL,enabled_symmetric_teaching_top_stack,0.0,0.01,0.0,0.3,bottom_oxide,0.0006000000000000001,2.0000000000000003e-06,6.000000000000001,20.000000000000004,-0.04999161481242582,
p2_bulk_nta_5e19_common_primary,NTA 5e19 common-primary state,top_primary,interface_4x,T03_P2_BULK_TRAPS_FORMAL,enabled_symmetric_teaching_top_stack,0.0,0.01,0.0,0.3,bottom_oxide,0.0006000000000000001,2.1250000000000004e-06,6.000000000000001,21.250000000000004,-0.053116090780578544,
p2_bulk_nta_5e19_common_primary,NTA 5e19 common-primary state,top_primary,interface_4x,T03_P2_BULK_TRAPS_FORMAL,enabled_symmetric_teaching_top_stack,0.0,0.01,0.0,0.3,bottom_oxide,0.0006000000000000001,2.2500000000000005e-06,6.000000000000001,22.500000000000004,-0.05624056675623538,
p2_bulk_nta_5e19_common_primary,NTA 5e19 common-primary state,top_primary,interface_4x,T03_P2_BULK_TRAPS_FORMAL,enabled_symmetric_teaching_top_stack,0.0,0.01,0.0,0.3,bottom_oxide,0.0006000000000000001,2.375e-06,6.000000000000001,23.75,-0.05936504273983772,
p2_bulk_nta_5e19_common_primary,NTA 5e19 common-primary state,top_primary,interface_4x,T03_P2_BULK_TRAPS_FORMAL,enabled_symmetric_teaching_top_stack,0.0,0.01,0.0,0.3,bottom_oxide,0.0006000000000000001,2.5e-06,6.000000000000001,25.000000000000004,-0.06248951873182701,
p2_bulk_nta_5e19_common_primary,NTA 5e19 common-primary state,top_primary,interface_4x,T03_P2_BULK_TRAPS_FORMAL,enabled_symmetric_teaching_top_stack,0.0,0.01,0.0,0.3,bottom_oxide,0.0006000000000000001,2.6250000000000003e-06,6.000000000000001,26.250000000000004,-0.06561399473264466,
p2_bulk_nta_5e19_common_primary,NTA 5e19 common-primary state,top_primary,interface_4x,T03_P2_BULK_TRAPS_FORMAL,enabled_symmetric_teaching_top_stack,0.0,0.01,0.0,0.3,bottom_oxide,0.0006000000000000001,2.75e-06,6.000000000000001,27.5,-0.06873847074273207,
p2_bulk_nta_5e19_common_primary,NTA 5e19 common-primary state,top_primary,interface_4x,T03_P2_BULK_TRAPS_FORMAL,enabled_symmetric_teaching_top_stack,0.0,0.01,0.0,0.3,bottom_oxide,0.0006000000000000001,2.875e-06,6.000000000000001,28.75,-0.07186294676253067,
p2_bulk_nta_5e19_common_primary,NTA 5e19 common-primary state,top_primary,interface_4x,T03_P2_BULK_TRAPS_FORMAL,enabled_symmetric_teaching_top_stack,0.0,0.01,0.0,0.3,bottom_oxide,0.0006000000000000001,3e-06,6.000000000000001,30.0,-0.0749874227924819,
p2_bulk_nta_5e19_common_primary,NTA 5e19 common-primary state,top_primary,interface_4x,T03_P2_BULK_TRAPS_FORMAL,enabled_symmetric_teaching_top_stack,0.0,0.01,0.0,0.3,bottom_oxide,0.000625,0.0,6.25,0.0,0.0,
p2_bulk_nta_5e19_common_primary,NTA 5e19 common-primary state,top_primary,interface_4x,T03_P2_BULK_TRAPS_FORMAL,enabled_symmetric_teaching_top_stack,0.0,0.01,0.0,0.3,bottom_oxide,0.000625,5.000000000000001e-07,6.25,5.000000000000001,-0.012468872804703459,
p2_bulk_nta_5e19_common_primary,NTA 5e19 common-primary state,top_primary,interface_4x,T03_P2_BULK_TRAPS_FORMAL,enabled_symmetric_teaching_top_stack,0.0,0.01,0.0,0.3,bottom_oxide,0.000625,1.0000000000000002e-06,6.25,10.000000000000002,-0.024937745637818334,
p2_bulk_nta_5e19_common_primary,NTA 5e19 common-primary state,top_primary,interface_4x,T03_P2_BULK_TRAPS_FORMAL,enabled_symmetric_teaching_top_stack,0.0,0.01,0.0,0.3,bottom_oxide,0.000625,1.5000000000000002e-06,6.25,15.000000000000002,-0.037406618527756036,
p2_bulk_nta_5e19_common_primary,NTA 5e19 common-primary state,top_primary,interface_4x,T03_P2_BULK_TRAPS_FORMAL,enabled_symmetric_teaching_top_stack,0.0,0.01,0.0,0.3,bottom_oxide,0.000625,2.0000000000000003e-06,6.25,20.000000000000004,-0.04987549150292798,
p2_bulk_nta_5e19_common_primary,NTA 5e19 common-primary state,top_primary,interface_4x,T03_P2_BULK_TRAPS_FORMAL,enabled_symmetric_teaching_top_stack,0.0,0.01,0.0,0.3,bottom_oxide,0.000625,2.1250000000000004e-06,6.25,21.250000000000004,-0.0529927097644781,
p2_bulk_nta_5e19_common_primary,NTA 5e19 common-primary state,top_primary,interface_4x,T03_P2_BULK_TRAPS_FORMAL,enabled_symmetric_teaching_top_stack,0.0,0.01,0.0,0.3,bottom_oxide,0.000625,2.2500000000000005e-06,6.25,22.500000000000004,-0.056109928033575,
p2_bulk_nta_5e19_common_primary,NTA 5e19 common-primary state,top_primary,interface_4x,T03_P2_BULK_TRAPS_FORMAL,enabled_symmetric_teaching_top_stack,0.0,0.01,0.0,0.3,bottom_oxide,0.000625,2.375e-06,6.25,23.75,-0.0592271463106626,
p2_bulk_nta_5e19_common_primary,NTA 5e19 common-primary state,top_primary,interface_4x,T03_P2_BULK_TRAPS_FORMAL,enabled_symmetric_teaching_top_stack,0.0,0.01,0.0,0.3,bottom_oxide,0.000625,2.5e-06,6.25,25.000000000000004,-0.062344364596184844,
p2_bulk_nta_5e19_common_primary,NTA 5e19 common-primary state,top_primary,interface_4x,T03_P2_BULK_TRAPS_FORMAL,enabled_symmetric_teaching_top_stack,0.0,0.01,0.0,0.3,bottom_oxide,0.000625,2.6250000000000003e-06,6.25,26.250000000000004,-0.06546158289058567,
p2_bulk_nta_5e19_common_primary,NTA 5e19 common-primary state,top_primary,interface_4x,T03_P2_BULK_TRAPS_FORMAL,enabled_symmetric_teaching_top_stack,0.0,0.01,0.0,0.3,bottom_oxide,0.000625,2.75e-06,6.25,27.5,-0.06857880119430897,
p2_bulk_nta_5e19_common_primary,NTA 5e19 common-primary state,top_primary,interface_4x,T03_P2_BULK_TRAPS_FORMAL,enabled_symmetric_teaching_top_stack,0.0,0.01,0.0,0.3,bottom_oxide,0.000625,2.875e-06,6.25,28.75,-0.07169601950779869,
p2_bulk_nta_5e19_common_primary,NTA 5e19 common-primary state,top_primary,interface_4x,T03_P2_BULK_TRAPS_FORMAL,enabled_symmetric_teaching_top_stack,0.0,0.01,0.0,0.3,bottom_oxide,0.000625,3e-06,6.25,30.0,-0.07481323783149878,
p2_bulk_nta_5e19_common_primary,NTA 5e19 common-primary state,top_primary,interface_4x,T03_P2_BULK_TRAPS_FORMAL,enabled_symmetric_teaching_top_stack,0.0,0.01,0.0,0.3,bottom_oxide,0.0006500000000000001,0.0,6.500000000000001,0.0,0.0,
p2_bulk_nta_5e19_common_primary,NTA 5e19 common-primary state,top_primary,interface_4x,T03_P2_BULK_TRAPS_FORMAL,enabled_symmetric_teaching_top_stack,0.0,0.01,0.0,0.3,bottom_oxide,0.0006500000000000001,5.000000000000001e-07,6.500000000000001,5.000000000000001,-0.012439770948391417,
p2_bulk_nta_5e19_common_primary,NTA 5e19 common-primary state,top_primary,interface_4x,T03_P2_BULK_TRAPS_FORMAL,enabled_symmetric_teaching_top_stack,0.0,0.01,0.0,0.3,bottom_oxide,0.0006500000000000001,1.0000000000000002e-06,6.500000000000001,10.000000000000002,-0.02487954192535636,
p2_bulk_nta_5e19_common_primary,NTA 5e19 common-primary state,top_primary,interface_4x,T03_P2_BULK_TRAPS_FORMAL,enabled_symmetric_teaching_top_stack,0.0,0.01,0.0,0.3,bottom_oxide,0.0006500000000000001,1.5000000000000002e-06,6.500000000000001,15.000000000000002,-0.03731931295946835,
p2_bulk_nta_5e19_common_primary,NTA 5e19 common-primary state,top_primary,interface_4x,T03_P2_BULK_TRAPS_FORMAL,enabled_symmetric_teaching_top_stack,0.0,0.01,0.0,0.3,bottom_oxide,0.0006500000000000001,2.0000000000000003e-06,6.500000000000001,20.000000000000004,-0.04975908407930093,
p2_bulk_nta_5e19_common_primary,NTA 5e19 common-primary state,top_primary,interface_4x,T03_P2_BULK_TRAPS_FORMAL,enabled_symmetric_teaching_top_stack,0.0,0.01,0.0,0.3,bottom_oxide,0.0006500000000000001,2.1250000000000004e-06,6.500000000000001,21.250000000000004,-0.052869026877117524,
p2_bulk_nta_5e19_common_primary,NTA 5e19 common-primary state,top_primary,interface_4x,T03_P2_BULK_TRAPS_FORMAL,enabled_symmetric_teaching_top_stack,0.0,0.01,0.0,0.3,bottom_oxide,0.0006500000000000001,2.2500000000000005e-06,6.500000000000001,22.500000000000004,-0.055978969682523964,
p2_bulk_nta_5e19_common_primary,NTA 5e19 common-primary state,top_primary,interface_4x,T03_P2_BULK_TRAPS_FORMAL,enabled_symmetric_teaching_top_stack,0.0,0.01,0.0,0.3,bottom_oxide,0.0006500000000000001,2.375e-06,6.500000000000001,23.75,-0.0590889124959667,
p2_bulk_nta_5e19_common_primary,NTA 5e19 common-primary state,top_primary,interface_4x,T03_P2_BULK_TRAPS_FORMAL,enabled_symmetric_teaching_top_stack,0.0,0.01,0.0,0.3,bottom_oxide,0.0006500000000000001,2.5e-06,6.500000000000001,25.000000000000004,-0.06219885531789221,
p2_bulk_nta_5e19_common_primary,NTA 5e19 common-primary state,top_primary,interface_4x,T03_P2_BULK_TRAPS_FORMAL,enabled_symmetric_teaching_top_stack,0.0,0.01,0.0,0.3,bottom_oxide,0.0006500000000000001,2.6250000000000003e-06,6.500000000000001,26.250000000000004,-0.06530879814874695,
p2_bulk_nta_5e19_common_primary,NTA 5e19 common-primary state,top_primary,interface_4x,T03_P2_BULK_TRAPS_FORMAL,enabled_symmetric_teaching_top_stack,0.0,0.01,0.0,0.3,bottom_oxide,0.0006500000000000001,2.75e-06,6.500000000000001,27.5,-0.06841874098897735,
p2_bulk_nta_5e19_common_primary,NTA 5e19 common-primary state,top_primary,interface_4x,T03_P2_BULK_TRAPS_FORMAL,enabled_symmetric_teaching_top_stack,0.0,0.01,0.0,0.3,bottom_oxide,0.0006500000000000001,2.875e-06,6.500000000000001,28.75,-0.07152868383902992,
p2_bulk_nta_5e19_common_primary,NTA 5e19 common-primary state,top_primary,interface_4x,T03_P2_BULK_TRAPS_FORMAL,enabled_symmetric_teaching_top_stack,0.0,0.01,0.0,0.3,bottom_oxide,0.0006500000000000001,3e-06,6.500000000000001,30.0,-0.0746386266993511,
p2_bulk_nta_5e19_common_primary,NTA 5e19 common-primary state,top_primary,interface_4x,T03_P2_BULK_TRAPS_FORMAL,enabled_symmetric_teaching_top_stack,0.0,0.01,0.0,0.3,bottom_oxide,0.000675,0.0,6.75,0.0,0.0,
p2_bulk_nta_5e19_common_primary,NTA 5e19 common-primary state,top_primary,interface_4x,T03_P2_BULK_TRAPS_FORMAL,enabled_symmetric_teaching_top_stack,0.0,0.01,0.0,0.3,bottom_oxide,0.000675,5.000000000000001e-07,6.75,5.000000000000001,-0.012410597658263902,
p2_bulk_nta_5e19_common_primary,NTA 5e19 common-primary state,top_primary,interface_4x,T03_P2_BULK_TRAPS_FORMAL,enabled_symmetric_teaching_top_stack,0.0,0.01,0.0,0.3,bottom_oxide,0.000675,1.0000000000000002e-06,6.75,10.000000000000002,-0.024821195345264904,
p2_bulk_nta_5e19_common_primary,NTA 5e19 common-primary state,top_primary,interface_4x,T03_P2_BULK_TRAPS_FORMAL,enabled_symmetric_teaching_top_stack,0.0,0.01,0.0,0.3,bottom_oxide,0.000675,1.5000000000000002e-06,6.75,15.000000000000002,-0.037231793089740096,
p2_bulk_nta_5e19_common_primary,NTA 5e19 common-primary state,top_primary,interface_4x,T03_P2_BULK_TRAPS_FORMAL,enabled_symmetric_teaching_top_stack,0.0,0.01,0.0,0.3,bottom_oxide,0.000675,2.0000000000000003e-06,6.75,20.000000000000004,-0.04964239092042658,
p2_bulk_nta_5e19_common_primary,NTA 5e19 common-primary state,top_primary,interface_4x,T03_P2_BULK_TRAPS_FORMAL,enabled_symmetric_teaching_top_stack,0.0,0.01,0.0,0.3,bottom_oxide,0.000675,2.1250000000000004e-06,6.75,21.250000000000004,-0.05274504039605888,
p2_bulk_nta_5e19_common_primary,NTA 5e19 common-primary state,top_primary,interface_4x,T03_P2_BULK_TRAPS_FORMAL,enabled_symmetric_teaching_top_stack,0.0,0.01,0.0,0.3,bottom_oxide,0.000675,2.2500000000000005e-06,6.75,22.500000000000004,-0.05584768987932447,
p2_bulk_nta_5e19_common_primary,NTA 5e19 common-primary state,top_primary,interface_4x,T03_P2_BULK_TRAPS_FORMAL,enabled_symmetric_teaching_top_stack,0.0,0.01,0.0,0.3,bottom_oxide,0.000675,2.375e-06,6.75,23.75,-0.05895033937067237,
p2_bulk_nta_5e19_common_primary,NTA 5e19 common-primary state,top_primary,interface_4x,T03_P2_BULK_TRAPS_FORMAL,enabled_symmetric_teaching_top_stack,0.0,0.01,0.0,0.3,bottom_oxide,0.000675,2.5e-06,6.75,25.000000000000004,-0.0620529888705516,
p2_bulk_nta_5e19_common_primary,NTA 5e19 common-primary state,top_primary,interface_4x,T03_P2_BULK_TRAPS_FORMAL,enabled_symmetric_teaching_top_stack,0.0,0.01,0.0,0.3,bottom_oxide,0.000675,2.6250000000000003e-06,6.75,26.250000000000004,-0.06515563837941117,
p2_bulk_nta_5e19_common_primary,NTA 5e19 common-primary state,top_primary,interface_4x,T03_P2_BULK_TRAPS_FORMAL,enabled_symmetric_teaching_top_stack,0.0,0.01,0.0,0.3,bottom_oxide,0.000675,2.75e-06,6.75,27.5,-0.06825828789770008,
p2_bulk_nta_5e19_common_primary,NTA 5e19 common-primary state,top_primary,interface_4x,T03_P2_BULK_TRAPS_FORMAL,enabled_symmetric_teaching_top_stack,0.0,0.01,0.0,0.3,bottom_oxide,0.000675,2.875e-06,6.75,28.75,-0.0713609374258674,
p2_bulk_nta_5e19_common_primary,NTA 5e19 common-primary state,top_primary,interface_4x,T03_P2_BULK_TRAPS_FORMAL,enabled_symmetric_teaching_top_stack,0.0,0.01,0.0,0.3,bottom_oxide,0.000675,3e-06,6.75,30.0,-0.07446358696436209,
p2_bulk_nta_5e19_common_primary,NTA 5e19 common-primary state,top_primary,interface_4x,T03_P2_BULK_TRAPS_FORMAL,enabled_symmetric_teaching_top_stack,0.0,0.01,0.0,0.3,bottom_oxide,0.0007,0.0,7.0,0.0,0.0,
p2_bulk_nta_5e19_common_primary,NTA 5e19 common-primary state,top_primary,interface_4x,T03_P2_BULK_TRAPS_FORMAL,enabled_symmetric_teaching_top_stack,0.0,0.01,0.0,0.3,bottom_oxide,0.0007,5.000000000000001e-07,7.0,5.000000000000001,-0.012381352525395973,
p2_bulk_nta_5e19_common_primary,NTA 5e19 common-primary state,top_primary,interface_4x,T03_P2_BULK_TRAPS_FORMAL,enabled_symmetric_teaching_top_stack,0.0,0.01,0.0,0.3,bottom_oxide,0.0007,1.0000000000000002e-06,7.0,10.000000000000002,-0.024762705079694088,
p2_bulk_nta_5e19_common_primary,NTA 5e19 common-primary state,top_primary,interface_4x,T03_P2_BULK_TRAPS_FORMAL,enabled_symmetric_teaching_top_stack,0.0,0.01,0.0,0.3,bottom_oxide,0.0007,1.5000000000000002e-06,7.0,15.000000000000002,-0.03714405769179648,
p2_bulk_nta_5e19_common_primary,NTA 5e19 common-primary state,top_primary,interface_4x,T03_P2_BULK_TRAPS_FORMAL,enabled_symmetric_teaching_top_stack,0.0,0.01,0.0,0.3,bottom_oxide,0.0007,2.0000000000000003e-06,7.0,20.000000000000004,-0.04952541039060531,
p2_bulk_nta_5e19_common_primary,NTA 5e19 common-primary state,top_primary,interface_4x,T03_P2_BULK_TRAPS_FORMAL,enabled_symmetric_teaching_top_stack,0.0,0.01,0.0,0.3,bottom_oxide,0.0007,2.1250000000000004e-06,7.0,21.250000000000004,-0.05262074858337135,
p2_bulk_nta_5e19_common_primary,NTA 5e19 common-primary state,top_primary,interface_4x,T03_P2_BULK_TRAPS_FORMAL,enabled_symmetric_teaching_top_stack,0.0,0.01,0.0,0.3,bottom_oxide,0.0007,2.2500000000000005e-06,7.0,22.500000000000004,-0.05571608678381453,
p2_bulk_nta_5e19_common_primary,NTA 5e19 common-primary state,top_primary,interface_4x,T03_P2_BULK_TRAPS_FORMAL,enabled_symmetric_teaching_top_stack,0.0,0.01,0.0,0.3,bottom_oxide,0.0007,2.375e-06,7.0,23.75,-0.058811424992386424,
p2_bulk_nta_5e19_common_primary,NTA 5e19 common-primary state,top_primary,interface_4x,T03_P2_BULK_TRAPS_FORMAL,enabled_symmetric_teaching_top_stack,0.0,0.01,0.0,0.3,bottom_oxide,0.0007,2.5e-06,7.0,25.000000000000004,-0.06190676320953865,
p2_bulk_nta_5e19_common_primary,NTA 5e19 common-primary state,top_primary,interface_4x,T03_P2_BULK_TRAPS_FORMAL,enabled_symmetric_teaching_top_stack,0.0,0.01,0.0,0.3,bottom_oxide,0.0007,2.6250000000000003e-06,7.0,26.250000000000004,-0.0650021014357228,
p2_bulk_nta_5e19_common_primary,NTA 5e19 common-primary state,top_primary,interface_4x,T03_P2_BULK_TRAPS_FORMAL,enabled_symmetric_teaching_top_stack,0.0,0.01,0.0,0.3,bottom_oxide,0.0007,2.75e-06,7.0,27.5,-0.06809743967139044,
p2_bulk_nta_5e19_common_primary,NTA 5e19 common-primary state,top_primary,interface_4x,T03_P2_BULK_TRAPS_FORMAL,enabled_symmetric_teaching_top_stack,0.0,0.01,0.0,0.3,bottom_oxide,0.0007,2.875e-06,7.0,28.75,-0.07119277791699322,
p2_bulk_nta_5e19_common_primary,NTA 5e19 common-primary state,top_primary,interface_4x,T03_P2_BULK_TRAPS_FORMAL,enabled_symmetric_teaching_top_stack,0.0,0.01,0.0,0.3,bottom_oxide,0.0007,3e-06,7.0,30.0,-0.07428811617298268,
p2_bulk_nta_5e19_common_primary,NTA 5e19 common-primary state,top_primary,interface_4x,T03_P2_BULK_TRAPS_FORMAL,enabled_symmetric_teaching_top_stack,0.0,0.01,0.0,0.3,bottom_oxide,0.0007250000000000001,0.0,7.250000000000001,0.0,0.0,
p2_bulk_nta_5e19_common_primary,NTA 5e19 common-primary state,top_primary,interface_4x,T03_P2_BULK_TRAPS_FORMAL,enabled_symmetric_teaching_top_stack,0.0,0.01,0.0,0.3,bottom_oxide,0.0007250000000000001,5.000000000000001e-07,7.250000000000001,5.000000000000001,-0.012352035137172453,
p2_bulk_nta_5e19_common_primary,NTA 5e19 common-primary state,top_primary,interface_4x,T03_P2_BULK_TRAPS_FORMAL,enabled_symmetric_teaching_top_stack,0.0,0.01,0.0,0.3,bottom_oxide,0.0007250000000000001,1.0000000000000002e-06,7.250000000000001,10.000000000000002,-0.02470407030341359,
p2_bulk_nta_5e19_common_primary,NTA 5e19 common-primary state,top_primary,interface_4x,T03_P2_BULK_TRAPS_FORMAL,enabled_symmetric_teaching_top_stack,0.0,0.01,0.0,0.3,bottom_oxide,0.0007250000000000001,1.5000000000000002e-06,7.250000000000001,15.000000000000002,-0.03705610552779209,
p2_bulk_nta_5e19_common_primary,NTA 5e19 common-primary state,top_primary,interface_4x,T03_P2_BULK_TRAPS_FORMAL,enabled_symmetric_teaching_top_stack,0.0,0.01,0.0,0.3,bottom_oxide,0.0007250000000000001,2.0000000000000003e-06,7.250000000000001,20.000000000000004,-0.049408140839376634,
p2_bulk_nta_5e19_common_primary,NTA 5e19 common-primary state,top_primary,interface_4x,T03_P2_BULK_TRAPS_FORMAL,enabled_symmetric_teaching_top_stack,0.0,0.01,0.0,0.3,bottom_oxide,0.0007250000000000001,2.1250000000000004e-06,7.250000000000001,21.250000000000004,-0.052496149685440696,
p2_bulk_nta_5e19_common_primary,NTA 5e19 common-primary state,top_primary,interface_4x,T03_P2_BULK_TRAPS_FORMAL,enabled_symmetric_teaching_top_stack,0.0,0.01,0.0,0.3,bottom_oxide,0.0007250000000000001,2.2500000000000005e-06,7.250000000000001,22.500000000000004,-0.05558415853922613,
p2_bulk_nta_5e19_common_primary,NTA 5e19 common-primary state,top_primary,interface_4x,T03_P2_BULK_TRAPS_FORMAL,enabled_symmetric_teaching_top_stack,0.0,0.01,0.0,0.3,bottom_oxide,0.0007250000000000001,2.375e-06,7.250000000000001,23.75,-0.058672167401187116,
p2_bulk_nta_5e19_common_primary,NTA 5e19 common-primary state,top_primary,interface_4x,T03_P2_BULK_TRAPS_FORMAL,enabled_symmetric_teaching_top_stack,0.0,0.01,0.0,0.3,bottom_oxide,0.0007250000000000001,2.5e-06,7.250000000000001,25.000000000000004,-0.061760176271777885,
p2_bulk_nta_5e19_common_primary,NTA 5e19 common-primary state,top_primary,interface_4x,T03_P2_BULK_TRAPS_FORMAL,enabled_symmetric_teaching_top_stack,0.0,0.01,0.0,0.3,bottom_oxide,0.0007250000000000001,2.6250000000000003e-06,7.250000000000001,26.250000000000004,-0.0648481851514526,
p2_bulk_nta_5e19_common_primary,NTA 5e19 common-primary state,top_primary,interface_4x,T03_P2_BULK_TRAPS_FORMAL,enabled_symmetric_teaching_top_stack,0.0,0.01,0.0,0.3,bottom_oxide,0.0007250000000000001,2.75e-06,7.250000000000001,27.5,-0.06793619404066549,
p2_bulk_nta_5e19_common_primary,NTA 5e19 common-primary state,top_primary,interface_4x,T03_P2_BULK_TRAPS_FORMAL,enabled_symmetric_teaching_top_stack,0.0,0.01,0.0,0.3,bottom_oxide,0.0007250000000000001,2.875e-06,7.250000000000001,28.75,-0.07102420293987073,
p2_bulk_nta_5e19_common_primary,NTA 5e19 common-primary state,top_primary,interface_4x,T03_P2_BULK_TRAPS_FORMAL,enabled_symmetric_teaching_top_stack,0.0,0.01,0.0,0.3,bottom_oxide,0.0007250000000000001,3e-06,7.250000000000001,30.0,-0.07411221184952253,
p2_bulk_nta_5e19_common_primary,NTA 5e19 common-primary state,top_primary,interface_4x,T03_P2_BULK_TRAPS_FORMAL,enabled_symmetric_teaching_top_stack,0.0,0.01,0.0,0.3,bottom_oxide,0.00075,0.0,7.5,0.0,0.0,
p2_bulk_nta_5e19_common_primary,NTA 5e19 common-primary state,top_primary,interface_4x,T03_P2_BULK_TRAPS_FORMAL,enabled_symmetric_teaching_top_stack,0.0,0.01,0.0,0.3,bottom_oxide,0.00075,5.000000000000001e-07,7.5,5.000000000000001,-0.01232264507724239,
p2_bulk_nta_5e19_common_primary,NTA 5e19 common-primary state,top_primary,interface_4x,T03_P2_BULK_TRAPS_FORMAL,enabled_symmetric_teaching_top_stack,0.0,0.01,0.0,0.3,bottom_oxide,0.00075,1.0000000000000002e-06,7.5,10.000000000000002,-0.024645290183721514,
p2_bulk_nta_5e19_common_primary,NTA 5e19 common-primary state,top_primary,interface_4x,T03_P2_BULK_TRAPS_FORMAL,enabled_symmetric_teaching_top_stack,0.0,0.01,0.0,0.3,bottom_oxide,0.00075,1.5000000000000002e-06,7.5,15.000000000000002,-0.03696793534867411,
p2_bulk_nta_5e19_common_primary,NTA 5e19 common-primary state,top_primary,interface_4x,T03_P2_BULK_TRAPS_FORMAL,enabled_symmetric_teaching_top_stack,0.0,0.01,0.0,0.3,bottom_oxide,0.00075,2.0000000000000003e-06,7.5,20.000000000000004,-0.04929058060133691,
p2_bulk_nta_5e19_common_primary,NTA 5e19 common-primary state,top_primary,interface_4x,T03_P2_BULK_TRAPS_FORMAL,enabled_symmetric_teaching_top_stack,0.0,0.01,0.0,0.3,bottom_oxide,0.00075,2.1250000000000004e-06,7.5,21.250000000000004,-0.05237124193277557,
p2_bulk_nta_5e19_common_primary,NTA 5e19 common-primary state,top_primary,interface_4x,T03_P2_BULK_TRAPS_FORMAL,enabled_symmetric_teaching_top_stack,0.0,0.01,0.0,0.3,bottom_oxide,0.00075,2.2500000000000005e-06,7.5,22.500000000000004,-0.05545190327198024,
p2_bulk_nta_5e19_common_primary,NTA 5e19 common-primary state,top_primary,interface_4x,T03_P2_BULK_TRAPS_FORMAL,enabled_symmetric_teaching_top_stack,0.0,0.01,0.0,0.3,bottom_oxide,0.00075,2.375e-06,7.5,23.75,-0.05853256461940773,
p2_bulk_nta_5e19_common_primary,NTA 5e19 common-primary state,top_primary,interface_4x,T03_P2_BULK_TRAPS_FORMAL,enabled_symmetric_teaching_top_stack,0.0,0.01,0.0,0.3,bottom_oxide,0.00075,2.5e-06,7.5,25.000000000000004,-0.061613225975514885,
p2_bulk_nta_5e19_common_primary,NTA 5e19 common-primary state,top_primary,interface_4x,T03_P2_BULK_TRAPS_FORMAL,enabled_symmetric_teaching_top_stack,0.0,0.01,0.0,0.3,bottom_oxide,0.00075,2.6250000000000003e-06,7.5,26.250000000000004,-0.06469388734075852,
p2_bulk_nta_5e19_common_primary,NTA 5e19 common-primary state,top_primary,interface_4x,T03_P2_BULK_TRAPS_FORMAL,enabled_symmetric_teaching_top_stack,0.0,0.01,0.0,0.3,bottom_oxide,0.00075,2.75e-06,7.5,27.5,-0.06777454871559545,
p2_bulk_nta_5e19_common_primary,NTA 5e19 common-primary state,top_primary,interface_4x,T03_P2_BULK_TRAPS_FORMAL,enabled_symmetric_teaching_top_stack,0.0,0.01,0.0,0.3,bottom_oxide,0.00075,2.875e-06,7.5,28.75,-0.07085521010048251,
p2_bulk_nta_5e19_common_primary,NTA 5e19 common-primary state,top_primary,interface_4x,T03_P2_BULK_TRAPS_FORMAL,enabled_symmetric_teaching_top_stack,0.0,0.01,0.0,0.3,bottom_oxide,0.00075,3e-06,7.5,30.0,-0.07393587149587652,
p2_bulk_nta_5e19_common_primary,NTA 5e19 common-primary state,top_primary,interface_4x,T03_P2_BULK_TRAPS_FORMAL,enabled_symmetric_teaching_top_stack,0.0,0.01,0.0,0.3,bottom_oxide,0.000775,0.0,7.75,0.0,0.0,
p2_bulk_nta_5e19_common_primary,NTA 5e19 common-primary state,top_primary,interface_4x,T03_P2_BULK_TRAPS_FORMAL,enabled_symmetric_teaching_top_stack,0.0,0.01,0.0,0.3,bottom_oxide,0.000775,5.000000000000001e-07,7.75,5.000000000000001,-0.012293181925472735,
p2_bulk_nta_5e19_common_primary,NTA 5e19 common-primary state,top_primary,interface_4x,T03_P2_BULK_TRAPS_FORMAL,enabled_symmetric_teaching_top_stack,0.0,0.01,0.0,0.3,bottom_oxide,0.000775,1.0000000000000002e-06,7.75,10.000000000000002,-0.02458636388035179,
p2_bulk_nta_5e19_common_primary,NTA 5e19 common-primary state,top_primary,interface_4x,T03_P2_BULK_TRAPS_FORMAL,enabled_symmetric_teaching_top_stack,0.0,0.01,0.0,0.3,bottom_oxide,0.000775,1.5000000000000002e-06,7.75,15.000000000000002,-0.03687954589404349,
p2_bulk_nta_5e19_common_primary,NTA 5e19 common-primary state,top_primary,interface_4x,T03_P2_BULK_TRAPS_FORMAL,enabled_symmetric_teaching_top_stack,0.0,0.01,0.0,0.3,bottom_oxide,0.000775,2.0000000000000003e-06,7.75,20.000000000000004,-0.049172727995954145,
p2_bulk_nta_5e19_common_primary,NTA 5e19 common-primary state,top_primary,interface_4x,T03_P2_BULK_TRAPS_FORMAL,enabled_symmetric_teaching_top_stack,0.0,0.01,0.0,0.3,bottom_oxide,0.000775,2.1250000000000004e-06,7.75,21.250000000000004,-0.05224602353981076,
p2_bulk_nta_5e19_common_primary,NTA 5e19 common-primary state,top_primary,interface_4x,T03_P2_BULK_TRAPS_FORMAL,enabled_symmetric_teaching_top_stack,0.0,0.01,0.0,0.3,bottom_oxide,0.000775,2.2500000000000005e-06,7.75,22.500000000000004,-0.05531931909147843,
p2_bulk_nta_5e19_common_primary,NTA 5e19 common-primary state,top_primary,interface_4x,T03_P2_BULK_TRAPS_FORMAL,enabled_symmetric_teaching_top_stack,0.0,0.01,0.0,0.3,bottom_oxide,0.000775,2.375e-06,7.75,23.75,-0.05839261465141661,
p2_bulk_nta_5e19_common_primary,NTA 5e19 common-primary state,top_primary,interface_4x,T03_P2_BULK_TRAPS_FORMAL,enabled_symmetric_teaching_top_stack,0.0,0.01,0.0,0.3,bottom_oxide,0.000775,2.5e-06,7.75,25.000000000000004,-0.06146591022008481,
p2_bulk_nta_5e19_common_primary,NTA 5e19 common-primary state,top_primary,interface_4x,T03_P2_BULK_TRAPS_FORMAL,enabled_symmetric_teaching_top_stack,0.0,0.01,0.0,0.3,bottom_oxide,0.000775,2.6250000000000003e-06,7.75,26.250000000000004,-0.06453920579794248,
p2_bulk_nta_5e19_common_primary,NTA 5e19 common-primary state,top_primary,interface_4x,T03_P2_BULK_TRAPS_FORMAL,enabled_symmetric_teaching_top_stack,0.0,0.01,0.0,0.3,bottom_oxide,0.000775,2.75e-06,7.75,27.5,-0.0676125013854491,
p2_bulk_nta_5e19_common_primary,NTA 5e19 common-primary state,top_primary,interface_4x,T03_P2_BULK_TRAPS_FORMAL,enabled_symmetric_teaching_top_stack,0.0,0.01,0.0,0.3,bottom_oxide,0.000775,2.875e-06,7.75,28.75,-0.07068579698306413,
p2_bulk_nta_5e19_common_primary,NTA 5e19 common-primary state,top_primary,interface_4x,T03_P2_BULK_TRAPS_FORMAL,enabled_symmetric_teaching_top_stack,0.0,0.01,0.0,0.3,bottom_oxide,0.000775,3e-06,7.75,30.0,-0.07375909259124706,
p2_bulk_nta_5e19_common_primary,NTA 5e19 common-primary state,top_primary,interface_4x,T03_P2_BULK_TRAPS_FORMAL,enabled_symmetric_teaching_top_stack,0.0,0.01,0.0,0.3,bottom_oxide,0.0008,0.0,8.0,0.0,0.0,
p2_bulk_nta_5e19_common_primary,NTA 5e19 common-primary state,top_primary,interface_4x,T03_P2_BULK_TRAPS_FORMAL,enabled_symmetric_teaching_top_stack,0.0,0.01,0.0,0.3,bottom_oxide,0.0008,5.000000000000001e-07,8.0,5.000000000000001,-0.012263645257901374,
p2_bulk_nta_5e19_common_primary,NTA 5e19 common-primary state,top_primary,interface_4x,T03_P2_BULK_TRAPS_FORMAL,enabled_symmetric_teaching_top_stack,0.0,0.01,0.0,0.3,bottom_oxide,0.0008,1.0000000000000002e-06,8.0,10.000000000000002,-0.024527290545380206,
p2_bulk_nta_5e19_common_primary,NTA 5e19 common-primary state,top_primary,interface_4x,T03_P2_BULK_TRAPS_FORMAL,enabled_symmetric_teaching_top_stack,0.0,0.01,0.0,0.3,bottom_oxide,0.0008,1.5000000000000002e-06,8.0,15.000000000000002,-0.036790935892013946,
p2_bulk_nta_5e19_common_primary,NTA 5e19 common-primary state,top_primary,interface_4x,T03_P2_BULK_TRAPS_FORMAL,enabled_symmetric_teaching_top_stack,0.0,0.01,0.0,0.3,bottom_oxide,0.0008,2.0000000000000003e-06,8.0,20.000000000000004,-0.049054581327380054,
p2_bulk_nta_5e19_common_primary,NTA 5e19 common-primary state,top_primary,interface_4x,T03_P2_BULK_TRAPS_FORMAL,enabled_symmetric_teaching_top_stack,0.0,0.01,0.0,0.3,bottom_oxide,0.0008,2.1250000000000004e-06,8.0,21.250000000000004,-0.05212049270470749,
p2_bulk_nta_5e19_common_primary,NTA 5e19 common-primary state,top_primary,interface_4x,T03_P2_BULK_TRAPS_FORMAL,enabled_symmetric_teaching_top_stack,0.0,0.01,0.0,0.3,bottom_oxide,0.0008,2.2500000000000005e-06,8.0,22.500000000000004,-0.05518640408989144,
p2_bulk_nta_5e19_common_primary,NTA 5e19 common-primary state,top_primary,interface_4x,T03_P2_BULK_TRAPS_FORMAL,enabled_symmetric_teaching_top_stack,0.0,0.01,0.0,0.3,bottom_oxide,0.0008,2.375e-06,8.0,23.75,-0.05825231548339404,
p2_bulk_nta_5e19_common_primary,NTA 5e19 common-primary state,top_primary,interface_4x,T03_P2_BULK_TRAPS_FORMAL,enabled_symmetric_teaching_top_stack,0.0,0.01,0.0,0.3,bottom_oxide,0.0008,2.5e-06,8.0,25.000000000000004,-0.06131822688567746,
p2_bulk_nta_5e19_common_primary,NTA 5e19 common-primary state,top_primary,interface_4x,T03_P2_BULK_TRAPS_FORMAL,enabled_symmetric_teaching_top_stack,0.0,0.01,0.0,0.3,bottom_oxide,0.0008,2.6250000000000003e-06,8.0,26.250000000000004,-0.06438413829720382,
p2_bulk_nta_5e19_common_primary,NTA 5e19 common-primary state,top_primary,interface_4x,T03_P2_BULK_TRAPS_FORMAL,enabled_symmetric_teaching_top_stack,0.0,0.01,0.0,0.3,bottom_oxide,0.0008,2.75e-06,8.0,27.5,-0.06745004971843528,
p2_bulk_nta_5e19_common_primary,NTA 5e19 common-primary state,top_primary,interface_4x,T03_P2_BULK_TRAPS_FORMAL,enabled_symmetric_teaching_top_stack,0.0,0.01,0.0,0.3,bottom_oxide,0.0008,2.875e-06,8.0,28.75,-0.07051596114983401,
p2_bulk_nta_5e19_common_primary,NTA 5e19 common-primary state,top_primary,interface_4x,T03_P2_BULK_TRAPS_FORMAL,enabled_symmetric_teaching_top_stack,0.0,0.01,0.0,0.3,bottom_oxide,0.0008,3e-06,8.0,30.0,-0.07358187259186212,
p2_bulk_nta_5e19_common_primary,NTA 5e19 common-primary state,top_primary,interface_4x,T03_P2_BULK_TRAPS_FORMAL,enabled_symmetric_teaching_top_stack,0.0,0.01,0.0,0.3,bottom_oxide,0.000825,0.0,8.25,0.0,0.0,
p2_bulk_nta_5e19_common_primary,NTA 5e19 common-primary state,top_primary,interface_4x,T03_P2_BULK_TRAPS_FORMAL,enabled_symmetric_teaching_top_stack,0.0,0.01,0.0,0.3,bottom_oxide,0.000825,5.000000000000001e-07,8.25,5.000000000000001,-0.012234034646689337,
p2_bulk_nta_5e19_common_primary,NTA 5e19 common-primary state,top_primary,interface_4x,T03_P2_BULK_TRAPS_FORMAL,enabled_symmetric_teaching_top_stack,0.0,0.01,0.0,0.3,bottom_oxide,0.000825,1.0000000000000002e-06,8.25,10.000000000000002,-0.024468069323128835,
p2_bulk_nta_5e19_common_primary,NTA 5e19 common-primary state,top_primary,interface_4x,T03_P2_BULK_TRAPS_FORMAL,enabled_symmetric_teaching_top_stack,0.0,0.01,0.0,0.3,bottom_oxide,0.000825,1.5000000000000002e-06,8.25,15.000000000000002,-0.03670210405906866,
p2_bulk_nta_5e19_common_primary,NTA 5e19 common-primary state,top_primary,interface_4x,T03_P2_BULK_TRAPS_FORMAL,enabled_symmetric_teaching_top_stack,0.0,0.01,0.0,0.3,bottom_oxide,0.000825,2.0000000000000003e-06,8.25,20.000000000000004,-0.04893613888425896,
p2_bulk_nta_5e19_common_primary,NTA 5e19 common-primary state,top_primary,interface_4x,T03_P2_BULK_TRAPS_FORMAL,enabled_symmetric_teaching_top_stack,0.0,0.01,0.0,0.3,bottom_oxide,0.000825,2.1250000000000004e-06,8.25,21.250000000000004,-0.05199464760915039,
p2_bulk_nta_5e19_common_primary,NTA 5e19 common-primary state,top_primary,interface_4x,T03_P2_BULK_TRAPS_FORMAL,enabled_symmetric_teaching_top_stack,0.0,0.01,0.0,0.3,bottom_oxide,0.000825,2.2500000000000005e-06,8.25,22.500000000000004,-0.0550531563419442,
p2_bulk_nta_5e19_common_primary,NTA 5e19 common-primary state,top_primary,interface_4x,T03_P2_BULK_TRAPS_FORMAL,enabled_symmetric_teaching_top_stack,0.0,0.01,0.0,0.3,bottom_oxide,0.000825,2.375e-06,8.25,23.75,-0.05811166508310524,
p2_bulk_nta_5e19_common_primary,NTA 5e19 common-primary state,top_primary,interface_4x,T03_P2_BULK_TRAPS_FORMAL,enabled_symmetric_teaching_top_stack,0.0,0.01,0.0,0.3,bottom_oxide,0.000825,2.5e-06,8.25,25.000000000000004,-0.06117017383309836,
p2_bulk_nta_5e19_common_primary,NTA 5e19 common-primary state,top_primary,interface_4x,T03_P2_BULK_TRAPS_FORMAL,enabled_symmetric_teaching_top_stack,0.0,0.01,0.0,0.3,bottom_oxide,0.000825,2.6250000000000003e-06,8.25,26.250000000000004,-0.06422868259238841,
p2_bulk_nta_5e19_common_primary,NTA 5e19 common-primary state,top_primary,interface_4x,T03_P2_BULK_TRAPS_FORMAL,enabled_symmetric_teaching_top_stack,0.0,0.01,0.0,0.3,bottom_oxide,0.000825,2.75e-06,8.25,27.5,-0.06728719136144022,
p2_bulk_nta_5e19_common_primary,NTA 5e19 common-primary state,top_primary,interface_4x,T03_P2_BULK_TRAPS_FORMAL,enabled_symmetric_teaching_top_stack,0.0,0.01,0.0,0.3,bottom_oxide,0.000825,2.875e-06,8.25,28.75,-0.07034570014071867,
p2_bulk_nta_5e19_common_primary,NTA 5e19 common-primary state,top_primary,interface_4x,T03_P2_BULK_TRAPS_FORMAL,enabled_symmetric_teaching_top_stack,0.0,0.01,0.0,0.3,bottom_oxide,0.000825,3e-06,8.25,30.0,-0.07340420893068857,
p2_bulk_nta_5e19_common_primary,NTA 5e19 common-primary state,top_primary,interface_4x,T03_P2_BULK_TRAPS_FORMAL,enabled_symmetric_teaching_top_stack,0.0,0.01,0.0,0.3,bottom_oxide,0.0008500000000000001,0.0,8.5,0.0,0.0,
p2_bulk_nta_5e19_common_primary,NTA 5e19 common-primary state,top_primary,interface_4x,T03_P2_BULK_TRAPS_FORMAL,enabled_symmetric_teaching_top_stack,0.0,0.01,0.0,0.3,bottom_oxide,0.0008500000000000001,5.000000000000001e-07,8.5,5.000000000000001,-0.012204349660072123,
p2_bulk_nta_5e19_common_primary,NTA 5e19 common-primary state,top_primary,interface_4x,T03_P2_BULK_TRAPS_FORMAL,enabled_symmetric_teaching_top_stack,0.0,0.01,0.0,0.3,bottom_oxide,0.0008500000000000001,1.0000000000000002e-06,8.5,10.000000000000002,-0.024408699350068723,
p2_bulk_nta_5e19_common_primary,NTA 5e19 common-primary state,top_primary,interface_4x,T03_P2_BULK_TRAPS_FORMAL,enabled_symmetric_teaching_top_stack,0.0,0.01,0.0,0.3,bottom_oxide,0.0008500000000000001,1.5000000000000002e-06,8.5,15.000000000000002,-0.036613049099914266,
p2_bulk_nta_5e19_common_primary,NTA 5e19 common-primary state,top_primary,interface_4x,T03_P2_BULK_TRAPS_FORMAL,enabled_symmetric_teaching_top_stack,0.0,0.01,0.0,0.3,bottom_oxide,0.0008500000000000001,2.0000000000000003e-06,8.5,20.000000000000004,-0.048817398939533234,
p2_bulk_nta_5e19_common_primary,NTA 5e19 common-primary state,top_primary,interface_4x,T03_P2_BULK_TRAPS_FORMAL,enabled_symmetric_teaching_top_stack,0.0,0.01,0.0,0.3,bottom_oxide,0.0008500000000000001,2.1250000000000004e-06,8.5,21.250000000000004,-0.05186848641814077,
p2_bulk_nta_5e19_common_primary,NTA 5e19 common-primary state,top_primary,interface_4x,T03_P2_BULK_TRAPS_FORMAL,enabled_symmetric_teaching_top_stack,0.0,0.01,0.0,0.3,bottom_oxide,0.0008500000000000001,2.2500000000000005e-06,8.5,22.500000000000004,-0.05491957390469699,
p2_bulk_nta_5e19_common_primary,NTA 5e19 common-primary state,top_primary,interface_4x,T03_P2_BULK_TRAPS_FORMAL,enabled_symmetric_teaching_top_stack,0.0,0.01,0.0,0.3,bottom_oxide,0.0008500000000000001,2.375e-06,8.5,23.75,-0.057970661399669464,
p2_bulk_nta_5e19_common_primary,NTA 5e19 common-primary state,top_primary,interface_4x,T03_P2_BULK_TRAPS_FORMAL,enabled_symmetric_teaching_top_stack,0.0,0.01,0.0,0.3,bottom_oxide,0.0008500000000000001,2.5e-06,8.5,25.000000000000004,-0.06102174890352577,
p2_bulk_nta_5e19_common_primary,NTA 5e19 common-primary state,top_primary,interface_4x,T03_P2_BULK_TRAPS_FORMAL,enabled_symmetric_teaching_top_stack,0.0,0.01,0.0,0.3,bottom_oxide,0.0008500000000000001,2.6250000000000003e-06,8.5,26.250000000000004,-0.06407283641673348,
p2_bulk_nta_5e19_common_primary,NTA 5e19 common-primary state,top_primary,interface_4x,T03_P2_BULK_TRAPS_FORMAL,enabled_symmetric_teaching_top_stack,0.0,0.01,0.0,0.3,bottom_oxide,0.0008500000000000001,2.75e-06,8.5,27.5,-0.06712392393976013,
p2_bulk_nta_5e19_common_primary,NTA 5e19 common-primary state,top_primary,interface_4x,T03_P2_BULK_TRAPS_FORMAL,enabled_symmetric_teaching_top_stack,0.0,0.01,0.0,0.3,bottom_oxide,0.0008500000000000001,2.875e-06,8.5,28.75,-0.07017501147307333,
p2_bulk_nta_5e19_common_primary,NTA 5e19 common-primary state,top_primary,interface_4x,T03_P2_BULK_TRAPS_FORMAL,enabled_symmetric_teaching_top_stack,0.0,0.01,0.0,0.3,bottom_oxide,0.0008500000000000001,3e-06,8.5,30.0,-0.07322609901714064,
p2_bulk_nta_5e19_common_primary,NTA 5e19 common-primary state,top_primary,interface_4x,T03_P2_BULK_TRAPS_FORMAL,enabled_symmetric_teaching_top_stack,0.0,0.01,0.0,0.3,bottom_oxide,0.0008750000000000001,0.0,8.750000000000002,0.0,0.0,
p2_bulk_nta_5e19_common_primary,NTA 5e19 common-primary state,top_primary,interface_4x,T03_P2_BULK_TRAPS_FORMAL,enabled_symmetric_teaching_top_stack,0.0,0.01,0.0,0.3,bottom_oxide,0.0008750000000000001,5.000000000000001e-07,8.750000000000002,5.000000000000001,-0.012174589862266879,
p2_bulk_nta_5e19_common_primary,NTA 5e19 common-primary state,top_primary,interface_4x,T03_P2_BULK_TRAPS_FORMAL,enabled_symmetric_teaching_top_stack,0.0,0.01,0.0,0.3,bottom_oxide,0.0008750000000000001,1.0000000000000002e-06,8.750000000000002,10.000000000000002,-0.02434917975463819,
p2_bulk_nta_5e19_common_primary,NTA 5e19 common-primary state,top_primary,interface_4x,T03_P2_BULK_TRAPS_FORMAL,enabled_symmetric_teaching_top_stack,0.0,0.01,0.0,0.3,bottom_oxide,0.0008750000000000001,1.5000000000000002e-06,8.750000000000002,15.000000000000002,-0.036523769707218004,
p2_bulk_nta_5e19_common_primary,NTA 5e19 common-primary state,top_primary,interface_4x,T03_P2_BULK_TRAPS_FORMAL,enabled_symmetric_teaching_top_stack,0.0,0.01,0.0,0.3,bottom_oxide,0.0008750000000000001,2.0000000000000003e-06,8.750000000000002,20.000000000000004,-0.0486983597501097,
p2_bulk_nta_5e19_common_primary,NTA 5e19 common-primary state,top_primary,interface_4x,T03_P2_BULK_TRAPS_FORMAL,enabled_symmetric_teaching_top_stack,0.0,0.01,0.0,0.3,bottom_oxide,0.0008750000000000001,2.1250000000000004e-06,8.750000000000002,21.250000000000004,-0.05174200727964736,
p2_bulk_nta_5e19_common_primary,NTA 5e19 common-primary state,top_primary,interface_4x,T03_P2_BULK_TRAPS_FORMAL,enabled_symmetric_teaching_top_stack,0.0,0.01,0.0,0.3,bottom_oxide,0.0008750000000000001,2.2500000000000005e-06,8.750000000000002,22.500000000000004,-0.05478565481718125,
p2_bulk_nta_5e19_common_primary,NTA 5e19 common-primary state,top_primary,interface_4x,T03_P2_BULK_TRAPS_FORMAL,enabled_symmetric_teaching_top_stack,0.0,0.01,0.0,0.3,bottom_oxide,0.0008750000000000001,2.375e-06,8.750000000000002,23.75,-0.0578293023631817,
p2_bulk_nta_5e19_common_primary,NTA 5e19 common-primary state,top_primary,interface_4x,T03_P2_BULK_TRAPS_FORMAL,enabled_symmetric_teaching_top_stack,0.0,0.01,0.0,0.3,bottom_oxide,0.0008750000000000001,2.5e-06,8.750000000000002,25.000000000000004,-0.060872949918119056,
p2_bulk_nta_5e19_common_primary,NTA 5e19 common-primary state,top_primary,interface_4x,T03_P2_BULK_TRAPS_FORMAL,enabled_symmetric_teaching_top_stack,0.0,0.01,0.0,0.3,bottom_oxide,0.0008750000000000001,2.6250000000000003e-06,8.750000000000002,26.250000000000004,-0.06391659748246363,
p2_bulk_nta_5e19_common_primary,NTA 5e19 common-primary state,top_primary,interface_4x,T03_P2_BULK_TRAPS_FORMAL,enabled_symmetric_teaching_top_stack,0.0,0.01,0.0,0.3,bottom_oxide,0.0008750000000000001,2.75e-06,8.750000000000002,27.5,-0.06696024505668573,
p2_bulk_nta_5e19_common_primary,NTA 5e19 common-primary state,top_primary,interface_4x,T03_P2_BULK_TRAPS_FORMAL,enabled_symmetric_teaching_top_stack,0.0,0.01,0.0,0.3,bottom_oxide,0.0008750000000000001,2.875e-06,8.750000000000002,28.75,-0.0700038926412557,
p2_bulk_nta_5e19_common_primary,NTA 5e19 common-primary state,top_primary,interface_4x,T03_P2_BULK_TRAPS_FORMAL,enabled_symmetric_teaching_top_stack,0.0,0.01,0.0,0.3,bottom_oxide,0.0008750000000000001,3e-06,8.750000000000002,30.0,-0.07304754023664384,
p2_bulk_nta_5e19_common_primary,NTA 5e19 common-primary state,top_primary,interface_4x,T03_P2_BULK_TRAPS_FORMAL,enabled_symmetric_teaching_top_stack,0.0,0.01,0.0,0.3,bottom_oxide,0.0009000000000000001,0.0,9.0,0.0,0.0,
p2_bulk_nta_5e19_common_primary,NTA 5e19 common-primary state,top_primary,interface_4x,T03_P2_BULK_TRAPS_FORMAL,enabled_symmetric_teaching_top_stack,0.0,0.01,0.0,0.3,bottom_oxide,0.0009000000000000001,5.000000000000001e-07,9.0,5.000000000000001,-0.012144754803381357,
p2_bulk_nta_5e19_common_primary,NTA 5e19 common-primary state,top_primary,interface_4x,T03_P2_BULK_TRAPS_FORMAL,enabled_symmetric_teaching_top_stack,0.0,0.01,0.0,0.3,bottom_oxide,0.0009000000000000001,1.0000000000000002e-06,9.0,10.000000000000002,-0.024289509637950363,
p2_bulk_nta_5e19_common_primary,NTA 5e19 common-primary state,top_primary,interface_4x,T03_P2_BULK_TRAPS_FORMAL,enabled_symmetric_teaching_top_stack,0.0,0.01,0.0,0.3,bottom_oxide,0.0009000000000000001,1.5000000000000002e-06,9.0,15.000000000000002,-0.03643426453481877,
p2_bulk_nta_5e19_common_primary,NTA 5e19 common-primary state,top_primary,interface_4x,T03_P2_BULK_TRAPS_FORMAL,enabled_symmetric_teaching_top_stack,0.0,0.01,0.0,0.3,bottom_oxide,0.0009000000000000001,2.0000000000000003e-06,9.0,20.000000000000004,-0.04857901952495207,
p2_bulk_nta_5e19_common_primary,NTA 5e19 common-primary state,top_primary,interface_4x,T03_P2_BULK_TRAPS_FORMAL,enabled_symmetric_teaching_top_stack,0.0,0.01,0.0,0.3,bottom_oxide,0.0009000000000000001,2.1250000000000004e-06,9.0,21.250000000000004,-0.05161520829186425,
p2_bulk_nta_5e19_common_primary,NTA 5e19 common-primary state,top_primary,interface_4x,T03_P2_BULK_TRAPS_FORMAL,enabled_symmetric_teaching_top_stack,0.0,0.01,0.0,0.3,bottom_oxide,0.0009000000000000001,2.2500000000000005e-06,9.0,22.500000000000004,-0.05465139706700616,
p2_bulk_nta_5e19_common_primary,NTA 5e19 common-primary state,top_primary,interface_4x,T03_P2_BULK_TRAPS_FORMAL,enabled_symmetric_teaching_top_stack,0.0,0.01,0.0,0.3,bottom_oxide,0.0009000000000000001,2.375e-06,9.0,23.75,-0.05768758585085496,
p2_bulk_nta_5e19_common_primary,NTA 5e19 common-primary state,top_primary,interface_4x,T03_P2_BULK_TRAPS_FORMAL,enabled_symmetric_teaching_top_stack,0.0,0.01,0.0,0.3,bottom_oxide,0.0009000000000000001,2.5e-06,9.0,25.000000000000004,-0.06072377464388682,
p2_bulk_nta_5e19_common_primary,NTA 5e19 common-primary state,top_primary,interface_4x,T03_P2_BULK_TRAPS_FORMAL,enabled_symmetric_teaching_top_stack,0.0,0.01,0.0,0.3,bottom_oxide,0.0009000000000000001,2.6250000000000003e-06,9.0,26.250000000000004,-0.06375996344657682,
p2_bulk_nta_5e19_common_primary,NTA 5e19 common-primary state,top_primary,interface_4x,T03_P2_BULK_TRAPS_FORMAL,enabled_symmetric_teaching_top_stack,0.0,0.01,0.0,0.3,bottom_oxide,0.0009000000000000001,2.75e-06,9.0,27.5,-0.06679615225939896,
p2_bulk_nta_5e19_common_primary,NTA 5e19 common-primary state,top_primary,interface_4x,T03_P2_BULK_TRAPS_FORMAL,enabled_symmetric_teaching_top_stack,0.0,0.01,0.0,0.3,bottom_oxide,0.0009000000000000001,2.875e-06,9.0,28.75,-0.06983234108282622,
p2_bulk_nta_5e19_common_primary,NTA 5e19 common-primary state,top_primary,interface_4x,T03_P2_BULK_TRAPS_FORMAL,enabled_symmetric_teaching_top_stack,0.0,0.01,0.0,0.3,bottom_oxide,0.0009000000000000001,3e-06,9.0,30.0,-0.07286852991733044,
p2_bulk_nta_5e19_common_primary,NTA 5e19 common-primary state,top_primary,interface_4x,T03_P2_BULK_TRAPS_FORMAL,enabled_symmetric_teaching_top_stack,0.0,0.01,0.0,0.3,bottom_oxide,0.0009249999999999999,0.0,9.25,0.0,0.0,
p2_bulk_nta_5e19_common_primary,NTA 5e19 common-primary state,top_primary,interface_4x,T03_P2_BULK_TRAPS_FORMAL,enabled_symmetric_teaching_top_stack,0.0,0.01,0.0,0.3,bottom_oxide,0.0009249999999999999,5.000000000000001e-07,9.25,5.000000000000001,-0.012114841775368927,
p2_bulk_nta_5e19_common_primary,NTA 5e19 common-primary state,top_primary,interface_4x,T03_P2_BULK_TRAPS_FORMAL,enabled_symmetric_teaching_top_stack,0.0,0.01,0.0,0.3,bottom_oxide,0.0009249999999999999,1.0000000000000002e-06,9.25,10.000000000000002,-0.024229683772769416,
p2_bulk_nta_5e19_common_primary,NTA 5e19 common-primary state,top_primary,interface_4x,T03_P2_BULK_TRAPS_FORMAL,enabled_symmetric_teaching_top_stack,0.0,0.01,0.0,0.3,bottom_oxide,0.0009249999999999999,1.5000000000000002e-06,9.25,15.000000000000002,-0.03634452620016491,
p2_bulk_nta_5e19_common_primary,NTA 5e19 common-primary state,top_primary,interface_4x,T03_P2_BULK_TRAPS_FORMAL,enabled_symmetric_teaching_top_stack,0.0,0.01,0.0,0.3,bottom_oxide,0.0009249999999999999,2.0000000000000003e-06,9.25,20.000000000000004,-0.04845936923810722,
p2_bulk_nta_5e19_common_primary,NTA 5e19 common-primary state,top_primary,interface_4x,T03_P2_BULK_TRAPS_FORMAL,enabled_symmetric_teaching_top_stack,0.0,0.01,0.0,0.3,bottom_oxide,0.0009249999999999999,2.1250000000000004e-06,9.25,21.250000000000004,-0.05148808011506078,
p2_bulk_nta_5e19_common_primary,NTA 5e19 common-primary state,top_primary,interface_4x,T03_P2_BULK_TRAPS_FORMAL,enabled_symmetric_teaching_top_stack,0.0,0.01,0.0,0.3,bottom_oxide,0.0009249999999999999,2.2500000000000005e-06,9.25,22.500000000000004,-0.05451679104072992,
p2_bulk_nta_5e19_common_primary,NTA 5e19 common-primary state,top_primary,interface_4x,T03_P2_BULK_TRAPS_FORMAL,enabled_symmetric_teaching_top_stack,0.0,0.01,0.0,0.3,bottom_oxide,0.0009249999999999999,2.375e-06,9.25,23.75,-0.05754550201664383,
p2_bulk_nta_5e19_common_primary,NTA 5e19 common-primary state,top_primary,interface_4x,T03_P2_BULK_TRAPS_FORMAL,enabled_symmetric_teaching_top_stack,0.0,0.01,0.0,0.3,bottom_oxide,0.0009249999999999999,2.5e-06,9.25,25.000000000000004,-0.060574213044125684,
p2_bulk_nta_5e19_common_primary,NTA 5e19 common-primary state,top_primary,interface_4x,T03_P2_BULK_TRAPS_FORMAL,enabled_symmetric_teaching_top_stack,0.0,0.01,0.0,0.3,bottom_oxide,0.0009249999999999999,2.6250000000000003e-06,9.25,26.250000000000004,-0.06360292412428636,
p2_bulk_nta_5e19_common_primary,NTA 5e19 common-primary state,top_primary,interface_4x,T03_P2_BULK_TRAPS_FORMAL,enabled_symmetric_teaching_top_stack,0.0,0.01,0.0,0.3,bottom_oxide,0.0009249999999999999,2.75e-06,9.25,27.5,-0.06663163525801927,
p2_bulk_nta_5e19_common_primary,NTA 5e19 common-primary state,top_primary,interface_4x,T03_P2_BULK_TRAPS_FORMAL,enabled_symmetric_teaching_top_stack,0.0,0.01,0.0,0.3,bottom_oxide,0.0009249999999999999,2.875e-06,9.25,28.75,-0.06966034644599592,
p2_bulk_nta_5e19_common_primary,NTA 5e19 common-primary state,top_primary,interface_4x,T03_P2_BULK_TRAPS_FORMAL,enabled_symmetric_teaching_top_stack,0.0,0.01,0.0,0.3,bottom_oxide,0.0009249999999999999,3e-06,9.25,30.0,-0.07268905768866248,
p2_bulk_nta_5e19_common_primary,NTA 5e19 common-primary state,top_primary,interface_4x,T03_P2_BULK_TRAPS_FORMAL,enabled_symmetric_teaching_top_stack,0.0,0.01,0.0,0.3,bottom_oxide,0.00095,0.0,9.5,0.0,0.0,
p2_bulk_nta_5e19_common_primary,NTA 5e19 common-primary state,top_primary,interface_4x,T03_P2_BULK_TRAPS_FORMAL,enabled_symmetric_teaching_top_stack,0.0,0.01,0.0,0.3,bottom_oxide,0.00095,5.000000000000001e-07,9.5,5.000000000000001,-0.012084373668448143,
p2_bulk_nta_5e19_common_primary,NTA 5e19 common-primary state,top_primary,interface_4x,T03_P2_BULK_TRAPS_FORMAL,enabled_symmetric_teaching_top_stack,0.0,0.01,0.0,0.3,bottom_oxide,0.00095,1.0000000000000002e-06,9.5,10.000000000000002,-0.024168782920087534,
p2_bulk_nta_5e19_common_primary,NTA 5e19 common-primary state,top_primary,interface_4x,T03_P2_BULK_TRAPS_FORMAL,enabled_symmetric_teaching_top_stack,0.0,0.01,0.0,0.3,bottom_oxide,0.00095,1.5000000000000002e-06,9.5,15.000000000000002,-0.03625326149847236,
p2_bulk_nta_5e19_common_primary,NTA 5e19 common-primary state,top_primary,interface_4x,T03_P2_BULK_TRAPS_FORMAL,enabled_symmetric_teaching_top_stack,0.0,0.01,0.0,0.3,bottom_oxide,0.00095,2.0000000000000003e-06,9.5,20.000000000000004,-0.04833783946341822,
p2_bulk_nta_5e19_common_primary,NTA 5e19 common-primary state,top_primary,interface_4x,T03_P2_BULK_TRAPS_FORMAL,enabled_symmetric_teaching_top_stack,0.0,0.01,0.0,0.3,bottom_oxide,0.00095,2.1250000000000004e-06,9.5,21.250000000000004,-0.051359003315529554,
p2_bulk_nta_5e19_common_primary,NTA 5e19 common-primary state,top_primary,interface_4x,T03_P2_BULK_TRAPS_FORMAL,enabled_symmetric_teaching_top_stack,0.0,0.01,0.0,0.3,bottom_oxide,0.00095,2.2500000000000005e-06,9.5,22.500000000000004,-0.054380175222866,
p2_bulk_nta_5e19_common_primary,NTA 5e19 common-primary state,top_primary,interface_4x,T03_P2_BULK_TRAPS_FORMAL,enabled_symmetric_teaching_top_stack,0.0,0.01,0.0,0.3,bottom_oxide,0.00095,2.375e-06,9.5,23.75,-0.05740135546555013,
p2_bulk_nta_5e19_common_primary,NTA 5e19 common-primary state,top_primary,interface_4x,T03_P2_BULK_TRAPS_FORMAL,enabled_symmetric_teaching_top_stack,0.0,0.01,0.0,0.3,bottom_oxide,0.00095,2.5e-06,9.5,25.000000000000004,-0.060422544291113635,
p2_bulk_nta_5e19_common_primary,NTA 5e19 common-primary state,top_primary,interface_4x,T03_P2_BULK_TRAPS_FORMAL,enabled_symmetric_teaching_top_stack,0.0,0.01,0.0,0.3,bottom_oxide,0.00095,2.6250000000000003e-06,9.5,26.250000000000004,-0.06344374191265398,
p2_bulk_nta_5e19_common_primary,NTA 5e19 common-primary state,top_primary,interface_4x,T03_P2_BULK_TRAPS_FORMAL,enabled_symmetric_teaching_top_stack,0.0,0.01,0.0,0.3,bottom_oxide,0.00095,2.75e-06,9.5,27.5,-0.06646494850698596,
p2_bulk_nta_5e19_common_primary,NTA 5e19 common-primary state,top_primary,interface_4x,T03_P2_BULK_TRAPS_FORMAL,enabled_symmetric_teaching_top_stack,0.0,0.01,0.0,0.3,bottom_oxide,0.00095,2.875e-06,9.5,28.75,-0.06948616421278782,
p2_bulk_nta_5e19_common_primary,NTA 5e19 common-primary state,top_primary,interface_4x,T03_P2_BULK_TRAPS_FORMAL,enabled_symmetric_teaching_top_stack,0.0,0.01,0.0,0.3,bottom_oxide,0.00095,3e-06,9.5,30.0,-0.07250738912874137,
p2_bulk_nta_5e19_common_primary,NTA 5e19 common-primary state,top_primary,interface_4x,T03_P2_BULK_TRAPS_FORMAL,enabled_symmetric_teaching_top_stack,0.0,0.01,0.0,0.3,bottom_oxide,0.000975,0.0,9.75,0.0,0.0,
p2_bulk_nta_5e19_common_primary,NTA 5e19 common-primary state,top_primary,interface_4x,T03_P2_BULK_TRAPS_FORMAL,enabled_symmetric_teaching_top_stack,0.0,0.01,0.0,0.3,bottom_oxide,0.000975,5.000000000000001e-07,9.75,5.000000000000001,-0.01196494758341416,
p2_bulk_nta_5e19_common_primary,NTA 5e19 common-primary state,top_primary,interface_4x,T03_P2_BULK_TRAPS_FORMAL,enabled_symmetric_teaching_top_stack,0.0,0.01,0.0,0.3,bottom_oxide,0.000975,1.0000000000000002e-06,9.75,10.000000000000002,-0.02393456520380604,
p2_bulk_nta_5e19_common_primary,NTA 5e19 common-primary state,top_primary,interface_4x,T03_P2_BULK_TRAPS_FORMAL,enabled_symmetric_teaching_top_stack,0.0,0.01,0.0,0.3,bottom_oxide,0.000975,1.5000000000000002e-06,9.75,15.000000000000002,-0.03591353039419559,
p2_bulk_nta_5e19_common_primary,NTA 5e19 common-primary state,top_primary,interface_4x,T03_P2_BULK_TRAPS_FORMAL,enabled_symmetric_teaching_top_stack,0.0,0.01,0.0,0.3,bottom_oxide,0.000975,2.0000000000000003e-06,9.75,20.000000000000004,-0.047906535690933734,
p2_bulk_nta_5e19_common_primary,NTA 5e19 common-primary state,top_primary,interface_4x,T03_P2_BULK_TRAPS_FORMAL,enabled_symmetric_teaching_top_stack,0.0,0.01,0.0,0.3,bottom_oxide,0.000975,2.1250000000000004e-06,9.75,21.250000000000004,-0.05090771751134155,
p2_bulk_nta_5e19_common_primary,NTA 5e19 common-primary state,top_primary,interface_4x,T03_P2_BULK_TRAPS_FORMAL,enabled_symmetric_teaching_top_stack,0.0,0.01,0.0,0.3,bottom_oxide,0.000975,2.2500000000000005e-06,9.75,22.500000000000004,-0.05391014549711274,
p2_bulk_nta_5e19_common_primary,NTA 5e19 common-primary state,top_primary,interface_4x,T03_P2_BULK_TRAPS_FORMAL,enabled_symmetric_teaching_top_stack,0.0,0.01,0.0,0.3,bottom_oxide,0.000975,2.375e-06,9.75,23.75,-0.056913893740100606,
p2_bulk_nta_5e19_common_primary,NTA 5e19 common-primary state,top_primary,interface_4x,T03_P2_BULK_TRAPS_FORMAL,enabled_symmetric_teaching_top_stack,0.0,0.01,0.0,0.3,bottom_oxide,0.000975,2.5e-06,9.75,25.000000000000004,-0.05991903646456336,
p2_bulk_nta_5e19_common_primary,NTA 5e19 common-primary state,top_primary,interface_4x,T03_P2_BULK_TRAPS_FORMAL,enabled_symmetric_teaching_top_stack,0.0,0.01,0.0,0.3,bottom_oxide,0.000975,2.6250000000000003e-06,9.75,26.250000000000004,-0.0629256480346021,
p2_bulk_nta_5e19_common_primary,NTA 5e19 common-primary state,top_primary,interface_4x,T03_P2_BULK_TRAPS_FORMAL,enabled_symmetric_teaching_top_stack,0.0,0.01,0.0,0.3,bottom_oxide,0.000975,2.75e-06,9.75,27.5,-0.06593380296161194,
p2_bulk_nta_5e19_common_primary,NTA 5e19 common-primary state,top_primary,interface_4x,T03_P2_BULK_TRAPS_FORMAL,enabled_symmetric_teaching_top_stack,0.0,0.01,0.0,0.3,bottom_oxide,0.000975,2.875e-06,9.75,28.75,-0.06894357591174706,
p2_bulk_nta_5e19_common_primary,NTA 5e19 common-primary state,top_primary,interface_4x,T03_P2_BULK_TRAPS_FORMAL,enabled_symmetric_teaching_top_stack,0.0,0.01,0.0,0.3,bottom_oxide,0.000975,3e-06,9.75,30.0,-0.07195504171340002,
p2_bulk_nta_5e19_common_primary,NTA 5e19 common-primary state,top_primary,interface_4x,T03_P2_BULK_TRAPS_FORMAL,enabled_symmetric_teaching_top_stack,0.0,0.01,0.0,0.3,bottom_oxide,0.001,0.0,10.0,0.0,0.0,
p2_bulk_nta_5e19_common_primary,NTA 5e19 common-primary state,top_primary,interface_4x,T03_P2_BULK_TRAPS_FORMAL,enabled_symmetric_teaching_top_stack,0.0,0.01,0.0,0.3,bottom_oxide,0.001,5.000000000000001e-07,10.0,5.000000000000001,-0.00017042905408311786,
p2_bulk_nta_5e19_common_primary,NTA 5e19 common-primary state,top_primary,interface_4x,T03_P2_BULK_TRAPS_FORMAL,enabled_symmetric_teaching_top_stack,0.0,0.01,0.0,0.3,bottom_oxide,0.001,1.0000000000000002e-06,10.0,10.000000000000002,-0.00033142249334277093,
p2_bulk_nta_5e19_common_primary,NTA 5e19 common-primary state,top_primary,interface_4x,T03_P2_BULK_TRAPS_FORMAL,enabled_symmetric_teaching_top_stack,0.0,0.01,0.0,0.3,bottom_oxide,0.001,1.5000000000000002e-06,10.0,15.000000000000002,-0.00047353341843405357,
p2_bulk_nta_5e19_common_primary,NTA 5e19 common-primary state,top_primary,interface_4x,T03_P2_BULK_TRAPS_FORMAL,enabled_symmetric_teaching_top_stack,0.0,0.01,0.0,0.3,bottom_oxide,0.001,2.0000000000000003e-06,10.0,20.000000000000004,-0.0005872923459447271,
p2_bulk_nta_5e19_common_primary,NTA 5e19 common-primary state,top_primary,interface_4x,T03_P2_BULK_TRAPS_FORMAL,enabled_symmetric_teaching_top_stack,0.0,0.01,0.0,0.3,bottom_oxide,0.001,2.1250000000000004e-06,10.0,21.250000000000004,-0.0006098171724042719,
p2_bulk_nta_5e19_common_primary,NTA 5e19 common-primary state,top_primary,interface_4x,T03_P2_BULK_TRAPS_FORMAL,enabled_symmetric_teaching_top_stack,0.0,0.01,0.0,0.3,bottom_oxide,0.001,2.2500000000000005e-06,10.0,22.500000000000004,-0.0006298271038468697,
p2_bulk_nta_5e19_common_primary,NTA 5e19 common-primary state,top_primary,interface_4x,T03_P2_BULK_TRAPS_FORMAL,enabled_symmetric_teaching_top_stack,0.0,0.01,0.0,0.3,bottom_oxide,0.001,2.375e-06,10.0,23.75,-0.0006471730193698044,
p2_bulk_nta_5e19_common_primary,NTA 5e19 common-primary state,top_primary,interface_4x,T03_P2_BULK_TRAPS_FORMAL,enabled_symmetric_teaching_top_stack,0.0,0.01,0.0,0.3,bottom_oxide,0.001,2.5e-06,10.0,25.000000000000004,-0.0006617055988567025,
p2_bulk_nta_5e19_common_primary,NTA 5e19 common-primary state,top_primary,interface_4x,T03_P2_BULK_TRAPS_FORMAL,enabled_symmetric_teaching_top_stack,0.0,0.01,0.0,0.3,bottom_oxide,0.001,2.6250000000000003e-06,10.0,26.250000000000004,-0.0006732753118003153,
p2_bulk_nta_5e19_common_primary,NTA 5e19 common-primary state,top_primary,interface_4x,T03_P2_BULK_TRAPS_FORMAL,enabled_symmetric_teaching_top_stack,0.0,0.01,0.0,0.3,bottom_oxide,0.001,2.75e-06,10.0,27.5,-0.000681732406107788,
p2_bulk_nta_5e19_common_primary,NTA 5e19 common-primary state,top_primary,interface_4x,T03_P2_BULK_TRAPS_FORMAL,enabled_symmetric_teaching_top_stack,0.0,0.01,0.0,0.3,bottom_oxide,0.001,2.875e-06,10.0,28.75,-0.0006869268968874855,
p2_bulk_nta_5e19_common_primary,NTA 5e19 common-primary state,top_primary,interface_4x,T03_P2_BULK_TRAPS_FORMAL,enabled_symmetric_teaching_top_stack,0.0,0.01,0.0,0.3,bottom_oxide,0.001,3e-06,10.0,30.0,-0.0006887085552164401,
p2_bulk_nta_5e19_common_primary,NTA 5e19 common-primary state,top_primary,interface_4x,T03_P2_BULK_TRAPS_FORMAL,enabled_symmetric_teaching_top_stack,0.0,0.01,0.0,0.3,channel,0.0,3e-06,0.0,30.0,0.0,1e+16
p2_bulk_nta_5e19_common_primary,NTA 5e19 common-primary state,top_primary,interface_4x,T03_P2_BULK_TRAPS_FORMAL,enabled_symmetric_teaching_top_stack,0.0,0.01,0.0,0.3,channel,0.0,3.075e-06,0.0,30.750000000000004,0.0,1e+16
p2_bulk_nta_5e19_common_primary,NTA 5e19 common-primary state,top_primary,interface_4x,T03_P2_BULK_TRAPS_FORMAL,enabled_symmetric_teaching_top_stack,0.0,0.01,0.0,0.3,channel,2.5e-05,3e-06,0.25,30.0,-0.0785082782167728,478046867950038.06
p2_bulk_nta_5e19_common_primary,NTA 5e19 common-primary state,top_primary,interface_4x,T03_P2_BULK_TRAPS_FORMAL,enabled_symmetric_teaching_top_stack,0.0,0.01,0.0,0.3,channel,2.5e-05,3.075e-06,0.25,30.750000000000004,-0.07975683102336509,455507684060441.8
p2_bulk_nta_5e19_common_primary,NTA 5e19 common-primary state,top_primary,interface_4x,T03_P2_BULK_TRAPS_FORMAL,enabled_symmetric_teaching_top_stack,0.0,0.01,0.0,0.3,channel,0.0,3.1500000000000003e-06,0.0,31.500000000000004,0.0,1e+16
p2_bulk_nta_5e19_common_primary,NTA 5e19 common-primary state,top_primary,interface_4x,T03_P2_BULK_TRAPS_FORMAL,enabled_symmetric_teaching_top_stack,0.0,0.01,0.0,0.3,channel,2.5e-05,3.1500000000000003e-06,0.25,31.500000000000004,-0.08082353549133903,437095005124165.0
p2_bulk_nta_5e19_common_primary,NTA 5e19 common-primary state,top_primary,interface_4x,T03_P2_BULK_TRAPS_FORMAL,enabled_symmetric_teaching_top_stack,0.0,0.01,0.0,0.3,channel,0.0,3.225e-06,0.0,32.25,0.0,1e+16
p2_bulk_nta_5e19_common_primary,NTA 5e19 common-primary state,top_primary,interface_4x,T03_P2_BULK_TRAPS_FORMAL,enabled_symmetric_teaching_top_stack,0.0,0.01,0.0,0.3,channel,2.5e-05,3.225e-06,0.25,32.25,-0.08171096437398792,422345298515828.2
p2_bulk_nta_5e19_common_primary,NTA 5e19 common-primary state,top_primary,interface_4x,T03_P2_BULK_TRAPS_FORMAL,enabled_symmetric_teaching_top_stack,0.0,0.01,0.0,0.3,channel,0.0,3.3e-06,0.0,33.0,0.0,1e+16
p2_bulk_nta_5e19_common_primary,NTA 5e19 common-primary state,top_primary,interface_4x,T03_P2_BULK_TRAPS_FORMAL,enabled_symmetric_teaching_top_stack,0.0,0.01,0.0,0.3,channel,2.5e-05,3.3e-06,0.25,33.0,-0.08242123183320174,410899536830641.94
p2_bulk_nta_5e19_common_primary,NTA 5e19 common-primary state,top_primary,interface_4x,T03_P2_BULK_TRAPS_FORMAL,enabled_symmetric_teaching_top_stack,0.0,0.01,0.0,0.3,channel,0.0,3.3750000000000003e-06,0.0,33.75,0.0,1e+16
p2_bulk_nta_5e19_common_primary,NTA 5e19 common-primary state,top_primary,interface_4x,T03_P2_BULK_TRAPS_FORMAL,enabled_symmetric_teaching_top_stack,0.0,0.01,0.0,0.3,channel,2.5e-05,3.3750000000000003e-06,0.25,33.75,-0.08295601302332042,402486821412865.75
p2_bulk_nta_5e19_common_primary,NTA 5e19 common-primary state,top_primary,interface_4x,T03_P2_BULK_TRAPS_FORMAL,enabled_symmetric_teaching_top_stack,0.0,0.01,0.0,0.3,channel,0.0,3.45e-06,0.0,34.5,0.0,1e+16
p2_bulk_nta_5e19_common_primary,NTA 5e19 common-primary state,top_primary,interface_4x,T03_P2_BULK_TRAPS_FORMAL,enabled_symmetric_teaching_top_stack,0.0,0.01,0.0,0.3,channel,2.5e-05,3.45e-06,0.25,34.5,-0.08331655936670189,396912412225005.4
p2_bulk_nta_5e19_common_primary,NTA 5e19 common-primary state,top_primary,interface_4x,T03_P2_BULK_TRAPS_FORMAL,enabled_symmetric_teaching_top_stack,0.0,0.01,0.0,0.3,channel,0.0,3.525e-06,0.0,35.25,0.0,1e+16
p2_bulk_nta_5e19_common_primary,NTA 5e19 common-primary state,top_primary,interface_4x,T03_P2_BULK_TRAPS_FORMAL,enabled_symmetric_teaching_top_stack,0.0,0.01,0.0,0.3,channel,2.5e-05,3.525e-06,0.25,35.25,-0.08350370982602988,394049339886364.3
p2_bulk_nta_5e19_common_primary,NTA 5e19 common-primary state,top_primary,interface_4x,T03_P2_BULK_TRAPS_FORMAL,enabled_symmetric_teaching_top_stack,0.0,0.01,0.0,0.3,channel,0.0,3.6000000000000003e-06,0.0,36.0,0.0,1e+16
p2_bulk_nta_5e19_common_primary,NTA 5e19 common-primary state,top_primary,interface_4x,T03_P2_BULK_TRAPS_FORMAL,enabled_symmetric_teaching_top_stack,0.0,0.01,0.0,0.3,channel,2.5e-05,3.6000000000000003e-06,0.25,36.0,-0.08351789839468804,393833038704339.75
p2_bulk_nta_5e19_common_primary,NTA 5e19 common-primary state,top_primary,interface_4x,T03_P2_BULK_TRAPS_FORMAL,enabled_symmetric_teaching_top_stack,0.0,0.01,0.0,0.3,channel,0.0,3.6750000000000004e-06,0.0,36.75000000000001,0.0,1e+16
p2_bulk_nta_5e19_common_primary,NTA 5e19 common-primary state,top_primary,interface_4x,T03_P2_BULK_TRAPS_FORMAL,enabled_symmetric_teaching_top_stack,0.0,0.01,0.0,0.3,channel,2.5e-05,3.6750000000000004e-06,0.25,36.75000000000001,-0.08335915795048338,396258649257157.56
p2_bulk_nta_5e19_common_primary,NTA 5e19 common-primary state,top_primary,interface_4x,T03_P2_BULK_TRAPS_FORMAL,enabled_symmetric_teaching_top_stack,0.0,0.01,0.0,0.3,channel,0.0,3.7500000000000005e-06,0.0,37.50000000000001,0.0,1e+16
p2_bulk_nta_5e19_common_primary,NTA 5e19 common-primary state,top_primary,interface_4x,T03_P2_BULK_TRAPS_FORMAL,enabled_symmetric_teaching_top_stack,0.0,0.01,0.0,0.3,channel,2.5e-05,3.7500000000000005e-06,0.25,37.50000000000001,-0.08302712054690584,401380816261104.25
p2_bulk_nta_5e19_common_primary,NTA 5e19 common-primary state,top_primary,interface_4x,T03_P2_BULK_TRAPS_FORMAL,enabled_symmetric_teaching_top_stack,0.0,0.01,0.0,0.3,channel,0.0,3.825000000000001e-06,0.0,38.25000000000001,0.0,1e+16
p2_bulk_nta_5e19_common_primary,NTA 5e19 common-primary state,top_primary,interface_4x,T03_P2_BULK_TRAPS_FORMAL,enabled_symmetric_teaching_top_stack,0.0,0.01,0.0,0.3,channel,2.5e-05,3.825000000000001e-06,0.25,38.25000000000001,-0.08252101414751674,409315968729033.44
p2_bulk_nta_5e19_common_primary,NTA 5e19 common-primary state,top_primary,interface_4x,T03_P2_BULK_TRAPS_FORMAL,enabled_symmetric_teaching_top_stack,0.0,0.01,0.0,0.3,channel,0.0,3.9e-06,0.0,39.0,0.0,1e+16
p2_bulk_nta_5e19_common_primary,NTA 5e19 common-primary state,top_primary,interface_4x,T03_P2_BULK_TRAPS_FORMAL,enabled_symmetric_teaching_top_stack,0.0,0.01,0.0,0.3,channel,2.5e-05,3.9e-06,0.25,39.0,-0.08183965574065157,420247229521908.9
p2_bulk_nta_5e19_common_primary,NTA 5e19 common-primary state,top_primary,interface_4x,T03_P2_BULK_TRAPS_FORMAL,enabled_symmetric_teaching_top_stack,0.0,0.01,0.0,0.3,channel,0.0,3.975e-06,0.0,39.75,0.0,1e+16
p2_bulk_nta_5e19_common_primary,NTA 5e19 common-primary state,top_primary,interface_4x,T03_P2_BULK_TRAPS_FORMAL,enabled_symmetric_teaching_top_stack,0.0,0.01,0.0,0.3,channel,2.5e-05,3.975e-06,0.25,39.75,-0.0809814407011009,434432274890481.1
p2_bulk_nta_5e19_common_primary,NTA 5e19 common-primary state,top_primary,interface_4x,T03_P2_BULK_TRAPS_FORMAL,enabled_symmetric_teaching_top_stack,0.0,0.01,0.0,0.3,channel,0.0,4.05e-06,0.0,40.5,0.0,1e+16
p2_bulk_nta_5e19_common_primary,NTA 5e19 common-primary state,top_primary,interface_4x,T03_P2_BULK_TRAPS_FORMAL,enabled_symmetric_teaching_top_stack,0.0,0.01,0.0,0.3,channel,2.5e-05,4.05e-06,0.25,40.5,-0.07994432819037849,452214667709666.44
p2_bulk_nta_5e19_common_primary,NTA 5e19 common-primary state,top_primary,interface_4x,T03_P2_BULK_TRAPS_FORMAL,enabled_symmetric_teaching_top_stack,0.0,0.01,0.0,0.3,channel,0.0,4.125e-06,0.0,41.25,0.0,1e+16
p2_bulk_nta_5e19_common_primary,NTA 5e19 common-primary state,top_primary,interface_4x,T03_P2_BULK_TRAPS_FORMAL,enabled_symmetric_teaching_top_stack,0.0,0.01,0.0,0.3,channel,2.5e-05,4.125e-06,0.25,41.25,-0.07872582230494526,474039440692960.5
p2_bulk_nta_5e19_common_primary,NTA 5e19 common-primary state,top_primary,interface_4x,T03_P2_BULK_TRAPS_FORMAL,enabled_symmetric_teaching_top_stack,0.0,0.01,0.0,0.3,channel,0.0,4.2000000000000004e-06,0.0,42.00000000000001,0.0,1e+16
p2_bulk_nta_5e19_common_primary,NTA 5e19 common-primary state,top_primary,interface_4x,T03_P2_BULK_TRAPS_FORMAL,enabled_symmetric_teaching_top_stack,0.0,0.01,0.0,0.3,channel,2.5e-05,4.2000000000000004e-06,0.25,42.00000000000001,-0.07732294858928507,500474034078176.25
p2_bulk_nta_5e19_common_primary,NTA 5e19 common-primary state,top_primary,interface_4x,T03_P2_BULK_TRAPS_FORMAL,enabled_symmetric_teaching_top_stack,0.0,0.01,0.0,0.3,channel,0.0,4.2750000000000006e-06,0.0,42.75000000000001,0.0,1e+16
p2_bulk_nta_5e19_common_primary,NTA 5e19 common-primary state,top_primary,interface_4x,T03_P2_BULK_TRAPS_FORMAL,enabled_symmetric_teaching_top_stack,0.0,0.01,0.0,0.3,channel,2.5e-05,4.2750000000000006e-06,0.25,42.75000000000001,-0.07573222542441194,532236132147550.1
p2_bulk_nta_5e19_common_primary,NTA 5e19 common-primary state,top_primary,interface_4x,T03_P2_BULK_TRAPS_FORMAL,enabled_symmetric_teaching_top_stack,0.0,0.01,0.0,0.3,channel,0.0,4.350000000000001e-06,0.0,43.50000000000001,0.0,1e+16
p2_bulk_nta_5e19_common_primary,NTA 5e19 common-primary state,top_primary,interface_4x,T03_P2_BULK_TRAPS_FORMAL,enabled_symmetric_teaching_top_stack,0.0,0.01,0.0,0.3,channel,2.5e-05,4.350000000000001e-06,0.25,43.50000000000001,-0.07394962967782383,570230545761373.5
p2_bulk_nta_5e19_common_primary,NTA 5e19 common-primary state,top_primary,interface_4x,T03_P2_BULK_TRAPS_FORMAL,enabled_symmetric_teaching_top_stack,0.0,0.01,0.0,0.3,channel,0.0,4.425e-06,0.0,44.25,0.0,1e+16
p2_bulk_nta_5e19_common_primary,NTA 5e19 common-primary state,top_primary,interface_4x,T03_P2_BULK_TRAPS_FORMAL,enabled_symmetric_teaching_top_stack,0.0,0.01,0.0,0.3,channel,2.5e-05,4.425e-06,0.25,44.25,-0.07197055585260898,615598128364485.9
p2_bulk_nta_5e19_common_primary,NTA 5e19 common-primary state,top_primary,interface_4x,T03_P2_BULK_TRAPS_FORMAL,enabled_symmetric_teaching_top_stack,0.0,0.01,0.0,0.3,channel,0.0,4.5e-06,0.0,45.0,0.0,1e+16
p2_bulk_nta_5e19_common_primary,NTA 5e19 common-primary state,top_primary,interface_4x,T03_P2_BULK_TRAPS_FORMAL,enabled_symmetric_teaching_top_stack,0.0,0.01,0.0,0.3,channel,2.5e-05,4.5e-06,0.25,45.0,-0.06978976779438141,669780900759779.0
p2_bulk_nta_5e19_common_primary,NTA 5e19 common-primary state,top_primary,interface_4x,T03_P2_BULK_TRAPS_FORMAL,enabled_symmetric_teaching_top_stack,0.0,0.01,0.0,0.3,channel,0.0,4.575e-06,0.0,45.75,0.0,1e+16
p2_bulk_nta_5e19_common_primary,NTA 5e19 common-primary state,top_primary,interface_4x,T03_P2_BULK_TRAPS_FORMAL,enabled_symmetric_teaching_top_stack,0.0,0.01,0.0,0.3,channel,2.5e-05,4.575e-06,0.25,45.75,-0.0674013417959651,734609260262885.6
p2_bulk_nta_5e19_common_primary,NTA 5e19 common-primary state,top_primary,interface_4x,T03_P2_BULK_TRAPS_FORMAL,enabled_symmetric_teaching_top_stack,0.0,0.01,0.0,0.3,channel,0.0,4.65e-06,0.0,46.50000000000001,0.0,1e+16
p2_bulk_nta_5e19_common_primary,NTA 5e19 common-primary state,top_primary,interface_4x,T03_P2_BULK_TRAPS_FORMAL,enabled_symmetric_teaching_top_stack,0.0,0.01,0.0,0.3,channel,2.5e-05,4.65e-06,0.25,46.50000000000001,-0.0647985996694843,812419612982601.4
p2_bulk_nta_5e19_common_primary,NTA 5e19 common-primary state,top_primary,interface_4x,T03_P2_BULK_TRAPS_FORMAL,enabled_symmetric_teaching_top_stack,0.0,0.01,0.0,0.3,channel,0.0,4.7250000000000005e-06,0.0,47.25000000000001,0.0,1e+16
p2_bulk_nta_5e19_common_primary,NTA 5e19 common-primary state,top_primary,interface_4x,T03_P2_BULK_TRAPS_FORMAL,enabled_symmetric_teaching_top_stack,0.0,0.01,0.0,0.3,channel,2.5e-05,4.7250000000000005e-06,0.25,47.25000000000001,-0.06197403001816497,906214378759076.0
p2_bulk_nta_5e19_common_primary,NTA 5e19 common-primary state,top_primary,interface_4x,T03_P2_BULK_TRAPS_FORMAL,enabled_symmetric_teaching_top_stack,0.0,0.01,0.0,0.3,channel,0.0,4.8e-06,0.0,48.0,0.0,1e+16
p2_bulk_nta_5e19_common_primary,NTA 5e19 common-primary state,top_primary,interface_4x,T03_P2_BULK_TRAPS_FORMAL,enabled_symmetric_teaching_top_stack,0.0,0.01,0.0,0.3,channel,2.5e-05,4.8e-06,0.25,48.0,-0.05891919551486772,1019881676216331.5
p2_bulk_nta_5e19_common_primary,NTA 5e19 common-primary state,top_primary,interface_4x,T03_P2_BULK_TRAPS_FORMAL,enabled_symmetric_teaching_top_stack,0.0,0.01,0.0,0.3,channel,0.0,4.875e-06,0.0,48.75,0.0,1e+16
p2_bulk_nta_5e19_common_primary,NTA 5e19 common-primary state,top_primary,interface_4x,T03_P2_BULK_TRAPS_FORMAL,enabled_symmetric_teaching_top_stack,0.0,0.01,0.0,0.3,channel,2.5e-05,4.875e-06,0.25,48.75,-0.055624623453033165,1158500047125769.0
p2_bulk_nta_5e19_common_primary,NTA 5e19 common-primary state,top_primary,interface_4x,T03_P2_BULK_TRAPS_FORMAL,enabled_symmetric_teaching_top_stack,0.0,0.01,0.0,0.3,channel,0.0,4.95e-06,0.0,49.5,0.0,1e+16
p2_bulk_nta_5e19_common_primary,NTA 5e19 common-primary state,top_primary,interface_4x,T03_P2_BULK_TRAPS_FORMAL,enabled_symmetric_teaching_top_stack,0.0,0.01,0.0,0.3,channel,2.5e-05,4.95e-06,0.25,49.5,-0.05207967614000234,1328765841487054.0
p2_bulk_nta_5e19_common_primary,NTA 5e19 common-primary state,top_primary,interface_4x,T03_P2_BULK_TRAPS_FORMAL,enabled_symmetric_teaching_top_stack,0.0,0.01,0.0,0.3,channel,0.0,5.025e-06,0.0,50.25,0.0,1e+16
p2_bulk_nta_5e19_common_primary,NTA 5e19 common-primary state,top_primary,interface_4x,T03_P2_BULK_TRAPS_FORMAL,enabled_symmetric_teaching_top_stack,0.0,0.01,0.0,0.3,channel,2.5e-05,5.025e-06,0.25,50.25,-0.04827239679970796,1539599824591112.5
p2_bulk_nta_5e19_common_primary,NTA 5e19 common-primary state,top_primary,interface_4x,T03_P2_BULK_TRAPS_FORMAL,enabled_symmetric_teaching_top_stack,0.0,0.01,0.0,0.3,channel,0.0,5.1e-06,0.0,51.0,0.0,1e+16
p2_bulk_nta_5e19_common_primary,NTA 5e19 common-primary state,top_primary,interface_4x,T03_P2_BULK_TRAPS_FORMAL,enabled_symmetric_teaching_top_stack,0.0,0.01,0.0,0.3,channel,2.5e-05,5.1e-06,0.25,51.0,-0.044189325467424274,1803019264017630.8
p2_bulk_nta_5e19_common_primary,NTA 5e19 common-primary state,top_primary,interface_4x,T03_P2_BULK_TRAPS_FORMAL,enabled_symmetric_teaching_top_stack,0.0,0.01,0.0,0.3,channel,0.0,5.1750000000000004e-06,0.0,51.75000000000001,0.0,1e+16
p2_bulk_nta_5e19_common_primary,NTA 5e19 common-primary state,top_primary,interface_4x,T03_P2_BULK_TRAPS_FORMAL,enabled_symmetric_teaching_top_stack,0.0,0.01,0.0,0.3,channel,2.5e-05,5.1750000000000004e-06,0.25,51.75000000000001,-0.03981527778779659,2135409070592526.0
p2_bulk_nta_5e19_common_primary,NTA 5e19 common-primary state,top_primary,interface_4x,T03_P2_BULK_TRAPS_FORMAL,enabled_symmetric_teaching_top_stack,0.0,0.01,0.0,0.3,channel,0.0,5.2500000000000006e-06,0.0,52.50000000000001,0.0,1e+16
p2_bulk_nta_5e19_common_primary,NTA 5e19 common-primary state,top_primary,interface_4x,T03_P2_BULK_TRAPS_FORMAL,enabled_symmetric_teaching_top_stack,0.0,0.01,0.0,0.3,channel,2.5e-05,5.2500000000000006e-06,0.25,52.50000000000001,-0.035133077514883135,2559402264761103.0
p2_bulk_nta_5e19_common_primary,NTA 5e19 common-primary state,top_primary,interface_4x,T03_P2_BULK_TRAPS_FORMAL,enabled_symmetric_teaching_top_stack,0.0,0.01,0.0,0.3,channel,0.0,5.325e-06,0.0,53.25,0.0,1e+16
p2_bulk_nta_5e19_common_primary,NTA 5e19 common-primary state,top_primary,interface_4x,T03_P2_BULK_TRAPS_FORMAL,enabled_symmetric_teaching_top_stack,0.0,0.01,0.0,0.3,channel,2.5e-05,5.325e-06,0.25,53.25,-0.030123230632442186,3106706685163367.5
p2_bulk_nta_5e19_common_primary,NTA 5e19 common-primary state,top_primary,interface_4x,T03_P2_BULK_TRAPS_FORMAL,enabled_symmetric_teaching_top_stack,0.0,0.01,0.0,0.3,channel,0.0,5.4e-06,0.0,54.0,0.0,1e+16
p2_bulk_nta_5e19_common_primary,NTA 5e19 common-primary state,top_primary,interface_4x,T03_P2_BULK_TRAPS_FORMAL,enabled_symmetric_teaching_top_stack,0.0,0.01,0.0,0.3,channel,2.5e-05,5.4e-06,0.25,54.0,-0.024763525025227277,3822428195480007.0
p2_bulk_nta_5e19_common_primary,NTA 5e19 common-primary state,top_primary,interface_4x,T03_P2_BULK_TRAPS_FORMAL,enabled_symmetric_teaching_top_stack,0.0,0.01,0.0,0.3,channel,5e-05,3e-06,0.5,30.0,-0.07871460022087196,469795041500273.0
p2_bulk_nta_5e19_common_primary,NTA 5e19 common-primary state,top_primary,interface_4x,T03_P2_BULK_TRAPS_FORMAL,enabled_symmetric_teaching_top_stack,0.0,0.01,0.0,0.3,channel,5e-05,3.075e-06,0.5,30.750000000000004,-0.07996053383582061,447690279816917.3
p2_bulk_nta_5e19_common_primary,NTA 5e19 common-primary state,top_primary,interface_4x,T03_P2_BULK_TRAPS_FORMAL,enabled_symmetric_teaching_top_stack,0.0,0.01,0.0,0.3,channel,5e-05,3.1500000000000003e-06,0.5,31.500000000000004,-0.08102498600771328,429631044901134.6
p2_bulk_nta_5e19_common_primary,NTA 5e19 common-primary state,top_primary,interface_4x,T03_P2_BULK_TRAPS_FORMAL,enabled_symmetric_teaching_top_stack,0.0,0.01,0.0,0.3,channel,5e-05,3.225e-06,0.5,32.25,-0.0819105000502777,415163987494232.3
p2_bulk_nta_5e19_common_primary,NTA 5e19 common-primary state,top_primary,interface_4x,T03_P2_BULK_TRAPS_FORMAL,enabled_symmetric_teaching_top_stack,0.0,0.01,0.0,0.3,channel,5e-05,3.3e-06,0.5,33.0,-0.08261916579729311,403937909912069.4
p2_bulk_nta_5e19_common_primary,NTA 5e19 common-primary state,top_primary,interface_4x,T03_P2_BULK_TRAPS_FORMAL,enabled_symmetric_teaching_top_stack,0.0,0.01,0.0,0.3,channel,5e-05,3.3750000000000003e-06,0.5,33.75,-0.08315263893942366,395687799581834.8
p2_bulk_nta_5e19_common_primary,NTA 5e19 common-primary state,top_primary,interface_4x,T03_P2_BULK_TRAPS_FORMAL,enabled_symmetric_teaching_top_stack,0.0,0.01,0.0,0.3,channel,5e-05,3.45e-06,0.5,34.5,-0.08351215610692858,390223156097444.4
p2_bulk_nta_5e19_common_primary,NTA 5e19 common-primary state,top_primary,interface_4x,T03_P2_BULK_TRAPS_FORMAL,enabled_symmetric_teaching_top_stack,0.0,0.01,0.0,0.3,channel,5e-05,3.525e-06,0.5,35.25,-0.08369854599830248,387419810943911.3
p2_bulk_nta_5e19_common_primary,NTA 5e19 common-primary state,top_primary,interface_4x,T03_P2_BULK_TRAPS_FORMAL,enabled_symmetric_teaching_top_stack,0.0,0.01,0.0,0.3,channel,5e-05,3.6000000000000003e-06,0.5,36.0,-0.08371223677255583,387214694487141.8
p2_bulk_nta_5e19_common_primary,NTA 5e19 common-primary state,top_primary,interface_4x,T03_P2_BULK_TRAPS_FORMAL,enabled_symmetric_teaching_top_stack,0.0,0.01,0.0,0.3,channel,5e-05,3.6750000000000004e-06,0.5,36.75000000000001,-0.08355325984800338,389603208700430.5
p2_bulk_nta_5e19_common_primary,NTA 5e19 common-primary state,top_primary,interface_4x,T03_P2_BULK_TRAPS_FORMAL,enabled_symmetric_teaching_top_stack,0.0,0.01,0.0,0.3,channel,5e-05,3.7500000000000005e-06,0.5,37.50000000000001,-0.08322125018043104,394639036444456.56
p2_bulk_nta_5e19_common_primary,NTA 5e19 common-primary state,top_primary,interface_4x,T03_P2_BULK_TRAPS_FORMAL,enabled_symmetric_teaching_top_stack,0.0,0.01,0.0,0.3,channel,5e-05,3.825000000000001e-06,0.5,38.25000000000001,-0.0827154430259626,402436375080262.44
p2_bulk_nta_5e19_common_primary,NTA 5e19 common-primary state,top_primary,interface_4x,T03_P2_BULK_TRAPS_FORMAL,enabled_symmetric_teaching_top_stack,0.0,0.01,0.0,0.3,channel,5e-05,3.9e-06,0.5,39.0,-0.08203466712657624,413174738052529.25
p2_bulk_nta_5e19_common_primary,NTA 5e19 common-primary state,top_primary,interface_4x,T03_P2_BULK_TRAPS_FORMAL,enabled_symmetric_teaching_top_stack,0.0,0.01,0.0,0.3,channel,5e-05,3.975e-06,0.5,39.75,-0.08117733418676723,427106636978111.5
p2_bulk_nta_5e19_common_primary,NTA 5e19 common-primary state,top_primary,interface_4x,T03_P2_BULK_TRAPS_FORMAL,enabled_symmetric_teaching_top_stack,0.0,0.01,0.0,0.3,channel,5e-05,4.05e-06,0.5,40.5,-0.08014142443594882,444568654438002.0
p2_bulk_nta_5e19_common_primary,NTA 5e19 common-primary state,top_primary,interface_4x,T03_P2_BULK_TRAPS_FORMAL,enabled_symmetric_teaching_top_stack,0.0,0.01,0.0,0.3,channel,5e-05,4.125e-06,0.5,41.25,-0.07892446799022133,465996663367504.25
p2_bulk_nta_5e19_common_primary,NTA 5e19 common-primary state,top_primary,interface_4x,T03_P2_BULK_TRAPS_FORMAL,enabled_symmetric_teaching_top_stack,0.0,0.01,0.0,0.3,channel,5e-05,4.2000000000000004e-06,0.5,42.00000000000001,-0.07752352163613829,491946268002203.4
p2_bulk_nta_5e19_common_primary,NTA 5e19 common-primary state,top_primary,interface_4x,T03_P2_BULK_TRAPS_FORMAL,enabled_symmetric_teaching_top_stack,0.0,0.01,0.0,0.3,channel,5e-05,4.2750000000000006e-06,0.5,42.75000000000001,-0.07593514055451486,523119968676067.4
p2_bulk_nta_5e19_common_primary,NTA 5e19 common-primary state,top_primary,interface_4x,T03_P2_BULK_TRAPS_FORMAL,enabled_symmetric_teaching_top_stack,0.0,0.01,0.0,0.3,channel,5e-05,4.350000000000001e-06,0.5,43.50000000000001,-0.07415534437984775,560403137999891.75
p2_bulk_nta_5e19_common_primary,NTA 5e19 common-primary state,top_primary,interface_4x,T03_P2_BULK_TRAPS_FORMAL,enabled_symmetric_teaching_top_stack,0.0,0.01,0.0,0.3,channel,5e-05,4.425e-06,0.5,44.25,-0.07217957684516817,604911711121738.8
p2_bulk_nta_5e19_common_primary,NTA 5e19 common-primary state,top_primary,interface_4x,T03_P2_BULK_TRAPS_FORMAL,enabled_symmetric_teaching_top_stack,0.0,0.01,0.0,0.3,channel,5e-05,4.5e-06,0.5,45.0,-0.0700026580863093,658055644233765.2
p2_bulk_nta_5e19_common_primary,NTA 5e19 common-primary state,top_primary,interface_4x,T03_P2_BULK_TRAPS_FORMAL,enabled_symmetric_teaching_top_stack,0.0,0.01,0.0,0.3,channel,5e-05,4.575e-06,0.5,45.75,-0.06761872846483875,721623842421245.0
p2_bulk_nta_5e19_common_primary,NTA 5e19 common-primary state,top_primary,interface_4x,T03_P2_BULK_TRAPS_FORMAL,enabled_symmetric_teaching_top_stack,0.0,0.01,0.0,0.3,channel,5e-05,4.65e-06,0.5,46.50000000000001,-0.06502118250378724,797898641716171.8
p2_bulk_nta_5e19_common_primary,NTA 5e19 common-primary state,top_primary,interface_4x,T03_P2_BULK_TRAPS_FORMAL,enabled_symmetric_teaching_top_stack,0.0,0.01,0.0,0.3,channel,5e-05,4.7250000000000005e-06,0.5,47.25000000000001,-0.0622025911995929,889811421520487.8
p2_bulk_nta_5e19_common_primary,NTA 5e19 common-primary state,top_primary,interface_4x,T03_P2_BULK_TRAPS_FORMAL,enabled_symmetric_teaching_top_stack,0.0,0.01,0.0,0.3,channel,5e-05,4.8e-06,0.5,48.0,-0.05915461055705436,1001156099231817.0
p2_bulk_nta_5e19_common_primary,NTA 5e19 common-primary state,top_primary,interface_4x,T03_P2_BULK_TRAPS_FORMAL,enabled_symmetric_teaching_top_stack,0.0,0.01,0.0,0.3,channel,5e-05,4.875e-06,0.5,48.75,-0.05586787366414295,1136885028813128.2
p2_bulk_nta_5e19_common_primary,NTA 5e19 common-primary state,top_primary,interface_4x,T03_P2_BULK_TRAPS_FORMAL,enabled_symmetric_teaching_top_stack,0.0,0.01,0.0,0.3,channel,5e-05,4.95e-06,0.5,49.5,-0.05233186294295545,1303523645124834.5
p2_bulk_nta_5e19_common_primary,NTA 5e19 common-primary state,top_primary,interface_4x,T03_P2_BULK_TRAPS_FORMAL,enabled_symmetric_teaching_top_stack,0.0,0.01,0.0,0.3,channel,5e-05,5.025e-06,0.5,50.25,-0.04853475833049029,1509758431410420.0
p2_bulk_nta_5e19_common_primary,NTA 5e19 common-primary state,top_primary,interface_4x,T03_P2_BULK_TRAPS_FORMAL,enabled_symmetric_teaching_top_stack,0.0,0.01,0.0,0.3,channel,5e-05,5.1e-06,0.5,51.0,-0.04446325598638988,1767281343744006.0
p2_bulk_nta_5e19_common_primary,NTA 5e19 common-primary state,top_primary,interface_4x,T03_P2_BULK_TRAPS_FORMAL,enabled_symmetric_teaching_top_stack,0.0,0.01,0.0,0.3,channel,5e-05,5.1750000000000004e-06,0.5,51.75000000000001,-0.040102350591778885,2092019263814745.0
p2_bulk_nta_5e19_common_primary,NTA 5e19 common-primary state,top_primary,interface_4x,T03_P2_BULK_TRAPS_FORMAL,enabled_symmetric_teaching_top_stack,0.0,0.01,0.0,0.3,channel,5e-05,5.2500000000000006e-06,0.5,52.50000000000001,-0.03543507224495051,2505950595982922.5
p2_bulk_nta_5e19_common_primary,NTA 5e19 common-primary state,top_primary,interface_4x,T03_P2_BULK_TRAPS_FORMAL,enabled_symmetric_teaching_top_stack,0.0,0.01,0.0,0.3,channel,5e-05,5.325e-06,0.5,53.25,-0.03044216615643121,3039832371075614.5
p2_bulk_nta_5e19_common_primary,NTA 5e19 common-primary state,top_primary,interface_4x,T03_P2_BULK_TRAPS_FORMAL,enabled_symmetric_teaching_top_stack,0.0,0.01,0.0,0.3,channel,5e-05,5.4e-06,0.5,54.0,-0.025101699470455555,3737365112133703.5
p2_bulk_nta_5e19_common_primary,NTA 5e19 common-primary state,top_primary,interface_4x,T03_P2_BULK_TRAPS_FORMAL,enabled_symmetric_teaching_top_stack,0.0,0.01,0.0,0.3,channel,7.500000000000001e-05,3e-06,0.7500000000000001,30.0,-0.07855094129459603,468294769632137.7
p2_bulk_nta_5e19_common_primary,NTA 5e19 common-primary state,top_primary,interface_4x,T03_P2_BULK_TRAPS_FORMAL,enabled_symmetric_teaching_top_stack,0.0,0.01,0.0,0.3,channel,7.500000000000001e-05,3.075e-06,0.7500000000000001,30.750000000000004,-0.07979415572092355,446307540075508.4
p2_bulk_nta_5e19_common_primary,NTA 5e19 common-primary state,top_primary,interface_4x,T03_P2_BULK_TRAPS_FORMAL,enabled_symmetric_teaching_top_stack,0.0,0.01,0.0,0.3,channel,7.500000000000001e-05,3.1500000000000003e-06,0.7500000000000001,31.500000000000004,-0.080856077658815,428346004827330.8
p2_bulk_nta_5e19_common_primary,NTA 5e19 common-primary state,top_primary,interface_4x,T03_P2_BULK_TRAPS_FORMAL,enabled_symmetric_teaching_top_stack,0.0,0.01,0.0,0.3,channel,7.500000000000001e-05,3.225e-06,0.7500000000000001,32.25,-0.08173924184841937,413959844524850.44
p2_bulk_nta_5e19_common_primary,NTA 5e19 common-primary state,top_primary,interface_4x,T03_P2_BULK_TRAPS_FORMAL,enabled_symmetric_teaching_top_stack,0.0,0.01,0.0,0.3,channel,7.500000000000001e-05,3.3e-06,0.7500000000000001,33.0,-0.0824457305641657,402800245927226.9
p2_bulk_nta_5e19_common_primary,NTA 5e19 common-primary state,top_primary,interface_4x,T03_P2_BULK_TRAPS_FORMAL,enabled_symmetric_teaching_top_stack,0.0,0.01,0.0,0.3,channel,7.500000000000001e-05,3.3750000000000003e-06,0.7500000000000001,33.75,-0.08297719286129596,394604063650518.94
p2_bulk_nta_5e19_common_primary,NTA 5e19 common-primary state,top_primary,interface_4x,T03_P2_BULK_TRAPS_FORMAL,enabled_symmetric_teaching_top_stack,0.0,0.01,0.0,0.3,channel,7.500000000000001e-05,3.45e-06,0.7500000000000001,34.5,-0.08333485958293313,389182243027665.6
p2_bulk_nta_5e19_common_primary,NTA 5e19 common-primary state,top_primary,interface_4x,T03_P2_BULK_TRAPS_FORMAL,enabled_symmetric_teaching_top_stack,0.0,0.01,0.0,0.3,channel,7.500000000000001e-05,3.525e-06,0.7500000000000001,35.25,-0.08351955442590502,386411710776881.7
p2_bulk_nta_5e19_common_primary,NTA 5e19 common-primary state,top_primary,interface_4x,T03_P2_BULK_TRAPS_FORMAL,enabled_symmetric_teaching_top_stack,0.0,0.01,0.0,0.3,channel,7.500000000000001e-05,3.6000000000000003e-06,0.7500000000000001,36.0,-0.08353170128158012,386230193413282.06
p2_bulk_nta_5e19_common_primary,NTA 5e19 common-primary state,top_primary,interface_4x,T03_P2_BULK_TRAPS_FORMAL,enabled_symmetric_teaching_top_stack,0.0,0.01,0.0,0.3,channel,7.500000000000001e-05,3.6750000000000004e-06,0.7500000000000001,36.75000000000001,-0.08337132799344847,388633625582649.9
p2_bulk_nta_5e19_common_primary,NTA 5e19 common-primary state,top_primary,interface_4x,T03_P2_BULK_TRAPS_FORMAL,enabled_symmetric_teaching_top_stack,0.0,0.01,0.0,0.3,channel,7.500000000000001e-05,3.7500000000000005e-06,0.7500000000000001,37.50000000000001,-0.08303806660345994,393675981586601.94
p2_bulk_nta_5e19_common_primary,NTA 5e19 common-primary state,top_primary,interface_4x,T03_P2_BULK_TRAPS_FORMAL,enabled_symmetric_teaching_top_stack,0.0,0.01,0.0,0.3,channel,7.500000000000001e-05,3.825000000000001e-06,0.7500000000000001,38.25000000000001,-0.08253115009182838,401471519313630.44
p2_bulk_nta_5e19_common_primary,NTA 5e19 common-primary state,top_primary,interface_4x,T03_P2_BULK_TRAPS_FORMAL,enabled_symmetric_teaching_top_stack,0.0,0.01,0.0,0.3,channel,7.500000000000001e-05,3.9e-06,0.7500000000000001,39.0,-0.08184940554786278,412199580761483.1
p2_bulk_nta_5e19_common_primary,NTA 5e19 common-primary state,top_primary,interface_4x,T03_P2_BULK_TRAPS_FORMAL,enabled_symmetric_teaching_top_stack,0.0,0.01,0.0,0.3,channel,7.500000000000001e-05,3.975e-06,0.7500000000000001,39.75,-0.08099124364014694,426112261386496.0
p2_bulk_nta_5e19_common_primary,NTA 5e19 common-primary state,top_primary,interface_4x,T03_P2_BULK_TRAPS_FORMAL,enabled_symmetric_teaching_top_stack,0.0,0.01,0.0,0.3,channel,7.500000000000001e-05,4.05e-06,0.7500000000000001,40.5,-0.07995464418069471,443545457282830.0
p2_bulk_nta_5e19_common_primary,NTA 5e19 common-primary state,top_primary,interface_4x,T03_P2_BULK_TRAPS_FORMAL,enabled_symmetric_teaching_top_stack,0.0,0.01,0.0,0.3,channel,7.500000000000001e-05,4.125e-06,0.7500000000000001,41.25,-0.0787371374969648,464934043850702.2
p2_bulk_nta_5e19_common_primary,NTA 5e19 common-primary state,top_primary,interface_4x,T03_P2_BULK_TRAPS_FORMAL,enabled_symmetric_teaching_top_stack,0.0,0.01,0.0,0.3,channel,7.500000000000001e-05,4.2000000000000004e-06,0.7500000000000001,42.00000000000001,-0.07733578123485033,490832257372018.1
p2_bulk_nta_5e19_common_primary,NTA 5e19 common-primary state,top_primary,interface_4x,T03_P2_BULK_TRAPS_FORMAL,enabled_symmetric_teaching_top_stack,0.0,0.01,0.0,0.3,channel,7.500000000000001e-05,4.2750000000000006e-06,0.7500000000000001,42.75000000000001,-0.07574713211143737,521940776525387.4
p2_bulk_nta_5e19_common_primary,NTA 5e19 common-primary state,top_primary,interface_4x,T03_P2_BULK_TRAPS_FORMAL,enabled_symmetric_teaching_top_stack,0.0,0.01,0.0,0.3,channel,7.500000000000001e-05,4.350000000000001e-06,0.7500000000000001,43.50000000000001,-0.07396721201415095,559142583732904.6
p2_bulk_nta_5e19_common_primary,NTA 5e19 common-primary state,top_primary,interface_4x,T03_P2_BULK_TRAPS_FORMAL,enabled_symmetric_teaching_top_stack,0.0,0.01,0.0,0.3,channel,7.500000000000001e-05,4.425e-06,0.7500000000000001,44.25,-0.07199146769751842,603550498057207.6
p2_bulk_nta_5e19_common_primary,NTA 5e19 common-primary state,top_primary,interface_4x,T03_P2_BULK_TRAPS_FORMAL,enabled_symmetric_teaching_top_stack,0.0,0.01,0.0,0.3,channel,7.500000000000001e-05,4.5e-06,0.7500000000000001,45.0,-0.06981472315337517,656570418011746.5
p2_bulk_nta_5e19_common_primary,NTA 5e19 common-primary state,top_primary,interface_4x,T03_P2_BULK_TRAPS_FORMAL,enabled_symmetric_teaching_top_stack,0.0,0.01,0.0,0.3,channel,7.500000000000001e-05,4.575e-06,0.7500000000000001,45.75,-0.06743112351614802,719985952531712.4
p2_bulk_nta_5e19_common_primary,NTA 5e19 common-primary state,top_primary,interface_4x,T03_P2_BULK_TRAPS_FORMAL,enabled_symmetric_teaching_top_stack,0.0,0.01,0.0,0.3,channel,7.500000000000001e-05,4.65e-06,0.7500000000000001,46.50000000000001,-0.06483406910041553,796072491667046.9
p2_bulk_nta_5e19_common_primary,NTA 5e19 common-primary state,top_primary,interface_4x,T03_P2_BULK_TRAPS_FORMAL,enabled_symmetric_teaching_top_stack,0.0,0.01,0.0,0.3,channel,7.500000000000001e-05,4.7250000000000005e-06,0.7500000000000001,47.25000000000001,-0.06201613783810719,887752244147951.8
p2_bulk_nta_5e19_common_primary,NTA 5e19 common-primary state,top_primary,interface_4x,T03_P2_BULK_TRAPS_FORMAL,enabled_symmetric_teaching_top_stack,0.0,0.01,0.0,0.3,channel,7.500000000000001e-05,4.8e-06,0.7500000000000001,48.0,-0.05896899396721259,998806920699680.2
p2_bulk_nta_5e19_common_primary,NTA 5e19 common-primary state,top_primary,interface_4x,T03_P2_BULK_TRAPS_FORMAL,enabled_symmetric_teaching_top_stack,0.0,0.01,0.0,0.3,channel,7.500000000000001e-05,4.875e-06,0.7500000000000001,48.75,-0.055683280295417095,1134172474908693.5
p2_bulk_nta_5e19_common_primary,NTA 5e19 common-primary state,top_primary,interface_4x,T03_P2_BULK_TRAPS_FORMAL,enabled_symmetric_teaching_top_stack,0.0,0.01,0.0,0.3,channel,7.500000000000001e-05,4.95e-06,0.7500000000000001,49.5,-0.05214849068348497,1300352075561556.5
p2_bulk_nta_5e19_common_primary,NTA 5e19 common-primary state,top_primary,interface_4x,T03_P2_BULK_TRAPS_FORMAL,enabled_symmetric_teaching_top_stack,0.0,0.01,0.0,0.3,channel,7.500000000000001e-05,5.025e-06,0.7500000000000001,50.25,-0.04835281851326234,1506001627731398.5
p2_bulk_nta_5e19_common_primary,NTA 5e19 common-primary state,top_primary,interface_4x,T03_P2_BULK_TRAPS_FORMAL,enabled_symmetric_teaching_top_stack,0.0,0.01,0.0,0.3,channel,7.500000000000001e-05,5.1e-06,0.7500000000000001,51.0,-0.044282975752237615,1762770567180397.0
p2_bulk_nta_5e19_common_primary,NTA 5e19 common-primary state,top_primary,interface_4x,T03_P2_BULK_TRAPS_FORMAL,enabled_symmetric_teaching_top_stack,0.0,0.01,0.0,0.3,channel,7.500000000000001e-05,5.1750000000000004e-06,0.7500000000000001,51.75000000000001,-0.039923975698572554,2086525844875686.5
p2_bulk_nta_5e19_common_primary,NTA 5e19 common-primary state,top_primary,interface_4x,T03_P2_BULK_TRAPS_FORMAL,enabled_symmetric_teaching_top_stack,0.0,0.01,0.0,0.3,channel,7.500000000000001e-05,5.2500000000000006e-06,0.7500000000000001,52.50000000000001,-0.035258870439151414,2499160151816437.0
p2_bulk_nta_5e19_common_primary,NTA 5e19 common-primary state,top_primary,interface_4x,T03_P2_BULK_TRAPS_FORMAL,enabled_symmetric_teaching_top_stack,0.0,0.01,0.0,0.3,channel,7.500000000000001e-05,5.325e-06,0.7500000000000001,53.25,-0.03026843125998397,3031305978005689.5
p2_bulk_nta_5e19_common_primary,NTA 5e19 common-primary state,top_primary,interface_4x,T03_P2_BULK_TRAPS_FORMAL,enabled_symmetric_teaching_top_stack,0.0,0.01,0.0,0.3,channel,7.500000000000001e-05,5.4e-06,0.7500000000000001,54.0,-0.0249307563872976,3726479764444629.0
p2_bulk_nta_5e19_common_primary,NTA 5e19 common-primary state,top_primary,interface_4x,T03_P2_BULK_TRAPS_FORMAL,enabled_symmetric_teaching_top_stack,0.0,0.01,0.0,0.3,channel,0.0001,3e-06,1.0,30.0,-0.07838518788400445,466825809174874.7
p2_bulk_nta_5e19_common_primary,NTA 5e19 common-primary state,top_primary,interface_4x,T03_P2_BULK_TRAPS_FORMAL,enabled_symmetric_teaching_top_stack,0.0,0.01,0.0,0.3,channel,0.0001,3.075e-06,1.0,30.750000000000004,-0.07962568340085464,444954344118470.0
p2_bulk_nta_5e19_common_primary,NTA 5e19 common-primary state,top_primary,interface_4x,T03_P2_BULK_TRAPS_FORMAL,enabled_symmetric_teaching_top_stack,0.0,0.01,0.0,0.3,channel,0.0001,3.1500000000000003e-06,1.0,31.500000000000004,-0.08068507496090968,427089069072206.7
p2_bulk_nta_5e19_common_primary,NTA 5e19 common-primary state,top_primary,interface_4x,T03_P2_BULK_TRAPS_FORMAL,enabled_symmetric_teaching_top_stack,0.0,0.01,0.0,0.3,channel,0.0001,3.225e-06,1.0,32.25,-0.08156588879448566,412782650196829.8
p2_bulk_nta_5e19_common_primary,NTA 5e19 common-primary state,top_primary,interface_4x,T03_P2_BULK_TRAPS_FORMAL,enabled_symmetric_teaching_top_stack,0.0,0.01,0.0,0.3,channel,0.0001,3.3e-06,1.0,33.0,-0.0822701996706432,401688624467258.75
p2_bulk_nta_5e19_common_primary,NTA 5e19 common-primary state,top_primary,interface_4x,T03_P2_BULK_TRAPS_FORMAL,enabled_symmetric_teaching_top_stack,0.0,0.01,0.0,0.3,channel,0.0001,3.3750000000000003e-06,1.0,33.75,-0.08279965005402425,393545687696559.25
p2_bulk_nta_5e19_common_primary,NTA 5e19 common-primary state,top_primary,interface_4x,T03_P2_BULK_TRAPS_FORMAL,enabled_symmetric_teaching_top_stack,0.0,0.01,0.0,0.3,channel,0.0001,3.45e-06,1.0,34.5,-0.08315546503676016,388166211805057.8
p2_bulk_nta_5e19_common_primary,NTA 5e19 common-primary state,top_primary,interface_4x,T03_P2_BULK_TRAPS_FORMAL,enabled_symmetric_teaching_top_stack,0.0,0.01,0.0,0.3,channel,0.0001,3.525e-06,1.0,35.25,-0.08333846334185564,385428205434911.9
p2_bulk_nta_5e19_common_primary,NTA 5e19 common-primary state,top_primary,interface_4x,T03_P2_BULK_TRAPS_FORMAL,enabled_symmetric_teaching_top_stack,0.0,0.01,0.0,0.3,channel,0.0001,3.6000000000000003e-06,1.0,36.0,-0.08334906461286302,385270183103132.7
p2_bulk_nta_5e19_common_primary,NTA 5e19 common-primary state,top_primary,interface_4x,T03_P2_BULK_TRAPS_FORMAL,enabled_symmetric_teaching_top_stack,0.0,0.01,0.0,0.3,channel,0.0001,3.6750000000000004e-06,1.0,36.75000000000001,-0.0831872931304544,387688608726351.0
p2_bulk_nta_5e19_common_primary,NTA 5e19 common-primary state,top_primary,interface_4x,T03_P2_BULK_TRAPS_FORMAL,enabled_symmetric_teaching_top_stack,0.0,0.01,0.0,0.3,channel,0.0001,3.7500000000000005e-06,1.0,37.50000000000001,-0.08285277802705195,392737749206863.06
p2_bulk_nta_5e19_common_primary,NTA 5e19 common-primary state,top_primary,interface_4x,T03_P2_BULK_TRAPS_FORMAL,enabled_symmetric_teaching_top_stack,0.0,0.01,0.0,0.3,channel,0.0001,3.825000000000001e-06,1.0,38.25000000000001,-0.08234475000361499,400531928714897.25
p2_bulk_nta_5e19_common_primary,NTA 5e19 common-primary state,top_primary,interface_4x,T03_P2_BULK_TRAPS_FORMAL,enabled_symmetric_teaching_top_stack,0.0,0.01,0.0,0.3,channel,0.0001,3.9e-06,1.0,39.0,-0.08166203448575768,411250328402251.6
p2_bulk_nta_5e19_common_primary,NTA 5e19 common-primary state,top_primary,interface_4x,T03_P2_BULK_TRAPS_FORMAL,enabled_symmetric_teaching_top_stack,0.0,0.01,0.0,0.3,channel,0.0001,3.975e-06,1.0,39.75,-0.08080304108734125,425144643501308.56
p2_bulk_nta_5e19_common_primary,NTA 5e19 common-primary state,top_primary,interface_4x,T03_P2_BULK_TRAPS_FORMAL,enabled_symmetric_teaching_top_stack,0.0,0.01,0.0,0.3,channel,0.0001,4.05e-06,1.0,40.5,-0.07976574917620001,442550105652890.94
p2_bulk_nta_5e19_common_primary,NTA 5e19 common-primary state,top_primary,interface_4x,T03_P2_BULK_TRAPS_FORMAL,enabled_symmetric_teaching_top_stack,0.0,0.01,0.0,0.3,channel,0.0001,4.125e-06,1.0,41.25,-0.07854768925613047,463900621943845.25
p2_bulk_nta_5e19_common_primary,NTA 5e19 common-primary state,top_primary,interface_4x,T03_P2_BULK_TRAPS_FORMAL,enabled_symmetric_teaching_top_stack,0.0,0.01,0.0,0.3,channel,0.0001,4.2000000000000004e-06,1.0,42.00000000000001,-0.07714591978873647,489749098619014.75
p2_bulk_nta_5e19_common_primary,NTA 5e19 common-primary state,top_primary,interface_4x,T03_P2_BULK_TRAPS_FORMAL,enabled_symmetric_teaching_top_stack,0.0,0.01,0.0,0.3,channel,0.0001,4.2750000000000006e-06,1.0,42.75000000000001,-0.07555699897465862,520794441358208.8
p2_bulk_nta_5e19_common_primary,NTA 5e19 common-primary state,top_primary,interface_4x,T03_P2_BULK_TRAPS_FORMAL,enabled_symmetric_teaching_top_stack,0.0,0.01,0.0,0.3,channel,0.0001,4.350000000000001e-06,1.0,43.50000000000001,-0.07377695089183833,557917304549660.8
p2_bulk_nta_5e19_common_primary,NTA 5e19 common-primary state,top_primary,interface_4x,T03_P2_BULK_TRAPS_FORMAL,enabled_symmetric_teaching_top_stack,0.0,0.01,0.0,0.3,channel,0.0001,4.425e-06,1.0,44.25,-0.0718012252434308,602227470543738.2
p2_bulk_nta_5e19_common_primary,NTA 5e19 common-primary state,top_primary,interface_4x,T03_P2_BULK_TRAPS_FORMAL,enabled_symmetric_teaching_top_stack,0.0,0.01,0.0,0.3,channel,0.0001,4.5e-06,1.0,45.0,-0.0696246497930056,655126881802469.0
p2_bulk_nta_5e19_common_primary,NTA 5e19 common-primary state,top_primary,interface_4x,T03_P2_BULK_TRAPS_FORMAL,enabled_symmetric_teaching_top_stack,0.0,0.01,0.0,0.3,channel,0.0001,4.575e-06,1.0,45.75,-0.06724137435101651,718393981852283.9
p2_bulk_nta_5e19_common_primary,NTA 5e19 common-primary state,top_primary,interface_4x,T03_P2_BULK_TRAPS_FORMAL,enabled_symmetric_teaching_top_stack,0.0,0.01,0.0,0.3,channel,0.0001,4.65e-06,1.0,46.50000000000001,-0.06464480491275827,794297384036965.8
p2_bulk_nta_5e19_common_primary,NTA 5e19 common-primary state,top_primary,interface_4x,T03_P2_BULK_TRAPS_FORMAL,enabled_symmetric_teaching_top_stack,0.0,0.01,0.0,0.3,channel,0.0001,4.7250000000000005e-06,1.0,47.25000000000001,-0.06182752621905186,885750347285267.4
p2_bulk_nta_5e19_common_primary,NTA 5e19 common-primary state,top_primary,interface_4x,T03_P2_BULK_TRAPS_FORMAL,enabled_symmetric_teaching_top_stack,0.0,0.01,0.0,0.3,channel,0.0001,4.8e-06,1.0,48.0,-0.0587812105965253,996522666412596.5
p2_bulk_nta_5e19_common_primary,NTA 5e19 common-primary state,top_primary,interface_4x,T03_P2_BULK_TRAPS_FORMAL,enabled_symmetric_teaching_top_stack,0.0,0.01,0.0,0.3,channel,0.0001,4.875e-06,1.0,48.75,-0.055496510407366514,1131534281219870.8
p2_bulk_nta_5e19_common_primary,NTA 5e19 common-primary state,top_primary,interface_4x,T03_P2_BULK_TRAPS_FORMAL,enabled_symmetric_teaching_top_stack,0.0,0.01,0.0,0.3,channel,0.0001,4.95e-06,1.0,49.5,-0.051962930761770235,1297266614068407.0
p2_bulk_nta_5e19_common_primary,NTA 5e19 common-primary state,top_primary,interface_4x,T03_P2_BULK_TRAPS_FORMAL,enabled_symmetric_teaching_top_stack,0.0,0.01,0.0,0.3,channel,0.0001,5.025e-06,1.0,50.25,-0.04816867826895717,1502345698737723.5
p2_bulk_nta_5e19_common_primary,NTA 5e19 common-primary state,top_primary,interface_4x,T03_P2_BULK_TRAPS_FORMAL,enabled_symmetric_teaching_top_stack,0.0,0.01,0.0,0.3,channel,0.0001,5.1e-06,1.0,51.0,-0.04410048045325425,1758379424765783.8
p2_bulk_nta_5e19_common_primary,NTA 5e19 common-primary state,top_primary,interface_4x,T03_P2_BULK_TRAPS_FORMAL,enabled_symmetric_teaching_top_stack,0.0,0.01,0.0,0.3,channel,0.0001,5.1750000000000004e-06,1.0,51.75000000000001,-0.039743368938601864,2081176173666628.5
p2_bulk_nta_5e19_common_primary,NTA 5e19 common-primary state,top_primary,interface_4x,T03_P2_BULK_TRAPS_FORMAL,enabled_symmetric_teaching_top_stack,0.0,0.01,0.0,0.3,channel,0.0001,5.2500000000000006e-06,1.0,52.50000000000001,-0.03508041746037865,2492544854560880.5
p2_bulk_nta_5e19_common_primary,NTA 5e19 common-primary state,top_primary,interface_4x,T03_P2_BULK_TRAPS_FORMAL,enabled_symmetric_teaching_top_stack,0.0,0.01,0.0,0.3,channel,0.0001,5.325e-06,1.0,53.25,-0.030092422980054778,3022996202740622.5
p2_bulk_nta_5e19_common_primary,NTA 5e19 common-primary state,top_primary,interface_4x,T03_P2_BULK_TRAPS_FORMAL,enabled_symmetric_teaching_top_stack,0.0,0.01,0.0,0.3,channel,0.0001,5.4e-06,1.0,54.0,-0.024757514331423747,3715866668750848.5
p2_bulk_nta_5e19_common_primary,NTA 5e19 common-primary state,top_primary,interface_4x,T03_P2_BULK_TRAPS_FORMAL,enabled_symmetric_teaching_top_stack,0.0,0.01,0.0,0.3,channel,0.000125,3e-06,1.25,30.0,-0.07821904719201526,465357258003050.2
p2_bulk_nta_5e19_common_primary,NTA 5e19 common-primary state,top_primary,interface_4x,T03_P2_BULK_TRAPS_FORMAL,enabled_symmetric_teaching_top_stack,0.0,0.01,0.0,0.3,channel,0.000125,3.075e-06,1.25,30.750000000000004,-0.07945681758261323,443601355398480.56
p2_bulk_nta_5e19_common_primary,NTA 5e19 common-primary state,top_primary,interface_4x,T03_P2_BULK_TRAPS_FORMAL,enabled_symmetric_teaching_top_stack,0.0,0.01,0.0,0.3,channel,0.000125,3.1500000000000003e-06,1.25,31.500000000000004,-0.08051367292056792,425832178346902.56
p2_bulk_nta_5e19_common_primary,NTA 5e19 common-primary state,top_primary,interface_4x,T03_P2_BULK_TRAPS_FORMAL,enabled_symmetric_teaching_top_stack,0.0,0.01,0.0,0.3,channel,0.000125,3.225e-06,1.25,32.25,-0.08139213091951701,411605369139592.94
p2_bulk_nta_5e19_common_primary,NTA 5e19 common-primary state,top_primary,interface_4x,T03_P2_BULK_TRAPS_FORMAL,enabled_symmetric_teaching_top_stack,0.0,0.01,0.0,0.3,channel,0.000125,3.3e-06,1.25,33.0,-0.08209425883688215,400576807765801.06
p2_bulk_nta_5e19_common_primary,NTA 5e19 common-primary state,top_primary,interface_4x,T03_P2_BULK_TRAPS_FORMAL,enabled_symmetric_teaching_top_stack,0.0,0.01,0.0,0.3,channel,0.000125,3.3750000000000003e-06,1.25,33.75,-0.0826216925410624,392487025662651.0
p2_bulk_nta_5e19_common_primary,NTA 5e19 common-primary state,top_primary,interface_4x,T03_P2_BULK_TRAPS_FORMAL,enabled_symmetric_teaching_top_stack,0.0,0.01,0.0,0.3,channel,0.000125,3.45e-06,1.25,34.5,-0.08297565136822438,387149816980082.9
p2_bulk_nta_5e19_common_primary,NTA 5e19 common-primary state,top_primary,interface_4x,T03_P2_BULK_TRAPS_FORMAL,enabled_symmetric_teaching_top_stack,0.0,0.01,0.0,0.3,channel,0.000125,3.525e-06,1.25,35.25,-0.08315694906328189,384444268835585.56
p2_bulk_nta_5e19_common_primary,NTA 5e19 common-primary state,top_primary,interface_4x,T03_P2_BULK_TRAPS_FORMAL,enabled_symmetric_teaching_top_stack,0.0,0.01,0.0,0.3,channel,0.000125,3.6000000000000003e-06,1.25,36.0,-0.08316600101844004,384309680980011.5
p2_bulk_nta_5e19_common_primary,NTA 5e19 common-primary state,top_primary,interface_4x,T03_P2_BULK_TRAPS_FORMAL,enabled_symmetric_teaching_top_stack,0.0,0.01,0.0,0.3,channel,0.000125,3.6750000000000004e-06,1.25,36.75000000000001,-0.08300282794878852,386743044340941.6
p2_bulk_nta_5e19_common_primary,NTA 5e19 common-primary state,top_primary,interface_4x,T03_P2_BULK_TRAPS_FORMAL,enabled_symmetric_teaching_top_stack,0.0,0.01,0.0,0.3,channel,0.000125,3.7500000000000005e-06,1.25,37.50000000000001,-0.0826670560752539,391798916538287.94
p2_bulk_nta_5e19_common_primary,NTA 5e19 common-primary state,top_primary,interface_4x,T03_P2_BULK_TRAPS_FORMAL,enabled_symmetric_teaching_top_stack,0.0,0.01,0.0,0.3,channel,0.000125,3.825000000000001e-06,1.25,38.25000000000001,-0.08215791381840175,399591686416697.75
p2_bulk_nta_5e19_common_primary,NTA 5e19 common-primary state,top_primary,interface_4x,T03_P2_BULK_TRAPS_FORMAL,enabled_symmetric_teaching_top_stack,0.0,0.01,0.0,0.3,channel,0.000125,3.9e-06,1.25,39.0,-0.08147422493987592,410300372871853.4
p2_bulk_nta_5e19_common_primary,NTA 5e19 common-primary state,top_primary,interface_4x,T03_P2_BULK_TRAPS_FORMAL,enabled_symmetric_teaching_top_stack,0.0,0.01,0.0,0.3,channel,0.000125,3.975e-06,1.25,39.75,-0.08061439799944363,424176269637610.44
p2_bulk_nta_5e19_common_primary,NTA 5e19 common-primary state,top_primary,interface_4x,T03_P2_BULK_TRAPS_FORMAL,enabled_symmetric_teaching_top_stack,0.0,0.01,0.0,0.3,channel,0.000125,4.05e-06,1.25,40.5,-0.07957641192233789,441553942714296.75
p2_bulk_nta_5e19_common_primary,NTA 5e19 common-primary state,top_primary,interface_4x,T03_P2_BULK_TRAPS_FORMAL,enabled_symmetric_teaching_top_stack,0.0,0.01,0.0,0.3,channel,0.000125,4.125e-06,1.25,41.25,-0.07835779739127467,462866329738728.9
p2_bulk_nta_5e19_common_primary,NTA 5e19 common-primary state,top_primary,interface_4x,T03_P2_BULK_TRAPS_FORMAL,enabled_symmetric_teaching_top_stack,0.0,0.01,0.0,0.3,channel,0.000125,4.2000000000000004e-06,1.25,42.00000000000001,-0.07695561368721562,488665005806237.0
p2_bulk_nta_5e19_common_primary,NTA 5e19 common-primary state,top_primary,interface_4x,T03_P2_BULK_TRAPS_FORMAL,enabled_symmetric_teaching_top_stack,0.0,0.01,0.0,0.3,channel,0.000125,4.2750000000000006e-06,1.25,42.75000000000001,-0.07536642049914079,519647102495017.2
p2_bulk_nta_5e19_common_primary,NTA 5e19 common-primary state,top_primary,interface_4x,T03_P2_BULK_TRAPS_FORMAL,enabled_symmetric_teaching_top_stack,0.0,0.01,0.0,0.3,channel,0.000125,4.350000000000001e-06,1.25,43.50000000000001,-0.07358624410151503,556690945066726.8
p2_bulk_nta_5e19_common_primary,NTA 5e19 common-primary state,top_primary,interface_4x,T03_P2_BULK_TRAPS_FORMAL,enabled_symmetric_teaching_top_stack,0.0,0.01,0.0,0.3,channel,0.000125,4.425e-06,1.25,44.25,-0.07161053715344877,600903278098913.6
p2_bulk_nta_5e19_common_primary,NTA 5e19 common-primary state,top_primary,interface_4x,T03_P2_BULK_TRAPS_FORMAL,enabled_symmetric_teaching_top_stack,0.0,0.01,0.0,0.3,channel,0.000125,4.5e-06,1.25,45.0,-0.06943413119900739,653682087029013.5
p2_bulk_nta_5e19_common_primary,NTA 5e19 common-primary state,top_primary,interface_4x,T03_P2_BULK_TRAPS_FORMAL,enabled_symmetric_teaching_top_stack,0.0,0.01,0.0,0.3,channel,0.000125,4.575e-06,1.25,45.75,-0.0670511807349997,716800649196755.2
p2_bulk_nta_5e19_common_primary,NTA 5e19 common-primary state,top_primary,interface_4x,T03_P2_BULK_TRAPS_FORMAL,enabled_symmetric_teaching_top_stack,0.0,0.01,0.0,0.3,channel,0.000125,4.65e-06,1.25,46.50000000000001,-0.06445509744948416,792520800849888.8
p2_bulk_nta_5e19_common_primary,NTA 5e19 common-primary state,top_primary,interface_4x,T03_P2_BULK_TRAPS_FORMAL,enabled_symmetric_teaching_top_stack,0.0,0.01,0.0,0.3,channel,0.000125,4.7250000000000005e-06,1.25,47.25000000000001,-0.06163847290611724,883746851445333.2
p2_bulk_nta_5e19_common_primary,NTA 5e19 common-primary state,top_primary,interface_4x,T03_P2_BULK_TRAPS_FORMAL,enabled_symmetric_teaching_top_stack,0.0,0.01,0.0,0.3,channel,0.000125,4.8e-06,1.25,48.0,-0.05859298753621018,994236681496818.8
p2_bulk_nta_5e19_common_primary,NTA 5e19 common-primary state,top_primary,interface_4x,T03_P2_BULK_TRAPS_FORMAL,enabled_symmetric_teaching_top_stack,0.0,0.01,0.0,0.3,channel,0.000125,4.875e-06,1.25,48.75,-0.05530930327483404,1128894220842109.0
p2_bulk_nta_5e19_common_primary,NTA 5e19 common-primary state,top_primary,interface_4x,T03_P2_BULK_TRAPS_FORMAL,enabled_symmetric_teaching_top_stack,0.0,0.01,0.0,0.3,channel,0.000125,4.95e-06,1.25,49.5,-0.05177693650260078,1294179153017729.0
p2_bulk_nta_5e19_common_primary,NTA 5e19 common-primary state,top_primary,interface_4x,T03_P2_BULK_TRAPS_FORMAL,enabled_symmetric_teaching_top_stack,0.0,0.01,0.0,0.3,channel,0.000125,5.025e-06,1.25,50.25,-0.04798410708000793,1498687654509702.5
p2_bulk_nta_5e19_common_primary,NTA 5e19 common-primary state,top_primary,interface_4x,T03_P2_BULK_TRAPS_FORMAL,enabled_symmetric_teaching_top_stack,0.0,0.01,0.0,0.3,channel,0.000125,5.1e-06,1.25,51.0,-0.04391755811539024,1753986093454060.8
p2_bulk_nta_5e19_common_primary,NTA 5e19 common-primary state,top_primary,interface_4x,T03_P2_BULK_TRAPS_FORMAL,enabled_symmetric_teaching_top_stack,0.0,0.01,0.0,0.3,channel,0.000125,5.1750000000000004e-06,1.25,51.75000000000001,-0.03956233958929913,2075824325084172.2
p2_bulk_nta_5e19_common_primary,NTA 5e19 common-primary state,top_primary,interface_4x,T03_P2_BULK_TRAPS_FORMAL,enabled_symmetric_teaching_top_stack,0.0,0.01,0.0,0.3,channel,0.000125,5.2500000000000006e-06,1.25,52.50000000000001,-0.03490154692054108,2485927551125722.5
p2_bulk_nta_5e19_common_primary,NTA 5e19 common-primary state,top_primary,interface_4x,T03_P2_BULK_TRAPS_FORMAL,enabled_symmetric_teaching_top_stack,0.0,0.01,0.0,0.3,channel,0.000125,5.325e-06,1.25,53.25,-0.029916002785553092,3014684880577387.5
p2_bulk_nta_5e19_common_primary,NTA 5e19 common-primary state,top_primary,interface_4x,T03_P2_BULK_TRAPS_FORMAL,enabled_symmetric_teaching_top_stack,0.0,0.01,0.0,0.3,channel,0.000125,5.4e-06,1.25,54.0,-0.024583866670259098,3705252996000910.0
p2_bulk_nta_5e19_common_primary,NTA 5e19 common-primary state,top_primary,interface_4x,T03_P2_BULK_TRAPS_FORMAL,enabled_symmetric_teaching_top_stack,0.0,0.01,0.0,0.3,channel,0.00015000000000000001,3e-06,1.5000000000000002,30.0,-0.07805252471729374,463888980741753.3
p2_bulk_nta_5e19_common_primary,NTA 5e19 common-primary state,top_primary,interface_4x,T03_P2_BULK_TRAPS_FORMAL,enabled_symmetric_teaching_top_stack,0.0,0.01,0.0,0.3,channel,0.00015000000000000001,3.075e-06,1.5000000000000002,30.750000000000004,-0.07928756368456023,442248445330769.0
p2_bulk_nta_5e19_common_primary,NTA 5e19 common-primary state,top_primary,interface_4x,T03_P2_BULK_TRAPS_FORMAL,enabled_symmetric_teaching_top_stack,0.0,0.01,0.0,0.3,channel,0.00015000000000000001,3.1500000000000003e-06,1.5000000000000002,31.500000000000004,-0.08034187688046314,424575209617119.94
p2_bulk_nta_5e19_common_primary,NTA 5e19 common-primary state,top_primary,interface_4x,T03_P2_BULK_TRAPS_FORMAL,enabled_symmetric_teaching_top_stack,0.0,0.01,0.0,0.3,channel,0.00015000000000000001,3.225e-06,1.5000000000000002,32.25,-0.0812179734947994,410427882785088.0
p2_bulk_nta_5e19_common_primary,NTA 5e19 common-primary state,top_primary,interface_4x,T03_P2_BULK_TRAPS_FORMAL,enabled_symmetric_teaching_top_stack,0.0,0.01,0.0,0.3,channel,0.00015000000000000001,3.3e-06,1.5000000000000002,33.0,-0.08191791326681112,399464680756318.06
p2_bulk_nta_5e19_common_primary,NTA 5e19 common-primary state,top_primary,interface_4x,T03_P2_BULK_TRAPS_FORMAL,enabled_symmetric_teaching_top_stack,0.0,0.01,0.0,0.3,channel,0.00015000000000000001,3.3750000000000003e-06,1.5000000000000002,33.75,-0.0824433254627856,391427965109208.3
p2_bulk_nta_5e19_common_primary,NTA 5e19 common-primary state,top_primary,interface_4x,T03_P2_BULK_TRAPS_FORMAL,enabled_symmetric_teaching_top_stack,0.0,0.01,0.0,0.3,channel,0.00015000000000000001,3.45e-06,1.5000000000000002,34.5,-0.0827954236577678,386132947931147.5
p2_bulk_nta_5e19_common_primary,NTA 5e19 common-primary state,top_primary,interface_4x,T03_P2_BULK_TRAPS_FORMAL,enabled_symmetric_teaching_top_stack,0.0,0.01,0.0,0.3,channel,0.00015000000000000001,3.525e-06,1.5000000000000002,35.25,-0.0829750166141695,383459791410759.06
p2_bulk_nta_5e19_common_primary,NTA 5e19 common-primary state,top_primary,interface_4x,T03_P2_BULK_TRAPS_FORMAL,enabled_symmetric_teaching_top_stack,0.0,0.01,0.0,0.3,channel,0.00015000000000000001,3.6000000000000003e-06,1.5000000000000002,36.0,-0.08298251546921372,383348577790134.8
p2_bulk_nta_5e19_common_primary,NTA 5e19 common-primary state,top_primary,interface_4x,T03_P2_BULK_TRAPS_FORMAL,enabled_symmetric_teaching_top_stack,0.0,0.01,0.0,0.3,channel,0.00015000000000000001,3.6750000000000004e-06,1.5000000000000002,36.75000000000001,-0.08281793736957806,385796822755690.0
p2_bulk_nta_5e19_common_primary,NTA 5e19 common-primary state,top_primary,interface_4x,T03_P2_BULK_TRAPS_FORMAL,enabled_symmetric_teaching_top_stack,0.0,0.01,0.0,0.3,channel,0.00015000000000000001,3.7500000000000005e-06,1.5000000000000002,37.50000000000001,-0.08248090562269894,390859372752457.7
p2_bulk_nta_5e19_common_primary,NTA 5e19 common-primary state,top_primary,interface_4x,T03_P2_BULK_TRAPS_FORMAL,enabled_symmetric_teaching_top_stack,0.0,0.01,0.0,0.3,channel,0.00015000000000000001,3.825000000000001e-06,1.5000000000000002,38.25000000000001,-0.08197064636762057,398650679665215.7
p2_bulk_nta_5e19_common_primary,NTA 5e19 common-primary state,top_primary,interface_4x,T03_P2_BULK_TRAPS_FORMAL,enabled_symmetric_teaching_top_stack,0.0,0.01,0.0,0.3,channel,0.00015000000000000001,3.9e-06,1.5000000000000002,39.0,-0.08128598170179165,409349598677724.56
p2_bulk_nta_5e19_common_primary,NTA 5e19 common-primary state,top_primary,interface_4x,T03_P2_BULK_TRAPS_FORMAL,enabled_symmetric_teaching_top_stack,0.0,0.01,0.0,0.3,channel,0.00015000000000000001,3.975e-06,1.5000000000000002,39.75,-0.08042531913160407,423207020684430.7
p2_bulk_nta_5e19_common_primary,NTA 5e19 common-primary state,top_primary,interface_4x,T03_P2_BULK_TRAPS_FORMAL,enabled_symmetric_teaching_top_stack,0.0,0.01,0.0,0.3,channel,0.00015000000000000001,4.05e-06,1.5000000000000002,40.5,-0.07938663714139921,440556844768024.4
p2_bulk_nta_5e19_common_primary,NTA 5e19 common-primary state,top_primary,interface_4x,T03_P2_BULK_TRAPS_FORMAL,enabled_symmetric_teaching_top_stack,0.0,0.01,0.0,0.3,channel,0.00015000000000000001,4.125e-06,1.5000000000000002,41.25,-0.07816746659556804,461831037860739.25
p2_bulk_nta_5e19_common_primary,NTA 5e19 common-primary state,top_primary,interface_4x,T03_P2_BULK_TRAPS_FORMAL,enabled_symmetric_teaching_top_stack,0.0,0.01,0.0,0.3,channel,0.00015000000000000001,4.2000000000000004e-06,1.5000000000000002,42.00000000000001,-0.07676486759829597,487579842644377.44
p2_bulk_nta_5e19_common_primary,NTA 5e19 common-primary state,top_primary,interface_4x,T03_P2_BULK_TRAPS_FORMAL,enabled_symmetric_teaching_top_stack,0.0,0.01,0.0,0.3,channel,0.00015000000000000001,4.2750000000000006e-06,1.5000000000000002,42.75000000000001,-0.07517540133195398,518498615299723.06
p2_bulk_nta_5e19_common_primary,NTA 5e19 common-primary state,top_primary,interface_4x,T03_P2_BULK_TRAPS_FORMAL,enabled_symmetric_teaching_top_stack,0.0,0.01,0.0,0.3,channel,0.00015000000000000001,4.350000000000001e-06,1.5000000000000002,43.50000000000001,-0.0733950962738553,555463350624379.8
p2_bulk_nta_5e19_common_primary,NTA 5e19 common-primary state,top_primary,interface_4x,T03_P2_BULK_TRAPS_FORMAL,enabled_symmetric_teaching_top_stack,0.0,0.01,0.0,0.3,channel,0.00015000000000000001,4.425e-06,1.5000000000000002,44.25,-0.07141940804676626,599577754052123.0
p2_bulk_nta_5e19_common_primary,NTA 5e19 common-primary state,top_primary,interface_4x,T03_P2_BULK_TRAPS_FORMAL,enabled_symmetric_teaching_top_stack,0.0,0.01,0.0,0.3,channel,0.00015000000000000001,4.5e-06,1.5000000000000002,45.0,-0.06924317198444356,652235852627970.6
p2_bulk_nta_5e19_common_primary,NTA 5e19 common-primary state,top_primary,interface_4x,T03_P2_BULK_TRAPS_FORMAL,enabled_symmetric_teaching_top_stack,0.0,0.01,0.0,0.3,channel,0.00015000000000000001,4.575e-06,1.5000000000000002,45.75,-0.0668605472808798,715205756222942.1
p2_bulk_nta_5e19_common_primary,NTA 5e19 common-primary state,top_primary,interface_4x,T03_P2_BULK_TRAPS_FORMAL,enabled_symmetric_teaching_top_stack,0.0,0.01,0.0,0.3,channel,0.00015000000000000001,4.65e-06,1.5000000000000002,46.50000000000001,-0.06426495132951979,790742522951130.4
p2_bulk_nta_5e19_common_primary,NTA 5e19 common-primary state,top_primary,interface_4x,T03_P2_BULK_TRAPS_FORMAL,enabled_symmetric_teaching_top_stack,0.0,0.01,0.0,0.3,channel,0.00015000000000000001,4.7250000000000005e-06,1.5000000000000002,47.25000000000001,-0.06144898253145809,881741512288687.9
p2_bulk_nta_5e19_common_primary,NTA 5e19 common-primary state,top_primary,interface_4x,T03_P2_BULK_TRAPS_FORMAL,enabled_symmetric_teaching_top_stack,0.0,0.01,0.0,0.3,channel,0.00015000000000000001,4.8e-06,1.5000000000000002,48.0,-0.05840432943948666,991948690961015.0
p2_bulk_nta_5e19_common_primary,NTA 5e19 common-primary state,top_primary,interface_4x,T03_P2_BULK_TRAPS_FORMAL,enabled_symmetric_teaching_top_stack,0.0,0.01,0.0,0.3,channel,0.00015000000000000001,4.875e-06,1.5000000000000002,48.75,-0.05512166358080103,1126251981222026.5
p2_bulk_nta_5e19_common_primary,NTA 5e19 common-primary state,top_primary,interface_4x,T03_P2_BULK_TRAPS_FORMAL,enabled_symmetric_teaching_top_stack,0.0,0.01,0.0,0.3,channel,0.00015000000000000001,4.95e-06,1.5000000000000002,49.5,-0.051590512628401815,1291089333461655.8
p2_bulk_nta_5e19_common_primary,NTA 5e19 common-primary state,top_primary,interface_4x,T03_P2_BULK_TRAPS_FORMAL,enabled_symmetric_teaching_top_stack,0.0,0.01,0.0,0.3,channel,0.00015000000000000001,5.025e-06,1.5000000000000002,50.25,-0.04779910971909414,1495027078282335.8
p2_bulk_nta_5e19_common_primary,NTA 5e19 common-primary state,top_primary,interface_4x,T03_P2_BULK_TRAPS_FORMAL,enabled_symmetric_teaching_top_stack,0.0,0.01,0.0,0.3,channel,0.00015000000000000001,5.1e-06,1.5000000000000002,51.0,-0.04373421357368716,1749590083705996.2
p2_bulk_nta_5e19_common_primary,NTA 5e19 common-primary state,top_primary,interface_4x,T03_P2_BULK_TRAPS_FORMAL,enabled_symmetric_teaching_top_stack,0.0,0.01,0.0,0.3,channel,0.00015000000000000001,5.1750000000000004e-06,1.5000000000000002,51.75000000000001,-0.039380892561672036,2070469716968279.8
p2_bulk_nta_5e19_common_primary,NTA 5e19 common-primary state,top_primary,interface_4x,T03_P2_BULK_TRAPS_FORMAL,enabled_symmetric_teaching_top_stack,0.0,0.01,0.0,0.3,channel,0.00015000000000000001,5.2500000000000006e-06,1.5000000000000002,52.50000000000001,-0.03472226382195039,2479307540017675.5
p2_bulk_nta_5e19_common_primary,NTA 5e19 common-primary state,top_primary,interface_4x,T03_P2_BULK_TRAPS_FORMAL,enabled_symmetric_teaching_top_stack,0.0,0.01,0.0,0.3,channel,0.00015000000000000001,5.325e-06,1.5000000000000002,53.25,-0.029739175787452114,3006371154177008.0
p2_bulk_nta_5e19_common_primary,NTA 5e19 common-primary state,top_primary,interface_4x,T03_P2_BULK_TRAPS_FORMAL,enabled_symmetric_teaching_top_stack,0.0,0.01,0.0,0.3,channel,0.00015000000000000001,5.4e-06,1.5000000000000002,54.0,-0.024409818643163522,3694637682256758.5
p2_bulk_nta_5e19_common_primary,NTA 5e19 common-primary state,top_primary,interface_4x,T03_P2_BULK_TRAPS_FORMAL,enabled_symmetric_teaching_top_stack,0.0,0.01,0.0,0.3,channel,0.000175,3e-06,1.75,30.0,-0.07788561844710722,462420977143244.7
p2_bulk_nta_5e19_common_primary,NTA 5e19 common-primary state,top_primary,interface_4x,T03_P2_BULK_TRAPS_FORMAL,enabled_symmetric_teaching_top_stack,0.0,0.01,0.0,0.3,channel,0.000175,3.075e-06,1.75,30.750000000000004,-0.07911791965993342,440895613307268.9
p2_bulk_nta_5e19_common_primary,NTA 5e19 common-primary state,top_primary,interface_4x,T03_P2_BULK_TRAPS_FORMAL,enabled_symmetric_teaching_top_stack,0.0,0.01,0.0,0.3,channel,0.000175,3.1500000000000003e-06,1.75,31.500000000000004,-0.08016968476174686,423318161945923.94
p2_bulk_nta_5e19_common_primary,NTA 5e19 common-primary state,top_primary,interface_4x,T03_P2_BULK_TRAPS_FORMAL,enabled_symmetric_teaching_top_stack,0.0,0.01,0.0,0.3,channel,0.000175,3.225e-06,1.75,32.25,-0.08104341441131648,409250189895969.3
p2_bulk_nta_5e19_common_primary,NTA 5e19 common-primary state,top_primary,interface_4x,T03_P2_BULK_TRAPS_FORMAL,enabled_symmetric_teaching_top_stack,0.0,0.01,0.0,0.3,channel,0.000175,3.3e-06,1.75,33.0,-0.08174116082314194,398352241925568.5
p2_bulk_nta_5e19_common_primary,NTA 5e19 common-primary state,top_primary,interface_4x,T03_P2_BULK_TRAPS_FORMAL,enabled_symmetric_teaching_top_stack,0.0,0.01,0.0,0.3,channel,0.000175,3.3750000000000003e-06,1.75,33.75,-0.08226454665551047,390368504267281.25
p2_bulk_nta_5e19_common_primary,NTA 5e19 common-primary state,top_primary,interface_4x,T03_P2_BULK_TRAPS_FORMAL,enabled_symmetric_teaching_top_stack,0.0,0.01,0.0,0.3,channel,0.000175,3.45e-06,1.75,34.5,-0.0826147797171722,385115602649376.56
p2_bulk_nta_5e19_common_primary,NTA 5e19 common-primary state,top_primary,interface_4x,T03_P2_BULK_TRAPS_FORMAL,enabled_symmetric_teaching_top_stack,0.0,0.01,0.0,0.3,channel,0.000175,3.525e-06,1.75,35.25,-0.08279266378361272,382474770923096.56
p2_bulk_nta_5e19_common_primary,NTA 5e19 common-primary state,top_primary,interface_4x,T03_P2_BULK_TRAPS_FORMAL,enabled_symmetric_teaching_top_stack,0.0,0.01,0.0,0.3,channel,0.000175,3.6000000000000003e-06,1.75,36.0,-0.08279860573342844,382386871075000.2
p2_bulk_nta_5e19_common_primary,NTA 5e19 common-primary state,top_primary,interface_4x,T03_P2_BULK_TRAPS_FORMAL,enabled_symmetric_teaching_top_stack,0.0,0.01,0.0,0.3,channel,0.000175,3.6750000000000004e-06,1.75,36.75000000000001,-0.08263261914204938,384849941294210.7
p2_bulk_nta_5e19_common_primary,NTA 5e19 common-primary state,top_primary,interface_4x,T03_P2_BULK_TRAPS_FORMAL,enabled_symmetric_teaching_top_stack,0.0,0.01,0.0,0.3,channel,0.000175,3.7500000000000005e-06,1.75,37.50000000000001,-0.08229432440142498,389919114954513.44
p2_bulk_nta_5e19_common_primary,NTA 5e19 common-primary state,top_primary,interface_4x,T03_P2_BULK_TRAPS_FORMAL,enabled_symmetric_teaching_top_stack,0.0,0.01,0.0,0.3,channel,0.000175,3.825000000000001e-06,1.75,38.25000000000001,-0.08178294536795241,397708905342748.9
p2_bulk_nta_5e19_common_primary,NTA 5e19 common-primary state,top_primary,interface_4x,T03_P2_BULK_TRAPS_FORMAL,enabled_symmetric_teaching_top_stack,0.0,0.01,0.0,0.3,channel,0.000175,3.9e-06,1.75,39.0,-0.08109730247466648,408398002471211.4
p2_bulk_nta_5e19_common_primary,NTA 5e19 common-primary state,top_primary,interface_4x,T03_P2_BULK_TRAPS_FORMAL,enabled_symmetric_teaching_top_stack,0.0,0.01,0.0,0.3,channel,0.000175,3.975e-06,1.75,39.75,-0.08023580217531309,422236893050305.3
p2_bulk_nta_5e19_common_primary,NTA 5e19 common-primary state,top_primary,interface_4x,T03_P2_BULK_TRAPS_FORMAL,enabled_symmetric_teaching_top_stack,0.0,0.01,0.0,0.3,channel,0.000175,4.05e-06,1.75,40.5,-0.07919642251506687,439558807964121.0
p2_bulk_nta_5e19_common_primary,NTA 5e19 common-primary state,top_primary,interface_4x,T03_P2_BULK_TRAPS_FORMAL,enabled_symmetric_teaching_top_stack,0.0,0.01,0.0,0.3,channel,0.000175,4.125e-06,1.75,41.25,-0.07797669454276983,460794742181820.3
p2_bulk_nta_5e19_common_primary,NTA 5e19 common-primary state,top_primary,interface_4x,T03_P2_BULK_TRAPS_FORMAL,enabled_symmetric_teaching_top_stack,0.0,0.01,0.0,0.3,channel,0.000175,4.2000000000000004e-06,1.75,42.00000000000001,-0.07657367918972277,486493604703571.7
p2_bulk_nta_5e19_common_primary,NTA 5e19 common-primary state,top_primary,interface_4x,T03_P2_BULK_TRAPS_FORMAL,enabled_symmetric_teaching_top_stack,0.0,0.01,0.0,0.3,channel,0.000175,4.2750000000000006e-06,1.75,42.75000000000001,-0.07498393913677079,517348975012686.06
p2_bulk_nta_5e19_common_primary,NTA 5e19 common-primary state,top_primary,interface_4x,T03_P2_BULK_TRAPS_FORMAL,enabled_symmetric_teaching_top_stack,0.0,0.01,0.0,0.3,channel,0.000175,4.350000000000001e-06,1.75,43.50000000000001,-0.07320350507043823,554234516100811.2
p2_bulk_nta_5e19_common_primary,NTA 5e19 common-primary state,top_primary,interface_4x,T03_P2_BULK_TRAPS_FORMAL,enabled_symmetric_teaching_top_stack,0.0,0.01,0.0,0.3,channel,0.000175,4.425e-06,1.75,44.25,-0.07122783558489248,598250892882475.4
p2_bulk_nta_5e19_common_primary,NTA 5e19 common-primary state,top_primary,interface_4x,T03_P2_BULK_TRAPS_FORMAL,enabled_symmetric_teaching_top_stack,0.0,0.01,0.0,0.3,channel,0.000175,4.5e-06,1.75,45.0,-0.06905176981282905,650788172637975.6
p2_bulk_nta_5e19_common_primary,NTA 5e19 common-primary state,top_primary,interface_4x,T03_P2_BULK_TRAPS_FORMAL,enabled_symmetric_teaching_top_stack,0.0,0.01,0.0,0.3,channel,0.000175,4.575e-06,1.75,45.75,-0.06666947165631303,713609296483445.1
p2_bulk_nta_5e19_common_primary,NTA 5e19 common-primary state,top_primary,interface_4x,T03_P2_BULK_TRAPS_FORMAL,enabled_symmetric_teaching_top_stack,0.0,0.01,0.0,0.3,channel,0.000175,4.65e-06,1.75,46.50000000000001,-0.06407436422686691,788962543358298.2
p2_bulk_nta_5e19_common_primary,NTA 5e19 common-primary state,top_primary,interface_4x,T03_P2_BULK_TRAPS_FORMAL,enabled_symmetric_teaching_top_stack,0.0,0.01,0.0,0.3,channel,0.000175,4.7250000000000005e-06,1.75,47.25000000000001,-0.06125905277770413,879734322247115.6
p2_bulk_nta_5e19_common_primary,NTA 5e19 common-primary state,top_primary,interface_4x,T03_P2_BULK_TRAPS_FORMAL,enabled_symmetric_teaching_top_stack,0.0,0.01,0.0,0.3,channel,0.000175,4.8e-06,1.75,48.0,-0.05821523399998399,989658686601204.6
p2_bulk_nta_5e19_common_primary,NTA 5e19 common-primary state,top_primary,interface_4x,T03_P2_BULK_TRAPS_FORMAL,enabled_symmetric_teaching_top_stack,0.0,0.01,0.0,0.3,channel,0.000175,4.875e-06,1.75,48.75,-0.05493358903236848,1123607553475532.8
p2_bulk_nta_5e19_common_primary,NTA 5e19 common-primary state,top_primary,interface_4x,T03_P2_BULK_TRAPS_FORMAL,enabled_symmetric_teaching_top_stack,0.0,0.01,0.0,0.3,channel,0.000175,4.95e-06,1.75,49.5,-0.05140365686233208,1287997145805004.0
p2_bulk_nta_5e19_common_primary,NTA 5e19 common-primary state,top_primary,interface_4x,T03_P2_BULK_TRAPS_FORMAL,enabled_symmetric_teaching_top_stack,0.0,0.01,0.0,0.3,channel,0.000175,5.025e-06,1.75,50.25,-0.04761368392814664,1491363959744245.5
p2_bulk_nta_5e19_common_primary,NTA 5e19 common-primary state,top_primary,interface_4x,T03_P2_BULK_TRAPS_FORMAL,enabled_symmetric_teaching_top_stack,0.0,0.01,0.0,0.3,channel,0.000175,5.1e-06,1.75,51.0,-0.04355044459170676,1745191384534638.5
p2_bulk_nta_5e19_common_primary,NTA 5e19 common-primary state,top_primary,interface_4x,T03_P2_BULK_TRAPS_FORMAL,enabled_symmetric_teaching_top_stack,0.0,0.01,0.0,0.3,channel,0.000175,5.1750000000000004e-06,1.75,51.75000000000001,-0.03919902564393462,2065112337773762.2
p2_bulk_nta_5e19_common_primary,NTA 5e19 common-primary state,top_primary,interface_4x,T03_P2_BULK_TRAPS_FORMAL,enabled_symmetric_teaching_top_stack,0.0,0.01,0.0,0.3,channel,0.000175,5.2500000000000006e-06,1.75,52.50000000000001,-0.03454256598067705,2472684809375115.5
p2_bulk_nta_5e19_common_primary,NTA 5e19 common-primary state,top_primary,interface_4x,T03_P2_BULK_TRAPS_FORMAL,enabled_symmetric_teaching_top_stack,0.0,0.01,0.0,0.3,channel,0.000175,5.325e-06,1.75,53.25,-0.02956193983308833,2998055011799976.5
p2_bulk_nta_5e19_common_primary,NTA 5e19 common-primary state,top_primary,interface_4x,T03_P2_BULK_TRAPS_FORMAL,enabled_symmetric_teaching_top_stack,0.0,0.01,0.0,0.3,channel,0.000175,5.4e-06,1.75,54.0,-0.024235368132379583,3684020716642947.0
p2_bulk_nta_5e19_common_primary,NTA 5e19 common-primary state,top_primary,interface_4x,T03_P2_BULK_TRAPS_FORMAL,enabled_symmetric_teaching_top_stack,0.0,0.01,0.0,0.3,channel,0.0002,3e-06,2.0,30.0,-0.07771832631940995,460953247536933.25
p2_bulk_nta_5e19_common_primary,NTA 5e19 common-primary state,top_primary,interface_4x,T03_P2_BULK_TRAPS_FORMAL,enabled_symmetric_teaching_top_stack,0.0,0.01,0.0,0.3,channel,0.0002,3.075e-06,2.0,30.750000000000004,-0.07894788341261677,439542859263768.8
p2_bulk_nta_5e19_common_primary,NTA 5e19 common-primary state,top_primary,interface_4x,T03_P2_BULK_TRAPS_FORMAL,enabled_symmetric_teaching_top_stack,0.0,0.01,0.0,0.3,channel,0.0002,3.1500000000000003e-06,2.0,31.500000000000004,-0.07999709443618255,422061034912516.25
p2_bulk_nta_5e19_common_primary,NTA 5e19 common-primary state,top_primary,interface_4x,T03_P2_BULK_TRAPS_FORMAL,enabled_symmetric_teaching_top_stack,0.0,0.01,0.0,0.3,channel,0.0002,3.225e-06,2.0,32.25,-0.08086845151063693,408072289728184.5
p2_bulk_nta_5e19_common_primary,NTA 5e19 common-primary state,top_primary,interface_4x,T03_P2_BULK_TRAPS_FORMAL,enabled_symmetric_teaching_top_stack,0.0,0.01,0.0,0.3,channel,0.0002,3.3e-06,2.0,33.0,-0.08156399931915286,397239490235083.5
p2_bulk_nta_5e19_common_primary,NTA 5e19 common-primary state,top_primary,interface_4x,T03_P2_BULK_TRAPS_FORMAL,enabled_symmetric_teaching_top_stack,0.0,0.01,0.0,0.3,channel,0.0002,3.3750000000000003e-06,2.0,33.75,-0.08208535390611049,389308641828061.8
p2_bulk_nta_5e19_common_primary,NTA 5e19 common-primary state,top_primary,interface_4x,T03_P2_BULK_TRAPS_FORMAL,enabled_symmetric_teaching_top_stack,0.0,0.01,0.0,0.3,channel,0.0002,3.45e-06,2.0,34.5,-0.08243371730877612,384097779574968.75
p2_bulk_nta_5e19_common_primary,NTA 5e19 common-primary state,top_primary,interface_4x,T03_P2_BULK_TRAPS_FORMAL,enabled_symmetric_teaching_top_stack,0.0,0.01,0.0,0.3,channel,0.0002,3.525e-06,2.0,35.25,-0.08260988831127244,381489205576589.4
p2_bulk_nta_5e19_common_primary,NTA 5e19 common-primary state,top_primary,interface_4x,T03_P2_BULK_TRAPS_FORMAL,enabled_symmetric_teaching_top_stack,0.0,0.01,0.0,0.3,channel,0.0002,3.6000000000000003e-06,2.0,36.0,-0.08261426952991548,381424558812849.3
p2_bulk_nta_5e19_common_primary,NTA 5e19 common-primary state,top_primary,interface_4x,T03_P2_BULK_TRAPS_FORMAL,enabled_symmetric_teaching_top_stack,0.0,0.01,0.0,0.3,channel,0.0002,3.6750000000000004e-06,2.0,36.75000000000001,-0.08244687096604622,383902397715358.9
p2_bulk_nta_5e19_common_primary,NTA 5e19 common-primary state,top_primary,interface_4x,T03_P2_BULK_TRAPS_FORMAL,enabled_symmetric_teaching_top_stack,0.0,0.01,0.0,0.3,channel,0.0002,3.7500000000000005e-06,2.0,37.50000000000001,-0.08210731009412842,388978140686400.9
p2_bulk_nta_5e19_common_primary,NTA 5e19 common-primary state,top_primary,interface_4x,T03_P2_BULK_TRAPS_FORMAL,enabled_symmetric_teaching_top_stack,0.0,0.01,0.0,0.3,channel,0.0002,3.825000000000001e-06,2.0,38.25000000000001,-0.08159480848678818,396766360773090.44
p2_bulk_nta_5e19_common_primary,NTA 5e19 common-primary state,top_primary,interface_4x,T03_P2_BULK_TRAPS_FORMAL,enabled_symmetric_teaching_top_stack,0.0,0.01,0.0,0.3,channel,0.0002,3.9e-06,2.0,39.0,-0.08090818491243369,407445581353110.3
p2_bulk_nta_5e19_common_primary,NTA 5e19 common-primary state,top_primary,interface_4x,T03_P2_BULK_TRAPS_FORMAL,enabled_symmetric_teaching_top_stack,0.0,0.01,0.0,0.3,channel,0.0002,3.975e-06,2.0,39.75,-0.08004584477290438,421265883604657.75
p2_bulk_nta_5e19_common_primary,NTA 5e19 common-primary state,top_primary,interface_4x,T03_P2_BULK_TRAPS_FORMAL,enabled_symmetric_teaching_top_stack,0.0,0.01,0.0,0.3,channel,0.0002,4.05e-06,2.0,40.5,-0.07900576567594805,438559828928756.7
p2_bulk_nta_5e19_common_primary,NTA 5e19 common-primary state,top_primary,interface_4x,T03_P2_BULK_TRAPS_FORMAL,enabled_symmetric_teaching_top_stack,0.0,0.01,0.0,0.3,channel,0.0002,4.125e-06,2.0,41.25,-0.07778547885765354,459757439069498.3
p2_bulk_nta_5e19_common_primary,NTA 5e19 common-primary state,top_primary,interface_4x,T03_P2_BULK_TRAPS_FORMAL,enabled_symmetric_teaching_top_stack,0.0,0.01,0.0,0.3,channel,0.0002,4.2000000000000004e-06,2.0,42.00000000000001,-0.07638204608035393,485406288073780.44
p2_bulk_nta_5e19_common_primary,NTA 5e19 common-primary state,top_primary,interface_4x,T03_P2_BULK_TRAPS_FORMAL,enabled_symmetric_teaching_top_stack,0.0,0.01,0.0,0.3,channel,0.0002,4.2750000000000006e-06,2.0,42.75000000000001,-0.0747920315284823,516198177423838.2
p2_bulk_nta_5e19_common_primary,NTA 5e19 common-primary state,top_primary,interface_4x,T03_P2_BULK_TRAPS_FORMAL,enabled_symmetric_teaching_top_stack,0.0,0.01,0.0,0.3,channel,0.0002,4.350000000000001e-06,2.0,43.50000000000001,-0.07301146810417372,553004436959966.5
p2_bulk_nta_5e19_common_primary,NTA 5e19 common-primary state,top_primary,interface_4x,T03_P2_BULK_TRAPS_FORMAL,enabled_symmetric_teaching_top_stack,0.0,0.01,0.0,0.3,channel,0.0002,4.425e-06,2.0,44.25,-0.07103581738078546,596922689698640.0
p2_bulk_nta_5e19_common_primary,NTA 5e19 common-primary state,top_primary,interface_4x,T03_P2_BULK_TRAPS_FORMAL,enabled_symmetric_teaching_top_stack,0.0,0.01,0.0,0.3,channel,0.0002,4.5e-06,2.0,45.0,-0.06885992229924986,649339041780178.2
p2_bulk_nta_5e19_common_primary,NTA 5e19 common-primary state,top_primary,interface_4x,T03_P2_BULK_TRAPS_FORMAL,enabled_symmetric_teaching_top_stack,0.0,0.01,0.0,0.3,channel,0.0002,4.575e-06,2.0,45.75,-0.06647795148065173,712011264277446.8
p2_bulk_nta_5e19_common_primary,NTA 5e19 common-primary state,top_primary,interface_4x,T03_P2_BULK_TRAPS_FORMAL,enabled_symmetric_teaching_top_stack,0.0,0.01,0.0,0.3,channel,0.0002,4.65e-06,2.0,46.50000000000001,-0.0638833337673497,787180855913299.8
p2_bulk_nta_5e19_common_primary,NTA 5e19 common-primary state,top_primary,interface_4x,T03_P2_BULK_TRAPS_FORMAL,enabled_symmetric_teaching_top_stack,0.0,0.01,0.0,0.3,channel,0.0002,4.7250000000000005e-06,2.0,47.25000000000001,-0.061068681279433386,877725274671385.9
p2_bulk_nta_5e19_common_primary,NTA 5e19 common-primary state,top_primary,interface_4x,T03_P2_BULK_TRAPS_FORMAL,enabled_symmetric_teaching_top_stack,0.0,0.01,0.0,0.3,channel,0.0002,4.8e-06,2.0,48.0,-0.05802569886340291,987366661248400.4
p2_bulk_nta_5e19_common_primary,NTA 5e19 common-primary state,top_primary,interface_4x,T03_P2_BULK_TRAPS_FORMAL,enabled_symmetric_teaching_top_stack,0.0,0.01,0.0,0.3,channel,0.0002,4.875e-06,2.0,48.75,-0.05474507728882706,1120960929896638.1
p2_bulk_nta_5e19_common_primary,NTA 5e19 common-primary state,top_primary,interface_4x,T03_P2_BULK_TRAPS_FORMAL,enabled_symmetric_teaching_top_stack,0.0,0.01,0.0,0.3,channel,0.0002,4.95e-06,2.0,49.5,-0.05121636687985048,1284902581808646.2
p2_bulk_nta_5e19_common_primary,NTA 5e19 common-primary state,top_primary,interface_4x,T03_P2_BULK_TRAPS_FORMAL,enabled_symmetric_teaching_top_stack,0.0,0.01,0.0,0.3,channel,0.0002,5.025e-06,2.0,50.25,-0.04742782740149608,1487698290163410.2
p2_bulk_nta_5e19_common_primary,NTA 5e19 common-primary state,top_primary,interface_4x,T03_P2_BULK_TRAPS_FORMAL,enabled_symmetric_teaching_top_stack,0.0,0.01,0.0,0.3,channel,0.0002,5.1e-06,2.0,51.0,-0.043366248885495826,1740789986815441.0
p2_bulk_nta_5e19_common_primary,NTA 5e19 common-primary state,top_primary,interface_4x,T03_P2_BULK_TRAPS_FORMAL,enabled_symmetric_teaching_top_stack,0.0,0.01,0.0,0.3,channel,0.0002,5.1750000000000004e-06,2.0,51.75000000000001,-0.039016736576852604,2059752178180663.2
p2_bulk_nta_5e19_common_primary,NTA 5e19 common-primary state,top_primary,interface_4x,T03_P2_BULK_TRAPS_FORMAL,enabled_symmetric_teaching_top_stack,0.0,0.01,0.0,0.3,channel,0.0002,5.2500000000000006e-06,2.0,52.50000000000001,-0.03436245116538648,2466059350032487.5
p2_bulk_nta_5e19_common_primary,NTA 5e19 common-primary state,top_primary,interface_4x,T03_P2_BULK_TRAPS_FORMAL,enabled_symmetric_teaching_top_stack,0.0,0.01,0.0,0.3,channel,0.0002,5.325e-06,2.0,53.25,-0.02938429272240713,2989736445022096.5
p2_bulk_nta_5e19_common_primary,NTA 5e19 common-primary state,top_primary,interface_4x,T03_P2_BULK_TRAPS_FORMAL,enabled_symmetric_teaching_top_stack,0.0,0.01,0.0,0.3,channel,0.0002,5.4e-06,2.0,54.0,-0.024060512972736703,3673402092425768.5
p2_bulk_nta_5e19_common_primary,NTA 5e19 common-primary state,top_primary,interface_4x,T03_P2_BULK_TRAPS_FORMAL,enabled_symmetric_teaching_top_stack,0.0,0.01,0.0,0.3,channel,0.00022500000000000002,3e-06,2.25,30.0,-0.07755064625455813,459485792255560.56
p2_bulk_nta_5e19_common_primary,NTA 5e19 common-primary state,top_primary,interface_4x,T03_P2_BULK_TRAPS_FORMAL,enabled_symmetric_teaching_top_stack,0.0,0.01,0.0,0.3,channel,0.00022500000000000002,3.075e-06,2.25,30.750000000000004,-0.07877745282860864,438190183137158.5
p2_bulk_nta_5e19_common_primary,NTA 5e19 common-primary state,top_primary,interface_4x,T03_P2_BULK_TRAPS_FORMAL,enabled_symmetric_teaching_top_stack,0.0,0.01,0.0,0.3,channel,0.00022500000000000002,3.1500000000000003e-06,2.25,31.500000000000004,-0.07982410375737652,420803828095125.0
p2_bulk_nta_5e19_common_primary,NTA 5e19 common-primary state,top_primary,interface_4x,T03_P2_BULK_TRAPS_FORMAL,enabled_symmetric_teaching_top_stack,0.0,0.01,0.0,0.3,channel,0.00022500000000000002,3.225e-06,2.25,32.25,-0.08069308261591675,406894181534775.75
p2_bulk_nta_5e19_common_primary,NTA 5e19 common-primary state,top_primary,interface_4x,T03_P2_BULK_TRAPS_FORMAL,enabled_symmetric_teaching_top_stack,0.0,0.01,0.0,0.3,channel,0.00022500000000000002,3.3e-06,2.25,33.0,-0.08138642654946962,396126424641681.5
p2_bulk_nta_5e19_common_primary,NTA 5e19 common-primary state,top_primary,interface_4x,T03_P2_BULK_TRAPS_FORMAL,enabled_symmetric_teaching_top_stack,0.0,0.01,0.0,0.3,channel,0.00022500000000000002,3.3750000000000003e-06,2.25,33.75,-0.08190574498258257,388248376476328.6
p2_bulk_nta_5e19_common_primary,NTA 5e19 common-primary state,top_primary,interface_4x,T03_P2_BULK_TRAPS_FORMAL,enabled_symmetric_teaching_top_stack,0.0,0.01,0.0,0.3,channel,0.00022500000000000002,3.45e-06,2.25,34.5,-0.08225223417583317,383079477140094.75
p2_bulk_nta_5e19_common_primary,NTA 5e19 common-primary state,top_primary,interface_4x,T03_P2_BULK_TRAPS_FORMAL,enabled_symmetric_teaching_top_stack,0.0,0.01,0.0,0.3,channel,0.00022500000000000002,3.525e-06,2.25,35.25,-0.08242668791753187,380503093565654.2
p2_bulk_nta_5e19_common_primary,NTA 5e19 common-primary state,top_primary,interface_4x,T03_P2_BULK_TRAPS_FORMAL,enabled_symmetric_teaching_top_stack,0.0,0.01,0.0,0.3,channel,0.00022500000000000002,3.6000000000000003e-06,2.25,36.0,-0.0824295045580511,380461638970849.5
p2_bulk_nta_5e19_common_primary,NTA 5e19 common-primary state,top_primary,interface_4x,T03_P2_BULK_TRAPS_FORMAL,enabled_symmetric_teaching_top_stack,0.0,0.01,0.0,0.3,channel,0.00022500000000000002,3.6750000000000004e-06,2.25,36.75000000000001,-0.0822606905217958,382954189765443.9
p2_bulk_nta_5e19_common_primary,NTA 5e19 common-primary state,top_primary,interface_4x,T03_P2_BULK_TRAPS_FORMAL,enabled_symmetric_teaching_top_stack,0.0,0.01,0.0,0.3,channel,0.00022500000000000002,3.7500000000000005e-06,2.25,37.50000000000001,-0.08191986036374295,388036447476056.9
p2_bulk_nta_5e19_common_primary,NTA 5e19 common-primary state,top_primary,interface_4x,T03_P2_BULK_TRAPS_FORMAL,enabled_symmetric_teaching_top_stack,0.0,0.01,0.0,0.3,channel,0.00022500000000000002,3.825000000000001e-06,2.25,38.25000000000001,-0.0814062333716257,395823043264552.1
p2_bulk_nta_5e19_common_primary,NTA 5e19 common-primary state,top_primary,interface_4x,T03_P2_BULK_TRAPS_FORMAL,enabled_symmetric_teaching_top_stack,0.0,0.01,0.0,0.3,channel,0.00022500000000000002,3.9e-06,2.25,39.0,-0.08071862664901866,406492332407235.75
p2_bulk_nta_5e19_common_primary,NTA 5e19 common-primary state,top_primary,interface_4x,T03_P2_BULK_TRAPS_FORMAL,enabled_symmetric_teaching_top_stack,0.0,0.01,0.0,0.3,channel,0.00022500000000000002,3.975e-06,2.25,39.75,-0.07985544454660493,420293989198383.8
p2_bulk_nta_5e19_common_primary,NTA 5e19 common-primary state,top_primary,interface_4x,T03_P2_BULK_TRAPS_FORMAL,enabled_symmetric_teaching_top_stack,0.0,0.01,0.0,0.3,channel,0.00022500000000000002,4.05e-06,2.25,40.5,-0.07881466423646034,437559904267964.7
p2_bulk_nta_5e19_common_primary,NTA 5e19 common-primary state,top_primary,interface_4x,T03_P2_BULK_TRAPS_FORMAL,enabled_symmetric_teaching_top_stack,0.0,0.01,0.0,0.3,channel,0.00022500000000000002,4.125e-06,2.25,41.25,-0.07759381714473639,458719124869471.94
p2_bulk_nta_5e19_common_primary,NTA 5e19 common-primary state,top_primary,interface_4x,T03_P2_BULK_TRAPS_FORMAL,enabled_symmetric_teaching_top_stack,0.0,0.01,0.0,0.3,channel,0.00022500000000000002,4.2000000000000004e-06,2.25,42.00000000000001,-0.0761899658687407,484317888821346.9
p2_bulk_nta_5e19_common_primary,NTA 5e19 common-primary state,top_primary,interface_4x,T03_P2_BULK_TRAPS_FORMAL,enabled_symmetric_teaching_top_stack,0.0,0.01,0.0,0.3,channel,0.00022500000000000002,4.2750000000000006e-06,2.25,42.75000000000001,-0.07459967610163928,515046218297590.5
p2_bulk_nta_5e19_common_primary,NTA 5e19 common-primary state,top_primary,interface_4x,T03_P2_BULK_TRAPS_FORMAL,enabled_symmetric_teaching_top_stack,0.0,0.01,0.0,0.3,channel,0.00022500000000000002,4.350000000000001e-06,2.25,43.50000000000001,-0.07281898296761481,551773108638237.25
p2_bulk_nta_5e19_common_primary,NTA 5e19 common-primary state,top_primary,interface_4x,T03_P2_BULK_TRAPS_FORMAL,enabled_symmetric_teaching_top_stack,0.0,0.01,0.0,0.3,channel,0.00022500000000000002,4.425e-06,2.25,44.25,-0.07084335102704702,595593139579556.9
p2_bulk_nta_5e19_common_primary,NTA 5e19 common-primary state,top_primary,interface_4x,T03_P2_BULK_TRAPS_FORMAL,enabled_symmetric_teaching_top_stack,0.0,0.01,0.0,0.3,channel,0.00022500000000000002,4.5e-06,2.25,45.0,-0.06866762703845432,647888454743675.1
p2_bulk_nta_5e19_common_primary,NTA 5e19 common-primary state,top_primary,interface_4x,T03_P2_BULK_TRAPS_FORMAL,enabled_symmetric_teaching_top_stack,0.0,0.01,0.0,0.3,channel,0.00022500000000000002,4.575e-06,2.25,45.75,-0.06628598435294743,710411653869602.0
p2_bulk_nta_5e19_common_primary,NTA 5e19 common-primary state,top_primary,interface_4x,T03_P2_BULK_TRAPS_FORMAL,enabled_symmetric_teaching_top_stack,0.0,0.01,0.0,0.3,channel,0.00022500000000000002,4.65e-06,2.25,46.50000000000001,-0.06369185755654716,785397454420904.6
p2_bulk_nta_5e19_common_primary,NTA 5e19 common-primary state,top_primary,interface_4x,T03_P2_BULK_TRAPS_FORMAL,enabled_symmetric_teaching_top_stack,0.0,0.01,0.0,0.3,channel,0.00022500000000000002,4.7250000000000005e-06,2.25,47.25000000000001,-0.060877865651053825,875714362872411.9
p2_bulk_nta_5e19_common_primary,NTA 5e19 common-primary state,top_primary,interface_4x,T03_P2_BULK_TRAPS_FORMAL,enabled_symmetric_teaching_top_stack,0.0,0.01,0.0,0.3,channel,0.00022500000000000002,4.8e-06,2.25,48.0,-0.057835721655369376,985072607690987.8
p2_bulk_nta_5e19_common_primary,NTA 5e19 common-primary state,top_primary,interface_4x,T03_P2_BULK_TRAPS_FORMAL,enabled_symmetric_teaching_top_stack,0.0,0.01,0.0,0.3,channel,0.00022500000000000002,4.875e-06,2.25,48.75,-0.05455612598950892,1118312102734003.9
p2_bulk_nta_5e19_common_primary,NTA 5e19 common-primary state,top_primary,interface_4x,T03_P2_BULK_TRAPS_FORMAL,enabled_symmetric_teaching_top_stack,0.0,0.01,0.0,0.3,channel,0.00022500000000000002,4.95e-06,2.25,49.5,-0.05102864033659553,1281805633185591.8
p2_bulk_nta_5e19_common_primary,NTA 5e19 common-primary state,top_primary,interface_4x,T03_P2_BULK_TRAPS_FORMAL,enabled_symmetric_teaching_top_stack,0.0,0.01,0.0,0.3,channel,0.00022500000000000002,5.025e-06,2.25,50.25,-0.04724153781381367,1484030060757897.8
p2_bulk_nta_5e19_common_primary,NTA 5e19 common-primary state,top_primary,interface_4x,T03_P2_BULK_TRAPS_FORMAL,enabled_symmetric_teaching_top_stack,0.0,0.01,0.0,0.3,channel,0.00022500000000000002,5.1e-06,2.25,51.0,-0.04318162415162664,1736385881372765.5
p2_bulk_nta_5e19_common_primary,NTA 5e19 common-primary state,top_primary,interface_4x,T03_P2_BULK_TRAPS_FORMAL,enabled_symmetric_teaching_top_stack,0.0,0.01,0.0,0.3,channel,0.00022500000000000002,5.1750000000000004e-06,2.25,51.75000000000001,-0.03883402308192738,2054389228818219.2
p2_bulk_nta_5e19_common_primary,NTA 5e19 common-primary state,top_primary,interface_4x,T03_P2_BULK_TRAPS_FORMAL,enabled_symmetric_teaching_top_stack,0.0,0.01,0.0,0.3,channel,0.00022500000000000002,5.2500000000000006e-06,2.25,52.50000000000001,-0.03418191712571643,2459431152776089.0
p2_bulk_nta_5e19_common_primary,NTA 5e19 common-primary state,top_primary,interface_4x,T03_P2_BULK_TRAPS_FORMAL,enabled_symmetric_teaching_top_stack,0.0,0.01,0.0,0.3,channel,0.00022500000000000002,5.325e-06,2.25,53.25,-0.029206232236591155,2981415445377418.5
p2_bulk_nta_5e19_common_primary,NTA 5e19 common-primary state,top_primary,interface_4x,T03_P2_BULK_TRAPS_FORMAL,enabled_symmetric_teaching_top_stack,0.0,0.01,0.0,0.3,channel,0.00022500000000000002,5.4e-06,2.25,54.0,-0.023885250980596295,3662781802841884.0
p2_bulk_nta_5e19_common_primary,NTA 5e19 common-primary state,top_primary,interface_4x,T03_P2_BULK_TRAPS_FORMAL,enabled_symmetric_teaching_top_stack,0.0,0.01,0.0,0.3,channel,0.00025,3e-06,2.5,30.0,-0.07738257615524213,458018611632790.6
p2_bulk_nta_5e19_common_primary,NTA 5e19 common-primary state,top_primary,interface_4x,T03_P2_BULK_TRAPS_FORMAL,enabled_symmetric_teaching_top_stack,0.0,0.01,0.0,0.3,channel,0.00025,3.075e-06,2.5,30.750000000000004,-0.07860662577594947,436837584863132.25
p2_bulk_nta_5e19_common_primary,NTA 5e19 common-primary state,top_primary,interface_4x,T03_P2_BULK_TRAPS_FORMAL,enabled_symmetric_teaching_top_stack,0.0,0.01,0.0,0.3,channel,0.00025,3.1500000000000003e-06,2.5,31.500000000000004,-0.07965071056070135,419546541068800.44
p2_bulk_nta_5e19_common_primary,NTA 5e19 common-primary state,top_primary,interface_4x,T03_P2_BULK_TRAPS_FORMAL,enabled_symmetric_teaching_top_stack,0.0,0.01,0.0,0.3,channel,0.00025,3.225e-06,2.5,32.25,-0.08051730553181853,405715864563748.25
p2_bulk_nta_5e19_common_primary,NTA 5e19 common-primary state,top_primary,interface_4x,T03_P2_BULK_TRAPS_FORMAL,enabled_symmetric_teaching_top_stack,0.0,0.01,0.0,0.3,channel,0.00025,3.3e-06,2.5,33.0,-0.08120844028998109,395013044095393.7
p2_bulk_nta_5e19_common_primary,NTA 5e19 common-primary state,top_primary,interface_4x,T03_P2_BULK_TRAPS_FORMAL,enabled_symmetric_teaching_top_stack,0.0,0.01,0.0,0.3,channel,0.00025,3.3750000000000003e-06,2.5,33.75,-0.08172571763395904,387187706888413.44
p2_bulk_nta_5e19_common_primary,NTA 5e19 common-primary state,top_primary,interface_4x,T03_P2_BULK_TRAPS_FORMAL,enabled_symmetric_teaching_top_stack,0.0,0.01,0.0,0.3,channel,0.00025,3.45e-06,2.5,34.5,-0.0820703280424206,382060693766891.25
p2_bulk_nta_5e19_common_primary,NTA 5e19 common-primary state,top_primary,interface_4x,T03_P2_BULK_TRAPS_FORMAL,enabled_symmetric_teaching_top_stack,0.0,0.01,0.0,0.3,channel,0.00025,3.525e-06,2.5,35.25,-0.08224306030340175,379516433073139.3
p2_bulk_nta_5e19_common_primary,NTA 5e19 common-primary state,top_primary,interface_4x,T03_P2_BULK_TRAPS_FORMAL,enabled_symmetric_teaching_top_stack,0.0,0.01,0.0,0.3,channel,0.00025,3.6000000000000003e-06,2.5,36.0,-0.08224430849765897,379498109503100.7
p2_bulk_nta_5e19_common_primary,NTA 5e19 common-primary state,top_primary,interface_4x,T03_P2_BULK_TRAPS_FORMAL,enabled_symmetric_teaching_top_stack,0.0,0.01,0.0,0.3,channel,0.00025,3.6750000000000004e-06,2.5,36.75000000000001,-0.08207407546980806,382005315176223.0
p2_bulk_nta_5e19_common_primary,NTA 5e19 common-primary state,top_primary,interface_4x,T03_P2_BULK_TRAPS_FORMAL,enabled_symmetric_teaching_top_stack,0.0,0.01,0.0,0.3,channel,0.00025,3.7500000000000005e-06,2.5,37.50000000000001,-0.0817319728533364,387094032835378.56
p2_bulk_nta_5e19_common_primary,NTA 5e19 common-primary state,top_primary,interface_4x,T03_P2_BULK_TRAPS_FORMAL,enabled_symmetric_teaching_top_stack,0.0,0.01,0.0,0.3,channel,0.00025,3.825000000000001e-06,2.5,38.25000000000001,-0.08121721764996392,394878950107895.8
p2_bulk_nta_5e19_common_primary,NTA 5e19 common-primary state,top_primary,interface_4x,T03_P2_BULK_TRAPS_FORMAL,enabled_symmetric_teaching_top_stack,0.0,0.01,0.0,0.3,channel,0.00025,3.9e-06,2.5,39.0,-0.08052862529823109,405538252698300.3
p2_bulk_nta_5e19_common_primary,NTA 5e19 common-primary state,top_primary,interface_4x,T03_P2_BULK_TRAPS_FORMAL,enabled_symmetric_teaching_top_stack,0.0,0.01,0.0,0.3,channel,0.00025,3.975e-06,2.5,39.75,-0.07966459909842506,419321206661663.94
p2_bulk_nta_5e19_common_primary,NTA 5e19 common-primary state,top_primary,interface_4x,T03_P2_BULK_TRAPS_FORMAL,enabled_symmetric_teaching_top_stack,0.0,0.01,0.0,0.3,channel,0.00025,4.05e-06,2.5,40.5,-0.0786231157887199,436559030565369.25
p2_bulk_nta_5e19_common_primary,NTA 5e19 common-primary state,top_primary,interface_4x,T03_P2_BULK_TRAPS_FORMAL,enabled_symmetric_teaching_top_stack,0.0,0.01,0.0,0.3,channel,0.00025,4.125e-06,2.5,41.25,-0.07740170698816588,457679795903237.0
p2_bulk_nta_5e19_common_primary,NTA 5e19 common-primary state,top_primary,interface_4x,T03_P2_BULK_TRAPS_FORMAL,enabled_symmetric_teaching_top_stack,0.0,0.01,0.0,0.3,channel,0.00025,4.2000000000000004e-06,2.5,42.00000000000001,-0.07599743613301296,483228402986499.06
p2_bulk_nta_5e19_common_primary,NTA 5e19 common-primary state,top_primary,interface_4x,T03_P2_BULK_TRAPS_FORMAL,enabled_symmetric_teaching_top_stack,0.0,0.01,0.0,0.3,channel,0.00025,4.2750000000000006e-06,2.5,42.75000000000001,-0.07440687043033639,513893093370187.1
p2_bulk_nta_5e19_common_primary,NTA 5e19 common-primary state,top_primary,interface_4x,T03_P2_BULK_TRAPS_FORMAL,enabled_symmetric_teaching_top_stack,0.0,0.01,0.0,0.3,channel,0.00025,4.350000000000001e-06,2.5,43.50000000000001,-0.07262604723284086,550540526541639.0
p2_bulk_nta_5e19_common_primary,NTA 5e19 common-primary state,top_primary,interface_4x,T03_P2_BULK_TRAPS_FORMAL,enabled_symmetric_teaching_top_stack,0.0,0.01,0.0,0.3,channel,0.00025,4.425e-06,2.5,44.25,-0.07065043409580539,594262237571406.9
p2_bulk_nta_5e19_common_primary,NTA 5e19 common-primary state,top_primary,interface_4x,T03_P2_BULK_TRAPS_FORMAL,enabled_symmetric_teaching_top_stack,0.0,0.01,0.0,0.3,channel,0.00025,4.5e-06,2.5,45.0,-0.06847488160473532,646436406182231.6
p2_bulk_nta_5e19_common_primary,NTA 5e19 common-primary state,top_primary,interface_4x,T03_P2_BULK_TRAPS_FORMAL,enabled_symmetric_teaching_top_stack,0.0,0.01,0.0,0.3,channel,0.00025,4.575e-06,2.5,45.75,-0.06609356785183296,708810459486467.6
p2_bulk_nta_5e19_common_primary,NTA 5e19 common-primary state,top_primary,interface_4x,T03_P2_BULK_TRAPS_FORMAL,enabled_symmetric_teaching_top_stack,0.0,0.01,0.0,0.3,channel,0.00025,4.65e-06,2.5,46.50000000000001,-0.06349993317967549,783612332644821.1
p2_bulk_nta_5e19_common_primary,NTA 5e19 common-primary state,top_primary,interface_4x,T03_P2_BULK_TRAPS_FORMAL,enabled_symmetric_teaching_top_stack,0.0,0.01,0.0,0.3,channel,0.00025,4.7250000000000005e-06,2.5,47.25000000000001,-0.060686603486686225,873701580116902.6
p2_bulk_nta_5e19_common_primary,NTA 5e19 common-primary state,top_primary,interface_4x,T03_P2_BULK_TRAPS_FORMAL,enabled_symmetric_teaching_top_stack,0.0,0.01,0.0,0.3,channel,0.00025,4.8e-06,2.5,48.0,-0.05764529998131831,982776518669867.5
p2_bulk_nta_5e19_common_primary,NTA 5e19 common-primary state,top_primary,interface_4x,T03_P2_BULK_TRAPS_FORMAL,enabled_symmetric_teaching_top_stack,0.0,0.01,0.0,0.3,channel,0.00025,4.875e-06,2.5,48.75,-0.05436673275367265,1115661064185464.0
p2_bulk_nta_5e19_common_primary,NTA 5e19 common-primary state,top_primary,interface_4x,T03_P2_BULK_TRAPS_FORMAL,enabled_symmetric_teaching_top_stack,0.0,0.01,0.0,0.3,channel,0.00025,4.95e-06,2.5,49.5,-0.050840474868271854,1278706291594751.2
p2_bulk_nta_5e19_common_primary,NTA 5e19 common-primary state,top_primary,interface_4x,T03_P2_BULK_TRAPS_FORMAL,enabled_symmetric_teaching_top_stack,0.0,0.01,0.0,0.3,channel,0.00025,5.025e-06,2.5,50.25,-0.04705481281999969,1480359262688694.0
p2_bulk_nta_5e19_common_primary,NTA 5e19 common-primary state,top_primary,interface_4x,T03_P2_BULK_TRAPS_FORMAL,enabled_symmetric_teaching_top_stack,0.0,0.01,0.0,0.3,channel,0.00025,5.1e-06,2.5,51.0,-0.04299656806708789,1731979058971536.8
p2_bulk_nta_5e19_common_primary,NTA 5e19 common-primary state,top_primary,interface_4x,T03_P2_BULK_TRAPS_FORMAL,enabled_symmetric_teaching_top_stack,0.0,0.01,0.0,0.3,channel,0.00025,5.1750000000000004e-06,2.5,51.75000000000001,-0.038650882861289745,2049023480255039.2
p2_bulk_nta_5e19_common_primary,NTA 5e19 common-primary state,top_primary,interface_4x,T03_P2_BULK_TRAPS_FORMAL,enabled_symmetric_teaching_top_stack,0.0,0.01,0.0,0.3,channel,0.00025,5.2500000000000006e-06,2.5,52.50000000000001,-0.03400096159217425,2452800208332369.5
p2_bulk_nta_5e19_common_primary,NTA 5e19 common-primary state,top_primary,interface_4x,T03_P2_BULK_TRAPS_FORMAL,enabled_symmetric_teaching_top_stack,0.0,0.01,0.0,0.3,channel,0.00025,5.325e-06,2.5,53.25,-0.029027756137961446,2973092004344100.0
p2_bulk_nta_5e19_common_primary,NTA 5e19 common-primary state,top_primary,interface_4x,T03_P2_BULK_TRAPS_FORMAL,enabled_symmetric_teaching_top_stack,0.0,0.01,0.0,0.3,channel,0.00025,5.4e-06,2.5,54.0,-0.02370957995375749,3652159841080979.5
p2_bulk_nta_5e19_common_primary,NTA 5e19 common-primary state,top_primary,interface_4x,T03_P2_BULK_TRAPS_FORMAL,enabled_symmetric_teaching_top_stack,0.0,0.01,0.0,0.3,channel,0.00027499999999999996,3e-06,2.7499999999999996,30.0,-0.07721411390628179,456551706003202.75
p2_bulk_nta_5e19_common_primary,NTA 5e19 common-primary state,top_primary,interface_4x,T03_P2_BULK_TRAPS_FORMAL,enabled_symmetric_teaching_top_stack,0.0,0.01,0.0,0.3,channel,0.00027499999999999996,3.075e-06,2.7499999999999996,30.750000000000004,-0.07843540010451369,435485064376164.8
p2_bulk_nta_5e19_common_primary,NTA 5e19 common-primary state,top_primary,interface_4x,T03_P2_BULK_TRAPS_FORMAL,enabled_symmetric_teaching_top_stack,0.0,0.01,0.0,0.3,channel,0.00027499999999999996,3.1500000000000003e-06,2.7499999999999996,31.500000000000004,-0.07947691266308464,418289173405374.0
p2_bulk_nta_5e19_common_primary,NTA 5e19 common-primary state,top_primary,interface_4x,T03_P2_BULK_TRAPS_FORMAL,enabled_symmetric_teaching_top_stack,0.0,0.01,0.0,0.3,channel,0.00027499999999999996,3.225e-06,2.7499999999999996,32.25,-0.08034111804429721,404537338058013.25
p2_bulk_nta_5e19_common_primary,NTA 5e19 common-primary state,top_primary,interface_4x,T03_P2_BULK_TRAPS_FORMAL,enabled_symmetric_teaching_top_stack,0.0,0.01,0.0,0.3,channel,0.00027499999999999996,3.3e-06,2.7499999999999996,33.0,-0.08103003829762193,393899347539390.75
p2_bulk_nta_5e19_common_primary,NTA 5e19 common-primary state,top_primary,interface_4x,T03_P2_BULK_TRAPS_FORMAL,enabled_symmetric_teaching_top_stack,0.0,0.01,0.0,0.3,channel,0.00027499999999999996,3.3750000000000003e-06,2.7499999999999996,33.75,-0.08154526959008775,386126631732112.7
p2_bulk_nta_5e19_common_primary,NTA 5e19 common-primary state,top_primary,interface_4x,T03_P2_BULK_TRAPS_FORMAL,enabled_symmetric_teaching_top_stack,0.0,0.01,0.0,0.3,channel,0.00027499999999999996,3.45e-06,2.7499999999999996,34.5,-0.08188799661321683,381041427867357.8
p2_bulk_nta_5e19_common_primary,NTA 5e19 common-primary state,top_primary,interface_4x,T03_P2_BULK_TRAPS_FORMAL,enabled_symmetric_teaching_top_stack,0.0,0.01,0.0,0.3,channel,0.00027499999999999996,3.525e-06,2.7499999999999996,35.25,-0.08205900315029577,378529222270208.4
p2_bulk_nta_5e19_common_primary,NTA 5e19 common-primary state,top_primary,interface_4x,T03_P2_BULK_TRAPS_FORMAL,enabled_symmetric_teaching_top_stack,0.0,0.01,0.0,0.3,channel,0.00027499999999999996,3.6000000000000003e-06,2.7499999999999996,36.0,-0.08205867900878322,378533968350503.94
p2_bulk_nta_5e19_common_primary,NTA 5e19 common-primary state,top_primary,interface_4x,T03_P2_BULK_TRAPS_FORMAL,enabled_symmetric_teaching_top_stack,0.0,0.01,0.0,0.3,channel,0.00027499999999999996,3.6750000000000004e-06,2.7499999999999996,36.75000000000001,-0.0818870234506471,381055771664757.06
p2_bulk_nta_5e19_common_primary,NTA 5e19 common-primary state,top_primary,interface_4x,T03_P2_BULK_TRAPS_FORMAL,enabled_symmetric_teaching_top_stack,0.0,0.01,0.0,0.3,channel,0.00027499999999999996,3.7500000000000005e-06,2.7499999999999996,37.50000000000001,-0.08154364518588023,386150894260064.2
p2_bulk_nta_5e19_common_primary,NTA 5e19 common-primary state,top_primary,interface_4x,T03_P2_BULK_TRAPS_FORMAL,enabled_symmetric_teaching_top_stack,0.0,0.01,0.0,0.3,channel,0.00027499999999999996,3.825000000000001e-06,2.7499999999999996,38.25000000000001,-0.08102775892907113,393934078576158.7
p2_bulk_nta_5e19_common_primary,NTA 5e19 common-primary state,top_primary,interface_4x,T03_P2_BULK_TRAPS_FORMAL,enabled_symmetric_teaching_top_stack,0.0,0.01,0.0,0.3,channel,0.00027499999999999996,3.9e-06,2.7499999999999996,39.0,-0.08033817845353151,404583339271723.94
p2_bulk_nta_5e19_common_primary,NTA 5e19 common-primary state,top_primary,interface_4x,T03_P2_BULK_TRAPS_FORMAL,enabled_symmetric_teaching_top_stack,0.0,0.01,0.0,0.3,channel,0.00027499999999999996,3.975e-06,2.7499999999999996,39.75,-0.0794733060099239,418347532803757.1
p2_bulk_nta_5e19_common_primary,NTA 5e19 common-primary state,top_primary,interface_4x,T03_P2_BULK_TRAPS_FORMAL,enabled_symmetric_teaching_top_stack,0.0,0.01,0.0,0.3,channel,0.00027499999999999996,4.05e-06,2.7499999999999996,40.5,-0.07843111790430603,435557204381962.3
p2_bulk_nta_5e19_common_primary,NTA 5e19 common-primary state,top_primary,interface_4x,T03_P2_BULK_TRAPS_FORMAL,enabled_symmetric_teaching_top_stack,0.0,0.01,0.0,0.3,channel,0.00027499999999999996,4.125e-06,2.7499999999999996,41.25,-0.07720914595148351,456639448467846.44
p2_bulk_nta_5e19_common_primary,NTA 5e19 common-primary state,top_primary,interface_4x,T03_P2_BULK_TRAPS_FORMAL,enabled_symmetric_teaching_top_stack,0.0,0.01,0.0,0.3,channel,0.00027499999999999996,4.2000000000000004e-06,2.7499999999999996,42.00000000000001,-0.07580445443064227,482137826583089.7
p2_bulk_nta_5e19_common_primary,NTA 5e19 common-primary state,top_primary,interface_4x,T03_P2_BULK_TRAPS_FORMAL,enabled_symmetric_teaching_top_stack,0.0,0.01,0.0,0.3,channel,0.00027499999999999996,4.2750000000000006e-06,2.7499999999999996,42.75000000000001,-0.07421361206797475,512738798349424.75
p2_bulk_nta_5e19_common_primary,NTA 5e19 common-primary state,top_primary,interface_4x,T03_P2_BULK_TRAPS_FORMAL,enabled_symmetric_teaching_top_stack,0.0,0.01,0.0,0.3,channel,0.00027499999999999996,4.350000000000001e-06,2.7499999999999996,43.50000000000001,-0.07243265845121993,549306686045508.4
p2_bulk_nta_5e19_common_primary,NTA 5e19 common-primary state,top_primary,interface_4x,T03_P2_BULK_TRAPS_FORMAL,enabled_symmetric_teaching_top_stack,0.0,0.01,0.0,0.3,channel,0.00027499999999999996,4.425e-06,2.7499999999999996,44.25,-0.0704570641384777,592929978687283.5
p2_bulk_nta_5e19_common_primary,NTA 5e19 common-primary state,top_primary,interface_4x,T03_P2_BULK_TRAPS_FORMAL,enabled_symmetric_teaching_top_stack,0.0,0.01,0.0,0.3,channel,0.00027499999999999996,4.5e-06,2.7499999999999996,45.0,-0.06828168355169296,644982890713928.6
p2_bulk_nta_5e19_common_primary,NTA 5e19 common-primary state,top_primary,interface_4x,T03_P2_BULK_TRAPS_FORMAL,enabled_symmetric_teaching_top_stack,0.0,0.01,0.0,0.3,channel,0.00027499999999999996,4.575e-06,2.7499999999999996,45.75,-0.06590069953528545,707207675316119.1
p2_bulk_nta_5e19_common_primary,NTA 5e19 common-primary state,top_primary,interface_4x,T03_P2_BULK_TRAPS_FORMAL,enabled_symmetric_teaching_top_stack,0.0,0.01,0.0,0.3,channel,0.00027499999999999996,4.65e-06,2.7499999999999996,46.50000000000001,-0.06330755820135173,781825484307283.0
p2_bulk_nta_5e19_common_primary,NTA 5e19 common-primary state,top_primary,interface_4x,T03_P2_BULK_TRAPS_FORMAL,enabled_symmetric_teaching_top_stack,0.0,0.01,0.0,0.3,channel,0.00027499999999999996,4.7250000000000005e-06,2.7499999999999996,47.25000000000001,-0.06049489235992874,871686919626919.9
p2_bulk_nta_5e19_common_primary,NTA 5e19 common-primary state,top_primary,interface_4x,T03_P2_BULK_TRAPS_FORMAL,enabled_symmetric_teaching_top_stack,0.0,0.01,0.0,0.3,channel,0.00027499999999999996,4.8e-06,2.7499999999999996,48.0,-0.05745443142625926,980478386877979.8
p2_bulk_nta_5e19_common_primary,NTA 5e19 common-primary state,top_primary,interface_4x,T03_P2_BULK_TRAPS_FORMAL,enabled_symmetric_teaching_top_stack,0.0,0.01,0.0,0.3,channel,0.00027499999999999996,4.875e-06,2.7499999999999996,48.75,-0.054176895180270246,1113007806397515.6
p2_bulk_nta_5e19_common_primary,NTA 5e19 common-primary state,top_primary,interface_4x,T03_P2_BULK_TRAPS_FORMAL,enabled_symmetric_teaching_top_stack,0.0,0.01,0.0,0.3,channel,0.00027499999999999996,4.95e-06,2.7499999999999996,49.5,-0.050651868090418814,1275604548640394.5
p2_bulk_nta_5e19_common_primary,NTA 5e19 common-primary state,top_primary,interface_4x,T03_P2_BULK_TRAPS_FORMAL,enabled_symmetric_teaching_top_stack,0.0,0.01,0.0,0.3,channel,0.00027499999999999996,5.025e-06,2.7499999999999996,50.25,-0.04686765005495398,1476685887059129.5
p2_bulk_nta_5e19_common_primary,NTA 5e19 common-primary state,top_primary,interface_4x,T03_P2_BULK_TRAPS_FORMAL,enabled_symmetric_teaching_top_stack,0.0,0.01,0.0,0.3,channel,0.00027499999999999996,5.1e-06,2.7499999999999996,51.0,-0.04281107828905739,1727569510316648.5
p2_bulk_nta_5e19_common_primary,NTA 5e19 common-primary state,top_primary,interface_4x,T03_P2_BULK_TRAPS_FORMAL,enabled_symmetric_teaching_top_stack,0.0,0.01,0.0,0.3,channel,0.00027499999999999996,5.1750000000000004e-06,2.7499999999999996,51.75000000000001,-0.03846731359747513,2043654922998493.5
p2_bulk_nta_5e19_common_primary,NTA 5e19 common-primary state,top_primary,interface_4x,T03_P2_BULK_TRAPS_FORMAL,enabled_symmetric_teaching_top_stack,0.0,0.01,0.0,0.3,channel,0.00027499999999999996,5.2500000000000006e-06,2.7499999999999996,52.50000000000001,-0.03381958227591482,2446166507367317.5
p2_bulk_nta_5e19_common_primary,NTA 5e19 common-primary state,top_primary,interface_4x,T03_P2_BULK_TRAPS_FORMAL,enabled_symmetric_teaching_top_stack,0.0,0.01,0.0,0.3,channel,0.00027499999999999996,5.325e-06,2.7499999999999996,53.25,-0.028848862169758547,2964766113343815.0
p2_bulk_nta_5e19_common_primary,NTA 5e19 common-primary state,top_primary,interface_4x,T03_P2_BULK_TRAPS_FORMAL,enabled_symmetric_teaching_top_stack,0.0,0.01,0.0,0.3,channel,0.00027499999999999996,5.4e-06,2.7499999999999996,54.0,-0.02353349767124173,3641536200285234.5
p2_bulk_nta_5e19_common_primary,NTA 5e19 common-primary state,top_primary,interface_4x,T03_P2_BULK_TRAPS_FORMAL,enabled_symmetric_teaching_top_stack,0.0,0.01,0.0,0.3,channel,0.00030000000000000003,3e-06,3.0000000000000004,30.0,-0.07704525737441806,455085075702294.8
p2_bulk_nta_5e19_common_primary,NTA 5e19 common-primary state,top_primary,interface_4x,T03_P2_BULK_TRAPS_FORMAL,enabled_symmetric_teaching_top_stack,0.0,0.01,0.0,0.3,channel,0.00030000000000000003,3.075e-06,3.0000000000000004,30.750000000000004,-0.07826377364579791,434132621609495.75
p2_bulk_nta_5e19_common_primary,NTA 5e19 common-primary state,top_primary,interface_4x,T03_P2_BULK_TRAPS_FORMAL,enabled_symmetric_teaching_top_stack,0.0,0.01,0.0,0.3,channel,0.00030000000000000003,3.1500000000000003e-06,3.0000000000000004,31.500000000000004,-0.07930270786279392,417031724673425.2
p2_bulk_nta_5e19_common_primary,NTA 5e19 common-primary state,top_primary,interface_4x,T03_P2_BULK_TRAPS_FORMAL,enabled_symmetric_teaching_top_stack,0.0,0.01,0.0,0.3,channel,0.00030000000000000003,3.225e-06,3.0000000000000004,32.25,-0.08016451792038198,403358601255338.1
p2_bulk_nta_5e19_common_primary,NTA 5e19 common-primary state,top_primary,interface_4x,T03_P2_BULK_TRAPS_FORMAL,enabled_symmetric_teaching_top_stack,0.0,0.01,0.0,0.3,channel,0.00030000000000000003,3.3e-06,3.0000000000000004,33.0,-0.08085121831015175,392785333909917.25
p2_bulk_nta_5e19_common_primary,NTA 5e19 common-primary state,top_primary,interface_4x,T03_P2_BULK_TRAPS_FORMAL,enabled_symmetric_teaching_top_stack,0.0,0.01,0.0,0.3,channel,0.00030000000000000003,3.3750000000000003e-06,3.0000000000000004,33.75,-0.08136439856140844,385065149666606.2
p2_bulk_nta_5e19_common_primary,NTA 5e19 common-primary state,top_primary,interface_4x,T03_P2_BULK_TRAPS_FORMAL,enabled_symmetric_teaching_top_stack,0.0,0.01,0.0,0.3,channel,0.00030000000000000003,3.45e-06,3.0000000000000004,34.5,-0.08170523757327537,380021677843260.4
p2_bulk_nta_5e19_common_primary,NTA 5e19 common-primary state,top_primary,interface_4x,T03_P2_BULK_TRAPS_FORMAL,enabled_symmetric_teaching_top_stack,0.0,0.01,0.0,0.3,channel,0.00030000000000000003,3.525e-06,3.0000000000000004,35.25,-0.08187451411980202,377541459316227.8
p2_bulk_nta_5e19_common_primary,NTA 5e19 common-primary state,top_primary,interface_4x,T03_P2_BULK_TRAPS_FORMAL,enabled_symmetric_teaching_top_stack,0.0,0.01,0.0,0.3,channel,0.00030000000000000003,3.6000000000000003e-06,3.0000000000000004,36.0,-0.08187261373145795,377569213440635.25
p2_bulk_nta_5e19_common_primary,NTA 5e19 common-primary state,top_primary,interface_4x,T03_P2_BULK_TRAPS_FORMAL,enabled_symmetric_teaching_top_stack,0.0,0.01,0.0,0.3,channel,0.00030000000000000003,3.6750000000000004e-06,3.0000000000000004,36.75000000000001,-0.0816995320846986,380105556933267.9
p2_bulk_nta_5e19_common_primary,NTA 5e19 common-primary state,top_primary,interface_4x,T03_P2_BULK_TRAPS_FORMAL,enabled_symmetric_teaching_top_stack,0.0,0.01,0.0,0.3,channel,0.00030000000000000003,3.7500000000000005e-06,3.0000000000000004,37.50000000000001,-0.08135487496401521,385207029229455.94
p2_bulk_nta_5e19_common_primary,NTA 5e19 common-primary state,top_primary,interface_4x,T03_P2_BULK_TRAPS_FORMAL,enabled_symmetric_teaching_top_stack,0.0,0.01,0.0,0.3,channel,0.00030000000000000003,3.825000000000001e-06,3.0000000000000004,38.25000000000001,-0.08083785479574883,392988425924481.6
p2_bulk_nta_5e19_common_primary,NTA 5e19 common-primary state,top_primary,interface_4x,T03_P2_BULK_TRAPS_FORMAL,enabled_symmetric_teaching_top_stack,0.0,0.01,0.0,0.3,channel,0.00030000000000000003,3.9e-06,3.0000000000000004,39.0,-0.08014728368779411,403627589153447.1
p2_bulk_nta_5e19_common_primary,NTA 5e19 common-primary state,top_primary,interface_4x,T03_P2_BULK_TRAPS_FORMAL,enabled_symmetric_teaching_top_stack,0.0,0.01,0.0,0.3,channel,0.00030000000000000003,3.975e-06,3.0000000000000004,39.75,-0.07928156284197084,417372964412796.7
p2_bulk_nta_5e19_common_primary,NTA 5e19 common-primary state,top_primary,interface_4x,T03_P2_BULK_TRAPS_FORMAL,enabled_symmetric_teaching_top_stack,0.0,0.01,0.0,0.3,channel,0.00030000000000000003,4.05e-06,3.0000000000000004,40.5,-0.07823866813402157,434554422255883.0
p2_bulk_nta_5e19_common_primary,NTA 5e19 common-primary state,top_primary,interface_4x,T03_P2_BULK_TRAPS_FORMAL,enabled_symmetric_teaching_top_stack,0.0,0.01,0.0,0.3,channel,0.00030000000000000003,4.125e-06,3.0000000000000004,41.25,-0.07701613157738435,455598078835670.06
p2_bulk_nta_5e19_common_primary,NTA 5e19 common-primary state,top_primary,interface_4x,T03_P2_BULK_TRAPS_FORMAL,enabled_symmetric_teaching_top_stack,0.0,0.01,0.0,0.3,channel,0.00030000000000000003,4.2000000000000004e-06,3.0000000000000004,42.00000000000001,-0.07561101829820085,481046155598337.5
p2_bulk_nta_5e19_common_primary,NTA 5e19 common-primary state,top_primary,interface_4x,T03_P2_BULK_TRAPS_FORMAL,enabled_symmetric_teaching_top_stack,0.0,0.01,0.0,0.3,channel,0.00030000000000000003,4.2750000000000006e-06,3.0000000000000004,42.75000000000001,-0.07401989854702057,511583328914372.94
p2_bulk_nta_5e19_common_primary,NTA 5e19 common-primary state,top_primary,interface_4x,T03_P2_BULK_TRAPS_FORMAL,enabled_symmetric_teaching_top_stack,0.0,0.01,0.0,0.3,channel,0.00030000000000000003,4.350000000000001e-06,3.0000000000000004,43.50000000000001,-0.07223881415316727,548071582494201.6
p2_bulk_nta_5e19_common_primary,NTA 5e19 common-primary state,top_primary,interface_4x,T03_P2_BULK_TRAPS_FORMAL,enabled_symmetric_teaching_top_stack,0.0,0.01,0.0,0.3,channel,0.00030000000000000003,4.425e-06,3.0000000000000004,44.25,-0.07026323868552822,591596357906870.2
p2_bulk_nta_5e19_common_primary,NTA 5e19 common-primary state,top_primary,interface_4x,T03_P2_BULK_TRAPS_FORMAL,enabled_symmetric_teaching_top_stack,0.0,0.01,0.0,0.3,channel,0.00030000000000000003,4.5e-06,3.0000000000000004,45.0,-0.06808803041199318,643527902920813.8
p2_bulk_nta_5e19_common_primary,NTA 5e19 common-primary state,top_primary,interface_4x,T03_P2_BULK_TRAPS_FORMAL,enabled_symmetric_teaching_top_stack,0.0,0.01,0.0,0.3,channel,0.00030000000000000003,4.575e-06,3.0000000000000004,45.75,-0.06570737694038545,705603295507775.9
p2_bulk_nta_5e19_common_primary,NTA 5e19 common-primary state,top_primary,interface_4x,T03_P2_BULK_TRAPS_FORMAL,enabled_symmetric_teaching_top_stack,0.0,0.01,0.0,0.3,channel,0.00030000000000000003,4.65e-06,3.0000000000000004,46.50000000000001,-0.06311473016535343,780036903088646.2
p2_bulk_nta_5e19_common_primary,NTA 5e19 common-primary state,top_primary,interface_4x,T03_P2_BULK_TRAPS_FORMAL,enabled_symmetric_teaching_top_stack,0.0,0.01,0.0,0.3,channel,0.00030000000000000003,4.7250000000000005e-06,3.0000000000000004,47.25000000000001,-0.06030272982361745,869670374579443.6
p2_bulk_nta_5e19_common_primary,NTA 5e19 common-primary state,top_primary,interface_4x,T03_P2_BULK_TRAPS_FORMAL,enabled_symmetric_teaching_top_stack,0.0,0.01,0.0,0.3,channel,0.00030000000000000003,4.8e-06,3.0000000000000004,48.0,-0.05726311355453809,978178204959838.5
p2_bulk_nta_5e19_common_primary,NTA 5e19 common-primary state,top_primary,interface_4x,T03_P2_BULK_TRAPS_FORMAL,enabled_symmetric_teaching_top_stack,0.0,0.01,0.0,0.3,channel,0.00030000000000000003,4.875e-06,3.0000000000000004,48.75,-0.05398661084771028,1110352321464821.6
p2_bulk_nta_5e19_common_primary,NTA 5e19 common-primary state,top_primary,interface_4x,T03_P2_BULK_TRAPS_FORMAL,enabled_symmetric_teaching_top_stack,0.0,0.01,0.0,0.3,channel,0.00030000000000000003,4.95e-06,3.0000000000000004,49.5,-0.05046281759817531,1272500395871621.8
p2_bulk_nta_5e19_common_primary,NTA 5e19 common-primary state,top_primary,interface_4x,T03_P2_BULK_TRAPS_FORMAL,enabled_symmetric_teaching_top_stack,0.0,0.01,0.0,0.3,channel,0.00030000000000000003,5.025e-06,3.0000000000000004,50.25,-0.04668004713334273,1473009924914322.8
p2_bulk_nta_5e19_common_primary,NTA 5e19 common-primary state,top_primary,interface_4x,T03_P2_BULK_TRAPS_FORMAL,enabled_symmetric_teaching_top_stack,0.0,0.01,0.0,0.3,channel,0.00030000000000000003,5.1e-06,3.0000000000000004,51.0,-0.04262515245467099,1723157226052381.0
p2_bulk_nta_5e19_common_primary,NTA 5e19 common-primary state,top_primary,interface_4x,T03_P2_BULK_TRAPS_FORMAL,enabled_symmetric_teaching_top_stack,0.0,0.01,0.0,0.3,channel,0.00030000000000000003,5.1750000000000004e-06,3.0000000000000004,51.75000000000001,-0.03828331295319501,2038283547494122.0
p2_bulk_nta_5e19_common_primary,NTA 5e19 common-primary state,top_primary,interface_4x,T03_P2_BULK_TRAPS_FORMAL,enabled_symmetric_teaching_top_stack,0.0,0.01,0.0,0.3,channel,0.00030000000000000003,5.2500000000000006e-06,3.0000000000000004,52.50000000000001,-0.03363777686851485,2439530040485872.0
p2_bulk_nta_5e19_common_primary,NTA 5e19 common-primary state,top_primary,interface_4x,T03_P2_BULK_TRAPS_FORMAL,enabled_symmetric_teaching_top_stack,0.0,0.01,0.0,0.3,channel,0.00030000000000000003,5.325e-06,3.0000000000000004,53.25,-0.02866954805591999,2956437763741205.0
p2_bulk_nta_5e19_common_primary,NTA 5e19 common-primary state,top_primary,interface_4x,T03_P2_BULK_TRAPS_FORMAL,enabled_symmetric_teaching_top_stack,0.0,0.01,0.0,0.3,channel,0.00030000000000000003,5.4e-06,3.0000000000000004,54.0,-0.02335700189307377,3630910873548851.5
p2_bulk_nta_5e19_common_primary,NTA 5e19 common-primary state,top_primary,interface_4x,T03_P2_BULK_TRAPS_FORMAL,enabled_symmetric_teaching_top_stack,0.0,0.01,0.0,0.3,channel,0.00032500000000000004,3e-06,3.2500000000000004,30.0,-0.0768760044081017,453618721066483.94
p2_bulk_nta_5e19_common_primary,NTA 5e19 common-primary state,top_primary,interface_4x,T03_P2_BULK_TRAPS_FORMAL,enabled_symmetric_teaching_top_stack,0.0,0.01,0.0,0.3,channel,0.00032500000000000004,3.075e-06,3.2500000000000004,30.750000000000004,-0.07809174421270614,432780256495112.06
p2_bulk_nta_5e19_common_primary,NTA 5e19 common-primary state,top_primary,interface_4x,T03_P2_BULK_TRAPS_FORMAL,enabled_symmetric_teaching_top_stack,0.0,0.01,0.0,0.3,channel,0.00032500000000000004,3.1500000000000003e-06,3.2500000000000004,31.500000000000004,-0.0791280939392185,415774194438246.25
p2_bulk_nta_5e19_common_primary,NTA 5e19 common-primary state,top_primary,interface_4x,T03_P2_BULK_TRAPS_FORMAL,enabled_symmetric_teaching_top_stack,0.0,0.01,0.0,0.3,channel,0.00032500000000000004,3.225e-06,3.2500000000000004,32.25,-0.07998750290795491,402179653388294.44
p2_bulk_nta_5e19_common_primary,NTA 5e19 common-primary state,top_primary,interface_4x,T03_P2_BULK_TRAPS_FORMAL,enabled_symmetric_teaching_top_stack,0.0,0.01,0.0,0.3,channel,0.00032500000000000004,3.3e-06,3.2500000000000004,33.0,-0.08067197804593083,391671002136223.5
p2_bulk_nta_5e19_common_primary,NTA 5e19 common-primary state,top_primary,interface_4x,T03_P2_BULK_TRAPS_FORMAL,enabled_symmetric_teaching_top_stack,0.0,0.01,0.0,0.3,channel,0.00032500000000000004,3.3750000000000003e-06,3.2500000000000004,33.75,-0.08118310223872577,384003259342373.8
p2_bulk_nta_5e19_common_primary,NTA 5e19 common-primary state,top_primary,interface_4x,T03_P2_BULK_TRAPS_FORMAL,enabled_symmetric_teaching_top_stack,0.0,0.01,0.0,0.3,channel,0.00032500000000000004,3.45e-06,3.2500000000000004,34.5,-0.08152204858779531,379001442086032.56
p2_bulk_nta_5e19_common_primary,NTA 5e19 common-primary state,top_primary,interface_4x,T03_P2_BULK_TRAPS_FORMAL,enabled_symmetric_teaching_top_stack,0.0,0.01,0.0,0.3,channel,0.00032500000000000004,3.525e-06,3.2500000000000004,35.25,-0.08168959085345118,376553142358654.4
p2_bulk_nta_5e19_common_primary,NTA 5e19 common-primary state,top_primary,interface_4x,T03_P2_BULK_TRAPS_FORMAL,enabled_symmetric_teaching_top_stack,0.0,0.01,0.0,0.3,channel,0.00032500000000000004,3.6000000000000003e-06,3.2500000000000004,36.0,-0.08168611028547307,376603842687617.3
p2_bulk_nta_5e19_common_primary,NTA 5e19 common-primary state,top_primary,interface_4x,T03_P2_BULK_TRAPS_FORMAL,enabled_symmetric_teaching_top_stack,0.0,0.01,0.0,0.3,channel,0.00032500000000000004,3.6750000000000004e-06,3.2500000000000004,36.75000000000001,-0.08151159897193366,379154668668996.75
p2_bulk_nta_5e19_common_primary,NTA 5e19 common-primary state,top_primary,interface_4x,T03_P2_BULK_TRAPS_FORMAL,enabled_symmetric_teaching_top_stack,0.0,0.01,0.0,0.3,channel,0.00032500000000000004,3.7500000000000005e-06,3.2500000000000004,37.50000000000001,-0.0811656597698136,384262435206383.0
p2_bulk_nta_5e19_common_primary,NTA 5e19 common-primary state,top_primary,interface_4x,T03_P2_BULK_TRAPS_FORMAL,enabled_symmetric_teaching_top_stack,0.0,0.01,0.0,0.3,channel,0.00032500000000000004,3.825000000000001e-06,3.2500000000000004,38.25000000000001,-0.08064750281609238,392041989389936.44
p2_bulk_nta_5e19_common_primary,NTA 5e19 common-primary state,top_primary,interface_4x,T03_P2_BULK_TRAPS_FORMAL,enabled_symmetric_teaching_top_stack,0.0,0.01,0.0,0.3,channel,0.00032500000000000004,3.9e-06,3.2500000000000004,39.0,-0.07995593855306574,402670999349741.8
p2_bulk_nta_5e19_common_primary,NTA 5e19 common-primary state,top_primary,interface_4x,T03_P2_BULK_TRAPS_FORMAL,enabled_symmetric_teaching_top_stack,0.0,0.01,0.0,0.3,channel,0.00032500000000000004,3.975e-06,3.2500000000000004,39.75,-0.07908936713450349,416397498255585.4
p2_bulk_nta_5e19_common_primary,NTA 5e19 common-primary state,top_primary,interface_4x,T03_P2_BULK_TRAPS_FORMAL,enabled_symmetric_teaching_top_stack,0.0,0.01,0.0,0.3,channel,0.00032500000000000004,4.05e-06,3.2500000000000004,40.5,-0.0780457640076498,433550680702194.6
p2_bulk_nta_5e19_common_primary,NTA 5e19 common-primary state,top_primary,interface_4x,T03_P2_BULK_TRAPS_FORMAL,enabled_symmetric_teaching_top_stack,0.0,0.01,0.0,0.3,channel,0.00032500000000000004,4.125e-06,3.2500000000000004,41.25,-0.0768226613874732,454555683254154.9
p2_bulk_nta_5e19_common_primary,NTA 5e19 common-primary state,top_primary,interface_4x,T03_P2_BULK_TRAPS_FORMAL,enabled_symmetric_teaching_top_stack,0.0,0.01,0.0,0.3,channel,0.00032500000000000004,4.2000000000000004e-06,3.2500000000000004,42.00000000000001,-0.07541712525111713,479953385992567.7
p2_bulk_nta_5e19_common_primary,NTA 5e19 common-primary state,top_primary,interface_4x,T03_P2_BULK_TRAPS_FORMAL,enabled_symmetric_teaching_top_stack,0.0,0.01,0.0,0.3,channel,0.00032500000000000004,4.2750000000000006e-06,3.2500000000000004,42.75000000000001,-0.0738257273787602,510426680715094.7
p2_bulk_nta_5e19_common_primary,NTA 5e19 common-primary state,top_primary,interface_4x,T03_P2_BULK_TRAPS_FORMAL,enabled_symmetric_teaching_top_stack,0.0,0.01,0.0,0.3,channel,0.00032500000000000004,4.350000000000001e-06,3.2500000000000004,43.50000000000001,-0.07204451184790005,546835211200793.0
p2_bulk_nta_5e19_common_primary,NTA 5e19 common-primary state,top_primary,interface_4x,T03_P2_BULK_TRAPS_FORMAL,enabled_symmetric_teaching_top_stack,0.0,0.01,0.0,0.3,channel,0.00032500000000000004,4.425e-06,3.2500000000000004,44.25,-0.07006895524622332,590261370176112.5
p2_bulk_nta_5e19_common_primary,NTA 5e19 common-primary state,top_primary,interface_4x,T03_P2_BULK_TRAPS_FORMAL,enabled_symmetric_teaching_top_stack,0.0,0.01,0.0,0.3,channel,0.00032500000000000004,4.5e-06,3.2500000000000004,45.0,-0.06789391969712272,642071437348548.2
p2_bulk_nta_5e19_common_primary,NTA 5e19 common-primary state,top_primary,interface_4x,T03_P2_BULK_TRAPS_FORMAL,enabled_symmetric_teaching_top_stack,0.0,0.01,0.0,0.3,channel,0.00032500000000000004,4.575e-06,3.2500000000000004,45.75,-0.06551359758307237,703997314171420.9
p2_bulk_nta_5e19_common_primary,NTA 5e19 common-primary state,top_primary,interface_4x,T03_P2_BULK_TRAPS_FORMAL,enabled_symmetric_teaching_top_stack,0.0,0.01,0.0,0.3,channel,0.00032500000000000004,4.65e-06,3.2500000000000004,46.50000000000001,-0.0629214465943749,778246582626980.2
p2_bulk_nta_5e19_common_primary,NTA 5e19 common-primary state,top_primary,interface_4x,T03_P2_BULK_TRAPS_FORMAL,enabled_symmetric_teaching_top_stack,0.0,0.01,0.0,0.3,channel,0.00032500000000000004,4.7250000000000005e-06,3.2500000000000004,47.25000000000001,-0.060110113409583485,867651938105933.2
p2_bulk_nta_5e19_common_primary,NTA 5e19 common-primary state,top_primary,interface_4x,T03_P2_BULK_TRAPS_FORMAL,enabled_symmetric_teaching_top_stack,0.0,0.01,0.0,0.3,channel,0.00032500000000000004,4.8e-06,3.2500000000000004,48.0,-0.057071343909595285,975875965511060.2
p2_bulk_nta_5e19_common_primary,NTA 5e19 common-primary state,top_primary,interface_4x,T03_P2_BULK_TRAPS_FORMAL,enabled_symmetric_teaching_top_stack,0.0,0.01,0.0,0.3,channel,0.00032500000000000004,4.875e-06,3.2500000000000004,48.75,-0.053795877313617554,1107694601429709.4
p2_bulk_nta_5e19_common_primary,NTA 5e19 common-primary state,top_primary,interface_4x,T03_P2_BULK_TRAPS_FORMAL,enabled_symmetric_teaching_top_stack,0.0,0.01,0.0,0.3,channel,0.00032500000000000004,4.95e-06,3.2500000000000004,49.5,-0.050273320966041105,1269393824781829.8
p2_bulk_nta_5e19_common_primary,NTA 5e19 common-primary state,top_primary,interface_4x,T03_P2_BULK_TRAPS_FORMAL,enabled_symmetric_teaching_top_stack,0.0,0.01,0.0,0.3,channel,0.00032500000000000004,5.025e-06,3.2500000000000004,50.25,-0.04649200164936168,1469331367240618.5
p2_bulk_nta_5e19_common_primary,NTA 5e19 common-primary state,top_primary,interface_4x,T03_P2_BULK_TRAPS_FORMAL,enabled_symmetric_teaching_top_stack,0.0,0.01,0.0,0.3,channel,0.00032500000000000004,5.1e-06,3.2500000000000004,51.0,-0.04243878818078813,1718742196761818.2
p2_bulk_nta_5e19_common_primary,NTA 5e19 common-primary state,top_primary,interface_4x,T03_P2_BULK_TRAPS_FORMAL,enabled_symmetric_teaching_top_stack,0.0,0.01,0.0,0.3,channel,0.00032500000000000004,5.1750000000000004e-06,3.2500000000000004,51.75000000000001,-0.03809887857110508,2032909344125037.2
p2_bulk_nta_5e19_common_primary,NTA 5e19 common-primary state,top_primary,interface_4x,T03_P2_BULK_TRAPS_FORMAL,enabled_symmetric_teaching_top_stack,0.0,0.01,0.0,0.3,channel,0.00032500000000000004,5.2500000000000006e-06,3.2500000000000004,52.50000000000001,-0.03345554304174392,2432890798231337.0
p2_bulk_nta_5e19_common_primary,NTA 5e19 common-primary state,top_primary,interface_4x,T03_P2_BULK_TRAPS_FORMAL,enabled_symmetric_teaching_top_stack,0.0,0.01,0.0,0.3,channel,0.00032500000000000004,5.325e-06,3.2500000000000004,53.25,-0.028489811500854535,2948106946843317.0
p2_bulk_nta_5e19_common_primary,NTA 5e19 common-primary state,top_primary,interface_4x,T03_P2_BULK_TRAPS_FORMAL,enabled_symmetric_teaching_top_stack,0.0,0.01,0.0,0.3,channel,0.00032500000000000004,5.4e-06,3.2500000000000004,54.0,-0.02318009036005952,3620283853917563.0
p2_bulk_nta_5e19_common_primary,NTA 5e19 common-primary state,top_primary,interface_4x,T03_P2_BULK_TRAPS_FORMAL,enabled_symmetric_teaching_top_stack,0.0,0.01,0.0,0.3,channel,0.00035,3e-06,3.5,30.0,-0.07670635283727864,452152642433108.8
p2_bulk_nta_5e19_common_primary,NTA 5e19 common-primary state,top_primary,interface_4x,T03_P2_BULK_TRAPS_FORMAL,enabled_symmetric_teaching_top_stack,0.0,0.01,0.0,0.3,channel,0.00035,3.075e-06,3.5,30.750000000000004,-0.07791930959933156,431427968963731.56
p2_bulk_nta_5e19_common_primary,NTA 5e19 common-primary state,top_primary,interface_4x,T03_P2_BULK_TRAPS_FORMAL,enabled_symmetric_teaching_top_stack,0.0,0.01,0.0,0.3,channel,0.00035,3.1500000000000003e-06,3.5,31.500000000000004,-0.07895306865264805,414516582261808.25
p2_bulk_nta_5e19_common_primary,NTA 5e19 common-primary state,top_primary,interface_4x,T03_P2_BULK_TRAPS_FORMAL,enabled_symmetric_teaching_top_stack,0.0,0.01,0.0,0.3,channel,0.00035,3.225e-06,3.5,32.25,-0.07981007073552644,401000493684206.56
p2_bulk_nta_5e19_common_primary,NTA 5e19 common-primary state,top_primary,interface_4x,T03_P2_BULK_TRAPS_FORMAL,enabled_symmetric_teaching_top_stack,0.0,0.01,0.0,0.3,channel,0.00035,3.3e-06,3.5,33.0,-0.08049231520369254,390556351140497.56
p2_bulk_nta_5e19_common_primary,NTA 5e19 common-primary state,top_primary,interface_4x,T03_P2_BULK_TRAPS_FORMAL,enabled_symmetric_teaching_top_stack,0.0,0.01,0.0,0.3,channel,0.00035,3.3750000000000003e-06,3.5,33.75,-0.08100137829297892,382940959401111.0
p2_bulk_nta_5e19_common_primary,NTA 5e19 common-primary state,top_primary,interface_4x,T03_P2_BULK_TRAPS_FORMAL,enabled_symmetric_teaching_top_stack,0.0,0.01,0.0,0.3,channel,0.00035,3.45e-06,3.5,34.5,-0.08133842730188832,377980718976675.94
p2_bulk_nta_5e19_common_primary,NTA 5e19 common-primary state,top_primary,interface_4x,T03_P2_BULK_TRAPS_FORMAL,enabled_symmetric_teaching_top_stack,0.0,0.01,0.0,0.3,channel,0.00035,3.525e-06,3.5,35.25,-0.08150423097248108,375564269532919.44
p2_bulk_nta_5e19_common_primary,NTA 5e19 common-primary state,top_primary,interface_4x,T03_P2_BULK_TRAPS_FORMAL,enabled_symmetric_teaching_top_stack,0.0,0.01,0.0,0.3,channel,0.00035,3.6000000000000003e-06,3.5,36.0,-0.08149916627013688,375637853991989.9
p2_bulk_nta_5e19_common_primary,NTA 5e19 common-primary state,top_primary,interface_4x,T03_P2_BULK_TRAPS_FORMAL,enabled_symmetric_teaching_top_stack,0.0,0.01,0.0,0.3,channel,0.00035,3.6750000000000004e-06,3.5,36.75000000000001,-0.08132322169166938,378203104544058.75
p2_bulk_nta_5e19_common_primary,NTA 5e19 common-primary state,top_primary,interface_4x,T03_P2_BULK_TRAPS_FORMAL,enabled_symmetric_teaching_top_stack,0.0,0.01,0.0,0.3,channel,0.00035,3.7500000000000005e-06,3.5,37.50000000000001,-0.08097599716453777,383317109637001.44
p2_bulk_nta_5e19_common_primary,NTA 5e19 common-primary state,top_primary,interface_4x,T03_P2_BULK_TRAPS_FORMAL,enabled_symmetric_teaching_top_stack,0.0,0.01,0.0,0.3,channel,0.00035,3.825000000000001e-06,3.5,38.25000000000001,-0.08045670053524802,391094766191350.25
p2_bulk_nta_5e19_common_primary,NTA 5e19 common-primary state,top_primary,interface_4x,T03_P2_BULK_TRAPS_FORMAL,enabled_symmetric_teaching_top_stack,0.0,0.01,0.0,0.3,channel,0.00035,3.9e-06,3.5,39.0,-0.0797641405803215,401713566847020.4
p2_bulk_nta_5e19_common_primary,NTA 5e19 common-primary state,top_primary,interface_4x,T03_P2_BULK_TRAPS_FORMAL,enabled_symmetric_teaching_top_stack,0.0,0.01,0.0,0.3,channel,0.00035,3.975e-06,3.5,39.75,-0.07889671640628194,415421131077387.94
p2_bulk_nta_5e19_common_primary,NTA 5e19 common-primary state,top_primary,interface_4x,T03_P2_BULK_TRAPS_FORMAL,enabled_symmetric_teaching_top_stack,0.0,0.01,0.0,0.3,channel,0.00035,4.05e-06,3.5,40.5,-0.07785240303370775,432545976212660.5
p2_bulk_nta_5e19_common_primary,NTA 5e19 common-primary state,top_primary,interface_4x,T03_P2_BULK_TRAPS_FORMAL,enabled_symmetric_teaching_top_stack,0.0,0.01,0.0,0.3,channel,0.00035,4.125e-06,3.5,41.25,-0.07662873288201698,453512257945581.3
p2_bulk_nta_5e19_common_primary,NTA 5e19 common-primary state,top_primary,interface_4x,T03_P2_BULK_TRAPS_FORMAL,enabled_symmetric_teaching_top_stack,0.0,0.01,0.0,0.3,channel,0.00035,4.2000000000000004e-06,3.5,42.00000000000001,-0.07522277278342741,478859513698948.7
p2_bulk_nta_5e19_common_primary,NTA 5e19 common-primary state,top_primary,interface_4x,T03_P2_BULK_TRAPS_FORMAL,enabled_symmetric_teaching_top_stack,0.0,0.01,0.0,0.3,channel,0.00035,4.2750000000000006e-06,3.5,42.75000000000001,-0.07363109605305143,509268849372361.7
p2_bulk_nta_5e19_common_primary,NTA 5e19 common-primary state,top_primary,interface_4x,T03_P2_BULK_TRAPS_FORMAL,enabled_symmetric_teaching_top_stack,0.0,0.01,0.0,0.3,channel,0.00035,4.350000000000001e-06,3.5,43.50000000000001,-0.07184974902318854,545597567446767.8
p2_bulk_nta_5e19_common_primary,NTA 5e19 common-primary state,top_primary,interface_4x,T03_P2_BULK_TRAPS_FORMAL,enabled_symmetric_teaching_top_stack,0.0,0.01,0.0,0.3,channel,0.00035,4.425e-06,3.5,44.25,-0.06987421130838252,588925010406888.4
p2_bulk_nta_5e19_common_primary,NTA 5e19 common-primary state,top_primary,interface_4x,T03_P2_BULK_TRAPS_FORMAL,enabled_symmetric_teaching_top_stack,0.0,0.01,0.0,0.3,channel,0.00035,4.5e-06,3.5,45.0,-0.06769934889714048,640613488506051.6
p2_bulk_nta_5e19_common_primary,NTA 5e19 common-primary state,top_primary,interface_4x,T03_P2_BULK_TRAPS_FORMAL,enabled_symmetric_teaching_top_stack,0.0,0.01,0.0,0.3,channel,0.00035,4.575e-06,3.5,45.75,-0.06531935895789627,702389725377418.2
p2_bulk_nta_5e19_common_primary,NTA 5e19 common-primary state,top_primary,interface_4x,T03_P2_BULK_TRAPS_FORMAL,enabled_symmetric_teaching_top_stack,0.0,0.01,0.0,0.3,channel,0.00035,4.65e-06,3.5,46.50000000000001,-0.06272770498977956,776454516517654.9
p2_bulk_nta_5e19_common_primary,NTA 5e19 common-primary state,top_primary,interface_4x,T03_P2_BULK_TRAPS_FORMAL,enabled_symmetric_teaching_top_stack,0.0,0.01,0.0,0.3,channel,0.00035,4.7250000000000005e-06,3.5,47.25000000000001,-0.05991704062840637,865631603291883.4
p2_bulk_nta_5e19_common_primary,NTA 5e19 common-primary state,top_primary,interface_4x,T03_P2_BULK_TRAPS_FORMAL,enabled_symmetric_teaching_top_stack,0.0,0.01,0.0,0.3,channel,0.00035,4.8e-06,3.5,48.0,-0.05687912001372044,973571661077889.1
p2_bulk_nta_5e19_common_primary,NTA 5e19 common-primary state,top_primary,interface_4x,T03_P2_BULK_TRAPS_FORMAL,enabled_symmetric_teaching_top_stack,0.0,0.01,0.0,0.3,channel,0.00035,4.875e-06,3.5,48.75,-0.05360469211458905,1105034638281660.6
p2_bulk_nta_5e19_common_primary,NTA 5e19 common-primary state,top_primary,interface_4x,T03_P2_BULK_TRAPS_FORMAL,enabled_symmetric_teaching_top_stack,0.0,0.01,0.0,0.3,channel,0.00035,4.95e-06,3.5,49.5,-0.05008337574763455,1266284826808174.2
p2_bulk_nta_5e19_common_primary,NTA 5e19 common-primary state,top_primary,interface_4x,T03_P2_BULK_TRAPS_FORMAL,enabled_symmetric_teaching_top_stack,0.0,0.01,0.0,0.3,channel,0.00035,5.025e-06,3.5,50.25,-0.04630351117649589,1465650204965021.0
p2_bulk_nta_5e19_common_primary,NTA 5e19 common-primary state,top_primary,interface_4x,T03_P2_BULK_TRAPS_FORMAL,enabled_symmetric_teaching_top_stack,0.0,0.01,0.0,0.3,channel,0.00035,5.1e-06,3.5,51.0,-0.042251983063753856,1714324412966259.5
p2_bulk_nta_5e19_common_primary,NTA 5e19 common-primary state,top_primary,interface_4x,T03_P2_BULK_TRAPS_FORMAL,enabled_symmetric_teaching_top_stack,0.0,0.01,0.0,0.3,channel,0.00035,5.1750000000000004e-06,3.5,51.75000000000001,-0.037914008073569795,2027532303211325.5
p2_bulk_nta_5e19_common_primary,NTA 5e19 common-primary state,top_primary,interface_4x,T03_P2_BULK_TRAPS_FORMAL,enabled_symmetric_teaching_top_stack,0.0,0.01,0.0,0.3,channel,0.00035,5.2500000000000006e-06,3.5,52.50000000000001,-0.03327287844733193,2426248771084783.0
p2_bulk_nta_5e19_common_primary,NTA 5e19 common-primary state,top_primary,interface_4x,T03_P2_BULK_TRAPS_FORMAL,enabled_symmetric_teaching_top_stack,0.0,0.01,0.0,0.3,channel,0.00035,5.325e-06,3.5,53.25,-0.02830965018921291,2939773653899048.5
p2_bulk_nta_5e19_common_primary,NTA 5e19 common-primary state,top_primary,interface_4x,T03_P2_BULK_TRAPS_FORMAL,enabled_symmetric_teaching_top_stack,0.0,0.01,0.0,0.3,channel,0.00035,5.4e-06,3.5,54.0,-0.023002760793560426,3609655134388163.0
p2_bulk_nta_5e19_common_primary,NTA 5e19 common-primary state,top_primary,interface_4x,T03_P2_BULK_TRAPS_FORMAL,enabled_symmetric_teaching_top_stack,0.0,0.01,0.0,0.3,channel,0.000375,3e-06,3.75,30.0,-0.07653630047317228,450686840140435.1
p2_bulk_nta_5e19_common_primary,NTA 5e19 common-primary state,top_primary,interface_4x,T03_P2_BULK_TRAPS_FORMAL,enabled_symmetric_teaching_top_stack,0.0,0.01,0.0,0.3,channel,0.000375,3.075e-06,3.75,30.750000000000004,-0.07774646758073529,430075758944788.75
p2_bulk_nta_5e19_common_primary,NTA 5e19 common-primary state,top_primary,interface_4x,T03_P2_BULK_TRAPS_FORMAL,enabled_symmetric_teaching_top_stack,0.0,0.01,0.0,0.3,channel,0.000375,3.1500000000000003e-06,3.75,31.500000000000004,-0.07877762974404773,413258887702727.94
p2_bulk_nta_5e19_common_primary,NTA 5e19 common-primary state,top_primary,interface_4x,T03_P2_BULK_TRAPS_FORMAL,enabled_symmetric_teaching_top_stack,0.0,0.01,0.0,0.3,channel,0.000375,3.225e-06,3.75,32.25,-0.07963221911200731,399821121365101.25
p2_bulk_nta_5e19_common_primary,NTA 5e19 common-primary state,top_primary,interface_4x,T03_P2_BULK_TRAPS_FORMAL,enabled_symmetric_teaching_top_stack,0.0,0.01,0.0,0.3,channel,0.000375,3.3e-06,3.75,33.0,-0.08031222746231234,389441379837798.25
p2_bulk_nta_5e19_common_primary,NTA 5e19 common-primary state,top_primary,interface_4x,T03_P2_BULK_TRAPS_FORMAL,enabled_symmetric_teaching_top_stack,0.0,0.01,0.0,0.3,channel,0.000375,3.3750000000000003e-06,3.75,33.75,-0.08081922437500785,381878248475646.2
p2_bulk_nta_5e19_common_primary,NTA 5e19 common-primary state,top_primary,interface_4x,T03_P2_BULK_TRAPS_FORMAL,enabled_symmetric_teaching_top_stack,0.0,0.01,0.0,0.3,channel,0.000375,3.45e-06,3.75,34.5,-0.08115437134034227,376959506885661.7
p2_bulk_nta_5e19_common_primary,NTA 5e19 common-primary state,top_primary,interface_4x,T03_P2_BULK_TRAPS_FORMAL,enabled_symmetric_teaching_top_stack,0.0,0.01,0.0,0.3,channel,0.000375,3.525e-06,3.75,35.25,-0.08131843207759797,374574838962315.5
p2_bulk_nta_5e19_common_primary,NTA 5e19 common-primary state,top_primary,interface_4x,T03_P2_BULK_TRAPS_FORMAL,enabled_symmetric_teaching_top_stack,0.0,0.01,0.0,0.3,channel,0.000375,3.6000000000000003e-06,3.75,36.0,-0.08131177926403486,374671245240580.06
p2_bulk_nta_5e19_common_primary,NTA 5e19 common-primary state,top_primary,interface_4x,T03_P2_BULK_TRAPS_FORMAL,enabled_symmetric_teaching_top_stack,0.0,0.01,0.0,0.3,channel,0.000375,3.6750000000000004e-06,3.75,36.75000000000001,-0.08113439780232562,377250862215298.25
p2_bulk_nta_5e19_common_primary,NTA 5e19 common-primary state,top_primary,interface_4x,T03_P2_BULK_TRAPS_FORMAL,enabled_symmetric_teaching_top_stack,0.0,0.01,0.0,0.3,channel,0.000375,3.7500000000000005e-06,3.75,37.50000000000001,-0.08078588468839516,382371049950633.7
p2_bulk_nta_5e19_common_primary,NTA 5e19 common-primary state,top_primary,interface_4x,T03_P2_BULK_TRAPS_FORMAL,enabled_symmetric_teaching_top_stack,0.0,0.01,0.0,0.3,channel,0.000375,3.825000000000001e-06,3.75,38.25000000000001,-0.08026544547716617,390146753529129.7
p2_bulk_nta_5e19_common_primary,NTA 5e19 common-primary state,top_primary,interface_4x,T03_P2_BULK_TRAPS_FORMAL,enabled_symmetric_teaching_top_stack,0.0,0.01,0.0,0.3,channel,0.000375,3.9e-06,3.75,39.0,-0.07957188727921673,400755288611643.4
p2_bulk_nta_5e19_common_primary,NTA 5e19 common-primary state,top_primary,interface_4x,T03_P2_BULK_TRAPS_FORMAL,enabled_symmetric_teaching_top_stack,0.0,0.01,0.0,0.3,channel,0.000375,3.975e-06,3.75,39.75,-0.07870360815463948,414443859601721.44
p2_bulk_nta_5e19_common_primary,NTA 5e19 common-primary state,top_primary,interface_4x,T03_P2_BULK_TRAPS_FORMAL,enabled_symmetric_teaching_top_stack,0.0,0.01,0.0,0.3,channel,0.000375,4.05e-06,3.75,40.5,-0.07765858269919572,431540305255515.94
p2_bulk_nta_5e19_common_primary,NTA 5e19 common-primary state,top_primary,interface_4x,T03_P2_BULK_TRAPS_FORMAL,enabled_symmetric_teaching_top_stack,0.0,0.01,0.0,0.3,channel,0.000375,4.125e-06,3.75,41.25,-0.07643434353969339,452467799106817.25
p2_bulk_nta_5e19_common_primary,NTA 5e19 common-primary state,top_primary,interface_4x,T03_P2_BULK_TRAPS_FORMAL,enabled_symmetric_teaching_top_stack,0.0,0.01,0.0,0.3,channel,0.000375,4.2000000000000004e-06,3.75,42.00000000000001,-0.07502795836752407,477764534623226.0
p2_bulk_nta_5e19_common_primary,NTA 5e19 common-primary state,top_primary,interface_4x,T03_P2_BULK_TRAPS_FORMAL,enabled_symmetric_teaching_top_stack,0.0,0.01,0.0,0.3,channel,0.000375,4.2750000000000006e-06,3.75,42.75000000000001,-0.07343600203807125,508109830477367.0
p2_bulk_nta_5e19_common_primary,NTA 5e19 common-primary state,top_primary,interface_4x,T03_P2_BULK_TRAPS_FORMAL,enabled_symmetric_teaching_top_stack,0.0,0.01,0.0,0.3,channel,0.000375,4.350000000000001e-06,3.75,43.50000000000001,-0.07165452314510352,544358646481711.7
p2_bulk_nta_5e19_common_primary,NTA 5e19 common-primary state,top_primary,interface_4x,T03_P2_BULK_TRAPS_FORMAL,enabled_symmetric_teaching_top_stack,0.0,0.01,0.0,0.3,channel,0.000375,4.425e-06,3.75,44.25,-0.06967900433812595,587587273476672.8
p2_bulk_nta_5e19_common_primary,NTA 5e19 common-primary state,top_primary,interface_4x,T03_P2_BULK_TRAPS_FORMAL,enabled_symmetric_teaching_top_stack,0.0,0.01,0.0,0.3,channel,0.000375,4.5e-06,3.75,45.0,-0.06750431548042524,639154050865140.5
p2_bulk_nta_5e19_common_primary,NTA 5e19 common-primary state,top_primary,interface_4x,T03_P2_BULK_TRAPS_FORMAL,enabled_symmetric_teaching_top_stack,0.0,0.01,0.0,0.3,channel,0.000375,4.575e-06,3.75,45.75,-0.06512465853776596,700780523156122.1
p2_bulk_nta_5e19_common_primary,NTA 5e19 common-primary state,top_primary,interface_4x,T03_P2_BULK_TRAPS_FORMAL,enabled_symmetric_teaching_top_stack,0.0,0.01,0.0,0.3,channel,0.000375,4.65e-06,3.75,46.50000000000001,-0.06253350283134887,774660698312921.4
p2_bulk_nta_5e19_common_primary,NTA 5e19 common-primary state,top_primary,interface_4x,T03_P2_BULK_TRAPS_FORMAL,enabled_symmetric_teaching_top_stack,0.0,0.01,0.0,0.3,channel,0.000375,4.7250000000000005e-06,3.75,47.25000000000001,-0.05972350896916381,863609363176374.2
p2_bulk_nta_5e19_common_primary,NTA 5e19 common-primary state,top_primary,interface_4x,T03_P2_BULK_TRAPS_FORMAL,enabled_symmetric_teaching_top_stack,0.0,0.01,0.0,0.3,channel,0.000375,4.8e-06,3.75,48.0,-0.05668643936780326,971265284156713.5
p2_bulk_nta_5e19_common_primary,NTA 5e19 common-primary state,top_primary,interface_4x,T03_P2_BULK_TRAPS_FORMAL,enabled_symmetric_teaching_top_stack,0.0,0.01,0.0,0.3,channel,0.000375,4.875e-06,3.75,48.75,-0.05341305276594637,1102372423956797.8
p2_bulk_nta_5e19_common_primary,NTA 5e19 common-primary state,top_primary,interface_4x,T03_P2_BULK_TRAPS_FORMAL,enabled_symmetric_teaching_top_stack,0.0,0.01,0.0,0.3,channel,0.000375,4.95e-06,3.75,49.5,-0.04989297947544665,1263173393331020.0
p2_bulk_nta_5e19_common_primary,NTA 5e19 common-primary state,top_primary,interface_4x,T03_P2_BULK_TRAPS_FORMAL,enabled_symmetric_teaching_top_stack,0.0,0.01,0.0,0.3,channel,0.000375,5.025e-06,3.75,50.25,-0.04611457326727585,1461966428954617.0
p2_bulk_nta_5e19_common_primary,NTA 5e19 common-primary state,top_primary,interface_4x,T03_P2_BULK_TRAPS_FORMAL,enabled_symmetric_teaching_top_stack,0.0,0.01,0.0,0.3,channel,0.000375,5.1e-06,3.75,51.0,-0.042064734679157216,1709903865124618.2
p2_bulk_nta_5e19_common_primary,NTA 5e19 common-primary state,top_primary,interface_4x,T03_P2_BULK_TRAPS_FORMAL,enabled_symmetric_teaching_top_stack,0.0,0.01,0.0,0.3,channel,0.000375,5.1750000000000004e-06,3.75,51.75000000000001,-0.03772869906242345,2022152415009434.8
p2_bulk_nta_5e19_common_primary,NTA 5e19 common-primary state,top_primary,interface_4x,T03_P2_BULK_TRAPS_FORMAL,enabled_symmetric_teaching_top_stack,0.0,0.01,0.0,0.3,channel,0.000375,5.2500000000000006e-06,3.75,52.50000000000001,-0.0330897807167332,2419603949464444.5
p2_bulk_nta_5e19_common_primary,NTA 5e19 common-primary state,top_primary,interface_4x,T03_P2_BULK_TRAPS_FORMAL,enabled_symmetric_teaching_top_stack,0.0,0.01,0.0,0.3,channel,0.000375,5.325e-06,3.75,53.25,-0.028129061785655225,2931437876098576.0
p2_bulk_nta_5e19_common_primary,NTA 5e19 common-primary state,top_primary,interface_4x,T03_P2_BULK_TRAPS_FORMAL,enabled_symmetric_teaching_top_stack,0.0,0.01,0.0,0.3,channel,0.000375,5.4e-06,3.75,54.0,-0.022825010895264557,3599024707908008.0
p2_bulk_nta_5e19_common_primary,NTA 5e19 common-primary state,top_primary,interface_4x,T03_P2_BULK_TRAPS_FORMAL,enabled_symmetric_teaching_top_stack,0.0,0.01,0.0,0.3,channel,0.0004,3e-06,4.0,30.0,-0.07636584510806259,449221314527653.1
p2_bulk_nta_5e19_common_primary,NTA 5e19 common-primary state,top_primary,interface_4x,T03_P2_BULK_TRAPS_FORMAL,enabled_symmetric_teaching_top_stack,0.0,0.01,0.0,0.3,channel,0.0004,3.075e-06,4.0,30.750000000000004,-0.07757321591272173,428723626366414.25
p2_bulk_nta_5e19_common_primary,NTA 5e19 common-primary state,top_primary,interface_4x,T03_P2_BULK_TRAPS_FORMAL,enabled_symmetric_teaching_top_stack,0.0,0.01,0.0,0.3,channel,0.0004,3.1500000000000003e-06,4.0,31.500000000000004,-0.07860177493483031,412001110316229.25
p2_bulk_nta_5e19_common_primary,NTA 5e19 common-primary state,top_primary,interface_4x,T03_P2_BULK_TRAPS_FORMAL,enabled_symmetric_teaching_top_stack,0.0,0.01,0.0,0.3,channel,0.0004,3.225e-06,4.0,32.25,-0.07945394572647733,398641535647651.7
p2_bulk_nta_5e19_common_primary,NTA 5e19 common-primary state,top_primary,interface_4x,T03_P2_BULK_TRAPS_FORMAL,enabled_symmetric_teaching_top_stack,0.0,0.01,0.0,0.3,channel,0.0004,3.3e-06,4.0,33.0,-0.08013171248057349,388326087135982.06
p2_bulk_nta_5e19_common_primary,NTA 5e19 common-primary state,top_primary,interface_4x,T03_P2_BULK_TRAPS_FORMAL,enabled_symmetric_teaching_top_stack,0.0,0.01,0.0,0.3,channel,0.0004,3.3750000000000003e-06,4.0,33.75,-0.08063663811531607,380815125189851.44
p2_bulk_nta_5e19_common_primary,NTA 5e19 common-primary state,top_primary,interface_4x,T03_P2_BULK_TRAPS_FORMAL,enabled_symmetric_teaching_top_stack,0.0,0.01,0.0,0.3,channel,0.0004,3.45e-06,4.0,34.5,-0.08096987830738134,375937804172825.4
p2_bulk_nta_5e19_common_primary,NTA 5e19 common-primary state,top_primary,interface_4x,T03_P2_BULK_TRAPS_FORMAL,enabled_symmetric_teaching_top_stack,0.0,0.01,0.0,0.3,channel,0.0004,3.525e-06,4.0,35.25,-0.08113219174873405,373584848757875.56
p2_bulk_nta_5e19_common_primary,NTA 5e19 common-primary state,top_primary,interface_4x,T03_P2_BULK_TRAPS_FORMAL,enabled_symmetric_teaching_top_stack,0.0,0.01,0.0,0.3,channel,0.0004,3.6000000000000003e-06,4.0,36.0,-0.08112394682478516,373704014306366.94
p2_bulk_nta_5e19_common_primary,NTA 5e19 common-primary state,top_primary,interface_4x,T03_P2_BULK_TRAPS_FORMAL,enabled_symmetric_teaching_top_stack,0.0,0.01,0.0,0.3,channel,0.0004,3.6750000000000004e-06,4.0,36.75000000000001,-0.08094512484117843,376297939324138.25
p2_bulk_nta_5e19_common_primary,NTA 5e19 common-primary state,top_primary,interface_4x,T03_P2_BULK_TRAPS_FORMAL,enabled_symmetric_teaching_top_stack,0.0,0.01,0.0,0.3,channel,0.0004,3.7500000000000005e-06,4.0,37.50000000000001,-0.08059531986028982,381424253559602.4
p2_bulk_nta_5e19_common_primary,NTA 5e19 common-primary state,top_primary,interface_4x,T03_P2_BULK_TRAPS_FORMAL,enabled_symmetric_teaching_top_stack,0.0,0.01,0.0,0.3,channel,0.0004,3.825000000000001e-06,4.0,38.25000000000001,-0.08007373514435125,389197948585078.44
p2_bulk_nta_5e19_common_primary,NTA 5e19 common-primary state,top_primary,interface_4x,T03_P2_BULK_TRAPS_FORMAL,enabled_symmetric_teaching_top_stack,0.0,0.01,0.0,0.3,channel,0.0004,3.9e-06,4.0,39.0,-0.0793791761378352,399796161589720.25
p2_bulk_nta_5e19_common_primary,NTA 5e19 common-primary state,top_primary,interface_4x,T03_P2_BULK_TRAPS_FORMAL,enabled_symmetric_teaching_top_stack,0.0,0.01,0.0,0.3,channel,0.0004,3.975e-06,4.0,39.75,-0.07851003985522953,413465680530139.2
p2_bulk_nta_5e19_common_primary,NTA 5e19 common-primary state,top_primary,interface_4x,T03_P2_BULK_TRAPS_FORMAL,enabled_symmetric_teaching_top_stack,0.0,0.01,0.0,0.3,channel,0.0004,4.05e-06,4.0,40.5,-0.07746430046934336,430533664275234.56
p2_bulk_nta_5e19_common_primary,NTA 5e19 common-primary state,top_primary,interface_4x,T03_P2_BULK_TRAPS_FORMAL,enabled_symmetric_teaching_top_stack,0.0,0.01,0.0,0.3,channel,0.0004,4.125e-06,4.0,41.25,-0.07623949081733618,451422302909064.9
p2_bulk_nta_5e19_common_primary,NTA 5e19 common-primary state,top_primary,interface_4x,T03_P2_BULK_TRAPS_FORMAL,enabled_symmetric_teaching_top_stack,0.0,0.01,0.0,0.3,channel,0.0004,4.2000000000000004e-06,4.0,42.00000000000001,-0.07483267945389993,476668444643449.44
p2_bulk_nta_5e19_common_primary,NTA 5e19 common-primary state,top_primary,interface_4x,T03_P2_BULK_TRAPS_FORMAL,enabled_symmetric_teaching_top_stack,0.0,0.01,0.0,0.3,channel,0.0004,4.2750000000000006e-06,4.0,42.75000000000001,-0.07324044278005976,506949619591430.75
p2_bulk_nta_5e19_common_primary,NTA 5e19 common-primary state,top_primary,interface_4x,T03_P2_BULK_TRAPS_FORMAL,enabled_symmetric_teaching_top_stack,0.0,0.01,0.0,0.3,channel,0.0004,4.350000000000001e-06,4.0,43.50000000000001,-0.07145883165776014,543118443522993.6
p2_bulk_nta_5e19_common_primary,NTA 5e19 common-primary state,top_primary,interface_4x,T03_P2_BULK_TRAPS_FORMAL,enabled_symmetric_teaching_top_stack,0.0,0.01,0.0,0.3,channel,0.0004,4.425e-06,4.0,44.25,-0.06948333177961812,586248154228195.9
p2_bulk_nta_5e19_common_primary,NTA 5e19 common-primary state,top_primary,interface_4x,T03_P2_BULK_TRAPS_FORMAL,enabled_symmetric_teaching_top_stack,0.0,0.01,0.0,0.3,channel,0.0004,4.5e-06,4.0,45.0,-0.06730881689341965,637693118860159.0
p2_bulk_nta_5e19_common_primary,NTA 5e19 common-primary state,top_primary,interface_4x,T03_P2_BULK_TRAPS_FORMAL,enabled_symmetric_teaching_top_stack,0.0,0.01,0.0,0.3,channel,0.0004,4.575e-06,4.0,45.75,-0.0649294937736935,699169701497480.8
p2_bulk_nta_5e19_common_primary,NTA 5e19 common-primary state,top_primary,interface_4x,T03_P2_BULK_TRAPS_FORMAL,enabled_symmetric_teaching_top_stack,0.0,0.01,0.0,0.3,channel,0.0004,4.65e-06,4.0,46.50000000000001,-0.0623388375770274,772865121521483.9
p2_bulk_nta_5e19_common_primary,NTA 5e19 common-primary state,top_primary,interface_4x,T03_P2_BULK_TRAPS_FORMAL,enabled_symmetric_teaching_top_stack,0.0,0.01,0.0,0.3,channel,0.0004,4.7250000000000005e-06,4.0,47.25000000000001,-0.05952951589917781,861585210751610.2
p2_bulk_nta_5e19_common_primary,NTA 5e19 common-primary state,top_primary,interface_4x,T03_P2_BULK_TRAPS_FORMAL,enabled_symmetric_teaching_top_stack,0.0,0.01,0.0,0.3,channel,0.0004,4.8e-06,4.0,48.0,-0.056493299451080864,968956827193572.6
p2_bulk_nta_5e19_common_primary,NTA 5e19 common-primary state,top_primary,interface_4x,T03_P2_BULK_TRAPS_FORMAL,enabled_symmetric_teaching_top_stack,0.0,0.01,0.0,0.3,channel,0.0004,4.875e-06,4.0,48.75,-0.053220956761484556,1099707950337355.4
p2_bulk_nta_5e19_common_primary,NTA 5e19 common-primary state,top_primary,interface_4x,T03_P2_BULK_TRAPS_FORMAL,enabled_symmetric_teaching_top_stack,0.0,0.01,0.0,0.3,channel,0.0004,4.95e-06,4.0,49.5,-0.04970212966059174,1260059515673382.8
p2_bulk_nta_5e19_common_primary,NTA 5e19 common-primary state,top_primary,interface_4x,T03_P2_BULK_TRAPS_FORMAL,enabled_symmetric_teaching_top_stack,0.0,0.01,0.0,0.3,channel,0.0004,5.025e-06,4.0,50.25,-0.04592518545303012,1458280030015985.2
p2_bulk_nta_5e19_common_primary,NTA 5e19 common-primary state,top_primary,interface_4x,T03_P2_BULK_TRAPS_FORMAL,enabled_symmetric_teaching_top_stack,0.0,0.01,0.0,0.3,channel,0.0004,5.1e-06,4.0,51.0,-0.04187704058158632,1705480543632810.8
p2_bulk_nta_5e19_common_primary,NTA 5e19 common-primary state,top_primary,interface_4x,T03_P2_BULK_TRAPS_FORMAL,enabled_symmetric_teaching_top_stack,0.0,0.01,0.0,0.3,channel,0.0004,5.1750000000000004e-06,4.0,51.75000000000001,-0.03754294911872789,2016769669711548.8
p2_bulk_nta_5e19_common_primary,NTA 5e19 common-primary state,top_primary,interface_4x,T03_P2_BULK_TRAPS_FORMAL,enabled_symmetric_teaching_top_stack,0.0,0.01,0.0,0.3,channel,0.0004,5.2500000000000006e-06,4.0,52.50000000000001,-0.03290624746088715,2412956323725100.5
p2_bulk_nta_5e19_common_primary,NTA 5e19 common-primary state,top_primary,interface_4x,T03_P2_BULK_TRAPS_FORMAL,enabled_symmetric_teaching_top_stack,0.0,0.01,0.0,0.3,channel,0.0004,5.325e-06,4.0,53.25,-0.027948043934615002,2923099604572766.5
p2_bulk_nta_5e19_common_primary,NTA 5e19 common-primary state,top_primary,interface_4x,T03_P2_BULK_TRAPS_FORMAL,enabled_symmetric_teaching_top_stack,0.0,0.01,0.0,0.3,channel,0.0004,5.4e-06,4.0,54.0,-0.0226468383469544,3588392567374505.5
p2_bulk_nta_5e19_common_primary,NTA 5e19 common-primary state,top_primary,interface_4x,T03_P2_BULK_TRAPS_FORMAL,enabled_symmetric_teaching_top_stack,0.0,0.01,0.0,0.3,channel,0.00042500000000000003,3e-06,4.25,30.0,-0.07619498451506167,447756065934883.9
p2_bulk_nta_5e19_common_primary,NTA 5e19 common-primary state,top_primary,interface_4x,T03_P2_BULK_TRAPS_FORMAL,enabled_symmetric_teaching_top_stack,0.0,0.01,0.0,0.3,channel,0.00042500000000000003,3.075e-06,4.25,30.750000000000004,-0.07739955233161054,427371571155420.25
p2_bulk_nta_5e19_common_primary,NTA 5e19 common-primary state,top_primary,interface_4x,T03_P2_BULK_TRAPS_FORMAL,enabled_symmetric_teaching_top_stack,0.0,0.01,0.0,0.3,channel,0.00042500000000000003,3.1500000000000003e-06,4.25,31.500000000000004,-0.07842550192662444,410743249654110.6
p2_bulk_nta_5e19_common_primary,NTA 5e19 common-primary state,top_primary,interface_4x,T03_P2_BULK_TRAPS_FORMAL,enabled_symmetric_teaching_top_stack,0.0,0.01,0.0,0.3,channel,0.00042500000000000003,3.225e-06,4.25,32.25,-0.07927524824795051,397461735743126.75
p2_bulk_nta_5e19_common_primary,NTA 5e19 common-primary state,top_primary,interface_4x,T03_P2_BULK_TRAPS_FORMAL,enabled_symmetric_teaching_top_stack,0.0,0.01,0.0,0.3,channel,0.00042500000000000003,3.3e-06,4.25,33.0,-0.07995076789692901,387210471935636.1
p2_bulk_nta_5e19_common_primary,NTA 5e19 common-primary state,top_primary,interface_4x,T03_P2_BULK_TRAPS_FORMAL,enabled_symmetric_teaching_top_stack,0.0,0.01,0.0,0.3,channel,0.00042500000000000003,3.3750000000000003e-06,4.25,33.75,-0.0804536171238297,379751588158558.25
p2_bulk_nta_5e19_common_primary,NTA 5e19 common-primary state,top_primary,interface_4x,T03_P2_BULK_TRAPS_FORMAL,enabled_symmetric_teaching_top_stack,0.0,0.01,0.0,0.3,channel,0.00042500000000000003,3.45e-06,4.25,34.5,-0.08078494578642244,374915609187266.9
p2_bulk_nta_5e19_common_primary,NTA 5e19 common-primary state,top_primary,interface_4x,T03_P2_BULK_TRAPS_FORMAL,enabled_symmetric_teaching_top_stack,0.0,0.01,0.0,0.3,channel,0.00042500000000000003,3.525e-06,4.25,35.25,-0.08094550754480151,372594297018257.44
p2_bulk_nta_5e19_common_primary,NTA 5e19 common-primary state,top_primary,interface_4x,T03_P2_BULK_TRAPS_FORMAL,enabled_symmetric_teaching_top_stack,0.0,0.01,0.0,0.3,channel,0.00042500000000000003,3.6000000000000003e-06,4.25,36.0,-0.08093566648879008,372736159048349.9
p2_bulk_nta_5e19_common_primary,NTA 5e19 common-primary state,top_primary,interface_4x,T03_P2_BULK_TRAPS_FORMAL,enabled_symmetric_teaching_top_stack,0.0,0.01,0.0,0.3,channel,0.00042500000000000003,3.6750000000000004e-06,4.25,36.75000000000001,-0.08075540032410938,375344333496432.6
p2_bulk_nta_5e19_common_primary,NTA 5e19 common-primary state,top_primary,interface_4x,T03_P2_BULK_TRAPS_FORMAL,enabled_symmetric_teaching_top_stack,0.0,0.01,0.0,0.3,channel,0.00042500000000000003,3.7500000000000005e-06,4.25,37.50000000000001,-0.08040430017756987,380476717859067.1
p2_bulk_nta_5e19_common_primary,NTA 5e19 common-primary state,top_primary,interface_4x,T03_P2_BULK_TRAPS_FORMAL,enabled_symmetric_teaching_top_stack,0.0,0.01,0.0,0.3,channel,0.00042500000000000003,3.825000000000001e-06,4.25,38.25000000000001,-0.07988156701760746,388248348522218.0
p2_bulk_nta_5e19_common_primary,NTA 5e19 common-primary state,top_primary,interface_4x,T03_P2_BULK_TRAPS_FORMAL,enabled_symmetric_teaching_top_stack,0.0,0.01,0.0,0.3,channel,0.00042500000000000003,3.9e-06,4.25,39.0,-0.07918600462243353,398836182706914.0
p2_bulk_nta_5e19_common_primary,NTA 5e19 common-primary state,top_primary,interface_4x,T03_P2_BULK_TRAPS_FORMAL,enabled_symmetric_teaching_top_stack,0.0,0.01,0.0,0.3,channel,0.00042500000000000003,3.975e-06,4.25,39.75,-0.0783160089617688,412486590542017.94
p2_bulk_nta_5e19_common_primary,NTA 5e19 common-primary state,top_primary,interface_4x,T03_P2_BULK_TRAPS_FORMAL,enabled_symmetric_teaching_top_stack,0.0,0.01,0.0,0.3,channel,0.00042500000000000003,4.05e-06,4.25,40.5,-0.07726955378735148,429526049692297.44
p2_bulk_nta_5e19_common_primary,NTA 5e19 common-primary state,top_primary,interface_4x,T03_P2_BULK_TRAPS_FORMAL,enabled_symmetric_teaching_top_stack,0.0,0.01,0.0,0.3,channel,0.00042500000000000003,4.125e-06,4.25,41.25,-0.07604417214967607,450375765497610.7
p2_bulk_nta_5e19_common_primary,NTA 5e19 common-primary state,top_primary,interface_4x,T03_P2_BULK_TRAPS_FORMAL,enabled_symmetric_teaching_top_stack,0.0,0.01,0.0,0.3,channel,0.00042500000000000003,4.2000000000000004e-06,4.25,42.00000000000001,-0.0746369334708887,475571239609702.1
p2_bulk_nta_5e19_common_primary,NTA 5e19 common-primary state,top_primary,interface_4x,T03_P2_BULK_TRAPS_FORMAL,enabled_symmetric_teaching_top_stack,0.0,0.01,0.0,0.3,channel,0.00042500000000000003,4.2750000000000006e-06,4.25,42.75000000000001,-0.07304441570306011,505788212245707.4
p2_bulk_nta_5e19_common_primary,NTA 5e19 common-primary state,top_primary,interface_4x,T03_P2_BULK_TRAPS_FORMAL,enabled_symmetric_teaching_top_stack,0.0,0.01,0.0,0.3,channel,0.00042500000000000003,4.350000000000001e-06,4.25,43.50000000000001,-0.07126267198305751,541876953755449.8
p2_bulk_nta_5e19_common_primary,NTA 5e19 common-primary state,top_primary,interface_4x,T03_P2_BULK_TRAPS_FORMAL,enabled_symmetric_teaching_top_stack,0.0,0.01,0.0,0.3,channel,0.00042500000000000003,4.425e-06,4.25,44.25,-0.06928719105480767,584907647469101.6
p2_bulk_nta_5e19_common_primary,NTA 5e19 common-primary state,top_primary,interface_4x,T03_P2_BULK_TRAPS_FORMAL,enabled_symmetric_teaching_top_stack,0.0,0.01,0.0,0.3,channel,0.00042500000000000003,4.5e-06,4.25,45.0,-0.06711285056037013,636230686887611.6
p2_bulk_nta_5e19_common_primary,NTA 5e19 common-primary state,top_primary,interface_4x,T03_P2_BULK_TRAPS_FORMAL,enabled_symmetric_teaching_top_stack,0.0,0.01,0.0,0.3,channel,0.00042500000000000003,4.575e-06,4.25,45.75,-0.06473386209453463,697557254350639.6
p2_bulk_nta_5e19_common_primary,NTA 5e19 common-primary state,top_primary,interface_4x,T03_P2_BULK_TRAPS_FORMAL,enabled_symmetric_teaching_top_stack,0.0,0.01,0.0,0.3,channel,0.00042500000000000003,4.65e-06,4.25,46.50000000000001,-0.06214370666266402,771067779608074.2
p2_bulk_nta_5e19_common_primary,NTA 5e19 common-primary state,top_primary,interface_4x,T03_P2_BULK_TRAPS_FORMAL,enabled_symmetric_teaching_top_stack,0.0,0.01,0.0,0.3,channel,0.00042500000000000003,4.7250000000000005e-06,4.25,47.25000000000001,-0.05933505886375672,859559138962464.0
p2_bulk_nta_5e19_common_primary,NTA 5e19 common-primary state,top_primary,interface_4x,T03_P2_BULK_TRAPS_FORMAL,enabled_symmetric_teaching_top_stack,0.0,0.01,0.0,0.3,channel,0.00042500000000000003,4.8e-06,4.25,48.0,-0.05629969772088111,966646282583667.0
p2_bulk_nta_5e19_common_primary,NTA 5e19 common-primary state,top_primary,interface_4x,T03_P2_BULK_TRAPS_FORMAL,enabled_symmetric_teaching_top_stack,0.0,0.01,0.0,0.3,channel,0.00042500000000000003,4.875e-06,4.25,48.75,-0.05302840157321686,1097041209251157.6
p2_bulk_nta_5e19_common_primary,NTA 5e19 common-primary state,top_primary,interface_4x,T03_P2_BULK_TRAPS_FORMAL,enabled_symmetric_teaching_top_stack,0.0,0.01,0.0,0.3,channel,0.00042500000000000003,4.95e-06,4.25,49.5,-0.04951082379255396,1256943185100373.5
p2_bulk_nta_5e19_common_primary,NTA 5e19 common-primary state,top_primary,interface_4x,T03_P2_BULK_TRAPS_FORMAL,enabled_symmetric_teaching_top_stack,0.0,0.01,0.0,0.3,channel,0.00042500000000000003,5.025e-06,4.25,50.25,-0.04573534524363399,1454590998894613.8
p2_bulk_nta_5e19_common_primary,NTA 5e19 common-primary state,top_primary,interface_4x,T03_P2_BULK_TRAPS_FORMAL,enabled_symmetric_teaching_top_stack,0.0,0.01,0.0,0.3,channel,0.00042500000000000003,5.1e-06,4.25,51.0,-0.04168889830437933,1701054438823146.8
p2_bulk_nta_5e19_common_primary,NTA 5e19 common-primary state,top_primary,interface_4x,T03_P2_BULK_TRAPS_FORMAL,enabled_symmetric_teaching_top_stack,0.0,0.01,0.0,0.3,channel,0.00042500000000000003,5.1750000000000004e-06,4.25,51.75000000000001,-0.037356755802526224,2011384057444967.5
p2_bulk_nta_5e19_common_primary,NTA 5e19 common-primary state,top_primary,interface_4x,T03_P2_BULK_TRAPS_FORMAL,enabled_symmetric_teaching_top_stack,0.0,0.01,0.0,0.3,channel,0.00042500000000000003,5.2500000000000006e-06,4.25,52.50000000000001,-0.03272227626997509,2406305884157456.0
p2_bulk_nta_5e19_common_primary,NTA 5e19 common-primary state,top_primary,interface_4x,T03_P2_BULK_TRAPS_FORMAL,enabled_symmetric_teaching_top_stack,0.0,0.01,0.0,0.3,channel,0.00042500000000000003,5.325e-06,4.25,53.25,-0.027766594260059445,2914758830392598.5
p2_bulk_nta_5e19_common_primary,NTA 5e19 common-primary state,top_primary,interface_4x,T03_P2_BULK_TRAPS_FORMAL,enabled_symmetric_teaching_top_stack,0.0,0.01,0.0,0.3,channel,0.00042500000000000003,5.4e-06,4.25,54.0,-0.022468240810270948,3577758705634614.0
p2_bulk_nta_5e19_common_primary,NTA 5e19 common-primary state,top_primary,interface_4x,T03_P2_BULK_TRAPS_FORMAL,enabled_symmetric_teaching_top_stack,0.0,0.01,0.0,0.3,channel,0.00045000000000000004,3e-06,4.5,30.0,-0.07602371644788612,446291094703179.2
p2_bulk_nta_5e19_common_primary,NTA 5e19 common-primary state,top_primary,interface_4x,T03_P2_BULK_TRAPS_FORMAL,enabled_symmetric_teaching_top_stack,0.0,0.01,0.0,0.3,channel,0.00045000000000000004,3.075e-06,4.5,30.750000000000004,-0.07722547455400511,426019593237281.94
p2_bulk_nta_5e19_common_primary,NTA 5e19 common-primary state,top_primary,interface_4x,T03_P2_BULK_TRAPS_FORMAL,enabled_symmetric_teaching_top_stack,0.0,0.01,0.0,0.3,channel,0.00045000000000000004,3.1500000000000003e-06,4.5,31.500000000000004,-0.07824880840103973,409485305264706.6
p2_bulk_nta_5e19_common_primary,NTA 5e19 common-primary state,top_primary,interface_4x,T03_P2_BULK_TRAPS_FORMAL,enabled_symmetric_teaching_top_stack,0.0,0.01,0.0,0.3,channel,0.00045000000000000004,3.225e-06,4.5,32.25,-0.07909612432513663,396281720857335.25
p2_bulk_nta_5e19_common_primary,NTA 5e19 common-primary state,top_primary,interface_4x,T03_P2_BULK_TRAPS_FORMAL,enabled_symmetric_teaching_top_stack,0.0,0.01,0.0,0.3,channel,0.00045000000000000004,3.3e-06,4.5,33.0,-0.07976939132926014,386094533130004.2
p2_bulk_nta_5e19_common_primary,NTA 5e19 common-primary state,top_primary,interface_4x,T03_P2_BULK_TRAPS_FORMAL,enabled_symmetric_teaching_top_stack,0.0,0.01,0.0,0.3,channel,0.00045000000000000004,3.3750000000000003e-06,4.5,33.75,-0.08027015898965305,378687635987467.75
p2_bulk_nta_5e19_common_primary,NTA 5e19 common-primary state,top_primary,interface_4x,T03_P2_BULK_TRAPS_FORMAL,enabled_symmetric_teaching_top_stack,0.0,0.01,0.0,0.3,channel,0.00045000000000000004,3.45e-06,4.5,34.5,-0.0805995713398279,373892920267244.3
p2_bulk_nta_5e19_common_primary,NTA 5e19 common-primary state,top_primary,interface_4x,T03_P2_BULK_TRAPS_FORMAL,enabled_symmetric_teaching_top_stack,0.0,0.01,0.0,0.3,channel,0.00045000000000000004,3.525e-06,4.5,35.25,-0.0807583770034426,371603181829621.1
p2_bulk_nta_5e19_common_primary,NTA 5e19 common-primary state,top_primary,interface_4x,T03_P2_BULK_TRAPS_FORMAL,enabled_symmetric_teaching_top_stack,0.0,0.01,0.0,0.3,channel,0.00045000000000000004,3.6000000000000003e-06,4.5,36.0,-0.08074693577098405,371767677311410.6
p2_bulk_nta_5e19_common_primary,NTA 5e19 common-primary state,top_primary,interface_4x,T03_P2_BULK_TRAPS_FORMAL,enabled_symmetric_teaching_top_stack,0.0,0.01,0.0,0.3,channel,0.00045000000000000004,3.6750000000000004e-06,4.5,36.75000000000001,-0.08056522174535148,374390042342312.94
p2_bulk_nta_5e19_common_primary,NTA 5e19 common-primary state,top_primary,interface_4x,T03_P2_BULK_TRAPS_FORMAL,enabled_symmetric_teaching_top_stack,0.0,0.01,0.0,0.3,channel,0.00045000000000000004,3.7500000000000005e-06,4.5,37.50000000000001,-0.08021282311577141,379528440226854.8
p2_bulk_nta_5e19_common_primary,NTA 5e19 common-primary state,top_primary,interface_4x,T03_P2_BULK_TRAPS_FORMAL,enabled_symmetric_teaching_top_stack,0.0,0.01,0.0,0.3,channel,0.00045000000000000004,3.825000000000001e-06,4.5,38.25000000000001,-0.07968893855578098,387297950484601.7
p2_bulk_nta_5e19_common_primary,NTA 5e19 common-primary state,top_primary,interface_4x,T03_P2_BULK_TRAPS_FORMAL,enabled_symmetric_teaching_top_stack,0.0,0.01,0.0,0.3,channel,0.00045000000000000004,3.9e-06,4.5,39.0,-0.07899237017718173,397875348868238.5
p2_bulk_nta_5e19_common_primary,NTA 5e19 common-primary state,top_primary,interface_4x,T03_P2_BULK_TRAPS_FORMAL,enabled_symmetric_teaching_top_stack,0.0,0.01,0.0,0.3,channel,0.00045000000000000004,3.975e-06,4.5,39.75,-0.07812151290577646,411506586294337.8
p2_bulk_nta_5e19_common_primary,NTA 5e19 common-primary state,top_primary,interface_4x,T03_P2_BULK_TRAPS_FORMAL,enabled_symmetric_teaching_top_stack,0.0,0.01,0.0,0.3,channel,0.00045000000000000004,4.05e-06,4.5,40.5,-0.0770743400741303,428517457902954.1
p2_bulk_nta_5e19_common_primary,NTA 5e19 common-primary state,top_primary,interface_4x,T03_P2_BULK_TRAPS_FORMAL,enabled_symmetric_teaching_top_stack,0.0,0.01,0.0,0.3,channel,0.00045000000000000004,4.125e-06,4.5,41.25,-0.07584838494907807,449328182991567.3
p2_bulk_nta_5e19_common_primary,NTA 5e19 common-primary state,top_primary,interface_4x,T03_P2_BULK_TRAPS_FORMAL,enabled_symmetric_teaching_top_stack,0.0,0.01,0.0,0.3,channel,0.00045000000000000004,4.2000000000000004e-06,4.5,42.00000000000001,-0.07444071782440156,474472915343821.9
p2_bulk_nta_5e19_common_primary,NTA 5e19 common-primary state,top_primary,interface_4x,T03_P2_BULK_TRAPS_FORMAL,enabled_symmetric_teaching_top_stack,0.0,0.01,0.0,0.3,channel,0.00045000000000000004,4.2750000000000006e-06,4.5,42.75000000000001,-0.07284791820865474,504625603940884.6
p2_bulk_nta_5e19_common_primary,NTA 5e19 common-primary state,top_primary,interface_4x,T03_P2_BULK_TRAPS_FORMAL,enabled_symmetric_teaching_top_stack,0.0,0.01,0.0,0.3,channel,0.00045000000000000004,4.350000000000001e-06,4.5,43.50000000000001,-0.07106604152041472,540634172331059.06
p2_bulk_nta_5e19_common_primary,NTA 5e19 common-primary state,top_primary,interface_4x,T03_P2_BULK_TRAPS_FORMAL,enabled_symmetric_teaching_top_stack,0.0,0.01,0.0,0.3,channel,0.00045000000000000004,4.425e-06,4.5,44.25,-0.06909057956316325,583565747971598.4
p2_bulk_nta_5e19_common_primary,NTA 5e19 common-primary state,top_primary,interface_4x,T03_P2_BULK_TRAPS_FORMAL,enabled_symmetric_teaching_top_stack,0.0,0.01,0.0,0.3,channel,0.00045000000000000004,4.5e-06,4.5,45.0,-0.06691641388306305,634766749305786.4
p2_bulk_nta_5e19_common_primary,NTA 5e19 common-primary state,top_primary,interface_4x,T03_P2_BULK_TRAPS_FORMAL,enabled_symmetric_teaching_top_stack,0.0,0.01,0.0,0.3,channel,0.00045000000000000004,4.575e-06,4.5,45.75,-0.06453776090672532,695943175623536.2
p2_bulk_nta_5e19_common_primary,NTA 5e19 common-primary state,top_primary,interface_4x,T03_P2_BULK_TRAPS_FORMAL,enabled_symmetric_teaching_top_stack,0.0,0.01,0.0,0.3,channel,0.00045000000000000004,4.65e-06,4.5,46.50000000000001,-0.06194810750174921,769268665993015.0
p2_bulk_nta_5e19_common_primary,NTA 5e19 common-primary state,top_primary,interface_4x,T03_P2_BULK_TRAPS_FORMAL,enabled_symmetric_teaching_top_stack,0.0,0.01,0.0,0.3,channel,0.00045000000000000004,4.7250000000000005e-06,4.5,47.25000000000001,-0.0591401352859336,857531140706005.9
p2_bulk_nta_5e19_common_primary,NTA 5e19 common-primary state,top_primary,interface_4x,T03_P2_BULK_TRAPS_FORMAL,enabled_symmetric_teaching_top_stack,0.0,0.01,0.0,0.3,channel,0.00045000000000000004,4.8e-06,4.5,48.0,-0.05610563161236213,964333642670855.1
p2_bulk_nta_5e19_common_primary,NTA 5e19 common-primary state,top_primary,interface_4x,T03_P2_BULK_TRAPS_FORMAL,enabled_symmetric_teaching_top_stack,0.0,0.01,0.0,0.3,channel,0.00045000000000000004,4.875e-06,4.5,48.75,-0.052835384651115855,1094372192471082.9
p2_bulk_nta_5e19_common_primary,NTA 5e19 common-primary state,top_primary,interface_4x,T03_P2_BULK_TRAPS_FORMAL,enabled_symmetric_teaching_top_stack,0.0,0.01,0.0,0.3,channel,0.00045000000000000004,4.95e-06,4.5,49.5,-0.04931905933893026,1253824392818629.2
p2_bulk_nta_5e19_common_primary,NTA 5e19 common-primary state,top_primary,interface_4x,T03_P2_BULK_TRAPS_FORMAL,enabled_symmetric_teaching_top_stack,0.0,0.01,0.0,0.3,channel,0.00045000000000000004,5.025e-06,4.5,50.25,-0.04554505012725449,1450899326274301.0
p2_bulk_nta_5e19_common_primary,NTA 5e19 common-primary state,top_primary,interface_4x,T03_P2_BULK_TRAPS_FORMAL,enabled_symmetric_teaching_top_stack,0.0,0.01,0.0,0.3,channel,0.00045000000000000004,5.1e-06,4.5,51.0,-0.04150030535937196,1696625540963710.2
p2_bulk_nta_5e19_common_primary,NTA 5e19 common-primary state,top_primary,interface_4x,T03_P2_BULK_TRAPS_FORMAL,enabled_symmetric_teaching_top_stack,0.0,0.01,0.0,0.3,channel,0.00045000000000000004,5.1750000000000004e-06,4.5,51.75000000000001,-0.03717011665259309,2005995568271475.8
p2_bulk_nta_5e19_common_primary,NTA 5e19 common-primary state,top_primary,interface_4x,T03_P2_BULK_TRAPS_FORMAL,enabled_symmetric_teaching_top_stack,0.0,0.01,0.0,0.3,channel,0.00045000000000000004,5.2500000000000006e-06,4.5,52.50000000000001,-0.03253786471317357,2399652620987526.0
p2_bulk_nta_5e19_common_primary,NTA 5e19 common-primary state,top_primary,interface_4x,T03_P2_BULK_TRAPS_FORMAL,enabled_symmetric_teaching_top_stack,0.0,0.01,0.0,0.3,channel,0.00045000000000000004,5.325e-06,4.5,53.25,-0.027584710365246193,2906415544568581.5
p2_bulk_nta_5e19_common_primary,NTA 5e19 common-primary state,top_primary,interface_4x,T03_P2_BULK_TRAPS_FORMAL,enabled_symmetric_teaching_top_stack,0.0,0.01,0.0,0.3,channel,0.00045000000000000004,5.4e-06,4.5,54.0,-0.022289215926474277,3567123115484352.0
p2_bulk_nta_5e19_common_primary,NTA 5e19 common-primary state,top_primary,interface_4x,T03_P2_BULK_TRAPS_FORMAL,enabled_symmetric_teaching_top_stack,0.0,0.01,0.0,0.3,channel,0.000475,3e-06,4.75,30.0,-0.075852038640626,444826401174524.6
p2_bulk_nta_5e19_common_primary,NTA 5e19 common-primary state,top_primary,interface_4x,T03_P2_BULK_TRAPS_FORMAL,enabled_symmetric_teaching_top_stack,0.0,0.01,0.0,0.3,channel,0.000475,3.075e-06,4.75,30.750000000000004,-0.07705098027655778,424667692536119.6
p2_bulk_nta_5e19_common_primary,NTA 5e19 common-primary state,top_primary,interface_4x,T03_P2_BULK_TRAPS_FORMAL,enabled_symmetric_teaching_top_stack,0.0,0.01,0.0,0.3,channel,0.000475,3.1500000000000003e-06,4.75,31.500000000000004,-0.07807169201942826,408227276692851.94
p2_bulk_nta_5e19_common_primary,NTA 5e19 common-primary state,top_primary,interface_4x,T03_P2_BULK_TRAPS_FORMAL,enabled_symmetric_teaching_top_stack,0.0,0.01,0.0,0.3,channel,0.000475,3.225e-06,4.75,32.25,-0.07891657158619936,395101490190571.0
p2_bulk_nta_5e19_common_primary,NTA 5e19 common-primary state,top_primary,interface_4x,T03_P2_BULK_TRAPS_FORMAL,enabled_symmetric_teaching_top_stack,0.0,0.01,0.0,0.3,channel,0.000475,3.3e-06,4.75,33.0,-0.07958758037463132,384978269604914.8
p2_bulk_nta_5e19_common_primary,NTA 5e19 common-primary state,top_primary,interface_4x,T03_P2_BULK_TRAPS_FORMAL,enabled_symmetric_teaching_top_stack,0.0,0.01,0.0,0.3,channel,0.000475,3.3750000000000003e-06,4.75,33.75,-0.08008626128082053,377623267273061.5
p2_bulk_nta_5e19_common_primary,NTA 5e19 common-primary state,top_primary,interface_4x,T03_P2_BULK_TRAPS_FORMAL,enabled_symmetric_teaching_top_stack,0.0,0.01,0.0,0.3,channel,0.000475,3.45e-06,4.75,34.5,-0.08041375250865476,372869735740068.0
p2_bulk_nta_5e19_common_primary,NTA 5e19 common-primary state,top_primary,interface_4x,T03_P2_BULK_TRAPS_FORMAL,enabled_symmetric_teaching_top_stack,0.0,0.01,0.0,0.3,channel,0.000475,3.525e-06,4.75,35.25,-0.08057079764077632,370611501265507.5
p2_bulk_nta_5e19_common_primary,NTA 5e19 common-primary state,top_primary,interface_4x,T03_P2_BULK_TRAPS_FORMAL,enabled_symmetric_teaching_top_stack,0.0,0.01,0.0,0.3,channel,0.000475,3.6000000000000003e-06,4.75,36.0,-0.08055775216457776,370798566926175.3
p2_bulk_nta_5e19_common_primary,NTA 5e19 common-primary state,top_primary,interface_4x,T03_P2_BULK_TRAPS_FORMAL,enabled_symmetric_teaching_top_stack,0.0,0.01,0.0,0.3,channel,0.000475,3.6750000000000004e-06,4.75,36.75000000000001,-0.08037458657723105,373435063456033.8
p2_bulk_nta_5e19_common_primary,NTA 5e19 common-primary state,top_primary,interface_4x,T03_P2_BULK_TRAPS_FORMAL,enabled_symmetric_teaching_top_stack,0.0,0.01,0.0,0.3,channel,0.000475,3.7500000000000005e-06,4.75,37.50000000000001,-0.08002088612835853,378579418023289.8
p2_bulk_nta_5e19_common_primary,NTA 5e19 common-primary state,top_primary,interface_4x,T03_P2_BULK_TRAPS_FORMAL,enabled_symmetric_teaching_top_stack,0.0,0.01,0.0,0.3,channel,0.000475,3.825000000000001e-06,4.75,38.25000000000001,-0.07949584719549822,386346751597127.94
p2_bulk_nta_5e19_common_primary,NTA 5e19 common-primary state,top_primary,interface_4x,T03_P2_BULK_TRAPS_FORMAL,enabled_symmetric_teaching_top_stack,0.0,0.01,0.0,0.3,channel,0.000475,3.9e-06,4.75,39.0,-0.0787982702239,396913656957853.8
p2_bulk_nta_5e19_common_primary,NTA 5e19 common-primary state,top_primary,interface_4x,T03_P2_BULK_TRAPS_FORMAL,enabled_symmetric_teaching_top_stack,0.0,0.01,0.0,0.3,channel,0.000475,3.975e-06,4.75,39.75,-0.07792654909630965,410525664421459.94
p2_bulk_nta_5e19_common_primary,NTA 5e19 common-primary state,top_primary,interface_4x,T03_P2_BULK_TRAPS_FORMAL,enabled_symmetric_teaching_top_stack,0.0,0.01,0.0,0.3,channel,0.000475,4.05e-06,4.75,40.5,-0.07687865672803376,427507885278982.0
p2_bulk_nta_5e19_common_primary,NTA 5e19 common-primary state,top_primary,interface_4x,T03_P2_BULK_TRAPS_FORMAL,enabled_symmetric_teaching_top_stack,0.0,0.01,0.0,0.3,channel,0.000475,4.125e-06,4.75,41.25,-0.07565212660527493,448279551483612.9
p2_bulk_nta_5e19_common_primary,NTA 5e19 common-primary state,top_primary,interface_4x,T03_P2_BULK_TRAPS_FORMAL,enabled_symmetric_teaching_top_stack,0.0,0.01,0.0,0.3,channel,0.000475,4.2000000000000004e-06,4.75,42.00000000000001,-0.0742440298976599,473373467639119.9
p2_bulk_nta_5e19_common_primary,NTA 5e19 common-primary state,top_primary,interface_4x,T03_P2_BULK_TRAPS_FORMAL,enabled_symmetric_teaching_top_stack,0.0,0.01,0.0,0.3,channel,0.000475,4.2750000000000006e-06,4.75,42.75000000000001,-0.07265094767569757,503461790146880.3
p2_bulk_nta_5e19_common_primary,NTA 5e19 common-primary state,top_primary,interface_4x,T03_P2_BULK_TRAPS_FORMAL,enabled_symmetric_teaching_top_stack,0.0,0.01,0.0,0.3,channel,0.000475,4.350000000000001e-06,4.75,43.50000000000001,-0.07086893764650282,539390094368615.3
p2_bulk_nta_5e19_common_primary,NTA 5e19 common-primary state,top_primary,interface_4x,T03_P2_BULK_TRAPS_FORMAL,enabled_symmetric_teaching_top_stack,0.0,0.01,0.0,0.3,channel,0.000475,4.425e-06,4.75,44.25,-0.06889349468140554,582222450472104.5
p2_bulk_nta_5e19_common_primary,NTA 5e19 common-primary state,top_primary,interface_4x,T03_P2_BULK_TRAPS_FORMAL,enabled_symmetric_teaching_top_stack,0.0,0.01,0.0,0.3,channel,0.000475,4.5e-06,4.75,45.0,-0.06671950424055698,633301300434371.9
p2_bulk_nta_5e19_common_primary,NTA 5e19 common-primary state,top_primary,interface_4x,T03_P2_BULK_TRAPS_FORMAL,enabled_symmetric_teaching_top_stack,0.0,0.01,0.0,0.3,channel,0.000475,4.575e-06,4.75,45.75,-0.06434118759401454,694327459182486.5
p2_bulk_nta_5e19_common_primary,NTA 5e19 common-primary state,top_primary,interface_4x,T03_P2_BULK_TRAPS_FORMAL,enabled_symmetric_teaching_top_stack,0.0,0.01,0.0,0.3,channel,0.000475,4.65e-06,4.75,46.50000000000001,-0.06175203748514854,767467774051774.2
p2_bulk_nta_5e19_common_primary,NTA 5e19 common-primary state,top_primary,interface_4x,T03_P2_BULK_TRAPS_FORMAL,enabled_symmetric_teaching_top_stack,0.0,0.01,0.0,0.3,channel,0.000475,4.7250000000000005e-06,4.75,47.25000000000001,-0.0589447425662007,855501208831026.0
p2_bulk_nta_5e19_common_primary,NTA 5e19 common-primary state,top_primary,interface_4x,T03_P2_BULK_TRAPS_FORMAL,enabled_symmetric_teaching_top_stack,0.0,0.01,0.0,0.3,channel,0.000475,4.8e-06,4.75,48.0,-0.05591109853824815,962018899747139.4
p2_bulk_nta_5e19_common_primary,NTA 5e19 common-primary state,top_primary,interface_4x,T03_P2_BULK_TRAPS_FORMAL,enabled_symmetric_teaching_top_stack,0.0,0.01,0.0,0.3,channel,0.000475,4.875e-06,4.75,48.75,-0.052641903422850765,1091700891714511.6
p2_bulk_nta_5e19_common_primary,NTA 5e19 common-primary state,top_primary,interface_4x,T03_P2_BULK_TRAPS_FORMAL,enabled_symmetric_teaching_top_stack,0.0,0.01,0.0,0.3,channel,0.000475,4.95e-06,4.75,49.5,-0.04912683374516947,1250703129975728.2
p2_bulk_nta_5e19_common_primary,NTA 5e19 common-primary state,top_primary,interface_4x,T03_P2_BULK_TRAPS_FORMAL,enabled_symmetric_teaching_top_stack,0.0,0.01,0.0,0.3,channel,0.000475,5.025e-06,4.75,50.25,-0.045354297570091705,1447205002776537.8
p2_bulk_nta_5e19_common_primary,NTA 5e19 common-primary state,top_primary,interface_4x,T03_P2_BULK_TRAPS_FORMAL,enabled_symmetric_teaching_top_stack,0.0,0.01,0.0,0.3,channel,0.000475,5.1e-06,4.75,51.0,-0.04131125923664118,1692193840257715.5
p2_bulk_nta_5e19_common_primary,NTA 5e19 common-primary state,top_primary,interface_4x,T03_P2_BULK_TRAPS_FORMAL,enabled_symmetric_teaching_top_stack,0.0,0.01,0.0,0.3,channel,0.000475,5.1750000000000004e-06,4.75,51.75000000000001,-0.03698302918618115,2000604192186684.5
p2_bulk_nta_5e19_common_primary,NTA 5e19 common-primary state,top_primary,interface_4x,T03_P2_BULK_TRAPS_FORMAL,enabled_symmetric_teaching_top_stack,0.0,0.01,0.0,0.3,channel,0.000475,5.2500000000000006e-06,4.75,52.50000000000001,-0.032353010338404084,2392996524375972.5
p2_bulk_nta_5e19_common_primary,NTA 5e19 common-primary state,top_primary,interface_4x,T03_P2_BULK_TRAPS_FORMAL,enabled_symmetric_teaching_top_stack,0.0,0.01,0.0,0.3,channel,0.000475,5.325e-06,4.75,53.25,-0.027402389832476597,2898069738050126.5
p2_bulk_nta_5e19_common_primary,NTA 5e19 common-primary state,top_primary,interface_4x,T03_P2_BULK_TRAPS_FORMAL,enabled_symmetric_teaching_top_stack,0.0,0.01,0.0,0.3,channel,0.000475,5.4e-06,4.75,54.0,-0.022109761316200783,3556485789668237.0
p2_bulk_nta_5e19_common_primary,NTA 5e19 common-primary state,top_primary,interface_4x,T03_P2_BULK_TRAPS_FORMAL,enabled_symmetric_teaching_top_stack,0.0,0.01,0.0,0.3,channel,0.0005,3e-06,5.0,30.0,-0.07567994880751008,443361985691841.9
p2_bulk_nta_5e19_common_primary,NTA 5e19 common-primary state,top_primary,interface_4x,T03_P2_BULK_TRAPS_FORMAL,enabled_symmetric_teaching_top_stack,0.0,0.01,0.0,0.3,channel,0.0005,3.075e-06,5.0,30.750000000000004,-0.0768760671757312,423315868974681.7
p2_bulk_nta_5e19_common_primary,NTA 5e19 common-primary state,top_primary,interface_4x,T03_P2_BULK_TRAPS_FORMAL,enabled_symmetric_teaching_top_stack,0.0,0.01,0.0,0.3,channel,0.0005,3.1500000000000003e-06,5.0,31.500000000000004,-0.07789415042264226,406969163479844.4
p2_bulk_nta_5e19_common_primary,NTA 5e19 common-primary state,top_primary,interface_4x,T03_P2_BULK_TRAPS_FORMAL,enabled_symmetric_teaching_top_stack,0.0,0.01,0.0,0.3,channel,0.0005,3.225e-06,5.0,32.25,-0.0787365876385106,393921042937557.9
p2_bulk_nta_5e19_common_primary,NTA 5e19 common-primary state,top_primary,interface_4x,T03_P2_BULK_TRAPS_FORMAL,enabled_symmetric_teaching_top_stack,0.0,0.01,0.0,0.3,channel,0.0005,3.3e-06,5.0,33.0,-0.07940533260904115,383861680238708.56
p2_bulk_nta_5e19_common_primary,NTA 5e19 common-primary state,top_primary,interface_4x,T03_P2_BULK_TRAPS_FORMAL,enabled_symmetric_teaching_top_stack,0.0,0.01,0.0,0.3,channel,0.0005,3.3750000000000003e-06,5.0,33.75,-0.07990192154404464,376558480602511.56
p2_bulk_nta_5e19_common_primary,NTA 5e19 common-primary state,top_primary,interface_4x,T03_P2_BULK_TRAPS_FORMAL,enabled_symmetric_teaching_top_stack,0.0,0.01,0.0,0.3,channel,0.0005,3.45e-06,5.0,34.5,-0.08022748681239984,371846053921994.56
p2_bulk_nta_5e19_common_primary,NTA 5e19 common-primary state,top_primary,interface_4x,T03_P2_BULK_TRAPS_FORMAL,enabled_symmetric_teaching_top_stack,0.0,0.01,0.0,0.3,channel,0.0005,3.525e-06,5.0,35.25,-0.0803827669511409,369619253386715.2
p2_bulk_nta_5e19_common_primary,NTA 5e19 common-primary state,top_primary,interface_4x,T03_P2_BULK_TRAPS_FORMAL,enabled_symmetric_teaching_top_stack,0.0,0.01,0.0,0.3,channel,0.0005,3.6000000000000003e-06,5.0,36.0,-0.08036811314079836,369828825708875.7
p2_bulk_nta_5e19_common_primary,NTA 5e19 common-primary state,top_primary,interface_4x,T03_P2_BULK_TRAPS_FORMAL,enabled_symmetric_teaching_top_stack,0.0,0.01,0.0,0.3,channel,0.0005,3.6750000000000004e-06,5.0,36.75000000000001,-0.08018349226990577,372479394415818.56
p2_bulk_nta_5e19_common_primary,NTA 5e19 common-primary state,top_primary,interface_4x,T03_P2_BULK_TRAPS_FORMAL,enabled_symmetric_teaching_top_stack,0.0,0.01,0.0,0.3,channel,0.0005,3.7500000000000005e-06,5.0,37.50000000000001,-0.07982848664645929,377629648591021.7
p2_bulk_nta_5e19_common_primary,NTA 5e19 common-primary state,top_primary,interface_4x,T03_P2_BULK_TRAPS_FORMAL,enabled_symmetric_teaching_top_stack,0.0,0.01,0.0,0.3,channel,0.0005,3.825000000000001e-06,5.0,38.25000000000001,-0.07930229035089996,385394748965352.06
p2_bulk_nta_5e19_common_primary,NTA 5e19 common-primary state,top_primary,interface_4x,T03_P2_BULK_TRAPS_FORMAL,enabled_symmetric_teaching_top_stack,0.0,0.01,0.0,0.3,channel,0.0005,3.9e-06,5.0,39.0,-0.07860370216179124,395951103838861.6
p2_bulk_nta_5e19_common_primary,NTA 5e19 common-primary state,top_primary,interface_4x,T03_P2_BULK_TRAPS_FORMAL,enabled_symmetric_teaching_top_stack,0.0,0.01,0.0,0.3,channel,0.0005,3.975e-06,5.0,39.75,-0.0777311149196946,409543821534903.06
p2_bulk_nta_5e19_common_primary,NTA 5e19 common-primary state,top_primary,interface_4x,T03_P2_BULK_TRAPS_FORMAL,enabled_symmetric_teaching_top_stack,0.0,0.01,0.0,0.3,channel,0.0005,4.05e-06,5.0,40.5,-0.07668250112458957,426497328167444.1
p2_bulk_nta_5e19_common_primary,NTA 5e19 common-primary state,top_primary,interface_4x,T03_P2_BULK_TRAPS_FORMAL,enabled_symmetric_teaching_top_stack,0.0,0.01,0.0,0.3,channel,0.0005,4.125e-06,5.0,41.25,-0.07545539448509621,447229867039728.9
p2_bulk_nta_5e19_common_primary,NTA 5e19 common-primary state,top_primary,interface_4x,T03_P2_BULK_TRAPS_FORMAL,enabled_symmetric_teaching_top_stack,0.0,0.01,0.0,0.3,channel,0.0005,4.2000000000000004e-06,5.0,42.00000000000001,-0.07404686705092371,472272892260096.5
p2_bulk_nta_5e19_common_primary,NTA 5e19 common-primary state,top_primary,interface_4x,T03_P2_BULK_TRAPS_FORMAL,enabled_symmetric_teaching_top_stack,0.0,0.01,0.0,0.3,channel,0.0005,4.2750000000000006e-06,5.0,42.75000000000001,-0.07245350146004198,502296766302535.1
p2_bulk_nta_5e19_common_primary,NTA 5e19 common-primary state,top_primary,interface_4x,T03_P2_BULK_TRAPS_FORMAL,enabled_symmetric_teaching_top_stack,0.0,0.01,0.0,0.3,channel,0.0005,4.350000000000001e-06,5.0,43.50000000000001,-0.07067135771497257,538144714953396.2
p2_bulk_nta_5e19_common_primary,NTA 5e19 common-primary state,top_primary,interface_4x,T03_P2_BULK_TRAPS_FORMAL,enabled_symmetric_teaching_top_stack,0.0,0.01,0.0,0.3,channel,0.0005,4.425e-06,5.0,44.25,-0.068695933763235,580877749670892.6
p2_bulk_nta_5e19_common_primary,NTA 5e19 common-primary state,top_primary,interface_4x,T03_P2_BULK_TRAPS_FORMAL,enabled_symmetric_teaching_top_stack,0.0,0.01,0.0,0.3,channel,0.0005,4.5e-06,5.0,45.0,-0.06652211898891068,631834334554075.5
p2_bulk_nta_5e19_common_primary,NTA 5e19 common-primary state,top_primary,interface_4x,T03_P2_BULK_TRAPS_FORMAL,enabled_symmetric_teaching_top_stack,0.0,0.01,0.0,0.3,channel,0.0005,4.575e-06,5.0,45.75,-0.06414413951719279,692710098851774.1
p2_bulk_nta_5e19_common_primary,NTA 5e19 common-primary state,top_primary,interface_4x,T03_P2_BULK_TRAPS_FORMAL,enabled_symmetric_teaching_top_stack,0.0,0.01,0.0,0.3,channel,0.0005,4.65e-06,5.0,46.50000000000001,-0.06155549398083191,765665097114523.9
p2_bulk_nta_5e19_common_primary,NTA 5e19 common-primary state,top_primary,interface_4x,T03_P2_BULK_TRAPS_FORMAL,enabled_symmetric_teaching_top_stack,0.0,0.01,0.0,0.3,channel,0.0005,4.7250000000000005e-06,5.0,47.25000000000001,-0.05874887808223966,853469336137559.9
p2_bulk_nta_5e19_common_primary,NTA 5e19 common-primary state,top_primary,interface_4x,T03_P2_BULK_TRAPS_FORMAL,enabled_symmetric_teaching_top_stack,0.0,0.01,0.0,0.3,channel,0.0005,4.8e-06,5.0,48.0,-0.05571609588856091,959702046052159.2
p2_bulk_nta_5e19_common_primary,NTA 5e19 common-primary state,top_primary,interface_4x,T03_P2_BULK_TRAPS_FORMAL,enabled_symmetric_teaching_top_stack,0.0,0.01,0.0,0.3,channel,0.0005,4.875e-06,5.0,48.75,-0.05244795529352048,1089027298642787.2
p2_bulk_nta_5e19_common_primary,NTA 5e19 common-primary state,top_primary,interface_4x,T03_P2_BULK_TRAPS_FORMAL,enabled_symmetric_teaching_top_stack,0.0,0.01,0.0,0.3,channel,0.0005,4.95e-06,5.0,49.5,-0.04893414443430727,1247579387659616.2
p2_bulk_nta_5e19_common_primary,NTA 5e19 common-primary state,top_primary,interface_4x,T03_P2_BULK_TRAPS_FORMAL,enabled_symmetric_teaching_top_stack,0.0,0.01,0.0,0.3,channel,0.0005,5.025e-06,5.0,50.25,-0.045163085016115836,1443508018959905.8
p2_bulk_nta_5e19_common_primary,NTA 5e19 common-primary state,top_primary,interface_4x,T03_P2_BULK_TRAPS_FORMAL,enabled_symmetric_teaching_top_stack,0.0,0.01,0.0,0.3,channel,0.0005,5.1e-06,5.0,51.0,-0.04112175740424486,1687759326842881.8
p2_bulk_nta_5e19_common_primary,NTA 5e19 common-primary state,top_primary,interface_4x,T03_P2_BULK_TRAPS_FORMAL,enabled_symmetric_teaching_top_stack,0.0,0.01,0.0,0.3,channel,0.0005,5.1750000000000004e-06,5.0,51.75000000000001,-0.03679549089876358,1995209919119395.5
p2_bulk_nta_5e19_common_primary,NTA 5e19 common-primary state,top_primary,interface_4x,T03_P2_BULK_TRAPS_FORMAL,enabled_symmetric_teaching_top_stack,0.0,0.01,0.0,0.3,channel,0.0005,5.2500000000000006e-06,5.0,52.50000000000001,-0.03216771067207866,2386337584417483.0
p2_bulk_nta_5e19_common_primary,NTA 5e19 common-primary state,top_primary,interface_4x,T03_P2_BULK_TRAPS_FORMAL,enabled_symmetric_teaching_top_stack,0.0,0.01,0.0,0.3,channel,0.0005,5.325e-06,5.0,53.25,-0.027219630222844883,2889721401724963.5
p2_bulk_nta_5e19_common_primary,NTA 5e19 common-primary state,top_primary,interface_4x,T03_P2_BULK_TRAPS_FORMAL,enabled_symmetric_teaching_top_stack,0.0,0.01,0.0,0.3,channel,0.0005,5.4e-06,5.0,54.0,-0.021929874579216295,3545846720878795.5
p2_bulk_nta_5e19_common_primary,NTA 5e19 common-primary state,top_primary,interface_4x,T03_P2_BULK_TRAPS_FORMAL,enabled_symmetric_teaching_top_stack,0.0,0.01,0.0,0.3,channel,0.0005250000000000001,3e-06,5.250000000000001,30.0,-0.0755074446426678,441897848598989.8
p2_bulk_nta_5e19_common_primary,NTA 5e19 common-primary state,top_primary,interface_4x,T03_P2_BULK_TRAPS_FORMAL,enabled_symmetric_teaching_top_stack,0.0,0.01,0.0,0.3,channel,0.0005250000000000001,3.075e-06,5.250000000000001,30.750000000000004,-0.07670073290755632,421964122474324.7
p2_bulk_nta_5e19_common_primary,NTA 5e19 common-primary state,top_primary,interface_4x,T03_P2_BULK_TRAPS_FORMAL,enabled_symmetric_teaching_top_stack,0.0,0.01,0.0,0.3,channel,0.0005250000000000001,3.1500000000000003e-06,5.250000000000001,31.500000000000004,-0.07771618123078844,405710965163406.06
p2_bulk_nta_5e19_common_primary,NTA 5e19 common-primary state,top_primary,interface_4x,T03_P2_BULK_TRAPS_FORMAL,enabled_symmetric_teaching_top_stack,0.0,0.01,0.0,0.3,channel,0.0005250000000000001,3.225e-06,5.250000000000001,32.25,-0.07855617006840118,392740378287391.94
p2_bulk_nta_5e19_common_primary,NTA 5e19 common-primary state,top_primary,interface_4x,T03_P2_BULK_TRAPS_FORMAL,enabled_symmetric_teaching_top_stack,0.0,0.01,0.0,0.3,channel,0.0005250000000000001,3.3e-06,5.250000000000001,33.0,-0.07922264558716988,382744763902162.3
p2_bulk_nta_5e19_common_primary,NTA 5e19 common-primary state,top_primary,interface_4x,T03_P2_BULK_TRAPS_FORMAL,enabled_symmetric_teaching_top_stack,0.0,0.01,0.0,0.3,channel,0.0005250000000000001,3.3750000000000003e-06,5.250000000000001,33.75,-0.07971713730446034,375493274553587.75
p2_bulk_nta_5e19_common_primary,NTA 5e19 common-primary state,top_primary,interface_4x,T03_P2_BULK_TRAPS_FORMAL,enabled_symmetric_teaching_top_stack,0.0,0.01,0.0,0.3,channel,0.0005250000000000001,3.45e-06,5.250000000000001,34.5,-0.08004077174874119,370821873118116.7
p2_bulk_nta_5e19_common_primary,NTA 5e19 common-primary state,top_primary,interface_4x,T03_P2_BULK_TRAPS_FORMAL,enabled_symmetric_teaching_top_stack,0.0,0.01,0.0,0.3,channel,0.0005250000000000001,3.525e-06,5.250000000000001,35.25,-0.08019428240683264,368626436241174.5
p2_bulk_nta_5e19_common_primary,NTA 5e19 common-primary state,top_primary,interface_4x,T03_P2_BULK_TRAPS_FORMAL,enabled_symmetric_teaching_top_stack,0.0,0.01,0.0,0.3,channel,0.0005250000000000001,3.6000000000000003e-06,5.250000000000001,36.0,-0.08017801614862576,368858451461206.3
p2_bulk_nta_5e19_common_primary,NTA 5e19 common-primary state,top_primary,interface_4x,T03_P2_BULK_TRAPS_FORMAL,enabled_symmetric_teaching_top_stack,0.0,0.01,0.0,0.3,channel,0.0005250000000000001,3.6750000000000004e-06,5.250000000000001,36.75000000000001,-0.0799919362510987,371523032783699.6
p2_bulk_nta_5e19_common_primary,NTA 5e19 common-primary state,top_primary,interface_4x,T03_P2_BULK_TRAPS_FORMAL,enabled_symmetric_teaching_top_stack,0.0,0.01,0.0,0.3,channel,0.0005250000000000001,3.7500000000000005e-06,5.250000000000001,37.50000000000001,-0.07963562207859777,376679129254850.06
p2_bulk_nta_5e19_common_primary,NTA 5e19 common-primary state,top_primary,interface_4x,T03_P2_BULK_TRAPS_FORMAL,enabled_symmetric_teaching_top_stack,0.0,0.01,0.0,0.3,channel,0.0005250000000000001,3.825000000000001e-06,5.250000000000001,38.25000000000001,-0.07910826541337168,384441939675293.06
p2_bulk_nta_5e19_common_primary,NTA 5e19 common-primary state,top_primary,interface_4x,T03_P2_BULK_TRAPS_FORMAL,enabled_symmetric_teaching_top_stack,0.0,0.01,0.0,0.3,channel,0.0005250000000000001,3.9e-06,5.250000000000001,39.0,-0.07840866336716984,394987686353093.7
p2_bulk_nta_5e19_common_primary,NTA 5e19 common-primary state,top_primary,interface_4x,T03_P2_BULK_TRAPS_FORMAL,enabled_symmetric_teaching_top_stack,0.0,0.01,0.0,0.3,channel,0.0005250000000000001,3.975e-06,5.250000000000001,39.75,-0.07753520773925407,408561054223115.06
p2_bulk_nta_5e19_common_primary,NTA 5e19 common-primary state,top_primary,interface_4x,T03_P2_BULK_TRAPS_FORMAL,enabled_symmetric_teaching_top_stack,0.0,0.01,0.0,0.3,channel,0.0005250000000000001,4.05e-06,5.250000000000001,40.5,-0.07648587061622536,425485782890441.06
p2_bulk_nta_5e19_common_primary,NTA 5e19 common-primary state,top_primary,interface_4x,T03_P2_BULK_TRAPS_FORMAL,enabled_symmetric_teaching_top_stack,0.0,0.01,0.0,0.3,channel,0.0005250000000000001,4.125e-06,5.250000000000001,41.25,-0.07525818593219358,446179125698931.8
p2_bulk_nta_5e19_common_primary,NTA 5e19 common-primary state,top_primary,interface_4x,T03_P2_BULK_TRAPS_FORMAL,enabled_symmetric_teaching_top_stack,0.0,0.01,0.0,0.3,channel,0.0005250000000000001,4.2000000000000004e-06,5.250000000000001,42.00000000000001,-0.07384922662121622,471171184942152.2
p2_bulk_nta_5e19_common_primary,NTA 5e19 common-primary state,top_primary,interface_4x,T03_P2_BULK_TRAPS_FORMAL,enabled_symmetric_teaching_top_stack,0.0,0.01,0.0,0.3,channel,0.0005250000000000001,4.2750000000000006e-06,5.250000000000001,42.75000000000001,-0.0722555768942649,501130527815300.5
p2_bulk_nta_5e19_common_primary,NTA 5e19 common-primary state,top_primary,interface_4x,T03_P2_BULK_TRAPS_FORMAL,enabled_symmetric_teaching_top_stack,0.0,0.01,0.0,0.3,channel,0.0005250000000000001,4.350000000000001e-06,5.250000000000001,43.50000000000001,-0.07047329905617823,536898029136826.25
p2_bulk_nta_5e19_common_primary,NTA 5e19 common-primary state,top_primary,interface_4x,T03_P2_BULK_TRAPS_FORMAL,enabled_symmetric_teaching_top_stack,0.0,0.01,0.0,0.3,channel,0.0005250000000000001,4.425e-06,5.250000000000001,44.25,-0.06849789413905572,579531640231724.5
p2_bulk_nta_5e19_common_primary,NTA 5e19 common-primary state,top_primary,interface_4x,T03_P2_BULK_TRAPS_FORMAL,enabled_symmetric_teaching_top_stack,0.0,0.01,0.0,0.3,channel,0.0005250000000000001,4.5e-06,5.250000000000001,45.0,-0.06632425546090714,630365845906227.9
p2_bulk_nta_5e19_common_primary,NTA 5e19 common-primary state,top_primary,interface_4x,T03_P2_BULK_TRAPS_FORMAL,enabled_symmetric_teaching_top_stack,0.0,0.01,0.0,0.3,channel,0.0005250000000000001,4.575e-06,5.250000000000001,45.75,-0.06394661401381656,691091088413224.6
p2_bulk_nta_5e19_common_primary,NTA 5e19 common-primary state,top_primary,interface_4x,T03_P2_BULK_TRAPS_FORMAL,enabled_symmetric_teaching_top_stack,0.0,0.01,0.0,0.3,channel,0.0005250000000000001,4.65e-06,5.250000000000001,46.50000000000001,-0.061358474333598825,763860628465680.8
p2_bulk_nta_5e19_common_primary,NTA 5e19 common-primary state,top_primary,interface_4x,T03_P2_BULK_TRAPS_FORMAL,enabled_symmetric_teaching_top_stack,0.0,0.01,0.0,0.3,channel,0.0005250000000000001,4.7250000000000005e-06,5.250000000000001,47.25000000000001,-0.05855253918864783,851435515376395.0
p2_bulk_nta_5e19_common_primary,NTA 5e19 common-primary state,top_primary,interface_4x,T03_P2_BULK_TRAPS_FORMAL,enabled_symmetric_teaching_top_stack,0.0,0.01,0.0,0.3,channel,0.0005250000000000001,4.8e-06,5.250000000000001,48.0,-0.05552062103034737,957383073772661.5
p2_bulk_nta_5e19_common_primary,NTA 5e19 common-primary state,top_primary,interface_4x,T03_P2_BULK_TRAPS_FORMAL,enabled_symmetric_teaching_top_stack,0.0,0.01,0.0,0.3,channel,0.0005250000000000001,4.875e-06,5.250000000000001,48.75,-0.05225353764538282,1086351404860650.9
p2_bulk_nta_5e19_common_primary,NTA 5e19 common-primary state,top_primary,interface_4x,T03_P2_BULK_TRAPS_FORMAL,enabled_symmetric_teaching_top_stack,0.0,0.01,0.0,0.3,channel,0.0005250000000000001,4.95e-06,5.250000000000001,49.5,-0.048740988806697305,1244453156898007.8
p2_bulk_nta_5e19_common_primary,NTA 5e19 common-primary state,top_primary,interface_4x,T03_P2_BULK_TRAPS_FORMAL,enabled_symmetric_teaching_top_stack,0.0,0.01,0.0,0.3,channel,0.0005250000000000001,5.025e-06,5.250000000000001,50.25,-0.04497140988680058,1439808365319446.2
p2_bulk_nta_5e19_common_primary,NTA 5e19 common-primary state,top_primary,interface_4x,T03_P2_BULK_TRAPS_FORMAL,enabled_symmetric_teaching_top_stack,0.0,0.01,0.0,0.3,channel,0.0005250000000000001,5.1e-06,5.250000000000001,51.0,-0.04093179730795761,1683321990790777.8
p2_bulk_nta_5e19_common_primary,NTA 5e19 common-primary state,top_primary,interface_4x,T03_P2_BULK_TRAPS_FORMAL,enabled_symmetric_teaching_top_stack,0.0,0.01,0.0,0.3,channel,0.0005250000000000001,5.1750000000000004e-06,5.250000000000001,51.75000000000001,-0.036607499263772776,1989812738930931.2
p2_bulk_nta_5e19_common_primary,NTA 5e19 common-primary state,top_primary,interface_4x,T03_P2_BULK_TRAPS_FORMAL,enabled_symmetric_teaching_top_stack,0.0,0.01,0.0,0.3,channel,0.0005250000000000001,5.2500000000000006e-06,5.250000000000001,52.50000000000001,-0.03198196321884195,2379675791140105.5
p2_bulk_nta_5e19_common_primary,NTA 5e19 common-primary state,top_primary,interface_4x,T03_P2_BULK_TRAPS_FORMAL,enabled_symmetric_teaching_top_stack,0.0,0.01,0.0,0.3,channel,0.0005250000000000001,5.325e-06,5.250000000000001,53.25,-0.027036429075983845,2881370526418510.5
p2_bulk_nta_5e19_common_primary,NTA 5e19 common-primary state,top_primary,interface_4x,T03_P2_BULK_TRAPS_FORMAL,enabled_symmetric_teaching_top_stack,0.0,0.01,0.0,0.3,channel,0.0005250000000000001,5.4e-06,5.250000000000001,54.0,-0.02174955329416584,3535205901756008.0
p2_bulk_nta_5e19_common_primary,NTA 5e19 common-primary state,top_primary,interface_4x,T03_P2_BULK_TRAPS_FORMAL,enabled_symmetric_teaching_top_stack,0.0,0.01,0.0,0.3,channel,0.0005499999999999999,3e-06,5.499999999999999,30.0,-0.07533452381988737,440433990240768.25
p2_bulk_nta_5e19_common_primary,NTA 5e19 common-primary state,top_primary,interface_4x,T03_P2_BULK_TRAPS_FORMAL,enabled_symmetric_teaching_top_stack,0.0,0.01,0.0,0.3,channel,0.0005499999999999999,3.075e-06,5.499999999999999,30.750000000000004,-0.07652497510738648,420612452954996.4
p2_bulk_nta_5e19_common_primary,NTA 5e19 common-primary state,top_primary,interface_4x,T03_P2_BULK_TRAPS_FORMAL,enabled_symmetric_teaching_top_stack,0.0,0.01,0.0,0.3,channel,0.0005499999999999999,3.1500000000000003e-06,5.499999999999999,31.500000000000004,-0.07753778204297825,404452681277646.25
p2_bulk_nta_5e19_common_primary,NTA 5e19 common-primary state,top_primary,interface_4x,T03_P2_BULK_TRAPS_FORMAL,enabled_symmetric_teaching_top_stack,0.0,0.01,0.0,0.3,channel,0.0005499999999999999,3.225e-06,5.499999999999999,32.25,-0.07837531644090762,391559495423485.7
p2_bulk_nta_5e19_common_primary,NTA 5e19 common-primary state,top_primary,interface_4x,T03_P2_BULK_TRAPS_FORMAL,enabled_symmetric_teaching_top_stack,0.0,0.01,0.0,0.3,channel,0.0005499999999999999,3.3e-06,5.499999999999999,33.0,-0.07903951684212286,381627519458415.06
p2_bulk_nta_5e19_common_primary,NTA 5e19 common-primary state,top_primary,interface_4x,T03_P2_BULK_TRAPS_FORMAL,enabled_symmetric_teaching_top_stack,0.0,0.01,0.0,0.3,channel,0.0005499999999999999,3.3750000000000003e-06,5.499999999999999,33.75,-0.0795319060653653,374427647694565.4
p2_bulk_nta_5e19_common_primary,NTA 5e19 common-primary state,top_primary,interface_4x,T03_P2_BULK_TRAPS_FORMAL,enabled_symmetric_teaching_top_stack,0.0,0.01,0.0,0.3,channel,0.0005499999999999999,3.45e-06,5.499999999999999,34.5,-0.07985360479327558,369797191622254.0
p2_bulk_nta_5e19_common_primary,NTA 5e19 common-primary state,top_primary,interface_4x,T03_P2_BULK_TRAPS_FORMAL,enabled_symmetric_teaching_top_stack,0.0,0.01,0.0,0.3,channel,0.0005499999999999999,3.525e-06,5.499999999999999,35.25,-0.0800053414578406,367633047863820.8
p2_bulk_nta_5e19_common_primary,NTA 5e19 common-primary state,top_primary,interface_4x,T03_P2_BULK_TRAPS_FORMAL,enabled_symmetric_teaching_top_stack,0.0,0.01,0.0,0.3,channel,0.0005499999999999999,3.6000000000000003e-06,5.499999999999999,36.0,-0.07998745861452486,367887441970181.6
p2_bulk_nta_5e19_common_primary,NTA 5e19 common-primary state,top_primary,interface_4x,T03_P2_BULK_TRAPS_FORMAL,enabled_symmetric_teaching_top_stack,0.0,0.01,0.0,0.3,channel,0.0005499999999999999,3.6750000000000004e-06,5.499999999999999,36.75000000000001,-0.07979991592582833,370565976105358.9
p2_bulk_nta_5e19_common_primary,NTA 5e19 common-primary state,top_primary,interface_4x,T03_P2_BULK_TRAPS_FORMAL,enabled_symmetric_teaching_top_stack,0.0,0.01,0.0,0.3,channel,0.0005499999999999999,3.7500000000000005e-06,5.499999999999999,37.50000000000001,-0.07944228981042199,375727857321547.9
p2_bulk_nta_5e19_common_primary,NTA 5e19 common-primary state,top_primary,interface_4x,T03_P2_BULK_TRAPS_FORMAL,enabled_symmetric_teaching_top_stack,0.0,0.01,0.0,0.3,channel,0.0005499999999999999,3.825000000000001e-06,5.499999999999999,38.25000000000001,-0.07891376975126958,383488320793240.56
p2_bulk_nta_5e19_common_primary,NTA 5e19 common-primary state,top_primary,interface_4x,T03_P2_BULK_TRAPS_FORMAL,enabled_symmetric_teaching_top_stack,0.0,0.01,0.0,0.3,channel,0.0005499999999999999,3.9e-06,5.499999999999999,39.0,-0.07821315119318603,394023401320901.7
p2_bulk_nta_5e19_common_primary,NTA 5e19 common-primary state,top_primary,interface_4x,T03_P2_BULK_TRAPS_FORMAL,enabled_symmetric_teaching_top_stack,0.0,0.01,0.0,0.3,channel,0.0005499999999999999,3.975e-06,5.499999999999999,39.75,-0.0773388248950303,407577359051243.1
p2_bulk_nta_5e19_common_primary,NTA 5e19 common-primary state,top_primary,interface_4x,T03_P2_BULK_TRAPS_FORMAL,enabled_symmetric_teaching_top_stack,0.0,0.01,0.0,0.3,channel,0.0005499999999999999,4.05e-06,5.499999999999999,40.5,-0.0762887625319906,424473245744861.8
p2_bulk_nta_5e19_common_primary,NTA 5e19 common-primary state,top_primary,interface_4x,T03_P2_BULK_TRAPS_FORMAL,enabled_symmetric_teaching_top_stack,0.0,0.01,0.0,0.3,channel,0.0005499999999999999,4.125e-06,5.499999999999999,41.25,-0.07506049826676174,445127323473003.6
p2_bulk_nta_5e19_common_primary,NTA 5e19 common-primary state,top_primary,interface_4x,T03_P2_BULK_TRAPS_FORMAL,enabled_symmetric_teaching_top_stack,0.0,0.01,0.0,0.3,channel,0.0005499999999999999,4.2000000000000004e-06,5.499999999999999,42.00000000000001,-0.073651105922044,470068341391295.7
p2_bulk_nta_5e19_common_primary,NTA 5e19 common-primary state,top_primary,interface_4x,T03_P2_BULK_TRAPS_FORMAL,enabled_symmetric_teaching_top_stack,0.0,0.01,0.0,0.3,channel,0.0005499999999999999,4.2750000000000006e-06,5.499999999999999,42.75000000000001,-0.07205717128738649,499963070060923.5
p2_bulk_nta_5e19_common_primary,NTA 5e19 common-primary state,top_primary,interface_4x,T03_P2_BULK_TRAPS_FORMAL,enabled_symmetric_teaching_top_stack,0.0,0.01,0.0,0.3,channel,0.0005499999999999999,4.350000000000001e-06,5.499999999999999,43.50000000000001,-0.0702747589768971,535650031936137.1
p2_bulk_nta_5e19_common_primary,NTA 5e19 common-primary state,top_primary,interface_4x,T03_P2_BULK_TRAPS_FORMAL,enabled_symmetric_teaching_top_stack,0.0,0.01,0.0,0.3,channel,0.0005499999999999999,4.425e-06,5.499999999999999,44.25,-0.0682993731156948,578184116781486.0
p2_bulk_nta_5e19_common_primary,NTA 5e19 common-primary state,top_primary,interface_4x,T03_P2_BULK_TRAPS_FORMAL,enabled_symmetric_teaching_top_stack,0.0,0.01,0.0,0.3,channel,0.0005499999999999999,4.5e-06,5.499999999999999,45.0,-0.06612591096577332,628895828692390.9
p2_bulk_nta_5e19_common_primary,NTA 5e19 common-primary state,top_primary,interface_4x,T03_P2_BULK_TRAPS_FORMAL,enabled_symmetric_teaching_top_stack,0.0,0.01,0.0,0.3,channel,0.0005499999999999999,4.575e-06,5.499999999999999,45.75,-0.06374860839792862,689470421605782.1
p2_bulk_nta_5e19_common_primary,NTA 5e19 common-primary state,top_primary,interface_4x,T03_P2_BULK_TRAPS_FORMAL,enabled_symmetric_teaching_top_stack,0.0,0.01,0.0,0.3,channel,0.0005499999999999999,4.65e-06,5.499999999999999,46.50000000000001,-0.061160975864799405,762054361343451.4
p2_bulk_nta_5e19_common_primary,NTA 5e19 common-primary state,top_primary,interface_4x,T03_P2_BULK_TRAPS_FORMAL,enabled_symmetric_teaching_top_stack,0.0,0.01,0.0,0.3,channel,0.0005499999999999999,4.7250000000000005e-06,5.499999999999999,47.25000000000001,-0.05835572321666037,849399739248581.0
p2_bulk_nta_5e19_common_primary,NTA 5e19 common-primary state,top_primary,interface_4x,T03_P2_BULK_TRAPS_FORMAL,enabled_symmetric_teaching_top_stack,0.0,0.01,0.0,0.3,channel,0.0005499999999999999,4.8e-06,5.499999999999999,48.0,-0.055324671307403026,955061975041976.2
p2_bulk_nta_5e19_common_primary,NTA 5e19 common-primary state,top_primary,interface_4x,T03_P2_BULK_TRAPS_FORMAL,enabled_symmetric_teaching_top_stack,0.0,0.01,0.0,0.3,channel,0.0005499999999999999,4.875e-06,5.499999999999999,48.75,-0.05205864783757952,1083673201915678.9
p2_bulk_nta_5e19_common_primary,NTA 5e19 common-primary state,top_primary,interface_4x,T03_P2_BULK_TRAPS_FORMAL,enabled_symmetric_teaching_top_stack,0.0,0.01,0.0,0.3,channel,0.0005499999999999999,4.95e-06,5.499999999999999,49.5,-0.04854736423973811,1241324428657788.2
p2_bulk_nta_5e19_common_primary,NTA 5e19 common-primary state,top_primary,interface_4x,T03_P2_BULK_TRAPS_FORMAL,enabled_symmetric_teaching_top_stack,0.0,0.01,0.0,0.3,channel,0.0005499999999999999,5.025e-06,5.499999999999999,50.25,-0.04477926958085227,1436106032286030.8
p2_bulk_nta_5e19_common_primary,NTA 5e19 common-primary state,top_primary,interface_4x,T03_P2_BULK_TRAPS_FORMAL,enabled_symmetric_teaching_top_stack,0.0,0.01,0.0,0.3,channel,0.0005499999999999999,5.1e-06,5.499999999999999,51.0,-0.04074137637100256,1678881822106167.5
p2_bulk_nta_5e19_common_primary,NTA 5e19 common-primary state,top_primary,interface_4x,T03_P2_BULK_TRAPS_FORMAL,enabled_symmetric_teaching_top_stack,0.0,0.01,0.0,0.3,channel,0.0005499999999999999,5.1750000000000004e-06,5.499999999999999,51.75000000000001,-0.0364190517323351,1984412641414468.0
p2_bulk_nta_5e19_common_primary,NTA 5e19 common-primary state,top_primary,interface_4x,T03_P2_BULK_TRAPS_FORMAL,enabled_symmetric_teaching_top_stack,0.0,0.01,0.0,0.3,channel,0.0005499999999999999,5.2500000000000006e-06,5.499999999999999,52.50000000000001,-0.03179576546130912,2373011134504584.5
p2_bulk_nta_5e19_common_primary,NTA 5e19 common-primary state,top_primary,interface_4x,T03_P2_BULK_TRAPS_FORMAL,enabled_symmetric_teaching_top_stack,0.0,0.01,0.0,0.3,channel,0.0005499999999999999,5.325e-06,5.499999999999999,53.25,-0.026852783909806475,2873017102893248.5
p2_bulk_nta_5e19_common_primary,NTA 5e19 common-primary state,top_primary,interface_4x,T03_P2_BULK_TRAPS_FORMAL,enabled_symmetric_teaching_top_stack,0.0,0.01,0.0,0.3,channel,0.0005499999999999999,5.4e-06,5.499999999999999,54.0,-0.02156879501831934,3524563324886774.5
p2_bulk_nta_5e19_common_primary,NTA 5e19 common-primary state,top_primary,interface_4x,T03_P2_BULK_TRAPS_FORMAL,enabled_symmetric_teaching_top_stack,0.0,0.01,0.0,0.3,channel,0.000575,3e-06,5.75,30.0,-0.07516118399237023,438970410962918.3
p2_bulk_nta_5e19_common_primary,NTA 5e19 common-primary state,top_primary,interface_4x,T03_P2_BULK_TRAPS_FORMAL,enabled_symmetric_teaching_top_stack,0.0,0.01,0.0,0.3,channel,0.000575,3.075e-06,5.75,30.750000000000004,-0.07634879138964791,419260860335215.75
p2_bulk_nta_5e19_common_primary,NTA 5e19 common-primary state,top_primary,interface_4x,T03_P2_BULK_TRAPS_FORMAL,enabled_symmetric_teaching_top_stack,0.0,0.01,0.0,0.3,channel,0.000575,3.1500000000000003e-06,5.75,31.500000000000004,-0.07735895043707453,403194311353021.5
p2_bulk_nta_5e19_common_primary,NTA 5e19 common-primary state,top_primary,interface_4x,T03_P2_BULK_TRAPS_FORMAL,enabled_symmetric_teaching_top_stack,0.0,0.01,0.0,0.3,channel,0.000575,3.225e-06,5.75,32.25,-0.07819402429951512,390378393523509.1
p2_bulk_nta_5e19_common_primary,NTA 5e19 common-primary state,top_primary,interface_4x,T03_P2_BULK_TRAPS_FORMAL,enabled_symmetric_teaching_top_stack,0.0,0.01,0.0,0.3,channel,0.000575,3.3e-06,5.75,33.0,-0.07885594388517005,380509945762890.9
p2_bulk_nta_5e19_common_primary,NTA 5e19 common-primary state,top_primary,interface_4x,T03_P2_BULK_TRAPS_FORMAL,enabled_symmetric_teaching_top_stack,0.0,0.01,0.0,0.3,channel,0.000575,3.3750000000000003e-06,5.75,33.75,-0.07934622530795639,373361598584131.06
p2_bulk_nta_5e19_common_primary,NTA 5e19 common-primary state,top_primary,interface_4x,T03_P2_BULK_TRAPS_FORMAL,enabled_symmetric_teaching_top_stack,0.0,0.01,0.0,0.3,channel,0.000575,3.45e-06,5.75,34.5,-0.07966598339925184,368772007716841.9
p2_bulk_nta_5e19_common_primary,NTA 5e19 common-primary state,top_primary,interface_4x,T03_P2_BULK_TRAPS_FORMAL,enabled_symmetric_teaching_top_stack,0.0,0.01,0.0,0.3,channel,0.000575,3.525e-06,5.75,35.25,-0.07981594153157728,366639086276467.2
p2_bulk_nta_5e19_common_primary,NTA 5e19 common-primary state,top_primary,interface_4x,T03_P2_BULK_TRAPS_FORMAL,enabled_symmetric_teaching_top_stack,0.0,0.01,0.0,0.3,channel,0.000575,3.6000000000000003e-06,5.75,36.0,-0.07979643794217371,366915795007991.06
p2_bulk_nta_5e19_common_primary,NTA 5e19 common-primary state,top_primary,interface_4x,T03_P2_BULK_TRAPS_FORMAL,enabled_symmetric_teaching_top_stack,0.0,0.01,0.0,0.3,channel,0.000575,3.6750000000000004e-06,5.75,36.75000000000001,-0.07960742867613432,369608221909966.06
p2_bulk_nta_5e19_common_primary,NTA 5e19 common-primary state,top_primary,interface_4x,T03_P2_BULK_TRAPS_FORMAL,enabled_symmetric_teaching_top_stack,0.0,0.01,0.0,0.3,channel,0.000575,3.7500000000000005e-06,5.75,37.50000000000001,-0.07924848720442765,374775830079682.7
p2_bulk_nta_5e19_common_primary,NTA 5e19 common-primary state,top_primary,interface_4x,T03_P2_BULK_TRAPS_FORMAL,enabled_symmetric_teaching_top_stack,0.0,0.01,0.0,0.3,channel,0.000575,3.825000000000001e-06,5.75,38.25000000000001,-0.07871880070964249,382533889365558.1
p2_bulk_nta_5e19_common_primary,NTA 5e19 common-primary state,top_primary,interface_4x,T03_P2_BULK_TRAPS_FORMAL,enabled_symmetric_teaching_top_stack,0.0,0.01,0.0,0.3,channel,0.000575,3.9e-06,5.75,39.0,-0.0780171629695462,393058245540942.0
p2_bulk_nta_5e19_common_primary,NTA 5e19 common-primary state,top_primary,interface_4x,T03_P2_BULK_TRAPS_FORMAL,enabled_symmetric_teaching_top_stack,0.0,0.01,0.0,0.3,channel,0.000575,3.975e-06,5.75,39.75,-0.07714196370350385,406592732560900.4
p2_bulk_nta_5e19_common_primary,NTA 5e19 common-primary state,top_primary,interface_4x,T03_P2_BULK_TRAPS_FORMAL,enabled_symmetric_teaching_top_stack,0.0,0.01,0.0,0.3,channel,0.000575,4.05e-06,5.75,40.5,-0.0760911741772742,423459713002131.2
p2_bulk_nta_5e19_common_primary,NTA 5e19 common-primary state,top_primary,interface_4x,T03_P2_BULK_TRAPS_FORMAL,enabled_symmetric_teaching_top_stack,0.0,0.01,0.0,0.3,channel,0.000575,4.125e-06,5.75,41.25,-0.07486232878525503,444074456346218.06
p2_bulk_nta_5e19_common_primary,NTA 5e19 common-primary state,top_primary,interface_4x,T03_P2_BULK_TRAPS_FORMAL,enabled_symmetric_teaching_top_stack,0.0,0.01,0.0,0.3,channel,0.000575,4.2000000000000004e-06,5.75,42.00000000000001,-0.07345250224311295,468964357283848.5
p2_bulk_nta_5e19_common_primary,NTA 5e19 common-primary state,top_primary,interface_4x,T03_P2_BULK_TRAPS_FORMAL,enabled_symmetric_teaching_top_stack,0.0,0.01,0.0,0.3,channel,0.000575,4.2750000000000006e-06,5.75,42.75000000000001,-0.0718582819245856,498794388383127.94
p2_bulk_nta_5e19_common_primary,NTA 5e19 common-primary state,top_primary,interface_4x,T03_P2_BULK_TRAPS_FORMAL,enabled_symmetric_teaching_top_stack,0.0,0.01,0.0,0.3,channel,0.000575,4.350000000000001e-06,5.75,43.50000000000001,-0.07007573476004464,534400718334023.06
p2_bulk_nta_5e19_common_primary,NTA 5e19 common-primary state,top_primary,interface_4x,T03_P2_BULK_TRAPS_FORMAL,enabled_symmetric_teaching_top_stack,0.0,0.01,0.0,0.3,channel,0.000575,4.425e-06,5.75,44.25,-0.0681003679761176,576835173909814.5
p2_bulk_nta_5e19_common_primary,NTA 5e19 common-primary state,top_primary,interface_4x,T03_P2_BULK_TRAPS_FORMAL,enabled_symmetric_teaching_top_stack,0.0,0.01,0.0,0.3,channel,0.000575,4.5e-06,5.75,45.0,-0.06592708278889557,627424277073955.1
p2_bulk_nta_5e19_common_primary,NTA 5e19 common-primary state,top_primary,interface_4x,T03_P2_BULK_TRAPS_FORMAL,enabled_symmetric_teaching_top_stack,0.0,0.01,0.0,0.3,channel,0.000575,4.575e-06,5.75,45.75,-0.06355011995977392,687848092125076.5
p2_bulk_nta_5e19_common_primary,NTA 5e19 common-primary state,top_primary,interface_4x,T03_P2_BULK_TRAPS_FORMAL,enabled_symmetric_teaching_top_stack,0.0,0.01,0.0,0.3,channel,0.000575,4.65e-06,5.75,46.50000000000001,-0.06096299587205111,760246288939366.1
p2_bulk_nta_5e19_common_primary,NTA 5e19 common-primary state,top_primary,interface_4x,T03_P2_BULK_TRAPS_FORMAL,enabled_symmetric_teaching_top_stack,0.0,0.01,0.0,0.3,channel,0.000575,4.7250000000000005e-06,5.75,47.25000000000001,-0.058158427473867944,847362000404930.5
p2_bulk_nta_5e19_common_primary,NTA 5e19 common-primary state,top_primary,interface_4x,T03_P2_BULK_TRAPS_FORMAL,enabled_symmetric_teaching_top_stack,0.0,0.01,0.0,0.3,channel,0.000575,4.8e-06,5.75,48.0,-0.05512824403999106,952738741939480.1
p2_bulk_nta_5e19_common_primary,NTA 5e19 common-primary state,top_primary,interface_4x,T03_P2_BULK_TRAPS_FORMAL,enabled_symmetric_teaching_top_stack,0.0,0.01,0.0,0.3,channel,0.000575,4.875e-06,5.75,48.75,-0.05186328320585697,1080992681297714.5
p2_bulk_nta_5e19_common_primary,NTA 5e19 common-primary state,top_primary,interface_4x,T03_P2_BULK_TRAPS_FORMAL,enabled_symmetric_teaching_top_stack,0.0,0.01,0.0,0.3,channel,0.000575,4.95e-06,5.75,49.5,-0.04835326808759576,1238193193844410.8
p2_bulk_nta_5e19_common_primary,NTA 5e19 common-primary state,top_primary,interface_4x,T03_P2_BULK_TRAPS_FORMAL,enabled_symmetric_teaching_top_stack,0.0,0.01,0.0,0.3,channel,0.000575,5.025e-06,5.75,50.25,-0.04458666147393485,1432401010225726.5
p2_bulk_nta_5e19_common_primary,NTA 5e19 common-primary state,top_primary,interface_4x,T03_P2_BULK_TRAPS_FORMAL,enabled_symmetric_teaching_top_stack,0.0,0.01,0.0,0.3,channel,0.000575,5.1e-06,5.75,51.0,-0.04055049199377889,1674438810726349.8
p2_bulk_nta_5e19_common_primary,NTA 5e19 common-primary state,top_primary,interface_4x,T03_P2_BULK_TRAPS_FORMAL,enabled_symmetric_teaching_top_stack,0.0,0.01,0.0,0.3,channel,0.000575,5.1750000000000004e-06,5.75,51.75000000000001,-0.03623014573300137,1979009616294363.0
p2_bulk_nta_5e19_common_primary,NTA 5e19 common-primary state,top_primary,interface_4x,T03_P2_BULK_TRAPS_FORMAL,enabled_symmetric_teaching_top_stack,0.0,0.01,0.0,0.3,channel,0.000575,5.2500000000000006e-06,5.75,52.50000000000001,-0.03160911485979983,2366343604403700.0
p2_bulk_nta_5e19_common_primary,NTA 5e19 common-primary state,top_primary,interface_4x,T03_P2_BULK_TRAPS_FORMAL,enabled_symmetric_teaching_top_stack,0.0,0.01,0.0,0.3,channel,0.000575,5.325e-06,5.75,53.25,-0.02666869222024362,2864661121848100.0
p2_bulk_nta_5e19_common_primary,NTA 5e19 common-primary state,top_primary,interface_4x,T03_P2_BULK_TRAPS_FORMAL,enabled_symmetric_teaching_top_stack,0.0,0.01,0.0,0.3,channel,0.000575,5.4e-06,5.75,54.0,-0.02138759728731347,3513918982804374.0
p2_bulk_nta_5e19_common_primary,NTA 5e19 common-primary state,top_primary,interface_4x,T03_P2_BULK_TRAPS_FORMAL,enabled_symmetric_teaching_top_stack,0.0,0.01,0.0,0.3,channel,0.0006000000000000001,3e-06,6.000000000000001,30.0,-0.0749874227924819,437507111112126.0
p2_bulk_nta_5e19_common_primary,NTA 5e19 common-primary state,top_primary,interface_4x,T03_P2_BULK_TRAPS_FORMAL,enabled_symmetric_teaching_top_stack,0.0,0.01,0.0,0.3,channel,0.0006000000000000001,3.075e-06,6.000000000000001,30.750000000000004,-0.07617217934758631,417909344532054.9
p2_bulk_nta_5e19_common_primary,NTA 5e19 common-primary state,top_primary,interface_4x,T03_P2_BULK_TRAPS_FORMAL,enabled_symmetric_teaching_top_stack,0.0,0.01,0.0,0.3,channel,0.0006000000000000001,3.1500000000000003e-06,6.000000000000001,31.500000000000004,-0.07717968396943427,401935854916297.44
p2_bulk_nta_5e19_common_primary,NTA 5e19 common-primary state,top_primary,interface_4x,T03_P2_BULK_TRAPS_FORMAL,enabled_symmetric_teaching_top_stack,0.0,0.01,0.0,0.3,channel,0.0006000000000000001,3.225e-06,6.000000000000001,32.25,-0.07801229116589667,389197071759331.9
p2_bulk_nta_5e19_common_primary,NTA 5e19 common-primary state,top_primary,interface_4x,T03_P2_BULK_TRAPS_FORMAL,enabled_symmetric_teaching_top_stack,0.0,0.01,0.0,0.3,channel,0.0006000000000000001,3.3e-06,6.000000000000001,33.0,-0.07867192420548169,379392041663222.0
p2_bulk_nta_5e19_common_primary,NTA 5e19 common-primary state,top_primary,interface_4x,T03_P2_BULK_TRAPS_FORMAL,enabled_symmetric_teaching_top_stack,0.0,0.01,0.0,0.3,channel,0.0006000000000000001,3.3750000000000003e-06,6.000000000000001,33.75,-0.07916009249106196,372295125771287.3
p2_bulk_nta_5e19_common_primary,NTA 5e19 common-primary state,top_primary,interface_4x,T03_P2_BULK_TRAPS_FORMAL,enabled_symmetric_teaching_top_stack,0.0,0.01,0.0,0.3,channel,0.0006000000000000001,3.45e-06,6.000000000000001,34.5,-0.07947790499730029,367746319672817.8
p2_bulk_nta_5e19_common_primary,NTA 5e19 common-primary state,top_primary,interface_4x,T03_P2_BULK_TRAPS_FORMAL,enabled_symmetric_teaching_top_stack,0.0,0.01,0.0,0.3,channel,0.0006000000000000001,3.525e-06,6.000000000000001,35.25,-0.07962608003260524,365644549487672.7
p2_bulk_nta_5e19_common_primary,NTA 5e19 common-primary state,top_primary,interface_4x,T03_P2_BULK_TRAPS_FORMAL,enabled_symmetric_teaching_top_stack,0.0,0.01,0.0,0.3,channel,0.0006000000000000001,3.6000000000000003e-06,6.000000000000001,36.0,-0.07960495151218758,365943508331850.9
p2_bulk_nta_5e19_common_primary,NTA 5e19 common-primary state,top_primary,interface_4x,T03_P2_BULK_TRAPS_FORMAL,enabled_symmetric_teaching_top_stack,0.0,0.01,0.0,0.3,channel,0.0006000000000000001,3.6750000000000004e-06,6.000000000000001,36.75000000000001,-0.07941447186079932,368649767710013.4
p2_bulk_nta_5e19_common_primary,NTA 5e19 common-primary state,top_primary,interface_4x,T03_P2_BULK_TRAPS_FORMAL,enabled_symmetric_teaching_top_stack,0.0,0.01,0.0,0.3,channel,0.0006000000000000001,3.7500000000000005e-06,6.000000000000001,37.50000000000001,-0.07905421159967775,373823044799433.75
p2_bulk_nta_5e19_common_primary,NTA 5e19 common-primary state,top_primary,interface_4x,T03_P2_BULK_TRAPS_FORMAL,enabled_symmetric_teaching_top_stack,0.0,0.01,0.0,0.3,channel,0.0006000000000000001,3.825000000000001e-06,6.000000000000001,38.25000000000001,-0.07852335560994957,381578642418482.75
p2_bulk_nta_5e19_common_primary,NTA 5e19 common-primary state,top_primary,interface_4x,T03_P2_BULK_TRAPS_FORMAL,enabled_symmetric_teaching_top_stack,0.0,0.01,0.0,0.3,channel,0.0006000000000000001,3.9e-06,6.000000000000001,39.0,-0.07782069600222885,392092215789957.5
p2_bulk_nta_5e19_common_primary,NTA 5e19 common-primary state,top_primary,interface_4x,T03_P2_BULK_TRAPS_FORMAL,enabled_symmetric_teaching_top_stack,0.0,0.01,0.0,0.3,channel,0.0006000000000000001,3.975e-06,6.000000000000001,39.75,-0.07694462145730824,405607171269928.4
p2_bulk_nta_5e19_common_primary,NTA 5e19 common-primary state,top_primary,interface_4x,T03_P2_BULK_TRAPS_FORMAL,enabled_symmetric_teaching_top_stack,0.0,0.01,0.0,0.3,channel,0.0006000000000000001,4.05e-06,6.000000000000001,40.5,-0.07589310283351788,422445180907951.9
p2_bulk_nta_5e19_common_primary,NTA 5e19 common-primary state,top_primary,interface_4x,T03_P2_BULK_TRAPS_FORMAL,enabled_symmetric_teaching_top_stack,0.0,0.01,0.0,0.3,channel,0.0006000000000000001,4.125e-06,6.000000000000001,41.25,-0.0746636747600999,443020520275062.06
p2_bulk_nta_5e19_common_primary,NTA 5e19 common-primary state,top_primary,interface_4x,T03_P2_BULK_TRAPS_FORMAL,enabled_symmetric_teaching_top_stack,0.0,0.01,0.0,0.3,channel,0.0006000000000000001,4.2000000000000004e-06,6.000000000000001,42.00000000000001,-0.07325341285003993,467859228266143.4
p2_bulk_nta_5e19_common_primary,NTA 5e19 common-primary state,top_primary,interface_4x,T03_P2_BULK_TRAPS_FORMAL,enabled_symmetric_teaching_top_stack,0.0,0.01,0.0,0.3,channel,0.0006000000000000001,4.2750000000000006e-06,6.000000000000001,42.75000000000001,-0.07165890606691096,497624478093288.56
p2_bulk_nta_5e19_common_primary,NTA 5e19 common-primary state,top_primary,interface_4x,T03_P2_BULK_TRAPS_FORMAL,enabled_symmetric_teaching_top_stack,0.0,0.01,0.0,0.3,channel,0.0006000000000000001,4.350000000000001e-06,6.000000000000001,43.50000000000001,-0.06987622366438538,533150083278289.56
p2_bulk_nta_5e19_common_primary,NTA 5e19 common-primary state,top_primary,interface_4x,T03_P2_BULK_TRAPS_FORMAL,enabled_symmetric_teaching_top_stack,0.0,0.01,0.0,0.3,channel,0.0006000000000000001,4.425e-06,6.000000000000001,44.25,-0.06790087597913869,575484806168720.6
p2_bulk_nta_5e19_common_primary,NTA 5e19 common-primary state,top_primary,interface_4x,T03_P2_BULK_TRAPS_FORMAL,enabled_symmetric_teaching_top_stack,0.0,0.01,0.0,0.3,channel,0.0006000000000000001,4.5e-06,6.000000000000001,45.0,-0.06572776819153077,625951185171732.2
p2_bulk_nta_5e19_common_primary,NTA 5e19 common-primary state,top_primary,interface_4x,T03_P2_BULK_TRAPS_FORMAL,enabled_symmetric_teaching_top_stack,0.0,0.01,0.0,0.3,channel,0.0006000000000000001,4.575e-06,6.000000000000001,45.75,-0.06335114596551131,686224093622984.1
p2_bulk_nta_5e19_common_primary,NTA 5e19 common-primary state,top_primary,interface_4x,T03_P2_BULK_TRAPS_FORMAL,enabled_symmetric_teaching_top_stack,0.0,0.01,0.0,0.3,channel,0.0006000000000000001,4.65e-06,6.000000000000001,46.50000000000001,-0.06076453162895121,758436404397806.5
p2_bulk_nta_5e19_common_primary,NTA 5e19 common-primary state,top_primary,interface_4x,T03_P2_BULK_TRAPS_FORMAL,enabled_symmetric_teaching_top_stack,0.0,0.01,0.0,0.3,channel,0.0006000000000000001,4.7250000000000005e-06,6.000000000000001,47.25000000000001,-0.05796064924393035,845322291445510.1
p2_bulk_nta_5e19_common_primary,NTA 5e19 common-primary state,top_primary,interface_4x,T03_P2_BULK_TRAPS_FORMAL,enabled_symmetric_teaching_top_stack,0.0,0.01,0.0,0.3,channel,0.0006000000000000001,4.8e-06,6.000000000000001,48.0,-0.05493133652455724,950413366490052.2
p2_bulk_nta_5e19_common_primary,NTA 5e19 common-primary state,top_primary,interface_4x,T03_P2_BULK_TRAPS_FORMAL,enabled_symmetric_teaching_top_stack,0.0,0.01,0.0,0.3,channel,0.0006000000000000001,4.875e-06,6.000000000000001,48.75,-0.05166744106228285,1078309834438282.4
p2_bulk_nta_5e19_common_primary,NTA 5e19 common-primary state,top_primary,interface_4x,T03_P2_BULK_TRAPS_FORMAL,enabled_symmetric_teaching_top_stack,0.0,0.01,0.0,0.3,channel,0.0006000000000000001,4.95e-06,6.000000000000001,49.5,-0.04815869768092256,1235059443301274.2
p2_bulk_nta_5e19_common_primary,NTA 5e19 common-primary state,top_primary,interface_4x,T03_P2_BULK_TRAPS_FORMAL,enabled_symmetric_teaching_top_stack,0.0,0.01,0.0,0.3,channel,0.0006000000000000001,5.025e-06,6.000000000000001,50.25,-0.044393582918390774,1428693289439141.8
p2_bulk_nta_5e19_common_primary,NTA 5e19 common-primary state,top_primary,interface_4x,T03_P2_BULK_TRAPS_FORMAL,enabled_symmetric_teaching_top_stack,0.0,0.01,0.0,0.3,channel,0.0006000000000000001,5.1e-06,6.000000000000001,51.0,-0.040359141553585456,1669992946520479.8
p2_bulk_nta_5e19_common_primary,NTA 5e19 common-primary state,top_primary,interface_4x,T03_P2_BULK_TRAPS_FORMAL,enabled_symmetric_teaching_top_stack,0.0,0.01,0.0,0.3,channel,0.0006000000000000001,5.1750000000000004e-06,6.000000000000001,51.75000000000001,-0.036040778671473477,1973603653225461.2
p2_bulk_nta_5e19_common_primary,NTA 5e19 common-primary state,top_primary,interface_4x,T03_P2_BULK_TRAPS_FORMAL,enabled_symmetric_teaching_top_stack,0.0,0.01,0.0,0.3,channel,0.0006000000000000001,5.2500000000000006e-06,6.000000000000001,52.50000000000001,-0.03142200885206816,2359673190661576.5
p2_bulk_nta_5e19_common_primary,NTA 5e19 common-primary state,top_primary,interface_4x,T03_P2_BULK_TRAPS_FORMAL,enabled_symmetric_teaching_top_stack,0.0,0.01,0.0,0.3,channel,0.0006000000000000001,5.325e-06,6.000000000000001,53.25,-0.02648415148097779,2856302573917771.5
p2_bulk_nta_5e19_common_primary,NTA 5e19 common-primary state,top_primary,interface_4x,T03_P2_BULK_TRAPS_FORMAL,enabled_symmetric_teaching_top_stack,0.0,0.01,0.0,0.3,channel,0.0006000000000000001,5.4e-06,6.000000000000001,54.0,-0.021205957614889658,3503272867987895.0
p2_bulk_nta_5e19_common_primary,NTA 5e19 common-primary state,top_primary,interface_4x,T03_P2_BULK_TRAPS_FORMAL,enabled_symmetric_teaching_top_stack,0.0,0.01,0.0,0.3,channel,0.000625,3e-06,6.25,30.0,-0.07481323783149878,436044091036023.5
p2_bulk_nta_5e19_common_primary,NTA 5e19 common-primary state,top_primary,interface_4x,T03_P2_BULK_TRAPS_FORMAL,enabled_symmetric_teaching_top_stack,0.0,0.01,0.0,0.3,channel,0.000625,3.075e-06,6.25,30.750000000000004,-0.07599513655300955,416557905461118.7
p2_bulk_nta_5e19_common_primary,NTA 5e19 common-primary state,top_primary,interface_4x,T03_P2_BULK_TRAPS_FORMAL,enabled_symmetric_teaching_top_stack,0.0,0.01,0.0,0.3,channel,0.000625,3.1500000000000003e-06,6.25,31.500000000000004,-0.07699998017464725,400677311490507.75
p2_bulk_nta_5e19_common_primary,NTA 5e19 common-primary state,top_primary,interface_4x,T03_P2_BULK_TRAPS_FORMAL,enabled_symmetric_teaching_top_stack,0.0,0.01,0.0,0.3,channel,0.000625,3.225e-06,6.25,32.25,-0.07783011453964796,388015529296962.75
p2_bulk_nta_5e19_common_primary,NTA 5e19 common-primary state,top_primary,interface_4x,T03_P2_BULK_TRAPS_FORMAL,enabled_symmetric_teaching_top_stack,0.0,0.01,0.0,0.3,channel,0.000625,3.3e-06,6.25,33.0,-0.07848745526985973,378273805999170.25
p2_bulk_nta_5e19_common_primary,NTA 5e19 common-primary state,top_primary,interface_4x,T03_P2_BULK_TRAPS_FORMAL,enabled_symmetric_teaching_top_stack,0.0,0.01,0.0,0.3,channel,0.000625,3.3750000000000003e-06,6.25,33.75,-0.07897350505087013,371228227795255.94
p2_bulk_nta_5e19_common_primary,NTA 5e19 common-primary state,top_primary,interface_4x,T03_P2_BULK_TRAPS_FORMAL,enabled_symmetric_teaching_top_stack,0.0,0.01,0.0,0.3,channel,0.000625,3.45e-06,6.25,34.5,-0.07928936699515789,366720125749507.56
p2_bulk_nta_5e19_common_primary,NTA 5e19 common-primary state,top_primary,interface_4x,T03_P2_BULK_TRAPS_FORMAL,enabled_symmetric_teaching_top_stack,0.0,0.01,0.0,0.3,channel,0.000625,3.525e-06,6.25,35.25,-0.07943575434235936,364649435492611.56
p2_bulk_nta_5e19_common_primary,NTA 5e19 common-primary state,top_primary,interface_4x,T03_P2_BULK_TRAPS_FORMAL,enabled_symmetric_teaching_top_stack,0.0,0.01,0.0,0.3,channel,0.000625,3.6000000000000003e-06,6.25,36.0,-0.07941299668183861,364970579683856.2
p2_bulk_nta_5e19_common_primary,NTA 5e19 common-primary state,top_primary,interface_4x,T03_P2_BULK_TRAPS_FORMAL,enabled_symmetric_teaching_top_stack,0.0,0.01,0.0,0.3,channel,0.000625,3.6750000000000004e-06,6.25,36.75000000000001,-0.07922104281506619,367690611001150.25
p2_bulk_nta_5e19_common_primary,NTA 5e19 common-primary state,top_primary,interface_4x,T03_P2_BULK_TRAPS_FORMAL,enabled_symmetric_teaching_top_stack,0.0,0.01,0.0,0.3,channel,0.000625,3.7500000000000005e-06,6.25,37.50000000000001,-0.07885946031151773,372869498732409.44
p2_bulk_nta_5e19_common_primary,NTA 5e19 common-primary state,top_primary,interface_4x,T03_P2_BULK_TRAPS_FORMAL,enabled_symmetric_teaching_top_stack,0.0,0.01,0.0,0.3,channel,0.000625,3.825000000000001e-06,6.25,38.25000000000001,-0.0783274317497735,380622576957924.44
p2_bulk_nta_5e19_common_primary,NTA 5e19 common-primary state,top_primary,interface_4x,T03_P2_BULK_TRAPS_FORMAL,enabled_symmetric_teaching_top_stack,0.0,0.01,0.0,0.3,channel,0.000625,3.9e-06,6.25,39.0,-0.07762374757319623,391125308822557.8
p2_bulk_nta_5e19_common_primary,NTA 5e19 common-primary state,top_primary,interface_4x,T03_P2_BULK_TRAPS_FORMAL,enabled_symmetric_teaching_top_stack,0.0,0.01,0.0,0.3,channel,0.000625,3.975e-06,6.25,39.75,-0.07674679542493998,404620671672158.44
p2_bulk_nta_5e19_common_primary,NTA 5e19 common-primary state,top_primary,interface_4x,T03_P2_BULK_TRAPS_FORMAL,enabled_symmetric_teaching_top_stack,0.0,0.01,0.0,0.3,channel,0.000625,4.05e-06,6.25,40.5,-0.07569454575792507,421429645682045.3
p2_bulk_nta_5e19_common_primary,NTA 5e19 common-primary state,top_primary,interface_4x,T03_P2_BULK_TRAPS_FORMAL,enabled_symmetric_teaching_top_stack,0.0,0.01,0.0,0.3,channel,0.000625,4.125e-06,6.25,41.25,-0.07446453343940274,441965511187954.7
p2_bulk_nta_5e19_common_primary,NTA 5e19 common-primary state,top_primary,interface_4x,T03_P2_BULK_TRAPS_FORMAL,enabled_symmetric_teaching_top_stack,0.0,0.01,0.0,0.3,channel,0.000625,4.2000000000000004e-06,6.25,42.00000000000001,-0.07305383498405994,466752949954221.25
p2_bulk_nta_5e19_common_primary,NTA 5e19 common-primary state,top_primary,interface_4x,T03_P2_BULK_TRAPS_FORMAL,enabled_symmetric_teaching_top_stack,0.0,0.01,0.0,0.3,channel,0.000625,4.2750000000000006e-06,6.25,42.75000000000001,-0.07145904095098775,496453334470104.06
p2_bulk_nta_5e19_common_primary,NTA 5e19 common-primary state,top_primary,interface_4x,T03_P2_BULK_TRAPS_FORMAL,enabled_symmetric_teaching_top_stack,0.0,0.01,0.0,0.3,channel,0.000625,4.350000000000001e-06,6.25,43.50000000000001,-0.06967622292423936,531898121681500.5
p2_bulk_nta_5e19_common_primary,NTA 5e19 common-primary state,top_primary,interface_4x,T03_P2_BULK_TRAPS_FORMAL,enabled_symmetric_teaching_top_stack,0.0,0.01,0.0,0.3,channel,0.000625,4.425e-06,6.25,44.25,-0.06770089435912806,574133008072207.2
p2_bulk_nta_5e19_common_primary,NTA 5e19 common-primary state,top_primary,interface_4x,T03_P2_BULK_TRAPS_FORMAL,enabled_symmetric_teaching_top_stack,0.0,0.01,0.0,0.3,channel,0.000625,4.5e-06,6.25,45.0,-0.06552796441051302,624476547065543.8
p2_bulk_nta_5e19_common_primary,NTA 5e19 common-primary state,top_primary,interface_4x,T03_P2_BULK_TRAPS_FORMAL,enabled_symmetric_teaching_top_stack,0.0,0.01,0.0,0.3,channel,0.000625,4.575e-06,6.25,45.75,-0.06315168365692067,684598419707184.1
p2_bulk_nta_5e19_common_primary,NTA 5e19 common-primary state,top_primary,interface_4x,T03_P2_BULK_TRAPS_FORMAL,enabled_symmetric_teaching_top_stack,0.0,0.01,0.0,0.3,channel,0.000625,4.65e-06,6.25,46.50000000000001,-0.06056558038478475,756624700815527.9
p2_bulk_nta_5e19_common_primary,NTA 5e19 common-primary state,top_primary,interface_4x,T03_P2_BULK_TRAPS_FORMAL,enabled_symmetric_teaching_top_stack,0.0,0.01,0.0,0.3,channel,0.000625,4.7250000000000005e-06,6.25,47.25000000000001,-0.05776238578628551,843280604919127.8
p2_bulk_nta_5e19_common_primary,NTA 5e19 common-primary state,top_primary,interface_4x,T03_P2_BULK_TRAPS_FORMAL,enabled_symmetric_teaching_top_stack,0.0,0.01,0.0,0.3,channel,0.000625,4.8e-06,6.25,48.0,-0.05473394603344039,948085840663524.5
p2_bulk_nta_5e19_common_primary,NTA 5e19 common-primary state,top_primary,interface_4x,T03_P2_BULK_TRAPS_FORMAL,enabled_symmetric_teaching_top_stack,0.0,0.01,0.0,0.3,channel,0.000625,4.875e-06,6.25,48.75,-0.05147111869495819,1075624652710004.1
p2_bulk_nta_5e19_common_primary,NTA 5e19 common-primary state,top_primary,interface_4x,T03_P2_BULK_TRAPS_FORMAL,enabled_symmetric_teaching_top_stack,0.0,0.01,0.0,0.3,channel,0.000625,4.95e-06,6.25,49.5,-0.047963650326571086,1231923167809103.8
p2_bulk_nta_5e19_common_primary,NTA 5e19 common-primary state,top_primary,interface_4x,T03_P2_BULK_TRAPS_FORMAL,enabled_symmetric_teaching_top_stack,0.0,0.01,0.0,0.3,channel,0.000625,5.025e-06,6.25,50.25,-0.0442000312429575,1424982860160772.8
p2_bulk_nta_5e19_common_primary,NTA 5e19 common-primary state,top_primary,interface_4x,T03_P2_BULK_TRAPS_FORMAL,enabled_symmetric_teaching_top_stack,0.0,0.01,0.0,0.3,channel,0.000625,5.1e-06,6.25,51.0,-0.040167322404339956,1665544219288888.0
p2_bulk_nta_5e19_common_primary,NTA 5e19 common-primary state,top_primary,interface_4x,T03_P2_BULK_TRAPS_FORMAL,enabled_symmetric_teaching_top_stack,0.0,0.01,0.0,0.3,channel,0.000625,5.1750000000000004e-06,6.25,51.75000000000001,-0.035850947930326636,1968194741792402.2
p2_bulk_nta_5e19_common_primary,NTA 5e19 common-primary state,top_primary,interface_4x,T03_P2_BULK_TRAPS_FORMAL,enabled_symmetric_teaching_top_stack,0.0,0.01,0.0,0.3,channel,0.000625,5.2500000000000006e-06,6.25,52.50000000000001,-0.031234444853028356,2352999883032999.5
p2_bulk_nta_5e19_common_primary,NTA 5e19 common-primary state,top_primary,interface_4x,T03_P2_BULK_TRAPS_FORMAL,enabled_symmetric_teaching_top_stack,0.0,0.01,0.0,0.3,channel,0.000625,5.325e-06,6.25,53.25,-0.026299159143172705,2847941449672112.5
p2_bulk_nta_5e19_common_primary,NTA 5e19 common-primary state,top_primary,interface_4x,T03_P2_BULK_TRAPS_FORMAL,enabled_symmetric_teaching_top_stack,0.0,0.01,0.0,0.3,channel,0.000625,5.4e-06,6.25,54.0,-0.021023873492627958,3492624972861680.0
p2_bulk_nta_5e19_common_primary,NTA 5e19 common-primary state,top_primary,interface_4x,T03_P2_BULK_TRAPS_FORMAL,enabled_symmetric_teaching_top_stack,0.0,0.01,0.0,0.3,channel,0.0006500000000000001,3e-06,6.500000000000001,30.0,-0.0746386266993511,434581351083190.5
p2_bulk_nta_5e19_common_primary,NTA 5e19 common-primary state,top_primary,interface_4x,T03_P2_BULK_TRAPS_FORMAL,enabled_symmetric_teaching_top_stack,0.0,0.01,0.0,0.3,channel,0.0006500000000000001,3.075e-06,6.500000000000001,30.750000000000004,-0.07581766055602637,415206543036525.3
p2_bulk_nta_5e19_common_primary,NTA 5e19 common-primary state,top_primary,interface_4x,T03_P2_BULK_TRAPS_FORMAL,enabled_symmetric_teaching_top_stack,0.0,0.01,0.0,0.3,channel,0.0006500000000000001,3.1500000000000003e-06,6.500000000000001,31.500000000000004,-0.07681983656527082,399418680594914.1
p2_bulk_nta_5e19_common_primary,NTA 5e19 common-primary state,top_primary,interface_4x,T03_P2_BULK_TRAPS_FORMAL,enabled_symmetric_teaching_top_stack,0.0,0.01,0.0,0.3,channel,0.0006500000000000001,3.225e-06,6.500000000000001,32.25,-0.07764749189801834,386833765296489.4
p2_bulk_nta_5e19_common_primary,NTA 5e19 common-primary state,top_primary,interface_4x,T03_P2_BULK_TRAPS_FORMAL,enabled_symmetric_teaching_top_stack,0.0,0.01,0.0,0.3,channel,0.0006500000000000001,3.3e-06,6.500000000000001,33.0,-0.07830253452246527,377155237602546.75
p2_bulk_nta_5e19_common_primary,NTA 5e19 common-primary state,top_primary,interface_4x,T03_P2_BULK_TRAPS_FORMAL,enabled_symmetric_teaching_top_stack,0.0,0.01,0.0,0.3,channel,0.0006500000000000001,3.3750000000000003e-06,6.500000000000001,33.75,-0.07878646040065278,370160903185379.3
p2_bulk_nta_5e19_common_primary,NTA 5e19 common-primary state,top_primary,interface_4x,T03_P2_BULK_TRAPS_FORMAL,enabled_symmetric_teaching_top_stack,0.0,0.01,0.0,0.3,channel,0.0006500000000000001,3.45e-06,6.500000000000001,34.5,-0.07910036677738913,365693424194508.44
p2_bulk_nta_5e19_common_primary,NTA 5e19 common-primary state,top_primary,interface_4x,T03_P2_BULK_TRAPS_FORMAL,enabled_symmetric_teaching_top_stack,0.0,0.01,0.0,0.3,channel,0.0006500000000000001,3.525e-06,6.500000000000001,35.25,-0.07924496181886496,363653742272939.0
p2_bulk_nta_5e19_common_primary,NTA 5e19 common-primary state,top_primary,interface_4x,T03_P2_BULK_TRAPS_FORMAL,enabled_symmetric_teaching_top_stack,0.0,0.01,0.0,0.3,channel,0.0006500000000000001,3.6000000000000003e-06,6.500000000000001,36.0,-0.07922057078477128,363997006790828.4
p2_bulk_nta_5e19_common_primary,NTA 5e19 common-primary state,top_primary,interface_4x,T03_P2_BULK_TRAPS_FORMAL,enabled_symmetric_teaching_top_stack,0.0,0.01,0.0,0.3,channel,0.0006500000000000001,3.6750000000000004e-06,6.500000000000001,36.75000000000001,-0.07902713885035102,366730749262013.06
p2_bulk_nta_5e19_common_primary,NTA 5e19 common-primary state,top_primary,interface_4x,T03_P2_BULK_TRAPS_FORMAL,enabled_symmetric_teaching_top_stack,0.0,0.01,0.0,0.3,channel,0.0006500000000000001,3.7500000000000005e-06,6.500000000000001,37.50000000000001,-0.07866423063128632,371915189111459.2
p2_bulk_nta_5e19_common_primary,NTA 5e19 common-primary state,top_primary,interface_4x,T03_P2_BULK_TRAPS_FORMAL,enabled_symmetric_teaching_top_stack,0.0,0.01,0.0,0.3,channel,0.0006500000000000001,3.825000000000001e-06,6.500000000000001,38.25000000000001,-0.07813102640252947,379665689969259.8
p2_bulk_nta_5e19_common_primary,NTA 5e19 common-primary state,top_primary,interface_4x,T03_P2_BULK_TRAPS_FORMAL,enabled_symmetric_teaching_top_stack,0.0,0.01,0.0,0.3,channel,0.0006500000000000001,3.9e-06,6.500000000000001,39.0,-0.07742631494010144,390157521370994.94
p2_bulk_nta_5e19_common_primary,NTA 5e19 common-primary state,top_primary,interface_4x,T03_P2_BULK_TRAPS_FORMAL,enabled_symmetric_teaching_top_stack,0.0,0.01,0.0,0.3,channel,0.0006500000000000001,3.975e-06,6.500000000000001,39.75,-0.07654848285046428,403633230237167.3
p2_bulk_nta_5e19_common_primary,NTA 5e19 common-primary state,top_primary,interface_4x,T03_P2_BULK_TRAPS_FORMAL,enabled_symmetric_teaching_top_stack,0.0,0.01,0.0,0.3,channel,0.0006500000000000001,4.05e-06,6.500000000000001,40.5,-0.07549550018316525,420413103517887.94
p2_bulk_nta_5e19_common_primary,NTA 5e19 common-primary state,top_primary,interface_4x,T03_P2_BULK_TRAPS_FORMAL,enabled_symmetric_teaching_top_stack,0.0,0.01,0.0,0.3,channel,0.0006500000000000001,4.125e-06,6.500000000000001,41.25,-0.0742649020466533,440909424984962.1
p2_bulk_nta_5e19_common_primary,NTA 5e19 common-primary state,top_primary,interface_4x,T03_P2_BULK_TRAPS_FORMAL,enabled_symmetric_teaching_top_stack,0.0,0.01,0.0,0.3,channel,0.0006500000000000001,4.2000000000000004e-06,6.500000000000001,42.00000000000001,-0.07285376586172869,465645517933522.5
p2_bulk_nta_5e19_common_primary,NTA 5e19 common-primary state,top_primary,interface_4x,T03_P2_BULK_TRAPS_FORMAL,enabled_symmetric_teaching_top_stack,0.0,0.01,0.0,0.3,channel,0.0006500000000000001,4.2750000000000006e-06,6.500000000000001,42.75000000000001,-0.07125868378871973,495280952759263.5
p2_bulk_nta_5e19_common_primary,NTA 5e19 common-primary state,top_primary,interface_4x,T03_P2_BULK_TRAPS_FORMAL,enabled_symmetric_teaching_top_stack,0.0,0.01,0.0,0.3,channel,0.0006500000000000001,4.350000000000001e-06,6.500000000000001,43.50000000000001,-0.06947572974918391,530644828420618.0
p2_bulk_nta_5e19_common_primary,NTA 5e19 common-primary state,top_primary,interface_4x,T03_P2_BULK_TRAPS_FORMAL,enabled_symmetric_teaching_top_stack,0.0,0.01,0.0,0.3,channel,0.0006500000000000001,4.425e-06,6.500000000000001,44.25,-0.06750042032571317,572779774095881.1
p2_bulk_nta_5e19_common_primary,NTA 5e19 common-primary state,top_primary,interface_4x,T03_P2_BULK_TRAPS_FORMAL,enabled_symmetric_teaching_top_stack,0.0,0.01,0.0,0.3,channel,0.0006500000000000001,4.5e-06,6.500000000000001,45.0,-0.0653276686579557,623000356793803.8
p2_bulk_nta_5e19_common_primary,NTA 5e19 common-primary state,top_primary,interface_4x,T03_P2_BULK_TRAPS_FORMAL,enabled_symmetric_teaching_top_stack,0.0,0.01,0.0,0.3,channel,0.0006500000000000001,4.575e-06,6.500000000000001,45.75,-0.06295173025110558,682971063940709.6
p2_bulk_nta_5e19_common_primary,NTA 5e19 common-primary state,top_primary,interface_4x,T03_P2_BULK_TRAPS_FORMAL,enabled_symmetric_teaching_top_stack,0.0,0.01,0.0,0.3,channel,0.0006500000000000001,4.65e-06,6.500000000000001,46.50000000000001,-0.060366139364228,754811171241175.1
p2_bulk_nta_5e19_common_primary,NTA 5e19 common-primary state,top_primary,interface_4x,T03_P2_BULK_TRAPS_FORMAL,enabled_symmetric_teaching_top_stack,0.0,0.01,0.0,0.3,channel,0.0006500000000000001,4.7250000000000005e-06,6.500000000000001,47.25000000000001,-0.05756363433585409,841236933322812.6
p2_bulk_nta_5e19_common_primary,NTA 5e19 common-primary state,top_primary,interface_4x,T03_P2_BULK_TRAPS_FORMAL,enabled_symmetric_teaching_top_stack,0.0,0.01,0.0,0.3,channel,0.0006500000000000001,4.8e-06,6.500000000000001,48.0,-0.054536069814578314,945756156374123.6
p2_bulk_nta_5e19_common_primary,NTA 5e19 common-primary state,top_primary,interface_4x,T03_P2_BULK_TRAPS_FORMAL,enabled_symmetric_teaching_top_stack,0.0,0.01,0.0,0.3,channel,0.0006500000000000001,4.875e-06,6.500000000000001,48.75,-0.051274313367725144,1072937127426003.0
p2_bulk_nta_5e19_common_primary,NTA 5e19 common-primary state,top_primary,interface_4x,T03_P2_BULK_TRAPS_FORMAL,enabled_symmetric_teaching_top_stack,0.0,0.01,0.0,0.3,channel,0.0006500000000000001,4.95e-06,6.500000000000001,49.5,-0.04776812330730397,1228784358085317.8
p2_bulk_nta_5e19_common_primary,NTA 5e19 common-primary state,top_primary,interface_4x,T03_P2_BULK_TRAPS_FORMAL,enabled_symmetric_teaching_top_stack,0.0,0.01,0.0,0.3,channel,0.0006500000000000001,5.025e-06,6.500000000000001,50.25,-0.04400600375247965,1421269712558339.5
p2_bulk_nta_5e19_common_primary,NTA 5e19 common-primary state,top_primary,interface_4x,T03_P2_BULK_TRAPS_FORMAL,enabled_symmetric_teaching_top_stack,0.0,0.01,0.0,0.3,channel,0.0006500000000000001,5.1e-06,6.500000000000001,51.0,-0.039975031876293775,1661092618762391.0
p2_bulk_nta_5e19_common_primary,NTA 5e19 common-primary state,top_primary,interface_4x,T03_P2_BULK_TRAPS_FORMAL,enabled_symmetric_teaching_top_stack,0.0,0.01,0.0,0.3,channel,0.0006500000000000001,5.1750000000000004e-06,6.500000000000001,51.75000000000001,-0.035660650868727356,1962782871508917.5
p2_bulk_nta_5e19_common_primary,NTA 5e19 common-primary state,top_primary,interface_4x,T03_P2_BULK_TRAPS_FORMAL,enabled_symmetric_teaching_top_stack,0.0,0.01,0.0,0.3,channel,0.0006500000000000001,5.2500000000000006e-06,6.500000000000001,52.50000000000001,-0.03104642025447631,2346323671202717.0
p2_bulk_nta_5e19_common_primary,NTA 5e19 common-primary state,top_primary,interface_4x,T03_P2_BULK_TRAPS_FORMAL,enabled_symmetric_teaching_top_stack,0.0,0.01,0.0,0.3,channel,0.0006500000000000001,5.325e-06,6.500000000000001,53.25,-0.02611371263519872,2839577739615454.5
p2_bulk_nta_5e19_common_primary,NTA 5e19 common-primary state,top_primary,interface_4x,T03_P2_BULK_TRAPS_FORMAL,enabled_symmetric_teaching_top_stack,0.0,0.01,0.0,0.3,channel,0.0006500000000000001,5.4e-06,6.500000000000001,54.0,-0.020841342389676824,3481975289794757.0
p2_bulk_nta_5e19_common_primary,NTA 5e19 common-primary state,top_primary,interface_4x,T03_P2_BULK_TRAPS_FORMAL,enabled_symmetric_teaching_top_stack,0.0,0.01,0.0,0.3,channel,0.000675,3e-06,6.75,30.0,-0.07446358696436209,433118891603157.2
p2_bulk_nta_5e19_common_primary,NTA 5e19 common-primary state,top_primary,interface_4x,T03_P2_BULK_TRAPS_FORMAL,enabled_symmetric_teaching_top_stack,0.0,0.01,0.0,0.3,channel,0.000675,3.075e-06,6.75,30.750000000000004,-0.07563974888478117,413855257170886.06
p2_bulk_nta_5e19_common_primary,NTA 5e19 common-primary state,top_primary,interface_4x,T03_P2_BULK_TRAPS_FORMAL,enabled_symmetric_teaching_top_stack,0.0,0.01,0.0,0.3,channel,0.000675,3.1500000000000003e-06,6.75,31.500000000000004,-0.07663925063156049,398159961744964.9
p2_bulk_nta_5e19_common_primary,NTA 5e19 common-primary state,top_primary,interface_4x,T03_P2_BULK_TRAPS_FORMAL,enabled_symmetric_teaching_top_stack,0.0,0.01,0.0,0.3,channel,0.000675,3.225e-06,6.75,32.25,-0.07746442069563764,385651778912017.6
p2_bulk_nta_5e19_common_primary,NTA 5e19 common-primary state,top_primary,interface_4x,T03_P2_BULK_TRAPS_FORMAL,enabled_symmetric_teaching_top_stack,0.0,0.01,0.0,0.3,channel,0.000675,3.3e-06,6.75,33.0,-0.07811715938454167,376036335297132.6
p2_bulk_nta_5e19_common_primary,NTA 5e19 common-primary state,top_primary,interface_4x,T03_P2_BULK_TRAPS_FORMAL,enabled_symmetric_teaching_top_stack,0.0,0.01,0.0,0.3,channel,0.000675,3.3750000000000003e-06,6.75,33.75,-0.07859895593048534,369093150461022.2
p2_bulk_nta_5e19_common_primary,NTA 5e19 common-primary state,top_primary,interface_4x,T03_P2_BULK_TRAPS_FORMAL,enabled_symmetric_teaching_top_stack,0.0,0.01,0.0,0.3,channel,0.000675,3.45e-06,6.75,34.5,-0.07891090170510275,364666213243572.56
p2_bulk_nta_5e19_common_primary,NTA 5e19 common-primary state,top_primary,interface_4x,T03_P2_BULK_TRAPS_FORMAL,enabled_symmetric_teaching_top_stack,0.0,0.01,0.0,0.3,channel,0.000675,3.525e-06,6.75,35.25,-0.07905369979645153,362657467796655.7
p2_bulk_nta_5e19_common_primary,NTA 5e19 common-primary state,top_primary,interface_4x,T03_P2_BULK_TRAPS_FORMAL,enabled_symmetric_teaching_top_stack,0.0,0.01,0.0,0.3,channel,0.000675,3.6000000000000003e-06,6.75,36.0,-0.07902767113071342,363022787364162.44
p2_bulk_nta_5e19_common_primary,NTA 5e19 common-primary state,top_primary,interface_4x,T03_P2_BULK_TRAPS_FORMAL,enabled_symmetric_teaching_top_stack,0.0,0.01,0.0,0.3,channel,0.000675,3.6750000000000004e-06,6.75,36.75000000000001,-0.07883275725395186,365770179954055.06
p2_bulk_nta_5e19_common_primary,NTA 5e19 common-primary state,top_primary,interface_4x,T03_P2_BULK_TRAPS_FORMAL,enabled_symmetric_teaching_top_stack,0.0,0.01,0.0,0.3,channel,0.000675,3.7500000000000005e-06,6.75,37.50000000000001,-0.0784685198260219,370960113150485.5
p2_bulk_nta_5e19_common_primary,NTA 5e19 common-primary state,top_primary,interface_4x,T03_P2_BULK_TRAPS_FORMAL,enabled_symmetric_teaching_top_stack,0.0,0.01,0.0,0.3,channel,0.000675,3.825000000000001e-06,6.75,38.25000000000001,-0.07793413681716949,378707978417126.0
p2_bulk_nta_5e19_common_primary,NTA 5e19 common-primary state,top_primary,interface_4x,T03_P2_BULK_TRAPS_FORMAL,enabled_symmetric_teaching_top_stack,0.0,0.01,0.0,0.3,channel,0.000675,3.9e-06,6.75,39.0,-0.07722839533599105,389188850144937.94
p2_bulk_nta_5e19_common_primary,NTA 5e19 common-primary state,top_primary,interface_4x,T03_P2_BULK_TRAPS_FORMAL,enabled_symmetric_teaching_top_stack,0.0,0.01,0.0,0.3,channel,0.000675,3.975e-06,6.75,39.75,-0.07634968095321616,402644843410032.2
p2_bulk_nta_5e19_common_primary,NTA 5e19 common-primary state,top_primary,interface_4x,T03_P2_BULK_TRAPS_FORMAL,enabled_symmetric_teaching_top_stack,0.0,0.01,0.0,0.3,channel,0.000675,4.05e-06,6.75,40.5,-0.07529596331707394,419395550582444.06
p2_bulk_nta_5e19_common_primary,NTA 5e19 common-primary state,top_primary,interface_4x,T03_P2_BULK_TRAPS_FORMAL,enabled_symmetric_teaching_top_stack,0.0,0.01,0.0,0.3,channel,0.000675,4.125e-06,6.75,41.25,-0.07406477778042353,439852257537508.6
p2_bulk_nta_5e19_common_primary,NTA 5e19 common-primary state,top_primary,interface_4x,T03_P2_BULK_TRAPS_FORMAL,enabled_symmetric_teaching_top_stack,0.0,0.01,0.0,0.3,channel,0.000675,4.2000000000000004e-06,6.75,42.00000000000001,-0.0726532026746207,464536927758575.1
p2_bulk_nta_5e19_common_primary,NTA 5e19 common-primary state,top_primary,interface_4x,T03_P2_BULK_TRAPS_FORMAL,enabled_symmetric_teaching_top_stack,0.0,0.01,0.0,0.3,channel,0.000675,4.2750000000000006e-06,6.75,42.75000000000001,-0.07105783176698682,494107328173109.6
p2_bulk_nta_5e19_common_primary,NTA 5e19 common-primary state,top_primary,interface_4x,T03_P2_BULK_TRAPS_FORMAL,enabled_symmetric_teaching_top_stack,0.0,0.01,0.0,0.3,channel,0.000675,4.350000000000001e-06,6.75,43.50000000000001,-0.06927474132375093,529390198336639.5
p2_bulk_nta_5e19_common_primary,NTA 5e19 common-primary state,top_primary,interface_4x,T03_P2_BULK_TRAPS_FORMAL,enabled_symmetric_teaching_top_stack,0.0,0.01,0.0,0.3,channel,0.000675,4.425e-06,6.75,44.25,-0.06729945106347607,571425098676561.5
p2_bulk_nta_5e19_common_primary,NTA 5e19 common-primary state,top_primary,interface_4x,T03_P2_BULK_TRAPS_FORMAL,enabled_symmetric_teaching_top_stack,0.0,0.01,0.0,0.3,channel,0.000675,4.5e-06,6.75,45.0,-0.06512687812094897,621522608353095.4
p2_bulk_nta_5e19_common_primary,NTA 5e19 common-primary state,top_primary,interface_4x,T03_P2_BULK_TRAPS_FORMAL,enabled_symmetric_teaching_top_stack,0.0,0.01,0.0,0.3,channel,0.000675,4.575e-06,6.75,45.75,-0.06275128294019136,681342019841491.0
p2_bulk_nta_5e19_common_primary,NTA 5e19 common-primary state,top_primary,interface_4x,T03_P2_BULK_TRAPS_FORMAL,enabled_symmetric_teaching_top_stack,0.0,0.01,0.0,0.3,channel,0.000675,4.65e-06,6.75,46.50000000000001,-0.0601662057670474,752995808674792.9
p2_bulk_nta_5e19_common_primary,NTA 5e19 common-primary state,top_primary,interface_4x,T03_P2_BULK_TRAPS_FORMAL,enabled_symmetric_teaching_top_stack,0.0,0.01,0.0,0.3,channel,0.000675,4.7250000000000005e-06,6.75,47.25000000000001,-0.05736439210273949,839191269101288.6
p2_bulk_nta_5e19_common_primary,NTA 5e19 common-primary state,top_primary,interface_4x,T03_P2_BULK_TRAPS_FORMAL,enabled_symmetric_teaching_top_stack,0.0,0.01,0.0,0.3,channel,0.000675,4.8e-06,6.75,48.0,-0.05433770509120932,943424305479907.4
p2_bulk_nta_5e19_common_primary,NTA 5e19 common-primary state,top_primary,interface_4x,T03_P2_BULK_TRAPS_FORMAL,enabled_symmetric_teaching_top_stack,0.0,0.01,0.0,0.3,channel,0.000675,4.875e-06,6.75,48.75,-0.05107702231987014,1070247249839299.8
p2_bulk_nta_5e19_common_primary,NTA 5e19 common-primary state,top_primary,interface_4x,T03_P2_BULK_TRAPS_FORMAL,enabled_symmetric_teaching_top_stack,0.0,0.01,0.0,0.3,channel,0.000675,4.95e-06,6.75,49.5,-0.047572113881499185,1225643004783388.0
p2_bulk_nta_5e19_common_primary,NTA 5e19 common-primary state,top_primary,interface_4x,T03_P2_BULK_TRAPS_FORMAL,enabled_symmetric_teaching_top_stack,0.0,0.01,0.0,0.3,channel,0.000675,5.025e-06,6.75,50.25,-0.04381149772761664,1417553836732110.0
p2_bulk_nta_5e19_common_primary,NTA 5e19 common-primary state,top_primary,interface_4x,T03_P2_BULK_TRAPS_FORMAL,enabled_symmetric_teaching_top_stack,0.0,0.01,0.0,0.3,channel,0.000675,5.1e-06,6.75,51.0,-0.0397822672757425,1656638134601589.0
p2_bulk_nta_5e19_common_primary,NTA 5e19 common-primary state,top_primary,interface_4x,T03_P2_BULK_TRAPS_FORMAL,enabled_symmetric_teaching_top_stack,0.0,0.01,0.0,0.3,channel,0.000675,5.1750000000000004e-06,6.75,51.75000000000001,-0.035469884822147114,1957368031817111.0
p2_bulk_nta_5e19_common_primary,NTA 5e19 common-primary state,top_primary,interface_4x,T03_P2_BULK_TRAPS_FORMAL,enabled_symmetric_teaching_top_stack,0.0,0.01,0.0,0.3,channel,0.000675,5.2500000000000006e-06,6.75,52.50000000000001,-0.030857932424806743,2339644544784728.5
p2_bulk_nta_5e19_common_primary,NTA 5e19 common-primary state,top_primary,interface_4x,T03_P2_BULK_TRAPS_FORMAL,enabled_symmetric_teaching_top_stack,0.0,0.01,0.0,0.3,channel,0.000675,5.325e-06,6.75,53.25,-0.025927809362353997,2831211434185939.0
p2_bulk_nta_5e19_common_primary,NTA 5e19 common-primary state,top_primary,interface_4x,T03_P2_BULK_TRAPS_FORMAL,enabled_symmetric_teaching_top_stack,0.0,0.01,0.0,0.3,channel,0.000675,5.4e-06,6.75,54.0,-0.020658361752478694,3471323811100251.5
p2_bulk_nta_5e19_common_primary,NTA 5e19 common-primary state,top_primary,interface_4x,T03_P2_BULK_TRAPS_FORMAL,enabled_symmetric_teaching_top_stack,0.0,0.01,0.0,0.3,channel,0.0007,3e-06,7.0,30.0,-0.07428811617298268,431656712946405.5
p2_bulk_nta_5e19_common_primary,NTA 5e19 common-primary state,top_primary,interface_4x,T03_P2_BULK_TRAPS_FORMAL,enabled_symmetric_teaching_top_stack,0.0,0.01,0.0,0.3,channel,0.0007,3.075e-06,7.0,30.750000000000004,-0.07546139904518444,412504047775285.44
p2_bulk_nta_5e19_common_primary,NTA 5e19 common-primary state,top_primary,interface_4x,T03_P2_BULK_TRAPS_FORMAL,enabled_symmetric_teaching_top_stack,0.0,0.01,0.0,0.3,channel,0.0007,3.1500000000000003e-06,7.0,31.500000000000004,-0.0764582198411963,396901154452253.94
p2_bulk_nta_5e19_common_primary,NTA 5e19 common-primary state,top_primary,interface_4x,T03_P2_BULK_TRAPS_FORMAL,enabled_symmetric_teaching_top_stack,0.0,0.01,0.0,0.3,channel,0.0007,3.225e-06,7.0,32.25,-0.07728089836423854,384469569291609.3
p2_bulk_nta_5e19_common_primary,NTA 5e19 common-primary state,top_primary,interface_4x,T03_P2_BULK_TRAPS_FORMAL,enabled_symmetric_teaching_top_stack,0.0,0.01,0.0,0.3,channel,0.0007,3.3e-06,7.0,33.0,-0.07793132725413332,374917097898596.75
p2_bulk_nta_5e19_common_primary,NTA 5e19 common-primary state,top_primary,interface_4x,T03_P2_BULK_TRAPS_FORMAL,enabled_symmetric_teaching_top_stack,0.0,0.01,0.0,0.3,channel,0.0007,3.3750000000000003e-06,7.0,33.75,-0.07841098900696214,368024968131470.7
p2_bulk_nta_5e19_common_primary,NTA 5e19 common-primary state,top_primary,interface_4x,T03_P2_BULK_TRAPS_FORMAL,enabled_symmetric_teaching_top_stack,0.0,0.01,0.0,0.3,channel,0.0007,3.45e-06,7.0,34.5,-0.07872096911566379,363638491120487.7
p2_bulk_nta_5e19_common_primary,NTA 5e19 common-primary state,top_primary,interface_4x,T03_P2_BULK_TRAPS_FORMAL,enabled_symmetric_teaching_top_stack,0.0,0.01,0.0,0.3,channel,0.0007,3.525e-06,7.0,35.25,-0.0788619655854619,361660610017971.5
p2_bulk_nta_5e19_common_primary,NTA 5e19 common-primary state,top_primary,interface_4x,T03_P2_BULK_TRAPS_FORMAL,enabled_symmetric_teaching_top_stack,0.0,0.01,0.0,0.3,channel,0.0007,3.6000000000000003e-06,7.0,36.0,-0.0788342950051827,362047919099672.7
p2_bulk_nta_5e19_common_primary,NTA 5e19 common-primary state,top_primary,interface_4x,T03_P2_BULK_TRAPS_FORMAL,enabled_symmetric_teaching_top_stack,0.0,0.01,0.0,0.3,channel,0.0007,3.6750000000000004e-06,7.0,36.75000000000001,-0.07863789528875248,364808900521373.44
p2_bulk_nta_5e19_common_primary,NTA 5e19 common-primary state,top_primary,interface_4x,T03_P2_BULK_TRAPS_FORMAL,enabled_symmetric_teaching_top_stack,0.0,0.01,0.0,0.3,channel,0.0007,3.7500000000000005e-06,7.0,37.50000000000001,-0.07827232513816422,370004268044252.2
p2_bulk_nta_5e19_common_primary,NTA 5e19 common-primary state,top_primary,interface_4x,T03_P2_BULK_TRAPS_FORMAL,enabled_symmetric_teaching_top_stack,0.0,0.01,0.0,0.3,channel,0.0007,3.825000000000001e-06,7.0,38.25000000000001,-0.07773676021788203,377749439245210.0
p2_bulk_nta_5e19_common_primary,NTA 5e19 common-primary state,top_primary,interface_4x,T03_P2_BULK_TRAPS_FORMAL,enabled_symmetric_teaching_top_stack,0.0,0.01,0.0,0.3,channel,0.0007,3.9e-06,7.0,39.0,-0.0770299859690031,388219291831242.5
p2_bulk_nta_5e19_common_primary,NTA 5e19 common-primary state,top_primary,interface_4x,T03_P2_BULK_TRAPS_FORMAL,enabled_symmetric_teaching_top_stack,0.0,0.01,0.0,0.3,channel,0.0007,3.975e-06,7.0,39.75,-0.07615038692749684,401655507611080.75
p2_bulk_nta_5e19_common_primary,NTA 5e19 common-primary state,top_primary,interface_4x,T03_P2_BULK_TRAPS_FORMAL,enabled_symmetric_teaching_top_stack,0.0,0.01,0.0,0.3,channel,0.0007,4.05e-06,7.0,40.5,-0.07509593234234767,418376983015895.9
p2_bulk_nta_5e19_common_primary,NTA 5e19 common-primary state,top_primary,interface_4x,T03_P2_BULK_TRAPS_FORMAL,enabled_symmetric_teaching_top_stack,0.0,0.01,0.0,0.3,channel,0.0007,4.125e-06,7.0,41.25,-0.07386415781406164,438794004688083.94
p2_bulk_nta_5e19_common_primary,NTA 5e19 common-primary state,top_primary,interface_4x,T03_P2_BULK_TRAPS_FORMAL,enabled_symmetric_teaching_top_stack,0.0,0.01,0.0,0.3,channel,0.0007,4.2000000000000004e-06,7.0,42.00000000000001,-0.07245214258902258,463427174952677.94
p2_bulk_nta_5e19_common_primary,NTA 5e19 common-primary state,top_primary,interface_4x,T03_P2_BULK_TRAPS_FORMAL,enabled_symmetric_teaching_top_stack,0.0,0.01,0.0,0.3,channel,0.0007,4.2750000000000006e-06,7.0,42.75000000000001,-0.07085648204733781,492932455890296.94
p2_bulk_nta_5e19_common_primary,NTA 5e19 common-primary state,top_primary,interface_4x,T03_P2_BULK_TRAPS_FORMAL,enabled_symmetric_teaching_top_stack,0.0,0.01,0.0,0.3,channel,0.0007,4.350000000000001e-06,7.0,43.50000000000001,-0.06907325480711943,528134226234228.06
p2_bulk_nta_5e19_common_primary,NTA 5e19 common-primary state,top_primary,interface_4x,T03_P2_BULK_TRAPS_FORMAL,enabled_symmetric_teaching_top_stack,0.0,0.01,0.0,0.3,channel,0.0007,4.425e-06,7.0,44.25,-0.06709798373164592,570068976211881.1
p2_bulk_nta_5e19_common_primary,NTA 5e19 common-primary state,top_primary,interface_4x,T03_P2_BULK_TRAPS_FORMAL,enabled_symmetric_teaching_top_stack,0.0,0.01,0.0,0.3,channel,0.0007,4.5e-06,7.0,45.0,-0.06492558996125267,620043295697741.9
p2_bulk_nta_5e19_common_primary,NTA 5e19 common-primary state,top_primary,interface_4x,T03_P2_BULK_TRAPS_FORMAL,enabled_symmetric_teaching_top_stack,0.0,0.01,0.0,0.3,channel,0.0007,4.575e-06,7.0,45.75,-0.06255033889101844,679711280881894.1
p2_bulk_nta_5e19_common_primary,NTA 5e19 common-primary state,top_primary,interface_4x,T03_P2_BULK_TRAPS_FORMAL,enabled_symmetric_teaching_top_stack,0.0,0.01,0.0,0.3,channel,0.0007,4.65e-06,7.0,46.50000000000001,-0.05996577676779366,751178606067327.2
p2_bulk_nta_5e19_common_primary,NTA 5e19 common-primary state,top_primary,interface_4x,T03_P2_BULK_TRAPS_FORMAL,enabled_symmetric_teaching_top_stack,0.0,0.01,0.0,0.3,channel,0.0007,4.7250000000000005e-06,7.0,47.25000000000001,-0.057164656271923166,837143604646439.4
p2_bulk_nta_5e19_common_primary,NTA 5e19 common-primary state,top_primary,interface_4x,T03_P2_BULK_TRAPS_FORMAL,enabled_symmetric_teaching_top_stack,0.0,0.01,0.0,0.3,channel,0.0007,4.8e-06,7.0,48.0,-0.054138849061568906,941090279782191.0
p2_bulk_nta_5e19_common_primary,NTA 5e19 common-primary state,top_primary,interface_4x,T03_P2_BULK_TRAPS_FORMAL,enabled_symmetric_teaching_top_stack,0.0,0.01,0.0,0.3,channel,0.0007,4.875e-06,7.0,48.75,-0.05087924276582244,1067555011142202.6
p2_bulk_nta_5e19_common_primary,NTA 5e19 common-primary state,top_primary,interface_4x,T03_P2_BULK_TRAPS_FORMAL,enabled_symmetric_teaching_top_stack,0.0,0.01,0.0,0.3,channel,0.0007,4.95e-06,7.0,49.5,-0.04737561928285068,1222499098492190.5
p2_bulk_nta_5e19_common_primary,NTA 5e19 common-primary state,top_primary,interface_4x,T03_P2_BULK_TRAPS_FORMAL,enabled_symmetric_teaching_top_stack,0.0,0.01,0.0,0.3,channel,0.0007,5.025e-06,7.0,50.25,-0.04361651042454584,1413835222714218.5
p2_bulk_nta_5e19_common_primary,NTA 5e19 common-primary state,top_primary,interface_4x,T03_P2_BULK_TRAPS_FORMAL,enabled_symmetric_teaching_top_stack,0.0,0.01,0.0,0.3,channel,0.0007,5.1e-06,7.0,51.0,-0.03958902588473183,1652180756396158.5
p2_bulk_nta_5e19_common_primary,NTA 5e19 common-primary state,top_primary,interface_4x,T03_P2_BULK_TRAPS_FORMAL,enabled_symmetric_teaching_top_stack,0.0,0.01,0.0,0.3,channel,0.0007,5.1750000000000004e-06,7.0,51.75000000000001,-0.03527864710207146,1951950212086741.8
p2_bulk_nta_5e19_common_primary,NTA 5e19 common-primary state,top_primary,interface_4x,T03_P2_BULK_TRAPS_FORMAL,enabled_symmetric_teaching_top_stack,0.0,0.01,0.0,0.3,channel,0.0007,5.2500000000000006e-06,7.0,52.50000000000001,-0.03066897870872599,2332962493321576.5
p2_bulk_nta_5e19_common_primary,NTA 5e19 common-primary state,top_primary,interface_4x,T03_P2_BULK_TRAPS_FORMAL,enabled_symmetric_teaching_top_stack,0.0,0.01,0.0,0.3,channel,0.0007,5.325e-06,7.0,53.25,-0.025741446706581312,2822842523754851.0
p2_bulk_nta_5e19_common_primary,NTA 5e19 common-primary state,top_primary,interface_4x,T03_P2_BULK_TRAPS_FORMAL,enabled_symmetric_teaching_top_stack,0.0,0.01,0.0,0.3,channel,0.0007,5.4e-06,7.0,54.0,-0.020474929004491334,3460670529034817.5
p2_bulk_nta_5e19_common_primary,NTA 5e19 common-primary state,top_primary,interface_4x,T03_P2_BULK_TRAPS_FORMAL,enabled_symmetric_teaching_top_stack,0.0,0.01,0.0,0.3,channel,0.0007250000000000001,3e-06,7.250000000000001,30.0,-0.07411221184952253,430194815464371.25
p2_bulk_nta_5e19_common_primary,NTA 5e19 common-primary state,top_primary,interface_4x,T03_P2_BULK_TRAPS_FORMAL,enabled_symmetric_teaching_top_stack,0.0,0.01,0.0,0.3,channel,0.0007250000000000001,3.075e-06,7.250000000000001,30.750000000000004,-0.07528260852063916,411152914759259.9
p2_bulk_nta_5e19_common_primary,NTA 5e19 common-primary state,top_primary,interface_4x,T03_P2_BULK_TRAPS_FORMAL,enabled_symmetric_teaching_top_stack,0.0,0.01,0.0,0.3,channel,0.0007250000000000001,3.1500000000000003e-06,7.250000000000001,31.500000000000004,-0.07627674163900504,395642258224477.94
p2_bulk_nta_5e19_common_primary,NTA 5e19 common-primary state,top_primary,interface_4x,T03_P2_BULK_TRAPS_FORMAL,enabled_symmetric_teaching_top_stack,0.0,0.01,0.0,0.3,channel,0.0007250000000000001,3.225e-06,7.250000000000001,32.25,-0.07709692231237489,383287135577219.2
p2_bulk_nta_5e19_common_primary,NTA 5e19 common-primary state,top_primary,interface_4x,T03_P2_BULK_TRAPS_FORMAL,enabled_symmetric_teaching_top_stack,0.0,0.01,0.0,0.3,channel,0.0007250000000000001,3.3e-06,7.250000000000001,33.0,-0.07774503550580021,373797524214413.0
p2_bulk_nta_5e19_common_primary,NTA 5e19 common-primary state,top_primary,interface_4x,T03_P2_BULK_TRAPS_FORMAL,enabled_symmetric_teaching_top_stack,0.0,0.01,0.0,0.3,channel,0.0007250000000000001,3.3750000000000003e-06,7.250000000000001,33.75,-0.07822255697290746,366956354695830.2
p2_bulk_nta_5e19_common_primary,NTA 5e19 common-primary state,top_primary,interface_4x,T03_P2_BULK_TRAPS_FORMAL,enabled_symmetric_teaching_top_stack,0.0,0.01,0.0,0.3,channel,0.0007250000000000001,3.45e-06,7.250000000000001,34.5,-0.07853056632240145,362610256036956.06
p2_bulk_nta_5e19_common_primary,NTA 5e19 common-primary state,top_primary,interface_4x,T03_P2_BULK_TRAPS_FORMAL,enabled_symmetric_teaching_top_stack,0.0,0.01,0.0,0.3,channel,0.0007250000000000001,3.525e-06,7.250000000000001,35.25,-0.07866975647195693,360663166877165.1
p2_bulk_nta_5e19_common_primary,NTA 5e19 common-primary state,top_primary,interface_4x,T03_P2_BULK_TRAPS_FORMAL,enabled_symmetric_teaching_top_stack,0.0,0.01,0.0,0.3,channel,0.0007250000000000001,3.6000000000000003e-06,7.250000000000001,36.0,-0.0786404396691886,361072399677434.06
p2_bulk_nta_5e19_common_primary,NTA 5e19 common-primary state,top_primary,interface_4x,T03_P2_BULK_TRAPS_FORMAL,enabled_symmetric_teaching_top_stack,0.0,0.01,0.0,0.3,channel,0.0007250000000000001,3.6750000000000004e-06,7.250000000000001,36.75000000000001,-0.078442550192922,363846908390532.6
p2_bulk_nta_5e19_common_primary,NTA 5e19 common-primary state,top_primary,interface_4x,T03_P2_BULK_TRAPS_FORMAL,enabled_symmetric_teaching_top_stack,0.0,0.01,0.0,0.3,channel,0.0007250000000000001,3.7500000000000005e-06,7.250000000000001,37.50000000000001,-0.07807564378525156,369047650968189.94
p2_bulk_nta_5e19_common_primary,NTA 5e19 common-primary state,top_primary,interface_4x,T03_P2_BULK_TRAPS_FORMAL,enabled_symmetric_teaching_top_stack,0.0,0.01,0.0,0.3,channel,0.0007250000000000001,3.825000000000001e-06,7.250000000000001,38.25000000000001,-0.07753889380378733,376790069376035.2
p2_bulk_nta_5e19_common_primary,NTA 5e19 common-primary state,top_primary,interface_4x,T03_P2_BULK_TRAPS_FORMAL,enabled_symmetric_teaching_top_stack,0.0,0.01,0.0,0.3,channel,0.0007250000000000001,3.9e-06,7.250000000000001,39.0,-0.07683108402206035,387248843093718.9
p2_bulk_nta_5e19_common_primary,NTA 5e19 common-primary state,top_primary,interface_4x,T03_P2_BULK_TRAPS_FORMAL,enabled_symmetric_teaching_top_stack,0.0,0.01,0.0,0.3,channel,0.0007250000000000001,3.975e-06,7.250000000000001,39.75,-0.07595059794226551,400665219235637.8
p2_bulk_nta_5e19_common_primary,NTA 5e19 common-primary state,top_primary,interface_4x,T03_P2_BULK_TRAPS_FORMAL,enabled_symmetric_teaching_top_stack,0.0,0.01,0.0,0.3,channel,0.0007250000000000001,4.05e-06,7.250000000000001,40.5,-0.0748954044162345,417357396931368.1
p2_bulk_nta_5e19_common_primary,NTA 5e19 common-primary state,top_primary,interface_4x,T03_P2_BULK_TRAPS_FORMAL,enabled_symmetric_teaching_top_stack,0.0,0.01,0.0,0.3,channel,0.0007250000000000001,4.125e-06,7.250000000000001,41.25,-0.07366303929538148,437734662249945.56
p2_bulk_nta_5e19_common_primary,NTA 5e19 common-primary state,top_primary,interface_4x,T03_P2_BULK_TRAPS_FORMAL,enabled_symmetric_teaching_top_stack,0.0,0.01,0.0,0.3,channel,0.0007250000000000001,4.2000000000000004e-06,7.250000000000001,42.00000000000001,-0.07225058274562161,462316255007579.6
p2_bulk_nta_5e19_common_primary,NTA 5e19 common-primary state,top_primary,interface_4x,T03_P2_BULK_TRAPS_FORMAL,enabled_symmetric_teaching_top_stack,0.0,0.01,0.0,0.3,channel,0.0007250000000000001,4.2750000000000006e-06,7.250000000000001,42.75000000000001,-0.07065463176567842,491756331055444.75
p2_bulk_nta_5e19_common_primary,NTA 5e19 common-primary state,top_primary,interface_4x,T03_P2_BULK_TRAPS_FORMAL,enabled_symmetric_teaching_top_stack,0.0,0.01,0.0,0.3,channel,0.0007250000000000001,4.350000000000001e-06,7.250000000000001,43.50000000000001,-0.06887126733280322,526876906881338.9
p2_bulk_nta_5e19_common_primary,NTA 5e19 common-primary state,top_primary,interface_4x,T03_P2_BULK_TRAPS_FORMAL,enabled_symmetric_teaching_top_stack,0.0,0.01,0.0,0.3,channel,0.0007250000000000001,4.425e-06,7.250000000000001,44.25,-0.06689601546378685,568711401059884.1
p2_bulk_nta_5e19_common_primary,NTA 5e19 common-primary state,top_primary,interface_4x,T03_P2_BULK_TRAPS_FORMAL,enabled_symmetric_teaching_top_stack,0.0,0.01,0.0,0.3,channel,0.0007250000000000001,4.5e-06,7.250000000000001,45.0,-0.06472380131498418,618562412739372.1
p2_bulk_nta_5e19_common_primary,NTA 5e19 common-primary state,top_primary,interface_4x,T03_P2_BULK_TRAPS_FORMAL,enabled_symmetric_teaching_top_stack,0.0,0.01,0.0,0.3,channel,0.0007250000000000001,4.575e-06,7.250000000000001,45.75,-0.062348895244830886,678078840488251.5
p2_bulk_nta_5e19_common_primary,NTA 5e19 common-primary state,top_primary,interface_4x,T03_P2_BULK_TRAPS_FORMAL,enabled_symmetric_teaching_top_stack,0.0,0.01,0.0,0.3,channel,0.0007250000000000001,4.65e-06,7.250000000000001,46.50000000000001,-0.05976484951549129,749359556320122.4
p2_bulk_nta_5e19_common_primary,NTA 5e19 common-primary state,top_primary,interface_4x,T03_P2_BULK_TRAPS_FORMAL,enabled_symmetric_teaching_top_stack,0.0,0.01,0.0,0.3,channel,0.0007250000000000001,4.7250000000000005e-06,7.250000000000001,47.25000000000001,-0.05696442400295527,835093932296766.1
p2_bulk_nta_5e19_common_primary,NTA 5e19 common-primary state,top_primary,interface_4x,T03_P2_BULK_TRAPS_FORMAL,enabled_symmetric_teaching_top_stack,0.0,0.01,0.0,0.3,channel,0.0007250000000000001,4.8e-06,7.250000000000001,48.0,-0.05393949889858193,938754071024965.9
p2_bulk_nta_5e19_common_primary,NTA 5e19 common-primary state,top_primary,interface_4x,T03_P2_BULK_TRAPS_FORMAL,enabled_symmetric_teaching_top_stack,0.0,0.01,0.0,0.3,channel,0.0007250000000000001,4.875e-06,7.250000000000001,48.75,-0.050680971894848034,1064860402465685.8
p2_bulk_nta_5e19_common_primary,NTA 5e19 common-primary state,top_primary,interface_4x,T03_P2_BULK_TRAPS_FORMAL,enabled_symmetric_teaching_top_stack,0.0,0.01,0.0,0.3,channel,0.0007250000000000001,4.95e-06,7.250000000000001,49.5,-0.047178636720064435,1219352629735346.5
p2_bulk_nta_5e19_common_primary,NTA 5e19 common-primary state,top_primary,interface_4x,T03_P2_BULK_TRAPS_FORMAL,enabled_symmetric_teaching_top_stack,0.0,0.01,0.0,0.3,channel,0.0007250000000000001,5.025e-06,7.250000000000001,50.25,-0.04342103907466112,1410113860467973.0
p2_bulk_nta_5e19_common_primary,NTA 5e19 common-primary state,top_primary,interface_4x,T03_P2_BULK_TRAPS_FORMAL,enabled_symmetric_teaching_top_stack,0.0,0.01,0.0,0.3,channel,0.0007250000000000001,5.1e-06,7.250000000000001,51.0,-0.039395304960759006,1647720473664129.8
p2_bulk_nta_5e19_common_primary,NTA 5e19 common-primary state,top_primary,interface_4x,T03_P2_BULK_TRAPS_FORMAL,enabled_symmetric_teaching_top_stack,0.0,0.01,0.0,0.3,channel,0.0007250000000000001,5.1750000000000004e-06,7.250000000000001,51.75000000000001,-0.03508693499570472,1946529401614484.8
p2_bulk_nta_5e19_common_primary,NTA 5e19 common-primary state,top_primary,interface_4x,T03_P2_BULK_TRAPS_FORMAL,enabled_symmetric_teaching_top_stack,0.0,0.01,0.0,0.3,channel,0.0007250000000000001,5.2500000000000006e-06,7.250000000000001,52.50000000000001,-0.030479556426960357,2326277506283609.0
p2_bulk_nta_5e19_common_primary,NTA 5e19 common-primary state,top_primary,interface_4x,T03_P2_BULK_TRAPS_FORMAL,enabled_symmetric_teaching_top_stack,0.0,0.01,0.0,0.3,channel,0.0007250000000000001,5.325e-06,7.250000000000001,53.25,-0.02555462202618054,2814470998625919.5
p2_bulk_nta_5e19_common_primary,NTA 5e19 common-primary state,top_primary,interface_4x,T03_P2_BULK_TRAPS_FORMAL,enabled_symmetric_teaching_top_stack,0.0,0.01,0.0,0.3,channel,0.0007250000000000001,5.4e-06,7.250000000000001,54.0,-0.020291041545904845,3450015435798020.5
p2_bulk_nta_5e19_common_primary,NTA 5e19 common-primary state,top_primary,interface_4x,T03_P2_BULK_TRAPS_FORMAL,enabled_symmetric_teaching_top_stack,0.0,0.01,0.0,0.3,channel,0.00075,3e-06,7.5,30.0,-0.07393587149587652,428733199509445.9
p2_bulk_nta_5e19_common_primary,NTA 5e19 common-primary state,top_primary,interface_4x,T03_P2_BULK_TRAPS_FORMAL,enabled_symmetric_teaching_top_stack,0.0,0.01,0.0,0.3,channel,0.00075,3.075e-06,7.5,30.750000000000004,-0.07510337477176296,409801858030777.5
p2_bulk_nta_5e19_common_primary,NTA 5e19 common-primary state,top_primary,interface_4x,T03_P2_BULK_TRAPS_FORMAL,enabled_symmetric_teaching_top_stack,0.0,0.01,0.0,0.3,channel,0.00075,3.1500000000000003e-06,7.5,31.500000000000004,-0.07609481344667803,394383272565394.2
p2_bulk_nta_5e19_common_primary,NTA 5e19 common-primary state,top_primary,interface_4x,T03_P2_BULK_TRAPS_FORMAL,enabled_symmetric_teaching_top_stack,0.0,0.01,0.0,0.3,channel,0.00075,3.225e-06,7.5,32.25,-0.07691248992513539,382104476904631.7
p2_bulk_nta_5e19_common_primary,NTA 5e19 common-primary state,top_primary,interface_4x,T03_P2_BULK_TRAPS_FORMAL,enabled_symmetric_teaching_top_stack,0.0,0.01,0.0,0.3,channel,0.00075,3.3e-06,7.5,33.0,-0.07755828149032785,372677613043776.9
p2_bulk_nta_5e19_common_primary,NTA 5e19 common-primary state,top_primary,interface_4x,T03_P2_BULK_TRAPS_FORMAL,enabled_symmetric_teaching_top_stack,0.0,0.01,0.0,0.3,channel,0.00075,3.3750000000000003e-06,7.5,33.75,-0.07803365714708192,365887308642922.44
p2_bulk_nta_5e19_common_primary,NTA 5e19 common-primary state,top_primary,interface_4x,T03_P2_BULK_TRAPS_FORMAL,enabled_symmetric_teaching_top_stack,0.0,0.01,0.0,0.3,channel,0.00075,3.45e-06,7.5,34.5,-0.07833969061431216,361581506192472.9
p2_bulk_nta_5e19_common_primary,NTA 5e19 common-primary state,top_primary,interface_4x,T03_P2_BULK_TRAPS_FORMAL,enabled_symmetric_teaching_top_stack,0.0,0.01,0.0,0.3,channel,0.00075,3.525e-06,7.5,35.25,-0.0784770697174157,359665136300444.44
p2_bulk_nta_5e19_common_primary,NTA 5e19 common-primary state,top_primary,interface_4x,T03_P2_BULK_TRAPS_FORMAL,enabled_symmetric_teaching_top_stack,0.0,0.01,0.0,0.3,channel,0.00075,3.6000000000000003e-06,7.5,36.0,-0.07844610235892968,360096226761623.5
p2_bulk_nta_5e19_common_primary,NTA 5e19 common-primary state,top_primary,interface_4x,T03_P2_BULK_TRAPS_FORMAL,enabled_symmetric_teaching_top_stack,0.0,0.01,0.0,0.3,channel,0.00075,3.6750000000000004e-06,7.5,36.75000000000001,-0.07824671917960949,362884200970387.44
p2_bulk_nta_5e19_common_primary,NTA 5e19 common-primary state,top_primary,interface_4x,T03_P2_BULK_TRAPS_FORMAL,enabled_symmetric_teaching_top_stack,0.0,0.01,0.0,0.3,channel,0.00075,3.7500000000000005e-06,7.5,37.50000000000001,-0.0778784729596131,368090259078200.44
p2_bulk_nta_5e19_common_primary,NTA 5e19 common-primary state,top_primary,interface_4x,T03_P2_BULK_TRAPS_FORMAL,enabled_symmetric_teaching_top_stack,0.0,0.01,0.0,0.3,channel,0.00075,3.825000000000001e-06,7.5,38.25000000000001,-0.07734053474862747,375829865710746.56
p2_bulk_nta_5e19_common_primary,NTA 5e19 common-primary state,top_primary,interface_4x,T03_P2_BULK_TRAPS_FORMAL,enabled_symmetric_teaching_top_stack,0.0,0.01,0.0,0.3,channel,0.00075,3.9e-06,7.5,39.0,-0.07663168665255876,386277500572896.2
p2_bulk_nta_5e19_common_primary,NTA 5e19 common-primary state,top_primary,interface_4x,T03_P2_BULK_TRAPS_FORMAL,enabled_symmetric_teaching_top_stack,0.0,0.01,0.0,0.3,channel,0.00075,3.975e-06,7.5,39.75,-0.0757503111408262,399673974653769.75
p2_bulk_nta_5e19_common_primary,NTA 5e19 common-primary state,top_primary,interface_4x,T03_P2_BULK_TRAPS_FORMAL,enabled_symmetric_teaching_top_stack,0.0,0.01,0.0,0.3,channel,0.00075,4.05e-06,7.5,40.5,-0.07469437667021962,416336788414651.3
p2_bulk_nta_5e19_common_primary,NTA 5e19 common-primary state,top_primary,interface_4x,T03_P2_BULK_TRAPS_FORMAL,enabled_symmetric_teaching_top_stack,0.0,0.01,0.0,0.3,channel,0.00075,4.125e-06,7.5,41.25,-0.07346141934634709,436674226006819.1
p2_bulk_nta_5e19_common_primary,NTA 5e19 common-primary state,top_primary,interface_4x,T03_P2_BULK_TRAPS_FORMAL,enabled_symmetric_teaching_top_stack,0.0,0.01,0.0,0.3,channel,0.00075,4.2000000000000004e-06,7.5,42.00000000000001,-0.07204852025918942,461204163383153.94
p2_bulk_nta_5e19_common_primary,NTA 5e19 common-primary state,top_primary,interface_4x,T03_P2_BULK_TRAPS_FORMAL,enabled_symmetric_teaching_top_stack,0.0,0.01,0.0,0.3,channel,0.00075,4.2750000000000006e-06,7.5,42.75000000000001,-0.07045227803195445,490578948778787.25
p2_bulk_nta_5e19_common_primary,NTA 5e19 common-primary state,top_primary,interface_4x,T03_P2_BULK_TRAPS_FORMAL,enabled_symmetric_teaching_top_stack,0.0,0.01,0.0,0.3,channel,0.00075,4.350000000000001e-06,7.5,43.50000000000001,-0.06866877600833385,525618235008841.0
p2_bulk_nta_5e19_common_primary,NTA 5e19 common-primary state,top_primary,interface_4x,T03_P2_BULK_TRAPS_FORMAL,enabled_symmetric_teaching_top_stack,0.0,0.01,0.0,0.3,channel,0.00075,4.425e-06,7.5,44.25,-0.06669354336748062,567352367538616.6
p2_bulk_nta_5e19_common_primary,NTA 5e19 common-primary state,top_primary,interface_4x,T03_P2_BULK_TRAPS_FORMAL,enabled_symmetric_teaching_top_stack,0.0,0.01,0.0,0.3,channel,0.00075,4.5e-06,7.5,45.0,-0.06452150929230169,617079953346480.0
p2_bulk_nta_5e19_common_primary,NTA 5e19 common-primary state,top_primary,interface_4x,T03_P2_BULK_TRAPS_FORMAL,enabled_symmetric_teaching_top_stack,0.0,0.01,0.0,0.3,channel,0.00075,4.575e-06,7.5,45.75,-0.062146949116960185,676444692040389.1
p2_bulk_nta_5e19_common_primary,NTA 5e19 common-primary state,top_primary,interface_4x,T03_P2_BULK_TRAPS_FORMAL,enabled_symmetric_teaching_top_stack,0.0,0.01,0.0,0.3,channel,0.00075,4.65e-06,7.5,46.50000000000001,-0.05956342113332309,747538652284409.5
p2_bulk_nta_5e19_common_primary,NTA 5e19 common-primary state,top_primary,interface_4x,T03_P2_BULK_TRAPS_FORMAL,enabled_symmetric_teaching_top_stack,0.0,0.01,0.0,0.3,channel,0.00075,4.7250000000000005e-06,7.5,47.25000000000001,-0.056763692429640314,833042244336840.8
p2_bulk_nta_5e19_common_primary,NTA 5e19 common-primary state,top_primary,interface_4x,T03_P2_BULK_TRAPS_FORMAL,enabled_symmetric_teaching_top_stack,0.0,0.01,0.0,0.3,channel,0.00075,4.8e-06,7.5,48.0,-0.05373965174954977,936415670894314.4
p2_bulk_nta_5e19_common_primary,NTA 5e19 common-primary state,top_primary,interface_4x,T03_P2_BULK_TRAPS_FORMAL,enabled_symmetric_teaching_top_stack,0.0,0.01,0.0,0.3,channel,0.00075,4.875e-06,7.5,48.75,-0.050482206870738684,1062163414878763.9
p2_bulk_nta_5e19_common_primary,NTA 5e19 common-primary state,top_primary,interface_4x,T03_P2_BULK_TRAPS_FORMAL,enabled_symmetric_teaching_top_stack,0.0,0.01,0.0,0.3,channel,0.00075,4.95e-06,7.5,49.5,-0.04698116337654965,1216203588970559.2
p2_bulk_nta_5e19_common_primary,NTA 5e19 common-primary state,top_primary,interface_4x,T03_P2_BULK_TRAPS_FORMAL,enabled_symmetric_teaching_top_stack,0.0,0.01,0.0,0.3,channel,0.00075,5.025e-06,7.5,50.25,-0.04322508088426657,1406389739887153.5
p2_bulk_nta_5e19_common_primary,NTA 5e19 common-primary state,top_primary,interface_4x,T03_P2_BULK_TRAPS_FORMAL,enabled_symmetric_teaching_top_stack,0.0,0.01,0.0,0.3,channel,0.00075,5.1e-06,7.5,51.0,-0.039201101736469464,1643257275851160.2
p2_bulk_nta_5e19_common_primary,NTA 5e19 common-primary state,top_primary,interface_4x,T03_P2_BULK_TRAPS_FORMAL,enabled_symmetric_teaching_top_stack,0.0,0.01,0.0,0.3,channel,0.00075,5.1750000000000004e-06,7.5,51.75000000000001,-0.03489474576566997,1941105589623190.2
p2_bulk_nta_5e19_common_primary,NTA 5e19 common-primary state,top_primary,interface_4x,T03_P2_BULK_TRAPS_FORMAL,enabled_symmetric_teaching_top_stack,0.0,0.01,0.0,0.3,channel,0.00075,5.2500000000000006e-06,7.5,52.50000000000001,-0.030289662875959796,2319589573068250.5
p2_bulk_nta_5e19_common_primary,NTA 5e19 common-primary state,top_primary,interface_4x,T03_P2_BULK_TRAPS_FORMAL,enabled_symmetric_teaching_top_stack,0.0,0.01,0.0,0.3,channel,0.00075,5.325e-06,7.5,53.25,-0.025367332655516488,2806096849034631.0
p2_bulk_nta_5e19_common_primary,NTA 5e19 common-primary state,top_primary,interface_4x,T03_P2_BULK_TRAPS_FORMAL,enabled_symmetric_teaching_top_stack,0.0,0.01,0.0,0.3,channel,0.00075,5.4e-06,7.5,54.0,-0.02010669675335416,3439358523531750.5
p2_bulk_nta_5e19_common_primary,NTA 5e19 common-primary state,top_primary,interface_4x,T03_P2_BULK_TRAPS_FORMAL,enabled_symmetric_teaching_top_stack,0.0,0.01,0.0,0.3,channel,0.000775,3e-06,7.75,30.0,-0.07375909259124706,427271865434978.94
p2_bulk_nta_5e19_common_primary,NTA 5e19 common-primary state,top_primary,interface_4x,T03_P2_BULK_TRAPS_FORMAL,enabled_symmetric_teaching_top_stack,0.0,0.01,0.0,0.3,channel,0.000775,3.075e-06,7.75,30.750000000000004,-0.0749236952361057,408450877496216.4
p2_bulk_nta_5e19_common_primary,NTA 5e19 common-primary state,top_primary,interface_4x,T03_P2_BULK_TRAPS_FORMAL,enabled_symmetric_teaching_top_stack,0.0,0.01,0.0,0.3,channel,0.000775,3.1500000000000003e-06,7.75,31.500000000000004,-0.0759124326624844,393124196974776.9
p2_bulk_nta_5e19_common_primary,NTA 5e19 common-primary state,top_primary,interface_4x,T03_P2_BULK_TRAPS_FORMAL,enabled_symmetric_teaching_top_stack,0.0,0.01,0.0,0.3,channel,0.000775,3.225e-06,7.75,32.25,-0.07672759856385288,380921592403396.2
p2_bulk_nta_5e19_common_primary,NTA 5e19 common-primary state,top_primary,interface_4x,T03_P2_BULK_TRAPS_FORMAL,enabled_symmetric_teaching_top_stack,0.0,0.01,0.0,0.3,channel,0.000775,3.3e-06,7.75,33.0,-0.0773710625344327,371557363177520.44
p2_bulk_nta_5e19_common_primary,NTA 5e19 common-primary state,top_primary,interface_4x,T03_P2_BULK_TRAPS_FORMAL,enabled_symmetric_teaching_top_stack,0.0,0.01,0.0,0.3,channel,0.000775,3.3750000000000003e-06,7.75,33.75,-0.07784428682388429,364817828451181.25
p2_bulk_nta_5e19_common_primary,NTA 5e19 common-primary state,top_primary,interface_4x,T03_P2_BULK_TRAPS_FORMAL,enabled_symmetric_teaching_top_stack,0.0,0.01,0.0,0.3,channel,0.000775,3.45e-06,7.75,34.5,-0.07814833925575808,360552239774202.5
p2_bulk_nta_5e19_common_primary,NTA 5e19 common-primary state,top_primary,interface_4x,T03_P2_BULK_TRAPS_FORMAL,enabled_symmetric_teaching_top_stack,0.0,0.01,0.0,0.3,channel,0.000775,3.525e-06,7.75,35.25,-0.07828390255843083,358666516199803.4
p2_bulk_nta_5e19_common_primary,NTA 5e19 common-primary state,top_primary,interface_4x,T03_P2_BULK_TRAPS_FORMAL,enabled_symmetric_teaching_top_stack,0.0,0.01,0.0,0.3,channel,0.000775,3.6000000000000003e-06,7.75,36.0,-0.07825128028548606,359119398000359.2
p2_bulk_nta_5e19_common_primary,NTA 5e19 common-primary state,top_primary,interface_4x,T03_P2_BULK_TRAPS_FORMAL,enabled_symmetric_teaching_top_stack,0.0,0.01,0.0,0.3,channel,0.000775,3.6750000000000004e-06,7.75,36.75000000000001,-0.07805039943663385,361920775651902.8
p2_bulk_nta_5e19_common_primary,NTA 5e19 common-primary state,top_primary,interface_4x,T03_P2_BULK_TRAPS_FORMAL,enabled_symmetric_teaching_top_stack,0.0,0.01,0.0,0.3,channel,0.000775,3.7500000000000005e-06,7.75,37.50000000000001,-0.07768080982805649,367132089510456.5
p2_bulk_nta_5e19_common_primary,NTA 5e19 common-primary state,top_primary,interface_4x,T03_P2_BULK_TRAPS_FORMAL,enabled_symmetric_teaching_top_stack,0.0,0.01,0.0,0.3,channel,0.000775,3.825000000000001e-06,7.75,38.25000000000001,-0.07714168020045194,374868825128891.0
p2_bulk_nta_5e19_common_primary,NTA 5e19 common-primary state,top_primary,interface_4x,T03_P2_BULK_TRAPS_FORMAL,enabled_symmetric_teaching_top_stack,0.0,0.01,0.0,0.3,channel,0.000775,3.9e-06,7.75,39.0,-0.07643179099205107,385305260885783.7
p2_bulk_nta_5e19_common_primary,NTA 5e19 common-primary state,top_primary,interface_4x,T03_P2_BULK_TRAPS_FORMAL,enabled_symmetric_teaching_top_stack,0.0,0.01,0.0,0.3,channel,0.000775,3.975e-06,7.75,39.75,-0.07554952364050975,398681770210024.6
p2_bulk_nta_5e19_common_primary,NTA 5e19 common-primary state,top_primary,interface_4x,T03_P2_BULK_TRAPS_FORMAL,enabled_symmetric_teaching_top_stack,0.0,0.01,0.0,0.3,channel,0.000775,4.05e-06,7.75,40.5,-0.0744928462097058,415315153523919.75
p2_bulk_nta_5e19_common_primary,NTA 5e19 common-primary state,top_primary,interface_4x,T03_P2_BULK_TRAPS_FORMAL,enabled_symmetric_teaching_top_stack,0.0,0.01,0.0,0.3,channel,0.000775,4.125e-06,7.75,41.25,-0.0732592950627521,435612691712593.44
p2_bulk_nta_5e19_common_primary,NTA 5e19 common-primary state,top_primary,interface_4x,T03_P2_BULK_TRAPS_FORMAL,enabled_symmetric_teaching_top_stack,0.0,0.01,0.0,0.3,channel,0.000775,4.2000000000000004e-06,7.75,42.00000000000001,-0.07184595221826066,460090895507070.6
p2_bulk_nta_5e19_common_primary,NTA 5e19 common-primary state,top_primary,interface_4x,T03_P2_BULK_TRAPS_FORMAL,enabled_symmetric_teaching_top_stack,0.0,0.01,0.0,0.3,channel,0.000775,4.2750000000000006e-06,7.75,42.75000000000001,-0.07024941792982982,489400304135817.25
p2_bulk_nta_5e19_common_primary,NTA 5e19 common-primary state,top_primary,interface_4x,T03_P2_BULK_TRAPS_FORMAL,enabled_symmetric_teaching_top_stack,0.0,0.01,0.0,0.3,channel,0.000775,4.350000000000001e-06,7.75,43.50000000000001,-0.06846577791493834,524358205310132.8
p2_bulk_nta_5e19_common_primary,NTA 5e19 common-primary state,top_primary,interface_4x,T03_P2_BULK_TRAPS_FORMAL,enabled_symmetric_teaching_top_stack,0.0,0.01,0.0,0.3,channel,0.000775,4.425e-06,7.75,44.25,-0.06649056452400462,565991869925713.5
p2_bulk_nta_5e19_common_primary,NTA 5e19 common-primary state,top_primary,interface_4x,T03_P2_BULK_TRAPS_FORMAL,enabled_symmetric_teaching_top_stack,0.0,0.01,0.0,0.3,channel,0.000775,4.5e-06,7.75,45.0,-0.06431871097708221,615595911343978.5
p2_bulk_nta_5e19_common_primary,NTA 5e19 common-primary state,top_primary,interface_4x,T03_P2_BULK_TRAPS_FORMAL,enabled_symmetric_teaching_top_stack,0.0,0.01,0.0,0.3,channel,0.000775,4.575e-06,7.75,45.75,-0.06194449759650384,674808828871144.1
p2_bulk_nta_5e19_common_primary,NTA 5e19 common-primary state,top_primary,interface_4x,T03_P2_BULK_TRAPS_FORMAL,enabled_symmetric_teaching_top_stack,0.0,0.01,0.0,0.3,channel,0.000775,4.65e-06,7.75,46.50000000000001,-0.05936148871830972,745715886760790.1
p2_bulk_nta_5e19_common_primary,NTA 5e19 common-primary state,top_primary,interface_4x,T03_P2_BULK_TRAPS_FORMAL,enabled_symmetric_teaching_top_stack,0.0,0.01,0.0,0.3,channel,0.000775,4.7250000000000005e-06,7.75,47.25000000000001,-0.056562458659718026,830988532996748.4
p2_bulk_nta_5e19_common_primary,NTA 5e19 common-primary state,top_primary,interface_4x,T03_P2_BULK_TRAPS_FORMAL,enabled_symmetric_teaching_top_stack,0.0,0.01,0.0,0.3,channel,0.000775,4.8e-06,7.75,48.0,-0.053539304735832655,934075071017811.8
p2_bulk_nta_5e19_common_primary,NTA 5e19 common-primary state,top_primary,interface_4x,T03_P2_BULK_TRAPS_FORMAL,enabled_symmetric_teaching_top_stack,0.0,0.01,0.0,0.3,channel,0.000775,4.875e-06,7.75,48.75,-0.050282944831496076,1059464039387855.5
p2_bulk_nta_5e19_common_primary,NTA 5e19 common-primary state,top_primary,interface_4x,T03_P2_BULK_TRAPS_FORMAL,enabled_symmetric_teaching_top_stack,0.0,0.01,0.0,0.3,channel,0.000775,4.95e-06,7.75,49.5,-0.04678319641010516,1213051966588937.5
p2_bulk_nta_5e19_common_primary,NTA 5e19 common-primary state,top_primary,interface_4x,T03_P2_BULK_TRAPS_FORMAL,enabled_symmetric_teaching_top_stack,0.0,0.01,0.0,0.3,channel,0.000775,5.025e-06,7.75,50.25,-0.04302863303426547,1402662850795304.0
p2_bulk_nta_5e19_common_primary,NTA 5e19 common-primary state,top_primary,interface_4x,T03_P2_BULK_TRAPS_FORMAL,enabled_symmetric_teaching_top_stack,0.0,0.01,0.0,0.3,channel,0.000775,5.1e-06,7.75,51.0,-0.03900641341934876,1638791152329797.2
p2_bulk_nta_5e19_common_primary,NTA 5e19 common-primary state,top_primary,interface_4x,T03_P2_BULK_TRAPS_FORMAL,enabled_symmetric_teaching_top_stack,0.0,0.01,0.0,0.3,channel,0.000775,5.1750000000000004e-06,7.75,51.75000000000001,-0.03470207664970431,1935678765261132.2
p2_bulk_nta_5e19_common_primary,NTA 5e19 common-primary state,top_primary,interface_4x,T03_P2_BULK_TRAPS_FORMAL,enabled_symmetric_teaching_top_stack,0.0,0.01,0.0,0.3,channel,0.000775,5.2500000000000006e-06,7.75,52.50000000000001,-0.030099295327596996,2312898682999258.5
p2_bulk_nta_5e19_common_primary,NTA 5e19 common-primary state,top_primary,interface_4x,T03_P2_BULK_TRAPS_FORMAL,enabled_symmetric_teaching_top_stack,0.0,0.01,0.0,0.3,channel,0.000775,5.325e-06,7.75,53.25,-0.025179575904722248,2797720065147528.0
p2_bulk_nta_5e19_common_primary,NTA 5e19 common-primary state,top_primary,interface_4x,T03_P2_BULK_TRAPS_FORMAL,enabled_symmetric_teaching_top_stack,0.0,0.01,0.0,0.3,channel,0.000775,5.4e-06,7.75,54.0,-0.019921891979627106,3428699784319615.0
p2_bulk_nta_5e19_common_primary,NTA 5e19 common-primary state,top_primary,interface_4x,T03_P2_BULK_TRAPS_FORMAL,enabled_symmetric_teaching_top_stack,0.0,0.01,0.0,0.3,channel,0.0008,3e-06,8.0,30.0,-0.07358187259186212,425810813595277.06
p2_bulk_nta_5e19_common_primary,NTA 5e19 common-primary state,top_primary,interface_4x,T03_P2_BULK_TRAPS_FORMAL,enabled_symmetric_teaching_top_stack,0.0,0.01,0.0,0.3,channel,0.0008,3.075e-06,8.0,30.750000000000004,-0.0747435673278629,407099973060341.7
p2_bulk_nta_5e19_common_primary,NTA 5e19 common-primary state,top_primary,interface_4x,T03_P2_BULK_TRAPS_FORMAL,enabled_symmetric_teaching_top_stack,0.0,0.01,0.0,0.3,channel,0.0008,3.1500000000000003e-06,8.0,31.500000000000004,-0.07572959666098016,391865030948371.8
p2_bulk_nta_5e19_common_primary,NTA 5e19 common-primary state,top_primary,interface_4x,T03_P2_BULK_TRAPS_FORMAL,enabled_symmetric_teaching_top_stack,0.0,0.01,0.0,0.3,channel,0.0008,3.225e-06,8.0,32.25,-0.0765422455658091,379738481196760.25
p2_bulk_nta_5e19_common_primary,NTA 5e19 common-primary state,top_primary,interface_4x,T03_P2_BULK_TRAPS_FORMAL,enabled_symmetric_teaching_top_stack,0.0,0.01,0.0,0.3,channel,0.0008,3.3e-06,8.0,33.0,-0.07718337594046297,370436773398024.8
p2_bulk_nta_5e19_common_primary,NTA 5e19 common-primary state,top_primary,interface_4x,T03_P2_BULK_TRAPS_FORMAL,enabled_symmetric_teaching_top_stack,0.0,0.01,0.0,0.3,channel,0.0008,3.3750000000000003e-06,8.0,33.75,-0.07765444327304873,363747912588544.3
p2_bulk_nta_5e19_common_primary,NTA 5e19 common-primary state,top_primary,interface_4x,T03_P2_BULK_TRAPS_FORMAL,enabled_symmetric_teaching_top_stack,0.0,0.01,0.0,0.3,channel,0.0008,3.45e-06,8.0,34.5,-0.07795650948616085,359522454956851.06
p2_bulk_nta_5e19_common_primary,NTA 5e19 common-primary state,top_primary,interface_4x,T03_P2_BULK_TRAPS_FORMAL,enabled_symmetric_teaching_top_stack,0.0,0.01,0.0,0.3,channel,0.0008,3.525e-06,8.0,35.25,-0.07809025220639906,357667304472875.75
p2_bulk_nta_5e19_common_primary,NTA 5e19 common-primary state,top_primary,interface_4x,T03_P2_BULK_TRAPS_FORMAL,enabled_symmetric_teaching_top_stack,0.0,0.01,0.0,0.3,channel,0.0008,3.6000000000000003e-06,8.0,36.0,-0.07805597063450719,358141911025534.06
p2_bulk_nta_5e19_common_primary,NTA 5e19 common-primary state,top_primary,interface_4x,T03_P2_BULK_TRAPS_FORMAL,enabled_symmetric_teaching_top_stack,0.0,0.01,0.0,0.3,channel,0.0008,3.6750000000000004e-06,8.0,36.75000000000001,-0.07785358812616901,360956629807969.1
p2_bulk_nta_5e19_common_primary,NTA 5e19 common-primary state,top_primary,interface_4x,T03_P2_BULK_TRAPS_FORMAL,enabled_symmetric_teaching_top_stack,0.0,0.01,0.0,0.3,channel,0.0008,3.7500000000000005e-06,8.0,37.50000000000001,-0.07748265153155046,366173139381199.0
p2_bulk_nta_5e19_common_primary,NTA 5e19 common-primary state,top_primary,interface_4x,T03_P2_BULK_TRAPS_FORMAL,enabled_symmetric_teaching_top_stack,0.0,0.01,0.0,0.3,channel,0.0008,3.825000000000001e-06,8.0,38.25000000000001,-0.07694232728129813,373906944488195.1
p2_bulk_nta_5e19_common_primary,NTA 5e19 common-primary state,top_primary,interface_4x,T03_P2_BULK_TRAPS_FORMAL,enabled_symmetric_teaching_top_stack,0.0,0.01,0.0,0.3,channel,0.0008,3.9e-06,8.0,39.0,-0.07623139414592542,384332120625627.56
p2_bulk_nta_5e19_common_primary,NTA 5e19 common-primary state,top_primary,interface_4x,T03_P2_BULK_TRAPS_FORMAL,enabled_symmetric_teaching_top_stack,0.0,0.01,0.0,0.3,channel,0.0008,3.975e-06,8.0,39.75,-0.07534823253235082,397688602223167.44
p2_bulk_nta_5e19_common_primary,NTA 5e19 common-primary state,top_primary,interface_4x,T03_P2_BULK_TRAPS_FORMAL,enabled_symmetric_teaching_top_stack,0.0,0.01,0.0,0.3,channel,0.0008,4.05e-06,8.0,40.5,-0.07429081011368921,414292488289444.3
p2_bulk_nta_5e19_common_primary,NTA 5e19 common-primary state,top_primary,interface_4x,T03_P2_BULK_TRAPS_FORMAL,enabled_symmetric_teaching_top_stack,0.0,0.01,0.0,0.3,channel,0.0008,4.125e-06,8.0,41.25,-0.07305666351389438,434550055091009.2
p2_bulk_nta_5e19_common_primary,NTA 5e19 common-primary state,top_primary,interface_4x,T03_P2_BULK_TRAPS_FORMAL,enabled_symmetric_teaching_top_stack,0.0,0.01,0.0,0.3,channel,0.0008,4.2000000000000004e-06,8.0,42.00000000000001,-0.07164287568480673,458976446774459.1
p2_bulk_nta_5e19_common_primary,NTA 5e19 common-primary state,top_primary,interface_4x,T03_P2_BULK_TRAPS_FORMAL,enabled_symmetric_teaching_top_stack,0.0,0.01,0.0,0.3,channel,0.0008,4.2750000000000006e-06,8.0,42.75000000000001,-0.07004604851635986,488220392166923.4
p2_bulk_nta_5e19_common_primary,NTA 5e19 common-primary state,top_primary,interface_4x,T03_P2_BULK_TRAPS_FORMAL,enabled_symmetric_teaching_top_stack,0.0,0.01,0.0,0.3,channel,0.0008,4.350000000000001e-06,8.0,43.50000000000001,-0.06826227010721216,523096812440751.1
p2_bulk_nta_5e19_common_primary,NTA 5e19 common-primary state,top_primary,interface_4x,T03_P2_BULK_TRAPS_FORMAL,enabled_symmetric_teaching_top_stack,0.0,0.01,0.0,0.3,channel,0.0008,4.425e-06,8.0,44.25,-0.06628707598800468,564629902457976.1
p2_bulk_nta_5e19_common_primary,NTA 5e19 common-primary state,top_primary,interface_4x,T03_P2_BULK_TRAPS_FORMAL,enabled_symmetric_teaching_top_stack,0.0,0.01,0.0,0.3,channel,0.0008,4.5e-06,8.0,45.0,-0.0641154034265948,614110280512744.2
p2_bulk_nta_5e19_common_primary,NTA 5e19 common-primary state,top_primary,interface_4x,T03_P2_BULK_TRAPS_FORMAL,enabled_symmetric_teaching_top_stack,0.0,0.01,0.0,0.3,channel,0.0008,4.575e-06,8.0,45.75,-0.06174153774599922,673171244265875.5
p2_bulk_nta_5e19_common_primary,NTA 5e19 common-primary state,top_primary,interface_4x,T03_P2_BULK_TRAPS_FORMAL,enabled_symmetric_teaching_top_stack,0.0,0.01,0.0,0.3,channel,0.0008,4.65e-06,8.0,46.50000000000001,-0.05915904934098448,743891252498707.4
p2_bulk_nta_5e19_common_primary,NTA 5e19 common-primary state,top_primary,interface_4x,T03_P2_BULK_TRAPS_FORMAL,enabled_symmetric_teaching_top_stack,0.0,0.01,0.0,0.3,channel,0.0008,4.7250000000000005e-06,8.0,47.25000000000001,-0.056360719774539186,828932790451521.1
p2_bulk_nta_5e19_common_primary,NTA 5e19 common-primary state,top_primary,interface_4x,T03_P2_BULK_TRAPS_FORMAL,enabled_symmetric_teaching_top_stack,0.0,0.01,0.0,0.3,channel,0.0008,4.8e-06,8.0,48.0,-0.05333845495252712,931732262963918.6
p2_bulk_nta_5e19_common_primary,NTA 5e19 common-primary state,top_primary,interface_4x,T03_P2_BULK_TRAPS_FORMAL,enabled_symmetric_teaching_top_stack,0.0,0.01,0.0,0.3,channel,0.0008,4.875e-06,8.0,48.75,-0.05008318288901121,1056762266936132.4
p2_bulk_nta_5e19_common_primary,NTA 5e19 common-primary state,top_primary,interface_4x,T03_P2_BULK_TRAPS_FORMAL,enabled_symmetric_teaching_top_stack,0.0,0.01,0.0,0.3,channel,0.0008,4.95e-06,8.0,49.5,-0.046584732952601,1209897752914305.0
p2_bulk_nta_5e19_common_primary,NTA 5e19 common-primary state,top_primary,interface_4x,T03_P2_BULK_TRAPS_FORMAL,enabled_symmetric_teaching_top_stack,0.0,0.01,0.0,0.3,channel,0.0008,5.025e-06,8.0,50.25,-0.04283169267984451,1398933182945003.8
p2_bulk_nta_5e19_common_primary,NTA 5e19 common-primary state,top_primary,interface_4x,T03_P2_BULK_TRAPS_FORMAL,enabled_symmetric_teaching_top_stack,0.0,0.01,0.0,0.3,channel,0.0008,5.1e-06,8.0,51.0,-0.03881123719140982,1634322092398721.2
p2_bulk_nta_5e19_common_primary,NTA 5e19 common-primary state,top_primary,interface_4x,T03_P2_BULK_TRAPS_FORMAL,enabled_symmetric_teaching_top_stack,0.0,0.01,0.0,0.3,channel,0.0008,5.1750000000000004e-06,8.0,51.75000000000001,-0.034508924860349524,1930248917601236.2
p2_bulk_nta_5e19_common_primary,NTA 5e19 common-primary state,top_primary,interface_4x,T03_P2_BULK_TRAPS_FORMAL,enabled_symmetric_teaching_top_stack,0.0,0.01,0.0,0.3,channel,0.0008,5.2500000000000006e-06,8.0,52.50000000000001,-0.029908451028861895,2306204825325951.0
p2_bulk_nta_5e19_common_primary,NTA 5e19 common-primary state,top_primary,interface_4x,T03_P2_BULK_TRAPS_FORMAL,enabled_symmetric_teaching_top_stack,0.0,0.01,0.0,0.3,channel,0.0008,5.325e-06,8.0,53.25,-0.02499134905939797,2789340637061476.5
p2_bulk_nta_5e19_common_primary,NTA 5e19 common-primary state,top_primary,interface_4x,T03_P2_BULK_TRAPS_FORMAL,enabled_symmetric_teaching_top_stack,0.0,0.01,0.0,0.3,channel,0.0008,5.4e-06,8.0,54.0,-0.01973662455336796,3418039210186295.0
p2_bulk_nta_5e19_common_primary,NTA 5e19 common-primary state,top_primary,interface_4x,T03_P2_BULK_TRAPS_FORMAL,enabled_symmetric_teaching_top_stack,0.0,0.01,0.0,0.3,channel,0.000825,3e-06,8.25,30.0,-0.07340420893068857,424350044345609.6
p2_bulk_nta_5e19_common_primary,NTA 5e19 common-primary state,top_primary,interface_4x,T03_P2_BULK_TRAPS_FORMAL,enabled_symmetric_teaching_top_stack,0.0,0.01,0.0,0.3,channel,0.000825,3.075e-06,8.25,30.750000000000004,-0.07456298843758428,405749144626286.1
p2_bulk_nta_5e19_common_primary,NTA 5e19 common-primary state,top_primary,interface_4x,T03_P2_BULK_TRAPS_FORMAL,enabled_symmetric_teaching_top_stack,0.0,0.01,0.0,0.3,channel,0.000825,3.1500000000000003e-06,8.25,31.500000000000004,-0.07554630279271221,390605773977854.06
p2_bulk_nta_5e19_common_primary,NTA 5e19 common-primary state,top_primary,interface_4x,T03_P2_BULK_TRAPS_FORMAL,enabled_symmetric_teaching_top_stack,0.0,0.01,0.0,0.3,channel,0.000825,3.225e-06,8.25,32.25,-0.07635642824393467,378555142401605.6
p2_bulk_nta_5e19_common_primary,NTA 5e19 common-primary state,top_primary,interface_4x,T03_P2_BULK_TRAPS_FORMAL,enabled_symmetric_teaching_top_stack,0.0,0.01,0.0,0.3,channel,0.000825,3.3e-06,8.25,33.0,-0.0769952189860947,369315842479135.5
p2_bulk_nta_5e19_common_primary,NTA 5e19 common-primary state,top_primary,interface_4x,T03_P2_BULK_TRAPS_FORMAL,enabled_symmetric_teaching_top_stack,0.0,0.01,0.0,0.3,channel,0.000825,3.3750000000000003e-06,8.25,33.75,-0.07746412373933698,362677559512348.6
p2_bulk_nta_5e19_common_primary,NTA 5e19 common-primary state,top_primary,interface_4x,T03_P2_BULK_TRAPS_FORMAL,enabled_symmetric_teaching_top_stack,0.0,0.01,0.0,0.3,channel,0.000825,3.45e-06,8.25,34.5,-0.07776419851969046,358492149902542.1
p2_bulk_nta_5e19_common_primary,NTA 5e19 common-primary state,top_primary,interface_4x,T03_P2_BULK_TRAPS_FORMAL,enabled_symmetric_teaching_top_stack,0.0,0.01,0.0,0.3,channel,0.000825,3.525e-06,8.25,35.25,-0.07789611584720697,356667499002791.2
p2_bulk_nta_5e19_common_primary,NTA 5e19 common-primary state,top_primary,interface_4x,T03_P2_BULK_TRAPS_FORMAL,enabled_symmetric_teaching_top_stack,0.0,0.01,0.0,0.3,channel,0.000825,3.6000000000000003e-06,8.25,36.0,-0.07786017056589449,357163763452653.44
p2_bulk_nta_5e19_common_primary,NTA 5e19 common-primary state,top_primary,interface_4x,T03_P2_BULK_TRAPS_FORMAL,enabled_symmetric_teaching_top_stack,0.0,0.01,0.0,0.3,channel,0.000825,3.6750000000000004e-06,8.25,36.75000000000001,-0.07765628238442376,359991760793219.75
p2_bulk_nta_5e19_common_primary,NTA 5e19 common-primary state,top_primary,interface_4x,T03_P2_BULK_TRAPS_FORMAL,enabled_symmetric_teaching_top_stack,0.0,0.01,0.0,0.3,channel,0.000825,3.7500000000000005e-06,8.25,37.50000000000001,-0.07728399518490242,365213405786534.44
p2_bulk_nta_5e19_common_primary,NTA 5e19 common-primary state,top_primary,interface_4x,T03_P2_BULK_TRAPS_FORMAL,enabled_symmetric_teaching_top_stack,0.0,0.01,0.0,0.3,channel,0.000825,3.825000000000001e-06,8.25,38.25000000000001,-0.0767424730868667,372944220624342.06
p2_bulk_nta_5e19_common_primary,NTA 5e19 common-primary state,top_primary,interface_4x,T03_P2_BULK_TRAPS_FORMAL,enabled_symmetric_teaching_top_stack,0.0,0.01,0.0,0.3,channel,0.000825,3.9e-06,8.25,39.0,-0.07603049319307884,383358076361667.3
p2_bulk_nta_5e19_common_primary,NTA 5e19 common-primary state,top_primary,interface_4x,T03_P2_BULK_TRAPS_FORMAL,enabled_symmetric_teaching_top_stack,0.0,0.01,0.0,0.3,channel,0.000825,3.975e-06,8.25,39.75,-0.07514643488075964,396694466985915.94
p2_bulk_nta_5e19_common_primary,NTA 5e19 common-primary state,top_primary,interface_4x,T03_P2_BULK_TRAPS_FORMAL,enabled_symmetric_teaching_top_stack,0.0,0.01,0.0,0.3,channel,0.000825,4.05e-06,8.25,40.5,-0.07408826543442971,413268788713305.94
p2_bulk_nta_5e19_common_primary,NTA 5e19 common-primary state,top_primary,interface_4x,T03_P2_BULK_TRAPS_FORMAL,enabled_symmetric_teaching_top_stack,0.0,0.01,0.0,0.3,channel,0.000825,4.125e-06,8.25,41.25,-0.07285352174224521,433486311835349.1
p2_bulk_nta_5e19_common_primary,NTA 5e19 common-primary state,top_primary,interface_4x,T03_P2_BULK_TRAPS_FORMAL,enabled_symmetric_teaching_top_stack,0.0,0.01,0.0,0.3,channel,0.000825,4.2000000000000004e-06,8.25,42.00000000000001,-0.07143928769390417,457860812547573.2
p2_bulk_nta_5e19_common_primary,NTA 5e19 common-primary state,top_primary,interface_4x,T03_P2_BULK_TRAPS_FORMAL,enabled_symmetric_teaching_top_stack,0.0,0.01,0.0,0.3,channel,0.000825,4.2750000000000006e-06,8.25,42.75000000000001,-0.06984216682165896,487039207877028.1
p2_bulk_nta_5e19_common_primary,NTA 5e19 common-primary state,top_primary,interface_4x,T03_P2_BULK_TRAPS_FORMAL,enabled_symmetric_teaching_top_stack,0.0,0.01,0.0,0.3,channel,0.000825,4.350000000000001e-06,8.25,43.50000000000001,-0.06805824961278666,521834051017980.06
p2_bulk_nta_5e19_common_primary,NTA 5e19 common-primary state,top_primary,interface_4x,T03_P2_BULK_TRAPS_FORMAL,enabled_symmetric_teaching_top_stack,0.0,0.01,0.0,0.3,channel,0.000825,4.425e-06,8.25,44.25,-0.06608307478716254,563266459330949.8
p2_bulk_nta_5e19_common_primary,NTA 5e19 common-primary state,top_primary,interface_4x,T03_P2_BULK_TRAPS_FORMAL,enabled_symmetric_teaching_top_stack,0.0,0.01,0.0,0.3,channel,0.000825,4.5e-06,8.25,45.0,-0.06391158367116836,612623054589163.5
p2_bulk_nta_5e19_common_primary,NTA 5e19 common-primary state,top_primary,interface_4x,T03_P2_BULK_TRAPS_FORMAL,enabled_symmetric_teaching_top_stack,0.0,0.01,0.0,0.3,channel,0.000825,4.575e-06,8.25,45.75,-0.061538066601091866,671531931461974.5
p2_bulk_nta_5e19_common_primary,NTA 5e19 common-primary state,top_primary,interface_4x,T03_P2_BULK_TRAPS_FORMAL,enabled_symmetric_teaching_top_stack,0.0,0.01,0.0,0.3,channel,0.000825,4.65e-06,8.25,46.50000000000001,-0.05895610004506244,742064742195920.8
p2_bulk_nta_5e19_common_primary,NTA 5e19 common-primary state,top_primary,interface_4x,T03_P2_BULK_TRAPS_FORMAL,enabled_symmetric_teaching_top_stack,0.0,0.01,0.0,0.3,channel,0.000825,4.7250000000000005e-06,8.25,47.25000000000001,-0.05615847282873614,826875008820572.5
p2_bulk_nta_5e19_common_primary,NTA 5e19 common-primary state,top_primary,interface_4x,T03_P2_BULK_TRAPS_FORMAL,enabled_symmetric_teaching_top_stack,0.0,0.01,0.0,0.3,channel,0.000825,4.8e-06,8.25,48.0,-0.05313709946813803,929387238241376.4
p2_bulk_nta_5e19_common_primary,NTA 5e19 common-primary state,top_primary,interface_4x,T03_P2_BULK_TRAPS_FORMAL,enabled_symmetric_teaching_top_stack,0.0,0.01,0.0,0.3,channel,0.000825,4.875e-06,8.25,48.75,-0.049882918128738275,1054058088402875.5
p2_bulk_nta_5e19_common_primary,NTA 5e19 common-primary state,top_primary,interface_4x,T03_P2_BULK_TRAPS_FORMAL,enabled_symmetric_teaching_top_stack,0.0,0.01,0.0,0.3,channel,0.000825,4.95e-06,8.25,49.5,-0.046385770109654646,1206740938202517.2
p2_bulk_nta_5e19_common_primary,NTA 5e19 common-primary state,top_primary,interface_4x,T03_P2_BULK_TRAPS_FORMAL,enabled_symmetric_teaching_top_stack,0.0,0.01,0.0,0.3,channel,0.000825,5.025e-06,8.25,50.25,-0.04263425695015268,1395200726017148.2
p2_bulk_nta_5e19_common_primary,NTA 5e19 common-primary state,top_primary,interface_4x,T03_P2_BULK_TRAPS_FORMAL,enabled_symmetric_teaching_top_stack,0.0,0.01,0.0,0.3,channel,0.000825,5.1e-06,8.25,51.0,-0.0386155702088748,1629850085281999.0
p2_bulk_nta_5e19_common_primary,NTA 5e19 common-primary state,top_primary,interface_4x,T03_P2_BULK_TRAPS_FORMAL,enabled_symmetric_teaching_top_stack,0.0,0.01,0.0,0.3,channel,0.000825,5.1750000000000004e-06,8.25,51.75000000000001,-0.034315287584637456,1924816035640317.8
p2_bulk_nta_5e19_common_primary,NTA 5e19 common-primary state,top_primary,interface_4x,T03_P2_BULK_TRAPS_FORMAL,enabled_symmetric_teaching_top_stack,0.0,0.01,0.0,0.3,channel,0.000825,5.2500000000000006e-06,8.25,52.50000000000001,-0.029717127201550956,2299507989222461.0
p2_bulk_nta_5e19_common_primary,NTA 5e19 common-primary state,top_primary,interface_4x,T03_P2_BULK_TRAPS_FORMAL,enabled_symmetric_teaching_top_stack,0.0,0.01,0.0,0.3,channel,0.000825,5.325e-06,8.25,53.25,-0.024802649380304548,2780958554802964.5
p2_bulk_nta_5e19_common_primary,NTA 5e19 common-primary state,top_primary,interface_4x,T03_P2_BULK_TRAPS_FORMAL,enabled_symmetric_teaching_top_stack,0.0,0.01,0.0,0.3,channel,0.000825,5.4e-06,8.25,54.0,-0.019550891778776003,3407376793096947.0
p2_bulk_nta_5e19_common_primary,NTA 5e19 common-primary state,top_primary,interface_4x,T03_P2_BULK_TRAPS_FORMAL,enabled_symmetric_teaching_top_stack,0.0,0.01,0.0,0.3,channel,0.0008500000000000001,3e-06,8.5,30.0,-0.07322609901714064,422889558042217.8
p2_bulk_nta_5e19_common_primary,NTA 5e19 common-primary state,top_primary,interface_4x,T03_P2_BULK_TRAPS_FORMAL,enabled_symmetric_teaching_top_stack,0.0,0.01,0.0,0.3,channel,0.0008500000000000001,3.075e-06,8.5,30.750000000000004,-0.07438195593187749,404398392095535.44
p2_bulk_nta_5e19_common_primary,NTA 5e19 common-primary state,top_primary,interface_4x,T03_P2_BULK_TRAPS_FORMAL,enabled_symmetric_teaching_top_stack,0.0,0.01,0.0,0.3,channel,0.0008500000000000001,3.1500000000000003e-06,8.5,31.500000000000004,-0.07536254838391751,389346425550790.5
p2_bulk_nta_5e19_common_primary,NTA 5e19 common-primary state,top_primary,interface_4x,T03_P2_BULK_TRAPS_FORMAL,enabled_symmetric_teaching_top_stack,0.0,0.01,0.0,0.3,channel,0.0008500000000000001,3.225e-06,8.5,32.25,-0.07617014388650381,377371575128387.94
p2_bulk_nta_5e19_common_primary,NTA 5e19 common-primary state,top_primary,interface_4x,T03_P2_BULK_TRAPS_FORMAL,enabled_symmetric_teaching_top_stack,0.0,0.01,0.0,0.3,channel,0.0008500000000000001,3.3e-06,8.5,33.0,-0.07680658892402245,368194569186080.3
p2_bulk_nta_5e19_common_primary,NTA 5e19 common-primary state,top_primary,interface_4x,T03_P2_BULK_TRAPS_FORMAL,enabled_symmetric_teaching_top_stack,0.0,0.01,0.0,0.3,channel,0.0008500000000000001,3.3750000000000003e-06,8.5,33.75,-0.07727332544222545,361606767669227.94
p2_bulk_nta_5e19_common_primary,NTA 5e19 common-primary state,top_primary,interface_4x,T03_P2_BULK_TRAPS_FORMAL,enabled_symmetric_teaching_top_stack,0.0,0.01,0.0,0.3,channel,0.0008500000000000001,3.45e-06,8.5,34.5,-0.07757140354494867,357461322760693.44
p2_bulk_nta_5e19_common_primary,NTA 5e19 common-primary state,top_primary,interface_4x,T03_P2_BULK_TRAPS_FORMAL,enabled_symmetric_teaching_top_stack,0.0,0.01,0.0,0.3,channel,0.0008500000000000001,3.525e-06,8.5,35.25,-0.07770149064091107,355667097658032.44
p2_bulk_nta_5e19_common_primary,NTA 5e19 common-primary state,top_primary,interface_4x,T03_P2_BULK_TRAPS_FORMAL,enabled_symmetric_teaching_top_stack,0.0,0.01,0.0,0.3,channel,0.0008500000000000001,3.6000000000000003e-06,8.5,36.0,-0.0776638772134786,356184952880672.25
p2_bulk_nta_5e19_common_primary,NTA 5e19 common-primary state,top_primary,interface_4x,T03_P2_BULK_TRAPS_FORMAL,enabled_symmetric_teaching_top_stack,0.0,0.01,0.0,0.3,channel,0.0008500000000000001,3.6750000000000004e-06,8.5,36.75000000000001,-0.07745847932131637,359026165943849.3
p2_bulk_nta_5e19_common_primary,NTA 5e19 common-primary state,top_primary,interface_4x,T03_P2_BULK_TRAPS_FORMAL,enabled_symmetric_teaching_top_stack,0.0,0.01,0.0,0.3,channel,0.0008500000000000001,3.7500000000000005e-06,8.5,37.50000000000001,-0.0770848378764305,364252885802233.06
p2_bulk_nta_5e19_common_primary,NTA 5e19 common-primary state,top_primary,interface_4x,T03_P2_BULK_TRAPS_FORMAL,enabled_symmetric_teaching_top_stack,0.0,0.01,0.0,0.3,channel,0.0008500000000000001,3.825000000000001e-06,8.5,38.25000000000001,-0.07654211468619138,371980650350750.25
p2_bulk_nta_5e19_common_primary,NTA 5e19 common-primary state,top_primary,interface_4x,T03_P2_BULK_TRAPS_FORMAL,enabled_symmetric_teaching_top_stack,0.0,0.01,0.0,0.3,channel,0.0008500000000000001,3.9e-06,8.5,39.0,-0.07582908518558501,382383124638893.7
p2_bulk_nta_5e19_common_primary,NTA 5e19 common-primary state,top_primary,interface_4x,T03_P2_BULK_TRAPS_FORMAL,enabled_symmetric_teaching_top_stack,0.0,0.01,0.0,0.3,channel,0.0008500000000000001,3.975e-06,8.5,39.75,-0.07494412772318829,395699360764676.0
p2_bulk_nta_5e19_common_primary,NTA 5e19 common-primary state,top_primary,interface_4x,T03_P2_BULK_TRAPS_FORMAL,enabled_symmetric_teaching_top_stack,0.0,0.01,0.0,0.3,channel,0.0008500000000000001,4.05e-06,8.5,40.5,-0.07388520919711564,412244050769108.56
p2_bulk_nta_5e19_common_primary,NTA 5e19 common-primary state,top_primary,interface_4x,T03_P2_BULK_TRAPS_FORMAL,enabled_symmetric_teaching_top_stack,0.0,0.01,0.0,0.3,channel,0.0008500000000000001,4.125e-06,8.5,41.25,-0.07264986676311298,432421457608127.0
p2_bulk_nta_5e19_common_primary,NTA 5e19 common-primary state,top_primary,interface_4x,T03_P2_BULK_TRAPS_FORMAL,enabled_symmetric_teaching_top_stack,0.0,0.01,0.0,0.3,channel,0.0008500000000000001,4.2000000000000004e-06,8.5,42.00000000000001,-0.0712351852533974,456743988155454.56
p2_bulk_nta_5e19_common_primary,NTA 5e19 common-primary state,top_primary,interface_4x,T03_P2_BULK_TRAPS_FORMAL,enabled_symmetric_teaching_top_stack,0.0,0.01,0.0,0.3,channel,0.0008500000000000001,4.2750000000000006e-06,8.5,42.75000000000001,-0.06963776984856292,485856746235224.2
p2_bulk_nta_5e19_common_primary,NTA 5e19 common-primary state,top_primary,interface_4x,T03_P2_BULK_TRAPS_FORMAL,enabled_symmetric_teaching_top_stack,0.0,0.01,0.0,0.3,channel,0.0008500000000000001,4.350000000000001e-06,8.5,43.50000000000001,-0.06785371343199101,520569915620458.56
p2_bulk_nta_5e19_common_primary,NTA 5e19 common-primary state,top_primary,interface_4x,T03_P2_BULK_TRAPS_FORMAL,enabled_symmetric_teaching_top_stack,0.0,0.01,0.0,0.3,channel,0.0008500000000000001,4.425e-06,8.5,44.25,-0.06587855792185783,561901534698501.6
p2_bulk_nta_5e19_common_primary,NTA 5e19 common-primary state,top_primary,interface_4x,T03_P2_BULK_TRAPS_FORMAL,enabled_symmetric_teaching_top_stack,0.0,0.01,0.0,0.3,channel,0.0008500000000000001,4.5e-06,8.5,45.0,-0.06370724871385382,611134227264674.4
p2_bulk_nta_5e19_common_primary,NTA 5e19 common-primary state,top_primary,interface_4x,T03_P2_BULK_TRAPS_FORMAL,enabled_symmetric_teaching_top_stack,0.0,0.01,0.0,0.3,channel,0.0008500000000000001,4.575e-06,8.5,45.75,-0.06133408117019837,669890883648372.0
p2_bulk_nta_5e19_common_primary,NTA 5e19 common-primary state,top_primary,interface_4x,T03_P2_BULK_TRAPS_FORMAL,enabled_symmetric_teaching_top_stack,0.0,0.01,0.0,0.3,channel,0.0008500000000000001,4.65e-06,8.5,46.50000000000001,-0.05875263784710431,740236348497974.5
p2_bulk_nta_5e19_common_primary,NTA 5e19 common-primary state,top_primary,interface_4x,T03_P2_BULK_TRAPS_FORMAL,enabled_symmetric_teaching_top_stack,0.0,0.01,0.0,0.3,channel,0.0008500000000000001,4.7250000000000005e-06,8.5,47.25000000000001,-0.05595571484988786,824815180167128.2
p2_bulk_nta_5e19_common_primary,NTA 5e19 common-primary state,top_primary,interface_4x,T03_P2_BULK_TRAPS_FORMAL,enabled_symmetric_teaching_top_stack,0.0,0.01,0.0,0.3,channel,0.0008500000000000001,4.8e-06,8.5,48.0,-0.05293523532424523,927039988298597.2
p2_bulk_nta_5e19_common_primary,NTA 5e19 common-primary state,top_primary,interface_4x,T03_P2_BULK_TRAPS_FORMAL,enabled_symmetric_teaching_top_stack,0.0,0.01,0.0,0.3,channel,0.0008500000000000001,4.875e-06,8.5,48.75,-0.049682147609363334,1051351494602824.6
p2_bulk_nta_5e19_common_primary,NTA 5e19 common-primary state,top_primary,interface_4x,T03_P2_BULK_TRAPS_FORMAL,enabled_symmetric_teaching_top_stack,0.0,0.01,0.0,0.3,channel,0.0008500000000000001,4.95e-06,8.5,49.5,-0.04618630496030193,1203581512640773.0
p2_bulk_nta_5e19_common_primary,NTA 5e19 common-primary state,top_primary,interface_4x,T03_P2_BULK_TRAPS_FORMAL,enabled_symmetric_teaching_top_stack,0.0,0.01,0.0,0.3,channel,0.0008500000000000001,5.025e-06,8.5,50.25,-0.04243632294797487,1391465469620228.2
p2_bulk_nta_5e19_common_primary,NTA 5e19 common-primary state,top_primary,interface_4x,T03_P2_BULK_TRAPS_FORMAL,enabled_symmetric_teaching_top_stack,0.0,0.01,0.0,0.3,channel,0.0008500000000000001,5.1e-06,8.5,51.0,-0.038419409601851924,1625375120128335.5
p2_bulk_nta_5e19_common_primary,NTA 5e19 common-primary state,top_primary,interface_4x,T03_P2_BULK_TRAPS_FORMAL,enabled_symmetric_teaching_top_stack,0.0,0.01,0.0,0.3,channel,0.0008500000000000001,5.1750000000000004e-06,8.5,51.75000000000001,-0.03412116198377031,1919380108298325.2
p2_bulk_nta_5e19_common_primary,NTA 5e19 common-primary state,top_primary,interface_4x,T03_P2_BULK_TRAPS_FORMAL,enabled_symmetric_teaching_top_stack,0.0,0.01,0.0,0.3,channel,0.0008500000000000001,5.2500000000000006e-06,8.5,52.50000000000001,-0.029525321041951432,2292808163786991.0
p2_bulk_nta_5e19_common_primary,NTA 5e19 common-primary state,top_primary,interface_4x,T03_P2_BULK_TRAPS_FORMAL,enabled_symmetric_teaching_top_stack,0.0,0.01,0.0,0.3,channel,0.0008500000000000001,5.325e-06,8.5,53.25,-0.02461347410305231,2772573808327407.5
p2_bulk_nta_5e19_common_primary,NTA 5e19 common-primary state,top_primary,interface_4x,T03_P2_BULK_TRAPS_FORMAL,enabled_symmetric_teaching_top_stack,0.0,0.01,0.0,0.3,channel,0.0008500000000000001,5.4e-06,8.5,54.0,-0.019364690935299123,3396712524956614.0
p2_bulk_nta_5e19_common_primary,NTA 5e19 common-primary state,top_primary,interface_4x,T03_P2_BULK_TRAPS_FORMAL,enabled_symmetric_teaching_top_stack,0.0,0.01,0.0,0.3,channel,0.0008750000000000001,3e-06,8.750000000000002,30.0,-0.07304754023664384,421429355044613.6
p2_bulk_nta_5e19_common_primary,NTA 5e19 common-primary state,top_primary,interface_4x,T03_P2_BULK_TRAPS_FORMAL,enabled_symmetric_teaching_top_stack,0.0,0.01,0.0,0.3,channel,0.0008750000000000001,3.075e-06,8.750000000000002,30.750000000000004,-0.07420046715296823,403047715370084.94
p2_bulk_nta_5e19_common_primary,NTA 5e19 common-primary state,top_primary,interface_4x,T03_P2_BULK_TRAPS_FORMAL,enabled_symmetric_teaching_top_stack,0.0,0.01,0.0,0.3,channel,0.0008750000000000001,3.1500000000000003e-06,8.750000000000002,31.500000000000004,-0.07517833073607967,388086985152675.1
p2_bulk_nta_5e19_common_primary,NTA 5e19 common-primary state,top_primary,interface_4x,T03_P2_BULK_TRAPS_FORMAL,enabled_symmetric_teaching_top_stack,0.0,0.01,0.0,0.3,channel,0.0008750000000000001,3.225e-06,8.750000000000002,32.25,-0.07598338975668772,376187778483071.1
p2_bulk_nta_5e19_common_primary,NTA 5e19 common-primary state,top_primary,interface_4x,T03_P2_BULK_TRAPS_FORMAL,enabled_symmetric_teaching_top_stack,0.0,0.01,0.0,0.3,channel,0.0008750000000000001,3.3e-06,8.750000000000002,33.0,-0.07661748298150964,367072952277319.1
p2_bulk_nta_5e19_common_primary,NTA 5e19 common-primary state,top_primary,interface_4x,T03_P2_BULK_TRAPS_FORMAL,enabled_symmetric_teaching_top_stack,0.0,0.01,0.0,0.3,channel,0.0008750000000000001,3.3750000000000003e-06,8.750000000000002,33.75,-0.07708204557545269,360535535496892.5
p2_bulk_nta_5e19_common_primary,NTA 5e19 common-primary state,top_primary,interface_4x,T03_P2_BULK_TRAPS_FORMAL,enabled_symmetric_teaching_top_stack,0.0,0.01,0.0,0.3,channel,0.0008750000000000001,3.45e-06,8.750000000000002,34.5,-0.07737812172451401,356429971669741.7
p2_bulk_nta_5e19_common_primary,NTA 5e19 common-primary state,top_primary,interface_4x,T03_P2_BULK_TRAPS_FORMAL,enabled_symmetric_teaching_top_stack,0.0,0.01,0.0,0.3,channel,0.0008750000000000001,3.525e-06,8.750000000000002,35.25,-0.07750637372128058,354666098294117.4
p2_bulk_nta_5e19_common_primary,NTA 5e19 common-primary state,top_primary,interface_4x,T03_P2_BULK_TRAPS_FORMAL,enabled_symmetric_teaching_top_stack,0.0,0.01,0.0,0.3,channel,0.0008750000000000001,3.6000000000000003e-06,8.750000000000002,36.0,-0.07746708768455998,355205476893646.8
p2_bulk_nta_5e19_common_primary,NTA 5e19 common-primary state,top_primary,interface_4x,T03_P2_BULK_TRAPS_FORMAL,enabled_symmetric_teaching_top_stack,0.0,0.01,0.0,0.3,channel,0.0008750000000000001,3.6750000000000004e-06,8.750000000000002,36.75000000000001,-0.07726017602001327,358059842579246.3
p2_bulk_nta_5e19_common_primary,NTA 5e19 common-primary state,top_primary,interface_4x,T03_P2_BULK_TRAPS_FORMAL,enabled_symmetric_teaching_top_stack,0.0,0.01,0.0,0.3,channel,0.0008750000000000001,3.7500000000000005e-06,8.750000000000002,37.50000000000001,-0.07688517666750065,363291576485355.56
p2_bulk_nta_5e19_common_primary,NTA 5e19 common-primary state,top_primary,interface_4x,T03_P2_BULK_TRAPS_FORMAL,enabled_symmetric_teaching_top_stack,0.0,0.01,0.0,0.3,channel,0.0008750000000000001,3.825000000000001e-06,8.750000000000002,38.25000000000001,-0.07634124912117485,371016230460204.5
p2_bulk_nta_5e19_common_primary,NTA 5e19 common-primary state,top_primary,interface_4x,T03_P2_BULK_TRAPS_FORMAL,enabled_symmetric_teaching_top_stack,0.0,0.01,0.0,0.3,channel,0.0008750000000000001,3.9e-06,8.750000000000002,39.0,-0.07562716714822923,381407261979697.6
p2_bulk_nta_5e19_common_primary,NTA 5e19 common-primary state,top_primary,interface_4x,T03_P2_BULK_TRAPS_FORMAL,enabled_symmetric_teaching_top_stack,0.0,0.01,0.0,0.3,channel,0.0008750000000000001,3.975e-06,8.750000000000002,39.75,-0.07474130806966454,394703279801221.56
p2_bulk_nta_5e19_common_primary,NTA 5e19 common-primary state,top_primary,interface_4x,T03_P2_BULK_TRAPS_FORMAL,enabled_symmetric_teaching_top_stack,0.0,0.01,0.0,0.3,channel,0.0008750000000000001,4.05e-06,8.750000000000002,40.5,-0.07368163839939723,411218270403703.56
p2_bulk_nta_5e19_common_primary,NTA 5e19 common-primary state,top_primary,interface_4x,T03_P2_BULK_TRAPS_FORMAL,enabled_symmetric_teaching_top_stack,0.0,0.01,0.0,0.3,channel,0.0008750000000000001,4.125e-06,8.750000000000002,41.25,-0.07244569556417628,431355488042872.56
p2_bulk_nta_5e19_common_primary,NTA 5e19 common-primary state,top_primary,interface_4x,T03_P2_BULK_TRAPS_FORMAL,enabled_symmetric_teaching_top_stack,0.0,0.01,0.0,0.3,channel,0.0008750000000000001,4.2000000000000004e-06,8.750000000000002,42.00000000000001,-0.07103056534343183,455625968895796.8
p2_bulk_nta_5e19_common_primary,NTA 5e19 common-primary state,top_primary,interface_4x,T03_P2_BULK_TRAPS_FORMAL,enabled_symmetric_teaching_top_stack,0.0,0.01,0.0,0.3,channel,0.0008750000000000001,4.2750000000000006e-06,8.750000000000002,42.75000000000001,-0.06943285457216203,484673002176737.5
p2_bulk_nta_5e19_common_primary,NTA 5e19 common-primary state,top_primary,interface_4x,T03_P2_BULK_TRAPS_FORMAL,enabled_symmetric_teaching_top_stack,0.0,0.01,0.0,0.3,channel,0.0008750000000000001,4.350000000000001e-06,8.750000000000002,43.50000000000001,-0.0676486585373858,519304400790266.4
p2_bulk_nta_5e19_common_primary,NTA 5e19 common-primary state,top_primary,interface_4x,T03_P2_BULK_TRAPS_FORMAL,enabled_symmetric_teaching_top_stack,0.0,0.01,0.0,0.3,channel,0.0008750000000000001,4.425e-06,8.750000000000002,44.25,-0.0656735223647023,560535122675057.06
p2_bulk_nta_5e19_common_primary,NTA 5e19 common-primary state,top_primary,interface_4x,T03_P2_BULK_TRAPS_FORMAL,enabled_symmetric_teaching_top_stack,0.0,0.01,0.0,0.3,channel,0.0008750000000000001,4.5e-06,8.750000000000002,45.0,-0.0635023955299593,609643792188192.1
p2_bulk_nta_5e19_common_primary,NTA 5e19 common-primary state,top_primary,interface_4x,T03_P2_BULK_TRAPS_FORMAL,enabled_symmetric_teaching_top_stack,0.0,0.01,0.0,0.3,channel,0.0008750000000000001,4.575e-06,8.750000000000002,45.75,-0.06112957843404272,668248093968190.5
p2_bulk_nta_5e19_common_primary,NTA 5e19 common-primary state,top_primary,interface_4x,T03_P2_BULK_TRAPS_FORMAL,enabled_symmetric_teaching_top_stack,0.0,0.01,0.0,0.3,channel,0.0008750000000000001,4.65e-06,8.750000000000002,46.50000000000001,-0.05854865973605417,738406064001131.1
p2_bulk_nta_5e19_common_primary,NTA 5e19 common-primary state,top_primary,interface_4x,T03_P2_BULK_TRAPS_FORMAL,enabled_symmetric_teaching_top_stack,0.0,0.01,0.0,0.3,channel,0.0008750000000000001,4.7250000000000005e-06,8.750000000000002,47.25000000000001,-0.05575244283805932,822753296501501.8
p2_bulk_nta_5e19_common_primary,NTA 5e19 common-primary state,top_primary,interface_4x,T03_P2_BULK_TRAPS_FORMAL,enabled_symmetric_teaching_top_stack,0.0,0.01,0.0,0.3,channel,0.0008750000000000001,4.8e-06,8.750000000000002,48.0,-0.05273285953504494,924690504527365.2
p2_bulk_nta_5e19_common_primary,NTA 5e19 common-primary state,top_primary,interface_4x,T03_P2_BULK_TRAPS_FORMAL,enabled_symmetric_teaching_top_stack,0.0,0.01,0.0,0.3,channel,0.0008750000000000001,4.875e-06,8.750000000000002,48.75,-0.0494808683623478,1048642476290410.0
p2_bulk_nta_5e19_common_primary,NTA 5e19 common-primary state,top_primary,interface_4x,T03_P2_BULK_TRAPS_FORMAL,enabled_symmetric_teaching_top_stack,0.0,0.01,0.0,0.3,channel,0.0008750000000000001,4.95e-06,8.750000000000002,49.5,-0.04598633455654303,1200419466352509.8
p2_bulk_nta_5e19_common_primary,NTA 5e19 common-primary state,top_primary,interface_4x,T03_P2_BULK_TRAPS_FORMAL,enabled_symmetric_teaching_top_stack,0.0,0.01,0.0,0.3,channel,0.0008750000000000001,5.025e-06,8.750000000000002,50.25,-0.04223788774928053,1387727403296066.0
p2_bulk_nta_5e19_common_primary,NTA 5e19 common-primary state,top_primary,interface_4x,T03_P2_BULK_TRAPS_FORMAL,enabled_symmetric_teaching_top_stack,0.0,0.01,0.0,0.3,channel,0.0008750000000000001,5.1e-06,8.750000000000002,51.0,-0.03822275247388694,1620897186017889.5
p2_bulk_nta_5e19_common_primary,NTA 5e19 common-primary state,top_primary,interface_4x,T03_P2_BULK_TRAPS_FORMAL,enabled_symmetric_teaching_top_stack,0.0,0.01,0.0,0.3,channel,0.0008750000000000001,5.1750000000000004e-06,8.750000000000002,51.75000000000001,-0.033926545192675336,1913941124426542.0
p2_bulk_nta_5e19_common_primary,NTA 5e19 common-primary state,top_primary,interface_4x,T03_P2_BULK_TRAPS_FORMAL,enabled_symmetric_teaching_top_stack,0.0,0.01,0.0,0.3,channel,0.0008750000000000001,5.2500000000000006e-06,8.750000000000002,52.50000000000001,-0.029333029720399466,2286105338051825.5
p2_bulk_nta_5e19_common_primary,NTA 5e19 common-primary state,top_primary,interface_4x,T03_P2_BULK_TRAPS_FORMAL,enabled_symmetric_teaching_top_stack,0.0,0.01,0.0,0.3,channel,0.0008750000000000001,5.325e-06,8.750000000000002,53.25,-0.024423820437662756,2764186387531558.5
p2_bulk_nta_5e19_common_primary,NTA 5e19 common-primary state,top_primary,interface_4x,T03_P2_BULK_TRAPS_FORMAL,enabled_symmetric_teaching_top_stack,0.0,0.01,0.0,0.3,channel,0.0008750000000000001,5.4e-06,8.750000000000002,54.0,-0.019178019277199455,3386046397625841.5
p2_bulk_nta_5e19_common_primary,NTA 5e19 common-primary state,top_primary,interface_4x,T03_P2_BULK_TRAPS_FORMAL,enabled_symmetric_teaching_top_stack,0.0,0.01,0.0,0.3,channel,0.0009000000000000001,3e-06,9.0,30.0,-0.07286852991733044,419969436254264.7
p2_bulk_nta_5e19_common_primary,NTA 5e19 common-primary state,top_primary,interface_4x,T03_P2_BULK_TRAPS_FORMAL,enabled_symmetric_teaching_top_stack,0.0,0.01,0.0,0.3,channel,0.0009000000000000001,3.075e-06,9.0,30.750000000000004,-0.07401851938563155,401697114863921.75
p2_bulk_nta_5e19_common_primary,NTA 5e19 common-primary state,top_primary,interface_4x,T03_P2_BULK_TRAPS_FORMAL,enabled_symmetric_teaching_top_stack,0.0,0.01,0.0,0.3,channel,0.0009000000000000001,3.1500000000000003e-06,9.0,31.500000000000004,-0.07499364709308787,386827452755981.0
p2_bulk_nta_5e19_common_primary,NTA 5e19 common-primary state,top_primary,interface_4x,T03_P2_BULK_TRAPS_FORMAL,enabled_symmetric_teaching_top_stack,0.0,0.01,0.0,0.3,channel,0.0009000000000000001,3.225e-06,9.0,32.25,-0.07579616305993365,375003752037949.5
p2_bulk_nta_5e19_common_primary,NTA 5e19 common-primary state,top_primary,interface_4x,T03_P2_BULK_TRAPS_FORMAL,enabled_symmetric_teaching_top_stack,0.0,0.01,0.0,0.3,channel,0.0009000000000000001,3.3e-06,9.0,33.0,-0.07642789832798137,365950990960892.4
p2_bulk_nta_5e19_common_primary,NTA 5e19 common-primary state,top_primary,interface_4x,T03_P2_BULK_TRAPS_FORMAL,enabled_symmetric_teaching_top_stack,0.0,0.01,0.0,0.3,channel,0.0009000000000000001,3.3750000000000003e-06,9.0,33.75,-0.0768902812748204,359463861869417.6
p2_bulk_nta_5e19_common_primary,NTA 5e19 common-primary state,top_primary,interface_4x,T03_P2_BULK_TRAPS_FORMAL,enabled_symmetric_teaching_top_stack,0.0,0.01,0.0,0.3,channel,0.0009000000000000001,3.45e-06,9.0,34.5,-0.07718435016294596,355398095194531.44
p2_bulk_nta_5e19_common_primary,NTA 5e19 common-primary state,top_primary,interface_4x,T03_P2_BULK_TRAPS_FORMAL,enabled_symmetric_teaching_top_stack,0.0,0.01,0.0,0.3,channel,0.0009000000000000001,3.525e-06,9.0,35.25,-0.07731076216400003,353664499186072.7
p2_bulk_nta_5e19_common_primary,NTA 5e19 common-primary state,top_primary,interface_4x,T03_P2_BULK_TRAPS_FORMAL,enabled_symmetric_teaching_top_stack,0.0,0.01,0.0,0.3,channel,0.0009000000000000001,3.6000000000000003e-06,9.0,36.0,-0.07726979902830561,354225333491173.56
p2_bulk_nta_5e19_common_primary,NTA 5e19 common-primary state,top_primary,interface_4x,T03_P2_BULK_TRAPS_FORMAL,enabled_symmetric_teaching_top_stack,0.0,0.01,0.0,0.3,channel,0.0009000000000000001,3.6750000000000004e-06,9.0,36.75000000000001,-0.07706136950551572,357092788433237.5
p2_bulk_nta_5e19_common_primary,NTA 5e19 common-primary state,top_primary,interface_4x,T03_P2_BULK_TRAPS_FORMAL,enabled_symmetric_teaching_top_stack,0.0,0.01,0.0,0.3,channel,0.0009000000000000001,3.7500000000000005e-06,9.0,37.50000000000001,-0.07668500856129899,362329475309167.25
p2_bulk_nta_5e19_common_primary,NTA 5e19 common-primary state,top_primary,interface_4x,T03_P2_BULK_TRAPS_FORMAL,enabled_symmetric_teaching_top_stack,0.0,0.01,0.0,0.3,channel,0.0009000000000000001,3.825000000000001e-06,9.0,38.25000000000001,-0.07613987337554212,370050958166397.8
p2_bulk_nta_5e19_common_primary,NTA 5e19 common-primary state,top_primary,interface_4x,T03_P2_BULK_TRAPS_FORMAL,enabled_symmetric_teaching_top_stack,0.0,0.01,0.0,0.3,channel,0.0009000000000000001,3.9e-06,9.0,39.0,-0.075424736047638,380430485335156.2
p2_bulk_nta_5e19_common_primary,NTA 5e19 common-primary state,top_primary,interface_4x,T03_P2_BULK_TRAPS_FORMAL,enabled_symmetric_teaching_top_stack,0.0,0.01,0.0,0.3,channel,0.0009000000000000001,3.975e-06,9.0,39.75,-0.07453797287209292,393706220777082.44
p2_bulk_nta_5e19_common_primary,NTA 5e19 common-primary state,top_primary,interface_4x,T03_P2_BULK_TRAPS_FORMAL,enabled_symmetric_teaching_top_stack,0.0,0.01,0.0,0.3,channel,0.0009000000000000001,4.05e-06,9.0,40.5,-0.07347754998085293,410191444018363.56
p2_bulk_nta_5e19_common_primary,NTA 5e19 common-primary state,top_primary,interface_4x,T03_P2_BULK_TRAPS_FORMAL,enabled_symmetric_teaching_top_stack,0.0,0.01,0.0,0.3,channel,0.0009000000000000001,4.125e-06,9.0,41.25,-0.07224100507510893,430288399246206.9
p2_bulk_nta_5e19_common_primary,NTA 5e19 common-primary state,top_primary,interface_4x,T03_P2_BULK_TRAPS_FORMAL,enabled_symmetric_teaching_top_stack,0.0,0.01,0.0,0.3,channel,0.0009000000000000001,4.2000000000000004e-06,9.0,42.00000000000001,-0.07082542488623013,454506750562594.6
p2_bulk_nta_5e19_common_primary,NTA 5e19 common-primary state,top_primary,interface_4x,T03_P2_BULK_TRAPS_FORMAL,enabled_symmetric_teaching_top_stack,0.0,0.01,0.0,0.3,channel,0.0009000000000000001,4.2750000000000006e-06,9.0,42.75000000000001,-0.06922741790972024,483487971161534.25
p2_bulk_nta_5e19_common_primary,NTA 5e19 common-primary state,top_primary,interface_4x,T03_P2_BULK_TRAPS_FORMAL,enabled_symmetric_teaching_top_stack,0.0,0.01,0.0,0.3,channel,0.0009000000000000001,4.350000000000001e-06,9.0,43.50000000000001,-0.06744308184381508,518037501628776.44
p2_bulk_nta_5e19_common_primary,NTA 5e19 common-primary state,top_primary,interface_4x,T03_P2_BULK_TRAPS_FORMAL,enabled_symmetric_teaching_top_stack,0.0,0.01,0.0,0.3,channel,0.0009000000000000001,4.425e-06,9.0,44.25,-0.06546796503071332,559167217976130.94
p2_bulk_nta_5e19_common_primary,NTA 5e19 common-primary state,top_primary,interface_4x,T03_P2_BULK_TRAPS_FORMAL,enabled_symmetric_teaching_top_stack,0.0,0.01,0.0,0.3,channel,0.0009000000000000001,4.5e-06,9.0,45.0,-0.06329702103733223,608151743660207.0
p2_bulk_nta_5e19_common_primary,NTA 5e19 common-primary state,top_primary,interface_4x,T03_P2_BULK_TRAPS_FORMAL,enabled_symmetric_teaching_top_stack,0.0,0.01,0.0,0.3,channel,0.0009000000000000001,4.575e-06,9.0,45.75,-0.06092455531603187,666603556277167.1
p2_bulk_nta_5e19_common_primary,NTA 5e19 common-primary state,top_primary,interface_4x,T03_P2_BULK_TRAPS_FORMAL,enabled_symmetric_teaching_top_stack,0.0,0.01,0.0,0.3,channel,0.0009000000000000001,4.65e-06,9.0,46.50000000000001,-0.0583441626436915,736573882088263.0
p2_bulk_nta_5e19_common_primary,NTA 5e19 common-primary state,top_primary,interface_4x,T03_P2_BULK_TRAPS_FORMAL,enabled_symmetric_teaching_top_stack,0.0,0.01,0.0,0.3,channel,0.0009000000000000001,4.7250000000000005e-06,9.0,47.25000000000001,-0.05554865373631046,820689350710701.6
p2_bulk_nta_5e19_common_primary,NTA 5e19 common-primary state,top_primary,interface_4x,T03_P2_BULK_TRAPS_FORMAL,enabled_symmetric_teaching_top_stack,0.0,0.01,0.0,0.3,channel,0.0009000000000000001,4.8e-06,9.0,48.0,-0.052529969057893026,922338779306441.5
p2_bulk_nta_5e19_common_primary,NTA 5e19 common-primary state,top_primary,interface_4x,T03_P2_BULK_TRAPS_FORMAL,enabled_symmetric_teaching_top_stack,0.0,0.01,0.0,0.3,channel,0.0009000000000000001,4.875e-06,9.0,48.75,-0.04927907736248069,1045931025342958.4
p2_bulk_nta_5e19_common_primary,NTA 5e19 common-primary state,top_primary,interface_4x,T03_P2_BULK_TRAPS_FORMAL,enabled_symmetric_teaching_top_stack,0.0,0.01,0.0,0.3,channel,0.0009000000000000001,4.95e-06,9.0,49.5,-0.04578585589387437,1197254790752898.0
p2_bulk_nta_5e19_common_primary,NTA 5e19 common-primary state,top_primary,interface_4x,T03_P2_BULK_TRAPS_FORMAL,enabled_symmetric_teaching_top_stack,0.0,0.01,0.0,0.3,channel,0.0009000000000000001,5.025e-06,9.0,50.25,-0.042038948373702076,1383986518089805.5
p2_bulk_nta_5e19_common_primary,NTA 5e19 common-primary state,top_primary,interface_4x,T03_P2_BULK_TRAPS_FORMAL,enabled_symmetric_teaching_top_stack,0.0,0.01,0.0,0.3,channel,0.0009000000000000001,5.1e-06,9.0,51.0,-0.03802559587235013,1616416273801939.2
p2_bulk_nta_5e19_common_primary,NTA 5e19 common-primary state,top_primary,interface_4x,T03_P2_BULK_TRAPS_FORMAL,enabled_symmetric_teaching_top_stack,0.0,0.01,0.0,0.3,channel,0.0009000000000000001,5.1750000000000004e-06,9.0,51.75000000000001,-0.03373143429025694,1908499074990020.2
p2_bulk_nta_5e19_common_primary,NTA 5e19 common-primary state,top_primary,interface_4x,T03_P2_BULK_TRAPS_FORMAL,enabled_symmetric_teaching_top_stack,0.0,0.01,0.0,0.3,channel,0.0009000000000000001,5.2500000000000006e-06,9.0,52.50000000000001,-0.029140250351347822,2279399503606676.0
p2_bulk_nta_5e19_common_primary,NTA 5e19 common-primary state,top_primary,interface_4x,T03_P2_BULK_TRAPS_FORMAL,enabled_symmetric_teaching_top_stack,0.0,0.01,0.0,0.3,channel,0.0009000000000000001,5.325e-06,9.0,53.25,-0.024233685538395146,2755796285451528.5
p2_bulk_nta_5e19_common_primary,NTA 5e19 common-primary state,top_primary,interface_4x,T03_P2_BULK_TRAPS_FORMAL,enabled_symmetric_teaching_top_stack,0.0,0.01,0.0,0.3,channel,0.0009000000000000001,5.4e-06,9.0,54.0,-0.018990874003073588,3375378406878634.0
p2_bulk_nta_5e19_common_primary,NTA 5e19 common-primary state,top_primary,interface_4x,T03_P2_BULK_TRAPS_FORMAL,enabled_symmetric_teaching_top_stack,0.0,0.01,0.0,0.3,channel,0.0009249999999999999,3e-06,9.25,30.0,-0.07268905768866248,418509927442504.2
p2_bulk_nta_5e19_common_primary,NTA 5e19 common-primary state,top_primary,interface_4x,T03_P2_BULK_TRAPS_FORMAL,enabled_symmetric_teaching_top_stack,0.0,0.01,0.0,0.3,channel,0.0009249999999999999,3.075e-06,9.25,30.750000000000004,-0.07383610226030927,400346709746305.06
p2_bulk_nta_5e19_common_primary,NTA 5e19 common-primary state,top_primary,interface_4x,T03_P2_BULK_TRAPS_FORMAL,enabled_symmetric_teaching_top_stack,0.0,0.01,0.0,0.3,channel,0.0009249999999999999,3.1500000000000003e-06,9.25,31.500000000000004,-0.07480848708640125,385567942071480.1
p2_bulk_nta_5e19_common_primary,NTA 5e19 common-primary state,top_primary,interface_4x,T03_P2_BULK_TRAPS_FORMAL,enabled_symmetric_teaching_top_stack,0.0,0.01,0.0,0.3,channel,0.0009249999999999999,3.225e-06,9.25,32.25,-0.0756084534289997,373819605055628.7
p2_bulk_nta_5e19_common_primary,NTA 5e19 common-primary state,top_primary,interface_4x,T03_P2_BULK_TRAPS_FORMAL,enabled_symmetric_teaching_top_stack,0.0,0.01,0.0,0.3,channel,0.0009249999999999999,3.3e-06,9.25,33.0,-0.07623782459798148,364828790956133.2
p2_bulk_nta_5e19_common_primary,NTA 5e19 common-primary state,top_primary,interface_4x,T03_P2_BULK_TRAPS_FORMAL,enabled_symmetric_teaching_top_stack,0.0,0.01,0.0,0.3,channel,0.0009249999999999999,3.3750000000000003e-06,9.25,33.75,-0.07669802217731435,358391849786043.25
p2_bulk_nta_5e19_common_primary,NTA 5e19 common-primary state,top_primary,interface_4x,T03_P2_BULK_TRAPS_FORMAL,enabled_symmetric_teaching_top_stack,0.0,0.01,0.0,0.3,channel,0.0009249999999999999,3.45e-06,9.25,34.5,-0.07699007850046403,354365794376256.4
p2_bulk_nta_5e19_common_primary,NTA 5e19 common-primary state,top_primary,interface_4x,T03_P2_BULK_TRAPS_FORMAL,enabled_symmetric_teaching_top_stack,0.0,0.01,0.0,0.3,channel,0.0009249999999999999,3.525e-06,9.25,35.25,-0.07711464561341803,352662400136264.0
p2_bulk_nta_5e19_common_primary,NTA 5e19 common-primary state,top_primary,interface_4x,T03_P2_BULK_TRAPS_FORMAL,enabled_symmetric_teaching_top_stack,0.0,0.01,0.0,0.3,channel,0.0009249999999999999,3.6000000000000003e-06,9.25,36.0,-0.07707200089416134,353244621929939.4
p2_bulk_nta_5e19_common_primary,NTA 5e19 common-primary state,top_primary,interface_4x,T03_P2_BULK_TRAPS_FORMAL,enabled_symmetric_teaching_top_stack,0.0,0.01,0.0,0.3,channel,0.0009249999999999999,3.6750000000000004e-06,9.25,36.75000000000001,-0.07686204943337795,356125102899809.25
p2_bulk_nta_5e19_common_primary,NTA 5e19 common-primary state,top_primary,interface_4x,T03_P2_BULK_TRAPS_FORMAL,enabled_symmetric_teaching_top_stack,0.0,0.01,0.0,0.3,channel,0.0009249999999999999,3.7500000000000005e-06,9.25,37.50000000000001,-0.07648432322051303,361366682493430.5
p2_bulk_nta_5e19_common_primary,NTA 5e19 common-primary state,top_primary,interface_4x,T03_P2_BULK_TRAPS_FORMAL,enabled_symmetric_teaching_top_stack,0.0,0.01,0.0,0.3,channel,0.0009249999999999999,3.825000000000001e-06,9.25,38.25000000000001,-0.07593797712012386,369084935224933.9
p2_bulk_nta_5e19_common_primary,NTA 5e19 common-primary state,top_primary,interface_4x,T03_P2_BULK_TRAPS_FORMAL,enabled_symmetric_teaching_top_stack,0.0,0.01,0.0,0.3,channel,0.0009249999999999999,3.9e-06,9.25,39.0,-0.07522178156375095,379452898745568.2
p2_bulk_nta_5e19_common_primary,NTA 5e19 common-primary state,top_primary,interface_4x,T03_P2_BULK_TRAPS_FORMAL,enabled_symmetric_teaching_top_stack,0.0,0.01,0.0,0.3,channel,0.0009249999999999999,3.975e-06,9.25,39.75,-0.07433411182041444,392708290823979.9
p2_bulk_nta_5e19_common_primary,NTA 5e19 common-primary state,top_primary,interface_4x,T03_P2_BULK_TRAPS_FORMAL,enabled_symmetric_teaching_top_stack,0.0,0.01,0.0,0.3,channel,0.0009249999999999999,4.05e-06,9.25,40.5,-0.07327293364221418,409163682722724.5
p2_bulk_nta_5e19_common_primary,NTA 5e19 common-primary state,top_primary,interface_4x,T03_P2_BULK_TRAPS_FORMAL,enabled_symmetric_teaching_top_stack,0.0,0.01,0.0,0.3,channel,0.0009249999999999999,4.125e-06,9.25,41.25,-0.07203578500808737,429220307297766.8
p2_bulk_nta_5e19_common_primary,NTA 5e19 common-primary state,top_primary,interface_4x,T03_P2_BULK_TRAPS_FORMAL,enabled_symmetric_teaching_top_stack,0.0,0.01,0.0,0.3,channel,0.0009249999999999999,4.2000000000000004e-06,9.25,42.00000000000001,-0.07061975360590124,453386455334369.0
p2_bulk_nta_5e19_common_primary,NTA 5e19 common-primary state,top_primary,interface_4x,T03_P2_BULK_TRAPS_FORMAL,enabled_symmetric_teaching_top_stack,0.0,0.01,0.0,0.3,channel,0.0009249999999999999,4.2750000000000006e-06,9.25,42.75000000000001,-0.06902144959756489,482301782771144.2
p2_bulk_nta_5e19_common_primary,NTA 5e19 common-primary state,top_primary,interface_4x,T03_P2_BULK_TRAPS_FORMAL,enabled_symmetric_teaching_top_stack,0.0,0.01,0.0,0.3,channel,0.0009249999999999999,4.350000000000001e-06,9.25,43.50000000000001,-0.06723697309987182,516769356648047.0
p2_bulk_nta_5e19_common_primary,NTA 5e19 common-primary state,top_primary,interface_4x,T03_P2_BULK_TRAPS_FORMAL,enabled_symmetric_teaching_top_stack,0.0,0.01,0.0,0.3,channel,0.0009249999999999999,4.425e-06,9.25,44.25,-0.06526187568051832,557797969856412.94
p2_bulk_nta_5e19_common_primary,NTA 5e19 common-primary state,top_primary,interface_4x,T03_P2_BULK_TRAPS_FORMAL,enabled_symmetric_teaching_top_stack,0.0,0.01,0.0,0.3,channel,0.0009249999999999999,4.5e-06,9.25,45.0,-0.06309111500808068,606658243853470.8
p2_bulk_nta_5e19_common_primary,NTA 5e19 common-primary state,top_primary,interface_4x,T03_P2_BULK_TRAPS_FORMAL,enabled_symmetric_teaching_top_stack,0.0,0.01,0.0,0.3,channel,0.0009249999999999999,4.575e-06,9.25,45.75,-0.060719001598829994,664957448307411.8
p2_bulk_nta_5e19_common_primary,NTA 5e19 common-primary state,top_primary,interface_4x,T03_P2_BULK_TRAPS_FORMAL,enabled_symmetric_teaching_top_stack,0.0,0.01,0.0,0.3,channel,0.0009249999999999999,4.65e-06,9.25,46.50000000000001,-0.05813913636188691,734739999293041.5
p2_bulk_nta_5e19_common_primary,NTA 5e19 common-primary state,top_primary,interface_4x,T03_P2_BULK_TRAPS_FORMAL,enabled_symmetric_teaching_top_stack,0.0,0.01,0.0,0.3,channel,0.0009249999999999999,4.7250000000000005e-06,9.25,47.25000000000001,-0.05534433734388257,818623562152891.0
p2_bulk_nta_5e19_common_primary,NTA 5e19 common-primary state,top_primary,interface_4x,T03_P2_BULK_TRAPS_FORMAL,enabled_symmetric_teaching_top_stack,0.0,0.01,0.0,0.3,channel,0.0009249999999999999,4.8e-06,9.25,48.0,-0.05232655369701008,919985059864280.0
p2_bulk_nta_5e19_common_primary,NTA 5e19 common-primary state,top_primary,interface_4x,T03_P2_BULK_TRAPS_FORMAL,enabled_symmetric_teaching_top_stack,0.0,0.01,0.0,0.3,channel,0.0009249999999999999,4.875e-06,9.25,48.75,-0.04907676441593465,1043217423257686.4
p2_bulk_nta_5e19_common_primary,NTA 5e19 common-primary state,top_primary,interface_4x,T03_P2_BULK_TRAPS_FORMAL,enabled_symmetric_teaching_top_stack,0.0,0.01,0.0,0.3,channel,0.0009249999999999999,4.95e-06,9.25,49.5,-0.04558485877666465,1194087809813610.8
p2_bulk_nta_5e19_common_primary,NTA 5e19 common-primary state,top_primary,interface_4x,T03_P2_BULK_TRAPS_FORMAL,enabled_symmetric_teaching_top_stack,0.0,0.01,0.0,0.3,channel,0.0009249999999999999,5.025e-06,9.25,50.25,-0.04183949461921036,1380243191094769.2
p2_bulk_nta_5e19_common_primary,NTA 5e19 common-primary state,top_primary,interface_4x,T03_P2_BULK_TRAPS_FORMAL,enabled_symmetric_teaching_top_stack,0.0,0.01,0.0,0.3,channel,0.0009249999999999999,5.1e-06,9.25,51.0,-0.03782792958325349,1611932827680798.8
p2_bulk_nta_5e19_common_primary,NTA 5e19 common-primary state,top_primary,interface_4x,T03_P2_BULK_TRAPS_FORMAL,enabled_symmetric_teaching_top_stack,0.0,0.01,0.0,0.3,channel,0.0009249999999999999,5.1750000000000004e-06,9.25,51.75000000000001,-0.03353581904388577,1903054489904635.5
p2_bulk_nta_5e19_common_primary,NTA 5e19 common-primary state,top_primary,interface_4x,T03_P2_BULK_TRAPS_FORMAL,enabled_symmetric_teaching_top_stack,0.0,0.01,0.0,0.3,channel,0.0009249999999999999,5.2500000000000006e-06,9.25,52.50000000000001,-0.02894697267553524,2272691301183540.5
p2_bulk_nta_5e19_common_primary,NTA 5e19 common-primary state,top_primary,interface_4x,T03_P2_BULK_TRAPS_FORMAL,enabled_symmetric_teaching_top_stack,0.0,0.01,0.0,0.3,channel,0.0009249999999999999,5.325e-06,9.25,53.25,-0.024043059109830206,2747404287987781.0
p2_bulk_nta_5e19_common_primary,NTA 5e19 common-primary state,top_primary,interface_4x,T03_P2_BULK_TRAPS_FORMAL,enabled_symmetric_teaching_top_stack,0.0,0.01,0.0,0.3,channel,0.0009249999999999999,5.4e-06,9.25,54.0,-0.018803244770001903,3364709531531161.0
p2_bulk_nta_5e19_common_primary,NTA 5e19 common-primary state,top_primary,interface_4x,T03_P2_BULK_TRAPS_FORMAL,enabled_symmetric_teaching_top_stack,0.0,0.01,0.0,0.3,channel,0.00095,3e-06,9.5,30.0,-0.07250738912874137,417078923221099.6
p2_bulk_nta_5e19_common_primary,NTA 5e19 common-primary state,top_primary,interface_4x,T03_P2_BULK_TRAPS_FORMAL,enabled_symmetric_teaching_top_stack,0.0,0.01,0.0,0.3,channel,0.00095,3.075e-06,9.5,30.750000000000004,-0.07365148693326626,399023291200811.6
p2_bulk_nta_5e19_common_primary,NTA 5e19 common-primary state,top_primary,interface_4x,T03_P2_BULK_TRAPS_FORMAL,enabled_symmetric_teaching_top_stack,0.0,0.01,0.0,0.3,channel,0.00095,3.1500000000000003e-06,9.5,31.500000000000004,-0.07462112672280669,384334184874945.75
p2_bulk_nta_5e19_common_primary,NTA 5e19 common-primary state,top_primary,interface_4x,T03_P2_BULK_TRAPS_FORMAL,enabled_symmetric_teaching_top_stack,0.0,0.01,0.0,0.3,channel,0.00095,3.225e-06,9.5,32.25,-0.07541854106074841,372660226329870.8
p2_bulk_nta_5e19_common_primary,NTA 5e19 common-primary state,top_primary,interface_4x,T03_P2_BULK_TRAPS_FORMAL,enabled_symmetric_teaching_top_stack,0.0,0.01,0.0,0.3,channel,0.00095,3.3e-06,9.5,33.0,-0.07604554557530518,363730593262877.44
p2_bulk_nta_5e19_common_primary,NTA 5e19 common-primary state,top_primary,interface_4x,T03_P2_BULK_TRAPS_FORMAL,enabled_symmetric_teaching_top_stack,0.0,0.01,0.0,0.3,channel,0.00095,3.3750000000000003e-06,9.5,33.75,-0.07650355509840871,357343271752582.75
p2_bulk_nta_5e19_common_primary,NTA 5e19 common-primary state,top_primary,interface_4x,T03_P2_BULK_TRAPS_FORMAL,enabled_symmetric_teaching_top_stack,0.0,0.01,0.0,0.3,channel,0.00095,3.45e-06,9.5,34.5,-0.07679359606782285,353356541257597.3
p2_bulk_nta_5e19_common_primary,NTA 5e19 common-primary state,top_primary,interface_4x,T03_P2_BULK_TRAPS_FORMAL,enabled_symmetric_teaching_top_stack,0.0,0.01,0.0,0.3,channel,0.00095,3.525e-06,9.5,35.25,-0.07691631542928493,351683133599682.44
p2_bulk_nta_5e19_common_primary,NTA 5e19 common-primary state,top_primary,interface_4x,T03_P2_BULK_TRAPS_FORMAL,enabled_symmetric_teaching_top_stack,0.0,0.01,0.0,0.3,channel,0.00095,3.6000000000000003e-06,9.5,36.0,-0.07687198620617358,352286692594809.56
p2_bulk_nta_5e19_common_primary,NTA 5e19 common-primary state,top_primary,interface_4x,T03_P2_BULK_TRAPS_FORMAL,enabled_symmetric_teaching_top_stack,0.0,0.01,0.0,0.3,channel,0.00095,3.6750000000000004e-06,9.5,36.75000000000001,-0.07666050984043735,355180312103008.25
p2_bulk_nta_5e19_common_primary,NTA 5e19 common-primary state,top_primary,interface_4x,T03_P2_BULK_TRAPS_FORMAL,enabled_symmetric_teaching_top_stack,0.0,0.01,0.0,0.3,channel,0.00095,3.7500000000000005e-06,9.5,37.50000000000001,-0.07628141534813783,360427061662182.75
p2_bulk_nta_5e19_common_primary,NTA 5e19 common-primary state,top_primary,interface_4x,T03_P2_BULK_TRAPS_FORMAL,enabled_symmetric_teaching_top_stack,0.0,0.01,0.0,0.3,channel,0.00095,3.825000000000001e-06,9.5,38.25000000000001,-0.07573385527398457,368142532300759.6
p2_bulk_nta_5e19_common_primary,NTA 5e19 common-primary state,top_primary,interface_4x,T03_P2_BULK_TRAPS_FORMAL,enabled_symmetric_teaching_top_stack,0.0,0.01,0.0,0.3,channel,0.00095,3.9e-06,9.5,39.0,-0.075016598369758,378499561405295.25
p2_bulk_nta_5e19_common_primary,NTA 5e19 common-primary state,top_primary,interface_4x,T03_P2_BULK_TRAPS_FORMAL,enabled_symmetric_teaching_top_stack,0.0,0.01,0.0,0.3,channel,0.00095,3.975e-06,9.5,39.75,-0.07412801885959408,391735435801218.0
p2_bulk_nta_5e19_common_primary,NTA 5e19 common-primary state,top_primary,interface_4x,T03_P2_BULK_TRAPS_FORMAL,enabled_symmetric_teaching_top_stack,0.0,0.01,0.0,0.3,channel,0.00095,4.05e-06,9.5,40.5,-0.07306608208868365,408162039285117.4
p2_bulk_nta_5e19_common_primary,NTA 5e19 common-primary state,top_primary,interface_4x,T03_P2_BULK_TRAPS_FORMAL,enabled_symmetric_teaching_top_stack,0.0,0.01,0.0,0.3,channel,0.00095,4.125e-06,9.5,41.25,-0.07182832627872816,428179620736017.3
p2_bulk_nta_5e19_common_primary,NTA 5e19 common-primary state,top_primary,interface_4x,T03_P2_BULK_TRAPS_FORMAL,enabled_symmetric_teaching_top_stack,0.0,0.01,0.0,0.3,channel,0.00095,4.2000000000000004e-06,9.5,42.00000000000001,-0.07041184003084733,452295132916034.56
p2_bulk_nta_5e19_common_primary,NTA 5e19 common-primary state,top_primary,interface_4x,T03_P2_BULK_TRAPS_FORMAL,enabled_symmetric_teaching_top_stack,0.0,0.01,0.0,0.3,channel,0.00095,4.2750000000000006e-06,9.5,42.75000000000001,-0.0688132351213995,481146459608645.56
p2_bulk_nta_5e19_common_primary,NTA 5e19 common-primary state,top_primary,interface_4x,T03_P2_BULK_TRAPS_FORMAL,enabled_symmetric_teaching_top_stack,0.0,0.01,0.0,0.3,channel,0.00095,4.350000000000001e-06,9.5,43.50000000000001,-0.06702861402450239,515534351724129.56
p2_bulk_nta_5e19_common_primary,NTA 5e19 common-primary state,top_primary,interface_4x,T03_P2_BULK_TRAPS_FORMAL,enabled_symmetric_teaching_top_stack,0.0,0.01,0.0,0.3,channel,0.00095,4.425e-06,9.5,44.25,-0.06505353146213076,556464592138401.75
p2_bulk_nta_5e19_common_primary,NTA 5e19 common-primary state,top_primary,interface_4x,T03_P2_BULK_TRAPS_FORMAL,enabled_symmetric_teaching_top_stack,0.0,0.01,0.0,0.3,channel,0.00095,4.5e-06,9.5,45.0,-0.0628829491224376,605203893655821.6
p2_bulk_nta_5e19_common_primary,NTA 5e19 common-primary state,top_primary,interface_4x,T03_P2_BULK_TRAPS_FORMAL,enabled_symmetric_teaching_top_stack,0.0,0.01,0.0,0.3,channel,0.00095,4.575e-06,9.5,45.75,-0.06051118249157642,663354437788127.9
p2_bulk_nta_5e19_common_primary,NTA 5e19 common-primary state,top_primary,interface_4x,T03_P2_BULK_TRAPS_FORMAL,enabled_symmetric_teaching_top_stack,0.0,0.01,0.0,0.3,channel,0.00095,4.65e-06,9.5,46.50000000000001,-0.057931838503601056,732953985086952.2
p2_bulk_nta_5e19_common_primary,NTA 5e19 common-primary state,top_primary,interface_4x,T03_P2_BULK_TRAPS_FORMAL,enabled_symmetric_teaching_top_stack,0.0,0.01,0.0,0.3,channel,0.00095,4.7250000000000005e-06,9.5,47.25000000000001,-0.05513774241354393,816611437877030.9
p2_bulk_nta_5e19_common_primary,NTA 5e19 common-primary state,top_primary,interface_4x,T03_P2_BULK_TRAPS_FORMAL,enabled_symmetric_teaching_top_stack,0.0,0.01,0.0,0.3,channel,0.00095,4.8e-06,9.5,48.0,-0.05212085192260746,917692089144309.8
p2_bulk_nta_5e19_common_primary,NTA 5e19 common-primary state,top_primary,interface_4x,T03_P2_BULK_TRAPS_FORMAL,enabled_symmetric_teaching_top_stack,0.0,0.01,0.0,0.3,channel,0.00095,4.875e-06,9.5,48.75,-0.04887215610744338,1040573293298359.4
p2_bulk_nta_5e19_common_primary,NTA 5e19 common-primary state,top_primary,interface_4x,T03_P2_BULK_TRAPS_FORMAL,enabled_symmetric_teaching_top_stack,0.0,0.01,0.0,0.3,channel,0.00095,4.95e-06,9.5,49.5,-0.04538155609505517,1191001132625150.2
p2_bulk_nta_5e19_common_primary,NTA 5e19 common-primary state,top_primary,interface_4x,T03_P2_BULK_TRAPS_FORMAL,enabled_symmetric_teaching_top_stack,0.0,0.01,0.0,0.3,channel,0.00095,5.025e-06,9.5,50.25,-0.04163772363615406,1376593743853338.2
p2_bulk_nta_5e19_common_primary,NTA 5e19 common-primary state,top_primary,interface_4x,T03_P2_BULK_TRAPS_FORMAL,enabled_symmetric_teaching_top_stack,0.0,0.01,0.0,0.3,channel,0.00095,5.1e-06,9.5,51.0,-0.03762793270067447,1607560455116748.0
p2_bulk_nta_5e19_common_primary,NTA 5e19 common-primary state,top_primary,interface_4x,T03_P2_BULK_TRAPS_FORMAL,enabled_symmetric_teaching_top_stack,0.0,0.01,0.0,0.3,channel,0.00095,5.1750000000000004e-06,9.5,51.75000000000001,-0.03333785786176713,1897743005740206.5
p2_bulk_nta_5e19_common_primary,NTA 5e19 common-primary state,top_primary,interface_4x,T03_P2_BULK_TRAPS_FORMAL,enabled_symmetric_teaching_top_stack,0.0,0.01,0.0,0.3,channel,0.00095,5.2500000000000006e-06,9.5,52.50000000000001,-0.02875133142231998,2266144778219659.5
p2_bulk_nta_5e19_common_primary,NTA 5e19 common-primary state,top_primary,interface_4x,T03_P2_BULK_TRAPS_FORMAL,enabled_symmetric_teaching_top_stack,0.0,0.01,0.0,0.3,channel,0.00095,5.325e-06,9.5,53.25,-0.023850048785156498,2739211565722169.0
p2_bulk_nta_5e19_common_primary,NTA 5e19 common-primary state,top_primary,interface_4x,T03_P2_BULK_TRAPS_FORMAL,enabled_symmetric_teaching_top_stack,0.0,0.01,0.0,0.3,channel,0.00095,5.4e-06,9.5,54.0,-0.018613208198546952,3354290147314669.0
p2_bulk_nta_5e19_common_primary,NTA 5e19 common-primary state,top_primary,interface_4x,T03_P2_BULK_TRAPS_FORMAL,enabled_symmetric_teaching_top_stack,0.0,0.01,0.0,0.3,channel,0.000975,3e-06,9.75,30.0,-0.07195504171340002,421678280416686.7
p2_bulk_nta_5e19_common_primary,NTA 5e19 common-primary state,top_primary,interface_4x,T03_P2_BULK_TRAPS_FORMAL,enabled_symmetric_teaching_top_stack,0.0,0.01,0.0,0.3,channel,0.000975,3.075e-06,9.75,30.750000000000004,-0.07309554740460063,403479604076060.56
p2_bulk_nta_5e19_common_primary,NTA 5e19 common-primary state,top_primary,interface_4x,T03_P2_BULK_TRAPS_FORMAL,enabled_symmetric_teaching_top_stack,0.0,0.01,0.0,0.3,channel,0.000975,3.1500000000000003e-06,9.75,31.500000000000004,-0.07406166825304542,388679369360696.9
p2_bulk_nta_5e19_common_primary,NTA 5e19 common-primary state,top_primary,interface_4x,T03_P2_BULK_TRAPS_FORMAL,enabled_symmetric_teaching_top_stack,0.0,0.01,0.0,0.3,channel,0.000975,3.225e-06,9.75,32.25,-0.074855645512238,376923566601249.4
p2_bulk_nta_5e19_common_primary,NTA 5e19 common-primary state,top_primary,interface_4x,T03_P2_BULK_TRAPS_FORMAL,enabled_symmetric_teaching_top_stack,0.0,0.01,0.0,0.3,channel,0.000975,3.3e-06,9.75,33.0,-0.07547930077913693,367939482130508.94
p2_bulk_nta_5e19_common_primary,NTA 5e19 common-primary state,top_primary,interface_4x,T03_P2_BULK_TRAPS_FORMAL,enabled_symmetric_teaching_top_stack,0.0,0.01,0.0,0.3,channel,0.000975,3.3750000000000003e-06,9.75,33.75,-0.07593405216465178,361523863105841.7
p2_bulk_nta_5e19_common_primary,NTA 5e19 common-primary state,top_primary,interface_4x,T03_P2_BULK_TRAPS_FORMAL,enabled_symmetric_teaching_top_stack,0.0,0.01,0.0,0.3,channel,0.000975,3.45e-06,9.75,34.5,-0.07622092670814727,357534345547757.44
p2_bulk_nta_5e19_common_primary,NTA 5e19 common-primary state,top_primary,interface_4x,T03_P2_BULK_TRAPS_FORMAL,enabled_symmetric_teaching_top_stack,0.0,0.01,0.0,0.3,channel,0.000975,3.525e-06,9.75,35.25,-0.07634056927331147,355883583126077.0
p2_bulk_nta_5e19_common_primary,NTA 5e19 common-primary state,top_primary,interface_4x,T03_P2_BULK_TRAPS_FORMAL,enabled_symmetric_teaching_top_stack,0.0,0.01,0.0,0.3,channel,0.000975,3.6000000000000003e-06,9.75,36.0,-0.07629324809299999,356535701071542.1
p2_bulk_nta_5e19_common_primary,NTA 5e19 common-primary state,top_primary,interface_4x,T03_P2_BULK_TRAPS_FORMAL,enabled_symmetric_teaching_top_stack,0.0,0.01,0.0,0.3,channel,0.000975,3.6750000000000004e-06,9.75,36.75000000000001,-0.07607885706647635,359504852391474.7
p2_bulk_nta_5e19_common_primary,NTA 5e19 common-primary state,top_primary,interface_4x,T03_P2_BULK_TRAPS_FORMAL,enabled_symmetric_teaching_top_stack,0.0,0.01,0.0,0.3,channel,0.000975,3.7500000000000005e-06,9.75,37.50000000000001,-0.07569691485165642,364855786578342.7
p2_bulk_nta_5e19_common_primary,NTA 5e19 common-primary state,top_primary,interface_4x,T03_P2_BULK_TRAPS_FORMAL,enabled_symmetric_teaching_top_stack,0.0,0.01,0.0,0.3,channel,0.000975,3.825000000000001e-06,9.75,38.25000000000001,-0.07514656073553563,372706466124498.75
p2_bulk_nta_5e19_common_primary,NTA 5e19 common-primary state,top_primary,interface_4x,T03_P2_BULK_TRAPS_FORMAL,enabled_symmetric_teaching_top_stack,0.0,0.01,0.0,0.3,channel,0.000975,3.9e-06,9.75,39.0,-0.074426547206004,383232894375073.3
p2_bulk_nta_5e19_common_primary,NTA 5e19 common-primary state,top_primary,interface_4x,T03_P2_BULK_TRAPS_FORMAL,enabled_symmetric_teaching_top_stack,0.0,0.01,0.0,0.3,channel,0.000975,3.975e-06,9.75,39.75,-0.07353522908577848,396676460906090.06
p2_bulk_nta_5e19_common_primary,NTA 5e19 common-primary state,top_primary,interface_4x,T03_P2_BULK_TRAPS_FORMAL,enabled_symmetric_teaching_top_stack,0.0,0.01,0.0,0.3,channel,0.000975,4.05e-06,9.75,40.5,-0.0724705490221248,413354280751252.6
p2_bulk_nta_5e19_common_primary,NTA 5e19 common-primary state,top_primary,interface_4x,T03_P2_BULK_TRAPS_FORMAL,enabled_symmetric_teaching_top_stack,0.0,0.01,0.0,0.3,channel,0.000975,4.125e-06,9.75,41.25,-0.07123001905208064,433673217765608.25
p2_bulk_nta_5e19_common_primary,NTA 5e19 common-primary state,top_primary,interface_4x,T03_P2_BULK_TRAPS_FORMAL,enabled_symmetric_teaching_top_stack,0.0,0.01,0.0,0.3,channel,0.000975,4.2000000000000004e-06,9.75,42.00000000000001,-0.06981069787934953,458148561967479.56
p2_bulk_nta_5e19_common_primary,NTA 5e19 common-primary state,top_primary,interface_4x,T03_P2_BULK_TRAPS_FORMAL,enabled_symmetric_teaching_top_stack,0.0,0.01,0.0,0.3,channel,0.000975,4.2750000000000006e-06,9.75,42.75000000000001,-0.0682091634027121,487428705989422.56
p2_bulk_nta_5e19_common_primary,NTA 5e19 common-primary state,top_primary,interface_4x,T03_P2_BULK_TRAPS_FORMAL,enabled_symmetric_teaching_top_stack,0.0,0.01,0.0,0.3,channel,0.000975,4.350000000000001e-06,9.75,43.50000000000001,-0.06642147992278988,522327679694390.0
p2_bulk_nta_5e19_common_primary,NTA 5e19 common-primary state,top_primary,interface_4x,T03_P2_BULK_TRAPS_FORMAL,enabled_symmetric_teaching_top_stack,0.0,0.01,0.0,0.3,channel,0.000975,4.425e-06,9.75,44.25,-0.06444315931942485,563868116796692.9
p2_bulk_nta_5e19_common_primary,NTA 5e19 common-primary state,top_primary,interface_4x,T03_P2_BULK_TRAPS_FORMAL,enabled_symmetric_teaching_top_stack,0.0,0.01,0.0,0.3,channel,0.000975,4.5e-06,9.75,45.0,-0.062269115329621184,613338234585794.6
p2_bulk_nta_5e19_common_primary,NTA 5e19 common-primary state,top_primary,interface_4x,T03_P2_BULK_TRAPS_FORMAL,enabled_symmetric_teaching_top_stack,0.0,0.01,0.0,0.3,channel,0.000975,4.575e-06,9.75,45.75,-0.05989360985798347,672367844273156.6
p2_bulk_nta_5e19_common_primary,NTA 5e19 common-primary state,top_primary,interface_4x,T03_P2_BULK_TRAPS_FORMAL,enabled_symmetric_teaching_top_stack,0.0,0.01,0.0,0.3,channel,0.000975,4.65e-06,9.75,46.50000000000001,-0.05731019000749985,743030481561859.8
p2_bulk_nta_5e19_common_primary,NTA 5e19 common-primary state,top_primary,interface_4x,T03_P2_BULK_TRAPS_FORMAL,enabled_symmetric_teaching_top_stack,0.0,0.01,0.0,0.3,channel,0.000975,4.7250000000000005e-06,9.75,47.25000000000001,-0.054511614214673765,827981770622202.1
p2_bulk_nta_5e19_common_primary,NTA 5e19 common-primary state,top_primary,interface_4x,T03_P2_BULK_TRAPS_FORMAL,enabled_symmetric_teaching_top_stack,0.0,0.01,0.0,0.3,channel,0.000975,4.8e-06,9.75,48.0,-0.05148976549114564,930648599052985.9
p2_bulk_nta_5e19_common_primary,NTA 5e19 common-primary state,top_primary,interface_4x,T03_P2_BULK_TRAPS_FORMAL,enabled_symmetric_teaching_top_stack,0.0,0.01,0.0,0.3,channel,0.000975,4.875e-06,9.75,48.75,-0.04823554928950523,1055490354804188.5
p2_bulk_nta_5e19_common_primary,NTA 5e19 common-primary state,top_primary,interface_4x,T03_P2_BULK_TRAPS_FORMAL,enabled_symmetric_teaching_top_stack,0.0,0.01,0.0,0.3,channel,0.000975,4.95e-06,9.75,49.5,-0.04473877289064048,1208363581450631.5
p2_bulk_nta_5e19_common_primary,NTA 5e19 common-primary state,top_primary,interface_4x,T03_P2_BULK_TRAPS_FORMAL,enabled_symmetric_teaching_top_stack,0.0,0.01,0.0,0.3,channel,0.000975,5.025e-06,9.75,50.25,-0.04098800240799921,1397036921890983.8
p2_bulk_nta_5e19_common_primary,NTA 5e19 common-primary state,top_primary,interface_4x,T03_P2_BULK_TRAPS_FORMAL,enabled_symmetric_teaching_top_stack,0.0,0.01,0.0,0.3,channel,0.000975,5.1e-06,9.75,51.0,-0.03697039245704646,1631927386679061.5
p2_bulk_nta_5e19_common_primary,NTA 5e19 common-primary state,top_primary,interface_4x,T03_P2_BULK_TRAPS_FORMAL,enabled_symmetric_teaching_top_stack,0.0,0.01,0.0,0.3,channel,0.000975,5.1750000000000004e-06,9.75,51.75000000000001,-0.03267148215610606,1927167217789298.5
p2_bulk_nta_5e19_common_primary,NTA 5e19 common-primary state,top_primary,interface_4x,T03_P2_BULK_TRAPS_FORMAL,enabled_symmetric_teaching_top_stack,0.0,0.01,0.0,0.3,channel,0.000975,5.2500000000000006e-06,9.75,52.50000000000001,-0.028074949277971273,2302172127943056.5
p2_bulk_nta_5e19_common_primary,NTA 5e19 common-primary state,top_primary,interface_4x,T03_P2_BULK_TRAPS_FORMAL,enabled_symmetric_teaching_top_stack,0.0,0.01,0.0,0.3,channel,0.000975,5.325e-06,9.75,53.25,-0.02316231186972833,2783982434514010.0
p2_bulk_nta_5e19_common_primary,NTA 5e19 common-primary state,top_primary,interface_4x,T03_P2_BULK_TRAPS_FORMAL,enabled_symmetric_teaching_top_stack,0.0,0.01,0.0,0.3,channel,0.000975,5.4e-06,9.75,54.0,-0.017912563218093057,3410816808176269.0
p2_bulk_nta_5e19_common_primary,NTA 5e19 common-primary state,top_primary,interface_4x,T03_P2_BULK_TRAPS_FORMAL,enabled_symmetric_teaching_top_stack,0.0,0.01,0.0,0.3,channel,0.001,3e-06,10.0,30.0,0.01,1e+16
p2_bulk_nta_5e19_common_primary,NTA 5e19 common-primary state,top_primary,interface_4x,T03_P2_BULK_TRAPS_FORMAL,enabled_symmetric_teaching_top_stack,0.0,0.01,0.0,0.3,channel,0.001,3.075e-06,10.0,30.750000000000004,0.01,1e+16
p2_bulk_nta_5e19_common_primary,NTA 5e19 common-primary state,top_primary,interface_4x,T03_P2_BULK_TRAPS_FORMAL,enabled_symmetric_teaching_top_stack,0.0,0.01,0.0,0.3,channel,0.001,3.1500000000000003e-06,10.0,31.500000000000004,0.01,1e+16
p2_bulk_nta_5e19_common_primary,NTA 5e19 common-primary state,top_primary,interface_4x,T03_P2_BULK_TRAPS_FORMAL,enabled_symmetric_teaching_top_stack,0.0,0.01,0.0,0.3,channel,0.001,3.225e-06,10.0,32.25,0.01,1e+16
p2_bulk_nta_5e19_common_primary,NTA 5e19 common-primary state,top_primary,interface_4x,T03_P2_BULK_TRAPS_FORMAL,enabled_symmetric_teaching_top_stack,0.0,0.01,0.0,0.3,channel,0.001,3.3e-06,10.0,33.0,0.01,1e+16
p2_bulk_nta_5e19_common_primary,NTA 5e19 common-primary state,top_primary,interface_4x,T03_P2_BULK_TRAPS_FORMAL,enabled_symmetric_teaching_top_stack,0.0,0.01,0.0,0.3,channel,0.001,3.3750000000000003e-06,10.0,33.75,0.01,1e+16
p2_bulk_nta_5e19_common_primary,NTA 5e19 common-primary state,top_primary,interface_4x,T03_P2_BULK_TRAPS_FORMAL,enabled_symmetric_teaching_top_stack,0.0,0.01,0.0,0.3,channel,0.001,3.45e-06,10.0,34.5,0.01,1e+16
p2_bulk_nta_5e19_common_primary,NTA 5e19 common-primary state,top_primary,interface_4x,T03_P2_BULK_TRAPS_FORMAL,enabled_symmetric_teaching_top_stack,0.0,0.01,0.0,0.3,channel,0.001,3.525e-06,10.0,35.25,0.01,1e+16
p2_bulk_nta_5e19_common_primary,NTA 5e19 common-primary state,top_primary,interface_4x,T03_P2_BULK_TRAPS_FORMAL,enabled_symmetric_teaching_top_stack,0.0,0.01,0.0,0.3,channel,0.001,3.6000000000000003e-06,10.0,36.0,0.01,1e+16
p2_bulk_nta_5e19_common_primary,NTA 5e19 common-primary state,top_primary,interface_4x,T03_P2_BULK_TRAPS_FORMAL,enabled_symmetric_teaching_top_stack,0.0,0.01,0.0,0.3,channel,0.001,3.6750000000000004e-06,10.0,36.75000000000001,0.01,1e+16
p2_bulk_nta_5e19_common_primary,NTA 5e19 common-primary state,top_primary,interface_4x,T03_P2_BULK_TRAPS_FORMAL,enabled_symmetric_teaching_top_stack,0.0,0.01,0.0,0.3,channel,0.001,3.7500000000000005e-06,10.0,37.50000000000001,0.01,1e+16
p2_bulk_nta_5e19_common_primary,NTA 5e19 common-primary state,top_primary,interface_4x,T03_P2_BULK_TRAPS_FORMAL,enabled_symmetric_teaching_top_stack,0.0,0.01,0.0,0.3,channel,0.001,3.825000000000001e-06,10.0,38.25000000000001,0.01,1e+16
p2_bulk_nta_5e19_common_primary,NTA 5e19 common-primary state,top_primary,interface_4x,T03_P2_BULK_TRAPS_FORMAL,enabled_symmetric_teaching_top_stack,0.0,0.01,0.0,0.3,channel,0.001,3.9e-06,10.0,39.0,0.01,1e+16
p2_bulk_nta_5e19_common_primary,NTA 5e19 common-primary state,top_primary,interface_4x,T03_P2_BULK_TRAPS_FORMAL,enabled_symmetric_teaching_top_stack,0.0,0.01,0.0,0.3,channel,0.001,3.975e-06,10.0,39.75,0.01,1e+16
p2_bulk_nta_5e19_common_primary,NTA 5e19 common-primary state,top_primary,interface_4x,T03_P2_BULK_TRAPS_FORMAL,enabled_symmetric_teaching_top_stack,0.0,0.01,0.0,0.3,channel,0.001,4.05e-06,10.0,40.5,0.01,1e+16
p2_bulk_nta_5e19_common_primary,NTA 5e19 common-primary state,top_primary,interface_4x,T03_P2_BULK_TRAPS_FORMAL,enabled_symmetric_teaching_top_stack,0.0,0.01,0.0,0.3,channel,0.001,4.125e-06,10.0,41.25,0.01,1e+16
p2_bulk_nta_5e19_common_primary,NTA 5e19 common-primary state,top_primary,interface_4x,T03_P2_BULK_TRAPS_FORMAL,enabled_symmetric_teaching_top_stack,0.0,0.01,0.0,0.3,channel,0.001,4.2000000000000004e-06,10.0,42.00000000000001,0.01,1e+16
p2_bulk_nta_5e19_common_primary,NTA 5e19 common-primary state,top_primary,interface_4x,T03_P2_BULK_TRAPS_FORMAL,enabled_symmetric_teaching_top_stack,0.0,0.01,0.0,0.3,channel,0.001,4.2750000000000006e-06,10.0,42.75000000000001,0.01,1e+16
p2_bulk_nta_5e19_common_primary,NTA 5e19 common-primary state,top_primary,interface_4x,T03_P2_BULK_TRAPS_FORMAL,enabled_symmetric_teaching_top_stack,0.0,0.01,0.0,0.3,channel,0.001,4.350000000000001e-06,10.0,43.50000000000001,0.01,1e+16
p2_bulk_nta_5e19_common_primary,NTA 5e19 common-primary state,top_primary,interface_4x,T03_P2_BULK_TRAPS_FORMAL,enabled_symmetric_teaching_top_stack,0.0,0.01,0.0,0.3,channel,0.001,4.425e-06,10.0,44.25,0.01,1e+16
p2_bulk_nta_5e19_common_primary,NTA 5e19 common-primary state,top_primary,interface_4x,T03_P2_BULK_TRAPS_FORMAL,enabled_symmetric_teaching_top_stack,0.0,0.01,0.0,0.3,channel,0.001,4.5e-06,10.0,45.0,0.01,1e+16
p2_bulk_nta_5e19_common_primary,NTA 5e19 common-primary state,top_primary,interface_4x,T03_P2_BULK_TRAPS_FORMAL,enabled_symmetric_teaching_top_stack,0.0,0.01,0.0,0.3,channel,0.001,4.575e-06,10.0,45.75,0.01,1e+16
p2_bulk_nta_5e19_common_primary,NTA 5e19 common-primary state,top_primary,interface_4x,T03_P2_BULK_TRAPS_FORMAL,enabled_symmetric_teaching_top_stack,0.0,0.01,0.0,0.3,channel,0.001,4.65e-06,10.0,46.50000000000001,0.01,1e+16
p2_bulk_nta_5e19_common_primary,NTA 5e19 common-primary state,top_primary,interface_4x,T03_P2_BULK_TRAPS_FORMAL,enabled_symmetric_teaching_top_stack,0.0,0.01,0.0,0.3,channel,0.001,4.7250000000000005e-06,10.0,47.25000000000001,0.01,1e+16
p2_bulk_nta_5e19_common_primary,NTA 5e19 common-primary state,top_primary,interface_4x,T03_P2_BULK_TRAPS_FORMAL,enabled_symmetric_teaching_top_stack,0.0,0.01,0.0,0.3,channel,0.001,4.8e-06,10.0,48.0,0.01,1e+16
p2_bulk_nta_5e19_common_primary,NTA 5e19 common-primary state,top_primary,interface_4x,T03_P2_BULK_TRAPS_FORMAL,enabled_symmetric_teaching_top_stack,0.0,0.01,0.0,0.3,channel,0.001,4.875e-06,10.0,48.75,0.01,1e+16
p2_bulk_nta_5e19_common_primary,NTA 5e19 common-primary state,top_primary,interface_4x,T03_P2_BULK_TRAPS_FORMAL,enabled_symmetric_teaching_top_stack,0.0,0.01,0.0,0.3,channel,0.001,4.95e-06,10.0,49.5,0.01,1e+16
p2_bulk_nta_5e19_common_primary,NTA 5e19 common-primary state,top_primary,interface_4x,T03_P2_BULK_TRAPS_FORMAL,enabled_symmetric_teaching_top_stack,0.0,0.01,0.0,0.3,channel,0.001,5.025e-06,10.0,50.25,0.01,1e+16
p2_bulk_nta_5e19_common_primary,NTA 5e19 common-primary state,top_primary,interface_4x,T03_P2_BULK_TRAPS_FORMAL,enabled_symmetric_teaching_top_stack,0.0,0.01,0.0,0.3,channel,0.001,5.1e-06,10.0,51.0,0.01,1e+16
p2_bulk_nta_5e19_common_primary,NTA 5e19 common-primary state,top_primary,interface_4x,T03_P2_BULK_TRAPS_FORMAL,enabled_symmetric_teaching_top_stack,0.0,0.01,0.0,0.3,channel,0.001,5.1750000000000004e-06,10.0,51.75000000000001,0.01,1e+16
p2_bulk_nta_5e19_common_primary,NTA 5e19 common-primary state,top_primary,interface_4x,T03_P2_BULK_TRAPS_FORMAL,enabled_symmetric_teaching_top_stack,0.0,0.01,0.0,0.3,channel,0.001,5.2500000000000006e-06,10.0,52.50000000000001,0.01,1e+16
p2_bulk_nta_5e19_common_primary,NTA 5e19 common-primary state,top_primary,interface_4x,T03_P2_BULK_TRAPS_FORMAL,enabled_symmetric_teaching_top_stack,0.0,0.01,0.0,0.3,channel,0.001,5.325e-06,10.0,53.25,0.01,1e+16
p2_bulk_nta_5e19_common_primary,NTA 5e19 common-primary state,top_primary,interface_4x,T03_P2_BULK_TRAPS_FORMAL,enabled_symmetric_teaching_top_stack,0.0,0.01,0.0,0.3,channel,0.001,5.4e-06,10.0,54.0,0.01,1e+16
p2_bulk_nta_5e19_common_primary,NTA 5e19 common-primary state,top_primary,interface_4x,T03_P2_BULK_TRAPS_FORMAL,enabled_symmetric_teaching_top_stack,0.0,0.01,0.0,0.3,top_oxide,0.0,5.4e-06,0.0,54.0,0.2968915869050342,
p2_bulk_nta_5e19_common_primary,NTA 5e19 common-primary state,top_primary,interface_4x,T03_P2_BULK_TRAPS_FORMAL,enabled_symmetric_teaching_top_stack,0.0,0.01,0.0,0.3,top_oxide,0.0,5.525e-06,0.0,55.24999999999999,0.29689962828283245,
p2_bulk_nta_5e19_common_primary,NTA 5e19 common-primary state,top_primary,interface_4x,T03_P2_BULK_TRAPS_FORMAL,enabled_symmetric_teaching_top_stack,0.0,0.01,0.0,0.3,top_oxide,2.5e-05,5.4e-06,0.25,54.0,-0.024763525025227277,
p2_bulk_nta_5e19_common_primary,NTA 5e19 common-primary state,top_primary,interface_4x,T03_P2_BULK_TRAPS_FORMAL,enabled_symmetric_teaching_top_stack,0.0,0.01,0.0,0.3,top_oxide,2.5e-05,5.525e-06,0.25,55.24999999999999,-0.011171099563454677,
p2_bulk_nta_5e19_common_primary,NTA 5e19 common-primary state,top_primary,interface_4x,T03_P2_BULK_TRAPS_FORMAL,enabled_symmetric_teaching_top_stack,0.0,0.01,0.0,0.3,top_oxide,0.0,5.65e-06,0.0,56.5,0.29692307319702305,
p2_bulk_nta_5e19_common_primary,NTA 5e19 common-primary state,top_primary,interface_4x,T03_P2_BULK_TRAPS_FORMAL,enabled_symmetric_teaching_top_stack,0.0,0.01,0.0,0.3,top_oxide,2.5e-05,5.65e-06,0.25,56.5,0.0024136337435610887,
p2_bulk_nta_5e19_common_primary,NTA 5e19 common-primary state,top_primary,interface_4x,T03_P2_BULK_TRAPS_FORMAL,enabled_symmetric_teaching_top_stack,0.0,0.01,0.0,0.3,top_oxide,0.0,5.775e-06,0.0,57.75,0.29696124358318626,
p2_bulk_nta_5e19_common_primary,NTA 5e19 common-primary state,top_primary,interface_4x,T03_P2_BULK_TRAPS_FORMAL,enabled_symmetric_teaching_top_stack,0.0,0.01,0.0,0.3,top_oxide,2.5e-05,5.775e-06,0.25,57.75,0.015991014895146514,
p2_bulk_nta_5e19_common_primary,NTA 5e19 common-primary state,top_primary,interface_4x,T03_P2_BULK_TRAPS_FORMAL,enabled_symmetric_teaching_top_stack,0.0,0.01,0.0,0.3,top_oxide,0.0,5.899999999999999e-06,0.0,58.99999999999999,0.2970134624807839,
p2_bulk_nta_5e19_common_primary,NTA 5e19 common-primary state,top_primary,interface_4x,T03_P2_BULK_TRAPS_FORMAL,enabled_symmetric_teaching_top_stack,0.0,0.01,0.0,0.3,top_oxide,2.5e-05,5.899999999999999e-06,0.25,58.99999999999999,0.02956138315524606,
p2_bulk_nta_5e19_common_primary,NTA 5e19 common-primary state,top_primary,interface_4x,T03_P2_BULK_TRAPS_FORMAL,enabled_symmetric_teaching_top_stack,0.0,0.01,0.0,0.3,top_oxide,0.0,6.025e-06,0.0,60.25,0.29707905398234785,
p2_bulk_nta_5e19_common_primary,NTA 5e19 common-primary state,top_primary,interface_4x,T03_P2_BULK_TRAPS_FORMAL,enabled_symmetric_teaching_top_stack,0.0,0.01,0.0,0.3,top_oxide,2.5e-05,6.025e-06,0.25,60.25,0.04312507708632415,
p2_bulk_nta_5e19_common_primary,NTA 5e19 common-primary state,top_primary,interface_4x,T03_P2_BULK_TRAPS_FORMAL,enabled_symmetric_teaching_top_stack,0.0,0.01,0.0,0.3,top_oxide,0.0,6.1499999999999996e-06,0.0,61.49999999999999,0.2971573431827566,
p2_bulk_nta_5e19_common_primary,NTA 5e19 common-primary state,top_primary,interface_4x,T03_P2_BULK_TRAPS_FORMAL,enabled_symmetric_teaching_top_stack,0.0,0.01,0.0,0.3,top_oxide,2.5e-05,6.1499999999999996e-06,0.25,61.49999999999999,0.05668243458320138,
p2_bulk_nta_5e19_common_primary,NTA 5e19 common-primary state,top_primary,interface_4x,T03_P2_BULK_TRAPS_FORMAL,enabled_symmetric_teaching_top_stack,0.0,0.01,0.0,0.3,top_oxide,0.0,6.275e-06,0.0,62.75,0.2972476561285953,
p2_bulk_nta_5e19_common_primary,NTA 5e19 common-primary state,top_primary,interface_4x,T03_P2_BULK_TRAPS_FORMAL,enabled_symmetric_teaching_top_stack,0.0,0.01,0.0,0.3,top_oxide,2.5e-05,6.275e-06,0.25,62.75,0.07023379290682913,
p2_bulk_nta_5e19_common_primary,NTA 5e19 common-primary state,top_primary,interface_4x,T03_P2_BULK_TRAPS_FORMAL,enabled_symmetric_teaching_top_stack,0.0,0.01,0.0,0.3,top_oxide,0.0,6.4e-06,0.0,64.0,0.2973493197675951,
p2_bulk_nta_5e19_common_primary,NTA 5e19 common-primary state,top_primary,interface_4x,T03_P2_BULK_TRAPS_FORMAL,enabled_symmetric_teaching_top_stack,0.0,0.01,0.0,0.3,top_oxide,2.5e-05,6.4e-06,0.25,64.0,0.08377948871800323,
p2_bulk_nta_5e19_common_primary,NTA 5e19 common-primary state,top_primary,interface_4x,T03_P2_BULK_TRAPS_FORMAL,enabled_symmetric_teaching_top_stack,0.0,0.01,0.0,0.3,top_oxide,0.0,6.9e-06,0.0,69.0,0.29786275923911903,
p2_bulk_nta_5e19_common_primary,NTA 5e19 common-primary state,top_primary,interface_4x,T03_P2_BULK_TRAPS_FORMAL,enabled_symmetric_teaching_top_stack,0.0,0.01,0.0,0.3,top_oxide,2.5e-05,6.9e-06,0.25,69.0,0.1379090077811555,
p2_bulk_nta_5e19_common_primary,NTA 5e19 common-primary state,top_primary,interface_4x,T03_P2_BULK_TRAPS_FORMAL,enabled_symmetric_teaching_top_stack,0.0,0.01,0.0,0.3,top_oxide,0.0,7.4e-06,0.0,74.0,0.2985041617118094,
p2_bulk_nta_5e19_common_primary,NTA 5e19 common-primary state,top_primary,interface_4x,T03_P2_BULK_TRAPS_FORMAL,enabled_symmetric_teaching_top_stack,0.0,0.01,0.0,0.3,top_oxide,2.5e-05,7.4e-06,0.25,74.0,0.191974728926291,
p2_bulk_nta_5e19_common_primary,NTA 5e19 common-primary state,top_primary,interface_4x,T03_P2_BULK_TRAPS_FORMAL,enabled_symmetric_teaching_top_stack,0.0,0.01,0.0,0.3,top_oxide,0.0,7.9e-06,0.0,79.0,0.2992307877307281,
p2_bulk_nta_5e19_common_primary,NTA 5e19 common-primary state,top_primary,interface_4x,T03_P2_BULK_TRAPS_FORMAL,enabled_symmetric_teaching_top_stack,0.0,0.01,0.0,0.3,top_oxide,2.5e-05,7.9e-06,0.25,79.0,0.24599797478929378,
p2_bulk_nta_5e19_common_primary,NTA 5e19 common-primary state,top_primary,interface_4x,T03_P2_BULK_TRAPS_FORMAL,enabled_symmetric_teaching_top_stack,0.0,0.01,0.0,0.3,top_oxide,0.0,8.400000000000001e-06,0.0,84.00000000000001,0.3,
p2_bulk_nta_5e19_common_primary,NTA 5e19 common-primary state,top_primary,interface_4x,T03_P2_BULK_TRAPS_FORMAL,enabled_symmetric_teaching_top_stack,0.0,0.01,0.0,0.3,top_oxide,2.5e-05,8.400000000000001e-06,0.25,84.00000000000001,0.3,
p2_bulk_nta_5e19_common_primary,NTA 5e19 common-primary state,top_primary,interface_4x,T03_P2_BULK_TRAPS_FORMAL,enabled_symmetric_teaching_top_stack,0.0,0.01,0.0,0.3,top_oxide,5e-05,5.4e-06,0.5,54.0,-0.025101699470455555,
p2_bulk_nta_5e19_common_primary,NTA 5e19 common-primary state,top_primary,interface_4x,T03_P2_BULK_TRAPS_FORMAL,enabled_symmetric_teaching_top_stack,0.0,0.01,0.0,0.3,top_oxide,5e-05,5.525e-06,0.5,55.24999999999999,-0.011555637132699548,
p2_bulk_nta_5e19_common_primary,NTA 5e19 common-primary state,top_primary,interface_4x,T03_P2_BULK_TRAPS_FORMAL,enabled_symmetric_teaching_top_stack,0.0,0.01,0.0,0.3,top_oxide,5e-05,5.65e-06,0.5,56.5,0.0019904115000453308,
p2_bulk_nta_5e19_common_primary,NTA 5e19 common-primary state,top_primary,interface_4x,T03_P2_BULK_TRAPS_FORMAL,enabled_symmetric_teaching_top_stack,0.0,0.01,0.0,0.3,top_oxide,5e-05,5.775e-06,0.5,57.75,0.015536445642325975,
p2_bulk_nta_5e19_common_primary,NTA 5e19 common-primary state,top_primary,interface_4x,T03_P2_BULK_TRAPS_FORMAL,enabled_symmetric_teaching_top_stack,0.0,0.01,0.0,0.3,top_oxide,5e-05,5.899999999999999e-06,0.5,58.99999999999999,0.029082464691770425,
p2_bulk_nta_5e19_common_primary,NTA 5e19 common-primary state,top_primary,interface_4x,T03_P2_BULK_TRAPS_FORMAL,enabled_symmetric_teaching_top_stack,0.0,0.01,0.0,0.3,top_oxide,5e-05,6.025e-06,0.5,60.25,0.04262846822057589,
p2_bulk_nta_5e19_common_primary,NTA 5e19 common-primary state,top_primary,interface_4x,T03_P2_BULK_TRAPS_FORMAL,enabled_symmetric_teaching_top_stack,0.0,0.01,0.0,0.3,top_oxide,5e-05,6.1499999999999996e-06,0.5,61.49999999999999,0.05617445596702303,
p2_bulk_nta_5e19_common_primary,NTA 5e19 common-primary state,top_primary,interface_4x,T03_P2_BULK_TRAPS_FORMAL,enabled_symmetric_teaching_top_stack,0.0,0.01,0.0,0.3,top_oxide,5e-05,6.275e-06,0.5,62.75,0.06972042782701617,
p2_bulk_nta_5e19_common_primary,NTA 5e19 common-primary state,top_primary,interface_4x,T03_P2_BULK_TRAPS_FORMAL,enabled_symmetric_teaching_top_stack,0.0,0.01,0.0,0.3,top_oxide,5e-05,6.4e-06,0.5,64.0,0.08326638384564576,
p2_bulk_nta_5e19_common_primary,NTA 5e19 common-primary state,top_primary,interface_4x,T03_P2_BULK_TRAPS_FORMAL,enabled_symmetric_teaching_top_stack,0.0,0.01,0.0,0.3,top_oxide,5e-05,6.9e-06,0.5,69.0,0.1374500513651592,
p2_bulk_nta_5e19_common_primary,NTA 5e19 common-primary state,top_primary,interface_4x,T03_P2_BULK_TRAPS_FORMAL,enabled_symmetric_teaching_top_stack,0.0,0.01,0.0,0.3,top_oxide,5e-05,7.4e-06,0.5,74.0,0.19163350147255756,
p2_bulk_nta_5e19_common_primary,NTA 5e19 common-primary state,top_primary,interface_4x,T03_P2_BULK_TRAPS_FORMAL,enabled_symmetric_teaching_top_stack,0.0,0.01,0.0,0.3,top_oxide,5e-05,7.9e-06,0.5,79.0,0.24581679258929867,
p2_bulk_nta_5e19_common_primary,NTA 5e19 common-primary state,top_primary,interface_4x,T03_P2_BULK_TRAPS_FORMAL,enabled_symmetric_teaching_top_stack,0.0,0.01,0.0,0.3,top_oxide,5e-05,8.400000000000001e-06,0.5,84.00000000000001,0.3,
p2_bulk_nta_5e19_common_primary,NTA 5e19 common-primary state,top_primary,interface_4x,T03_P2_BULK_TRAPS_FORMAL,enabled_symmetric_teaching_top_stack,0.0,0.01,0.0,0.3,top_oxide,7.500000000000001e-05,5.4e-06,0.7500000000000001,54.0,-0.0249307563872976,
p2_bulk_nta_5e19_common_primary,NTA 5e19 common-primary state,top_primary,interface_4x,T03_P2_BULK_TRAPS_FORMAL,enabled_symmetric_teaching_top_stack,0.0,0.01,0.0,0.3,top_oxide,7.500000000000001e-05,5.525e-06,0.7500000000000001,55.24999999999999,-0.011391974253017922,
p2_bulk_nta_5e19_common_primary,NTA 5e19 common-primary state,top_primary,interface_4x,T03_P2_BULK_TRAPS_FORMAL,enabled_symmetric_teaching_top_stack,0.0,0.01,0.0,0.3,top_oxide,7.500000000000001e-05,5.65e-06,0.7500000000000001,56.5,0.0021468078222564298,
p2_bulk_nta_5e19_common_primary,NTA 5e19 common-primary state,top_primary,interface_4x,T03_P2_BULK_TRAPS_FORMAL,enabled_symmetric_teaching_top_stack,0.0,0.01,0.0,0.3,top_oxide,7.500000000000001e-05,5.775e-06,0.7500000000000001,57.75,0.0156855898373341,
p2_bulk_nta_5e19_common_primary,NTA 5e19 common-primary state,top_primary,interface_4x,T03_P2_BULK_TRAPS_FORMAL,enabled_symmetric_teaching_top_stack,0.0,0.01,0.0,0.3,top_oxide,7.500000000000001e-05,5.899999999999999e-06,0.7500000000000001,58.99999999999999,0.029224371791383492,
p2_bulk_nta_5e19_common_primary,NTA 5e19 common-primary state,top_primary,interface_4x,T03_P2_BULK_TRAPS_FORMAL,enabled_symmetric_teaching_top_stack,0.0,0.01,0.0,0.3,top_oxide,7.500000000000001e-05,6.025e-06,0.7500000000000001,60.25,0.042763153683947494,
p2_bulk_nta_5e19_common_primary,NTA 5e19 common-primary state,top_primary,interface_4x,T03_P2_BULK_TRAPS_FORMAL,enabled_symmetric_teaching_top_stack,0.0,0.01,0.0,0.3,top_oxide,7.500000000000001e-05,6.1499999999999996e-06,0.7500000000000001,61.49999999999999,0.05630193551495388,
p2_bulk_nta_5e19_common_primary,NTA 5e19 common-primary state,top_primary,interface_4x,T03_P2_BULK_TRAPS_FORMAL,enabled_symmetric_teaching_top_stack,0.0,0.01,0.0,0.3,top_oxide,7.500000000000001e-05,6.275e-06,0.7500000000000001,62.75,0.06984071728472246,
p2_bulk_nta_5e19_common_primary,NTA 5e19 common-primary state,top_primary,interface_4x,T03_P2_BULK_TRAPS_FORMAL,enabled_symmetric_teaching_top_stack,0.0,0.01,0.0,0.3,top_oxide,7.500000000000001e-05,6.4e-06,0.7500000000000001,64.0,0.083379498993967,
p2_bulk_nta_5e19_common_primary,NTA 5e19 common-primary state,top_primary,interface_4x,T03_P2_BULK_TRAPS_FORMAL,enabled_symmetric_teaching_top_stack,0.0,0.01,0.0,0.3,top_oxide,7.500000000000001e-05,6.9e-06,0.7500000000000001,69.0,0.13753462523677693,
p2_bulk_nta_5e19_common_primary,NTA 5e19 common-primary state,top_primary,interface_4x,T03_P2_BULK_TRAPS_FORMAL,enabled_symmetric_teaching_top_stack,0.0,0.01,0.0,0.3,top_oxide,7.500000000000001e-05,7.4e-06,0.7500000000000001,74.0,0.191689750661947,
p2_bulk_nta_5e19_common_primary,NTA 5e19 common-primary state,top_primary,interface_4x,T03_P2_BULK_TRAPS_FORMAL,enabled_symmetric_teaching_top_stack,0.0,0.01,0.0,0.3,top_oxide,7.500000000000001e-05,7.9e-06,0.7500000000000001,79.0,0.24584487548885037,
p2_bulk_nta_5e19_common_primary,NTA 5e19 common-primary state,top_primary,interface_4x,T03_P2_BULK_TRAPS_FORMAL,enabled_symmetric_teaching_top_stack,0.0,0.01,0.0,0.3,top_oxide,7.500000000000001e-05,8.400000000000001e-06,0.7500000000000001,84.00000000000001,0.3,
p2_bulk_nta_5e19_common_primary,NTA 5e19 common-primary state,top_primary,interface_4x,T03_P2_BULK_TRAPS_FORMAL,enabled_symmetric_teaching_top_stack,0.0,0.01,0.0,0.3,top_oxide,0.0001,5.4e-06,1.0,54.0,-0.024757514331423747,
p2_bulk_nta_5e19_common_primary,NTA 5e19 common-primary state,top_primary,interface_4x,T03_P2_BULK_TRAPS_FORMAL,enabled_symmetric_teaching_top_stack,0.0,0.01,0.0,0.3,top_oxide,0.0001,5.525e-06,1.0,55.24999999999999,-0.01122595115683266,
p2_bulk_nta_5e19_common_primary,NTA 5e19 common-primary state,top_primary,interface_4x,T03_P2_BULK_TRAPS_FORMAL,enabled_symmetric_teaching_top_stack,0.0,0.01,0.0,0.3,top_oxide,0.0001,5.65e-06,1.0,56.5,0.0023056120080274167,
p2_bulk_nta_5e19_common_primary,NTA 5e19 common-primary state,top_primary,interface_4x,T03_P2_BULK_TRAPS_FORMAL,enabled_symmetric_teaching_top_stack,0.0,0.01,0.0,0.3,top_oxide,0.0001,5.775e-06,1.0,57.75,0.015837175163566555,
p2_bulk_nta_5e19_common_primary,NTA 5e19 common-primary state,top_primary,interface_4x,T03_P2_BULK_TRAPS_FORMAL,enabled_symmetric_teaching_top_stack,0.0,0.01,0.0,0.3,top_oxide,0.0001,5.899999999999999e-06,1.0,58.99999999999999,0.02936873831019637,
p2_bulk_nta_5e19_common_primary,NTA 5e19 common-primary state,top_primary,interface_4x,T03_P2_BULK_TRAPS_FORMAL,enabled_symmetric_teaching_top_stack,0.0,0.01,0.0,0.3,top_oxide,0.0001,6.025e-06,1.0,60.25,0.04290030144832978,
p2_bulk_nta_5e19_common_primary,NTA 5e19 common-primary state,top_primary,interface_4x,T03_P2_BULK_TRAPS_FORMAL,enabled_symmetric_teaching_top_stack,0.0,0.01,0.0,0.3,top_oxide,0.0001,6.1499999999999996e-06,1.0,61.49999999999999,0.056431864578380744,
p2_bulk_nta_5e19_common_primary,NTA 5e19 common-primary state,top_primary,interface_4x,T03_P2_BULK_TRAPS_FORMAL,enabled_symmetric_teaching_top_stack,0.0,0.01,0.0,0.3,top_oxide,0.0001,6.275e-06,1.0,62.75,0.06996342770076493,
p2_bulk_nta_5e19_common_primary,NTA 5e19 common-primary state,top_primary,interface_4x,T03_P2_BULK_TRAPS_FORMAL,enabled_symmetric_teaching_top_stack,0.0,0.01,0.0,0.3,top_oxide,0.0001,6.4e-06,1.0,64.0,0.08349499081589895,
p2_bulk_nta_5e19_common_primary,NTA 5e19 common-primary state,top_primary,interface_4x,T03_P2_BULK_TRAPS_FORMAL,enabled_symmetric_teaching_top_stack,0.0,0.01,0.0,0.3,top_oxide,0.0001,6.9e-06,1.0,69.0,0.13762124320811606,
p2_bulk_nta_5e19_common_primary,NTA 5e19 common-primary state,top_primary,interface_4x,T03_P2_BULK_TRAPS_FORMAL,enabled_symmetric_teaching_top_stack,0.0,0.01,0.0,0.3,top_oxide,0.0001,7.4e-06,1.0,74.0,0.1917474955179932,
p2_bulk_nta_5e19_common_primary,NTA 5e19 common-primary state,top_primary,interface_4x,T03_P2_BULK_TRAPS_FORMAL,enabled_symmetric_teaching_top_stack,0.0,0.01,0.0,0.3,top_oxide,0.0001,7.9e-06,1.0,79.0,0.24587374777279433,
p2_bulk_nta_5e19_common_primary,NTA 5e19 common-primary state,top_primary,interface_4x,T03_P2_BULK_TRAPS_FORMAL,enabled_symmetric_teaching_top_stack,0.0,0.01,0.0,0.3,top_oxide,0.0001,8.400000000000001e-06,1.0,84.00000000000001,0.3,
p2_bulk_nta_5e19_common_primary,NTA 5e19 common-primary state,top_primary,interface_4x,T03_P2_BULK_TRAPS_FORMAL,enabled_symmetric_teaching_top_stack,0.0,0.01,0.0,0.3,top_oxide,0.000125,5.4e-06,1.25,54.0,-0.024583866670259098,
p2_bulk_nta_5e19_common_primary,NTA 5e19 common-primary state,top_primary,interface_4x,T03_P2_BULK_TRAPS_FORMAL,enabled_symmetric_teaching_top_stack,0.0,0.01,0.0,0.3,top_oxide,0.000125,5.525e-06,1.25,55.24999999999999,-0.011059538816496175,
p2_bulk_nta_5e19_common_primary,NTA 5e19 common-primary state,top_primary,interface_4x,T03_P2_BULK_TRAPS_FORMAL,enabled_symmetric_teaching_top_stack,0.0,0.01,0.0,0.3,top_oxide,0.000125,5.65e-06,1.25,56.5,0.0024647890276746844,
p2_bulk_nta_5e19_common_primary,NTA 5e19 common-primary state,top_primary,interface_4x,T03_P2_BULK_TRAPS_FORMAL,enabled_symmetric_teaching_top_stack,0.0,0.01,0.0,0.3,top_oxide,0.000125,5.775e-06,1.25,57.75,0.015989116862670308,
p2_bulk_nta_5e19_common_primary,NTA 5e19 common-primary state,top_primary,interface_4x,T03_P2_BULK_TRAPS_FORMAL,enabled_symmetric_teaching_top_stack,0.0,0.01,0.0,0.3,top_oxide,0.000125,5.899999999999999e-06,1.25,58.99999999999999,0.029513444688907788,
p2_bulk_nta_5e19_common_primary,NTA 5e19 common-primary state,top_primary,interface_4x,T03_P2_BULK_TRAPS_FORMAL,enabled_symmetric_teaching_top_stack,0.0,0.01,0.0,0.3,top_oxide,0.000125,6.025e-06,1.25,60.25,0.04303777250680423,
p2_bulk_nta_5e19_common_primary,NTA 5e19 common-primary state,top_primary,interface_4x,T03_P2_BULK_TRAPS_FORMAL,enabled_symmetric_teaching_top_stack,0.0,0.01,0.0,0.3,top_oxide,0.000125,6.1499999999999996e-06,1.25,61.49999999999999,0.05656210031677647,
p2_bulk_nta_5e19_common_primary,NTA 5e19 common-primary state,top_primary,interface_4x,T03_P2_BULK_TRAPS_FORMAL,enabled_symmetric_teaching_top_stack,0.0,0.01,0.0,0.3,top_oxide,0.000125,6.275e-06,1.25,62.75,0.07008642811924172,
p2_bulk_nta_5e19_common_primary,NTA 5e19 common-primary state,top_primary,interface_4x,T03_P2_BULK_TRAPS_FORMAL,enabled_symmetric_teaching_top_stack,0.0,0.01,0.0,0.3,top_oxide,0.000125,6.4e-06,1.25,64.0,0.08361075591461681,
p2_bulk_nta_5e19_common_primary,NTA 5e19 common-primary state,top_primary,interface_4x,T03_P2_BULK_TRAPS_FORMAL,enabled_symmetric_teaching_top_stack,0.0,0.01,0.0,0.3,top_oxide,0.000125,6.9e-06,1.25,69.0,0.137708067029387,
p2_bulk_nta_5e19_common_primary,NTA 5e19 common-primary state,top_primary,interface_4x,T03_P2_BULK_TRAPS_FORMAL,enabled_symmetric_teaching_top_stack,0.0,0.01,0.0,0.3,top_oxide,0.000125,7.4e-06,1.25,74.0,0.19180537806407957,
p2_bulk_nta_5e19_common_primary,NTA 5e19 common-primary state,top_primary,interface_4x,T03_P2_BULK_TRAPS_FORMAL,enabled_symmetric_teaching_top_stack,0.0,0.01,0.0,0.3,top_oxide,0.000125,7.9e-06,1.25,79.0,0.24590268904538634,
p2_bulk_nta_5e19_common_primary,NTA 5e19 common-primary state,top_primary,interface_4x,T03_P2_BULK_TRAPS_FORMAL,enabled_symmetric_teaching_top_stack,0.0,0.01,0.0,0.3,top_oxide,0.000125,8.400000000000001e-06,1.25,84.00000000000001,0.3,
p2_bulk_nta_5e19_common_primary,NTA 5e19 common-primary state,top_primary,interface_4x,T03_P2_BULK_TRAPS_FORMAL,enabled_symmetric_teaching_top_stack,0.0,0.01,0.0,0.3,top_oxide,0.00015000000000000001,5.4e-06,1.5000000000000002,54.0,-0.024409818643163522,
p2_bulk_nta_5e19_common_primary,NTA 5e19 common-primary state,top_primary,interface_4x,T03_P2_BULK_TRAPS_FORMAL,enabled_symmetric_teaching_top_stack,0.0,0.01,0.0,0.3,top_oxide,0.00015000000000000001,5.525e-06,1.5000000000000002,55.24999999999999,-0.01089274279013075,
p2_bulk_nta_5e19_common_primary,NTA 5e19 common-primary state,top_primary,interface_4x,T03_P2_BULK_TRAPS_FORMAL,enabled_symmetric_teaching_top_stack,0.0,0.01,0.0,0.3,top_oxide,0.00015000000000000001,5.65e-06,1.5000000000000002,56.5,0.002624333053259277,
p2_bulk_nta_5e19_common_primary,NTA 5e19 common-primary state,top_primary,interface_4x,T03_P2_BULK_TRAPS_FORMAL,enabled_symmetric_teaching_top_stack,0.0,0.01,0.0,0.3,top_oxide,0.00015000000000000001,5.775e-06,1.5000000000000002,57.75,0.01614140888742563,
p2_bulk_nta_5e19_common_primary,NTA 5e19 common-primary state,top_primary,interface_4x,T03_P2_BULK_TRAPS_FORMAL,enabled_symmetric_teaching_top_stack,0.0,0.01,0.0,0.3,top_oxide,0.00015000000000000001,5.899999999999999e-06,1.5000000000000002,58.99999999999999,0.029658484712787647,
p2_bulk_nta_5e19_common_primary,NTA 5e19 common-primary state,top_primary,interface_4x,T03_P2_BULK_TRAPS_FORMAL,enabled_symmetric_teaching_top_stack,0.0,0.01,0.0,0.3,top_oxide,0.00015000000000000001,6.025e-06,1.5000000000000002,60.25,0.043175560529764685,
p2_bulk_nta_5e19_common_primary,NTA 5e19 common-primary state,top_primary,interface_4x,T03_P2_BULK_TRAPS_FORMAL,enabled_symmetric_teaching_top_stack,0.0,0.01,0.0,0.3,top_oxide,0.00015000000000000001,6.1499999999999996e-06,1.5000000000000002,61.49999999999999,0.056692636338775804,
p2_bulk_nta_5e19_common_primary,NTA 5e19 common-primary state,top_primary,interface_4x,T03_P2_BULK_TRAPS_FORMAL,enabled_symmetric_teaching_top_stack,0.0,0.01,0.0,0.3,top_oxide,0.00015000000000000001,6.275e-06,1.5000000000000002,62.75,0.07020971214024044,
p2_bulk_nta_5e19_common_primary,NTA 5e19 common-primary state,top_primary,interface_4x,T03_P2_BULK_TRAPS_FORMAL,enabled_symmetric_teaching_top_stack,0.0,0.01,0.0,0.3,top_oxide,0.00015000000000000001,6.4e-06,1.5000000000000002,64.0,0.08372678793457768,
p2_bulk_nta_5e19_common_primary,NTA 5e19 common-primary state,top_primary,interface_4x,T03_P2_BULK_TRAPS_FORMAL,enabled_symmetric_teaching_top_stack,0.0,0.01,0.0,0.3,top_oxide,0.00015000000000000001,6.9e-06,1.5000000000000002,69.0,0.13779509104484614,
p2_bulk_nta_5e19_common_primary,NTA 5e19 common-primary state,top_primary,interface_4x,T03_P2_BULK_TRAPS_FORMAL,enabled_symmetric_teaching_top_stack,0.0,0.01,0.0,0.3,top_oxide,0.00015000000000000001,7.4e-06,1.5000000000000002,74.0,0.19186339407461786,
p2_bulk_nta_5e19_common_primary,NTA 5e19 common-primary state,top_primary,interface_4x,T03_P2_BULK_TRAPS_FORMAL,enabled_symmetric_teaching_top_stack,0.0,0.01,0.0,0.3,top_oxide,0.00015000000000000001,7.9e-06,1.5000000000000002,79.0,0.24593169705072504,
p2_bulk_nta_5e19_common_primary,NTA 5e19 common-primary state,top_primary,interface_4x,T03_P2_BULK_TRAPS_FORMAL,enabled_symmetric_teaching_top_stack,0.0,0.01,0.0,0.3,top_oxide,0.00015000000000000001,8.400000000000001e-06,1.5000000000000002,84.00000000000001,0.3,
p2_bulk_nta_5e19_common_primary,NTA 5e19 common-primary state,top_primary,interface_4x,T03_P2_BULK_TRAPS_FORMAL,enabled_symmetric_teaching_top_stack,0.0,0.01,0.0,0.3,top_oxide,0.000175,5.4e-06,1.75,54.0,-0.024235368132379583,
p2_bulk_nta_5e19_common_primary,NTA 5e19 common-primary state,top_primary,interface_4x,T03_P2_BULK_TRAPS_FORMAL,enabled_symmetric_teaching_top_stack,0.0,0.01,0.0,0.3,top_oxide,0.000175,5.525e-06,1.75,55.24999999999999,-0.010725561050219379,
p2_bulk_nta_5e19_common_primary,NTA 5e19 common-primary state,top_primary,interface_4x,T03_P2_BULK_TRAPS_FORMAL,enabled_symmetric_teaching_top_stack,0.0,0.01,0.0,0.3,top_oxide,0.000175,5.65e-06,1.75,56.5,0.0027842460222462094,
p2_bulk_nta_5e19_common_primary,NTA 5e19 common-primary state,top_primary,interface_4x,T03_P2_BULK_TRAPS_FORMAL,enabled_symmetric_teaching_top_stack,0.0,0.01,0.0,0.3,top_oxide,0.000175,5.775e-06,1.75,57.75,0.016294053085438503,
p2_bulk_nta_5e19_common_primary,NTA 5e19 common-primary state,top_primary,interface_4x,T03_P2_BULK_TRAPS_FORMAL,enabled_symmetric_teaching_top_stack,0.0,0.01,0.0,0.3,top_oxide,0.000175,5.899999999999999e-06,1.75,58.99999999999999,0.029803860139779096,
p2_bulk_nta_5e19_common_primary,NTA 5e19 common-primary state,top_primary,interface_4x,T03_P2_BULK_TRAPS_FORMAL,enabled_symmetric_teaching_top_stack,0.0,0.01,0.0,0.3,top_oxide,0.000175,6.025e-06,1.75,60.25,0.043313667185689596,
p2_bulk_nta_5e19_common_primary,NTA 5e19 common-primary state,top_primary,interface_4x,T03_P2_BULK_TRAPS_FORMAL,enabled_symmetric_teaching_top_stack,0.0,0.01,0.0,0.3,top_oxide,0.000175,6.1499999999999996e-06,1.75,61.49999999999999,0.05682347422359133,
p2_bulk_nta_5e19_common_primary,NTA 5e19 common-primary state,top_primary,interface_4x,T03_P2_BULK_TRAPS_FORMAL,enabled_symmetric_teaching_top_stack,0.0,0.01,0.0,0.3,top_oxide,0.000175,6.275e-06,1.75,62.75,0.070333281253906,
p2_bulk_nta_5e19_common_primary,NTA 5e19 common-primary state,top_primary,interface_4x,T03_P2_BULK_TRAPS_FORMAL,enabled_symmetric_teaching_top_stack,0.0,0.01,0.0,0.3,top_oxide,0.000175,6.4e-06,1.75,64.0,0.08384308827705492,
p2_bulk_nta_5e19_common_primary,NTA 5e19 common-primary state,top_primary,interface_4x,T03_P2_BULK_TRAPS_FORMAL,enabled_symmetric_teaching_top_stack,0.0,0.01,0.0,0.3,top_oxide,0.000175,6.9e-06,1.75,69.0,0.13788231630220926,
p2_bulk_nta_5e19_common_primary,NTA 5e19 common-primary state,top_primary,interface_4x,T03_P2_BULK_TRAPS_FORMAL,enabled_symmetric_teaching_top_stack,0.0,0.01,0.0,0.3,top_oxide,0.000175,7.4e-06,1.75,74.0,0.19192154424643382,
p2_bulk_nta_5e19_common_primary,NTA 5e19 common-primary state,top_primary,interface_4x,T03_P2_BULK_TRAPS_FORMAL,enabled_symmetric_teaching_top_stack,0.0,0.01,0.0,0.3,top_oxide,0.000175,7.9e-06,1.75,79.0,0.2459607721367052,
p2_bulk_nta_5e19_common_primary,NTA 5e19 common-primary state,top_primary,interface_4x,T03_P2_BULK_TRAPS_FORMAL,enabled_symmetric_teaching_top_stack,0.0,0.01,0.0,0.3,top_oxide,0.000175,8.400000000000001e-06,1.75,84.00000000000001,0.3,
p2_bulk_nta_5e19_common_primary,NTA 5e19 common-primary state,top_primary,interface_4x,T03_P2_BULK_TRAPS_FORMAL,enabled_symmetric_teaching_top_stack,0.0,0.01,0.0,0.3,top_oxide,0.0002,5.4e-06,2.0,54.0,-0.024060512972736703,
p2_bulk_nta_5e19_common_primary,NTA 5e19 common-primary state,top_primary,interface_4x,T03_P2_BULK_TRAPS_FORMAL,enabled_symmetric_teaching_top_stack,0.0,0.01,0.0,0.3,top_oxide,0.0002,5.525e-06,2.0,55.24999999999999,-0.010557991521814681,
p2_bulk_nta_5e19_common_primary,NTA 5e19 common-primary state,top_primary,interface_4x,T03_P2_BULK_TRAPS_FORMAL,enabled_symmetric_teaching_top_stack,0.0,0.01,0.0,0.3,top_oxide,0.0002,5.65e-06,2.0,56.5,0.0029445299193604033,
p2_bulk_nta_5e19_common_primary,NTA 5e19 common-primary state,top_primary,interface_4x,T03_P2_BULK_TRAPS_FORMAL,enabled_symmetric_teaching_top_stack,0.0,0.01,0.0,0.3,top_oxide,0.0002,5.775e-06,2.0,57.75,0.01644705135121215,
p2_bulk_nta_5e19_common_primary,NTA 5e19 common-primary state,top_primary,interface_4x,T03_P2_BULK_TRAPS_FORMAL,enabled_symmetric_teaching_top_stack,0.0,0.01,0.0,0.3,top_oxide,0.0002,5.899999999999999e-06,2.0,58.99999999999999,0.029949572774164435,
p2_bulk_nta_5e19_common_primary,NTA 5e19 common-primary state,top_primary,interface_4x,T03_P2_BULK_TRAPS_FORMAL,enabled_symmetric_teaching_top_stack,0.0,0.01,0.0,0.3,top_oxide,0.0002,6.025e-06,2.0,60.25,0.043452094188641134,
p2_bulk_nta_5e19_common_primary,NTA 5e19 common-primary state,top_primary,interface_4x,T03_P2_BULK_TRAPS_FORMAL,enabled_symmetric_teaching_top_stack,0.0,0.01,0.0,0.3,top_oxide,0.0002,6.1499999999999996e-06,2.0,61.49999999999999,0.05695461559506585,
p2_bulk_nta_5e19_common_primary,NTA 5e19 common-primary state,top_primary,interface_4x,T03_P2_BULK_TRAPS_FORMAL,enabled_symmetric_teaching_top_stack,0.0,0.01,0.0,0.3,top_oxide,0.0002,6.275e-06,2.0,62.75,0.07045713699386255,
p2_bulk_nta_5e19_common_primary,NTA 5e19 common-primary state,top_primary,interface_4x,T03_P2_BULK_TRAPS_FORMAL,enabled_symmetric_teaching_top_stack,0.0,0.01,0.0,0.3,top_oxide,0.0002,6.4e-06,2.0,64.0,0.08395965838545483,
p2_bulk_nta_5e19_common_primary,NTA 5e19 common-primary state,top_primary,interface_4x,T03_P2_BULK_TRAPS_FORMAL,enabled_symmetric_teaching_top_stack,0.0,0.01,0.0,0.3,top_oxide,0.0002,6.9e-06,2.0,69.0,0.1379697438840187,
p2_bulk_nta_5e19_common_primary,NTA 5e19 common-primary state,top_primary,interface_4x,T03_P2_BULK_TRAPS_FORMAL,enabled_symmetric_teaching_top_stack,0.0,0.01,0.0,0.3,top_oxide,0.0002,7.4e-06,2.0,74.0,0.19197982930121607,
p2_bulk_nta_5e19_common_primary,NTA 5e19 common-primary state,top_primary,interface_4x,T03_P2_BULK_TRAPS_FORMAL,enabled_symmetric_teaching_top_stack,0.0,0.01,0.0,0.3,top_oxide,0.0002,7.9e-06,2.0,79.0,0.2459899146641691,
p2_bulk_nta_5e19_common_primary,NTA 5e19 common-primary state,top_primary,interface_4x,T03_P2_BULK_TRAPS_FORMAL,enabled_symmetric_teaching_top_stack,0.0,0.01,0.0,0.3,top_oxide,0.0002,8.400000000000001e-06,2.0,84.00000000000001,0.3,
p2_bulk_nta_5e19_common_primary,NTA 5e19 common-primary state,top_primary,interface_4x,T03_P2_BULK_TRAPS_FORMAL,enabled_symmetric_teaching_top_stack,0.0,0.01,0.0,0.3,top_oxide,0.00022500000000000002,5.4e-06,2.25,54.0,-0.023885250980596295,
p2_bulk_nta_5e19_common_primary,NTA 5e19 common-primary state,top_primary,interface_4x,T03_P2_BULK_TRAPS_FORMAL,enabled_symmetric_teaching_top_stack,0.0,0.01,0.0,0.3,top_oxide,0.00022500000000000002,5.525e-06,2.25,55.24999999999999,-0.010390032112263007,
p2_bulk_nta_5e19_common_primary,NTA 5e19 common-primary state,top_primary,interface_4x,T03_P2_BULK_TRAPS_FORMAL,enabled_symmetric_teaching_top_stack,0.0,0.01,0.0,0.3,top_oxide,0.00022500000000000002,5.65e-06,2.25,56.5,0.0031051867462705855,
p2_bulk_nta_5e19_common_primary,NTA 5e19 common-primary state,top_primary,interface_4x,T03_P2_BULK_TRAPS_FORMAL,enabled_symmetric_teaching_top_stack,0.0,0.01,0.0,0.3,top_oxide,0.00022500000000000002,5.775e-06,2.25,57.75,0.016600405595430374,
p2_bulk_nta_5e19_common_primary,NTA 5e19 common-primary state,top_primary,interface_4x,T03_P2_BULK_TRAPS_FORMAL,enabled_symmetric_teaching_top_stack,0.0,0.01,0.0,0.3,top_oxide,0.00022500000000000002,5.899999999999999e-06,2.25,58.99999999999999,0.030095624435642527,
p2_bulk_nta_5e19_common_primary,NTA 5e19 common-primary state,top_primary,interface_4x,T03_P2_BULK_TRAPS_FORMAL,enabled_symmetric_teaching_top_stack,0.0,0.01,0.0,0.3,top_oxide,0.00022500000000000002,6.025e-06,2.25,60.25,0.043590843267333215,
p2_bulk_nta_5e19_common_primary,NTA 5e19 common-primary state,top_primary,interface_4x,T03_P2_BULK_TRAPS_FORMAL,enabled_symmetric_teaching_top_stack,0.0,0.01,0.0,0.3,top_oxide,0.00022500000000000002,6.1499999999999996e-06,2.25,61.49999999999999,0.057086062090928334,
p2_bulk_nta_5e19_common_primary,NTA 5e19 common-primary state,top_primary,interface_4x,T03_P2_BULK_TRAPS_FORMAL,enabled_symmetric_teaching_top_stack,0.0,0.01,0.0,0.3,top_oxide,0.00022500000000000002,6.275e-06,2.25,62.75,0.07058128090685414,
p2_bulk_nta_5e19_common_primary,NTA 5e19 common-primary state,top_primary,interface_4x,T03_P2_BULK_TRAPS_FORMAL,enabled_symmetric_teaching_top_stack,0.0,0.01,0.0,0.3,top_oxide,0.00022500000000000002,6.4e-06,2.25,64.0,0.08407649971553653,
p2_bulk_nta_5e19_common_primary,NTA 5e19 common-primary state,top_primary,interface_4x,T03_P2_BULK_TRAPS_FORMAL,enabled_symmetric_teaching_top_stack,0.0,0.01,0.0,0.3,top_oxide,0.00022500000000000002,6.9e-06,2.25,69.0,0.13805737488209383,
p2_bulk_nta_5e19_common_primary,NTA 5e19 common-primary state,top_primary,interface_4x,T03_P2_BULK_TRAPS_FORMAL,enabled_symmetric_teaching_top_stack,0.0,0.01,0.0,0.3,top_oxide,0.00022500000000000002,7.4e-06,2.25,74.0,0.19203824996684418,
p2_bulk_nta_5e19_common_primary,NTA 5e19 common-primary state,top_primary,interface_4x,T03_P2_BULK_TRAPS_FORMAL,enabled_symmetric_teaching_top_stack,0.0,0.01,0.0,0.3,top_oxide,0.00022500000000000002,7.9e-06,2.25,79.0,0.24601912499705658,
p2_bulk_nta_5e19_common_primary,NTA 5e19 common-primary state,top_primary,interface_4x,T03_P2_BULK_TRAPS_FORMAL,enabled_symmetric_teaching_top_stack,0.0,0.01,0.0,0.3,top_oxide,0.00022500000000000002,8.400000000000001e-06,2.25,84.00000000000001,0.3,
p2_bulk_nta_5e19_common_primary,NTA 5e19 common-primary state,top_primary,interface_4x,T03_P2_BULK_TRAPS_FORMAL,enabled_symmetric_teaching_top_stack,0.0,0.01,0.0,0.3,top_oxide,0.00025,5.4e-06,2.5,54.0,-0.02370957995375749,
p2_bulk_nta_5e19_common_primary,NTA 5e19 common-primary state,top_primary,interface_4x,T03_P2_BULK_TRAPS_FORMAL,enabled_symmetric_teaching_top_stack,0.0,0.01,0.0,0.3,top_oxide,0.00025,5.525e-06,2.5,55.24999999999999,-0.010221680711121811,
p2_bulk_nta_5e19_common_primary,NTA 5e19 common-primary state,top_primary,interface_4x,T03_P2_BULK_TRAPS_FORMAL,enabled_symmetric_teaching_top_stack,0.0,0.01,0.0,0.3,top_oxide,0.00025,5.65e-06,2.5,56.5,0.003266218521660958,
p2_bulk_nta_5e19_common_primary,NTA 5e19 common-primary state,top_primary,interface_4x,T03_P2_BULK_TRAPS_FORMAL,enabled_symmetric_teaching_top_stack,0.0,0.01,0.0,0.3,top_oxide,0.00025,5.775e-06,2.5,57.75,0.01675411774501903,
p2_bulk_nta_5e19_common_primary,NTA 5e19 common-primary state,top_primary,interface_4x,T03_P2_BULK_TRAPS_FORMAL,enabled_symmetric_teaching_top_stack,0.0,0.01,0.0,0.3,top_oxide,0.00025,5.899999999999999e-06,2.5,58.99999999999999,0.03024201695938088,
p2_bulk_nta_5e19_common_primary,NTA 5e19 common-primary state,top_primary,interface_4x,T03_P2_BULK_TRAPS_FORMAL,enabled_symmetric_teaching_top_stack,0.0,0.01,0.0,0.3,top_oxide,0.00025,6.025e-06,2.5,60.25,0.04372991616517499,
p2_bulk_nta_5e19_common_primary,NTA 5e19 common-primary state,top_primary,interface_4x,T03_P2_BULK_TRAPS_FORMAL,enabled_symmetric_teaching_top_stack,0.0,0.01,0.0,0.3,top_oxide,0.00025,6.1499999999999996e-06,2.5,61.49999999999999,0.057217815362829584,
p2_bulk_nta_5e19_common_primary,NTA 5e19 common-primary state,top_primary,interface_4x,T03_P2_BULK_TRAPS_FORMAL,enabled_symmetric_teaching_top_stack,0.0,0.01,0.0,0.3,top_oxide,0.00025,6.275e-06,2.5,62.75,0.07070571455277322,
p2_bulk_nta_5e19_common_primary,NTA 5e19 common-primary state,top_primary,interface_4x,T03_P2_BULK_TRAPS_FORMAL,enabled_symmetric_teaching_top_stack,0.0,0.01,0.0,0.3,top_oxide,0.00025,6.4e-06,2.5,64.0,0.08419361373543412,
p2_bulk_nta_5e19_common_primary,NTA 5e19 common-primary state,top_primary,interface_4x,T03_P2_BULK_TRAPS_FORMAL,enabled_symmetric_teaching_top_stack,0.0,0.01,0.0,0.3,top_oxide,0.00025,6.9e-06,2.5,69.0,0.13814521039753525,
p2_bulk_nta_5e19_common_primary,NTA 5e19 common-primary state,top_primary,interface_4x,T03_P2_BULK_TRAPS_FORMAL,enabled_symmetric_teaching_top_stack,0.0,0.01,0.0,0.3,top_oxide,0.00025,7.4e-06,2.5,74.0,0.19209680697738524,
p2_bulk_nta_5e19_common_primary,NTA 5e19 common-primary state,top_primary,interface_4x,T03_P2_BULK_TRAPS_FORMAL,enabled_symmetric_teaching_top_stack,0.0,0.01,0.0,0.3,top_oxide,0.00025,7.9e-06,2.5,79.0,0.24604840350240115,
p2_bulk_nta_5e19_common_primary,NTA 5e19 common-primary state,top_primary,interface_4x,T03_P2_BULK_TRAPS_FORMAL,enabled_symmetric_teaching_top_stack,0.0,0.01,0.0,0.3,top_oxide,0.00025,8.400000000000001e-06,2.5,84.00000000000001,0.3,
p2_bulk_nta_5e19_common_primary,NTA 5e19 common-primary state,top_primary,interface_4x,T03_P2_BULK_TRAPS_FORMAL,enabled_symmetric_teaching_top_stack,0.0,0.01,0.0,0.3,top_oxide,0.00027499999999999996,5.4e-06,2.7499999999999996,54.0,-0.02353349767124173,
p2_bulk_nta_5e19_common_primary,NTA 5e19 common-primary state,top_primary,interface_4x,T03_P2_BULK_TRAPS_FORMAL,enabled_symmetric_teaching_top_stack,0.0,0.01,0.0,0.3,top_oxide,0.00027499999999999996,5.525e-06,2.7499999999999996,55.24999999999999,-0.010052935189953266,
p2_bulk_nta_5e19_common_primary,NTA 5e19 common-primary state,top_primary,interface_4x,T03_P2_BULK_TRAPS_FORMAL,enabled_symmetric_teaching_top_stack,0.0,0.01,0.0,0.3,top_oxide,0.00027499999999999996,5.65e-06,2.7499999999999996,56.5,0.003427627281428624,
p2_bulk_nta_5e19_common_primary,NTA 5e19 common-primary state,top_primary,interface_4x,T03_P2_BULK_TRAPS_FORMAL,enabled_symmetric_teaching_top_stack,0.0,0.01,0.0,0.3,top_oxide,0.00027499999999999996,5.775e-06,2.7499999999999996,57.75,0.016908189743334478,
p2_bulk_nta_5e19_common_primary,NTA 5e19 common-primary state,top_primary,interface_4x,T03_P2_BULK_TRAPS_FORMAL,enabled_symmetric_teaching_top_stack,0.0,0.01,0.0,0.3,top_oxide,0.00027499999999999996,5.899999999999999e-06,2.7499999999999996,58.99999999999999,0.030388752196195117,
p2_bulk_nta_5e19_common_primary,NTA 5e19 common-primary state,top_primary,interface_4x,T03_P2_BULK_TRAPS_FORMAL,enabled_symmetric_teaching_top_stack,0.0,0.01,0.0,0.3,top_oxide,0.00027499999999999996,6.025e-06,2.7499999999999996,60.25,0.04386931464044135,
p2_bulk_nta_5e19_common_primary,NTA 5e19 common-primary state,top_primary,interface_4x,T03_P2_BULK_TRAPS_FORMAL,enabled_symmetric_teaching_top_stack,0.0,0.01,0.0,0.3,top_oxide,0.00027499999999999996,6.1499999999999996e-06,2.7499999999999996,61.49999999999999,0.05734987707650373,
p2_bulk_nta_5e19_common_primary,NTA 5e19 common-primary state,top_primary,interface_4x,T03_P2_BULK_TRAPS_FORMAL,enabled_symmetric_teaching_top_stack,0.0,0.01,0.0,0.3,top_oxide,0.00027499999999999996,6.275e-06,2.7499999999999996,62.75,0.07083043950481314,
p2_bulk_nta_5e19_common_primary,NTA 5e19 common-primary state,top_primary,interface_4x,T03_P2_BULK_TRAPS_FORMAL,enabled_symmetric_teaching_top_stack,0.0,0.01,0.0,0.3,top_oxide,0.00027499999999999996,6.4e-06,2.7499999999999996,64.0,0.08431100192580016,
p2_bulk_nta_5e19_common_primary,NTA 5e19 common-primary state,top_primary,interface_4x,T03_P2_BULK_TRAPS_FORMAL,enabled_symmetric_teaching_top_stack,0.0,0.01,0.0,0.3,top_oxide,0.00027499999999999996,6.9e-06,2.7499999999999996,69.0,0.13823325154083244,
p2_bulk_nta_5e19_common_primary,NTA 5e19 common-primary state,top_primary,interface_4x,T03_P2_BULK_TRAPS_FORMAL,enabled_symmetric_teaching_top_stack,0.0,0.01,0.0,0.3,top_oxide,0.00027499999999999996,7.4e-06,2.7499999999999996,74.0,0.1921555010731656,
p2_bulk_nta_5e19_common_primary,NTA 5e19 common-primary state,top_primary,interface_4x,T03_P2_BULK_TRAPS_FORMAL,enabled_symmetric_teaching_top_stack,0.0,0.01,0.0,0.3,top_oxide,0.00027499999999999996,7.9e-06,2.7499999999999996,79.0,0.246077750550366,
p2_bulk_nta_5e19_common_primary,NTA 5e19 common-primary state,top_primary,interface_4x,T03_P2_BULK_TRAPS_FORMAL,enabled_symmetric_teaching_top_stack,0.0,0.01,0.0,0.3,top_oxide,0.00027499999999999996,8.400000000000001e-06,2.7499999999999996,84.00000000000001,0.3,
p2_bulk_nta_5e19_common_primary,NTA 5e19 common-primary state,top_primary,interface_4x,T03_P2_BULK_TRAPS_FORMAL,enabled_symmetric_teaching_top_stack,0.0,0.01,0.0,0.3,top_oxide,0.00030000000000000003,5.4e-06,3.0000000000000004,54.0,-0.02335700189307377,
p2_bulk_nta_5e19_common_primary,NTA 5e19 common-primary state,top_primary,interface_4x,T03_P2_BULK_TRAPS_FORMAL,enabled_symmetric_teaching_top_stack,0.0,0.01,0.0,0.3,top_oxide,0.00030000000000000003,5.525e-06,3.0000000000000004,55.24999999999999,-0.00988379340211439,
p2_bulk_nta_5e19_common_primary,NTA 5e19 common-primary state,top_primary,interface_4x,T03_P2_BULK_TRAPS_FORMAL,enabled_symmetric_teaching_top_stack,0.0,0.01,0.0,0.3,top_oxide,0.00030000000000000003,5.65e-06,3.0000000000000004,56.5,0.0035894150788842853,
p2_bulk_nta_5e19_common_primary,NTA 5e19 common-primary state,top_primary,interface_4x,T03_P2_BULK_TRAPS_FORMAL,enabled_symmetric_teaching_top_stack,0.0,0.01,0.0,0.3,top_oxide,0.00030000000000000003,5.775e-06,3.0000000000000004,57.75,0.017062623550355156,
p2_bulk_nta_5e19_common_primary,NTA 5e19 common-primary state,top_primary,interface_4x,T03_P2_BULK_TRAPS_FORMAL,enabled_symmetric_teaching_top_stack,0.0,0.01,0.0,0.3,top_oxide,0.00030000000000000003,5.899999999999999e-06,3.0000000000000004,58.99999999999999,0.03053583201273139,
p2_bulk_nta_5e19_common_primary,NTA 5e19 common-primary state,top_primary,interface_4x,T03_P2_BULK_TRAPS_FORMAL,enabled_symmetric_teaching_top_stack,0.0,0.01,0.0,0.3,top_oxide,0.00030000000000000003,6.025e-06,3.0000000000000004,60.25,0.04400904046644616,
p2_bulk_nta_5e19_common_primary,NTA 5e19 common-primary state,top_primary,interface_4x,T03_P2_BULK_TRAPS_FORMAL,enabled_symmetric_teaching_top_stack,0.0,0.01,0.0,0.3,top_oxide,0.00030000000000000003,6.1499999999999996e-06,3.0000000000000004,61.49999999999999,0.05748224891193235,
p2_bulk_nta_5e19_common_primary,NTA 5e19 common-primary state,top_primary,interface_4x,T03_P2_BULK_TRAPS_FORMAL,enabled_symmetric_teaching_top_stack,0.0,0.01,0.0,0.3,top_oxide,0.00030000000000000003,6.275e-06,3.0000000000000004,62.75,0.07095545734962323,
p2_bulk_nta_5e19_common_primary,NTA 5e19 common-primary state,top_primary,interface_4x,T03_P2_BULK_TRAPS_FORMAL,enabled_symmetric_teaching_top_stack,0.0,0.01,0.0,0.3,top_oxide,0.00030000000000000003,6.4e-06,3.0000000000000004,64.0,0.08442866577995169,
p2_bulk_nta_5e19_common_primary,NTA 5e19 common-primary state,top_primary,interface_4x,T03_P2_BULK_TRAPS_FORMAL,enabled_symmetric_teaching_top_stack,0.0,0.01,0.0,0.3,top_oxide,0.00030000000000000003,6.9e-06,3.0000000000000004,69.0,0.13832149943197325,
p2_bulk_nta_5e19_common_primary,NTA 5e19 common-primary state,top_primary,interface_4x,T03_P2_BULK_TRAPS_FORMAL,enabled_symmetric_teaching_top_stack,0.0,0.01,0.0,0.3,top_oxide,0.00030000000000000003,7.4e-06,3.0000000000000004,74.0,0.1922143330008438,
p2_bulk_nta_5e19_common_primary,NTA 5e19 common-primary state,top_primary,interface_4x,T03_P2_BULK_TRAPS_FORMAL,enabled_symmetric_teaching_top_stack,0.0,0.01,0.0,0.3,top_oxide,0.00030000000000000003,7.9e-06,3.0000000000000004,79.0,0.24610716651428038,
p2_bulk_nta_5e19_common_primary,NTA 5e19 common-primary state,top_primary,interface_4x,T03_P2_BULK_TRAPS_FORMAL,enabled_symmetric_teaching_top_stack,0.0,0.01,0.0,0.3,top_oxide,0.00030000000000000003,8.400000000000001e-06,3.0000000000000004,84.00000000000001,0.3,
p2_bulk_nta_5e19_common_primary,NTA 5e19 common-primary state,top_primary,interface_4x,T03_P2_BULK_TRAPS_FORMAL,enabled_symmetric_teaching_top_stack,0.0,0.01,0.0,0.3,top_oxide,0.00032500000000000004,5.4e-06,3.2500000000000004,54.0,-0.02318009036005952,
p2_bulk_nta_5e19_common_primary,NTA 5e19 common-primary state,top_primary,interface_4x,T03_P2_BULK_TRAPS_FORMAL,enabled_symmetric_teaching_top_stack,0.0,0.01,0.0,0.3,top_oxide,0.00032500000000000004,5.525e-06,3.2500000000000004,55.24999999999999,-0.009714253182544137,
p2_bulk_nta_5e19_common_primary,NTA 5e19 common-primary state,top_primary,interface_4x,T03_P2_BULK_TRAPS_FORMAL,enabled_symmetric_teaching_top_stack,0.0,0.01,0.0,0.3,top_oxide,0.00032500000000000004,5.65e-06,3.2500000000000004,56.5,0.00375158398495595,
p2_bulk_nta_5e19_common_primary,NTA 5e19 common-primary state,top_primary,interface_4x,T03_P2_BULK_TRAPS_FORMAL,enabled_symmetric_teaching_top_stack,0.0,0.01,0.0,0.3,top_oxide,0.00032500000000000004,5.775e-06,3.2500000000000004,57.75,0.017217421142876013,
p2_bulk_nta_5e19_common_primary,NTA 5e19 common-primary state,top_primary,interface_4x,T03_P2_BULK_TRAPS_FORMAL,enabled_symmetric_teaching_top_stack,0.0,0.01,0.0,0.3,top_oxide,0.00032500000000000004,5.899999999999999e-06,3.2500000000000004,58.99999999999999,0.030683258291651593,
p2_bulk_nta_5e19_common_primary,NTA 5e19 common-primary state,top_primary,interface_4x,T03_P2_BULK_TRAPS_FORMAL,enabled_symmetric_teaching_top_stack,0.0,0.01,0.0,0.3,top_oxide,0.00032500000000000004,6.025e-06,3.2500000000000004,60.25,0.04414909543171823,
p2_bulk_nta_5e19_common_primary,NTA 5e19 common-primary state,top_primary,interface_4x,T03_P2_BULK_TRAPS_FORMAL,enabled_symmetric_teaching_top_stack,0.0,0.01,0.0,0.3,top_oxide,0.00032500000000000004,6.1499999999999996e-06,3.2500000000000004,61.49999999999999,0.0576149325635112,
p2_bulk_nta_5e19_common_primary,NTA 5e19 common-primary state,top_primary,interface_4x,T03_P2_BULK_TRAPS_FORMAL,enabled_symmetric_teaching_top_stack,0.0,0.01,0.0,0.3,top_oxide,0.00032500000000000004,6.275e-06,3.2500000000000004,62.75,0.07108076968746613,
p2_bulk_nta_5e19_common_primary,NTA 5e19 common-primary state,top_primary,interface_4x,T03_P2_BULK_TRAPS_FORMAL,enabled_symmetric_teaching_top_stack,0.0,0.01,0.0,0.3,top_oxide,0.00032500000000000004,6.4e-06,3.2500000000000004,64.0,0.08454660680401829,
p2_bulk_nta_5e19_common_primary,NTA 5e19 common-primary state,top_primary,interface_4x,T03_P2_BULK_TRAPS_FORMAL,enabled_symmetric_teaching_top_stack,0.0,0.01,0.0,0.3,top_oxide,0.00032500000000000004,6.9e-06,3.2500000000000004,69.0,0.13840995520055488,
p2_bulk_nta_5e19_common_primary,NTA 5e19 common-primary state,top_primary,interface_4x,T03_P2_BULK_TRAPS_FORMAL,enabled_symmetric_teaching_top_stack,0.0,0.01,0.0,0.3,top_oxide,0.00032500000000000004,7.4e-06,3.2500000000000004,74.0,0.19227330351348473,
p2_bulk_nta_5e19_common_primary,NTA 5e19 common-primary state,top_primary,interface_4x,T03_P2_BULK_TRAPS_FORMAL,enabled_symmetric_teaching_top_stack,0.0,0.01,0.0,0.3,top_oxide,0.00032500000000000004,7.9e-06,3.2500000000000004,79.0,0.2461366517706768,
p2_bulk_nta_5e19_common_primary,NTA 5e19 common-primary state,top_primary,interface_4x,T03_P2_BULK_TRAPS_FORMAL,enabled_symmetric_teaching_top_stack,0.0,0.01,0.0,0.3,top_oxide,0.00032500000000000004,8.400000000000001e-06,3.2500000000000004,84.00000000000001,0.3,
p2_bulk_nta_5e19_common_primary,NTA 5e19 common-primary state,top_primary,interface_4x,T03_P2_BULK_TRAPS_FORMAL,enabled_symmetric_teaching_top_stack,0.0,0.01,0.0,0.3,top_oxide,0.00035,5.4e-06,3.5,54.0,-0.023002760793560426,
p2_bulk_nta_5e19_common_primary,NTA 5e19 common-primary state,top_primary,interface_4x,T03_P2_BULK_TRAPS_FORMAL,enabled_symmetric_teaching_top_stack,0.0,0.01,0.0,0.3,top_oxide,0.00035,5.525e-06,3.5,55.24999999999999,-0.009544312347547186,
p2_bulk_nta_5e19_common_primary,NTA 5e19 common-primary state,top_primary,interface_4x,T03_P2_BULK_TRAPS_FORMAL,enabled_symmetric_teaching_top_stack,0.0,0.01,0.0,0.3,top_oxide,0.00035,5.65e-06,3.5,56.5,0.003914136088395697,
p2_bulk_nta_5e19_common_primary,NTA 5e19 common-primary state,top_primary,interface_4x,T03_P2_BULK_TRAPS_FORMAL,enabled_symmetric_teaching_top_stack,0.0,0.01,0.0,0.3,top_oxide,0.00035,5.775e-06,3.5,57.75,0.017372584514705885,
p2_bulk_nta_5e19_common_primary,NTA 5e19 common-primary state,top_primary,interface_4x,T03_P2_BULK_TRAPS_FORMAL,enabled_symmetric_teaching_top_stack,0.0,0.01,0.0,0.3,top_oxide,0.00035,5.899999999999999e-06,3.5,58.99999999999999,0.030831032931821316,
p2_bulk_nta_5e19_common_primary,NTA 5e19 common-primary state,top_primary,interface_4x,T03_P2_BULK_TRAPS_FORMAL,enabled_symmetric_teaching_top_stack,0.0,0.01,0.0,0.3,top_oxide,0.00035,6.025e-06,3.5,60.25,0.044289481340179924,
p2_bulk_nta_5e19_common_primary,NTA 5e19 common-primary state,top_primary,interface_4x,T03_P2_BULK_TRAPS_FORMAL,enabled_symmetric_teaching_top_stack,0.0,0.01,0.0,0.3,top_oxide,0.00035,6.1499999999999996e-06,3.5,61.49999999999999,0.057747929740219375,
p2_bulk_nta_5e19_common_primary,NTA 5e19 common-primary state,top_primary,interface_4x,T03_P2_BULK_TRAPS_FORMAL,enabled_symmetric_teaching_top_stack,0.0,0.01,0.0,0.3,top_oxide,0.00035,6.275e-06,3.5,62.75,0.07120637813237769,
p2_bulk_nta_5e19_common_primary,NTA 5e19 common-primary state,top_primary,interface_4x,T03_P2_BULK_TRAPS_FORMAL,enabled_symmetric_teaching_top_stack,0.0,0.01,0.0,0.3,top_oxide,0.00035,6.4e-06,3.5,64.0,0.08466482651709255,
p2_bulk_nta_5e19_common_primary,NTA 5e19 common-primary state,top_primary,interface_4x,T03_P2_BULK_TRAPS_FORMAL,enabled_symmetric_teaching_top_stack,0.0,0.01,0.0,0.3,top_oxide,0.00035,6.9e-06,3.5,69.0,0.13849861998589683,
p2_bulk_nta_5e19_common_primary,NTA 5e19 common-primary state,top_primary,interface_4x,T03_P2_BULK_TRAPS_FORMAL,enabled_symmetric_teaching_top_stack,0.0,0.01,0.0,0.3,top_oxide,0.00035,7.4e-06,3.5,74.0,0.19233241337063475,
p2_bulk_nta_5e19_common_primary,NTA 5e19 common-primary state,top_primary,interface_4x,T03_P2_BULK_TRAPS_FORMAL,enabled_symmetric_teaching_top_stack,0.0,0.01,0.0,0.3,top_oxide,0.00035,7.9e-06,3.5,79.0,0.24616620669932843,
p2_bulk_nta_5e19_common_primary,NTA 5e19 common-primary state,top_primary,interface_4x,T03_P2_BULK_TRAPS_FORMAL,enabled_symmetric_teaching_top_stack,0.0,0.01,0.0,0.3,top_oxide,0.00035,8.400000000000001e-06,3.5,84.00000000000001,0.3,
p2_bulk_nta_5e19_common_primary,NTA 5e19 common-primary state,top_primary,interface_4x,T03_P2_BULK_TRAPS_FORMAL,enabled_symmetric_teaching_top_stack,0.0,0.01,0.0,0.3,top_oxide,0.000375,5.4e-06,3.75,54.0,-0.022825010895264557,
p2_bulk_nta_5e19_common_primary,NTA 5e19 common-primary state,top_primary,interface_4x,T03_P2_BULK_TRAPS_FORMAL,enabled_symmetric_teaching_top_stack,0.0,0.01,0.0,0.3,top_oxide,0.000375,5.525e-06,3.75,55.24999999999999,-0.00937396869457455,
p2_bulk_nta_5e19_common_primary,NTA 5e19 common-primary state,top_primary,interface_4x,T03_P2_BULK_TRAPS_FORMAL,enabled_symmetric_teaching_top_stack,0.0,0.01,0.0,0.3,top_oxide,0.000375,5.65e-06,3.75,56.5,0.00407707349598956,
p2_bulk_nta_5e19_common_primary,NTA 5e19 common-primary state,top_primary,interface_4x,T03_P2_BULK_TRAPS_FORMAL,enabled_symmetric_teaching_top_stack,0.0,0.01,0.0,0.3,top_oxide,0.000375,5.775e-06,3.75,57.75,0.017528115676867847,
p2_bulk_nta_5e19_common_primary,NTA 5e19 common-primary state,top_primary,interface_4x,T03_P2_BULK_TRAPS_FORMAL,enabled_symmetric_teaching_top_stack,0.0,0.01,0.0,0.3,top_oxide,0.000375,5.899999999999999e-06,3.75,58.99999999999999,0.030979157848500662,
p2_bulk_nta_5e19_common_primary,NTA 5e19 common-primary state,top_primary,interface_4x,T03_P2_BULK_TRAPS_FORMAL,enabled_symmetric_teaching_top_stack,0.0,0.01,0.0,0.3,top_oxide,0.000375,6.025e-06,3.75,60.25,0.04443020001132836,
p2_bulk_nta_5e19_common_primary,NTA 5e19 common-primary state,top_primary,interface_4x,T03_P2_BULK_TRAPS_FORMAL,enabled_symmetric_teaching_top_stack,0.0,0.01,0.0,0.3,top_oxide,0.000375,6.1499999999999996e-06,3.75,61.49999999999999,0.05788124216579102,
p2_bulk_nta_5e19_common_primary,NTA 5e19 common-primary state,top_primary,interface_4x,T03_P2_BULK_TRAPS_FORMAL,enabled_symmetric_teaching_top_stack,0.0,0.01,0.0,0.3,top_oxide,0.000375,6.275e-06,3.75,62.75,0.07133228431232909,
p2_bulk_nta_5e19_common_primary,NTA 5e19 common-primary state,top_primary,interface_4x,T03_P2_BULK_TRAPS_FORMAL,enabled_symmetric_teaching_top_stack,0.0,0.01,0.0,0.3,top_oxide,0.000375,6.4e-06,3.75,64.0,0.08478332645138263,
p2_bulk_nta_5e19_common_primary,NTA 5e19 common-primary state,top_primary,interface_4x,T03_P2_BULK_TRAPS_FORMAL,enabled_symmetric_teaching_top_stack,0.0,0.01,0.0,0.3,top_oxide,0.000375,6.9e-06,3.75,69.0,0.13858749493715533,
p2_bulk_nta_5e19_common_primary,NTA 5e19 common-primary state,top_primary,interface_4x,T03_P2_BULK_TRAPS_FORMAL,enabled_symmetric_teaching_top_stack,0.0,0.01,0.0,0.3,top_oxide,0.000375,7.4e-06,3.75,74.0,0.192391663338398,
p2_bulk_nta_5e19_common_primary,NTA 5e19 common-primary state,top_primary,interface_4x,T03_P2_BULK_TRAPS_FORMAL,enabled_symmetric_teaching_top_stack,0.0,0.01,0.0,0.3,top_oxide,0.000375,7.9e-06,3.75,79.0,0.24619583168328732,
p2_bulk_nta_5e19_common_primary,NTA 5e19 common-primary state,top_primary,interface_4x,T03_P2_BULK_TRAPS_FORMAL,enabled_symmetric_teaching_top_stack,0.0,0.01,0.0,0.3,top_oxide,0.000375,8.400000000000001e-06,3.75,84.00000000000001,0.3,
p2_bulk_nta_5e19_common_primary,NTA 5e19 common-primary state,top_primary,interface_4x,T03_P2_BULK_TRAPS_FORMAL,enabled_symmetric_teaching_top_stack,0.0,0.01,0.0,0.3,top_oxide,0.0004,5.4e-06,4.0,54.0,-0.0226468383469544,
p2_bulk_nta_5e19_common_primary,NTA 5e19 common-primary state,top_primary,interface_4x,T03_P2_BULK_TRAPS_FORMAL,enabled_symmetric_teaching_top_stack,0.0,0.01,0.0,0.3,top_oxide,0.0004,5.525e-06,4.0,55.24999999999999,-0.009203220002001078,
p2_bulk_nta_5e19_common_primary,NTA 5e19 common-primary state,top_primary,interface_4x,T03_P2_BULK_TRAPS_FORMAL,enabled_symmetric_teaching_top_stack,0.0,0.01,0.0,0.3,top_oxide,0.0004,5.65e-06,4.0,56.5,0.004240398332770327,
p2_bulk_nta_5e19_common_primary,NTA 5e19 common-primary state,top_primary,interface_4x,T03_P2_BULK_TRAPS_FORMAL,enabled_symmetric_teaching_top_stack,0.0,0.01,0.0,0.3,top_oxide,0.0004,5.775e-06,4.0,57.75,0.01768401665780232,
p2_bulk_nta_5e19_common_primary,NTA 5e19 common-primary state,top_primary,interface_4x,T03_P2_BULK_TRAPS_FORMAL,enabled_symmetric_teaching_top_stack,0.0,0.01,0.0,0.3,top_oxide,0.0004,5.899999999999999e-06,4.0,58.99999999999999,0.031127634973537693,
p2_bulk_nta_5e19_common_primary,NTA 5e19 common-primary state,top_primary,interface_4x,T03_P2_BULK_TRAPS_FORMAL,enabled_symmetric_teaching_top_stack,0.0,0.01,0.0,0.3,top_oxide,0.0004,6.025e-06,4.0,60.25,0.044571253280419235,
p2_bulk_nta_5e19_common_primary,NTA 5e19 common-primary state,top_primary,interface_4x,T03_P2_BULK_TRAPS_FORMAL,enabled_symmetric_teaching_top_stack,0.0,0.01,0.0,0.3,top_oxide,0.0004,6.1499999999999996e-06,4.0,61.49999999999999,0.05801487157888946,
p2_bulk_nta_5e19_common_primary,NTA 5e19 common-primary state,top_primary,interface_4x,T03_P2_BULK_TRAPS_FORMAL,enabled_symmetric_teaching_top_stack,0.0,0.01,0.0,0.3,top_oxide,0.0004,6.275e-06,4.0,62.75,0.07145848986939124,
p2_bulk_nta_5e19_common_primary,NTA 5e19 common-primary state,top_primary,interface_4x,T03_P2_BULK_TRAPS_FORMAL,enabled_symmetric_teaching_top_stack,0.0,0.01,0.0,0.3,top_oxide,0.0004,6.4e-06,4.0,64.0,0.0849021081523671,
p2_bulk_nta_5e19_common_primary,NTA 5e19 common-primary state,top_primary,interface_4x,T03_P2_BULK_TRAPS_FORMAL,enabled_symmetric_teaching_top_stack,0.0,0.01,0.0,0.3,top_oxide,0.0004,6.9e-06,4.0,69.0,0.1386765812134393,
p2_bulk_nta_5e19_common_primary,NTA 5e19 common-primary state,top_primary,interface_4x,T03_P2_BULK_TRAPS_FORMAL,enabled_symmetric_teaching_top_stack,0.0,0.01,0.0,0.3,top_oxide,0.0004,7.4e-06,4.0,74.0,0.19245105418951378,
p2_bulk_nta_5e19_common_primary,NTA 5e19 common-primary state,top_primary,interface_4x,T03_P2_BULK_TRAPS_FORMAL,enabled_symmetric_teaching_top_stack,0.0,0.01,0.0,0.3,top_oxide,0.0004,7.9e-06,4.0,79.0,0.24622552710892318,
p2_bulk_nta_5e19_common_primary,NTA 5e19 common-primary state,top_primary,interface_4x,T03_P2_BULK_TRAPS_FORMAL,enabled_symmetric_teaching_top_stack,0.0,0.01,0.0,0.3,top_oxide,0.0004,8.400000000000001e-06,4.0,84.00000000000001,0.3,
p2_bulk_nta_5e19_common_primary,NTA 5e19 common-primary state,top_primary,interface_4x,T03_P2_BULK_TRAPS_FORMAL,enabled_symmetric_teaching_top_stack,0.0,0.01,0.0,0.3,top_oxide,0.00042500000000000003,5.4e-06,4.25,54.0,-0.022468240810270948,
p2_bulk_nta_5e19_common_primary,NTA 5e19 common-primary state,top_primary,interface_4x,T03_P2_BULK_TRAPS_FORMAL,enabled_symmetric_teaching_top_stack,0.0,0.01,0.0,0.3,top_oxide,0.00042500000000000003,5.525e-06,4.25,55.24999999999999,-0.009032064028899332,
p2_bulk_nta_5e19_common_primary,NTA 5e19 common-primary state,top_primary,interface_4x,T03_P2_BULK_TRAPS_FORMAL,enabled_symmetric_teaching_top_stack,0.0,0.01,0.0,0.3,top_oxide,0.00042500000000000003,5.65e-06,4.25,56.5,0.004404112742233852,
p2_bulk_nta_5e19_common_primary,NTA 5e19 common-primary state,top_primary,interface_4x,T03_P2_BULK_TRAPS_FORMAL,enabled_symmetric_teaching_top_stack,0.0,0.01,0.0,0.3,top_oxide,0.00042500000000000003,5.775e-06,4.25,57.75,0.01784028950357357,
p2_bulk_nta_5e19_common_primary,NTA 5e19 common-primary state,top_primary,interface_4x,T03_P2_BULK_TRAPS_FORMAL,enabled_symmetric_teaching_top_stack,0.0,0.01,0.0,0.3,top_oxide,0.00042500000000000003,5.899999999999999e-06,4.25,58.99999999999999,0.03127646625556507,
p2_bulk_nta_5e19_common_primary,NTA 5e19 common-primary state,top_primary,interface_4x,T03_P2_BULK_TRAPS_FORMAL,enabled_symmetric_teaching_top_stack,0.0,0.01,0.0,0.3,top_oxide,0.00042500000000000003,6.025e-06,4.25,60.25,0.044712642998653594,
p2_bulk_nta_5e19_common_primary,NTA 5e19 common-primary state,top_primary,interface_4x,T03_P2_BULK_TRAPS_FORMAL,enabled_symmetric_teaching_top_stack,0.0,0.01,0.0,0.3,top_oxide,0.00042500000000000003,6.1499999999999996e-06,4.25,61.49999999999999,0.05814881973328412,
p2_bulk_nta_5e19_common_primary,NTA 5e19 common-primary state,top_primary,interface_4x,T03_P2_BULK_TRAPS_FORMAL,enabled_symmetric_teaching_top_stack,0.0,0.01,0.0,0.3,top_oxide,0.00042500000000000003,6.275e-06,4.25,62.75,0.07158499645990198,
p2_bulk_nta_5e19_common_primary,NTA 5e19 common-primary state,top_primary,interface_4x,T03_P2_BULK_TRAPS_FORMAL,enabled_symmetric_teaching_top_stack,0.0,0.01,0.0,0.3,top_oxide,0.00042500000000000003,6.4e-06,4.25,64.0,0.08502117317895214,
p2_bulk_nta_5e19_common_primary,NTA 5e19 common-primary state,top_primary,interface_4x,T03_P2_BULK_TRAPS_FORMAL,enabled_symmetric_teaching_top_stack,0.0,0.01,0.0,0.3,top_oxide,0.00042500000000000003,6.9e-06,4.25,69.0,0.13876587998392842,
p2_bulk_nta_5e19_common_primary,NTA 5e19 common-primary state,top_primary,interface_4x,T03_P2_BULK_TRAPS_FORMAL,enabled_symmetric_teaching_top_stack,0.0,0.01,0.0,0.3,top_oxide,0.00042500000000000003,7.4e-06,4.25,74.0,0.1925105867034353,
p2_bulk_nta_5e19_common_primary,NTA 5e19 common-primary state,top_primary,interface_4x,T03_P2_BULK_TRAPS_FORMAL,enabled_symmetric_teaching_top_stack,0.0,0.01,0.0,0.3,top_oxide,0.00042500000000000003,7.9e-06,4.25,79.0,0.24625529336596255,
p2_bulk_nta_5e19_common_primary,NTA 5e19 common-primary state,top_primary,interface_4x,T03_P2_BULK_TRAPS_FORMAL,enabled_symmetric_teaching_top_stack,0.0,0.01,0.0,0.3,top_oxide,0.00042500000000000003,8.400000000000001e-06,4.25,84.00000000000001,0.3,
p2_bulk_nta_5e19_common_primary,NTA 5e19 common-primary state,top_primary,interface_4x,T03_P2_BULK_TRAPS_FORMAL,enabled_symmetric_teaching_top_stack,0.0,0.01,0.0,0.3,top_oxide,0.00045000000000000004,5.4e-06,4.5,54.0,-0.022289215926474277,
p2_bulk_nta_5e19_common_primary,NTA 5e19 common-primary state,top_primary,interface_4x,T03_P2_BULK_TRAPS_FORMAL,enabled_symmetric_teaching_top_stack,0.0,0.01,0.0,0.3,top_oxide,0.00045000000000000004,5.525e-06,4.5,55.24999999999999,-0.008860498514810178,
p2_bulk_nta_5e19_common_primary,NTA 5e19 common-primary state,top_primary,interface_4x,T03_P2_BULK_TRAPS_FORMAL,enabled_symmetric_teaching_top_stack,0.0,0.01,0.0,0.3,top_oxide,0.00045000000000000004,5.65e-06,4.5,56.5,0.0045682188865584766,
p2_bulk_nta_5e19_common_primary,NTA 5e19 common-primary state,top_primary,interface_4x,T03_P2_BULK_TRAPS_FORMAL,enabled_symmetric_teaching_top_stack,0.0,0.01,0.0,0.3,top_oxide,0.00045000000000000004,5.775e-06,4.5,57.75,0.01799693627807914,
p2_bulk_nta_5e19_common_primary,NTA 5e19 common-primary state,top_primary,interface_4x,T03_P2_BULK_TRAPS_FORMAL,enabled_symmetric_teaching_top_stack,0.0,0.01,0.0,0.3,top_oxide,0.00045000000000000004,5.899999999999999e-06,4.5,58.99999999999999,0.031425653660199546,
p2_bulk_nta_5e19_common_primary,NTA 5e19 common-primary state,top_primary,interface_4x,T03_P2_BULK_TRAPS_FORMAL,enabled_symmetric_teaching_top_stack,0.0,0.01,0.0,0.3,top_oxide,0.00045000000000000004,6.025e-06,4.5,60.25,0.0448543710333674,
p2_bulk_nta_5e19_common_primary,NTA 5e19 common-primary state,top_primary,interface_4x,T03_P2_BULK_TRAPS_FORMAL,enabled_symmetric_teaching_top_stack,0.0,0.01,0.0,0.3,top_oxide,0.00045000000000000004,6.1499999999999996e-06,4.5,61.49999999999999,0.05828308839803016,
p2_bulk_nta_5e19_common_primary,NTA 5e19 common-primary state,top_primary,interface_4x,T03_P2_BULK_TRAPS_FORMAL,enabled_symmetric_teaching_top_stack,0.0,0.01,0.0,0.3,top_oxide,0.00045000000000000004,6.275e-06,4.5,62.75,0.07171180575463564,
p2_bulk_nta_5e19_common_primary,NTA 5e19 common-primary state,top_primary,interface_4x,T03_P2_BULK_TRAPS_FORMAL,enabled_symmetric_teaching_top_stack,0.0,0.01,0.0,0.3,top_oxide,0.00045000000000000004,6.4e-06,4.5,64.0,0.0851405231036313,
p2_bulk_nta_5e19_common_primary,NTA 5e19 common-primary state,top_primary,interface_4x,T03_P2_BULK_TRAPS_FORMAL,enabled_symmetric_teaching_top_stack,0.0,0.01,0.0,0.3,top_oxide,0.00045000000000000004,6.9e-06,4.5,69.0,0.13885539242799297,
p2_bulk_nta_5e19_common_primary,NTA 5e19 common-primary state,top_primary,interface_4x,T03_P2_BULK_TRAPS_FORMAL,enabled_symmetric_teaching_top_stack,0.0,0.01,0.0,0.3,top_oxide,0.00045000000000000004,7.4e-06,4.5,74.0,0.19257026166640936,
p2_bulk_nta_5e19_common_primary,NTA 5e19 common-primary state,top_primary,interface_4x,T03_P2_BULK_TRAPS_FORMAL,enabled_symmetric_teaching_top_stack,0.0,0.01,0.0,0.3,top_oxide,0.00045000000000000004,7.9e-06,4.5,79.0,0.2462851308475289,
p2_bulk_nta_5e19_common_primary,NTA 5e19 common-primary state,top_primary,interface_4x,T03_P2_BULK_TRAPS_FORMAL,enabled_symmetric_teaching_top_stack,0.0,0.01,0.0,0.3,top_oxide,0.00045000000000000004,8.400000000000001e-06,4.5,84.00000000000001,0.3,
p2_bulk_nta_5e19_common_primary,NTA 5e19 common-primary state,top_primary,interface_4x,T03_P2_BULK_TRAPS_FORMAL,enabled_symmetric_teaching_top_stack,0.0,0.01,0.0,0.3,top_oxide,0.000475,5.4e-06,4.75,54.0,-0.022109761316200783,
p2_bulk_nta_5e19_common_primary,NTA 5e19 common-primary state,top_primary,interface_4x,T03_P2_BULK_TRAPS_FORMAL,enabled_symmetric_teaching_top_stack,0.0,0.01,0.0,0.3,top_oxide,0.000475,5.525e-06,4.75,55.24999999999999,-0.00868852117951012,
p2_bulk_nta_5e19_common_primary,NTA 5e19 common-primary state,top_primary,interface_4x,T03_P2_BULK_TRAPS_FORMAL,enabled_symmetric_teaching_top_stack,0.0,0.01,0.0,0.3,top_oxide,0.000475,5.65e-06,4.75,56.5,0.004732718946827598,
p2_bulk_nta_5e19_common_primary,NTA 5e19 common-primary state,top_primary,interface_4x,T03_P2_BULK_TRAPS_FORMAL,enabled_symmetric_teaching_top_stack,0.0,0.01,0.0,0.3,top_oxide,0.000475,5.775e-06,4.75,57.75,0.01815395906326232,
p2_bulk_nta_5e19_common_primary,NTA 5e19 common-primary state,top_primary,interface_4x,T03_P2_BULK_TRAPS_FORMAL,enabled_symmetric_teaching_top_stack,0.0,0.01,0.0,0.3,top_oxide,0.000475,5.899999999999999e-06,4.75,58.99999999999999,0.03157519917024427,
p2_bulk_nta_5e19_common_primary,NTA 5e19 common-primary state,top_primary,interface_4x,T03_P2_BULK_TRAPS_FORMAL,enabled_symmetric_teaching_top_stack,0.0,0.01,0.0,0.3,top_oxide,0.000475,6.025e-06,4.75,60.25,0.04499643926822367,
p2_bulk_nta_5e19_common_primary,NTA 5e19 common-primary state,top_primary,interface_4x,T03_P2_BULK_TRAPS_FORMAL,enabled_symmetric_teaching_top_stack,0.0,0.01,0.0,0.3,top_oxide,0.000475,6.1499999999999996e-06,4.75,61.49999999999999,0.05841767935765048,
p2_bulk_nta_5e19_common_primary,NTA 5e19 common-primary state,top_primary,interface_4x,T03_P2_BULK_TRAPS_FORMAL,enabled_symmetric_teaching_top_stack,0.0,0.01,0.0,0.3,top_oxide,0.000475,6.275e-06,4.75,62.75,0.071838919438975,
p2_bulk_nta_5e19_common_primary,NTA 5e19 common-primary state,top_primary,interface_4x,T03_P2_BULK_TRAPS_FORMAL,enabled_symmetric_teaching_top_stack,0.0,0.01,0.0,0.3,top_oxide,0.000475,6.4e-06,4.75,64.0,0.08526015951264718,
p2_bulk_nta_5e19_common_primary,NTA 5e19 common-primary state,top_primary,interface_4x,T03_P2_BULK_TRAPS_FORMAL,enabled_symmetric_teaching_top_stack,0.0,0.01,0.0,0.3,top_oxide,0.000475,6.9e-06,4.75,69.0,0.13894511973531495,
p2_bulk_nta_5e19_common_primary,NTA 5e19 common-primary state,top_primary,interface_4x,T03_P2_BULK_TRAPS_FORMAL,enabled_symmetric_teaching_top_stack,0.0,0.01,0.0,0.3,top_oxide,0.000475,7.4e-06,4.75,74.0,0.1926300798715574,
p2_bulk_nta_5e19_common_primary,NTA 5e19 common-primary state,top_primary,interface_4x,T03_P2_BULK_TRAPS_FORMAL,enabled_symmetric_teaching_top_stack,0.0,0.01,0.0,0.3,top_oxide,0.000475,7.9e-06,4.75,79.0,0.24631503995018292,
p2_bulk_nta_5e19_common_primary,NTA 5e19 common-primary state,top_primary,interface_4x,T03_P2_BULK_TRAPS_FORMAL,enabled_symmetric_teaching_top_stack,0.0,0.01,0.0,0.3,top_oxide,0.000475,8.400000000000001e-06,4.75,84.00000000000001,0.3,
p2_bulk_nta_5e19_common_primary,NTA 5e19 common-primary state,top_primary,interface_4x,T03_P2_BULK_TRAPS_FORMAL,enabled_symmetric_teaching_top_stack,0.0,0.01,0.0,0.3,top_oxide,0.0005,5.4e-06,5.0,54.0,-0.021929874579216295,
p2_bulk_nta_5e19_common_primary,NTA 5e19 common-primary state,top_primary,interface_4x,T03_P2_BULK_TRAPS_FORMAL,enabled_symmetric_teaching_top_stack,0.0,0.01,0.0,0.3,top_oxide,0.0005,5.525e-06,5.0,55.24999999999999,-0.008516129722774692,
p2_bulk_nta_5e19_common_primary,NTA 5e19 common-primary state,top_primary,interface_4x,T03_P2_BULK_TRAPS_FORMAL,enabled_symmetric_teaching_top_stack,0.0,0.01,0.0,0.3,top_oxide,0.0005,5.65e-06,5.0,56.5,0.004897615123255958,
p2_bulk_nta_5e19_common_primary,NTA 5e19 common-primary state,top_primary,interface_4x,T03_P2_BULK_TRAPS_FORMAL,enabled_symmetric_teaching_top_stack,0.0,0.01,0.0,0.3,top_oxide,0.0005,5.775e-06,5.0,57.75,0.018311359959328123,
p2_bulk_nta_5e19_common_primary,NTA 5e19 common-primary state,top_primary,interface_4x,T03_P2_BULK_TRAPS_FORMAL,enabled_symmetric_teaching_top_stack,0.0,0.01,0.0,0.3,top_oxide,0.0005,5.899999999999999e-06,5.0,58.99999999999999,0.03172510478589455,
p2_bulk_nta_5e19_common_primary,NTA 5e19 common-primary state,top_primary,interface_4x,T03_P2_BULK_TRAPS_FORMAL,enabled_symmetric_teaching_top_stack,0.0,0.01,0.0,0.3,top_oxide,0.0005,6.025e-06,5.0,60.25,0.04513884960340797,
p2_bulk_nta_5e19_common_primary,NTA 5e19 common-primary state,top_primary,interface_4x,T03_P2_BULK_TRAPS_FORMAL,enabled_symmetric_teaching_top_stack,0.0,0.01,0.0,0.3,top_oxide,0.0005,6.1499999999999996e-06,5.0,61.49999999999999,0.058552594412320885,
p2_bulk_nta_5e19_common_primary,NTA 5e19 common-primary state,top_primary,interface_4x,T03_P2_BULK_TRAPS_FORMAL,enabled_symmetric_teaching_top_stack,0.0,0.01,0.0,0.3,top_oxide,0.0005,6.275e-06,5.0,62.75,0.07196633921308611,
p2_bulk_nta_5e19_common_primary,NTA 5e19 common-primary state,top_primary,interface_4x,T03_P2_BULK_TRAPS_FORMAL,enabled_symmetric_teaching_top_stack,0.0,0.01,0.0,0.3,top_oxide,0.0005,6.4e-06,5.0,64.0,0.08538008400615611,
p2_bulk_nta_5e19_common_primary,NTA 5e19 common-primary state,top_primary,interface_4x,T03_P2_BULK_TRAPS_FORMAL,enabled_symmetric_teaching_top_stack,0.0,0.01,0.0,0.3,top_oxide,0.0005,6.9e-06,5.0,69.0,0.13903506310601163,
p2_bulk_nta_5e19_common_primary,NTA 5e19 common-primary state,top_primary,interface_4x,T03_P2_BULK_TRAPS_FORMAL,enabled_symmetric_teaching_top_stack,0.0,0.01,0.0,0.3,top_oxide,0.0005,7.4e-06,5.0,74.0,0.19269004211895754,
p2_bulk_nta_5e19_common_primary,NTA 5e19 common-primary state,top_primary,interface_4x,T03_P2_BULK_TRAPS_FORMAL,enabled_symmetric_teaching_top_stack,0.0,0.01,0.0,0.3,top_oxide,0.0005,7.9e-06,5.0,79.0,0.2463450210739637,
p2_bulk_nta_5e19_common_primary,NTA 5e19 common-primary state,top_primary,interface_4x,T03_P2_BULK_TRAPS_FORMAL,enabled_symmetric_teaching_top_stack,0.0,0.01,0.0,0.3,top_oxide,0.0005,8.400000000000001e-06,5.0,84.00000000000001,0.3,
p2_bulk_nta_5e19_common_primary,NTA 5e19 common-primary state,top_primary,interface_4x,T03_P2_BULK_TRAPS_FORMAL,enabled_symmetric_teaching_top_stack,0.0,0.01,0.0,0.3,top_oxide,0.0005250000000000001,5.4e-06,5.250000000000001,54.0,-0.02174955329416584,
p2_bulk_nta_5e19_common_primary,NTA 5e19 common-primary state,top_primary,interface_4x,T03_P2_BULK_TRAPS_FORMAL,enabled_symmetric_teaching_top_stack,0.0,0.01,0.0,0.3,top_oxide,0.0005250000000000001,5.525e-06,5.250000000000001,55.24999999999999,-0.008343321824138663,
p2_bulk_nta_5e19_common_primary,NTA 5e19 common-primary state,top_primary,interface_4x,T03_P2_BULK_TRAPS_FORMAL,enabled_symmetric_teaching_top_stack,0.0,0.01,0.0,0.3,top_oxide,0.0005250000000000001,5.65e-06,5.250000000000001,56.5,0.005062909635419032,
p2_bulk_nta_5e19_common_primary,NTA 5e19 common-primary state,top_primary,interface_4x,T03_P2_BULK_TRAPS_FORMAL,enabled_symmetric_teaching_top_stack,0.0,0.01,0.0,0.3,top_oxide,0.0005250000000000001,5.775e-06,5.250000000000001,57.75,0.018469141084962264,
p2_bulk_nta_5e19_common_primary,NTA 5e19 common-primary state,top_primary,interface_4x,T03_P2_BULK_TRAPS_FORMAL,enabled_symmetric_teaching_top_stack,0.0,0.01,0.0,0.3,top_oxide,0.0005250000000000001,5.899999999999999e-06,5.250000000000001,58.99999999999999,0.03187537252494632,
p2_bulk_nta_5e19_common_primary,NTA 5e19 common-primary state,top_primary,interface_4x,T03_P2_BULK_TRAPS_FORMAL,enabled_symmetric_teaching_top_stack,0.0,0.01,0.0,0.3,top_oxide,0.0005250000000000001,6.025e-06,5.250000000000001,60.25,0.0452816039558265,
p2_bulk_nta_5e19_common_primary,NTA 5e19 common-primary state,top_primary,interface_4x,T03_P2_BULK_TRAPS_FORMAL,enabled_symmetric_teaching_top_stack,0.0,0.01,0.0,0.3,top_oxide,0.0005250000000000001,6.1499999999999996e-06,5.250000000000001,61.49999999999999,0.0586878353780578,
p2_bulk_nta_5e19_common_primary,NTA 5e19 common-primary state,top_primary,interface_4x,T03_P2_BULK_TRAPS_FORMAL,enabled_symmetric_teaching_top_stack,0.0,0.01,0.0,0.3,top_oxide,0.0005250000000000001,6.275e-06,5.250000000000001,62.75,0.07209406679209562,
p2_bulk_nta_5e19_common_primary,NTA 5e19 common-primary state,top_primary,interface_4x,T03_P2_BULK_TRAPS_FORMAL,enabled_symmetric_teaching_top_stack,0.0,0.01,0.0,0.3,top_oxide,0.0005250000000000001,6.4e-06,5.250000000000001,64.0,0.08550029819839498,
p2_bulk_nta_5e19_common_primary,NTA 5e19 common-primary state,top_primary,interface_4x,T03_P2_BULK_TRAPS_FORMAL,enabled_symmetric_teaching_top_stack,0.0,0.01,0.0,0.3,top_oxide,0.0005250000000000001,6.9e-06,5.250000000000001,69.0,0.13912522375076075,
p2_bulk_nta_5e19_common_primary,NTA 5e19 common-primary state,top_primary,interface_4x,T03_P2_BULK_TRAPS_FORMAL,enabled_symmetric_teaching_top_stack,0.0,0.01,0.0,0.3,top_oxide,0.0005250000000000001,7.4e-06,5.250000000000001,74.0,0.1927501492157284,
p2_bulk_nta_5e19_common_primary,NTA 5e19 common-primary state,top_primary,interface_4x,T03_P2_BULK_TRAPS_FORMAL,enabled_symmetric_teaching_top_stack,0.0,0.01,0.0,0.3,top_oxide,0.0005250000000000001,7.9e-06,5.250000000000001,79.0,0.24637507462243055,
p2_bulk_nta_5e19_common_primary,NTA 5e19 common-primary state,top_primary,interface_4x,T03_P2_BULK_TRAPS_FORMAL,enabled_symmetric_teaching_top_stack,0.0,0.01,0.0,0.3,top_oxide,0.0005250000000000001,8.400000000000001e-06,5.250000000000001,84.00000000000001,0.3,
p2_bulk_nta_5e19_common_primary,NTA 5e19 common-primary state,top_primary,interface_4x,T03_P2_BULK_TRAPS_FORMAL,enabled_symmetric_teaching_top_stack,0.0,0.01,0.0,0.3,top_oxide,0.0005499999999999999,5.4e-06,5.499999999999999,54.0,-0.02156879501831934,
p2_bulk_nta_5e19_common_primary,NTA 5e19 common-primary state,top_primary,interface_4x,T03_P2_BULK_TRAPS_FORMAL,enabled_symmetric_teaching_top_stack,0.0,0.01,0.0,0.3,top_oxide,0.0005499999999999999,5.525e-06,5.499999999999999,55.24999999999999,-0.008170095142652328,
p2_bulk_nta_5e19_common_primary,NTA 5e19 common-primary state,top_primary,interface_4x,T03_P2_BULK_TRAPS_FORMAL,enabled_symmetric_teaching_top_stack,0.0,0.01,0.0,0.3,top_oxide,0.0005499999999999999,5.65e-06,5.499999999999999,56.5,0.005228604722486164,
p2_bulk_nta_5e19_common_primary,NTA 5e19 common-primary state,top_primary,interface_4x,T03_P2_BULK_TRAPS_FORMAL,enabled_symmetric_teaching_top_stack,0.0,0.01,0.0,0.3,top_oxide,0.0005499999999999999,5.775e-06,5.499999999999999,57.75,0.01862730457755372,
p2_bulk_nta_5e19_common_primary,NTA 5e19 common-primary state,top_primary,interface_4x,T03_P2_BULK_TRAPS_FORMAL,enabled_symmetric_teaching_top_stack,0.0,0.01,0.0,0.3,top_oxide,0.0005499999999999999,5.899999999999999e-06,5.499999999999999,58.99999999999999,0.032026004423008195,
p2_bulk_nta_5e19_common_primary,NTA 5e19 common-primary state,top_primary,interface_4x,T03_P2_BULK_TRAPS_FORMAL,enabled_symmetric_teaching_top_stack,0.0,0.01,0.0,0.3,top_oxide,0.0005499999999999999,6.025e-06,5.499999999999999,60.25,0.04542470425930745,
p2_bulk_nta_5e19_common_primary,NTA 5e19 common-primary state,top_primary,interface_4x,T03_P2_BULK_TRAPS_FORMAL,enabled_symmetric_teaching_top_stack,0.0,0.01,0.0,0.3,top_oxide,0.0005499999999999999,6.1499999999999996e-06,5.499999999999999,61.49999999999999,0.05882340408690905,
p2_bulk_nta_5e19_common_primary,NTA 5e19 common-primary state,top_primary,interface_4x,T03_P2_BULK_TRAPS_FORMAL,enabled_symmetric_teaching_top_stack,0.0,0.01,0.0,0.3,top_oxide,0.0005499999999999999,6.275e-06,5.499999999999999,62.75,0.07222210390627097,
p2_bulk_nta_5e19_common_primary,NTA 5e19 common-primary state,top_primary,interface_4x,T03_P2_BULK_TRAPS_FORMAL,enabled_symmetric_teaching_top_stack,0.0,0.01,0.0,0.3,top_oxide,0.0005499999999999999,6.4e-06,5.499999999999999,64.0,0.08562080371785076,
p2_bulk_nta_5e19_common_primary,NTA 5e19 common-primary state,top_primary,interface_4x,T03_P2_BULK_TRAPS_FORMAL,enabled_symmetric_teaching_top_stack,0.0,0.01,0.0,0.3,top_oxide,0.0005499999999999999,6.9e-06,5.499999999999999,69.0,0.13921560289092763,
p2_bulk_nta_5e19_common_primary,NTA 5e19 common-primary state,top_primary,interface_4x,T03_P2_BULK_TRAPS_FORMAL,enabled_symmetric_teaching_top_stack,0.0,0.01,0.0,0.3,top_oxide,0.0005499999999999999,7.4e-06,5.499999999999999,74.0,0.19281040197611343,
p2_bulk_nta_5e19_common_primary,NTA 5e19 common-primary state,top_primary,interface_4x,T03_P2_BULK_TRAPS_FORMAL,enabled_symmetric_teaching_top_stack,0.0,0.01,0.0,0.3,top_oxide,0.0005499999999999999,7.9e-06,5.499999999999999,79.0,0.24640520100270522,
p2_bulk_nta_5e19_common_primary,NTA 5e19 common-primary state,top_primary,interface_4x,T03_P2_BULK_TRAPS_FORMAL,enabled_symmetric_teaching_top_stack,0.0,0.01,0.0,0.3,top_oxide,0.0005499999999999999,8.400000000000001e-06,5.499999999999999,84.00000000000001,0.3,
p2_bulk_nta_5e19_common_primary,NTA 5e19 common-primary state,top_primary,interface_4x,T03_P2_BULK_TRAPS_FORMAL,enabled_symmetric_teaching_top_stack,0.0,0.01,0.0,0.3,top_oxide,0.000575,5.4e-06,5.75,54.0,-0.02138759728731347,
p2_bulk_nta_5e19_common_primary,NTA 5e19 common-primary state,top_primary,interface_4x,T03_P2_BULK_TRAPS_FORMAL,enabled_symmetric_teaching_top_stack,0.0,0.01,0.0,0.3,top_oxide,0.000575,5.525e-06,5.75,55.24999999999999,-0.007996447316634112,
p2_bulk_nta_5e19_common_primary,NTA 5e19 common-primary state,top_primary,interface_4x,T03_P2_BULK_TRAPS_FORMAL,enabled_symmetric_teaching_top_stack,0.0,0.01,0.0,0.3,top_oxide,0.000575,5.65e-06,5.75,56.5,0.005394702643457155,
p2_bulk_nta_5e19_common_primary,NTA 5e19 common-primary state,top_primary,interface_4x,T03_P2_BULK_TRAPS_FORMAL,enabled_symmetric_teaching_top_stack,0.0,0.01,0.0,0.3,top_oxide,0.000575,5.775e-06,5.75,57.75,0.018785852593420506,
p2_bulk_nta_5e19_common_primary,NTA 5e19 common-primary state,top_primary,interface_4x,T03_P2_BULK_TRAPS_FORMAL,enabled_symmetric_teaching_top_stack,0.0,0.01,0.0,0.3,top_oxide,0.000575,5.899999999999999e-06,5.75,58.99999999999999,0.032177002533716394,
p2_bulk_nta_5e19_common_primary,NTA 5e19 common-primary state,top_primary,interface_4x,T03_P2_BULK_TRAPS_FORMAL,enabled_symmetric_teaching_top_stack,0.0,0.01,0.0,0.3,top_oxide,0.000575,6.025e-06,5.75,60.25,0.04556815246480525,
p2_bulk_nta_5e19_common_primary,NTA 5e19 common-primary state,top_primary,interface_4x,T03_P2_BULK_TRAPS_FORMAL,enabled_symmetric_teaching_top_stack,0.0,0.01,0.0,0.3,top_oxide,0.000575,6.1499999999999996e-06,5.75,61.49999999999999,0.05895930238714727,
p2_bulk_nta_5e19_common_primary,NTA 5e19 common-primary state,top_primary,interface_4x,T03_P2_BULK_TRAPS_FORMAL,enabled_symmetric_teaching_top_stack,0.0,0.01,0.0,0.3,top_oxide,0.000575,6.275e-06,5.75,62.75,0.07235045230120297,
p2_bulk_nta_5e19_common_primary,NTA 5e19 common-primary state,top_primary,interface_4x,T03_P2_BULK_TRAPS_FORMAL,enabled_symmetric_teaching_top_stack,0.0,0.01,0.0,0.3,top_oxide,0.000575,6.4e-06,5.75,64.0,0.08574160220743254,
p2_bulk_nta_5e19_common_primary,NTA 5e19 common-primary state,top_primary,interface_4x,T03_P2_BULK_TRAPS_FORMAL,enabled_symmetric_teaching_top_stack,0.0,0.01,0.0,0.3,top_oxide,0.000575,6.9e-06,5.75,69.0,0.13930620175869407,
p2_bulk_nta_5e19_common_primary,NTA 5e19 common-primary state,top_primary,interface_4x,T03_P2_BULK_TRAPS_FORMAL,enabled_symmetric_teaching_top_stack,0.0,0.01,0.0,0.3,top_oxide,0.000575,7.4e-06,5.75,74.0,0.1928708012215673,
p2_bulk_nta_5e19_common_primary,NTA 5e19 common-primary state,top_primary,interface_4x,T03_P2_BULK_TRAPS_FORMAL,enabled_symmetric_teaching_top_stack,0.0,0.01,0.0,0.3,top_oxide,0.000575,7.9e-06,5.75,79.0,0.24643540062551503,
p2_bulk_nta_5e19_common_primary,NTA 5e19 common-primary state,top_primary,interface_4x,T03_P2_BULK_TRAPS_FORMAL,enabled_symmetric_teaching_top_stack,0.0,0.01,0.0,0.3,top_oxide,0.000575,8.400000000000001e-06,5.75,84.00000000000001,0.3,
p2_bulk_nta_5e19_common_primary,NTA 5e19 common-primary state,top_primary,interface_4x,T03_P2_BULK_TRAPS_FORMAL,enabled_symmetric_teaching_top_stack,0.0,0.01,0.0,0.3,top_oxide,0.0006000000000000001,5.4e-06,6.000000000000001,54.0,-0.021205957614889658,
p2_bulk_nta_5e19_common_primary,NTA 5e19 common-primary state,top_primary,interface_4x,T03_P2_BULK_TRAPS_FORMAL,enabled_symmetric_teaching_top_stack,0.0,0.01,0.0,0.3,top_oxide,0.0006000000000000001,5.525e-06,6.000000000000001,55.24999999999999,-0.007822375963419507,
p2_bulk_nta_5e19_common_primary,NTA 5e19 common-primary state,top_primary,interface_4x,T03_P2_BULK_TRAPS_FORMAL,enabled_symmetric_teaching_top_stack,0.0,0.01,0.0,0.3,top_oxide,0.0006000000000000001,5.65e-06,6.000000000000001,56.5,0.005561205677402457,
p2_bulk_nta_5e19_common_primary,NTA 5e19 common-primary state,top_primary,interface_4x,T03_P2_BULK_TRAPS_FORMAL,enabled_symmetric_teaching_top_stack,0.0,0.01,0.0,0.3,top_oxide,0.0006000000000000001,5.775e-06,6.000000000000001,57.75,0.018944787308039022,
p2_bulk_nta_5e19_common_primary,NTA 5e19 common-primary state,top_primary,interface_4x,T03_P2_BULK_TRAPS_FORMAL,enabled_symmetric_teaching_top_stack,0.0,0.01,0.0,0.3,top_oxide,0.0006000000000000001,5.899999999999999e-06,6.000000000000001,58.99999999999999,0.03232836892895325,
p2_bulk_nta_5e19_common_primary,NTA 5e19 common-primary state,top_primary,interface_4x,T03_P2_BULK_TRAPS_FORMAL,enabled_symmetric_teaching_top_stack,0.0,0.01,0.0,0.3,top_oxide,0.0006000000000000001,6.025e-06,6.000000000000001,60.25,0.04571195054060819,
p2_bulk_nta_5e19_common_primary,NTA 5e19 common-primary state,top_primary,interface_4x,T03_P2_BULK_TRAPS_FORMAL,enabled_symmetric_teaching_top_stack,0.0,0.01,0.0,0.3,top_oxide,0.0006000000000000001,6.1499999999999996e-06,6.000000000000001,61.49999999999999,0.05909553214346664,
p2_bulk_nta_5e19_common_primary,NTA 5e19 common-primary state,top_primary,interface_4x,T03_P2_BULK_TRAPS_FORMAL,enabled_symmetric_teaching_top_stack,0.0,0.01,0.0,0.3,top_oxide,0.0006000000000000001,6.275e-06,6.000000000000001,62.75,0.07247911373799175,
p2_bulk_nta_5e19_common_primary,NTA 5e19 common-primary state,top_primary,interface_4x,T03_P2_BULK_TRAPS_FORMAL,enabled_symmetric_teaching_top_stack,0.0,0.01,0.0,0.3,top_oxide,0.0006000000000000001,6.4e-06,6.000000000000001,64.0,0.0858626953246463,
p2_bulk_nta_5e19_common_primary,NTA 5e19 common-primary state,top_primary,interface_4x,T03_P2_BULK_TRAPS_FORMAL,enabled_symmetric_teaching_top_stack,0.0,0.01,0.0,0.3,top_oxide,0.0006000000000000001,6.9e-06,6.000000000000001,69.0,0.1393970215971897,
p2_bulk_nta_5e19_common_primary,NTA 5e19 common-primary state,top_primary,interface_4x,T03_P2_BULK_TRAPS_FORMAL,enabled_symmetric_teaching_top_stack,0.0,0.01,0.0,0.3,top_oxide,0.0006000000000000001,7.4e-06,6.000000000000001,74.0,0.19293134778084312,
p2_bulk_nta_5e19_common_primary,NTA 5e19 common-primary state,top_primary,interface_4x,T03_P2_BULK_TRAPS_FORMAL,enabled_symmetric_teaching_top_stack,0.0,0.01,0.0,0.3,top_oxide,0.0006000000000000001,7.9e-06,6.000000000000001,79.0,0.24646567390523655,
p2_bulk_nta_5e19_common_primary,NTA 5e19 common-primary state,top_primary,interface_4x,T03_P2_BULK_TRAPS_FORMAL,enabled_symmetric_teaching_top_stack,0.0,0.01,0.0,0.3,top_oxide,0.0006000000000000001,8.400000000000001e-06,6.000000000000001,84.00000000000001,0.3,
p2_bulk_nta_5e19_common_primary,NTA 5e19 common-primary state,top_primary,interface_4x,T03_P2_BULK_TRAPS_FORMAL,enabled_symmetric_teaching_top_stack,0.0,0.01,0.0,0.3,top_oxide,0.000625,5.4e-06,6.25,54.0,-0.021023873492627958,
p2_bulk_nta_5e19_common_primary,NTA 5e19 common-primary state,top_primary,interface_4x,T03_P2_BULK_TRAPS_FORMAL,enabled_symmetric_teaching_top_stack,0.0,0.01,0.0,0.3,top_oxide,0.000625,5.525e-06,6.25,55.24999999999999,-0.0076478786791060105,
p2_bulk_nta_5e19_common_primary,NTA 5e19 common-primary state,top_primary,interface_4x,T03_P2_BULK_TRAPS_FORMAL,enabled_symmetric_teaching_top_stack,0.0,0.01,0.0,0.3,top_oxide,0.000625,5.65e-06,6.25,56.5,0.005728116123707116,
p2_bulk_nta_5e19_common_primary,NTA 5e19 common-primary state,top_primary,interface_4x,T03_P2_BULK_TRAPS_FORMAL,enabled_symmetric_teaching_top_stack,0.0,0.01,0.0,0.3,top_oxide,0.000625,5.775e-06,6.25,57.75,0.019104110916276847,
p2_bulk_nta_5e19_common_primary,NTA 5e19 common-primary state,top_primary,interface_4x,T03_P2_BULK_TRAPS_FORMAL,enabled_symmetric_teaching_top_stack,0.0,0.01,0.0,0.3,top_oxide,0.000625,5.899999999999999e-06,6.25,58.99999999999999,0.032480105699068874,
p2_bulk_nta_5e19_common_primary,NTA 5e19 common-primary state,top_primary,interface_4x,T03_P2_BULK_TRAPS_FORMAL,enabled_symmetric_teaching_top_stack,0.0,0.01,0.0,0.3,top_oxide,0.000625,6.025e-06,6.25,60.25,0.04585610047254889,
p2_bulk_nta_5e19_common_primary,NTA 5e19 common-primary state,top_primary,interface_4x,T03_P2_BULK_TRAPS_FORMAL,enabled_symmetric_teaching_top_stack,0.0,0.01,0.0,0.3,top_oxide,0.000625,6.1499999999999996e-06,6.25,61.49999999999999,0.05923209523718233,
p2_bulk_nta_5e19_common_primary,NTA 5e19 common-primary state,top_primary,interface_4x,T03_P2_BULK_TRAPS_FORMAL,enabled_symmetric_teaching_top_stack,0.0,0.01,0.0,0.3,top_oxide,0.000625,6.275e-06,6.25,62.75,0.07260808999343496,
p2_bulk_nta_5e19_common_primary,NTA 5e19 common-primary state,top_primary,interface_4x,T03_P2_BULK_TRAPS_FORMAL,enabled_symmetric_teaching_top_stack,0.0,0.01,0.0,0.3,top_oxide,0.000625,6.4e-06,6.25,64.0,0.08598408474177223,
p2_bulk_nta_5e19_common_primary,NTA 5e19 common-primary state,top_primary,interface_4x,T03_P2_BULK_TRAPS_FORMAL,enabled_symmetric_teaching_top_stack,0.0,0.01,0.0,0.3,top_oxide,0.000625,6.9e-06,6.25,69.0,0.1394880636606247,
p2_bulk_nta_5e19_common_primary,NTA 5e19 common-primary state,top_primary,interface_4x,T03_P2_BULK_TRAPS_FORMAL,enabled_symmetric_teaching_top_stack,0.0,0.01,0.0,0.3,top_oxide,0.000625,7.4e-06,6.25,74.0,0.19299204249008098,
p2_bulk_nta_5e19_common_primary,NTA 5e19 common-primary state,top_primary,interface_4x,T03_P2_BULK_TRAPS_FORMAL,enabled_symmetric_teaching_top_stack,0.0,0.01,0.0,0.3,top_oxide,0.000625,7.9e-06,6.25,79.0,0.24649602125993983,
p2_bulk_nta_5e19_common_primary,NTA 5e19 common-primary state,top_primary,interface_4x,T03_P2_BULK_TRAPS_FORMAL,enabled_symmetric_teaching_top_stack,0.0,0.01,0.0,0.3,top_oxide,0.000625,8.400000000000001e-06,6.25,84.00000000000001,0.3,
p2_bulk_nta_5e19_common_primary,NTA 5e19 common-primary state,top_primary,interface_4x,T03_P2_BULK_TRAPS_FORMAL,enabled_symmetric_teaching_top_stack,0.0,0.01,0.0,0.3,top_oxide,0.0006500000000000001,5.4e-06,6.500000000000001,54.0,-0.020841342389676824,
p2_bulk_nta_5e19_common_primary,NTA 5e19 common-primary state,top_primary,interface_4x,T03_P2_BULK_TRAPS_FORMAL,enabled_symmetric_teaching_top_stack,0.0,0.01,0.0,0.3,top_oxide,0.0006500000000000001,5.525e-06,6.500000000000001,55.24999999999999,-0.007472953038294169,
p2_bulk_nta_5e19_common_primary,NTA 5e19 common-primary state,top_primary,interface_4x,T03_P2_BULK_TRAPS_FORMAL,enabled_symmetric_teaching_top_stack,0.0,0.01,0.0,0.3,top_oxide,0.0006500000000000001,5.65e-06,6.500000000000001,56.5,0.005895436302318483,
p2_bulk_nta_5e19_common_primary,NTA 5e19 common-primary state,top_primary,interface_4x,T03_P2_BULK_TRAPS_FORMAL,enabled_symmetric_teaching_top_stack,0.0,0.01,0.0,0.3,top_oxide,0.0006500000000000001,5.775e-06,6.500000000000001,57.75,0.019263825632629218,
p2_bulk_nta_5e19_common_primary,NTA 5e19 common-primary state,top_primary,interface_4x,T03_P2_BULK_TRAPS_FORMAL,enabled_symmetric_teaching_top_stack,0.0,0.01,0.0,0.3,top_oxide,0.0006500000000000001,5.899999999999999e-06,6.500000000000001,58.99999999999999,0.03263221495310639,
p2_bulk_nta_5e19_common_primary,NTA 5e19 common-primary state,top_primary,interface_4x,T03_P2_BULK_TRAPS_FORMAL,enabled_symmetric_teaching_top_stack,0.0,0.01,0.0,0.3,top_oxide,0.0006500000000000001,6.025e-06,6.500000000000001,60.25,0.04600060426421836,
p2_bulk_nta_5e19_common_primary,NTA 5e19 common-primary state,top_primary,interface_4x,T03_P2_BULK_TRAPS_FORMAL,enabled_symmetric_teaching_top_stack,0.0,0.01,0.0,0.3,top_oxide,0.0006500000000000001,6.1499999999999996e-06,6.500000000000001,61.49999999999999,0.0593689935664332,
p2_bulk_nta_5e19_common_primary,NTA 5e19 common-primary state,top_primary,interface_4x,T03_P2_BULK_TRAPS_FORMAL,enabled_symmetric_teaching_top_stack,0.0,0.01,0.0,0.3,top_oxide,0.0006500000000000001,6.275e-06,6.500000000000001,62.75,0.07273738286021937,
p2_bulk_nta_5e19_common_primary,NTA 5e19 common-primary state,top_primary,interface_4x,T03_P2_BULK_TRAPS_FORMAL,enabled_symmetric_teaching_top_stack,0.0,0.01,0.0,0.3,top_oxide,0.0006500000000000001,6.4e-06,6.500000000000001,64.0,0.08610577214604494,
p2_bulk_nta_5e19_common_primary,NTA 5e19 common-primary state,top_primary,interface_4x,T03_P2_BULK_TRAPS_FORMAL,enabled_symmetric_teaching_top_stack,0.0,0.01,0.0,0.3,top_oxide,0.0006500000000000001,6.9e-06,6.500000000000001,69.0,0.13957932921442504,
p2_bulk_nta_5e19_common_primary,NTA 5e19 common-primary state,top_primary,interface_4x,T03_P2_BULK_TRAPS_FORMAL,enabled_symmetric_teaching_top_stack,0.0,0.01,0.0,0.3,top_oxide,0.0006500000000000001,7.4e-06,6.500000000000001,74.0,0.1930528861928983,
p2_bulk_nta_5e19_common_primary,NTA 5e19 common-primary state,top_primary,interface_4x,T03_P2_BULK_TRAPS_FORMAL,enabled_symmetric_teaching_top_stack,0.0,0.01,0.0,0.3,top_oxide,0.0006500000000000001,7.9e-06,6.500000000000001,79.0,0.2465264431114336,
p2_bulk_nta_5e19_common_primary,NTA 5e19 common-primary state,top_primary,interface_4x,T03_P2_BULK_TRAPS_FORMAL,enabled_symmetric_teaching_top_stack,0.0,0.01,0.0,0.3,top_oxide,0.0006500000000000001,8.400000000000001e-06,6.500000000000001,84.00000000000001,0.3,
p2_bulk_nta_5e19_common_primary,NTA 5e19 common-primary state,top_primary,interface_4x,T03_P2_BULK_TRAPS_FORMAL,enabled_symmetric_teaching_top_stack,0.0,0.01,0.0,0.3,top_oxide,0.000675,5.4e-06,6.75,54.0,-0.020658361752478694,
p2_bulk_nta_5e19_common_primary,NTA 5e19 common-primary state,top_primary,interface_4x,T03_P2_BULK_TRAPS_FORMAL,enabled_symmetric_teaching_top_stack,0.0,0.01,0.0,0.3,top_oxide,0.000675,5.525e-06,6.75,55.24999999999999,-0.0072975965938246075,
p2_bulk_nta_5e19_common_primary,NTA 5e19 common-primary state,top_primary,interface_4x,T03_P2_BULK_TRAPS_FORMAL,enabled_symmetric_teaching_top_stack,0.0,0.01,0.0,0.3,top_oxide,0.000675,5.65e-06,6.75,56.5,0.006063168553997751,
p2_bulk_nta_5e19_common_primary,NTA 5e19 common-primary state,top_primary,interface_4x,T03_P2_BULK_TRAPS_FORMAL,enabled_symmetric_teaching_top_stack,0.0,0.01,0.0,0.3,top_oxide,0.000675,5.775e-06,6.75,57.75,0.019423933691459144,
p2_bulk_nta_5e19_common_primary,NTA 5e19 common-primary state,top_primary,interface_4x,T03_P2_BULK_TRAPS_FORMAL,enabled_symmetric_teaching_top_stack,0.0,0.01,0.0,0.3,top_oxide,0.000675,5.899999999999999e-06,6.75,58.99999999999999,0.03278469881903061,
p2_bulk_nta_5e19_common_primary,NTA 5e19 common-primary state,top_primary,interface_4x,T03_P2_BULK_TRAPS_FORMAL,enabled_symmetric_teaching_top_stack,0.0,0.01,0.0,0.3,top_oxide,0.000675,6.025e-06,6.75,60.25,0.0461454639371832,
p2_bulk_nta_5e19_common_primary,NTA 5e19 common-primary state,top_primary,interface_4x,T03_P2_BULK_TRAPS_FORMAL,enabled_symmetric_teaching_top_stack,0.0,0.01,0.0,0.3,top_oxide,0.000675,6.1499999999999996e-06,6.75,61.49999999999999,0.059506229046387665,
p2_bulk_nta_5e19_common_primary,NTA 5e19 common-primary state,top_primary,interface_4x,T03_P2_BULK_TRAPS_FORMAL,enabled_symmetric_teaching_top_stack,0.0,0.01,0.0,0.3,top_oxide,0.000675,6.275e-06,6.75,62.75,0.07286699414711514,
p2_bulk_nta_5e19_common_primary,NTA 5e19 common-primary state,top_primary,interface_4x,T03_P2_BULK_TRAPS_FORMAL,enabled_symmetric_teaching_top_stack,0.0,0.01,0.0,0.3,top_oxide,0.000675,6.4e-06,6.75,64.0,0.0862277592398364,
p2_bulk_nta_5e19_common_primary,NTA 5e19 common-primary state,top_primary,interface_4x,T03_P2_BULK_TRAPS_FORMAL,enabled_symmetric_teaching_top_stack,0.0,0.01,0.0,0.3,top_oxide,0.000675,6.9e-06,6.75,69.0,0.13967081953536983,
p2_bulk_nta_5e19_common_primary,NTA 5e19 common-primary state,top_primary,interface_4x,T03_P2_BULK_TRAPS_FORMAL,enabled_symmetric_teaching_top_stack,0.0,0.01,0.0,0.3,top_oxide,0.000675,7.4e-06,6.75,74.0,0.19311387974048108,
p2_bulk_nta_5e19_common_primary,NTA 5e19 common-primary state,top_primary,interface_4x,T03_P2_BULK_TRAPS_FORMAL,enabled_symmetric_teaching_top_stack,0.0,0.01,0.0,0.3,top_oxide,0.000675,7.9e-06,6.75,79.0,0.2465569398853109,
p2_bulk_nta_5e19_common_primary,NTA 5e19 common-primary state,top_primary,interface_4x,T03_P2_BULK_TRAPS_FORMAL,enabled_symmetric_teaching_top_stack,0.0,0.01,0.0,0.3,top_oxide,0.000675,8.400000000000001e-06,6.75,84.00000000000001,0.3,
p2_bulk_nta_5e19_common_primary,NTA 5e19 common-primary state,top_primary,interface_4x,T03_P2_BULK_TRAPS_FORMAL,enabled_symmetric_teaching_top_stack,0.0,0.01,0.0,0.3,top_oxide,0.0007,5.4e-06,7.0,54.0,-0.020474929004491334,
p2_bulk_nta_5e19_common_primary,NTA 5e19 common-primary state,top_primary,interface_4x,T03_P2_BULK_TRAPS_FORMAL,enabled_symmetric_teaching_top_stack,0.0,0.01,0.0,0.3,top_oxide,0.0007,5.525e-06,7.0,55.24999999999999,-0.007121806876510956,
p2_bulk_nta_5e19_common_primary,NTA 5e19 common-primary state,top_primary,interface_4x,T03_P2_BULK_TRAPS_FORMAL,enabled_symmetric_teaching_top_stack,0.0,0.01,0.0,0.3,top_oxide,0.0007,5.65e-06,7.0,56.5,0.006231315240575403,
p2_bulk_nta_5e19_common_primary,NTA 5e19 common-primary state,top_primary,interface_4x,T03_P2_BULK_TRAPS_FORMAL,enabled_symmetric_teaching_top_stack,0.0,0.01,0.0,0.3,top_oxide,0.0007,5.775e-06,7.0,57.75,0.019584437347241218,
p2_bulk_nta_5e19_common_primary,NTA 5e19 common-primary state,top_primary,interface_4x,T03_P2_BULK_TRAPS_FORMAL,enabled_symmetric_teaching_top_stack,0.0,0.01,0.0,0.3,top_oxide,0.0007,5.899999999999999e-06,7.0,58.99999999999999,0.03293755944396024,
p2_bulk_nta_5e19_common_primary,NTA 5e19 common-primary state,top_primary,interface_4x,T03_P2_BULK_TRAPS_FORMAL,enabled_symmetric_teaching_top_stack,0.0,0.01,0.0,0.3,top_oxide,0.0007,6.025e-06,7.0,60.25,0.04629068153120622,
p2_bulk_nta_5e19_common_primary,NTA 5e19 common-primary state,top_primary,interface_4x,T03_P2_BULK_TRAPS_FORMAL,enabled_symmetric_teaching_top_stack,0.0,0.01,0.0,0.3,top_oxide,0.0007,6.1499999999999996e-06,7.0,61.49999999999999,0.05964380360945262,
p2_bulk_nta_5e19_common_primary,NTA 5e19 common-primary state,top_primary,interface_4x,T03_P2_BULK_TRAPS_FORMAL,enabled_symmetric_teaching_top_stack,0.0,0.01,0.0,0.3,top_oxide,0.0007,6.275e-06,7.0,62.75,0.07299692567917329,
p2_bulk_nta_5e19_common_primary,NTA 5e19 common-primary state,top_primary,interface_4x,T03_P2_BULK_TRAPS_FORMAL,enabled_symmetric_teaching_top_stack,0.0,0.01,0.0,0.3,top_oxide,0.0007,6.4e-06,7.0,64.0,0.0863500477408417,
p2_bulk_nta_5e19_common_primary,NTA 5e19 common-primary state,top_primary,interface_4x,T03_P2_BULK_TRAPS_FORMAL,enabled_symmetric_teaching_top_stack,0.0,0.01,0.0,0.3,top_oxide,0.0007,6.9e-06,7.0,69.0,0.13976253591173043,
p2_bulk_nta_5e19_common_primary,NTA 5e19 common-primary state,top_primary,interface_4x,T03_P2_BULK_TRAPS_FORMAL,enabled_symmetric_teaching_top_stack,0.0,0.01,0.0,0.3,top_oxide,0.0007,7.4e-06,7.0,74.0,0.19317502399167702,
p2_bulk_nta_5e19_common_primary,NTA 5e19 common-primary state,top_primary,interface_4x,T03_P2_BULK_TRAPS_FORMAL,enabled_symmetric_teaching_top_stack,0.0,0.01,0.0,0.3,top_oxide,0.0007,7.9e-06,7.0,79.0,0.24658751201099552,
p2_bulk_nta_5e19_common_primary,NTA 5e19 common-primary state,top_primary,interface_4x,T03_P2_BULK_TRAPS_FORMAL,enabled_symmetric_teaching_top_stack,0.0,0.01,0.0,0.3,top_oxide,0.0007,8.400000000000001e-06,7.0,84.00000000000001,0.3,
p2_bulk_nta_5e19_common_primary,NTA 5e19 common-primary state,top_primary,interface_4x,T03_P2_BULK_TRAPS_FORMAL,enabled_symmetric_teaching_top_stack,0.0,0.01,0.0,0.3,top_oxide,0.0007250000000000001,5.4e-06,7.250000000000001,54.0,-0.020291041545904845,
p2_bulk_nta_5e19_common_primary,NTA 5e19 common-primary state,top_primary,interface_4x,T03_P2_BULK_TRAPS_FORMAL,enabled_symmetric_teaching_top_stack,0.0,0.01,0.0,0.3,top_oxide,0.0007250000000000001,5.525e-06,7.250000000000001,55.24999999999999,-0.006945581394868679,
p2_bulk_nta_5e19_common_primary,NTA 5e19 common-primary state,top_primary,interface_4x,T03_P2_BULK_TRAPS_FORMAL,enabled_symmetric_teaching_top_stack,0.0,0.01,0.0,0.3,top_oxide,0.0007250000000000001,5.65e-06,7.250000000000001,56.5,0.006399878745210614,
p2_bulk_nta_5e19_common_primary,NTA 5e19 common-primary state,top_primary,interface_4x,T03_P2_BULK_TRAPS_FORMAL,enabled_symmetric_teaching_top_stack,0.0,0.01,0.0,0.3,top_oxide,0.0007250000000000001,5.775e-06,7.250000000000001,57.75,0.019745338874809247,
p2_bulk_nta_5e19_common_primary,NTA 5e19 common-primary state,top_primary,interface_4x,T03_P2_BULK_TRAPS_FORMAL,enabled_symmetric_teaching_top_stack,0.0,0.01,0.0,0.3,top_oxide,0.0007250000000000001,5.899999999999999e-06,7.250000000000001,58.99999999999999,0.033090798994403696,
p2_bulk_nta_5e19_common_primary,NTA 5e19 common-primary state,top_primary,interface_4x,T03_P2_BULK_TRAPS_FORMAL,enabled_symmetric_teaching_top_stack,0.0,0.01,0.0,0.3,top_oxide,0.0007250000000000001,6.025e-06,7.250000000000001,60.25,0.04643625910447045,
p2_bulk_nta_5e19_common_primary,NTA 5e19 common-primary state,top_primary,interface_4x,T03_P2_BULK_TRAPS_FORMAL,enabled_symmetric_teaching_top_stack,0.0,0.01,0.0,0.3,top_oxide,0.0007250000000000001,6.1499999999999996e-06,7.250000000000001,61.49999999999999,0.05978171920548571,
p2_bulk_nta_5e19_common_primary,NTA 5e19 common-primary state,top_primary,interface_4x,T03_P2_BULK_TRAPS_FORMAL,enabled_symmetric_teaching_top_stack,0.0,0.01,0.0,0.3,top_oxide,0.0007250000000000001,6.275e-06,7.250000000000001,62.75,0.07312717929792605,
p2_bulk_nta_5e19_common_primary,NTA 5e19 common-primary state,top_primary,interface_4x,T03_P2_BULK_TRAPS_FORMAL,enabled_symmetric_teaching_top_stack,0.0,0.01,0.0,0.3,top_oxide,0.0007250000000000001,6.4e-06,7.250000000000001,64.0,0.08647263938226768,
p2_bulk_nta_5e19_common_primary,NTA 5e19 common-primary state,top_primary,interface_4x,T03_P2_BULK_TRAPS_FORMAL,enabled_symmetric_teaching_top_stack,0.0,0.01,0.0,0.3,top_oxide,0.0007250000000000001,6.9e-06,7.250000000000001,69.0,0.13985447964341202,
p2_bulk_nta_5e19_common_primary,NTA 5e19 common-primary state,top_primary,interface_4x,T03_P2_BULK_TRAPS_FORMAL,enabled_symmetric_teaching_top_stack,0.0,0.01,0.0,0.3,top_oxide,0.0007250000000000001,7.4e-06,7.250000000000001,74.0,0.19323631981308959,
p2_bulk_nta_5e19_common_primary,NTA 5e19 common-primary state,top_primary,interface_4x,T03_P2_BULK_TRAPS_FORMAL,enabled_symmetric_teaching_top_stack,0.0,0.01,0.0,0.3,top_oxide,0.0007250000000000001,7.9e-06,7.250000000000001,79.0,0.24661815992178926,
p2_bulk_nta_5e19_common_primary,NTA 5e19 common-primary state,top_primary,interface_4x,T03_P2_BULK_TRAPS_FORMAL,enabled_symmetric_teaching_top_stack,0.0,0.01,0.0,0.3,top_oxide,0.0007250000000000001,8.400000000000001e-06,7.250000000000001,84.00000000000001,0.3,
p2_bulk_nta_5e19_common_primary,NTA 5e19 common-primary state,top_primary,interface_4x,T03_P2_BULK_TRAPS_FORMAL,enabled_symmetric_teaching_top_stack,0.0,0.01,0.0,0.3,top_oxide,0.00075,5.4e-06,7.5,54.0,-0.02010669675335416,
p2_bulk_nta_5e19_common_primary,NTA 5e19 common-primary state,top_primary,interface_4x,T03_P2_BULK_TRAPS_FORMAL,enabled_symmetric_teaching_top_stack,0.0,0.01,0.0,0.3,top_oxide,0.00075,5.525e-06,7.5,55.24999999999999,-0.006768917634839534,
p2_bulk_nta_5e19_common_primary,NTA 5e19 common-primary state,top_primary,interface_4x,T03_P2_BULK_TRAPS_FORMAL,enabled_symmetric_teaching_top_stack,0.0,0.01,0.0,0.3,top_oxide,0.00075,5.65e-06,7.5,56.5,0.0065688614726547995,
p2_bulk_nta_5e19_common_primary,NTA 5e19 common-primary state,top_primary,interface_4x,T03_P2_BULK_TRAPS_FORMAL,enabled_symmetric_teaching_top_stack,0.0,0.01,0.0,0.3,top_oxide,0.00075,5.775e-06,7.5,57.75,0.01990664056960781,
p2_bulk_nta_5e19_common_primary,NTA 5e19 common-primary state,top_primary,interface_4x,T03_P2_BULK_TRAPS_FORMAL,enabled_symmetric_teaching_top_stack,0.0,0.01,0.0,0.3,top_oxide,0.00075,5.899999999999999e-06,7.5,58.99999999999999,0.03324441965649873,
p2_bulk_nta_5e19_common_primary,NTA 5e19 common-primary state,top_primary,interface_4x,T03_P2_BULK_TRAPS_FORMAL,enabled_symmetric_teaching_top_stack,0.0,0.01,0.0,0.3,top_oxide,0.00075,6.025e-06,7.5,60.25,0.04658219873380679,
p2_bulk_nta_5e19_common_primary,NTA 5e19 common-primary state,top_primary,interface_4x,T03_P2_BULK_TRAPS_FORMAL,enabled_symmetric_teaching_top_stack,0.0,0.01,0.0,0.3,top_oxide,0.00075,6.1499999999999996e-06,7.5,61.49999999999999,0.05991997780201098,
p2_bulk_nta_5e19_common_primary,NTA 5e19 common-primary state,top_primary,interface_4x,T03_P2_BULK_TRAPS_FORMAL,enabled_symmetric_teaching_top_stack,0.0,0.01,0.0,0.3,top_oxide,0.00075,6.275e-06,7.5,62.75,0.0732577568615906,
p2_bulk_nta_5e19_common_primary,NTA 5e19 common-primary state,top_primary,interface_4x,T03_P2_BULK_TRAPS_FORMAL,enabled_symmetric_teaching_top_stack,0.0,0.01,0.0,0.3,top_oxide,0.00075,6.4e-06,7.5,64.0,0.08659553591302464,
p2_bulk_nta_5e19_common_primary,NTA 5e19 common-primary state,top_primary,interface_4x,T03_P2_BULK_TRAPS_FORMAL,enabled_symmetric_teaching_top_stack,0.0,0.01,0.0,0.3,top_oxide,0.00075,6.9e-06,7.5,69.0,0.1399466520420974,
p2_bulk_nta_5e19_common_primary,NTA 5e19 common-primary state,top_primary,interface_4x,T03_P2_BULK_TRAPS_FORMAL,enabled_symmetric_teaching_top_stack,0.0,0.01,0.0,0.3,top_oxide,0.00075,7.4e-06,7.5,74.0,0.19329776807917398,
p2_bulk_nta_5e19_common_primary,NTA 5e19 common-primary state,top_primary,interface_4x,T03_P2_BULK_TRAPS_FORMAL,enabled_symmetric_teaching_top_stack,0.0,0.01,0.0,0.3,top_oxide,0.00075,7.9e-06,7.5,79.0,0.2466488840549197,
p2_bulk_nta_5e19_common_primary,NTA 5e19 common-primary state,top_primary,interface_4x,T03_P2_BULK_TRAPS_FORMAL,enabled_symmetric_teaching_top_stack,0.0,0.01,0.0,0.3,top_oxide,0.00075,8.400000000000001e-06,7.5,84.00000000000001,0.3,
p2_bulk_nta_5e19_common_primary,NTA 5e19 common-primary state,top_primary,interface_4x,T03_P2_BULK_TRAPS_FORMAL,enabled_symmetric_teaching_top_stack,0.0,0.01,0.0,0.3,top_oxide,0.000775,5.4e-06,7.75,54.0,-0.019921891979627106,
p2_bulk_nta_5e19_common_primary,NTA 5e19 common-primary state,top_primary,interface_4x,T03_P2_BULK_TRAPS_FORMAL,enabled_symmetric_teaching_top_stack,0.0,0.01,0.0,0.3,top_oxide,0.000775,5.525e-06,7.75,55.24999999999999,-0.00659181305951179,
p2_bulk_nta_5e19_common_primary,NTA 5e19 common-primary state,top_primary,interface_4x,T03_P2_BULK_TRAPS_FORMAL,enabled_symmetric_teaching_top_stack,0.0,0.01,0.0,0.3,top_oxide,0.000775,5.65e-06,7.75,56.5,0.00673826584951923,
p2_bulk_nta_5e19_common_primary,NTA 5e19 common-primary state,top_primary,interface_4x,T03_P2_BULK_TRAPS_FORMAL,enabled_symmetric_teaching_top_stack,0.0,0.01,0.0,0.3,top_oxide,0.000775,5.775e-06,7.75,57.75,0.020068344747947706,
p2_bulk_nta_5e19_common_primary,NTA 5e19 common-primary state,top_primary,interface_4x,T03_P2_BULK_TRAPS_FORMAL,enabled_symmetric_teaching_top_stack,0.0,0.01,0.0,0.3,top_oxide,0.000775,5.899999999999999e-06,7.75,58.99999999999999,0.033398423636255656,
p2_bulk_nta_5e19_common_primary,NTA 5e19 common-primary state,top_primary,interface_4x,T03_P2_BULK_TRAPS_FORMAL,enabled_symmetric_teaching_top_stack,0.0,0.01,0.0,0.3,top_oxide,0.000775,6.025e-06,7.75,60.25,0.0467285025149251,
p2_bulk_nta_5e19_common_primary,NTA 5e19 common-primary state,top_primary,interface_4x,T03_P2_BULK_TRAPS_FORMAL,enabled_symmetric_teaching_top_stack,0.0,0.01,0.0,0.3,top_oxide,0.000775,6.1499999999999996e-06,7.75,61.49999999999999,0.060058581384437794,
p2_bulk_nta_5e19_common_primary,NTA 5e19 common-primary state,top_primary,interface_4x,T03_P2_BULK_TRAPS_FORMAL,enabled_symmetric_teaching_top_stack,0.0,0.01,0.0,0.3,top_oxide,0.000775,6.275e-06,7.75,62.75,0.07338866024527584,
p2_bulk_nta_5e19_common_primary,NTA 5e19 common-primary state,top_primary,interface_4x,T03_P2_BULK_TRAPS_FORMAL,enabled_symmetric_teaching_top_stack,0.0,0.01,0.0,0.3,top_oxide,0.000775,6.4e-06,7.75,64.0,0.08671873909792098,
p2_bulk_nta_5e19_common_primary,NTA 5e19 common-primary state,top_primary,interface_4x,T03_P2_BULK_TRAPS_FORMAL,enabled_symmetric_teaching_top_stack,0.0,0.01,0.0,0.3,top_oxide,0.000775,6.9e-06,7.75,69.0,0.140039054431393,
p2_bulk_nta_5e19_common_primary,NTA 5e19 common-primary state,top_primary,interface_4x,T03_P2_BULK_TRAPS_FORMAL,enabled_symmetric_teaching_top_stack,0.0,0.01,0.0,0.3,top_oxide,0.000775,7.4e-06,7.75,74.0,0.19335936967233452,
p2_bulk_nta_5e19_common_primary,NTA 5e19 common-primary state,top_primary,interface_4x,T03_P2_BULK_TRAPS_FORMAL,enabled_symmetric_teaching_top_stack,0.0,0.01,0.0,0.3,top_oxide,0.000775,7.9e-06,7.75,79.0,0.246679684851589,
p2_bulk_nta_5e19_common_primary,NTA 5e19 common-primary state,top_primary,interface_4x,T03_P2_BULK_TRAPS_FORMAL,enabled_symmetric_teaching_top_stack,0.0,0.01,0.0,0.3,top_oxide,0.000775,8.400000000000001e-06,7.75,84.00000000000001,0.3,
p2_bulk_nta_5e19_common_primary,NTA 5e19 common-primary state,top_primary,interface_4x,T03_P2_BULK_TRAPS_FORMAL,enabled_symmetric_teaching_top_stack,0.0,0.01,0.0,0.3,top_oxide,0.0008,5.4e-06,8.0,54.0,-0.01973662455336796,
p2_bulk_nta_5e19_common_primary,NTA 5e19 common-primary state,top_primary,interface_4x,T03_P2_BULK_TRAPS_FORMAL,enabled_symmetric_teaching_top_stack,0.0,0.01,0.0,0.3,top_oxide,0.0008,5.525e-06,8.0,55.24999999999999,-0.006414265108836169,
p2_bulk_nta_5e19_common_primary,NTA 5e19 common-primary state,top_primary,interface_4x,T03_P2_BULK_TRAPS_FORMAL,enabled_symmetric_teaching_top_stack,0.0,0.01,0.0,0.3,top_oxide,0.0008,5.65e-06,8.0,56.5,0.006908094324546742,
p2_bulk_nta_5e19_common_primary,NTA 5e19 common-primary state,top_primary,interface_4x,T03_P2_BULK_TRAPS_FORMAL,enabled_symmetric_teaching_top_stack,0.0,0.01,0.0,0.3,top_oxide,0.0008,5.775e-06,8.0,57.75,0.02023045374726533,
p2_bulk_nta_5e19_common_primary,NTA 5e19 common-primary state,top_primary,interface_4x,T03_P2_BULK_TRAPS_FORMAL,enabled_symmetric_teaching_top_stack,0.0,0.01,0.0,0.3,top_oxide,0.0008,5.899999999999999e-06,8.0,58.99999999999999,0.03355281315980443,
p2_bulk_nta_5e19_common_primary,NTA 5e19 common-primary state,top_primary,interface_4x,T03_P2_BULK_TRAPS_FORMAL,enabled_symmetric_teaching_top_stack,0.0,0.01,0.0,0.3,top_oxide,0.0008,6.025e-06,8.0,60.25,0.04687517256264885,
p2_bulk_nta_5e19_common_primary,NTA 5e19 common-primary state,top_primary,interface_4x,T03_P2_BULK_TRAPS_FORMAL,enabled_symmetric_teaching_top_stack,0.0,0.01,0.0,0.3,top_oxide,0.0008,6.1499999999999996e-06,8.0,61.49999999999999,0.06019753195628317,
p2_bulk_nta_5e19_common_primary,NTA 5e19 common-primary state,top_primary,interface_4x,T03_P2_BULK_TRAPS_FORMAL,enabled_symmetric_teaching_top_stack,0.0,0.01,0.0,0.3,top_oxide,0.0008,6.275e-06,8.0,62.75,0.0735198913411923,
p2_bulk_nta_5e19_common_primary,NTA 5e19 common-primary state,top_primary,interface_4x,T03_P2_BULK_TRAPS_FORMAL,enabled_symmetric_teaching_top_stack,0.0,0.01,0.0,0.3,top_oxide,0.0008,6.4e-06,8.0,64.0,0.0868422507178608,
p2_bulk_nta_5e19_common_primary,NTA 5e19 common-primary state,top_primary,interface_4x,T03_P2_BULK_TRAPS_FORMAL,enabled_symmetric_teaching_top_stack,0.0,0.01,0.0,0.3,top_oxide,0.0008,6.9e-06,8.0,69.0,0.14013168814697688,
p2_bulk_nta_5e19_common_primary,NTA 5e19 common-primary state,top_primary,interface_4x,T03_P2_BULK_TRAPS_FORMAL,enabled_symmetric_teaching_top_stack,0.0,0.01,0.0,0.3,top_oxide,0.0008,7.4e-06,8.0,74.0,0.1934211254830233,
p2_bulk_nta_5e19_common_primary,NTA 5e19 common-primary state,top_primary,interface_4x,T03_P2_BULK_TRAPS_FORMAL,enabled_symmetric_teaching_top_stack,0.0,0.01,0.0,0.3,top_oxide,0.0008,7.9e-06,8.0,79.0,0.24671056275702324,
p2_bulk_nta_5e19_common_primary,NTA 5e19 common-primary state,top_primary,interface_4x,T03_P2_BULK_TRAPS_FORMAL,enabled_symmetric_teaching_top_stack,0.0,0.01,0.0,0.3,top_oxide,0.0008,8.400000000000001e-06,8.0,84.00000000000001,0.3,
p2_bulk_nta_5e19_common_primary,NTA 5e19 common-primary state,top_primary,interface_4x,T03_P2_BULK_TRAPS_FORMAL,enabled_symmetric_teaching_top_stack,0.0,0.01,0.0,0.3,top_oxide,0.000825,5.4e-06,8.25,54.0,-0.019550891778776003,
p2_bulk_nta_5e19_common_primary,NTA 5e19 common-primary state,top_primary,interface_4x,T03_P2_BULK_TRAPS_FORMAL,enabled_symmetric_teaching_top_stack,0.0,0.01,0.0,0.3,top_oxide,0.000825,5.525e-06,8.25,55.24999999999999,-0.0062362711993369044,
p2_bulk_nta_5e19_common_primary,NTA 5e19 common-primary state,top_primary,interface_4x,T03_P2_BULK_TRAPS_FORMAL,enabled_symmetric_teaching_top_stack,0.0,0.01,0.0,0.3,top_oxide,0.000825,5.65e-06,8.25,56.5,0.0070783493688881295,
p2_bulk_nta_5e19_common_primary,NTA 5e19 common-primary state,top_primary,interface_4x,T03_P2_BULK_TRAPS_FORMAL,enabled_symmetric_teaching_top_stack,0.0,0.01,0.0,0.3,top_oxide,0.000825,5.775e-06,8.25,57.75,0.020392969926386496,
p2_bulk_nta_5e19_common_primary,NTA 5e19 common-primary state,top_primary,interface_4x,T03_P2_BULK_TRAPS_FORMAL,enabled_symmetric_teaching_top_stack,0.0,0.01,0.0,0.3,top_oxide,0.000825,5.899999999999999e-06,8.25,58.99999999999999,0.033707590473645854,
p2_bulk_nta_5e19_common_primary,NTA 5e19 common-primary state,top_primary,interface_4x,T03_P2_BULK_TRAPS_FORMAL,enabled_symmetric_teaching_top_stack,0.0,0.01,0.0,0.3,top_oxide,0.000825,6.025e-06,8.25,60.25,0.04702221101115387,
p2_bulk_nta_5e19_common_primary,NTA 5e19 common-primary state,top_primary,interface_4x,T03_P2_BULK_TRAPS_FORMAL,enabled_symmetric_teaching_top_stack,0.0,0.01,0.0,0.3,top_oxide,0.000825,6.1499999999999996e-06,8.25,61.49999999999999,0.06033683153939792,
p2_bulk_nta_5e19_common_primary,NTA 5e19 common-primary state,top_primary,interface_4x,T03_P2_BULK_TRAPS_FORMAL,enabled_symmetric_teaching_top_stack,0.0,0.01,0.0,0.3,top_oxide,0.000825,6.275e-06,8.25,62.75,0.07365145205886578,
p2_bulk_nta_5e19_common_primary,NTA 5e19 common-primary state,top_primary,interface_4x,T03_P2_BULK_TRAPS_FORMAL,enabled_symmetric_teaching_top_stack,0.0,0.01,0.0,0.3,top_oxide,0.000825,6.4e-06,8.25,64.0,0.08696607257004482,
p2_bulk_nta_5e19_common_primary,NTA 5e19 common-primary state,top_primary,interface_4x,T03_P2_BULK_TRAPS_FORMAL,enabled_symmetric_teaching_top_stack,0.0,0.01,0.0,0.3,top_oxide,0.000825,6.9e-06,8.25,69.0,0.1402245545367497,
p2_bulk_nta_5e19_common_primary,NTA 5e19 common-primary state,top_primary,interface_4x,T03_P2_BULK_TRAPS_FORMAL,enabled_symmetric_teaching_top_stack,0.0,0.01,0.0,0.3,top_oxide,0.000825,7.4e-06,8.25,74.0,0.1934830364098408,
p2_bulk_nta_5e19_common_primary,NTA 5e19 common-primary state,top_primary,interface_4x,T03_P2_BULK_TRAPS_FORMAL,enabled_symmetric_teaching_top_stack,0.0,0.01,0.0,0.3,top_oxide,0.000825,7.9e-06,8.25,79.0,0.24674151822052268,
p2_bulk_nta_5e19_common_primary,NTA 5e19 common-primary state,top_primary,interface_4x,T03_P2_BULK_TRAPS_FORMAL,enabled_symmetric_teaching_top_stack,0.0,0.01,0.0,0.3,top_oxide,0.000825,8.400000000000001e-06,8.25,84.00000000000001,0.3,
p2_bulk_nta_5e19_common_primary,NTA 5e19 common-primary state,top_primary,interface_4x,T03_P2_BULK_TRAPS_FORMAL,enabled_symmetric_teaching_top_stack,0.0,0.01,0.0,0.3,top_oxide,0.0008500000000000001,5.4e-06,8.5,54.0,-0.019364690935299123,
p2_bulk_nta_5e19_common_primary,NTA 5e19 common-primary state,top_primary,interface_4x,T03_P2_BULK_TRAPS_FORMAL,enabled_symmetric_teaching_top_stack,0.0,0.01,0.0,0.3,top_oxide,0.0008500000000000001,5.525e-06,8.5,55.24999999999999,-0.006057828723818156,
p2_bulk_nta_5e19_common_primary,NTA 5e19 common-primary state,top_primary,interface_4x,T03_P2_BULK_TRAPS_FORMAL,enabled_symmetric_teaching_top_stack,0.0,0.01,0.0,0.3,top_oxide,0.0008500000000000001,5.65e-06,8.5,56.5,0.00724903347638297,
p2_bulk_nta_5e19_common_primary,NTA 5e19 common-primary state,top_primary,interface_4x,T03_P2_BULK_TRAPS_FORMAL,enabled_symmetric_teaching_top_stack,0.0,0.01,0.0,0.3,top_oxide,0.0008500000000000001,5.775e-06,8.5,57.75,0.020555895665794504,
p2_bulk_nta_5e19_common_primary,NTA 5e19 common-primary state,top_primary,interface_4x,T03_P2_BULK_TRAPS_FORMAL,enabled_symmetric_teaching_top_stack,0.0,0.01,0.0,0.3,top_oxide,0.0008500000000000001,5.899999999999999e-06,8.5,58.99999999999999,0.033862757844906964,
p2_bulk_nta_5e19_common_primary,NTA 5e19 common-primary state,top_primary,interface_4x,T03_P2_BULK_TRAPS_FORMAL,enabled_symmetric_teaching_top_stack,0.0,0.01,0.0,0.3,top_oxide,0.0008500000000000001,6.025e-06,8.5,60.25,0.04716962001421088,
p2_bulk_nta_5e19_common_primary,NTA 5e19 common-primary state,top_primary,interface_4x,T03_P2_BULK_TRAPS_FORMAL,enabled_symmetric_teaching_top_stack,0.0,0.01,0.0,0.3,top_oxide,0.0008500000000000001,6.1499999999999996e-06,8.5,61.49999999999999,0.060476482174196496,
p2_bulk_nta_5e19_common_primary,NTA 5e19 common-primary state,top_primary,interface_4x,T03_P2_BULK_TRAPS_FORMAL,enabled_symmetric_teaching_top_stack,0.0,0.01,0.0,0.3,top_oxide,0.0008500000000000001,6.275e-06,8.5,62.75,0.07378334432535442,
p2_bulk_nta_5e19_common_primary,NTA 5e19 common-primary state,top_primary,interface_4x,T03_P2_BULK_TRAPS_FORMAL,enabled_symmetric_teaching_top_stack,0.0,0.01,0.0,0.3,top_oxide,0.0008500000000000001,6.4e-06,8.5,64.0,0.08709020646817492,
p2_bulk_nta_5e19_common_primary,NTA 5e19 common-primary state,top_primary,interface_4x,T03_P2_BULK_TRAPS_FORMAL,enabled_symmetric_teaching_top_stack,0.0,0.01,0.0,0.3,top_oxide,0.0008500000000000001,6.9e-06,8.5,69.0,0.14031765496098797,
p2_bulk_nta_5e19_common_primary,NTA 5e19 common-primary state,top_primary,interface_4x,T03_P2_BULK_TRAPS_FORMAL,enabled_symmetric_teaching_top_stack,0.0,0.01,0.0,0.3,top_oxide,0.0008500000000000001,7.4e-06,8.5,74.0,0.19354510335963807,
p2_bulk_nta_5e19_common_primary,NTA 5e19 common-primary state,top_primary,interface_4x,T03_P2_BULK_TRAPS_FORMAL,enabled_symmetric_teaching_top_stack,0.0,0.01,0.0,0.3,top_oxide,0.0008500000000000001,7.9e-06,8.5,79.0,0.24677255169551285,
p2_bulk_nta_5e19_common_primary,NTA 5e19 common-primary state,top_primary,interface_4x,T03_P2_BULK_TRAPS_FORMAL,enabled_symmetric_teaching_top_stack,0.0,0.01,0.0,0.3,top_oxide,0.0008500000000000001,8.400000000000001e-06,8.5,84.00000000000001,0.3,
p2_bulk_nta_5e19_common_primary,NTA 5e19 common-primary state,top_primary,interface_4x,T03_P2_BULK_TRAPS_FORMAL,enabled_symmetric_teaching_top_stack,0.0,0.01,0.0,0.3,top_oxide,0.0008750000000000001,5.4e-06,8.750000000000002,54.0,-0.019178019277199455,
p2_bulk_nta_5e19_common_primary,NTA 5e19 common-primary state,top_primary,interface_4x,T03_P2_BULK_TRAPS_FORMAL,enabled_symmetric_teaching_top_stack,0.0,0.01,0.0,0.3,top_oxide,0.0008750000000000001,5.525e-06,8.750000000000002,55.24999999999999,-0.0058789350509397,
p2_bulk_nta_5e19_common_primary,NTA 5e19 common-primary state,top_primary,interface_4x,T03_P2_BULK_TRAPS_FORMAL,enabled_symmetric_teaching_top_stack,0.0,0.01,0.0,0.3,top_oxide,0.0008750000000000001,5.65e-06,8.750000000000002,56.5,0.007420149163973044,
p2_bulk_nta_5e19_common_primary,NTA 5e19 common-primary state,top_primary,interface_4x,T03_P2_BULK_TRAPS_FORMAL,enabled_symmetric_teaching_top_stack,0.0,0.01,0.0,0.3,top_oxide,0.0008750000000000001,5.775e-06,8.750000000000002,57.75,0.020719233368031904,
p2_bulk_nta_5e19_common_primary,NTA 5e19 common-primary state,top_primary,interface_4x,T03_P2_BULK_TRAPS_FORMAL,enabled_symmetric_teaching_top_stack,0.0,0.01,0.0,0.3,top_oxide,0.0008750000000000001,5.899999999999999e-06,8.750000000000002,58.99999999999999,0.03401831756173027,
p2_bulk_nta_5e19_common_primary,NTA 5e19 common-primary state,top_primary,interface_4x,T03_P2_BULK_TRAPS_FORMAL,enabled_symmetric_teaching_top_stack,0.0,0.01,0.0,0.3,top_oxide,0.0008750000000000001,6.025e-06,8.750000000000002,60.25,0.04731740174556155,
p2_bulk_nta_5e19_common_primary,NTA 5e19 common-primary state,top_primary,interface_4x,T03_P2_BULK_TRAPS_FORMAL,enabled_symmetric_teaching_top_stack,0.0,0.01,0.0,0.3,top_oxide,0.0008750000000000001,6.1499999999999996e-06,8.750000000000002,61.49999999999999,0.060616485920018885,
p2_bulk_nta_5e19_common_primary,NTA 5e19 common-primary state,top_primary,interface_4x,T03_P2_BULK_TRAPS_FORMAL,enabled_symmetric_teaching_top_stack,0.0,0.01,0.0,0.3,top_oxide,0.0008750000000000001,6.275e-06,8.750000000000002,62.75,0.07391557008559578,
p2_bulk_nta_5e19_common_primary,NTA 5e19 common-primary state,top_primary,interface_4x,T03_P2_BULK_TRAPS_FORMAL,enabled_symmetric_teaching_top_stack,0.0,0.01,0.0,0.3,top_oxide,0.0008750000000000001,6.4e-06,8.750000000000002,64.0,0.08721465424278536,
p2_bulk_nta_5e19_common_primary,NTA 5e19 common-primary state,top_primary,interface_4x,T03_P2_BULK_TRAPS_FORMAL,enabled_symmetric_teaching_top_stack,0.0,0.01,0.0,0.3,top_oxide,0.0008750000000000001,6.9e-06,8.750000000000002,69.0,0.14041099079260522,
p2_bulk_nta_5e19_common_primary,NTA 5e19 common-primary state,top_primary,interface_4x,T03_P2_BULK_TRAPS_FORMAL,enabled_symmetric_teaching_top_stack,0.0,0.01,0.0,0.3,top_oxide,0.0008750000000000001,7.4e-06,8.750000000000002,74.0,0.19360732724769733,
p2_bulk_nta_5e19_common_primary,NTA 5e19 common-primary state,top_primary,interface_4x,T03_P2_BULK_TRAPS_FORMAL,enabled_symmetric_teaching_top_stack,0.0,0.01,0.0,0.3,top_oxide,0.0008750000000000001,7.9e-06,8.750000000000002,79.0,0.24680366363963688,
p2_bulk_nta_5e19_common_primary,NTA 5e19 common-primary state,top_primary,interface_4x,T03_P2_BULK_TRAPS_FORMAL,enabled_symmetric_teaching_top_stack,0.0,0.01,0.0,0.3,top_oxide,0.0008750000000000001,8.400000000000001e-06,8.750000000000002,84.00000000000001,0.3,
p2_bulk_nta_5e19_common_primary,NTA 5e19 common-primary state,top_primary,interface_4x,T03_P2_BULK_TRAPS_FORMAL,enabled_symmetric_teaching_top_stack,0.0,0.01,0.0,0.3,top_oxide,0.0009000000000000001,5.4e-06,9.0,54.0,-0.018990874003073588,
p2_bulk_nta_5e19_common_primary,NTA 5e19 common-primary state,top_primary,interface_4x,T03_P2_BULK_TRAPS_FORMAL,enabled_symmetric_teaching_top_stack,0.0,0.01,0.0,0.3,top_oxide,0.0009000000000000001,5.525e-06,9.0,55.24999999999999,-0.005699587493987021,
p2_bulk_nta_5e19_common_primary,NTA 5e19 common-primary state,top_primary,interface_4x,T03_P2_BULK_TRAPS_FORMAL,enabled_symmetric_teaching_top_stack,0.0,0.01,0.0,0.3,top_oxide,0.0009000000000000001,5.65e-06,9.0,56.5,0.00759169900349123,
p2_bulk_nta_5e19_common_primary,NTA 5e19 common-primary state,top_primary,interface_4x,T03_P2_BULK_TRAPS_FORMAL,enabled_symmetric_teaching_top_stack,0.0,0.01,0.0,0.3,top_oxide,0.0009000000000000001,5.775e-06,9.0,57.75,0.020882985489852804,
p2_bulk_nta_5e19_common_primary,NTA 5e19 common-primary state,top_primary,interface_4x,T03_P2_BULK_TRAPS_FORMAL,enabled_symmetric_teaching_top_stack,0.0,0.01,0.0,0.3,top_oxide,0.0009000000000000001,5.899999999999999e-06,9.0,58.99999999999999,0.03417427196559088,
p2_bulk_nta_5e19_common_primary,NTA 5e19 common-primary state,top_primary,interface_4x,T03_P2_BULK_TRAPS_FORMAL,enabled_symmetric_teaching_top_stack,0.0,0.01,0.0,0.3,top_oxide,0.0009000000000000001,6.025e-06,9.0,60.25,0.04746555843119995,
p2_bulk_nta_5e19_common_primary,NTA 5e19 common-primary state,top_primary,interface_4x,T03_P2_BULK_TRAPS_FORMAL,enabled_symmetric_teaching_top_stack,0.0,0.01,0.0,0.3,top_oxide,0.0009000000000000001,6.1499999999999996e-06,9.0,61.49999999999999,0.060756844887175566,
p2_bulk_nta_5e19_common_primary,NTA 5e19 common-primary state,top_primary,interface_4x,T03_P2_BULK_TRAPS_FORMAL,enabled_symmetric_teaching_top_stack,0.0,0.01,0.0,0.3,top_oxide,0.0009000000000000001,6.275e-06,9.0,62.75,0.074048131334015,
p2_bulk_nta_5e19_common_primary,NTA 5e19 common-primary state,top_primary,interface_4x,T03_P2_BULK_TRAPS_FORMAL,enabled_symmetric_teaching_top_stack,0.0,0.01,0.0,0.3,top_oxide,0.0009000000000000001,6.4e-06,9.0,64.0,0.08733941777221647,
p2_bulk_nta_5e19_common_primary,NTA 5e19 common-primary state,top_primary,interface_4x,T03_P2_BULK_TRAPS_FORMAL,enabled_symmetric_teaching_top_stack,0.0,0.01,0.0,0.3,top_oxide,0.0009000000000000001,6.9e-06,9.0,69.0,0.1405045634436415,
p2_bulk_nta_5e19_common_primary,NTA 5e19 common-primary state,top_primary,interface_4x,T03_P2_BULK_TRAPS_FORMAL,enabled_symmetric_teaching_top_stack,0.0,0.01,0.0,0.3,top_oxide,0.0009000000000000001,7.4e-06,9.0,74.0,0.19366970901705183,
p2_bulk_nta_5e19_common_primary,NTA 5e19 common-primary state,top_primary,interface_4x,T03_P2_BULK_TRAPS_FORMAL,enabled_symmetric_teaching_top_stack,0.0,0.01,0.0,0.3,top_oxide,0.0009000000000000001,7.9e-06,9.0,79.0,0.24683485452493611,
p2_bulk_nta_5e19_common_primary,NTA 5e19 common-primary state,top_primary,interface_4x,T03_P2_BULK_TRAPS_FORMAL,enabled_symmetric_teaching_top_stack,0.0,0.01,0.0,0.3,top_oxide,0.0009000000000000001,8.400000000000001e-06,9.0,84.00000000000001,0.3,
p2_bulk_nta_5e19_common_primary,NTA 5e19 common-primary state,top_primary,interface_4x,T03_P2_BULK_TRAPS_FORMAL,enabled_symmetric_teaching_top_stack,0.0,0.01,0.0,0.3,top_oxide,0.0009249999999999999,5.4e-06,9.25,54.0,-0.018803244770001903,
p2_bulk_nta_5e19_common_primary,NTA 5e19 common-primary state,top_primary,interface_4x,T03_P2_BULK_TRAPS_FORMAL,enabled_symmetric_teaching_top_stack,0.0,0.01,0.0,0.3,top_oxide,0.0009249999999999999,5.525e-06,9.25,55.24999999999999,-0.005519775600881828,
p2_bulk_nta_5e19_common_primary,NTA 5e19 common-primary state,top_primary,interface_4x,T03_P2_BULK_TRAPS_FORMAL,enabled_symmetric_teaching_top_stack,0.0,0.01,0.0,0.3,top_oxide,0.0009249999999999999,5.65e-06,9.25,56.5,0.007763693506664651,
p2_bulk_nta_5e19_common_primary,NTA 5e19 common-primary state,top_primary,interface_4x,T03_P2_BULK_TRAPS_FORMAL,enabled_symmetric_teaching_top_stack,0.0,0.01,0.0,0.3,top_oxide,0.0009249999999999999,5.775e-06,9.25,57.75,0.02104716255158702,
p2_bulk_nta_5e19_common_primary,NTA 5e19 common-primary state,top_primary,interface_4x,T03_P2_BULK_TRAPS_FORMAL,enabled_symmetric_teaching_top_stack,0.0,0.01,0.0,0.3,top_oxide,0.0009249999999999999,5.899999999999999e-06,9.25,58.99999999999999,0.034330631533193726,
p2_bulk_nta_5e19_common_primary,NTA 5e19 common-primary state,top_primary,interface_4x,T03_P2_BULK_TRAPS_FORMAL,enabled_symmetric_teaching_top_stack,0.0,0.01,0.0,0.3,top_oxide,0.0009249999999999999,6.025e-06,9.25,60.25,0.04761410045116623,
p2_bulk_nta_5e19_common_primary,NTA 5e19 common-primary state,top_primary,interface_4x,T03_P2_BULK_TRAPS_FORMAL,enabled_symmetric_teaching_top_stack,0.0,0.01,0.0,0.3,top_oxide,0.0009249999999999999,6.1499999999999996e-06,9.25,61.49999999999999,0.060897569305568854,
p2_bulk_nta_5e19_common_primary,NTA 5e19 common-primary state,top_primary,interface_4x,T03_P2_BULK_TRAPS_FORMAL,enabled_symmetric_teaching_top_stack,0.0,0.01,0.0,0.3,top_oxide,0.0009249999999999999,6.275e-06,9.25,62.75,0.07418103809685546,
p2_bulk_nta_5e19_common_primary,NTA 5e19 common-primary state,top_primary,interface_4x,T03_P2_BULK_TRAPS_FORMAL,enabled_symmetric_teaching_top_stack,0.0,0.01,0.0,0.3,top_oxide,0.0009249999999999999,6.4e-06,9.25,64.0,0.08746450682587092,
p2_bulk_nta_5e19_common_primary,NTA 5e19 common-primary state,top_primary,interface_4x,T03_P2_BULK_TRAPS_FORMAL,enabled_symmetric_teaching_top_stack,0.0,0.01,0.0,0.3,top_oxide,0.0009249999999999999,6.9e-06,9.25,69.0,0.14059838113157302,
p2_bulk_nta_5e19_common_primary,NTA 5e19 common-primary state,top_primary,interface_4x,T03_P2_BULK_TRAPS_FORMAL,enabled_symmetric_teaching_top_stack,0.0,0.01,0.0,0.3,top_oxide,0.0009249999999999999,7.4e-06,9.25,74.0,0.1937322546013679,
p2_bulk_nta_5e19_common_primary,NTA 5e19 common-primary state,top_primary,interface_4x,T03_P2_BULK_TRAPS_FORMAL,enabled_symmetric_teaching_top_stack,0.0,0.01,0.0,0.3,top_oxide,0.0009249999999999999,7.9e-06,9.25,79.0,0.24686612746134645,
p2_bulk_nta_5e19_common_primary,NTA 5e19 common-primary state,top_primary,interface_4x,T03_P2_BULK_TRAPS_FORMAL,enabled_symmetric_teaching_top_stack,0.0,0.01,0.0,0.3,top_oxide,0.0009249999999999999,8.400000000000001e-06,9.25,84.00000000000001,0.3,
p2_bulk_nta_5e19_common_primary,NTA 5e19 common-primary state,top_primary,interface_4x,T03_P2_BULK_TRAPS_FORMAL,enabled_symmetric_teaching_top_stack,0.0,0.01,0.0,0.3,top_oxide,0.00095,5.4e-06,9.5,54.0,-0.018613208198546952,
p2_bulk_nta_5e19_common_primary,NTA 5e19 common-primary state,top_primary,interface_4x,T03_P2_BULK_TRAPS_FORMAL,enabled_symmetric_teaching_top_stack,0.0,0.01,0.0,0.3,top_oxide,0.00095,5.525e-06,9.5,55.24999999999999,-0.005337500760441913,
p2_bulk_nta_5e19_common_primary,NTA 5e19 common-primary state,top_primary,interface_4x,T03_P2_BULK_TRAPS_FORMAL,enabled_symmetric_teaching_top_stack,0.0,0.01,0.0,0.3,top_oxide,0.00095,5.65e-06,9.5,56.5,0.007938192970589782,
p2_bulk_nta_5e19_common_primary,NTA 5e19 common-primary state,top_primary,interface_4x,T03_P2_BULK_TRAPS_FORMAL,enabled_symmetric_teaching_top_stack,0.0,0.01,0.0,0.3,top_oxide,0.00095,5.775e-06,9.5,57.75,0.021213872240026813,
p2_bulk_nta_5e19_common_primary,NTA 5e19 common-primary state,top_primary,interface_4x,T03_P2_BULK_TRAPS_FORMAL,enabled_symmetric_teaching_top_stack,0.0,0.01,0.0,0.3,top_oxide,0.00095,5.899999999999999e-06,9.5,58.99999999999999,0.034489536472341535,
p2_bulk_nta_5e19_common_primary,NTA 5e19 common-primary state,top_primary,interface_4x,T03_P2_BULK_TRAPS_FORMAL,enabled_symmetric_teaching_top_stack,0.0,0.01,0.0,0.3,top_oxide,0.00095,6.025e-06,9.5,60.25,0.04776518526267794,
p2_bulk_nta_5e19_common_primary,NTA 5e19 common-primary state,top_primary,interface_4x,T03_P2_BULK_TRAPS_FORMAL,enabled_symmetric_teaching_top_stack,0.0,0.01,0.0,0.3,top_oxide,0.00095,6.1499999999999996e-06,9.5,61.49999999999999,0.06104081836855535,
p2_bulk_nta_5e19_common_primary,NTA 5e19 common-primary state,top_primary,interface_4x,T03_P2_BULK_TRAPS_FORMAL,enabled_symmetric_teaching_top_stack,0.0,0.01,0.0,0.3,top_oxide,0.00095,6.275e-06,9.5,62.75,0.07431643570159742,
p2_bulk_nta_5e19_common_primary,NTA 5e19 common-primary state,top_primary,interface_4x,T03_P2_BULK_TRAPS_FORMAL,enabled_symmetric_teaching_top_stack,0.0,0.01,0.0,0.3,top_oxide,0.00095,6.4e-06,9.5,64.0,0.08759203731928296,
p2_bulk_nta_5e19_common_primary,NTA 5e19 common-primary state,top_primary,interface_4x,T03_P2_BULK_TRAPS_FORMAL,enabled_symmetric_teaching_top_stack,0.0,0.01,0.0,0.3,top_oxide,0.00095,6.9e-06,9.5,69.0,0.14069428858754177,
p2_bulk_nta_5e19_common_primary,NTA 5e19 common-primary state,top_primary,interface_4x,T03_P2_BULK_TRAPS_FORMAL,enabled_symmetric_teaching_top_stack,0.0,0.01,0.0,0.3,top_oxide,0.00095,7.4e-06,9.5,74.0,0.19379632472647743,
p2_bulk_nta_5e19_common_primary,NTA 5e19 common-primary state,top_primary,interface_4x,T03_P2_BULK_TRAPS_FORMAL,enabled_symmetric_teaching_top_stack,0.0,0.01,0.0,0.3,top_oxide,0.00095,7.9e-06,9.5,79.0,0.24689820371034615,
p2_bulk_nta_5e19_common_primary,NTA 5e19 common-primary state,top_primary,interface_4x,T03_P2_BULK_TRAPS_FORMAL,enabled_symmetric_teaching_top_stack,0.0,0.01,0.0,0.3,top_oxide,0.00095,8.400000000000001e-06,9.5,84.00000000000001,0.3,
p2_bulk_nta_5e19_common_primary,NTA 5e19 common-primary state,top_primary,interface_4x,T03_P2_BULK_TRAPS_FORMAL,enabled_symmetric_teaching_top_stack,0.0,0.01,0.0,0.3,top_oxide,0.000975,5.4e-06,9.75,54.0,-0.017912563218093057,
p2_bulk_nta_5e19_common_primary,NTA 5e19 common-primary state,top_primary,interface_4x,T03_P2_BULK_TRAPS_FORMAL,enabled_symmetric_teaching_top_stack,0.0,0.01,0.0,0.3,top_oxide,0.000975,5.525e-06,9.75,55.24999999999999,-0.004606942982674476,
p2_bulk_nta_5e19_common_primary,NTA 5e19 common-primary state,top_primary,interface_4x,T03_P2_BULK_TRAPS_FORMAL,enabled_symmetric_teaching_top_stack,0.0,0.01,0.0,0.3,top_oxide,0.000975,5.65e-06,9.75,56.5,0.008691156217415447,
p2_bulk_nta_5e19_common_primary,NTA 5e19 common-primary state,top_primary,interface_4x,T03_P2_BULK_TRAPS_FORMAL,enabled_symmetric_teaching_top_stack,0.0,0.01,0.0,0.3,top_oxide,0.000975,5.775e-06,9.75,57.75,0.02198206682103472,
p2_bulk_nta_5e19_common_primary,NTA 5e19 common-primary state,top_primary,interface_4x,T03_P2_BULK_TRAPS_FORMAL,enabled_symmetric_teaching_top_stack,0.0,0.01,0.0,0.3,top_oxide,0.000975,5.899999999999999e-06,9.75,58.99999999999999,0.03526612054760231,
p2_bulk_nta_5e19_common_primary,NTA 5e19 common-primary state,top_primary,interface_4x,T03_P2_BULK_TRAPS_FORMAL,enabled_symmetric_teaching_top_stack,0.0,0.01,0.0,0.3,top_oxide,0.000975,6.025e-06,9.75,60.25,0.04854364843026517,
p2_bulk_nta_5e19_common_primary,NTA 5e19 common-primary state,top_primary,interface_4x,T03_P2_BULK_TRAPS_FORMAL,enabled_symmetric_teaching_top_stack,0.0,0.01,0.0,0.3,top_oxide,0.000975,6.1499999999999996e-06,9.75,61.49999999999999,0.0618149808490009,
p2_bulk_nta_5e19_common_primary,NTA 5e19 common-primary state,top_primary,interface_4x,T03_P2_BULK_TRAPS_FORMAL,enabled_symmetric_teaching_top_stack,0.0,0.01,0.0,0.3,top_oxide,0.000975,6.275e-06,9.75,62.75,0.07508044756366013,
p2_bulk_nta_5e19_common_primary,NTA 5e19 common-primary state,top_primary,interface_4x,T03_P2_BULK_TRAPS_FORMAL,enabled_symmetric_teaching_top_stack,0.0,0.01,0.0,0.3,top_oxide,0.000975,6.4e-06,9.75,64.0,0.08834037774694928,
p2_bulk_nta_5e19_common_primary,NTA 5e19 common-primary state,top_primary,interface_4x,T03_P2_BULK_TRAPS_FORMAL,enabled_symmetric_teaching_top_stack,0.0,0.01,0.0,0.3,top_oxide,0.000975,6.9e-06,9.75,69.0,0.1413280193513201,
p2_bulk_nta_5e19_common_primary,NTA 5e19 common-primary state,top_primary,interface_4x,T03_P2_BULK_TRAPS_FORMAL,enabled_symmetric_teaching_top_stack,0.0,0.01,0.0,0.3,top_oxide,0.000975,7.4e-06,9.75,74.0,0.19425328251888785,
p2_bulk_nta_5e19_common_primary,NTA 5e19 common-primary state,top_primary,interface_4x,T03_P2_BULK_TRAPS_FORMAL,enabled_symmetric_teaching_top_stack,0.0,0.01,0.0,0.3,top_oxide,0.000975,7.9e-06,9.75,79.0,0.247137015496666,
p2_bulk_nta_5e19_common_primary,NTA 5e19 common-primary state,top_primary,interface_4x,T03_P2_BULK_TRAPS_FORMAL,enabled_symmetric_teaching_top_stack,0.0,0.01,0.0,0.3,top_oxide,0.000975,8.400000000000001e-06,9.75,84.00000000000001,0.3,
p2_bulk_nta_5e19_common_primary,NTA 5e19 common-primary state,top_primary,interface_4x,T03_P2_BULK_TRAPS_FORMAL,enabled_symmetric_teaching_top_stack,0.0,0.01,0.0,0.3,top_oxide,0.001,5.4e-06,10.0,54.0,0.29695715620212904,
p2_bulk_nta_5e19_common_primary,NTA 5e19 common-primary state,top_primary,interface_4x,T03_P2_BULK_TRAPS_FORMAL,enabled_symmetric_teaching_top_stack,0.0,0.01,0.0,0.3,top_oxide,0.001,5.525e-06,10.0,55.24999999999999,0.2969650279451146,
p2_bulk_nta_5e19_common_primary,NTA 5e19 common-primary state,top_primary,interface_4x,T03_P2_BULK_TRAPS_FORMAL,enabled_symmetric_teaching_top_stack,0.0,0.01,0.0,0.3,top_oxide,0.001,5.65e-06,10.0,56.5,0.29698797828664647,
p2_bulk_nta_5e19_common_primary,NTA 5e19 common-primary state,top_primary,interface_4x,T03_P2_BULK_TRAPS_FORMAL,enabled_symmetric_teaching_top_stack,0.0,0.01,0.0,0.3,top_oxide,0.001,5.775e-06,10.0,57.75,0.29702534346928183,
p2_bulk_nta_5e19_common_primary,NTA 5e19 common-primary state,top_primary,interface_4x,T03_P2_BULK_TRAPS_FORMAL,enabled_symmetric_teaching_top_stack,0.0,0.01,0.0,0.3,top_oxide,0.001,5.899999999999999e-06,10.0,58.99999999999999,0.29707646081574957,
p2_bulk_nta_5e19_common_primary,NTA 5e19 common-primary state,top_primary,interface_4x,T03_P2_BULK_TRAPS_FORMAL,enabled_symmetric_teaching_top_stack,0.0,0.01,0.0,0.3,top_oxide,0.001,6.025e-06,10.0,60.25,0.2971406686792308,
p2_bulk_nta_5e19_common_primary,NTA 5e19 common-primary state,top_primary,interface_4x,T03_P2_BULK_TRAPS_FORMAL,enabled_symmetric_teaching_top_stack,0.0,0.01,0.0,0.3,top_oxide,0.001,6.1499999999999996e-06,10.0,61.49999999999999,0.2972173063937244,
p2_bulk_nta_5e19_common_primary,NTA 5e19 common-primary state,top_primary,interface_4x,T03_P2_BULK_TRAPS_FORMAL,enabled_symmetric_teaching_top_stack,0.0,0.01,0.0,0.3,top_oxide,0.001,6.275e-06,10.0,62.75,0.29730571422449525,
p2_bulk_nta_5e19_common_primary,NTA 5e19 common-primary state,top_primary,interface_4x,T03_P2_BULK_TRAPS_FORMAL,enabled_symmetric_teaching_top_stack,0.0,0.01,0.0,0.3,top_oxide,0.001,6.4e-06,10.0,64.0,0.29740523331859914,
p2_bulk_nta_5e19_common_primary,NTA 5e19 common-primary state,top_primary,interface_4x,T03_P2_BULK_TRAPS_FORMAL,enabled_symmetric_teaching_top_stack,0.0,0.01,0.0,0.3,top_oxide,0.001,6.9e-06,10.0,69.0,0.2979078421228006,
p2_bulk_nta_5e19_common_primary,NTA 5e19 common-primary state,top_primary,interface_4x,T03_P2_BULK_TRAPS_FORMAL,enabled_symmetric_teaching_top_stack,0.0,0.01,0.0,0.3,top_oxide,0.001,7.4e-06,10.0,74.0,0.2985357147852192,
p2_bulk_nta_5e19_common_primary,NTA 5e19 common-primary state,top_primary,interface_4x,T03_P2_BULK_TRAPS_FORMAL,enabled_symmetric_teaching_top_stack,0.0,0.01,0.0,0.3,top_oxide,0.001,7.9e-06,10.0,79.0,0.2992470133934509,
p2_bulk_nta_5e19_common_primary,NTA 5e19 common-primary state,top_primary,interface_4x,T03_P2_BULK_TRAPS_FORMAL,enabled_symmetric_teaching_top_stack,0.0,0.01,0.0,0.3,top_oxide,0.001,8.400000000000001e-06,10.0,84.00000000000001,0.3,
