case_id,nta_cm3_ev,nga_cm3_ev,active_family,solve_mode,source_v,drain_v,vbg_v,vtg_v,region,x_cm,y_cm,x_um,y_nm,potential_v,electron_density_cm3,tail_occupied_density_cm3,deep_occupied_density_cm3,occupied_bulk_traps_cm3,occupied_bulk_traps_derivative,physical_trap_charge_c_per_cm3,poisson_trap_source_c_per_cm3,potential_node_charge_c_per_cm3
nga_5e17,0.0,5e+17,deep,coupled_final,0.0,0.01,0.0,0.3,bottom_oxide,0.0,0.0,0.0,0.0,0.0,,,,,,,,
nga_5e17,0.0,5e+17,deep,coupled_final,0.0,0.01,0.0,0.3,bottom_oxide,0.0,5.000000000000001e-07,0.0,5.000000000000001,-9.89175281329254e-05,,,,,,,,
nga_5e17,0.0,5e+17,deep,coupled_final,0.0,0.01,0.0,0.3,bottom_oxide,2.5e-05,0.0,0.25,0.0,0.0,,,,,,,,
nga_5e17,0.0,5e+17,deep,coupled_final,0.0,0.01,0.0,0.3,bottom_oxide,2.5e-05,5.000000000000001e-07,0.25,5.000000000000001,-0.006944549530448227,,,,,,,,
nga_5e17,0.0,5e+17,deep,coupled_final,0.0,0.01,0.0,0.3,bottom_oxide,0.0,1.0000000000000002e-06,0.0,10.000000000000002,-0.00019235855066399856,,,,,,,,
nga_5e17,0.0,5e+17,deep,coupled_final,0.0,0.01,0.0,0.3,bottom_oxide,2.5e-05,1.0000000000000002e-06,0.25,10.000000000000002,-0.013891789330537946,,,,,,,,
nga_5e17,0.0,5e+17,deep,coupled_final,0.0,0.01,0.0,0.3,bottom_oxide,0.0,1.5000000000000002e-06,0.0,15.000000000000002,-0.00027484002857117255,,,,,,,,
nga_5e17,0.0,5e+17,deep,coupled_final,0.0,0.01,0.0,0.3,bottom_oxide,2.5e-05,1.5000000000000002e-06,0.25,15.000000000000002,-0.020844413992703356,,,,,,,,
nga_5e17,0.0,5e+17,deep,coupled_final,0.0,0.01,0.0,0.3,bottom_oxide,0.0,2.0000000000000003e-06,0.0,20.000000000000004,-0.0003408658473070408,,,,,,,,
nga_5e17,0.0,5e+17,deep,coupled_final,0.0,0.01,0.0,0.3,bottom_oxide,2.5e-05,2.0000000000000003e-06,0.25,20.000000000000004,-0.027805126761450215,,,,,,,,
nga_5e17,0.0,5e+17,deep,coupled_final,0.0,0.01,0.0,0.3,bottom_oxide,0.0,2.1250000000000004e-06,0.0,21.250000000000004,-0.00035393926937674,,,,,,,,
nga_5e17,0.0,5e+17,deep,coupled_final,0.0,0.01,0.0,0.3,bottom_oxide,2.5e-05,2.1250000000000004e-06,0.25,21.250000000000004,-0.02954699313260873,,,,,,,,
nga_5e17,0.0,5e+17,deep,coupled_final,0.0,0.01,0.0,0.3,bottom_oxide,0.0,2.2500000000000005e-06,0.0,22.500000000000004,-0.00036555303875327757,,,,,,,,
nga_5e17,0.0,5e+17,deep,coupled_final,0.0,0.01,0.0,0.3,bottom_oxide,2.5e-05,2.2500000000000005e-06,0.25,22.500000000000004,-0.03128957738608089,,,,,,,,
nga_5e17,0.0,5e+17,deep,coupled_final,0.0,0.01,0.0,0.3,bottom_oxide,0.0,2.375e-06,0.0,23.75,-0.0003756206069124487,,,,,,,,
nga_5e17,0.0,5e+17,deep,coupled_final,0.0,0.01,0.0,0.3,bottom_oxide,2.5e-05,2.375e-06,0.25,23.75,-0.033032922204664236,,,,,,,,
nga_5e17,0.0,5e+17,deep,coupled_final,0.0,0.01,0.0,0.3,bottom_oxide,0.0,2.5e-06,0.0,25.000000000000004,-0.00038405530999173227,,,,,,,,
nga_5e17,0.0,5e+17,deep,coupled_final,0.0,0.01,0.0,0.3,bottom_oxide,2.5e-05,2.5e-06,0.25,25.000000000000004,-0.034777070347511194,,,,,,,,
nga_5e17,0.0,5e+17,deep,coupled_final,0.0,0.01,0.0,0.3,bottom_oxide,0.0,2.6250000000000003e-06,0.0,26.250000000000004,-0.00039077036231913994,,,,,,,,
nga_5e17,0.0,5e+17,deep,coupled_final,0.0,0.01,0.0,0.3,bottom_oxide,2.5e-05,2.6250000000000003e-06,0.25,26.250000000000004,-0.036522064654418325,,,,,,,,
nga_5e17,0.0,5e+17,deep,coupled_final,0.0,0.01,0.0,0.3,bottom_oxide,0.0,2.75e-06,0.0,27.5,-0.0003956788499319426,,,,,,,,
nga_5e17,0.0,5e+17,deep,coupled_final,0.0,0.01,0.0,0.3,bottom_oxide,2.5e-05,2.75e-06,0.25,27.5,-0.038267948050123284,,,,,,,,
nga_5e17,0.0,5e+17,deep,coupled_final,0.0,0.01,0.0,0.3,bottom_oxide,0.0,2.875e-06,0.0,28.75,-0.0003986937240847357,,,,,,,,
nga_5e17,0.0,5e+17,deep,coupled_final,0.0,0.01,0.0,0.3,bottom_oxide,2.5e-05,2.875e-06,0.25,28.75,-0.04001476354860969,,,,,,,,
nga_5e17,0.0,5e+17,deep,coupled_final,0.0,0.01,0.0,0.3,bottom_oxide,0.0,3e-06,0.0,30.0,-0.0003997277947463025,,,,,,,,
nga_5e17,0.0,5e+17,deep,coupled_final,0.0,0.01,0.0,0.3,bottom_oxide,2.5e-05,3e-06,0.25,30.0,-0.041762554257420335,,,,,,,,
nga_5e17,0.0,5e+17,deep,coupled_final,0.0,0.01,0.0,0.3,bottom_oxide,5e-05,0.0,0.5,0.0,0.0,,,,,,,,
nga_5e17,0.0,5e+17,deep,coupled_final,0.0,0.01,0.0,0.3,bottom_oxide,5e-05,5.000000000000001e-07,0.5,5.000000000000001,-0.007064507429036032,,,,,,,,
nga_5e17,0.0,5e+17,deep,coupled_final,0.0,0.01,0.0,0.3,bottom_oxide,5e-05,1.0000000000000002e-06,0.5,10.000000000000002,-0.0141290649211805,,,,,,,,
nga_5e17,0.0,5e+17,deep,coupled_final,0.0,0.01,0.0,0.3,bottom_oxide,5e-05,1.5000000000000002e-06,0.5,15.000000000000002,-0.02119372150321845,,,,,,,,
nga_5e17,0.0,5e+17,deep,coupled_final,0.0,0.01,0.0,0.3,bottom_oxide,5e-05,2.0000000000000003e-06,0.5,20.000000000000004,-0.028258524126737745,,,,,,,,
nga_5e17,0.0,5e+17,deep,coupled_final,0.0,0.01,0.0,0.3,bottom_oxide,5e-05,2.1250000000000004e-06,0.5,21.250000000000004,-0.030024754450413308,,,,,,,,
nga_5e17,0.0,5e+17,deep,coupled_final,0.0,0.01,0.0,0.3,bottom_oxide,5e-05,2.2500000000000005e-06,0.5,22.500000000000004,-0.03179099728535787,,,,,,,,
nga_5e17,0.0,5e+17,deep,coupled_final,0.0,0.01,0.0,0.3,bottom_oxide,5e-05,2.375e-06,0.5,23.75,-0.033557253258396584,,,,,,,,
nga_5e17,0.0,5e+17,deep,coupled_final,0.0,0.01,0.0,0.3,bottom_oxide,5e-05,2.5e-06,0.5,25.000000000000004,-0.03532352297799315,,,,,,,,
nga_5e17,0.0,5e+17,deep,coupled_final,0.0,0.01,0.0,0.3,bottom_oxide,5e-05,2.6250000000000003e-06,0.5,26.250000000000004,-0.03708980703321105,,,,,,,,
nga_5e17,0.0,5e+17,deep,coupled_final,0.0,0.01,0.0,0.3,bottom_oxide,5e-05,2.75e-06,0.5,27.5,-0.038856105992671856,,,,,,,,
nga_5e17,0.0,5e+17,deep,coupled_final,0.0,0.01,0.0,0.3,bottom_oxide,5e-05,2.875e-06,0.5,28.75,-0.04062242040351039,,,,,,,,
nga_5e17,0.0,5e+17,deep,coupled_final,0.0,0.01,0.0,0.3,bottom_oxide,5e-05,3e-06,0.5,30.0,-0.042388750790326536,,,,,,,,
nga_5e17,0.0,5e+17,deep,coupled_final,0.0,0.01,0.0,0.3,bottom_oxide,7.500000000000001e-05,0.0,0.7500000000000001,0.0,0.0,,,,,,,,
nga_5e17,0.0,5e+17,deep,coupled_final,0.0,0.01,0.0,0.3,bottom_oxide,7.500000000000001e-05,5.000000000000001e-07,0.7500000000000001,5.000000000000001,-0.007059307556526272,,,,,,,,
nga_5e17,0.0,5e+17,deep,coupled_final,0.0,0.01,0.0,0.3,bottom_oxide,7.500000000000001e-05,1.0000000000000002e-06,0.7500000000000001,10.000000000000002,-0.014118615778124607,,,,,,,,
nga_5e17,0.0,5e+17,deep,coupled_final,0.0,0.01,0.0,0.3,bottom_oxide,7.500000000000001e-05,1.5000000000000002e-06,0.7500000000000001,15.000000000000002,-0.021177925310366927,,,,,,,,
nga_5e17,0.0,5e+17,deep,coupled_final,0.0,0.01,0.0,0.3,bottom_oxide,7.500000000000001e-05,2.0000000000000003e-06,0.7500000000000001,20.000000000000004,-0.02823723676022391,,,,,,,,
nga_5e17,0.0,5e+17,deep,coupled_final,0.0,0.01,0.0,0.3,bottom_oxide,7.500000000000001e-05,2.1250000000000004e-06,0.7500000000000001,21.250000000000004,-0.030002065008263534,,,,,,,,
nga_5e17,0.0,5e+17,deep,coupled_final,0.0,0.01,0.0,0.3,bottom_oxide,7.500000000000001e-05,2.2500000000000005e-06,0.7500000000000001,22.500000000000004,-0.03176689341840543,,,,,,,,
nga_5e17,0.0,5e+17,deep,coupled_final,0.0,0.01,0.0,0.3,bottom_oxide,7.500000000000001e-05,2.375e-06,0.7500000000000001,23.75,-0.033531721998216954,,,,,,,,
nga_5e17,0.0,5e+17,deep,coupled_final,0.0,0.01,0.0,0.3,bottom_oxide,7.500000000000001e-05,2.5e-06,0.7500000000000001,25.000000000000004,-0.03529655075494536,,,,,,,,
nga_5e17,0.0,5e+17,deep,coupled_final,0.0,0.01,0.0,0.3,bottom_oxide,7.500000000000001e-05,2.6250000000000003e-06,0.7500000000000001,26.250000000000004,-0.037061379695502966,,,,,,,,
nga_5e17,0.0,5e+17,deep,coupled_final,0.0,0.01,0.0,0.3,bottom_oxide,7.500000000000001e-05,2.75e-06,0.7500000000000001,27.5,-0.038826208826452754,,,,,,,,
nga_5e17,0.0,5e+17,deep,coupled_final,0.0,0.01,0.0,0.3,bottom_oxide,7.500000000000001e-05,2.875e-06,0.7500000000000001,28.75,-0.0405910381539945,,,,,,,,
nga_5e17,0.0,5e+17,deep,coupled_final,0.0,0.01,0.0,0.3,bottom_oxide,7.500000000000001e-05,3e-06,0.7500000000000001,30.0,-0.042355867683951394,,,,,,,,
nga_5e17,0.0,5e+17,deep,coupled_final,0.0,0.01,0.0,0.3,bottom_oxide,0.0001,0.0,1.0,0.0,0.0,,,,,,,,
nga_5e17,0.0,5e+17,deep,coupled_final,0.0,0.01,0.0,0.3,bottom_oxide,0.0001,5.000000000000001e-07,1.0,5.000000000000001,-0.007052445003863434,,,,,,,,
nga_5e17,0.0,5e+17,deep,coupled_final,0.0,0.01,0.0,0.3,bottom_oxide,0.0001,1.0000000000000002e-06,1.0,10.000000000000002,-0.0141048900251064,,,,,,,,
nga_5e17,0.0,5e+17,deep,coupled_final,0.0,0.01,0.0,0.3,bottom_oxide,0.0001,1.5000000000000002e-06,1.0,15.000000000000002,-0.021157335080852307,,,,,,,,
nga_5e17,0.0,5e+17,deep,coupled_final,0.0,0.01,0.0,0.3,bottom_oxide,0.0001,2.0000000000000003e-06,1.0,20.000000000000004,-0.02820978018771991,,,,,,,,
nga_5e17,0.0,5e+17,deep,coupled_final,0.0,0.01,0.0,0.3,bottom_oxide,0.0001,2.1250000000000004e-06,1.0,21.250000000000004,-0.02997289147490592,,,,,,,,
nga_5e17,0.0,5e+17,deep,coupled_final,0.0,0.01,0.0,0.3,bottom_oxide,0.0001,2.2500000000000005e-06,1.0,22.500000000000004,-0.031736002766518445,,,,,,,,
nga_5e17,0.0,5e+17,deep,coupled_final,0.0,0.01,0.0,0.3,bottom_oxide,0.0001,2.375e-06,1.0,23.75,-0.033499114062792434,,,,,,,,
nga_5e17,0.0,5e+17,deep,coupled_final,0.0,0.01,0.0,0.3,bottom_oxide,0.0001,2.5e-06,1.0,25.000000000000004,-0.03526222536395879,,,,,,,,
nga_5e17,0.0,5e+17,deep,coupled_final,0.0,0.01,0.0,0.3,bottom_oxide,0.0001,2.6250000000000003e-06,1.0,26.250000000000004,-0.03702533667024413,,,,,,,,
nga_5e17,0.0,5e+17,deep,coupled_final,0.0,0.01,0.0,0.3,bottom_oxide,0.0001,2.75e-06,1.0,27.5,-0.03878844798187068,,,,,,,,
nga_5e17,0.0,5e+17,deep,coupled_final,0.0,0.01,0.0,0.3,bottom_oxide,0.0001,2.875e-06,1.0,28.75,-0.040551559299056086,,,,,,,,
nga_5e17,0.0,5e+17,deep,coupled_final,0.0,0.01,0.0,0.3,bottom_oxide,0.0001,3e-06,1.0,30.0,-0.04231467062201326,,,,,,,,
nga_5e17,0.0,5e+17,deep,coupled_final,0.0,0.01,0.0,0.3,bottom_oxide,0.000125,0.0,1.25,0.0,0.0,,,,,,,,
nga_5e17,0.0,5e+17,deep,coupled_final,0.0,0.01,0.0,0.3,bottom_oxide,0.000125,5.000000000000001e-07,1.25,5.000000000000001,-0.007045539002371685,,,,,,,,
nga_5e17,0.0,5e+17,deep,coupled_final,0.0,0.01,0.0,0.3,bottom_oxide,0.000125,1.0000000000000002e-06,1.25,10.000000000000002,-0.014091078014738682,,,,,,,,
nga_5e17,0.0,5e+17,deep,coupled_final,0.0,0.01,0.0,0.3,bottom_oxide,0.000125,1.5000000000000002e-06,1.25,15.000000000000002,-0.02113661704709333,,,,,,,,
nga_5e17,0.0,5e+17,deep,coupled_final,0.0,0.01,0.0,0.3,bottom_oxide,0.000125,2.0000000000000003e-06,1.25,20.000000000000004,-0.028182156109422107,,,,,,,,
nga_5e17,0.0,5e+17,deep,coupled_final,0.0,0.01,0.0,0.3,bottom_oxide,0.000125,2.1250000000000004e-06,1.25,21.250000000000004,-0.029943540881246813,,,,,,,,
nga_5e17,0.0,5e+17,deep,coupled_final,0.0,0.01,0.0,0.3,bottom_oxide,0.000125,2.2500000000000005e-06,1.25,22.500000000000004,-0.031704925655724324,,,,,,,,
nga_5e17,0.0,5e+17,deep,coupled_final,0.0,0.01,0.0,0.3,bottom_oxide,0.000125,2.375e-06,1.25,23.75,-0.03346631043301039,,,,,,,,
nga_5e17,0.0,5e+17,deep,coupled_final,0.0,0.01,0.0,0.3,bottom_oxide,0.000125,2.5e-06,1.25,25.000000000000004,-0.035227695213260725,,,,,,,,
nga_5e17,0.0,5e+17,deep,coupled_final,0.0,0.01,0.0,0.3,bottom_oxide,0.000125,2.6250000000000003e-06,1.25,26.250000000000004,-0.03698907999663098,,,,,,,,
nga_5e17,0.0,5e+17,deep,coupled_final,0.0,0.01,0.0,0.3,bottom_oxide,0.000125,2.75e-06,1.25,27.5,-0.03875046478327677,,,,,,,,
nga_5e17,0.0,5e+17,deep,coupled_final,0.0,0.01,0.0,0.3,bottom_oxide,0.000125,2.875e-06,1.25,28.75,-0.040511849573353645,,,,,,,,
nga_5e17,0.0,5e+17,deep,coupled_final,0.0,0.01,0.0,0.3,bottom_oxide,0.000125,3e-06,1.25,30.0,-0.04227323436701711,,,,,,,,
nga_5e17,0.0,5e+17,deep,coupled_final,0.0,0.01,0.0,0.3,bottom_oxide,0.00015000000000000001,0.0,1.5000000000000002,0.0,0.0,,,,,,,,
nga_5e17,0.0,5e+17,deep,coupled_final,0.0,0.01,0.0,0.3,bottom_oxide,0.00015000000000000001,5.000000000000001e-07,1.5000000000000002,5.000000000000001,-0.007038608012597264,,,,,,,,
nga_5e17,0.0,5e+17,deep,coupled_final,0.0,0.01,0.0,0.3,bottom_oxide,0.00015000000000000001,1.0000000000000002e-06,1.5000000000000002,10.000000000000002,-0.014077216035247834,,,,,,,,
nga_5e17,0.0,5e+17,deep,coupled_final,0.0,0.01,0.0,0.3,bottom_oxide,0.00015000000000000001,1.5000000000000002e-06,1.5000000000000002,15.000000000000002,-0.02111582407800498,,,,,,,,
nga_5e17,0.0,5e+17,deep,coupled_final,0.0,0.01,0.0,0.3,bottom_oxide,0.00015000000000000001,2.0000000000000003e-06,1.5000000000000002,20.000000000000004,-0.0281544321509219,,,,,,,,
nga_5e17,0.0,5e+17,deep,coupled_final,0.0,0.01,0.0,0.3,bottom_oxide,0.00015000000000000001,2.1250000000000004e-06,1.5000000000000002,21.250000000000004,-0.029914084175434397,,,,,,,,
nga_5e17,0.0,5e+17,deep,coupled_final,0.0,0.01,0.0,0.3,bottom_oxide,0.00015000000000000001,2.2500000000000005e-06,1.5000000000000002,22.500000000000004,-0.03167373620261727,,,,,,,,
nga_5e17,0.0,5e+17,deep,coupled_final,0.0,0.01,0.0,0.3,bottom_oxide,0.00015000000000000001,2.375e-06,1.5000000000000002,23.75,-0.033433388232627606,,,,,,,,
nga_5e17,0.0,5e+17,deep,coupled_final,0.0,0.01,0.0,0.3,bottom_oxide,0.00015000000000000001,2.5e-06,1.5000000000000002,25.000000000000004,-0.035193040265622484,,,,,,,,
nga_5e17,0.0,5e+17,deep,coupled_final,0.0,0.01,0.0,0.3,bottom_oxide,0.00015000000000000001,2.6250000000000003e-06,1.5000000000000002,26.250000000000004,-0.03695269230175898,,,,,,,,
nga_5e17,0.0,5e+17,deep,coupled_final,0.0,0.01,0.0,0.3,bottom_oxide,0.00015000000000000001,2.75e-06,1.5000000000000002,27.5,-0.03871234434119416,,,,,,,,
nga_5e17,0.0,5e+17,deep,coupled_final,0.0,0.01,0.0,0.3,bottom_oxide,0.00015000000000000001,2.875e-06,1.5000000000000002,28.75,-0.040471996384085114,,,,,,,,
nga_5e17,0.0,5e+17,deep,coupled_final,0.0,0.01,0.0,0.3,bottom_oxide,0.00015000000000000001,3e-06,1.5000000000000002,30.0,-0.04223164843058891,,,,,,,,
nga_5e17,0.0,5e+17,deep,coupled_final,0.0,0.01,0.0,0.3,bottom_oxide,0.000175,0.0,1.75,0.0,0.0,,,,,,,,
nga_5e17,0.0,5e+17,deep,coupled_final,0.0,0.01,0.0,0.3,bottom_oxide,0.000175,5.000000000000001e-07,1.75,5.000000000000001,-0.007031651889560139,,,,,,,,
nga_5e17,0.0,5e+17,deep,coupled_final,0.0,0.01,0.0,0.3,bottom_oxide,0.000175,1.0000000000000002e-06,1.75,10.000000000000002,-0.014063303789318278,,,,,,,,
nga_5e17,0.0,5e+17,deep,coupled_final,0.0,0.01,0.0,0.3,bottom_oxide,0.000175,1.5000000000000002e-06,1.75,15.000000000000002,-0.021094955709472417,,,,,,,,
nga_5e17,0.0,5e+17,deep,coupled_final,0.0,0.01,0.0,0.3,bottom_oxide,0.000175,2.0000000000000003e-06,1.75,20.000000000000004,-0.028126607660220546,,,,,,,,
nga_5e17,0.0,5e+17,deep,coupled_final,0.0,0.01,0.0,0.3,bottom_oxide,0.000175,2.1250000000000004e-06,1.75,21.250000000000004,-0.029884520654281328,,,,,,,,
nga_5e17,0.0,5e+17,deep,coupled_final,0.0,0.01,0.0,0.3,bottom_oxide,0.000175,2.2500000000000005e-06,1.75,22.500000000000004,-0.031642433651050954,,,,,,,,
nga_5e17,0.0,5e+17,deep,coupled_final,0.0,0.01,0.0,0.3,bottom_oxide,0.000175,2.375e-06,1.75,23.75,-0.03340034665068876,,,,,,,,
nga_5e17,0.0,5e+17,deep,coupled_final,0.0,0.01,0.0,0.3,bottom_oxide,0.000175,2.5e-06,1.75,25.000000000000004,-0.03515825965335409,,,,,,,,
nga_5e17,0.0,5e+17,deep,coupled_final,0.0,0.01,0.0,0.3,bottom_oxide,0.000175,2.6250000000000003e-06,1.75,26.250000000000004,-0.036916172659206305,,,,,,,,
nga_5e17,0.0,5e+17,deep,coupled_final,0.0,0.01,0.0,0.3,bottom_oxide,0.000175,2.75e-06,1.75,27.5,-0.038674085668404724,,,,,,,,
nga_5e17,0.0,5e+17,deep,coupled_final,0.0,0.01,0.0,0.3,bottom_oxide,0.000175,2.875e-06,1.75,28.75,-0.04043199868110871,,,,,,,,
nga_5e17,0.0,5e+17,deep,coupled_final,0.0,0.01,0.0,0.3,bottom_oxide,0.000175,3e-06,1.75,30.0,-0.0421899116974776,,,,,,,,
nga_5e17,0.0,5e+17,deep,coupled_final,0.0,0.01,0.0,0.3,bottom_oxide,0.0002,0.0,2.0,0.0,0.0,,,,,,,,
nga_5e17,0.0,5e+17,deep,coupled_final,0.0,0.01,0.0,0.3,bottom_oxide,0.0002,5.000000000000001e-07,2.0,5.000000000000001,-0.007024670271523269,,,,,,,,
nga_5e17,0.0,5e+17,deep,coupled_final,0.0,0.01,0.0,0.3,bottom_oxide,0.0002,1.0000000000000002e-06,2.0,10.000000000000002,-0.014049340553393665,,,,,,,,
nga_5e17,0.0,5e+17,deep,coupled_final,0.0,0.01,0.0,0.3,bottom_oxide,0.0002,1.5000000000000002e-06,2.0,15.000000000000002,-0.02107401085595831,,,,,,,,
nga_5e17,0.0,5e+17,deep,coupled_final,0.0,0.01,0.0,0.3,bottom_oxide,0.0002,2.0000000000000003e-06,2.0,20.000000000000004,-0.02809868118956432,,,,,,,,
nga_5e17,0.0,5e+17,deep,coupled_final,0.0,0.01,0.0,0.3,bottom_oxide,0.0002,2.1250000000000004e-06,2.0,21.250000000000004,-0.02985484877943277,,,,,,,,
nga_5e17,0.0,5e+17,deep,coupled_final,0.0,0.01,0.0,0.3,bottom_oxide,0.0002,2.2500000000000005e-06,2.0,22.500000000000004,-0.03161101637204968,,,,,,,,
nga_5e17,0.0,5e+17,deep,coupled_final,0.0,0.01,0.0,0.3,bottom_oxide,0.0002,2.375e-06,2.0,23.75,-0.03336718396757671,,,,,,,,
nga_5e17,0.0,5e+17,deep,coupled_final,0.0,0.01,0.0,0.3,bottom_oxide,0.0002,2.5e-06,2.0,25.000000000000004,-0.03512335156617555,,,,,,,,
nga_5e17,0.0,5e+17,deep,coupled_final,0.0,0.01,0.0,0.3,bottom_oxide,0.0002,2.6250000000000003e-06,2.0,26.250000000000004,-0.03687951916800786,,,,,,,,
nga_5e17,0.0,5e+17,deep,coupled_final,0.0,0.01,0.0,0.3,bottom_oxide,0.0002,2.75e-06,2.0,27.5,-0.03863568677323531,,,,,,,,
nga_5e17,0.0,5e+17,deep,coupled_final,0.0,0.01,0.0,0.3,bottom_oxide,0.0002,2.875e-06,2.0,28.75,-0.040391854382019594,,,,,,,,
nga_5e17,0.0,5e+17,deep,coupled_final,0.0,0.01,0.0,0.3,bottom_oxide,0.0002,3e-06,2.0,30.0,-0.04214802199452237,,,,,,,,
nga_5e17,0.0,5e+17,deep,coupled_final,0.0,0.01,0.0,0.3,bottom_oxide,0.00022500000000000002,0.0,2.25,0.0,0.0,,,,,,,,
nga_5e17,0.0,5e+17,deep,coupled_final,0.0,0.01,0.0,0.3,bottom_oxide,0.00022500000000000002,5.000000000000001e-07,2.25,5.000000000000001,-0.007017662785674968,,,,,,,,
nga_5e17,0.0,5e+17,deep,coupled_final,0.0,0.01,0.0,0.3,bottom_oxide,0.00022500000000000002,1.0000000000000002e-06,2.25,10.000000000000002,-0.014035325581849814,,,,,,,,
nga_5e17,0.0,5e+17,deep,coupled_final,0.0,0.01,0.0,0.3,bottom_oxide,0.00022500000000000002,1.5000000000000002e-06,2.25,15.000000000000002,-0.02105298839902442,,,,,,,,
nga_5e17,0.0,5e+17,deep,coupled_final,0.0,0.01,0.0,0.3,bottom_oxide,0.00022500000000000002,2.0000000000000003e-06,2.25,20.000000000000004,-0.02807065124769865,,,,,,,,
nga_5e17,0.0,5e+17,deep,coupled_final,0.0,0.01,0.0,0.3,bottom_oxide,0.00022500000000000002,2.1250000000000004e-06,2.25,21.250000000000004,-0.029825066966429628,,,,,,,,
nga_5e17,0.0,5e+17,deep,coupled_final,0.0,0.01,0.0,0.3,bottom_oxide,0.00022500000000000002,2.2500000000000005e-06,2.25,22.500000000000004,-0.03157948268794964,,,,,,,,
nga_5e17,0.0,5e+17,deep,coupled_final,0.0,0.01,0.0,0.3,bottom_oxide,0.00022500000000000002,2.375e-06,2.25,23.75,-0.03333389841242273,,,,,,,,
nga_5e17,0.0,5e+17,deep,coupled_final,0.0,0.01,0.0,0.3,bottom_oxide,0.00022500000000000002,2.5e-06,2.25,25.000000000000004,-0.03508831414001298,,,,,,,,
nga_5e17,0.0,5e+17,deep,coupled_final,0.0,0.01,0.0,0.3,bottom_oxide,0.00022500000000000002,2.6250000000000003e-06,2.25,26.250000000000004,-0.03684272987088444,,,,,,,,
nga_5e17,0.0,5e+17,deep,coupled_final,0.0,0.01,0.0,0.3,bottom_oxide,0.00022500000000000002,2.75e-06,2.25,27.5,-0.03859714560520116,,,,,,,,
nga_5e17,0.0,5e+17,deep,coupled_final,0.0,0.01,0.0,0.3,bottom_oxide,0.00022500000000000002,2.875e-06,2.25,28.75,-0.04035156134312722,,,,,,,,
nga_5e17,0.0,5e+17,deep,coupled_final,0.0,0.01,0.0,0.3,bottom_oxide,0.00022500000000000002,3e-06,2.25,30.0,-0.04210597708482667,,,,,,,,
nga_5e17,0.0,5e+17,deep,coupled_final,0.0,0.01,0.0,0.3,bottom_oxide,0.00025,0.0,2.5,0.0,0.0,,,,,,,,
nga_5e17,0.0,5e+17,deep,coupled_final,0.0,0.01,0.0,0.3,bottom_oxide,0.00025,5.000000000000001e-07,2.5,5.000000000000001,-0.007010629050130759,,,,,,,,
nga_5e17,0.0,5e+17,deep,coupled_final,0.0,0.01,0.0,0.3,bottom_oxide,0.00025,1.0000000000000002e-06,2.5,10.000000000000002,-0.014021258110917888,,,,,,,,
nga_5e17,0.0,5e+17,deep,coupled_final,0.0,0.01,0.0,0.3,bottom_oxide,0.00025,1.5000000000000002e-06,2.5,15.000000000000002,-0.021031887193017754,,,,,,,,
nga_5e17,0.0,5e+17,deep,coupled_final,0.0,0.01,0.0,0.3,bottom_oxide,0.00025,2.0000000000000003e-06,2.5,20.000000000000004,-0.028042516307086717,,,,,,,,
nga_5e17,0.0,5e+17,deep,coupled_final,0.0,0.01,0.0,0.3,bottom_oxide,0.00025,2.1250000000000004e-06,2.5,21.250000000000004,-0.029795173592264187,,,,,,,,
nga_5e17,0.0,5e+17,deep,coupled_final,0.0,0.01,0.0,0.3,bottom_oxide,0.00025,2.2500000000000005e-06,2.5,22.500000000000004,-0.03154783088027226,,,,,,,,
nga_5e17,0.0,5e+17,deep,coupled_final,0.0,0.01,0.0,0.3,bottom_oxide,0.00025,2.375e-06,2.5,23.75,-0.03330048817127742,,,,,,,,
nga_5e17,0.0,5e+17,deep,coupled_final,0.0,0.01,0.0,0.3,bottom_oxide,0.00025,2.5e-06,2.5,25.000000000000004,-0.035053145465446196,,,,,,,,
nga_5e17,0.0,5e+17,deep,coupled_final,0.0,0.01,0.0,0.3,bottom_oxide,0.00025,2.6250000000000003e-06,2.5,26.250000000000004,-0.03680580276294509,,,,,,,,
nga_5e17,0.0,5e+17,deep,coupled_final,0.0,0.01,0.0,0.3,bottom_oxide,0.00025,2.75e-06,2.5,27.5,-0.03855846006394059,,,,,,,,
nga_5e17,0.0,5e+17,deep,coupled_final,0.0,0.01,0.0,0.3,bottom_oxide,0.00025,2.875e-06,2.5,28.75,-0.04031111736859923,,,,,,,,
nga_5e17,0.0,5e+17,deep,coupled_final,0.0,0.01,0.0,0.3,bottom_oxide,0.00025,3e-06,2.5,30.0,-0.04206377467708749,,,,,,,,
nga_5e17,0.0,5e+17,deep,coupled_final,0.0,0.01,0.0,0.3,bottom_oxide,0.00027499999999999996,0.0,2.7499999999999996,0.0,0.0,,,,,,,,
nga_5e17,0.0,5e+17,deep,coupled_final,0.0,0.01,0.0,0.3,bottom_oxide,0.00027499999999999996,5.000000000000001e-07,2.7499999999999996,5.000000000000001,-0.007003568673663974,,,,,,,,
nga_5e17,0.0,5e+17,deep,coupled_final,0.0,0.01,0.0,0.3,bottom_oxide,0.00027499999999999996,1.0000000000000002e-06,2.7499999999999996,10.000000000000002,-0.014007137358144668,,,,,,,,
nga_5e17,0.0,5e+17,deep,coupled_final,0.0,0.01,0.0,0.3,bottom_oxide,0.00027499999999999996,1.5000000000000002e-06,2.7499999999999996,15.000000000000002,-0.0210107060642588,,,,,,,,
nga_5e17,0.0,5e+17,deep,coupled_final,0.0,0.01,0.0,0.3,bottom_oxide,0.00027499999999999996,2.0000000000000003e-06,2.7499999999999996,20.000000000000004,-0.02801427480282308,,,,,,,,
nga_5e17,0.0,5e+17,deep,coupled_final,0.0,0.01,0.0,0.3,bottom_oxide,0.00027499999999999996,2.1250000000000004e-06,2.7499999999999996,21.250000000000004,-0.029765166994224598,,,,,,,,
nga_5e17,0.0,5e+17,deep,coupled_final,0.0,0.01,0.0,0.3,bottom_oxide,0.00027499999999999996,2.2500000000000005e-06,2.7499999999999996,22.500000000000004,-0.031516059188499305,,,,,,,,
nga_5e17,0.0,5e+17,deep,coupled_final,0.0,0.01,0.0,0.3,bottom_oxide,0.00027499999999999996,2.375e-06,2.7499999999999996,23.75,-0.03326695138581621,,,,,,,,
nga_5e17,0.0,5e+17,deep,coupled_final,0.0,0.01,0.0,0.3,bottom_oxide,0.00027499999999999996,2.5e-06,2.7499999999999996,25.000000000000004,-0.03501784358634433,,,,,,,,
nga_5e17,0.0,5e+17,deep,coupled_final,0.0,0.01,0.0,0.3,bottom_oxide,0.00027499999999999996,2.6250000000000003e-06,2.7499999999999996,26.250000000000004,-0.03676873579025267,,,,,,,,
nga_5e17,0.0,5e+17,deep,coupled_final,0.0,0.01,0.0,0.3,bottom_oxide,0.00027499999999999996,2.75e-06,2.7499999999999996,27.5,-0.03851962799771024,,,,,,,,
nga_5e17,0.0,5e+17,deep,coupled_final,0.0,0.01,0.0,0.3,bottom_oxide,0.00027499999999999996,2.875e-06,2.7499999999999996,28.75,-0.040270520208886065,,,,,,,,
nga_5e17,0.0,5e+17,deep,coupled_final,0.0,0.01,0.0,0.3,bottom_oxide,0.00027499999999999996,3e-06,2.7499999999999996,30.0,-0.04202141242394914,,,,,,,,
nga_5e17,0.0,5e+17,deep,coupled_final,0.0,0.01,0.0,0.3,bottom_oxide,0.00030000000000000003,0.0,3.0000000000000004,0.0,0.0,,,,,,,,
nga_5e17,0.0,5e+17,deep,coupled_final,0.0,0.01,0.0,0.3,bottom_oxide,0.00030000000000000003,5.000000000000001e-07,3.0000000000000004,5.000000000000001,-0.006996481255399502,,,,,,,,
nga_5e17,0.0,5e+17,deep,coupled_final,0.0,0.01,0.0,0.3,bottom_oxide,0.00030000000000000003,1.0000000000000002e-06,3.0000000000000004,10.000000000000002,-0.013992962521780058,,,,,,,,
nga_5e17,0.0,5e+17,deep,coupled_final,0.0,0.01,0.0,0.3,bottom_oxide,0.00030000000000000003,1.5000000000000002e-06,3.0000000000000004,15.000000000000002,-0.020989443810122726,,,,,,,,
nga_5e17,0.0,5e+17,deep,coupled_final,0.0,0.01,0.0,0.3,bottom_oxide,0.00030000000000000003,2.0000000000000003e-06,3.0000000000000004,20.000000000000004,-0.027985925131408556,,,,,,,,
nga_5e17,0.0,5e+17,deep,coupled_final,0.0,0.01,0.0,0.3,bottom_oxide,0.00030000000000000003,2.1250000000000004e-06,3.0000000000000004,21.250000000000004,-0.029735045468593173,,,,,,,,
nga_5e17,0.0,5e+17,deep,coupled_final,0.0,0.01,0.0,0.3,bottom_oxide,0.00030000000000000003,2.2500000000000005e-06,3.0000000000000004,22.500000000000004,-0.031484165808694634,,,,,,,,
nga_5e17,0.0,5e+17,deep,coupled_final,0.0,0.01,0.0,0.3,bottom_oxide,0.00030000000000000003,2.375e-06,3.0000000000000004,23.75,-0.033233286151884506,,,,,,,,
nga_5e17,0.0,5e+17,deep,coupled_final,0.0,0.01,0.0,0.3,bottom_oxide,0.00030000000000000003,2.5e-06,3.0000000000000004,25.000000000000004,-0.03498240649833438,,,,,,,,
nga_5e17,0.0,5e+17,deep,coupled_final,0.0,0.01,0.0,0.3,bottom_oxide,0.00030000000000000003,2.6250000000000003e-06,3.0000000000000004,26.250000000000004,-0.03673152684821584,,,,,,,,
nga_5e17,0.0,5e+17,deep,coupled_final,0.0,0.01,0.0,0.3,bottom_oxide,0.00030000000000000003,2.75e-06,3.0000000000000004,27.5,-0.03848064720170044,,,,,,,,
nga_5e17,0.0,5e+17,deep,coupled_final,0.0,0.01,0.0,0.3,bottom_oxide,0.00030000000000000003,2.875e-06,3.0000000000000004,28.75,-0.04022976755895979,,,,,,,,
nga_5e17,0.0,5e+17,deep,coupled_final,0.0,0.01,0.0,0.3,bottom_oxide,0.00030000000000000003,3e-06,3.0000000000000004,30.0,-0.04197888792016545,,,,,,,,
nga_5e17,0.0,5e+17,deep,coupled_final,0.0,0.01,0.0,0.3,bottom_oxide,0.00032500000000000004,0.0,3.2500000000000004,0.0,0.0,,,,,,,,
nga_5e17,0.0,5e+17,deep,coupled_final,0.0,0.01,0.0,0.3,bottom_oxide,0.00032500000000000004,5.000000000000001e-07,3.2500000000000004,5.000000000000001,-0.006989366384494665,,,,,,,,
nga_5e17,0.0,5e+17,deep,coupled_final,0.0,0.01,0.0,0.3,bottom_oxide,0.00032500000000000004,1.0000000000000002e-06,3.2500000000000004,10.000000000000002,-0.013978732780138843,,,,,,,,
nga_5e17,0.0,5e+17,deep,coupled_final,0.0,0.01,0.0,0.3,bottom_oxide,0.00032500000000000004,1.5000000000000002e-06,3.2500000000000004,15.000000000000002,-0.020968099198082044,,,,,,,,
nga_5e17,0.0,5e+17,deep,coupled_final,0.0,0.01,0.0,0.3,bottom_oxide,0.00032500000000000004,2.0000000000000003e-06,3.2500000000000004,20.000000000000004,-0.02795746564947378,,,,,,,,
nga_5e17,0.0,5e+17,deep,coupled_final,0.0,0.01,0.0,0.3,bottom_oxide,0.00032500000000000004,2.1250000000000004e-06,3.2500000000000004,21.250000000000004,-0.02970480726929016,,,,,,,,
nga_5e17,0.0,5e+17,deep,coupled_final,0.0,0.01,0.0,0.3,bottom_oxide,0.00032500000000000004,2.2500000000000005e-06,3.2500000000000004,22.500000000000004,-0.03145214889206813,,,,,,,,
nga_5e17,0.0,5e+17,deep,coupled_final,0.0,0.01,0.0,0.3,bottom_oxide,0.00032500000000000004,2.375e-06,3.2500000000000004,23.75,-0.033199490517981885,,,,,,,,
nga_5e17,0.0,5e+17,deep,coupled_final,0.0,0.01,0.0,0.3,bottom_oxide,0.00032500000000000004,2.5e-06,3.2500000000000004,25.000000000000004,-0.034946832147205655,,,,,,,,
nga_5e17,0.0,5e+17,deep,coupled_final,0.0,0.01,0.0,0.3,bottom_oxide,0.00032500000000000004,2.6250000000000003e-06,3.2500000000000004,26.250000000000004,-0.03669417377991365,,,,,,,,
nga_5e17,0.0,5e+17,deep,coupled_final,0.0,0.01,0.0,0.3,bottom_oxide,0.00032500000000000004,2.75e-06,3.2500000000000004,27.5,-0.038441515416280075,,,,,,,,
nga_5e17,0.0,5e+17,deep,coupled_final,0.0,0.01,0.0,0.3,bottom_oxide,0.00032500000000000004,2.875e-06,3.2500000000000004,28.75,-0.04018885705647914,,,,,,,,
nga_5e17,0.0,5e+17,deep,coupled_final,0.0,0.01,0.0,0.3,bottom_oxide,0.00032500000000000004,3e-06,3.2500000000000004,30.0,-0.041936198700685066,,,,,,,,
nga_5e17,0.0,5e+17,deep,coupled_final,0.0,0.01,0.0,0.3,bottom_oxide,0.00035,0.0,3.5,0.0,0.0,,,,,,,,
nga_5e17,0.0,5e+17,deep,coupled_final,0.0,0.01,0.0,0.3,bottom_oxide,0.00035,5.000000000000001e-07,3.5,5.000000000000001,-0.006982223639807006,,,,,,,,
nga_5e17,0.0,5e+17,deep,coupled_final,0.0,0.01,0.0,0.3,bottom_oxide,0.00035,1.0000000000000002e-06,3.5,10.000000000000002,-0.01396444729093624,,,,,,,,
nga_5e17,0.0,5e+17,deep,coupled_final,0.0,0.01,0.0,0.3,bottom_oxide,0.00035,1.5000000000000002e-06,3.5,15.000000000000002,-0.02094667096470993,,,,,,,,
nga_5e17,0.0,5e+17,deep,coupled_final,0.0,0.01,0.0,0.3,bottom_oxide,0.00035,2.0000000000000003e-06,3.5,20.000000000000004,-0.027928894672450296,,,,,,,,
nga_5e17,0.0,5e+17,deep,coupled_final,0.0,0.01,0.0,0.3,bottom_oxide,0.00035,2.1250000000000004e-06,3.5,21.250000000000004,-0.02967445060646178,,,,,,,,
nga_5e17,0.0,5e+17,deep,coupled_final,0.0,0.01,0.0,0.3,bottom_oxide,0.00035,2.2500000000000005e-06,3.5,22.500000000000004,-0.031420006543480726,,,,,,,,
nga_5e17,0.0,5e+17,deep,coupled_final,0.0,0.01,0.0,0.3,bottom_oxide,0.00035,2.375e-06,3.5,23.75,-0.03316556248368405,,,,,,,,
nga_5e17,0.0,5e+17,deep,coupled_final,0.0,0.01,0.0,0.3,bottom_oxide,0.00035,2.5e-06,3.5,25.000000000000004,-0.03491111842724865,,,,,,,,
nga_5e17,0.0,5e+17,deep,coupled_final,0.0,0.01,0.0,0.3,bottom_oxide,0.00035,2.6250000000000003e-06,3.5,26.250000000000004,-0.03665667437435146,,,,,,,,
nga_5e17,0.0,5e+17,deep,coupled_final,0.0,0.01,0.0,0.3,bottom_oxide,0.00035,2.75e-06,3.5,27.5,-0.03840223032516936,,,,,,,,
nga_5e17,0.0,5e+17,deep,coupled_final,0.0,0.01,0.0,0.3,bottom_oxide,0.00035,2.875e-06,3.5,28.75,-0.04014778627987928,,,,,,,,
nga_5e17,0.0,5e+17,deep,coupled_final,0.0,0.01,0.0,0.3,bottom_oxide,0.00035,3e-06,3.5,30.0,-0.041893342238658114,,,,,,,,
nga_5e17,0.0,5e+17,deep,coupled_final,0.0,0.01,0.0,0.3,bottom_oxide,0.000375,0.0,3.75,0.0,0.0,,,,,,,,
nga_5e17,0.0,5e+17,deep,coupled_final,0.0,0.01,0.0,0.3,bottom_oxide,0.000375,5.000000000000001e-07,3.75,5.000000000000001,-0.006975052589548299,,,,,,,,
nga_5e17,0.0,5e+17,deep,coupled_final,0.0,0.01,0.0,0.3,bottom_oxide,0.000375,1.0000000000000002e-06,3.75,10.000000000000002,-0.013950105190595944,,,,,,,,
nga_5e17,0.0,5e+17,deep,coupled_final,0.0,0.01,0.0,0.3,bottom_oxide,0.000375,1.5000000000000002e-06,3.75,15.000000000000002,-0.02092515781464228,,,,,,,,
nga_5e17,0.0,5e+17,deep,coupled_final,0.0,0.01,0.0,0.3,bottom_oxide,0.000375,2.0000000000000003e-06,3.75,20.000000000000004,-0.027900210473186644,,,,,,,,
nga_5e17,0.0,5e+17,deep,coupled_final,0.0,0.01,0.0,0.3,bottom_oxide,0.000375,2.1250000000000004e-06,3.75,21.250000000000004,-0.029643973645009827,,,,,,,,
nga_5e17,0.0,5e+17,deep,coupled_final,0.0,0.01,0.0,0.3,bottom_oxide,0.000375,2.2500000000000005e-06,3.75,22.500000000000004,-0.03138773681988752,,,,,,,,
nga_5e17,0.0,5e+17,deep,coupled_final,0.0,0.01,0.0,0.3,bottom_oxide,0.000375,2.375e-06,3.75,23.75,-0.0331314999979994,,,,,,,,
nga_5e17,0.0,5e+17,deep,coupled_final,0.0,0.01,0.0,0.3,bottom_oxide,0.000375,2.5e-06,3.75,25.000000000000004,-0.03487526317952515,,,,,,,,
nga_5e17,0.0,5e+17,deep,coupled_final,0.0,0.01,0.0,0.3,bottom_oxide,0.000375,2.6250000000000003e-06,3.75,26.250000000000004,-0.03661902636464444,,,,,,,,
nga_5e17,0.0,5e+17,deep,coupled_final,0.0,0.01,0.0,0.3,bottom_oxide,0.000375,2.75e-06,3.75,27.5,-0.03836278955353695,,,,,,,,
nga_5e17,0.0,5e+17,deep,coupled_final,0.0,0.01,0.0,0.3,bottom_oxide,0.000375,2.875e-06,3.75,28.75,-0.040106552746382355,,,,,,,,
nga_5e17,0.0,5e+17,deep,coupled_final,0.0,0.01,0.0,0.3,bottom_oxide,0.000375,3e-06,3.75,30.0,-0.04185031594336034,,,,,,,,
nga_5e17,0.0,5e+17,deep,coupled_final,0.0,0.01,0.0,0.3,bottom_oxide,0.0004,0.0,4.0,0.0,0.0,,,,,,,,
nga_5e17,0.0,5e+17,deep,coupled_final,0.0,0.01,0.0,0.3,bottom_oxide,0.0004,5.000000000000001e-07,4.0,5.000000000000001,-0.006967852790924025,,,,,,,,
nga_5e17,0.0,5e+17,deep,coupled_final,0.0,0.01,0.0,0.3,bottom_oxide,0.0004,1.0000000000000002e-06,4.0,10.000000000000002,-0.013935705593529066,,,,,,,,
nga_5e17,0.0,5e+17,deep,coupled_final,0.0,0.01,0.0,0.3,bottom_oxide,0.0004,1.5000000000000002e-06,4.0,15.000000000000002,-0.02090355841949614,,,,,,,,
nga_5e17,0.0,5e+17,deep,coupled_final,0.0,0.01,0.0,0.3,bottom_oxide,0.0004,2.0000000000000003e-06,4.0,20.000000000000004,-0.027871411280506256,,,,,,,,
nga_5e17,0.0,5e+17,deep,coupled_final,0.0,0.01,0.0,0.3,bottom_oxide,0.0004,2.1250000000000004e-06,4.0,21.250000000000004,-0.02961337450305942,,,,,,,,
nga_5e17,0.0,5e+17,deep,coupled_final,0.0,0.01,0.0,0.3,bottom_oxide,0.0004,2.2500000000000005e-06,4.0,22.500000000000004,-0.03135533772871535,,,,,,,,
nga_5e17,0.0,5e+17,deep,coupled_final,0.0,0.01,0.0,0.3,bottom_oxide,0.0004,2.375e-06,4.0,23.75,-0.03309730095765656,,,,,,,,
nga_5e17,0.0,5e+17,deep,coupled_final,0.0,0.01,0.0,0.3,bottom_oxide,0.0004,2.5e-06,4.0,25.000000000000004,-0.034839264190065576,,,,,,,,
nga_5e17,0.0,5e+17,deep,coupled_final,0.0,0.01,0.0,0.3,bottom_oxide,0.0004,2.6250000000000003e-06,4.0,26.250000000000004,-0.03658122742612491,,,,,,,,
nga_5e17,0.0,5e+17,deep,coupled_final,0.0,0.01,0.0,0.3,bottom_oxide,0.0004,2.75e-06,4.0,27.5,-0.03832319066601706,,,,,,,,
nga_5e17,0.0,5e+17,deep,coupled_final,0.0,0.01,0.0,0.3,bottom_oxide,0.0004,2.875e-06,4.0,28.75,-0.040065153909924565,,,,,,,,
nga_5e17,0.0,5e+17,deep,coupled_final,0.0,0.01,0.0,0.3,bottom_oxide,0.0004,3e-06,4.0,30.0,-0.04180711715802994,,,,,,,,
nga_5e17,0.0,5e+17,deep,coupled_final,0.0,0.01,0.0,0.3,bottom_oxide,0.00042500000000000003,0.0,4.25,0.0,0.0,,,,,,,,
nga_5e17,0.0,5e+17,deep,coupled_final,0.0,0.01,0.0,0.3,bottom_oxide,0.00042500000000000003,5.000000000000001e-07,4.25,5.000000000000001,-0.006960623789757803,,,,,,,,
nga_5e17,0.0,5e+17,deep,coupled_final,0.0,0.01,0.0,0.3,bottom_oxide,0.00042500000000000003,1.0000000000000002e-06,4.25,10.000000000000002,-0.013921247591383003,,,,,,,,
nga_5e17,0.0,5e+17,deep,coupled_final,0.0,0.01,0.0,0.3,bottom_oxide,0.00042500000000000003,1.5000000000000002e-06,4.25,15.000000000000002,-0.020881871416742994,,,,,,,,
nga_5e17,0.0,5e+17,deep,coupled_final,0.0,0.01,0.0,0.3,bottom_oxide,0.00042500000000000003,2.0000000000000003e-06,4.25,20.000000000000004,-0.02784249527770517,,,,,,,,
nga_5e17,0.0,5e+17,deep,coupled_final,0.0,0.01,0.0,0.3,bottom_oxide,0.00042500000000000003,2.1250000000000004e-06,4.25,21.250000000000004,-0.029582651250362833,,,,,,,,
nga_5e17,0.0,5e+17,deep,coupled_final,0.0,0.01,0.0,0.3,bottom_oxide,0.00042500000000000003,2.2500000000000005e-06,4.25,22.500000000000004,-0.031322807226172776,,,,,,,,
nga_5e17,0.0,5e+17,deep,coupled_final,0.0,0.01,0.0,0.3,bottom_oxide,0.00042500000000000003,2.375e-06,4.25,23.75,-0.03306296320532041,,,,,,,,
nga_5e17,0.0,5e+17,deep,coupled_final,0.0,0.01,0.0,0.3,bottom_oxide,0.00042500000000000003,2.5e-06,4.25,25.000000000000004,-0.034803119187991186,,,,,,,,
nga_5e17,0.0,5e+17,deep,coupled_final,0.0,0.01,0.0,0.3,bottom_oxide,0.00042500000000000003,2.6250000000000003e-06,4.25,26.250000000000004,-0.03654327517437052,,,,,,,,
nga_5e17,0.0,5e+17,deep,coupled_final,0.0,0.01,0.0,0.3,bottom_oxide,0.00042500000000000003,2.75e-06,4.25,27.5,-0.03828343116464383,,,,,,,,
nga_5e17,0.0,5e+17,deep,coupled_final,0.0,0.01,0.0,0.3,bottom_oxide,0.00042500000000000003,2.875e-06,4.25,28.75,-0.04002358715899657,,,,,,,,
nga_5e17,0.0,5e+17,deep,coupled_final,0.0,0.01,0.0,0.3,bottom_oxide,0.00042500000000000003,3e-06,4.25,30.0,-0.04176374315761414,,,,,,,,
nga_5e17,0.0,5e+17,deep,coupled_final,0.0,0.01,0.0,0.3,bottom_oxide,0.00045000000000000004,0.0,4.5,0.0,0.0,,,,,,,,
nga_5e17,0.0,5e+17,deep,coupled_final,0.0,0.01,0.0,0.3,bottom_oxide,0.00045000000000000004,5.000000000000001e-07,4.5,5.000000000000001,-0.006953365120099706,,,,,,,,
nga_5e17,0.0,5e+17,deep,coupled_final,0.0,0.01,0.0,0.3,bottom_oxide,0.00045000000000000004,1.0000000000000002e-06,4.5,10.000000000000002,-0.01390673025225806,,,,,,,,
nga_5e17,0.0,5e+17,deep,coupled_final,0.0,0.01,0.0,0.3,bottom_oxide,0.00045000000000000004,1.5000000000000002e-06,4.5,15.000000000000002,-0.020860095408533712,,,,,,,,
nga_5e17,0.0,5e+17,deep,coupled_final,0.0,0.01,0.0,0.3,bottom_oxide,0.00045000000000000004,2.0000000000000003e-06,4.5,20.000000000000004,-0.027813460600985305,,,,,,,,
nga_5e17,0.0,5e+17,deep,coupled_final,0.0,0.01,0.0,0.3,bottom_oxide,0.00045000000000000004,2.1250000000000004e-06,4.5,21.250000000000004,-0.029551801906634857,,,,,,,,
nga_5e17,0.0,5e+17,deep,coupled_final,0.0,0.01,0.0,0.3,bottom_oxide,0.00045000000000000004,2.2500000000000005e-06,4.5,22.500000000000004,-0.03129014321548749,,,,,,,,
nga_5e17,0.0,5e+17,deep,coupled_final,0.0,0.01,0.0,0.3,bottom_oxide,0.00045000000000000004,2.375e-06,4.5,23.75,-0.0330284845277316,,,,,,,,
nga_5e17,0.0,5e+17,deep,coupled_final,0.0,0.01,0.0,0.3,bottom_oxide,0.00045000000000000004,2.5e-06,4.5,25.000000000000004,-0.034766825843555636,,,,,,,,
nga_5e17,0.0,5e+17,deep,coupled_final,0.0,0.01,0.0,0.3,bottom_oxide,0.00045000000000000004,2.6250000000000003e-06,4.5,26.250000000000004,-0.03650516716314799,,,,,,,,
nga_5e17,0.0,5e+17,deep,coupled_final,0.0,0.01,0.0,0.3,bottom_oxide,0.00045000000000000004,2.75e-06,4.5,27.5,-0.03824350848669708,,,,,,,,
nga_5e17,0.0,5e+17,deep,coupled_final,0.0,0.01,0.0,0.3,bottom_oxide,0.00045000000000000004,2.875e-06,4.5,28.75,-0.03998184981439134,,,,,,,,
nga_5e17,0.0,5e+17,deep,coupled_final,0.0,0.01,0.0,0.3,bottom_oxide,0.00045000000000000004,3e-06,4.5,30.0,-0.041720191146419165,,,,,,,,
nga_5e17,0.0,5e+17,deep,coupled_final,0.0,0.01,0.0,0.3,bottom_oxide,0.000475,0.0,4.75,0.0,0.0,,,,,,,,
nga_5e17,0.0,5e+17,deep,coupled_final,0.0,0.01,0.0,0.3,bottom_oxide,0.000475,5.000000000000001e-07,4.75,5.000000000000001,-0.006946076303817943,,,,,,,,
nga_5e17,0.0,5e+17,deep,coupled_final,0.0,0.01,0.0,0.3,bottom_oxide,0.000475,1.0000000000000002e-06,4.75,10.000000000000002,-0.013892152619890831,,,,,,,,
nga_5e17,0.0,5e+17,deep,coupled_final,0.0,0.01,0.0,0.3,bottom_oxide,0.000475,1.5000000000000002e-06,4.75,15.000000000000002,-0.020838228960473607,,,,,,,,
nga_5e17,0.0,5e+17,deep,coupled_final,0.0,0.01,0.0,0.3,bottom_oxide,0.000475,2.0000000000000003e-06,4.75,20.000000000000004,-0.02778430533782121,,,,,,,,
nga_5e17,0.0,5e+17,deep,coupled_final,0.0,0.01,0.0,0.3,bottom_oxide,0.000475,2.1250000000000004e-06,4.75,21.250000000000004,-0.02952082443981745,,,,,,,,
nga_5e17,0.0,5e+17,deep,coupled_final,0.0,0.01,0.0,0.3,bottom_oxide,0.000475,2.2500000000000005e-06,4.75,22.500000000000004,-0.03125734354506891,,,,,,,,
nga_5e17,0.0,5e+17,deep,coupled_final,0.0,0.01,0.0,0.3,bottom_oxide,0.000475,2.375e-06,4.75,23.75,-0.03299386265376706,,,,,,,,
nga_5e17,0.0,5e+17,deep,coupled_final,0.0,0.01,0.0,0.3,bottom_oxide,0.000475,2.5e-06,4.75,25.000000000000004,-0.03473038176610341,,,,,,,,
nga_5e17,0.0,5e+17,deep,coupled_final,0.0,0.01,0.0,0.3,bottom_oxide,0.000475,2.6250000000000003e-06,4.75,26.250000000000004,-0.036466900882269414,,,,,,,,
nga_5e17,0.0,5e+17,deep,coupled_final,0.0,0.01,0.0,0.3,bottom_oxide,0.000475,2.75e-06,4.75,27.5,-0.03820342000245657,,,,,,,,
nga_5e17,0.0,5e+17,deep,coupled_final,0.0,0.01,0.0,0.3,bottom_oxide,0.000475,2.875e-06,4.75,28.75,-0.039939939126856366,,,,,,,,
nga_5e17,0.0,5e+17,deep,coupled_final,0.0,0.01,0.0,0.3,bottom_oxide,0.000475,3e-06,4.75,30.0,-0.041676458255660284,,,,,,,,
nga_5e17,0.0,5e+17,deep,coupled_final,0.0,0.01,0.0,0.3,bottom_oxide,0.0005,0.0,5.0,0.0,0.0,,,,,,,,
nga_5e17,0.0,5e+17,deep,coupled_final,0.0,0.01,0.0,0.3,bottom_oxide,0.0005,5.000000000000001e-07,5.0,5.000000000000001,-0.006938756850172899,,,,,,,,
nga_5e17,0.0,5e+17,deep,coupled_final,0.0,0.01,0.0,0.3,bottom_oxide,0.0005,1.0000000000000002e-06,5.0,10.000000000000002,-0.013877513712802261,,,,,,,,
nga_5e17,0.0,5e+17,deep,coupled_final,0.0,0.01,0.0,0.3,bottom_oxide,0.0005,1.5000000000000002e-06,5.0,15.000000000000002,-0.020816270600344546,,,,,,,,
nga_5e17,0.0,5e+17,deep,coupled_final,0.0,0.01,0.0,0.3,bottom_oxide,0.0005,2.0000000000000003e-06,5.0,20.000000000000004,-0.027755027525256205,,,,,,,,
nga_5e17,0.0,5e+17,deep,coupled_final,0.0,0.01,0.0,0.3,bottom_oxide,0.0005,2.1250000000000004e-06,5.0,21.250000000000004,-0.029489716764269407,,,,,,,,
nga_5e17,0.0,5e+17,deep,coupled_final,0.0,0.01,0.0,0.3,bottom_oxide,0.0005,2.2500000000000005e-06,5.0,22.500000000000004,-0.031224406006591356,,,,,,,,
nga_5e17,0.0,5e+17,deep,coupled_final,0.0,0.01,0.0,0.3,bottom_oxide,0.0005,2.375e-06,5.0,23.75,-0.03295909525241667,,,,,,,,
nga_5e17,0.0,5e+17,deep,coupled_final,0.0,0.01,0.0,0.3,bottom_oxide,0.0005,2.5e-06,5.0,25.000000000000004,-0.03469378450194001,,,,,,,,
nga_5e17,0.0,5e+17,deep,coupled_final,0.0,0.01,0.0,0.3,bottom_oxide,0.0005,2.6250000000000003e-06,5.0,26.250000000000004,-0.03642847375535599,,,,,,,,
nga_5e17,0.0,5e+17,deep,coupled_final,0.0,0.01,0.0,0.3,bottom_oxide,0.0005,2.75e-06,5.0,27.5,-0.038163163012859234,,,,,,,,
nga_5e17,0.0,5e+17,deep,coupled_final,0.0,0.01,0.0,0.3,bottom_oxide,0.0005,2.875e-06,5.0,28.75,-0.03989785227464439,,,,,,,,
nga_5e17,0.0,5e+17,deep,coupled_final,0.0,0.01,0.0,0.3,bottom_oxide,0.0005,3e-06,5.0,30.0,-0.04163254154090608,,,,,,,,
nga_5e17,0.0,5e+17,deep,coupled_final,0.0,0.01,0.0,0.3,bottom_oxide,0.0005250000000000001,0.0,5.250000000000001,0.0,0.0,,,,,,,,
nga_5e17,0.0,5e+17,deep,coupled_final,0.0,0.01,0.0,0.3,bottom_oxide,0.0005250000000000001,5.000000000000001e-07,5.250000000000001,5.000000000000001,-0.006931406255372584,,,,,,,,
nga_5e17,0.0,5e+17,deep,coupled_final,0.0,0.01,0.0,0.3,bottom_oxide,0.0005250000000000001,1.0000000000000002e-06,5.250000000000001,10.000000000000002,-0.013862812523408553,,,,,,,,
nga_5e17,0.0,5e+17,deep,coupled_final,0.0,0.01,0.0,0.3,bottom_oxide,0.0005250000000000001,1.5000000000000002e-06,5.250000000000001,15.000000000000002,-0.02079421881677129,,,,,,,,
nga_5e17,0.0,5e+17,deep,coupled_final,0.0,0.01,0.0,0.3,bottom_oxide,0.0005250000000000001,2.0000000000000003e-06,5.250000000000001,20.000000000000004,-0.027725625148124173,,,,,,,,
nga_5e17,0.0,5e+17,deep,coupled_final,0.0,0.01,0.0,0.3,bottom_oxide,0.0005250000000000001,2.1250000000000004e-06,5.250000000000001,21.250000000000004,-0.02945847673887701,,,,,,,,
nga_5e17,0.0,5e+17,deep,coupled_final,0.0,0.01,0.0,0.3,bottom_oxide,0.0005250000000000001,2.2500000000000005e-06,5.250000000000001,22.500000000000004,-0.03119132833299355,,,,,,,,
nga_5e17,0.0,5e+17,deep,coupled_final,0.0,0.01,0.0,0.3,bottom_oxide,0.0005250000000000001,2.375e-06,5.250000000000001,23.75,-0.03292417993067166,,,,,,,,
nga_5e17,0.0,5e+17,deep,coupled_final,0.0,0.01,0.0,0.3,bottom_oxide,0.0005250000000000001,2.5e-06,5.250000000000001,25.000000000000004,-0.03465703153210922,,,,,,,,
nga_5e17,0.0,5e+17,deep,coupled_final,0.0,0.01,0.0,0.3,bottom_oxide,0.0005250000000000001,2.6250000000000003e-06,5.250000000000001,26.250000000000004,-0.03638988313750409,,,,,,,,
nga_5e17,0.0,5e+17,deep,coupled_final,0.0,0.01,0.0,0.3,bottom_oxide,0.0005250000000000001,2.75e-06,5.250000000000001,27.5,-0.03812273474705412,,,,,,,,
nga_5e17,0.0,5e+17,deep,coupled_final,0.0,0.01,0.0,0.3,bottom_oxide,0.0005250000000000001,2.875e-06,5.250000000000001,28.75,-0.03985558636095719,,,,,,,,
nga_5e17,0.0,5e+17,deep,coupled_final,0.0,0.01,0.0,0.3,bottom_oxide,0.0005250000000000001,3e-06,5.250000000000001,30.0,-0.04158843797941116,,,,,,,,
nga_5e17,0.0,5e+17,deep,coupled_final,0.0,0.01,0.0,0.3,bottom_oxide,0.0005499999999999999,0.0,5.499999999999999,0.0,0.0,,,,,,,,
nga_5e17,0.0,5e+17,deep,coupled_final,0.0,0.01,0.0,0.3,bottom_oxide,0.0005499999999999999,5.000000000000001e-07,5.499999999999999,5.000000000000001,-0.00692402400210865,,,,,,,,
nga_5e17,0.0,5e+17,deep,coupled_final,0.0,0.01,0.0,0.3,bottom_oxide,0.0005499999999999999,1.0000000000000002e-06,5.499999999999999,10.000000000000002,-0.013848048017093212,,,,,,,,
nga_5e17,0.0,5e+17,deep,coupled_final,0.0,0.01,0.0,0.3,bottom_oxide,0.0005499999999999999,1.5000000000000002e-06,5.499999999999999,15.000000000000002,-0.020772072057829587,,,,,,,,
nga_5e17,0.0,5e+17,deep,coupled_final,0.0,0.01,0.0,0.3,bottom_oxide,0.0005499999999999999,2.0000000000000003e-06,5.499999999999999,20.000000000000004,-0.027696096137193683,,,,,,,,
nga_5e17,0.0,5e+17,deep,coupled_final,0.0,0.01,0.0,0.3,bottom_oxide,0.0005499999999999999,2.1250000000000004e-06,5.499999999999999,21.250000000000004,-0.02942710216508215,,,,,,,,
nga_5e17,0.0,5e+17,deep,coupled_final,0.0,0.01,0.0,0.3,bottom_oxide,0.0005499999999999999,2.2500000000000005e-06,5.499999999999999,22.500000000000004,-0.031158108196390772,,,,,,,,
nga_5e17,0.0,5e+17,deep,coupled_final,0.0,0.01,0.0,0.3,bottom_oxide,0.0005499999999999999,2.375e-06,5.499999999999999,23.75,-0.03288911423132074,,,,,,,,
nga_5e17,0.0,5e+17,deep,coupled_final,0.0,0.01,0.0,0.3,bottom_oxide,0.0005499999999999999,2.5e-06,5.499999999999999,25.000000000000004,-0.034620120270073246,,,,,,,,
nga_5e17,0.0,5e+17,deep,coupled_final,0.0,0.01,0.0,0.3,bottom_oxide,0.0005499999999999999,2.6250000000000003e-06,5.499999999999999,26.250000000000004,-0.03635112631284947,,,,,,,,
nga_5e17,0.0,5e+17,deep,coupled_final,0.0,0.01,0.0,0.3,bottom_oxide,0.0005499999999999999,2.75e-06,5.499999999999999,27.5,-0.03808213235985059,,,,,,,,
nga_5e17,0.0,5e+17,deep,coupled_final,0.0,0.01,0.0,0.3,bottom_oxide,0.0005499999999999999,2.875e-06,5.499999999999999,28.75,-0.039813138411277815,,,,,,,,
nga_5e17,0.0,5e+17,deep,coupled_final,0.0,0.01,0.0,0.3,bottom_oxide,0.0005499999999999999,3e-06,5.499999999999999,30.0,-0.04154414446733231,,,,,,,,
nga_5e17,0.0,5e+17,deep,coupled_final,0.0,0.01,0.0,0.3,bottom_oxide,0.000575,0.0,5.75,0.0,0.0,,,,,,,,
nga_5e17,0.0,5e+17,deep,coupled_final,0.0,0.01,0.0,0.3,bottom_oxide,0.000575,5.000000000000001e-07,5.75,5.000000000000001,-0.006916609559071887,,,,,,,,
nga_5e17,0.0,5e+17,deep,coupled_final,0.0,0.01,0.0,0.3,bottom_oxide,0.000575,1.0000000000000002e-06,5.75,10.000000000000002,-0.013833219131238009,,,,,,,,
nga_5e17,0.0,5e+17,deep,coupled_final,0.0,0.01,0.0,0.3,bottom_oxide,0.000575,1.5000000000000002e-06,5.75,15.000000000000002,-0.0207498287295926,,,,,,,,
nga_5e17,0.0,5e+17,deep,coupled_final,0.0,0.01,0.0,0.3,bottom_oxide,0.000575,2.0000000000000003e-06,5.75,20.000000000000004,-0.027666438367229887,,,,,,,,
nga_5e17,0.0,5e+17,deep,coupled_final,0.0,0.01,0.0,0.3,bottom_oxide,0.000575,2.1250000000000004e-06,5.75,21.250000000000004,-0.029395590784823105,,,,,,,,
nga_5e17,0.0,5e+17,deep,coupled_final,0.0,0.01,0.0,0.3,bottom_oxide,0.000575,2.2500000000000005e-06,5.75,22.500000000000004,-0.031124743205894475,,,,,,,,
nga_5e17,0.0,5e+17,deep,coupled_final,0.0,0.01,0.0,0.3,bottom_oxide,0.000575,2.375e-06,5.75,23.75,-0.03285389563064859,,,,,,,,
nga_5e17,0.0,5e+17,deep,coupled_final,0.0,0.01,0.0,0.3,bottom_oxide,0.000575,2.5e-06,5.75,25.000000000000004,-0.034583048059290064,,,,,,,,
nga_5e17,0.0,5e+17,deep,coupled_final,0.0,0.01,0.0,0.3,bottom_oxide,0.000575,2.6250000000000003e-06,5.75,26.250000000000004,-0.03631220049202348,,,,,,,,
nga_5e17,0.0,5e+17,deep,coupled_final,0.0,0.01,0.0,0.3,bottom_oxide,0.000575,2.75e-06,5.75,27.5,-0.03804135292905343,,,,,,,,
nga_5e17,0.0,5e+17,deep,coupled_final,0.0,0.01,0.0,0.3,bottom_oxide,0.000575,2.875e-06,5.75,28.75,-0.03977050537058453,,,,,,,,
nga_5e17,0.0,5e+17,deep,coupled_final,0.0,0.01,0.0,0.3,bottom_oxide,0.000575,3e-06,5.75,30.0,-0.04149965781682137,,,,,,,,
nga_5e17,0.0,5e+17,deep,coupled_final,0.0,0.01,0.0,0.3,bottom_oxide,0.0006000000000000001,0.0,6.000000000000001,0.0,0.0,,,,,,,,
nga_5e17,0.0,5e+17,deep,coupled_final,0.0,0.01,0.0,0.3,bottom_oxide,0.0006000000000000001,5.000000000000001e-07,6.000000000000001,5.000000000000001,-0.006909162380446078,,,,,,,,
nga_5e17,0.0,5e+17,deep,coupled_final,0.0,0.01,0.0,0.3,bottom_oxide,0.0006000000000000001,1.0000000000000002e-06,6.000000000000001,10.000000000000002,-0.013818324774210734,,,,,,,,
nga_5e17,0.0,5e+17,deep,coupled_final,0.0,0.01,0.0,0.3,bottom_oxide,0.0006000000000000001,1.5000000000000002e-06,6.000000000000001,15.000000000000002,-0.02072748719461254,,,,,,,,
nga_5e17,0.0,5e+17,deep,coupled_final,0.0,0.01,0.0,0.3,bottom_oxide,0.0006000000000000001,2.0000000000000003e-06,6.000000000000001,20.000000000000004,-0.027636649654970064,,,,,,,,
nga_5e17,0.0,5e+17,deep,coupled_final,0.0,0.01,0.0,0.3,bottom_oxide,0.0006000000000000001,2.1250000000000004e-06,6.000000000000001,21.250000000000004,-0.029363940278383554,,,,,,,,
nga_5e17,0.0,5e+17,deep,coupled_final,0.0,0.01,0.0,0.3,bottom_oxide,0.0006000000000000001,2.2500000000000005e-06,6.000000000000001,22.500000000000004,-0.031091230905334787,,,,,,,,
nga_5e17,0.0,5e+17,deep,coupled_final,0.0,0.01,0.0,0.3,bottom_oxide,0.0006000000000000001,2.375e-06,6.000000000000001,23.75,-0.03281852153603186,,,,,,,,
nga_5e17,0.0,5e+17,deep,coupled_final,0.0,0.01,0.0,0.3,bottom_oxide,0.0006000000000000001,2.5e-06,6.000000000000001,25.000000000000004,-0.034545812170682894,,,,,,,,
nga_5e17,0.0,5e+17,deep,coupled_final,0.0,0.01,0.0,0.3,bottom_oxide,0.0006000000000000001,2.6250000000000003e-06,6.000000000000001,26.250000000000004,-0.03627310280949597,,,,,,,,
nga_5e17,0.0,5e+17,deep,coupled_final,0.0,0.01,0.0,0.3,bottom_oxide,0.0006000000000000001,2.75e-06,6.000000000000001,27.5,-0.03800039345267921,,,,,,,,
nga_5e17,0.0,5e+17,deep,coupled_final,0.0,0.01,0.0,0.3,bottom_oxide,0.0006000000000000001,2.875e-06,6.000000000000001,28.75,-0.0397276841004407,,,,,,,,
nga_5e17,0.0,5e+17,deep,coupled_final,0.0,0.01,0.0,0.3,bottom_oxide,0.0006000000000000001,3e-06,6.000000000000001,30.0,-0.041454974752988545,,,,,,,,
nga_5e17,0.0,5e+17,deep,coupled_final,0.0,0.01,0.0,0.3,bottom_oxide,0.000625,0.0,6.25,0.0,0.0,,,,,,,,
nga_5e17,0.0,5e+17,deep,coupled_final,0.0,0.01,0.0,0.3,bottom_oxide,0.000625,5.000000000000001e-07,6.25,5.000000000000001,-0.006901681905379139,,,,,,,,
nga_5e17,0.0,5e+17,deep,coupled_final,0.0,0.01,0.0,0.3,bottom_oxide,0.000625,1.0000000000000002e-06,6.25,10.000000000000002,-0.01380336382430743,,,,,,,,
nga_5e17,0.0,5e+17,deep,coupled_final,0.0,0.01,0.0,0.3,bottom_oxide,0.000625,1.5000000000000002e-06,6.25,15.000000000000002,-0.020705045770334024,,,,,,,,
nga_5e17,0.0,5e+17,deep,coupled_final,0.0,0.01,0.0,0.3,bottom_oxide,0.000625,2.0000000000000003e-06,6.25,20.000000000000004,-0.02760672775700807,,,,,,,,
nga_5e17,0.0,5e+17,deep,coupled_final,0.0,0.01,0.0,0.3,bottom_oxide,0.000625,2.1250000000000004e-06,6.25,21.250000000000004,-0.029332148262144798,,,,,,,,
nga_5e17,0.0,5e+17,deep,coupled_final,0.0,0.01,0.0,0.3,bottom_oxide,0.000625,2.2500000000000005e-06,6.25,22.500000000000004,-0.031057568770880516,,,,,,,,
nga_5e17,0.0,5e+17,deep,coupled_final,0.0,0.01,0.0,0.3,bottom_oxide,0.000625,2.375e-06,6.25,23.75,-0.032782989283426926,,,,,,,,
nga_5e17,0.0,5e+17,deep,coupled_final,0.0,0.01,0.0,0.3,bottom_oxide,0.000625,2.5e-06,6.25,25.000000000000004,-0.03450840979999575,,,,,,,,
nga_5e17,0.0,5e+17,deep,coupled_final,0.0,0.01,0.0,0.3,bottom_oxide,0.000625,2.6250000000000003e-06,6.25,26.250000000000004,-0.036233830320798674,,,,,,,,
nga_5e17,0.0,5e+17,deep,coupled_final,0.0,0.01,0.0,0.3,bottom_oxide,0.000625,2.75e-06,6.25,27.5,-0.0379592508460474,,,,,,,,
nga_5e17,0.0,5e+17,deep,coupled_final,0.0,0.01,0.0,0.3,bottom_oxide,0.000625,2.875e-06,6.25,28.75,-0.039684671375953655,,,,,,,,
nga_5e17,0.0,5e+17,deep,coupled_final,0.0,0.01,0.0,0.3,bottom_oxide,0.000625,3e-06,6.25,30.0,-0.041410091910729134,,,,,,,,
nga_5e17,0.0,5e+17,deep,coupled_final,0.0,0.01,0.0,0.3,bottom_oxide,0.0006500000000000001,0.0,6.500000000000001,0.0,0.0,,,,,,,,
nga_5e17,0.0,5e+17,deep,coupled_final,0.0,0.01,0.0,0.3,bottom_oxide,0.0006500000000000001,5.000000000000001e-07,6.500000000000001,5.000000000000001,-0.00689416755743027,,,,,,,,
nga_5e17,0.0,5e+17,deep,coupled_final,0.0,0.01,0.0,0.3,bottom_oxide,0.0006500000000000001,1.0000000000000002e-06,6.500000000000001,10.000000000000002,-0.013788335128646736,,,,,,,,
nga_5e17,0.0,5e+17,deep,coupled_final,0.0,0.01,0.0,0.3,bottom_oxide,0.0006500000000000001,1.5000000000000002e-06,6.500000000000001,15.000000000000002,-0.020682502727435593,,,,,,,,
nga_5e17,0.0,5e+17,deep,coupled_final,0.0,0.01,0.0,0.3,bottom_oxide,0.0006500000000000001,2.0000000000000003e-06,6.500000000000001,20.000000000000004,-0.027576670367583024,,,,,,,,
nga_5e17,0.0,5e+17,deep,coupled_final,0.0,0.01,0.0,0.3,bottom_oxide,0.0006500000000000001,2.1250000000000004e-06,6.500000000000001,21.250000000000004,-0.029300212286236253,,,,,,,,
nga_5e17,0.0,5e+17,deep,coupled_final,0.0,0.01,0.0,0.3,bottom_oxide,0.0006500000000000001,2.2500000000000005e-06,6.500000000000001,22.500000000000004,-0.031023754208551437,,,,,,,,
nga_5e17,0.0,5e+17,deep,coupled_final,0.0,0.01,0.0,0.3,bottom_oxide,0.0006500000000000001,2.375e-06,6.500000000000001,23.75,-0.032747296134743975,,,,,,,,
nga_5e17,0.0,5e+17,deep,coupled_final,0.0,0.01,0.0,0.3,bottom_oxide,0.0006500000000000001,2.5e-06,6.500000000000001,25.000000000000004,-0.0344708380650293,,,,,,,,
nga_5e17,0.0,5e+17,deep,coupled_final,0.0,0.01,0.0,0.3,bottom_oxide,0.0006500000000000001,2.6250000000000003e-06,6.500000000000001,26.250000000000004,-0.03619437999962281,,,,,,,,
nga_5e17,0.0,5e+17,deep,coupled_final,0.0,0.01,0.0,0.3,bottom_oxide,0.0006500000000000001,2.75e-06,6.500000000000001,27.5,-0.0379179219387399,,,,,,,,
nga_5e17,0.0,5e+17,deep,coupled_final,0.0,0.01,0.0,0.3,bottom_oxide,0.0006500000000000001,2.875e-06,6.500000000000001,28.75,-0.03964146388259599,,,,,,,,
nga_5e17,0.0,5e+17,deep,coupled_final,0.0,0.01,0.0,0.3,bottom_oxide,0.0006500000000000001,3e-06,6.500000000000001,30.0,-0.0413650058314065,,,,,,,,
nga_5e17,0.0,5e+17,deep,coupled_final,0.0,0.01,0.0,0.3,bottom_oxide,0.000675,0.0,6.75,0.0,0.0,,,,,,,,
nga_5e17,0.0,5e+17,deep,coupled_final,0.0,0.01,0.0,0.3,bottom_oxide,0.000675,5.000000000000001e-07,6.75,5.000000000000001,-0.006886618743991796,,,,,,,,
nga_5e17,0.0,5e+17,deep,coupled_final,0.0,0.01,0.0,0.3,bottom_oxide,0.000675,1.0000000000000002e-06,6.75,10.000000000000002,-0.013773237502013539,,,,,,,,
nga_5e17,0.0,5e+17,deep,coupled_final,0.0,0.01,0.0,0.3,bottom_oxide,0.000675,1.5000000000000002e-06,6.75,15.000000000000002,-0.020659856288095173,,,,,,,,
nga_5e17,0.0,5e+17,deep,coupled_final,0.0,0.01,0.0,0.3,bottom_oxide,0.000675,2.0000000000000003e-06,6.75,20.000000000000004,-0.027546475116266643,,,,,,,,
nga_5e17,0.0,5e+17,deep,coupled_final,0.0,0.01,0.0,0.3,bottom_oxide,0.000675,2.1250000000000004e-06,6.75,21.250000000000004,-0.029268129832078223,,,,,,,,
nga_5e17,0.0,5e+17,deep,coupled_final,0.0,0.01,0.0,0.3,bottom_oxide,0.000675,2.2500000000000005e-06,6.75,22.500000000000004,-0.030989784551616505,,,,,,,,
nga_5e17,0.0,5e+17,deep,coupled_final,0.0,0.01,0.0,0.3,bottom_oxide,0.000675,2.375e-06,6.75,23.75,-0.0327114392751007,,,,,,,,
nga_5e17,0.0,5e+17,deep,coupled_final,0.0,0.01,0.0,0.3,bottom_oxide,0.000675,2.5e-06,6.75,25.000000000000004,-0.03443309400275004,,,,,,,,
nga_5e17,0.0,5e+17,deep,coupled_final,0.0,0.01,0.0,0.3,bottom_oxide,0.000675,2.6250000000000003e-06,6.75,26.250000000000004,-0.03615474873478374,,,,,,,,
nga_5e17,0.0,5e+17,deep,coupled_final,0.0,0.01,0.0,0.3,bottom_oxide,0.000675,2.75e-06,6.75,27.5,-0.037876403471421,,,,,,,,
nga_5e17,0.0,5e+17,deep,coupled_final,0.0,0.01,0.0,0.3,bottom_oxide,0.000675,2.875e-06,6.75,28.75,-0.03959805821288106,,,,,,,,
nga_5e17,0.0,5e+17,deep,coupled_final,0.0,0.01,0.0,0.3,bottom_oxide,0.000675,3e-06,6.75,30.0,-0.04131971295938312,,,,,,,,
nga_5e17,0.0,5e+17,deep,coupled_final,0.0,0.01,0.0,0.3,bottom_oxide,0.0007,0.0,7.0,0.0,0.0,,,,,,,,
nga_5e17,0.0,5e+17,deep,coupled_final,0.0,0.01,0.0,0.3,bottom_oxide,0.0007,5.000000000000001e-07,7.0,5.000000000000001,-0.00687903485568437,,,,,,,,
nga_5e17,0.0,5e+17,deep,coupled_final,0.0,0.01,0.0,0.3,bottom_oxide,0.0007,1.0000000000000002e-06,7.0,10.000000000000002,-0.013758069725649401,,,,,,,,
nga_5e17,0.0,5e+17,deep,coupled_final,0.0,0.01,0.0,0.3,bottom_oxide,0.0007,1.5000000000000002e-06,7.0,15.000000000000002,-0.020637104624175753,,,,,,,,
nga_5e17,0.0,5e+17,deep,coupled_final,0.0,0.01,0.0,0.3,bottom_oxide,0.0007,2.0000000000000003e-06,7.0,20.000000000000004,-0.027516139565544075,,,,,,,,
nga_5e17,0.0,5e+17,deep,coupled_final,0.0,0.01,0.0,0.3,bottom_oxide,0.0007,2.1250000000000004e-06,7.0,21.250000000000004,-0.029235898309811565,,,,,,,,
nga_5e17,0.0,5e+17,deep,coupled_final,0.0,0.01,0.0,0.3,bottom_oxide,0.0007,2.2500000000000005e-06,7.0,22.500000000000004,-0.030955657057872354,,,,,,,,
nga_5e17,0.0,5e+17,deep,coupled_final,0.0,0.01,0.0,0.3,bottom_oxide,0.0007,2.375e-06,7.0,23.75,-0.03267541580994957,,,,,,,,
nga_5e17,0.0,5e+17,deep,coupled_final,0.0,0.01,0.0,0.3,bottom_oxide,0.0007,2.5e-06,7.0,25.000000000000004,-0.03439517456626636,,,,,,,,
nga_5e17,0.0,5e+17,deep,coupled_final,0.0,0.01,0.0,0.3,bottom_oxide,0.0007,2.6250000000000003e-06,7.0,26.250000000000004,-0.03611493332704585,,,,,,,,
nga_5e17,0.0,5e+17,deep,coupled_final,0.0,0.01,0.0,0.3,bottom_oxide,0.0007,2.75e-06,7.0,27.5,-0.037834692092511175,,,,,,,,
nga_5e17,0.0,5e+17,deep,coupled_final,0.0,0.01,0.0,0.3,bottom_oxide,0.0007,2.875e-06,7.0,28.75,-0.03955445086288548,,,,,,,,
nga_5e17,0.0,5e+17,deep,coupled_final,0.0,0.01,0.0,0.3,bottom_oxide,0.0007,3e-06,7.0,30.0,-0.041274209638391894,,,,,,,,
nga_5e17,0.0,5e+17,deep,coupled_final,0.0,0.01,0.0,0.3,bottom_oxide,0.0007250000000000001,0.0,7.250000000000001,0.0,0.0,,,,,,,,
nga_5e17,0.0,5e+17,deep,coupled_final,0.0,0.01,0.0,0.3,bottom_oxide,0.0007250000000000001,5.000000000000001e-07,7.250000000000001,5.000000000000001,-0.006871415265724046,,,,,,,,
nga_5e17,0.0,5e+17,deep,coupled_final,0.0,0.01,0.0,0.3,bottom_oxide,0.0007250000000000001,1.0000000000000002e-06,7.250000000000001,10.000000000000002,-0.013742830545986694,,,,,,,,
nga_5e17,0.0,5e+17,deep,coupled_final,0.0,0.01,0.0,0.3,bottom_oxide,0.0007250000000000001,1.5000000000000002e-06,7.250000000000001,15.000000000000002,-0.020614245855326542,,,,,,,,
nga_5e17,0.0,5e+17,deep,coupled_final,0.0,0.01,0.0,0.3,bottom_oxide,0.0007250000000000001,2.0000000000000003e-06,7.250000000000001,20.000000000000004,-0.02748566120828218,,,,,,,,
nga_5e17,0.0,5e+17,deep,coupled_final,0.0,0.01,0.0,0.3,bottom_oxide,0.0007250000000000001,2.1250000000000004e-06,7.250000000000001,21.250000000000004,-0.029203515055607712,,,,,,,,
nga_5e17,0.0,5e+17,deep,coupled_final,0.0,0.01,0.0,0.3,bottom_oxide,0.0007250000000000001,2.2500000000000005e-06,7.250000000000001,22.500000000000004,-0.03092136890679506,,,,,,,,
nga_5e17,0.0,5e+17,deep,coupled_final,0.0,0.01,0.0,0.3,bottom_oxide,0.0007250000000000001,2.375e-06,7.250000000000001,23.75,-0.03263922276207138,,,,,,,,
nga_5e17,0.0,5e+17,deep,coupled_final,0.0,0.01,0.0,0.3,bottom_oxide,0.0007250000000000001,2.5e-06,7.250000000000001,25.000000000000004,-0.034357076621663846,,,,,,,,
nga_5e17,0.0,5e+17,deep,coupled_final,0.0,0.01,0.0,0.3,bottom_oxide,0.0007250000000000001,2.6250000000000003e-06,7.250000000000001,26.250000000000004,-0.03607493048579963,,,,,,,,
nga_5e17,0.0,5e+17,deep,coupled_final,0.0,0.01,0.0,0.3,bottom_oxide,0.0007250000000000001,2.75e-06,7.250000000000001,27.5,-0.03779278435470587,,,,,,,,
nga_5e17,0.0,5e+17,deep,coupled_final,0.0,0.01,0.0,0.3,bottom_oxide,0.0007250000000000001,2.875e-06,7.250000000000001,28.75,-0.039510638228609764,,,,,,,,
nga_5e17,0.0,5e+17,deep,coupled_final,0.0,0.01,0.0,0.3,bottom_oxide,0.0007250000000000001,3e-06,7.250000000000001,30.0,-0.04122849210773846,,,,,,,,
nga_5e17,0.0,5e+17,deep,coupled_final,0.0,0.01,0.0,0.3,bottom_oxide,0.00075,0.0,7.5,0.0,0.0,,,,,,,,
nga_5e17,0.0,5e+17,deep,coupled_final,0.0,0.01,0.0,0.3,bottom_oxide,0.00075,5.000000000000001e-07,7.5,5.000000000000001,-0.006863759329259599,,,,,,,,
nga_5e17,0.0,5e+17,deep,coupled_final,0.0,0.01,0.0,0.3,bottom_oxide,0.00075,1.0000000000000002e-06,7.5,10.000000000000002,-0.013727518673323244,,,,,,,,
nga_5e17,0.0,5e+17,deep,coupled_final,0.0,0.01,0.0,0.3,bottom_oxide,0.00075,1.5000000000000002e-06,7.5,15.000000000000002,-0.02059127804699498,,,,,,,,
nga_5e17,0.0,5e+17,deep,coupled_final,0.0,0.01,0.0,0.3,bottom_oxide,0.00075,2.0000000000000003e-06,7.5,20.000000000000004,-0.02745503746507884,,,,,,,,
nga_5e17,0.0,5e+17,deep,coupled_final,0.0,0.01,0.0,0.3,bottom_oxide,0.00075,2.1250000000000004e-06,7.5,21.250000000000004,-0.02917097732885233,,,,,,,,
nga_5e17,0.0,5e+17,deep,coupled_final,0.0,0.01,0.0,0.3,bottom_oxide,0.00075,2.2500000000000005e-06,7.5,22.500000000000004,-0.030886917196558145,,,,,,,,
nga_5e17,0.0,5e+17,deep,coupled_final,0.0,0.01,0.0,0.3,bottom_oxide,0.00075,2.375e-06,7.5,23.75,-0.03260285706842759,,,,,,,,
nga_5e17,0.0,5e+17,deep,coupled_final,0.0,0.01,0.0,0.3,bottom_oxide,0.00075,2.5e-06,7.5,25.000000000000004,-0.03431879694469199,,,,,,,,
nga_5e17,0.0,5e+17,deep,coupled_final,0.0,0.01,0.0,0.3,bottom_oxide,0.00075,2.6250000000000003e-06,7.5,26.250000000000004,-0.03603473682558264,,,,,,,,
nga_5e17,0.0,5e+17,deep,coupled_final,0.0,0.01,0.0,0.3,bottom_oxide,0.00075,2.75e-06,7.5,27.5,-0.037750676711330866,,,,,,,,
nga_5e17,0.0,5e+17,deep,coupled_final,0.0,0.01,0.0,0.3,bottom_oxide,0.00075,2.875e-06,7.5,28.75,-0.039466616602167985,,,,,,,,
nga_5e17,0.0,5e+17,deep,coupled_final,0.0,0.01,0.0,0.3,bottom_oxide,0.00075,3e-06,7.5,30.0,-0.0411825564983253,,,,,,,,
nga_5e17,0.0,5e+17,deep,coupled_final,0.0,0.01,0.0,0.3,bottom_oxide,0.000775,0.0,7.75,0.0,0.0,,,,,,,,
nga_5e17,0.0,5e+17,deep,coupled_final,0.0,0.01,0.0,0.3,bottom_oxide,0.000775,5.000000000000001e-07,7.75,5.000000000000001,-0.006856066382678494,,,,,,,,
nga_5e17,0.0,5e+17,deep,coupled_final,0.0,0.01,0.0,0.3,bottom_oxide,0.000775,1.0000000000000002e-06,7.75,10.000000000000002,-0.013712132780434276,,,,,,,,
nga_5e17,0.0,5e+17,deep,coupled_final,0.0,0.01,0.0,0.3,bottom_oxide,0.000775,1.5000000000000002e-06,7.75,15.000000000000002,-0.02056819920834463,,,,,,,,
nga_5e17,0.0,5e+17,deep,coupled_final,0.0,0.01,0.0,0.3,bottom_oxide,0.000775,2.0000000000000003e-06,7.75,20.000000000000004,-0.02742426568148683,,,,,,,,
nga_5e17,0.0,5e+17,deep,coupled_final,0.0,0.01,0.0,0.3,bottom_oxide,0.000775,2.1250000000000004e-06,7.75,21.250000000000004,-0.02913828230919568,,,,,,,,
nga_5e17,0.0,5e+17,deep,coupled_final,0.0,0.01,0.0,0.3,bottom_oxide,0.000775,2.2500000000000005e-06,7.75,22.500000000000004,-0.030852298940909434,,,,,,,,
nga_5e17,0.0,5e+17,deep,coupled_final,0.0,0.01,0.0,0.3,bottom_oxide,0.000775,2.375e-06,7.75,23.75,-0.032566315576863666,,,,,,,,
nga_5e17,0.0,5e+17,deep,coupled_final,0.0,0.01,0.0,0.3,bottom_oxide,0.000775,2.5e-06,7.75,25.000000000000004,-0.034280332217293964,,,,,,,,
nga_5e17,0.0,5e+17,deep,coupled_final,0.0,0.01,0.0,0.3,bottom_oxide,0.000775,2.6250000000000003e-06,7.75,26.250000000000004,-0.03599434886243592,,,,,,,,
nga_5e17,0.0,5e+17,deep,coupled_final,0.0,0.01,0.0,0.3,bottom_oxide,0.000775,2.75e-06,7.75,27.5,-0.03770836551252509,,,,,,,,
nga_5e17,0.0,5e+17,deep,coupled_final,0.0,0.01,0.0,0.3,bottom_oxide,0.000775,2.875e-06,7.75,28.75,-0.03942238216779708,,,,,,,,
nga_5e17,0.0,5e+17,deep,coupled_final,0.0,0.01,0.0,0.3,bottom_oxide,0.000775,3e-06,7.75,30.0,-0.04113639882848747,,,,,,,,
nga_5e17,0.0,5e+17,deep,coupled_final,0.0,0.01,0.0,0.3,bottom_oxide,0.0008,0.0,8.0,0.0,0.0,,,,,,,,
nga_5e17,0.0,5e+17,deep,coupled_final,0.0,0.01,0.0,0.3,bottom_oxide,0.0008,5.000000000000001e-07,8.0,5.000000000000001,-0.006848335742879715,,,,,,,,
nga_5e17,0.0,5e+17,deep,coupled_final,0.0,0.01,0.0,0.3,bottom_oxide,0.0008,1.0000000000000002e-06,8.0,10.000000000000002,-0.013696671501118057,,,,,,,,
nga_5e17,0.0,5e+17,deep,coupled_final,0.0,0.01,0.0,0.3,bottom_oxide,0.0008,1.5000000000000002e-06,8.0,15.000000000000002,-0.020545007290073653,,,,,,,,
nga_5e17,0.0,5e+17,deep,coupled_final,0.0,0.01,0.0,0.3,bottom_oxide,0.0008,2.0000000000000003e-06,8.0,20.000000000000004,-0.027393343125105118,,,,,,,,
nga_5e17,0.0,5e+17,deep,coupled_final,0.0,0.01,0.0,0.3,bottom_oxide,0.0008,2.1250000000000004e-06,8.0,21.250000000000004,-0.02910542709346212,,,,,,,,
nga_5e17,0.0,5e+17,deep,coupled_final,0.0,0.01,0.0,0.3,bottom_oxide,0.0008,2.2500000000000005e-06,8.0,22.500000000000004,-0.030817511065898757,,,,,,,,
nga_5e17,0.0,5e+17,deep,coupled_final,0.0,0.01,0.0,0.3,bottom_oxide,0.0008,2.375e-06,8.0,23.75,-0.032529595042655,,,,,,,,
nga_5e17,0.0,5e+17,deep,coupled_final,0.0,0.01,0.0,0.3,bottom_oxide,0.0008,2.5e-06,8.0,25.000000000000004,-0.034241679023970836,,,,,,,,
nga_5e17,0.0,5e+17,deep,coupled_final,0.0,0.01,0.0,0.3,bottom_oxide,0.0008,2.6250000000000003e-06,8.0,26.250000000000004,-0.035953763010086244,,,,,,,,
nga_5e17,0.0,5e+17,deep,coupled_final,0.0,0.01,0.0,0.3,bottom_oxide,0.0008,2.75e-06,8.0,27.5,-0.03766584700124118,,,,,,,,
nga_5e17,0.0,5e+17,deep,coupled_final,0.0,0.01,0.0,0.3,bottom_oxide,0.0008,2.875e-06,8.0,28.75,-0.039377930997675656,,,,,,,,
nga_5e17,0.0,5e+17,deep,coupled_final,0.0,0.01,0.0,0.3,bottom_oxide,0.0008,3e-06,8.0,30.0,-0.04109001499962963,,,,,,,,
nga_5e17,0.0,5e+17,deep,coupled_final,0.0,0.01,0.0,0.3,bottom_oxide,0.000825,0.0,8.25,0.0,0.0,,,,,,,,
nga_5e17,0.0,5e+17,deep,coupled_final,0.0,0.01,0.0,0.3,bottom_oxide,0.000825,5.000000000000001e-07,8.25,5.000000000000001,-0.006840566706511166,,,,,,,,
nga_5e17,0.0,5e+17,deep,coupled_final,0.0,0.01,0.0,0.3,bottom_oxide,0.000825,1.0000000000000002e-06,8.25,10.000000000000002,-0.013681133428670732,,,,,,,,
nga_5e17,0.0,5e+17,deep,coupled_final,0.0,0.01,0.0,0.3,bottom_oxide,0.000825,1.5000000000000002e-06,8.25,15.000000000000002,-0.0205217001821271,,,,,,,,
nga_5e17,0.0,5e+17,deep,coupled_final,0.0,0.01,0.0,0.3,bottom_oxide,0.000825,2.0000000000000003e-06,8.25,20.000000000000004,-0.027362266982528652,,,,,,,,
nga_5e17,0.0,5e+17,deep,coupled_final,0.0,0.01,0.0,0.3,bottom_oxide,0.000825,2.1250000000000004e-06,8.25,21.250000000000004,-0.029072408692409287,,,,,,,,
nga_5e17,0.0,5e+17,deep,coupled_final,0.0,0.01,0.0,0.3,bottom_oxide,0.000825,2.2500000000000005e-06,8.25,22.500000000000004,-0.030782550406446525,,,,,,,,
nga_5e17,0.0,5e+17,deep,coupled_final,0.0,0.01,0.0,0.3,bottom_oxide,0.000825,2.375e-06,8.25,23.75,-0.03249269212488486,,,,,,,,
nga_5e17,0.0,5e+17,deep,coupled_final,0.0,0.01,0.0,0.3,bottom_oxide,0.000825,2.5e-06,8.25,25.000000000000004,-0.03420283384796883,,,,,,,,
nga_5e17,0.0,5e+17,deep,coupled_final,0.0,0.01,0.0,0.3,bottom_oxide,0.000825,2.6250000000000003e-06,8.25,26.250000000000004,-0.03591297557594291,,,,,,,,
nga_5e17,0.0,5e+17,deep,coupled_final,0.0,0.01,0.0,0.3,bottom_oxide,0.000825,2.75e-06,8.25,27.5,-0.037623117309051615,,,,,,,,
nga_5e17,0.0,5e+17,deep,coupled_final,0.0,0.01,0.0,0.3,bottom_oxide,0.000825,2.875e-06,8.25,28.75,-0.039333259047539454,,,,,,,,
nga_5e17,0.0,5e+17,deep,coupled_final,0.0,0.01,0.0,0.3,bottom_oxide,0.000825,3e-06,8.25,30.0,-0.04104340079165093,,,,,,,,
nga_5e17,0.0,5e+17,deep,coupled_final,0.0,0.01,0.0,0.3,bottom_oxide,0.0008500000000000001,0.0,8.5,0.0,0.0,,,,,,,,
nga_5e17,0.0,5e+17,deep,coupled_final,0.0,0.01,0.0,0.3,bottom_oxide,0.0008500000000000001,5.000000000000001e-07,8.5,5.000000000000001,-0.006832758549139192,,,,,,,,
nga_5e17,0.0,5e+17,deep,coupled_final,0.0,0.01,0.0,0.3,bottom_oxide,0.0008500000000000001,1.0000000000000002e-06,8.5,10.000000000000002,-0.013665517114226425,,,,,,,,
nga_5e17,0.0,5e+17,deep,coupled_final,0.0,0.01,0.0,0.3,bottom_oxide,0.0008500000000000001,1.5000000000000002e-06,8.5,15.000000000000002,-0.0204982757112097,,,,,,,,
nga_5e17,0.0,5e+17,deep,coupled_final,0.0,0.01,0.0,0.3,bottom_oxide,0.0008500000000000001,2.0000000000000003e-06,8.5,20.000000000000004,-0.027331034356036926,,,,,,,,
nga_5e17,0.0,5e+17,deep,coupled_final,0.0,0.01,0.0,0.3,bottom_oxide,0.0008500000000000001,2.1250000000000004e-06,8.5,21.250000000000004,-0.029039224027211194,,,,,,,,
nga_5e17,0.0,5e+17,deep,coupled_final,0.0,0.01,0.0,0.3,bottom_oxide,0.0008500000000000001,2.2500000000000005e-06,8.5,22.500000000000004,-0.030747413702621632,,,,,,,,
nga_5e17,0.0,5e+17,deep,coupled_final,0.0,0.01,0.0,0.3,bottom_oxide,0.0008500000000000001,2.375e-06,8.5,23.75,-0.032455603382517406,,,,,,,,
nga_5e17,0.0,5e+17,deep,coupled_final,0.0,0.01,0.0,0.3,bottom_oxide,0.0008500000000000001,2.5e-06,8.5,25.000000000000004,-0.03416379306714772,,,,,,,,
nga_5e17,0.0,5e+17,deep,coupled_final,0.0,0.01,0.0,0.3,bottom_oxide,0.0008500000000000001,2.6250000000000003e-06,8.5,26.250000000000004,-0.03587198275676175,,,,,,,,
nga_5e17,0.0,5e+17,deep,coupled_final,0.0,0.01,0.0,0.3,bottom_oxide,0.0008500000000000001,2.75e-06,8.5,27.5,-0.03758017245160866,,,,,,,,
nga_5e17,0.0,5e+17,deep,coupled_final,0.0,0.01,0.0,0.3,bottom_oxide,0.0008500000000000001,2.875e-06,8.5,28.75,-0.03928836215193764,,,,,,,,
nga_5e17,0.0,5e+17,deep,coupled_final,0.0,0.01,0.0,0.3,bottom_oxide,0.0008500000000000001,3e-06,8.5,30.0,-0.04099655185799788,,,,,,,,
nga_5e17,0.0,5e+17,deep,coupled_final,0.0,0.01,0.0,0.3,bottom_oxide,0.0008750000000000001,0.0,8.750000000000002,0.0,0.0,,,,,,,,
nga_5e17,0.0,5e+17,deep,coupled_final,0.0,0.01,0.0,0.3,bottom_oxide,0.0008750000000000001,5.000000000000001e-07,8.750000000000002,5.000000000000001,-0.006824910521663474,,,,,,,,
nga_5e17,0.0,5e+17,deep,coupled_final,0.0,0.01,0.0,0.3,bottom_oxide,0.0008750000000000001,1.0000000000000002e-06,8.750000000000002,10.000000000000002,-0.013649821059681502,,,,,,,,
nga_5e17,0.0,5e+17,deep,coupled_final,0.0,0.01,0.0,0.3,bottom_oxide,0.0008750000000000001,1.5000000000000002e-06,8.750000000000002,15.000000000000002,-0.020474731630405228,,,,,,,,
nga_5e17,0.0,5e+17,deep,coupled_final,0.0,0.01,0.0,0.3,bottom_oxide,0.0008750000000000001,2.0000000000000003e-06,8.750000000000002,20.000000000000004,-0.027299642250179085,,,,,,,,
nga_5e17,0.0,5e+17,deep,coupled_final,0.0,0.01,0.0,0.3,bottom_oxide,0.0008750000000000001,2.1250000000000004e-06,8.750000000000002,21.250000000000004,-0.029005869915338923,,,,,,,,
nga_5e17,0.0,5e+17,deep,coupled_final,0.0,0.01,0.0,0.3,bottom_oxide,0.0008750000000000001,2.2500000000000005e-06,8.750000000000002,22.500000000000004,-0.030712097584840416,,,,,,,,
nga_5e17,0.0,5e+17,deep,coupled_final,0.0,0.01,0.0,0.3,bottom_oxide,0.0008750000000000001,2.375e-06,8.750000000000002,23.75,-0.03241832525893861,,,,,,,,
nga_5e17,0.0,5e+17,deep,coupled_final,0.0,0.01,0.0,0.3,bottom_oxide,0.0008750000000000001,2.5e-06,8.750000000000002,25.000000000000004,-0.034124552937888526,,,,,,,,
nga_5e17,0.0,5e+17,deep,coupled_final,0.0,0.01,0.0,0.3,bottom_oxide,0.0008750000000000001,2.6250000000000003e-06,8.750000000000002,26.250000000000004,-0.0358307806219451,,,,,,,,
nga_5e17,0.0,5e+17,deep,coupled_final,0.0,0.01,0.0,0.3,bottom_oxide,0.0008750000000000001,2.75e-06,8.750000000000002,27.5,-0.03753700831136321,,,,,,,,
nga_5e17,0.0,5e+17,deep,coupled_final,0.0,0.01,0.0,0.3,bottom_oxide,0.0008750000000000001,2.875e-06,8.750000000000002,28.75,-0.039243236006397696,,,,,,,,
nga_5e17,0.0,5e+17,deep,coupled_final,0.0,0.01,0.0,0.3,bottom_oxide,0.0008750000000000001,3e-06,8.750000000000002,30.0,-0.04094946370730332,,,,,,,,
nga_5e17,0.0,5e+17,deep,coupled_final,0.0,0.01,0.0,0.3,bottom_oxide,0.0009000000000000001,0.0,9.0,0.0,0.0,,,,,,,,
nga_5e17,0.0,5e+17,deep,coupled_final,0.0,0.01,0.0,0.3,bottom_oxide,0.0009000000000000001,5.000000000000001e-07,9.0,5.000000000000001,-0.006817021607804287,,,,,,,,
nga_5e17,0.0,5e+17,deep,coupled_final,0.0,0.01,0.0,0.3,bottom_oxide,0.0009000000000000001,1.0000000000000002e-06,9.0,10.000000000000002,-0.013634043240893994,,,,,,,,
nga_5e17,0.0,5e+17,deep,coupled_final,0.0,0.01,0.0,0.3,bottom_oxide,0.0009000000000000001,1.5000000000000002e-06,9.0,15.000000000000002,-0.020451064924268555,,,,,,,,
nga_5e17,0.0,5e+17,deep,coupled_final,0.0,0.01,0.0,0.3,bottom_oxide,0.0009000000000000001,2.0000000000000003e-06,9.0,20.000000000000004,-0.027268086682363663,,,,,,,,
nga_5e17,0.0,5e+17,deep,coupled_final,0.0,0.01,0.0,0.3,bottom_oxide,0.0009000000000000001,2.1250000000000004e-06,9.0,21.250000000000004,-0.02897234213725166,,,,,,,,
nga_5e17,0.0,5e+17,deep,coupled_final,0.0,0.01,0.0,0.3,bottom_oxide,0.0009000000000000001,2.2500000000000005e-06,9.0,22.500000000000004,-0.03067659759864388,,,,,,,,
nga_5e17,0.0,5e+17,deep,coupled_final,0.0,0.01,0.0,0.3,bottom_oxide,0.0009000000000000001,2.375e-06,9.0,23.75,-0.03238085306689449,,,,,,,,
nga_5e17,0.0,5e+17,deep,coupled_final,0.0,0.01,0.0,0.3,bottom_oxide,0.0009000000000000001,2.5e-06,9.0,25.000000000000004,-0.03408510854235311,,,,,,,,
nga_5e17,0.0,5e+17,deep,coupled_final,0.0,0.01,0.0,0.3,bottom_oxide,0.0009000000000000001,2.6250000000000003e-06,9.0,26.250000000000004,-0.03578936402536457,,,,,,,,
nga_5e17,0.0,5e+17,deep,coupled_final,0.0,0.01,0.0,0.3,bottom_oxide,0.0009000000000000001,2.75e-06,9.0,27.5,-0.037493619516268756,,,,,,,,
nga_5e17,0.0,5e+17,deep,coupled_final,0.0,0.01,0.0,0.3,bottom_oxide,0.0009000000000000001,2.875e-06,9.0,28.75,-0.03919787501540044,,,,,,,,
nga_5e17,0.0,5e+17,deep,coupled_final,0.0,0.01,0.0,0.3,bottom_oxide,0.0009000000000000001,3e-06,9.0,30.0,-0.04090213052308907,,,,,,,,
nga_5e17,0.0,5e+17,deep,coupled_final,0.0,0.01,0.0,0.3,bottom_oxide,0.0009249999999999999,0.0,9.25,0.0,0.0,,,,,,,,
nga_5e17,0.0,5e+17,deep,coupled_final,0.0,0.01,0.0,0.3,bottom_oxide,0.0009249999999999999,5.000000000000001e-07,9.25,5.000000000000001,-0.006809069480398846,,,,,,,,
nga_5e17,0.0,5e+17,deep,coupled_final,0.0,0.01,0.0,0.3,bottom_oxide,0.0009249999999999999,1.0000000000000002e-06,9.25,10.000000000000002,-0.013618139709967616,,,,,,,,
nga_5e17,0.0,5e+17,deep,coupled_final,0.0,0.01,0.0,0.3,bottom_oxide,0.0009249999999999999,1.5000000000000002e-06,9.25,15.000000000000002,-0.020427211416769328,,,,,,,,
nga_5e17,0.0,5e+17,deep,coupled_final,0.0,0.01,0.0,0.3,bottom_oxide,0.0009249999999999999,2.0000000000000003e-06,9.25,20.000000000000004,-0.027236285287029646,,,,,,,,
nga_5e17,0.0,5e+17,deep,coupled_final,0.0,0.01,0.0,0.3,bottom_oxide,0.0009249999999999999,2.1250000000000004e-06,9.25,21.250000000000004,-0.028938554190199518,,,,,,,,
nga_5e17,0.0,5e+17,deep,coupled_final,0.0,0.01,0.0,0.3,bottom_oxide,0.0009249999999999999,2.2500000000000005e-06,9.25,22.500000000000004,-0.030640823276580093,,,,,,,,
nga_5e17,0.0,5e+17,deep,coupled_final,0.0,0.01,0.0,0.3,bottom_oxide,0.0009249999999999999,2.375e-06,9.25,23.75,-0.03234309255480763,,,,,,,,
nga_5e17,0.0,5e+17,deep,coupled_final,0.0,0.01,0.0,0.3,bottom_oxide,0.0009249999999999999,2.5e-06,9.25,25.000000000000004,-0.03404536203316876,,,,,,,,
nga_5e17,0.0,5e+17,deep,coupled_final,0.0,0.01,0.0,0.3,bottom_oxide,0.0009249999999999999,2.6250000000000003e-06,9.25,26.250000000000004,-0.03574763171958388,,,,,,,,
nga_5e17,0.0,5e+17,deep,coupled_final,0.0,0.01,0.0,0.3,bottom_oxide,0.0009249999999999999,2.75e-06,9.25,27.5,-0.037449901621590835,,,,,,,,
nga_5e17,0.0,5e+17,deep,coupled_final,0.0,0.01,0.0,0.3,bottom_oxide,0.0009249999999999999,2.875e-06,9.25,28.75,-0.039152171746329276,,,,,,,,
nga_5e17,0.0,5e+17,deep,coupled_final,0.0,0.01,0.0,0.3,bottom_oxide,0.0009249999999999999,3e-06,9.25,30.0,-0.04085444210052533,,,,,,,,
nga_5e17,0.0,5e+17,deep,coupled_final,0.0,0.01,0.0,0.3,bottom_oxide,0.00095,0.0,9.5,0.0,0.0,,,,,,,,
nga_5e17,0.0,5e+17,deep,coupled_final,0.0,0.01,0.0,0.3,bottom_oxide,0.00095,5.000000000000001e-07,9.5,5.000000000000001,-0.006799244428181496,,,,,,,,
nga_5e17,0.0,5e+17,deep,coupled_final,0.0,0.01,0.0,0.3,bottom_oxide,0.00095,1.0000000000000002e-06,9.5,10.000000000000002,-0.013598543096687263,,,,,,,,
nga_5e17,0.0,5e+17,deep,coupled_final,0.0,0.01,0.0,0.3,bottom_oxide,0.00095,1.5000000000000002e-06,9.5,15.000000000000002,-0.020397949262755476,,,,,,,,
nga_5e17,0.0,5e+17,deep,coupled_final,0.0,0.01,0.0,0.3,bottom_oxide,0.00095,2.0000000000000003e-06,9.5,20.000000000000004,-0.027197514215022252,,,,,,,,
nga_5e17,0.0,5e+17,deep,coupled_final,0.0,0.01,0.0,0.3,bottom_oxide,0.00095,2.1250000000000004e-06,9.5,21.250000000000004,-0.02889743781494089,,,,,,,,
nga_5e17,0.0,5e+17,deep,coupled_final,0.0,0.01,0.0,0.3,bottom_oxide,0.00095,2.2500000000000005e-06,9.5,22.500000000000004,-0.030597375076111787,,,,,,,,
nga_5e17,0.0,5e+17,deep,coupled_final,0.0,0.01,0.0,0.3,bottom_oxide,0.00095,2.375e-06,9.5,23.75,-0.032297326698610414,,,,,,,,
nga_5e17,0.0,5e+17,deep,coupled_final,0.0,0.01,0.0,0.3,bottom_oxide,0.00095,2.5e-06,9.5,25.000000000000004,-0.033997293365093446,,,,,,,,
nga_5e17,0.0,5e+17,deep,coupled_final,0.0,0.01,0.0,0.3,bottom_oxide,0.00095,2.6250000000000003e-06,9.5,26.250000000000004,-0.035697275739813246,,,,,,,,
nga_5e17,0.0,5e+17,deep,coupled_final,0.0,0.01,0.0,0.3,bottom_oxide,0.00095,2.75e-06,9.5,27.5,-0.037397274467629575,,,,,,,,
nga_5e17,0.0,5e+17,deep,coupled_final,0.0,0.01,0.0,0.3,bottom_oxide,0.00095,2.875e-06,9.5,28.75,-0.039097290173018266,,,,,,,,
nga_5e17,0.0,5e+17,deep,coupled_final,0.0,0.01,0.0,0.3,bottom_oxide,0.00095,3e-06,9.5,30.0,-0.04079732345907677,,,,,,,,
nga_5e17,0.0,5e+17,deep,coupled_final,0.0,0.01,0.0,0.3,bottom_oxide,0.000975,0.0,9.75,0.0,0.0,,,,,,,,
nga_5e17,0.0,5e+17,deep,coupled_final,0.0,0.01,0.0,0.3,bottom_oxide,0.000975,5.000000000000001e-07,9.75,5.000000000000001,-0.006653818565284654,,,,,,,,
nga_5e17,0.0,5e+17,deep,coupled_final,0.0,0.01,0.0,0.3,bottom_oxide,0.000975,1.0000000000000002e-06,9.75,10.000000000000002,-0.013310202577297673,,,,,,,,
nga_5e17,0.0,5e+17,deep,coupled_final,0.0,0.01,0.0,0.3,bottom_oxide,0.000975,1.5000000000000002e-06,9.75,15.000000000000002,-0.019971721612322343,,,,,,,,
nga_5e17,0.0,5e+17,deep,coupled_final,0.0,0.01,0.0,0.3,bottom_oxide,0.000975,2.0000000000000003e-06,9.75,20.000000000000004,-0.026640953511948697,,,,,,,,
nga_5e17,0.0,5e+17,deep,coupled_final,0.0,0.01,0.0,0.3,bottom_oxide,0.000975,2.1250000000000004e-06,9.75,21.250000000000004,-0.02830987134930114,,,,,,,,
nga_5e17,0.0,5e+17,deep,coupled_final,0.0,0.01,0.0,0.3,bottom_oxide,0.000975,2.2500000000000005e-06,9.75,22.500000000000004,-0.02997947376628356,,,,,,,,
nga_5e17,0.0,5e+17,deep,coupled_final,0.0,0.01,0.0,0.3,bottom_oxide,0.000975,2.375e-06,9.75,23.75,-0.031649801466398474,,,,,,,,
nga_5e17,0.0,5e+17,deep,coupled_final,0.0,0.01,0.0,0.3,bottom_oxide,0.000975,2.5e-06,9.75,25.000000000000004,-0.03332089522609007,,,,,,,,
nga_5e17,0.0,5e+17,deep,coupled_final,0.0,0.01,0.0,0.3,bottom_oxide,0.000975,2.6250000000000003e-06,9.75,26.250000000000004,-0.03499279589884179,,,,,,,,
nga_5e17,0.0,5e+17,deep,coupled_final,0.0,0.01,0.0,0.3,bottom_oxide,0.000975,2.75e-06,9.75,27.5,-0.03666554441928118,,,,,,,,
nga_5e17,0.0,5e+17,deep,coupled_final,0.0,0.01,0.0,0.3,bottom_oxide,0.000975,2.875e-06,9.75,28.75,-0.03833918180729233,,,,,,,,
nga_5e17,0.0,5e+17,deep,coupled_final,0.0,0.01,0.0,0.3,bottom_oxide,0.000975,3e-06,9.75,30.0,-0.0400137491721363,,,,,,,,
nga_5e17,0.0,5e+17,deep,coupled_final,0.0,0.01,0.0,0.3,bottom_oxide,0.001,0.0,10.0,0.0,0.0,,,,,,,,
nga_5e17,0.0,5e+17,deep,coupled_final,0.0,0.01,0.0,0.3,bottom_oxide,0.001,5.000000000000001e-07,10.0,5.000000000000001,-9.477588146791068e-05,,,,,,,,
nga_5e17,0.0,5e+17,deep,coupled_final,0.0,0.01,0.0,0.3,bottom_oxide,0.001,1.0000000000000002e-06,10.0,10.000000000000002,-0.000184304528788768,,,,,,,,
nga_5e17,0.0,5e+17,deep,coupled_final,0.0,0.01,0.0,0.3,bottom_oxide,0.001,1.5000000000000002e-06,10.0,15.000000000000002,-0.00026333245767081825,,,,,,,,
nga_5e17,0.0,5e+17,deep,coupled_final,0.0,0.01,0.0,0.3,bottom_oxide,0.001,2.0000000000000003e-06,10.0,20.000000000000004,-0.0003265936752291473,,,,,,,,
nga_5e17,0.0,5e+17,deep,coupled_final,0.0,0.01,0.0,0.3,bottom_oxide,0.001,2.1250000000000004e-06,10.0,21.250000000000004,-0.0003391196846391397,,,,,,,,
nga_5e17,0.0,5e+17,deep,coupled_final,0.0,0.01,0.0,0.3,bottom_oxide,0.001,2.2500000000000005e-06,10.0,22.500000000000004,-0.0003502471564658989,,,,,,,,
nga_5e17,0.0,5e+17,deep,coupled_final,0.0,0.01,0.0,0.3,bottom_oxide,0.001,2.375e-06,10.0,23.75,-0.00035989316696216725,,,,,,,,
nga_5e17,0.0,5e+17,deep,coupled_final,0.0,0.01,0.0,0.3,bottom_oxide,0.001,2.5e-06,10.0,25.000000000000004,-0.00036797468204346383,,,,,,,,
nga_5e17,0.0,5e+17,deep,coupled_final,0.0,0.01,0.0,0.3,bottom_oxide,0.001,2.6250000000000003e-06,10.0,26.250000000000004,-0.0003744085510975581,,,,,,,,
nga_5e17,0.0,5e+17,deep,coupled_final,0.0,0.01,0.0,0.3,bottom_oxide,0.001,2.75e-06,10.0,27.5,-0.00037911150078426514,,,,,,,,
nga_5e17,0.0,5e+17,deep,coupled_final,0.0,0.01,0.0,0.3,bottom_oxide,0.001,2.875e-06,10.0,28.75,-0.0003820001288250473,,,,,,,,
nga_5e17,0.0,5e+17,deep,coupled_final,0.0,0.01,0.0,0.3,bottom_oxide,0.001,3e-06,10.0,30.0,-0.0003829908977819062,,,,,,,,
nga_5e17,0.0,5e+17,deep,coupled_final,0.0,0.01,0.0,0.3,channel,0.0,3e-06,0.0,30.0,0.0,1e+16,0.0,1.7448875361337594e+17,1.7448875361337594e+17,0.11952142277159818,-0.027956180393513396,0.027956180393513396,0.027956180393513396
nga_5e17,0.0,5e+17,deep,coupled_final,0.0,0.01,0.0,0.3,channel,0.0,3.075e-06,0.0,30.750000000000004,0.0,1e+16,0.0,1.7448875361337594e+17,1.7448875361337594e+17,0.11952142277159818,-0.027956180393513396,0.027956180393513396,0.027956180393513396
nga_5e17,0.0,5e+17,deep,coupled_final,0.0,0.01,0.0,0.3,channel,2.5e-05,3e-06,0.25,30.0,-0.041762554257420335,1974580761559904.8,0.0,1.7186329426723034e+17,1.7186329426723034e+17,1.0667462939607322,-0.02753553543172226,0.02753553543172226,0.02624972151353398
nga_5e17,0.0,5e+17,deep,coupled_final,0.0,0.01,0.0,0.3,channel,2.5e-05,3.075e-06,0.25,30.750000000000004,-0.042392664467837286,1927034566214831.0,0.0,1.7181175002096246e+17,1.7181175002096246e+17,1.101756590367421,-0.027527277133023505,0.027527277133023505,0.026233845474513476
nga_5e17,0.0,5e+17,deep,coupled_final,0.0,0.01,0.0,0.3,channel,0.0,3.1500000000000003e-06,0.0,31.500000000000004,0.0,1e+16,0.0,1.7448875361337594e+17,1.7448875361337594e+17,0.11952142277159818,-0.027956180393513396,0.027956180393513396,0.027956180393513396
nga_5e17,0.0,5e+17,deep,coupled_final,0.0,0.01,0.0,0.3,channel,2.5e-05,3.1500000000000003e-06,0.25,31.500000000000004,-0.04285648883216109,1892768786459628.5,0.0,1.7177354673641584e+17,1.7177354673641584e+17,1.1282471473353757,-0.027521156292039238,0.027521156292039238,0.026222234650362254
nga_5e17,0.0,5e+17,deep,coupled_final,0.0,0.01,0.0,0.3,channel,0.0,3.225e-06,0.0,32.25,0.0,1e+16,0.0,1.7448875361337594e+17,1.7448875361337594e+17,0.11952142277159818,-0.027956180393513396,0.027956180393513396,0.027956180393513396
nga_5e17,0.0,5e+17,deep,coupled_final,0.0,0.01,0.0,0.3,channel,2.5e-05,3.225e-06,0.25,32.25,-0.0431541052244265,1871103340612854.2,0.0,1.7174891589208726e+17,1.7174891589208726e+17,1.1455738779636846,-0.027517209995713346,0.027517209995713346,0.026214817166926273
nga_5e17,0.0,5e+17,deep,coupled_final,0.0,0.01,0.0,0.3,channel,0.0,3.3e-06,0.0,33.0,0.0,1e+16,0.0,1.7448875361337594e+17,1.7448875361337594e+17,0.11952142277159818,-0.027956180393513396,0.027956180393513396,0.027956180393513396
nga_5e17,0.0,5e+17,deep,coupled_final,0.0,0.01,0.0,0.3,channel,2.5e-05,3.3e-06,0.25,33.0,-0.0432855633849603,1861612538293266.2,0.0,1.717380068356589e+17,1.717380068356589e+17,1.1533103810766967,-0.0275154621721825,0.0275154621721825,0.02621154874922399
nga_5e17,0.0,5e+17,deep,coupled_final,0.0,0.01,0.0,0.3,channel,0.0,3.3750000000000003e-06,0.0,33.75,0.0,1e+16,0.0,1.7448875361337594e+17,1.7448875361337594e+17,0.11952142277159818,-0.027956180393513396,0.027956180393513396,0.027956180393513396
nga_5e17,0.0,5e+17,deep,coupled_final,0.0,0.01,0.0,0.3,channel,2.5e-05,3.3750000000000003e-06,0.25,33.75,-0.04325088520212203,1864110967211466.2,0.0,1.7174088574320294e+17,1.7174088574320294e+17,1.1512649761253784,-0.027515923424022346,0.027515923424022346,0.02621241029350728
nga_5e17,0.0,5e+17,deep,coupled_final,0.0,0.01,0.0,0.3,channel,0.0,3.45e-06,0.0,34.5,0.0,1e+16,0.0,1.7448875361337594e+17,1.7448875361337594e+17,0.11952142277159818,-0.027956180393513396,0.027956180393513396,0.027956180393513396
nga_5e17,0.0,5e+17,deep,coupled_final,0.0,0.01,0.0,0.3,channel,2.5e-05,3.45e-06,0.25,34.5,-0.0430500648338679,1878647382191126.0,0.0,1.7175753515911664e+17,1.7175753515911664e+17,1.1394884100848568,-0.027518590954537014,0.027518590954537014,0.026217406814464203
nga_5e17,0.0,5e+17,deep,coupled_final,0.0,0.01,0.0,0.3,channel,0.0,3.525e-06,0.0,35.25,0.0,1e+16,0.0,1.7448875361337594e+17,1.7448875361337594e+17,0.11952142277159818,-0.027956180393513396,0.027956180393513396,0.027956180393513396
nga_5e17,0.0,5e+17,deep,coupled_final,0.0,0.01,0.0,0.3,channel,2.5e-05,3.525e-06,0.25,35.25,-0.042683068675827024,1905506310142283.5,0.0,1.7178785411719914e+17,1.7178785411719914e+17,1.1182718144988506,-0.027523448587157714,0.027523448587157714,0.026226567721762663
nga_5e17,0.0,5e+17,deep,coupled_final,0.0,0.01,0.0,0.3,channel,0.0,3.6000000000000003e-06,0.0,36.0,0.0,1e+16,0.0,1.7448875361337594e+17,1.7448875361337594e+17,0.11952142277159818,-0.027956180393513396,0.027956180393513396,0.027956180393513396
nga_5e17,0.0,5e+17,deep,coupled_final,0.0,0.01,0.0,0.3,channel,2.5e-05,3.6000000000000003e-06,0.25,36.0,-0.04214983517413303,1945217446077385.8,0.0,1.7183165884277267e+17,1.7183165884277267e+17,1.0881350246202486,-0.027530466877934985,0.027530466877934985,0.026239948437950418
nga_5e17,0.0,5e+17,deep,coupled_final,0.0,0.01,0.0,0.3,channel,0.0,3.6750000000000004e-06,0.0,36.75000000000001,0.0,1e+16,0.0,1.7448875361337594e+17,1.7448875361337594e+17,0.11952142277159818,-0.027956180393513396,0.027956180393513396,0.027956180393513396
nga_5e17,0.0,5e+17,deep,coupled_final,0.0,0.01,0.0,0.3,channel,2.5e-05,3.6750000000000004e-06,0.25,36.75000000000001,-0.041450274472730565,1998573281239838.2,0.0,1.7188868403521366e+17,1.7188868403521366e+17,1.0498058987456012,-0.027539603321022815,0.027539603321022815,0.026257633428276732
nga_5e17,0.0,5e+17,deep,coupled_final,0.0,0.01,0.0,0.3,channel,0.0,3.7500000000000005e-06,0.0,37.50000000000001,0.0,1e+16,0.0,1.7448875361337594e+17,1.7448875361337594e+17,0.11952142277159818,-0.027956180393513396,0.027956180393513396,0.027956180393513396
nga_5e17,0.0,5e+17,deep,coupled_final,0.0,0.01,0.0,0.3,channel,2.5e-05,3.7500000000000005e-06,0.25,37.50000000000001,-0.04058426787590527,2066655797575688.2,0.0,1.7195858472955318e+17,1.7195858472955318e+17,1.0041917585084326,-0.02755080264693993,0.02755080264693993,0.02627974077587957
nga_5e17,0.0,5e+17,deep,coupled_final,0.0,0.01,0.0,0.3,channel,0.0,3.825000000000001e-06,0.0,38.25000000000001,0.0,1e+16,0.0,1.7448875361337594e+17,1.7448875361337594e+17,0.11952142277159818,-0.027956180393513396,0.027956180393513396,0.027956180393513396
nga_5e17,0.0,5e+17,deep,coupled_final,0.0,0.01,0.0,0.3,channel,2.5e-05,3.825000000000001e-06,0.25,38.25000000000001,-0.03955166709696612,2150873507803483.0,0.0,1.720409387348023e+17,1.720409387348023e+17,0.9523444777573753,-0.027563997213232577,0.027563997213232577,0.026306428506921813
nga_5e17,0.0,5e+17,deep,coupled_final,0.0,0.01,0.0,0.3,channel,0.0,3.9e-06,0.0,39.0,0.0,1e+16,0.0,1.7448875361337594e+17,1.7448875361337594e+17,0.11952142277159818,-0.027956180393513396,0.027956180393513396,0.027956180393513396
nga_5e17,0.0,5e+17,deep,coupled_final,0.0,0.01,0.0,0.3,channel,2.5e-05,3.9e-06,0.25,39.0,-0.03835229325288982,2253010645974592.0,0.0,1.721352496452339e+17,1.721352496452339e+17,0.8954210524414958,-0.02757910748693505,0.02757910748693505,0.026337902954248423
nga_5e17,0.0,5e+17,deep,coupled_final,0.0,0.01,0.0,0.3,channel,0.0,3.975e-06,0.0,39.75,0.0,1e+16,0.0,1.7448875361337594e+17,1.7448875361337594e+17,0.11952142277159818,-0.027956180393513396,0.027956180393513396,0.027956180393513396
nga_5e17,0.0,5e+17,deep,coupled_final,0.0,0.01,0.0,0.3,channel,2.5e-05,3.975e-06,0.25,39.75,-0.036985935551783984,2375290954835669.5,0.0,1.7224095041891123e+17,1.7224095041891123e+17,0.8346416684619247,-0.027596042617913208,0.027596042617913208,0.026374429550592136
nga_5e17,0.0,5e+17,deep,coupled_final,0.0,0.01,0.0,0.3,channel,0.0,4.05e-06,0.0,40.5,0.0,1e+16,0.0,1.7448875361337594e+17,1.7448875361337594e+17,0.11952142277159818,-0.027956180393513396,0.027956180393513396,0.027956180393513396
nga_5e17,0.0,5e+17,deep,coupled_final,0.0,0.01,0.0,0.3,channel,2.5e-05,4.05e-06,0.25,40.5,-0.03545234960458817,2520459318083394.5,0.0,1.7235740751522195e+17,1.7235740751522195e+17,0.7712473398609375,-0.02761470110177046,0.02761470110177046,0.026416346570408537
nga_5e17,0.0,5e+17,deep,coupled_final,0.0,0.01,0.0,0.3,channel,0.0,4.125e-06,0.0,41.25,0.0,1e+16,0.0,1.7448875361337594e+17,1.7448875361337594e+17,0.11952142277159818,-0.027956180393513396,0.027956180393513396,0.027956180393513396
nga_5e17,0.0,5e+17,deep,coupled_final,0.0,0.01,0.0,0.3,channel,2.5e-05,4.125e-06,0.25,41.25,-0.03375125527369587,2691885505665609.0,0.0,1.7248392557999917e+17,1.7248392557999917e+17,0.7064591169195433,-0.027634971530486954,0.027634971530486954,0.026464082502345023
nga_5e17,0.0,5e+17,deep,coupled_final,0.0,0.01,0.0,0.3,channel,0.0,4.2000000000000004e-06,0.0,42.00000000000001,0.0,1e+16,0.0,1.7448875361337594e+17,1.7448875361337594e+17,0.11952142277159818,-0.027956180393513396,0.027956180393513396,0.027956180393513396
nga_5e17,0.0,5e+17,deep,coupled_final,0.0,0.01,0.0,0.3,channel,2.5e-05,4.2000000000000004e-06,0.25,42.00000000000001,-0.03188233394811093,2893695615242602.5,0.0,1.7261975266295827e+17,1.7261975266295827e+17,0.6414406730394269,-0.027656733428345102,0.027656733428345102,0.026518177944410092
nga_5e17,0.0,5e+17,deep,coupled_final,0.0,0.01,0.0,0.3,channel,0.0,4.2750000000000006e-06,0.0,42.75000000000001,0.0,1e+16,0.0,1.7448875361337594e+17,1.7448875361337594e+17,0.11952142277159818,-0.027956180393513396,0.027956180393513396,0.027956180393513396
nga_5e17,0.0,5e+17,deep,coupled_final,0.0,0.01,0.0,0.3,channel,2.5e-05,4.2750000000000006e-06,0.25,42.75000000000001,-0.029845225106014412,3130938505421085.0,0.0,1.7276408594759046e+17,1.7276408594759046e+17,0.5772657892922389,-0.027679858169959718,0.027679858169959718,0.026579313187547374
nga_5e17,0.0,5e+17,deep,coupled_final,0.0,0.01,0.0,0.3,channel,0.0,4.350000000000001e-06,0.0,43.50000000000001,0.0,1e+16,0.0,1.7448875361337594e+17,1.7448875361337594e+17,0.11952142277159818,-0.027956180393513396,0.027956180393513396,0.027956180393513396
nga_5e17,0.0,5e+17,deep,coupled_final,0.0,0.01,0.0,0.3,channel,2.5e-05,4.350000000000001e-06,0.25,43.50000000000001,-0.027639521989472858,3409796765348037.0,0.0,1.7291607796825814e+17,1.7291607796825814e+17,0.5148918913402185,-0.027704209976366537,0.027704209976366537,0.026648343012779477
nga_5e17,0.0,5e+17,deep,coupled_final,0.0,0.01,0.0,0.3,channel,0.0,4.425e-06,0.0,44.25,0.0,1e+16,0.0,1.7448875361337594e+17,1.7448875361337594e+17,0.11952142277159818,-0.027956180393513396,0.027956180393513396,0.027956180393513396
nga_5e17,0.0,5e+17,deep,coupled_final,0.0,0.01,0.0,0.3,channel,2.5e-05,4.425e-06,0.25,44.25,-0.025264766170183563,3737854740415496.0,0.0,1.730748432829063e+17,1.730748432829063e+17,0.4551403844061005,-0.02772964698410843,0.02772964698410843,0.026726340702746414
nga_5e17,0.0,5e+17,deep,coupled_final,0.0,0.01,0.0,0.3,channel,0.0,4.5e-06,0.0,45.0,0.0,1e+16,0.0,1.7448875361337594e+17,1.7448875361337594e+17,0.11952142277159818,-0.027956180393513396,0.027956180393513396,0.027956180393513396
nga_5e17,0.0,5e+17,deep,coupled_final,0.0,0.01,0.0,0.3,channel,2.5e-05,4.5e-06,0.25,45.0,-0.022720440726603435,4124440096318005.0,0.0,1.7323946556246013e+17,1.7323946556246013e+17,0.3986841089981881,-0.027756022381082126,0.027756022381082126,0.02681465390214747
nga_5e17,0.0,5e+17,deep,coupled_final,0.0,0.01,0.0,0.3,channel,0.0,4.575e-06,0.0,45.75,0.0,1e+16,0.0,1.7448875361337594e+17,1.7448875361337594e+17,0.11952142277159818,-0.027956180393513396,0.027956180393513396,0.027956180393513396
nga_5e17,0.0,5e+17,deep,coupled_final,0.0,0.01,0.0,0.3,channel,2.5e-05,4.575e-06,0.25,45.75,-0.02000596167752037,4581060715806933.0,0.0,1.7340900504970266e+17,1.7340900504970266e+17,0.34604183281470985,-0.027783185601582158,0.027783185601582158,0.02691497581136228
nga_5e17,0.0,5e+17,deep,coupled_final,0.0,0.01,0.0,0.3,channel,0.0,4.65e-06,0.0,46.50000000000001,0.0,1e+16,0.0,1.7448875361337594e+17,1.7448875361337594e+17,0.11952142277159818,-0.027956180393513396,0.027956180393513396,0.027956180393513396
nga_5e17,0.0,5e+17,deep,coupled_final,0.0,0.01,0.0,0.3,channel,2.5e-05,4.65e-06,0.25,46.50000000000001,-0.017120667219698276,5121965890845573.0,0.0,1.7358250633162074e+17,1.7358250633162074e+17,0.29757932841967977,-0.027810983571567978,0.027810983571567978,0.027029436344613755
nga_5e17,0.0,5e+17,deep,coupled_final,0.0,0.01,0.0,0.3,channel,0.0,4.7250000000000005e-06,0.0,47.25000000000001,0.0,1e+16,0.0,1.7448875361337594e+17,1.7448875361337594e+17,0.11952142277159818,-0.027956180393513396,0.027956180393513396,0.027956180393513396
nga_5e17,0.0,5e+17,deep,coupled_final,0.0,0.01,0.0,0.3,channel,2.5e-05,4.7250000000000005e-06,0.25,47.25000000000001,-0.014063804190374002,5764870511968831.0,0.0,1.7375900636059597e+17,1.7375900636059597e+17,0.25351628190103775,-0.02783926199380042,0.02783926199380042,0.02716071944303163
nga_5e17,0.0,5e+17,deep,coupled_final,0.0,0.01,0.0,0.3,channel,0.0,4.8e-06,0.0,48.0,0.0,1e+16,0.0,1.7448875361337594e+17,1.7448875361337594e+17,0.11952142277159818,-0.027956180393513396,0.027956180393513396,0.027956180393513396
nga_5e17,0.0,5e+17,deep,coupled_final,0.0,0.01,0.0,0.3,channel,2.5e-05,4.8e-06,0.25,48.0,-0.010834511009197644,6531894283099256.0,0.0,1.7393754265214877e+17,1.7393754265214877e+17,0.21393804830760335,-0.027867866661265114,0.027867866661265114,0.027312214866879094
nga_5e17,0.0,5e+17,deep,coupled_final,0.0,0.01,0.0,0.3,channel,0.0,4.875e-06,0.0,48.75,0.0,1e+16,0.0,1.7448875361337594e+17,1.7448875361337594e+17,0.11952142277159818,-0.027956180393513396,0.027956180393513396,0.027956180393513396
nga_5e17,0.0,5e+17,deep,coupled_final,0.0,0.01,0.0,0.3,channel,2.5e-05,4.875e-06,0.25,48.75,-0.007431796135131293,7450786364316513.0,0.0,1.7411716158039843e+17,1.7411716158039843e+17,0.17881112261636414,-0.027896644786251687,0.027896644786251687,0.02748821573403506
nga_5e17,0.0,5e+17,deep,coupled_final,0.0,0.01,0.0,0.3,channel,0.0,4.95e-06,0.0,49.5,0.0,1e+16,0.0,1.7448875361337594e+17,1.7448875361337594e+17,0.11952142277159818,-0.027956180393513396,0.027956180393513396,0.027956180393513396
nga_5e17,0.0,5e+17,deep,coupled_final,0.0,0.01,0.0,0.3,channel,2.5e-05,4.95e-06,0.25,49.5,-0.0038545107831572454,8556531387172254.0,0.0,1.7429692668618483e+17,1.7429692668618483e+17,0.14800113228300632,-0.027925446331461636,0.027925446331461636,0.027694177163123137
nga_5e17,0.0,5e+17,deep,coupled_final,0.0,0.01,0.0,0.3,channel,0.0,5.025e-06,0.0,50.25,0.0,1e+16,0.0,1.7448875361337594e+17,1.7448875361337594e+17,0.11952142277159818,-0.027956180393513396,0.027956180393513396,0.027956180393513396
nga_5e17,0.0,5e+17,deep,coupled_final,0.0,0.01,0.0,0.3,channel,2.5e-05,5.025e-06,0.25,50.25,-0.00010131425739839824,9893468609809338.0,0.0,1.7447592690560362e+17,1.7447592690560362e+17,0.12129217562140863,-0.027954125328365,0.027954125328365,0.0279370571179499
nga_5e17,0.0,5e+17,deep,coupled_final,0.0,0.01,0.0,0.3,channel,0.0,5.1e-06,0.0,51.0,0.0,1e+16,0.0,1.7448875361337594e+17,1.7448875361337594e+17,0.11952142277159818,-0.027956180393513396,0.027956180393513396,0.027956180393513396
nga_5e17,0.0,5e+17,deep,coupled_final,0.0,0.01,0.0,0.3,channel,2.5e-05,5.1e-06,0.25,51.0,0.003829370265033237,1.1518106709667892e+16,0.0,1.7465328461822378e+17,1.7465328461822378e+17,0.09840641962366233,-0.02798254116666697,0.02798254116666697,0.028225768676481827
nga_5e17,0.0,5e+17,deep,coupled_final,0.0,0.01,0.0,0.3,channel,0.0,5.1750000000000004e-06,0.0,51.75000000000001,0.0,1e+16,0.0,1.7448875361337594e+17,1.7448875361337594e+17,0.11952142277159818,-0.027956180393513396,0.027956180393513396,0.027956180393513396
nga_5e17,0.0,5e+17,deep,coupled_final,0.0,0.01,0.0,0.3,channel,2.5e-05,5.1750000000000004e-06,0.25,51.75000000000001,0.007939412373106195,1.3502889322864186e+16,0.0,1.748281634066151e+17,1.748281634066151e+17,0.07902301523608557,-0.028010559837521255,0.028010559837521255,0.028571784579979363
nga_5e17,0.0,5e+17,deep,coupled_final,0.0,0.01,0.0,0.3,channel,0.0,5.2500000000000006e-06,0.0,52.50000000000001,0.0,1e+16,0.0,1.7448875361337594e+17,1.7448875361337594e+17,0.11952142277159818,-0.027956180393513396,0.027956180393513396,0.027956180393513396
nga_5e17,0.0,5e+17,deep,coupled_final,0.0,0.01,0.0,0.3,channel,2.5e-05,5.2500000000000006e-06,0.25,52.50000000000001,0.012231047325044599,1.5941271596590888e+16,0.0,1.749997754157457e+17,1.749997754157457e+17,0.06279556752599905,-0.028038055112635536,0.028038055112635536,0.028989951765466114
nga_5e17,0.0,5e+17,deep,coupled_final,0.0,0.01,0.0,0.3,channel,0.0,5.325e-06,0.0,53.25,0.0,1e+16,0.0,1.7448875361337594e+17,1.7448875361337594e+17,0.11952142277159818,-0.027956180393513396,0.027956180393513396,0.027956180393513396
nga_5e17,0.0,5e+17,deep,coupled_final,0.0,0.01,0.0,0.3,channel,2.5e-05,5.325e-06,0.25,53.25,0.01670697039095715,1.8954622304741124e+16,0.0,1.751673882040306e+17,1.751673882040306e+17,0.04936759367177143,-0.0280649096419305,0.0280649096419305,0.029499598304225647
nga_5e17,0.0,5e+17,deep,coupled_final,0.0,0.01,0.0,0.3,channel,0.0,5.4e-06,0.0,54.0,0.0,1e+16,0.0,1.7448875361337594e+17,1.7448875361337594e+17,0.11952142277159818,-0.027956180393513396,0.027956180393513396,0.027956180393513396
nga_5e17,0.0,5e+17,deep,coupled_final,0.0,0.01,0.0,0.3,channel,2.5e-05,5.4e-06,0.25,54.0,0.021370459668104396,2.2701695728487212e+16,0.0,1.7533033098409274e+17,1.7533033098409274e+17,0.03838559921835985,-0.028091015953419958,0.028091015953419958,0.03012605196425594
nga_5e17,0.0,5e+17,deep,coupled_final,0.0,0.01,0.0,0.3,channel,5e-05,3e-06,0.5,30.0,-0.042388750790326536,1911224251580967.2,0.0,1.7179423565516685e+17,1.7179423565516685e+17,1.1138435678418646,-0.0275244710222598,0.0275244710222598,0.026228506272081512
nga_5e17,0.0,5e+17,deep,coupled_final,0.0,0.01,0.0,0.3,channel,5e-05,3.075e-06,0.5,30.750000000000004,-0.043026106035541425,1864681021730058.2,0.0,1.717415418942215e+17,1.717415418942215e+17,1.1507991694133854,-0.027516028551005378,0.027516028551005378,0.02621260675329329
nga_5e17,0.0,5e+17,deep,coupled_final,0.0,0.01,0.0,0.3,channel,5e-05,3.1500000000000003e-06,0.5,31.500000000000004,-0.04349694053203595,1831027552166879.0,0.0,1.7170234445148662e+17,1.7170234445148662e+17,1.1788709754761504,-0.02750974842831914,0.02750974842831914,0.026200934750348338
nga_5e17,0.0,5e+17,deep,coupled_final,0.0,0.01,0.0,0.3,channel,5e-05,3.225e-06,0.5,32.25,-0.043801328499491206,1809594995980519.0,0.0,1.716768808218567e+17,1.716768808218567e+17,1.1973761319318028,-0.027505668705078153,0.027505668705078153,0.026193421153034482
nga_5e17,0.0,5e+17,deep,coupled_final,0.0,0.01,0.0,0.3,channel,5e-05,3.3e-06,0.5,33.0,-0.04393931773718724,1799961722429755.2,0.0,1.7166530539512768e+17,1.7166530539512768e+17,1.2058589206443826,-0.02750381411725477,0.02750381411725477,0.026190023144631903
nga_5e17,0.0,5e+17,deep,coupled_final,0.0,0.01,0.0,0.3,channel,5e-05,3.3750000000000003e-06,0.5,33.75,-0.043910929895999234,1801939329907752.5,0.0,1.7166768837967546e+17,1.7166768837967546e+17,1.204108985254148,-0.027504195913470933,0.027504195913470933,0.026190721788497313
nga_5e17,0.0,5e+17,deep,coupled_final,0.0,0.01,0.0,0.3,channel,5e-05,3.45e-06,0.5,34.5,-0.043716160598700184,1815566433516455.0,0.0,1.7168401531435853e+17,1.7168401531435853e+17,1.1921697996368035,-0.027506811776796338,0.027506811776796338,0.026195520954521816
nga_5e17,0.0,5e+17,deep,coupled_final,0.0,0.01,0.0,0.3,channel,5e-05,3.525e-06,0.5,35.25,-0.04335497941539014,1841109936291989.2,0.0,1.717141871690699e+17,1.717141871690699e+17,1.1703369147180496,-0.027511645840858637,0.027511645840858637,0.026204447538913864
nga_5e17,0.0,5e+17,deep,coupled_final,0.0,0.01,0.0,0.3,channel,5e-05,3.6000000000000003e-06,0.5,36.0,-0.04282732969265581,1879073843517316.2,0.0,1.7175802103385354e+17,1.7175802103385354e+17,1.1391460799200723,-0.027518668800252066,0.027518668800252066,0.026217552986816463
nga_5e17,0.0,5e+17,deep,coupled_final,0.0,0.01,0.0,0.3,channel,5e-05,3.6750000000000004e-06,0.5,36.75000000000001,-0.04213312822678761,1930216033597396.8,0.0,1.7181525139595837e+17,1.7181525139595837e+17,1.0993518894863679,-0.027527838115144036,0.027527838115144036,0.02623491618390423
nga_5e17,0.0,5e+17,deep,coupled_final,0.0,0.01,0.0,0.3,channel,5e-05,3.7500000000000005e-06,0.5,37.50000000000001,-0.04127226476268424,1995573778452071.5,0.0,1.7188553200350093e+17,1.7188553200350093e+17,1.051898113479166,-0.02753909830986684,0.02753909830986684,0.026256647843792738
nga_5e17,0.0,5e+17,deep,coupled_final,0.0,0.01,0.0,0.3,channel,5e-05,3.825000000000001e-06,0.5,38.25000000000001,-0.04024460129057219,2076499235069794.5,0.0,1.7196843831340115e+17,1.7196843831340115e+17,0.9978813041403561,-0.027552381365120168,0.027552381365120168,0.026282896586614937
nga_5e17,0.0,5e+17,deep,coupled_final,0.0,0.01,0.0,0.3,channel,5e-05,3.9e-06,0.5,39.0,-0.039049971101923826,2174706635376359.2,0.0,1.7206347051982662e+17,1.7206347051982662e+17,0.9385095926408917,-0.027567607203181403,0.027567607203181403,0.026313856984881877
nga_5e17,0.0,5e+17,deep,coupled_final,0.0,0.01,0.0,0.3,channel,5e-05,3.975e-06,0.5,39.75,-0.03768817755345959,2292333517619839.5,0.0,1.7217005715742038e+17,1.7217005715742038e+17,0.8750587895531936,-0.027584684265206338,0.027584684265206338,0.02634977995113289
nga_5e17,0.0,5e+17,deep,coupled_final,0.0,0.01,0.0,0.3,channel,5e-05,4.05e-06,0.5,40.5,-0.036158992473243244,2432019111717958.5,0.0,1.722875592710256e+17,1.722875592710256e+17,0.8088279650134038,-0.027603510179292728,0.027603510179292728,0.02639098596471632
nga_5e17,0.0,5e+17,deep,coupled_final,0.0,0.01,0.0,0.3,channel,5e-05,4.125e-06,0.5,41.25,-0.03446215412484174,2597003968821287.0,0.0,1.7241527514040285e+17,1.7241527514040285e+17,0.7410966121424233,-0.02762397251746345,0.02762397251746345,0.02643788179118852
nga_5e17,0.0,5e+17,deep,coupled_final,0.0,0.01,0.0,0.3,channel,5e-05,4.2000000000000004e-06,0.5,42.00000000000001,-0.03259736462333375,2791256184852709.5,0.0,1.725524455445367e+17,1.725524455445367e+17,0.673085300434382,-0.02764594963910141,0.02764594963910141,0.02649098154898931
nga_5e17,0.0,5e+17,deep,coupled_final,0.0,0.01,0.0,0.3,channel,5e-05,4.2750000000000006e-06,0.5,42.75000000000001,-0.030564286669332672,3019631206878235.0,0.0,1.7269825954551318e+17,1.7269825954551318e+17,0.6059214238178681,-0.027669311617628867,0.027669311617628867,0.02655093323992462
nga_5e17,0.0,5e+17,deep,coupled_final,0.0,0.01,0.0,0.3,channel,5e-05,4.350000000000001e-06,0.5,43.50000000000001,-0.028362539432479402,3288074362209401.5,0.0,1.7285186076654314e+17,1.7285186076654314e+17,0.5406112671848364,-0.027693921246357674,0.027693921246357674,0.02661855220375631
nga_5e17,0.0,5e+17,deep,coupled_final,0.0,0.01,0.0,0.3,channel,5e-05,4.425e-06,0.5,44.25,-0.02599169337187176,3603878093680013.0,0.0,1.7301235413239958e+17,1.7301235413239958e+17,0.4780191861508245,-0.027719635118426393,0.027719635118426393,0.02669486341177425
nga_5e17,0.0,5e+17,deep,coupled_final,0.0,0.01,0.0,0.3,channel,5e-05,4.5e-06,0.5,45.0,-0.023451263724744417,3976009668824427.5,0.0,1.731788130331961e+17,1.731788130331961e+17,0.4188542502312495,-0.027746304774564145,0.027746304774564145,0.026781155119359
nga_5e17,0.0,5e+17,deep,coupled_final,0.0,0.01,0.0,0.3,channel,5e-05,4.575e-06,0.5,45.75,-0.02074070232255136,4415530199700223.5,0.0,1.7335028686409002e+17,1.7335028686409002e+17,0.3636642708868628,-0.027773777911084215,0.027773777911084215,0.026879047208352318
nga_5e17,0.0,5e+17,deep,coupled_final,0.0,0.01,0.0,0.3,channel,5e-05,4.65e-06,0.5,46.50000000000001,-0.017859387300279073,4936132644284293.0,0.0,1.7352580888446538e+17,1.7352580888446538e+17,0.3128367504028462,-0.027801899639064,0.027801899639064,0.026990578643563693
nga_5e17,0.0,5e+17,deep,coupled_final,0.0,0.01,0.0,0.3,channel,5e-05,4.7250000000000005e-06,0.5,47.25000000000001,-0.014806610143389742,5554835736303460.0,0.0,1.7370440433117254e+17,1.7370440433117254e+17,0.2666059665817533,-0.027830513784229304,0.027830513784229304,0.02711831995247066
nga_5e17,0.0,5e+17,deep,coupled_final,0.0,0.01,0.0,0.3,channel,5e-05,4.8e-06,0.5,48.0,-0.011581559357823427,6292883469229661.0,0.0,1.7388509871234298e+17,1.7388509871234298e+17,0.22506516595642861,-0.027859464215769937,0.027859464215769937,0.0272655186672584
nga_5e17,0.0,5e+17,deep,coupled_final,0.0,0.01,0.0,0.3,channel,5e-05,4.875e-06,0.5,48.75,-0.008183299839081974,7176917220488969.0,0.0,1.7406692620159296e+17,1.7406692620159296e+17,0.18818268220306647,-0.02788859619123946,0.02788859619123946,0.027436288464721424
nga_5e17,0.0,5e+17,deep,coupled_final,0.0,0.01,0.0,0.3,channel,5e-05,4.95e-06,0.5,49.5,-0.004610746738810199,8240511841122533.0,0.0,1.7424893804647382e+17,1.7424893804647382e+17,0.1558207285080974,-0.027917757703737396,0.027917757703737396,0.027635856622142078
nga_5e17,0.0,5e+17,deep,coupled_final,0.0,0.01,0.0,0.3,channel,5e-05,5.025e-06,0.5,50.25,-0.000862632256813331,9526200980942206.0,0.0,1.7443021089836387e+17,1.7443021089836387e+17,0.12775562935109364,-0.027946800816505073,0.027946800816505073,0.027870889844750422
nga_5e17,0.0,5e+17,deep,coupled_final,0.0,0.01,0.0,0.3,channel,5e-05,5.1e-06,0.5,51.0,0.0030625367114356155,1.1088164910853112e+16,0.0,1.7460985496280253e+17,1.7460985496280253e+17,0.10369834896855407,-0.027975582968753115,0.027975582968753115,0.02814992620816387
nga_5e17,0.0,5e+17,deep,coupled_final,0.0,0.01,0.0,0.3,channel,5e-05,5.1750000000000004e-06,0.5,51.75000000000001,0.007166532815883137,1.299582266852958e+16,0.0,1.747870218611302e+17,1.747870218611302e+17,0.08331432443447985,-0.028003968235235,0.028003968235235,0.02848395194314756
nga_5e17,0.0,5e+17,deep,coupled_final,0.0,0.01,0.0,0.3,channel,5e-05,5.2500000000000006e-06,0.5,52.50000000000001,0.011451478045830172,1.5338669446504752e+16,0.0,1.749609120901111e+17,1.749609120901111e+17,0.0662417998412428,-0.02803182852141041,0.02803182852141041,0.028887177665794374
nga_5e17,0.0,5e+17,deep,coupled_final,0.0,0.01,0.0,0.3,channel,5e-05,5.325e-06,0.5,53.25,0.01591993400802421,1.823284519604986e+16,0.0,1.7513078196875197e+17,1.7513078196875197e+17,0.05210806375038243,-0.02805904467644829,0.02805904467644829,0.02937809189689331
nga_5e17,0.0,5e+17,deep,coupled_final,0.0,0.01,0.0,0.3,channel,5e-05,5.4e-06,0.5,54.0,0.02057501938180901,2.1830135785182972e+16,0.0,1.7529594996849962e+17,1.7529594996849962e+17,0.040543199218209425,-0.02808550750743631,0.02808550750743631,0.02998090422064305
nga_5e17,0.0,5e+17,deep,coupled_final,0.0,0.01,0.0,0.3,channel,7.500000000000001e-05,3e-06,0.7500000000000001,30.0,-0.042355867683951394,1897328801019079.8,0.0,1.7177868336963338e+17,1.7177868336963338e+17,1.1246582780998842,-0.027521979271411097,0.027521979271411097,0.026223788224611896
nga_5e17,0.0,5e+17,deep,coupled_final,0.0,0.01,0.0,0.3,channel,7.500000000000001e-05,3.075e-06,0.7500000000000001,30.750000000000004,-0.042992619318920365,1851167182867742.2,0.0,1.7172591517541837e+17,1.7172591517541837e+17,1.1619305837725782,-0.02751352487463213,0.02751352487463213,0.02620793792123396
nga_5e17,0.0,5e+17,deep,coupled_final,0.0,0.01,0.0,0.3,channel,7.500000000000001e-05,3.1500000000000003e-06,0.7500000000000001,31.500000000000004,-0.04346287393913232,1817798382530417.0,0.0,1.7168667401515968e+17,1.7168667401515968e+17,1.1902339220509508,-0.027507237747626378,0.027507237747626378,0.026196304523007703
nga_5e17,0.0,5e+17,deep,coupled_final,0.0,0.01,0.0,0.3,channel,7.500000000000001e-05,3.225e-06,0.7500000000000001,32.25,-0.043766705451410655,1796559345945382.5,0.0,1.716611974734476e+17,1.716611974734476e+17,1.2088799693254888,-0.027503155955641758,0.027503155955641758,0.02618881986220856
nga_5e17,0.0,5e+17,deep,coupled_final,0.0,0.01,0.0,0.3,channel,7.500000000000001e-05,3.3e-06,0.7500000000000001,33.0,-0.04390416140591392,1787032329402448.5,0.0,1.716496399055673e+17,1.716496399055673e+17,1.2174096542956443,-0.027501304229121386,0.027501304229121386,0.026185441739358505
nga_5e17,0.0,5e+17,deep,coupled_final,0.0,0.01,0.0,0.3,channel,7.500000000000001e-05,3.3750000000000003e-06,0.7500000000000001,33.75,-0.043875263264225424,1789031044580450.0,0.0,1.7165207136296522e+17,1.7165207136296522e+17,1.2156115131161098,-0.027501693791544338,0.027501693791544338,0.026186151531257078
nga_5e17,0.0,5e+17,deep,coupled_final,0.0,0.01,0.0,0.3,channel,7.500000000000001e-05,3.45e-06,0.7500000000000001,34.5,-0.043680006517664606,1802594517164369.5,0.0,1.7166847710690547e+17,1.7166847710690547e+17,1.203530200165958,-0.027504322281504786,0.027504322281504786,0.026190953129102513
nga_5e17,0.0,5e+17,deep,coupled_final,0.0,0.01,0.0,0.3,channel,7.500000000000001e-05,3.525e-06,0.7500000000000001,35.25,-0.04331836066256605,1827988371490996.2,0.0,1.716987577107286e+17,1.716987577107286e+17,1.1814646879621236,-0.02750917376909567,0.02750917376909567,0.026199873160698328
nga_5e17,0.0,5e+17,deep,coupled_final,0.0,0.01,0.0,0.3,channel,7.500000000000001e-05,3.6000000000000003e-06,0.7500000000000001,36.0,-0.04279026903111464,1865713601278662.0,0.0,1.717427297506279e+17,1.717427297506279e+17,1.1499562550288183,-0.027516218866583265,0.027516218866583265,0.026212962506353733
nga_5e17,0.0,5e+17,deep,coupled_final,0.0,0.01,0.0,0.3,channel,7.500000000000001e-05,3.6750000000000004e-06,0.7500000000000001,36.75000000000001,-0.0420956484681063,1916523237784441.2,0.0,1.7180012708433978e+17,1.7180012708433978e+17,1.1097669190568373,-0.027525414933275972,0.027525414933275972,0.0262302991742856
nga_5e17,0.0,5e+17,deep,coupled_final,0.0,0.01,0.0,0.3,channel,7.500000000000001e-05,3.7500000000000005e-06,0.7500000000000001,37.50000000000001,-0.0412343888353673,1981447703321922.0,0.0,1.7187060271645645e+17,1.7187060271645645e+17,1.0618494863182963,-0.027536706374380344,0.027536706374380344,0.026251992661555878
nga_5e17,0.0,5e+17,deep,coupled_final,0.0,0.01,0.0,0.3,channel,7.500000000000001e-05,3.825000000000001e-06,0.7500000000000001,38.25000000000001,-0.04020635231612716,2061830063543573.0,0.0,1.7195373124807923e+17,1.7195373124807923e+17,1.0073108225532663,-0.02755002503347882,0.02755002503347882,0.026278189994587645
nga_5e17,0.0,5e+17,deep,coupled_final,0.0,0.01,0.0,0.3,channel,7.500000000000001e-05,3.9e-06,0.7500000000000001,39.0,-0.03901137248097048,2159372893643713.5,0.0,1.7204901190711328e+17,1.7204901190711328e+17,0.9473702773000586,-0.027565290678036466,0.027565290678036466,0.026309083723465358
nga_5e17,0.0,5e+17,deep,coupled_final,0.0,0.01,0.0,0.3,channel,7.500000000000001e-05,3.975e-06,0.7500000000000001,39.75,-0.03764925306458022,2276199085123131.5,0.0,1.7215587215355763e+17,1.7215587215355763e+17,0.8833153933067445,-0.027582411577032128,0.027582411577032128,0.026344922241883773
nga_5e17,0.0,5e+17,deep,coupled_final,0.0,0.01,0.0,0.3,channel,7.500000000000001e-05,4.05e-06,0.7500000000000001,40.5,-0.036119766387710875,2414929683305714.0,0.0,1.7227367185158592e+17,1.7227367185158592e+17,0.8164570955325268,-0.027601285169399446,0.027601285169399446,0.02638602292653399
nga_5e17,0.0,5e+17,deep,coupled_final,0.0,0.01,0.0,0.3,channel,7.500000000000001e-05,4.125e-06,0.7500000000000001,41.25,-0.03442265134091771,2578782816344142.5,0.0,1.7240170799700208e+17,1.7240170799700208e+17,0.748086480997122,-0.027621798821448766,0.027621798821448766,0.026432788744699492
nga_5e17,0.0,5e+17,deep,coupled_final,0.0,0.01,0.0,0.3,channel,7.500000000000001e-05,4.2000000000000004e-06,0.7500000000000001,42.00000000000001,-0.0325576108245354,2771699026558722.0,0.0,1.7253921998475853e+17,1.7253921998475853e+17,0.6794351320313303,-0.027643830670816594,0.027643830670816594,0.026485729178499885
nga_5e17,0.0,5e+17,deep,coupled_final,0.0,0.01,0.0,0.3,channel,7.500000000000001e-05,4.2750000000000006e-06,0.7500000000000001,42.75000000000001,-0.0305243085119759,2998499941730704.0,0.0,1.7268539539661088e+17,1.7268539539661088e+17,0.611640570801828,-0.02766725055375011,0.02766725055375011,0.02654548657411924
nga_5e17,0.0,5e+17,deep,coupled_final,0.0,0.01,0.0,0.3,channel,7.500000000000001e-05,4.350000000000001e-06,0.7500000000000001,43.50000000000001,-0.02832236476895077,3265089358716059.5,0.0,1.7283937628358992e+17,1.7283937628358992e+17,0.5457180887731287,-0.027691921011670152,0.027691921011670152,0.026612869365515844
nga_5e17,0.0,5e+17,deep,coupled_final,0.0,0.01,0.0,0.3,channel,7.500000000000001e-05,4.425e-06,0.7500000000000001,44.25,-0.025951351517550354,3578708633528281.5,0.0,1.7300026591167126e+17,1.7300026591167126e+17,0.482539752061986,-0.02771769837194664,0.02771769837194664,0.026688894073199947
nga_5e17,0.0,5e+17,deep,coupled_final,0.0,0.01,0.0,0.3,channel,7.500000000000001e-05,4.5e-06,0.7500000000000001,45.0,-0.023410785778364415,3948262027039924.5,0.0,1.731671359316982e+17,1.731671359316982e+17,0.4228209352791486,-0.027744433896646867,0.027744433896646867,0.026774838579110154
nga_5e17,0.0,5e+17,deep,coupled_final,0.0,0.01,0.0,0.3,channel,7.500000000000001e-05,4.575e-06,0.7500000000000001,45.75,-0.020700121552193394,4384732684746693.0,0.0,1.7333903392626192e+17,1.7333903392626192e+17,0.36711430411296786,-0.02777197499167901,0.02777197499167901,0.026872309983062732
nga_5e17,0.0,5e+17,deep,coupled_final,0.0,0.01,0.0,0.3,channel,7.500000000000001e-05,4.65e-06,0.7500000000000001,46.50000000000001,-0.017818739610262722,4901716708908936.0,0.0,1.73514991277181e+17,1.73514991277181e+17,0.3158107782379767,-0.027800166467301317,0.027800166467301317,0.026983331431051444
nga_5e17,0.0,5e+17,deep,coupled_final,0.0,0.01,0.0,0.3,channel,7.500000000000001e-05,4.7250000000000005e-06,0.7500000000000001,47.25000000000001,-0.014765934641326884,5516111982422298.0,0.0,1.7369403128817664e+17,1.7369403128817664e+17,0.2691466825759659,-0.02782885183951815,0.02782885183951815,0.027110453778394595
nga_5e17,0.0,5e+17,deep,coupled_final,0.0,0.01,0.0,0.3,channel,7.500000000000001e-05,4.8e-06,0.7500000000000001,48.0,-0.011540899046275426,6249010978445564.0,0.0,1.7387517748919987e+17,1.7387517748919987e+17,0.22721605078636148,-0.02785787466057988,0.02785787466057988,0.02725689996410738
nga_5e17,0.0,5e+17,deep,coupled_final,0.0,0.01,0.0,0.3,channel,7.500000000000001e-05,4.875e-06,0.7500000000000001,48.75,-0.008142702463041053,7126864103799234.0,0.0,1.740574620421224e+17,1.740574620421224e+17,0.1899868876382567,-0.02788707986572304,0.02788707986572304,0.027426752745803088
nga_5e17,0.0,5e+17,deep,coupled_final,0.0,0.01,0.0,0.3,channel,7.500000000000001e-05,4.95e-06,0.7500000000000001,49.5,-0.004570265829144478,8183004155701605.0,0.0,1.7423993416157526e+17,1.7423993416157526e+17,0.1573201284098149,-0.027916315122337425,0.027916315122337425,0.027625200293756424
nga_5e17,0.0,5e+17,deep,coupled_final,0.0,0.01,0.0,0.3,channel,7.500000000000001e-05,5.025e-06,0.7500000000000001,50.25,-0.0008223284216344831,9459656118304348.0,0.0,1.7442166845815267e+17,1.7442166845815267e+17,0.12899005018153145,-0.0279454321666947,0.0279454321666947,0.027858859532536938
nga_5e17,0.0,5e+17,deep,coupled_final,0.0,0.01,0.0,0.3,channel,7.500000000000001e-05,5.1e-06,0.7500000000000001,51.0,0.003102594179741684,1.1010604084488008e+16,0.0,1.7460177310305146e+17,1.7460177310305146e+17,0.10470498232814998,-0.02797428811206787,0.02797428811206787,0.028136204737107033
nga_5e17,0.0,5e+17,deep,coupled_final,0.0,0.01,0.0,0.3,channel,7.500000000000001e-05,5.1750000000000004e-06,0.7500000000000001,51.75000000000001,0.007206263928976944,1.2904755016276558e+16,0.0,1.747793977049866e+17,1.747793977049866e+17,0.08412731544852073,-0.02800274671075227,0.02800274671075227,0.02846813977220953
nga_5e17,0.0,5e+17,deep,coupled_final,0.0,0.01,0.0,0.3,channel,7.500000000000001e-05,5.2500000000000006e-06,0.7500000000000001,52.50000000000001,0.011490789585246386,1.5230937199740166e+16,0.0,1.7495374078580058e+17,1.7495374078580058e+17,0.0668919982619237,-0.028030679551790245,0.028030679551790245,0.028868768087324755
nga_5e17,0.0,5e+17,deep,coupled_final,0.0,0.01,0.0,0.3,channel,7.500000000000001e-05,5.325e-06,0.7500000000000001,53.25,0.015958716311073345,1.810441486333118e+16,0.0,1.751240567435368e+17,1.751240567435368e+17,0.05262291958783337,-0.028057967176578477,0.028057967176578477,0.029356437589205628
nga_5e17,0.0,5e+17,deep,coupled_final,0.0,0.01,0.0,0.3,channel,7.500000000000001e-05,5.4e-06,0.7500000000000001,54.0,0.02061314223521758,2.1675813569980464e+16,0.0,1.752896621987881e+17,1.752896621987881e+17,0.04094678141858474,-0.028084500095665134,0.028084500095665134,0.029955171664141418
nga_5e17,0.0,5e+17,deep,coupled_final,0.0,0.01,0.0,0.3,channel,0.0001,3e-06,1.0,30.0,-0.04231467062201326,1884028233242233.5,0.0,1.717636549781316e+17,1.717636549781316e+17,1.1351821454723852,-0.02751957145764002,0.02751957145764002,0.02621924942494972
nga_5e17,0.0,5e+17,deep,coupled_final,0.0,0.01,0.0,0.3,channel,0.0001,3.075e-06,1.0,30.750000000000004,-0.042950735568337825,1838239042372430.5,0.0,1.7171082378559178e+17,1.7171082378559178e+17,1.1727559686937161,-0.027511106967416654,0.027511106967416654,0.02620344869755622
nga_5e17,0.0,5e+17,deep,coupled_final,0.0,0.01,0.0,0.3,channel,0.0001,3.1500000000000003e-06,1.0,31.500000000000004,-0.04342033194621988,1805149244358602.0,0.0,1.7167154891979296e+17,1.7167154891979296e+17,1.2012779972455518,-0.02750481444018802,0.02750481444018802,0.02619185460020743
nga_5e17,0.0,5e+17,deep,coupled_final,0.0,0.01,0.0,0.3,channel,0.0001,3.225e-06,1.0,32.25,-0.043723533412129235,1784101479777163.5,0.0,1.716460679871612e+17,1.716460679871612e+17,1.220054768288964,-0.02750073194470051,0.02750073194470051,0.026184399881058886
nga_5e17,0.0,5e+17,deep,coupled_final,0.0,0.01,0.0,0.3,channel,0.0001,3.3e-06,1.0,33.0,-0.04386038732537035,1774681854641569.2,0.0,1.7163453525043866e+17,1.7163453525043866e+17,1.228624122201561,-0.027498884196570213,0.027498884196570213,0.026181042942599264
nga_5e17,0.0,5e+17,deep,coupled_final,0.0,0.01,0.0,0.3,channel,0.0001,3.3750000000000003e-06,1.0,33.75,-0.04383091501234821,1776706216462512.5,0.0,1.7163702055639907e+17,1.7163702055639907e+17,1.226773675869058,-0.027499282386484025,0.027499282386484025,0.026181765471033902
nga_5e17,0.0,5e+17,deep,coupled_final,0.0,0.01,0.0,0.3,channel,0.0001,3.45e-06,1.0,34.5,-0.04363511188291454,1790214084646871.5,0.0,1.71653508851651e+17,1.71653508851651e+17,1.2145493678131147,-0.02750192410262274,0.02750192410262274,0.026186571386250634
nga_5e17,0.0,5e+17,deep,coupled_final,0.0,0.01,0.0,0.3,channel,0.0001,3.525e-06,1.0,35.25,-0.04327294740546496,1815469951125103.8,0.0,1.7168390028692253e+17,1.7168390028692253e+17,1.192253606945493,-0.027506793347369315,0.027506793347369315,0.02619548706691149
nga_5e17,0.0,5e+17,deep,coupled_final,0.0,0.01,0.0,0.3,channel,0.0001,3.6000000000000003e-06,1.0,36.0,-0.0427443649393574,1852972011993815.2,0.0,1.7172801090974624e+17,1.7172801090974624e+17,1.1604331265336694,-0.02751386064828925,0.02751386064828925,0.026208562860396495
nga_5e17,0.0,5e+17,deep,coupled_final,0.0,0.01,0.0,0.3,channel,0.0001,3.6750000000000004e-06,1.0,36.75000000000001,-0.04204928141505885,1903468739581949.2,0.0,1.7178557394495904e+17,1.7178557394495904e+17,1.1198572078028237,-0.027523083263289255,0.027523083263289255,0.02622587594310002
nga_5e17,0.0,5e+17,deep,coupled_final,0.0,0.01,0.0,0.3,channel,0.0001,3.7500000000000005e-06,1.0,37.50000000000001,-0.041187586843849454,1967984078145024.2,0.0,1.7185624166176013e+17,1.7185624166176013e+17,1.0714874550799984,-0.02753440547975294,0.02753440547975294,0.02624753465636174
nga_5e17,0.0,5e+17,deep,coupled_final,0.0,0.01,0.0,0.3,channel,0.0001,3.825000000000001e-06,1.0,38.25000000000001,-0.04015914362953803,2047852468759558.0,0.0,1.7193958782509734e+17,1.7193958782509734e+17,1.0164407417749883,-0.027547759007296183,0.027547759007296183,0.02627368451082876
nga_5e17,0.0,5e+17,deep,coupled_final,0.0,0.01,0.0,0.3,channel,0.0001,3.9e-06,1.0,39.0,-0.03896378564404367,2144765407121087.8,0.0,1.7203511072774538e+17,1.7203511072774538e+17,0.9559472754861508,-0.027563063463559637,0.027563063463559637,0.026304516131629728
nga_5e17,0.0,5e+17,deep,coupled_final,0.0,0.01,0.0,0.3,channel,0.0001,3.975e-06,1.0,39.75,-0.03760131701636841,2260831845044143.5,0.0,1.72142236797504e+17,1.72142236797504e+17,0.8913059314049435,-0.027580226952145587,0.027580226952145587,0.026340275513698875
nga_5e17,0.0,5e+17,deep,coupled_final,0.0,0.01,0.0,0.3,channel,0.0001,4.05e-06,1.0,40.5,-0.03607151056980966,2398655504533671.0,0.0,1.722603247713927e+17,1.722603247713927e+17,0.8238390662211904,-0.027599146731397677,0.027599146731397677,0.026381277077635608
nga_5e17,0.0,5e+17,deep,coupled_final,0.0,0.01,0.0,0.3,channel,0.0001,4.125e-06,1.0,41.25,-0.034374105824469404,2561433136862252.5,0.0,1.7238867042551027e+17,1.7238867042551027e+17,0.7548489506058809,-0.02761970997220794,0.02761970997220794,0.026427920170351338
nga_5e17,0.0,5e+17,deep,coupled_final,0.0,0.01,0.0,0.3,channel,0.0001,4.2000000000000004e-06,1.0,42.00000000000001,-0.03250880646023282,2753079000155376.0,0.0,1.725265118453354e+17,1.725265118453354e+17,0.6855777578351022,-0.02764179460241206,0.02764179460241206,0.026480709852972555
nga_5e17,0.0,5e+17,deep,coupled_final,0.0,0.01,0.0,0.3,channel,0.0001,4.2750000000000006e-06,1.0,42.75000000000001,-0.030475277108152333,2978382443918654.0,0.0,1.726730352166339e+17,1.726730352166339e+17,0.6171727388518545,-0.02766527023459499,0.02766527023459499,0.02654028307647122
nga_5e17,0.0,5e+17,deep,coupled_final,0.0,0.01,0.0,0.3,channel,0.0001,4.350000000000001e-06,1.0,43.50000000000001,-0.028273139303945267,3243207608006458.0,0.0,1.7282738111175283e+17,1.7282738111175283e+17,0.5506578266869671,-0.02768999917326633,0.02768999917326633,0.02660744168414223
nga_5e17,0.0,5e+17,deep,coupled_final,0.0,0.01,0.0,0.3,channel,0.0001,4.425e-06,1.0,44.25,-0.025901966393942745,3554747044379801.5,0.0,1.729886512397969e+17,1.729886512397969e+17,0.4869124769418469,-0.02771583749635777,0.02771583749635777,0.026683194127786358
nga_5e17,0.0,5e+17,deep,coupled_final,0.0,0.01,0.0,0.3,channel,0.0001,4.5e-06,1.0,45.0,-0.023361277128469936,3921844796824253.5,0.0,1.7315591562186627e+17,1.7315591562186627e+17,0.42665809907550734,-0.02774263620482297,0.02774263620482297,0.0267688083803876
nga_5e17,0.0,5e+17,deep,coupled_final,0.0,0.01,0.0,0.3,channel,0.0001,4.575e-06,1.0,45.75,-0.020650527606507697,4355409464863102.0,0.0,1.7332822014418384e+17,1.7332822014418384e+17,0.3704519974712423,-0.027770242432781943,0.027770242432781943,0.026865879326392554
nga_5e17,0.0,5e+17,deep,coupled_final,0.0,0.01,0.0,0.3,channel,0.0001,4.65e-06,1.0,46.50000000000001,-0.017769101143509602,4868944505687703.0,0.0,1.735045944328469e+17,1.735045944328469e+17,0.31868834957287623,-0.02779850070919538,0.02779850070919538,0.02697641498712093
nga_5e17,0.0,5e+17,deep,coupled_final,0.0,0.01,0.0,0.3,channel,0.0001,4.7250000000000005e-06,1.0,47.25000000000001,-0.014716295514591143,5479232156858985.0,0.0,1.736840599848265e+17,1.736840599848265e+17,0.2716054223993778,-0.02782725426059434,0.02782725426059434,0.027102947399992427
nga_5e17,0.0,5e+17,deep,coupled_final,0.0,0.01,0.0,0.3,channel,0.0001,4.8e-06,1.0,48.0,-0.011491306868683403,6207219836889632.0,0.0,1.7386563848162477e+17,1.7386563848162477e+17,0.2292979828366219,-0.02785634634307504,0.02785634634307504,0.02724867596755163
nga_5e17,0.0,5e+17,deep,coupled_final,0.0,0.01,0.0,0.3,channel,0.0001,4.875e-06,1.0,48.75,-0.008093209402965306,7079175053898836.0,0.0,1.740483602052085e+17,1.740483602052085e+17,0.19173369876839416,-0.02788562159068005,0.02788562159068005,0.027417653842615294
nga_5e17,0.0,5e+17,deep,coupled_final,0.0,0.01,0.0,0.3,channel,0.0001,4.95e-06,1.0,49.5,-0.004520929613483922,8128198684155378.0,0.0,1.7423127246994128e+17,1.7423127246994128e+17,0.15877225907383127,-0.027914927366342736,0.027914927366342736,0.02761503173316907
nga_5e17,0.0,5e+17,deep,coupled_final,0.0,0.01,0.0,0.3,channel,0.0001,5.025e-06,1.0,50.25,-0.0007732135730876296,9396219842385026.0,0.0,1.7441344797775766e+17,1.7441344797775766e+17,0.13018595726471804,-0.027944115100533785,0.027944115100533785,0.027847378854473432
nga_5e17,0.0,5e+17,deep,coupled_final,0.0,0.01,0.0,0.3,channel,0.0001,5.1e-06,1.0,51.0,0.0031514148023122964,1.093664270822146e+16,0.0,1.7459399299573504e+17,1.7459399299573504e+17,0.10568057658244116,-0.02797304160145263,0.02797304160145263,0.028123108307604526
nga_5e17,0.0,5e+17,deep,coupled_final,0.0,0.01,0.0,0.3,channel,0.0001,5.1750000000000004e-06,1.0,51.75000000000001,0.007254707201550285,1.2817882988327524e+16,0.0,1.7477205524689965e+17,1.7477205524689965e+17,0.08491556751030589,-0.02800157031927397,0.02800157031927397,0.028453044947398413
nga_5e17,0.0,5e+17,deep,coupled_final,0.0,0.01,0.0,0.3,channel,0.0001,5.2500000000000006e-06,1.0,52.50000000000001,0.011538759687708244,1.5128128921731424e+16,0.0,1.7494683140046234e+17,1.7494683140046234e+17,0.06752270060703286,-0.02802957254621582,0.02802957254621582,0.028851189379669594
nga_5e17,0.0,5e+17,deep,coupled_final,0.0,0.01,0.0,0.3,channel,0.0001,5.325e-06,1.0,53.25,0.016006101642928268,1.7981803962632996e+16,0.0,1.7511757404984096e+17,1.7511757404984096e+17,0.05312258697552137,-0.028056928534541992,0.028056928534541992,0.02933575451515191
nga_5e17,0.0,5e+17,deep,coupled_final,0.0,0.01,0.0,0.3,channel,0.0001,5.4e-06,1.0,54.0,0.02065981147368707,2.1528419278288428e+16,0.0,1.7528359807392845e+17,1.7528359807392845e+17,0.04133866925333343,-0.028083528515749554,0.028083528515749554,0.02993058491521244
nga_5e17,0.0,5e+17,deep,coupled_final,0.0,0.01,0.0,0.3,channel,0.000125,3e-06,1.25,30.0,-0.04227323436701711,1870728153755288.0,0.0,1.7174848603077693e+17,1.7174848603077693e+17,1.1458780002475153,-0.027517141124338618,0.027517141124338618,0.02621468818398989
nga_5e17,0.0,5e+17,deep,coupled_final,0.0,0.01,0.0,0.3,channel,0.000125,3.075e-06,1.25,30.750000000000004,-0.042908609377143685,1825310919492794.2,0.0,1.7169559132744742e+17,1.7169559132744742e+17,1.1837579256878226,-0.02750866645856493,0.02750866645856493,0.026198936875064572
nga_5e17,0.0,5e+17,deep,coupled_final,0.0,0.01,0.0,0.3,channel,0.000125,3.1500000000000003e-06,1.25,31.500000000000004,-0.04337754448128945,1792499688346167.8,0.0,1.7165628248917926e+17,1.7165628248917926e+17,1.2125018952979774,-0.027502368488346637,0.027502368488346637,0.026187381966058687
nga_5e17,0.0,5e+17,deep,coupled_final,0.0,0.01,0.0,0.3,channel,0.000125,3.225e-06,1.25,32.25,-0.04368011308695695,1771642785165639.2,0.0,1.716307971440427e+17,1.716307971440427e+17,1.2314112324099649,-0.02749828528589791,0.02749828528589791,0.026179957119316616
nga_5e17,0.0,5e+17,deep,coupled_final,0.0,0.01,0.0,0.3,channel,0.000125,3.3e-06,1.25,33.0,-0.04381636236366732,1762330156503870.8,0.0,1.7161928946133782e+17,1.7161928946133782e+17,1.2400206467275778,-0.027496441551863787,0.027496441551863787,0.026176621337678195
nga_5e17,0.0,5e+17,deep,coupled_final,0.0,0.01,0.0,0.3,channel,0.000125,3.3750000000000003e-06,1.25,33.75,-0.043786313503412215,1764379777346897.8,0.0,1.716218290815781e+17,1.716218290815781e+17,1.2381168273344259,-0.02749684844388461,0.02749684844388461,0.026177356615161344
nga_5e17,0.0,5e+17,deep,coupled_final,0.0,0.01,0.0,0.3,channel,0.000125,3.45e-06,1.25,34.5,-0.04358996183504443,1777831652993264.2,0.0,1.71638400634452e+17,1.71638400634452e+17,1.225747022476362,-0.027499503499364975,0.027499503499364975,0.026182166898726114
nga_5e17,0.0,5e+17,deep,coupled_final,0.0,0.01,0.0,0.3,channel,0.000125,3.525e-06,1.25,35.25,-0.04322727679920323,1802949135396100.0,0.0,1.7166890384514365e+17,1.7166890384514365e+17,1.2032171361632924,-0.02750439065250819,0.02750439065250819,0.0261910783162104
nga_5e17,0.0,5e+17,deep,coupled_final,0.0,0.01,0.0,0.3,channel,0.000125,3.6000000000000003e-06,1.25,36.0,-0.04269820178232607,1840227615473067.2,0.0,1.7171315422892966e+17,1.7171315422892966e+17,1.1710794460014238,-0.027511480345602937,0.027511480345602937,0.026204140680278185
nga_5e17,0.0,5e+17,deep,coupled_final,0.0,0.01,0.0,0.3,channel,0.000125,3.6750000000000004e-06,1.25,36.75000000000001,-0.042002653800192455,1890410998846622.8,0.0,1.7177088437348867e+17,1.7177088437348867e+17,1.1301106138867345,-0.027520729734471925,0.027520729734471925,0.02622143033357279
nga_5e17,0.0,5e+17,deep,coupled_final,0.0,0.01,0.0,0.3,channel,0.000125,3.7500000000000005e-06,1.25,37.50000000000001,-0.04114052301292478,1954516743480656.0,0.0,1.7184174580770058e+17,1.7184174580770058e+17,1.0812811825757906,-0.02753208298788653,0.02753208298788653,0.02624305445960318
nga_5e17,0.0,5e+17,deep,coupled_final,0.0,0.01,0.0,0.3,channel,0.000125,3.825000000000001e-06,1.25,38.25000000000001,-0.040111672044059424,2033870656944867.2,0.0,1.719253114547594e+17,1.719253114547594e+17,1.0257181917209095,-0.0275454716805988,0.0275454716805988,0.02626915705091233
nga_5e17,0.0,5e+17,deep,coupled_final,0.0,0.01,0.0,0.3,channel,0.000125,3.9e-06,1.25,39.0,-0.038915935065772844,2130153145549430.2,0.0,1.720210786660256e+17,1.720210786660256e+17,0.9646628782196198,-0.02756081527941821,0.02756081527941821,0.0262999268050823
nga_5e17,0.0,5e+17,deep,coupled_final,0.0,0.01,0.0,0.3,channel,0.000125,3.975e-06,1.25,39.75,-0.03755311660009969,2245459210297722.2,0.0,1.7212847283012256e+17,1.7212847283012256e+17,0.8994256278498529,-0.02757802172145262,0.02757802172145262,0.02633560731538653
nga_5e17,0.0,5e+17,deep,coupled_final,0.0,0.01,0.0,0.3,channel,0.000125,4.05e-06,1.25,40.5,-0.03602298997140291,2382375237198358.5,0.0,1.7224685154923446e+17,1.7224685154923446e+17,0.8313404083484445,-0.027596988083225013,0.027596988083225013,0.02637651004307096
nga_5e17,0.0,5e+17,deep,coupled_final,0.0,0.01,0.0,0.3,channel,0.000125,4.125e-06,1.25,41.25,-0.034325295327683435,2544076586061600.0,0.0,1.72375509371361e+17,1.72375509371361e+17,0.7617208390769168,-0.027617601338864258,0.027617601338864258,0.026423030710993698
nga_5e17,0.0,5e+17,deep,coupled_final,0.0,0.01,0.0,0.3,channel,0.000125,4.2000000000000004e-06,1.25,42.00000000000001,-0.03245973712658217,2734451213935644.0,0.0,1.7251368306339216e+17,1.7251368306339216e+17,0.6918198500704169,-0.027639739204944846,0.027639739204944846,0.026475669955122908
nga_5e17,0.0,5e+17,deep,coupled_final,0.0,0.01,0.0,0.3,channel,0.000125,4.2750000000000006e-06,1.25,42.75000000000001,-0.03042598095487677,2958256172427373.5,0.0,1.7266055740526282e+17,1.7266055740526282e+17,0.6227945733748861,-0.027663271068812775,0.027663271068812775,0.026535059326497714
nga_5e17,0.0,5e+17,deep,coupled_final,0.0,0.01,0.0,0.3,channel,0.000125,4.350000000000001e-06,1.25,43.50000000000001,-0.028223649516284595,3221315921544457.5,0.0,1.7281527148006698e+17,1.7281527148006698e+17,0.5556777189910147,-0.02768805899637299,0.02768805899637299,0.026601994072396058
nga_5e17,0.0,5e+17,deep,coupled_final,0.0,0.01,0.0,0.3,channel,0.000125,4.425e-06,1.25,44.25,-0.02585231757931567,3530774182619923.0,0.0,1.729769254287412e+17,1.729769254287412e+17,0.4913562479631813,-0.027713958814308954,0.027713958814308954,0.026677474569841365
nga_5e17,0.0,5e+17,deep,coupled_final,0.0,0.01,0.0,0.3,channel,0.000125,4.5e-06,1.25,45.0,-0.023311505621951376,3895414751542679.5,0.0,1.7314458763062307e+17,1.7314458763062307e+17,0.4305576995375371,-0.027740821260534967,0.027740821260534967,0.02676275887600103
nga_5e17,0.0,5e+17,deep,coupled_final,0.0,0.01,0.0,0.3,channel,0.000125,4.575e-06,1.25,45.75,-0.020600671839300515,4326071646381967.5,0.0,1.7331730226283798e+17,1.7331730226283798e+17,0.37384409006664476,-0.027768493195343434,0.027768493195343434,0.026859429652227745
nga_5e17,0.0,5e+17,deep,coupled_final,0.0,0.01,0.0,0.3,channel,0.000125,4.65e-06,1.25,46.50000000000001,-0.017719202089068766,4836155638845865.0,0.0,1.7349409718234563e+17,1.7349409718234563e+17,0.32161290659081854,-0.027796818864247938,0.027796818864247938,0.026969479786542558
nga_5e17,0.0,5e+17,deep,coupled_final,0.0,0.01,0.0,0.3,channel,0.000125,4.7250000000000005e-06,1.25,47.25000000000001,-0.014666397230888573,5442333275923905.0,0.0,1.7367399206530227e+17,1.7367399206530227e+17,0.2741043895817463,-0.02782564120205287,0.02782564120205287,0.027095422488965463
nga_5e17,0.0,5e+17,deep,coupled_final,0.0,0.01,0.0,0.3,channel,0.000125,4.8e-06,1.25,48.0,-0.0114414571600819,6165406872235435.0,0.0,1.7385600673010096e+17,1.7385600673010096e+17,0.23141405163993617,-0.027854803166351447,0.027854803166351447,0.02724043361533131
nga_5e17,0.0,5e+17,deep,coupled_final,0.0,0.01,0.0,0.3,channel,0.000125,4.875e-06,1.25,48.75,-0.008043460631682953,7031460986010807.0,0.0,1.740391695636151e+17,1.740391695636151e+17,0.19350921947666674,-0.027884149087558808,0.027884149087558808,0.02740853670302572
nga_5e17,0.0,5e+17,deep,coupled_final,0.0,0.01,0.0,0.3,channel,0.000125,4.95e-06,1.25,49.5,-0.004471339699203114,8073364523701384.0,0.0,1.7422252596429904e+17,1.7422252596429904e+17,0.16024831694471592,-0.02791352602164582,0.02791352602164582,0.02760484498740971
nga_5e17,0.0,5e+17,deep,coupled_final,0.0,0.01,0.0,0.3,channel,0.000125,5.025e-06,1.25,50.25,-0.0007238472306248825,9332750692061914.0,0.0,1.744051467094122e+17,1.744051467094122e+17,0.13140162365416716,-0.027942785090716217,0.027942785090716217,0.027835879965693113
nga_5e17,0.0,5e+17,deep,coupled_final,0.0,0.01,0.0,0.3,channel,0.000125,5.1e-06,1.25,51.0,0.003200484522187324,1.0862643743596594e+16,0.0,1.745861361456074e+17,1.745861361456074e+17,0.10667233736653788,-0.027971782795283496,0.027971782795283496,0.028109993560229175
nga_5e17,0.0,5e+17,deep,coupled_final,0.0,0.01,0.0,0.3,channel,0.000125,5.1750000000000004e-06,1.25,51.75000000000001,0.007303396982631912,1.27309681654073e+16,0.0,1.7476464009372765e+17,1.7476464009372765e+17,0.0857169227068266,-0.028000382280759,0.028000382280759,0.02843793161904034
nga_5e17,0.0,5e+17,deep,coupled_final,0.0,0.01,0.0,0.3,channel,0.000125,5.2500000000000006e-06,1.25,52.50000000000001,0.011586973516947494,1.502527227798228e+16,0.0,1.7493985335378762e+17,1.7493985335378762e+17,0.06816392236535566,-0.028028454539882505,0.028028454539882505,0.02883359192220962
nga_5e17,0.0,5e+17,deep,coupled_final,0.0,0.01,0.0,0.3,channel,0.000125,5.325e-06,1.25,53.25,0.016053727725781394,1.7859139055918038e+16,0.0,1.7511102669808387e+17,1.7511102669808387e+17,0.053630618221841925,-0.028055879533142012,0.028055879533142012,0.029315052429016886
nga_5e17,0.0,5e+17,deep,coupled_final,0.0,0.01,0.0,0.3,channel,0.000125,5.4e-06,1.25,54.0,0.020706718292127547,2.1380965856780588e+16,0.0,1.7527747324752586e+17,1.7527747324752586e+17,0.04173714210972148,-0.0280825472103746,0.0280825472103746,0.029905978967183163
nga_5e17,0.0,5e+17,deep,coupled_final,0.0,0.01,0.0,0.3,channel,0.00015000000000000001,3e-06,1.5000000000000002,30.0,-0.04223164843058891,1857421863797649.2,0.0,1.717331664750072e+17,1.717331664750072e+17,1.1567554069293777,-0.027514686660908866,0.027514686660908866,0.0262101018178746
nga_5e17,0.0,5e+17,deep,coupled_final,0.0,0.01,0.0,0.3,channel,0.00015000000000000001,3.075e-06,1.5000000000000002,30.750000000000004,-0.042866331048307324,1812376217584183.8,0.0,1.7168020760935507e+17,1.7168020760935507e+17,1.1949463520466612,-0.027506201715197767,0.027506201715197767,0.026194399763980837
nga_5e17,0.0,5e+17,deep,coupled_final,0.0,0.01,0.0,0.3,channel,0.00015000000000000001,3.1500000000000003e-06,1.5000000000000002,31.500000000000004,-0.043334602583986186,1779843181067651.5,0.0,1.7164086441639446e+17,1.7164086441639446e+17,1.2239157707822088,-0.027499898240750924,0.027499898240750924,0.026182883922440007
nga_5e17,0.0,5e+17,deep,coupled_final,0.0,0.01,0.0,0.3,channel,0.00015000000000000001,3.225e-06,1.5000000000000002,32.25,-0.04363653619693554,1759176754055576.8,0.0,1.7161537454637917e+17,1.7161537454637917e+17,1.242959691724851,-0.027495814313336704,0.027495814313336704,0.026175488868379084
nga_5e17,0.0,5e+17,deep,coupled_final,0.0,0.01,0.0,0.3,channel,0.00015000000000000001,3.3e-06,1.5000000000000002,33.0,-0.04377217886740604,1749970714844429.0,0.0,1.7160389207486125e+17,1.7160389207486125e+17,1.2516096471670206,-0.027493974618580046,0.027493974618580046,0.026172174203530844
nga_5e17,0.0,5e+17,deep,coupled_final,0.0,0.01,0.0,0.3,channel,0.00015000000000000001,3.3750000000000003e-06,1.5000000000000002,33.75,-0.04374155165323607,1752045157279028.2,0.0,1.7160648643495437e+17,1.7160648643495437e+17,1.249651387578598,-0.02749439028089218,0.02749439028089218,0.026172922228162716
nga_5e17,0.0,5e+17,deep,coupled_final,0.0,0.01,0.0,0.3,channel,0.00015000000000000001,3.45e-06,1.5000000000000002,34.5,-0.04354464980229695,1765440563801053.0,0.0,1.71623141937465e+17,1.71623141937465e+17,1.2371334964343637,-0.02749705878658719,0.02749705878658719,0.026177736914590972
nga_5e17,0.0,5e+17,deep,coupled_final,0.0,0.01,0.0,0.3,channel,0.00015000000000000001,3.525e-06,1.5000000000000002,35.25,-0.043181442727256984,1790419137210233.8,0.0,1.7165375787925328e+17,1.7165375787925328e+17,1.2143654336759513,-0.027501964001243297,0.027501964001243297,0.026186644137913766
nga_5e17,0.0,5e+17,deep,coupled_final,0.0,0.01,0.0,0.3,channel,0.00015000000000000001,3.6000000000000003e-06,1.5000000000000002,36.0,-0.04265187384119897,1827473453347104.8,0.0,1.716981492397447e+17,1.716981492397447e+17,1.181905115097193,-0.027509076281296382,0.027509076281296382,0.026199693173917182
nga_5e17,0.0,5e+17,deep,coupled_final,0.0,0.01,0.0,0.3,channel,0.00015000000000000001,3.6750000000000004e-06,1.5000000000000002,36.75000000000001,-0.04195586024457472,1877342840200610.0,0.0,1.7175604796504672e+17,1.7175604796504672e+17,1.1405367066089425,-0.027518352679778108,0.027518352679778108,0.026216959529035768
nga_5e17,0.0,5e+17,deep,coupled_final,0.0,0.01,0.0,0.3,channel,0.00015000000000000001,3.7500000000000005e-06,1.5000000000000002,37.50000000000001,-0.041093292245518304,1941038257155355.8,0.0,1.718271048384863e+17,1.718271048384863e+17,1.0912398376890404,-0.027529737246009107,0.027529737246009107,0.026238549226140547
nga_5e17,0.0,5e+17,deep,coupled_final,0.0,0.01,0.0,0.3,channel,0.00015000000000000001,3.825000000000001e-06,1.5000000000000002,38.25000000000001,-0.04006403268629062,2019876864255947.5,0.0,1.7191089193544147e+17,1.7191089193544147e+17,1.0351518821244057,-0.027543161418906333,0.027543161418906333,0.02626460473645314
nga_5e17,0.0,5e+17,deep,coupled_final,0.0,0.01,0.0,0.3,channel,0.00015000000000000001,3.9e-06,1.5000000000000002,39.0,-0.03886791603817024,2115527962255987.0,0.0,1.7200690565896125e+17,1.7200690565896125e+17,0.973525287718619,-0.027558544513343008,0.027558544513343008,0.026295312826313026
nga_5e17,0.0,5e+17,deep,coupled_final,0.0,0.01,0.0,0.3,channel,0.00015000000000000001,3.975e-06,1.5000000000000002,39.75,-0.03750474721494067,2230072582533516.8,0.0,1.721145703507517e+17,1.721145703507517e+17,0.907682140013773,-0.027575794298692356,0.027575794298692356,0.02633091468307828
nga_5e17,0.0,5e+17,deep,coupled_final,0.0,0.01,0.0,0.3,channel,0.00015000000000000001,4.05e-06,1.5000000000000002,40.5,-0.03597430004064499,2366079753068641.5,0.0,1.7223324246957046e+17,1.7223324246957046e+17,0.8389682084211715,-0.027594807668280222,0.027594807668280222,0.02637171880373493
nga_5e17,0.0,5e+17,deep,coupled_final,0.0,0.01,0.0,0.3,channel,0.00015000000000000001,4.125e-06,1.5000000000000002,41.25,-0.034276315289727285,2526703416279830.0,0.0,1.723622153258716e+17,1.723622153258716e+17,0.7687086472393159,-0.027615471397958818,0.027615471397958818,0.026418117281419972
nga_5e17,0.0,5e+17,deep,coupled_final,0.0,0.01,0.0,0.3,channel,0.00015000000000000001,4.2000000000000004e-06,1.5000000000000002,42.00000000000001,-0.03241049819609401,2715805197506243.5,0.0,1.725007243576532e+17,1.725007243576532e+17,0.6981673198265543,-0.027637662991390657,0.027637662991390657,0.02647060632038468
nga_5e17,0.0,5e+17,deep,coupled_final,0.0,0.01,0.0,0.3,channel,0.00015000000000000001,4.2750000000000006e-06,1.5000000000000002,42.75000000000001,-0.03037651530076507,2938109814168186.0,0.0,1.7264795292786067e+17,1.7264795292786067e+17,0.6285114016412543,-0.027661251608895022,0.027661251608895022,0.02652981206413366
nga_5e17,0.0,5e+17,deep,coupled_final,0.0,0.01,0.0,0.3,channel,0.00015000000000000001,4.350000000000001e-06,1.5000000000000002,43.50000000000001,-0.028173990474030523,3199402003356171.5,0.0,1.728030386183272e+17,1.728030386183272e+17,0.5607825240161879,-0.027686099075848347,0.027686099075848347,0.02659652315510335
nga_5e17,0.0,5e+17,deep,coupled_final,0.0,0.01,0.0,0.3,channel,0.00015000000000000001,4.425e-06,1.5000000000000002,44.25,-0.025802499905263548,3506776604600924.0,0.0,1.7296507998897427e+17,1.7296507998897427e+17,0.49587527713679036,-0.027712060965627554,0.027712060965627554,0.0266717318852825
nga_5e17,0.0,5e+17,deep,coupled_final,0.0,0.01,0.0,0.3,channel,0.00015000000000000001,4.5e-06,1.5000000000000002,45.0,-0.023261565798962793,3868957105084698.0,0.0,1.7313314376370685e+17,1.7313314376370685e+17,0.43452343136740545,-0.02773898775091739,0.02773898775091739,0.02675668638408889
nga_5e17,0.0,5e+17,deep,coupled_final,0.0,0.01,0.0,0.3,channel,0.00015000000000000001,4.575e-06,1.5000000000000002,45.75,-0.020550648445478693,4296702869233498.0,0.0,1.733062723960843e+17,1.733062723960843e+17,0.3772937932862021,-0.02776672601586454,0.02776672601586454,0.02685295707589721
nga_5e17,0.0,5e+17,deep,coupled_final,0.0,0.01,0.0,0.3,channel,0.00015000000000000001,4.65e-06,1.5000000000000002,46.50000000000001,-0.01766913624422354,4803331897776770.0,0.0,1.7348349195869808e+17,1.7348349195869808e+17,0.3245872149288637,-0.027795119720095292,0.027795119720095292,0.026962521699291777
nga_5e17,0.0,5e+17,deep,coupled_final,0.0,0.01,0.0,0.3,channel,0.00015000000000000001,4.7250000000000005e-06,1.5000000000000002,47.25000000000001,-0.014616333139244615,5405394946303661.0,0.0,1.736638202909486e+17,1.736638202909486e+17,0.2766459437921137,-0.027824011504133293,0.027824011504133293,0.02708787461818423
nga_5e17,0.0,5e+17,deep,coupled_final,0.0,0.01,0.0,0.3,channel,0.00015000000000000001,4.8e-06,1.5000000000000002,48.0,-0.011391442772714895,6123549107430981.0,0.0,1.738462753315379e+17,1.738462753315379e+17,0.23356625164297648,-0.02785324402441206,0.02785324402441206,0.027232168120119804
nga_5e17,0.0,5e+17,deep,coupled_final,0.0,0.01,0.0,0.3,channel,0.00015000000000000001,4.875e-06,1.5000000000000002,48.75,-0.00799354845868336,6983695852599102.0,0.0,1.7402988355510685e+17,1.7402988355510685e+17,0.19531511958137698,-0.027882661304973303,0.027882661304973303,0.027399396102373002
nga_5e17,0.0,5e+17,deep,coupled_final,0.0,0.01,0.0,0.3,channel,0.00015000000000000001,4.95e-06,1.5000000000000002,49.5,-0.004421587810141359,8018471962325068.0,0.0,1.7421368842659757e+17,1.7421368842659757e+17,0.16174968670215945,-0.027912110092005084,0.027912110092005084,0.027594634299847216
nga_5e17,0.0,5e+17,deep,coupled_final,0.0,0.01,0.0,0.3,channel,0.00015000000000000001,5.025e-06,1.5000000000000002,50.25,-0.0006743204932541917,9269214561891724.0,0.0,1.743967587806243e+17,1.743967587806243e+17,0.13263818650103237,-0.027941441196365054,0.027941441196365054,0.0278243564610246
nga_5e17,0.0,5e+17,deep,coupled_final,0.0,0.01,0.0,0.3,channel,0.00015000000000000001,5.1e-06,1.5000000000000002,51.0,0.0032497128998839595,1.0788567791928716e+16,0.0,1.74578197025182e+17,1.74578197025182e+17,0.10768118943954569,-0.02797051080795949,0.02797051080795949,0.028096853297014807
nga_5e17,0.0,5e+17,deep,coupled_final,0.0,0.01,0.0,0.3,channel,0.00015000000000000001,5.1750000000000004e-06,1.5000000000000002,51.75000000000001,0.007352243521524272,1.264396473801076e+16,0.0,1.7475714706055088e+17,1.7475714706055088e+17,0.0865321256508829,-0.027999181764491638,0.027999181764491638,0.028422791616927713
nga_5e17,0.0,5e+17,deep,coupled_final,0.0,0.01,0.0,0.3,channel,0.00015000000000000001,5.2500000000000006e-06,1.5000000000000002,52.50000000000001,0.011635342033712302,1.4922313651015854e+16,0.0,1.7493280179916147e+17,1.7493280179916147e+17,0.06881625710528161,-0.028027324756276964,0.028027324756276964,0.028815966347964645
nga_5e17,0.0,5e+17,deep,coupled_final,0.0,0.01,0.0,0.3,channel,0.00015000000000000001,5.325e-06,1.5000000000000002,53.25,0.01610150624643974,1.7736356958779578e+16,0.0,1.7510441017395066e+17,1.7510441017395066e+17,0.05414748170115144,-0.02805481944910556,0.02805481944910556,0.029294320484269554
nga_5e17,0.0,5e+17,deep,coupled_final,0.0,0.01,0.0,0.3,channel,0.00015000000000000001,5.4e-06,1.5000000000000002,54.0,0.02075377510815879,2.123337832275069e+16,0.0,1.752712835299155e+17,1.752712835299155e+17,0.04214256578246335,-0.028081555508281963,0.028081555508281963,0.02988134113524129
nga_5e17,0.0,5e+17,deep,coupled_final,0.0,0.01,0.0,0.3,channel,0.000175,3e-06,1.75,30.0,-0.0421899116974776,1844109284691719.0,0.0,1.7171769363862694e+17,1.7171769363862694e+17,1.1678188756725782,-0.027512207639217853,0.027512207639217853,0.026205489885865404
nga_5e17,0.0,5e+17,deep,coupled_final,0.0,0.01,0.0,0.3,channel,0.000175,3.075e-06,1.75,30.750000000000004,-0.04282389944055323,1799434857484842.2,0.0,1.7166466994733632e+17,1.7166466994733632e+17,1.2063258765407283,-0.027503712307294426,0.027503712307294426,0.026189836921601158
nga_5e17,0.0,5e+17,deep,coupled_final,0.0,0.01,0.0,0.3,channel,0.000175,3.1500000000000003e-06,1.75,31.500000000000004,-0.0432915050890092,1767179642529676.8,0.0,1.7162529201025718e+17,1.7162529201025718e+17,1.235524336406523,-0.027497403266226093,0.027497403266226093,0.026178360025360243
nga_5e17,0.0,5e+17,deep,coupled_final,0.0,0.01,0.0,0.3,channel,0.000175,3.225e-06,1.75,32.25,-0.04359280155473923,1746703305254824.5,0.0,1.715997975003793e+17,1.715997975003793e+17,1.2547049062868703,-0.027493318595423928,0.027493318595423928,0.026170994683644914
nga_5e17,0.0,5e+17,deep,coupled_final,0.0,0.01,0.0,0.3,channel,0.000175,3.3e-06,1.75,33.0,-0.04372783562923391,1737603446880886.0,0.0,1.715883403992001e+17,1.715883403992001e+17,1.263395893240406,-0.02749148296544366,0.02749148296544366,0.026167701095618705
nga_5e17,0.0,5e+17,deep,coupled_final,0.0,0.01,0.0,0.3,channel,0.000175,3.3750000000000003e-06,1.75,33.75,-0.0436966282364324,1739702271465281.0,0.0,1.7159098993128182e+17,1.7159098993128182e+17,1.2613820980967347,-0.0274919074672829,0.0274919074672829,0.02616846186622874
nga_5e17,0.0,5e+17,deep,coupled_final,0.0,0.01,0.0,0.3,channel,0.000175,3.45e-06,1.75,34.5,-0.043499174543231975,1753040729808428.0,0.0,1.7160773008656093e+17,1.7160773008656093e+17,1.2487134657270322,-0.02749458953584667,0.02749458953584667,0.026173280991421605
nga_5e17,0.0,5e+17,deep,coupled_final,0.0,0.01,0.0,0.3,channel,0.000175,3.525e-06,1.75,35.25,-0.043135443934102,1777879866337444.0,0.0,1.7163845973075565e+17,1.7163845973075565e+17,1.2257030743534592,-0.027499512967636662,0.027499512967636662,0.02618218409162715
nga_5e17,0.0,5e+17,deep,coupled_final,0.0,0.01,0.0,0.3,channel,0.000175,3.6000000000000003e-06,1.75,36.0,-0.042605379848319296,1814709431865921.2,0.0,1.716829933037938e+17,1.716829933037938e+17,1.1929145741173202,-0.027506648032651685,0.027506648032651685,0.026195219903575186
nga_5e17,0.0,5e+17,deep,coupled_final,0.0,0.01,0.0,0.3,channel,0.000175,3.6750000000000004e-06,1.75,36.75000000000001,-0.04190889947034728,1864264165760674.2,0.0,1.7174106210573536e+17,1.7174106210573536e+17,1.1511397613097043,-0.0275159516804152,0.0275159516804152,0.026212463095013728
nga_5e17,0.0,5e+17,deep,coupled_final,0.0,0.01,0.0,0.3,channel,0.000175,3.7500000000000005e-06,1.75,37.50000000000001,-0.041045893255477306,1927548516466091.5,0.0,1.7181231616904317e+17,1.7181231616904317e+17,1.1013675040432913,-0.027527367839946134,0.027527367839946134,0.026234018525344467
nga_5e17,0.0,5e+17,deep,coupled_final,0.0,0.01,0.0,0.3,channel,0.000175,3.825000000000001e-06,1.75,38.25000000000001,-0.04001622426366463,2005870982396326.0,0.0,1.7189632671512707e+17,1.7189632671512707e+17,1.0447456822252834,-0.027540827813340656,0.027540827813340656,0.026260027141222057
nga_5e17,0.0,5e+17,deep,coupled_final,0.0,0.01,0.0,0.3,channel,0.000175,3.9e-06,1.75,39.0,-0.038819727264104785,2100889742473805.2,0.0,1.719925891917229e+17,1.719925891917229e+17,0.9825381405960955,-0.02755625076241394,0.02755625076241394,0.026290673774014117
nga_5e17,0.0,5e+17,deep,coupled_final,0.0,0.01,0.0,0.3,channel,0.000175,3.975e-06,1.75,39.75,-0.037456207561013546,2214671839514289.5,0.0,1.721005268857605e+17,1.721005268857605e+17,0.9160788582462942,-0.027573544287545427,0.027573544287545427,0.026326197200870188
nga_5e17,0.0,5e+17,deep,coupled_final,0.0,0.01,0.0,0.3,channel,0.000175,4.05e-06,1.75,40.5,-0.03592543947669343,2349768921291369.5,0.0,1.7221949510384726e+17,1.7221949510384726e+17,0.8467256015314097,-0.027592605097466145,0.027592605097466145,0.026366902949565386
nga_5e17,0.0,5e+17,deep,coupled_final,0.0,0.01,0.0,0.3,channel,0.000175,4.125e-06,1.75,41.25,-0.03422716441053833,2509313486728907.0,0.0,1.7234878590929814e+17,1.7234878590929814e+17,0.7758152504711338,-0.02761331976821459,0.02761331976821459,0.0264131794777964
nga_5e17,0.0,5e+17,deep,coupled_final,0.0,0.01,0.0,0.3,channel,0.000175,4.2000000000000004e-06,1.75,42.00000000000001,-0.03236108837119054,2697140798619009.5,0.0,1.7248763340075408e+17,1.7248763340075408e+17,0.7046227826166437,-0.027635565588864614,0.027635565588864614,0.02646551855148016
nga_5e17,0.0,5e+17,deep,coupled_final,0.0,0.01,0.0,0.3,channel,0.000175,4.2750000000000006e-06,1.75,42.75000000000001,-0.030326878852388266,2917943203661809.0,0.0,1.726352195128359e+17,1.726352195128359e+17,0.6343255831108463,-0.027659211490892652,0.027659211490892652,0.02652454089891726
nga_5e17,0.0,5e+17,deep,coupled_final,0.0,0.01,0.0,0.3,channel,0.000175,4.350000000000001e-06,1.75,43.50000000000001,-0.028124160889524703,3177465672667083.5,0.0,1.7279068031391638e+17,1.7279068031391638e+17,0.5659743525107959,-0.02768411905719206,0.02768411905719206,0.026591028548800487
nga_5e17,0.0,5e+17,deep,coupled_final,0.0,0.01,0.0,0.3,channel,0.000175,4.425e-06,1.75,44.25,-0.025752512091477657,3482754111838833.5,0.0,1.7295311276984883e+17,1.7295311276984883e+17,0.5004714368718455,-0.02771014360574188,0.02771014360574188,0.026665965697737444
nga_5e17,0.0,5e+17,deep,coupled_final,0.0,0.01,0.0,0.3,channel,0.000175,4.5e-06,1.75,45.0,-0.0232114563880812,3842471638424039.0,0.0,1.7312158193521482e+17,1.7312158193521482e+17,0.43855694149694197,-0.027737135341771767,0.027737135341771767,0.026750590535360833
nga_5e17,0.0,5e+17,deep,coupled_final,0.0,0.01,0.0,0.3,channel,0.000175,4.575e-06,1.75,45.75,-0.020500456163998763,4267302890515254.0,0.0,1.7329512852530358e+17,1.7329512852530358e+17,0.3808025433760679,-0.027764940570926825,0.027764940570926825,0.026846461235065247
nga_5e17,0.0,5e+17,deep,coupled_final,0.0,0.01,0.0,0.3,channel,0.000175,4.65e-06,1.75,46.50000000000001,-0.017618902359762732,4770473011767861.0,0.0,1.7347277681285782e+17,1.7347277681285782e+17,0.3276125163140682,-0.027793402964465776,0.027793402964465776,0.026955540369723988
nga_5e17,0.0,5e+17,deep,coupled_final,0.0,0.01,0.0,0.3,channel,0.000175,4.7250000000000005e-06,1.75,47.25000000000001,-0.014566102003694261,5368416864822741.0,0.0,1.736535427843171e+17,1.736535427843171e+17,0.27923114924935294,-0.02782236486603521,0.02782236486603521,0.027080303438274268
nga_5e17,0.0,5e+17,deep,coupled_final,0.0,0.01,0.0,0.3,channel,0.000175,4.8e-06,1.75,48.0,-0.011341262485241718,6081646201323969.0,0.0,1.7383644248183354e+17,1.7383644248183354e+17,0.23575548692176668,-0.027851668628207864,0.027851668628207864,0.027223879138209478
nga_5e17,0.0,5e+17,deep,coupled_final,0.0,0.01,0.0,0.3,channel,0.000175,4.875e-06,1.75,48.75,-0.00794347167859689,6935879267990643.0,0.0,1.7402050045038794e+17,1.7402050045038794e+17,0.1971521602985935,-0.027881157965859802,0.027881157965859802,0.027390231701801767
nga_5e17,0.0,5e+17,deep,coupled_final,0.0,0.01,0.0,0.3,channel,0.000175,4.95e-06,1.75,49.5,-0.004371672758220893,7963520562058343.0,0.0,1.742047582035081e+17,1.742047582035081e+17,0.1632770035275799,-0.027910679312528046,0.027910679312528046,0.02758439933541889
nga_5e17,0.0,5e+17,deep,coupled_final,0.0,0.01,0.0,0.3,channel,0.000175,5.025e-06,1.75,50.25,-0.0006246321914917705,9205610952372534.0,0.0,1.7438828261488662e+17,1.7438828261488662e+17,0.13389617101162046,-0.027940083164895976,0.027940083164895976,0.02781280800785455
nga_5e17,0.0,5e+17,deep,coupled_final,0.0,0.01,0.0,0.3,channel,0.000175,5.1e-06,1.75,51.0,0.0032991010849997542,1.0714414281207636e+16,0.0,1.745701741353144e+17,1.745701741353144e+17,0.10870756308730713,-0.027969225399291187,0.027969225399291187,0.028083687186125868
nga_5e17,0.0,5e+17,deep,coupled_final,0.0,0.01,0.0,0.3,channel,0.000175,5.1750000000000004e-06,1.75,51.75000000000001,0.007401247946645325,1.2556872048601672e+16,0.0,1.7474957472581136e+17,1.7474957472581136e+17,0.08736152558638276,-0.02799796854271319,0.02799796854271319,0.02840762460795292
nga_5e17,0.0,5e+17,deep,coupled_final,0.0,0.01,0.0,0.3,channel,0.000175,5.2500000000000006e-06,1.75,52.50000000000001,0.01168386634393329,1.4819252282367714e+16,0.0,1.749256753925162e+17,1.749256753925162e+17,0.06947998562358279,-0.02802618298005582,0.02802618298005582,0.028798312320071892
nga_5e17,0.0,5e+17,deep,coupled_final,0.0,0.01,0.0,0.3,channel,0.000175,5.325e-06,1.75,53.25,0.016149438287008468,1.7613456793672812e+16,0.0,1.7509772321044586e+17,1.7509772321044586e+17,0.0546734010233138,-0.02805374807943758,0.02805374807943758,0.02927355833731669
nga_5e17,0.0,5e+17,deep,coupled_final,0.0,0.01,0.0,0.3,channel,0.000175,5.4e-06,1.75,54.0,0.020800982978672965,2.1085655658295244e+16,0.0,1.752650277304386e+17,1.752650277304386e+17,0.04255511661784271,-0.028080553218707074,0.028080553218707074,0.029856671065536126
nga_5e17,0.0,5e+17,deep,coupled_final,0.0,0.01,0.0,0.3,channel,0.0002,3e-06,2.0,30.0,-0.04214802199452237,1830790411094198.5,0.0,1.717020648688059e+17,1.717020648688059e+17,1.1790730013057662,-0.027509703634235307,0.027509703634235307,0.026200851962075944
nga_5e17,0.0,5e+17,deep,coupled_final,0.0,0.01,0.0,0.3,channel,0.0002,3.075e-06,2.0,30.750000000000004,-0.04278131234503542,1786486832196034.5,0.0,1.7164897567794534e+17,1.7164897567794534e+17,1.2179012138099432,-0.027501197808123833,0.027501197808123833,0.026185247920073148
nga_5e17,0.0,5e+17,deep,coupled_final,0.0,0.01,0.0,0.3,channel,0.0002,3.1500000000000003e-06,2.0,31.500000000000004,-0.04324824975453641,1754509064158739.5,0.0,1.7160956260117152e+17,1.7160956260117152e+17,1.2473323913266492,-0.027494883137055726,0.027494883137055726,0.02617380984572936
nga_5e17,0.0,5e+17,deep,coupled_final,0.0,0.01,0.0,0.3,channel,0.0002,3.225e-06,2.0,32.25,-0.043548906888286734,1734222428663645.8,0.0,1.7158406333476787e+17,1.7158406333476787e+17,1.2666517225500236,-0.02749079770417412,0.02749079770417412,0.02616647413551048
nga_5e17,0.0,5e+17,deep,coupled_final,0.0,0.01,0.0,0.3,channel,0.0002,3.3e-06,2.0,33.0,-0.04368333034953054,1725228341006365.5,0.0,1.7157263176586387e+17,1.7157263176586387e+17,1.275384240403198,-0.027488966164915325,0.027488966164915325,0.02616320158454282
nga_5e17,0.0,5e+17,deep,coupled_final,0.0,0.01,0.0,0.3,channel,0.0002,3.3750000000000003e-06,2.0,33.75,-0.04365154092856039,1727351106783081.0,0.0,1.7157533690930016e+17,1.7157533690930016e+17,1.2733137848522678,-0.027489399576675847,0.027489399576675847,0.026163975100876036
nga_5e17,0.0,5e+17,deep,coupled_final,0.0,0.01,0.0,0.3,channel,0.0002,3.45e-06,2.0,34.5,-0.04345353371130113,1740632136341875.8,0.0,1.7159216243212598e+17,1.7159216243212598e+17,1.2604916890250537,-0.027492095322628484,0.027492095322628484,0.02616879870235213
nga_5e17,0.0,5e+17,deep,coupled_final,0.0,0.01,0.0,0.3,channel,0.0002,3.525e-06,2.0,35.25,-0.04308927805378484,1765331306491593.2,0.0,1.7162300676605856e+17,1.7162300676605856e+17,1.2372347133289456,-0.02749703712974029,0.02749703712974029,0.02617769775279324
nga_5e17,0.0,5e+17,deep,coupled_final,0.0,0.01,0.0,0.3,channel,0.0002,3.6000000000000003e-06,2.0,36.0,-0.04255871742101638,1801935533042136.2,0.0,1.7166768380782912e+17,1.7166768380782912e+17,1.2041123407734262,-0.027504195180980396,0.027504195180980396,0.02619072044768184
nga_5e17,0.0,5e+17,deep,coupled_final,0.0,0.01,0.0,0.3,channel,0.0002,3.6750000000000004e-06,2.0,36.75000000000001,-0.04186176908079102,1851174955721467.5,0.0,1.7172592420690973e+17,1.7172592420690973e+17,1.1619241274738907,-0.02751352632163657,0.02751352632163657,0.026207940613586864
nga_5e17,0.0,5e+17,deep,coupled_final,0.0,0.01,0.0,0.3,channel,0.0002,3.7500000000000005e-06,2.0,37.50000000000001,-0.040998323634679756,1914047499642835.0,0.0,1.717973772395123e+17,1.717973772395123e+17,1.1116683357763752,-0.027524974359562998,0.027524974359562998,0.026229461943592387
nga_5e17,0.0,5e+17,deep,coupled_final,0.0,0.01,0.0,0.3,channel,0.0002,3.825000000000001e-06,2.0,38.25000000000001,-0.0399682443592748,1991852987451991.2,0.0,1.7188161326683846e+17,1.7188161326683846e+17,1.0545035278546122,-0.0275384704590353,0.0275384704590353,0.026255423856521166
nga_5e17,0.0,5e+17,deep,coupled_final,0.0,0.01,0.0,0.3,channel,0.0002,3.9e-06,2.0,39.0,-0.03877136632047214,2086238459929617.8,0.0,1.7197812677420906e+17,1.7197812677420906e+17,0.9917051359094354,-0.027553933627672753,0.027553933627672753,0.026286009245017894
nga_5e17,0.0,5e+17,deep,coupled_final,0.0,0.01,0.0,0.3,channel,0.0002,3.975e-06,2.0,39.75,-0.03740749521156808,2199256952352083.8,0.0,1.7208633998580547e+17,1.7208633998580547e+17,0.9246192310398301,-0.02757127129558374,0.02757127129558374,0.026321454471705797
nga_5e17,0.0,5e+17,deep,coupled_final,0.0,0.01,0.0,0.3,channel,0.0002,4.05e-06,2.0,40.5,-0.03587640585166506,2333442710063230.5,0.0,1.722056070472352e+17,1.722056070472352e+17,0.8546157765250179,-0.027590379985486597,0.027590379985486597,0.02636206209017069
nga_5e17,0.0,5e+17,deep,coupled_final,0.0,0.01,0.0,0.3,channel,0.0002,4.125e-06,2.0,41.25,-0.03417784026357107,2491906762338242.5,0.0,1.723352187649408e+17,1.723352187649408e+17,0.7830435734921567,-0.027611146072046646,0.027611146072046646,0.02640821691691914
nga_5e17,0.0,5e+17,deep,coupled_final,0.0,0.01,0.0,0.3,channel,0.0002,4.2000000000000004e-06,2.0,42.00000000000001,-0.0323115052290889,2678457978525906.0,0.0,1.7247440788758755e+17,1.7247440788758755e+17,0.7111888989202027,-0.027633446628047807,0.027633446628047807,0.026460406272882316
nga_5e17,0.0,5e+17,deep,coupled_final,0.0,0.01,0.0,0.3,channel,0.0002,4.2750000000000006e-06,2.0,42.75000000000001,-0.03027706919310233,2897756298006335.0,0.0,1.7262235490996912e+17,1.7262235490996912e+17,0.6402395179256181,-0.027657150354280766,0.027657150354280766,0.026519245463449977
nga_5e17,0.0,5e+17,deep,coupled_final,0.0,0.01,0.0,0.3,channel,0.0002,4.350000000000001e-06,2.0,43.50000000000001,-0.02807415835458654,3155506881869763.0,0.0,1.7277819437461734e+17,1.7277819437461734e+17,0.5712553517597818,-0.027682118589172213,0.027682118589172213,0.026585509894628007
nga_5e17,0.0,5e+17,deep,coupled_final,0.0,0.01,0.0,0.3,channel,0.0002,4.425e-06,2.0,44.25,-0.02570235174051116,3458706651384086.0,0.0,1.7294102164006864e+17,1.7294102164006864e+17,0.5051466321484042,-0.027708206393180633,0.027708206393180633,0.026660175657251428
nga_5e17,0.0,5e+17,deep,coupled_final,0.0,0.01,0.0,0.3,channel,0.0002,4.5e-06,2.0,45.0,-0.023161175004807348,3815958292537240.5,0.0,1.7310990007748112e+17,1.7310990007748112e+17,0.4426599056761933,-0.027735263701821503,0.027735263701821503,0.026744470989083675
nga_5e17,0.0,5e+17,deep,coupled_final,0.0,0.01,0.0,0.3,channel,0.0002,4.575e-06,2.0,45.75,-0.02045009262546431,4237871644293022.0,0.0,1.7328386864894646e+17,1.7328386864894646e+17,0.38437180188689357,-0.027763136539846717,0.027763136539846717,0.026839941798484458
nga_5e17,0.0,5e+17,deep,coupled_final,0.0,0.01,0.0,0.3,channel,0.0002,4.65e-06,2.0,46.50000000000001,-0.01756849808348781,4737578907023703.0,0.0,1.7346194981164042e+17,1.7346194981164042e+17,0.33069007452170607,-0.027791668287629096,0.027791668287629096,0.026948535476285562
nga_5e17,0.0,5e+17,deep,coupled_final,0.0,0.01,0.0,0.3,channel,0.0002,4.7250000000000005e-06,2.0,47.25000000000001,-0.014515701491270325,5331398948755297.0,0.0,1.7364315768258586e+17,1.7364315768258586e+17,0.28186108923318953,-0.02782070098930166,0.02782070098930166,0.027072708637524454
nga_5e17,0.0,5e+17,deep,coupled_final,0.0,0.01,0.0,0.3,channel,0.0002,4.8e-06,2.0,48.0,-0.01129091398589756,6039698061071769.0,0.0,1.7382650639026163e+17,1.7382650639026163e+17,0.2379826778997317,-0.027850076690832885,0.027850076690832885,0.027215566367819317
nga_5e17,0.0,5e+17,deep,coupled_final,0.0,0.01,0.0,0.3,channel,0.0002,4.875e-06,2.0,48.75,-0.007893228002769094,6888011127935842.0,0.0,1.740110185322842e+17,1.740110185322842e+17,0.19902111675143233,-0.027879638795096667,0.027879638795096667,0.027381043209487747
nga_5e17,0.0,5e+17,deep,coupled_final,0.0,0.01,0.0,0.3,channel,0.0002,4.95e-06,2.0,49.5,-0.004321592279742416,7908510205884160.0,0.0,1.7419573365257872e+17,1.7419573365257872e+17,0.16483091433627184,-0.02790923342006491,0.02790923342006491,0.02757413981222672
nga_5e17,0.0,5e+17,deep,coupled_final,0.0,0.01,0.0,0.3,channel,0.0002,5.025e-06,2.0,50.25,-0.0005747800883752509,9141939732355352.0,0.0,1.7437971664534467e+17,1.7437971664534467e+17,0.13517611220987824,-0.027938710745271208,0.027938710745271208,0.027801234334132806
nga_5e17,0.0,5e+17,deep,coupled_final,0.0,0.01,0.0,0.3,channel,0.0002,5.1e-06,2.0,51.0,0.0033486512860408497,1.0640183064903136e+16,0.0,1.745620659853207e+17,1.745620659853207e+17,0.10975189674022176,-0.0279679263304447,0.0279679263304447,0.02807049496525173
nga_5e17,0.0,5e+17,deep,coupled_final,0.0,0.01,0.0,0.3,channel,0.0002,5.1750000000000004e-06,2.0,51.75000000000001,0.007450412436387501,1.2469689934336962e+16,0.0,1.7474192167526186e+17,1.7474192167526186e+17,0.08820547845537784,-0.027996742388836267,0.027996742388836267,0.028392430339438234
nga_5e17,0.0,5e+17,deep,coupled_final,0.0,0.01,0.0,0.3,channel,0.0002,5.2500000000000006e-06,2.0,52.50000000000001,0.011732548594292812,1.4716087992600036e+16,0.0,1.749184727959959e+17,1.749184727959959e+17,0.07015539417707652,-0.028025028996870927,0.028025028996870927,0.0287806295954341
nga_5e17,0.0,5e+17,deep,coupled_final,0.0,0.01,0.0,0.3,channel,0.0002,5.325e-06,2.0,53.25,0.016197525960924282,1.7490438365463844e+16,0.0,1.7509096454574762e+17,1.7509096454574762e+17,0.0552086042090085,-0.028052665221971924,0.028052665221971924,0.029252765754728256
nga_5e17,0.0,5e+17,deep,coupled_final,0.0,0.01,0.0,0.3,channel,0.0002,5.4e-06,2.0,54.0,0.02084834398238688,2.093779765549444e+16,0.0,1.7525870466263898e+17,1.7525870466263898e+17,0.04297497449273499,-0.0280795401515587,0.0280795401515587,0.029831968534664015
nga_5e17,0.0,5e+17,deep,coupled_final,0.0,0.01,0.0,0.3,channel,0.00022500000000000002,3e-06,2.25,30.0,-0.04210597708482667,1817465238728620.2,0.0,1.7168627744803584e+17,1.7168627744803584e+17,1.1905225266209079,-0.027507174210568416,0.027507174210568416,0.026196187610428235
nga_5e17,0.0,5e+17,deep,coupled_final,0.0,0.01,0.0,0.3,channel,0.00022500000000000002,3.075e-06,2.25,30.750000000000004,-0.042738567488214405,1773532135749767.2,0.0,1.716331220728357e+17,1.716331220728357e+17,1.2296772301908925,-0.027498657780556702,0.027498657780556702,0.026180632321311337
nga_5e17,0.0,5e+17,deep,coupled_final,0.0,0.01,0.0,0.3,channel,0.00022500000000000002,3.1500000000000003e-06,2.25,31.500000000000004,-0.04320483427316843,1741831438383951.2,0.0,1.7159367345452134e+17,1.7159367345452134e+17,1.2593448890017136,-0.027492337415106014,0.027492337415106014,0.026169232944200548
nga_5e17,0.0,5e+17,deep,coupled_final,0.0,0.01,0.0,0.3,channel,0.00022500000000000002,3.225e-06,2.25,32.25,-0.043504849859109795,1721734115164190.0,0.0,1.715681693132322e+17,1.715681693132322e+17,1.2788051426932623,-0.027488251201181643,0.027488251201181643,0.026161926784109318
nga_5e17,0.0,5e+17,deep,coupled_final,0.0,0.01,0.0,0.3,channel,0.00022500000000000002,3.3e-06,2.25,33.0,-0.043638660661553176,1712845386582144.8,0.0,1.7155676344140982e+17,1.7155676344140982e+17,1.2875797000401996,-0.027486423779049224,0.027486423779049224,0.026158675230652885
nga_5e17,0.0,5e+17,deep,coupled_final,0.0,0.01,0.0,0.3,channel,0.00022500000000000002,3.3750000000000003e-06,2.25,33.75,-0.043606287337395744,1714991651071009.2,0.0,1.7155952464298435e+17,1.7155952464298435e+17,1.2854514287209253,-0.02748686617231367,0.02748686617231367,0.026159461493398775
nga_5e17,0.0,5e+17,deep,coupled_final,0.0,0.01,0.0,0.3,channel,0.00022500000000000002,3.45e-06,2.25,34.5,-0.04340772489158557,1728214769688664.0,0.0,1.7157643626006998e+17,1.7157643626006998e+17,1.272473077696523,-0.027489575712087447,0.027489575712087447,0.026164289610340334
nga_5e17,0.0,5e+17,deep,coupled_final,0.0,0.01,0.0,0.3,channel,0.00022500000000000002,3.525e-06,2.25,35.25,-0.043042942651468526,1752773442353587.5,0.0,1.7160739628748208e+17,1.7160739628748208e+17,1.248965155070805,-0.027494536055338213,0.027494536055338213,0.02617318468674168
nga_5e17,0.0,5e+17,deep,coupled_final,0.0,0.01,0.0,0.3,channel,0.00022500000000000002,3.6000000000000003e-06,2.25,36.0,-0.04251188410729643,1789151739868474.8,0.0,1.7165221807500288e+17,1.7165221807500288e+17,1.2155030776786706,-0.027501717297404204,0.027501717297404204,0.02618619437463398
nga_5e17,0.0,5e+17,deep,coupled_final,0.0,0.01,0.0,0.3,channel,0.00022500000000000002,3.6750000000000004e-06,2.25,36.75000000000001,-0.04181446660949721,1838075191277908.8,0.0,1.7171063161691072e+17,1.7171063161691072e+17,1.172894294080639,-0.0275110761785996,0.0275110761785996,0.026203391656899656
nga_5e17,0.0,5e+17,deep,coupled_final,0.0,0.01,0.0,0.3,channel,0.00022500000000000002,3.7500000000000005e-06,2.25,37.50000000000001,-0.040950580905020045,1900535185943545.0,0.0,1.7178228542770234e+17,1.7178228542770234e+17,1.1221466202564674,-0.027522556384738335,0.027522556384738335,0.026224879057439695
nga_5e17,0.0,5e+17,deep,coupled_final,0.0,0.01,0.0,0.3,channel,0.00022500000000000002,3.825000000000001e-06,2.25,38.25000000000001,-0.03992009048600864,1977822856572825.0,0.0,1.718667490020415e+17,1.718667490020415e+17,1.0644294810848722,-0.02753608894126137,0.02753608894126137,0.026250794463960583
nga_5e17,0.0,5e+17,deep,coupled_final,0.0,0.01,0.0,0.3,channel,0.00022500000000000002,3.9e-06,2.25,39.0,-0.03872283071381085,2071574089458975.0,0.0,1.719635158556299e+17,1.719635158556299e+17,1.0010300913854284,-0.02755159270043787,0.02755159270043787,0.026281318826610972
nga_5e17,0.0,5e+17,deep,coupled_final,0.0,0.01,0.0,0.3,channel,0.00022500000000000002,3.975e-06,2.25,39.75,-0.03735860766941571,2183827893322763.5,0.0,1.7207200714181315e+17,1.7207200714181315e+17,0.9333068175486712,-0.027568974920809414,0.027568974920809414,0.02631668608914533
nga_5e17,0.0,5e+17,deep,coupled_final,0.0,0.01,0.0,0.3,channel,0.00022500000000000002,4.05e-06,2.25,40.5,-0.03582719666722619,2317101088811140.5,0.0,1.7219157583621994e+17,1.7219157583621994e+17,0.8626420246152751,-0.02758813193764306,0.02758813193764306,0.026357195825953975
nga_5e17,0.0,5e+17,deep,coupled_final,0.0,0.01,0.0,0.3,channel,0.00022500000000000002,4.125e-06,2.25,41.25,-0.03412834035188522,2474483209346959.0,0.0,1.7232151147854518e+17,1.7232151147854518e+17,0.7903966349533755,-0.027608949922648788,0.027608949922648788,0.026403229206572888
nga_5e17,0.0,5e+17,deep,coupled_final,0.0,0.01,0.0,0.3,channel,0.00022500000000000002,4.2000000000000004e-06,2.25,42.00000000000001,-0.032261746276733845,2659756699883218.0,0.0,1.7246104545670304e+17,1.7246104545670304e+17,0.7178684147077664,-0.027631305730594146,0.027631305730594146,0.02645526910026193
nga_5e17,0.0,5e+17,deep,coupled_final,0.0,0.01,0.0,0.3,channel,0.00022500000000000002,4.2750000000000006e-06,2.25,42.75000000000001,-0.030227083836178583,2877549055816453.5,0.0,1.7260935681398688e+17,1.7260935681398688e+17,0.6462556834012959,-0.027655067829713845,0.027655067829713845,0.02651392538175563
nga_5e17,0.0,5e+17,deep,coupled_final,0.0,0.01,0.0,0.3,channel,0.00022500000000000002,4.350000000000001e-06,2.25,43.50000000000001,-0.02802398039120236,3133525585006488.5,0.0,1.727655785545215e+17,1.727655785545215e+17,0.5766277381407311,-0.027680097311954584,0.027680097311954584,0.02657996682538844
nga_5e17,0.0,5e+17,deep,coupled_final,0.0,0.01,0.0,0.3,channel,0.00022500000000000002,4.425e-06,2.25,44.25,-0.025652016385398105,3434634172094667.5,0.0,1.729288044160788e+17,1.729288044160788e+17,0.5099028292915138,-0.027706248978099743,0.027706248978099743,0.02665436140578654
nga_5e17,0.0,5e+17,deep,coupled_final,0.0,0.01,0.0,0.3,channel,0.00022500000000000002,4.5e-06,2.25,45.0,-0.02311071919549748,3789417010395824.5,0.0,1.7309809607207917e+17,1.7309809607207917e+17,0.4468340536661571,-0.027733372491657242,0.027733372491657242,0.026738327396711076
nga_5e17,0.0,5e+17,deep,coupled_final,0.0,0.01,0.0,0.3,channel,0.00022500000000000002,4.575e-06,2.25,45.75,-0.020399555391767993,4208409066850650.5,0.0,1.7327249071626163e+17,1.7327249071626163e+17,0.388003077522173,-0.02776131359405763,0.02776131359405763,0.026833398427379817
nga_5e17,0.0,5e+17,deep,coupled_final,0.0,0.01,0.0,0.3,channel,0.00022500000000000002,4.65e-06,2.25,46.50000000000001,-0.01751792099497996,4704649512233247.0,0.0,1.7345100897427418e+17,1.7345100897427418e+17,0.33382119414231914,-0.027789915372230637,0.027789915372230637,0.0269415066901966
nga_5e17,0.0,5e+17,deep,coupled_final,0.0,0.01,0.0,0.3,channel,0.00022500000000000002,4.7250000000000005e-06,2.25,47.25000000000001,-0.014465129201331176,5294341118178982.0,0.0,1.7363266307701024e+17,1.7363266307701024e+17,0.28453688204922917,-0.027819019568118032,0.027819019568118032,0.027065089897315212
nga_5e17,0.0,5e+17,deep,coupled_final,0.0,0.01,0.0,0.3,channel,0.00022500000000000002,4.8e-06,2.25,48.0,-0.01124039489584203,5997704597019232.0,0.0,1.738164652218817e+17,1.738164652218817e+17,0.2402487747969795,-0.027848467918297246,0.027848467918297246,0.027207229500595106
nga_5e17,0.0,5e+17,deep,coupled_final,0.0,0.01,0.0,0.3,channel,0.00022500000000000002,4.875e-06,2.25,48.75,-0.007842815076119693,6840091331836837.0,0.0,1.7400143604115427e+17,1.7400143604115427e+17,0.20092278918871748,-0.02787810351075828,0.02787810351075828,0.027371830327387773
nga_5e17,0.0,5e+17,deep,coupled_final,0.0,0.01,0.0,0.3,channel,0.00022500000000000002,4.95e-06,2.25,49.5,-0.004271344045279118,7853440781001364.0,0.0,1.741866130906692e+17,1.741866130906692e+17,0.16641208704249494,-0.027907772144946868,0.027907772144946868,0.027563855442529178
nga_5e17,0.0,5e+17,deep,coupled_final,0.0,0.01,0.0,0.3,channel,0.00022500000000000002,5.025e-06,2.25,50.25,-0.0005247618819592141,9078200775596518.0,0.0,1.7437105926625942e+17,1.7437105926625942e+17,0.1364785625122821,-0.027937323680223003,0.027937323680223003,0.027789635162365142
nga_5e17,0.0,5e+17,deep,coupled_final,0.0,0.01,0.0,0.3,channel,0.00022500000000000002,5.1e-06,2.25,51.0,0.003398365775708461,1.0565874002237876e+16,0.0,1.7455387104745456e+17,1.7455387104745456e+17,0.11081464310337213,-0.027966613356648077,0.027966613356648077,0.02805727636706544
nga_5e17,0.0,5e+17,deep,coupled_final,0.0,0.01,0.0,0.3,channel,0.00022500000000000002,5.1750000000000004e-06,2.25,51.75000000000001,0.007499739232509584,1.238241823917495e+16,0.0,1.747341864594262e+17,1.747341864594262e+17,0.08906435180797811,-0.027995503070629184,0.027995503070629184,0.028377208554151337
nga_5e17,0.0,5e+17,deep,coupled_final,0.0,0.01,0.0,0.3,channel,0.00022500000000000002,5.2500000000000006e-06,2.25,52.50000000000001,0.011781390993973129,1.461282061038217e+16,0.0,1.7491119263835334e+17,1.7491119263835334e+17,0.07084277837425407,-0.028023862587024252,0.028023862587024252,0.028762917926903046
nga_5e17,0.0,5e+17,deep,coupled_final,0.0,0.01,0.0,0.3,channel,0.00022500000000000002,5.325e-06,2.25,53.25,0.016245771443222885,1.7367301488763516e+16,0.0,1.7508413288647686e+17,1.7508413288647686e+17,0.05575332674169029,-0.02805157066948642,0.02805157066948642,0.02923194249957945
nga_5e17,0.0,5e+17,deep,coupled_final,0.0,0.01,0.0,0.3,channel,0.00022500000000000002,5.4e-06,2.25,54.0,0.020895860258684593,2.0789804118241764e+16,0.0,1.752523131103269e+17,1.752523131103269e+17,0.04340232518242538,-0.028078516111981762,0.028078516111981762,0.029807233316350153
nga_5e17,0.0,5e+17,deep,coupled_final,0.0,0.01,0.0,0.3,channel,0.00025,3e-06,2.5,30.0,-0.04206377467708749,1804133763599307.8,0.0,1.7167032859109968e+17,1.7167032859109968e+17,1.2021723489780682,-0.027504618921976202,0.027504618921976202,0.02619149638404113
nga_5e17,0.0,5e+17,deep,coupled_final,0.0,0.01,0.0,0.3,channel,0.00025,3.075e-06,2.5,30.750000000000004,-0.04269566254125465,1760570762434722.5,0.0,1.716171063357071e+17,1.716171063357071e+17,1.241658950495357,-0.027496091776576328,0.027496091776576328,0.026175989676383973
nga_5e17,0.0,5e+17,deep,coupled_final,0.0,0.01,0.0,0.3,channel,0.00025,3.1500000000000003e-06,2.5,31.500000000000004,-0.04316125628138925,1729146757870420.0,0.0,1.7157762176759987e+17,1.7157762176759987e+17,1.2715669440962252,-0.027489765651333826,0.027489765651333826,0.026164628870555515
nga_5e17,0.0,5e+17,deep,coupled_final,0.0,0.01,0.0,0.3,channel,0.00025,3.225e-06,2.5,32.25,-0.043460628071872176,1709238355856918.0,0.0,1.715521126313411e+17,1.715521126313411e+17,1.2911703315928351,-0.027485678637127094,0.027485678637127094,0.026157352178696146
nga_5e17,0.0,5e+17,deep,coupled_final,0.0,0.01,0.0,0.3,channel,0.00025,3.3e-06,2.5,33.0,-0.04359382414100889,1700454573172760.5,0.0,1.7154073262435696e+17,1.7154073262435696e+17,1.2999874464535353,-0.02748385535899862,0.02748385535899862,0.026154121583430206
nga_5e17,0.0,5e+17,deep,coupled_final,0.0,0.01,0.0,0.3,channel,0.00025,3.3750000000000003e-06,2.5,33.75,-0.04356086501255099,1702623892358206.2,0.0,1.7154355033845904e+17,1.7154355033845904e+17,1.2978001724392492,-0.027484306806568184,0.027484306806568184,0.02615492059425083
nga_5e17,0.0,5e+17,deep,coupled_final,0.0,0.01,0.0,0.3,channel,0.00025,3.45e-06,2.5,34.5,-0.043361745610459225,1715788616316045.5,0.0,1.7156054878874765e+17,1.7156054878874765e+17,1.284662702661811,-0.027487030258554847,0.027487030258554847,0.02615975326754932
nga_5e17,0.0,5e+17,deep,coupled_final,0.0,0.01,0.0,0.3,channel,0.00025,3.525e-06,2.5,35.25,-0.04299643523313347,1740206258775706.5,0.0,1.7159162553019245e+17,1.7159162553019245e+17,1.260899360091833,-0.02749200930145522,0.02749200930145522,0.02616864444807032
nga_5e17,0.0,5e+17,deep,coupled_final,0.0,0.01,0.0,0.3,channel,0.00025,3.6000000000000003e-06,2.5,36.0,-0.04246487739557599,1776358035502272.2,0.0,1.7163659336181942e+17,1.7163659336181942e+17,1.2270915988623827,-0.02749921394236666,0.02749921394236666,0.026181641242176645
nga_5e17,0.0,5e+17,deep,coupled_final,0.0,0.01,0.0,0.3,channel,0.00025,3.6750000000000004e-06,2.5,36.75000000000001,-0.04176698953012812,1824964853784551.5,0.0,1.716951816180406e+17,1.716951816180406e+17,1.1840548958790398,-0.027508600815881096,0.027508600815881096,0.02619881578654158
nga_5e17,0.0,5e+17,deep,coupled_final,0.0,0.01,0.0,0.3,channel,0.00025,3.7500000000000005e-06,2.5,37.50000000000001,-0.040902662528191386,1887011554782618.8,0.0,1.7176703804609462e+17,1.7176703804609462e+17,1.1328067840795786,-0.02752011348488418,0.02752011348488418,0.026220269433000255
nga_5e17,0.0,5e+17,deep,coupled_final,0.0,0.01,0.0,0.3,channel,0.00025,3.825000000000001e-06,2.5,38.25000000000001,-0.03987176009634679,1963780567063775.2,0.0,1.7185173126768595e+17,1.7185173126768595e+17,1.0745277359159142,-0.02753368283495336,0.02753368283495336,0.026246138534838648
nga_5e17,0.0,5e+17,deep,coupled_final,0.0,0.01,0.0,0.3,channel,0.00025,3.9e-06,2.5,39.0,-0.03867411789011249,2056896606053053.0,0.0,1.7194875382158845e+17,1.7194875382158845e+17,1.010516948767733,-0.02754922756183672,0.02754922756183672,0.02627660209591393
nga_5e17,0.0,5e+17,deep,coupled_final,0.0,0.01,0.0,0.3,channel,0.00025,3.975e-06,2.5,39.75,-0.03730954237674548,2168384634860481.0,0.0,1.7205752578210678e+17,1.7205752578210678e+17,0.9421452925776925,-0.027566654751194405,0.027566654751194405,0.026311891636744213
nga_5e17,0.0,5e+17,deep,coupled_final,0.0,0.01,0.0,0.3,channel,0.00025,4.05e-06,2.5,40.5,-0.03577780936440902,2300744027125329.5,0.0,1.7217739894578086e+17,1.7217739894578086e+17,0.8708077439992798,-0.02758586054938263,0.02758586054938263,0.02635230374749016
nga_5e17,0.0,5e+17,deep,coupled_final,0.0,0.01,0.0,0.3,channel,0.00025,4.125e-06,2.5,41.25,-0.034078662117957174,2457042794165228.5,0.0,1.7230766157553635e+17,1.7230766157553635e+17,0.7978775516741506,-0.027606730923550395,0.027606730923550395,0.026398215944905355
nga_5e17,0.0,5e+17,deep,coupled_final,0.0,0.01,0.0,0.3,channel,0.00025,4.2000000000000004e-06,2.5,42.00000000000001,-0.03221180896059892,2641036925529209.0,0.0,1.724475436876013e+17,1.724475436876013e+17,0.7246641652981666,-0.0276291425086969,0.0276291425086969,0.02645010663985831
nga_5e17,0.0,5e+17,deep,coupled_final,0.0,0.01,0.0,0.3,channel,0.00025,4.2750000000000006e-06,2.5,42.75000000000001,-0.030176920234589264,2857321435903588.5,0.0,1.7259622286192077e+17,1.7259622286192077e+17,0.6523766375099098,-0.027652963538602606,0.027652963538602606,0.02650858026864581
nga_5e17,0.0,5e+17,deep,coupled_final,0.0,0.01,0.0,0.3,channel,0.00025,4.350000000000001e-06,2.5,43.50000000000001,-0.0279736244612902,3111521736335676.0,0.0,1.7275283055145786e+17,1.7275283055145786e+17,0.5820938002420045,-0.02767805485669071,0.02767805485669071,0.026574398964904725
nga_5e17,0.0,5e+17,deep,coupled_final,0.0,0.01,0.0,0.3,channel,0.00025,4.425e-06,2.5,44.25,-0.025601503499392157,3410536623069843.5,0.0,1.729164588595678e+17,1.729164588595678e+17,0.5147420587397473,-0.02770427100188218,0.02770427100188218,0.02664852257657056
nga_5e17,0.0,5e+17,deep,coupled_final,0.0,0.01,0.0,0.3,channel,0.00025,4.5e-06,2.5,45.0,-0.023060086447071,3762847735244882.0,0.0,1.7308616774740115e+17,1.7308616774740115e+17,0.45108117167622136,-0.02773146136334905,0.02773146136334905,0.026732159401219972
nga_5e17,0.0,5e+17,deep,coupled_final,0.0,0.01,0.0,0.3,channel,0.00025,4.575e-06,2.5,45.75,-0.02034884196576309,4178915094786848.5,0.0,1.7326099262495494e+17,1.7326099262495494e+17,0.3916979282659611,-0.027759471396734913,0.027759471396734913,0.02682683077476865
nga_5e17,0.0,5e+17,deep,coupled_final,0.0,0.01,0.0,0.3,channel,0.00025,4.65e-06,2.5,46.50000000000001,-0.017467168615230722,4671684756453005.0,0.0,1.7343995227014138e+17,1.7343995227014138e+17,0.3370072224231604,-0.027788143892929575,0.027788143892929575,0.02693445367474987
nga_5e17,0.0,5e+17,deep,coupled_final,0.0,0.01,0.0,0.3,channel,0.00025,4.7250000000000005e-06,2.5,47.25000000000001,-0.014414382675145694,5257243293606311.0,0.0,1.73622057010749e+17,1.73622057010749e+17,0.28725968260886314,-0.02781732028896379,0.02781732028896379,0.027057446891390714
nga_5e17,0.0,5e+17,deep,coupled_final,0.0,0.01,0.0,0.3,channel,0.00025,4.8e-06,2.5,48.0,-0.011189702778694056,5955665720032177.0,0.0,1.7380631709545312e+17,1.7380631709545312e+17,0.24255475897397216,-0.027846842009192973,0.027846842009192973,0.027198868220848008
nga_5e17,0.0,5e+17,deep,coupled_final,0.0,0.01,0.0,0.3,channel,0.00025,4.875e-06,2.5,48.75,-0.0077922304866232224,6792119779727184.0,0.0,1.7399175117289293e+17,1.7399175117289293e+17,0.2028580041176535,-0.02787655182379511,0.02787655182379511,0.027362592750435923
nga_5e17,0.0,5e+17,deep,coupled_final,0.0,0.01,0.0,0.3,channel,0.00025,4.95e-06,2.5,49.5,-0.004220925669099215,7798312175382435.0,0.0,1.741773947920445e+17,1.741773947920445e+17,0.16802121150576252,-0.0279062952106807,0.0279062952106807,0.027553545931884242
nga_5e17,0.0,5e+17,deep,coupled_final,0.0,0.01,0.0,0.3,channel,0.00025,5.025e-06,2.5,50.25,-0.0004745752146761371,9014393956809888.0,0.0,1.7436230883119245e+17,1.7436230883119245e+17,0.1378040925112776,-0.027935921705962836,0.027935921705962836,0.027778010208689998
nga_5e17,0.0,5e+17,deep,coupled_final,0.0,0.01,0.0,0.3,channel,0.00025,5.1e-06,2.5,51.0,0.00344824688160248,1.0491486953630856e+16,0.0,1.7454558775518454e+17,1.7454558775518454e+17,0.11189626979922492,-0.027965286226915315,0.027965286226915315,0.028044031118217634
nga_5e17,0.0,5e+17,deep,coupled_final,0.0,0.01,0.0,0.3,channel,0.00025,5.1750000000000004e-06,2.5,51.75000000000001,0.007549230630907253,1.2295056808582016e+16,0.0,1.7472636759196822e+17,1.7472636759196822e+17,0.0899385253247317,-0.027994250349954633,0.027994250349954633,0.028361958989195902
nga_5e17,0.0,5e+17,deep,coupled_final,0.0,0.01,0.0,0.3,channel,0.00025,5.2500000000000006e-06,2.5,52.50000000000001,0.011830395805495525,1.450944996630046e+16,0.0,1.7490383351341056e+17,1.7490383351341056e+17,0.07154244359589756,-0.02802268352522125,0.02802268352522125,0.028745177062041116
nga_5e17,0.0,5e+17,deep,coupled_final,0.0,0.01,0.0,0.3,channel,0.00025,5.325e-06,2.5,53.25,0.01629417696144744,1.724404598063886e+16,0.0,1.750772269062491e+17,1.750772269062491e+17,0.056307811903061784,-0.028050464209470837,0.028050464209470837,0.029211088330050955
nga_5e17,0.0,5e+17,deep,coupled_final,0.0,0.01,0.0,0.3,channel,0.00025,5.4e-06,2.5,54.0,0.020943533998594884,2.06416748536014e+16,0.0,1.7524585182622067e+17,1.7524585182622067e+17,0.04383736062560657,-0.028077480900139697,0.028077480900139697,0.02978246517984625
nga_5e17,0.0,5e+17,deep,coupled_final,0.0,0.01,0.0,0.3,channel,0.00027499999999999996,3e-06,2.7499999999999996,30.0,-0.04202141242394914,1790795981991721.0,0.0,1.716542154428554e+17,1.716542154428554e+17,1.2140275265596034,-0.027502037311014485,0.027502037311014485,0.026186777824875305
nga_5e17,0.0,5e+17,deep,coupled_final,0.0,0.01,0.0,0.3,channel,0.00027499999999999996,3.075e-06,2.7499999999999996,30.750000000000004,-0.042652595118350525,1747602706796182.2,0.0,1.716009256000818e+17,1.716009256000818e+17,1.253851564418719,-0.027493499336922345,0.027493499336922345,0.026171319525156746
nga_5e17,0.0,5e+17,deep,coupled_final,0.0,0.01,0.0,0.3,channel,0.00027499999999999996,3.1500000000000003e-06,2.7499999999999996,31.500000000000004,-0.04311751335786653,1716455015518801.0,0.0,1.7156140466738272e+17,1.7156140466738272e+17,1.284003838995415,-0.02748716738542991,0.02748716738542991,0.026159997163347548
nga_5e17,0.0,5e+17,deep,coupled_final,0.0,0.01,0.0,0.3,channel,0.00027499999999999996,3.225e-06,2.7499999999999996,32.25,-0.04341623907264635,1696735142059818.5,0.0,1.715358904143172e+17,1.715358904143172e+17,1.3037526233948975,-0.027483079551420354,0.027483079551420354,0.026152749857289846
nga_5e17,0.0,5e+17,deep,coupled_final,0.0,0.01,0.0,0.3,channel,0.00027499999999999996,3.3e-06,2.7499999999999996,33.0,-0.04354881830430993,1688055890544924.0,0.0,1.715245364429612e+17,1.715245364429612e+17,1.3126128234415957,-0.027481260444659393,0.027481260444659393,0.026149540181131106
nga_5e17,0.0,5e+17,deep,coupled_final,0.0,0.01,0.0,0.3,channel,0.00027499999999999996,3.3750000000000003e-06,2.7499999999999996,33.75,-0.0435152714437116,1690247818863005.5,0.0,1.715274111317799e+17,1.715274111317799e+17,1.3103653271388105,-0.027481721020584923,0.027481721020584923,0.026150351942690102
nga_5e17,0.0,5e+17,deep,coupled_final,0.0,0.01,0.0,0.3,channel,0.00027499999999999996,3.45e-06,2.7499999999999996,34.5,-0.04331559333380786,1703353662869632.0,0.0,1.7154449716674925e+17,1.7154449716674925e+17,1.2970658008330003,-0.027484458505184484,0.027484458505184484,0.026155189214993286
nga_5e17,0.0,5e+17,deep,coupled_final,0.0,0.01,0.0,0.3,channel,0.00027499999999999996,3.525e-06,2.7499999999999996,35.25,-0.04294975324378167,1727629740779730.2,0.0,1.715756916600053e+17,1.715756916600053e+17,1.2730424512459995,-0.027489456414004916,0.027489456414004916,0.026164076580292996
nga_5e17,0.0,5e+17,deep,coupled_final,0.0,0.01,0.0,0.3,channel,0.00027499999999999996,3.6000000000000003e-06,2.7499999999999996,36.0,-0.042417694712873294,1763554403263367.2,0.0,1.716208068559548e+17,1.716208068559548e+17,1.2388828758794574,-0.02749668466528378,0.02749668466528378,0.026177060597053416
nga_5e17,0.0,5e+17,deep,coupled_final,0.0,0.01,0.0,0.3,channel,0.00027499999999999996,3.6750000000000004e-06,2.7499999999999996,36.75000000000001,-0.04171933525459778,1811843924753253.2,0.0,1.7167957142440275e+17,1.7167957142440275e+17,1.1954107192695336,-0.027506099787131217,0.027506099787131217,0.026194212553200667
nga_5e17,0.0,5e+17,deep,coupled_final,0.0,0.01,0.0,0.3,channel,0.00027499999999999996,3.7500000000000005e-06,2.7499999999999996,37.50000000000001,-0.04085456590385806,1873476585728342.5,0.0,1.717516323397056e+17,1.717516323397056e+17,1.1436533986872246,-0.027517645218603504,0.027517645218603504,0.026215632625603513
nga_5e17,0.0,5e+17,deep,coupled_final,0.0,0.01,0.0,0.3,channel,0.00027499999999999996,3.825000000000001e-06,2.7499999999999996,38.25000000000001,-0.03982325058052875,1949726096382097.5,0.0,1.718365573440936e+17,1.718365573440936e+17,1.0848026235986465,-0.027531251704370784,0.027531251704370784,0.02624145562980313
nga_5e17,0.0,5e+17,deep,coupled_final,0.0,0.01,0.0,0.3,channel,0.00027499999999999996,3.9e-06,2.7499999999999996,39.0,-0.03862522523298296,2042205984855686.5,0.0,1.7193383799199773e+17,1.7193383799199773e+17,1.0201697788222657,-0.027546837782472022,0.027546837782472022,0.026271858619547096
nga_5e17,0.0,5e+17,deep,coupled_final,0.0,0.01,0.0,0.3,channel,0.00027499999999999996,3.975e-06,2.7499999999999996,39.75,-0.03726029671328296,2152927149554509.5,0.0,1.720428932703559e+17,1.720428932703559e+17,0.951138451251241,-0.027564310364352005,0.027564310364352005,0.02630707068772405
nga_5e17,0.0,5e+17,deep,coupled_final,0.0,0.01,0.0,0.3,channel,0.00027499999999999996,4.05e-06,2.7499999999999996,40.5,-0.035728241321770056,2284371494755978.5,0.0,1.721630737873747e+17,1.721630737873747e+17,0.8791164441783356,-0.02758356540597496,0.02758356540597496,0.026347385435202327
nga_5e17,0.0,5e+17,deep,coupled_final,0.0,0.01,0.0,0.3,channel,0.00027499999999999996,4.125e-06,2.7499999999999996,41.25,-0.034028802941839985,2439585483370726.5,0.0,1.722936665190405e+17,1.722936665190405e+17,0.8054895426081311,-0.02760448866829948,0.02760448866829948,0.0263931767201097
nga_5e17,0.0,5e+17,deep,coupled_final,0.0,0.01,0.0,0.3,channel,0.00027499999999999996,4.2000000000000004e-06,2.7499999999999996,42.00000000000001,-0.032161690664849904,2622298618480403.5,0.0,1.7243390009879677e+17,1.7243390009879677e+17,0.7315790789697656,-0.027626956564778246,0.027626956564778246,0.026444918488168226
nga_5e17,0.0,5e+17,deep,coupled_final,0.0,0.01,0.0,0.3,channel,0.00027499999999999996,4.2750000000000006e-06,2.7499999999999996,42.75000000000001,-0.03012657577917632,2837073397272024.0,0.0,1.7258295063121376e+17,1.7258295063121376e+17,0.6586050221414146,-0.02765083709281062,0.02765083709281062,0.026503209729415847
nga_5e17,0.0,5e+17,deep,coupled_final,0.0,0.01,0.0,0.3,channel,0.00027499999999999996,4.350000000000001e-06,2.7499999999999996,43.50000000000001,-0.027923087964875724,3089495290327880.0,0.0,1.7273994800514442e+17,1.7273994800514442e+17,0.5876559017845335,-0.027675990845221727,0.027675990845221727,0.026568805927723364
nga_5e17,0.0,5e+17,deep,coupled_final,0.0,0.01,0.0,0.3,channel,0.00027499999999999996,4.425e-06,2.7499999999999996,44.25,-0.025550810494151473,3386413953646069.0,0.0,1.7290398267566726e+17,1.7290398267566726e+17,0.5196664176410484,-0.027702272096849487,0.027702272096849487,0.026642658793807818
nga_5e17,0.0,5e+17,deep,coupled_final,0.0,0.01,0.0,0.3,channel,0.00027499999999999996,4.5e-06,2.7499999999999996,45.0,-0.02300927418520597,3736250410598946.0,0.0,1.7307411287690694e+17,1.7307411287690694e+17,0.4554031046512861,-0.02772952996016588,0.02772952996016588,0.026725966636829333
nga_5e17,0.0,5e+17,deep,coupled_final,0.0,0.01,0.0,0.3,channel,0.00027499999999999996,4.575e-06,2.7499999999999996,45.75,-0.02029794978947139,4149389665011094.0,0.0,1.7324937221949152e+17,1.7324937221949152e+17,0.3954579633811271,-0.0277576096025238,0.0277576096025238,0.02682023848518799
nga_5e17,0.0,5e+17,deep,coupled_final,0.0,0.01,0.0,0.3,channel,0.00027499999999999996,4.65e-06,2.7499999999999996,46.50000000000001,-0.017416238404863834,4638684569103114.0,0.0,1.73428777617135e+17,1.73428777617135e+17,0.34024955099931836,-0.02778635351613559,0.02778635351613559,0.026927376085046924
nga_5e17,0.0,5e+17,deep,coupled_final,0.0,0.01,0.0,0.3,channel,0.00027499999999999996,4.7250000000000005e-06,2.7499999999999996,47.25000000000001,-0.014363459394130711,5220105395981026.0,0.0,1.736113374772777e+17,1.736113374772777e+17,0.29003068391618264,-0.02781560283035828,0.02781560283035828,0.027049779285604092
nga_5e17,0.0,5e+17,deep,coupled_final,0.0,0.01,0.0,0.3,channel,0.00027499999999999996,4.8e-06,2.7499999999999996,48.0,-0.011138835138786388,5913581341494243.0,0.0,1.7379606008190566e+17,1.7379606008190566e+17,0.2449016441976713,-0.027845198654448938,0.027845198654448938,0.02719048220530898
nga_5e17,0.0,5e+17,deep,coupled_final,0.0,0.01,0.0,0.3,channel,0.00027499999999999996,4.875e-06,2.7499999999999996,48.75,-0.007741471763582069,6744096372269498.0,0.0,1.739819620774604e+17,1.739819620774604e+17,0.20482761537258268,-0.027874983437798116,0.027874983437798116,0.027353330166307553
nga_5e17,0.0,5e+17,deep,coupled_final,0.0,0.01,0.0,0.3,channel,0.00027499999999999996,4.95e-06,2.7499999999999996,49.5,-0.004170334707458931,7743124277772265.0,0.0,1.7416807698696483e+17,1.7416807698696483e+17,0.16965900042503054,-0.027904802333722816,0.027904802333722816,0.0275432109789233
nga_5e17,0.0,5e+17,deep,coupled_final,0.0,0.01,0.0,0.3,channel,0.00027499999999999996,5.025e-06,2.7499999999999996,50.25,-0.0004242176716506721,8950519151667225.0,0.0,1.74353463651657e+17,1.74353463651657e+17,0.139153291716747,-0.027934504551965313,0.027934504551965313,0.027766359182662386
nga_5e17,0.0,5e+17,deep,coupled_final,0.0,0.01,0.0,0.3,channel,0.00027499999999999996,5.1e-06,2.7499999999999996,51.0,0.003498296987884636,1.0417021780700116e+16,0.0,1.7453721450190678e+17,1.7453721450190678e+17,0.11299725997691383,-0.027963944683840097,0.027963944683840097,0.02803075893913078
nga_5e17,0.0,5e+17,deep,coupled_final,0.0,0.01,0.0,0.3,channel,0.00027499999999999996,5.1750000000000004e-06,2.7499999999999996,51.75000000000001,0.007598888983252467,1.22076054895385e+16,0.0,1.747184635484673e+17,1.747184635484673e+17,0.09082839131271876,-0.0279929839825735,0.0279929839825735,0.028346681375816373
nga_5e17,0.0,5e+17,deep,coupled_final,0.0,0.01,0.0,0.3,channel,0.00027499999999999996,5.2500000000000006e-06,2.7499999999999996,52.50000000000001,0.011879565346334798,1.4405975892868532e+16,0.0,1.7489639397889693e+17,1.7489639397889693e+17,0.07225470539527776,-0.028021491580384694,0.028021491580384694,0.02872740674293682
nga_5e17,0.0,5e+17,deep,coupled_final,0.0,0.01,0.0,0.3,channel,0.00027499999999999996,5.325e-06,2.7499999999999996,53.25,0.016342744797237064,1.7120671660629404e+16,0.0,1.750702452445749e+17,1.750702452445749e+17,0.056872311092886256,-0.028049345623950752,0.028049345623950752,0.029190202999255392
nga_5e17,0.0,5e+17,deep,coupled_final,0.0,0.01,0.0,0.3,channel,0.00027499999999999996,5.4e-06,2.7499999999999996,54.0,0.020991367446352716,2.049340967183282e+16,0.0,1.7523931953090982e+17,1.7523931953090982e+17,0.044280279177523856,-0.028076434311048355,0.028076434311048355,0.02975766388976837
nga_5e17,0.0,5e+17,deep,coupled_final,0.0,0.01,0.0,0.3,channel,0.00030000000000000003,3e-06,3.0000000000000004,30.0,-0.04197888792016545,1777451890481697.5,0.0,1.7163793507594086e+17,1.7163793507594086e+17,1.2260932849193642,-0.027499428908668144,0.027499428908668144,0.026182031463367034
nga_5e17,0.0,5e+17,deep,coupled_final,0.0,0.01,0.0,0.3,channel,0.00030000000000000003,3.075e-06,3.0000000000000004,30.750000000000004,-0.0426093627748584,1734627963644701.2,0.0,1.715845769270023e+17,1.715845769270023e+17,1.2662604332503489,-0.027490879990721858,0.027490879990721858,0.026166621395925314
nga_5e17,0.0,5e+17,deep,coupled_final,0.0,0.01,0.0,0.3,channel,0.00030000000000000003,3.1500000000000003e-06,3.0000000000000004,31.500000000000004,-0.043073603021555884,1703756204473498.5,0.0,1.7154501920822128e+17,1.7154501920822128e+17,1.2966610306273254,-0.02748454214544933,0.02748454214544933,0.026155337349533327
nga_5e17,0.0,5e+17,deep,coupled_final,0.0,0.01,0.0,0.3,channel,0.00030000000000000003,3.225e-06,3.0000000000000004,32.25,-0.04337168034699242,1684224465316224.8,0.0,1.7151949971472982e+17,1.7151949971472982e+17,1.3165575283973314,-0.027480453471830976,0.027480453471830976,0.02614811934630506
nga_5e17,0.0,5e+17,deep,coupled_final,0.0,0.01,0.0,0.3,channel,0.00030000000000000003,3.3e-06,3.0000000000000004,33.0,-0.043503640606629555,1675649328675033.2,0.0,1.715081719529113e+17,1.715081719529113e+17,1.325461351187273,-0.02747863856430086,0.02747863856430086,0.026144930550418954
nga_5e17,0.0,5e+17,deep,coupled_final,0.0,0.01,0.0,0.3,channel,0.00030000000000000003,3.3750000000000003e-06,3.0000000000000004,33.75,-0.043469504058671074,1677863419000218.5,0.0,1.715111040866364e+17,1.715111040866364e+17,1.323152379187431,-0.027479108343915076,0.027479108343915076,0.026145755066411626
nga_5e17,0.0,5e+17,deep,coupled_final,0.0,0.01,0.0,0.3,channel,0.00030000000000000003,3.45e-06,3.0000000000000004,34.5,-0.04326926546504575,1690909896180519.5,0.0,1.7152827847061338e+17,1.7152827847061338e+17,1.3096877818557437,-0.0274818599835862,0.0274818599835862,0.02615059698217218
nga_5e17,0.0,5e+17,deep,coupled_final,0.0,0.01,0.0,0.3,channel,0.00030000000000000003,3.525e-06,3.0000000000000004,35.25,-0.04290289406543724,1715043873563976.5,0.0,1.7155959177111235e+17,1.7155959177111235e+17,1.2853997203208192,-0.027486876927425487,0.027486876927425487,0.02615948061547639
nga_5e17,0.0,5e+17,deep,coupled_final,0.0,0.01,0.0,0.3,channel,0.00030000000000000003,3.6000000000000003e-06,3.0000000000000004,36.0,-0.04237033342279508,1750740826641117.5,0.0,1.716048556740003e+17,1.716048556740003e+17,1.2508820442064577,-0.027494129004182556,0.027494129004182556,0.02617245197464598
nga_5e17,0.0,5e+17,deep,coupled_final,0.0,0.01,0.0,0.3,channel,0.00030000000000000003,3.6750000000000004e-06,3.0000000000000004,36.75000000000001,-0.041671501131047235,1798712385860239.0,0.0,1.716637981796647e+17,1.716637981796647e+17,1.2069667084612619,-0.027503572634715052,0.027503572634715052,0.026189581496306215
nga_5e17,0.0,5e+17,deep,coupled_final,0.0,0.01,0.0,0.3,channel,0.00030000000000000003,3.7500000000000005e-06,3.0000000000000004,37.50000000000001,-0.04080628836762142,1859930258510079.8,0.0,1.7173606548387347e+17,1.7173606548387347e+17,1.154691186247641,-0.027515151133335598,0.027515151133335598,0.02621096817944104
nga_5e17,0.0,5e+17,deep,coupled_final,0.0,0.01,0.0,0.3,channel,0.00030000000000000003,3.825000000000001e-06,3.0000000000000004,38.25000000000001,-0.039774559264511906,1935659422144740.2,0.0,1.7182122444277216e+17,1.7182122444277216e+17,1.0952586182084862,-0.02752879510274792,0.02752879510274792,0.026236745298502145
nga_5e17,0.0,5e+17,deep,coupled_final,0.0,0.01,0.0,0.3,channel,0.00030000000000000003,3.9e-06,3.0000000000000004,39.0,-0.03857615006159679,2027502201171041.0,0.0,1.719187656189243e+17,1.719187656189243e+17,1.0299927865774254,-0.027544422922076303,0.027544422922076303,0.026267087953286285
nga_5e17,0.0,5e+17,deep,coupled_final,0.0,0.01,0.0,0.3,channel,0.00030000000000000003,3.975e-06,3.0000000000000004,39.75,-0.037210867994241933,2137455410157295.2,0.0,1.7202810690345283e+17,1.7202810690345283e+17,0.9602902139011174,-0.02756194132719662,0.02756194132719662,0.026302222804633707
nga_5e17,0.0,5e+17,deep,coupled_final,0.0,0.01,0.0,0.3,channel,0.00030000000000000003,4.05e-06,3.0000000000000004,40.5,-0.03567848985334148,2267983461621757.0,0.0,1.7214859770684883e+17,1.7214859770684883e+17,0.887571750481138,-0.027581246082177917,0.027581246082177917,0.0263424404590288
nga_5e17,0.0,5e+17,deep,coupled_final,0.0,0.01,0.0,0.3,channel,0.00030000000000000003,4.125e-06,3.0000000000000004,41.25,-0.033978760139116354,2422111243717789.5,0.0,1.7227952370783744e+17,1.7227952370783744e+17,0.8132359329954131,-0.027602222740134616,0.027602222740134616,0.02638811111009795
nga_5e17,0.0,5e+17,deep,coupled_final,0.0,0.01,0.0,0.3,channel,0.00030000000000000003,4.2000000000000004e-06,3.0000000000000004,42.00000000000001,-0.03211138870930155,2603541741941507.5,0.0,1.724201121458116e+17,1.724201121458116e+17,0.73861618074135,-0.02762474749116789,0.02762474749116789,0.026439704231626122
nga_5e17,0.0,5e+17,deep,coupled_final,0.0,0.01,0.0,0.3,channel,0.00030000000000000003,4.2750000000000006e-06,3.0000000000000004,42.75000000000001,-0.03007604779661395,2816804899129765.5,0.0,1.7256953763775827e+17,1.7256953763775827e+17,0.6649435665186257,-0.027648688094339985,0.027648688094339985,0.026497813359532225
nga_5e17,0.0,5e+17,deep,coupled_final,0.0,0.01,0.0,0.3,channel,0.00030000000000000003,4.350000000000001e-06,3.0000000000000004,43.50000000000001,-0.027872368238062543,3067446201677805.0,0.0,1.7272692849527392e+17,1.7272692849527392e+17,0.5933164846810529,-0.027673904889771665,0.027673904889771665,0.026563187318809686
nga_5e17,0.0,5e+17,deep,coupled_final,0.0,0.01,0.0,0.3,channel,0.00030000000000000003,4.425e-06,3.0000000000000004,44.25,-0.025499934717718727,3362266113410402.0,0.0,1.728913735110872e+17,1.728913735110872e+17,0.5246780725707667,-0.027700251885963045,0.027700251885963045,0.026636769672382658
nga_5e17,0.0,5e+17,deep,coupled_final,0.0,0.01,0.0,0.3,channel,0.00030000000000000003,4.5e-06,3.0000000000000004,45.0,-0.02295827977233076,3709624980257128.0,0.0,1.7306192917731245e+17,1.7306192917731245e+17,0.4598017586666336,-0.027727577916285284,0.027727577916285284,0.02671974872871235
nga_5e17,0.0,5e+17,deep,coupled_final,0.0,0.01,0.0,0.3,channel,0.00030000000000000003,4.575e-06,3.0000000000000004,45.75,-0.02024687624208821,4119832714760865.5,0.0,1.7323762728933747e+17,1.7323762728933747e+17,0.39928484550183446,-0.027755727857257724,0.027755727857257724,0.026813621194415587
nga_5e17,0.0,5e+17,deep,coupled_final,0.0,0.01,0.0,0.3,channel,0.00030000000000000003,4.65e-06,3.0000000000000004,46.50000000000001,-0.017365127762155486,4605648879987129.0,0.0,1.7341748287995693e+17,1.7341748287995693e+17,0.34354961770655595,-0.0277845438997362,0.0277845438997362,0.026920273567728567
nga_5e17,0.0,5e+17,deep,coupled_final,0.0,0.01,0.0,0.3,channel,0.00030000000000000003,4.7250000000000005e-06,3.0000000000000004,47.25000000000001,-0.014312356777888145,5182927346701031.0,0.0,1.7360050241874448e+17,1.7360050241874448e+17,0.29285111862515606,-0.02781386686259729,0.02781386686259729,0.02704208673765769
nga_5e17,0.0,5e+17,deep,coupled_final,0.0,0.01,0.0,0.3,channel,0.00030000000000000003,4.8e-06,3.0000000000000004,48.0,-0.011087789419221292,5871451373333704.0,0.0,1.7378569220275526e+17,1.7378569220275526e+17,0.2472904779675867,-0.027843537537077044,0.027843537537077044,0.027182071122879292
nga_5e17,0.0,5e+17,deep,coupled_final,0.0,0.01,0.0,0.3,channel,0.00030000000000000003,4.875e-06,3.0000000000000004,48.75,-0.0076905363757023126,6696021010787032.0,0.0,1.739720668573595e+17,1.739720668573595e+17,0.20683250523437416,-0.027873398048754716,0.027873398048754716,0.027344042255180324
nga_5e17,0.0,5e+17,deep,coupled_final,0.0,0.01,0.0,0.3,channel,0.00030000000000000003,4.95e-06,3.0000000000000004,49.5,-0.004119568656699983,7687876977725678.0,0.0,1.7415865786022448e+17,1.7415865786022448e+17,0.17132619027530782,-0.02790329322324521,0.02790329322324521,0.027532850275123068
nga_5e17,0.0,5e+17,deep,coupled_final,0.0,0.01,0.0,0.3,channel,0.00030000000000000003,5.025e-06,3.0000000000000004,50.25,-0.00037368677882021484,8886576236843135.0,0.0,1.7434452199572022e+17,1.7434452199572022e+17,0.1405267693327006,-0.027933071940744198,0.027933071940744198,0.027754681787037168
nga_5e17,0.0,5e+17,deep,coupled_final,0.0,0.01,0.0,0.3,channel,0.00030000000000000003,5.1e-06,3.0000000000000004,51.0,0.00354851853713346,1.0342478346316914e+16,0.0,1.7452874963961123e+17,1.7452874963961123e+17,0.11411811295051211,-0.027962588463382104,0.027962588463382104,0.028017459543794095
nga_5e17,0.0,5e+17,deep,coupled_final,0.0,0.01,0.0,0.3,channel,0.00030000000000000003,5.1750000000000004e-06,3.0000000000000004,51.75000000000001,0.007648716698822661,1.2120064130604524e+16,0.0,1.7471047276514893e+17,1.7471047276514893e+17,0.09173435522528682,-0.027991703717941498,0.027991703717941498,0.028331375439205105
nga_5e17,0.0,5e+17,deep,coupled_final,0.0,0.01,0.0,0.3,channel,0.00030000000000000003,5.2500000000000006e-06,3.0000000000000004,52.50000000000001,0.011928901990721429,1.4302398224607842e+16,0.0,1.748888725552444e+17,1.748888725552444e+17,0.07297988991745544,-0.028020286515461647,0.028020286515461647,0.028709606706024623
nga_5e17,0.0,5e+17,deep,coupled_final,0.0,0.01,0.0,0.3,channel,0.00030000000000000003,5.325e-06,3.0000000000000004,53.25,0.016391477288100868,1.6997178350846406e+16,0.0,1.7506318650572013e+17,1.7506318650572013e+17,0.05744708416409377,-0.02804821468930489,0.02804821468930489,0.029169286255070564
nga_5e17,0.0,5e+17,deep,coupled_final,0.0,0.01,0.0,0.3,channel,0.00030000000000000003,5.4e-06,3.0000000000000004,54.0,0.02103936290114408,2.034500838651376e+16,0.0,1.7523271491177907e+17,1.7523271491177907e+17,0.044731285875248356,-0.028075376134403578,0.028075376134403578,0.029732829205944215
nga_5e17,0.0,5e+17,deep,coupled_final,0.0,0.01,0.0,0.3,channel,0.00032500000000000004,3e-06,3.2500000000000004,30.0,-0.041936198700685066,1764101485945140.2,0.0,1.7162148448838592e+17,1.7162148448838592e+17,1.2383750238509037,-0.027496793233968534,0.027496793233968534,0.026177256818047136
nga_5e17,0.0,5e+17,deep,coupled_final,0.0,0.01,0.0,0.3,channel,0.00032500000000000004,3.075e-06,3.2500000000000004,30.750000000000004,-0.04256596300535058,1721646528065201.2,0.0,1.715680573026354e+17,1.715680573026354e+17,1.278891096910686,-0.02748823325510555,0.02748823325510555,0.02616189480503288
nga_5e17,0.0,5e+17,deep,coupled_final,0.0,0.01,0.0,0.3,channel,0.00032500000000000004,3.1500000000000003e-06,3.2500000000000004,31.500000000000004,-0.04302952272972594,1691050318131272.0,0.0,1.7152846236944227e+17,1.7152846236944227e+17,1.3095441576168723,-0.027481889447426865,0.027481889447426865,0.026150648944089683
nga_5e17,0.0,5e+17,deep,coupled_final,0.0,0.01,0.0,0.3,channel,0.00032500000000000004,3.225e-06,3.2500000000000004,32.25,-0.04332694931795667,1671706317403024.0,0.0,1.7150293751009437e+17,1.7150293751009437e+17,1.3295907402662968,-0.027477799914103533,0.027477799914103533,0.026143460160168865
nga_5e17,0.0,5e+17,deep,coupled_final,0.0,0.01,0.0,0.3,channel,0.00032500000000000004,3.3e-06,3.2500000000000004,33.0,-0.043458288439876536,1663234877757069.8,0.0,1.7149163613493136e+17,1.7149163613493136e+17,1.3385387334811327,-0.027475989234181708,0.027475989234181708,0.026140292205981328
nga_5e17,0.0,5e+17,deep,coupled_final,0.0,0.01,0.0,0.3,channel,0.00032500000000000004,3.3750000000000003e-06,3.2500000000000004,33.75,-0.043423560221283845,1665470681388796.8,0.0,1.7149462619196086e+17,1.7149462619196086e+17,1.3361669973629546,-0.027476468294132406,0.027476468294132406,0.026141129481165728
nga_5e17,0.0,5e+17,deep,coupled_final,0.0,0.01,0.0,0.3,channel,0.00032500000000000004,3.45e-06,3.2500000000000004,34.5,-0.043222759343049415,1678457303272794.0,0.0,1.7151188970244675e+17,1.7151188970244675e+17,1.322534235178751,-0.027479234213444538,0.027479234213444538,0.026145976086691572
nga_5e17,0.0,5e+17,deep,coupled_final,0.0,0.01,0.0,0.3,channel,0.00032500000000000004,3.525e-06,3.2500000000000004,35.25,-0.04285585501506341,1702448642510717.2,0.0,1.7154332288371485e+17,1.7154332288371485e+17,1.2979766349500395,-0.027484270364300543,0.027484270364300543,0.02615485607386211
nga_5e17,0.0,5e+17,deep,coupled_final,0.0,0.01,0.0,0.3,channel,0.00032500000000000004,3.6000000000000003e-06,3.2500000000000004,36.0,-0.042322790823439184,1737917289301803.0,0.0,1.7158873685911344e+17,1.7158873685911344e+17,1.2630944099484656,-0.02749154648532461,0.02749154648532461,0.026167814898599005
nga_5e17,0.0,5e+17,deep,coupled_final,0.0,0.01,0.0,0.3,channel,0.00032500000000000004,3.6750000000000004e-06,3.2500000000000004,36.75000000000001,-0.041623484441735206,1785570218953563.8,0.0,1.7164785895473056e+17,1.7164785895473056e+17,1.2187279719285498,-0.027501018889339694,0.027501018889339694,0.02618492214365706
nga_5e17,0.0,5e+17,deep,coupled_final,0.0,0.01,0.0,0.3,channel,0.00032500000000000004,3.7500000000000005e-06,3.2500000000000004,37.50000000000001,-0.04075782718890093,1846372553025864.5,0.0,1.7172033458195504e+17,1.7172033458195504e+17,1.165925025822728,-0.02751263076498705,0.02751263076498705,0.026206275627198745
nga_5e17,0.0,5e+17,deep,coupled_final,0.0,0.01,0.0,0.3,channel,0.00032500000000000004,3.825000000000001e-06,3.2500000000000004,38.25000000000001,-0.03972568340784532,1921580522136154.0,0.0,1.718057297041396e+17,1.718057297041396e+17,1.1059003424896041,-0.027526312571929216,0.027526312571929216,0.026232007079220823
nga_5e17,0.0,5e+17,deep,coupled_final,0.0,0.01,0.0,0.3,channel,0.00032500000000000004,3.9e-06,3.2500000000000004,39.0,-0.03852688962856587,2012785230471727.2,0.0,1.7190353388434432e+17,1.7190353388434432e+17,1.0399903168189668,-0.02754198252915237,0.02754198252915237,0.02626228964170458
nga_5e17,0.0,5e+17,deep,coupled_final,0.0,0.01,0.0,0.3,channel,0.00032500000000000004,3.975e-06,3.2500000000000004,39.75,-0.03716125346819044,2121969389592980.0,0.0,1.720131639093029e+17,1.720131639093029e+17,0.9696046311921392,-0.02755954719558972,0.02755954719558972,0.026297347538996634
nga_5e17,0.0,5e+17,deep,coupled_final,0.0,0.01,0.0,0.3,channel,0.00032500000000000004,4.05e-06,3.2500000000000004,40.5,-0.035628552206496654,2251579897818872.8,0.0,1.721339679822689e+17,1.721339679822689e+17,0.8961774088068643,-0.027578902141889534,0.027578902141889534,0.026337468378076486
nga_5e17,0.0,5e+17,deep,coupled_final,0.0,0.01,0.0,0.3,channel,0.00032500000000000004,4.125e-06,3.2500000000000004,41.25,-0.033928530958765954,2404620042147110.5,0.0,1.7226523047422864e+17,1.7226523047422864e+17,0.8211201587166252,-0.027599932711643384,0.027599932711643384,0.026383018682161002
nga_5e17,0.0,5e+17,deep,coupled_final,0.0,0.01,0.0,0.3,channel,0.00032500000000000004,4.2000000000000004e-06,3.2500000000000004,42.00000000000001,-0.03206090034728882,2584766259315914.5,0.0,1.7240617721908774e+17,1.7240617721908774e+17,0.7457785963369787,-0.027622514869768546,0.027622514869768546,0.0264344634462713
nga_5e17,0.0,5e+17,deep,coupled_final,0.0,0.01,0.0,0.3,channel,0.00032500000000000004,4.2750000000000006e-06,3.2500000000000004,42.75000000000001,-0.030025333547285787,2796515900900035.5,0.0,1.7255598133385482e+17,1.7255598133385482e+17,0.6713950907783849,-0.027646516135004233,0.027646516135004233,0.02649239074430738
nga_5e17,0.0,5e+17,deep,coupled_final,0.0,0.01,0.0,0.3,channel,0.00032500000000000004,4.350000000000001e-06,3.2500000000000004,43.50000000000001,-0.027821462550917494,3045374425317013.5,0.0,1.7271376953952176e+17,1.7271376953952176e+17,0.5990780722443219,-0.027671796592628268,0.027671796592628268,0.02655754273323068
nga_5e17,0.0,5e+17,deep,coupled_final,0.0,0.01,0.0,0.3,channel,0.00032500000000000004,4.425e-06,3.2500000000000004,44.25,-0.025448873452416487,3338093052214698.5,0.0,1.7287862895217568e+17,1.7287862895217568e+17,0.5297792623821447,-0.027698209982513176,0.027698209982513176,0.026630854817550786
nga_5e17,0.0,5e+17,deep,coupled_final,0.0,0.01,0.0,0.3,channel,0.00032500000000000004,4.5e-06,3.2500000000000004,45.0,-0.022907100505531467,3682971388319105.5,0.0,1.7304961430670275e+17,1.7304961430670275e+17,0.46427910343957546,-0.027725604856491125,0.027725604856491125,0.026713505292696664
nga_5e17,0.0,5e+17,deep,coupled_final,0.0,0.01,0.0,0.3,channel,0.00032500000000000004,4.575e-06,3.2500000000000004,45.75,-0.020195618637903815,4090244181619837.0,0.0,1.7322575556712992e+17,1.7322575556712992e+17,0.40318029282812223,-0.027753825797665096,0.027753825797665096,0.02680697852917967
nga_5e17,0.0,5e+17,deep,coupled_final,0.0,0.01,0.0,0.3,channel,0.00032500000000000004,4.65e-06,3.2500000000000004,46.50000000000001,-0.017313834020971475,4572577619312911.0,0.0,1.7340606586834582e+17,1.7340606586834582e+17,0.34690890848267003,-0.02778271469281286,0.02778271469281286,0.026913145760694306
nga_5e17,0.0,5e+17,deep,coupled_final,0.0,0.01,0.0,0.3,channel,0.00032500000000000004,4.7250000000000005e-06,3.2500000000000004,47.25000000000001,-0.014261072182159775,5145709067642586.0,0.0,1.7358954972425853e+17,1.7358954972425853e+17,0.2957222606729071,-0.027812112047478812,0.027812112047478812,0.0270343688968327
nga_5e17,0.0,5e+17,deep,coupled_final,0.0,0.01,0.0,0.3,channel,0.00032500000000000004,4.8e-06,3.2500000000000004,48.0,-0.011036562999844625,5829275728051725.0,0.0,1.7377521142845456e+17,1.7377521142845456e+17,0.2497223429066847,-0.027841858331907963,0.027841858331907963,0.027173634634370742
nga_5e17,0.0,5e+17,deep,coupled_final,0.0,0.01,0.0,0.3,channel,0.00032500000000000004,4.875e-06,3.2500000000000004,48.75,-0.007639421729088746,6647893597296967.0,0.0,1.739620635660493e+17,1.739620635660493e+17,0.20887358560461258,-0.02787179534479469,0.02787179534479469,0.02733472868948543
nga_5e17,0.0,5e+17,deep,coupled_final,0.0,0.01,0.0,0.3,channel,0.00032500000000000004,4.95e-06,3.2500000000000004,49.5,-0.004068624951267138,7632570165646944.0,0.0,1.741491355496308e+17,1.741491355496308e+17,0.17302354229016287,-0.027901767580891718,0.027901767580891718,0.02752246350456822
nga_5e17,0.0,5e+17,deep,coupled_final,0.0,0.01,0.0,0.3,channel,0.00032500000000000004,5.025e-06,3.2500000000000004,50.25,-0.00032298000097651124,8822565090062337.0,0.0,1.7433548208654787e+17,1.7433548208654787e+17,0.1419251550720687,-0.027931623587619255,0.027931623587619255,0.027742977717543454
nga_5e17,0.0,5e+17,deep,coupled_final,0.0,0.01,0.0,0.3,channel,0.00032500000000000004,5.1e-06,3.2500000000000004,51.0,0.003598914032277197,1.0267856514662726e+16,0.0,1.7452019147749286e+17,1.7452019147749286e+17,0.11525934486864813,-0.0279612172946445,0.0279612172946445,0.028004132639550226
nga_5e17,0.0,5e+17,deep,coupled_final,0.0,0.01,0.0,0.3,channel,0.00032500000000000004,5.1750000000000004e-06,3.2500000000000004,51.75000000000001,0.007698716246406819,1.2032432581989174e+16,0.0,1.74702393637563e+17,1.74702393637563e+17,0.09265683620733811,-0.02799040929899737,0.02799040929899737,0.028316040898301705
nga_5e17,0.0,5e+17,deep,coupled_final,0.0,0.01,0.0,0.3,channel,0.00032500000000000004,5.2500000000000006e-06,3.2500000000000004,52.50000000000001,0.011978408171519572,1.4198716798132228e+16,0.0,1.748812677243331e+17,1.748812677243331e+17,0.07371833433922124,-0.02801906808722248,0.02801906808722248,0.028691776681897554
nga_5e17,0.0,5e+17,deep,coupled_final,0.0,0.01,0.0,0.3,channel,0.00032500000000000004,5.325e-06,3.2500000000000004,53.25,0.016440376829266624,1.6873565876076876e+16,0.0,1.7505604925751853e+17,1.7505604925751853e+17,0.05803239977440267,-0.028047071176074922,0.028047071176074922,0.02914833783996593
nga_5e17,0.0,5e+17,deep,coupled_final,0.0,0.01,0.0,0.3,channel,0.00032500000000000004,5.4e-06,3.2500000000000004,54.0,0.021087522718924296,2.0196470814669104e+16,0.0,1.752260366218888e+17,1.752260366218888e+17,0.04519059271604117,-0.028074306154401853,0.028074306154401853,0.029707960883254426
nga_5e17,0.0,5e+17,deep,coupled_final,0.0,0.01,0.0,0.3,channel,0.00035,3e-06,3.5,30.0,-0.041893342238658114,1750744765568023.0,0.0,1.7160486060112598e+17,1.7160486060112598e+17,1.2508783245929678,-0.027494129793595123,0.027494129793595123,0.026172453395144214
nga_5e17,0.0,5e+17,deep,coupled_final,0.0,0.01,0.0,0.3,channel,0.00035,3.075e-06,3.5,30.750000000000004,-0.042522393241589386,1708658395426365.5,0.0,1.715513636357775e+17,1.715513636357775e+17,1.2917492813336944,-0.027485558634807998,0.027485558634807998,0.026157139256472006
nga_5e17,0.0,5e+17,deep,coupled_final,0.0,0.01,0.0,0.3,channel,0.00035,3.1500000000000003e-06,3.5,31.500000000000004,-0.042985269875902316,1678337350150122.8,0.0,1.715117310528498e+17,1.715117310528498e+17,1.3226590477908549,-0.027479208794976815,0.027479208794976815,0.02614593144961481
nga_5e17,0.0,5e+17,deep,coupled_final,0.0,0.01,0.0,0.3,channel,0.00035,3.225e-06,3.5,32.25,-0.04328204334398799,1659180690339137.5,0.0,1.7148620070037344e+17,1.7148620070037344e+17,1.342858143606658,-0.027475118381557275,0.027475118381557275,0.02613877180092181
nga_5e17,0.0,5e+17,deep,coupled_final,0.0,0.01,0.0,0.3,channel,0.00035,3.3e-06,3.5,33.0,-0.04341275913058655,1650812528210759.5,0.0,1.7147492589228547e+17,1.7147492589228547e+17,1.3518508652986483,-0.027473311958150136,0.027473311958150136,0.02613562465013151
nga_5e17,0.0,5e+17,deep,coupled_final,0.0,0.01,0.0,0.3,channel,0.00035,3.3750000000000003e-06,3.5,33.75,-0.04337743722933416,1653069594859753.8,0.0,1.7147797435944022e+17,1.7147797435944022e+17,1.3494150403785607,-0.027473800376434623,0.027473800376434623,0.026136474690360637
nga_5e17,0.0,5e+17,deep,coupled_final,0.0,0.01,0.0,0.3,channel,0.00035,3.45e-06,3.5,34.5,-0.04317607224000651,1665995871371286.5,0.0,1.7149532778744662e+17,1.7149532778744662e+17,1.3356109374696383,-0.027476580702121788,0.027476580702121788,0.026141326033866943
nga_5e17,0.0,5e+17,deep,coupled_final,0.0,0.01,0.0,0.3,channel,0.00035,3.525e-06,3.5,35.25,-0.042808633342393966,1689844033193846.5,0.0,1.7152688194156064e+17,1.7152688194156064e+17,1.3107788458649507,-0.0274816362349645,0.0274816362349645,0.02615020246347325
nga_5e17,0.0,5e+17,deep,coupled_final,0.0,0.01,0.0,0.3,channel,0.00035,3.6000000000000003e-06,3.5,36.0,-0.04227506414521104,1725083775096274.8,0.0,1.7157244737857325e+17,1.7157244737857325e+17,1.2755254568744445,-0.02748893662281446,0.02748893662281446,0.026163148880429636
nga_5e17,0.0,5e+17,deep,coupled_final,0.0,0.01,0.0,0.3,channel,0.00035,3.6750000000000004e-06,3.5,36.75000000000001,-0.041575282400842066,1772417406060817.8,0.0,1.716317507453183e+17,1.716317507453183e+17,1.230699789183633,-0.027498438069666106,0.027498438069666106,0.02618023401103466
nga_5e17,0.0,5e+17,deep,coupled_final,0.0,0.01,0.0,0.3,channel,0.00035,3.7500000000000005e-06,3.5,37.50000000000001,-0.04070917956872816,1832803449350247.8,0.0,1.717044366629286e+17,1.717044366629286e+17,1.1773599598370585,-0.027510083637547714,0.027510083637547714,0.02620155448967407
nga_5e17,0.0,5e+17,deep,coupled_final,0.0,0.01,0.0,0.3,channel,0.00035,3.825000000000001e-06,3.5,38.25000000000001,-0.03967662020145608,1907489374316362.0,0.0,1.71790070195156e+17,1.71790070195156e+17,1.1167325739854537,-0.027523803641989874,0.027523803641989874,0.026227240498503168
nga_5e17,0.0,5e+17,deep,coupled_final,0.0,0.01,0.0,0.3,channel,0.00035,3.9e-06,3.5,39.0,-0.03847744111772068,1998055048407186.5,0.0,1.7188813989780746e+17,1.7188813989780746e+17,1.050166859854086,-0.027539516140599022,0.027539516140599022,0.0262574632177994
nga_5e17,0.0,5e+17,deep,coupled_final,0.0,0.01,0.0,0.3,channel,0.00035,3.975e-06,3.5,39.75,-0.03711145031482922,2106469060966202.5,0.0,1.7199806144452467e+17,1.7199806144452467e+17,0.9790858894988768,-0.02755712751397137,0.02755712751397137,0.02629244443094377
nga_5e17,0.0,5e+17,deep,coupled_final,0.0,0.01,0.0,0.3,channel,0.00035,4.05e-06,3.5,40.5,-0.03557842555972807,2235160773630405.8,0.0,1.7211918182165805e+17,1.7211918182165805e+17,0.9049372906007651,-0.027576533137785807,0.027576533137785807,0.026332468740260205
nga_5e17,0.0,5e+17,deep,coupled_final,0.0,0.01,0.0,0.3,channel,0.00035,4.125e-06,3.5,41.25,-0.03387811258094515,2387111845795752.5,0.0,1.722507840818186e+17,1.722507840818186e+17,0.8291457708605267,-0.027597618144406887,0.027597618144406887,0.026377898992614744
nga_5e17,0.0,5e+17,deep,coupled_final,0.0,0.01,0.0,0.3,channel,0.00035,4.2000000000000004e-06,3.5,42.00000000000001,-0.03201022276345065,2565972134216551.0,0.0,1.723920926418135e+17,1.723920926418135e+17,0.7530695563453249,-0.02762025827170769,0.02762025827170769,0.026429195697401375
nga_5e17,0.0,5e+17,deep,coupled_final,0.0,0.01,0.0,0.3,channel,0.00035,4.2750000000000006e-06,3.5,42.75000000000001,-0.02997443022307501,2776206362233147.0,0.0,1.725422791060871e+17,1.725422791060871e+17,0.6779625097284777,-0.027644320796087914,0.027644320796087914,0.026486941458561123
nga_5e17,0.0,5e+17,deep,coupled_final,0.0,0.01,0.0,0.3,channel,0.00035,4.350000000000001e-06,3.5,43.50000000000001,-0.027770368105269144,3023279916427054.0,0.0,1.7270046859147146e+17,1.7270046859147146e+17,0.6049432725528774,-0.027669665545810643,0.027669665545810643,0.02655187175582473
nga_5e17,0.0,5e+17,deep,coupled_final,0.0,0.01,0.0,0.3,channel,0.00035,4.425e-06,3.5,44.25,-0.02539762391265621,3313894720190265.0,0.0,1.7286574652289824e+17,1.7286574652289824e+17,0.534972301196849,-0.027696145989795428,0.027696145989795428,0.026624913824617912
nga_5e17,0.0,5e+17,deep,coupled_final,0.0,0.01,0.0,0.3,channel,0.00035,4.5e-06,3.5,45.0,-0.022855733614373458,3656289579201649.5,0.0,1.730371658625681e+17,1.730371658625681e+17,0.4688371749645753,-0.027723610395858904,0.027723610395858904,0.026707235934952365
nga_5e17,0.0,5e+17,deep,coupled_final,0.0,0.01,0.0,0.3,channel,0.00035,4.575e-06,3.5,45.75,-0.02014417422413948,4060624003536680.0,0.0,1.732137547267715e+17,1.732137547267715e+17,0.40714608142844866,-0.027751903051064033,0.027751903051064033,0.026800310106856632
nga_5e17,0.0,5e+17,deep,coupled_final,0.0,0.01,0.0,0.3,channel,0.00035,4.65e-06,3.5,46.50000000000001,-0.017262354448619788,4539470717714219.0,0.0,1.7339452433523293e+17,1.7339452433523293e+17,0.3503289593624576,-0.027780865535345457,0.027780865535345457,0.02690599229281035
nga_5e17,0.0,5e+17,deep,coupled_final,0.0,0.01,0.0,0.3,channel,0.00035,4.7250000000000005e-06,3.5,47.25000000000001,-0.014209602896698096,5108450481185318.0,0.0,1.7357847722810845e+17,1.7357847722810845e+17,0.29864542699346264,-0.02781033803801764,0.02781033803801764,0.02702662540370776
nga_5e17,0.0,5e+17,deep,coupled_final,0.0,0.01,0.0,0.3,channel,0.00035,4.8e-06,3.5,48.0,-0.010985153195136793,5787054318751578.0,0.0,1.737646156766756e+17,1.737646156766756e+17,0.25219835822088504,-0.02784016070531597,0.02784016070531597,0.027165172392235228
nga_5e17,0.0,5e+17,deep,coupled_final,0.0,0.01,0.0,0.3,channel,0.00035,4.875e-06,3.5,48.75,-0.0075881251651576526,6599714034544820.0,0.0,1.7395195020629424e+17,1.7395195020629424e+17,0.21095179923774326,-0.027870175005925608,0.027870175005925608,0.02732538913364857
nga_5e17,0.0,5e+17,deep,coupled_final,0.0,0.01,0.0,0.3,channel,0.00035,4.95e-06,3.5,49.5,-0.0040175009616444535,7577203732830631.0,0.0,1.7413950814442e+17,1.7413950814442e+17,0.1747518434927724,-0.02790022510052424,0.02790022510052424,0.02751205034370412
nga_5e17,0.0,5e+17,deep,coupled_final,0.0,0.01,0.0,0.3,channel,0.00035,5.025e-06,3.5,50.25,-0.0002720947397269349,8758485590148511.0,0.0,1.7432634210088845e+17,1.7432634210088845e+17,0.14334910001179063,-0.02793015920047339,0.02793015920047339,0.027731246662649558
nga_5e17,0.0,5e+17,deep,coupled_final,0.0,0.01,0.0,0.3,channel,0.00035,5.1e-06,3.5,51.0,0.0036494860386060033,1.0193156151288082e+16,0.0,1.7451153828050544e+17,1.7451153828050544e+17,0.11642148941727506,-0.027959830899642234,0.027959830899642234,0.027990777926872948
nga_5e17,0.0,5e+17,deep,coupled_final,0.0,0.01,0.0,0.3,channel,0.00035,5.1750000000000004e-06,3.5,51.75000000000001,0.0077488901562897455,1.1944710695621932e+16,0.0,1.746942245192071e+17,1.746942245192071e+17,0.0935962676676451,-0.02798910046194235,0.02798910046194235,0.02830067746558388
nga_5e17,0.0,5e+17,deep,coupled_final,0.0,0.01,0.0,0.3,channel,0.00035,5.2500000000000006e-06,3.5,52.50000000000001,0.012028086382182048,1.4094931452235238e+16,0.0,1.748735779281848e+17,1.748735779281848e+17,0.07447038733086873,-0.02801783604605158,0.02801783604605158,0.028673916395111878
nga_5e17,0.0,5e+17,deep,coupled_final,0.0,0.01,0.0,0.3,channel,0.00035,5.325e-06,3.5,53.25,0.016489445875605288,1.6749834063891096e+16,0.0,1.7504883203013558e+17,1.7504883203013558e+17,0.05862853575541258,-0.0280459148487674,0.0280459148487674,0.029127357490821758
nga_5e17,0.0,5e+17,deep,coupled_final,0.0,0.01,0.0,0.3,channel,0.00035,5.4e-06,3.5,54.0,0.02113584931431085,2.004779677690405e+16,0.0,1.7521928327880806e+17,1.7521928327880806e+17,0.04565841894956702,-0.02807322414955332,0.02807322414955332,0.029683058671466936
nga_5e17,0.0,5e+17,deep,coupled_final,0.0,0.01,0.0,0.3,channel,0.000375,3e-06,3.75,30.0,-0.04185031594336034,1737381726856732.0,0.0,1.7158806025541302e+17,1.7158806025541302e+17,1.2636089573915779,-0.02749143808146068,0.02749143808146068,0.026167620688171522
nga_5e17,0.0,5e+17,deep,coupled_final,0.0,0.01,0.0,0.3,channel,0.000375,3.075e-06,3.75,30.750000000000004,-0.04247865085041727,1695663561390348.8,0.0,1.715344927552579e+17,1.715344927552579e+17,1.3048409062144812,-0.027482855621751644,0.027482855621751644,0.026152354241470128
nga_5e17,0.0,5e+17,deep,coupled_final,0.0,0.01,0.0,0.3,channel,0.000375,3.1500000000000003e-06,3.75,31.500000000000004,-0.042940841787726385,1665617294458488.5,0.0,1.7149482208012317e+17,1.7149482208012317e+17,1.3360117260540125,-0.02747649967887606,0.02747649967887606,0.02614118435591283
nga_5e17,0.0,5e+17,deep,coupled_final,0.0,0.01,0.0,0.3,channel,0.000375,3.225e-06,3.75,32.25,-0.04323695971676794,1646647576394291.8,0.0,1.7146928610537453e+17,1.7146928610537453e+17,1.3563658219065315,-0.02747240836466919,0.02747240836466919,0.02613405375780236
nga_5e17,0.0,5e+17,deep,coupled_final,0.0,0.01,0.0,0.3,channel,0.000375,3.3e-06,3.75,33.0,-0.04336704993772619,1638382270690009.0,0.0,1.7145803804817866e+17,1.7145803804817866e+17,1.365403840751772,-0.027470606227227478,0.027470606227227478,0.02613092737239342
nga_5e17,0.0,5e+17,deep,coupled_final,0.0,0.01,0.0,0.3,channel,0.000375,3.3750000000000003e-06,3.75,33.75,-0.04333113231231669,1640660148464350.0,0.0,1.7146114542092474e+17,1.7146114542092474e+17,1.362902564779746,-0.02747110408322817,0.02747110408322817,0.026131790184648625
nga_5e17,0.0,5e+17,deep,coupled_final,0.0,0.01,0.0,0.3,channel,0.000375,3.45e-06,3.75,34.5,-0.043129201359175647,1653525587909589.8,0.0,1.714785895713208e+17,1.714785895713208e+17,1.3489238603969584,-0.027473898944244624,0.027473898944244624,0.026136646316311612
nga_5e17,0.0,5e+17,deep,coupled_final,0.0,0.01,0.0,0.3,channel,0.000375,3.525e-06,3.75,35.25,-0.04276122622767487,1677230031386803.2,0.0,1.7151026580937955e+17,1.7151026580937955e+17,1.3238121945036923,-0.0274789740370917,0.0274789740370917,0.026145519279704803
nga_5e17,0.0,5e+17,deep,coupled_final,0.0,0.01,0.0,0.3,channel,0.000375,3.6000000000000003e-06,3.75,36.0,-0.042227150548549676,1712240268067863.2,0.0,1.7155598412123466e+17,1.7155598412123466e+17,1.288180853799899,-0.027486298918191716,0.027486298918191716,0.02615845341912094
nga_5e17,0.0,5e+17,deep,coupled_final,0.0,0.01,0.0,0.3,channel,0.000375,3.6750000000000004e-06,3.75,36.75000000000001,-0.041526892152182894,1759253929397100.0,0.0,1.7161547046943667e+17,1.7161547046943667e+17,1.2428876178836985,-0.027495829681904844,0.027495829681904844,0.026175516601800113
nga_5e17,0.0,5e+17,deep,coupled_final,0.0,0.01,0.0,0.3,channel,0.000375,3.7500000000000005e-06,3.75,37.50000000000001,-0.04066034263744934,1819222927742411.8,0.0,1.7168836867889728e+17,1.7168836867889728e+17,1.1890012008662232,-0.027507509262690664,0.027507509262690664,0.02619680427537726
nga_5e17,0.0,5e+17,deep,coupled_final,0.0,0.01,0.0,0.3,channel,0.000375,3.825000000000001e-06,3.75,38.25000000000001,-0.03962736676534402,1893385956829305.2,0.0,1.7177424290685718e+17,1.7177424290685718e+17,1.1277602514719562,-0.02752126783084068,0.02752126783084068,0.026222445070758247
nga_5e17,0.0,5e+17,deep,coupled_final,0.0,0.01,0.0,0.3,channel,0.000375,3.9e-06,3.75,39.0,-0.03842780164179959,1983311630812364.0,0.0,1.7187258069400432e+17,1.7187258069400432e+17,1.0605270575601127,-0.02753702328132132,0.02753702328132132,0.026252608202604118
nga_5e17,0.0,5e+17,deep,coupled_final,0.0,0.01,0.0,0.3,channel,0.000375,3.975e-06,3.75,39.75,-0.037061455642678036,2090954397571210.8,0.0,1.719827965920543e+17,1.719827965920543e+17,0.9887383165479252,-0.02755468181497642,0.02755468181497642,0.026287513008831233
nga_5e17,0.0,5e+17,deep,coupled_final,0.0,0.01,0.0,0.3,channel,0.000375,4.05e-06,3.75,40.5,-0.03552810702033324,2218726059535980.2,0.0,1.7210423636064195e+17,1.7210423636064195e+17,0.913855398075546,-0.02757413861094337,0.02757413861094337,0.026327441081926913
nga_5e17,0.0,5e+17,deep,coupled_final,0.0,0.01,0.0,0.3,channel,0.000375,4.125e-06,3.75,41.25,-0.03382750211467473,2369586622007516.5,0.0,1.7223618172320422e+17,1.7223618172320422e+17,0.8373164405173111,-0.027595278588629566,0.027595278588629566,0.026372751586431507
nga_5e17,0.0,5e+17,deep,coupled_final,0.0,0.01,0.0,0.3,channel,0.000375,4.2000000000000004e-06,3.75,42.00000000000001,-0.03195935307142193,2547159330477114.5,0.0,1.723778556676599e+17,1.723778556676599e+17,0.7604924005846391,-0.027617977256974915,0.027617977256974915,0.026423900539211467
nga_5e17,0.0,5e+17,deep,coupled_final,0.0,0.01,0.0,0.3,channel,0.000375,4.2750000000000006e-06,3.75,42.75000000000001,-0.02992333494506278,2755876243018803.5,0.0,1.7252842827310832e+17,1.7252842827310832e+17,0.6846488367903615,-0.02764210164799191,0.02764210164799191,0.026481465066267956
nga_5e17,0.0,5e+17,deep,coupled_final,0.0,0.01,0.0,0.3,channel,0.000375,4.350000000000001e-06,3.75,43.50000000000001,-0.027719082032414983,3001162630453060.5,0.0,1.7268702303845504e+17,1.7268702303845504e+17,0.6109147819833383,-0.027667511330723232,0.027667511330723232,0.02654617396085782
nga_5e17,0.0,5e+17,deep,coupled_final,0.0,0.01,0.0,0.3,channel,0.000375,4.425e-06,3.75,44.25,-0.0253461832426564,3289671067763043.5,0.0,1.7285272368273395e+17,1.7285272368273395e+17,0.5402595815435729,-0.027694059500773475,0.027694059500773475,0.026618946278605053
nga_5e17,0.0,5e+17,deep,coupled_final,0.0,0.01,0.0,0.3,channel,0.000375,4.5e-06,3.75,45.0,-0.022804176258632604,3629579497655741.5,0.0,1.7302458137975853e+17,1.7302458137975853e+17,0.4734780782789244,-0.027721594139428058,0.027721594139428058,0.026700940251667006
nga_5e17,0.0,5e+17,deep,coupled_final,0.0,0.01,0.0,0.3,channel,0.000375,4.575e-06,3.75,45.75,-0.020092540178693843,4030972118844537.5,0.0,1.732016223814458e+17,1.732016223814458e+17,0.41118404765638833,-0.027749959235044388,0.027749959235044388,0.026793615535156207
nga_5e17,0.0,5e+17,deep,coupled_final,0.0,0.01,0.0,0.3,channel,0.000375,4.65e-06,3.75,46.50000000000001,-0.017210686243614062,4506328106273061.0,0.0,1.7338285597482045e+17,1.7338285597482045e+17,0.3538113585716608,-0.02777899605790446,0.02777899605790446,0.026898812783605276
nga_5e17,0.0,5e+17,deep,coupled_final,0.0,0.01,0.0,0.3,channel,0.000375,4.7250000000000005e-06,3.75,47.25000000000001,-0.014157946143048852,5071151510238112.0,0.0,1.7356728270790614e+17,1.7356728270790614e+17,0.3016219793165973,-0.027808544478147946,0.027808544478147946,0.027018855889865676
nga_5e17,0.0,5e+17,deep,coupled_final,0.0,0.01,0.0,0.3,channel,0.000375,4.8e-06,3.75,48.0,-0.0109335572520162,5744787059168890.0,0.0,1.7375390281052067e+17,1.7375390281052067e+17,0.25471968123109046,-0.027838444314932313,0.027838444314932313,0.027156684040282913
nga_5e17,0.0,5e+17,deep,coupled_final,0.0,0.01,0.0,0.3,channel,0.000375,4.875e-06,3.75,48.75,-0.007536643958462966,6551482226040066.0,0.0,1.7394172472844355e+17,1.7394172472844355e+17,0.21306812103450692,-0.027868536703757222,0.027868536703757222,0.027316023243819994
nga_5e17,0.0,5e+17,deep,coupled_final,0.0,0.01,0.0,0.3,channel,0.000375,4.95e-06,3.75,49.5,-0.003966193992205866,7521777571503880.0,0.0,1.7412977368360752e+17,1.7412977368360752e+17,0.17651190777830678,-0.027898665467958404,0.027898665467958404,0.02750161046107928
nga_5e17,0.0,5e+17,deep,coupled_final,0.0,0.01,0.0,0.3,channel,0.000375,5.025e-06,3.75,50.25,-0.00022102833137112622,8694337617074895.0,0.0,1.7431710016749472e+17,1.7431710016749472e+17,0.14479927749052238,-0.02792867847949975,0.02792867847949975,0.02771948830331821
nga_5e17,0.0,5e+17,deep,coupled_final,0.0,0.01,0.0,0.3,channel,0.000375,5.1e-06,3.75,51.0,0.0037002371858676918,1.011837712317357e+16,0.0,1.7450278826785446e+17,1.7450278826785446e+17,0.11760509855750413,-0.027958428993060575,0.027958428993060575,0.027977395099135455
nga_5e17,0.0,5e+17,deep,coupled_final,0.0,0.01,0.0,0.3,channel,0.000375,5.1750000000000004e-06,3.75,51.75000000000001,0.007799241022318705,1.185689832522671e+16,0.0,1.7468596372009245e+17,1.7468596372009245e+17,0.09455309787975372,-0.027987776936010383,0.027987776936010383,0.02828528484684958
nga_5e17,0.0,5e+17,deep,coupled_final,0.0,0.01,0.0,0.3,channel,0.000375,5.2500000000000006e-06,3.75,52.50000000000001,0.012077939178786518,1.39910420279806e+16,0.0,1.7486580156760176e+17,1.7486580156760176e+17,0.07523640954106045,-0.02801659013572921,0.02801659013572921,0.02865602556398346
nga_5e17,0.0,5e+17,deep,coupled_final,0.0,0.01,0.0,0.3,channel,0.000375,5.325e-06,3.75,53.25,0.01653868694363537,1.6625982744753878e+16,0.0,1.7504153331477997e+17,1.7504153331477997e+17,0.05923577950017912,-0.0280447454656473,0.0280447454656473,0.029106344938740487
nga_5e17,0.0,5e+17,deep,coupled_final,0.0,0.01,0.0,0.3,channel,0.000375,5.4e-06,3.75,54.0,0.021184345162554796,1.98989860975419e+16,0.0,1.752124534633992e+17,1.752124534633992e+17,0.046134991384759426,-0.028072129892487054,0.028072129892487054,0.0296581223150643
nga_5e17,0.0,5e+17,deep,coupled_final,0.0,0.01,0.0,0.3,channel,0.0004,3e-06,4.0,30.0,-0.04180711715802994,1724012367648791.2,0.0,1.7157108021011933e+17,1.7157108021011933e+17,1.276572889439274,-0.0274887175782793,0.0274887175782793,0.026162758177496692
nga_5e17,0.0,5e+17,deep,coupled_final,0.0,0.01,0.0,0.3,channel,0.0004,3.075e-06,4.0,30.750000000000004,-0.04243473313155825,1682662021922855.2,0.0,1.71517441407233e+17,1.71517441407233e+17,1.3181720931431098,-0.027480123694613275,0.027480123694613275,0.026147539238057675
nga_5e17,0.0,5e+17,deep,coupled_final,0.0,0.01,0.0,0.3,channel,0.0004,3.1500000000000003e-06,4.0,31.500000000000004,-0.04289623572472408,1652890145264780.2,0.0,1.714777321901073e+17,1.714777321901073e+17,1.3496084226574958,-0.027473761576629955,0.027473761576629955,0.02613640713956116
nga_5e17,0.0,5e+17,deep,coupled_final,0.0,0.01,0.0,0.3,channel,0.0004,3.225e-06,4.0,32.25,-0.04319169565894962,1634106968098121.0,0.0,1.7145219046203987e+17,1.7145219046203987e+17,1.3701200658774937,-0.027469669340639793,0.027469669340639793,0.02612930550681413
nga_5e17,0.0,5e+17,deep,coupled_final,0.0,0.01,0.0,0.3,channel,0.0004,3.3e-06,4.0,33.0,-0.04332115805040468,1625944096091669.5,0.0,1.7144096934305066e+17,1.7144096934305066e+17,1.3792039614363714,-0.027467871519174607,0.027467871519174607,0.026126199849069442
nga_5e17,0.0,5e+17,deep,coupled_final,0.0,0.01,0.0,0.3,channel,0.0004,3.3750000000000003e-06,4.0,33.75,-0.043284642629123786,1628242331482605.5,0.0,1.714441361257289e+17,1.714441361257289e+17,1.376635833234332,-0.02746837889369581,0.02746837889369581,0.02612707544149492
nga_5e17,0.0,5e+17,deep,coupled_final,0.0,0.01,0.0,0.3,channel,0.0004,3.45e-06,4.0,34.5,-0.04308214383255197,1641046440538399.8,0.0,1.714616718176005e+17,1.714616718176005e+17,1.3624791787994437,-0.027471188421273583,0.027471188421273583,0.026131936413507532
nga_5e17,0.0,5e+17,deep,coupled_final,0.0,0.01,0.0,0.3,channel,0.0004,3.525e-06,4.0,35.25,-0.04271363077931089,1664606623070820.0,0.0,1.714934712702119e+17,1.714934712702119e+17,1.3370827209991185,-0.02747628325526838,0.02747628325526838,0.02614080600489695
nga_5e17,0.0,5e+17,deep,coupled_final,0.0,0.01,0.0,0.3,channel,0.0004,3.6000000000000003e-06,4.0,36.0,-0.04217904712155817,1699386752460615.5,0.0,1.71539343894877e+17,1.71539343894877e+17,1.301066462336781,-0.027483632860006244,0.027483632860006244,0.026153728000698397
nga_5e17,0.0,5e+17,deep,coupled_final,0.0,0.01,0.0,0.3,channel,0.0004,3.6750000000000004e-06,4.0,36.75000000000001,-0.04147831076682433,1746079771373321.0,0.0,1.7159901496475734e+17,1.7159901496475734e+17,1.2552971012914516,-0.027493193219395053,0.027493193219395053,0.026170769406474493
nga_5e17,0.0,5e+17,deep,coupled_final,0.0,0.01,0.0,0.3,channel,0.0004,3.7500000000000005e-06,4.0,37.50000000000001,-0.040611313452331384,1805630968654628.0,0.0,1.7167212750248864e+17,1.7167212750248864e+17,1.2008541387628522,-0.027504907139355605,0.027504907139355605,0.02619202448011613
nga_5e17,0.0,5e+17,deep,coupled_final,0.0,0.01,0.0,0.3,channel,0.0004,3.825000000000001e-06,4.0,38.25000000000001,-0.039577920146179446,1879270248011544.2,0.0,1.717582447517861e+17,1.717582447517861e+17,1.1389884817107234,-0.02751870464381648,0.02751870464381648,0.02621762029785003
nga_5e17,0.0,5e+17,deep,coupled_final,0.0,0.01,0.0,0.3,channel,0.0004,3.9e-06,4.0,39.0,-0.03837796824004093,1968554953716755.5,0.0,1.718568532302329e+17,1.718568532302329e+17,1.0710757097341548,-0.027534503463824654,0.027534503463824654,0.02624772410478365
nga_5e17,0.0,5e+17,deep,coupled_final,0.0,0.01,0.0,0.3,channel,0.0004,3.975e-06,4.0,39.75,-0.03701126648666466,2075425372901361.8,0.0,1.7196736635865066e+17,1.7196736635865066e+17,0.9985663873409697,-0.027552209619034772,0.027552209619034772,0.026282552788842103
nga_5e17,0.0,5e+17,deep,coupled_final,0.0,0.01,0.0,0.3,channel,0.0004,4.05e-06,4.0,40.5,-0.03547759362200309,2202275726221847.5,0.0,1.720891286599964e+17,1.720891286599964e+17,0.9229358696926705,-0.027571718090446597,0.027571718090446597,0.0263223849274644
nga_5e17,0.0,5e+17,deep,coupled_final,0.0,0.01,0.0,0.3,channel,0.0004,4.125e-06,4.0,41.25,-0.033776696595430346,2352044338343760.5,0.0,1.7222142051756797e+17,1.7222142051756797e+17,0.8456359638106082,-0.027592913582753557,0.027592913582753557,0.026367575996856196
nga_5e17,0.0,5e+17,deep,coupled_final,0.0,0.01,0.0,0.3,channel,0.0004,4.2000000000000004e-06,4.0,42.00000000000001,-0.03190828831142827,2528327812163792.0,0.0,1.723634634784232e+17,1.723634634784232e+17,0.7680505826851637,-0.0276156713740442,0.0276156713740442,0.02641857751441832
nga_5e17,0.0,5e+17,deep,coupled_final,0.0,0.01,0.0,0.3,channel,0.0004,4.2750000000000006e-06,4.0,42.75000000000001,-0.029872044761129802,2735525503398930.5,0.0,1.7251442608333613e+17,1.7251442608333613e+17,0.6914571881384037,-0.027639858249864126,0.027639858249864126,0.026475961120189812
nga_5e17,0.0,5e+17,deep,coupled_final,0.0,0.01,0.0,0.3,channel,0.0004,4.350000000000001e-06,4.0,43.50000000000001,-0.0276676013907321,2979022523117937.5,0.0,1.726734301993027e+17,1.726734301993027e+17,0.6169953889188522,-0.027665333517795272,0.027665333517795272,0.026540448911665203
nga_5e17,0.0,5e+17,deep,coupled_final,0.0,0.01,0.0,0.3,channel,0.0004,4.425e-06,4.0,44.25,-0.025294548514064652,3265422045669452.0,0.0,1.7283955782448336e+17,1.7283955782448336e+17,0.545643577653235,-0.02769195009772791,0.02769195009772791,0.026612951753899914
nga_5e17,0.0,5e+17,deep,coupled_final,0.0,0.01,0.0,0.3,channel,0.0004,4.5e-06,4.0,45.0,-0.022752425525930903,3602841088784425.5,0.0,1.7301185832835258e+17,1.7301185832835258e+17,0.47820399036649713,-0.027719555681860478,0.027719555681860478,0.02669461782870703
nga_5e17,0.0,5e+17,deep,coupled_final,0.0,0.01,0.0,0.3,channel,0.0004,4.575e-06,4.0,45.75,-0.02004071360779431,4001288466281340.5,0.0,1.731893560815498e+17,1.731893560815498e+17,0.4152960906880679,-0.027747993957136487,0.027747993957136487,0.026786894411793452
nga_5e17,0.0,5e+17,deep,coupled_final,0.0,0.01,0.0,0.3,channel,0.0004,4.65e-06,4.0,46.50000000000001,-0.017158826533342785,4473149716543030.0,0.0,1.7337105842058013e+17,1.7337105842058013e+17,0.35735774872560117,-0.02777710588133024,0.02777710588133024,0.02689160684295314
nga_5e17,0.0,5e+17,deep,coupled_final,0.0,0.01,0.0,0.3,channel,0.0004,4.7250000000000005e-06,4.0,47.25000000000001,-0.014106099072240103,5033812078266119.0,0.0,1.73555963882653e+17,1.73555963882653e+17,0.3046533260566841,-0.027806731002413453,0.027806731002413453,0.027011059977587945
nga_5e17,0.0,5e+17,deep,coupled_final,0.0,0.01,0.0,0.3,channel,0.0004,4.8e-06,4.0,48.0,-0.01088177234755011,5702473863703175.0,0.0,1.737430706366588e+17,1.737430706366588e+17,0.25728750898194086,-0.027836708809346623,0.027836708809346623,0.027148169213388716
nga_5e17,0.0,5e+17,deep,coupled_final,0.0,0.01,0.0,0.3,channel,0.0004,4.875e-06,4.0,48.75,-0.007484975314430787,6503198076093257.0,0.0,1.739313850286392e+17,1.739313850286392e+17,0.21522355940020926,-0.02786688010121431,0.02786688010121431,0.027306630667593347
nga_5e17,0.0,5e+17,deep,coupled_final,0.0,0.01,0.0,0.3,channel,0.0004,4.95e-06,4.0,49.5,-0.003914701278975146,7466291574870456.0,0.0,1.7411993015426826e+17,1.7411993015426826e+17,0.17830457705062555,-0.02789708836068806,0.02789708836068806,0.02749114351707691
nga_5e17,0.0,5e+17,deep,coupled_final,0.0,0.01,0.0,0.3,channel,0.0004,5.025e-06,4.0,50.25,-0.0001697780446881133,8630121052016931.0,0.0,1.7430775436547827e+17,1.7430775436547827e+17,0.14627638405143525,-0.027927181116938076,0.027927181116938076,0.027707702312751378
nga_5e17,0.0,5e+17,deep,coupled_final,0.0,0.01,0.0,0.3,channel,0.0004,5.1e-06,4.0,51.0,0.0037511701704518335,1.004351929879322e+16,0.0,1.7449393961142726e+17,1.7449393961142726e+17,0.11881074330053934,-0.027957011282003577,0.027957011282003577,0.027963983842369033
nga_5e17,0.0,5e+17,deep,coupled_final,0.0,0.01,0.0,0.3,channel,0.0004,5.1750000000000004e-06,4.0,51.75000000000001,0.00784977150405723,1.1768995326398758e+16,0.0,1.746776095052493e+17,1.746776095052493e+17,0.0955277906131367,-0.02798643844322867,0.02798643844322867,0.0282698627409898
nga_5e17,0.0,5e+17,deep,coupled_final,0.0,0.01,0.0,0.3,channel,0.0004,5.2500000000000006e-06,4.0,52.50000000000001,0.012127969182157526,1.38870483687962e+16,0.0,1.7485793700074794e+17,1.7485793700074794e+17,0.07601677410613204,-0.028015330093204237,0.028015330093204237,0.028638103900375543
nga_5e17,0.0,5e+17,deep,coupled_final,0.0,0.01,0.0,0.3,channel,0.0004,5.325e-06,4.0,53.25,0.016588102613611905,1.6502011752140224e+16,0.0,1.7503415156236096e+17,1.7503415156236096e+17,0.05985442837034743,-0.02804356277852293,0.02804356277852293,0.029085299908850178
nga_5e17,0.0,5e+17,deep,coupled_final,0.0,0.01,0.0,0.3,channel,0.0004,5.4e-06,4.0,54.0,0.021233012801595393,1.975003860476729e+16,0.0,1.7520554571855053e+17,1.7520554571855053e+17,0.04662054471219176,-0.028071023149748037,0.028071023149748037,0.02963315155306365
nga_5e17,0.0,5e+17,deep,coupled_final,0.0,0.01,0.0,0.3,channel,0.00042500000000000003,3e-06,4.25,30.0,-0.04176374315761414,1710636686123919.5,0.0,1.7155391713892723e+17,1.7155391713892723e+17,1.289776293213541,-0.02748596775111613,0.02748596775111613,0.026157865329893223
nga_5e17,0.0,5e+17,deep,coupled_final,0.0,0.01,0.0,0.3,channel,0.00042500000000000003,3.075e-06,4.25,30.750000000000004,-0.04239063731532767,1669653773303518.0,0.0,1.7150020625236752e+17,1.7150020625236752e+17,1.3317491741471694,-0.027477362318372393,0.027477362318372393,0.026142693710618076
nga_5e17,0.0,5e+17,deep,coupled_final,0.0,0.01,0.0,0.3,channel,0.00042500000000000003,3.1500000000000003e-06,4.25,31.500000000000004,-0.042851448875981545,1640155897067208.2,0.0,1.7146045803598874e+17,1.7146045803598874e+17,1.3634555818826544,-0.02747099395201987,0.02747099395201987,0.026131599263459704
nga_5e17,0.0,5e+17,deep,coupled_final,0.0,0.01,0.0,0.3,channel,0.00042500000000000003,3.225e-06,4.25,32.25,-0.0431462483218022,1621558858249545.0,0.0,1.714349104216223e+17,1.714349104216223e+17,1.3841273822135474,-0.027466900772940634,0.027466900772940634,0.026124526510274946
nga_5e17,0.0,5e+17,deep,coupled_final,0.0,0.01,0.0,0.3,channel,0.00042500000000000003,3.3e-06,4.25,33.0,-0.04327508058549007,1613497995564559.2,0.0,1.714237164317553e+17,1.714237164317553e+17,1.3932577451986383,-0.02746510729804002,0.02746510729804002,0.02612144154278995
nga_5e17,0.0,5e+17,deep,coupled_final,0.0,0.01,0.0,0.3,channel,0.00042500000000000003,3.3750000000000003e-06,4.25,33.75,-0.043237965265636294,1615816133432055.8,0.0,1.714269431378195e+17,1.714269431378195e+17,1.3906213232384554,-0.0274656242733461,0.0274656242733461,0.02612232992472861
nga_5e17,0.0,5e+17,deep,coupled_final,0.0,0.01,0.0,0.3,channel,0.00042500000000000003,3.45e-06,4.25,34.5,-0.04303489671843538,1628558417134090.0,0.0,1.714445712048403e+17,1.714445712048403e+17,1.376283279265078,-0.02746844860105443,0.02746844860105443,0.026127195791358058
nga_5e17,0.0,5e+17,deep,coupled_final,0.0,0.01,0.0,0.3,channel,0.00042500000000000003,3.525e-06,4.25,35.25,-0.04266584403141409,1651973794443400.0,0.0,1.71476495022625e+17,1.71476495022625e+17,1.3505966725673333,-0.027473563360546703,0.027473563360546703,0.026136062107890455
nga_5e17,0.0,5e+17,deep,coupled_final,0.0,0.01,0.0,0.3,channel,0.00042500000000000003,3.6000000000000003e-06,4.25,36.0,-0.0421307508775352,1686523212727752.8,0.0,1.7152252342344077e+17,1.7152252342344077e+17,1.3141883450320946,-0.027480937923375446,0.027480937923375446,0.026148972097788548
nga_5e17,0.0,5e+17,deep,coupled_final,0.0,0.01,0.0,0.3,channel,0.00042500000000000003,3.6750000000000004e-06,4.25,36.75000000000001,-0.04142953524060203,1732894914604730.2,0.0,1.71582380985877e+17,1.71582380985877e+17,1.2679340761098512,-0.0274905281621658,0.0274905281621658,0.02616599190230151
nga_5e17,0.0,5e+17,deep,coupled_final,0.0,0.01,0.0,0.3,channel,0.00042500000000000003,3.7500000000000005e-06,4.25,37.50000000000001,-0.040562088995067976,1792027552740938.2,0.0,1.716557099241457e+17,1.716557099241457e+17,1.2129243481400445,-0.027502276753314812,0.027502276753314812,0.026187214586563385
nga_5e17,0.0,5e+17,deep,coupled_final,0.0,0.01,0.0,0.3,channel,0.00042500000000000003,3.825000000000001e-06,4.25,38.25000000000001,-0.039528277314800644,1865142226401188.8,0.0,1.7174207256131562e+17,1.7174207256131562e+17,1.1504225465410214,-0.02751611357324724,0.02751611357324724,0.02621276566866991
nga_5e17,0.0,5e+17,deep,coupled_final,0.0,0.01,0.0,0.3,channel,0.00042500000000000003,3.9e-06,4.25,39.0,-0.03832793787567464,1953784993353685.2,0.0,1.7184095438375827e+17,1.7184095438375827e+17,1.081817780761297,-0.027531956187791737,0.027531956187791737,0.02624281042021285
nga_5e17,0.0,5e+17,deep,coupled_final,0.0,0.01,0.0,0.3,channel,0.00042500000000000003,3.975e-06,4.25,39.75,-0.03696087980561343,2059881960658867.5,0.0,1.719517676722957e+17,1.719517676722957e+17,1.0085747303750692,-0.027549710433954874,0.027549710433954874,0.02627756327457145
nga_5e17,0.0,5e+17,deep,coupled_final,0.0,0.01,0.0,0.3,channel,0.00042500000000000003,4.05e-06,4.25,40.5,-0.03542688232230994,2185809744591229.0,0.0,1.7207385570309155e+17,1.7207385570309155e+17,0.9321829859187908,-0.02756927109297809,0.02756927109297809,0.02631729978889345
nga_5e17,0.0,5e+17,deep,coupled_final,0.0,0.01,0.0,0.3,channel,0.00042500000000000003,4.125e-06,4.25,41.25,-0.033725692982632435,2334484962594486.5,0.0,1.7220649750816963e+17,1.7220649750816963e+17,0.8541082671821429,-0.027590522653056858,0.027590522653056858,0.026362371745006184
nga_5e17,0.0,5e+17,deep,coupled_final,0.0,0.01,0.0,0.3,channel,0.00042500000000000003,4.2000000000000004e-06,4.25,42.00000000000001,-0.03185702544778058,2509477543587278.0,0.0,1.7234891318156752e+17,1.7234891318156752e+17,0.7757476749017262,-0.027613340159480207,0.027613340159480207,0.02641322615386853
nga_5e17,0.0,5e+17,deep,coupled_final,0.0,0.01,0.0,0.3,channel,0.00042500000000000003,4.2750000000000006e-06,4.25,42.75000000000001,-0.02982055664345795,2715154103780825.5,0.0,1.7250026971254963e+17,1.7250026971254963e+17,0.6983907870471339,-0.02763759014921449,0.02763759014921449,0.026470429161493177
nga_5e17,0.0,5e+17,deep,coupled_final,0.0,0.01,0.0,0.3,channel,0.00042500000000000003,4.350000000000001e-06,4.25,43.50000000000001,-0.0276159231631883,2956859550436906.0,0.0,1.726596873219976e+17,1.726596873219976e+17,0.6231879776440065,-0.027663131666105057,0.027663131666105057,0.02653469616027803
nga_5e17,0.0,5e+17,deep,coupled_final,0.0,0.01,0.0,0.3,channel,0.00042500000000000003,4.425e-06,4.25,44.25,-0.025242716723480645,3241147604972624.5,0.0,1.7282624627198422e+17,1.7282624627198422e+17,0.551126848919962,-0.027689817351890272,0.027689817351890272,0.026606929813893496
nga_5e17,0.0,5e+17,deep,coupled_final,0.0,0.01,0.0,0.3,channel,0.00042500000000000003,4.5e-06,4.25,45.0,-0.022700478429273675,3576074298061116.0,0.0,1.7299899411143664e+17,1.7299899411143664e+17,0.4830171632076857,-0.027717494607084735,0.027717494607084735,0.026688268241264884
nga_5e17,0.0,5e+17,deep,coupled_final,0.0,0.01,0.0,0.3,channel,0.00042500000000000003,4.575e-06,4.25,45.75,-0.019988691543550614,3971572985010637.5,0.0,1.7317695331253914e+17,1.7317695331253914e+17,0.41948417518742726,-0.027746006814465908,0.027746006814465908,0.026780146324146874
nga_5e17,0.0,5e+17,deep,coupled_final,0.0,0.01,0.0,0.3,channel,0.00042500000000000003,4.65e-06,4.25,46.50000000000001,-0.017106772371641512,4439935480573207.5,0.0,1.7335912924316653e+17,1.7335912924316653e+17,0.3609698291386567,-0.02777519461639875,0.02777519461639875,0.026884374070742945
nga_5e17,0.0,5e+17,deep,coupled_final,0.0,0.01,0.0,0.3,channel,0.00042500000000000003,4.7250000000000005e-06,4.25,47.25000000000001,-0.014054058762375104,4996432109318460.0,0.0,1.7354451841072435e+17,1.7354451841072435e+17,0.3077409242968463,-0.027804897235644534,0.027804897235644534,0.027003237279536272
nga_5e17,0.0,5e+17,deep,coupled_final,0.0,0.01,0.0,0.3,channel,0.00042500000000000003,4.8e-06,4.25,48.0,-0.010829795586570237,5660114647450196.0,0.0,1.7373211690338282e+17,1.7373211690338282e+17,0.2599030799318029,-0.027834953827795637,0.027834953827795637,0.027139627537186222
nga_5e17,0.0,5e+17,deep,coupled_final,0.0,0.01,0.0,0.3,channel,0.00042500000000000003,4.875e-06,4.25,48.75,-0.007433116366999633,6454861489854136.0,0.0,1.739209289469476e+17,1.739209289469476e+17,0.21741915767164233,-0.02786520485223736,0.02786520485223736,0.027297211043712435
nga_5e17,0.0,5e+17,deep,coupled_final,0.0,0.01,0.0,0.3,channel,0.00042500000000000003,4.95e-06,4.25,49.5,-0.0038630199872926735,7410745637155992.0,0.0,1.741099754897444e+17,1.741099754897444e+17,0.18013072241647887,-0.027895493447598115,0.027895493447598115,0.027480649163634994
nga_5e17,0.0,5e+17,deep,coupled_final,0.0,0.01,0.0,0.3,channel,0.00042500000000000003,5.025e-06,4.25,50.25,-0.00011834107863136715,8565835777406399.0,0.0,1.7429830272259453e+17,1.7429830272259453e+17,0.14778114043275975,-0.02792566679679995,0.02792566679679995,0.02769588835612413
nga_5e17,0.0,5e+17,deep,coupled_final,0.0,0.01,0.0,0.3,channel,0.00042500000000000003,5.1e-06,4.25,51.0,0.0038022877576647258,9968582548179766.0,0.0,1.7448499043415574e+17,1.7448499043415574e+17,0.12003901452189852,-0.027955577465731782,0.027955577465731782,0.027950543835011166
nga_5e17,0.0,5e+17,deep,coupled_final,0.0,0.01,0.0,0.3,channel,0.00042500000000000003,5.1750000000000004e-06,4.25,51.75000000000001,0.007900484329028502,1.1681001556683858e+16,0.0,1.7466916009316883e+17,1.7466916009316883e+17,0.09652082579638047,-0.027985084698168034,0.027985084698168034,0.02825441083975169
nga_5e17,0.0,5e+17,deep,coupled_final,0.0,0.01,0.0,0.3,channel,0.00042500000000000003,5.2500000000000006e-06,4.25,52.50000000000001,0.012178179080076812,1.3782950320570846e+16,0.0,1.7484998254166992e+17,1.7484998254166992e+17,0.07681186718527654,-0.028014055648357145,0.028014055648357145,0.02862015110947729
nga_5e17,0.0,5e+17,deep,coupled_final,0.0,0.01,0.0,0.3,channel,0.00042500000000000003,5.325e-06,4.25,53.25,0.016637695531702246,1.6377920922654312e+16,0.0,1.750266851820885e+17,1.750266851820885e+17,0.060484790123999904,-0.028042366532521623,0.028042366532521623,0.029064222120099268
nga_5e17,0.0,5e+17,deep,coupled_final,0.0,0.01,0.0,0.3,channel,0.00042500000000000003,5.4e-06,4.25,54.0,0.021281854834200104,1.9600954130773484e+16,0.0,1.7519855854785546e+17,1.7519855854785546e+17,0.047115321842871906,-0.028069903681585497,0.028069903681585497,0.0296081461188286
nga_5e17,0.0,5e+17,deep,coupled_final,0.0,0.01,0.0,0.3,channel,0.00045000000000000004,3e-06,4.5,30.0,-0.041720191146419165,1697254680815528.0,0.0,1.7153656762740067e+17,1.7153656762740067e+17,1.3032255552377443,-0.027483188052918217,0.027483188052918217,0.02615294159807319
nga_5e17,0.0,5e+17,deep,coupled_final,0.0,0.01,0.0,0.3,channel,0.00045000000000000004,3.075e-06,4.5,30.750000000000004,-0.042346360560243566,1656638812136705.8,0.0,1.7148278386289686e+17,1.7148278386289686e+17,1.3455787006669497,-0.027474570943840558,0.027474570943840558,0.026137817109418853
nga_5e17,0.0,5e+17,deep,coupled_final,0.0,0.01,0.0,0.3,channel,0.00045000000000000004,3.1500000000000003e-06,4.5,31.500000000000004,-0.04280647835772114,1627414544664016.2,0.0,1.7144299618235338e+17,1.7144299618235338e+17,1.3775598711643797,-0.027468196254631778,0.027468196254631778,0.026126760176361022
nga_5e17,0.0,5e+17,deep,coupled_final,0.0,0.01,0.0,0.3,channel,0.00045000000000000004,3.225e-06,4.5,32.25,-0.04310061478275439,1609003239926537.0,0.0,1.714174425467418e+17,1.714174425467418e+17,1.3983945027932445,-0.027464102110842714,0.027464102110842714,0.02611971621634677
nga_5e17,0.0,5e+17,deep,coupled_final,0.0,0.01,0.0,0.3,channel,0.00045000000000000004,3.3e-06,4.5,33.0,-0.04322881458512322,1601043960518868.2,0.0,1.714062758806212e+17,1.714062758806212e+17,1.4075719353448868,-0.027462313013688903,0.027462313013688903,0.02611665190204392
nga_5e17,0.0,5e+17,deep,coupled_final,0.0,0.01,0.0,0.3,channel,0.00045000000000000004,3.3750000000000003e-06,4.5,33.75,-0.04319109723221097,1603381544076886.0,0.0,1.714095630328844e+17,1.714095630328844e+17,1.4048657362627446,-0.02746283967354376,0.02746283967354376,0.02611755308407444
nga_5e17,0.0,5e+17,deep,coupled_final,0.0,0.01,0.0,0.3,channel,0.00045000000000000004,3.45e-06,4.5,34.5,-0.04298745699889439,1616061505807664.5,0.0,1.714272843237004e+17,1.714272843237004e+17,1.3903427691438537,-0.02746567893735073,0.02746567893735073,0.02612242390172192
nga_5e17,0.0,5e+17,deep,coupled_final,0.0,0.01,0.0,0.3,channel,0.00045000000000000004,3.525e-06,4.5,35.25,-0.04261786294124708,1639331531927174.0,0.0,1.7145933367781235e+17,1.7145933367781235e+17,1.364360512320196,-0.02747081380998002,0.02747081380998002,0.026131287043563337
nga_5e17,0.0,5e+17,deep,coupled_final,0.0,0.01,0.0,0.3,channel,0.00045000000000000004,3.6000000000000003e-06,4.5,36.0,-0.0420822587524006,1673649633540519.0,0.0,1.7150551934414867e+17,1.7150551934414867e+17,1.3275527739177935,-0.027478213569523,0.027478213569523,0.026144185169159125
nga_5e17,0.0,5e+17,deep,coupled_final,0.0,0.01,0.0,0.3,channel,0.00045000000000000004,3.6750000000000004e-06,4.5,36.75000000000001,-0.0413805624915315,1719699341919837.5,0.0,1.7156556520146317e+17,1.7156556520146317e+17,1.2808045807127777,-0.027487833976478776,0.027487833976478776,0.026161183552791692
nga_5e17,0.0,5e+17,deep,coupled_final,0.0,0.01,0.0,0.3,channel,0.00045000000000000004,3.7500000000000005e-06,4.5,37.50000000000001,-0.040512666169178625,1778412660866243.2,0.0,1.716391126493027e+17,1.716391126493027e+17,1.225217596232971,-0.027499617576720658,0.027499617576720658,0.026182374063805625
nga_5e17,0.0,5e+17,deep,coupled_final,0.0,0.01,0.0,0.3,channel,0.00045000000000000004,3.825000000000001e-06,4.5,38.25000000000001,-0.039478435163603956,1851001870747251.8,0.0,1.717257230828592e+17,1.717257230828592e+17,1.1620679103301546,-0.027513494098011144,0.027513494098011144,0.0262078806586913
nga_5e17,0.0,5e+17,deep,coupled_final,0.0,0.01,0.0,0.3,channel,0.00045000000000000004,3.9e-06,4.5,39.0,-0.03827770743330625,1939001726170035.2,0.0,1.7182488094906102e+17,1.7182488094906102e+17,1.0927584066198488,-0.027529380939641728,0.027529380939641728,0.026237866631537262
nga_5e17,0.0,5e+17,deep,coupled_final,0.0,0.01,0.0,0.3,channel,0.00045000000000000004,3.975e-06,4.5,39.75,-0.03691029247962574,2044324134765014.8,0.0,1.7193599737948458e+17,1.7193599737948458e+17,1.0187681341774162,-0.02754718375448954,0.02754718375448954,0.02627254395659382
nga_5e17,0.0,5e+17,deep,coupled_final,0.0,0.01,0.0,0.3,channel,0.00045000000000000004,4.05e-06,4.5,40.5,-0.035375970000087464,2169328085775167.2,0.0,1.720584143932279e+17,1.720584143932279e+17,0.9416011752732799,-0.027566797122391903,0.027566797122391903,0.026312185165442793
nga_5e17,0.0,5e+17,deep,coupled_final,0.0,0.01,0.0,0.3,channel,0.00045000000000000004,4.125e-06,4.5,41.25,-0.03367448815702831,2316908462789981.5,0.0,1.721914096597322e+17,1.721914096597322e+17,0.8627374129437352,-0.027588105313234478,0.027588105313234478,0.026357138339454377
nga_5e17,0.0,5e+17,deep,coupled_final,0.0,0.01,0.0,0.3,channel,0.00045000000000000004,4.2000000000000004e-06,4.5,42.00000000000001,-0.03180556136626184,2490608489315387.0,0.0,1.723342018076642e+17,1.723342018076642e+17,0.7835873731698872,-0.027610983137528012,0.027610983137528012,0.02640784597613033
nga_5e17,0.0,5e+17,deep,coupled_final,0.0,0.01,0.0,0.3,channel,0.00045000000000000004,4.2750000000000006e-06,4.5,42.75000000000001,-0.029768867485924413,2694762004850970.5,0.0,1.7248595626138528e+17,1.7248595626138528e+17,0.7054529684585987,-0.027635296881513748,0.027635296881513748,0.02646486871935007
nga_5e17,0.0,5e+17,deep,coupled_final,0.0,0.01,0.0,0.3,channel,0.00045000000000000004,4.350000000000001e-06,4.5,43.50000000000001,-0.02756404425474613,2934673668732771.5,0.0,1.7264579158123187e+17,1.7264579158123187e+17,0.6294955324370425,-0.02766090532298836,0.02766090532298836,0.02652891524703423
nga_5e17,0.0,5e+17,deep,coupled_final,0.0,0.01,0.0,0.3,channel,0.00045000000000000004,4.425e-06,4.5,44.25,-0.0251906847898725,3216847697079457.0,0.0,1.7281278627773014e+17,1.7281278627773014e+17,0.5567120435374925,-0.027687660823061504,0.027687660823061504,0.026600880010601246
nga_5e17,0.0,5e+17,deep,coupled_final,0.0,0.01,0.0,0.3,channel,0.00045000000000000004,4.5e-06,4.5,45.0,-0.022648331904480658,3549279071348818.0,0.0,1.729859860627896e+17,1.729859860627896e+17,0.48791992698402104,-0.027715410487925113,0.027715410487925113,0.026681891053491145
nga_5e17,0.0,5e+17,deep,coupled_final,0.0,0.01,0.0,0.3,channel,0.00045000000000000004,4.575e-06,4.5,45.75,-0.019936470941403064,3941825614643452.5,0.0,1.7316441149268176e+17,1.7316441149268176e+17,0.4237503341067525,-0.027743997393393578,0.027743997393393578,0.02677337084890202
nga_5e17,0.0,5e+17,deep,coupled_final,0.0,0.01,0.0,0.3,channel,0.00045000000000000004,4.65e-06,4.5,46.50000000000001,-0.017054520736260414,4406685330933255.0,0.0,1.7334706594824266e+17,1.7334706594824266e+17,0.3646493582510388,-0.02777326186347314,0.02777326186347314,0.026877114056534323
nga_5e17,0.0,5e+17,deep,coupled_final,0.0,0.01,0.0,0.3,channel,0.00045000000000000004,4.7250000000000005e-06,4.5,47.25000000000001,-0.014001822216121427,4959011528057272.0,0.0,1.7353294388776845e+17,1.7353294388776845e+17,0.3108862818739668,-0.02780304279262157,0.02780304279262157,0.02699538739842057
nga_5e17,0.0,5e+17,deep,coupled_final,0.0,0.01,0.0,0.3,channel,0.00045000000000000004,4.8e-06,4.5,48.0,-0.010777623999185526,5617709326235881.0,0.0,1.7372103929858378e+17,1.7372103929858378e+17,0.2625676757287413,-0.027833178999838667,0.027833178999838667,0.027131058627748564
nga_5e17,0.0,5e+17,deep,coupled_final,0.0,0.01,0.0,0.3,channel,0.00045000000000000004,4.875e-06,4.5,48.75,-0.007381064176158903,6406472373351557.0,0.0,1.7391035426541165e+17,1.7391035426541165e+17,0.2196559956166684,-0.027863510601470475,0.027863510601470475,0.027287764001765514
nga_5e17,0.0,5e+17,deep,coupled_final,0.0,0.01,0.0,0.3,channel,0.00045000000000000004,4.95e-06,4.5,49.5,-0.0038111472093815186,7355139653655343.0,0.0,1.7409990756777696e+17,1.7409990756777696e+17,0.18199124544058365,-0.0278938803886652,0.0278938803886652,0.027470127043954542
nga_5e17,0.0,5e+17,deep,coupled_final,0.0,0.01,0.0,0.3,channel,0.00045000000000000004,5.025e-06,4.5,50.25,-6.671455992437416e-05,8501481676988008.0,0.0,1.742887432134546e+17,1.742887432134546e+17,0.14931429260887466,-0.0279241351945823,0.0279241351945823,0.02768404609030723
nga_5e17,0.0,5e+17,deep,coupled_final,0.0,0.01,0.0,0.3,channel,0.00045000000000000004,5.1e-06,4.5,51.0,0.0038535927841025727,9893566742992776.0,0.0,1.7447593880830992e+17,1.7447593880830992e+17,0.12129052381722778,-0.027954127235388794,0.027954127235388794,0.027937074747643044
nga_5e17,0.0,5e+17,deep,coupled_final,0.0,0.01,0.0,0.3,channel,0.00045000000000000004,5.1750000000000004e-06,4.5,51.75000000000001,0.007951382295055619,1.1592916875660964e+16,0.0,1.7466061365417808e+17,1.7466061365417808e+17,0.09753270021428892,-0.027983715407682547,0.027983715407682547,0.028238928827491374
nga_5e17,0.0,5e+17,deep,coupled_final,0.0,0.01,0.0,0.3,channel,0.00045000000000000004,5.2500000000000006e-06,4.5,52.50000000000001,0.01222857162958908,1.367874773175522e+16,0.0,1.7484193645875466e+17,1.7484193645875466e+17,0.07762208852313146,-0.02801276652375294,0.02801276652375294,0.028602166889572813
nga_5e17,0.0,5e+17,deep,coupled_final,0.0,0.01,0.0,0.3,channel,0.00045000000000000004,5.325e-06,4.5,53.25,0.016687468412255917,1.6253710096153668e+16,0.0,1.7501913254001312e+17,1.7501913254001312e+17,0.06112718336543883,-0.028041156465855806,0.028041156465855806,0.029043111285042538
nga_5e17,0.0,5e+17,deep,coupled_final,0.0,0.01,0.0,0.3,channel,0.00045000000000000004,5.4e-06,4.5,54.0,0.021330873930197114,1.9451732511916084e+16,0.0,1.7519149041423443e+17,1.7519149041423443e+17,0.04761957426442888,-0.028068771241732137,0.028068771241732137,0.029583105739873147
nga_5e17,0.0,5e+17,deep,coupled_final,0.0,0.01,0.0,0.3,channel,0.000475,3e-06,4.75,30.0,-0.041676458255660284,1683866350622571.2,0.0,1.715190281699316e+17,1.715190281699316e+17,1.3169272852896716,-0.027480377922025213,0.027480377922025213,0.026147986420199845
nga_5e17,0.0,5e+17,deep,coupled_final,0.0,0.01,0.0,0.3,channel,0.000475,3.075e-06,4.75,30.750000000000004,-0.04230189995053678,1643617135362652.0,0.0,1.7146517071956317e+17,1.7146517071956317e+17,1.3596674529889334,-0.027471749007170504,0.027471749007170504,0.026132908870122512
nga_5e17,0.0,5e+17,deep,coupled_final,0.0,0.01,0.0,0.3,channel,0.000475,3.1500000000000003e-06,4.75,31.500000000000004,-0.04276132121077443,1614666083164017.8,0.0,1.7142534310211715e+17,1.7142534310211715e+17,1.3919281906800969,-0.027465367919364516,0.027465367919364516,0.026121889312380287
nga_5e17,0.0,5e+17,deep,coupled_final,0.0,0.01,0.0,0.3,channel,0.000475,3.225e-06,4.75,32.25,-0.043054792042833544,1596440106496182.2,0.0,1.7139978330831667e+17,1.7139978330831667e+17,1.4129283943513062,-0.027461272788924816,0.027461272788924816,0.026114874058545685
nga_5e17,0.0,5e+17,deep,coupled_final,0.0,0.01,0.0,0.3,channel,0.000475,3.3e-06,4.75,33.0,-0.04318235701412615,1588581982635842.2,0.0,1.713886441643871e+17,1.713886441643871e+17,1.4221535103210505,-0.027459488101312147,0.027459488101312147,0.026111830360689398
nga_5e17,0.0,5e+17,deep,coupled_final,0.0,0.01,0.0,0.3,channel,0.000475,3.3750000000000003e-06,4.75,33.75,-0.043144035461061166,1590938553437335.5,0.0,1.7139199229527696e+17,1.7139199229527696e+17,1.4193760073648434,-0.027460024531020075,0.027460024531020075,0.026112744354664784
nga_5e17,0.0,5e+17,deep,coupled_final,0.0,0.01,0.0,0.3,channel,0.000475,3.45e-06,4.75,34.5,-0.04293982157712231,1603555694913971.0,0.0,1.7140980767390368e+17,1.7140980767390368e+17,1.4046644860199464,-0.027462878869356236,0.027462878869356236,0.026117620181927117
nga_5e17,0.0,5e+17,deep,coupled_final,0.0,0.01,0.0,0.3,channel,0.000475,3.525e-06,4.75,35.25,-0.04256968438655771,1626679822179011.0,0.0,1.7144198375656906e+17,1.7144198375656906e+17,1.3783809285269812,-0.02746803404613825,0.02746803404613825,0.026126480252347695
nga_5e17,0.0,5e+17,deep,coupled_final,0.0,0.01,0.0,0.3,channel,0.000475,3.6000000000000003e-06,4.75,36.0,-0.042033567602011705,1660765999797277.2,0.0,1.714883282045032e+17,1.714883282045032e+17,1.3411662394964068,-0.027475459245297817,0.027475459245297817,0.026139366659239504
nga_5e17,0.0,5e+17,deep,coupled_final,0.0,0.01,0.0,0.3,channel,0.000475,3.6750000000000004e-06,4.75,36.75000000000001,-0.041331389357109095,1706493036369587.5,0.0,1.7154856419127926e+17,1.7154856419127926e+17,1.293914863795131,-0.027485110114351674,0.027485110114351674,0.02615634380724718
nga_5e17,0.0,5e+17,deep,coupled_final,0.0,0.01,0.0,0.3,channel,0.000475,3.7500000000000005e-06,4.75,37.50000000000001,-0.04046304179729723,1764786274115648.0,0.0,1.7162233229544118e+17,1.7162233229544118e+17,1.2377398511611275,-0.027496929067633943,0.027496929067633943,0.026177502366873145
nga_5e17,0.0,5e+17,deep,coupled_final,0.0,0.01,0.0,0.3,channel,0.000475,3.825000000000001e-06,4.75,38.25000000000001,-0.03942839050382306,1836849160019263.8,0.0,1.7170919297696195e+17,1.7170919297696195e+17,1.1739302278035812,-0.02751084568306853,0.02751084568306853,0.026202964729505073
nga_5e17,0.0,5e+17,deep,coupled_final,0.0,0.01,0.0,0.3,channel,0.000475,3.9e-06,4.75,39.0,-0.03822727371618967,1924205128836240.8,0.0,1.7180862963496784e+17,1.7180862963496784e+17,1.10390290224369,-0.02752677719207054,0.02752677719207054,0.02623289220771498
nga_5e17,0.0,5e+17,deep,coupled_final,0.0,0.01,0.0,0.3,channel,0.000475,3.975e-06,4.75,39.75,-0.03685950130734945,2028751869370668.2,0.0,1.7192005224240048e+17,1.7192005224240048e+17,1.0291515541732748,-0.027544629061883333,0.027544629061883333,0.026267494312012283
nga_5e17,0.0,5e+17,deep,coupled_final,0.0,0.01,0.0,0.3,channel,0.000475,4.05e-06,4.75,40.5,-0.03532485345269941,2152830721143673.5,0.0,1.720428015508592e+17,1.720428015508592e+17,0.9511950206841969,-0.027564295669268556,0.027564295669268556,0.026307040543105932
nga_5e17,0.0,5e+17,deep,coupled_final,0.0,0.01,0.0,0.3,channel,0.000475,4.125e-06,4.75,41.25,-0.0336230789179631,2299314807212777.5,0.0,1.7217615385571613e+17,1.7217615385571613e+17,0.8715276051125508,-0.027585661063961736,0.027585661063961736,0.026351875275794388
nga_5e17,0.0,5e+17,deep,coupled_final,0.0,0.01,0.0,0.3,channel,0.000475,4.2000000000000004e-06,4.75,42.00000000000001,-0.031753892871403025,2471720614186018.0,0.0,1.723193263077211e+17,1.723193263077211e+17,0.7915735024201485,-0.02760859981968522,0.02760859981968522,0.026402436487067717
nga_5e17,0.0,5e+17,deep,coupled_final,0.0,0.01,0.0,0.3,channel,0.000475,4.2750000000000006e-06,4.75,42.75000000000001,-0.02971697410138524,2674349167589224.0,0.0,1.7247148275272557e+17,1.7247148275272557e+17,0.7126471837829426,-0.02763297796977509,0.02763297796977509,0.026459279310521968
nga_5e17,0.0,5e+17,deep,coupled_final,0.0,0.01,0.0,0.3,channel,0.000475,4.350000000000001e-06,4.75,43.50000000000001,-0.027511961489656733,2912464834651616.0,0.0,1.726317400758576e+17,1.726317400758576e+17,0.6359211418711412,-0.02765865402363004,0.02765865402363004,0.02652310570017259
nga_5e17,0.0,5e+17,deep,coupled_final,0.0,0.01,0.0,0.3,channel,0.000475,4.425e-06,4.75,44.25,-0.02513844955188354,3192522273758135.5,0.0,1.7279917502038762e+17,1.7279917502038762e+17,0.5624019023214725,-0.02768548005921415,0.02768548005921415,0.026594801884268136
nga_5e17,0.0,5e+17,deep,coupled_final,0.0,0.01,0.0,0.3,channel,0.000475,4.5e-06,4.75,45.0,-0.022595982807508175,3522455354919876.5,0.0,1.7297283144446874e+17,1.7297283144446874e+17,0.4929146934467149,-0.027713302885714827,0.027713302885714827,0.026675485818110904
nga_5e17,0.0,5e+17,deep,coupled_final,0.0,0.01,0.0,0.3,channel,0.000475,4.575e-06,4.75,45.75,-0.019884048677462504,3912046295260767.5,0.0,1.731517279707154e+17,1.731517279707154e+17,0.42809667163055454,-0.027741965269140443,0.027741965269140443,0.02676656755167975
nga_5e17,0.0,5e+17,deep,coupled_final,0.0,0.01,0.0,0.3,channel,0.000475,4.65e-06,4.75,46.50000000000001,-0.01700206852622447,4373399200739230.5,0.0,1.7333486597421123e+17,1.7333486597421123e+17,0.3683981561798749,-0.027771307212140287,0.027771307212140287,0.026869826379198155
nga_5e17,0.0,5e+17,deep,coupled_final,0.0,0.01,0.0,0.3,channel,0.000475,4.7250000000000005e-06,4.75,47.25000000000001,-0.013949386358093596,4921550259787592.0,0.0,1.7352123784451485e+17,1.7352123784451485e+17,0.3140909595705844,-0.02780116727772382,0.02780116727772382,0.02698750992665265
nga_5e17,0.0,5e+17,deep,coupled_final,0.0,0.01,0.0,0.3,channel,0.000475,4.8e-06,4.75,48.0,-0.010725254538189451,5575257816651219.0,0.0,1.737098354476387e+17,1.737098354476387e+17,0.26528262307761136,-0.02783138394501916,0.02783138394501916,0.027122462091255607
nga_5e17,0.0,5e+17,deep,coupled_final,0.0,0.01,0.0,0.3,channel,0.000475,4.875e-06,4.75,48.75,-0.007328815725382964,6358030633534573.0,0.0,1.738996587060193e+17,1.738996587060193e+17,0.22193519101081652,-0.02786179698393588,0.02786179698393588,0.027278289161866406
nga_5e17,0.0,5e+17,deep,coupled_final,0.0,0.01,0.0,0.3,channel,0.000475,4.95e-06,4.75,49.5,-0.0037590799618103534,7299473520781344.0,0.0,1.7408972420855632e+17,1.7408972420855632e+17,0.1838870794652162,-0.027892248834645306,0.027892248834645306,0.027459576792195066
nga_5e17,0.0,5e+17,deep,coupled_final,0.0,0.01,0.0,0.3,channel,0.000475,5.025e-06,4.75,50.25,-1.4895540554289561e-05,8437058635877714.0,0.0,1.7427907375765952e+17,1.7427907375765952e+17,0.15087661288496848,-0.027922585976968464,0.027922585976968464,0.027672175163577586
nga_5e17,0.0,5e+17,deep,coupled_final,0.0,0.01,0.0,0.3,channel,0.000475,5.1e-06,4.75,51.0,0.003905088160125235,9818471756588894.0,0.0,1.7446678275371693e+17,1.7446678275371693e+17,0.12256590440220187,-0.027952660273715943,0.027952660273715943,0.02792357624271551
nga_5e17,0.0,5e+17,deep,coupled_final,0.0,0.01,0.0,0.3,channel,0.000475,5.1750000000000004e-06,4.75,51.75000000000001,0.008002468272701008,1.1504741145027426e+16,0.0,1.7465196830874534e+17,1.7465196830874534e+17,0.09856392824093756,-0.027982330270638026,0.027982330270638026,0.02822341638091616
nga_5e17,0.0,5e+17,deep,coupled_final,0.0,0.01,0.0,0.3,channel,0.000475,5.2500000000000006e-06,4.75,52.50000000000001,0.012279149659405453,1.357444045346595e+16,0.0,1.7483379697312016e+17,1.7483379697312016e+17,0.07844785204141506,-0.028011462434383304,0.028011462434383304,0.028584150931800053
nga_5e17,0.0,5e+17,deep,coupled_final,0.0,0.01,0.0,0.3,channel,0.000475,5.325e-06,4.75,53.25,0.016737424040170527,1.6129379115877132e+16,0.0,1.7501149195750272e+17,1.7501149195750272e+17,0.06178193801822208,-0.028039932309578977,0.028039932309578977,0.029021967109617568
nga_5e17,0.0,5e+17,deep,coupled_final,0.0,0.01,0.0,0.3,channel,0.000475,5.4e-06,4.75,54.0,0.021380072828802346,1.930237358887138e+16,0.0,1.751843397384974e+17,1.751843397384974e+17,0.048133562415738226,-0.02806762557717382,0.02806762557717382,0.029558030137656666
nga_5e17,0.0,5e+17,deep,coupled_final,0.0,0.01,0.0,0.3,channel,0.0005,3e-06,5.0,30.0,-0.04163254154090608,1670471694821836.0,0.0,1.7150129516655498e+17,1.7150129516655498e+17,1.3308883260843072,-0.02747753678165915,0.02747753678165915,0.02614299921937934
nga_5e17,0.0,5e+17,deep,coupled_final,0.0,0.01,0.0,0.3,channel,0.0005,3.075e-06,5.0,30.750000000000004,-0.042257252493553256,1630588740269004.2,0.0,1.7144736320842086e+17,1.7144736320842086e+17,1.374022450164826,-0.027468895929344317,0.027468895929344317,0.026127968413276564
nga_5e17,0.0,5e+17,deep,coupled_final,0.0,0.01,0.0,0.3,channel,0.0005,3.1500000000000003e-06,5.0,31.500000000000004,-0.04271597439794601,1601910507997532.2,0.0,1.714074951733267e+17,1.714074951733267e+17,1.4065676834320762,-0.02746250836591718,0.02746250836591718,0.02611698609048445
nga_5e17,0.0,5e+17,deep,coupled_final,0.0,0.01,0.0,0.3,channel,0.0005,3.225e-06,5.0,32.25,-0.04300877702399417,1583869451625121.2,0.0,1.7138192908236307e+17,1.7138192908236307e+17,1.4277362686475834,-0.027458412226560716,0.027458412226560716,0.026109999455230733
nga_5e17,0.0,5e+17,deep,coupled_final,0.0,0.01,0.0,0.3,channel,0.0005,3.3e-06,5.0,33.0,-0.04313570475729843,1576112053877834.5,0.0,1.71370817663006e+17,1.71370817663006e+17,1.43700969388978,-0.027456631980914272,0.027456631980914272,0.02610697633744315
nga_5e17,0.0,5e+17,deep,coupled_final,0.0,0.01,0.0,0.3,channel,0.0005,3.3750000000000003e-06,5.0,33.75,-0.043096776803524375,1578487151799460.8,0.0,1.7137422731482867e+17,1.7137422731482867e+17,1.434159315295921,-0.027457178267362305,0.027457178267362305,0.026107903156530533
nga_5e17,0.0,5e+17,deep,coupled_final,0.0,0.01,0.0,0.3,channel,0.0005,3.45e-06,5.0,34.5,-0.04289198727467906,1591040973061271.5,0.0,1.713921376610629e+17,1.713921376610629e+17,1.4192555076705726,-0.027460047821186637,0.027460047821186637,0.02611278405426418
nga_5e17,0.0,5e+17,deep,coupled_final,0.0,0.01,0.0,0.3,channel,0.0005,3.525e-06,5.0,35.25,-0.042521305162798555,1614018652099485.8,0.0,1.7142444168613728e+17,1.7142444168613728e+17,1.3926648443518144,-0.027465223496602468,0.027465223496602468,0.026121641159725865
nga_5e17,0.0,5e+17,deep,coupled_final,0.0,0.01,0.0,0.3,channel,0.0005,3.6000000000000003e-06,5.0,36.0,-0.04198467419936361,1647872296632962.8,0.0,1.7147094645915526e+17,1.7147094645915526e+17,1.3550354601882157,-0.027472674382672358,0.027472674382672358,0.026134515997620483
nga_5e17,0.0,5e+17,deep,coupled_final,0.0,0.01,0.0,0.3,channel,0.0005,3.6750000000000004e-06,5.0,36.75000000000001,-0.041282012591496206,1693275981236893.8,0.0,1.7153137444308118e+17,1.7153137444308118e+17,1.307271393467235,-0.02748235601306094,0.02748235601306094,0.026151472100266058
nga_5e17,0.0,5e+17,deep,coupled_final,0.0,0.01,0.0,0.3,channel,0.0005,3.7500000000000005e-06,5.0,37.50000000000001,-0.040413212618343505,1751148373804172.0,0.0,1.7160536538901914e+17,1.7160536538901914e+17,1.2504972906149745,-0.027494210669531876,0.027494210669531876,0.02617259893624949
nga_5e17,0.0,5e+17,deep,coupled_final,0.0,0.01,0.0,0.3,channel,0.0005,3.825000000000001e-06,5.0,38.25000000000001,-0.039378140062690546,1822684073417269.0,0.0,1.7169247881426704e+17,1.7169247881426704e+17,1.1860153522772512,-0.027508167778975866,0.027508167778975866,0.026198017328335176
nga_5e17,0.0,5e+17,deep,coupled_final,0.0,0.01,0.0,0.3,channel,0.0005,3.9e-06,5.0,39.0,-0.038176633443382145,1909395178256683.0,0.0,1.7179219706165978e+17,1.7179219706165978e+17,1.1152567692628672,-0.027524144403571472,0.027524144403571472,0.026227886603538985
nga_5e17,0.0,5e+17,deep,coupled_final,0.0,0.01,0.0,0.3,channel,0.0005,3.975e-06,5.0,39.75,-0.036808503003130155,2013165138867187.8,0.0,1.7190392893596778e+17,1.7190392893596778e+17,1.0397301199068654,-0.027542045823400405,0.027542045823400405,0.02626241380398804
nga_5e17,0.0,5e+17,deep,coupled_final,0.0,0.01,0.0,0.3,channel,0.0005,4.05e-06,5.0,40.5,-0.035273529393190256,2136317622317319.5,0.0,1.7202701391069488e+17,1.7202701391069488e+17,0.9609692661709667,-0.02756176621045083,0.02756176621045083,0.026301865394178753
nga_5e17,0.0,5e+17,deep,coupled_final,0.0,0.01,0.0,0.3,channel,0.0005,4.125e-06,5.0,41.25,-0.033571461980532645,2281703964410082.5,0.0,1.7216072689547594e+17,1.7216072689547594e+17,0.8804831955464079,-0.02758318939243869,0.02758318939243869,0.026346582036186988
nga_5e17,0.0,5e+17,deep,coupled_final,0.0,0.01,0.0,0.3,channel,0.0005,4.2000000000000004e-06,5.0,42.00000000000001,-0.031702016683641164,2452813883320624.0,0.0,1.7230428355039728e+17,1.7230428355039728e+17,0.7997100221655332,-0.027606189704255706,0.027606189704255706,0.026396997179396416
nga_5e17,0.0,5e+17,deep,coupled_final,0.0,0.01,0.0,0.3,channel,0.0005,4.2750000000000006e-06,5.0,42.75000000000001,-0.029664873218841422,2653915553283569.5,0.0,1.7245684612897498e+17,1.7245684612897498e+17,0.7199770059460486,-0.027630632924117705,0.027630632924117705,0.02645366043892572
nga_5e17,0.0,5e+17,deep,coupled_final,0.0,0.01,0.0,0.3,channel,0.0005,4.350000000000001e-06,5.0,43.50000000000001,-0.027459671608636653,2890233005179111.5,0.0,1.72617529826228e+17,1.72617529826228e+17,0.6424680033371895,-0.027656377290638055,0.027656377290638055,0.026517267035409412
nga_5e17,0.0,5e+17,deep,coupled_final,0.0,0.01,0.0,0.3,channel,0.0005,4.425e-06,5.0,44.25,-0.02508600776502251,3168171287156346.0,0.0,1.727854096022057e+17,1.727854096022057e+17,0.568199262728681,-0.027683274596077317,0.027683274596077317,0.026588694962956478
nga_5e17,0.0,5e+17,deep,coupled_final,0.0,0.01,0.0,0.3,channel,0.0005,4.5e-06,5.0,45.0,-0.02254342791165538,3495603095476512.0,0.0,1.7295952744429107e+17,1.7295952744429107e+17,0.4980039594588655,-0.027711171349892486,0.027711171349892486,0.02666905207602354
nga_5e17,0.0,5e+17,deep,coupled_final,0.0,0.01,0.0,0.3,channel,0.0005,4.575e-06,5.0,45.75,-0.019831421545735164,3882234967436876.5,0.0,1.7313890002340365e+17,1.7313890002340365e+17,0.43252536627132465,-0.027739910005395937,0.027739910005395937,0.026759735986648447
nga_5e17,0.0,5e+17,deep,coupled_final,0.0,0.01,0.0,0.3,channel,0.0005,4.65e-06,5.0,46.50000000000001,-0.01694941255907934,4340077023680390.5,0.0,1.733225266898489e+17,1.733225266898489e+17,0.37221810740200567,-0.027769330240831724,0.027769330240831724,0.026862510606541823
nga_5e17,0.0,5e+17,deep,coupled_final,0.0,0.01,0.0,0.3,channel,0.0005,4.7250000000000005e-06,5.0,47.25000000000001,-0.01389674803212242,4884048230488409.0,0.0,1.735093977444882e+17,1.735093977444882e+17,0.3173565734200471,-0.027799270284563127,0.027799270284563127,0.026979604445984885
nga_5e17,0.0,5e+17,deep,coupled_final,0.0,0.01,0.0,0.3,channel,0.0005,4.8e-06,5.0,48.0,-0.0106726840763551,5532760036088517.0,0.0,1.736985029112065e+17,1.736985029112065e+17,0.2680492957037091,-0.0278295682725116,0.0278295682725116,0.0271138375236466
nga_5e17,0.0,5e+17,deep,coupled_final,0.0,0.01,0.0,0.3,channel,0.0005,4.875e-06,5.0,48.75,-0.007276367918954161,6309536178315108.0,0.0,1.7388883992858352e+17,1.7388883992858352e+17,0.224257901295489,-0.027860063624694273,0.027860063624694273,0.027268786134321685
nga_5e17,0.0,5e+17,deep,coupled_final,0.0,0.01,0.0,0.3,channel,0.0005,4.95e-06,5.0,49.5,-0.003706815182846505,7243747136115437.0,0.0,1.7407942317268883e+17,1.7407942317268883e+17,0.18581919099817912,-0.027890598426748018,0.027890598426748018,0.027448998033156872
nga_5e17,0.0,5e+17,deep,coupled_final,0.0,0.01,0.0,0.3,channel,0.0005,5.025e-06,5.0,50.25,3.711900484293568e-05,8372566540623231.0,0.0,1.7426929221785453e+17,1.7426929221785453e+17,0.15246890104847877,-0.027921018801516453,0.027921018801516453,0.02766027521531613
nga_5e17,0.0,5e+17,deep,coupled_final,0.0,0.01,0.0,0.3,channel,0.0005,5.1e-06,5.0,51.0,0.0039567768724371325,9743297464094736.0,0.0,1.7445752023590358e+17,1.7445752023590358e+17,0.1238658120591511,-0.027951176254754687,0.027951176254754687,0.027910047974263094
nga_5e17,0.0,5e+17,deep,coupled_final,0.0,0.01,0.0,0.3,channel,0.0005,5.1750000000000004e-06,5.0,51.75000000000001,0.008053745207811547,1.1416474228687386e+16,0.0,1.7464322212571094e+17,1.7464322212571094e+17,0.09961504261083527,-0.027980928977628588,0.027980928977628588,0.0282078731688152
nga_5e17,0.0,5e+17,deep,coupled_final,0.0,0.01,0.0,0.3,channel,0.0005,5.2500000000000006e-06,5.0,52.50000000000001,0.012329916072411075,1.3470028339593616e+16,0.0,1.748255622569362e+17,1.748255622569362e+17,0.07928958646135385,-0.028010143087397545,0.028010143087397545,0.028566102919899014
nga_5e17,0.0,5e+17,deep,coupled_final,0.0,0.01,0.0,0.3,channel,0.0005,5.325e-06,5.0,53.25,0.01678756527336029,1.600492782857765e+16,0.0,1.7500376170965296e+17,1.7500376170965296e+17,0.06244939582284932,-0.028038693787330985,0.028038693787330985,0.029000789292911333
nga_5e17,0.0,5e+17,deep,coupled_final,0.0,0.01,0.0,0.3,channel,0.0005,5.4e-06,5.0,54.0,0.02142945434104739,1.915287720680073e+16,0.0,1.7517710489784342e+17,1.7517710489784342e+17,0.048657556081094934,-0.028066466427909168,0.028066466427909168,0.0295329190273699
nga_5e17,0.0,5e+17,deep,coupled_final,0.0,0.01,0.0,0.3,channel,0.0005250000000000001,3e-06,5.250000000000001,30.0,-0.04158843797941116,1657070713080687.5,0.0,1.714833649196264e+17,1.714833649196264e+17,1.3451157634593482,-0.02747466403939207,0.02747466403939207,0.026137979403130427
nga_5e17,0.0,5e+17,deep,coupled_final,0.0,0.01,0.0,0.3,channel,0.0005250000000000001,3.075e-06,5.250000000000001,30.750000000000004,-0.04221241511704318,1617553624502800.8,0.0,1.714293576175033e+17,1.714293576175033e+17,1.3886509604453239,-0.027466011115639368,0.027466011115639368,0.02612299514378141
nga_5e17,0.0,5e+17,deep,coupled_final,0.0,0.01,0.0,0.3,channel,0.0005250000000000001,3.1500000000000003e-06,5.250000000000001,31.500000000000004,-0.04267043480126226,1589147814927730.2,0.0,1.713894486758202e+17,1.713894486758202e+17,1.4214857458526888,-0.027459616998254135,0.027459616998254135,0.026112049913959073
nga_5e17,0.0,5e+17,deep,coupled_final,0.0,0.01,0.0,0.3,channel,0.0005250000000000001,3.225e-06,5.250000000000001,32.25,-0.042962566566329775,1571291269290378.8,0.0,1.7136387614665578e+17,1.7136387614665578e+17,1.442825593163258,-0.027455519827384183,0.027455519827384183,0.026105091809070707
nga_5e17,0.0,5e+17,deep,coupled_final,0.0,0.01,0.0,0.3,channel,0.0005250000000000001,3.3e-06,5.250000000000001,33.0,-0.04308885461659549,1563634166498737.8,0.0,1.713527926583101e+17,1.713527926583101e+17,1.452147965834988,-0.02745374405677912,0.02745374405677912,0.026102089235347955
nga_5e17,0.0,5e+17,deep,coupled_final,0.0,0.01,0.0,0.3,channel,0.0005250000000000001,3.3750000000000003e-06,5.250000000000001,33.75,-0.043049318027210445,1566027329725268.0,0.0,1.7135626438352448e+17,1.7135626438352448e+17,1.449223093130835,-0.02745430028848093,0.02745430028848093,0.026103028894070058
nga_5e17,0.0,5e+17,deep,coupled_final,0.0,0.01,0.0,0.3,channel,0.0005250000000000001,3.45e-06,5.250000000000001,34.5,-0.04284395082861273,1578517329121173.5,0.0,1.7137427059337024e+17,1.7137427059337024e+17,1.4341231625407243,-0.02745718520134911,0.02745718520134911,0.026107914925457314
nga_5e17,0.0,5e+17,deep,coupled_final,0.0,0.01,0.0,0.3,channel,0.0005250000000000001,3.525e-06,5.250000000000001,35.25,-0.04247272198022501,1601348008842705.2,0.0,1.7140670379691526e+17,1.7140670379691526e+17,1.4072194280954344,-0.02746238157343767,0.02746238157343767,0.026116769175704692
nga_5e17,0.0,5e+17,deep,coupled_final,0.0,0.01,0.0,0.3,channel,0.0005250000000000001,3.6000000000000003e-06,5.250000000000001,36.0,-0.041935575231667216,1634968509428902.2,0.0,1.714533704666381e+17,1.714533704666381e+17,1.3691673922676713,-0.027469858398219325,0.027469858398219325,0.026129632598532602
nga_5e17,0.0,5e+17,deep,coupled_final,0.0,0.01,0.0,0.3,channel,0.0005250000000000001,3.6750000000000004e-06,5.250000000000001,36.75000000000001,-0.04123242886258064,1680048160046542.5,0.0,1.7151399234938e+17,1.7151399234938e+17,1.3208808668202012,-0.027479571094623137,0.027479571094623137,0.026146567851225263
nga_5e17,0.0,5e+17,deep,coupled_final,0.0,0.01,0.0,0.3,channel,0.0005250000000000001,3.7500000000000005e-06,5.250000000000001,37.50000000000001,-0.040363175284570826,1737498941486842.8,0.0,1.715882083622675e+17,1.715882083622675e+17,1.26349631099243,-0.027491461810794836,0.027491461810794836,0.02616766319735983
nga_5e17,0.0,5e+17,deep,coupled_final,0.0,0.01,0.0,0.3,channel,0.0005250000000000001,3.825000000000001e-06,5.250000000000001,38.25000000000001,-0.03932768048047562,1808506590382214.0,0.0,1.7167557707235027e+17,1.7167557707235027e+17,1.1983293443163046,-0.027505459821378572,0.027505459821378572,0.02619303788753311
nga_5e17,0.0,5e+17,deep,coupled_final,0.0,0.01,0.0,0.3,channel,0.0005250000000000001,3.9e-06,5.250000000000001,39.0,-0.038125783246774986,1894571851580493.8,0.0,1.7177557975754957e+17,1.7177557975754957e+17,1.126825704145153,-0.027521482017934928,0.027521482017934928,0.026222849259138564
nga_5e17,0.0,5e+17,deep,coupled_final,0.0,0.01,0.0,0.3,channel,0.0005250000000000001,3.975e-06,5.250000000000001,39.75,-0.03675729419403812,1997563917897785.0,0.0,1.718876240447778e+17,1.718876240447778e+17,1.050509142636343,-0.027539433491831952,0.027539433491831952,0.026257301881249688
nga_5e17,0.0,5e+17,deep,coupled_final,0.0,0.01,0.0,0.3,channel,0.0005250000000000001,4.05e-06,5.250000000000001,40.5,-0.0352219944473114,2119788761179296.0,0.0,1.7201104811867827e+17,1.7201104811867827e+17,0.9709288238733786,-0.0275592082085596,0.0275592082085596,0.026296659176777325
nga_5e17,0.0,5e+17,deep,coupled_final,0.0,0.01,0.0,0.3,channel,0.0005250000000000001,4.125e-06,5.250000000000001,41.25,-0.033519633972612074,2264075903206721.5,0.0,1.721451254912941e+17,1.721451254912941e+17,0.8896086903971407,-0.02758068977191492,0.02758068977191492,0.026341258088886942
nga_5e17,0.0,5e+17,deep,coupled_final,0.0,0.01,0.0,0.3,channel,0.0005250000000000001,4.2000000000000004e-06,5.250000000000001,42.00000000000001,-0.03164992943635328,2433888262138241.5,0.0,1.722890703190971e+17,1.722890703190971e+17,0.8080010323789482,-0.027603752275884026,0.027603752275884026,0.026391527532220502
nga_5e17,0.0,5e+17,deep,coupled_final,0.0,0.01,0.0,0.3,channel,0.0005250000000000001,4.2750000000000006e-06,5.250000000000001,42.75000000000001,-0.029612561480481116,2633461123545472.5,0.0,1.7244204324921808e+17,1.7244204324921808e+17,0.7274461346990849,-0.02762826124131146,0.02762826124131146,0.02644801159518066
nga_5e17,0.0,5e+17,deep,coupled_final,0.0,0.01,0.0,0.3,channel,0.0005250000000000001,4.350000000000001e-06,5.250000000000001,43.50000000000001,-0.027407171265921272,2867978137657499.5,0.0,1.726031577714234e+17,1.726031577714234e+17,0.6491394278013364,-0.027654074633599004,0.027654074633599004,0.026511398755496775
nga_5e17,0.0,5e+17,deep,coupled_final,0.0,0.01,0.0,0.3,channel,0.0005250000000000001,4.425e-06,5.250000000000001,44.25,-0.02503335609873103,3143794689820233.5,0.0,1.7277148704631334e+17,1.7277148704631334e+17,0.5741070630850291,-0.02768104395670369,0.02768104395670369,0.026582558762116015
nga_5e17,0.0,5e+17,deep,coupled_final,0.0,0.01,0.0,0.3,channel,0.0005250000000000001,4.5e-06,5.250000000000001,45.0,-0.02249066390464846,3468722240172188.5,0.0,1.729460711732056e+17,1.729460711732056e+17,0.5031903107217733,-0.027709015417581095,0.027709015417581095,0.0266625893558851
nga_5e17,0.0,5e+17,deep,coupled_final,0.0,0.01,0.0,0.3,channel,0.0005250000000000001,4.575e-06,5.250000000000001,45.75,-0.019778586255226237,3852391572263698.5,0.0,1.731259248529861e+17,1.731259248529861e+17,0.4370386741263062,-0.02773783115390942,0.02773783115390942,0.026752875696119366
nga_5e17,0.0,5e+17,deep,coupled_final,0.0,0.01,0.0,0.3,channel,0.0005250000000000001,4.65e-06,5.250000000000001,46.50000000000001,-0.01689654956801691,4306718734047098.0,0.0,1.733100453918365e+17,1.733100453918365e+17,0.3761111635764188,-0.02776733051642798,0.02776733051642798,0.026855166294918013
nga_5e17,0.0,5e+17,deep,coupled_final,0.0,0.01,0.0,0.3,channel,0.0005250000000000001,4.7250000000000005e-06,5.250000000000001,47.25000000000001,-0.01384390399840498,4846505366844961.0,0.0,1.7349742098162253e+17,1.7349742098162253e+17,0.3206847971317442,-0.027797351395601695,0.027797351395601695,0.026971670527133153
nga_5e17,0.0,5e+17,deep,coupled_final,0.0,0.01,0.0,0.3,channel,0.0005250000000000001,4.8e-06,5.250000000000001,48.0,-0.010619909403611967,5490215902779110.0,0.0,1.73687039182928e+17,1.73687039182928e+17,0.2708691164188006,-0.027827731580752968,0.027827731580752968,0.027105184510257757
nga_5e17,0.0,5e+17,deep,coupled_final,0.0,0.01,0.0,0.3,channel,0.0005250000000000001,4.875e-06,5.250000000000001,48.75,-0.007223717579168772,6260988916612349.0,0.0,1.7387789552853066e+17,1.7387789552853066e+17,0.22662532532270105,-0.027858310138490487,0.027858310138490487,0.027259254519283415
nga_5e17,0.0,5e+17,deep,coupled_final,0.0,0.01,0.0,0.3,channel,0.0005250000000000001,4.95e-06,5.250000000000001,49.5,-0.0036543497296932593,7187960398460331.0,0.0,1.740690021590739e+17,1.740690021590739e+17,0.18778858117327094,-0.027888928796296373,0.027888928796296373,0.027438390381949417
nga_5e17,0.0,5e+17,deep,coupled_final,0.0,0.01,0.0,0.3,channel,0.0005250000000000001,5.025e-06,5.250000000000001,50.25,8.933218171180158e-05,8308005279266969.0,0.0,1.7425939639769702e+17,1.7425939639769702e+17,0.15409198558074136,-0.027919433316333394,0.027919433316333394,0.027648345875692412
nga_5e17,0.0,5e+17,deep,coupled_final,0.0,0.01,0.0,0.3,channel,0.0005250000000000001,5.1e-06,5.250000000000001,51.0,0.0040086619867810164,9668043742482644.0,0.0,1.7444814916415654e+17,1.7444814916415654e+17,0.12519092613324276,-0.027949674843535822,0.027949674843535822,0.027896489587605384
nga_5e17,0.0,5e+17,deep,coupled_final,0.0,0.01,0.0,0.3,channel,0.0005250000000000001,5.1750000000000004e-06,5.250000000000001,51.75000000000001,0.008105216124174953,1.1328115992843664e+16,0.0,1.7463437312044112e+17,1.7463437312044112e+17,0.1006865952305005,-0.027979511210680843,0.027979511210680843,0.028192298851778427
nga_5e17,0.0,5e+17,deep,coupled_final,0.0,0.01,0.0,0.3,channel,0.0005250000000000001,5.2500000000000006e-06,5.250000000000001,52.50000000000001,0.012380873848282365,1.3365511246914906e+16,0.0,1.7481723043167165e+17,1.7481723043167165e+17,0.08014773595877026,-0.028008808181821804,0.028008808181821804,0.02854802252994893
nga_5e17,0.0,5e+17,deep,coupled_final,0.0,0.01,0.0,0.3,channel,0.0005250000000000001,5.325e-06,5.250000000000001,53.25,0.016837895045332455,1.5880356084660146e+16,0.0,1.749959400236276e+17,1.749959400236276e+17,0.06312991086059533,-0.02803744061507215,0.02803744061507215,0.028979577526916375
nga_5e17,0.0,5e+17,deep,coupled_final,0.0,0.01,0.0,0.3,channel,0.0005250000000000001,5.4e-06,5.250000000000001,54.0,0.021479021352313547,1.900324321552108e+16,0.0,1.7516978422429424e+17,1.7516978422429424e+17,0.04919183480512332,-0.028065293526698603,0.028065293526698603,0.029507772117711294
nga_5e17,0.0,5e+17,deep,coupled_final,0.0,0.01,0.0,0.3,channel,0.0005499999999999999,3e-06,5.499999999999999,30.0,-0.04154414446733231,1643663405470242.8,0.0,1.714652336303538e+17,1.714652336303538e+17,1.359616937093986,-0.027471759086590383,0.027471759086590383,0.026132926362830912
nga_5e17,0.0,5e+17,deep,coupled_final,0.0,0.01,0.0,0.3,channel,0.0005499999999999999,3.075e-06,5.499999999999999,30.750000000000004,-0.0421673846663315,1604511786082849.0,0.0,1.7141115013334384e+17,1.7141115013334384e+17,1.403560512259846,-0.027463093955070947,0.027463093955070947,0.026117988450334903
nga_5e17,0.0,5e+17,deep,coupled_final,0.0,0.01,0.0,0.3,channel,0.0005499999999999999,3.1500000000000003e-06,5.499999999999999,31.500000000000004,-0.04262469921909991,1576378000062358.8,0.0,1.71371199787743e+17,1.71371199787743e+17,1.4366900389643396,-0.02745669320404676,0.02745669320404676,0.026107080169851915
nga_5e17,0.0,5e+17,deep,coupled_final,0.0,0.01,0.0,0.3,channel,0.0005499999999999999,3.225e-06,5.499999999999999,32.25,-0.042916157425162915,1558705553790565.0,0.0,1.713456206772432e+17,1.713456206772432e+17,1.4582041023562224,-0.027452594978730628,0.027452594978730628,0.026100150506487556
nga_5e17,0.0,5e+17,deep,coupled_final,0.0,0.01,0.0,0.3,channel,0.0005499999999999999,3.3e-06,5.499999999999999,33.0,-0.043041803308183794,1551148313054769.0,0.0,1.7133456533053088e+17,1.7133456533053088e+17,1.4675760732258287,-0.027450823716912303,0.027450823716912303,0.026097168441216793
nga_5e17,0.0,5e+17,deep,coupled_final,0.0,0.01,0.0,0.3,channel,0.0005499999999999999,3.3750000000000003e-06,5.499999999999999,33.75,-0.04300165581302525,1553559078063190.8,0.0,1.713380996920325e+17,1.713380996920325e+17,1.4645750394536807,-0.027451389984053706,0.027451389984053706,0.026098120955494852
nga_5e17,0.0,5e+17,deep,coupled_final,0.0,0.01,0.0,0.3,channel,0.0005499999999999999,3.45e-06,5.499999999999999,34.5,-0.04279570888845533,1565984752238899.8,0.0,1.7135620267814208e+17,1.7135620267814208e+17,1.4492750407650465,-0.027454290402188743,0.027454290402188743,0.026103012186112492
nga_5e17,0.0,5e+17,deep,coupled_final,0.0,0.01,0.0,0.3,channel,0.0005499999999999999,3.525e-06,5.499999999999999,35.25,-0.04242393146086665,1588667879826469.2,0.0,1.7138876631902294e+17,1.7138876631902294e+17,1.4220521039718457,-0.027459507672642474,0.027459507672642474,0.0261118636942669
nga_5e17,0.0,5e+17,deep,coupled_final,0.0,0.01,0.0,0.3,channel,0.0005499999999999999,3.6000000000000003e-06,5.499999999999999,36.0,-0.041886267297299704,1622054623822962.2,0.0,1.714355964859577e+17,1.714355964859577e+17,1.383569240318703,-0.02746701069256539,0.02746701069256539,0.026124715860301476
nga_5e17,0.0,5e+17,deep,coupled_final,0.0,0.01,0.0,0.3,channel,0.0005499999999999999,3.6750000000000004e-06,5.499999999999999,36.75000000000001,-0.041182634748909576,1666809556575432.2,0.0,1.7149641420406294e+17,1.7149641420406294e+17,1.334750219990774,-0.027476754765253533,0.027476754765253533,0.02614163046374084
nga_5e17,0.0,5e+17,deep,coupled_final,0.0,0.01,0.0,0.3,channel,0.0005499999999999999,3.7500000000000005e-06,5.499999999999999,37.50000000000001,-0.040312926358485185,1723837958969129.0,0.0,1.7157085754984656e+17,1.7157085754984656e+17,1.2767435370124662,-0.027488681904170663,0.027488681904170663,0.02616269456003692
nga_5e17,0.0,5e+17,deep,coupled_final,0.0,0.01,0.0,0.3,channel,0.0005499999999999999,3.825000000000001e-06,5.499999999999999,38.25000000000001,-0.039277008307392426,1794316690606684.2,0.0,1.716584841324173e+17,1.716584841324173e+17,1.2108784808459754,-0.027502721230481877,0.027502721230481877,0.0261880258240505
nga_5e17,0.0,5e+17,deep,coupled_final,0.0,0.01,0.0,0.3,channel,0.0005499999999999999,3.9e-06,5.499999999999999,39.0,-0.038074719667994555,1879735126212722.8,0.0,1.717587741560237e+17,1.717587741560237e+17,1.1386156067628526,-0.027518789463726424,0.027518789463726424,0.02621777959945913
nga_5e17,0.0,5e+17,deep,coupled_final,0.0,0.01,0.0,0.3,channel,0.0005499999999999999,3.975e-06,5.499999999999999,39.75,-0.036705871416765234,1981948181369256.5,0.0,1.7187113405987965e+17,1.7187113405987965e+17,1.0614941233255843,-0.02753679150498207,0.02753679150498207,0.02625215797758093
nga_5e17,0.0,5e+17,deep,coupled_final,0.0,0.01,0.0,0.3,channel,0.0005499999999999999,4.05e-06,5.499999999999999,40.5,-0.03517024515041745,2103244109887871.2,0.0,1.719949007288313e+17,1.719949007288313e+17,0.9810787814479164,-0.027556621111488305,0.027556621111488305,0.026291421334334354
nga_5e17,0.0,5e+17,deep,coupled_final,0.0,0.01,0.0,0.3,channel,0.0005499999999999999,4.125e-06,5.499999999999999,41.25,-0.03346759143175455,2246430592718498.2,0.0,1.7212934626528483e+17,1.7212934626528483e+17,0.8989087569013328,-0.02757816166119345,0.02757816166119345,0.026335902887749084
nga_5e17,0.0,5e+17,deep,coupled_final,0.0,0.01,0.0,0.3,channel,0.0005499999999999999,4.2000000000000004e-06,5.499999999999999,42.00000000000001,-0.031597627672760746,2414943716369975.0,0.0,1.722736833089365e+17,1.722736833089365e+17,0.8164507796779227,-0.027601287005069388,0.027601287005069388,0.026386027010548697
nga_5e17,0.0,5e+17,deep,coupled_final,0.0,0.01,0.0,0.3,channel,0.0005499999999999999,4.2750000000000006e-06,5.499999999999999,42.75000000000001,-0.02956003543859268,2612985840325744.5,0.0,1.7242707088625306e+17,1.7242707088625306e+17,0.7350584022058568,-0.02762586240430163,0.02762586240430163,0.02644233225613591
nga_5e17,0.0,5e+17,deep,coupled_final,0.0,0.01,0.0,0.3,channel,0.0005499999999999999,4.350000000000001e-06,5.499999999999999,43.50000000000001,-0.027354457026189515,2845700189803135.5,0.0,1.7258862076635523e+17,1.7258862076635523e+17,0.6559388448116131,-0.02765174554861415,0.02765174554861415,0.026505500349761346
nga_5e17,0.0,5e+17,deep,coupled_final,0.0,0.01,0.0,0.3,channel,0.0005499999999999999,4.425e-06,5.499999999999999,44.25,-0.02498049113332288,3119392434713997.5,0.0,1.7275740429389802e+17,1.7275740429389802e+17,0.5801283470350225,-0.027678787651017465,0.027678787651017465,0.026576392784134976
nga_5e17,0.0,5e+17,deep,coupled_final,0.0,0.01,0.0,0.3,channel,0.0005499999999999999,4.5e-06,5.499999999999999,45.0,-0.02243768738559738,3441812736633700.0,0.0,1.729324596625498e+17,1.729324596625498e+17,0.5084764256965665,-0.02770683461314848,0.02770683461314848,0.02665609717367229
nga_5e17,0.0,5e+17,deep,coupled_final,0.0,0.01,0.0,0.3,channel,0.0005499999999999999,4.575e-06,5.499999999999999,45.75,-0.019725539426916863,3822516051375900.5,0.0,1.7311279958451622e+17,1.7311279958451622e+17,0.44163893230508233,-0.027735728254063678,0.027735728254063678,0.02674598621012412
nga_5e17,0.0,5e+17,deep,coupled_final,0.0,0.01,0.0,0.3,channel,0.0005499999999999999,4.65e-06,5.499999999999999,46.50000000000001,-0.01684347619887521,4273324266759664.0,0.0,1.732974193021816e+17,1.732974193021816e+17,0.3800793465148309,-0.027765307593845594,0.027765307593845594,0.02684779298881634
nga_5e17,0.0,5e+17,deep,coupled_final,0.0,0.01,0.0,0.3,channel,0.0005499999999999999,4.7250000000000005e-06,5.499999999999999,47.25000000000001,-0.013790850930530021,4808921596282138.0,0.0,1.7348530487777005e+17,1.7348530487777005e+17,0.324077364643741,-0.02779541018175294,0.02779541018175294,0.02696370772938306
nga_5e17,0.0,5e+17,deep,coupled_final,0.0,0.01,0.0,0.3,channel,0.0005499999999999999,4.8e-06,5.499999999999999,48.0,-0.010566927224099389,5447625335832355.0,0.0,1.7367544168702445e+17,1.7367544168702445e+17,0.27374355929577554,-0.02782587345705801,0.02782587345705801,0.02709650262544371
nga_5e17,0.0,5e+17,deep,coupled_final,0.0,0.01,0.0,0.3,channel,0.0005499999999999999,4.875e-06,5.499999999999999,48.75,-0.007170861443420833,6212388758398642.0,0.0,1.7386682303459e+17,1.7386682303459e+17,0.2290387051916378,-0.027856536129383307,0.027856536129383307,0.027249693906386367
nga_5e17,0.0,5e+17,deep,coupled_final,0.0,0.01,0.0,0.3,channel,0.0005499999999999999,4.95e-06,5.499999999999999,49.5,-0.0036016803756064027,7132113207894445.0,0.0,1.7405845880268806e+17,1.7405845880268806e+17,0.18979628728768766,-0.027887239564371842,0.027887239564371842,0.027427753443644967
nga_5e17,0.0,5e+17,deep,coupled_final,0.0,0.01,0.0,0.3,channel,0.0005499999999999999,5.025e-06,5.499999999999999,50.25,0.0001417471784257946,8243374741411121.0,0.0,1.7424938403973565e+17,1.7424938403973565e+17,0.15574672493253067,-0.027917829159735695,0.027917829159735695,0.02763638676533517
nga_5e17,0.0,5e+17,deep,coupled_final,0.0,0.01,0.0,0.3,channel,0.0005499999999999999,5.1e-06,5.499999999999999,51.0,0.004060746650749505,9592710470649074.0,0.0,1.7443866738949773e+17,1.7443866738949773e+17,0.1265419505812486,-0.0279481556957551,0.0279481556957551,0.027882900719035212
nga_5e17,0.0,5e+17,deep,coupled_final,0.0,0.01,0.0,0.3,channel,0.0005499999999999999,5.1750000000000004e-06,5.499999999999999,51.75000000000001,0.00815688412629234,1.1239666306092794e+16,0.0,1.746254192529e+17,1.746254192529e+17,0.10177915803292822,-0.02797807664294501,0.02797807664294501,0.028176693081902907
nga_5e17,0.0,5e+17,deep,coupled_final,0.0,0.01,0.0,0.3,channel,0.0005499999999999999,5.2500000000000006e-06,5.499999999999999,52.50000000000001,0.012432026046218706,1.326088903520868e+16,0.0,1.7480879956626346e+17,1.7480879956626346e+17,0.08102276085383184,-0.028007457408265664,0.028007457408265664,0.028529909430093477
nga_5e17,0.0,5e+17,deep,coupled_final,0.0,0.01,0.0,0.3,channel,0.0005499999999999999,5.325e-06,5.499999999999999,53.25,0.01688841636787639,1.5755663738324186e+16,0.0,1.7498802507692547e+17,1.7498802507692547e+17,0.06382385010509525,-0.028036172500805603,0.028036172500805603,0.028958331496276014
nga_5e17,0.0,5e+17,deep,coupled_final,0.0,0.01,0.0,0.3,channel,0.0005499999999999999,5.4e-06,5.499999999999999,54.0,0.0215287768249767,1.88534714696815e+16,0.0,1.7516237600305837e+17,1.7516237600305837e+17,0.049736688329696396,-0.028064106598802242,0.028064106598802242,0.029482589110653174
nga_5e17,0.0,5e+17,deep,coupled_final,0.0,0.01,0.0,0.3,channel,0.000575,3e-06,5.75,30.0,-0.04149965781682137,1630249772479038.5,0.0,1.7144689739517693e+17,1.7144689739517693e+17,1.3743994517934983,-0.027468821297834792,0.027468821297834792,0.026127839473139767
nga_5e17,0.0,5e+17,deep,coupled_final,0.0,0.01,0.0,0.3,channel,0.000575,3.075e-06,5.75,30.750000000000004,-0.04212215790136329,1591463223412573.5,0.0,1.7139273683734384e+17,1.7139273683734384e+17,1.4187589057755317,-0.027460143819810334,0.027460143819810334,0.026112947704852528
nga_5e17,0.0,5e+17,deep,coupled_final,0.0,0.01,0.0,0.3,channel,0.000575,3.1500000000000003e-06,5.75,31.500000000000004,-0.04257876436318745,1563601059865908.0,0.0,1.713527445819096e+17,1.713527445819096e+17,1.452188500127892,-0.027453736354090565,0.027453736354090565,0.026102076228392047
nga_5e17,0.0,5e+17,deep,coupled_final,0.0,0.01,0.0,0.3,channel,0.000575,3.225e-06,5.75,32.25,-0.042869546268006424,1546112299757492.2,0.0,1.7132715874480915e+17,1.7132715874480915e+17,1.473879809509756,-0.027449637051054198,0.027449637051054198,0.026095174917075345
nga_5e17,0.0,5e+17,deep,coupled_final,0.0,0.01,0.0,0.3,channel,0.000575,3.3e-06,5.75,33.0,-0.04299454745936544,1538654486415656.8,0.0,1.71316131754666e+17,1.71316131754666e+17,1.4833020422742125,-0.027447870332459125,0.027447870332459125,0.026092213325052568
nga_5e17,0.0,5e+17,deep,coupled_final,0.0,0.01,0.0,0.3,channel,0.000575,3.3750000000000003e-06,5.75,33.75,-0.04295378675206256,1541082387958960.5,0.0,1.713197293260814e+17,1.713197293260814e+17,1.4802231301325603,-0.027448446726945217,0.027448446726945217,0.0260931787122509
nga_5e17,0.0,5e+17,deep,coupled_final,0.0,0.01,0.0,0.3,channel,0.000575,3.45e-06,5.75,34.5,-0.04274725801308544,1553443231843947.5,0.0,1.7133793001821264e+17,1.7133793001821264e+17,1.4647190057701769,-0.027451362799310746,0.027451362799310746,0.026098075210141326
nga_5e17,0.0,5e+17,deep,coupled_final,0.0,0.01,0.0,0.3,channel,0.000575,3.525e-06,5.75,35.25,-0.04237493013536439,1575978252742820.0,0.0,1.71370625378716e+17,1.71370625378716e+17,1.43717056345242,-0.027456601173574617,0.027456601173574617,0.026106924092798283
nga_5e17,0.0,5e+17,deep,coupled_final,0.0,0.01,0.0,0.3,channel,0.000575,3.6000000000000003e-06,5.75,36.0,-0.041836746902619786,1609130625720087.8,0.0,1.714176206730336e+17,1.714176206730336e+17,1.398248468240504,-0.027464130649820978,0.027464130649820978,0.02611976516477923
nga_5e17,0.0,5e+17,deep,coupled_final,0.0,0.01,0.0,0.3,channel,0.000575,3.6750000000000004e-06,5.75,36.75000000000001,-0.04113262673648662,1653560154863203.8,0.0,1.71478636198866e+17,1.71478636198866e+17,1.348886638756089,-0.027473906414800964,0.027473906414800964,0.026136659325104488
nga_5e17,0.0,5e+17,deep,coupled_final,0.0,0.01,0.0,0.3,channel,0.000575,3.7500000000000005e-06,5.75,37.50000000000001,-0.040262462309627586,1710165408317772.8,0.0,1.7155330918535546e+17,1.7155330918535546e+17,1.2902458318348708,-0.027485870346215406,0.027485870346215406,0.026157692417963584
nga_5e17,0.0,5e+17,deep,coupled_final,0.0,0.01,0.0,0.3,channel,0.000575,3.825000000000001e-06,5.75,38.25000000000001,-0.03922612000037128,1780114354046062.0,0.0,1.7164119627585453e+17,1.7164119627585453e+17,1.223669264742218,-0.027499951410498193,0.027499951410498193,0.02618298053888825
nga_5e17,0.0,5e+17,deep,coupled_final,0.0,0.01,0.0,0.3,channel,0.000575,3.9e-06,5.75,39.0,-0.038023439155165935,1864884979825942.8,0.0,1.7174177659204045e+17,1.7174177659204045e+17,1.1506325894107627,-0.027516066153741532,0.027516066153741532,0.026212677033719003
nga_5e17,0.0,5e+17,deep,coupled_final,0.0,0.01,0.0,0.3,channel,0.000575,3.975e-06,5.75,39.75,-0.036654231114384546,1966317904464181.5,0.0,1.7185445537543062e+17,1.7185445537543062e+17,1.072690761056923,-0.027534119285131064,0.027534119285131064,0.0262469815112859
nga_5e17,0.0,5e+17,deep,coupled_final,0.0,0.01,0.0,0.3,channel,0.000575,4.05e-06,5.75,40.5,-0.03511827794422492,2086683640889344.5,0.0,1.7197856819996118e+17,1.7197856819996118e+17,0.991424409853788,-0.027554004351875324,0.027554004351875324,0.02628615129507362
nga_5e17,0.0,5e+17,deep,coupled_final,0.0,0.01,0.0,0.3,channel,0.000575,4.125e-06,5.75,41.25,-0.03341533080195252,2228768002366097.2,0.0,1.7211338574616128e+17,1.7211338574616128e+17,0.9083882305289571,-0.027575604504112824,0.027575604504112824,0.026330515871712607
nga_5e17,0.0,5e+17,deep,coupled_final,0.0,0.01,0.0,0.3,channel,0.000575,4.2000000000000004e-06,5.75,42.00000000000001,-0.03154510784269637,2395980212074061.5,0.0,1.7225811912357587e+17,1.7225811912357587e+17,0.8250636638354543,-0.02759879334765818,0.02759879334765818,0.02638049506478932
nga_5e17,0.0,5e+17,deep,coupled_final,0.0,0.01,0.0,0.3,channel,0.000575,4.2750000000000006e-06,5.75,42.75000000000001,-0.029507291552340848,2592489665931038.5,0.0,1.72411925723494e+17,1.72411925723494e+17,0.7428177789249087,-0.027623435881712562,0.027623435881712562,0.026436621884376683
nga_5e17,0.0,5e+17,deep,coupled_final,0.0,0.01,0.0,0.3,channel,0.000575,4.350000000000001e-06,5.75,43.50000000000001,-0.027301525361352198,2823399119724729.5,0.0,1.7257391557874275e+17,1.7257391557874275e+17,0.6628698077687961,-0.02764938951781502,0.02764938951781502,0.026499571293622935
nga_5e17,0.0,5e+17,deep,coupled_final,0.0,0.01,0.0,0.3,channel,0.000575,4.425e-06,5.75,44.25,-0.024927409356787618,3094964475240259.0,0.0,1.7274315820125984e+17,1.7274315820125984e+17,0.5862662682262011,-0.027676505175342397,0.027676505175342397,0.0265701965178714
nga_5e17,0.0,5e+17,deep,coupled_final,0.0,0.01,0.0,0.3,channel,0.000575,4.5e-06,5.75,45.0,-0.02238449486181772,3414874532984134.0,0.0,1.7291868986118512e+17,1.7291868986118512e+17,0.5138650797330606,-0.027704628447748347,0.027704628447748347,0.026649575032227233
nga_5e17,0.0,5e+17,deep,coupled_final,0.0,0.01,0.0,0.3,channel,0.000575,4.575e-06,5.75,45.75,-0.01967227759060708,3792608346977027.5,0.0,1.730995212630814e+17,1.730995212630814e+17,0.4463285625384169,-0.02773360083242952,0.02773360083242952,0.026739067045973515
nga_5e17,0.0,5e+17,deep,coupled_final,0.0,0.01,0.0,0.3,channel,0.000575,4.65e-06,5.75,46.50000000000001,-0.016790189007005244,4239893557398334.0,0.0,1.7328464556552643e+17,1.7328464556552643e+17,0.38412475130947193,-0.027763261015605816,0.027763261015605816,0.02684039022043689
nga_5e17,0.0,5e+17,deep,coupled_final,0.0,0.01,0.0,0.3,channel,0.000575,4.7250000000000005e-06,5.75,47.25000000000001,-0.013737585412371455,4771296846999193.0,0.0,1.7347304668010048e+17,1.7347304668010048e+17,0.3275360728106046,-0.027793446201964823,0.027793446201964823,0.026955715600178825
nga_5e17,0.0,5e+17,deep,coupled_final,0.0,0.01,0.0,0.3,channel,0.000575,4.8e-06,5.75,48.0,-0.010513734153089255,5404988255276156.0,0.0,1.7366370777578963e+17,1.7366370777578963e+17,0.27667415195857636,-0.027823993477217424,0.027823993477217424,0.027087791432182214
nga_5e17,0.0,5e+17,deep,coupled_final,0.0,0.01,0.0,0.3,channel,0.000575,4.875e-06,5.75,48.75,-0.007117796161156619,6163735614747178.0,0.0,1.7385561990638227e+17,1.7385561990638227e+17,0.23149932818265578,-0.027854741190359092,0.027854741190359092,0.027240103874369245
nga_5e17,0.0,5e+17,deep,coupled_final,0.0,0.01,0.0,0.3,channel,0.000575,4.95e-06,5.75,49.5,-0.0035488038068828653,7076205465828469.0,0.0,1.7404779067226998e+17,1.7404779067226998e+17,0.19184338442107737,-0.02788553034144341,0.02788553034144341,0.02741708681291676
nga_5e17,0.0,5e+17,deep,coupled_final,0.0,0.01,0.0,0.3,channel,0.000575,5.025e-06,5.75,50.25,0.00019436726926229413,8178674818285256.0,0.0,1.7423925282319456e+17,1.7423925282319456e+17,0.15743400886741554,-0.027916205959894084,0.027916205959894084,0.027624397494988167
nga_5e17,0.0,5e+17,deep,coupled_final,0.0,0.01,0.0,0.3,channel,0.000575,5.1e-06,5.75,51.0,0.004113034096721339,9517297529495970.0,0.0,1.744290727025689e+17,1.744290727025689e+17,0.12791961507613217,-0.02794661845743431,0.02794661845743431,0.027869280995492747
nga_5e17,0.0,5e+17,deep,coupled_final,0.0,0.01,0.0,0.3,channel,0.000575,5.1750000000000004e-06,5.75,51.75000000000001,0.00820875240227377,1.1151125039523698e+16,0.0,1.7461635842563552e+17,1.7461635842563552e+17,0.10289332387758662,-0.027976624938372222,0.027976624938372222,0.028161055502485946
nga_5e17,0.0,5e+17,deep,coupled_final,0.0,0.01,0.0,0.3,channel,0.000575,5.2500000000000006e-06,5.75,52.50000000000001,0.012483375807795339,1.3156161567376424e+16,0.0,1.7480026767520448e+17,1.7480026767520448e+17,0.08191513833759789,-0.02800609044861581,0.02800609044861581,0.02851176328025374
nga_5e17,0.0,5e+17,deep,coupled_final,0.0,0.01,0.0,0.3,channel,0.000575,5.325e-06,5.75,53.25,0.016939132333871995,1.5630850647712006e+16,0.0,1.7498001499556986e+17,1.7498001499556986e+17,0.06453159400339326,-0.028034889144287162,0.028034889144287162,0.028937050878017956
nga_5e17,0.0,5e+17,deep,coupled_final,0.0,0.01,0.0,0.3,channel,0.000575,5.4e-06,5.75,54.0,0.021578723801169576,1.870356182894627e+16,0.0,1.7515487847082163e+17,1.7515487847082163e+17,0.050292417054225165,-0.028062905361706005,0.028062905361706005,0.02945736970119721
nga_5e17,0.0,5e+17,deep,coupled_final,0.0,0.01,0.0,0.3,channel,0.0006000000000000001,3e-06,6.000000000000001,30.0,-0.041454974752988545,1616829815027181.0,0.0,1.7142835220198592e+17,1.7142835220198592e+17,1.3894711893745761,-0.027465850030314428,0.027465850030314428,0.026122718091393535
nga_5e17,0.0,5e+17,deep,coupled_final,0.0,0.01,0.0,0.3,channel,0.0006000000000000001,3.075e-06,6.000000000000001,30.750000000000004,-0.042076731493617306,1578407935293314.8,0.0,1.7137411370197933e+17,1.7137411370197933e+17,1.4342542250712422,-0.02745716006457705,0.02745716006457705,0.026107872261861762
nga_5e17,0.0,5e+17,deep,coupled_final,0.0,0.01,0.0,0.3,channel,0.0006000000000000001,3.1500000000000003e-06,6.000000000000001,31.500000000000004,-0.04253262685547284,1550816991172214.8,0.0,1.7133407902200438e+17,1.7133407902200438e+17,1.4679893554158663,-0.0274507458016965,0.0274507458016965,0.02609703744238313
nga_5e17,0.0,5e+17,deep,coupled_final,0.0,0.01,0.0,0.3,channel,0.0006000000000000001,3.225e-06,6.000000000000001,32.25,-0.042822729671389094,1533511502168215.0,0.0,1.71308486310873e+17,1.71308486310873e+17,1.4898610192110253,-0.027446645397318954,0.027446645397318954,0.026090164392993373
nga_5e17,0.0,5e+17,deep,coupled_final,0.0,0.01,0.0,0.3,channel,0.0006000000000000001,3.3e-06,6.000000000000001,33.0,-0.04294708360536579,1526152679776241.5,0.0,1.7129748789668448e+17,1.7129748789668448e+17,1.4993341908223847,-0.027444883257096566,0.027444883257096566,0.026087223239441966
nga_5e17,0.0,5e+17,deep,coupled_final,0.0,0.01,0.0,0.3,channel,0.0006000000000000001,3.3750000000000003e-06,6.000000000000001,33.75,-0.04290570734235726,1528597250866877.0,0.0,1.713011492626767e+17,1.713011492626767e+17,1.4961756307198477,-0.027445469872600693,0.027445469872600693,0.026088201518414247
nga_5e17,0.0,5e+17,deep,coupled_final,0.0,0.01,0.0,0.3,channel,0.0006000000000000001,3.45e-06,6.000000000000001,34.5,-0.04269859466745103,1540892757661138.8,0.0,1.7131944860816656e+17,1.7131944860816656e+17,1.4804632064932854,-0.027448401750976827,0.027448401750976827,0.026093103354159278
nga_5e17,0.0,5e+17,deep,coupled_final,0.0,0.01,0.0,0.3,channel,0.0006000000000000001,3.525e-06,6.000000000000001,35.25,-0.04232571443966672,1563279115568975.2,0.0,1.7135227699464125e+17,1.7135227699464125e+17,1.4525827772123892,-0.02745366143835099,0.02745366143835099,0.02610194973148947
nga_5e17,0.0,5e+17,deep,coupled_final,0.0,0.01,0.0,0.3,channel,0.0006000000000000001,3.6000000000000003e-06,6.000000000000001,36.0,-0.041787010458641125,1596196501303227.8,0.0,1.713994390769819e+17,1.713994390769819e+17,1.413212810837679,-0.02746121763698469,0.02746121763698469,0.02611477987675075
nga_5e17,0.0,5e+17,deep,coupled_final,0.0,0.01,0.0,0.3,channel,0.0006000000000000001,3.6750000000000004e-06,6.000000000000001,36.75000000000001,-0.04108240121542611,1640299939223268.5,0.0,1.7146065441968992e+17,1.7146065441968992e+17,1.3632975696909324,-0.0274710254161576,0.0274710254161576,0.026131653805695113
nga_5e17,0.0,5e+17,deep,coupled_final,0.0,0.01,0.0,0.3,channel,0.0006000000000000001,3.7500000000000005e-06,6.000000000000001,37.50000000000001,-0.04021177951121304,1696481271872029.0,0.0,1.7153555939768656e+17,1.7153555939768656e+17,1.3040103077173046,-0.02748302651670925,0.02748302651670925,0.026152656148090446
nga_5e17,0.0,5e+17,deep,coupled_final,0.0,0.01,0.0,0.3,channel,0.0006000000000000001,3.825000000000001e-06,6.000000000000001,38.25000000000001,-0.03917501191968607,1765899560930094.0,0.0,1.716237096806274e+17,1.716237096806274e+17,1.236708434931596,-0.02749714974907008,0.02749714974907008,0.026177901416521383
nga_5e17,0.0,5e+17,deep,coupled_final,0.0,0.01,0.0,0.3,channel,0.0006000000000000001,3.9e-06,6.000000000000001,39.0,-0.03797193805953228,1850021390372284.2,0.0,1.7172458329857696e+17,1.7172458329857696e+17,1.1628829863030545,-0.027513311484436663,0.027513311484436663,0.02620754095484213
nga_5e17,0.0,5e+17,deep,coupled_final,0.0,0.01,0.0,0.3,channel,0.0006000000000000001,3.975e-06,6.000000000000001,39.75,-0.036602369632965245,1950673062653570.8,0.0,1.7183758428519677e+17,1.7183758428519677e+17,1.0841049618907632,-0.027531416238474785,0.027531416238474785,0.02624177188463046
nga_5e17,0.0,5e+17,deep,coupled_final,0.0,0.01,0.0,0.3,channel,0.0006000000000000001,4.05e-06,6.000000000000001,40.5,-0.035066089173426414,2070107326931478.8,0.0,1.719620468922201e+17,1.719620468922201e+17,1.0019711715526558,-0.027551357346552733,0.027551357346552733,0.026280848471460918
nga_5e17,0.0,5e+17,deep,coupled_final,0.0,0.01,0.0,0.3,channel,0.0006000000000000001,4.125e-06,6.000000000000001,41.25,-0.03336284843025464,2211088101889498.2,0.0,1.7209724036585926e+17,1.7209724036585926e+17,0.9180521225119856,-0.02757301772900613,0.02757301772900613,0.02632509646426241
nga_5e17,0.0,5e+17,deep,coupled_final,0.0,0.01,0.0,0.3,channel,0.0006000000000000001,4.2000000000000004e-06,6.000000000000001,42.00000000000001,-0.03149236629922741,2376997715651501.0,0.0,1.722423742719123e+17,1.722423742719123e+17,0.8338442446370593,-0.02759627074431406,0.02759627074431406,0.026374931130222882
nga_5e17,0.0,5e+17,deep,coupled_final,0.0,0.01,0.0,0.3,channel,0.0006000000000000001,4.2750000000000006e-06,6.000000000000001,42.75000000000001,-0.02945432618439912,2571972563040961.5,0.0,1.7239660435173594e+17,1.7239660435173594e+17,0.7507283798045387,-0.027620981127329403,0.027620981127329403,0.026430879927708734
nga_5e17,0.0,5e+17,deep,coupled_final,0.0,0.01,0.0,0.3,channel,0.0006000000000000001,4.350000000000001e-06,6.000000000000001,43.50000000000001,-0.027248372647197174,2801074885942273.5,0.0,1.7255903888595453e+17,1.7255903888595453e+17,0.669935999477821,-0.02764700600885737,0.02764700600885737,0.026493611048091465
nga_5e17,0.0,5e+17,deep,coupled_final,0.0,0.01,0.0,0.3,channel,0.0006000000000000001,4.425e-06,6.000000000000001,44.25,-0.024874107161451636,3070510765261192.0,0.0,1.727287455367344e+17,1.727287455367344e+17,0.5925240952430623,-0.027674196011908764,0.027674196011908764,0.026563969438163457
nga_5e17,0.0,5e+17,deep,coupled_final,0.0,0.01,0.0,0.3,channel,0.0006000000000000001,4.5e-06,6.000000000000001,45.0,-0.02233108274551075,3387907577866689.0,0.0,1.7290475863250454e+17,1.7290475863250454e+17,0.5193591494186518,-0.027702396418840855,0.027702396418840855,0.02664302242078181
nga_5e17,0.0,5e+17,deep,coupled_final,0.0,0.01,0.0,0.3,channel,0.0006000000000000001,4.575e-06,6.000000000000001,45.75,-0.01961879718161794,3762668401866593.0,0.0,1.7308608685089914e+17,1.7308608685089914e+17,0.4511100749795472,-0.02773144840230052,0.02773144840230052,0.0267321177077966
nga_5e17,0.0,5e+17,deep,coupled_final,0.0,0.01,0.0,0.3,channel,0.0006000000000000001,4.65e-06,6.000000000000001,46.50000000000001,-0.016736684453998115,4206426542234386.0,0.0,1.7327172124633536e+17,1.7327172124633536e+17,0.3882495496277942,-0.027761190311383986,0.027761190311383986,0.026832957509244523
nga_5e17,0.0,5e+17,deep,coupled_final,0.0,0.01,0.0,0.3,channel,0.0006000000000000001,4.7250000000000005e-06,6.000000000000001,47.25000000000001,-0.013684103934843272,4733631048005746.0,0.0,1.7346064355838294e+17,1.7346064355838294e+17,0.33106278423479213,-0.027791459002784374,0.027791459002784374,0.026947693674693553
nga_5e17,0.0,5e+17,deep,coupled_final,0.0,0.01,0.0,0.3,channel,0.0006000000000000001,4.8e-06,6.000000000000001,48.0,-0.010460326713771484,5362304582099000.0,0.0,1.7365183472696992e+17,1.7365183472696992e+17,0.27966247799453975,-0.027822091205078097,0.027822091205078097,0.02707905048166111
nga_5e17,0.0,5e+17,deep,coupled_final,0.0,0.01,0.0,0.3,channel,0.0006000000000000001,4.875e-06,6.000000000000001,48.75,-0.007064518290693274,6115029397881469.0,0.0,1.738442835318986e+17,1.738442835318986e+17,0.23400852879476483,-0.02785292490292789,0.02785292490292789,0.027230483990678768
nga_5e17,0.0,5e+17,deep,coupled_final,0.0,0.01,0.0,0.3,channel,0.0006000000000000001,4.95e-06,6.000000000000001,49.5,-0.003495716619715024,7020237075064047.0,0.0,1.7403699526790234e+17,1.7403699526790234e+17,0.19393098714130863,-0.027883800726980167,0.027883800726980167,0.027406390073660976
nga_5e17,0.0,5e+17,deep,coupled_final,0.0,0.01,0.0,0.3,channel,0.0006000000000000001,5.025e-06,6.000000000000001,50.25,0.00024719581751018094,8113905402816439.0,0.0,1.7422900036165846e+17,1.7422900036165846e+17,0.15915475987713812,-0.027914563334462673,0.027914563334462673,0.02761237766515056
nga_5e17,0.0,5e+17,deep,coupled_final,0.0,0.01,0.0,0.3,channel,0.0006000000000000001,5.1e-06,6.000000000000001,51.0,0.004165527644928635,9441804802015152.0,0.0,1.7441936283142125e+17,1.7441936283142125e+17,0.1293246761709231,-0.027945062764567118,0.027945062764567118,0.02785563003422489
nga_5e17,0.0,5e+17,deep,coupled_final,0.0,0.01,0.0,0.3,channel,0.0006000000000000001,5.1750000000000004e-06,6.000000000000001,51.75000000000001,0.008260824226862952,1.1062492066819996e+16,0.0,1.7460718848167475e+17,1.7460718848167475e+17,0.10402970749877573,-0.02797515575137732,0.02797515575137732,0.028145385747704258
nga_5e17,0.0,5e+17,deep,coupled_final,0.0,0.01,0.0,0.3,channel,0.0006000000000000001,5.2500000000000006e-06,6.000000000000001,52.50000000000001,0.0125349263599435,1.3051328709567146e+16,0.0,1.747916327165451e+17,1.747916327165451e+17,0.08282536323765372,-0.028004706975715846,0.028004706975715846,0.02849358373182803
nga_5e17,0.0,5e+17,deep,coupled_final,0.0,0.01,0.0,0.3,channel,0.0006000000000000001,5.325e-06,6.000000000000001,53.25,0.016990046120223364,1.5505916675062004e+16,0.0,1.74971907852216e+17,1.74971907852216e+17,0.06525353708829118,-0.02803359023672216,0.02803359023672216,0.02891573534127569
nga_5e17,0.0,5e+17,deep,coupled_final,0.0,0.01,0.0,0.3,channel,0.0006000000000000001,5.4e-06,6.000000000000001,54.0,0.021628865405667115,1.855351415818471e+16,0.0,1.751472898139611e+17,1.751472898139611e+17,0.050859332520775465,-0.028061689524835464,0.028061689524835464,0.029432113577118637
nga_5e17,0.0,5e+17,deep,coupled_final,0.0,0.01,0.0,0.3,channel,0.000625,3e-06,6.25,30.0,-0.041410091910729134,1603403534481037.5,0.0,1.714095939261703e+17,1.714095939261703e+17,1.404840321188664,-0.027462844623193837,0.027462844623193837,0.02611756155697569
nga_5e17,0.0,5e+17,deep,coupled_final,0.0,0.01,0.0,0.3,channel,0.000625,3.075e-06,6.25,30.750000000000004,-0.04203110202288076,1565345920938137.8,0.0,1.7135527658683795e+17,1.7135527658683795e+17,1.4500548509647235,-0.0274541420260039,0.0274541420260039,0.02610276145786933
nga_5e17,0.0,5e+17,deep,coupled_final,0.0,0.01,0.0,0.3,channel,0.000625,3.1500000000000003e-06,6.25,31.500000000000004,-0.04248628322485039,1538025791197542.2,0.0,1.713151989586121e+17,1.713151989586121e+17,1.4841011326491724,-0.02744772088205494,0.02744772088205494,0.026091963146569547
nga_5e17,0.0,5e+17,deep,coupled_final,0.0,0.01,0.0,0.3,channel,0.000625,3.225e-06,6.25,32.25,-0.04277570411753867,1520903156357522.8,0.0,1.7128959922381987e+17,1.7128959922381987e+17,1.5061563404984961,-0.02744361935236287,0.02744361935236287,0.02608511826833216
nga_5e17,0.0,5e+17,deep,coupled_final,0.0,0.01,0.0,0.3,channel,0.000625,3.3e-06,6.25,33.0,-0.042899408185976505,1513642886668508.5,0.0,1.712786296095629e+17,1.712786296095629e+17,1.5156811414996703,-0.027441861826398222,0.027441861826398222,0.02608219751892228
nga_5e17,0.0,5e+17,deep,coupled_final,0.0,0.01,0.0,0.3,channel,0.000625,3.3750000000000003e-06,6.25,33.75,-0.042857413985492636,1516103658561501.5,0.0,1.712823553661481e+17,1.712823553661481e+17,1.512441109516739,-0.027442458758412697,0.027442458758412697,0.026083188710059612
nga_5e17,0.0,5e+17,deep,coupled_final,0.0,0.01,0.0,0.3,channel,0.000625,3.45e-06,6.25,34.5,-0.0426497152191449,1528333319722086.2,0.0,1.713007543304037e+17,1.713007543304037e+17,1.4965160902550159,-0.027445406597474714,0.027445406597474714,0.02608809595685695
nga_5e17,0.0,5e+17,deep,coupled_final,0.0,0.01,0.0,0.3,channel,0.000625,3.525e-06,6.25,35.25,-0.04227628071157722,1550570456578679.5,0.0,1.7133371707392416e+17,1.7133371707392416e+17,1.468297007717058,-0.02745068781122081,0.02745068781122081,0.02609693995271092
nga_5e17,0.0,5e+17,deep,coupled_final,0.0,0.01,0.0,0.3,channel,0.000625,3.6000000000000003e-06,6.25,36.0,-0.041737054277555995,1583252237044680.0,0.0,1.7138104763623174e+17,1.7138104763623174e+17,1.4284702860309617,-0.02745827100332114,0.02745827100332114,0.026109759343313263
nga_5e17,0.0,5e+17,deep,coupled_final,0.0,0.01,0.0,0.3,channel,0.000625,3.6750000000000004e-06,6.25,36.75000000000001,-0.041031954476456904,1627028894254252.2,0.0,1.714424648427513e+17,1.714424648427513e+17,1.3779907319223887,-0.027468111124642258,0.027468111124642258,0.02612661325836396
nga_5e17,0.0,5e+17,deep,coupled_final,0.0,0.01,0.0,0.3,channel,0.000625,3.7500000000000005e-06,6.25,37.50000000000001,-0.04016087423661827,1682785532255332.2,0.0,1.715176042072166e+17,1.715176042072166e+17,1.318044337242975,-0.02748014977804625,0.02748014977804625,0.026147585110027526
nga_5e17,0.0,5e+17,deep,coupled_final,0.0,0.01,0.0,0.3,channel,0.000625,3.825000000000001e-06,6.25,38.25000000000001,-0.0391236803254298,1751672291774904.2,0.0,1.716060204175173e+17,1.716060204175173e+17,1.2500029770319943,-0.027494315616667313,0.027494315616667313,0.026172787824298015
nga_5e17,0.0,5e+17,deep,coupled_final,0.0,0.01,0.0,0.3,channel,0.000625,3.9e-06,6.25,39.0,-0.0379202126319221,1835144336095931.0,0.0,1.7170719040291706e+17,1.7170719040291706e+17,1.1753733635787647,-0.027510524835334272,0.027510524835334272,0.02620237073886531
nga_5e17,0.0,5e+17,deep,coupled_final,0.0,0.01,0.0,0.3,channel,0.000625,3.975e-06,6.25,39.75,-0.03655028321803537,1935013631710003.0,0.0,1.718205169788974e+17,1.718205169788974e+17,1.0957428481997809,-0.02752868175453897,0.02752868175453897,0.026236528483258695
nga_5e17,0.0,5e+17,deep,coupled_final,0.0,0.01,0.0,0.3,channel,0.000625,4.05e-06,6.25,40.5,-0.03501367508215249,2053515141077455.2,0.0,1.7194533306351133e+17,1.7194533306351133e+17,1.0127247291477266,-0.027548679495970545,0.027548679495970545,0.026275512259630495
nga_5e17,0.0,5e+17,deep,coupled_final,0.0,0.01,0.0,0.3,channel,0.000625,4.125e-06,6.25,41.25,-0.033310140563230305,2193390861362947.2,0.0,1.720809064560097e+17,1.720809064560097e+17,0.9279056277765374,-0.027570400748135847,0.027570400748135847,0.02631964407286633
nga_5e17,0.0,5e+17,deep,coupled_final,0.0,0.01,0.0,0.3,channel,0.000625,4.2000000000000004e-06,6.25,42.00000000000001,-0.03143939929512647,2357996193862286.0,0.0,1.7222644516462262e+17,1.7222644516462262e+17,0.8427972491055116,-0.027593718619964062,0.027593718619964062,0.02636933462645077
nga_5e17,0.0,5e+17,deep,coupled_final,0.0,0.01,0.0,0.3,channel,0.000625,4.2750000000000006e-06,6.25,42.75000000000001,-0.02940113559743059,2551434494725850.0,0.0,1.7238110326577405e+17,1.7238110326577405e+17,0.758794470810164,-0.027618497579556426,0.027618497579556426,0.026425105818619562
nga_5e17,0.0,5e+17,deep,coupled_final,0.0,0.01,0.0,0.3,channel,0.000625,4.350000000000001e-06,6.25,43.50000000000001,-0.027194995159883398,2778727447406696.0,0.0,1.7254398727170832e+17,1.7254398727170832e+17,0.6771412379971724,-0.027644594474392447,0.027644594474392447,0.026487619059241393
nga_5e17,0.0,5e+17,deep,coupled_final,0.0,0.01,0.0,0.3,channel,0.000625,4.425e-06,6.25,44.25,-0.02482058084048884,3046031259120477.0,0.0,1.7271416297747712e+17,1.7271416297747712e+17,0.598905216805967,-0.02767185962833817,0.02767185962833817,0.026557711005317813
nga_5e17,0.0,5e+17,deep,coupled_final,0.0,0.01,0.0,0.3,channel,0.000625,4.5e-06,6.25,45.0,-0.022277447350293987,3360911820469421.0,0.0,1.7289066275130592e+17,1.7289066275130592e+17,0.5249616171609226,-0.02770013800969165,0.02770013800969165,0.026636438814460695
nga_5e17,0.0,5e+17,deep,coupled_final,0.0,0.01,0.0,0.3,channel,0.000625,4.575e-06,6.25,45.75,-0.01956509453734511,3732696159468233.0,0.0,1.7307249322428237e+17,1.7307249322428237e+17,0.4559860722099061,-0.02772927046320685,0.02772927046320685,0.026725137686059004
nga_5e17,0.0,5e+17,deep,coupled_final,0.0,0.01,0.0,0.3,channel,0.000625,4.65e-06,6.25,46.50000000000001,-0.0166829589042647,4172923158262441.5,0.0,1.7325864332595664e+17,1.7325864332595664e+17,0.3924559931844965,-0.027759094997538775,0.027759094997538775,0.026825494361503333
nga_5e17,0.0,5e+17,deep,coupled_final,0.0,0.01,0.0,0.3,channel,0.000625,4.7250000000000005e-06,6.25,47.25000000000001,-0.013630402892508253,4695924129159187.0,0.0,1.7344809260214662e+17,1.7344809260214662e+17,0.3346594302505407,-0.027789448117902755,0.027789448117902755,0.026939641475380322
nga_5e17,0.0,5e+17,deep,coupled_final,0.0,0.01,0.0,0.3,channel,0.000625,4.8e-06,6.25,48.0,-0.010406701333894614,5319574238293608.0,0.0,1.736398197410259e+17,1.736398197410259e+17,0.2827101794967851,-0.02782016619210436,0.02782016619210436,0.027070279312846595
nga_5e17,0.0,5e+17,deep,coupled_final,0.0,0.01,0.0,0.3,channel,0.000625,4.875e-06,6.25,48.75,-0.007011024295894045,6066270021226713.0,0.0,1.7383281122486688e+17,1.7383281122486688e+17,0.23656769089305116,-0.027851086836701462,0.027851086836701462,0.027220833811055875
nga_5e17,0.0,5e+17,deep,coupled_final,0.0,0.01,0.0,0.3,channel,0.000625,4.95e-06,6.25,49.5,-0.0034424153169032097,6964207939854689.0,0.0,1.7402607001848362e+17,1.7402607001848362e+17,0.19606025130237223,-0.02788205030904624,0.02788205030904624,0.027395662798601485
nga_5e17,0.0,5e+17,deep,coupled_final,0.0,0.01,0.0,0.3,channel,0.000625,5.025e-06,6.25,50.25,0.00030023627871755696,8049066389702021.0,0.0,1.7421862420065306e+17,1.7421862420065306e+17,0.1609099346735213,-0.027912900890191324,0.027912900890191324,0.027600326865700853
nga_5e17,0.0,5e+17,deep,coupled_final,0.0,0.01,0.0,0.3,channel,0.000625,5.1e-06,6.25,51.0,0.004218230706662419,9366232173375972.0,0.0,1.744095354392055e+17,1.744095354392055e+17,0.13075791852558816,-0.027943488242748997,0.027943488242748997,0.0278419474424292
nga_5e17,0.0,5e+17,deep,coupled_final,0.0,0.01,0.0,0.3,channel,0.000625,5.1750000000000004e-06,6.25,51.75000000000001,0.008313102964598373,1.0973767264366258e+16,0.0,1.7459790720232387e+17,1.7459790720232387e+17,0.10518894650537622,-0.02797366872648636,0.02797366872648636,0.028129683442278536
nga_5e17,0.0,5e+17,deep,coupled_final,0.0,0.01,0.0,0.3,channel,0.000625,5.2500000000000006e-06,6.25,52.50000000000001,0.012586681018064975,1.2946390331307058e+16,0.0,1.747828925898037e+17,1.747828925898037e+17,0.08375394882528436,-0.028003306653031523,0.028003306653031523,0.028475370427377893
nga_5e17,0.0,5e+17,deep,coupled_final,0.0,0.01,0.0,0.3,channel,0.000625,5.325e-06,6.25,53.25,0.017041160990924772,1.5380861686868076e+16,0.0,1.7496370166417328e+17,1.7496370166417328e+17,0.06599008862396143,-0.028032275460448532,0.028032275460448532,0.028894384546997116
nga_5e17,0.0,5e+17,deep,coupled_final,0.0,0.01,0.0,0.3,channel,0.000625,5.4e-06,6.25,54.0,0.021679204848902088,1.84033283276682e+16,0.0,1.7513960816667706e+17,1.7513960816667706e+17,0.05143775792557251,-0.028060458789256552,0.028060458789256552,0.02940682041869858
nga_5e17,0.0,5e+17,deep,coupled_final,0.0,0.01,0.0,0.3,channel,0.0006500000000000001,3e-06,6.500000000000001,30.0,-0.0413650058314065,1589970932668430.5,0.0,1.7139061832648976e+17,1.7139061832648976e+17,1.4205153213233994,-0.027459804396951407,0.027459804396951407,0.02611236919065746
nga_5e17,0.0,5e+17,deep,coupled_final,0.0,0.01,0.0,0.3,channel,0.0006500000000000001,3.075e-06,6.500000000000001,30.750000000000004,-0.041985265973878055,1552277179986118.8,0.0,1.7133622123447683e+17,1.7133622123447683e+17,1.4661694745339287,-0.02745108902197334,0.02745108902197334,0.026097614610699857
nga_5e17,0.0,5e+17,deep,coupled_final,0.0,0.01,0.0,0.3,channel,0.0006500000000000001,3.1500000000000003e-06,6.500000000000001,31.500000000000004,-0.04243972990373936,1525227457554118.8,0.0,1.7129610012506922e+17,1.7129610012506922e+17,1.500532675138995,-0.027444660911571037,0.027444660911571037,0.02608685265697388
nga_5e17,0.0,5e+17,deep,coupled_final,0.0,0.01,0.0,0.3,channel,0.0006500000000000001,3.225e-06,6.500000000000001,32.25,-0.04272846599091457,1508287258030872.8,0.0,1.7127049321475178e+17,1.7127049321475178e+17,1.522774700720183,-0.027440558232233084,0.027440558232233084,0.026080035858450784
nga_5e17,0.0,5e+17,deep,coupled_final,0.0,0.01,0.0,0.3,channel,0.0006500000000000001,3.3e-06,6.500000000000001,33.0,-0.04285151754204669,1501125100974047.8,0.0,1.7125955262914176e+17,1.7125955262914176e+17,1.532351835590304,-0.02743880535717042,0.02743880535717042,0.026077135479319568
nga_5e17,0.0,5e+17,deep,coupled_final,0.0,0.01,0.0,0.3,channel,0.0006500000000000001,3.3750000000000003e-06,6.500000000000001,33.75,-0.04280890298305398,1503601603149769.2,0.0,1.7126334338401818e+17,1.7126334338401818e+17,1.5290284513437045,-0.02743941270305924,0.02743941270305924,0.026078139604600387
nga_5e17,0.0,5e+17,deep,coupled_final,0.0,0.01,0.0,0.3,channel,0.0006500000000000001,3.45e-06,6.500000000000001,34.5,-0.04260061593482499,1515764908377072.0,0.0,1.7128184295102586e+17,1.7128184295102586e+17,1.5128864163278073,-0.027442376660459122,0.027442376660459122,0.026083052338343012
nga_5e17,0.0,5e+17,deep,coupled_final,0.0,0.01,0.0,0.3,channel,0.0006500000000000001,3.525e-06,6.500000000000001,35.25,-0.04222662518714581,1537852264353962.5,0.0,1.7131494140808e+17,1.7131494140808e+17,1.4843218224877948,-0.027447679617910482,0.027447679617910482,0.02609189408035967
nga_5e17,0.0,5e+17,deep,coupled_final,0.0,0.01,0.0,0.3,channel,0.0006500000000000001,3.6000000000000003e-06,6.500000000000001,36.0,-0.04168687456910159,1570297819717839.0,0.0,1.7136244217446656e+17,1.7136244217446656e+17,1.4440292077273775,-0.027455290079710645,0.027455290079710645,0.02610470289322795
nga_5e17,0.0,5e+17,deep,coupled_final,0.0,0.01,0.0,0.3,channel,0.0006500000000000001,3.6750000000000004e-06,6.500000000000001,36.75000000000001,-0.0409812827072678,1613747004851855.0,0.0,1.714240633305599e+17,1.714240633305599e+17,1.392974129519258,-0.02746516287735593,0.02746516287735593,0.02612153701779204
nga_5e17,0.0,5e+17,deep,coupled_final,0.0,0.01,0.0,0.3,channel,0.0006500000000000001,3.7500000000000005e-06,6.500000000000001,37.50000000000001,-0.04010974265571048,1669078172387382.8,0.0,1.7149943952182624e+17,1.7149943952182624e+17,1.3323555651546442,-0.027477239474596613,0.027477239474596613,0.026142478645408463
nga_5e17,0.0,5e+17,deep,coupled_final,0.0,0.01,0.0,0.3,channel,0.0006500000000000001,3.825000000000001e-06,6.500000000000001,38.25000000000001,-0.03907212137383062,1737432527395445.2,0.0,1.7158812444618864e+17,1.7158812444618864e+17,1.263560134568016,-0.02749144836595676,0.02749144836595676,0.026167639111811216
nga_5e17,0.0,5e+17,deep,coupled_final,0.0,0.01,0.0,0.3,channel,0.0006500000000000001,3.9e-06,6.500000000000001,39.0,-0.037868259019056535,1820253795546075.0,0.0,1.7168959392277197e+17,1.7168959392277197e+17,1.18811052984775,-0.027507705568401365,0.027507705568401365,0.026197165744318737
nga_5e17,0.0,5e+17,deep,coupled_final,0.0,0.01,0.0,0.3,channel,0.0006500000000000001,3.975e-06,6.500000000000001,39.75,-0.036497968010884285,1919339587721241.2,0.0,1.7180324953838432e+17,1.7180324953838432e+17,1.1076107685074288,-0.02752591520556706,0.02752591520556706,0.02623125067558288
nga_5e17,0.0,5e+17,deep,coupled_final,0.0,0.01,0.0,0.3,channel,0.0006500000000000001,4.05e-06,6.500000000000001,40.5,-0.03496103181027321,2036907056720331.2,0.0,1.719284228657322e+17,1.719284228657322e+17,1.023690954489727,-0.027545970183594743,0.027545970183594743,0.026270142038785443
nga_5e17,0.0,5e+17,deep,coupled_final,0.0,0.01,0.0,0.3,channel,0.0006500000000000001,4.125e-06,6.500000000000001,41.25,-0.03325720334327421,2175676251210475.5,0.0,1.720643802442509e+17,1.720643802442509e+17,0.9379541333038475,-0.027567752957103002,0.027567752957103002,0.026314158088386812
nga_5e17,0.0,5e+17,deep,coupled_final,0.0,0.01,0.0,0.3,channel,0.0006500000000000001,4.2000000000000004e-06,6.500000000000001,42.00000000000001,-0.03138620297918269,2338975613842224.0,0.0,1.722103281105511e+17,1.722103281105511e+17,0.8519275791163274,-0.027591136383219833,0.027591136383219833,0.026363704956819216
nga_5e17,0.0,5e+17,deep,coupled_final,0.0,0.01,0.0,0.3,channel,0.0006500000000000001,4.2750000000000006e-06,6.500000000000001,42.75000000000001,-0.02934771595040936,2530875424465191.0,0.0,1.7236541886087043e+17,1.7236541886087043e+17,0.767020475804874,-0.02761598466085095,0.02761598466085095,0.026419298973715245
nga_5e17,0.0,5e+17,deep,coupled_final,0.0,0.01,0.0,0.3,channel,0.0006500000000000001,4.350000000000001e-06,6.500000000000001,43.50000000000001,-0.027141389072276246,2756356763520241.5,0.0,1.725287572226217e+17,1.725287572226217e+17,0.6844894828049432,-0.02764215435151432,0.02764215435151432,0.026481594757662322
nga_5e17,0.0,5e+17,deep,coupled_final,0.0,0.01,0.0,0.3,channel,0.0006500000000000001,4.425e-06,6.500000000000001,44.25,-0.024766826584273337,3021525911666057.5,0.0,1.7269940710610234e+17,1.7269940710610234e+17,0.6054131472516656,-0.02766949547710507,0.02766949547710507,0.02655142066457476
nga_5e17,0.0,5e+17,deep,coupled_final,0.0,0.01,0.0,0.3,channel,0.0006500000000000001,4.5e-06,6.500000000000001,45.0,-0.022223584887574657,3333887210550896.5,0.0,1.7287639890052304e+17,1.7287639890052304e+17,0.5306755760186423,-0.02769785268884813,0.02769785268884813,0.026629823673761734
nga_5e17,0.0,5e+17,deep,coupled_final,0.0,0.01,0.0,0.3,channel,0.0006500000000000001,4.575e-06,6.500000000000001,45.75,-0.01951116589365637,3702691563858886.5,0.0,1.7305873717046726e+17,1.7305873717046726e+17,0.46095925346211497,-0.027727066500406992,0.027727066500406992,0.026718126457059354
nga_5e17,0.0,5e+17,deep,coupled_final,0.0,0.01,0.0,0.3,channel,0.0006500000000000001,4.65e-06,6.500000000000001,46.50000000000001,-0.016629008621460408,4139383343233960.0,0.0,1.7324540869954966e+17,1.7324540869954966e+17,0.3967464174020158,-0.027756974576619877,0.027756974576619877,0.026818000269789703
nga_5e17,0.0,5e+17,deep,coupled_final,0.0,0.01,0.0,0.3,channel,0.0006500000000000001,4.7250000000000005e-06,6.500000000000001,47.25000000000001,-0.013576478580033097,4658176021203453.0,0.0,1.7343539081771123e+17,1.7343539081771123e+17,0.3383280140698593,-0.027787413067679508,0.027787413067679508,0.026931558511502633
nga_5e17,0.0,5e+17,deep,coupled_final,0.0,0.01,0.0,0.3,channel,0.0006500000000000001,4.8e-06,6.500000000000001,48.0,-0.010352854342254286,5276797146902209.0,0.0,1.736276599382696e+17,1.736276599382696e+17,0.28581895974483873,-0.027818217976919343,0.027818217976919343,0.0270614774520318
nga_5e17,0.0,5e+17,deep,coupled_final,0.0,0.01,0.0,0.3,channel,0.0006500000000000001,4.875e-06,6.500000000000001,48.75,-0.00695731054269296,6017457399463067.0,0.0,1.7382120022199766e+17,1.7382120022199766e+17,0.2391782499729689,-0.027849226548952024,0.027849226548952024,0.02721115287910304
nga_5e17,0.0,5e+17,deep,coupled_final,0.0,0.01,0.0,0.3,channel,0.0006500000000000001,4.95e-06,6.500000000000001,49.5,-0.003388896304419336,6908117965968953.0,0.0,1.7401501227908534e+17,1.7401501227908534e+17,0.1982323759402259,-0.02788027866387736,0.02788027866387736,0.027384904548876467
nga_5e17,0.0,5e+17,deep,coupled_final,0.0,0.01,0.0,0.3,channel,0.0006500000000000001,5.025e-06,6.500000000000001,50.25,0.00035349220408653414,7984157675485138.0,0.0,1.7420812181511443e+17,1.7420812181511443e+17,0.1627005257617329,-0.027911218222520198,0.027911218222520198,0.027588244675503606
nga_5e17,0.0,5e+17,deep,coupled_final,0.0,0.01,0.0,0.3,channel,0.0006500000000000001,5.1e-06,6.500000000000001,51.0,0.004271146787623357,9290579531016138.0,0.0,1.743995881217554e+17,1.743995881217554e+17,0.13222015620088262,-0.027941894506790042,0.027941894506790042,0.027828232816881314
nga_5e17,0.0,5e+17,deep,coupled_final,0.0,0.01,0.0,0.3,channel,0.0006500000000000001,5.1750000000000004e-06,6.500000000000001,51.75000000000001,0.008365592073117562,1.08849505113581e+16,0.0,1.7458851230486768e+17,1.7458851230486768e+17,0.10637170243524127,-0.027972163497968047,0.027972163497968047,0.02811394820112248
nga_5e17,0.0,5e+17,deep,coupled_final,0.0,0.01,0.0,0.3,channel,0.0006500000000000001,5.2500000000000006e-06,6.500000000000001,52.50000000000001,0.01263864318928771,1.284134630563395e+16,0.0,1.7477404513378227e+17,1.7477404513378227e+17,0.08470142766681875,-0.028001889134300736,0.028001889134300736,0.02845712300029963
nga_5e17,0.0,5e+17,deep,coupled_final,0.0,0.01,0.0,0.3,channel,0.0006500000000000001,5.325e-06,6.500000000000001,53.25,0.017092480300265535,1.5255685554044682e+16,0.0,1.7495539439133568e+17,1.7495539439133568e+17,0.06674167328693471,-0.028030944488605266,0.028030944488605266,0.02887299814763944
nga_5e17,0.0,5e+17,deep,coupled_final,0.0,0.01,0.0,0.3,channel,0.0006500000000000001,5.4e-06,6.500000000000001,54.0,0.021729745430117246,1.825300421327432e+16,0.0,1.7513183160904016e+17,1.7513183160904016e+17,0.05202802865856908,-0.028059212847362677,0.028059212847362677,0.029381489898443844
nga_5e17,0.0,5e+17,deep,coupled_final,0.0,0.01,0.0,0.3,channel,0.000675,3e-06,6.75,30.0,-0.04131971295938312,1576532011894442.8,0.0,1.713714210407569e+17,1.713714210407569e+17,1.4365049805249348,-0.027456728652687664,0.027456728652687664,0.02610714029390869
nga_5e17,0.0,5e+17,deep,coupled_final,0.0,0.01,0.0,0.3,channel,0.000675,3.075e-06,6.75,30.750000000000004,-0.041939219732745,1539201712517201.2,0.0,1.7131694326609194e+17,1.7131694326609194e+17,1.482607111376288,-0.027448000350923613,0.027448000350923613,0.0260924310188044
nga_5e17,0.0,5e+17,deep,coupled_final,0.0,0.01,0.0,0.3,channel,0.000675,3.1500000000000003e-06,6.75,31.500000000000004,-0.042392963224505816,1512421988264214.0,0.0,1.7127677813312646e+17,1.7127677813312646e+17,1.5172931561783076,-0.027441565187169736,0.027441565187169736,0.02608170527020421
nga_5e17,0.0,5e+17,deep,coupled_final,0.0,0.01,0.0,0.3,channel,0.000675,3.225e-06,6.75,32.25,-0.04268101157458175,1495663803277840.5,0.0,1.712511638931495e+17,1.712511638931495e+17,1.5397253601475507,-0.02743746133349086,0.02743746133349086,0.02607491645928399
nga_5e17,0.0,5e+17,deep,coupled_final,0.0,0.01,0.0,0.3,channel,0.000675,3.3e-06,6.75,33.0,-0.04280340791181307,1488599316937013.0,0.0,1.7124025256979402e+17,1.7124025256979402e+17,1.5493555476571725,-0.02743571314675824,0.02743571314675824,0.026072036417056726
nga_5e17,0.0,5e+17,deep,coupled_final,0.0,0.01,0.0,0.3,channel,0.000675,3.3750000000000003e-06,6.75,33.75,-0.042760170532919625,1491091077083581.0,0.0,1.7124410894268352e+17,1.7124410894268352e+17,1.545946872061316,-0.027436331005811797,0.027436331005811797,0.026073053500098718
nga_5e17,0.0,5e+17,deep,coupled_final,0.0,0.01,0.0,0.3,channel,0.000675,3.45e-06,6.75,34.5,-0.04255129297647064,1503187514307396.8,0.0,1.7126271011553677e+17,1.7126271011553677e+17,1.5295832702434196,-0.027439311242262843,0.027439311242262843,0.026077971799457228
nga_5e17,0.0,5e+17,deep,coupled_final,0.0,0.01,0.0,0.3,channel,0.000675,3.525e-06,6.75,35.25,-0.04217674399689458,1525124527797362.0,0.0,1.71295945668739e+17,1.71295945668739e+17,1.5006661080906427,-0.027444636164938713,0.027444636164938713,0.026086811419176438
nga_5e17,0.0,5e+17,deep,coupled_final,0.0,0.01,0.0,0.3,channel,0.000675,3.6000000000000003e-06,6.75,36.0,-0.041636467436759694,1557333236409414.0,0.0,1.7134361839638064e+17,1.7134361839638064e+17,1.4598981993913784,-0.02745227417796936,0.02745227417796936,0.026099609836242033
nga_5e17,0.0,5e+17,deep,coupled_final,0.0,0.01,0.0,0.3,channel,0.000675,3.6750000000000004e-06,6.75,36.75000000000001,-0.04093038198868547,1600454256221182.5,0.0,1.7140544562771302e+17,1.7140544562771302e+17,1.4082560645562443,-0.027462179992507926,0.027462179992507926,0.026116424399818268
nga_5e17,0.0,5e+17,deep,coupled_final,0.0,0.01,0.0,0.3,channel,0.000675,3.7500000000000005e-06,6.75,37.50000000000001,-0.04005838083100765,1655359175496721.5,0.0,1.7148106113273805e+17,1.7148106113273805e+17,1.3469519208331697,-0.027474294932039844,0.027474294932039844,0.026137336077225685
nga_5e17,0.0,5e+17,deep,coupled_final,0.0,0.01,0.0,0.3,channel,0.000675,3.825000000000001e-06,6.75,38.25000000000001,-0.039020331113398865,1723180248918442.5,0.0,1.7157001761107664e+17,1.7157001761107664e+17,1.27738742079728,-0.02748854733114355,0.02748854733114355,0.02616245461024229
nga_5e17,0.0,5e+17,deep,coupled_final,0.0,0.01,0.0,0.3,channel,0.000675,3.9e-06,6.75,39.0,-0.03781607325968727,1805349747590386.8,0.0,1.7167178976222355e+17,1.7167178976222355e+17,1.2011015473111606,-0.0275048530273995,0.0275048530273995,0.026191925311578212
nga_5e17,0.0,5e+17,deep,coupled_final,0.0,0.01,0.0,0.3,channel,0.000675,3.975e-06,6.75,39.75,-0.03644542004469559,1903650907104396.5,0.0,1.717857779336468e+17,1.717857779336468e+17,1.1197153078625386,-0.027523115945880167,0.027523115945880167,0.02622593781214572
nga_5e17,0.0,5e+17,deep,coupled_final,0.0,0.01,0.0,0.3,channel,0.000675,4.05e-06,6.75,40.5,-0.03490815538953008,2020283047598092.0,0.0,1.719113123408464e+17,1.719113123408464e+17,1.034875938279189,-0.027543228775277994,0.027543228775277994,0.02626473717057079
nga_5e17,0.0,5e+17,deep,coupled_final,0.0,0.01,0.0,0.3,channel,0.000675,4.125e-06,6.75,41.25,-0.03320403280474119,2157944242222051.8,0.0,1.7204765785037376e+17,1.7204765785037376e+17,0.9482032269471031,-0.027565073734229548,0.027565073734229548,0.02630863788446585
nga_5e17,0.0,5e+17,deep,coupled_final,0.0,0.01,0.0,0.3,channel,0.000675,4.2000000000000004e-06,6.75,42.00000000000001,-0.03133277339234354,2319935943120456.5,0.0,1.721940193129315e+17,1.721940193129315e+17,0.8612403194286282,-0.027588523425772355,0.027588523425772355,0.026358041507816787
nga_5e17,0.0,5e+17,deep,coupled_final,0.0,0.01,0.0,0.3,channel,0.000675,4.2750000000000006e-06,6.75,42.75000000000001,-0.029294063294773142,2510295316166808.0,0.0,1.7234954742905907e+17,1.7234954742905907e+17,0.7754109838054531,-0.02761344177713132,0.02761344177713132,0.02641345879313153
nga_5e17,0.0,5e+17,deep,coupled_final,0.0,0.01,0.0,0.3,channel,0.000675,4.350000000000001e-06,6.75,43.50000000000001,-0.027087550450114604,2733962794157685.0,0.0,1.7251334512460486e+17,1.7251334512460486e+17,0.6919848413015568,-0.02763968506118197,0.02763968506118197,0.026475537557884454
nga_5e17,0.0,5e+17,deep,coupled_final,0.0,0.01,0.0,0.3,channel,0.000675,4.425e-06,6.75,44.25,-0.024712840476564656,2996994678273826.0,0.0,1.726844744071682e+17,1.726844744071682e+17,0.6120515323132342,-0.027667102994973585,0.027667102994973585,0.026545097845548853
nga_5e17,0.0,5e+17,deep,coupled_final,0.0,0.01,0.0,0.3,channel,0.000675,4.5e-06,6.75,45.0,-0.02216949146275659,3306833698466895.0,0.0,1.7286196366780765e+17,1.7286196366780765e+17,0.5365042347968602,-0.027695539909591834,0.027695539909591834,0.02662317644401258
nga_5e17,0.0,5e+17,deep,coupled_final,0.0,0.01,0.0,0.3,channel,0.000675,4.575e-06,6.75,45.75,-0.019457007381123683,3672654559799176.0,0.0,1.7304481538429578e+17,1.7304481538429578e+17,0.4660324190739962,-0.027724835984356242,0.027724835984356242,0.026711083482402618
nga_5e17,0.0,5e+17,deep,coupled_final,0.0,0.01,0.0,0.3,channel,0.000675,4.65e-06,6.75,46.50000000000001,-0.01657482976474575,4105807035692102.0,0.0,1.73232014172872e+17,1.73232014172872e+17,0.40112324527141374,-0.027754828536853234,0.027754828536853234,0.0268104747124831
nga_5e17,0.0,5e+17,deep,coupled_final,0.0,0.01,0.0,0.3,channel,0.000675,4.7250000000000005e-06,6.75,47.25000000000001,-0.013522327188480725,4620386655809382.0,0.0,1.7342253512508195e+17,1.7342253512508195e+17,0.3420706141008877,-0.027785353358645057,0.027785353358645057,0.026923444278643374
nga_5e17,0.0,5e+17,deep,coupled_final,0.0,0.01,0.0,0.3,channel,0.000675,4.8e-06,6.75,48.0,-0.010298781965020378,5233973232063633.0,0.0,1.736153523558701e+17,1.736153523558701e+17,0.2889905860322554,-0.02781624608482519,0.02781624608482519,0.027052644412364577
nga_5e17,0.0,5e+17,deep,coupled_final,0.0,0.01,0.0,0.3,channel,0.000675,4.875e-06,6.75,48.75,-0.0069033732954598345,5968591448581060.0,0.0,1.7380944768010352e+17,1.7380944768010352e+17,0.24184169554891505,-0.027847343584150735,0.027847343584150735,0.027201440725831614
nga_5e17,0.0,5e+17,deep,coupled_final,0.0,0.01,0.0,0.3,channel,0.000675,4.95e-06,6.75,49.5,-0.003335155887812634,6851967060756148.0,0.0,1.740038193281874e+17,1.740038193281874e+17,0.20044860527280217,-0.02787848535543794,0.02787848535543794,0.027374114873606057
nga_5e17,0.0,5e+17,deep,coupled_final,0.0,0.01,0.0,0.3,channel,0.000675,5.025e-06,6.75,50.25,0.00040696724402402467,7919179158633199.0,0.0,1.7419749060674282e+17,1.7419749060674282e+17,0.164527563100082,-0.02790951491515578,0.02790951491515578,0.027576130661997968
nga_5e17,0.0,5e+17,deep,coupled_final,0.0,0.01,0.0,0.3,channel,0.000675,5.1e-06,6.75,51.0,0.004324279491426442,9214846764736212.0,0.0,1.7438951840506102e+17,1.7438951840506102e+17,0.13371223402344007,-0.02794028116031017,0.02794028116031017,0.027814485743545257
nga_5e17,0.0,5e+17,deep,coupled_final,0.0,0.01,0.0,0.3,channel,0.000675,5.1750000000000004e-06,6.75,51.75000000000001,0.008418295106613221,1.0796041689916714e+16,0.0,1.7457900144016266e+17,1.7457900144016266e+17,0.10757866186770958,-0.027970639689448094,0.027970639689448094,0.028098179628975536
nga_5e17,0.0,5e+17,deep,coupled_final,0.0,0.01,0.0,0.3,channel,0.000675,5.2500000000000006e-06,6.75,52.50000000000001,0.012690816375871015,1.2736196509236944e+16,0.0,1.7476508812428026e+17,1.7476508812428026e+17,0.0856683525219586,-0.02800045406316727,0.02800045406316727,0.028438841074480446
nga_5e17,0.0,5e+17,deep,coupled_final,0.0,0.01,0.0,0.3,channel,0.000675,5.325e-06,6.75,53.25,0.01714400749618214,1.5130388152098552e+16,0.0,1.749469839340178e+17,1.749469839340178e+17,0.06750873188471807,-0.02802959698478567,0.02802959698478567,0.028851575786849944
nga_5e17,0.0,5e+17,deep,coupled_final,0.0,0.01,0.0,0.3,channel,0.000675,5.4e-06,6.75,54.0,0.021780490540662313,1.8102541696699084e+16,0.0,1.75123958164947e+17,1.75123958164947e+17,0.05263049287286937,-0.028057951382547158,0.028057951382547158,0.029356121680793355
nga_5e17,0.0,5e+17,deep,coupled_final,0.0,0.01,0.0,0.3,channel,0.0007,3e-06,7.0,30.0,-0.041274209638391894,1563086774957771.0,0.0,1.7135199758132125e+17,1.7135199758132125e+17,1.4528184208872077,-0.02745361667140174,0.02745361667140174,0.026101874148176912
nga_5e17,0.0,5e+17,deep,coupled_final,0.0,0.01,0.0,0.3,channel,0.0007,3.075e-06,7.0,30.750000000000004,-0.04189295958334072,1526119519067574.2,0.0,1.7129743817698848e+17,1.7129743817698848e+17,1.499377116653061,-0.02744487529112305,0.02744487529112305,0.026087209960537188
nga_5e17,0.0,5e+17,deep,coupled_final,0.0,0.01,0.0,0.3,channel,0.0007,3.1500000000000003e-06,7.0,31.500000000000004,-0.04234597941571973,1499609381774714.5,0.0,1.712572284684121e+17,1.712572284684121e+17,1.534392094330858,-0.027438432985568945,0.027438432985568945,0.026076520262729608
nga_5e17,0.0,5e+17,deep,coupled_final,0.0,0.01,0.0,0.3,channel,0.0007,3.225e-06,7.0,32.25,-0.04263333704641758,1483032788586043.2,0.0,1.7123160674233594e+17,1.7123160674233594e+17,1.5570179273932945,-0.027434327932484747,0.027434327932484747,0.02606975934661759
nga_5e17,0.0,5e+17,deep,coupled_final,0.0,0.01,0.0,0.3,channel,0.0007,3.3e-06,7.0,33.0,-0.04275507542706136,1476065529177538.8,0.0,1.7122072491989456e+17,1.7122072491989456e+17,1.566701900969673,-0.027432584472319655,0.027432584472319655,0.026066899608429766
nga_5e17,0.0,5e+17,deep,coupled_final,0.0,0.01,0.0,0.3,channel,0.0007,3.3750000000000003e-06,7.0,33.75,-0.042711212725381295,1478572073172848.2,0.0,1.7122464754289696e+17,1.7122464754289696e+17,1.5632059338893103,-0.0274332129458115,0.0274332129458115,0.02606792967454375
nga_5e17,0.0,5e+17,deep,coupled_final,0.0,0.01,0.0,0.3,channel,0.0007,3.45e-06,7.0,34.5,-0.04250174239746648,1490601128538176.5,0.0,1.7124335134434442e+17,1.7124335134434442e+17,1.5466160788867762,-0.02743620962517611,0.02743620962517611,0.026072853621051897
nga_5e17,0.0,5e+17,deep,coupled_final,0.0,0.01,0.0,0.3,channel,0.0007,3.525e-06,7.0,35.25,-0.04212663316186982,1512387236144596.5,0.0,1.7127672540317514e+17,1.7127672540317514e+17,1.5173390848935833,-0.02744155673890014,0.02744155673890014,0.026081691254031213
nga_5e17,0.0,5e+17,deep,coupled_final,0.0,0.01,0.0,0.3,channel,0.0007,3.6000000000000003e-06,7.0,36.0,-0.041585828873781455,1544358474532097.5,0.0,1.7132457188324118e+17,1.7132457188324118e+17,1.4760862083616177,-0.02744922259013824,0.02744922259013824,0.02609447946237976
nga_5e17,0.0,5e+17,deep,coupled_final,0.0,0.01,0.0,0.3,channel,0.0007,3.6750000000000004e-06,7.0,36.75000000000001,-0.04087924829067636,1587150633889531.8,0.0,1.713866073564969e+17,1.713866073564969e+17,1.4238451508959082,-0.02745916176871118,0.02745916176871118,0.026111274700736792
nga_5e17,0.0,5e+17,deep,coupled_final,0.0,0.01,0.0,0.3,channel,0.0007,3.7500000000000005e-06,7.0,37.50000000000001,-0.04000678471366219,1641628525133764.8,0.0,1.7146246471016352e+17,1.7146246471016352e+17,1.3618416314616435,-0.027471315456667356,0.027471315456667356,0.026132156709135074
nga_5e17,0.0,5e+17,deep,coupled_final,0.0,0.01,0.0,0.3,channel,0.0007,3.825000000000001e-06,7.0,38.25000000000001,-0.038968305480896755,1708915437795824.0,0.0,1.7155169563708666e+17,1.7155169563708666e+17,1.291492631186532,-0.027485611827281996,0.027485611827281996,0.026157233631673833
nga_5e17,0.0,5e+17,deep,coupled_final,0.0,0.01,0.0,0.3,channel,0.0007,3.9e-06,7.0,39.0,-0.037763651280556636,1790432171428989.2,0.0,1.716537737074818e+17,1.716537737074818e+17,1.2143537434930383,-0.027501966537205085,0.027501966537205085,0.02618664876218763
nga_5e17,0.0,5e+17,deep,coupled_final,0.0,0.01,0.0,0.3,channel,0.0007,3.975e-06,7.0,39.75,-0.03639263524050198,1887947566620618.5,0.0,1.71768098018633e+17,1.71768098018633e+17,1.1320632987841808,-0.027520283311207545,0.027520283311207545,0.026220589224953215
nga_5e17,0.0,5e+17,deep,coupled_final,0.0,0.01,0.0,0.3,channel,0.0007,4.05e-06,7.0,40.5,-0.03485504173948991,2003643087809250.2,0.0,1.718939974167757e+17,1.718939974167757e+17,1.0462860001966998,-0.02754045461860144,0.02754045461860144,0.026259296998417798
nga_5e17,0.0,5e+17,deep,coupled_final,0.0,0.01,0.0,0.3,channel,0.0007,4.125e-06,7.0,41.25,-0.03315062486990337,2140194805570325.0,0.0,1.7203073528228864e+17,1.7203073528228864e+17,0.9586587067332208,-0.027562362439912225,0.027562362439912225,0.02630308281688152
nga_5e17,0.0,5e+17,deep,coupled_final,0.0,0.01,0.0,0.3,channel,0.0007,4.2000000000000004e-06,7.0,42.00000000000001,-0.03127910646367912,2300877149637603.5,0.0,1.7217751486543584e+17,1.7217751486543584e+17,0.8707407461579046,-0.027585879121758895,0.027585879121758895,0.02635234364844428
nga_5e17,0.0,5e+17,deep,coupled_final,0.0,0.01,0.0,0.3,channel,0.0007,4.2750000000000006e-06,7.0,42.75000000000001,-0.029240173570398778,2489694134186736.0,0.0,1.723334851552813e+17,1.723334851552813e+17,0.7839707566378572,-0.027610868317157755,0.027610868317157755,0.026407584659917837
nga_5e17,0.0,5e+17,deep,coupled_final,0.0,0.01,0.0,0.3,channel,0.0007,4.350000000000001e-06,7.0,43.50000000000001,-0.027033475248001527,2711545499688317.0,0.0,1.7249774725908736e+17,1.7249774725908736e+17,0.6996315756706537,-0.02763718600761473,0.02763718600761473,0.02646944685777758
nga_5e17,0.0,5e+17,deep,coupled_final,0.0,0.01,0.0,0.3,channel,0.0007,4.425e-06,7.0,44.25,-0.024658618490517405,2972437514872182.0,0.0,1.7266936126350003e+17,1.7266936126350003e+17,0.6188241552185466,-0.027664681602408446,0.027664681602408446,0.02653874196164377
nga_5e17,0.0,5e+17,deep,coupled_final,0.0,0.01,0.0,0.3,channel,0.0007,4.5e-06,7.0,45.0,-0.022115163071272575,3279751235198088.0,0.0,1.7284735354195344e+17,1.7284735354195344e+17,0.5424509234229731,-0.02769319910936549,0.02769319910936549,0.026616496554802194
nga_5e17,0.0,5e+17,deep,coupled_final,0.0,0.01,0.0,0.3,channel,0.0007,4.575e-06,7.0,45.75,-0.019402615021081846,3642585092764890.5,0.0,1.7303072446474483e+17,1.7303072446474483e+17,0.47120847518837744,-0.02772257837015063,0.02772257837015063,0.026704008208449096
nga_5e17,0.0,5e+17,deep,coupled_final,0.0,0.01,0.0,0.3,channel,0.0007,4.65e-06,7.0,46.50000000000001,-0.0165204183848748,4072194175007865.0,0.0,1.7321845645891792e+17,1.7321845645891792e+17,0.4055889914264864,-0.027752656351602466,0.027752656351602466,0.026802917153233317
nga_5e17,0.0,5e+17,deep,coupled_final,0.0,0.01,0.0,0.3,channel,0.0007,4.7250000000000005e-06,7.0,47.25000000000001,-0.013467944801431904,4582555965616546.0,0.0,1.7340952235470093e+17,1.7340952235470093e+17,0.34588938744966613,-0.027783268482980246,0.027783268482980246,0.02691529825819106
nga_5e17,0.0,5e+17,deep,coupled_final,0.0,0.01,0.0,0.3,channel,0.0007,4.8e-06,7.0,48.0,-0.010244480321895096,5191102419062143.0,0.0,1.73602893944721e+17,1.73602893944721e+17,0.2922268926506624,-0.027814250027301205,0.027814250027301205,0.027043779693353427
nga_5e17,0.0,5e+17,deep,coupled_final,0.0,0.01,0.0,0.3,channel,0.0007,4.875e-06,7.0,48.75,-0.0068492087131979355,5919672085939041.0,0.0,1.7379755067308496e+17,1.7379755067308496e+17,0.2445595736750611,-0.02784543747348477,0.02784543747348477,0.027191696869188126
nga_5e17,0.0,5e+17,deep,coupled_final,0.0,0.01,0.0,0.3,channel,0.0007,4.95e-06,7.0,49.5,-0.003281190268449919,6795755133214454.0,0.0,1.7399248836478544e+17,1.7399248836478544e+17,0.20271023081086717,-0.027876669934957608,0.027876669934957608,0.027363293309439787
nga_5e17,0.0,5e+17,deep,coupled_final,0.0,0.01,0.0,0.3,channel,0.0007,5.025e-06,7.0,50.25,0.00046066515185599834,7854130739619276.0,0.0,1.7418672790123286e+17,1.7418672790123286e+17,0.1663921158519045,-0.027907790539627112,0.027907790539627112,0.027563984380767025
nga_5e17,0.0,5e+17,deep,coupled_final,0.0,0.01,0.0,0.3,channel,0.0007,5.1e-06,7.0,51.0,0.0043776325232670514,9139033766797526.0,0.0,1.743793237426239e+17,1.743793237426239e+17,0.13523502902668624,-0.027938647795315342,0.027938647795315342,0.027800705797165346
nga_5e17,0.0,5e+17,deep,coupled_final,0.0,0.01,0.0,0.3,channel,0.0007,5.1750000000000004e-06,7.0,51.75000000000001,0.008471215719448477,1.0707040685207526e+16,0.0,1.7456937219011837e+17,1.7456937219011837e+17,0.10881053759798398,-0.027969096913505704,0.027969096913505704,0.02808237732001839
nga_5e17,0.0,5e+17,deep,coupled_final,0.0,0.01,0.0,0.3,channel,0.0007,5.2500000000000006e-06,7.0,52.50000000000001,0.012743204178767599,1.2630940822601276e+16,0.0,1.7475601927170266e+17,1.7475601927170266e+17,0.0866552972921237,-0.02799900107279757,0.02799900107279757,0.02842052426393842
nga_5e17,0.0,5e+17,deep,coupled_final,0.0,0.01,0.0,0.3,channel,0.0007,5.325e-06,7.0,53.25,0.01719574612376472,1.5004969361306504e+16,0.0,1.7493846813068886e+17,1.7493846813068886e+17,0.06829172211447405,-0.028028232602674334,0.028028232602674334,0.028830117099131452
nga_5e17,0.0,5e+17,deep,coupled_final,0.0,0.01,0.0,0.3,channel,0.0007,5.4e-06,7.0,54.0,0.021831443667442857,1.7951940665676792e+16,0.0,1.7511598579998128e+17,1.7511598579998128e+17,0.05324551208593861,-0.028056674068860577,0.028056674068860577,0.029330715421810757
nga_5e17,0.0,5e+17,deep,coupled_final,0.0,0.01,0.0,0.3,channel,0.0007250000000000001,3e-06,7.250000000000001,30.0,-0.04122849210773846,1549635225167709.0,0.0,1.7133234333034442e+17,1.7133234333034442e+17,1.4694651113574646,-0.027450467713234356,0.027450467713234356,0.02609657001413306
nga_5e17,0.0,5e+17,deep,coupled_final,0.0,0.01,0.0,0.3,channel,0.0007250000000000001,3.075e-06,7.250000000000001,30.750000000000004,-0.04184648170338788,1513030600645639.0,0.0,1.7127770133184138e+17,1.7127770133184138e+17,1.5164892009692084,-0.02744171309991069,0.02744171309991069,0.026081950693398834
nga_5e17,0.0,5e+17,deep,coupled_final,0.0,0.01,0.0,0.3,channel,0.0007250000000000001,3.1500000000000003e-06,7.250000000000001,31.500000000000004,-0.042298774598237825,1486789636972252.8,0.0,1.7123744648568512e+17,1.7123744648568512e+17,1.5518393695688604,-0.02743526356251901,0.02743526356251901,0.02607129689012204
nga_5e17,0.0,5e+17,deep,coupled_final,0.0,0.01,0.0,0.3,channel,0.0007250000000000001,3.225e-06,7.250000000000001,32.25,-0.0425854384751422,1470394210855599.0,0.0,1.7121181711472877e+17,1.7121181711472877e+17,1.5746623756846034,-0.02743115728458997,0.02743115728458997,0.02606456377533014
nga_5e17,0.0,5e+17,deep,coupled_final,0.0,0.01,0.0,0.3,channel,0.0007250000000000001,3.3e-06,7.250000000000001,33.0,-0.04270651610910885,1463523732705674.2,0.0,1.7120096503707987e+17,1.7120096503707987e+17,1.5844008837873202,-0.02742941859006603,0.02742941859006603,0.02606172430885058
nga_5e17,0.0,5e+17,deep,coupled_final,0.0,0.01,0.0,0.3,channel,0.0007250000000000001,3.3750000000000003e-06,7.250000000000001,33.75,-0.04266202553908376,1466044584599037.5,0.0,1.7120495455504128e+17,1.7120495455504128e+17,1.5808155615750987,-0.027430057781311898,0.027430057781311898,0.02606276738509658
nga_5e17,0.0,5e+17,deep,coupled_final,0.0,0.01,0.0,0.3,channel,0.0007250000000000001,3.45e-06,7.250000000000001,34.5,-0.04245196013850403,1478005742451629.2,0.0,1.7122376202805533e+17,1.7122376202805533e+17,1.5639946264265798,-0.027433071070692667,0.027433071070692667,0.02606769706324005
nga_5e17,0.0,5e+17,deep,coupled_final,0.0,0.01,0.0,0.3,channel,0.0007250000000000001,3.525e-06,7.250000000000001,35.25,-0.042076288589510256,1499640378977717.5,0.0,1.7125727602962794e+17,1.7125727602962794e+17,1.5343503226417845,-0.027438440605715816,0.027438440605715816,0.026076532849175917
nga_5e17,0.0,5e+17,deep,coupled_final,0.0,0.01,0.0,0.3,channel,0.0007250000000000001,3.6000000000000003e-06,7.250000000000001,36.0,-0.04153495475902702,1531373521837711.2,0.0,1.7130529808824435e+17,1.7130529808824435e+17,1.4926025209612168,-0.027446134587738997,0.027446134587738997,0.02608931104120046
nga_5e17,0.0,5e+17,deep,coupled_final,0.0,0.01,0.0,0.3,channel,0.0007250000000000001,3.6750000000000004e-06,7.250000000000001,36.75000000000001,-0.040827877468162514,1573836123719665.2,0.0,1.7136754401228394e+17,1.7136754401228394e+17,1.4397503287344249,-0.02745610748424479,0.02745610748424479,0.026106087196561673
nga_5e17,0.0,5e+17,deep,coupled_final,0.0,0.01,0.0,0.3,channel,0.0007250000000000001,3.7500000000000005e-06,7.250000000000001,37.50000000000001,-0.039954950139257484,1627886205184337.5,0.0,1.7144364579874867e+17,1.7144364579874867e+17,1.377033235919125,-0.027468300334652737,0.027468300334652737,0.026126939824728468
nga_5e17,0.0,5e+17,deep,coupled_final,0.0,0.01,0.0,0.3,channel,0.0007250000000000001,3.825000000000001e-06,7.250000000000001,38.25000000000001,-0.03891604029712036,1694638075818660.0,0.0,1.7153315412509386e+17,1.7153315412509386e+17,1.3058838565792756,-0.027482641149554607,0.027482641149554607,0.026151975468370944
nga_5e17,0.0,5e+17,deep,coupled_final,0.0,0.01,0.0,0.3,channel,0.0007250000000000001,3.9e-06,7.250000000000001,39.0,-0.03771098889216963,1775501046608964.0,0.0,1.7163554142244557e+17,1.7163554142244557e+17,1.2278747236222678,-0.027499045403098138,0.027499045403098138,0.026181335398150082
nga_5e17,0.0,5e+17,deep,coupled_final,0.0,0.01,0.0,0.3,channel,0.0007250000000000001,3.975e-06,7.250000000000001,39.75,-0.03633960940295171,1872229543390349.2,0.0,1.71750205526878e+17,1.71750205526878e+17,1.1446618328133942,-0.027517416617986158,0.027517416617986158,0.026215204226776607
nga_5e17,0.0,5e+17,deep,coupled_final,0.0,0.01,0.0,0.3,channel,0.0007250000000000001,4.05e-06,7.250000000000001,40.5,-0.03480168666331017,1986987151829057.2,0.0,1.7187647390310083e+17,1.7187647390310083e+17,1.0579276995950004,-0.027537647042185892,0.027537647042185892,0.026253820846857765
nga_5e17,0.0,5e+17,deep,coupled_final,0.0,0.01,0.0,0.3,channel,0.0007250000000000001,4.125e-06,7.250000000000001,41.25,-0.03309697534471867,2122427912828026.0,0.0,1.720136084318058e+17,1.720136084318058e+17,0.9693265906806994,-0.02755961841594646,0.02755961841594646,0.026297492222874707
nga_5e17,0.0,5e+17,deep,coupled_final,0.0,0.01,0.0,0.3,channel,0.0007250000000000001,4.2000000000000004e-06,7.250000000000001,42.00000000000001,-0.03122519800615833,2281799201764639.0,0.0,1.7216081074803952e+17,1.7216081074803952e+17,0.880434335719045,-0.027583202827100497,0.027583202827100497,0.02634661072955521
nga_5e17,0.0,5e+17,deep,coupled_final,0.0,0.01,0.0,0.3,channel,0.0007250000000000001,4.2750000000000006e-06,7.250000000000001,42.75000000000001,-0.029186042601390166,2469071843349889.5,0.0,1.7231722811334096e+17,1.7231722811334096e+17,0.7927047370177909,-0.027608263651884277,0.027608263651884277,0.02640167593939253
nga_5e17,0.0,5e+17,deep,coupled_final,0.0,0.01,0.0,0.3,channel,0.0007250000000000001,4.350000000000001e-06,7.250000000000001,43.50000000000001,-0.026979159305208028,2689104840998804.0,0.0,1.7248195979906954e+17,1.7248195979906954e+17,0.7074341101211641,-0.027634656577659653,0.027634656577659653,0.02646332203792211
nga_5e17,0.0,5e+17,deep,coupled_final,0.0,0.01,0.0,0.3,channel,0.0007250000000000001,4.425e-06,7.250000000000001,44.25,-0.024604156484504876,2947854377967557.5,0.0,1.726540639523425e+17,1.726540639523425e+17,0.6257349431277774,-0.027662230702958483,0.027662230702958483,0.026532352409439904
nga_5e17,0.0,5e+17,deep,coupled_final,0.0,0.01,0.0,0.3,channel,0.0007250000000000001,4.5e-06,7.250000000000001,45.0,-0.022060595594431708,3252639772378815.5,0.0,1.7283256490915395e+17,1.7283256490915395e+17,0.5485190986218585,-0.027690829709173477,0.027690829709173477,0.02660978341938592
nga_5e17,0.0,5e+17,deep,coupled_final,0.0,0.01,0.0,0.3,channel,0.0007250000000000001,4.575e-06,7.250000000000001,45.75,-0.01934798472150333,3612483108979723.0,0.0,1.7301646091129424e+17,1.7301646091129424e+17,0.4764904387145203,-0.027720293096944997,0.027720293096944997,0.026696900065737692
nga_5e17,0.0,5e+17,deep,coupled_final,0.0,0.01,0.0,0.3,channel,0.0007250000000000001,4.65e-06,7.250000000000001,46.50000000000001,-0.016465770420101195,4038544701417656.0,0.0,1.7320473217440045e+17,1.7320473217440045e+17,0.41014626644483576,-0.027750457478805238,0.027750457478805238,0.026795327040402828
nga_5e17,0.0,5e+17,deep,coupled_final,0.0,0.01,0.0,0.3,channel,0.0007250000000000001,4.7250000000000005e-06,7.250000000000001,47.25000000000001,-0.013413327390925989,4544683884276735.0,0.0,1.7339634924404653e+17,1.7339634924404653e+17,0.3497865736171384,-0.027781157917971488,0.027781157917971488,0.026907119916801944
nga_5e17,0.0,5e+17,deep,coupled_final,0.0,0.01,0.0,0.3,channel,0.0007250000000000001,4.8e-06,7.250000000000001,48.0,-0.010189945422091848,5148184634378186.0,0.0,1.7359028156616112e+17,1.7359028156616112e+17,0.29552978404031816,-0.027812229301478426,0.027812229301478426,0.02703488278035028
nga_5e17,0.0,5e+17,deep,coupled_final,0.0,0.01,0.0,0.3,channel,0.0007250000000000001,4.875e-06,7.250000000000001,48.75,-0.006794812845564274,5870699230322899.0,0.0,1.7378550618877597e+17,1.7378550618877597e+17,0.2473334896069827,-0.027843507734351923,0.027843507734351923,0.027181920813558438
nga_5e17,0.0,5e+17,deep,coupled_final,0.0,0.01,0.0,0.3,channel,0.0007250000000000001,4.95e-06,7.250000000000001,49.5,-0.0032269955395804457,6739482094061734.0,0.0,1.7398101650536275e+17,1.7398101650536275e+17,0.20501859358689603,-0.02787483194044605,0.02787483194044605,0.02735243938008276
nga_5e17,0.0,5e+17,deep,coupled_final,0.0,0.01,0.0,0.3,channel,0.0007250000000000001,5.025e-06,7.250000000000001,50.25,0.0005145897877150559,7789012321006692.0,0.0,1.741758309453749e+17,1.741758309453749e+17,0.1682952942354983,-0.02790604465482138,0.02790604465482138,0.02755180537508688
nga_5e17,0.0,5e+17,deep,coupled_final,0.0,0.01,0.0,0.3,channel,0.0007250000000000001,5.1e-06,7.250000000000001,51.0,0.004431209693758064,9063140432023988.0,0.0,1.743690015126883e+17,1.743690015126883e+17,0.13678945197248546,-0.02793699399175398,0.02793699399175398,0.027786892540838933
nga_5e17,0.0,5e+17,deep,coupled_final,0.0,0.01,0.0,0.3,channel,0.0007250000000000001,5.1750000000000004e-06,7.250000000000001,51.75000000000001,0.00852435766994085,1.0617947385563576e+16,0.0,1.7455962206506022e+17,1.7455962206506022e+17,0.1100680698773849,-0.02796753477125103,0.02796753477125103,0.028066540857470165
nga_5e17,0.0,5e+17,deep,coupled_final,0.0,0.01,0.0,0.3,channel,0.0007250000000000001,5.2500000000000006e-06,7.250000000000001,52.50000000000001,0.012795810301351804,1.252557913015885e+16,0.0,1.7474683621855504e+17,1.7474683621855504e+17,0.08766285802205592,-0.02799752978547938,0.02799752978547938,0.028402172172445235
nga_5e17,0.0,5e+17,deep,coupled_final,0.0,0.01,0.0,0.3,channel,0.0007250000000000001,5.325e-06,7.250000000000001,53.25,0.017247699828927193,1.4879429066900348e+16,0.0,1.7492984475560074e+17,1.7492984475560074e+17,0.06909111936436171,-0.028026850985667092,0.028026850985667092,0.02880862170949191
nga_5e17,0.0,5e+17,deep,coupled_final,0.0,0.01,0.0,0.3,channel,0.0007250000000000001,5.4e-06,7.250000000000001,54.0,0.021882608396530036,1.7801201014208558e+16,0.0,1.7510791241917363e+17,1.7510791241917363e+17,0.05387346181466504,-0.02805538057065184,0.02805538057065184,0.02930527076886204
nga_5e17,0.0,5e+17,deep,coupled_final,0.0,0.01,0.0,0.3,channel,0.00075,3e-06,7.5,30.0,-0.0411825564983253,1536177366361789.0,0.0,1.713124535348541e+17,1.713124535348541e+17,1.4864548841110126,-0.027447281016675394,0.027447281016675394,0.026091227130881845
nga_5e17,0.0,5e+17,deep,coupled_final,0.0,0.01,0.0,0.3,channel,0.00075,3.075e-06,7.5,30.750000000000004,-0.04179978216043159,1499934958748599.2,0.0,1.7125772795973427e+17,1.7125772795973427e+17,1.5339534471429859,-0.027438513012901473,0.027438513012901473,0.02607665245324415
nga_5e17,0.0,5e+17,deep,coupled_final,0.0,0.01,0.0,0.3,channel,0.00075,3.1500000000000003e-06,7.5,31.500000000000004,-0.04225134478110248,1473962753198935.0,0.0,1.7121742740386662e+17,1.7121742740386662e+17,1.5696452403143981,-0.027432056152006636,0.027432056152006636,0.0260660343862628
nga_5e17,0.0,5e+17,deep,coupled_final,0.0,0.01,0.0,0.3,channel,0.00075,3.225e-06,7.5,32.25,-0.04253731181616238,1457748067414154.5,0.0,1.7119179022687158e+17,1.7119179022687158e+17,1.5926690600473474,-0.02742794862341232,0.02742794862341232,0.026059328978599278
nga_5e17,0.0,5e+17,deep,coupled_final,0.0,0.01,0.0,0.3,channel,0.00075,3.3e-06,7.5,33.0,-0.042657725864598296,1450973922935864.5,0.0,1.711809681432861e+17,1.711809681432861e+17,1.602462866554531,-0.027426214734467134,0.027426214734467134,0.026056509752054254
nga_5e17,0.0,5e+17,deep,coupled_final,0.0,0.01,0.0,0.3,channel,0.00075,3.3750000000000003e-06,7.5,33.75,-0.04261260483677385,1453508604929247.5,0.0,1.7118502521418182e+17,1.7118502521418182e+17,1.598786059466767,-0.027426864748886295,0.027426864748886295,0.02605756586729985
nga_5e17,0.0,5e+17,deep,coupled_final,0.0,0.01,0.0,0.3,channel,0.00075,3.45e-06,7.5,34.5,-0.042401942023290756,1465401347800883.5,0.0,1.712039374225488e+17,1.712039374225488e+17,1.5817290711368972,-0.027429894818720584,0.027429894818720584,0.026062501364608456
nga_5e17,0.0,5e+17,deep,coupled_final,0.0,0.01,0.0,0.3,channel,0.00075,3.525e-06,7.5,35.25,-0.04202570606932124,1486883946238786.2,0.0,1.7123759283240586e+17,1.7123759283240586e+17,1.5517097569037943,-0.027435287009848652,0.027435287009848652,0.026071335447462003
nga_5e17,0.0,5e+17,deep,coupled_final,0.0,0.01,0.0,0.3,channel,0.00075,3.6000000000000003e-06,7.5,36.0,-0.041483840852609755,1518378366430880.0,0.0,1.7128579233165485e+17,1.7128579233165485e+17,1.5094567784528772,-0.027443009420995375,0.027443009420995375,0.02608410382102204
nga_5e17,0.0,5e+17,deep,coupled_final,0.0,0.01,0.0,0.3,channel,0.00075,3.6750000000000004e-06,7.5,36.75000000000001,-0.04077626525664076,1560510711923613.2,0.0,1.713482509587156e+17,1.713482509587156e+17,1.4559808799606042,-0.02745301639628222,0.02745301639628222,0.026100861142257292
nga_5e17,0.0,5e+17,deep,coupled_final,0.0,0.01,0.0,0.3,channel,0.00075,3.7500000000000005e-06,7.5,37.50000000000001,-0.03990287282340702,1614132199883751.0,0.0,1.7142459981280662e+17,1.7142459981280662e+17,1.3925355994511923,-0.027465248831287953,0.027465248831287953,0.026121684686772027
nga_5e17,0.0,5e+17,deep,coupled_final,0.0,0.01,0.0,0.3,channel,0.00075,3.825000000000001e-06,7.5,38.25000000000001,-0.03886353126248345,1680348145131661.5,0.0,1.7151438854723293e+17,1.7151438854723293e+17,1.3205694970996964,-0.02747963457251738,0.02747963457251738,0.026146679392028895
nga_5e17,0.0,5e+17,deep,coupled_final,0.0,0.01,0.0,0.3,channel,0.00075,3.9e-06,7.5,39.0,-0.0376580817843672,1760556353039440.8,0.0,1.7161708844405568e+17,1.7161708844405568e+17,1.2416723837069885,-0.02749608891001774,0.02749608891001774,0.02617598450118575
nga_5e17,0.0,5e+17,deep,coupled_final,0.0,0.01,0.0,0.3,channel,0.00075,3.975e-06,7.5,39.75,-0.036286338215876145,1856496814909189.8,0.0,1.7173209606692714e+17,1.7173209606692714e+17,1.1575182727110829,-0.027514515162627394,0.027514515162627394,0.026209782110421687
nga_5e17,0.0,5e+17,deep,coupled_final,0.0,0.01,0.0,0.3,channel,0.00075,4.05e-06,7.5,40.5,-0.034748085843305444,1970315214526355.5,0.0,1.7185873748656134e+17,1.7185873748656134e+17,1.0698078467893404,-0.027534805354970847,0.027534805354970847,0.02624830802080373
nga_5e17,0.0,5e+17,deep,coupled_final,0.0,0.01,0.0,0.3,channel,0.00075,4.125e-06,7.5,41.25,-0.03304307991440076,2104643535986054.8,0.0,1.7199627307021808e+17,1.7199627307021808e+17,0.9802131271670028,-0.027556840984818684,0.027556840984818684,0.02629186542044428
nga_5e17,0.0,5e+17,deep,coupled_final,0.0,0.01,0.0,0.3,channel,0.00075,4.2000000000000004e-06,7.5,42.00000000000001,-0.03117104371222668,2262702068322503.5,0.0,1.7214390282269274e+17,1.7214390282269274e+17,0.8903267742701324,-0.027580493878808492,0.027580493878808492,0.02634084208316547
nga_5e17,0.0,5e+17,deep,coupled_final,0.0,0.01,0.0,0.3,channel,0.00075,4.2750000000000006e-06,7.5,42.75000000000001,-0.029131666091668326,2448428408971548.5,0.0,1.7230077226167104e+17,1.7230077226167104e+17,0.8016180570839719,-0.027605627133780467,0.027605627133780467,0.026395731978468066
nga_5e17,0.0,5e+17,deep,coupled_final,0.0,0.01,0.0,0.3,channel,0.00075,4.350000000000001e-06,7.5,43.50000000000001,-0.02692459834127971,2666640779516951.5,0.0,1.724659788049887e+17,1.724659788049887e+17,0.7153970385353092,-0.027632096140129212,0.027632096140129212,0.026457162460950576
nga_5e17,0.0,5e+17,deep,coupled_final,0.0,0.01,0.0,0.3,channel,0.00075,4.425e-06,7.5,44.25,-0.024549450197746434,2923245224670955.5,0.0,1.7263857864133133e+17,1.7263857864133133e+17,0.6327879739319441,-0.02765974968261125,0.02765974968261125,0.026525928568053237
nga_5e17,0.0,5e+17,deep,coupled_final,0.0,0.01,0.0,0.3,channel,0.00075,4.5e-06,7.5,45.0,-0.0220057847950716,3225499262327001.5,0.0,1.7281759404908458e+17,1.7281759404908458e+17,0.5547123499094889,-0.027688431112954073,0.027688431112954073,0.026603036434062532
nga_5e17,0.0,5e+17,deep,coupled_final,0.0,0.01,0.0,0.3,channel,0.00075,4.575e-06,7.5,45.75,-0.019293112272679304,3582348555449302.0,0.0,1.7300202112012384e+17,1.7300202112012384e+17,0.4818814425681767,-0.02771797958734369,0.02771797958734369,0.026689758468382143
nga_5e17,0.0,5e+17,deep,coupled_final,0.0,0.01,0.0,0.3,channel,0.00075,4.65e-06,7.5,46.50000000000001,-0.01641088169189179,4004858556062343.0,0.0,1.731908378360675e+17,1.731908378360675e+17,0.41479778139066814,-0.027748231360383045,0.027748231360383045,0.02678770380648285
nga_5e17,0.0,5e+17,deep,coupled_final,0.0,0.01,0.0,0.3,channel,0.00075,4.7250000000000005e-06,7.5,47.25000000000001,-0.013358470813210904,4506770346499166.0,0.0,1.7338301243407357e+17,1.7338301243407357e+17,0.35376449840410323,-0.027779021125440412,0.027779021125440412,0.026898908705836916
nga_5e17,0.0,5e+17,deep,coupled_final,0.0,0.01,0.0,0.3,channel,0.00075,4.8e-06,7.5,48.0,-0.010135173160125124,5105219805741159.0,0.0,1.735775119885412e+17,1.735775119885412e+17,0.29890123811803543,-0.027810183389589554,0.027810183389589554,0.027025953144008803
nga_5e17,0.0,5e+17,deep,coupled_final,0.0,0.01,0.0,0.3,channel,0.00075,4.875e-06,7.5,48.75,-0.006740181628702854,5821672802008135.0,0.0,1.7377331112564003e+17,1.7377331112564003e+17,0.2501651106132688,-0.027841553869831268,0.027841553869831268,0.02717211204924834
nga_5e17,0.0,5e+17,deep,coupled_final,0.0,0.01,0.0,0.3,channel,0.00075,4.95e-06,7.5,49.5,-0.0031725676822158175,6683147855809123.0,0.0,1.7396940078071942e+17,1.7396940078071942e+17,0.20737508650966704,-0.027872970896185,0.027872970896185,0.027341552595799457
nga_5e17,0.0,5e+17,deep,coupled_final,0.0,0.01,0.0,0.3,channel,0.00075,5.025e-06,7.5,50.25,0.0005687451226107002,7723823807536924.0,0.0,1.7416479690401837e+17,1.7416479690401837e+17,0.17023825147851313,-0.027904276806497375,0.027904276806497375,0.027539593175454232
nga_5e17,0.0,5e+17,deep,coupled_final,0.0,0.01,0.0,0.3,channel,0.00075,5.1e-06,7.5,51.0,0.004485014922947338,8987166657907829.0,0.0,1.74358549015342e+17,1.74358549015342e+17,0.13837644895880036,-0.027935319317052468,0.027935319317052468,0.02777304552556885
nga_5e17,0.0,5e+17,deep,coupled_final,0.0,0.01,0.0,0.3,channel,0.00075,5.1750000000000004e-06,7.5,51.75000000000001,0.008577724824324064,1.0528761682613636e+16,0.0,1.745497485009682e+17,1.745497485009682e+17,0.11135202772379171,-0.027965952851882775,0.027965952851882775,0.028050669813166583
nga_5e17,0.0,5e+17,deep,coupled_final,0.0,0.01,0.0,0.3,channel,0.00075,5.2500000000000006e-06,7.5,52.50000000000001,0.012848638553323084,1.2420111320444524e+16,0.0,1.7473753653682077e+17,1.7473753653682077e+17,0.08869165395817555,-0.02799603981220155,0.02799603981220155,0.028383784393131058
nga_5e17,0.0,5e+17,deep,coupled_final,0.0,0.01,0.0,0.3,channel,0.00075,5.325e-06,7.5,53.25,0.017299872362249898,1.4753767159258818e+16,0.0,1.749211115163032e+17,1.749211115163032e+17,0.06990741756033975,-0.028025451766472927,0.028025451766472927,0.02878708923307703
nga_5e17,0.0,5e+17,deep,coupled_final,0.0,0.01,0.0,0.3,channel,0.00075,5.4e-06,7.5,54.0,0.02193398841694009,1.7650322642799512e+16,0.0,1.7509973586465533e+17,1.7509973586465533e+17,0.05451473224649828,-0.028054070542192253,0.028054070542192253,0.029279787360277705
nga_5e17,0.0,5e+17,deep,coupled_final,0.0,0.01,0.0,0.3,channel,0.000775,3e-06,7.75,30.0,-0.04113639882848747,1522713202924080.0,0.0,1.7129232330156506e+17,1.7129232330156506e+17,1.503797951852165,-0.027444055797734124,0.027444055797734124,0.026085844715134955
nga_5e17,0.0,5e+17,deep,coupled_final,0.0,0.01,0.0,0.3,channel,0.000775,3.075e-06,7.75,30.750000000000004,-0.04175285690760708,1486832595379668.2,0.0,1.7123751314896483e+17,1.7123751314896483e+17,1.5517803279235463,-0.02743527424315392,0.02743527424315392,0.02607131445345261
nga_5e17,0.0,5e+17,deep,coupled_final,0.0,0.01,0.0,0.3,channel,0.000775,3.1500000000000003e-06,7.75,31.500000000000004,-0.042203685857246466,1461128730268649.5,0.0,1.711971663008372e+17,1.711971663008372e+17,1.5878203614437427,-0.027428809965421352,0.027428809965421352,0.026060731962511605
nga_5e17,0.0,5e+17,deep,coupled_final,0.0,0.01,0.0,0.3,channel,0.000775,3.225e-06,7.75,32.25,-0.042488952907218644,1445094356032469.2,0.0,1.711715211542311e+17,1.711715211542311e+17,1.611048735460839,-0.027424701159954577,0.027424701159954577,0.02605405416707063
nga_5e17,0.0,5e+17,deep,coupled_final,0.0,0.01,0.0,0.3,channel,0.000775,3.3e-06,7.75,33.0,-0.04260870048109273,1438416095701972.0,0.0,1.7116072931955382e+17,1.7116072931955382e+17,1.6208986200662179,-0.027422972117418783,0.027422972117418783,0.026051255149269106
nga_5e17,0.0,5e+17,deep,coupled_final,0.0,0.01,0.0,0.3,channel,0.000775,3.3750000000000003e-06,7.75,33.75,-0.04256294636084815,1440964128130819.0,0.0,1.711648546148861e+17,1.711648546148861e+17,1.6171281295497018,-0.027423633062597756,0.027423633062597756,0.026052324334250095
nga_5e17,0.0,5e+17,deep,coupled_final,0.0,0.01,0.0,0.3,channel,0.000775,3.45e-06,7.75,34.5,-0.04235168375405598,1452787936724313.2,0.0,1.7118387264381952e+17,1.7118387264381952e+17,1.599829963167969,-0.02742668008675594,0.02742668008675594,0.02605726574139362
nga_5e17,0.0,5e+17,deep,coupled_final,0.0,0.01,0.0,0.3,channel,0.000775,3.525e-06,7.75,35.25,-0.04197488126834407,1474117928244066.8,0.0,1.7121767095675907e+17,1.7121767095675907e+17,1.5694277064456197,-0.02743209517348198,0.02743209517348198,0.026066098269521294
nga_5e17,0.0,5e+17,deep,coupled_final,0.0,0.01,0.0,0.3,channel,0.000775,3.6000000000000003e-06,7.75,36.0,-0.04143248279133426,1505372996783223.0,0.0,1.7126604979571638e+17,1.7126604979571638e+17,1.526658993894092,-0.027439846318017724,0.027439846318017724,0.02607885702810779
nga_5e17,0.0,5e+17,deep,coupled_final,0.0,0.01,0.0,0.3,channel,0.000775,3.6750000000000004e-06,7.75,36.75000000000001,-0.0407244072675945,1547174385077004.0,0.0,1.7132872342265776e+17,1.7132872342265776e+17,1.4725464443813379,-0.027449887740083074,0.027449887740083074,0.026095595770932442
nga_5e17,0.0,5e+17,deep,coupled_final,0.0,0.01,0.0,0.3,channel,0.000775,3.7500000000000005e-06,7.75,37.50000000000001,-0.03985054835714506,1600366493831414.2,0.0,1.714053220313256e+17,1.714053220313256e+17,1.408357929168099,-0.027462160190183528,0.027462160190183528,0.026116390536408848
nga_5e17,0.0,5e+17,deep,coupled_final,0.0,0.01,0.0,0.3,channel,0.000775,3.825000000000001e-06,7.75,38.25000000000001,-0.03881077395239216,1666045628248238.0,0.0,1.7149539424196557e+17,1.7149539424196557e+17,1.3355582768410013,-0.027476591349309534,0.027476591349309534,0.02614134465298525
nga_5e17,0.0,5e+17,deep,coupled_final,0.0,0.01,0.0,0.3,channel,0.000775,3.9e-06,7.75,39.0,-0.03760492552168995,1745598071007272.2,0.0,1.7159841017742906e+17,1.7159841017742906e+17,1.2557549243467354,-0.02749309632178246,0.02749309632178246,0.02617059533195479
nga_5e17,0.0,5e+17,deep,coupled_final,0.0,0.01,0.0,0.3,channel,0.000775,3.975e-06,7.75,39.75,-0.03623281723764738,1840749359064384.0,0.0,1.7171376511754323e+17,1.7171376511754323e+17,1.1706402653443349,-0.027511578220749202,0.027511578220749202,0.026204322147963543
nga_5e17,0.0,5e+17,deep,coupled_final,0.0,0.01,0.0,0.3,channel,0.000775,4.05e-06,7.75,40.5,-0.034694234836303794,1953627251181095.0,0.0,1.718407837263434e+17,1.718407837263434e+17,1.0819335149852054,-0.02753192884545948,0.02753192884545948,0.026242757804798282
nga_5e17,0.0,5e+17,deep,coupled_final,0.0,0.01,0.0,0.3,channel,0.000775,4.125e-06,7.75,41.25,-0.03298893413877897,2086841647472285.8,0.0,1.7197872484367514e+17,1.7197872484367514e+17,0.9913248058814106,-0.027554029448965157,0.027554029448965157,0.026286201707608977
nga_5e17,0.0,5e+17,deep,coupled_final,0.0,0.01,0.0,0.3,channel,0.000775,4.2000000000000004e-06,7.75,42.00000000000001,-0.03111663914917444,2243585718602493.5,0.0,1.721267868287877e+17,1.721267868287877e+17,0.9004239676897781,-0.02757775159425826,0.02757775159425826,0.026335037021730363
nga_5e17,0.0,5e+17,deep,coupled_final,0.0,0.01,0.0,0.3,channel,0.000775,4.2750000000000006e-06,7.75,42.75000000000001,-0.029077039620352445,2427763796879689.0,0.0,1.7228411343889942e+17,1.7228411343889942e+17,0.8107160474137178,-0.027602958096121004,0.027602958096121004,0.026389752104944177
nga_5e17,0.0,5e+17,deep,coupled_final,0.0,0.01,0.0,0.3,channel,0.000775,4.350000000000001e-06,7.75,43.50000000000001,-0.02686978795143515,2644153277236408.0,0.0,1.7244980022039027e+17,1.7244980022039027e+17,0.7235251325491079,-0.027629504045107733,0.027629504045107733,0.026450967470858004
nga_5e17,0.0,5e+17,deep,coupled_final,0.0,0.01,0.0,0.3,channel,0.000775,4.425e-06,7.75,44.25,-0.024494495245727655,2898610012725539.0,0.0,1.726229013842744e+17,1.726229013842744e+17,0.6399874834361459,-0.027657237909117068,0.027657237909117068,0.0265194697984638
nga_5e17,0.0,5e+17,deep,coupled_final,0.0,0.01,0.0,0.3,channel,0.000775,4.5e-06,7.75,45.0,-0.021950726313004498,3198329658075255.0,0.0,1.728024371307993e+17,1.728024371307993e+17,0.56103440592592,-0.02768600270692206,0.02768600270692206,0.026596254977521803
nga_5e17,0.0,5e+17,deep,coupled_final,0.0,0.01,0.0,0.3,channel,0.000775,4.575e-06,7.75,45.75,-0.019237993342695874,3552181379996567.0,0.0,1.729874013801304e+17,1.729874013801304e+17,0.48738474120855624,-0.027715637246762428,0.027715637246762428,0.026682582813438466
nga_5e17,0.0,5e+17,deep,coupled_final,0.0,0.01,0.0,0.3,channel,0.000775,4.65e-06,7.75,46.50000000000001,-0.016355747900437045,3971135681027857.5,0.0,1.73176769856844e+17,1.73176769856844e+17,0.4195463526151879,-0.027745977421623096,0.027745977421623096,0.02678004686748175
nga_5e17,0.0,5e+17,deep,coupled_final,0.0,0.01,0.0,0.3,channel,0.000775,4.7250000000000005e-06,7.75,47.25000000000001,-0.013303370804291573,4468815288097477.0,0.0,1.733695084654838e+17,1.733695084654838e+17,0.35782557803776943,-0.027776857551146332,0.027776857551146332,0.026890664060771508
nga_5e17,0.0,5e+17,deep,coupled_final,0.0,0.01,0.0,0.3,channel,0.000775,4.8e-06,7.75,48.0,-0.010080159311400733,5062207862184247.0,0.0,1.7356458188362726e+17,1.7356458188362726e+17,0.30234330979412927,-0.02780811175839273,0.02780811175839273,0.027016990239717
nga_5e17,0.0,5e+17,deep,coupled_final,0.0,0.01,0.0,0.3,channel,0.000775,4.875e-06,7.75,48.75,-0.006685310880880286,5772592722824373.0,0.0,1.737609622893099e+17,1.737609622893099e+17,0.2530561689469776,-0.027839575368128745,0.027839575368128745,0.02716227005193951
nga_5e17,0.0,5e+17,deep,coupled_final,0.0,0.01,0.0,0.3,channel,0.000775,4.95e-06,7.75,49.5,-0.0031179025608144436,6626752332837506.0,0.0,1.7395763813265034e+17,1.7395763813265034e+17,0.20978115685285384,-0.027871086312195974,0.027871086312195974,0.0273306324528937
nga_5e17,0.0,5e+17,deep,coupled_final,0.0,0.01,0.0,0.3,channel,0.000775,5.025e-06,7.75,50.25,0.0006231352426927371,7658565106220946.0,0.0,1.7415362285689133e+17,1.7415362285689133e+17,0.1722221858836794,-0.02790248652677596,0.02790248652677596,0.027527347299091454
nga_5e17,0.0,5e+17,deep,coupled_final,0.0,0.01,0.0,0.3,channel,0.000775,5.1e-06,7.75,51.0,0.004539052244525801,8911112344719517.0,0.0,1.743479634694782e+17,1.743479634694782e+17,0.13999700311903823,-0.027933623325628355,0.027933623325628355,0.027759164289794212
nga_5e17,0.0,5e+17,deep,coupled_final,0.0,0.01,0.0,0.3,channel,0.000775,5.1750000000000004e-06,7.75,51.75000000000001,0.008631321160897867,1.0439483471415396e+16,0.0,1.745397488565828e+17,1.745397488565828e+17,0.11266321030690657,-0.027964350732224513,0.027964350732224513,0.028034763747117608
nga_5e17,0.0,5e+17,deep,coupled_final,0.0,0.01,0.0,0.3,channel,0.000775,5.2500000000000006e-06,7.75,52.50000000000001,0.01290169285479475,1.2314537286258578e+16,0.0,1.747281177252117e+17,1.747281177252117e+17,0.08974232866743936,-0.02799453075221354,0.02799453075221354,0.02836536050807007
nga_5e17,0.0,5e+17,deep,coupled_final,0.0,0.01,0.0,0.3,channel,0.000775,5.325e-06,7.75,53.25,0.017352267583004618,1.4627983534107078e+16,0.0,1.7491226605104067e+17,1.7491226605104067e+17,0.07074113006143973,-0.02802403456669688,0.02802403456669688,0.028765519274785187
nga_5e17,0.0,5e+17,deep,coupled_final,0.0,0.01,0.0,0.3,channel,0.000775,5.4e-06,7.75,54.0,0.021985587524593175,1.749930545870537e+16,0.0,1.7509145391319914e+17,1.7509145391319914e+17,0.055169728949054295,-0.02805274362728155,0.02805274362728155,0.02925426482499819
nga_5e17,0.0,5e+17,deep,coupled_final,0.0,0.01,0.0,0.3,channel,0.0008,3e-06,8.0,30.0,-0.04109001499962963,1509242739804184.2,0.0,1.71271947591453e+17,1.71271947591453e+17,1.521504926102584,-0.027440791249069854,0.027440791249069854,0.026080421960344696
nga_5e17,0.0,5e+17,deep,coupled_final,0.0,0.01,0.0,0.3,channel,0.0008,3.075e-06,8.0,30.750000000000004,-0.041705701779205254,1473723513065935.2,0.0,1.7121705184160243e+17,1.7121705184160243e+17,1.5699807247191517,-0.027431995980298208,0.027431995980298208,0.02606593588405927
nga_5e17,0.0,5e+17,deep,coupled_final,0.0,0.01,0.0,0.3,channel,0.0008,3.1500000000000003e-06,8.0,31.500000000000004,-0.04215579359899262,1448287568484001.8,0.0,1.7117665810798602e+17,1.7117665810798602e+17,1.6063758033181306,-0.02742552419068218,0.02742552419068218,0.026055388806835958
nga_5e17,0.0,5e+17,deep,coupled_final,0.0,0.01,0.0,0.3,channel,0.0008,3.225e-06,8.0,32.25,-0.0424403574638246,1432433074940603.5,0.0,1.7115100482574627e+17,1.7115100482574627e+17,1.629812576047179,-0.02742141408174319,0.02742141408174319,0.026048738527987052
nga_5e17,0.0,5e+17,deep,coupled_final,0.0,0.01,0.0,0.3,channel,0.0008,3.3e-06,8.0,33.0,-0.04255943562245994,1425850247272879.5,0.0,1.711402435005851e+17,1.711402435005851e+17,1.639719334668224,-0.027419689927370778,0.027419689927370778,0.026045959688347154
nga_5e17,0.0,5e+17,deep,coupled_final,0.0,0.01,0.0,0.3,channel,0.0008,3.3750000000000003e-06,8.0,33.75,-0.0425130457286882,1428411148586500.2,0.0,1.7114443770579712e+17,1.7114443770579712e+17,1.6358528905104277,-0.02742036191312967,0.02742036191312967,0.026047041975730708
nga_5e17,0.0,5e+17,deep,coupled_final,0.0,0.01,0.0,0.3,channel,0.0008,3.45e-06,8.0,34.5,-0.042301180906842276,1440165501760418.2,0.0,1.711635626625744e+17,1.711635626625744e+17,1.6183082633288512,-0.02742342606901715,0.02742342606901715,0.026051989386618495
nga_5e17,0.0,5e+17,deep,coupled_final,0.0,0.01,0.0,0.3,channel,0.0008,3.525e-06,8.0,35.25,-0.041923809726409064,1461342315698765.5,0.0,1.7119750540350822e+17,1.7119750540350822e+17,1.5875148915938797,-0.02742886429565896,0.02742886429565896,0.02606082051290776
nga_5e17,0.0,5e+17,deep,coupled_final,0.0,0.01,0.0,0.3,channel,0.0008,3.6000000000000003e-06,8.0,36.0,-0.041380876083916524,1492357401748090.5,0.0,1.7124606551932e+17,1.7124606551932e+17,1.5442195699517811,-0.027436644483948756,0.027436644483948756,0.026073569865814532
nga_5e17,0.0,5e+17,deep,coupled_final,0.0,0.01,0.0,0.3,channel,0.0008,3.6750000000000004e-06,8.0,36.75000000000001,-0.04067229898368647,1533827130133943.8,0.0,1.713089564889166e+17,1.713089564889166e+17,1.4894570368705906,-0.027446720728146485,0.027446720728146485,0.026090290292996074
nga_5e17,0.0,5e+17,deep,coupled_final,0.0,0.01,0.0,0.3,channel,0.0008,3.7500000000000005e-06,8.0,37.50000000000001,-0.03979797220209735,1586589072006012.0,0.0,1.7138580759273923e+17,1.7138580759273923e+17,1.4245097904251054,-0.027459033632430657,0.027459033632430657,0.026111056592323434
nga_5e17,0.0,5e+17,deep,coupled_final,0.0,0.01,0.0,0.3,channel,0.0008,3.825000000000001e-06,8.0,38.25000000000001,-0.038757763812398885,1651730508066131.0,0.0,1.7147616640891328e+17,1.7147616640891328e+17,1.3508592593899162,-0.02747351071082565,0.02747351071082565,0.026135970479394505
nga_5e17,0.0,5e+17,deep,coupled_final,0.0,0.01,0.0,0.3,channel,0.0008,3.9e-06,8.0,39.0,-0.03755151553852049,1730626181193302.5,0.0,1.715795018907613e+17,1.715795018907613e+17,1.2701308653309806,-0.027490066880273657,0.027490066880273657,0.026165167129243314
nga_5e17,0.0,5e+17,deep,coupled_final,0.0,0.01,0.0,0.3,channel,0.0008,3.975e-06,8.0,39.75,-0.0361790418963142,1824987154151929.2,0.0,1.7169520802268637e+17,1.7169520802268637e+17,1.184035755306581,-0.02750860504637174,0.02750860504637174,0.02619882358994498
nga_5e17,0.0,5e+17,deep,coupled_final,0.0,0.01,0.0,0.3,channel,0.0008,4.05e-06,8.0,40.5,-0.03464012906878147,1936923237502514.8,0.0,1.718226080491429e+17,1.718226080491429e+17,1.0943120528854908,-0.027529016780927708,0.027529016780927708,0.026237169462225526
nga_5e17,0.0,5e+17,deep,coupled_final,0.0,0.01,0.0,0.3,channel,0.0008,4.125e-06,8.0,41.25,-0.03293453344743675,2069022220171085.2,0.0,1.7196095926833728e+17,1.7196095926833728e+17,1.0026683694019984,-0.02755118308999557,0.02755118308999557,0.02628050036163406
nga_5e17,0.0,5e+17,deep,coupled_final,0.0,0.01,0.0,0.3,channel,0.0008,4.2000000000000004e-06,8.0,42.00000000000001,-0.031061979754283764,2224450122387431.5,0.0,1.7210945837840976e+17,1.7210945837840976e+17,0.9107320521232126,-0.027574975270428362,0.027574975270428362,0.02632919483738712
nga_5e17,0.0,5e+17,deep,coupled_final,0.0,0.01,0.0,0.3,channel,0.0008,4.2750000000000006e-06,8.0,42.75000000000001,-0.029022158636920432,2407077973438170.5,0.0,1.722672473592036e+17,1.722672473592036e+17,0.8200042465527099,-0.027600255852241417,0.027600255852241417,0.02638373562676729
nga_5e17,0.0,5e+17,deep,coupled_final,0.0,0.01,0.0,0.3,channel,0.0008,4.350000000000001e-06,8.0,43.50000000000001,-0.02681472360174463,2621642296742310.0,0.0,1.7243341986739165e+17,1.7243341986739165e+17,0.7318233500939876,-0.027626879623224625,0.027626879623224625,0.02644473639227929
nga_5e17,0.0,5e+17,deep,coupled_final,0.0,0.01,0.0,0.3,channel,0.0008,4.425e-06,8.0,44.25,-0.024439287115401775,2873948700535274.0,0.0,1.726070281167314e+17,1.726070281167314e+17,0.6473378729529451,-0.027654694731280804,0.027654694731280804,0.02651297544281203
nga_5e17,0.0,5e+17,deep,coupled_final,0.0,0.01,0.0,0.3,channel,0.0008,4.5e-06,8.0,45.0,-0.021895415660245977,3171130913403156.0,0.0,1.727870902084309e+17,1.727870902084309e+17,0.567489141130107,-0.02768354385887982,0.02768354385887982,0.02658943841016078
nga_5e17,0.0,5e+17,deep,coupled_final,0.0,0.01,0.0,0.3,channel,0.0008,4.575e-06,8.0,45.75,-0.01918262347269435,3521981531298501.0,0.0,1.7297259786875414e+17,1.7297259786875414e+17,0.49300371649186037,-0.027713265462759606,0.027713265462759606,0.026675372480242206
nga_5e17,0.0,5e+17,deep,coupled_final,0.0,0.01,0.0,0.3,channel,0.0008,4.65e-06,8.0,46.50000000000001,-0.01630036461994709,3937376019387347.0,0.0,1.7316252454178877e+17,1.7316252454178877e+17,0.42439490683165504,-0.02774369507053055,0.02774369507053055,0.026772355622283986
nga_5e17,0.0,5e+17,deep,coupled_final,0.0,0.01,0.0,0.3,channel,0.0008,4.7250000000000005e-06,8.0,47.25000000000001,-0.013248022975265816,4430818646038511.5,0.0,1.73355833774818e+17,1.73355833774818e+17,0.36197232353461356,-0.027774666624160137,0.027774666624160137,0.026882385400577583
nga_5e17,0.0,5e+17,deep,coupled_final,0.0,0.01,0.0,0.3,channel,0.0008,4.8e-06,8.0,48.0,-0.01002489952759547,5019148734101360.0,0.0,1.735514878228317e+17,1.735514878228317e+17,0.30585813469093254,-0.02780601385856765,0.02780601385856765,0.027007993507002434
nga_5e17,0.0,5e+17,deep,coupled_final,0.0,0.01,0.0,0.3,channel,0.0008,4.875e-06,8.0,48.75,-0.0066301962979130186,5723458916222339.0,0.0,1.737484563889606e+17,1.737484563889606e+17,0.2560084649875564,-0.027837571701996067,0.027837571701996067,0.027152394282119106
nga_5e17,0.0,5e+17,deep,coupled_final,0.0,0.01,0.0,0.3,channel,0.0008,4.95e-06,8.0,49.5,-0.003062995918759958,6570295441476929.0,0.0,1.7394572541046397e+17,1.7394572541046397e+17,0.21223830888652193,-0.02786917768368254,0.02786917768368254,0.027319678433163647
nga_5e17,0.0,5e+17,deep,coupled_final,0.0,0.01,0.0,0.3,channel,0.0008,5.025e-06,8.0,50.25,0.000677764353718208,7593236126434095.0,0.0,1.7414230579526685e+17,1.7414230579526685e+17,0.1742483430132839,-0.027900673333605932,0.027900673333605932,0.027515067249427667
nga_5e17,0.0,5e+17,deep,coupled_final,0.0,0.01,0.0,0.3,channel,0.0008,5.1e-06,8.0,51.0,0.004593325810236447,8834977395621872.0,0.0,1.7433724200961152e+17,1.7433724200961152e+17,0.14165213641919183,-0.027931905558380276,0.027931905558380276,0.027745248358898633
nga_5e17,0.0,5e+17,deep,coupled_final,0.0,0.01,0.0,0.3,channel,0.0008,5.1750000000000004e-06,8.0,51.75000000000001,0.008685150774375962,1.035011265059371e+16,0.0,1.745296204103721e+17,1.745296204103721e+17,0.11400244841332961,-0.027962727976238763,0.027962727976238763,0.028018822207043666
nga_5e17,0.0,5e+17,deep,coupled_final,0.0,0.01,0.0,0.3,channel,0.0008,5.2500000000000006e-06,8.0,52.50000000000001,0.012954977240577875,1.2208856924835342e+16,0.0,1.7471857720628752e+17,1.7471857720628752e+17,0.09081555122073934,-0.027993002192563884,0.027993002192563884,0.02834690008784591
nga_5e17,0.0,5e+17,deep,coupled_final,0.0,0.01,0.0,0.3,channel,0.0008,5.325e-06,8.0,53.25,0.0174048894633717,1.450207809272375e+16,0.0,1.7490330592602224e+17,1.7490330592602224e+17,0.0715927906067484,-0.028022598996402654,0.028022598996402654,0.02874391142886318
nga_5e17,0.0,5e+17,deep,coupled_final,0.0,0.01,0.0,0.3,channel,0.0008,5.4e-06,8.0,54.0,0.022037409626461158,1.7348149376188222e+16,0.0,1.7508306427364173e+17,1.7508306427364173e+17,0.05583887362076033,-0.028051399458834895,0.028051399458834895,0.029228702782201937
nga_5e17,0.0,5e+17,deep,coupled_final,0.0,0.01,0.0,0.3,channel,0.000825,3e-06,8.25,30.0,-0.04104340079165093,1495765982537084.2,0.0,1.7125132121406893e+17,1.7125132121406893e+17,1.5395868365427008,-0.02743748653908097,0.02743748653908097,0.02607495803579627
nga_5e17,0.0,5e+17,deep,coupled_final,0.0,0.01,0.0,0.3,channel,0.000825,3.075e-06,8.25,30.750000000000004,-0.04165831248602272,1460607714877032.2,0.0,1.711963388277853e+17,1.711963388277853e+17,1.5885659474031975,-0.027428677389622454,0.027428677389622454,0.026060515910844066
nga_5e17,0.0,5e+17,deep,coupled_final,0.0,0.01,0.0,0.3,channel,0.000825,3.1500000000000003e-06,8.25,31.500000000000004,-0.04210766365333479,1435439268654015.2,0.0,1.7115589760449994e+17,1.7115589760449994e+17,1.6253230719092255,-0.027422197991322634,0.027422197991322634,0.026050004082898988
nga_5e17,0.0,5e+17,deep,coupled_final,0.0,0.01,0.0,0.3,channel,0.000825,3.225e-06,8.25,32.25,-0.04239152107448454,1419764222844837.5,0.0,1.7113023601811693e+17,1.7113023601811693e+17,1.6489721953639547,-0.02741808655191321,0.02741808655191321,0.026043381224276328
nga_5e17,0.0,5e+17,deep,coupled_final,0.0,0.01,0.0,0.3,channel,0.000825,3.3e-06,8.25,33.0,-0.0425099268240326,1413276374368800.2,0.0,1.7111950546904022e+17,1.7111950546904022e+17,1.6589366405613482,-0.027416367328413144,0.027416367328413144,0.026040622532852938
nga_5e17,0.0,5e+17,deep,coupled_final,0.0,0.01,0.0,0.3,channel,0.000825,3.3750000000000003e-06,8.25,33.75,-0.042462898427768896,1415849661110314.8,0.0,1.711237692839465e+17,1.711237692839465e+17,1.6549718978958379,-0.027417050466874596,0.027417050466874596,0.02604171795730337
nga_5e17,0.0,5e+17,deep,coupled_final,0.0,0.01,0.0,0.3,channel,0.000825,3.45e-06,8.25,34.5,-0.042250428926567954,1427534035863396.8,0.0,1.7114300229857117e+17,1.7114300229857117e+17,1.637175362949038,-0.0274201319355379,0.0274201319355379,0.026046671469187904
nga_5e17,0.0,5e+17,deep,coupled_final,0.0,0.01,0.0,0.3,channel,0.000825,3.525e-06,8.25,35.25,-0.041872486851157874,1448557099712455.0,0.0,1.7117709102341584e+17,1.7117709102341584e+17,1.605982453653673,-0.0274255935513808,0.0274255935513808,0.026055501351198208
nga_5e17,0.0,5e+17,deep,coupled_final,0.0,0.01,0.0,0.3,channel,0.000825,3.6000000000000003e-06,8.25,36.0,-0.04132901610597178,1479331570575990.5,0.0,1.7122583439241693e+17,1.7122583439241693e+17,1.5621493177400312,-0.027433403100068397,0.027433403100068397,0.026068241513699936
nga_5e17,0.0,5e+17,deep,coupled_final,0.0,0.01,0.0,0.3,channel,0.000825,3.6750000000000004e-06,8.25,36.75000000000001,-0.04061993575371775,1520468934442596.2,0.0,1.7128894509470074e+17,1.7128894509470074e+17,1.5067230655032267,-0.027443514549323842,0.027443514549323842,0.026084943895272522
nga_5e17,0.0,5e+17,deep,coupled_final,0.0,0.01,0.0,0.3,channel,0.000825,3.7500000000000005e-06,8.25,37.50000000000001,-0.03974513968541688,1572799919781395.8,0.0,1.7136605148944694e+17,1.7136605148944694e+17,1.4410011241435154,-0.02745586835572328,0.02745586835572328,0.026105682049866363
nga_5e17,0.0,5e+17,deep,coupled_final,0.0,0.01,0.0,0.3,channel,0.000825,3.825000000000001e-06,8.25,38.25000000000001,-0.038704496153120535,1637402767883791.2,0.0,1.7145670010344237e+17,1.7145670010344237e+17,1.3664818642428125,-0.027470391864848072,0.027470391864848072,0.026130556076363103
nga_5e17,0.0,5e+17,deep,coupled_final,0.0,0.01,0.0,0.3,channel,0.000825,3.9e-06,8.25,39.0,-0.037497847133989536,1715640664689421.0,0.0,1.715603587099845e+17,1.715603587099845e+17,1.2848090610762404,-0.027486999804579554,0.027486999804579554,0.026159699109110115
nga_5e17,0.0,5e+17,deep,coupled_final,0.0,0.01,0.0,0.3,channel,0.000825,3.975e-06,8.25,39.75,-0.03612500748450151,1809210178894510.0,0.0,1.716764199862519e+17,1.716764199862519e+17,1.1977129993202955,-0.02750559487107434,0.02750559487107434,0.02619328566453631
nga_5e17,0.0,5e+17,deep,coupled_final,0.0,0.01,0.0,0.3,channel,0.000825,4.05e-06,8.25,40.5,-0.03458576383176102,1920203149648199.0,0.0,1.718042057439916e+17,1.718042057439916e+17,1.1069510980222144,-0.027526068406595192,0.027526068406595192,0.026231542234485147
nga_5e17,0.0,5e+17,deep,coupled_final,0.0,0.01,0.0,0.3,channel,0.000825,4.125e-06,8.25,41.25,-0.032879873134613616,2051185227443766.2,0.0,1.7194297172529645e+17,1.7194297172529645e+17,1.0142508254381781,-0.027548301167879263,0.027548301167879263,0.0262747606382209
nga_5e17,0.0,5e+17,deep,coupled_final,0.0,0.01,0.0,0.3,channel,0.000825,4.2000000000000004e-06,8.25,42.00000000000001,-0.031007060829739704,2205295249973843.5,0.0,1.720919129513602e+17,1.720919129513602e+17,0.9212574051349359,-0.027572164183103126,0.027572164183103126,0.026323314801161055
nga_5e17,0.0,5e+17,deep,coupled_final,0.0,0.01,0.0,0.3,channel,0.000825,4.2750000000000006e-06,8.25,42.75000000000001,-0.02896701845613403,2386370905571030.5,0.0,1.72250169607442e+17,1.72250169607442e+17,0.8294884110931143,-0.027597519694758047,0.027597519694758047,0.02637768183125438
nga_5e17,0.0,5e+17,deep,coupled_final,0.0,0.01,0.0,0.3,channel,0.000825,4.350000000000001e-06,8.25,43.50000000000001,-0.026759400624074257,2599107801238156.0,0.0,1.7241683344192845e+17,1.7241683344192845e+17,0.7402968444301471,-0.027624222184892754,0.027624222184892754,0.02643846852973184
nga_5e17,0.0,5e+17,deep,coupled_final,0.0,0.01,0.0,0.3,channel,0.000825,4.425e-06,8.25,44.25,-0.024383821160157672,2849261247194933.5,0.0,1.725909546513808e+17,1.725909546513808e+17,0.6548437173331697,-0.02765211947821959,0.02765211947821959,0.026506444823661334
nga_5e17,0.0,5e+17,deep,coupled_final,0.0,0.01,0.0,0.3,channel,0.000825,4.5e-06,8.25,45.0,-0.021839848216011433,3143902982871079.5,0.0,1.727715492166849e+17,1.727715492166849e+17,0.5740805828806255,-0.02768105391749535,0.02768105391749535,0.026582586073367245
nga_5e17,0.0,5e+17,deep,coupled_final,0.0,0.01,0.0,0.3,channel,0.000825,4.575e-06,8.25,45.75,-0.019126998071900794,3491748958924598.0,0.0,1.7295760664760384e+17,1.7295760664760384e+17,0.49874188386247237,-0.027710863604335393,0.027710863604335393,0.026668126829713677
nga_5e17,0.0,5e+17,deep,coupled_final,0.0,0.01,0.0,0.3,channel,0.000825,4.65e-06,8.25,46.50000000000001,-0.016244727293718744,3903579515245311.5,0.0,1.7314809808385686e+17,1.7314809808385686e+17,0.4293464864834106,-0.02774138369714956,0.02774138369714956,0.026764629451978272
nga_5e17,0.0,5e+17,deep,coupled_final,0.0,0.01,0.0,0.3,channel,0.000825,4.7250000000000005e-06,8.25,47.25000000000001,-0.013192422807433159,4392780358493399.5,0.0,1.7334198469035955e+17,1.7334198469035955e+17,0.3662073453152977,-0.027772447756207977,0.027772447756207977,0.026874072127075207
nga_5e17,0.0,5e+17,deep,coupled_final,0.0,0.01,0.0,0.3,channel,0.000825,4.8e-06,8.25,48.0,-0.009969389331811795,4976042353306733.0,0.0,1.73538226273262e+17,1.73538226273262e+17,0.3094479330763334,-0.027803889124082527,0.027803889124082527,0.02699896236890877
nga_5e17,0.0,5e+17,deep,coupled_final,0.0,0.01,0.0,0.3,channel,0.000825,4.875e-06,8.25,48.75,-0.006574833448371865,5674271307343960.0,0.0,1.7373579003350755e+17,1.7373579003350755e+17,0.25902387056461146,-0.027835542328121587,0.027835542328121587,0.0271424841844819
nga_5e17,0.0,5e+17,deep,coupled_final,0.0,0.01,0.0,0.3,channel,0.000825,4.95e-06,8.25,49.5,-0.003007843373619381,6513777100089672.0,0.0,1.7393365936733222e+17,1.7393365936733222e+17,0.2147481066610855,-0.02786724449044549,0.02786724449044549,0.027308690003330284
nga_5e17,0.0,5e+17,deep,coupled_final,0.0,0.01,0.0,0.3,channel,0.000825,5.025e-06,8.25,50.25,0.000732636785735956,7527836780015241.0,0.0,1.741308426184675e+17,1.741308426184675e+17,0.17631801800034078,-0.027898836730203998,0.027898836730203998,0.027502752515554618
nga_5e17,0.0,5e+17,deep,coupled_final,0.0,0.01,0.0,0.3,channel,0.000825,5.1e-06,8.25,51.0,0.004647839894498177,8758761716789353.0,0.0,1.7432638168253946e+17,1.7432638168253946e+17,0.14334291155932524,-0.02793016554215303,0.02793016554215303,0.02773129724469439
nga_5e17,0.0,5e+17,deep,coupled_final,0.0,0.01,0.0,0.3,channel,0.000825,5.1750000000000004e-06,8.25,51.75000000000001,0.008739217880445843,1.0260649122485074e+16,0.0,1.745193603573514e+17,1.745193603573514e+17,0.1153706059967982,-0.027961084134517426,0.027961084134517426,0.028002844727889248
nga_5e17,0.0,5e+17,deep,coupled_final,0.0,0.01,0.0,0.3,channel,0.000825,5.2500000000000006e-06,8.25,52.50000000000001,0.013008495864674034,1.2103070138019398e+16,0.0,1.747089123234335e+17,1.747089123234335e+17,0.09191201744517538,-0.02799145370761598,0.02799145370761598,0.028328402691095763
nga_5e17,0.0,5e+17,deep,coupled_final,0.0,0.01,0.0,0.3,channel,0.000825,5.325e-06,8.25,53.25,0.017457742092862816,1.4376050742157212e+16,0.0,1.7489422863255968e+17,1.7489422863255968e+17,0.07246295431757452,-0.028021144653654087,0.028021144653654087,0.028722265278482352
nga_5e17,0.0,5e+17,deep,coupled_final,0.0,0.01,0.0,0.3,channel,0.000825,5.4e-06,8.25,54.0,0.02208945874491769,1.7196854316783754e+16,0.0,1.750745645841801e+17,1.750745645841801e+17,0.056522604885301544,-0.028050037658449725,0.028050037658449725,0.02920310084091502
nga_5e17,0.0,5e+17,deep,coupled_final,0.0,0.01,0.0,0.3,channel,0.0008500000000000001,3e-06,8.5,30.0,-0.04099655185799788,1482282937272358.0,0.0,1.7123043882159094e+17,1.7123043882159094e+17,1.5580551514653262,-0.027434140810951947,0.027434140810951947,0.026069452085659413
nga_5e17,0.0,5e+17,deep,coupled_final,0.0,0.01,0.0,0.3,channel,0.0008500000000000001,3.075e-06,8.5,30.750000000000004,-0.04161068461033478,1447485204453003.8,0.0,1.711753687397547e+17,1.711753687397547e+17,1.6075477552583097,-0.027425317611116898,0.027425317611116898,0.026055053674380428
nga_5e17,0.0,5e+17,deep,coupled_final,0.0,0.01,0.0,0.3,channel,0.0008500000000000001,3.1500000000000003e-06,8.5,31.500000000000004,-0.042059291536837115,1422583832120920.2,0.0,1.7113487941138854e+17,1.7113487941138854e+17,1.6446741300802459,-0.02741883050553344,0.02741883050553344,0.026044576929106472
nga_5e17,0.0,5e+17,deep,coupled_final,0.0,0.01,0.0,0.3,channel,0.0008500000000000001,3.225e-06,8.5,32.25,-0.04234243919552528,1407087798953625.0,0.0,1.7110920934982915e+17,1.7110920934982915e+17,1.668539667861515,-0.027414717708251057,0.027414717708251057,0.02603798139359806
nga_5e17,0.0,5e+17,deep,coupled_final,0.0,0.01,0.0,0.3,channel,0.0008500000000000001,3.3e-06,8.5,33.0,-0.04246016948737874,1400694474186623.2,0.0,1.710985098495721e+17,1.710985098495721e+17,1.6785626292699993,-0.027413003459320327,0.027413003459320327,0.026035242821111797
nga_5e17,0.0,5e+17,deep,coupled_final,0.0,0.01,0.0,0.3,channel,0.0008500000000000001,3.3750000000000003e-06,8.5,33.75,-0.04241249981037381,1403279660972508.5,0.0,1.7110284398880656e+17,1.7110284398880656e+17,1.6744971654282774,-0.02741369786498132,0.02741369786498132,0.02603635141935908
nga_5e17,0.0,5e+17,deep,coupled_final,0.0,0.01,0.0,0.3,channel,0.0008500000000000001,3.45e-06,8.5,34.5,-0.04219942312169332,1414893532427905.5,0.0,1.711221862146963e+17,1.711221862146963e+17,1.65644310487848,-0.027416796831218327,0.027416796831218327,0.0260413111329437
nga_5e17,0.0,5e+17,deep,coupled_final,0.0,0.01,0.0,0.3,channel,0.0008500000000000001,3.525e-06,8.5,35.25,-0.041820907912666835,1435762271823854.8,0.0,1.7115642251129965e+17,1.7115642251129965e+17,1.6248419754390917,-0.027422282090663587,0.027422282090663587,0.02605013993305308
nga_5e17,0.0,5e+17,deep,coupled_final,0.0,0.01,0.0,0.3,channel,0.0008500000000000001,3.6000000000000003e-06,8.5,36.0,-0.04127689809460107,1466295492939596.2,0.0,1.7120535115017533e+17,1.7120535115017533e+17,1.5804594767370361,-0.027430121322857593,0.027430121322857593,0.026062871126590323
nga_5e17,0.0,5e+17,deep,coupled_final,0.0,0.01,0.0,0.3,channel,0.0008500000000000001,3.6750000000000004e-06,8.5,36.75000000000001,-0.040567312787183576,1507099785770633.2,0.0,1.7126868402382976e+17,1.7126868402382976e+17,1.524355350727587,-0.027440268367890912,0.027440268367890912,0.026079555740077722
nga_5e17,0.0,5e+17,deep,coupled_final,0.0,0.01,0.0,0.3,channel,0.0008500000000000001,3.7500000000000005e-06,8.5,37.50000000000001,-0.03969204599431504,1558999022952706.0,0.0,1.7134604856208154e+17,1.7134604856208154e+17,1.4578422651238783,-0.02745266353343963,0.02745266353343963,0.026100266080139996
nga_5e17,0.0,5e+17,deep,coupled_final,0.0,0.01,0.0,0.3,channel,0.0008500000000000001,3.825000000000001e-06,8.5,38.25000000000001,-0.03865096614475069,1623062391427421.5,0.0,1.71436990231001e+17,1.71436990231001e+17,1.382435884162204,-0.027467233995139603,0.027467233995139603,0.02612510062504652
nga_5e17,0.0,5e+17,deep,coupled_final,0.0,0.01,0.0,0.3,channel,0.0008500000000000001,3.9e-06,8.5,39.0,-0.03744391546647513,1700641503026796.5,0.0,1.7154097561318026e+17,1.7154097561318026e+17,1.2997987169475866,-0.02748389429010012,0.02748389429010012,0.026154190463996137
nga_5e17,0.0,5e+17,deep,coupled_final,0.0,0.01,0.0,0.3,channel,0.0008500000000000001,3.975e-06,8.5,39.75,-0.03607070915390235,1793418412471238.2,0.0,1.7165739606656768e+17,1.7165739606656768e+17,1.2116805814649936,-0.027502546903113823,0.027502546903113823,0.0261877075766585
nga_5e17,0.0,5e+17,deep,coupled_final,0.0,0.01,0.0,0.3,channel,0.0008500000000000001,4.05e-06,8.5,40.5,-0.034531134275301724,1903466964255670.8,0.0,1.7178557195684586e+17,1.7178557195684586e+17,1.1198585908523746,-0.027523082944758408,0.027523082944758408,0.026225875340130544
nga_5e17,0.0,5e+17,deep,coupled_final,0.0,0.01,0.0,0.3,channel,0.0008500000000000001,4.125e-06,8.5,41.25,-0.03282494835369979,2033330643162445.5,0.0,1.7192475745526406e+17,1.7192475745526406e+17,1.0260794597752037,-0.027545382920094136,0.027545382920094136,0.02626898177066124
nga_5e17,0.0,5e+17,deep,coupled_final,0.0,0.01,0.0,0.3,channel,0.0008500000000000001,4.2000000000000004e-06,8.5,42.00000000000001,-0.030951877537134402,2186121072208551.0,0.0,1.7207414588995e+17,1.7207414588995e+17,0.9320066575011074,-0.027569317586038502,0.027569317586038502,0.02631739616213726
nga_5e17,0.0,5e+17,deep,coupled_final,0.0,0.01,0.0,0.3,channel,0.0008500000000000001,4.2750000000000006e-06,8.5,42.75000000000001,-0.028911614252558008,2365642560802362.5,0.0,1.72232875634061e+17,1.72232875634061e+17,0.8391745263301115,-0.027594748894752042,0.027594748894752042,0.026371589984283392
nga_5e17,0.0,5e+17,deep,coupled_final,0.0,0.01,0.0,0.3,channel,0.0008500000000000001,4.350000000000001e-06,8.5,43.50000000000001,-0.026703814210625412,2576549754589632.0,0.0,1.7240003650878157e+17,1.7240003650878157e+17,0.7489509736986766,-0.027621531019511675,0.027621531019511675,0.026432163166825867
nga_5e17,0.0,5e+17,deep,coupled_final,0.0,0.01,0.0,0.3,channel,0.0008500000000000001,4.425e-06,8.5,44.25,-0.02432809259438468,2824547612538672.5,0.0,1.7257467667317274e+17,1.7257467667317274e+17,0.6625097734582055,-0.02764951145858622,0.02764951145858622,0.026499877243229216
nga_5e17,0.0,5e+17,deep,coupled_final,0.0,0.01,0.0,0.3,channel,0.0008500000000000001,4.5e-06,8.5,45.0,-0.0217840192213113,3116645821874465.5,0.0,1.727558099661243e+17,1.727558099661243e+17,0.580812918923591,-0.027678532211546866,0.027678532211546866,0.026575697288772963
nga_5e17,0.0,5e+17,deep,coupled_final,0.0,0.01,0.0,0.3,channel,0.0008500000000000001,4.575e-06,8.5,45.75,-0.019071112412256563,3461483613397996.0,0.0,1.7294242365788003e+17,1.7294242365788003e+17,0.5046028989004673,-0.027708431021198417,0.027708431021198417,0.02666084520363443
nga_5e17,0.0,5e+17,deep,coupled_final,0.0,0.01,0.0,0.3,channel,0.0008500000000000001,4.65e-06,8.5,46.50000000000001,-0.016188831228806044,3869746113807024.5,0.0,1.7313348655946512e+17,1.7313348655946512e+17,0.4344042554211217,-0.027739042672852803,0.027739042672852803,0.026756867719158195
nga_5e17,0.0,5e+17,deep,coupled_final,0.0,0.01,0.0,0.3,channel,0.0008500000000000001,4.7250000000000005e-06,8.5,47.25000000000001,-0.013136565647009895,4354700364917002.0,0.0,1.7332795742784784e+17,1.7332795742784784e+17,0.3705333580856717,-0.027770200340984454,0.027770200340984454,0.02686572362425858
nga_5e17,0.0,5e+17,deep,coupled_final,0.0,0.01,0.0,0.3,channel,0.0008500000000000001,4.8e-06,8.5,48.0,-0.00991362411334188,4932888653126556.0,0.0,1.735247935935861e+17,1.735247935935861e+17,0.3131150140243419,-0.027801736971531654,0.027801736971531654,0.026989896231347964
nga_5e17,0.0,5e+17,deep,coupled_final,0.0,0.01,0.0,0.3,channel,0.0008500000000000001,4.875e-06,8.5,48.75,-0.0065192177683992365,5625029823128859.0,0.0,1.737229597276274e+17,1.737229597276274e+17,0.2621043324737217,-0.02783348668649276,0.02783348668649276,0.027132539187309783
nga_5e17,0.0,5e+17,deep,coupled_final,0.0,0.01,0.0,0.3,channel,0.0008500000000000001,4.95e-06,8.5,49.5,-0.0029524404120176207,6457197229194959.0,0.0,1.7392143665647046e+17,1.7392143665647046e+17,0.2173121769523046,-0.027865286196270805,0.027865286196270805,0.02729766661444537
nga_5e17,0.0,5e+17,deep,coupled_final,0.0,0.01,0.0,0.3,channel,0.0008500000000000001,5.025e-06,8.5,50.25,0.0007877569981509817,7462366981413928.0,0.0,1.7411923013020685e+17,1.7411923013020685e+17,0.17843255799361732,-0.027896976204468616,0.027896976204468616,0.027490402571664067
nga_5e17,0.0,5e+17,deep,coupled_final,0.0,0.01,0.0,0.3,channel,0.0008500000000000001,5.1e-06,8.5,51.0,0.00470259889940531,8682465217582906.0,0.0,1.7431537944384765e+17,1.7431537944384765e+17,0.14507043398533032,-0.02792840278917766,0.02792840278917766,0.027717310444890567
nga_5e17,0.0,5e+17,deep,coupled_final,0.0,0.01,0.0,0.3,channel,0.0008500000000000001,5.1750000000000004e-06,8.5,51.75000000000001,0.008793526820699964,1.0171092793346902e+16,0.0,1.7450896580575334e+17,1.7450896580575334e+17,0.11676858181844844,-0.0279594187437483,0.0279594187437483,0.027986830831322917
nga_5e17,0.0,5e+17,deep,coupled_final,0.0,0.01,0.0,0.3,channel,0.0008500000000000001,5.2500000000000006e-06,8.5,52.50000000000001,0.01306225300513485,1.1997176832517798e+16,0.0,1.7469912033769744e+17,1.7469912033769744e+17,0.09303245124915085,-0.0279898848585413,0.0279898848585413,0.028309867864043915
nga_5e17,0.0,5e+17,deep,coupled_final,0.0,0.01,0.0,0.3,channel,0.0008500000000000001,5.325e-06,8.5,53.25,0.017510829683105786,1.4249901395531726e+16,0.0,1.7488503158407034e+17,1.7488503158407034e+17,0.07335219875798145,-0.02801967112403495,0.02801967112403495,0.02870058039530744
nga_5e17,0.0,5e+17,deep,coupled_final,0.0,0.01,0.0,0.3,channel,0.0008500000000000001,5.4e-06,8.5,54.0,0.02214173902244543,1.7045420209675324e+16,0.0,1.7506595240954022e+17,1.7506595240954022e+17,0.05722137913240785,-0.02804865783595213,0.02804865783595213,0.029177458599617453
nga_5e17,0.0,5e+17,deep,coupled_final,0.0,0.01,0.0,0.3,channel,0.0008750000000000001,3e-06,8.750000000000002,30.0,-0.04094946370730332,1468793611556775.5,0.0,1.7120929490377213e+17,1.7120929490377213e+17,1.5769217983645314,-0.027430753181843896,0.027430753181843896,0.026063903228304368
nga_5e17,0.0,5e+17,deep,coupled_final,0.0,0.01,0.0,0.3,channel,0.0008750000000000001,3.075e-06,8.750000000000002,30.750000000000004,-0.04156281358733307,1434355986774388.8,0.0,1.7115413604680413e+17,1.7115413604680413e+17,1.6269383780408715,-0.027421915758664667,0.027421915758664667,0.026049548289349463
nga_5e17,0.0,5e+17,deep,coupled_final,0.0,0.01,0.0,0.3,channel,0.0008750000000000001,3.1500000000000003e-06,8.750000000000002,31.500000000000004,-0.042010672616885104,1409721261522339.8,0.0,1.711135979864409e+17,1.711135979864409e+17,1.6644414189723424,-0.027415420845354505,0.027415420845354505,0.026039106457920912
nga_5e17,0.0,5e+17,deep,coupled_final,0.0,0.01,0.0,0.3,channel,0.0008750000000000001,3.225e-06,8.750000000000002,32.25,-0.042293107132175455,1394403803736368.2,0.0,1.7108791927612538e+17,1.7108791927612538e+17,1.6885275504303852,-0.027411306662388626,0.027411306662388626,0.02603253814765934
nga_5e17,0.0,5e+17,deep,coupled_final,0.0,0.01,0.0,0.3,channel,0.0008750000000000001,3.3e-06,8.750000000000002,33.0,-0.04241015886122428,1388104545159707.5,0.0,1.71077251103816e+17,1.71077251103816e+17,1.6986098751863838,-0.02740959743274847,0.02740959743274847,0.026029819665528878
nga_5e17,0.0,5e+17,deep,coupled_final,0.0,0.01,0.0,0.3,channel,0.0008750000000000001,3.3750000000000003e-06,8.750000000000002,33.75,-0.04236184507437595,1390701144664816.8,0.0,1.7108165629730547e+17,1.7108165629730547e+17,1.694441186382392,-0.027410303222556175,0.027410303222556175,0.026030941476442082
nga_5e17,0.0,5e+17,deep,coupled_final,0.0,0.01,0.0,0.3,channel,0.0008750000000000001,3.45e-06,8.750000000000002,34.5,-0.042148158644874735,1402243986064350.5,0.0,1.711011089120115e+17,1.711011089120115e+17,1.676123804536826,-0.027413419875031396,0.027413419875031396,0.02603590749599533
nga_5e17,0.0,5e+17,deep,coupled_final,0.0,0.01,0.0,0.3,channel,0.0008750000000000001,3.525e-06,8.750000000000002,35.25,-0.04176906802398933,1422957824790880.8,0.0,1.7113549440111555e+17,1.7113549440111555e+17,1.6441055018418613,-0.027418929037750513,0.027418929037750513,0.026044735381555256
nga_5e17,0.0,5e+17,deep,coupled_final,0.0,0.01,0.0,0.3,channel,0.0008750000000000001,3.6000000000000003e-06,8.750000000000002,36.0,-0.04122451712883695,1453249159743561.8,0.0,1.711846103681055e+17,1.711846103681055e+17,1.5991617347306721,-0.027426798283217275,0.027426798283217275,0.0260574578339294
nga_5e17,0.0,5e+17,deep,coupled_final,0.0,0.01,0.0,0.3,channel,0.0008750000000000001,3.6750000000000004e-06,8.750000000000002,36.75000000000001,-0.04051442513463746,1493719673140191.0,0.0,1.7124816790190723e+17,1.7124816790190723e+17,1.5423651445589197,-0.027436981322774456,0.027436981322774456,0.02607412496457959
nga_5e17,0.0,5e+17,deep,coupled_final,0.0,0.01,0.0,0.3,channel,0.0008750000000000001,3.7500000000000005e-06,8.750000000000002,37.50000000000001,-0.03963868615635903,1545186368602315.2,0.0,1.7132579349473632e+17,1.7132579349473632e+17,1.4750439603739678,-0.027449418313877573,0.027449418313877573,0.026094807829372565
nga_5e17,0.0,5e+17,deep,coupled_final,0.0,0.01,0.0,0.3,channel,0.0008750000000000001,3.825000000000001e-06,8.750000000000002,38.25000000000001,-0.03859716879730548,1608709363754345.0,0.0,1.7141703154240346e+17,1.7141703154240346e+17,1.398731502543617,-0.02746403626068798,0.02746403626068798,0.026119603282038398
nga_5e17,0.0,5e+17,deep,coupled_final,0.0,0.01,0.0,0.3,channel,0.0008750000000000001,3.9e-06,8.750000000000002,39.0,-0.03738971553381172,1685628679123852.8,0.0,1.7152134742592816e+17,1.7152134742592816e+17,1.315109405587651,-0.027480749507801813,0.027480749507801813,0.026148640362131062
nga_5e17,0.0,5e+17,deep,coupled_final,0.0,0.01,0.0,0.3,channel,0.0008750000000000001,3.975e-06,8.750000000000002,39.75,-0.036016141895464995,1777611835518313.2,0.0,1.7163813117181133e+17,1.7163813117181133e+17,1.2259474284112117,-0.027499460326690314,0.027499460326690314,0.026182088507409242
nga_5e17,0.0,5e+17,deep,coupled_final,0.0,0.01,0.0,0.3,channel,0.0008750000000000001,4.05e-06,8.750000000000002,40.5,-0.03447623538867943,1886714659504922.2,0.0,1.7176670168607766e+17,1.7176670168607766e+17,1.1330427888594121,-0.0275200595940682,0.0275200595940682,0.02622016797431661
nga_5e17,0.0,5e+17,deep,coupled_final,0.0,0.01,0.0,0.3,channel,0.0008750000000000001,4.125e-06,8.750000000000002,41.25,-0.03276975409742313,2015458442844956.5,0.0,1.7190631155414086e+17,1.7190631155414086e+17,1.038161849224823,-0.02754242756091687,0.02754242756091687,0.026263162969309292
nga_5e17,0.0,5e+17,deep,coupled_final,0.0,0.01,0.0,0.3,channel,0.0008750000000000001,4.2000000000000004e-06,8.750000000000002,42.00000000000001,-0.03089642487767565,2166927561708108.0,0.0,1.7205615239465392e+17,1.7205615239465392e+17,0.942986705009282,-0.027566434710265764,0.027566434710265764,0.026311438146959694
nga_5e17,0.0,5e+17,deep,coupled_final,0.0,0.01,0.0,0.3,channel,0.0008750000000000001,4.2750000000000006e-06,8.750000000000002,42.75000000000001,-0.028855941040804477,2344892908574379.5,0.0,1.722153607508373e+17,1.722153607508373e+17,0.8490688169273842,-0.02759194270108722,0.02759194270108722,0.026365459329822236
nga_5e17,0.0,5e+17,deep,coupled_final,0.0,0.01,0.0,0.3,channel,0.0008750000000000001,4.350000000000001e-06,8.750000000000002,43.50000000000001,-0.026647959394228874,2553968122757795.0,0.0,1.7238302449741248e+17,1.7238302449741248e+17,0.7577913104844517,-0.027618805394800387,0.027618805394800387,0.026425819565826722
nga_5e17,0.0,5e+17,deep,coupled_final,0.0,0.01,0.0,0.3,channel,0.0008750000000000001,4.425e-06,8.750000000000002,44.25,-0.02427209647383031,2799807758707713.0,0.0,1.725581897352625e+17,1.725581897352625e+17,0.6703409887448921,-0.02764686995991762,0.02764686995991762,0.02649327198298696
nga_5e17,0.0,5e+17,deep,coupled_final,0.0,0.01,0.0,0.3,channel,0.0008750000000000001,4.5e-06,8.750000000000002,45.0,-0.021727923759385846,3089359388368946.0,0.0,1.727398681392049e+17,1.727398681392049e+17,0.5876905048948579,-0.027675978049287512,0.027675978049287512,0.02656877135789484
nga_5e17,0.0,5e+17,deep,coupled_final,0.0,0.01,0.0,0.3,channel,0.0008750000000000001,4.575e-06,8.750000000000002,45.75,-0.019014961608943292,3431185448105313.5,0.0,1.7292704471651632e+17,1.7292704471651632e+17,0.5105905638848217,-0.02770596704314756,0.02770596704314756,0.026653526924335074
nga_5e17,0.0,5e+17,deep,coupled_final,0.0,0.01,0.0,0.3,channel,0.0008750000000000001,4.65e-06,8.750000000000002,46.50000000000001,-0.016132671576648383,3835875763505665.0,0.0,1.731186859247441e+17,1.731186859247441e+17,0.4395715045967831,-0.027736671349740966,0.027736671349740966,0.026749069767662535
nga_5e17,0.0,5e+17,deep,coupled_final,0.0,0.01,0.0,0.3,channel,0.0008750000000000001,4.7250000000000005e-06,8.750000000000002,47.25000000000001,-0.013080446685872854,4316578608431511.0,0.0,1.73313748086844e+17,1.73313748086844e+17,0.3749531857352048,-0.027767923753570366,0.027767923753570366,0.026857339258095685
nga_5e17,0.0,5e+17,deep,coupled_final,0.0,0.01,0.0,0.3,channel,0.0008750000000000001,4.8e-06,8.750000000000002,48.0,-0.009857599108539025,4889687571086321.0,0.0,1.73511186030516e+17,1.73511186030516e+17,0.3168617795933447,-0.02779955679957199,0.02779955679957199,0.026980794482967467
nga_5e17,0.0,5e+17,deep,coupled_final,0.0,0.01,0.0,0.3,channel,0.0008750000000000001,4.875e-06,8.750000000000002,48.75,-0.006463344542719804,5575734395362851.0,0.0,1.737099618683625e+17,1.737099618683625e+17,0.26525187600980615,-0.027831404199852135,0.027831404199852135,0.027122558702416182
nga_5e17,0.0,5e+17,deep,coupled_final,0.0,0.01,0.0,0.3,channel,0.0008750000000000001,4.95e-06,8.750000000000002,49.5,-0.0028967823707983773,6400555754948661.0,0.0,1.739090538278658e+17,1.739090538278658e+17,0.219932212223342,-0.02786330224840548,0.02786330224840548,0.02728660770192478
nga_5e17,0.0,5e+17,deep,coupled_final,0.0,0.01,0.0,0.3,channel,0.0008750000000000001,5.025e-06,8.750000000000002,50.25,0.0008431295984029092,7396826651687215.0,0.0,1.7410746503544506e+17,1.7410746503544506e+17,0.18059336461891806,-0.027895091228476204,0.027895091228476204,0.02747801687718437
nga_5e17,0.0,5e+17,deep,coupled_final,0.0,0.01,0.0,0.3,channel,0.0008750000000000001,5.1e-06,8.750000000000002,51.0,0.004757607373235782,8606087815169980.0,0.0,1.7430423215489408e+17,1.7430423215489408e+17,0.1468358539158911,-0.027926616796588276,0.027926616796588276,0.02770328744335002
nga_5e17,0.0,5e+17,deep,coupled_final,0.0,0.01,0.0,0.3,channel,0.0008750000000000001,5.1750000000000004e-06,8.750000000000002,51.75000000000001,0.008848082080964867,1.0081443578732304e+16,0.0,1.7449843377414374e+17,1.7449843377414374e+17,0.11819731110105593,-0.02795773132625295,0.02795773132625295,0.027970780026136375
nga_5e17,0.0,5e+17,deep,coupled_final,0.0,0.01,0.0,0.3,channel,0.0008750000000000001,5.2500000000000006e-06,8.750000000000002,52.50000000000001,0.013116253082204222,1.1891176926193924e+16,0.0,1.7468919842503776e+17,1.7468919842503776e+17,0.0941776059601036,-0.027988295192878508,0.027988295192878508,0.028291295141069293
nga_5e17,0.0,5e+17,deep,coupled_final,0.0,0.01,0.0,0.3,channel,0.0008750000000000001,5.325e-06,8.750000000000002,53.25,0.017564156585793272,1.4123629979466784e+16,0.0,1.7487571211345878e+17,1.7487571211345878e+17,0.07426112500655817,-0.02801817798022944,0.02801817798022944,0.028678856340265797
nga_5e17,0.0,5e+17,deep,coupled_final,0.0,0.01,0.0,0.3,channel,0.0008750000000000001,5.4e-06,8.750000000000002,54.0,0.022194254739385966,1.6893847000500014e+16,0.0,1.750572252384936e+17,1.750572252384936e+17,0.05793567136848265,-0.028047259588998952,0.028047259588998952,0.02915177564725616
nga_5e17,0.0,5e+17,deep,coupled_final,0.0,0.01,0.0,0.3,channel,0.0009000000000000001,3e-06,9.0,30.0,-0.04090213052308907,1455298080850476.8,0.0,1.711878838875907e+17,1.711878838875907e+17,1.5961990907760069,-0.027427322758860288,0.027427322758860288,0.02605831058292465
nga_5e17,0.0,5e+17,deep,coupled_final,0.0,0.01,0.0,0.3,channel,0.0009000000000000001,3.075e-06,9.0,30.750000000000004,-0.04151469351417538,1421220133700717.0,0.0,1.711326351566645e+17,1.711326351566645e+17,1.646750439494093,-0.02741847093628548,0.02741847093628548,0.02604399887128404
nga_5e17,0.0,5e+17,deep,coupled_final,0.0,0.01,0.0,0.3,channel,0.0009000000000000001,3.1500000000000003e-06,9.0,31.500000000000004,-0.041961800910827615,1396851625736182.8,0.0,1.710920477270862e+17,1.710920477270862e+17,1.684637778791846,-0.027411968113155032,0.027411968113155032,0.026033591782746977
nga_5e17,0.0,5e+17,deep,coupled_final,0.0,0.01,0.0,0.3,channel,0.0009000000000000001,3.225e-06,9.0,32.25,-0.04224351882855162,1381712303649059.2,0.0,1.7106636019307098e+17,1.7106636019307098e+17,1.7089488011336988,-0.027407852516476604,0.027407852516476604,0.026027050599258285
nga_5e17,0.0,5e+17,deep,coupled_final,0.0,0.01,0.0,0.3,channel,0.0009000000000000001,3.3e-06,9.0,33.0,-0.04235988882304132,1375506651835370.8,0.0,1.7105572363538442e+17,1.7105572363538442e+17,1.7190913529720202,-0.027406148352057444,0.027406148352057444,0.02602435217980566
nga_5e17,0.0,5e+17,deep,coupled_final,0.0,0.01,0.0,0.3,channel,0.0009000000000000001,3.3750000000000003e-06,9.0,33.75,-0.04231092803719193,1378114175304051.5,0.0,1.7106020062946755e+17,1.7106020062946755e+17,1.7148168504137413,-0.0274068656455885,0.0274068656455885,0.026025487244654134
nga_5e17,0.0,5e+17,deep,coupled_final,0.0,0.01,0.0,0.3,channel,0.0009000000000000001,3.45e-06,9.0,34.5,-0.042096629260053316,1389585458912477.2,0.0,1.710797648357516e+17,1.710797648357516e+17,1.6962301669410156,-0.02741000017700561,0.02741000017700561,0.02603045967832718
nga_5e17,0.0,5e+17,deep,coupled_final,0.0,0.01,0.0,0.3,channel,0.0009000000000000001,3.525e-06,9.0,35.25,-0.04171696090215199,1410143820214605.8,0.0,1.7111430117202336e+17,1.7111430117202336e+17,1.663785457822926,-0.027415533508105463,0.027415533508105463,0.026039286822038193
nga_5e17,0.0,5e+17,deep,coupled_final,0.0,0.01,0.0,0.3,channel,0.0009000000000000001,3.6000000000000003e-06,9.0,36.0,-0.0411718668853236,1440192632482988.5,0.0,1.7116360656790275e+17,1.7116360656790275e+17,1.6182681475117702,-0.02742343310342627,0.02742343310342627,0.02605200076784859
nga_5e17,0.0,5e+17,deep,coupled_final,0.0,0.01,0.0,0.3,channel,0.0009000000000000001,3.6750000000000004e-06,9.0,36.75000000000001,-0.040461266438834506,1480328658376777.2,0.0,1.712273913016513e+17,1.712273913016513e+17,1.5607640526655653,-0.027433652544428054,0.027433652544428054,0.026068650709137237
nga_5e17,0.0,5e+17,deep,coupled_final,0.0,0.01,0.0,0.3,channel,0.0009000000000000001,3.7500000000000005e-06,9.0,37.50000000000001,-0.03958505378685983,1531362019335937.0,0.0,1.7130528091949622e+17,1.7130528091949622e+17,1.4926172942154499,-0.027446131837002286,0.027446131837002286,0.026089306447559794
nga_5e17,0.0,5e+17,deep,coupled_final,0.0,0.01,0.0,0.3,channel,0.0009000000000000001,3.825000000000001e-06,9.0,38.25000000000001,-0.038543097705038776,1594343748724192.0,0.0,1.7139681873728195e+17,1.7139681873728195e+17,1.4153792220922277,-0.02746079781228065,0.02746079781228065,0.026114063208357637
nga_5e17,0.0,5e+17,deep,coupled_final,0.0,0.01,0.0,0.3,channel,0.0009000000000000001,3.9e-06,9.0,39.0,-0.03733524091551571,1670602258603465.5,0.0,1.7150146892340253e+17,1.7150146892340253e+17,1.3307509996234488,-0.027477564620575264,0.027477564620575264,0.02614304797691947
nga_5e17,0.0,5e+17,deep,coupled_final,0.0,0.01,0.0,0.3,channel,0.0009000000000000001,3.975e-06,9.0,39.75,-0.03596129928021138,1761790515980231.8,0.0,1.7161862016048595e+17,1.7161862016048595e+17,1.240522746520837,-0.02749633431804519,0.02749633431804519,0.026176427643915822
nga_5e17,0.0,5e+17,deep,coupled_final,0.0,0.01,0.0,0.3,channel,0.0009000000000000001,4.05e-06,9.0,40.5,-0.03442106074057889,1869946306285313.5,0.0,1.7174758988107427e+17,1.7174758988107427e+17,1.146512208309593,-0.0275169975453272,0.0275169975453272,0.026214419339203696
nga_5e17,0.0,5e+17,deep,coupled_final,0.0,0.01,0.0,0.3,channel,0.0009000000000000001,4.125e-06,9.0,41.25,-0.032714283938193846,1997568701032672.5,0.0,1.7188762906949677e+17,1.7188762906949677e+17,1.0505058081993162,-0.027539434296880688,0.027539434296880688,0.026257303452641115
nga_5e17,0.0,5e+17,deep,coupled_final,0.0,0.01,0.0,0.3,channel,0.0009000000000000001,4.2000000000000004e-06,9.0,42.00000000000001,-0.0308406964334583,2147714797480266.8,0.0,1.720379276182399e+17,1.720379276182399e+17,0.9542046599140472,-0.027563514779172724,0.027563514779172724,0.026305439991674614
nga_5e17,0.0,5e+17,deep,coupled_final,0.0,0.01,0.0,0.3,channel,0.0009000000000000001,4.2750000000000006e-06,9.0,42.75000000000001,-0.02879999241850015,2324122033311786.5,0.0,1.721976202224428e+17,1.721976202224428e+17,0.8591777032270124,-0.027589100355080373,0.027589100355080373,0.026359289122714045
nga_5e17,0.0,5e+17,deep,coupled_final,0.0,0.01,0.0,0.3,channel,0.0009000000000000001,4.350000000000001e-06,9.0,43.50000000000001,-0.026591829793770033,2531362996707590.0,0.0,1.723657927907653e+17,1.723657927907653e+17,0.7668236028706229,-0.02761604457102498,0.02761604457102498,0.026419437001574692
nga_5e17,0.0,5e+17,deep,coupled_final,0.0,0.01,0.0,0.3,channel,0.0009000000000000001,4.425e-06,9.0,44.25,-0.02421582644423685,2775041784549746.0,0.0,1.7254148934486912e+17,1.7254148934486912e+17,0.6783424667635484,-0.027644194262390925,0.027644194262390925,0.026486628338948853
nga_5e17,0.0,5e+17,deep,coupled_final,0.0,0.01,0.0,0.3,channel,0.0009000000000000001,4.5e-06,9.0,45.0,-0.0216715555082958,3062043790706504.5,0.0,1.7272371937303027e+17,1.7272371937303027e+17,0.5947178342614172,-0.02767339073170422,0.02767339073170422,0.026561807599079695
nga_5e17,0.0,5e+17,deep,coupled_final,0.0,0.01,0.0,0.3,channel,0.0009000000000000001,4.575e-06,9.0,45.75,-0.018958539377657097,3400854582881132.5,0.0,1.729114655956887e+17,1.729114655956887e+17,0.5167088017718512,-0.02770347099281073,0.02770347099281073,0.026646171333643127
nga_5e17,0.0,5e+17,deep,coupled_final,0.0,0.01,0.0,0.3,channel,0.0009000000000000001,4.65e-06,9.0,46.50000000000001,-0.016076242095741686,3801968598095348.0,0.0,1.7310369209168154e+17,1.7310369209168154e+17,0.4448516297596997,-0.027734269072842273,0.027734269072842273,0.026741234963949284
nga_5e17,0.0,5e+17,deep,coupled_final,0.0,0.01,0.0,0.3,channel,0.0009000000000000001,4.7250000000000005e-06,9.0,47.25000000000001,-0.013024059730321844,4278415239740819.0,0.0,1.732993527234101e+17,1.732993527234101e+17,0.37946974241036335,-0.027765617362077194,0.027765617362077194,0.02684891842084342
nga_5e17,0.0,5e+17,deep,coupled_final,0.0,0.01,0.0,0.3,channel,0.0009000000000000001,4.8e-06,9.0,48.0,-0.00980130817634267,4846439278642879.0,0.0,1.7349739978794544e+17,1.7349739978794544e+17,0.32069070892764184,-0.027797348000000274,0.027797348000000274,0.026971656543034416
nga_5e17,0.0,5e+17,deep,coupled_final,0.0,0.01,0.0,0.3,channel,0.0009000000000000001,4.875e-06,9.0,48.75,-0.006407207687571827,5526385221073413.0,0.0,1.7369679281066346e+17,1.7369679281066346e+17,0.2684685917487629,-0.027829294284198416,0.027829294284198416,0.02711254217736709
nga_5e17,0.0,5e+17,deep,coupled_final,0.0,0.01,0.0,0.3,channel,0.0009000000000000001,4.95e-06,9.0,49.5,-0.0028408632279726567,6343852906108627.0,0.0,1.7389650739019248e+17,1.7389650739019248e+17,0.22260995974836062,-0.02786129208747747,0.02786129208747747,0.027275512743047497
nga_5e17,0.0,5e+17,deep,coupled_final,0.0,0.01,0.0,0.3,channel,0.0009000000000000001,5.025e-06,9.0,50.25,0.0008987605424287979,7331216059273024.0,0.0,1.740955439986662e+17,1.740955439986662e+17,0.18280188512347917,-0.02789318126781819,0.02789318126781819,0.02746559494071547
nga_5e17,0.0,5e+17,deep,coupled_final,0.0,0.01,0.0,0.3,channel,0.0009000000000000001,5.1e-06,9.0,51.0,0.00481287120180093,8529629828025439.0,0.0,1.7429293663746144e+17,1.7429293663746144e+17,0.148640359208839,-0.027924807055178323,0.027924807055178323,0.027689227781891503
nga_5e17,0.0,5e+17,deep,coupled_final,0.0,0.01,0.0,0.3,channel,0.0009000000000000001,5.1750000000000004e-06,9.0,51.75000000000001,0.008902889473070271,9991701860774066.0,0.0,1.7448776124248134e+17,1.7448776124248134e+17,0.1196577598445102,-0.02795602139816744,0.02795602139816744,0.027954691889690096
nga_5e17,0.0,5e+17,deep,coupled_final,0.0,0.01,0.0,0.3,channel,0.0009000000000000001,5.2500000000000006e-06,9.0,52.50000000000001,0.013170501830107383,1.178507088292157e+16,0.0,1.7467914372384464e+17,1.7467914372384464e+17,0.09534825984438496,-0.027986684252147162,0.027986684252147162,0.02827268413801223
nga_5e17,0.0,5e+17,deep,coupled_final,0.0,0.01,0.0,0.3,channel,0.0009000000000000001,5.325e-06,9.0,53.25,0.01761772845417516,1.3997237063806922e+16,0.0,1.7486626751717213e+17,1.7486626751717213e+17,0.07519035416489174,-0.028016664789080634,0.028016664789080634,0.028657092771499654
nga_5e17,0.0,5e+17,deep,coupled_final,0.0,0.01,0.0,0.3,channel,0.0009000000000000001,5.4e-06,9.0,54.0,0.02224701146491954,1.6742135397828222e+16,0.0,1.7504838052453658e+17,1.7504838052453658e+17,0.05866597252642045,-0.028045842509595315,0.028045842509595315,0.029126051689361783
nga_5e17,0.0,5e+17,deep,coupled_final,0.0,0.01,0.0,0.3,channel,0.0009249999999999999,3e-06,9.25,30.0,-0.04085444210052533,1441802267113163.2,0.0,1.711662094745446e+17,1.711662094745446e+17,1.6158912198499844,-0.027423850135046477,0.027423850135046477,0.02605267569136817
nga_5e17,0.0,5e+17,deep,coupled_final,0.0,0.01,0.0,0.3,channel,0.0009249999999999999,3.075e-06,9.25,30.750000000000004,-0.04146621313513103,1408083479223182.5,0.0,1.7111086990921568e+17,1.7111086990921568e+17,1.6669881036665042,-0.027414983759195904,0.027414983759195904,0.026038406970109184
nga_5e17,0.0,5e+17,deep,coupled_final,0.0,0.01,0.0,0.3,channel,0.0009249999999999999,3.1500000000000003e-06,9.25,31.500000000000004,-0.04191256418273498,1383980705181848.0,0.0,1.710702325969935e+17,1.710702325969935e+17,1.7052673181346087,-0.02740847294398481,0.02740847294398481,0.026028034464759733
nga_5e17,0.0,5e+17,deep,coupled_final,0.0,0.01,0.0,0.3,channel,0.0009249999999999999,3.225e-06,9.25,32.25,-0.04219356113991653,1369019059046742.2,0.0,1.7104453617266515e+17,1.7104453617266515e+17,1.7298074467348474,-0.02740435592292119,0.02740435592292119,0.026021520323711723
nga_5e17,0.0,5e+17,deep,coupled_final,0.0,0.01,0.0,0.3,channel,0.0009249999999999999,3.3e-06,9.25,33.0,-0.04230924539130323,1362906567705667.2,0.0,1.7103393160840883e+17,1.7103393160840883e+17,1.7400109836123865,-0.027402656884414664,0.027402656884414664,0.026018841956124982
nga_5e17,0.0,5e+17,deep,coupled_final,0.0,0.01,0.0,0.3,channel,0.0009249999999999999,3.3750000000000003e-06,9.25,33.75,-0.04225963395308809,1365524572990314.8,0.0,1.7103848122475344e+17,1.7103848122475344e+17,1.7356279515680204,-0.027403385813314765,0.027403385813314765,0.026019990335714553
nga_5e17,0.0,5e+17,deep,coupled_final,0.0,0.01,0.0,0.3,channel,0.0009249999999999999,3.45e-06,9.25,34.5,-0.04204471953037244,1376923852006182.5,0.0,1.7105815828343734e+17,1.7105815828343734e+17,1.7167658410494488,-0.027406538425679684,0.027406538425679684,0.02602496931392784
nga_5e17,0.0,5e+17,deep,coupled_final,0.0,0.01,0.0,0.3,channel,0.0009249999999999999,3.525e-06,9.25,35.25,-0.041664470492697364,1397326275854653.0,0.0,1.710928471620099e+17,1.710928471620099e+17,1.683885332234866,-0.027412096196750543,0.027412096196750543,0.0260337959136754
nga_5e17,0.0,5e+17,deep,coupled_final,0.0,0.01,0.0,0.3,channel,0.0009249999999999999,3.6000000000000003e-06,9.25,36.0,-0.04111883076589795,1427132083557606.8,0.0,1.7114234411024618e+17,1.7114234411024618e+17,1.6377820319443421,-0.027420026482142392,0.027420026482142392,0.026046501615933165
nga_5e17,0.0,5e+17,deep,coupled_final,0.0,0.01,0.0,0.3,channel,0.0009249999999999999,3.6750000000000004e-06,9.25,36.75000000000001,-0.040407719632106584,1466933109278389.0,0.0,1.712063585886253e+17,1.712063585886253e+17,1.5795552110883238,-0.027430282732292068,0.027430282732292068,0.02606313469342475
nga_5e17,0.0,5e+17,deep,coupled_final,0.0,0.01,0.0,0.3,channel,0.0009249999999999999,3.7500000000000005e-06,9.25,37.50000000000001,-0.03953103142307942,1517532582761285.0,0.0,1.7128451518911245e+17,1.7128451518911245e+17,1.510565215914123,-0.027442804800201403,0.027442804800201403,0.026083763690744784
nga_5e17,0.0,5e+17,deep,coupled_final,0.0,0.01,0.0,0.3,channel,0.0009249999999999999,3.825000000000001e-06,9.25,38.25000000000001,-0.038488635084737335,1579972442743877.8,0.0,1.7137635613813523e+17,1.7137635613813523e+17,1.432381802005899,-0.027457519342458273,0.027457519342458273,0.026108482201471085
nga_5e17,0.0,5e+17,deep,coupled_final,0.0,0.01,0.0,0.3,channel,0.0009249999999999999,3.9e-06,9.25,39.0,-0.03728037358257252,1655569481311436.0,0.0,1.7148134438080883e+17,1.7148134438080883e+17,1.3467260672875079,-0.02747434031338391,0.02747434031338391,0.026137415153275976
nga_5e17,0.0,5e+17,deep,coupled_final,0.0,0.01,0.0,0.3,channel,0.0009249999999999999,3.975e-06,9.25,39.75,-0.03590606310799187,1745962098690182.2,0.0,1.7159886724400083e+17,1.7159886724400083e+17,1.2554089142750005,-0.027493169551920608,0.027493169551920608,0.02617072688575771
nga_5e17,0.0,5e+17,deep,coupled_final,0.0,0.01,0.0,0.3,channel,0.0009249999999999999,4.05e-06,9.25,40.5,-0.03436549203427954,1853170024367614.5,0.0,1.7172824067361808e+17,1.7172824067361808e+17,1.1602690409692087,-0.02751389746051993,0.02751389746051993,0.02620863139770703
nga_5e17,0.0,5e+17,deep,coupled_final,0.0,0.01,0.0,0.3,channel,0.0009249999999999999,4.125e-06,9.25,41.25,-0.03265841955707825,1979670092572157.0,0.0,1.7186871403845642e+17,1.7186871403845642e+17,1.0631133463294153,-0.027536403774804263,0.027536403774804263,0.026251405257339037
nga_5e17,0.0,5e+17,deep,coupled_final,0.0,0.01,0.0,0.3,channel,0.0009249999999999999,4.2000000000000004e-06,9.25,42.00000000000001,-0.030784573937371735,2128492101927308.2,0.0,1.7201947548906525e+17,1.7201947548906525e+17,0.9656623555711675,-0.027560558422151604,0.027560558422151604,0.02629940381928775
nga_5e17,0.0,5e+17,deep,coupled_final,0.0,0.01,0.0,0.3,channel,0.0009249999999999999,4.2750000000000006e-06,9.25,42.75000000000001,-0.028743650243943007,2303340012408175.0,0.0,1.7217965785539008e+17,1.7217965785539008e+17,0.8695028492145025,-0.027586222466602053,0.027586222466602053,0.026353081587405815
nga_5e17,0.0,5e+17,deep,coupled_final,0.0,0.01,0.0,0.3,channel,0.0009249999999999999,4.350000000000001e-06,9.25,43.50000000000001,-0.026535307465945054,2508745334406981.5,0.0,1.72348345061565e+17,1.72348345061565e+17,0.7760493532103627,-0.02761324913662087,0.02761324913662087,0.026413017818165206
nga_5e17,0.0,5e+17,deep,coupled_final,0.0,0.01,0.0,0.3,channel,0.0009249999999999999,4.425e-06,9.25,44.25,-0.024159164832927463,2750261676256962.5,0.0,1.7252457903021395e+17,1.7252457903021395e+17,0.6865155566205619,-0.027641484931289515,0.027641484931289515,0.026479948796797975
nga_5e17,0.0,5e+17,deep,coupled_final,0.0,0.01,0.0,0.3,channel,0.0009249999999999999,4.5e-06,9.25,45.0,-0.02161479713727093,3034712217858723.0,0.0,1.727073670419084e+17,1.727073670419084e+17,0.6018961117529333,-0.027670770799420735,0.027670770799420735,0.02655480866605749
nga_5e17,0.0,5e+17,deep,coupled_final,0.0,0.01,0.0,0.3,channel,0.0009249999999999999,4.575e-06,9.25,45.75,-0.018901728799647962,3370505616941476.0,0.0,1.728956895077562e+17,1.728956895077562e+17,0.5229586821250377,-0.02770094338486459,0.02770094338486459,0.02663878128528753
nga_5e17,0.0,5e+17,deep,coupled_final,0.0,0.01,0.0,0.3,channel,0.0009249999999999999,4.65e-06,9.25,46.50000000000001,-0.01601942634805243,3768040874902010.5,0.0,1.7308850810407834e+17,1.7308850810407834e+17,0.45024557473027416,-0.027731836329827394,0.027731836329827394,0.026733366400399885
nga_5e17,0.0,5e+17,deep,coupled_final,0.0,0.01,0.0,0.3,channel,0.0009249999999999999,4.7250000000000005e-06,9.25,47.25000000000001,-0.012967288890025446,4240228471940256.5,0.0,1.73284774207643e+17,1.73284774207643e+17,0.38408385571011255,-0.027763281626345147,0.027763281626345147,0.026840464490401568
nga_5e17,0.0,5e+17,deep,coupled_final,0.0,0.01,0.0,0.3,channel,0.0009249999999999999,4.8e-06,9.25,48.0,-0.0097446360390537,4803164303958492.0,0.0,1.7348343755860464e+17,1.7348343755860464e+17,0.32460252292289443,-0.027795111004239433,0.027795111004239433,0.02696248613194595
nga_5e17,0.0,5e+17,deep,coupled_final,0.0,0.01,0.0,0.3,channel,0.0009249999999999999,4.875e-06,9.25,48.75,-0.006350692600355296,5477005579443352.0,0.0,1.7368345506771526e+17,1.7368345506771526e+17,0.2717551033051172,-0.027827157342188227,0.027827157342188227,0.027102493744555405
nga_5e17,0.0,5e+17,deep,coupled_final,0.0,0.01,0.0,0.3,channel,0.0009249999999999999,4.95e-06,9.25,49.5,-0.0027845691155566933,6287115244643355.0,0.0,1.738837996763811e+17,1.738837996763811e+17,0.22534595510109393,-0.027859256087263452,0.027859256087263452,0.02726438636728673
nga_5e17,0.0,5e+17,deep,coupled_final,0.0,0.01,0.0,0.3,channel,0.0009249999999999999,5.025e-06,9.25,50.25,0.0009547629076123553,7265565701088663.0,0.0,1.7408346917327552e+17,1.7408346917327552e+17,0.18505857601691467,-0.02789124666750813,0.02789124666750813,0.027453141993415742
nga_5e17,0.0,5e+17,deep,coupled_final,0.0,0.01,0.0,0.3,channel,0.0009249999999999999,5.1e-06,9.25,51.0,0.004868502620139589,8453126492345956.0,0.0,1.7428149486754976e+17,1.7428149486754976e+17,0.15048433594423372,-0.027922973881537912,0.027922973881537912,0.02767513742256622
nga_5e17,0.0,5e+17,deep,coupled_final,0.0,0.01,0.0,0.3,channel,0.0009249999999999999,5.1750000000000004e-06,9.25,51.75000000000001,0.00895806034306376,9901908612795082.0,0.0,1.7447695001280963e+17,1.7447695001280963e+17,0.12115025191889714,-0.02795428924821096,0.02795428924821096,0.027938573275353318
nga_5e17,0.0,5e+17,deep,coupled_final,0.0,0.01,0.0,0.3,channel,0.0009249999999999999,5.2500000000000006e-06,9.25,52.50000000000001,0.013225109665407324,1.167890665875336e+16,0.0,1.7466895786690387e+17,1.7466895786690387e+17,0.09654468230314987,-0.027985052297948385,0.027985052297948385,0.028254042799880547
nga_5e17,0.0,5e+17,deep,coupled_final,0.0,0.01,0.0,0.3,channel,0.0009249999999999999,5.325e-06,9.25,53.25,0.01767165474229367,1.387077915245772e+16,0.0,1.748566992645916e+17,1.748566992645916e+17,0.0761401083765469,-0.028015131786009364,0.028015131786009364,0.028635298977353573
nga_5e17,0.0,5e+17,deep,coupled_final,0.0,0.01,0.0,0.3,channel,0.0009249999999999999,5.4e-06,9.25,54.0,0.022300117666614216,1.6590352433905194e+16,0.0,1.7503941958054282e+17,1.7503941958054282e+17,0.05941246413597252,-0.028044406808086775,0.028044406808086775,0.029100297676029566
nga_5e17,0.0,5e+17,deep,coupled_final,0.0,0.01,0.0,0.3,channel,0.00095,3e-06,9.5,30.0,-0.04079732345907677,1428810317924648.5,0.0,1.7114509056810288e+17,1.7114509056810288e+17,1.6352516566632431,-0.02742046651320282,0.02742046651320282,0.026047210529782518
nga_5e17,0.0,5e+17,deep,coupled_final,0.0,0.01,0.0,0.3,channel,0.00095,3.075e-06,9.5,30.750000000000004,-0.04140820601321003,1395443324560384.8,0.0,1.710896736758583e+17,1.710896736758583e+17,1.6868737635652333,-0.027411587748214505,0.027411587748214505,0.026032985783082697
nga_5e17,0.0,5e+17,deep,coupled_final,0.0,0.01,0.0,0.3,channel,0.00095,3.1500000000000003e-06,9.5,31.500000000000004,-0.04185370955523254,1371601881635758.5,0.0,1.7104899842696112e+17,1.7104899842696112e+17,1.7255272668150199,-0.027405070854877984,0.027405070854877984,0.026022649069468707
nga_5e17,0.0,5e+17,deep,coupled_final,0.0,0.01,0.0,0.3,channel,0.00095,3.225e-06,9.5,32.25,-0.042133899832716155,1356816394459136.8,0.0,1.710233034171386e+17,1.710233034171386e+17,1.7502820956179765,-0.02740095406044318,0.02740095406044318,0.026016163378826236
nga_5e17,0.0,5e+17,deep,coupled_final,0.0,0.01,0.0,0.3,channel,0.00095,3.3e-06,9.5,33.0,-0.042248818125008684,1350798407424366.0,0.0,1.7101273944132685e+17,1.7101273944132685e+17,1.760535766934507,-0.02739926152492241,0.02739926152492241,0.026013506655484377
nga_5e17,0.0,5e+17,deep,coupled_final,0.0,0.01,0.0,0.3,channel,0.00095,3.3750000000000003e-06,9.5,33.75,-0.04219848138334153,1353431124629678.5,0.0,1.710173685079872e+17,1.710173685079872e+17,1.7560371899823661,-0.02740000318316645,0.02740000318316645,0.02601467012152745
nga_5e17,0.0,5e+17,deep,coupled_final,0.0,0.01,0.0,0.3,channel,0.00095,3.45e-06,9.5,34.5,-0.04198288228659868,1364765592102105.0,0.0,1.7103716343495443e+17,1.7103716343495443e+17,1.7368966448091785,-0.027403174680112316,0.027403174680112316,0.026019657600367632
nga_5e17,0.0,5e+17,deep,coupled_final,0.0,0.01,0.0,0.3,channel,0.00095,3.525e-06,9.5,35.25,-0.04160198921704425,1385022364727932.8,0.0,1.7107200802664278e+17,1.7107200802664278e+17,1.7035813951464416,-0.02740875739917475,0.02740875739917475,0.026028485812208204
nga_5e17,0.0,5e+17,deep,coupled_final,0.0,0.01,0.0,0.3,channel,0.00095,3.6000000000000003e-06,9.5,36.0,-0.04105574615413163,1414598735049245.8,0.0,1.7112169783268736e+17,1.7112169783268736e+17,1.6568971730985091,-0.027416718583794013,0.027416718583794013,0.026041185653772198
nga_5e17,0.0,5e+17,deep,coupled_final,0.0,0.01,0.0,0.3,channel,0.00095,3.6750000000000004e-06,9.5,36.75000000000001,-0.040344072478264374,1454081859814000.8,0.0,1.7118594148829965e+17,1.7118594148829965e+17,1.5979565345057443,-0.027427011552184487,0.027427011552184487,0.026057804516156215
nga_5e17,0.0,5e+17,deep,coupled_final,0.0,0.01,0.0,0.3,channel,0.00095,3.7500000000000005e-06,9.5,37.50000000000001,-0.0394668626697837,1504268399296877.8,0.0,1.7126436263663232e+17,1.7126436263663232e+17,1.528135777831379,-0.027439576005331492,0.027439576005331492,0.026078409739393293
nga_5e17,0.0,5e+17,deep,coupled_final,0.0,0.01,0.0,0.3,channel,0.00095,3.825000000000001e-06,9.5,38.25000000000001,-0.03842398588123643,1566191601226145.2,0.0,1.7135650243311702e+17,1.7135650243311702e+17,1.4490227003211391,-0.02745433842823042,0.02745433842823042,0.02610309335301558
nga_5e17,0.0,5e+17,deep,coupled_final,0.0,0.01,0.0,0.3,channel,0.00095,3.9e-06,9.5,39.0,-0.037215285352807076,1641157135837682.0,0.0,1.7146182263092806e+17,1.7146182263092806e+17,1.3623578961239364,-0.027471212584232532,0.027471212584232532,0.026131978311808687
nga_5e17,0.0,5e+17,deep,coupled_final,0.0,0.01,0.0,0.3,channel,0.00095,3.975e-06,9.5,39.75,-0.035840577631299254,1730789445819818.5,0.0,1.7157970924527914e+17,1.7157970924527914e+17,1.2699725569572897,-0.02749010010213,0.02749010010213,0.026165226508976628
nga_5e17,0.0,5e+17,deep,coupled_final,0.0,0.01,0.0,0.3,channel,0.00095,4.05e-06,9.5,40.5,-0.03429965154175992,1837090945957017.0,0.0,1.7170947679206848e+17,1.7170947679206848e+17,1.1737258051377326,-0.027510891155261737,0.027510891155261737,0.026203048940076266
nga_5e17,0.0,5e+17,deep,coupled_final,0.0,0.01,0.0,0.3,channel,0.00095,4.125e-06,9.5,41.25,-0.03259226684717619,1962517132618331.5,0.0,1.7185037309335574e+17,1.7185037309335574e+17,1.075444473708405,-0.027533465231435687,0.027533465231435687,0.026245718506806265
nga_5e17,0.0,5e+17,deep,coupled_final,0.0,0.01,0.0,0.3,channel,0.00095,4.2000000000000004e-06,9.5,42.00000000000001,-0.030718152514903962,2110071596226674.0,0.0,1.720015846382658e+17,1.720015846382658e+17,0.9768679645192214,-0.02755769199184028,0.02755769199184028,0.026293586098594425
nga_5e17,0.0,5e+17,deep,coupled_final,0.0,0.01,0.0,0.3,channel,0.00095,4.2750000000000006e-06,9.5,42.75000000000001,-0.02867700448766423,2283426141667817.5,0.0,1.7216224248321622e+17,1.7216224248321622e+17,0.8796003893621549,-0.027583432216365115,0.027583432216365115,0.026347100783329608
nga_5e17,0.0,5e+17,deep,coupled_final,0.0,0.01,0.0,0.3,channel,0.00095,4.350000000000001e-06,9.5,43.50000000000001,-0.02646848283083775,2487072808122084.5,0.0,1.7233142866996522e+17,1.7233142866996522e+17,0.7850716673124456,-0.027610538831885596,0.027610538831885596,0.02640683519190859
nga_5e17,0.0,5e+17,deep,coupled_final,0.0,0.01,0.0,0.3,channel,0.00095,4.425e-06,9.5,44.25,-0.02409220809479338,2726516671193287.0,0.0,1.7250818313395216e+17,1.7250818313395216e+17,0.6945086546670781,-0.0276388580191011,0.0276388580191011,0.026473517515380837
nga_5e17,0.0,5e+17,deep,coupled_final,0.0,0.01,0.0,0.3,channel,0.00095,4.5e-06,9.5,45.0,-0.02154775668897594,3008521084507822.0,0.0,1.726915110687086e+17,1.726915110687086e+17,0.6089167662036737,-0.02766823039244373,0.02766823039244373,0.026548071976893205
nga_5e17,0.0,5e+17,deep,coupled_final,0.0,0.01,0.0,0.3,channel,0.00095,4.575e-06,9.5,45.75,-0.018834655010640706,3341420720414566.0,0.0,1.728803907044782e+17,1.728803907044782e+17,0.5290719510415727,-0.027698492246350577,0.027698492246350577,0.026631670232611742
nga_5e17,0.0,5e+17,deep,coupled_final,0.0,0.01,0.0,0.3,channel,0.00095,4.65e-06,9.5,46.50000000000001,-0.01595237200169008,3735522740303654.5,0.0,1.7307378145021216e+17,1.7307378145021216e+17,0.4555223521341032,-0.027729476859755253,0.027729476859755253,0.02672579695078427
nga_5e17,0.0,5e+17,deep,coupled_final,0.0,0.01,0.0,0.3,channel,0.00095,4.7250000000000005e-06,9.5,47.25000000000001,-0.012900309716996801,4203623140005338.0,0.0,1.7327063233763344e+17,1.7327063233763344e+17,0.38859853663304783,-0.027761015848976108,0.027761015848976108,0.026832333892281936
nga_5e17,0.0,5e+17,deep,coupled_final,0.0,0.01,0.0,0.3,channel,0.00095,4.8e-06,9.5,48.0,-0.009677791370059682,4761674444820561.0,0.0,1.734698906946742e+17,1.734698906946742e+17,0.3284308555781591,-0.027792940557354102,0.027792940557354102,0.02695366827677475
nga_5e17,0.0,5e+17,deep,coupled_final,0.0,0.01,0.0,0.3,channel,0.00095,4.875e-06,9.5,48.75,-0.006284046167553841,5429653424065496.0,0.0,1.73670510964854e+17,1.73670510964854e+17,0.27497228397003787,-0.027825083468272987,0.027825083468272987,0.02709283321894857
nga_5e17,0.0,5e+17,deep,coupled_final,0.0,0.01,0.0,0.3,channel,0.00095,4.95e-06,9.5,49.5,-0.0027181900406005573,6232694721814219.0,0.0,1.7387146358098323e+17,1.7387146358098323e+17,0.2280250039184383,-0.02785727962688333,0.02785727962688333,0.027253690777897913
nga_5e17,0.0,5e+17,deep,coupled_final,0.0,0.01,0.0,0.3,channel,0.00095,5.025e-06,9.5,50.25,0.0010207988901362597,7202580236088892.0,0.0,1.7407174379664e+17,1.7407174379664e+17,0.18726901492775083,-0.027889368055061103,0.027889368055061103,0.027441171996938286
nga_5e17,0.0,5e+17,deep,coupled_final,0.0,0.01,0.0,0.3,channel,0.00095,5.1e-06,9.5,51.0,0.004934111640472881,8379707618282312.0,0.0,1.7427038037532458e+17,1.7427038037532458e+17,0.15229117399414463,-0.027921193143563717,0.027921193143563717,0.027661593684140087
nga_5e17,0.0,5e+17,deep,coupled_final,0.0,0.01,0.0,0.3,channel,0.00095,5.1750000000000004e-06,9.5,51.75000000000001,0.009023148492320237,9815708698465362.0,0.0,1.7446644403157104e+17,1.7446644403157104e+17,0.12261326879443483,-0.027952606004445185,0.027952606004445185,0.027923079282728365
nga_5e17,0.0,5e+17,deep,coupled_final,0.0,0.01,0.0,0.3,channel,0.00095,5.2500000000000006e-06,9.5,52.50000000000001,0.013289570600634293,1.1576956412527994e+16,0.0,1.7465905550926576e+17,1.7465905550926576e+17,0.09771798885709662,-0.027983465765345456,0.027983465765345456,0.02823612203704434
nga_5e17,0.0,5e+17,deep,coupled_final,0.0,0.01,0.0,0.3,channel,0.00095,5.325e-06,9.5,53.25,0.01773536665543564,1.3749296727901622e+16,0.0,1.7484739317416554e+17,1.7484739317416554e+17,0.07707195381236469,-0.02801364078594591,0.02801364078594591,0.028614344347083574
nga_5e17,0.0,5e+17,deep,coupled_final,0.0,0.01,0.0,0.3,channel,0.00095,5.4e-06,9.5,54.0,0.022362939422997913,1.644448532686076e+16,0.0,1.7503069999750976e+17,1.7503069999750976e+17,0.060145253774058306,-0.028043009776867397,0.028043009776867397,0.029075530157752615
nga_5e17,0.0,5e+17,deep,coupled_final,0.0,0.01,0.0,0.3,channel,0.000975,3e-06,9.75,30.0,-0.0400137491721363,1456402644137652.0,0.0,1.7118964611036534e+17,1.7118964611036534e+17,1.594605909301374,-0.02742760509807563,0.02742760509807563,0.02605876989268895
nga_5e17,0.0,5e+17,deep,coupled_final,0.0,0.01,0.0,0.3,channel,0.000975,3.075e-06,9.75,30.750000000000004,-0.040614617594976546,1422942422365043.0,0.0,1.711354690777222e+17,1.711354690777222e+17,1.6441289133272463,-0.027418924980495602,0.027418924980495602,0.02604472885655967
nga_5e17,0.0,5e+17,deep,coupled_final,0.0,0.01,0.0,0.3,channel,0.000975,3.1500000000000003e-06,9.75,31.500000000000004,-0.04105047417186011,1399153299618711.0,0.0,1.7109592101837645e+17,1.7109592101837645e+17,1.6809944744045322,-0.02741258868283522,0.02741258868283522,0.026034581121238534
nga_5e17,0.0,5e+17,deep,coupled_final,0.0,0.01,0.0,0.3,channel,0.000975,3.225e-06,9.75,32.25,-0.04132138720648511,1384567818883231.5,0.0,1.7107123350370035e+17,1.7107123350370035e+17,1.7043167187774302,-0.027408633306918662,0.027408633306918662,0.02602828889367897
nga_5e17,0.0,5e+17,deep,coupled_final,0.0,0.01,0.0,0.3,channel,0.000975,3.3e-06,9.75,33.0,-0.04142739902762975,1378902036106900.5,0.0,1.7106155115899706e+17,1.7106155115899706e+17,1.7135289573333239,-0.027407082024274068,0.027407082024274068,0.02602582985255662
nga_5e17,0.0,5e+17,deep,coupled_final,0.0,0.01,0.0,0.3,channel,0.000975,3.3750000000000003e-06,9.75,33.75,-0.04136852613134847,1382046204207094.5,0.0,1.7106693072140528e+17,1.7106693072140528e+17,1.7084060307353488,-0.027407943925193228,0.027407943925193228,0.02602719550474213
nga_5e17,0.0,5e+17,deep,coupled_final,0.0,0.01,0.0,0.3,channel,0.000975,3.45e-06,9.75,34.5,-0.04114475923507254,1394061190823894.0,0.0,1.7108734067131267e+17,1.7108734067131267e+17,1.6890732370788943,-0.0274112139596775,0.0274112139596775,0.02603239055230793
nga_5e17,0.0,5e+17,deep,coupled_final,0.0,0.01,0.0,0.3,channel,0.000975,3.525e-06,9.75,35.25,-0.040756063247636906,1415180463979297.2,0.0,1.7112266143710605e+17,1.7112266143710605e+17,1.6560013604288617,-0.027416872970242416,0.027416872970242416,0.026041433243470507
nga_5e17,0.0,5e+17,deep,coupled_final,0.0,0.01,0.0,0.3,channel,0.000975,3.6000000000000003e-06,9.75,36.0,-0.04020237715300361,1445817737516194.2,0.0,1.7117268617334896e+17,1.7117268617334896e+17,1.6099880686244463,-0.027424887816595456,0.027424887816595456,0.026054356722202576
nga_5e17,0.0,5e+17,deep,coupled_final,0.0,0.01,0.0,0.3,channel,0.000975,3.6750000000000004e-06,9.75,36.75000000000001,-0.0394836137991064,1486580631467328.8,0.0,1.7123712211269094e+17,1.7123712211269094e+17,1.5521266806894418,-0.027435211592235813,0.027435211592235813,0.026071211433465205
nga_5e17,0.0,5e+17,deep,coupled_final,0.0,0.01,0.0,0.3,channel,0.000975,3.7500000000000005e-06,9.75,37.50000000000001,-0.038599659576534516,1538290987361369.5,0.0,1.7131559249182902e+17,1.7131559249182902e+17,1.4837639690046207,-0.02744778393302743,0.02744778393302743,0.026092068686651745
nga_5e17,0.0,5e+17,deep,coupled_final,0.0,0.01,0.0,0.3,channel,0.000975,3.825000000000001e-06,9.75,38.25000000000001,-0.03755037396441411,1602012802575431.0,0.0,1.714076390515147e+17,1.714076390515147e+17,1.4064492153818382,-0.027462531417744275,0.027462531417744275,0.026117025531709793
nga_5e17,0.0,5e+17,deep,coupled_final,0.0,0.01,0.0,0.3,channel,0.000975,3.9e-06,9.75,39.0,-0.0363355889125053,1679089131873191.0,0.0,1.715127251097885e+17,1.715127251097885e+17,1.3218771483925413,-0.02747936806045682,0.02747936806045682,0.026146211163805878
nga_5e17,0.0,5e+17,deep,coupled_final,0.0,0.01,0.0,0.3,channel,0.000975,3.975e-06,9.75,39.75,-0.03495510801882082,1771189773585268.8,0.0,1.716302392061874e+17,1.716302392061874e+17,1.2318276281947491,-0.027498195894398413,0.027498195894398413,0.02617979514736022
nga_5e17,0.0,5e+17,deep,coupled_final,0.0,0.01,0.0,0.3,channel,0.000975,4.05e-06,9.75,40.5,-0.03340870545051163,1880372144641333.8,0.0,1.7175949931249552e+17,1.7175949931249552e+17,1.1381050040806286,-0.02751890564660194,0.02751890564660194,0.02621799784393882
nga_5e17,0.0,5e+17,deep,coupled_final,0.0,0.01,0.0,0.3,channel,0.000975,4.125e-06,9.75,41.25,-0.03169612454176181,2009158494563593.8,0.0,1.718997576026196e+17,1.718997576026196e+17,1.0424799518072607,-0.027541377502118092,0.027541377502118092,0.026261103547517334
nga_5e17,0.0,5e+17,deep,coupled_final,0.0,0.01,0.0,0.3,channel,0.000975,4.2000000000000004e-06,9.75,42.00000000000001,-0.02981707598523205,2160633568598164.0,0.0,1.7205020577034854e+17,1.7205020577034854e+17,0.9466363178646792,-0.02756548195601444,0.02756548195601444,0.026309476983838842
nga_5e17,0.0,5e+17,deep,coupled_final,0.0,0.01,0.0,0.3,channel,0.000975,4.2750000000000006e-06,9.75,42.75000000000001,-0.02777123551221583,2338568077849220.0,0.0,1.7220998087915702e+17,1.7220998087915702e+17,0.8521250824134015,-0.027591080750617215,0.027591080750617215,0.026363584029752044
nga_5e17,0.0,5e+17,deep,coupled_final,0.0,0.01,0.0,0.3,channel,0.000975,4.350000000000001e-06,9.75,43.50000000000001,-0.025558240929857895,2547574968594365.5,0.0,1.7237817172292147e+17,1.7237817172292147e+17,0.7603270362711547,-0.027618027894610427,0.027618027894610427,0.026424017769414946
nga_5e17,0.0,5e+17,deep,coupled_final,0.0,0.01,0.0,0.3,channel,0.000975,4.425e-06,9.75,44.25,-0.02317768834987448,2793307638416946.5,0.0,1.7255382567049066e+17,1.7255382567049066e+17,0.6724251900591336,-0.02764617075965695,0.02764617075965695,0.026491531348641486
nga_5e17,0.0,5e+17,deep,coupled_final,0.0,0.01,0.0,0.3,channel,0.000975,4.5e-06,9.75,45.0,-0.020629127400018623,3082712107516825.5,0.0,1.727359559603921e+17,1.727359559603921e+17,0.5893873377841247,-0.02767535124913932,0.02767535124913932,0.02656707954594056
nga_5e17,0.0,5e+17,deep,coupled_final,0.0,0.01,0.0,0.3,channel,0.000975,4.575e-06,9.75,45.75,-0.01791205515414874,3424348973383945.0,0.0,1.72923549404284e+17,1.72923549404284e+17,0.5119586242215092,-0.027705407032388843,0.027705407032388843,0.026651871589570605
nga_5e17,0.0,5e+17,deep,coupled_final,0.0,0.01,0.0,0.3,channel,0.000975,4.65e-06,9.75,46.50000000000001,-0.01502590844530059,3828806108393765.5,0.0,1.7311557444871782e+17,1.7311557444871782e+17,0.4406634527310027,-0.02773617283632231,0.02773617283632231,0.026747438570620806
nga_5e17,0.0,5e+17,deep,coupled_final,0.0,0.01,0.0,0.3,channel,0.000975,4.7250000000000005e-06,9.75,47.25000000000001,-0.01197005413342147,4309229995902733.5,0.0,1.7331098953431168e+17,1.7331098953431168e+17,0.37581564719283506,-0.02776748178472927,0.02776748178472927,0.026855719911725993
nga_5e17,0.0,5e+17,deep,coupled_final,0.0,0.01,0.0,0.3,channel,0.000975,4.8e-06,9.75,48.0,-0.00874377677834671,4882013036452360.0,0.0,1.7350875168026982e+17,1.7350875168026982e+17,0.3175354677453775,-0.027799166773663654,0.027799166773663654,0.026979174861052387
nga_5e17,0.0,5e+17,deep,coupled_final,0.0,0.01,0.0,0.3,channel,0.000975,4.875e-06,9.75,48.75,-0.005346263009591071,5567687080776270.0,0.0,1.73707825211919e+17,1.73707825211919e+17,0.26577188257058476,-0.02783106186974927,0.02783106186974927,0.02712092705037361
nga_5e17,0.0,5e+17,deep,coupled_final,0.0,0.01,0.0,0.3,channel,0.000975,4.95e-06,9.75,49.5,-0.001776581674443918,6392091280295992.0,0.0,1.739071905412714e+17,1.739071905412714e+17,0.22032841485662302,-0.027863003716981083,0.027863003716981083,0.027284953012149622
nga_5e17,0.0,5e+17,deep,coupled_final,0.0,0.01,0.0,0.3,channel,0.000975,5.025e-06,9.75,50.25,0.0019663414334515346,7387907147680739.0,0.0,1.7410585290586662e+17,1.7410585290586662e+17,0.18089090679245703,-0.02789483293684205,0.02789483293684205,0.027476329523459617
nga_5e17,0.0,5e+17,deep,coupled_final,0.0,0.01,0.0,0.3,channel,0.000975,5.1e-06,9.75,51.0,0.005883755836626103,8596688508836323.0,0.0,1.743028509671543e+17,1.743028509671543e+17,0.1470556594163878,-0.027926395505915892,0.027926395505915892,0.027701560217779277
nga_5e17,0.0,5e+17,deep,coupled_final,0.0,0.01,0.0,0.3,channel,0.000975,5.1750000000000004e-06,9.75,51.75000000000001,0.009977127702659128,1.0071563283953242e+16,0.0,1.744972651632429e+17,1.744972651632429e+17,0.11835660341992026,-0.027957544094144998,0.027957544094144998,0.027969009796285218
nga_5e17,0.0,5e+17,deep,coupled_final,0.0,0.01,0.0,0.3,channel,0.000975,5.2500000000000006e-06,9.75,52.50000000000001,0.014248192998294572,1.188085449779888e+16,0.0,1.7468822570143453e+17,1.7468822570143453e+17,0.09429041041066244,-0.027988139345375664,0.027988139345375664,0.02828948545820838
nga_5e17,0.0,5e+17,deep,coupled_final,0.0,0.01,0.0,0.3,channel,0.000975,5.325e-06,9.75,53.25,0.018699026163075002,1.4112969872867208e+16,0.0,1.7487492006838925e+17,1.7487492006838925e+17,0.07433873844179852,-0.02801805108061909,0.02801805108061909,0.02867702150328447
nga_5e17,0.0,5e+17,deep,coupled_final,0.0,0.01,0.0,0.3,channel,0.000975,5.4e-06,9.75,54.0,0.023332129287651236,1.6883058753714716e+16,0.0,1.7505659993688262e+17,1.7505659993688262e+17,0.05798709037859761,-0.02804715940463592,0.02804715940463592,0.029149946995201008
nga_5e17,0.0,5e+17,deep,coupled_final,0.0,0.01,0.0,0.3,channel,0.001,3e-06,10.0,30.0,0.01,1e+16,0.0,1.7448875361337594e+17,1.7448875361337594e+17,0.11952142277159818,-0.027956180393513396,0.027956180393513396,0.027956180393513396
nga_5e17,0.0,5e+17,deep,coupled_final,0.0,0.01,0.0,0.3,channel,0.001,3.075e-06,10.0,30.750000000000004,0.01,1e+16,0.0,1.7448875361337594e+17,1.7448875361337594e+17,0.11952142277159818,-0.027956180393513396,0.027956180393513396,0.027956180393513396
nga_5e17,0.0,5e+17,deep,coupled_final,0.0,0.01,0.0,0.3,channel,0.001,3.1500000000000003e-06,10.0,31.500000000000004,0.01,1e+16,0.0,1.7448875361337594e+17,1.7448875361337594e+17,0.11952142277159818,-0.027956180393513396,0.027956180393513396,0.027956180393513396
nga_5e17,0.0,5e+17,deep,coupled_final,0.0,0.01,0.0,0.3,channel,0.001,3.225e-06,10.0,32.25,0.01,1e+16,0.0,1.7448875361337594e+17,1.7448875361337594e+17,0.11952142277159818,-0.027956180393513396,0.027956180393513396,0.027956180393513396
nga_5e17,0.0,5e+17,deep,coupled_final,0.0,0.01,0.0,0.3,channel,0.001,3.3e-06,10.0,33.0,0.01,1e+16,0.0,1.7448875361337594e+17,1.7448875361337594e+17,0.11952142277159818,-0.027956180393513396,0.027956180393513396,0.027956180393513396
nga_5e17,0.0,5e+17,deep,coupled_final,0.0,0.01,0.0,0.3,channel,0.001,3.3750000000000003e-06,10.0,33.75,0.01,1e+16,0.0,1.7448875361337594e+17,1.7448875361337594e+17,0.11952142277159818,-0.027956180393513396,0.027956180393513396,0.027956180393513396
nga_5e17,0.0,5e+17,deep,coupled_final,0.0,0.01,0.0,0.3,channel,0.001,3.45e-06,10.0,34.5,0.01,1e+16,0.0,1.7448875361337594e+17,1.7448875361337594e+17,0.11952142277159818,-0.027956180393513396,0.027956180393513396,0.027956180393513396
nga_5e17,0.0,5e+17,deep,coupled_final,0.0,0.01,0.0,0.3,channel,0.001,3.525e-06,10.0,35.25,0.01,1e+16,0.0,1.7448875361337594e+17,1.7448875361337594e+17,0.11952142277159818,-0.027956180393513396,0.027956180393513396,0.027956180393513396
nga_5e17,0.0,5e+17,deep,coupled_final,0.0,0.01,0.0,0.3,channel,0.001,3.6000000000000003e-06,10.0,36.0,0.01,1e+16,0.0,1.7448875361337594e+17,1.7448875361337594e+17,0.11952142277159818,-0.027956180393513396,0.027956180393513396,0.027956180393513396
nga_5e17,0.0,5e+17,deep,coupled_final,0.0,0.01,0.0,0.3,channel,0.001,3.6750000000000004e-06,10.0,36.75000000000001,0.01,1e+16,0.0,1.7448875361337594e+17,1.7448875361337594e+17,0.11952142277159818,-0.027956180393513396,0.027956180393513396,0.027956180393513396
nga_5e17,0.0,5e+17,deep,coupled_final,0.0,0.01,0.0,0.3,channel,0.001,3.7500000000000005e-06,10.0,37.50000000000001,0.01,1e+16,0.0,1.7448875361337594e+17,1.7448875361337594e+17,0.11952142277159818,-0.027956180393513396,0.027956180393513396,0.027956180393513396
nga_5e17,0.0,5e+17,deep,coupled_final,0.0,0.01,0.0,0.3,channel,0.001,3.825000000000001e-06,10.0,38.25000000000001,0.01,1e+16,0.0,1.7448875361337594e+17,1.7448875361337594e+17,0.11952142277159818,-0.027956180393513396,0.027956180393513396,0.027956180393513396
nga_5e17,0.0,5e+17,deep,coupled_final,0.0,0.01,0.0,0.3,channel,0.001,3.9e-06,10.0,39.0,0.01,1e+16,0.0,1.7448875361337594e+17,1.7448875361337594e+17,0.11952142277159818,-0.027956180393513396,0.027956180393513396,0.027956180393513396
nga_5e17,0.0,5e+17,deep,coupled_final,0.0,0.01,0.0,0.3,channel,0.001,3.975e-06,10.0,39.75,0.01,1e+16,0.0,1.7448875361337594e+17,1.7448875361337594e+17,0.11952142277159818,-0.027956180393513396,0.027956180393513396,0.027956180393513396
nga_5e17,0.0,5e+17,deep,coupled_final,0.0,0.01,0.0,0.3,channel,0.001,4.05e-06,10.0,40.5,0.01,1e+16,0.0,1.7448875361337594e+17,1.7448875361337594e+17,0.11952142277159818,-0.027956180393513396,0.027956180393513396,0.027956180393513396
nga_5e17,0.0,5e+17,deep,coupled_final,0.0,0.01,0.0,0.3,channel,0.001,4.125e-06,10.0,41.25,0.01,1e+16,0.0,1.7448875361337594e+17,1.7448875361337594e+17,0.11952142277159818,-0.027956180393513396,0.027956180393513396,0.027956180393513396
nga_5e17,0.0,5e+17,deep,coupled_final,0.0,0.01,0.0,0.3,channel,0.001,4.2000000000000004e-06,10.0,42.00000000000001,0.01,1e+16,0.0,1.7448875361337594e+17,1.7448875361337594e+17,0.11952142277159818,-0.027956180393513396,0.027956180393513396,0.027956180393513396
nga_5e17,0.0,5e+17,deep,coupled_final,0.0,0.01,0.0,0.3,channel,0.001,4.2750000000000006e-06,10.0,42.75000000000001,0.01,1e+16,0.0,1.7448875361337594e+17,1.7448875361337594e+17,0.11952142277159818,-0.027956180393513396,0.027956180393513396,0.027956180393513396
nga_5e17,0.0,5e+17,deep,coupled_final,0.0,0.01,0.0,0.3,channel,0.001,4.350000000000001e-06,10.0,43.50000000000001,0.01,1e+16,0.0,1.7448875361337594e+17,1.7448875361337594e+17,0.11952142277159818,-0.027956180393513396,0.027956180393513396,0.027956180393513396
nga_5e17,0.0,5e+17,deep,coupled_final,0.0,0.01,0.0,0.3,channel,0.001,4.425e-06,10.0,44.25,0.01,1e+16,0.0,1.7448875361337594e+17,1.7448875361337594e+17,0.11952142277159818,-0.027956180393513396,0.027956180393513396,0.027956180393513396
nga_5e17,0.0,5e+17,deep,coupled_final,0.0,0.01,0.0,0.3,channel,0.001,4.5e-06,10.0,45.0,0.01,1e+16,0.0,1.7448875361337594e+17,1.7448875361337594e+17,0.11952142277159818,-0.027956180393513396,0.027956180393513396,0.027956180393513396
nga_5e17,0.0,5e+17,deep,coupled_final,0.0,0.01,0.0,0.3,channel,0.001,4.575e-06,10.0,45.75,0.01,1e+16,0.0,1.7448875361337594e+17,1.7448875361337594e+17,0.11952142277159818,-0.027956180393513396,0.027956180393513396,0.027956180393513396
nga_5e17,0.0,5e+17,deep,coupled_final,0.0,0.01,0.0,0.3,channel,0.001,4.65e-06,10.0,46.50000000000001,0.01,1e+16,0.0,1.7448875361337594e+17,1.7448875361337594e+17,0.11952142277159818,-0.027956180393513396,0.027956180393513396,0.027956180393513396
nga_5e17,0.0,5e+17,deep,coupled_final,0.0,0.01,0.0,0.3,channel,0.001,4.7250000000000005e-06,10.0,47.25000000000001,0.01,1e+16,0.0,1.7448875361337594e+17,1.7448875361337594e+17,0.11952142277159818,-0.027956180393513396,0.027956180393513396,0.027956180393513396
nga_5e17,0.0,5e+17,deep,coupled_final,0.0,0.01,0.0,0.3,channel,0.001,4.8e-06,10.0,48.0,0.01,1e+16,0.0,1.7448875361337594e+17,1.7448875361337594e+17,0.11952142277159818,-0.027956180393513396,0.027956180393513396,0.027956180393513396
nga_5e17,0.0,5e+17,deep,coupled_final,0.0,0.01,0.0,0.3,channel,0.001,4.875e-06,10.0,48.75,0.01,1e+16,0.0,1.7448875361337594e+17,1.7448875361337594e+17,0.11952142277159818,-0.027956180393513396,0.027956180393513396,0.027956180393513396
nga_5e17,0.0,5e+17,deep,coupled_final,0.0,0.01,0.0,0.3,channel,0.001,4.95e-06,10.0,49.5,0.01,1e+16,0.0,1.7448875361337594e+17,1.7448875361337594e+17,0.11952142277159818,-0.027956180393513396,0.027956180393513396,0.027956180393513396
nga_5e17,0.0,5e+17,deep,coupled_final,0.0,0.01,0.0,0.3,channel,0.001,5.025e-06,10.0,50.25,0.01,1e+16,0.0,1.7448875361337594e+17,1.7448875361337594e+17,0.11952142277159818,-0.027956180393513396,0.027956180393513396,0.027956180393513396
nga_5e17,0.0,5e+17,deep,coupled_final,0.0,0.01,0.0,0.3,channel,0.001,5.1e-06,10.0,51.0,0.01,1e+16,0.0,1.7448875361337594e+17,1.7448875361337594e+17,0.11952142277159818,-0.027956180393513396,0.027956180393513396,0.027956180393513396
nga_5e17,0.0,5e+17,deep,coupled_final,0.0,0.01,0.0,0.3,channel,0.001,5.1750000000000004e-06,10.0,51.75000000000001,0.01,1e+16,0.0,1.7448875361337594e+17,1.7448875361337594e+17,0.11952142277159818,-0.027956180393513396,0.027956180393513396,0.027956180393513396
nga_5e17,0.0,5e+17,deep,coupled_final,0.0,0.01,0.0,0.3,channel,0.001,5.2500000000000006e-06,10.0,52.50000000000001,0.01,1e+16,0.0,1.7448875361337594e+17,1.7448875361337594e+17,0.11952142277159818,-0.027956180393513396,0.027956180393513396,0.027956180393513396
nga_5e17,0.0,5e+17,deep,coupled_final,0.0,0.01,0.0,0.3,channel,0.001,5.325e-06,10.0,53.25,0.01,1e+16,0.0,1.7448875361337594e+17,1.7448875361337594e+17,0.11952142277159818,-0.027956180393513396,0.027956180393513396,0.027956180393513396
nga_5e17,0.0,5e+17,deep,coupled_final,0.0,0.01,0.0,0.3,channel,0.001,5.4e-06,10.0,54.0,0.01,1e+16,0.0,1.7448875361337594e+17,1.7448875361337594e+17,0.11952142277159818,-0.027956180393513396,0.027956180393513396,0.027956180393513396
nga_5e17,0.0,5e+17,deep,coupled_final,0.0,0.01,0.0,0.3,top_oxide,0.0,5.4e-06,0.0,54.0,0.297333145036488,,,,,,,,
nga_5e17,0.0,5e+17,deep,coupled_final,0.0,0.01,0.0,0.3,top_oxide,0.0,5.525e-06,0.0,55.24999999999999,0.2973400441036222,,,,,,,,
nga_5e17,0.0,5e+17,deep,coupled_final,0.0,0.01,0.0,0.3,top_oxide,2.5e-05,5.4e-06,0.25,54.0,0.021370459668104396,,,,,,,,
nga_5e17,0.0,5e+17,deep,coupled_final,0.0,0.01,0.0,0.3,top_oxide,2.5e-05,5.525e-06,0.25,55.24999999999999,0.033031930158809016,,,,,,,,
nga_5e17,0.0,5e+17,deep,coupled_final,0.0,0.01,0.0,0.3,top_oxide,0.0,5.65e-06,0.0,56.5,0.29736015857645365,,,,,,,,
nga_5e17,0.0,5e+17,deep,coupled_final,0.0,0.01,0.0,0.3,top_oxide,2.5e-05,5.65e-06,0.25,56.5,0.04468681329648081,,,,,,,,
nga_5e17,0.0,5e+17,deep,coupled_final,0.0,0.01,0.0,0.3,top_oxide,0.0,5.775e-06,0.0,57.75,0.2973929067165491,,,,,,,,
nga_5e17,0.0,5e+17,deep,coupled_final,0.0,0.01,0.0,0.3,top_oxide,2.5e-05,5.775e-06,0.25,57.75,0.05633540024999241,,,,,,,,
nga_5e17,0.0,5e+17,deep,coupled_final,0.0,0.01,0.0,0.3,top_oxide,0.0,5.899999999999999e-06,0.0,58.99999999999999,0.29743770773196787,,,,,,,,
nga_5e17,0.0,5e+17,deep,coupled_final,0.0,0.01,0.0,0.3,top_oxide,2.5e-05,5.899999999999999e-06,0.25,58.99999999999999,0.06797798155810364,,,,,,,,
nga_5e17,0.0,5e+17,deep,coupled_final,0.0,0.01,0.0,0.3,top_oxide,0.0,6.025e-06,0.0,60.25,0.29749398173369535,,,,,,,,
nga_5e17,0.0,5e+17,deep,coupled_final,0.0,0.01,0.0,0.3,top_oxide,2.5e-05,6.025e-06,0.25,60.25,0.07961484715851047,,,,,,,,
nga_5e17,0.0,5e+17,deep,coupled_final,0.0,0.01,0.0,0.3,top_oxide,0.0,6.1499999999999996e-06,0.0,61.49999999999999,0.2975611496921516,,,,,,,,
nga_5e17,0.0,5e+17,deep,coupled_final,0.0,0.01,0.0,0.3,top_oxide,2.5e-05,6.1499999999999996e-06,0.25,61.49999999999999,0.09124628641683763,,,,,,,,
nga_5e17,0.0,5e+17,deep,coupled_final,0.0,0.01,0.0,0.3,top_oxide,0.0,6.275e-06,0.0,62.75,0.29763863339377156,,,,,,,,
nga_5e17,0.0,5e+17,deep,coupled_final,0.0,0.01,0.0,0.3,top_oxide,2.5e-05,6.275e-06,0.25,62.75,0.10287258815557841,,,,,,,,
nga_5e17,0.0,5e+17,deep,coupled_final,0.0,0.01,0.0,0.3,top_oxide,0.0,6.4e-06,0.0,64.0,0.29772585539765345,,,,,,,,
nga_5e17,0.0,5e+17,deep,coupled_final,0.0,0.01,0.0,0.3,top_oxide,2.5e-05,6.4e-06,0.25,64.0,0.11449404068298229,,,,,,,,
nga_5e17,0.0,5e+17,deep,coupled_final,0.0,0.01,0.0,0.3,top_oxide,0.0,6.9e-06,0.0,69.0,0.2981663593205384,,,,,,,,
nga_5e17,0.0,5e+17,deep,coupled_final,0.0,0.01,0.0,0.3,top_oxide,2.5e-05,6.9e-06,0.25,69.0,0.16093423690769254,,,,,,,,
nga_5e17,0.0,5e+17,deep,coupled_final,0.0,0.01,0.0,0.3,top_oxide,0.0,7.4e-06,0.0,74.0,0.29871664894135364,,,,,,,,
nga_5e17,0.0,5e+17,deep,coupled_final,0.0,0.01,0.0,0.3,top_oxide,2.5e-05,7.4e-06,0.25,74.0,0.2073197985213055,,,,,,,,
nga_5e17,0.0,5e+17,deep,coupled_final,0.0,0.01,0.0,0.3,top_oxide,0.0,7.9e-06,0.0,79.0,0.2993400560425049,,,,,,,,
nga_5e17,0.0,5e+17,deep,coupled_final,0.0,0.01,0.0,0.3,top_oxide,2.5e-05,7.9e-06,0.25,79.0,0.2536689856127699,,,,,,,,
nga_5e17,0.0,5e+17,deep,coupled_final,0.0,0.01,0.0,0.3,top_oxide,0.0,8.400000000000001e-06,0.0,84.00000000000001,0.3,,,,,,,,
nga_5e17,0.0,5e+17,deep,coupled_final,0.0,0.01,0.0,0.3,top_oxide,2.5e-05,8.400000000000001e-06,0.25,84.00000000000001,0.3,,,,,,,,
nga_5e17,0.0,5e+17,deep,coupled_final,0.0,0.01,0.0,0.3,top_oxide,5e-05,5.4e-06,0.5,54.0,0.02057501938180901,,,,,,,,
nga_5e17,0.0,5e+17,deep,coupled_final,0.0,0.01,0.0,0.3,top_oxide,5e-05,5.525e-06,0.5,55.24999999999999,0.03221793753034238,,,,,,,,
nga_5e17,0.0,5e+17,deep,coupled_final,0.0,0.01,0.0,0.3,top_oxide,5e-05,5.65e-06,0.5,56.5,0.043860834420919426,,,,,,,,
nga_5e17,0.0,5e+17,deep,coupled_final,0.0,0.01,0.0,0.3,top_oxide,5e-05,5.775e-06,0.5,57.75,0.055503709798288246,,,,,,,,
nga_5e17,0.0,5e+17,deep,coupled_final,0.0,0.01,0.0,0.3,top_oxide,5e-05,5.899999999999999e-06,0.5,58.99999999999999,0.06714656356353126,,,,,,,,
nga_5e17,0.0,5e+17,deep,coupled_final,0.0,0.01,0.0,0.3,top_oxide,5e-05,6.025e-06,0.5,60.25,0.07878939576679643,,,,,,,,
nga_5e17,0.0,5e+17,deep,coupled_final,0.0,0.01,0.0,0.3,top_oxide,5e-05,6.1499999999999996e-06,0.5,61.49999999999999,0.09043220660005098,,,,,,,,
nga_5e17,0.0,5e+17,deep,coupled_final,0.0,0.01,0.0,0.3,top_oxide,5e-05,6.275e-06,0.5,62.75,0.10207499638985727,,,,,,,,
nga_5e17,0.0,5e+17,deep,coupled_final,0.0,0.01,0.0,0.3,top_oxide,5e-05,6.4e-06,0.5,64.0,0.1137177655901677,,,,,,,,
nga_5e17,0.0,5e+17,deep,coupled_final,0.0,0.01,0.0,0.3,top_oxide,5e-05,6.9e-06,0.5,69.0,0.16028864223802977,,,,,,,,
nga_5e17,0.0,5e+17,deep,coupled_final,0.0,0.01,0.0,0.3,top_oxide,5e-05,7.4e-06,0.5,74.0,0.2068592534726911,,,,,,,,
nga_5e17,0.0,5e+17,deep,coupled_final,0.0,0.01,0.0,0.3,top_oxide,5e-05,7.9e-06,0.5,79.0,0.2534296757687344,,,,,,,,
nga_5e17,0.0,5e+17,deep,coupled_final,0.0,0.01,0.0,0.3,top_oxide,5e-05,8.400000000000001e-06,0.5,84.00000000000001,0.3,,,,,,,,
nga_5e17,0.0,5e+17,deep,coupled_final,0.0,0.01,0.0,0.3,top_oxide,7.500000000000001e-05,5.4e-06,0.7500000000000001,54.0,0.02061314223521758,,,,,,,,
nga_5e17,0.0,5e+17,deep,coupled_final,0.0,0.01,0.0,0.3,top_oxide,7.500000000000001e-05,5.525e-06,0.7500000000000001,55.24999999999999,0.03225426315827694,,,,,,,,
nga_5e17,0.0,5e+17,deep,coupled_final,0.0,0.01,0.0,0.3,top_oxide,7.500000000000001e-05,5.65e-06,0.7500000000000001,56.5,0.04389538387140497,,,,,,,,
nga_5e17,0.0,5e+17,deep,coupled_final,0.0,0.01,0.0,0.3,top_oxide,7.500000000000001e-05,5.775e-06,0.7500000000000001,57.75,0.055536504378850826,,,,,,,,
nga_5e17,0.0,5e+17,deep,coupled_final,0.0,0.01,0.0,0.3,top_oxide,7.500000000000001e-05,5.899999999999999e-06,0.7500000000000001,58.99999999999999,0.0671776246853916,,,,,,,,
nga_5e17,0.0,5e+17,deep,coupled_final,0.0,0.01,0.0,0.3,top_oxide,7.500000000000001e-05,6.025e-06,0.7500000000000001,60.25,0.07881874479633473,,,,,,,,
nga_5e17,0.0,5e+17,deep,coupled_final,0.0,0.01,0.0,0.3,top_oxide,7.500000000000001e-05,6.1499999999999996e-06,0.7500000000000001,61.49999999999999,0.09045986471751687,,,,,,,,
nga_5e17,0.0,5e+17,deep,coupled_final,0.0,0.01,0.0,0.3,top_oxide,7.500000000000001e-05,6.275e-06,0.7500000000000001,62.75,0.10210098445529985,,,,,,,,
nga_5e17,0.0,5e+17,deep,coupled_final,0.0,0.01,0.0,0.3,top_oxide,7.500000000000001e-05,6.4e-06,0.7500000000000001,64.0,0.11374210401656218,,,,,,,,
nga_5e17,0.0,5e+17,deep,coupled_final,0.0,0.01,0.0,0.3,top_oxide,7.500000000000001e-05,6.9e-06,0.7500000000000001,69.0,0.1603065805702535,,,,,,,,
nga_5e17,0.0,5e+17,deep,coupled_final,0.0,0.01,0.0,0.3,top_oxide,7.500000000000001e-05,7.4e-06,0.7500000000000001,74.0,0.20687105496911906,,,,,,,,
nga_5e17,0.0,5e+17,deep,coupled_final,0.0,0.01,0.0,0.3,top_oxide,7.500000000000001e-05,7.9e-06,0.7500000000000001,79.0,0.2534355278689681,,,,,,,,
nga_5e17,0.0,5e+17,deep,coupled_final,0.0,0.01,0.0,0.3,top_oxide,7.500000000000001e-05,8.400000000000001e-06,0.7500000000000001,84.00000000000001,0.3,,,,,,,,
nga_5e17,0.0,5e+17,deep,coupled_final,0.0,0.01,0.0,0.3,top_oxide,0.0001,5.4e-06,1.0,54.0,0.02065981147368707,,,,,,,,
nga_5e17,0.0,5e+17,deep,coupled_final,0.0,0.01,0.0,0.3,top_oxide,0.0001,5.525e-06,1.0,55.24999999999999,0.03229898604253267,,,,,,,,
nga_5e17,0.0,5e+17,deep,coupled_final,0.0,0.01,0.0,0.3,top_oxide,0.0001,5.65e-06,1.0,56.5,0.043938160605641714,,,,,,,,
nga_5e17,0.0,5e+17,deep,coupled_final,0.0,0.01,0.0,0.3,top_oxide,0.0001,5.775e-06,1.0,57.75,0.05557733516322199,,,,,,,,
nga_5e17,0.0,5e+17,deep,coupled_final,0.0,0.01,0.0,0.3,top_oxide,0.0001,5.899999999999999e-06,1.0,58.99999999999999,0.06721650971548644,,,,,,,,
nga_5e17,0.0,5e+17,deep,coupled_final,0.0,0.01,0.0,0.3,top_oxide,0.0001,6.025e-06,1.0,60.25,0.07885568426265288,,,,,,,,
nga_5e17,0.0,5e+17,deep,coupled_final,0.0,0.01,0.0,0.3,top_oxide,0.0001,6.1499999999999996e-06,1.0,61.49999999999999,0.09049485880494357,,,,,,,,
nga_5e17,0.0,5e+17,deep,coupled_final,0.0,0.01,0.0,0.3,top_oxide,0.0001,6.275e-06,1.0,62.75,0.10213403334258568,,,,,,,,
nga_5e17,0.0,5e+17,deep,coupled_final,0.0,0.01,0.0,0.3,top_oxide,0.0001,6.4e-06,1.0,64.0,0.11377320787581047,,,,,,,,
nga_5e17,0.0,5e+17,deep,coupled_final,0.0,0.01,0.0,0.3,top_oxide,0.0001,6.9e-06,1.0,69.0,0.1603299059668943,,,,,,,,
nga_5e17,0.0,5e+17,deep,coupled_final,0.0,0.01,0.0,0.3,top_oxide,0.0001,7.4e-06,1.0,74.0,0.20688660400681047,,,,,,,,
nga_5e17,0.0,5e+17,deep,coupled_final,0.0,0.01,0.0,0.3,top_oxide,0.0001,7.9e-06,1.0,79.0,0.253443302012129,,,,,,,,
nga_5e17,0.0,5e+17,deep,coupled_final,0.0,0.01,0.0,0.3,top_oxide,0.0001,8.400000000000001e-06,1.0,84.00000000000001,0.3,,,,,,,,
nga_5e17,0.0,5e+17,deep,coupled_final,0.0,0.01,0.0,0.3,top_oxide,0.000125,5.4e-06,1.25,54.0,0.020706718292127547,,,,,,,,
nga_5e17,0.0,5e+17,deep,coupled_final,0.0,0.01,0.0,0.3,top_oxide,0.000125,5.525e-06,1.25,55.24999999999999,0.03234393839171971,,,,,,,,
nga_5e17,0.0,5e+17,deep,coupled_final,0.0,0.01,0.0,0.3,top_oxide,0.000125,5.65e-06,1.25,56.5,0.04398115848771778,,,,,,,,
nga_5e17,0.0,5e+17,deep,coupled_final,0.0,0.01,0.0,0.3,top_oxide,0.000125,5.775e-06,1.25,57.75,0.05561837858027746,,,,,,,,
nga_5e17,0.0,5e+17,deep,coupled_final,0.0,0.01,0.0,0.3,top_oxide,0.000125,5.899999999999999e-06,1.25,58.99999999999999,0.0672555986695547,,,,,,,,
nga_5e17,0.0,5e+17,deep,coupled_final,0.0,0.01,0.0,0.3,top_oxide,0.000125,6.025e-06,1.25,60.25,0.07889281875570553,,,,,,,,
nga_5e17,0.0,5e+17,deep,coupled_final,0.0,0.01,0.0,0.3,top_oxide,0.000125,6.1499999999999996e-06,1.25,61.49999999999999,0.09053003883888576,,,,,,,,
nga_5e17,0.0,5e+17,deep,coupled_final,0.0,0.01,0.0,0.3,top_oxide,0.000125,6.275e-06,1.25,62.75,0.1021672589192516,,,,,,,,
nga_5e17,0.0,5e+17,deep,coupled_final,0.0,0.01,0.0,0.3,top_oxide,0.000125,6.4e-06,1.25,64.0,0.11380447899695899,,,,,,,,
nga_5e17,0.0,5e+17,deep,coupled_final,0.0,0.01,0.0,0.3,top_oxide,0.000125,6.9e-06,1.25,69.0,0.16035335928276606,,,,,,,,
nga_5e17,0.0,5e+17,deep,coupled_final,0.0,0.01,0.0,0.3,top_oxide,0.000125,7.4e-06,1.25,74.0,0.20690223953853595,,,,,,,,
nga_5e17,0.0,5e+17,deep,coupled_final,0.0,0.01,0.0,0.3,top_oxide,0.000125,7.9e-06,1.25,79.0,0.25345111977427615,,,,,,,,
nga_5e17,0.0,5e+17,deep,coupled_final,0.0,0.01,0.0,0.3,top_oxide,0.000125,8.400000000000001e-06,1.25,84.00000000000001,0.3,,,,,,,,
nga_5e17,0.0,5e+17,deep,coupled_final,0.0,0.01,0.0,0.3,top_oxide,0.00015000000000000001,5.4e-06,1.5000000000000002,54.0,0.02075377510815879,,,,,,,,
nga_5e17,0.0,5e+17,deep,coupled_final,0.0,0.01,0.0,0.3,top_oxide,0.00015000000000000001,5.525e-06,1.5000000000000002,55.24999999999999,0.032389034507263555,,,,,,,,
nga_5e17,0.0,5e+17,deep,coupled_final,0.0,0.01,0.0,0.3,top_oxide,0.00015000000000000001,5.65e-06,1.5000000000000002,56.5,0.044024293902749374,,,,,,,,
nga_5e17,0.0,5e+17,deep,coupled_final,0.0,0.01,0.0,0.3,top_oxide,0.00015000000000000001,5.775e-06,1.5000000000000002,57.75,0.05565955329477344,,,,,,,,
nga_5e17,0.0,5e+17,deep,coupled_final,0.0,0.01,0.0,0.3,top_oxide,0.00015000000000000001,5.899999999999999e-06,1.5000000000000002,58.99999999999999,0.06729481268349317,,,,,,,,
nga_5e17,0.0,5e+17,deep,coupled_final,0.0,0.01,0.0,0.3,top_oxide,0.00015000000000000001,6.025e-06,1.5000000000000002,60.25,0.078930072069066,,,,,,,,
nga_5e17,0.0,5e+17,deep,coupled_final,0.0,0.01,0.0,0.3,top_oxide,0.00015000000000000001,6.1499999999999996e-06,1.5000000000000002,61.49999999999999,0.0905653314516491,,,,,,,,
nga_5e17,0.0,5e+17,deep,coupled_final,0.0,0.01,0.0,0.3,top_oxide,0.00015000000000000001,6.275e-06,1.5000000000000002,62.75,0.1022005908314,,,,,,,,
nga_5e17,0.0,5e+17,deep,coupled_final,0.0,0.01,0.0,0.3,top_oxide,0.00015000000000000001,6.4e-06,1.5000000000000002,64.0,0.11383585020847586,,,,,,,,
nga_5e17,0.0,5e+17,deep,coupled_final,0.0,0.01,0.0,0.3,top_oxide,0.00015000000000000001,6.9e-06,1.5000000000000002,69.0,0.1603768876916035,,,,,,,,
nga_5e17,0.0,5e+17,deep,coupled_final,0.0,0.01,0.0,0.3,top_oxide,0.00015000000000000001,7.4e-06,1.5000000000000002,74.0,0.2069179251445198,,,,,,,,
nga_5e17,0.0,5e+17,deep,coupled_final,0.0,0.01,0.0,0.3,top_oxide,0.00015000000000000001,7.9e-06,1.5000000000000002,79.0,0.2534589625772951,,,,,,,,
nga_5e17,0.0,5e+17,deep,coupled_final,0.0,0.01,0.0,0.3,top_oxide,0.00015000000000000001,8.400000000000001e-06,1.5000000000000002,84.00000000000001,0.3,,,,,,,,
nga_5e17,0.0,5e+17,deep,coupled_final,0.0,0.01,0.0,0.3,top_oxide,0.000175,5.4e-06,1.75,54.0,0.020800982978672965,,,,,,,,
nga_5e17,0.0,5e+17,deep,coupled_final,0.0,0.01,0.0,0.3,top_oxide,0.000175,5.525e-06,1.75,55.24999999999999,0.03243427538356648,,,,,,,,
nga_5e17,0.0,5e+17,deep,coupled_final,0.0,0.01,0.0,0.3,top_oxide,0.000175,5.65e-06,1.75,56.5,0.04406756778479126,,,,,,,,
nga_5e17,0.0,5e+17,deep,coupled_final,0.0,0.01,0.0,0.3,top_oxide,0.000175,5.775e-06,1.75,57.75,0.05570086018250667,,,,,,,,
nga_5e17,0.0,5e+17,deep,coupled_final,0.0,0.01,0.0,0.3,top_oxide,0.000175,5.899999999999999e-06,1.75,58.99999999999999,0.06733415257687227,,,,,,,,
nga_5e17,0.0,5e+17,deep,coupled_final,0.0,0.01,0.0,0.3,top_oxide,0.000175,6.025e-06,1.75,60.25,0.07896744496804768,,,,,,,,
nga_5e17,0.0,5e+17,deep,coupled_final,0.0,0.01,0.0,0.3,top_oxide,0.000175,6.1499999999999996e-06,1.75,61.49999999999999,0.09060073735619226,,,,,,,,
nga_5e17,0.0,5e+17,deep,coupled_final,0.0,0.01,0.0,0.3,top_oxide,0.000175,6.275e-06,1.75,62.75,0.10223402974146566,,,,,,,,
nga_5e17,0.0,5e+17,deep,coupled_final,0.0,0.01,0.0,0.3,top_oxide,0.000175,6.4e-06,1.75,64.0,0.11386732212402724,,,,,,,,
nga_5e17,0.0,5e+17,deep,coupled_final,0.0,0.01,0.0,0.3,top_oxide,0.000175,6.9e-06,1.75,69.0,0.16040049162875153,,,,,,,,
nga_5e17,0.0,5e+17,deep,coupled_final,0.0,0.01,0.0,0.3,top_oxide,0.000175,7.4e-06,1.75,74.0,0.20693366110284916,,,,,,,,
nga_5e17,0.0,5e+17,deep,coupled_final,0.0,0.01,0.0,0.3,top_oxide,0.000175,7.9e-06,1.75,79.0,0.253466830556529,,,,,,,,
nga_5e17,0.0,5e+17,deep,coupled_final,0.0,0.01,0.0,0.3,top_oxide,0.000175,8.400000000000001e-06,1.75,84.00000000000001,0.3,,,,,,,,
nga_5e17,0.0,5e+17,deep,coupled_final,0.0,0.01,0.0,0.3,top_oxide,0.0002,5.4e-06,2.0,54.0,0.02084834398238688,,,,,,,,
nga_5e17,0.0,5e+17,deep,coupled_final,0.0,0.01,0.0,0.3,top_oxide,0.0002,5.525e-06,2.0,55.24999999999999,0.03247966301253087,,,,,,,,
nga_5e17,0.0,5e+17,deep,coupled_final,0.0,0.01,0.0,0.3,top_oxide,0.0002,5.65e-06,2.0,56.5,0.04411098203895487,,,,,,,,
nga_5e17,0.0,5e+17,deep,coupled_final,0.0,0.01,0.0,0.3,top_oxide,0.0002,5.775e-06,2.0,57.75,0.05574230106182045,,,,,,,,
nga_5e17,0.0,5e+17,deep,coupled_final,0.0,0.01,0.0,0.3,top_oxide,0.0002,5.899999999999999e-06,2.0,58.99999999999999,0.06737362008128944,,,,,,,,
nga_5e17,0.0,5e+17,deep,coupled_final,0.0,0.01,0.0,0.3,top_oxide,0.0002,6.025e-06,2.0,60.25,0.07900493909752368,,,,,,,,
nga_5e17,0.0,5e+17,deep,coupled_final,0.0,0.01,0.0,0.3,top_oxide,0.0002,6.1499999999999996e-06,2.0,61.49999999999999,0.09063625811068474,,,,,,,,
nga_5e17,0.0,5e+17,deep,coupled_final,0.0,0.01,0.0,0.3,top_oxide,0.0002,6.275e-06,2.0,62.75,0.1022675771209345,,,,,,,,
nga_5e17,0.0,5e+17,deep,coupled_final,0.0,0.01,0.0,0.3,top_oxide,0.0002,6.4e-06,2.0,64.0,0.11389889612843457,,,,,,,,
nga_5e17,0.0,5e+17,deep,coupled_final,0.0,0.01,0.0,0.3,top_oxide,0.0002,6.9e-06,2.0,69.0,0.16042417213255622,,,,,,,,
nga_5e17,0.0,5e+17,deep,coupled_final,0.0,0.01,0.0,0.3,top_oxide,0.0002,7.4e-06,2.0,74.0,0.20694944810562332,,,,,,,,
nga_5e17,0.0,5e+17,deep,coupled_final,0.0,0.01,0.0,0.3,top_oxide,0.0002,7.9e-06,2.0,79.0,0.25347472405798743,,,,,,,,
nga_5e17,0.0,5e+17,deep,coupled_final,0.0,0.01,0.0,0.3,top_oxide,0.0002,8.400000000000001e-06,2.0,84.00000000000001,0.3,,,,,,,,
nga_5e17,0.0,5e+17,deep,coupled_final,0.0,0.01,0.0,0.3,top_oxide,0.00022500000000000002,5.4e-06,2.25,54.0,0.020895860258684593,,,,,,,,
nga_5e17,0.0,5e+17,deep,coupled_final,0.0,0.01,0.0,0.3,top_oxide,0.00022500000000000002,5.525e-06,2.25,55.24999999999999,0.03252519944439785,,,,,,,,
nga_5e17,0.0,5e+17,deep,coupled_final,0.0,0.01,0.0,0.3,top_oxide,0.00022500000000000002,5.65e-06,2.25,56.5,0.04415453862633862,,,,,,,,
nga_5e17,0.0,5e+17,deep,coupled_final,0.0,0.01,0.0,0.3,top_oxide,0.00022500000000000002,5.775e-06,2.25,57.75,0.05578387780467077,,,,,,,,
nga_5e17,0.0,5e+17,deep,coupled_final,0.0,0.01,0.0,0.3,top_oxide,0.00022500000000000002,5.899999999999999e-06,2.25,58.99999999999999,0.0674132169795584,,,,,,,,
nga_5e17,0.0,5e+17,deep,coupled_final,0.0,0.01,0.0,0.3,top_oxide,0.00022500000000000002,6.025e-06,2.25,60.25,0.07904255615116562,,,,,,,,
nga_5e17,0.0,5e+17,deep,coupled_final,0.0,0.01,0.0,0.3,top_oxide,0.00022500000000000002,6.1499999999999996e-06,2.25,61.49999999999999,0.09067189531965629,,,,,,,,
nga_5e17,0.0,5e+17,deep,coupled_final,0.0,0.01,0.0,0.3,top_oxide,0.00022500000000000002,6.275e-06,2.25,62.75,0.1023012344851946,,,,,,,,
nga_5e17,0.0,5e+17,deep,coupled_final,0.0,0.01,0.0,0.3,top_oxide,0.00022500000000000002,6.4e-06,2.25,64.0,0.1139305736479444,,,,,,,,
nga_5e17,0.0,5e+17,deep,coupled_final,0.0,0.01,0.0,0.3,top_oxide,0.00022500000000000002,6.9e-06,2.25,69.0,0.16044793027269982,,,,,,,,
nga_5e17,0.0,5e+17,deep,coupled_final,0.0,0.01,0.0,0.3,top_oxide,0.00022500000000000002,7.4e-06,2.25,74.0,0.20696528686596252,,,,,,,,
nga_5e17,0.0,5e+17,deep,coupled_final,0.0,0.01,0.0,0.3,top_oxide,0.00022500000000000002,7.9e-06,2.25,79.0,0.25348264343823007,,,,,,,,
nga_5e17,0.0,5e+17,deep,coupled_final,0.0,0.01,0.0,0.3,top_oxide,0.00022500000000000002,8.400000000000001e-06,2.25,84.00000000000001,0.3,,,,,,,,
nga_5e17,0.0,5e+17,deep,coupled_final,0.0,0.01,0.0,0.3,top_oxide,0.00025,5.4e-06,2.5,54.0,0.020943533998594884,,,,,,,,
nga_5e17,0.0,5e+17,deep,coupled_final,0.0,0.01,0.0,0.3,top_oxide,0.00025,5.525e-06,2.5,55.24999999999999,0.03257088677890363,,,,,,,,
nga_5e17,0.0,5e+17,deep,coupled_final,0.0,0.01,0.0,0.3,top_oxide,0.00025,5.65e-06,2.5,56.5,0.04419823955538611,,,,,,,,
nga_5e17,0.0,5e+17,deep,coupled_final,0.0,0.01,0.0,0.3,top_oxide,0.00025,5.775e-06,2.5,57.75,0.05582559232820855,,,,,,,,
nga_5e17,0.0,5e+17,deep,coupled_final,0.0,0.01,0.0,0.3,top_oxide,0.00025,5.899999999999999e-06,2.5,58.99999999999999,0.06745294509753738,,,,,,,,
nga_5e17,0.0,5e+17,deep,coupled_final,0.0,0.01,0.0,0.3,top_oxide,0.00025,6.025e-06,2.5,60.25,0.07908029786353903,,,,,,,,
nga_5e17,0.0,5e+17,deep,coupled_final,0.0,0.01,0.0,0.3,top_oxide,0.00025,6.1499999999999996e-06,2.5,61.49999999999999,0.09070765062637973,,,,,,,,
nga_5e17,0.0,5e+17,deep,coupled_final,0.0,0.01,0.0,0.3,top_oxide,0.00025,6.275e-06,2.5,62.75,0.10233500338622596,,,,,,,,
nga_5e17,0.0,5e+17,deep,coupled_final,0.0,0.01,0.0,0.3,top_oxide,0.00025,6.4e-06,2.5,64.0,0.11396235614324397,,,,,,,,
nga_5e17,0.0,5e+17,deep,coupled_final,0.0,0.01,0.0,0.3,top_oxide,0.00025,6.9e-06,2.5,69.0,0.16047176714469816,,,,,,,,
nga_5e17,0.0,5e+17,deep,coupled_final,0.0,0.01,0.0,0.3,top_oxide,0.00025,7.4e-06,2.5,74.0,0.20698117811421077,,,,,,,,
nga_5e17,0.0,5e+17,deep,coupled_final,0.0,0.01,0.0,0.3,top_oxide,0.00025,7.9e-06,2.5,79.0,0.253490589062429,,,,,,,,
nga_5e17,0.0,5e+17,deep,coupled_final,0.0,0.01,0.0,0.3,top_oxide,0.00025,8.400000000000001e-06,2.5,84.00000000000001,0.3,,,,,,,,
nga_5e17,0.0,5e+17,deep,coupled_final,0.0,0.01,0.0,0.3,top_oxide,0.00027499999999999996,5.4e-06,2.7499999999999996,54.0,0.020991367446352716,,,,,,,,
nga_5e17,0.0,5e+17,deep,coupled_final,0.0,0.01,0.0,0.3,top_oxide,0.00027499999999999996,5.525e-06,2.7499999999999996,55.24999999999999,0.0326167271667737,,,,,,,,
nga_5e17,0.0,5e+17,deep,coupled_final,0.0,0.01,0.0,0.3,top_oxide,0.00027499999999999996,5.65e-06,2.7499999999999996,56.5,0.044242086883313346,,,,,,,,
nga_5e17,0.0,5e+17,deep,coupled_final,0.0,0.01,0.0,0.3,top_oxide,0.00027499999999999996,5.775e-06,2.7499999999999996,57.75,0.055867446596140256,,,,,,,,
nga_5e17,0.0,5e+17,deep,coupled_final,0.0,0.01,0.0,0.3,top_oxide,0.00027499999999999996,5.899999999999999e-06,2.7499999999999996,58.99999999999999,0.06749280630542326,,,,,,,,
nga_5e17,0.0,5e+17,deep,coupled_final,0.0,0.01,0.0,0.3,top_oxide,0.00027499999999999996,6.025e-06,2.7499999999999996,60.25,0.07911816601133119,,,,,,,,
nga_5e17,0.0,5e+17,deep,coupled_final,0.0,0.01,0.0,0.3,top_oxide,0.00027499999999999996,6.1499999999999996e-06,2.7499999999999996,61.49999999999999,0.09074352571403264,,,,,,,,
nga_5e17,0.0,5e+17,deep,coupled_final,0.0,0.01,0.0,0.3,top_oxide,0.00027499999999999996,6.275e-06,2.7499999999999996,62.75,0.10236888541369656,,,,,,,,
nga_5e17,0.0,5e+17,deep,coupled_final,0.0,0.01,0.0,0.3,top_oxide,0.00027499999999999996,6.4e-06,2.7499999999999996,64.0,0.11399424511049151,,,,,,,,
nga_5e17,0.0,5e+17,deep,coupled_final,0.0,0.01,0.0,0.3,top_oxide,0.00027499999999999996,6.9e-06,2.7499999999999996,69.0,0.16049568387067029,,,,,,,,
nga_5e17,0.0,5e+17,deep,coupled_final,0.0,0.01,0.0,0.3,top_oxide,0.00027499999999999996,7.4e-06,2.7499999999999996,74.0,0.20699712259844766,,,,,,,,
nga_5e17,0.0,5e+17,deep,coupled_final,0.0,0.01,0.0,0.3,top_oxide,0.00027499999999999996,7.9e-06,2.7499999999999996,79.0,0.25349856130462406,,,,,,,,
nga_5e17,0.0,5e+17,deep,coupled_final,0.0,0.01,0.0,0.3,top_oxide,0.00027499999999999996,8.400000000000001e-06,2.7499999999999996,84.00000000000001,0.3,,,,,,,,
nga_5e17,0.0,5e+17,deep,coupled_final,0.0,0.01,0.0,0.3,top_oxide,0.00030000000000000003,5.4e-06,3.0000000000000004,54.0,0.02103936290114408,,,,,,,,
nga_5e17,0.0,5e+17,deep,coupled_final,0.0,0.01,0.0,0.3,top_oxide,0.00030000000000000003,5.525e-06,3.0000000000000004,55.24999999999999,0.032662722811395,,,,,,,,
nga_5e17,0.0,5e+17,deep,coupled_final,0.0,0.01,0.0,0.3,top_oxide,0.00030000000000000003,5.65e-06,3.0000000000000004,56.5,0.04428608271770813,,,,,,,,
nga_5e17,0.0,5e+17,deep,coupled_final,0.0,0.01,0.0,0.3,top_oxide,0.00030000000000000003,5.775e-06,3.0000000000000004,57.75,0.05590944262025454,,,,,,,,
nga_5e17,0.0,5e+17,deep,coupled_final,0.0,0.01,0.0,0.3,top_oxide,0.00030000000000000003,5.899999999999999e-06,3.0000000000000004,58.99999999999999,0.0675328025192055,,,,,,,,
nga_5e17,0.0,5e+17,deep,coupled_final,0.0,0.01,0.0,0.3,top_oxide,0.00030000000000000003,6.025e-06,3.0000000000000004,60.25,0.07915616241473232,,,,,,,,
nga_5e17,0.0,5e+17,deep,coupled_final,0.0,0.01,0.0,0.3,top_oxide,0.00030000000000000003,6.1499999999999996e-06,3.0000000000000004,61.49999999999999,0.09077952230700603,,,,,,,,
nga_5e17,0.0,5e+17,deep,coupled_final,0.0,0.01,0.0,0.3,top_oxide,0.00030000000000000003,6.275e-06,3.0000000000000004,62.75,0.10240288219619802,,,,,,,,
nga_5e17,0.0,5e+17,deep,coupled_final,0.0,0.01,0.0,0.3,top_oxide,0.00030000000000000003,6.4e-06,3.0000000000000004,64.0,0.11402624208247933,,,,,,,,
nga_5e17,0.0,5e+17,deep,coupled_final,0.0,0.01,0.0,0.3,top_oxide,0.00030000000000000003,6.9e-06,3.0000000000000004,69.0,0.16051968160021088,,,,,,,,
nga_5e17,0.0,5e+17,deep,coupled_final,0.0,0.01,0.0,0.3,top_oxide,0.00030000000000000003,7.4e-06,3.0000000000000004,74.0,0.20701312108506983,,,,,,,,
nga_5e17,0.0,5e+17,deep,coupled_final,0.0,0.01,0.0,0.3,top_oxide,0.00030000000000000003,7.9e-06,3.0000000000000004,79.0,0.2535065605480137,,,,,,,,
nga_5e17,0.0,5e+17,deep,coupled_final,0.0,0.01,0.0,0.3,top_oxide,0.00030000000000000003,8.400000000000001e-06,3.0000000000000004,84.00000000000001,0.3,,,,,,,,
nga_5e17,0.0,5e+17,deep,coupled_final,0.0,0.01,0.0,0.3,top_oxide,0.00032500000000000004,5.4e-06,3.2500000000000004,54.0,0.021087522718924296,,,,,,,,
nga_5e17,0.0,5e+17,deep,coupled_final,0.0,0.01,0.0,0.3,top_oxide,0.00032500000000000004,5.525e-06,3.2500000000000004,55.24999999999999,0.03270887597055839,,,,,,,,
nga_5e17,0.0,5e+17,deep,coupled_final,0.0,0.01,0.0,0.3,top_oxide,0.00032500000000000004,5.65e-06,3.2500000000000004,56.5,0.04433022921819685,,,,,,,,
nga_5e17,0.0,5e+17,deep,coupled_final,0.0,0.01,0.0,0.3,top_oxide,0.00032500000000000004,5.775e-06,3.2500000000000004,57.75,0.05595158246201325,,,,,,,,
nga_5e17,0.0,5e+17,deep,coupled_final,0.0,0.01,0.0,0.3,top_oxide,0.00032500000000000004,5.899999999999999e-06,3.2500000000000004,58.99999999999999,0.06757293570218138,,,,,,,,
nga_5e17,0.0,5e+17,deep,coupled_final,0.0,0.01,0.0,0.3,top_oxide,0.00032500000000000004,6.025e-06,3.2500000000000004,60.25,0.07919428893887505,,,,,,,,
nga_5e17,0.0,5e+17,deep,coupled_final,0.0,0.01,0.0,0.3,top_oxide,0.00032500000000000004,6.1499999999999996e-06,3.2500000000000004,61.49999999999999,0.09081564217226784,,,,,,,,
nga_5e17,0.0,5e+17,deep,coupled_final,0.0,0.01,0.0,0.3,top_oxide,0.00032500000000000004,6.275e-06,3.2500000000000004,62.75,0.10243699540253363,,,,,,,,
nga_5e17,0.0,5e+17,deep,coupled_final,0.0,0.01,0.0,0.3,top_oxide,0.00032500000000000004,6.4e-06,3.2500000000000004,64.0,0.11405834862984598,,,,,,,,
nga_5e17,0.0,5e+17,deep,coupled_final,0.0,0.01,0.0,0.3,top_oxide,0.00032500000000000004,6.9e-06,3.2500000000000004,69.0,0.1605437615112993,,,,,,,,
nga_5e17,0.0,5e+17,deep,coupled_final,0.0,0.01,0.0,0.3,top_oxide,0.00032500000000000004,7.4e-06,3.2500000000000004,74.0,0.20702917435939705,,,,,,,,
nga_5e17,0.0,5e+17,deep,coupled_final,0.0,0.01,0.0,0.3,top_oxide,0.00032500000000000004,7.9e-06,3.2500000000000004,79.0,0.25351458718525777,,,,,,,,
nga_5e17,0.0,5e+17,deep,coupled_final,0.0,0.01,0.0,0.3,top_oxide,0.00032500000000000004,8.400000000000001e-06,3.2500000000000004,84.00000000000001,0.3,,,,,,,,
nga_5e17,0.0,5e+17,deep,coupled_final,0.0,0.01,0.0,0.3,top_oxide,0.00035,5.4e-06,3.5,54.0,0.02113584931431085,,,,,,,,
nga_5e17,0.0,5e+17,deep,coupled_final,0.0,0.01,0.0,0.3,top_oxide,0.00035,5.525e-06,3.5,55.24999999999999,0.03275518895827268,,,,,,,,
nga_5e17,0.0,5e+17,deep,coupled_final,0.0,0.01,0.0,0.3,top_oxide,0.00035,5.65e-06,3.5,56.5,0.04437452859817957,,,,,,,,
nga_5e17,0.0,5e+17,deep,coupled_final,0.0,0.01,0.0,0.3,top_oxide,0.00035,5.775e-06,3.5,57.75,0.05599386823420767,,,,,,,,
nga_5e17,0.0,5e+17,deep,coupled_final,0.0,0.01,0.0,0.3,top_oxide,0.00035,5.899999999999999e-06,3.5,58.99999999999999,0.06761320786653337,,,,,,,,
nga_5e17,0.0,5e+17,deep,coupled_final,0.0,0.01,0.0,0.3,top_oxide,0.00035,6.025e-06,3.5,60.25,0.07923254749533302,,,,,,,,
nga_5e17,0.0,5e+17,deep,coupled_final,0.0,0.01,0.0,0.3,top_oxide,0.00035,6.1499999999999996e-06,3.5,61.49999999999999,0.09085188712078282,,,,,,,,
nga_5e17,0.0,5e+17,deep,coupled_final,0.0,0.01,0.0,0.3,top_oxide,0.00035,6.275e-06,3.5,62.75,0.10247122674305921,,,,,,,,
nga_5e17,0.0,5e+17,deep,coupled_final,0.0,0.01,0.0,0.3,top_oxide,0.00035,6.4e-06,3.5,64.0,0.11409056636233832,,,,,,,,
nga_5e17,0.0,5e+17,deep,coupled_final,0.0,0.01,0.0,0.3,top_oxide,0.00035,6.9e-06,3.5,69.0,0.1605679248112461,,,,,,,,
nga_5e17,0.0,5e+17,deep,coupled_final,0.0,0.01,0.0,0.3,top_oxide,0.00035,7.4e-06,3.5,74.0,0.20704528322630328,,,,,,,,
nga_5e17,0.0,5e+17,deep,coupled_final,0.0,0.01,0.0,0.3,top_oxide,0.00035,7.9e-06,3.5,79.0,0.2535226416187934,,,,,,,,
nga_5e17,0.0,5e+17,deep,coupled_final,0.0,0.01,0.0,0.3,top_oxide,0.00035,8.400000000000001e-06,3.5,84.00000000000001,0.3,,,,,,,,
nga_5e17,0.0,5e+17,deep,coupled_final,0.0,0.01,0.0,0.3,top_oxide,0.000375,5.4e-06,3.75,54.0,0.021184345162554796,,,,,,,,
nga_5e17,0.0,5e+17,deep,coupled_final,0.0,0.01,0.0,0.3,top_oxide,0.000375,5.525e-06,3.75,55.24999999999999,0.032801664146653836,,,,,,,,
nga_5e17,0.0,5e+17,deep,coupled_final,0.0,0.01,0.0,0.3,top_oxide,0.000375,5.65e-06,3.75,56.5,0.04441898312663714,,,,,,,,
nga_5e17,0.0,5e+17,deep,coupled_final,0.0,0.01,0.0,0.3,top_oxide,0.000375,5.775e-06,3.75,57.75,0.05603630210268348,,,,,,,,
nga_5e17,0.0,5e+17,deep,coupled_final,0.0,0.01,0.0,0.3,top_oxide,0.000375,5.899999999999999e-06,3.75,58.99999999999999,0.0676536210749719,,,,,,,,
nga_5e17,0.0,5e+17,deep,coupled_final,0.0,0.01,0.0,0.3,top_oxide,0.000375,6.025e-06,3.75,60.25,0.07927094004368143,,,,,,,,
nga_5e17,0.0,5e+17,deep,coupled_final,0.0,0.01,0.0,0.3,top_oxide,0.000375,6.1499999999999996e-06,3.75,61.49999999999999,0.09088825900899085,,,,,,,,
nga_5e17,0.0,5e+17,deep,coupled_final,0.0,0.01,0.0,0.3,top_oxide,0.000375,6.275e-06,3.75,62.75,0.10250557797107926,,,,,,,,
nga_5e17,0.0,5e+17,deep,coupled_final,0.0,0.01,0.0,0.3,top_oxide,0.000375,6.4e-06,3.75,64.0,0.11412289693012548,,,,,,,,
nga_5e17,0.0,5e+17,deep,coupled_final,0.0,0.01,0.0,0.3,top_oxide,0.000375,6.9e-06,3.75,69.0,0.16059217273767867,,,,,,,,
nga_5e17,0.0,5e+17,deep,coupled_final,0.0,0.01,0.0,0.3,top_oxide,0.000375,7.4e-06,3.75,74.0,0.20706144851087366,,,,,,,,
nga_5e17,0.0,5e+17,deep,coupled_final,0.0,0.01,0.0,0.3,top_oxide,0.000375,7.9e-06,3.75,79.0,0.2535307242611632,,,,,,,,
nga_5e17,0.0,5e+17,deep,coupled_final,0.0,0.01,0.0,0.3,top_oxide,0.000375,8.400000000000001e-06,3.75,84.00000000000001,0.3,,,,,,,,
nga_5e17,0.0,5e+17,deep,coupled_final,0.0,0.01,0.0,0.3,top_oxide,0.0004,5.4e-06,4.0,54.0,0.021233012801595393,,,,,,,,
nga_5e17,0.0,5e+17,deep,coupled_final,0.0,0.01,0.0,0.3,top_oxide,0.0004,5.525e-06,4.0,55.24999999999999,0.032848303967894066,,,,,,,,
nga_5e17,0.0,5e+17,deep,coupled_final,0.0,0.01,0.0,0.3,top_oxide,0.0004,5.65e-06,4.0,56.5,0.04446359513001464,,,,,,,,
nga_5e17,0.0,5e+17,deep,coupled_final,0.0,0.01,0.0,0.3,top_oxide,0.0004,5.775e-06,4.0,57.75,0.05607888628813861,,,,,,,,
nga_5e17,0.0,5e+17,deep,coupled_final,0.0,0.01,0.0,0.3,top_oxide,0.0004,5.899999999999999e-06,4.0,58.99999999999999,0.06769417744244773,,,,,,,,
nga_5e17,0.0,5e+17,deep,coupled_final,0.0,0.01,0.0,0.3,top_oxide,0.0004,6.025e-06,4.0,60.25,0.07930946859312372,,,,,,,,
nga_5e17,0.0,5e+17,deep,coupled_final,0.0,0.01,0.0,0.3,top_oxide,0.0004,6.1499999999999996e-06,4.0,61.49999999999999,0.0909247597403481,,,,,,,,
nga_5e17,0.0,5e+17,deep,coupled_final,0.0,0.01,0.0,0.3,top_oxide,0.0004,6.275e-06,4.0,62.75,0.10254005088430267,,,,,,,,
nga_5e17,0.0,5e+17,deep,coupled_final,0.0,0.01,0.0,0.3,top_oxide,0.0004,6.4e-06,4.0,64.0,0.11415534202516893,,,,,,,,
nga_5e17,0.0,5e+17,deep,coupled_final,0.0,0.01,0.0,0.3,top_oxide,0.0004,6.9e-06,4.0,69.0,0.16061650655956855,,,,,,,,
nga_5e17,0.0,5e+17,deep,coupled_final,0.0,0.01,0.0,0.3,top_oxide,0.0004,7.4e-06,4.0,74.0,0.20707767105908945,,,,,,,,
nga_5e17,0.0,5e+17,deep,coupled_final,0.0,0.01,0.0,0.3,top_oxide,0.0004,7.9e-06,4.0,79.0,0.25353883553535783,,,,,,,,
nga_5e17,0.0,5e+17,deep,coupled_final,0.0,0.01,0.0,0.3,top_oxide,0.0004,8.400000000000001e-06,4.0,84.00000000000001,0.3,,,,,,,,
nga_5e17,0.0,5e+17,deep,coupled_final,0.0,0.01,0.0,0.3,top_oxide,0.00042500000000000003,5.4e-06,4.25,54.0,0.021281854834200104,,,,,,,,
nga_5e17,0.0,5e+17,deep,coupled_final,0.0,0.01,0.0,0.3,top_oxide,0.00042500000000000003,5.525e-06,4.25,55.24999999999999,0.0328951109163126,,,,,,,,
nga_5e17,0.0,5e+17,deep,coupled_final,0.0,0.01,0.0,0.3,top_oxide,0.00042500000000000003,5.65e-06,4.25,56.5,0.044508366994183035,,,,,,,,
nga_5e17,0.0,5e+17,deep,coupled_final,0.0,0.01,0.0,0.3,top_oxide,0.00042500000000000003,5.775e-06,4.25,57.75,0.05612162306799569,,,,,,,,
nga_5e17,0.0,5e+17,deep,coupled_final,0.0,0.01,0.0,0.3,top_oxide,0.00042500000000000003,5.899999999999999e-06,4.25,58.99999999999999,0.06773487913793508,,,,,,,,
nga_5e17,0.0,5e+17,deep,coupled_final,0.0,0.01,0.0,0.3,top_oxide,0.00042500000000000003,6.025e-06,4.25,60.25,0.07934813520418572,,,,,,,,
nga_5e17,0.0,5e+17,deep,coupled_final,0.0,0.01,0.0,0.3,top_oxide,0.00042500000000000003,6.1499999999999996e-06,4.25,61.49999999999999,0.09096139126693191,,,,,,,,
nga_5e17,0.0,5e+17,deep,coupled_final,0.0,0.01,0.0,0.3,top_oxide,0.00042500000000000003,6.275e-06,4.25,62.75,0.10257464732635824,,,,,,,,
nga_5e17,0.0,5e+17,deep,coupled_final,0.0,0.01,0.0,0.3,top_oxide,0.00042500000000000003,6.4e-06,4.25,64.0,0.11418790338264899,,,,,,,,
nga_5e17,0.0,5e+17,deep,coupled_final,0.0,0.01,0.0,0.3,top_oxide,0.00042500000000000003,6.9e-06,4.25,69.0,0.16064092757830156,,,,,,,,
nga_5e17,0.0,5e+17,deep,coupled_final,0.0,0.01,0.0,0.3,top_oxide,0.00042500000000000003,7.4e-06,4.25,74.0,0.20709395173854142,,,,,,,,
nga_5e17,0.0,5e+17,deep,coupled_final,0.0,0.01,0.0,0.3,top_oxide,0.00042500000000000003,7.9e-06,4.25,79.0,0.25354697587517283,,,,,,,,
nga_5e17,0.0,5e+17,deep,coupled_final,0.0,0.01,0.0,0.3,top_oxide,0.00042500000000000003,8.400000000000001e-06,4.25,84.00000000000001,0.3,,,,,,,,
nga_5e17,0.0,5e+17,deep,coupled_final,0.0,0.01,0.0,0.3,top_oxide,0.00045000000000000004,5.4e-06,4.5,54.0,0.021330873930197114,,,,,,,,
nga_5e17,0.0,5e+17,deep,coupled_final,0.0,0.01,0.0,0.3,top_oxide,0.00045000000000000004,5.525e-06,4.5,55.24999999999999,0.03294208755049524,,,,,,,,
nga_5e17,0.0,5e+17,deep,coupled_final,0.0,0.01,0.0,0.3,top_oxide,0.00045000000000000004,5.65e-06,4.5,56.5,0.04455330116648567,,,,,,,,
nga_5e17,0.0,5e+17,deep,coupled_final,0.0,0.01,0.0,0.3,top_oxide,0.00045000000000000004,5.775e-06,4.5,57.75,0.056164514778355545,,,,,,,,
nga_5e17,0.0,5e+17,deep,coupled_final,0.0,0.01,0.0,0.3,top_oxide,0.00045000000000000004,5.899999999999999e-06,4.5,58.99999999999999,0.06777572838629224,,,,,,,,
nga_5e17,0.0,5e+17,deep,coupled_final,0.0,0.01,0.0,0.3,top_oxide,0.00045000000000000004,6.025e-06,4.5,60.25,0.07938694199048313,,,,,,,,
nga_5e17,0.0,5e+17,deep,coupled_final,0.0,0.01,0.0,0.3,top_oxide,0.00045000000000000004,6.1499999999999996e-06,4.5,61.49999999999999,0.09099815559111533,,,,,,,,
nga_5e17,0.0,5e+17,deep,coupled_final,0.0,0.01,0.0,0.3,top_oxide,0.00045000000000000004,6.275e-06,4.5,62.75,0.10260936918837633,,,,,,,,
nga_5e17,0.0,5e+17,deep,coupled_final,0.0,0.01,0.0,0.3,top_oxide,0.00045000000000000004,6.4e-06,4.5,64.0,0.11422058278245324,,,,,,,,
nga_5e17,0.0,5e+17,deep,coupled_final,0.0,0.01,0.0,0.3,top_oxide,0.00045000000000000004,6.9e-06,4.5,69.0,0.1606654371287939,,,,,,,,
nga_5e17,0.0,5e+17,deep,coupled_final,0.0,0.01,0.0,0.3,top_oxide,0.00045000000000000004,7.4e-06,4.5,74.0,0.207110291439174,,,,,,,,
nga_5e17,0.0,5e+17,deep,coupled_final,0.0,0.01,0.0,0.3,top_oxide,0.00045000000000000004,7.9e-06,4.5,79.0,0.2535551457255804,,,,,,,,
nga_5e17,0.0,5e+17,deep,coupled_final,0.0,0.01,0.0,0.3,top_oxide,0.00045000000000000004,8.400000000000001e-06,4.5,84.00000000000001,0.3,,,,,,,,
nga_5e17,0.0,5e+17,deep,coupled_final,0.0,0.01,0.0,0.3,top_oxide,0.000475,5.4e-06,4.75,54.0,0.021380072828802346,,,,,,,,
nga_5e17,0.0,5e+17,deep,coupled_final,0.0,0.01,0.0,0.3,top_oxide,0.000475,5.525e-06,4.75,55.24999999999999,0.032989236495524356,,,,,,,,
nga_5e17,0.0,5e+17,deep,coupled_final,0.0,0.01,0.0,0.3,top_oxide,0.000475,5.65e-06,4.75,56.5,0.04459840015787133,,,,,,,,
nga_5e17,0.0,5e+17,deep,coupled_final,0.0,0.01,0.0,0.3,top_oxide,0.000475,5.775e-06,4.75,57.75,0.056207563816033326,,,,,,,,
nga_5e17,0.0,5e+17,deep,coupled_final,0.0,0.01,0.0,0.3,top_oxide,0.000475,5.899999999999999e-06,4.75,58.99999999999999,0.06781672747020065,,,,,,,,
nga_5e17,0.0,5e+17,deep,coupled_final,0.0,0.01,0.0,0.3,top_oxide,0.000475,6.025e-06,4.75,60.25,0.0794258911205636,,,,,,,,
nga_5e17,0.0,5e+17,deep,coupled_final,0.0,0.01,0.0,0.3,top_oxide,0.000475,6.1499999999999996e-06,4.75,61.49999999999999,0.09103505476731223,,,,,,,,
nga_5e17,0.0,5e+17,deep,coupled_final,0.0,0.01,0.0,0.3,top_oxide,0.000475,6.275e-06,4.75,62.75,0.10264421841063695,,,,,,,,
nga_5e17,0.0,5e+17,deep,coupled_final,0.0,0.01,0.0,0.3,top_oxide,0.000475,6.4e-06,4.75,64.0,0.1142533820507278,,,,,,,,
nga_5e17,0.0,5e+17,deep,coupled_final,0.0,0.01,0.0,0.3,top_oxide,0.000475,6.9e-06,4.75,69.0,0.16069003658065573,,,,,,,,
nga_5e17,0.0,5e+17,deep,coupled_final,0.0,0.01,0.0,0.3,top_oxide,0.000475,7.4e-06,4.75,74.0,0.2071266910740609,,,,,,,,
nga_5e17,0.0,5e+17,deep,coupled_final,0.0,0.01,0.0,0.3,top_oxide,0.000475,7.9e-06,4.75,79.0,0.2535633455431176,,,,,,,,
nga_5e17,0.0,5e+17,deep,coupled_final,0.0,0.01,0.0,0.3,top_oxide,0.000475,8.400000000000001e-06,4.75,84.00000000000001,0.3,,,,,,,,
nga_5e17,0.0,5e+17,deep,coupled_final,0.0,0.01,0.0,0.3,top_oxide,0.0005,5.4e-06,5.0,54.0,0.02142945434104739,,,,,,,,
nga_5e17,0.0,5e+17,deep,coupled_final,0.0,0.01,0.0,0.3,top_oxide,0.0005,5.525e-06,5.0,55.24999999999999,0.033036560445305715,,,,,,,,
nga_5e17,0.0,5e+17,deep,coupled_final,0.0,0.01,0.0,0.3,top_oxide,0.0005,5.65e-06,5.0,56.5,0.044643666545119864,,,,,,,,
nga_5e17,0.0,5e+17,deep,coupled_final,0.0,0.01,0.0,0.3,top_oxide,0.0005,5.775e-06,5.0,57.75,0.05625077264068292,,,,,,,,
nga_5e17,0.0,5e+17,deep,coupled_final,0.0,0.01,0.0,0.3,top_oxide,0.0005,5.899999999999999e-06,5.0,58.99999999999999,0.06785787873218818,,,,,,,,
nga_5e17,0.0,5e+17,deep,coupled_final,0.0,0.01,0.0,0.3,top_oxide,0.0005,6.025e-06,5.0,60.25,0.07946498481982896,,,,,,,,
nga_5e17,0.0,5e+17,deep,coupled_final,0.0,0.01,0.0,0.3,top_oxide,0.0005,6.1499999999999996e-06,5.0,61.49999999999999,0.09107209090379832,,,,,,,,
nga_5e17,0.0,5e+17,deep,coupled_final,0.0,0.01,0.0,0.3,top_oxide,0.0005,6.275e-06,5.0,62.75,0.10267919698428966,,,,,,,,
nga_5e17,0.0,5e+17,deep,coupled_final,0.0,0.01,0.0,0.3,top_oxide,0.0005,6.4e-06,5.0,64.0,0.11428630306149604,,,,,,,,
nga_5e17,0.0,5e+17,deep,coupled_final,0.0,0.01,0.0,0.3,top_oxide,0.0005,6.9e-06,5.0,69.0,0.16071472733940517,,,,,,,,
nga_5e17,0.0,5e+17,deep,coupled_final,0.0,0.01,0.0,0.3,top_oxide,0.0005,7.4e-06,5.0,74.0,0.20714315158021446,,,,,,,,
nga_5e17,0.0,5e+17,deep,coupled_final,0.0,0.01,0.0,0.3,top_oxide,0.0005,7.9e-06,5.0,79.0,0.2535715757962905,,,,,,,,
nga_5e17,0.0,5e+17,deep,coupled_final,0.0,0.01,0.0,0.3,top_oxide,0.0005,8.400000000000001e-06,5.0,84.00000000000001,0.3,,,,,,,,
nga_5e17,0.0,5e+17,deep,coupled_final,0.0,0.01,0.0,0.3,top_oxide,0.0005250000000000001,5.4e-06,5.250000000000001,54.0,0.021479021352313547,,,,,,,,
nga_5e17,0.0,5e+17,deep,coupled_final,0.0,0.01,0.0,0.3,top_oxide,0.0005250000000000001,5.525e-06,5.250000000000001,55.24999999999999,0.03308406216499688,,,,,,,,
nga_5e17,0.0,5e+17,deep,coupled_final,0.0,0.01,0.0,0.3,top_oxide,0.0005250000000000001,5.65e-06,5.250000000000001,56.5,0.04468910297316508,,,,,,,,
nga_5e17,0.0,5e+17,deep,coupled_final,0.0,0.01,0.0,0.3,top_oxide,0.0005250000000000001,5.775e-06,5.250000000000001,57.75,0.056294143777014284,,,,,,,,
nga_5e17,0.0,5e+17,deep,coupled_final,0.0,0.01,0.0,0.3,top_oxide,0.0005250000000000001,5.899999999999999e-06,5.250000000000001,58.99999999999999,0.06789918457674089,,,,,,,,
nga_5e17,0.0,5e+17,deep,coupled_final,0.0,0.01,0.0,0.3,top_oxide,0.0005250000000000001,6.025e-06,5.250000000000001,60.25,0.07950422537254132,,,,,,,,
nga_5e17,0.0,5e+17,deep,coupled_final,0.0,0.01,0.0,0.3,top_oxide,0.0005250000000000001,6.1499999999999996e-06,5.250000000000001,61.49999999999999,0.09110926616461168,,,,,,,,
nga_5e17,0.0,5e+17,deep,coupled_final,0.0,0.01,0.0,0.3,top_oxide,0.0005250000000000001,6.275e-06,5.250000000000001,62.75,0.10271430695314847,,,,,,,,
nga_5e17,0.0,5e+17,deep,coupled_final,0.0,0.01,0.0,0.3,top_oxide,0.0005250000000000001,6.4e-06,5.250000000000001,64.0,0.11431934773834784,,,,,,,,
nga_5e17,0.0,5e+17,deep,coupled_final,0.0,0.01,0.0,0.3,top_oxide,0.0005250000000000001,6.9e-06,5.250000000000001,69.0,0.16073951084773525,,,,,,,,
nga_5e17,0.0,5e+17,deep,coupled_final,0.0,0.01,0.0,0.3,top_oxide,0.0005250000000000001,7.4e-06,5.250000000000001,74.0,0.20715967391943033,,,,,,,,
nga_5e17,0.0,5e+17,deep,coupled_final,0.0,0.01,0.0,0.3,top_oxide,0.0005250000000000001,7.9e-06,5.250000000000001,79.0,0.25357983696599723,,,,,,,,
nga_5e17,0.0,5e+17,deep,coupled_final,0.0,0.01,0.0,0.3,top_oxide,0.0005250000000000001,8.400000000000001e-06,5.250000000000001,84.00000000000001,0.3,,,,,,,,
nga_5e17,0.0,5e+17,deep,coupled_final,0.0,0.01,0.0,0.3,top_oxide,0.0005499999999999999,5.4e-06,5.499999999999999,54.0,0.0215287768249767,,,,,,,,
nga_5e17,0.0,5e+17,deep,coupled_final,0.0,0.01,0.0,0.3,top_oxide,0.0005499999999999999,5.525e-06,5.499999999999999,55.24999999999999,0.03313174449354195,,,,,,,,
nga_5e17,0.0,5e+17,deep,coupled_final,0.0,0.01,0.0,0.3,top_oxide,0.0005499999999999999,5.65e-06,5.499999999999999,56.5,0.04473471215751917,,,,,,,,
nga_5e17,0.0,5e+17,deep,coupled_final,0.0,0.01,0.0,0.3,top_oxide,0.0005499999999999999,5.775e-06,5.499999999999999,57.75,0.05633767981710769,,,,,,,,
nga_5e17,0.0,5e+17,deep,coupled_final,0.0,0.01,0.0,0.3,top_oxide,0.0005499999999999999,5.899999999999999e-06,5.499999999999999,58.99999999999999,0.06794064747250707,,,,,,,,
nga_5e17,0.0,5e+17,deep,coupled_final,0.0,0.01,0.0,0.3,top_oxide,0.0005499999999999999,6.025e-06,5.499999999999999,60.25,0.07954361512391686,,,,,,,,
nga_5e17,0.0,5e+17,deep,coupled_final,0.0,0.01,0.0,0.3,top_oxide,0.0005499999999999999,6.1499999999999996e-06,5.499999999999999,61.49999999999999,0.09114658277153641,,,,,,,,
nga_5e17,0.0,5e+17,deep,coupled_final,0.0,0.01,0.0,0.3,top_oxide,0.0005499999999999999,6.275e-06,5.499999999999999,62.75,0.10274955041556533,,,,,,,,
nga_5e17,0.0,5e+17,deep,coupled_final,0.0,0.01,0.0,0.3,top_oxide,0.0005499999999999999,6.4e-06,5.499999999999999,64.0,0.11435251805620297,,,,,,,,
nga_5e17,0.0,5e+17,deep,coupled_final,0.0,0.01,0.0,0.3,top_oxide,0.0005499999999999999,6.9e-06,5.499999999999999,69.0,0.16076438858683642,,,,,,,,
nga_5e17,0.0,5e+17,deep,coupled_final,0.0,0.01,0.0,0.3,top_oxide,0.0005499999999999999,7.4e-06,5.499999999999999,74.0,0.20717625907916914,,,,,,,,
nga_5e17,0.0,5e+17,deep,coupled_final,0.0,0.01,0.0,0.3,top_oxide,0.0005499999999999999,7.9e-06,5.499999999999999,79.0,0.25358812954596804,,,,,,,,
nga_5e17,0.0,5e+17,deep,coupled_final,0.0,0.01,0.0,0.3,top_oxide,0.0005499999999999999,8.400000000000001e-06,5.499999999999999,84.00000000000001,0.3,,,,,,,,
nga_5e17,0.0,5e+17,deep,coupled_final,0.0,0.01,0.0,0.3,top_oxide,0.000575,5.4e-06,5.75,54.0,0.021578723801169576,,,,,,,,
nga_5e17,0.0,5e+17,deep,coupled_final,0.0,0.01,0.0,0.3,top_oxide,0.000575,5.525e-06,5.75,55.24999999999999,0.03317961034631865,,,,,,,,
nga_5e17,0.0,5e+17,deep,coupled_final,0.0,0.01,0.0,0.3,top_oxide,0.000575,5.65e-06,5.75,56.5,0.044780496886804834,,,,,,,,
nga_5e17,0.0,5e+17,deep,coupled_final,0.0,0.01,0.0,0.3,top_oxide,0.000575,5.775e-06,5.75,57.75,0.0563813834228307,,,,,,,,
nga_5e17,0.0,5e+17,deep,coupled_final,0.0,0.01,0.0,0.3,top_oxide,0.000575,5.899999999999999e-06,5.75,58.99999999999999,0.06798226995459908,,,,,,,,
nga_5e17,0.0,5e+17,deep,coupled_final,0.0,0.01,0.0,0.3,top_oxide,0.000575,6.025e-06,5.75,60.25,0.07958315648231278,,,,,,,,
nga_5e17,0.0,5e+17,deep,coupled_final,0.0,0.01,0.0,0.3,top_oxide,0.000575,6.1499999999999996e-06,5.75,61.49999999999999,0.09118404300617437,,,,,,,,
nga_5e17,0.0,5e+17,deep,coupled_final,0.0,0.01,0.0,0.3,top_oxide,0.000575,6.275e-06,5.75,62.75,0.10278492952638676,,,,,,,,
nga_5e17,0.0,5e+17,deep,coupled_final,0.0,0.01,0.0,0.3,top_oxide,0.000575,6.4e-06,5.75,64.0,0.11438581604315254,,,,,,,,
nga_5e17,0.0,5e+17,deep,coupled_final,0.0,0.01,0.0,0.3,top_oxide,0.000575,6.9e-06,5.75,69.0,0.1607893620777777,,,,,,,,
nga_5e17,0.0,5e+17,deep,coupled_final,0.0,0.01,0.0,0.3,top_oxide,0.000575,7.4e-06,5.75,74.0,0.20719290807347718,,,,,,,,
nga_5e17,0.0,5e+17,deep,coupled_final,0.0,0.01,0.0,0.3,top_oxide,0.000575,7.9e-06,5.75,79.0,0.2535964540432262,,,,,,,,
nga_5e17,0.0,5e+17,deep,coupled_final,0.0,0.01,0.0,0.3,top_oxide,0.000575,8.400000000000001e-06,5.75,84.00000000000001,0.3,,,,,,,,
nga_5e17,0.0,5e+17,deep,coupled_final,0.0,0.01,0.0,0.3,top_oxide,0.0006000000000000001,5.4e-06,6.000000000000001,54.0,0.021628865405667115,,,,,,,,
nga_5e17,0.0,5e+17,deep,coupled_final,0.0,0.01,0.0,0.3,top_oxide,0.0006000000000000001,5.525e-06,6.000000000000001,55.24999999999999,0.03322766271790355,,,,,,,,
nga_5e17,0.0,5e+17,deep,coupled_final,0.0,0.01,0.0,0.3,top_oxide,0.0006000000000000001,5.65e-06,6.000000000000001,56.5,0.04482646002540017,,,,,,,,
nga_5e17,0.0,5e+17,deep,coupled_final,0.0,0.01,0.0,0.3,top_oxide,0.0006000000000000001,5.775e-06,6.000000000000001,57.75,0.056425257328362906,,,,,,,,
nga_5e17,0.0,5e+17,deep,coupled_final,0.0,0.01,0.0,0.3,top_oxide,0.0006000000000000001,5.899999999999999e-06,6.000000000000001,58.99999999999999,0.06802405462699793,,,,,,,,
nga_5e17,0.0,5e+17,deep,coupled_final,0.0,0.01,0.0,0.3,top_oxide,0.0006000000000000001,6.025e-06,6.000000000000001,60.25,0.07962285192151138,,,,,,,,
nga_5e17,0.0,5e+17,deep,coupled_final,0.0,0.01,0.0,0.3,top_oxide,0.0006000000000000001,6.1499999999999996e-06,6.000000000000001,61.49999999999999,0.0912216492121092,,,,,,,,
nga_5e17,0.0,5e+17,deep,coupled_final,0.0,0.01,0.0,0.3,top_oxide,0.0006000000000000001,6.275e-06,6.000000000000001,62.75,0.1028204464989976,,,,,,,,
nga_5e17,0.0,5e+17,deep,coupled_final,0.0,0.01,0.0,0.3,top_oxide,0.0006000000000000001,6.4e-06,6.000000000000001,64.0,0.11441924378238255,,,,,,,,
nga_5e17,0.0,5e+17,deep,coupled_final,0.0,0.01,0.0,0.3,top_oxide,0.0006000000000000001,6.9e-06,6.000000000000001,69.0,0.16081443288294933,,,,,,,,
nga_5e17,0.0,5e+17,deep,coupled_final,0.0,0.01,0.0,0.3,top_oxide,0.0006000000000000001,7.4e-06,6.000000000000001,74.0,0.20720962194394832,,,,,,,,
nga_5e17,0.0,5e+17,deep,coupled_final,0.0,0.01,0.0,0.3,top_oxide,0.0006000000000000001,7.9e-06,6.000000000000001,79.0,0.2536048109785688,,,,,,,,
nga_5e17,0.0,5e+17,deep,coupled_final,0.0,0.01,0.0,0.3,top_oxide,0.0006000000000000001,8.400000000000001e-06,6.000000000000001,84.00000000000001,0.3,,,,,,,,
nga_5e17,0.0,5e+17,deep,coupled_final,0.0,0.01,0.0,0.3,top_oxide,0.000625,5.4e-06,6.25,54.0,0.021679204848902088,,,,,,,,
nga_5e17,0.0,5e+17,deep,coupled_final,0.0,0.01,0.0,0.3,top_oxide,0.000625,5.525e-06,6.25,55.24999999999999,0.03327590468496197,,,,,,,,
nga_5e17,0.0,5e+17,deep,coupled_final,0.0,0.01,0.0,0.3,top_oxide,0.000625,5.65e-06,6.25,56.5,0.044872604516203,,,,,,,,
nga_5e17,0.0,5e+17,deep,coupled_final,0.0,0.01,0.0,0.3,top_oxide,0.000625,5.775e-06,6.25,57.75,0.056469304342834536,,,,,,,,
nga_5e17,0.0,5e+17,deep,coupled_final,0.0,0.01,0.0,0.3,top_oxide,0.000625,5.899999999999999e-06,6.25,58.99999999999999,0.06806600416506618,,,,,,,,
nga_5e17,0.0,5e+17,deep,coupled_final,0.0,0.01,0.0,0.3,top_oxide,0.000625,6.025e-06,6.25,60.25,0.07966270398310753,,,,,,,,
nga_5e17,0.0,5e+17,deep,coupled_final,0.0,0.01,0.0,0.3,top_oxide,0.000625,6.1499999999999996e-06,6.25,61.49999999999999,0.09125940379716793,,,,,,,,
nga_5e17,0.0,5e+17,deep,coupled_final,0.0,0.01,0.0,0.3,top_oxide,0.000625,6.275e-06,6.25,62.75,0.10285610360745709,,,,,,,,
nga_5e17,0.0,5e+17,deep,coupled_final,0.0,0.01,0.0,0.3,top_oxide,0.000625,6.4e-06,6.25,64.0,0.11445280341418435,,,,,,,,
nga_5e17,0.0,5e+17,deep,coupled_final,0.0,0.01,0.0,0.3,top_oxide,0.000625,6.9e-06,6.25,69.0,0.1608396026075705,,,,,,,,
nga_5e17,0.0,5e+17,deep,coupled_final,0.0,0.01,0.0,0.3,top_oxide,0.000625,7.4e-06,6.25,74.0,0.207226401760729,,,,,,,,
nga_5e17,0.0,5e+17,deep,coupled_final,0.0,0.01,0.0,0.3,top_oxide,0.000625,7.9e-06,6.25,79.0,0.2536132008870691,,,,,,,,
nga_5e17,0.0,5e+17,deep,coupled_final,0.0,0.01,0.0,0.3,top_oxide,0.000625,8.400000000000001e-06,6.25,84.00000000000001,0.3,,,,,,,,
nga_5e17,0.0,5e+17,deep,coupled_final,0.0,0.01,0.0,0.3,top_oxide,0.0006500000000000001,5.4e-06,6.500000000000001,54.0,0.021729745430117246,,,,,,,,
nga_5e17,0.0,5e+17,deep,coupled_final,0.0,0.01,0.0,0.3,top_oxide,0.0006500000000000001,5.525e-06,6.500000000000001,55.24999999999999,0.03332433940926885,,,,,,,,
nga_5e17,0.0,5e+17,deep,coupled_final,0.0,0.01,0.0,0.3,top_oxide,0.0006500000000000001,5.65e-06,6.500000000000001,56.5,0.044918933383520356,,,,,,,,
nga_5e17,0.0,5e+17,deep,coupled_final,0.0,0.01,0.0,0.3,top_oxide,0.0006500000000000001,5.775e-06,6.500000000000001,57.75,0.056513527353084646,,,,,,,,
nga_5e17,0.0,5e+17,deep,coupled_final,0.0,0.01,0.0,0.3,top_oxide,0.0006500000000000001,5.899999999999999e-06,6.500000000000001,58.99999999999999,0.06810812131817486,,,,,,,,
nga_5e17,0.0,5e+17,deep,coupled_final,0.0,0.01,0.0,0.3,top_oxide,0.0006500000000000001,6.025e-06,6.500000000000001,60.25,0.07970271527900412,,,,,,,,
nga_5e17,0.0,5e+17,deep,coupled_final,0.0,0.01,0.0,0.3,top_oxide,0.0006500000000000001,6.1499999999999996e-06,6.500000000000001,61.49999999999999,0.09129730923578533,,,,,,,,
nga_5e17,0.0,5e+17,deep,coupled_final,0.0,0.01,0.0,0.3,top_oxide,0.0006500000000000001,6.275e-06,6.500000000000001,62.75,0.10289190318873169,,,,,,,,
nga_5e17,0.0,5e+17,deep,coupled_final,0.0,0.01,0.0,0.3,top_oxide,0.0006500000000000001,6.4e-06,6.500000000000001,64.0,0.11448649713805609,,,,,,,,
nga_5e17,0.0,5e+17,deep,coupled_final,0.0,0.01,0.0,0.3,top_oxide,0.0006500000000000001,6.9e-06,6.500000000000001,69.0,0.1608648729012656,,,,,,,,
nga_5e17,0.0,5e+17,deep,coupled_final,0.0,0.01,0.0,0.3,top_oxide,0.0006500000000000001,7.4e-06,6.500000000000001,74.0,0.20724324862356924,,,,,,,,
nga_5e17,0.0,5e+17,deep,coupled_final,0.0,0.01,0.0,0.3,top_oxide,0.0006500000000000001,7.9e-06,6.500000000000001,79.0,0.25362162431860225,,,,,,,,
nga_5e17,0.0,5e+17,deep,coupled_final,0.0,0.01,0.0,0.3,top_oxide,0.0006500000000000001,8.400000000000001e-06,6.500000000000001,84.00000000000001,0.3,,,,,,,,
nga_5e17,0.0,5e+17,deep,coupled_final,0.0,0.01,0.0,0.3,top_oxide,0.000675,5.4e-06,6.75,54.0,0.021780490540662313,,,,,,,,
nga_5e17,0.0,5e+17,deep,coupled_final,0.0,0.01,0.0,0.3,top_oxide,0.000675,5.525e-06,6.75,55.24999999999999,0.03337297014086833,,,,,,,,
nga_5e17,0.0,5e+17,deep,coupled_final,0.0,0.01,0.0,0.3,top_oxide,0.000675,5.65e-06,6.75,56.5,0.04496544973609071,,,,,,,,
nga_5e17,0.0,5e+17,deep,coupled_final,0.0,0.01,0.0,0.3,top_oxide,0.000675,5.775e-06,6.75,57.75,0.056557929326545964,,,,,,,,
nga_5e17,0.0,5e+17,deep,coupled_final,0.0,0.01,0.0,0.3,top_oxide,0.000675,5.899999999999999e-06,6.75,58.99999999999999,0.06815040891245086,,,,,,,,
nga_5e17,0.0,5e+17,deep,coupled_final,0.0,0.01,0.0,0.3,top_oxide,0.000675,6.025e-06,6.75,60.25,0.07974288849402217,,,,,,,,
nga_5e17,0.0,5e+17,deep,coupled_final,0.0,0.01,0.0,0.3,top_oxide,0.000675,6.1499999999999996e-06,6.75,61.49999999999999,0.0913353680714764,,,,,,,,
nga_5e17,0.0,5e+17,deep,coupled_final,0.0,0.01,0.0,0.3,top_oxide,0.000675,6.275e-06,6.75,62.75,0.10292784764503041,,,,,,,,
nga_5e17,0.0,5e+17,deep,coupled_final,0.0,0.01,0.0,0.3,top_oxide,0.000675,6.4e-06,6.75,64.0,0.11452032721490071,,,,,,,,
nga_5e17,0.0,5e+17,deep,coupled_final,0.0,0.01,0.0,0.3,top_oxide,0.000675,6.9e-06,6.75,69.0,0.1608902454597127,,,,,,,,
nga_5e17,0.0,5e+17,deep,coupled_final,0.0,0.01,0.0,0.3,top_oxide,0.000675,7.4e-06,6.75,74.0,0.2072601636629214,,,,,,,,
nga_5e17,0.0,5e+17,deep,coupled_final,0.0,0.01,0.0,0.3,top_oxide,0.000675,7.9e-06,6.75,79.0,0.2536300818383946,,,,,,,,
nga_5e17,0.0,5e+17,deep,coupled_final,0.0,0.01,0.0,0.3,top_oxide,0.000675,8.400000000000001e-06,6.75,84.00000000000001,0.3,,,,,,,,
nga_5e17,0.0,5e+17,deep,coupled_final,0.0,0.01,0.0,0.3,top_oxide,0.0007,5.4e-06,7.0,54.0,0.021831443667442857,,,,,,,,
nga_5e17,0.0,5e+17,deep,coupled_final,0.0,0.01,0.0,0.3,top_oxide,0.0007,5.525e-06,7.0,55.24999999999999,0.033421800221378924,,,,,,,,
nga_5e17,0.0,5e+17,deep,coupled_final,0.0,0.01,0.0,0.3,top_oxide,0.0007,5.65e-06,7.0,56.5,0.04501215677024543,,,,,,,,
nga_5e17,0.0,5e+17,deep,coupled_final,0.0,0.01,0.0,0.3,top_oxide,0.0007,5.775e-06,7.0,57.75,0.05660251331426263,,,,,,,,
nga_5e17,0.0,5e+17,deep,coupled_final,0.0,0.01,0.0,0.3,top_oxide,0.0007,5.899999999999999e-06,7.0,58.99999999999999,0.06819286985365104,,,,,,,,
nga_5e17,0.0,5e+17,deep,coupled_final,0.0,0.01,0.0,0.3,top_oxide,0.0007,6.025e-06,7.0,60.25,0.07978322638863114,,,,,,,,
nga_5e17,0.0,5e+17,deep,coupled_final,0.0,0.01,0.0,0.3,top_oxide,0.0007,6.1499999999999996e-06,7.0,61.49999999999999,0.09137358291942319,,,,,,,,
nga_5e17,0.0,5e+17,deep,coupled_final,0.0,0.01,0.0,0.3,top_oxide,0.0007,6.275e-06,7.0,62.75,0.10296393944624778,,,,,,,,
nga_5e17,0.0,5e+17,deep,coupled_final,0.0,0.01,0.0,0.3,top_oxide,0.0007,6.4e-06,7.0,64.0,0.11455429596932516,,,,,,,,
nga_5e17,0.0,5e+17,deep,coupled_final,0.0,0.01,0.0,0.3,top_oxide,0.0007,6.9e-06,7.0,69.0,0.16091572202636778,,,,,,,,
nga_5e17,0.0,5e+17,deep,coupled_final,0.0,0.01,0.0,0.3,top_oxide,0.0007,7.4e-06,7.0,74.0,0.2072771480410899,,,,,,,,
nga_5e17,0.0,5e+17,deep,coupled_final,0.0,0.01,0.0,0.3,top_oxide,0.0007,7.9e-06,7.0,79.0,0.2536385740275984,,,,,,,,
nga_5e17,0.0,5e+17,deep,coupled_final,0.0,0.01,0.0,0.3,top_oxide,0.0007,8.400000000000001e-06,7.0,84.00000000000001,0.3,,,,,,,,
nga_5e17,0.0,5e+17,deep,coupled_final,0.0,0.01,0.0,0.3,top_oxide,0.0007250000000000001,5.4e-06,7.250000000000001,54.0,0.021882608396530036,,,,,,,,
nga_5e17,0.0,5e+17,deep,coupled_final,0.0,0.01,0.0,0.3,top_oxide,0.0007250000000000001,5.525e-06,7.250000000000001,55.24999999999999,0.03347083308745287,,,,,,,,
nga_5e17,0.0,5e+17,deep,coupled_final,0.0,0.01,0.0,0.3,top_oxide,0.0007250000000000001,5.65e-06,7.250000000000001,56.5,0.04505905777321777,,,,,,,,
nga_5e17,0.0,5e+17,deep,coupled_final,0.0,0.01,0.0,0.3,top_oxide,0.0007250000000000001,5.775e-06,7.250000000000001,57.75,0.05664728245404882,,,,,,,,
nga_5e17,0.0,5e+17,deep,coupled_final,0.0,0.01,0.0,0.3,top_oxide,0.0007250000000000001,5.899999999999999e-06,7.250000000000001,58.99999999999999,0.06823550713017038,,,,,,,,
nga_5e17,0.0,5e+17,deep,coupled_final,0.0,0.01,0.0,0.3,top_oxide,0.0007250000000000001,6.025e-06,7.250000000000001,60.25,0.07982373180180677,,,,,,,,
nga_5e17,0.0,5e+17,deep,coupled_final,0.0,0.01,0.0,0.3,top_oxide,0.0007250000000000001,6.1499999999999996e-06,7.250000000000001,61.49999999999999,0.09141195646918211,,,,,,,,
nga_5e17,0.0,5e+17,deep,coupled_final,0.0,0.01,0.0,0.3,top_oxide,0.0007250000000000001,6.275e-06,7.250000000000001,62.75,0.10300018113252082,,,,,,,,
nga_5e17,0.0,5e+17,deep,coupled_final,0.0,0.01,0.0,0.3,top_oxide,0.0007250000000000001,6.4e-06,7.250000000000001,64.0,0.11458840579204699,,,,,,,,
nga_5e17,0.0,5e+17,deep,coupled_final,0.0,0.01,0.0,0.3,top_oxide,0.0007250000000000001,6.9e-06,7.250000000000001,69.0,0.16094130439426993,,,,,,,,
nga_5e17,0.0,5e+17,deep,coupled_final,0.0,0.01,0.0,0.3,top_oxide,0.0007250000000000001,7.4e-06,7.250000000000001,74.0,0.20729420295343456,,,,,,,,
nga_5e17,0.0,5e+17,deep,coupled_final,0.0,0.01,0.0,0.3,top_oxide,0.0007250000000000001,7.9e-06,7.250000000000001,79.0,0.2536471014838937,,,,,,,,
nga_5e17,0.0,5e+17,deep,coupled_final,0.0,0.01,0.0,0.3,top_oxide,0.0007250000000000001,8.400000000000001e-06,7.250000000000001,84.00000000000001,0.3,,,,,,,,
nga_5e17,0.0,5e+17,deep,coupled_final,0.0,0.01,0.0,0.3,top_oxide,0.00075,5.4e-06,7.5,54.0,0.02193398841694009,,,,,,,,
nga_5e17,0.0,5e+17,deep,coupled_final,0.0,0.01,0.0,0.3,top_oxide,0.00075,5.525e-06,7.5,55.24999999999999,0.033520072274398155,,,,,,,,
nga_5e17,0.0,5e+17,deep,coupled_final,0.0,0.01,0.0,0.3,top_oxide,0.00075,5.65e-06,7.5,56.5,0.04510615612660734,,,,,,,,
nga_5e17,0.0,5e+17,deep,coupled_final,0.0,0.01,0.0,0.3,top_oxide,0.00075,5.775e-06,7.5,57.75,0.05669223997379569,,,,,,,,
nga_5e17,0.0,5e+17,deep,coupled_final,0.0,0.01,0.0,0.3,top_oxide,0.00075,5.899999999999999e-06,7.5,58.99999999999999,0.0682783238161915,,,,,,,,
nga_5e17,0.0,5e+17,deep,coupled_final,0.0,0.01,0.0,0.3,top_oxide,0.00075,6.025e-06,7.5,60.25,0.07986440765402307,,,,,,,,
nga_5e17,0.0,5e+17,deep,coupled_final,0.0,0.01,0.0,0.3,top_oxide,0.00075,6.1499999999999996e-06,7.5,61.49999999999999,0.09145049148751846,,,,,,,,
nga_5e17,0.0,5e+17,deep,coupled_final,0.0,0.01,0.0,0.3,top_oxide,0.00075,6.275e-06,7.5,62.75,0.10303657531690605,,,,,,,,
nga_5e17,0.0,5e+17,deep,coupled_final,0.0,0.01,0.0,0.3,top_oxide,0.00075,6.4e-06,7.5,64.0,0.11462265914241389,,,,,,,,
nga_5e17,0.0,5e+17,deep,coupled_final,0.0,0.01,0.0,0.3,top_oxide,0.00075,6.9e-06,7.5,69.0,0.16096699440793083,,,,,,,,
nga_5e17,0.0,5e+17,deep,coupled_final,0.0,0.01,0.0,0.3,top_oxide,0.00075,7.4e-06,7.5,74.0,0.20731132962963025,,,,,,,,
nga_5e17,0.0,5e+17,deep,coupled_final,0.0,0.01,0.0,0.3,top_oxide,0.00075,7.9e-06,7.5,79.0,0.25365566482211804,,,,,,,,
nga_5e17,0.0,5e+17,deep,coupled_final,0.0,0.01,0.0,0.3,top_oxide,0.00075,8.400000000000001e-06,7.5,84.00000000000001,0.3,,,,,,,,
nga_5e17,0.0,5e+17,deep,coupled_final,0.0,0.01,0.0,0.3,top_oxide,0.000775,5.4e-06,7.75,54.0,0.021985587524593175,,,,,,,,
nga_5e17,0.0,5e+17,deep,coupled_final,0.0,0.01,0.0,0.3,top_oxide,0.000775,5.525e-06,7.75,55.24999999999999,0.03356952141997239,,,,,,,,
nga_5e17,0.0,5e+17,deep,coupled_final,0.0,0.01,0.0,0.3,top_oxide,0.000775,5.65e-06,7.75,56.5,0.045153455310009104,,,,,,,,
nga_5e17,0.0,5e+17,deep,coupled_final,0.0,0.01,0.0,0.3,top_oxide,0.000775,5.775e-06,7.75,57.75,0.056737389194935456,,,,,,,,
nga_5e17,0.0,5e+17,deep,coupled_final,0.0,0.01,0.0,0.3,top_oxide,0.000775,5.899999999999999e-06,7.75,58.99999999999999,0.06832132307498381,,,,,,,,
nga_5e17,0.0,5e+17,deep,coupled_final,0.0,0.01,0.0,0.3,top_oxide,0.000775,6.025e-06,7.75,60.25,0.07990525695038653,,,,,,,,
nga_5e17,0.0,5e+17,deep,coupled_final,0.0,0.01,0.0,0.3,top_oxide,0.000775,6.1499999999999996e-06,7.75,61.49999999999999,0.09148919082137574,,,,,,,,
nga_5e17,0.0,5e+17,deep,coupled_final,0.0,0.01,0.0,0.3,top_oxide,0.000775,6.275e-06,7.75,62.75,0.10307312468818389,,,,,,,,
nga_5e17,0.0,5e+17,deep,coupled_final,0.0,0.01,0.0,0.3,top_oxide,0.000775,6.4e-06,7.75,64.0,0.11465705855104309,,,,,,,,
nga_5e17,0.0,5e+17,deep,coupled_final,0.0,0.01,0.0,0.3,top_oxide,0.000775,6.9e-06,7.75,69.0,0.16099279396531435,,,,,,,,
nga_5e17,0.0,5e+17,deep,coupled_final,0.0,0.01,0.0,0.3,top_oxide,0.000775,7.4e-06,7.75,74.0,0.20732852933498674,,,,,,,,
nga_5e17,0.0,5e+17,deep,coupled_final,0.0,0.01,0.0,0.3,top_oxide,0.000775,7.9e-06,7.75,79.0,0.25366426467492653,,,,,,,,
nga_5e17,0.0,5e+17,deep,coupled_final,0.0,0.01,0.0,0.3,top_oxide,0.000775,8.400000000000001e-06,7.75,84.00000000000001,0.3,,,,,,,,
nga_5e17,0.0,5e+17,deep,coupled_final,0.0,0.01,0.0,0.3,top_oxide,0.0008,5.4e-06,8.0,54.0,0.022037409626461158,,,,,,,,
nga_5e17,0.0,5e+17,deep,coupled_final,0.0,0.01,0.0,0.3,top_oxide,0.0008,5.525e-06,8.0,55.24999999999999,0.03361918426835775,,,,,,,,
nga_5e17,0.0,5e+17,deep,coupled_final,0.0,0.01,0.0,0.3,top_oxide,0.0008,5.65e-06,8.0,56.5,0.04520095890481547,,,,,,,,
nga_5e17,0.0,5e+17,deep,coupled_final,0.0,0.01,0.0,0.3,top_oxide,0.0008,5.775e-06,8.0,57.75,0.056782733536070655,,,,,,,,
nga_5e17,0.0,5e+17,deep,coupled_final,0.0,0.01,0.0,0.3,top_oxide,0.0008,5.899999999999999e-06,8.0,58.99999999999999,0.06836450816235985,,,,,,,,
nga_5e17,0.0,5e+17,deep,coupled_final,0.0,0.01,0.0,0.3,top_oxide,0.0008,6.025e-06,8.0,60.25,0.0799462827839196,,,,,,,,
nga_5e17,0.0,5e+17,deep,coupled_final,0.0,0.01,0.0,0.3,top_oxide,0.0008,6.1499999999999996e-06,8.0,61.49999999999999,0.09152805740098625,,,,,,,,
nga_5e17,0.0,5e+17,deep,coupled_final,0.0,0.01,0.0,0.3,top_oxide,0.0008,6.275e-06,8.0,62.75,0.10310983201379641,,,,,,,,
nga_5e17,0.0,5e+17,deep,coupled_final,0.0,0.01,0.0,0.3,top_oxide,0.0008,6.4e-06,8.0,64.0,0.1146916066225864,,,,,,,,
nga_5e17,0.0,5e+17,deep,coupled_final,0.0,0.01,0.0,0.3,top_oxide,0.0008,6.9e-06,8.0,69.0,0.1610187050199104,,,,,,,,
nga_5e17,0.0,5e+17,deep,coupled_final,0.0,0.01,0.0,0.3,top_oxide,0.0008,7.4e-06,8.0,74.0,0.207345803371831,,,,,,,,
nga_5e17,0.0,5e+17,deep,coupled_final,0.0,0.01,0.0,0.3,top_oxide,0.0008,7.9e-06,8.0,79.0,0.2536729016934827,,,,,,,,
nga_5e17,0.0,5e+17,deep,coupled_final,0.0,0.01,0.0,0.3,top_oxide,0.0008,8.400000000000001e-06,8.0,84.00000000000001,0.3,,,,,,,,
nga_5e17,0.0,5e+17,deep,coupled_final,0.0,0.01,0.0,0.3,top_oxide,0.000825,5.4e-06,8.25,54.0,0.02208945874491769,,,,,,,,
nga_5e17,0.0,5e+17,deep,coupled_final,0.0,0.01,0.0,0.3,top_oxide,0.000825,5.525e-06,8.25,55.24999999999999,0.03366906467432988,,,,,,,,
nga_5e17,0.0,5e+17,deep,coupled_final,0.0,0.01,0.0,0.3,top_oxide,0.000825,5.65e-06,8.25,56.5,0.04524867059820397,,,,,,,,
nga_5e17,0.0,5e+17,deep,coupled_final,0.0,0.01,0.0,0.3,top_oxide,0.000825,5.775e-06,8.25,57.75,0.05682827651678058,,,,,,,,
nga_5e17,0.0,5e+17,deep,coupled_final,0.0,0.01,0.0,0.3,top_oxide,0.000825,5.899999999999999e-06,8.25,58.99999999999999,0.06840788243030059,,,,,,,,
nga_5e17,0.0,5e+17,deep,coupled_final,0.0,0.01,0.0,0.3,top_oxide,0.000825,6.025e-06,8.25,60.25,0.07998748833900486,,,,,,,,
nga_5e17,0.0,5e+17,deep,coupled_final,0.0,0.01,0.0,0.3,top_oxide,0.000825,6.1499999999999996e-06,8.25,61.49999999999999,0.09156709424313403,,,,,,,,
nga_5e17,0.0,5e+17,deep,coupled_final,0.0,0.01,0.0,0.3,top_oxide,0.000825,6.275e-06,8.25,62.75,0.10314670014292904,,,,,,,,
nga_5e17,0.0,5e+17,deep,coupled_final,0.0,0.01,0.0,0.3,top_oxide,0.000825,6.4e-06,8.25,64.0,0.11472630603863052,,,,,,,,
nga_5e17,0.0,5e+17,deep,coupled_final,0.0,0.01,0.0,0.3,top_oxide,0.000825,6.9e-06,8.25,69.0,0.16104472958291005,,,,,,,,
nga_5e17,0.0,5e+17,deep,coupled_final,0.0,0.01,0.0,0.3,top_oxide,0.000825,7.4e-06,8.25,74.0,0.20736315308095776,,,,,,,,
nga_5e17,0.0,5e+17,deep,coupled_final,0.0,0.01,0.0,0.3,top_oxide,0.000825,7.9e-06,8.25,79.0,0.2536815765481842,,,,,,,,
nga_5e17,0.0,5e+17,deep,coupled_final,0.0,0.01,0.0,0.3,top_oxide,0.000825,8.400000000000001e-06,8.25,84.00000000000001,0.3,,,,,,,,
nga_5e17,0.0,5e+17,deep,coupled_final,0.0,0.01,0.0,0.3,top_oxide,0.0008500000000000001,5.4e-06,8.5,54.0,0.02214173902244543,,,,,,,,
nga_5e17,0.0,5e+17,deep,coupled_final,0.0,0.01,0.0,0.3,top_oxide,0.0008500000000000001,5.525e-06,8.5,55.24999999999999,0.03371916660777163,,,,,,,,
nga_5e17,0.0,5e+17,deep,coupled_final,0.0,0.01,0.0,0.3,top_oxide,0.0008500000000000001,5.65e-06,8.5,56.5,0.04529659418745717,,,,,,,,
nga_5e17,0.0,5e+17,deep,coupled_final,0.0,0.01,0.0,0.3,top_oxide,0.0008500000000000001,5.775e-06,8.5,57.75,0.05687402176174712,,,,,,,,
nga_5e17,0.0,5e+17,deep,coupled_final,0.0,0.01,0.0,0.3,top_oxide,0.0008500000000000001,5.899999999999999e-06,8.5,58.99999999999999,0.06845144933088683,,,,,,,,
nga_5e17,0.0,5e+17,deep,coupled_final,0.0,0.01,0.0,0.3,top_oxide,0.0008500000000000001,6.025e-06,8.5,60.25,0.0800288768951216,,,,,,,,
nga_5e17,0.0,5e+17,deep,coupled_final,0.0,0.01,0.0,0.3,top_oxide,0.0008500000000000001,6.1499999999999996e-06,8.5,61.49999999999999,0.09160630445469653,,,,,,,,
nga_5e17,0.0,5e+17,deep,coupled_final,0.0,0.01,0.0,0.3,top_oxide,0.0008500000000000001,6.275e-06,8.5,62.75,0.10318373200985702,,,,,,,,
nga_5e17,0.0,5e+17,deep,coupled_final,0.0,0.01,0.0,0.3,top_oxide,0.0008500000000000001,6.4e-06,8.5,64.0,0.11476115956084816,,,,,,,,
nga_5e17,0.0,5e+17,deep,coupled_final,0.0,0.01,0.0,0.3,top_oxide,0.0008500000000000001,6.9e-06,8.5,69.0,0.16107086972557266,,,,,,,,
nga_5e17,0.0,5e+17,deep,coupled_final,0.0,0.01,0.0,0.3,top_oxide,0.0008500000000000001,7.4e-06,8.5,74.0,0.20738057984320873,,,,,,,,
nga_5e17,0.0,5e+17,deep,coupled_final,0.0,0.01,0.0,0.3,top_oxide,0.0008500000000000001,7.9e-06,8.5,79.0,0.2536902899294525,,,,,,,,
nga_5e17,0.0,5e+17,deep,coupled_final,0.0,0.01,0.0,0.3,top_oxide,0.0008500000000000001,8.400000000000001e-06,8.5,84.00000000000001,0.3,,,,,,,,
nga_5e17,0.0,5e+17,deep,coupled_final,0.0,0.01,0.0,0.3,top_oxide,0.0008750000000000001,5.4e-06,8.750000000000002,54.0,0.022194254739385966,,,,,,,,
nga_5e17,0.0,5e+17,deep,coupled_final,0.0,0.01,0.0,0.3,top_oxide,0.0008750000000000001,5.525e-06,8.750000000000002,55.24999999999999,0.033769494170917125,,,,,,,,
nga_5e17,0.0,5e+17,deep,coupled_final,0.0,0.01,0.0,0.3,top_oxide,0.0008750000000000001,5.65e-06,8.750000000000002,56.5,0.04534473359667366,,,,,,,,
nga_5e17,0.0,5e+17,deep,coupled_final,0.0,0.01,0.0,0.3,top_oxide,0.0008750000000000001,5.775e-06,8.750000000000002,57.75,0.05691997301690599,,,,,,,,
nga_5e17,0.0,5e+17,deep,coupled_final,0.0,0.01,0.0,0.3,top_oxide,0.0008750000000000001,5.899999999999999e-06,8.750000000000002,58.99999999999999,0.06849521243186482,,,,,,,,
nga_5e17,0.0,5e+17,deep,coupled_final,0.0,0.01,0.0,0.3,top_oxide,0.0008750000000000001,6.025e-06,8.750000000000002,60.25,0.08007045184180094,,,,,,,,
nga_5e17,0.0,5e+17,deep,coupled_final,0.0,0.01,0.0,0.3,top_oxide,0.0008750000000000001,6.1499999999999996e-06,8.750000000000002,61.49999999999999,0.09164569124696492,,,,,,,,
nga_5e17,0.0,5e+17,deep,coupled_final,0.0,0.01,0.0,0.3,top_oxide,0.0008750000000000001,6.275e-06,8.750000000000002,62.75,0.10322093064760775,,,,,,,,
nga_5e17,0.0,5e+17,deep,coupled_final,0.0,0.01,0.0,0.3,top_oxide,0.0008750000000000001,6.4e-06,8.750000000000002,64.0,0.11479617004398011,,,,,,,,
nga_5e17,0.0,5e+17,deep,coupled_final,0.0,0.01,0.0,0.3,top_oxide,0.0008750000000000001,6.9e-06,8.750000000000002,69.0,0.1610971275892751,,,,,,,,
nga_5e17,0.0,5e+17,deep,coupled_final,0.0,0.01,0.0,0.3,top_oxide,0.0008750000000000001,7.4e-06,8.750000000000002,74.0,0.2073980850863249,,,,,,,,
nga_5e17,0.0,5e+17,deep,coupled_final,0.0,0.01,0.0,0.3,top_oxide,0.0008750000000000001,7.9e-06,8.750000000000002,79.0,0.25369904255120557,,,,,,,,
nga_5e17,0.0,5e+17,deep,coupled_final,0.0,0.01,0.0,0.3,top_oxide,0.0008750000000000001,8.400000000000001e-06,8.750000000000002,84.00000000000001,0.3,,,,,,,,
nga_5e17,0.0,5e+17,deep,coupled_final,0.0,0.01,0.0,0.3,top_oxide,0.0009000000000000001,5.4e-06,9.0,54.0,0.02224701146491954,,,,,,,,
nga_5e17,0.0,5e+17,deep,coupled_final,0.0,0.01,0.0,0.3,top_oxide,0.0009000000000000001,5.525e-06,9.0,55.24999999999999,0.03382005272221022,,,,,,,,
nga_5e17,0.0,5e+17,deep,coupled_final,0.0,0.01,0.0,0.3,top_oxide,0.0009000000000000001,5.65e-06,9.0,56.5,0.045393093971078276,,,,,,,,
nga_5e17,0.0,5e+17,deep,coupled_final,0.0,0.01,0.0,0.3,top_oxide,0.0009000000000000001,5.775e-06,9.0,57.75,0.05696613521184346,,,,,,,,
nga_5e17,0.0,5e+17,deep,coupled_final,0.0,0.01,0.0,0.3,top_oxide,0.0009000000000000001,5.899999999999999e-06,9.0,58.99999999999999,0.06853917644483129,,,,,,,,
nga_5e17,0.0,5e+17,deep,coupled_final,0.0,0.01,0.0,0.3,top_oxide,0.0009000000000000001,6.025e-06,9.0,60.25,0.08011221767037272,,,,,,,,
nga_5e17,0.0,5e+17,deep,coupled_final,0.0,0.01,0.0,0.3,top_oxide,0.0009000000000000001,6.1499999999999996e-06,9.0,61.49999999999999,0.09168525888880376,,,,,,,,
nga_5e17,0.0,5e+17,deep,coupled_final,0.0,0.01,0.0,0.3,top_oxide,0.0009000000000000001,6.275e-06,9.0,62.75,0.10325830010046581,,,,,,,,
nga_5e17,0.0,5e+17,deep,coupled_final,0.0,0.01,0.0,0.3,top_oxide,0.0009000000000000001,6.4e-06,9.0,64.0,0.11483134130570496,,,,,,,,
nga_5e17,0.0,5e+17,deep,coupled_final,0.0,0.01,0.0,0.3,top_oxide,0.0009000000000000001,6.9e-06,9.0,69.0,0.161123506065943,,,,,,,,
nga_5e17,0.0,5e+17,deep,coupled_final,0.0,0.01,0.0,0.3,top_oxide,0.0009000000000000001,7.4e-06,9.0,74.0,0.20741567075222095,,,,,,,,
nga_5e17,0.0,5e+17,deep,coupled_final,0.0,0.01,0.0,0.3,top_oxide,0.0009000000000000001,7.9e-06,9.0,79.0,0.253707835388654,,,,,,,,
nga_5e17,0.0,5e+17,deep,coupled_final,0.0,0.01,0.0,0.3,top_oxide,0.0009000000000000001,8.400000000000001e-06,9.0,84.00000000000001,0.3,,,,,,,,
nga_5e17,0.0,5e+17,deep,coupled_final,0.0,0.01,0.0,0.3,top_oxide,0.0009249999999999999,5.4e-06,9.25,54.0,0.022300117666614216,,,,,,,,
nga_5e17,0.0,5e+17,deep,coupled_final,0.0,0.01,0.0,0.3,top_oxide,0.0009249999999999999,5.525e-06,9.25,55.24999999999999,0.03387094818123654,,,,,,,,
nga_5e17,0.0,5e+17,deep,coupled_final,0.0,0.01,0.0,0.3,top_oxide,0.0009249999999999999,5.65e-06,9.25,56.5,0.04544177845759353,,,,,,,,
nga_5e17,0.0,5e+17,deep,coupled_final,0.0,0.01,0.0,0.3,top_oxide,0.0009249999999999999,5.775e-06,9.25,57.75,0.05701260850087156,,,,,,,,
nga_5e17,0.0,5e+17,deep,coupled_final,0.0,0.01,0.0,0.3,top_oxide,0.0009249999999999999,5.899999999999999e-06,9.25,58.99999999999999,0.06858343831682484,,,,,,,,
nga_5e17,0.0,5e+17,deep,coupled_final,0.0,0.01,0.0,0.3,top_oxide,0.0009249999999999999,6.025e-06,9.25,60.25,0.08015426791177582,,,,,,,,
nga_5e17,0.0,5e+17,deep,coupled_final,0.0,0.01,0.0,0.3,top_oxide,0.0009249999999999999,6.1499999999999996e-06,9.25,61.49999999999999,0.09172509729261198,,,,,,,,
nga_5e17,0.0,5e+17,deep,coupled_final,0.0,0.01,0.0,0.3,top_oxide,0.0009249999999999999,6.275e-06,9.25,62.75,0.10329592646677982,,,,,,,,
nga_5e17,0.0,5e+17,deep,coupled_final,0.0,0.01,0.0,0.3,top_oxide,0.0009249999999999999,6.4e-06,9.25,64.0,0.11486675544227445,,,,,,,,
nga_5e17,0.0,5e+17,deep,coupled_final,0.0,0.01,0.0,0.3,top_oxide,0.0009249999999999999,6.9e-06,9.25,69.0,0.1611500694428347,,,,,,,,
nga_5e17,0.0,5e+17,deep,coupled_final,0.0,0.01,0.0,0.3,top_oxide,0.0009249999999999999,7.4e-06,9.25,74.0,0.20743338103034253,,,,,,,,
nga_5e17,0.0,5e+17,deep,coupled_final,0.0,0.01,0.0,0.3,top_oxide,0.0009249999999999999,7.9e-06,9.25,79.0,0.2537166909437773,,,,,,,,
nga_5e17,0.0,5e+17,deep,coupled_final,0.0,0.01,0.0,0.3,top_oxide,0.0009249999999999999,8.400000000000001e-06,9.25,84.00000000000001,0.3,,,,,,,,
nga_5e17,0.0,5e+17,deep,coupled_final,0.0,0.01,0.0,0.3,top_oxide,0.00095,5.4e-06,9.5,54.0,0.022362939422997913,,,,,,,,
nga_5e17,0.0,5e+17,deep,coupled_final,0.0,0.01,0.0,0.3,top_oxide,0.00095,5.525e-06,9.5,55.24999999999999,0.033931374256913754,,,,,,,,
nga_5e17,0.0,5e+17,deep,coupled_final,0.0,0.01,0.0,0.3,top_oxide,0.00095,5.65e-06,9.5,56.5,0.0454997860992326,,,,,,,,
nga_5e17,0.0,5e+17,deep,coupled_final,0.0,0.01,0.0,0.3,top_oxide,0.00095,5.775e-06,9.5,57.75,0.05706817477983331,,,,,,,,
nga_5e17,0.0,5e+17,deep,coupled_final,0.0,0.01,0.0,0.3,top_oxide,0.00095,5.899999999999999e-06,9.5,58.99999999999999,0.06863654028363647,,,,,,,,
nga_5e17,0.0,5e+17,deep,coupled_final,0.0,0.01,0.0,0.3,top_oxide,0.00095,6.025e-06,9.5,60.25,0.08020488274339567,,,,,,,,
nga_5e17,0.0,5e+17,deep,coupled_final,0.0,0.01,0.0,0.3,top_oxide,0.00095,6.1499999999999996e-06,9.5,61.49999999999999,0.09177320243251094,,,,,,,,
nga_5e17,0.0,5e+17,deep,coupled_final,0.0,0.01,0.0,0.3,top_oxide,0.00095,6.275e-06,9.5,62.75,0.10334149975786446,,,,,,,,
nga_5e17,0.0,5e+17,deep,coupled_final,0.0,0.01,0.0,0.3,top_oxide,0.00095,6.4e-06,9.5,64.0,0.11490977525267483,,,,,,,,
nga_5e17,0.0,5e+17,deep,coupled_final,0.0,0.01,0.0,0.3,top_oxide,0.00095,6.9e-06,9.5,69.0,0.16118266545078483,,,,,,,,
nga_5e17,0.0,5e+17,deep,coupled_final,0.0,0.01,0.0,0.3,top_oxide,0.00095,7.4e-06,9.5,74.0,0.20745527649111123,,,,,,,,
nga_5e17,0.0,5e+17,deep,coupled_final,0.0,0.01,0.0,0.3,top_oxide,0.00095,7.9e-06,9.5,79.0,0.25372768952901964,,,,,,,,
nga_5e17,0.0,5e+17,deep,coupled_final,0.0,0.01,0.0,0.3,top_oxide,0.00095,8.400000000000001e-06,9.5,84.00000000000001,0.3,,,,,,,,
nga_5e17,0.0,5e+17,deep,coupled_final,0.0,0.01,0.0,0.3,top_oxide,0.000975,5.4e-06,9.75,54.0,0.023332129287651236,,,,,,,,
nga_5e17,0.0,5e+17,deep,coupled_final,0.0,0.01,0.0,0.3,top_oxide,0.000975,5.525e-06,9.75,55.24999999999999,0.03491146421557382,,,,,,,,
nga_5e17,0.0,5e+17,deep,coupled_final,0.0,0.01,0.0,0.3,top_oxide,0.000975,5.65e-06,9.75,56.5,0.046484262463109126,,,,,,,,
nga_5e17,0.0,5e+17,deep,coupled_final,0.0,0.01,0.0,0.3,top_oxide,0.000975,5.775e-06,9.75,57.75,0.058050812960551805,,,,,,,,
nga_5e17,0.0,5e+17,deep,coupled_final,0.0,0.01,0.0,0.3,top_oxide,0.000975,5.899999999999999e-06,9.75,58.99999999999999,0.0696114040127702,,,,,,,,
nga_5e17,0.0,5e+17,deep,coupled_final,0.0,0.01,0.0,0.3,top_oxide,0.000975,6.025e-06,9.75,60.25,0.08116632332803925,,,,,,,,
nga_5e17,0.0,5e+17,deep,coupled_final,0.0,0.01,0.0,0.3,top_oxide,0.000975,6.1499999999999996e-06,9.75,61.49999999999999,0.09271585804681746,,,,,,,,
nga_5e17,0.0,5e+17,deep,coupled_final,0.0,0.01,0.0,0.3,top_oxide,0.000975,6.275e-06,9.75,62.75,0.10426029477047152,,,,,,,,
nga_5e17,0.0,5e+17,deep,coupled_final,0.0,0.01,0.0,0.3,top_oxide,0.000975,6.4e-06,9.75,64.0,0.11579991958994901,,,,,,,,
nga_5e17,0.0,5e+17,deep,coupled_final,0.0,0.01,0.0,0.3,top_oxide,0.000975,6.9e-06,9.75,69.0,0.16191315591764038,,,,,,,,
nga_5e17,0.0,5e+17,deep,coupled_final,0.0,0.01,0.0,0.3,top_oxide,0.000975,7.4e-06,9.75,74.0,0.20797217799684029,,,,,,,,
nga_5e17,0.0,5e+17,deep,coupled_final,0.0,0.01,0.0,0.3,top_oxide,0.000975,7.9e-06,9.75,79.0,0.25399510543451576,,,,,,,,
nga_5e17,0.0,5e+17,deep,coupled_final,0.0,0.01,0.0,0.3,top_oxide,0.000975,8.400000000000001e-06,9.75,84.00000000000001,0.3,,,,,,,,
nga_5e17,0.0,5e+17,deep,coupled_final,0.0,0.01,0.0,0.3,top_oxide,0.001,5.4e-06,10.0,54.0,0.29735191917391074,,,,,,,,
nga_5e17,0.0,5e+17,deep,coupled_final,0.0,0.01,0.0,0.3,top_oxide,0.001,5.525e-06,10.0,55.24999999999999,0.2973587696686579,,,,,,,,
nga_5e17,0.0,5e+17,deep,coupled_final,0.0,0.01,0.0,0.3,top_oxide,0.001,5.65e-06,10.0,56.5,0.2973787425286777,,,,,,,,
nga_5e17,0.0,5e+17,deep,coupled_final,0.0,0.01,0.0,0.3,top_oxide,0.001,5.775e-06,10.0,57.75,0.2974112601127008,,,,,,,,
nga_5e17,0.0,5e+17,deep,coupled_final,0.0,0.01,0.0,0.3,top_oxide,0.001,5.899999999999999e-06,10.0,58.99999999999999,0.2974557457190815,,,,,,,,
nga_5e17,0.0,5e+17,deep,coupled_final,0.0,0.01,0.0,0.3,top_oxide,0.001,6.025e-06,10.0,60.25,0.2975116235425475,,,,,,,,
nga_5e17,0.0,5e+17,deep,coupled_final,0.0,0.01,0.0,0.3,top_oxide,0.001,6.1499999999999996e-06,10.0,61.49999999999999,0.29757831863102424,,,,,,,,
nga_5e17,0.0,5e+17,deep,coupled_final,0.0,0.01,0.0,0.3,top_oxide,0.001,6.275e-06,10.0,62.75,0.2976552568425302,,,,,,,,
nga_5e17,0.0,5e+17,deep,coupled_final,0.0,0.01,0.0,0.3,top_oxide,0.001,6.4e-06,10.0,64.0,0.2977418648021397,,,,,,,,
nga_5e17,0.0,5e+17,deep,coupled_final,0.0,0.01,0.0,0.3,top_oxide,0.001,6.9e-06,10.0,69.0,0.29817926761318403,,,,,,,,
nga_5e17,0.0,5e+17,deep,coupled_final,0.0,0.01,0.0,0.3,top_oxide,0.001,7.4e-06,10.0,74.0,0.29872568331358473,,,,,,,,
nga_5e17,0.0,5e+17,deep,coupled_final,0.0,0.01,0.0,0.3,top_oxide,0.001,7.9e-06,10.0,79.0,0.2993447018182389,,,,,,,,
nga_5e17,0.0,5e+17,deep,coupled_final,0.0,0.01,0.0,0.3,top_oxide,0.001,8.400000000000001e-06,10.0,84.00000000000001,0.3,,,,,,,,
