state_id,state_label,source_family,mesh_level,stage_id,mode_id,source_v,drain_v,vbg_v,vtg_v,region,x_cm,y_cm,x_um,y_nm,potential_v,electron_density_cm3
p1_ratio_2p00_common_primary,P1 Ctop/Cbottom=2.00 common-primary proxy,top_primary,interface_4x,T03_P1_CAPACITANCE_RATIO,enabled_symmetric_teaching_top_stack,0.0,0.01,0.0,0.3,bottom_oxide,0.0,0.0,0.0,0.0,0.0,
p1_ratio_2p00_common_primary,P1 Ctop/Cbottom=2.00 common-primary proxy,top_primary,interface_4x,T03_P1_CAPACITANCE_RATIO,enabled_symmetric_teaching_top_stack,0.0,0.01,0.0,0.3,bottom_oxide,0.0,5.000000000000001e-07,0.0,5.000000000000001,0.0001044323082650103,
p1_ratio_2p00_common_primary,P1 Ctop/Cbottom=2.00 common-primary proxy,top_primary,interface_4x,T03_P1_CAPACITANCE_RATIO,enabled_symmetric_teaching_top_stack,0.0,0.01,0.0,0.3,bottom_oxide,2.5e-05,0.0,0.25,0.0,0.0,
p1_ratio_2p00_common_primary,P1 Ctop/Cbottom=2.00 common-primary proxy,top_primary,interface_4x,T03_P1_CAPACITANCE_RATIO,enabled_symmetric_teaching_top_stack,0.0,0.01,0.0,0.3,bottom_oxide,2.5e-05,5.000000000000001e-07,0.25,5.000000000000001,0.007331640306191566,
p1_ratio_2p00_common_primary,P1 Ctop/Cbottom=2.00 common-primary proxy,top_primary,interface_4x,T03_P1_CAPACITANCE_RATIO,enabled_symmetric_teaching_top_stack,0.0,0.01,0.0,0.3,bottom_oxide,0.0,1.0000000000000002e-06,0.0,10.000000000000002,0.00020308285013167937,
p1_ratio_2p00_common_primary,P1 Ctop/Cbottom=2.00 common-primary proxy,top_primary,interface_4x,T03_P1_CAPACITANCE_RATIO,enabled_symmetric_teaching_top_stack,0.0,0.01,0.0,0.3,bottom_oxide,2.5e-05,1.0000000000000002e-06,0.25,10.000000000000002,0.01466614745032899,
p1_ratio_2p00_common_primary,P1 Ctop/Cbottom=2.00 common-primary proxy,top_primary,interface_4x,T03_P1_CAPACITANCE_RATIO,enabled_symmetric_teaching_top_stack,0.0,0.01,0.0,0.3,bottom_oxide,0.0,1.5000000000000002e-06,0.0,15.000000000000002,0.0002901629403181906,
p1_ratio_2p00_common_primary,P1 Ctop/Cbottom=2.00 common-primary proxy,top_primary,interface_4x,T03_P1_CAPACITANCE_RATIO,enabled_symmetric_teaching_top_stack,0.0,0.01,0.0,0.3,bottom_oxide,2.5e-05,1.5000000000000002e-06,0.25,15.000000000000002,0.022006392871178632,
p1_ratio_2p00_common_primary,P1 Ctop/Cbottom=2.00 common-primary proxy,top_primary,interface_4x,T03_P1_CAPACITANCE_RATIO,enabled_symmetric_teaching_top_stack,0.0,0.01,0.0,0.3,bottom_oxide,0.0,2.0000000000000003e-06,0.0,20.000000000000004,0.0003598700465600135,
p1_ratio_2p00_common_primary,P1 Ctop/Cbottom=2.00 common-primary proxy,top_primary,interface_4x,T03_P1_CAPACITANCE_RATIO,enabled_symmetric_teaching_top_stack,0.0,0.01,0.0,0.3,bottom_oxide,2.5e-05,2.0000000000000003e-06,0.25,20.000000000000004,0.029355257216050454,
p1_ratio_2p00_common_primary,P1 Ctop/Cbottom=2.00 common-primary proxy,top_primary,interface_4x,T03_P1_CAPACITANCE_RATIO,enabled_symmetric_teaching_top_stack,0.0,0.01,0.0,0.3,bottom_oxide,0.0,2.1250000000000004e-06,0.0,21.250000000000004,0.0003736723997242829,
p1_ratio_2p00_common_primary,P1 Ctop/Cbottom=2.00 common-primary proxy,top_primary,interface_4x,T03_P1_CAPACITANCE_RATIO,enabled_symmetric_teaching_top_stack,0.0,0.01,0.0,0.3,bottom_oxide,2.5e-05,2.1250000000000004e-06,0.25,21.250000000000004,0.031194272271239415,
p1_ratio_2p00_common_primary,P1 Ctop/Cbottom=2.00 common-primary proxy,top_primary,interface_4x,T03_P1_CAPACITANCE_RATIO,enabled_symmetric_teaching_top_stack,0.0,0.01,0.0,0.3,bottom_oxide,0.0,2.2500000000000005e-06,0.0,22.500000000000004,0.00038593372289497655,
p1_ratio_2p00_common_primary,P1 Ctop/Cbottom=2.00 common-primary proxy,top_primary,interface_4x,T03_P1_CAPACITANCE_RATIO,enabled_symmetric_teaching_top_stack,0.0,0.01,0.0,0.3,bottom_oxide,2.5e-05,2.2500000000000005e-06,0.25,22.500000000000004,0.033034052320620275,
p1_ratio_2p00_common_primary,P1 Ctop/Cbottom=2.00 common-primary proxy,top_primary,interface_4x,T03_P1_CAPACITANCE_RATIO,enabled_symmetric_teaching_top_stack,0.0,0.01,0.0,0.3,bottom_oxide,0.0,2.375e-06,0.0,23.75,0.0003965626401357839,
p1_ratio_2p00_common_primary,P1 Ctop/Cbottom=2.00 common-primary proxy,top_primary,interface_4x,T03_P1_CAPACITANCE_RATIO,enabled_symmetric_teaching_top_stack,0.0,0.01,0.0,0.3,bottom_oxide,2.5e-05,2.375e-06,0.25,23.75,0.034874642847504606,
p1_ratio_2p00_common_primary,P1 Ctop/Cbottom=2.00 common-primary proxy,top_primary,interface_4x,T03_P1_CAPACITANCE_RATIO,enabled_symmetric_teaching_top_stack,0.0,0.01,0.0,0.3,bottom_oxide,0.0,2.5e-06,0.0,25.000000000000004,0.00040546765336622285,
p1_ratio_2p00_common_primary,P1 Ctop/Cbottom=2.00 common-primary proxy,top_primary,interface_4x,T03_P1_CAPACITANCE_RATIO,enabled_symmetric_teaching_top_stack,0.0,0.01,0.0,0.3,bottom_oxide,2.5e-05,2.5e-06,0.25,25.000000000000004,0.036716089416469706,
p1_ratio_2p00_common_primary,P1 Ctop/Cbottom=2.00 common-primary proxy,top_primary,interface_4x,T03_P1_CAPACITANCE_RATIO,enabled_symmetric_teaching_top_stack,0.0,0.01,0.0,0.3,bottom_oxide,0.0,2.6250000000000003e-06,0.0,26.250000000000004,0.0004125571355085066,
p1_ratio_2p00_common_primary,P1 Ctop/Cbottom=2.00 common-primary proxy,top_primary,interface_4x,T03_P1_CAPACITANCE_RATIO,enabled_symmetric_teaching_top_stack,0.0,0.01,0.0,0.3,bottom_oxide,2.5e-05,2.6250000000000003e-06,0.25,26.250000000000004,0.03855843767792373,
p1_ratio_2p00_common_primary,P1 Ctop/Cbottom=2.00 common-primary proxy,top_primary,interface_4x,T03_P1_CAPACITANCE_RATIO,enabled_symmetric_teaching_top_stack,0.0,0.01,0.0,0.3,bottom_oxide,0.0,2.75e-06,0.0,27.5,0.0004177393236236696,
p1_ratio_2p00_common_primary,P1 Ctop/Cbottom=2.00 common-primary proxy,top_primary,interface_4x,T03_P1_CAPACITANCE_RATIO,enabled_symmetric_teaching_top_stack,0.0,0.01,0.0,0.3,bottom_oxide,2.5e-05,2.75e-06,0.25,27.5,0.040401733372679015,
p1_ratio_2p00_common_primary,P1 Ctop/Cbottom=2.00 common-primary proxy,top_primary,interface_4x,T03_P1_CAPACITANCE_RATIO,enabled_symmetric_teaching_top_stack,0.0,0.01,0.0,0.3,bottom_oxide,0.0,2.875e-06,0.0,28.75,0.00042092231203637987,
p1_ratio_2p00_common_primary,P1 Ctop/Cbottom=2.00 common-primary proxy,top_primary,interface_4x,T03_P1_CAPACITANCE_RATIO,enabled_symmetric_teaching_top_stack,0.0,0.01,0.0,0.3,bottom_oxide,2.5e-05,2.875e-06,0.25,28.75,0.042246022336533795,
p1_ratio_2p00_common_primary,P1 Ctop/Cbottom=2.00 common-primary proxy,top_primary,interface_4x,T03_P1_CAPACITANCE_RATIO,enabled_symmetric_teaching_top_stack,0.0,0.01,0.0,0.3,bottom_oxide,0.0,3e-06,0.0,30.0,0.0004220140454478652,
p1_ratio_2p00_common_primary,P1 Ctop/Cbottom=2.00 common-primary proxy,top_primary,interface_4x,T03_P1_CAPACITANCE_RATIO,enabled_symmetric_teaching_top_stack,0.0,0.01,0.0,0.3,bottom_oxide,2.5e-05,3e-06,0.25,30.0,0.044091350504862833,
p1_ratio_2p00_common_primary,P1 Ctop/Cbottom=2.00 common-primary proxy,top_primary,interface_4x,T03_P1_CAPACITANCE_RATIO,enabled_symmetric_teaching_top_stack,0.0,0.01,0.0,0.3,bottom_oxide,5e-05,0.0,0.5,0.0,0.0,
p1_ratio_2p00_common_primary,P1 Ctop/Cbottom=2.00 common-primary proxy,top_primary,interface_4x,T03_P1_CAPACITANCE_RATIO,enabled_symmetric_teaching_top_stack,0.0,0.01,0.0,0.3,bottom_oxide,5e-05,5.000000000000001e-07,0.5,5.000000000000001,0.007391753439468777,
p1_ratio_2p00_common_primary,P1 Ctop/Cbottom=2.00 common-primary proxy,top_primary,interface_4x,T03_P1_CAPACITANCE_RATIO,enabled_symmetric_teaching_top_stack,0.0,0.01,0.0,0.3,bottom_oxide,5e-05,1.0000000000000002e-06,0.5,10.000000000000002,0.014783520269990255,
p1_ratio_2p00_common_primary,P1 Ctop/Cbottom=2.00 common-primary proxy,top_primary,interface_4x,T03_P1_CAPACITANCE_RATIO,enabled_symmetric_teaching_top_stack,0.0,0.01,0.0,0.3,bottom_oxide,5e-05,1.5000000000000002e-06,0.5,15.000000000000002,0.022175312746583555,
p1_ratio_2p00_common_primary,P1 Ctop/Cbottom=2.00 common-primary proxy,top_primary,interface_4x,T03_P1_CAPACITANCE_RATIO,enabled_symmetric_teaching_top_stack,0.0,0.01,0.0,0.3,bottom_oxide,5e-05,2.0000000000000003e-06,0.5,20.000000000000004,0.029567140849453624,
p1_ratio_2p00_common_primary,P1 Ctop/Cbottom=2.00 common-primary proxy,top_primary,interface_4x,T03_P1_CAPACITANCE_RATIO,enabled_symmetric_teaching_top_stack,0.0,0.01,0.0,0.3,bottom_oxide,5e-05,2.1250000000000004e-06,0.5,21.250000000000004,0.03141510446695048,
p1_ratio_2p00_common_primary,P1 Ctop/Cbottom=2.00 common-primary proxy,top_primary,interface_4x,T03_P1_CAPACITANCE_RATIO,enabled_symmetric_teaching_top_stack,0.0,0.01,0.0,0.3,bottom_oxide,5e-05,2.2500000000000005e-06,0.5,22.500000000000004,0.033263070779031546,
p1_ratio_2p00_common_primary,P1 Ctop/Cbottom=2.00 common-primary proxy,top_primary,interface_4x,T03_P1_CAPACITANCE_RATIO,enabled_symmetric_teaching_top_stack,0.0,0.01,0.0,0.3,bottom_oxide,5e-05,2.375e-06,0.5,23.75,0.03511103982457909,
p1_ratio_2p00_common_primary,P1 Ctop/Cbottom=2.00 common-primary proxy,top_primary,interface_4x,T03_P1_CAPACITANCE_RATIO,enabled_symmetric_teaching_top_stack,0.0,0.01,0.0,0.3,bottom_oxide,5e-05,2.5e-06,0.5,25.000000000000004,0.03695901162235003,
p1_ratio_2p00_common_primary,P1 Ctop/Cbottom=2.00 common-primary proxy,top_primary,interface_4x,T03_P1_CAPACITANCE_RATIO,enabled_symmetric_teaching_top_stack,0.0,0.01,0.0,0.3,bottom_oxide,5e-05,2.6250000000000003e-06,0.5,26.250000000000004,0.03880698616983777,
p1_ratio_2p00_common_primary,P1 Ctop/Cbottom=2.00 common-primary proxy,top_primary,interface_4x,T03_P1_CAPACITANCE_RATIO,enabled_symmetric_teaching_top_stack,0.0,0.01,0.0,0.3,bottom_oxide,5e-05,2.75e-06,0.5,27.5,0.0406549634421308,
p1_ratio_2p00_common_primary,P1 Ctop/Cbottom=2.00 common-primary proxy,top_primary,interface_4x,T03_P1_CAPACITANCE_RATIO,enabled_symmetric_teaching_top_stack,0.0,0.01,0.0,0.3,bottom_oxide,5e-05,2.875e-06,0.5,28.75,0.04250294339076798,
p1_ratio_2p00_common_primary,P1 Ctop/Cbottom=2.00 common-primary proxy,top_primary,interface_4x,T03_P1_CAPACITANCE_RATIO,enabled_symmetric_teaching_top_stack,0.0,0.01,0.0,0.3,bottom_oxide,5e-05,3e-06,0.5,30.0,0.04435092594259022,
p1_ratio_2p00_common_primary,P1 Ctop/Cbottom=2.00 common-primary proxy,top_primary,interface_4x,T03_P1_CAPACITANCE_RATIO,enabled_symmetric_teaching_top_stack,0.0,0.01,0.0,0.3,bottom_oxide,7.500000000000001e-05,0.0,0.7500000000000001,0.0,0.0,
p1_ratio_2p00_common_primary,P1 Ctop/Cbottom=2.00 common-primary proxy,top_primary,interface_4x,T03_P1_CAPACITANCE_RATIO,enabled_symmetric_teaching_top_stack,0.0,0.01,0.0,0.3,bottom_oxide,7.500000000000001e-05,5.000000000000001e-07,0.7500000000000001,5.000000000000001,0.007418388940994317,
p1_ratio_2p00_common_primary,P1 Ctop/Cbottom=2.00 common-primary proxy,top_primary,interface_4x,T03_P1_CAPACITANCE_RATIO,enabled_symmetric_teaching_top_stack,0.0,0.01,0.0,0.3,bottom_oxide,7.500000000000001e-05,1.0000000000000002e-06,0.7500000000000001,10.000000000000002,0.01483677791009355,
p1_ratio_2p00_common_primary,P1 Ctop/Cbottom=2.00 common-primary proxy,top_primary,interface_4x,T03_P1_CAPACITANCE_RATIO,enabled_symmetric_teaching_top_stack,0.0,0.01,0.0,0.3,bottom_oxide,7.500000000000001e-05,1.5000000000000002e-06,0.7500000000000001,15.000000000000002,0.022255166930073098,
p1_ratio_2p00_common_primary,P1 Ctop/Cbottom=2.00 common-primary proxy,top_primary,interface_4x,T03_P1_CAPACITANCE_RATIO,enabled_symmetric_teaching_top_stack,0.0,0.01,0.0,0.3,bottom_oxide,7.500000000000001e-05,2.0000000000000003e-06,0.7500000000000001,20.000000000000004,0.029673556013499497,
p1_ratio_2p00_common_primary,P1 Ctop/Cbottom=2.00 common-primary proxy,top_primary,interface_4x,T03_P1_CAPACITANCE_RATIO,enabled_symmetric_teaching_top_stack,0.0,0.01,0.0,0.3,bottom_oxide,7.500000000000001e-05,2.1250000000000004e-06,0.7500000000000001,21.250000000000004,0.03152815329401656,
p1_ratio_2p00_common_primary,P1 Ctop/Cbottom=2.00 common-primary proxy,top_primary,interface_4x,T03_P1_CAPACITANCE_RATIO,enabled_symmetric_teaching_top_stack,0.0,0.01,0.0,0.3,bottom_oxide,7.500000000000001e-05,2.2500000000000005e-06,0.7500000000000001,22.500000000000004,0.03338275057820835,
p1_ratio_2p00_common_primary,P1 Ctop/Cbottom=2.00 common-primary proxy,top_primary,interface_4x,T03_P1_CAPACITANCE_RATIO,enabled_symmetric_teaching_top_stack,0.0,0.01,0.0,0.3,bottom_oxide,7.500000000000001e-05,2.375e-06,0.7500000000000001,23.75,0.035237347865818315,
p1_ratio_2p00_common_primary,P1 Ctop/Cbottom=2.00 common-primary proxy,top_primary,interface_4x,T03_P1_CAPACITANCE_RATIO,enabled_symmetric_teaching_top_stack,0.0,0.01,0.0,0.3,bottom_oxide,7.500000000000001e-05,2.5e-06,0.7500000000000001,25.000000000000004,0.03709194515652182,
p1_ratio_2p00_common_primary,P1 Ctop/Cbottom=2.00 common-primary proxy,top_primary,interface_4x,T03_P1_CAPACITANCE_RATIO,enabled_symmetric_teaching_top_stack,0.0,0.01,0.0,0.3,bottom_oxide,7.500000000000001e-05,2.6250000000000003e-06,0.7500000000000001,26.250000000000004,0.03894654244992564,
p1_ratio_2p00_common_primary,P1 Ctop/Cbottom=2.00 common-primary proxy,top_primary,interface_4x,T03_P1_CAPACITANCE_RATIO,enabled_symmetric_teaching_top_stack,0.0,0.01,0.0,0.3,bottom_oxide,7.500000000000001e-05,2.75e-06,0.7500000000000001,27.5,0.040801139745568045,
p1_ratio_2p00_common_primary,P1 Ctop/Cbottom=2.00 common-primary proxy,top_primary,interface_4x,T03_P1_CAPACITANCE_RATIO,enabled_symmetric_teaching_top_stack,0.0,0.01,0.0,0.3,bottom_oxide,7.500000000000001e-05,2.875e-06,0.7500000000000001,28.75,0.042655737042919396,
p1_ratio_2p00_common_primary,P1 Ctop/Cbottom=2.00 common-primary proxy,top_primary,interface_4x,T03_P1_CAPACITANCE_RATIO,enabled_symmetric_teaching_top_stack,0.0,0.01,0.0,0.3,bottom_oxide,7.500000000000001e-05,3e-06,0.7500000000000001,30.0,0.0445103343413833,
p1_ratio_2p00_common_primary,P1 Ctop/Cbottom=2.00 common-primary proxy,top_primary,interface_4x,T03_P1_CAPACITANCE_RATIO,enabled_symmetric_teaching_top_stack,0.0,0.01,0.0,0.3,bottom_oxide,0.0001,0.0,1.0,0.0,0.0,
p1_ratio_2p00_common_primary,P1 Ctop/Cbottom=2.00 common-primary proxy,top_primary,interface_4x,T03_P1_CAPACITANCE_RATIO,enabled_symmetric_teaching_top_stack,0.0,0.01,0.0,0.3,bottom_oxide,0.0001,5.000000000000001e-07,1.0,5.000000000000001,0.0074449541802345835,
p1_ratio_2p00_common_primary,P1 Ctop/Cbottom=2.00 common-primary proxy,top_primary,interface_4x,T03_P1_CAPACITANCE_RATIO,enabled_symmetric_teaching_top_stack,0.0,0.01,0.0,0.3,bottom_oxide,0.0001,1.0000000000000002e-06,1.0,10.000000000000002,0.01488990834940623,
p1_ratio_2p00_common_primary,P1 Ctop/Cbottom=2.00 common-primary proxy,top_primary,interface_4x,T03_P1_CAPACITANCE_RATIO,enabled_symmetric_teaching_top_stack,0.0,0.01,0.0,0.3,bottom_oxide,0.0001,1.5000000000000002e-06,1.0,15.000000000000002,0.02233486249643639,
p1_ratio_2p00_common_primary,P1 Ctop/Cbottom=2.00 common-primary proxy,top_primary,interface_4x,T03_P1_CAPACITANCE_RATIO,enabled_symmetric_teaching_top_stack,0.0,0.01,0.0,0.3,bottom_oxide,0.0001,2.0000000000000003e-06,1.0,20.000000000000004,0.029779816610217398,
p1_ratio_2p00_common_primary,P1 Ctop/Cbottom=2.00 common-primary proxy,top_primary,interface_4x,T03_P1_CAPACITANCE_RATIO,enabled_symmetric_teaching_top_stack,0.0,0.01,0.0,0.3,bottom_oxide,0.0001,2.1250000000000004e-06,1.0,21.250000000000004,0.031641055131725875,
p1_ratio_2p00_common_primary,P1 Ctop/Cbottom=2.00 common-primary proxy,top_primary,interface_4x,T03_P1_CAPACITANCE_RATIO,enabled_symmetric_teaching_top_stack,0.0,0.01,0.0,0.3,bottom_oxide,0.0001,2.2500000000000005e-06,1.0,22.500000000000004,0.03350229365028507,
p1_ratio_2p00_common_primary,P1 Ctop/Cbottom=2.00 common-primary proxy,top_primary,interface_4x,T03_P1_CAPACITANCE_RATIO,enabled_symmetric_teaching_top_stack,0.0,0.01,0.0,0.3,bottom_oxide,0.0001,2.375e-06,1.0,23.75,0.03536353216572024,
p1_ratio_2p00_common_primary,P1 Ctop/Cbottom=2.00 common-primary proxy,top_primary,interface_4x,T03_P1_CAPACITANCE_RATIO,enabled_symmetric_teaching_top_stack,0.0,0.01,0.0,0.3,bottom_oxide,0.0001,2.5e-06,1.0,25.000000000000004,0.03722477067785649,
p1_ratio_2p00_common_primary,P1 Ctop/Cbottom=2.00 common-primary proxy,top_primary,interface_4x,T03_P1_CAPACITANCE_RATIO,enabled_symmetric_teaching_top_stack,0.0,0.01,0.0,0.3,bottom_oxide,0.0001,2.6250000000000003e-06,1.0,26.250000000000004,0.03908600918651876,
p1_ratio_2p00_common_primary,P1 Ctop/Cbottom=2.00 common-primary proxy,top_primary,interface_4x,T03_P1_CAPACITANCE_RATIO,enabled_symmetric_teaching_top_stack,0.0,0.01,0.0,0.3,bottom_oxide,0.0001,2.75e-06,1.0,27.5,0.040947247691531824,
p1_ratio_2p00_common_primary,P1 Ctop/Cbottom=2.00 common-primary proxy,top_primary,interface_4x,T03_P1_CAPACITANCE_RATIO,enabled_symmetric_teaching_top_stack,0.0,0.01,0.0,0.3,bottom_oxide,0.0001,2.875e-06,1.0,28.75,0.04280848619272034,
p1_ratio_2p00_common_primary,P1 Ctop/Cbottom=2.00 common-primary proxy,top_primary,interface_4x,T03_P1_CAPACITANCE_RATIO,enabled_symmetric_teaching_top_stack,0.0,0.01,0.0,0.3,bottom_oxide,0.0001,3e-06,1.0,30.0,0.0446697246899088,
p1_ratio_2p00_common_primary,P1 Ctop/Cbottom=2.00 common-primary proxy,top_primary,interface_4x,T03_P1_CAPACITANCE_RATIO,enabled_symmetric_teaching_top_stack,0.0,0.01,0.0,0.3,bottom_oxide,0.000125,0.0,1.25,0.0,0.0,
p1_ratio_2p00_common_primary,P1 Ctop/Cbottom=2.00 common-primary proxy,top_primary,interface_4x,T03_P1_CAPACITANCE_RATIO,enabled_symmetric_teaching_top_stack,0.0,0.01,0.0,0.3,bottom_oxide,0.000125,5.000000000000001e-07,1.25,5.000000000000001,0.0074715470768146565,
p1_ratio_2p00_common_primary,P1 Ctop/Cbottom=2.00 common-primary proxy,top_primary,interface_4x,T03_P1_CAPACITANCE_RATIO,enabled_symmetric_teaching_top_stack,0.0,0.01,0.0,0.3,bottom_oxide,0.000125,1.0000000000000002e-06,1.25,10.000000000000002,0.014943094142437474,
p1_ratio_2p00_common_primary,P1 Ctop/Cbottom=2.00 common-primary proxy,top_primary,interface_4x,T03_P1_CAPACITANCE_RATIO,enabled_symmetric_teaching_top_stack,0.0,0.01,0.0,0.3,bottom_oxide,0.000125,1.5000000000000002e-06,1.25,15.000000000000002,0.022414641185676574,
p1_ratio_2p00_common_primary,P1 Ctop/Cbottom=2.00 common-primary proxy,top_primary,interface_4x,T03_P1_CAPACITANCE_RATIO,enabled_symmetric_teaching_top_stack,0.0,0.01,0.0,0.3,bottom_oxide,0.000125,2.0000000000000003e-06,1.25,20.000000000000004,0.029886188195340016,
p1_ratio_2p00_common_primary,P1 Ctop/Cbottom=2.00 common-primary proxy,top_primary,interface_4x,T03_P1_CAPACITANCE_RATIO,enabled_symmetric_teaching_top_stack,0.0,0.01,0.0,0.3,bottom_oxide,0.000125,2.1250000000000004e-06,1.25,21.250000000000004,0.03175407494076092,
p1_ratio_2p00_common_primary,P1 Ctop/Cbottom=2.00 common-primary proxy,top_primary,interface_4x,T03_P1_CAPACITANCE_RATIO,enabled_symmetric_teaching_top_stack,0.0,0.01,0.0,0.3,bottom_oxide,0.000125,2.2500000000000005e-06,1.25,22.500000000000004,0.033621961683208974,
p1_ratio_2p00_common_primary,P1 Ctop/Cbottom=2.00 common-primary proxy,top_primary,interface_4x,T03_P1_CAPACITANCE_RATIO,enabled_symmetric_teaching_top_stack,0.0,0.01,0.0,0.3,bottom_oxide,0.000125,2.375e-06,1.25,23.75,0.03548984842250929,
p1_ratio_2p00_common_primary,P1 Ctop/Cbottom=2.00 common-primary proxy,top_primary,interface_4x,T03_P1_CAPACITANCE_RATIO,enabled_symmetric_teaching_top_stack,0.0,0.01,0.0,0.3,bottom_oxide,0.000125,2.5e-06,1.25,25.000000000000004,0.037357735158487,
p1_ratio_2p00_common_primary,P1 Ctop/Cbottom=2.00 common-primary proxy,top_primary,interface_4x,T03_P1_CAPACITANCE_RATIO,enabled_symmetric_teaching_top_stack,0.0,0.01,0.0,0.3,bottom_oxide,0.000125,2.6250000000000003e-06,1.25,26.250000000000004,0.03922562189096721,
p1_ratio_2p00_common_primary,P1 Ctop/Cbottom=2.00 common-primary proxy,top_primary,interface_4x,T03_P1_CAPACITANCE_RATIO,enabled_symmetric_teaching_top_stack,0.0,0.01,0.0,0.3,bottom_oxide,0.000125,2.75e-06,1.25,27.5,0.04109350861977506,
p1_ratio_2p00_common_primary,P1 Ctop/Cbottom=2.00 common-primary proxy,top_primary,interface_4x,T03_P1_CAPACITANCE_RATIO,enabled_symmetric_teaching_top_stack,0.0,0.01,0.0,0.3,bottom_oxide,0.000125,2.875e-06,1.25,28.75,0.04296139534473567,
p1_ratio_2p00_common_primary,P1 Ctop/Cbottom=2.00 common-primary proxy,top_primary,interface_4x,T03_P1_CAPACITANCE_RATIO,enabled_symmetric_teaching_top_stack,0.0,0.01,0.0,0.3,bottom_oxide,0.000125,3e-06,1.25,30.0,0.04482928206567415,
p1_ratio_2p00_common_primary,P1 Ctop/Cbottom=2.00 common-primary proxy,top_primary,interface_4x,T03_P1_CAPACITANCE_RATIO,enabled_symmetric_teaching_top_stack,0.0,0.01,0.0,0.3,bottom_oxide,0.00015000000000000001,0.0,1.5000000000000002,0.0,0.0,
p1_ratio_2p00_common_primary,P1 Ctop/Cbottom=2.00 common-primary proxy,top_primary,interface_4x,T03_P1_CAPACITANCE_RATIO,enabled_symmetric_teaching_top_stack,0.0,0.01,0.0,0.3,bottom_oxide,0.00015000000000000001,5.000000000000001e-07,1.5000000000000002,5.000000000000001,0.007498167952992723,
p1_ratio_2p00_common_primary,P1 Ctop/Cbottom=2.00 common-primary proxy,top_primary,interface_4x,T03_P1_CAPACITANCE_RATIO,enabled_symmetric_teaching_top_stack,0.0,0.01,0.0,0.3,bottom_oxide,0.00015000000000000001,1.0000000000000002e-06,1.5000000000000002,10.000000000000002,0.01499633589475772,
p1_ratio_2p00_common_primary,P1 Ctop/Cbottom=2.00 common-primary proxy,top_primary,interface_4x,T03_P1_CAPACITANCE_RATIO,enabled_symmetric_teaching_top_stack,0.0,0.01,0.0,0.3,bottom_oxide,0.00015000000000000001,1.5000000000000002e-06,1.5000000000000002,15.000000000000002,0.02249450381406726,
p1_ratio_2p00_common_primary,P1 Ctop/Cbottom=2.00 common-primary proxy,top_primary,interface_4x,T03_P1_CAPACITANCE_RATIO,enabled_symmetric_teaching_top_stack,0.0,0.01,0.0,0.3,bottom_oxide,0.00015000000000000001,2.0000000000000003e-06,1.5000000000000002,20.000000000000004,0.029992671699693624,
p1_ratio_2p00_common_primary,P1 Ctop/Cbottom=2.00 common-primary proxy,top_primary,interface_4x,T03_P1_CAPACITANCE_RATIO,enabled_symmetric_teaching_top_stack,0.0,0.01,0.0,0.3,bottom_oxide,0.00015000000000000001,2.1250000000000004e-06,1.5000000000000002,21.250000000000004,0.031867213664082884,
p1_ratio_2p00_common_primary,P1 Ctop/Cbottom=2.00 common-primary proxy,top_primary,interface_4x,T03_P1_CAPACITANCE_RATIO,enabled_symmetric_teaching_top_stack,0.0,0.01,0.0,0.3,bottom_oxide,0.00015000000000000001,2.2500000000000005e-06,1.5000000000000002,22.500000000000004,0.03374175562548978,
p1_ratio_2p00_common_primary,P1 Ctop/Cbottom=2.00 common-primary proxy,top_primary,interface_4x,T03_P1_CAPACITANCE_RATIO,enabled_symmetric_teaching_top_stack,0.0,0.01,0.0,0.3,bottom_oxide,0.00015000000000000001,2.375e-06,1.5000000000000002,23.75,0.035616297583738875,
p1_ratio_2p00_common_primary,P1 Ctop/Cbottom=2.00 common-primary proxy,top_primary,interface_4x,T03_P1_CAPACITANCE_RATIO,enabled_symmetric_teaching_top_stack,0.0,0.01,0.0,0.3,bottom_oxide,0.00015000000000000001,2.5e-06,1.5000000000000002,25.000000000000004,0.037490839538654744,
p1_ratio_2p00_common_primary,P1 Ctop/Cbottom=2.00 common-primary proxy,top_primary,interface_4x,T03_P1_CAPACITANCE_RATIO,enabled_symmetric_teaching_top_stack,0.0,0.01,0.0,0.3,bottom_oxide,0.00015000000000000001,2.6250000000000003e-06,1.5000000000000002,26.250000000000004,0.03936538149006195,
p1_ratio_2p00_common_primary,P1 Ctop/Cbottom=2.00 common-primary proxy,top_primary,interface_4x,T03_P1_CAPACITANCE_RATIO,enabled_symmetric_teaching_top_stack,0.0,0.01,0.0,0.3,bottom_oxide,0.00015000000000000001,2.75e-06,1.5000000000000002,27.5,0.04123992343778505,
p1_ratio_2p00_common_primary,P1 Ctop/Cbottom=2.00 common-primary proxy,top_primary,interface_4x,T03_P1_CAPACITANCE_RATIO,enabled_symmetric_teaching_top_stack,0.0,0.01,0.0,0.3,bottom_oxide,0.00015000000000000001,2.875e-06,1.5000000000000002,28.75,0.04311446538164862,
p1_ratio_2p00_common_primary,P1 Ctop/Cbottom=2.00 common-primary proxy,top_primary,interface_4x,T03_P1_CAPACITANCE_RATIO,enabled_symmetric_teaching_top_stack,0.0,0.01,0.0,0.3,bottom_oxide,0.00015000000000000001,3e-06,1.5000000000000002,30.0,0.04498900732147723,
p1_ratio_2p00_common_primary,P1 Ctop/Cbottom=2.00 common-primary proxy,top_primary,interface_4x,T03_P1_CAPACITANCE_RATIO,enabled_symmetric_teaching_top_stack,0.0,0.01,0.0,0.3,bottom_oxide,0.000175,0.0,1.75,0.0,0.0,
p1_ratio_2p00_common_primary,P1 Ctop/Cbottom=2.00 common-primary proxy,top_primary,interface_4x,T03_P1_CAPACITANCE_RATIO,enabled_symmetric_teaching_top_stack,0.0,0.01,0.0,0.3,bottom_oxide,0.000175,5.000000000000001e-07,1.75,5.000000000000001,0.0075248168984877436,
p1_ratio_2p00_common_primary,P1 Ctop/Cbottom=2.00 common-primary proxy,top_primary,interface_4x,T03_P1_CAPACITANCE_RATIO,enabled_symmetric_teaching_top_stack,0.0,0.01,0.0,0.3,bottom_oxide,0.000175,1.0000000000000002e-06,1.75,10.000000000000002,0.01504963378571188,
p1_ratio_2p00_common_primary,P1 Ctop/Cbottom=2.00 common-primary proxy,top_primary,interface_4x,T03_P1_CAPACITANCE_RATIO,enabled_symmetric_teaching_top_stack,0.0,0.01,0.0,0.3,bottom_oxide,0.000175,1.5000000000000002e-06,1.75,15.000000000000002,0.022574450650408803,
p1_ratio_2p00_common_primary,P1 Ctop/Cbottom=2.00 common-primary proxy,top_primary,interface_4x,T03_P1_CAPACITANCE_RATIO,enabled_symmetric_teaching_top_stack,0.0,0.01,0.0,0.3,bottom_oxide,0.000175,2.0000000000000003e-06,1.75,20.000000000000004,0.030099267481314907,
p1_ratio_2p00_common_primary,P1 Ctop/Cbottom=2.00 common-primary proxy,top_primary,interface_4x,T03_P1_CAPACITANCE_RATIO,enabled_symmetric_teaching_top_stack,0.0,0.01,0.0,0.3,bottom_oxide,0.000175,2.1250000000000004e-06,1.75,21.250000000000004,0.03198047168200168,
p1_ratio_2p00_common_primary,P1 Ctop/Cbottom=2.00 common-primary proxy,top_primary,interface_4x,T03_P1_CAPACITANCE_RATIO,enabled_symmetric_teaching_top_stack,0.0,0.01,0.0,0.3,bottom_oxide,0.000175,2.2500000000000005e-06,1.75,22.500000000000004,0.03386167587969656,
p1_ratio_2p00_common_primary,P1 Ctop/Cbottom=2.00 common-primary proxy,top_primary,interface_4x,T03_P1_CAPACITANCE_RATIO,enabled_symmetric_teaching_top_stack,0.0,0.01,0.0,0.3,bottom_oxide,0.000175,2.375e-06,1.75,23.75,0.035742880074223535,
p1_ratio_2p00_common_primary,P1 Ctop/Cbottom=2.00 common-primary proxy,top_primary,interface_4x,T03_P1_CAPACITANCE_RATIO,enabled_symmetric_teaching_top_stack,0.0,0.01,0.0,0.3,bottom_oxide,0.000175,2.5e-06,1.75,25.000000000000004,0.03762408426540664,
p1_ratio_2p00_common_primary,P1 Ctop/Cbottom=2.00 common-primary proxy,top_primary,interface_4x,T03_P1_CAPACITANCE_RATIO,enabled_symmetric_teaching_top_stack,0.0,0.01,0.0,0.3,bottom_oxide,0.000175,2.6250000000000003e-06,1.75,26.250000000000004,0.03950528845306987,
p1_ratio_2p00_common_primary,P1 Ctop/Cbottom=2.00 common-primary proxy,top_primary,interface_4x,T03_P1_CAPACITANCE_RATIO,enabled_symmetric_teaching_top_stack,0.0,0.01,0.0,0.3,bottom_oxide,0.000175,2.75e-06,1.75,27.5,0.04138649263703722,
p1_ratio_2p00_common_primary,P1 Ctop/Cbottom=2.00 common-primary proxy,top_primary,interface_4x,T03_P1_CAPACITANCE_RATIO,enabled_symmetric_teaching_top_stack,0.0,0.01,0.0,0.3,bottom_oxide,0.000175,2.875e-06,1.75,28.75,0.04326769681713271,
p1_ratio_2p00_common_primary,P1 Ctop/Cbottom=2.00 common-primary proxy,top_primary,interface_4x,T03_P1_CAPACITANCE_RATIO,enabled_symmetric_teaching_top_stack,0.0,0.01,0.0,0.3,bottom_oxide,0.000175,3e-06,1.75,30.0,0.04514890099318034,
p1_ratio_2p00_common_primary,P1 Ctop/Cbottom=2.00 common-primary proxy,top_primary,interface_4x,T03_P1_CAPACITANCE_RATIO,enabled_symmetric_teaching_top_stack,0.0,0.01,0.0,0.3,bottom_oxide,0.0002,0.0,2.0,0.0,0.0,
p1_ratio_2p00_common_primary,P1 Ctop/Cbottom=2.00 common-primary proxy,top_primary,interface_4x,T03_P1_CAPACITANCE_RATIO,enabled_symmetric_teaching_top_stack,0.0,0.01,0.0,0.3,bottom_oxide,0.0002,5.000000000000001e-07,2.0,5.000000000000001,0.007551494003000033,
p1_ratio_2p00_common_primary,P1 Ctop/Cbottom=2.00 common-primary proxy,top_primary,interface_4x,T03_P1_CAPACITANCE_RATIO,enabled_symmetric_teaching_top_stack,0.0,0.01,0.0,0.3,bottom_oxide,0.0002,1.0000000000000002e-06,2.0,10.000000000000002,0.01510298799470039,
p1_ratio_2p00_common_primary,P1 Ctop/Cbottom=2.00 common-primary proxy,top_primary,interface_4x,T03_P1_CAPACITANCE_RATIO,enabled_symmetric_teaching_top_stack,0.0,0.01,0.0,0.3,bottom_oxide,0.0002,1.5000000000000002e-06,2.0,15.000000000000002,0.02265448196380139,
p1_ratio_2p00_common_primary,P1 Ctop/Cbottom=2.00 common-primary proxy,top_primary,interface_4x,T03_P1_CAPACITANCE_RATIO,enabled_symmetric_teaching_top_stack,0.0,0.01,0.0,0.3,bottom_oxide,0.0002,2.0000000000000003e-06,2.0,20.000000000000004,0.030205975899003357,
p1_ratio_2p00_common_primary,P1 Ctop/Cbottom=2.00 common-primary proxy,top_primary,interface_4x,T03_P1_CAPACITANCE_RATIO,enabled_symmetric_teaching_top_stack,0.0,0.01,0.0,0.3,bottom_oxide,0.0002,2.1250000000000004e-06,2.0,21.250000000000004,0.03209384937574155,
p1_ratio_2p00_common_primary,P1 Ctop/Cbottom=2.00 common-primary proxy,top_primary,interface_4x,T03_P1_CAPACITANCE_RATIO,enabled_symmetric_teaching_top_stack,0.0,0.01,0.0,0.3,bottom_oxide,0.0002,2.2500000000000005e-06,2.0,22.500000000000004,0.033981722849478264,
p1_ratio_2p00_common_primary,P1 Ctop/Cbottom=2.00 common-primary proxy,top_primary,interface_4x,T03_P1_CAPACITANCE_RATIO,enabled_symmetric_teaching_top_stack,0.0,0.01,0.0,0.3,bottom_oxide,0.0002,2.375e-06,2.0,23.75,0.035869596320036945,
p1_ratio_2p00_common_primary,P1 Ctop/Cbottom=2.00 common-primary proxy,top_primary,interface_4x,T03_P1_CAPACITANCE_RATIO,enabled_symmetric_teaching_top_stack,0.0,0.01,0.0,0.3,bottom_oxide,0.0002,2.5e-06,2.0,25.000000000000004,0.03775746978724103,
p1_ratio_2p00_common_primary,P1 Ctop/Cbottom=2.00 common-primary proxy,top_primary,interface_4x,T03_P1_CAPACITANCE_RATIO,enabled_symmetric_teaching_top_stack,0.0,0.01,0.0,0.3,bottom_oxide,0.0002,2.6250000000000003e-06,2.0,26.250000000000004,0.03964534325091398,
p1_ratio_2p00_common_primary,P1 Ctop/Cbottom=2.00 common-primary proxy,top_primary,interface_4x,T03_P1_CAPACITANCE_RATIO,enabled_symmetric_teaching_top_stack,0.0,0.01,0.0,0.3,bottom_oxide,0.0002,2.75e-06,2.0,27.5,0.0415332167108792,
p1_ratio_2p00_common_primary,P1 Ctop/Cbottom=2.00 common-primary proxy,top_primary,interface_4x,T03_P1_CAPACITANCE_RATIO,enabled_symmetric_teaching_top_stack,0.0,0.01,0.0,0.3,bottom_oxide,0.0002,2.875e-06,2.0,28.75,0.04342109016696017,
p1_ratio_2p00_common_primary,P1 Ctop/Cbottom=2.00 common-primary proxy,top_primary,interface_4x,T03_P1_CAPACITANCE_RATIO,enabled_symmetric_teaching_top_stack,0.0,0.01,0.0,0.3,bottom_oxide,0.0002,3e-06,2.0,30.0,0.04530896361898032,
p1_ratio_2p00_common_primary,P1 Ctop/Cbottom=2.00 common-primary proxy,top_primary,interface_4x,T03_P1_CAPACITANCE_RATIO,enabled_symmetric_teaching_top_stack,0.0,0.01,0.0,0.3,bottom_oxide,0.00022500000000000002,0.0,2.25,0.0,0.0,
p1_ratio_2p00_common_primary,P1 Ctop/Cbottom=2.00 common-primary proxy,top_primary,interface_4x,T03_P1_CAPACITANCE_RATIO,enabled_symmetric_teaching_top_stack,0.0,0.01,0.0,0.3,bottom_oxide,0.00022500000000000002,5.000000000000001e-07,2.25,5.000000000000001,0.0075781993567074594,
p1_ratio_2p00_common_primary,P1 Ctop/Cbottom=2.00 common-primary proxy,top_primary,interface_4x,T03_P1_CAPACITANCE_RATIO,enabled_symmetric_teaching_top_stack,0.0,0.01,0.0,0.3,bottom_oxide,0.00022500000000000002,1.0000000000000002e-06,2.25,10.000000000000002,0.015156398702078976,
p1_ratio_2p00_common_primary,P1 Ctop/Cbottom=2.00 common-primary proxy,top_primary,interface_4x,T03_P1_CAPACITANCE_RATIO,enabled_symmetric_teaching_top_stack,0.0,0.01,0.0,0.3,bottom_oxide,0.00022500000000000002,1.5000000000000002e-06,2.25,15.000000000000002,0.02273459802477861,
p1_ratio_2p00_common_primary,P1 Ctop/Cbottom=2.00 common-primary proxy,top_primary,interface_4x,T03_P1_CAPACITANCE_RATIO,enabled_symmetric_teaching_top_stack,0.0,0.01,0.0,0.3,bottom_oxide,0.00022500000000000002,2.0000000000000003e-06,2.25,20.000000000000004,0.03031279731347042,
p1_ratio_2p00_common_primary,P1 Ctop/Cbottom=2.00 common-primary proxy,top_primary,interface_4x,T03_P1_CAPACITANCE_RATIO,enabled_symmetric_teaching_top_stack,0.0,0.01,0.0,0.3,bottom_oxide,0.00022500000000000002,2.1250000000000004e-06,2.25,21.250000000000004,0.03220734712855841,
p1_ratio_2p00_common_primary,P1 Ctop/Cbottom=2.00 common-primary proxy,top_primary,interface_4x,T03_P1_CAPACITANCE_RATIO,enabled_symmetric_teaching_top_stack,0.0,0.01,0.0,0.3,bottom_oxide,0.00022500000000000002,2.2500000000000005e-06,2.25,22.500000000000004,0.03410189694063529,
p1_ratio_2p00_common_primary,P1 Ctop/Cbottom=2.00 common-primary proxy,top_primary,interface_4x,T03_P1_CAPACITANCE_RATIO,enabled_symmetric_teaching_top_stack,0.0,0.01,0.0,0.3,bottom_oxide,0.00022500000000000002,2.375e-06,2.25,23.75,0.03599644674952393,
p1_ratio_2p00_common_primary,P1 Ctop/Cbottom=2.00 common-primary proxy,top_primary,interface_4x,T03_P1_CAPACITANCE_RATIO,enabled_symmetric_teaching_top_stack,0.0,0.01,0.0,0.3,bottom_oxide,0.00022500000000000002,2.5e-06,2.25,25.000000000000004,0.03789099655504722,
p1_ratio_2p00_common_primary,P1 Ctop/Cbottom=2.00 common-primary proxy,top_primary,interface_4x,T03_P1_CAPACITANCE_RATIO,enabled_symmetric_teaching_top_stack,0.0,0.01,0.0,0.3,bottom_oxide,0.00022500000000000002,2.6250000000000003e-06,2.25,26.250000000000004,0.03978554635702802,
p1_ratio_2p00_common_primary,P1 Ctop/Cbottom=2.00 common-primary proxy,top_primary,interface_4x,T03_P1_CAPACITANCE_RATIO,enabled_symmetric_teaching_top_stack,0.0,0.01,0.0,0.3,bottom_oxide,0.00022500000000000002,2.75e-06,2.25,27.5,0.04168009615528922,
p1_ratio_2p00_common_primary,P1 Ctop/Cbottom=2.00 common-primary proxy,top_primary,interface_4x,T03_P1_CAPACITANCE_RATIO,enabled_symmetric_teaching_top_stack,0.0,0.01,0.0,0.3,bottom_oxide,0.00022500000000000002,2.875e-06,2.25,28.75,0.04357464594965369,
p1_ratio_2p00_common_primary,P1 Ctop/Cbottom=2.00 common-primary proxy,top_primary,interface_4x,T03_P1_CAPACITANCE_RATIO,enabled_symmetric_teaching_top_stack,0.0,0.01,0.0,0.3,bottom_oxide,0.00022500000000000002,3e-06,2.25,30.0,0.045469195739944304,
p1_ratio_2p00_common_primary,P1 Ctop/Cbottom=2.00 common-primary proxy,top_primary,interface_4x,T03_P1_CAPACITANCE_RATIO,enabled_symmetric_teaching_top_stack,0.0,0.01,0.0,0.3,bottom_oxide,0.00025,0.0,2.5,0.0,0.0,
p1_ratio_2p00_common_primary,P1 Ctop/Cbottom=2.00 common-primary proxy,top_primary,interface_4x,T03_P1_CAPACITANCE_RATIO,enabled_symmetric_teaching_top_stack,0.0,0.01,0.0,0.3,bottom_oxide,0.00025,5.000000000000001e-07,2.5,5.000000000000001,0.007604933050269969,
p1_ratio_2p00_common_primary,P1 Ctop/Cbottom=2.00 common-primary proxy,top_primary,interface_4x,T03_P1_CAPACITANCE_RATIO,enabled_symmetric_teaching_top_stack,0.0,0.01,0.0,0.3,bottom_oxide,0.00025,1.0000000000000002e-06,2.5,10.000000000000002,0.01520986608916754,
p1_ratio_2p00_common_primary,P1 Ctop/Cbottom=2.00 common-primary proxy,top_primary,interface_4x,T03_P1_CAPACITANCE_RATIO,enabled_symmetric_teaching_top_stack,0.0,0.01,0.0,0.3,bottom_oxide,0.00025,1.5000000000000002e-06,2.5,15.000000000000002,0.02281479910532031,
p1_ratio_2p00_common_primary,P1 Ctop/Cbottom=2.00 common-primary proxy,top_primary,interface_4x,T03_P1_CAPACITANCE_RATIO,enabled_symmetric_teaching_top_stack,0.0,0.01,0.0,0.3,bottom_oxide,0.00025,2.0000000000000003e-06,2.5,20.000000000000004,0.03041973208735588,
p1_ratio_2p00_common_primary,P1 Ctop/Cbottom=2.00 common-primary proxy,top_primary,interface_4x,T03_P1_CAPACITANCE_RATIO,enabled_symmetric_teaching_top_stack,0.0,0.01,0.0,0.3,bottom_oxide,0.00025,2.1250000000000004e-06,2.5,21.250000000000004,0.032320965325757026,
p1_ratio_2p00_common_primary,P1 Ctop/Cbottom=2.00 common-primary proxy,top_primary,interface_4x,T03_P1_CAPACITANCE_RATIO,enabled_symmetric_teaching_top_stack,0.0,0.01,0.0,0.3,bottom_oxide,0.00025,2.2500000000000005e-06,2.5,22.500000000000004,0.034222198561137375,
p1_ratio_2p00_common_primary,P1 Ctop/Cbottom=2.00 common-primary proxy,top_primary,interface_4x,T03_P1_CAPACITANCE_RATIO,enabled_symmetric_teaching_top_stack,0.0,0.01,0.0,0.3,bottom_oxide,0.00025,2.375e-06,2.5,23.75,0.03612343179331923,
p1_ratio_2p00_common_primary,P1 Ctop/Cbottom=2.00 common-primary proxy,top_primary,interface_4x,T03_P1_CAPACITANCE_RATIO,enabled_symmetric_teaching_top_stack,0.0,0.01,0.0,0.3,bottom_oxide,0.00025,2.5e-06,2.5,25.000000000000004,0.03802466502212491,
p1_ratio_2p00_common_primary,P1 Ctop/Cbottom=2.00 common-primary proxy,top_primary,interface_4x,T03_P1_CAPACITANCE_RATIO,enabled_symmetric_teaching_top_stack,0.0,0.01,0.0,0.3,bottom_oxide,0.00025,2.6250000000000003e-06,2.5,26.250000000000004,0.03992589824737672,
p1_ratio_2p00_common_primary,P1 Ctop/Cbottom=2.00 common-primary proxy,top_primary,interface_4x,T03_P1_CAPACITANCE_RATIO,enabled_symmetric_teaching_top_stack,0.0,0.01,0.0,0.3,bottom_oxide,0.00025,2.75e-06,2.5,27.5,0.041827131468896946,
p1_ratio_2p00_common_primary,P1 Ctop/Cbottom=2.00 common-primary proxy,top_primary,interface_4x,T03_P1_CAPACITANCE_RATIO,enabled_symmetric_teaching_top_stack,0.0,0.01,0.0,0.3,bottom_oxide,0.00025,2.875e-06,2.5,28.75,0.04372836468650792,
p1_ratio_2p00_common_primary,P1 Ctop/Cbottom=2.00 common-primary proxy,top_primary,interface_4x,T03_P1_CAPACITANCE_RATIO,enabled_symmetric_teaching_top_stack,0.0,0.01,0.0,0.3,bottom_oxide,0.00025,3e-06,2.5,30.0,0.04562959790003194,
p1_ratio_2p00_common_primary,P1 Ctop/Cbottom=2.00 common-primary proxy,top_primary,interface_4x,T03_P1_CAPACITANCE_RATIO,enabled_symmetric_teaching_top_stack,0.0,0.01,0.0,0.3,bottom_oxide,0.00027499999999999996,0.0,2.7499999999999996,0.0,0.0,
p1_ratio_2p00_common_primary,P1 Ctop/Cbottom=2.00 common-primary proxy,top_primary,interface_4x,T03_P1_CAPACITANCE_RATIO,enabled_symmetric_teaching_top_stack,0.0,0.01,0.0,0.3,bottom_oxide,0.00027499999999999996,5.000000000000001e-07,2.7499999999999996,5.000000000000001,0.007631695174833203,
p1_ratio_2p00_common_primary,P1 Ctop/Cbottom=2.00 common-primary proxy,top_primary,interface_4x,T03_P1_CAPACITANCE_RATIO,enabled_symmetric_teaching_top_stack,0.0,0.01,0.0,0.3,bottom_oxide,0.00027499999999999996,1.0000000000000002e-06,2.7499999999999996,10.000000000000002,0.01526339033825735,
p1_ratio_2p00_common_primary,P1 Ctop/Cbottom=2.00 common-primary proxy,top_primary,interface_4x,T03_P1_CAPACITANCE_RATIO,enabled_symmetric_teaching_top_stack,0.0,0.01,0.0,0.3,bottom_oxide,0.00027499999999999996,1.5000000000000002e-06,2.7499999999999996,15.000000000000002,0.02289508547886339,
p1_ratio_2p00_common_primary,P1 Ctop/Cbottom=2.00 common-primary proxy,top_primary,interface_4x,T03_P1_CAPACITANCE_RATIO,enabled_symmetric_teaching_top_stack,0.0,0.01,0.0,0.3,bottom_oxide,0.00027499999999999996,2.0000000000000003e-06,2.7499999999999996,20.000000000000004,0.030526780585242264,
p1_ratio_2p00_common_primary,P1 Ctop/Cbottom=2.00 common-primary proxy,top_primary,interface_4x,T03_P1_CAPACITANCE_RATIO,enabled_symmetric_teaching_top_stack,0.0,0.01,0.0,0.3,bottom_oxide,0.00027499999999999996,2.1250000000000004e-06,2.7499999999999996,21.250000000000004,0.03243470435470633,
p1_ratio_2p00_common_primary,P1 Ctop/Cbottom=2.00 common-primary proxy,top_primary,interface_4x,T03_P1_CAPACITANCE_RATIO,enabled_symmetric_teaching_top_stack,0.0,0.01,0.0,0.3,bottom_oxide,0.00027499999999999996,2.2500000000000005e-06,2.7499999999999996,22.500000000000004,0.034342628121139855,
p1_ratio_2p00_common_primary,P1 Ctop/Cbottom=2.00 common-primary proxy,top_primary,interface_4x,T03_P1_CAPACITANCE_RATIO,enabled_symmetric_teaching_top_stack,0.0,0.01,0.0,0.3,bottom_oxide,0.00027499999999999996,2.375e-06,2.7499999999999996,23.75,0.03625055188436459,
p1_ratio_2p00_common_primary,P1 Ctop/Cbottom=2.00 common-primary proxy,top_primary,interface_4x,T03_P1_CAPACITANCE_RATIO,enabled_symmetric_teaching_top_stack,0.0,0.01,0.0,0.3,bottom_oxide,0.00027499999999999996,2.5e-06,2.7499999999999996,25.000000000000004,0.03815847564420226,
p1_ratio_2p00_common_primary,P1 Ctop/Cbottom=2.00 common-primary proxy,top_primary,interface_4x,T03_P1_CAPACITANCE_RATIO,enabled_symmetric_teaching_top_stack,0.0,0.01,0.0,0.3,bottom_oxide,0.00027499999999999996,2.6250000000000003e-06,2.7499999999999996,26.250000000000004,0.0400663994004746,
p1_ratio_2p00_common_primary,P1 Ctop/Cbottom=2.00 common-primary proxy,top_primary,interface_4x,T03_P1_CAPACITANCE_RATIO,enabled_symmetric_teaching_top_stack,0.0,0.01,0.0,0.3,bottom_oxide,0.00027499999999999996,2.75e-06,2.7499999999999996,27.5,0.04197432315300334,
p1_ratio_2p00_common_primary,P1 Ctop/Cbottom=2.00 common-primary proxy,top_primary,interface_4x,T03_P1_CAPACITANCE_RATIO,enabled_symmetric_teaching_top_stack,0.0,0.01,0.0,0.3,bottom_oxide,0.00027499999999999996,2.875e-06,2.7499999999999996,28.75,0.043882246901610224,
p1_ratio_2p00_common_primary,P1 Ctop/Cbottom=2.00 common-primary proxy,top_primary,interface_4x,T03_P1_CAPACITANCE_RATIO,enabled_symmetric_teaching_top_stack,0.0,0.01,0.0,0.3,bottom_oxide,0.00027499999999999996,3e-06,2.7499999999999996,30.0,0.04579017064611698,
p1_ratio_2p00_common_primary,P1 Ctop/Cbottom=2.00 common-primary proxy,top_primary,interface_4x,T03_P1_CAPACITANCE_RATIO,enabled_symmetric_teaching_top_stack,0.0,0.01,0.0,0.3,bottom_oxide,0.00030000000000000003,0.0,3.0000000000000004,0.0,0.0,
p1_ratio_2p00_common_primary,P1 Ctop/Cbottom=2.00 common-primary proxy,top_primary,interface_4x,T03_P1_CAPACITANCE_RATIO,enabled_symmetric_teaching_top_stack,0.0,0.01,0.0,0.3,bottom_oxide,0.00030000000000000003,5.000000000000001e-07,3.0000000000000004,5.000000000000001,0.007658485822032134,
p1_ratio_2p00_common_primary,P1 Ctop/Cbottom=2.00 common-primary proxy,top_primary,interface_4x,T03_P1_CAPACITANCE_RATIO,enabled_symmetric_teaching_top_stack,0.0,0.01,0.0,0.3,bottom_oxide,0.00030000000000000003,1.0000000000000002e-06,3.0000000000000004,10.000000000000002,0.015316971632618363,
p1_ratio_2p00_common_primary,P1 Ctop/Cbottom=2.00 common-primary proxy,top_primary,interface_4x,T03_P1_CAPACITANCE_RATIO,enabled_symmetric_teaching_top_stack,0.0,0.01,0.0,0.3,bottom_oxide,0.00030000000000000003,1.5000000000000002e-06,3.0000000000000004,15.000000000000002,0.02297545742031278,
p1_ratio_2p00_common_primary,P1 Ctop/Cbottom=2.00 common-primary proxy,top_primary,interface_4x,T03_P1_CAPACITANCE_RATIO,enabled_symmetric_teaching_top_stack,0.0,0.01,0.0,0.3,bottom_oxide,0.00030000000000000003,2.0000000000000003e-06,3.0000000000000004,20.000000000000004,0.030633943173669482,
p1_ratio_2p00_common_primary,P1 Ctop/Cbottom=2.00 common-primary proxy,top_primary,interface_4x,T03_P1_CAPACITANCE_RATIO,enabled_symmetric_teaching_top_stack,0.0,0.01,0.0,0.3,bottom_oxide,0.00030000000000000003,2.1250000000000004e-06,3.0000000000000004,21.250000000000004,0.03254856460485497,
p1_ratio_2p00_common_primary,P1 Ctop/Cbottom=2.00 common-primary proxy,top_primary,interface_4x,T03_P1_CAPACITANCE_RATIO,enabled_symmetric_teaching_top_stack,0.0,0.01,0.0,0.3,bottom_oxide,0.00030000000000000003,2.2500000000000005e-06,3.0000000000000004,22.500000000000004,0.03446318603300013,
p1_ratio_2p00_common_primary,P1 Ctop/Cbottom=2.00 common-primary proxy,top_primary,interface_4x,T03_P1_CAPACITANCE_RATIO,enabled_symmetric_teaching_top_stack,0.0,0.01,0.0,0.3,bottom_oxide,0.00030000000000000003,2.375e-06,3.0000000000000004,23.75,0.03637780745792613,
p1_ratio_2p00_common_primary,P1 Ctop/Cbottom=2.00 common-primary proxy,top_primary,interface_4x,T03_P1_CAPACITANCE_RATIO,enabled_symmetric_teaching_top_stack,0.0,0.01,0.0,0.3,bottom_oxide,0.00030000000000000003,2.5e-06,3.0000000000000004,25.000000000000004,0.03829242887945414,
p1_ratio_2p00_common_primary,P1 Ctop/Cbottom=2.00 common-primary proxy,top_primary,interface_4x,T03_P1_CAPACITANCE_RATIO,enabled_symmetric_teaching_top_stack,0.0,0.01,0.0,0.3,bottom_oxide,0.00030000000000000003,2.6250000000000003e-06,3.0000000000000004,26.250000000000004,0.04020705029740529,
p1_ratio_2p00_common_primary,P1 Ctop/Cbottom=2.00 common-primary proxy,top_primary,interface_4x,T03_P1_CAPACITANCE_RATIO,enabled_symmetric_teaching_top_stack,0.0,0.01,0.0,0.3,bottom_oxide,0.00030000000000000003,2.75e-06,3.0000000000000004,27.5,0.04212167171160076,
p1_ratio_2p00_common_primary,P1 Ctop/Cbottom=2.00 common-primary proxy,top_primary,interface_4x,T03_P1_CAPACITANCE_RATIO,enabled_symmetric_teaching_top_stack,0.0,0.01,0.0,0.3,bottom_oxide,0.00030000000000000003,2.875e-06,3.0000000000000004,28.75,0.0440362931218617,
p1_ratio_2p00_common_primary,P1 Ctop/Cbottom=2.00 common-primary proxy,top_primary,interface_4x,T03_P1_CAPACITANCE_RATIO,enabled_symmetric_teaching_top_stack,0.0,0.01,0.0,0.3,bottom_oxide,0.00030000000000000003,3e-06,3.0000000000000004,30.0,0.045950914528009264,
p1_ratio_2p00_common_primary,P1 Ctop/Cbottom=2.00 common-primary proxy,top_primary,interface_4x,T03_P1_CAPACITANCE_RATIO,enabled_symmetric_teaching_top_stack,0.0,0.01,0.0,0.3,bottom_oxide,0.00032500000000000004,0.0,3.2500000000000004,0.0,0.0,
p1_ratio_2p00_common_primary,P1 Ctop/Cbottom=2.00 common-primary proxy,top_primary,interface_4x,T03_P1_CAPACITANCE_RATIO,enabled_symmetric_teaching_top_stack,0.0,0.01,0.0,0.3,bottom_oxide,0.00032500000000000004,5.000000000000001e-07,3.2500000000000004,5.000000000000001,0.007685305083994774,
p1_ratio_2p00_common_primary,P1 Ctop/Cbottom=2.00 common-primary proxy,top_primary,interface_4x,T03_P1_CAPACITANCE_RATIO,enabled_symmetric_teaching_top_stack,0.0,0.01,0.0,0.3,bottom_oxide,0.00032500000000000004,1.0000000000000002e-06,3.2500000000000004,10.000000000000002,0.015370610156506592,
p1_ratio_2p00_common_primary,P1 Ctop/Cbottom=2.00 common-primary proxy,top_primary,interface_4x,T03_P1_CAPACITANCE_RATIO,enabled_symmetric_teaching_top_stack,0.0,0.01,0.0,0.3,bottom_oxide,0.00032500000000000004,1.5000000000000002e-06,3.2500000000000004,15.000000000000002,0.023055915206052498,
p1_ratio_2p00_common_primary,P1 Ctop/Cbottom=2.00 common-primary proxy,top_primary,interface_4x,T03_P1_CAPACITANCE_RATIO,enabled_symmetric_teaching_top_stack,0.0,0.01,0.0,0.3,bottom_oxide,0.00032500000000000004,2.0000000000000003e-06,3.2500000000000004,20.000000000000004,0.030741220221149543,
p1_ratio_2p00_common_primary,P1 Ctop/Cbottom=2.00 common-primary proxy,top_primary,interface_4x,T03_P1_CAPACITANCE_RATIO,enabled_symmetric_teaching_top_stack,0.0,0.01,0.0,0.3,bottom_oxide,0.00032500000000000004,2.1250000000000004e-06,3.2500000000000004,21.250000000000004,0.03266254646774695,
p1_ratio_2p00_common_primary,P1 Ctop/Cbottom=2.00 common-primary proxy,top_primary,interface_4x,T03_P1_CAPACITANCE_RATIO,enabled_symmetric_teaching_top_stack,0.0,0.01,0.0,0.3,bottom_oxide,0.00032500000000000004,2.2500000000000005e-06,3.2500000000000004,22.500000000000004,0.03458387271129421,
p1_ratio_2p00_common_primary,P1 Ctop/Cbottom=2.00 common-primary proxy,top_primary,interface_4x,T03_P1_CAPACITANCE_RATIO,enabled_symmetric_teaching_top_stack,0.0,0.01,0.0,0.3,bottom_oxide,0.00032500000000000004,2.375e-06,3.2500000000000004,23.75,0.036505198951611875,
p1_ratio_2p00_common_primary,P1 Ctop/Cbottom=2.00 common-primary proxy,top_primary,interface_4x,T03_P1_CAPACITANCE_RATIO,enabled_symmetric_teaching_top_stack,0.0,0.01,0.0,0.3,bottom_oxide,0.00032500000000000004,2.5e-06,3.2500000000000004,25.000000000000004,0.03842652518852055,
p1_ratio_2p00_common_primary,P1 Ctop/Cbottom=2.00 common-primary proxy,top_primary,interface_4x,T03_P1_CAPACITANCE_RATIO,enabled_symmetric_teaching_top_stack,0.0,0.01,0.0,0.3,bottom_oxide,0.00032500000000000004,2.6250000000000003e-06,3.2500000000000004,26.250000000000004,0.040347851421840795,
p1_ratio_2p00_common_primary,P1 Ctop/Cbottom=2.00 common-primary proxy,top_primary,interface_4x,T03_P1_CAPACITANCE_RATIO,enabled_symmetric_teaching_top_stack,0.0,0.01,0.0,0.3,bottom_oxide,0.00032500000000000004,2.75e-06,3.2500000000000004,27.5,0.04226917765139319,
p1_ratio_2p00_common_primary,P1 Ctop/Cbottom=2.00 common-primary proxy,top_primary,interface_4x,T03_P1_CAPACITANCE_RATIO,enabled_symmetric_teaching_top_stack,0.0,0.01,0.0,0.3,bottom_oxide,0.00032500000000000004,2.875e-06,3.2500000000000004,28.75,0.04419050387699833,
p1_ratio_2p00_common_primary,P1 Ctop/Cbottom=2.00 common-primary proxy,top_primary,interface_4x,T03_P1_CAPACITANCE_RATIO,enabled_symmetric_teaching_top_stack,0.0,0.01,0.0,0.3,bottom_oxide,0.00032500000000000004,3e-06,3.2500000000000004,30.0,0.046111830098476775,
p1_ratio_2p00_common_primary,P1 Ctop/Cbottom=2.00 common-primary proxy,top_primary,interface_4x,T03_P1_CAPACITANCE_RATIO,enabled_symmetric_teaching_top_stack,0.0,0.01,0.0,0.3,bottom_oxide,0.00035,0.0,3.5,0.0,0.0,
p1_ratio_2p00_common_primary,P1 Ctop/Cbottom=2.00 common-primary proxy,top_primary,interface_4x,T03_P1_CAPACITANCE_RATIO,enabled_symmetric_teaching_top_stack,0.0,0.01,0.0,0.3,bottom_oxide,0.00035,5.000000000000001e-07,3.5,5.000000000000001,0.007712153053345871,
p1_ratio_2p00_common_primary,P1 Ctop/Cbottom=2.00 common-primary proxy,top_primary,interface_4x,T03_P1_CAPACITANCE_RATIO,enabled_symmetric_teaching_top_stack,0.0,0.01,0.0,0.3,bottom_oxide,0.00035,1.0000000000000002e-06,3.5,10.000000000000002,0.01542430609517154,
p1_ratio_2p00_common_primary,P1 Ctop/Cbottom=2.00 common-primary proxy,top_primary,interface_4x,T03_P1_CAPACITANCE_RATIO,enabled_symmetric_teaching_top_stack,0.0,0.01,0.0,0.3,bottom_oxide,0.00035,1.5000000000000002e-06,3.5,15.000000000000002,0.023136459113956797,
p1_ratio_2p00_common_primary,P1 Ctop/Cbottom=2.00 common-primary proxy,top_primary,interface_4x,T03_P1_CAPACITANCE_RATIO,enabled_symmetric_teaching_top_stack,0.0,0.01,0.0,0.3,bottom_oxide,0.00035,2.0000000000000003e-06,3.5,20.000000000000004,0.030848612098181436,
p1_ratio_2p00_common_primary,P1 Ctop/Cbottom=2.00 common-primary proxy,top_primary,interface_4x,T03_P1_CAPACITANCE_RATIO,enabled_symmetric_teaching_top_stack,0.0,0.01,0.0,0.3,bottom_oxide,0.00035,2.1250000000000004e-06,3.5,21.250000000000004,0.03277665033703747,
p1_ratio_2p00_common_primary,P1 Ctop/Cbottom=2.00 common-primary proxy,top_primary,interface_4x,T03_P1_CAPACITANCE_RATIO,enabled_symmetric_teaching_top_stack,0.0,0.01,0.0,0.3,bottom_oxide,0.00035,2.2500000000000005e-06,3.5,22.500000000000004,0.034704688572833445,
p1_ratio_2p00_common_primary,P1 Ctop/Cbottom=2.00 common-primary proxy,top_primary,interface_4x,T03_P1_CAPACITANCE_RATIO,enabled_symmetric_teaching_top_stack,0.0,0.01,0.0,0.3,bottom_oxide,0.00035,2.375e-06,3.5,23.75,0.036632726805389364,
p1_ratio_2p00_common_primary,P1 Ctop/Cbottom=2.00 common-primary proxy,top_primary,interface_4x,T03_P1_CAPACITANCE_RATIO,enabled_symmetric_teaching_top_stack,0.0,0.01,0.0,0.3,bottom_oxide,0.00035,2.5e-06,3.5,25.000000000000004,0.03856076503452522,
p1_ratio_2p00_common_primary,P1 Ctop/Cbottom=2.00 common-primary proxy,top_primary,interface_4x,T03_P1_CAPACITANCE_RATIO,enabled_symmetric_teaching_top_stack,0.0,0.01,0.0,0.3,bottom_oxide,0.00035,2.6250000000000003e-06,3.5,26.250000000000004,0.04048880326006102,
p1_ratio_2p00_common_primary,P1 Ctop/Cbottom=2.00 common-primary proxy,top_primary,interface_4x,T03_P1_CAPACITANCE_RATIO,enabled_symmetric_teaching_top_stack,0.0,0.01,0.0,0.3,bottom_oxide,0.00035,2.75e-06,3.5,27.5,0.042416841481816736,
p1_ratio_2p00_common_primary,P1 Ctop/Cbottom=2.00 common-primary proxy,top_primary,interface_4x,T03_P1_CAPACITANCE_RATIO,enabled_symmetric_teaching_top_stack,0.0,0.01,0.0,0.3,bottom_oxide,0.00035,2.875e-06,3.5,28.75,0.04434487969961239,
p1_ratio_2p00_common_primary,P1 Ctop/Cbottom=2.00 common-primary proxy,top_primary,interface_4x,T03_P1_CAPACITANCE_RATIO,enabled_symmetric_teaching_top_stack,0.0,0.01,0.0,0.3,bottom_oxide,0.00035,3e-06,3.5,30.0,0.04627291791326798,
p1_ratio_2p00_common_primary,P1 Ctop/Cbottom=2.00 common-primary proxy,top_primary,interface_4x,T03_P1_CAPACITANCE_RATIO,enabled_symmetric_teaching_top_stack,0.0,0.01,0.0,0.3,bottom_oxide,0.000375,0.0,3.75,0.0,0.0,
p1_ratio_2p00_common_primary,P1 Ctop/Cbottom=2.00 common-primary proxy,top_primary,interface_4x,T03_P1_CAPACITANCE_RATIO,enabled_symmetric_teaching_top_stack,0.0,0.01,0.0,0.3,bottom_oxide,0.000375,5.000000000000001e-07,3.75,5.000000000000001,0.007739029823210686,
p1_ratio_2p00_common_primary,P1 Ctop/Cbottom=2.00 common-primary proxy,top_primary,interface_4x,T03_P1_CAPACITANCE_RATIO,enabled_symmetric_teaching_top_stack,0.0,0.01,0.0,0.3,bottom_oxide,0.000375,1.0000000000000002e-06,3.75,10.000000000000002,0.015478059634863716,
p1_ratio_2p00_common_primary,P1 Ctop/Cbottom=2.00 common-primary proxy,top_primary,interface_4x,T03_P1_CAPACITANCE_RATIO,enabled_symmetric_teaching_top_stack,0.0,0.01,0.0,0.3,bottom_oxide,0.000375,1.5000000000000002e-06,3.75,15.000000000000002,0.023217089423401432,
p1_ratio_2p00_common_primary,P1 Ctop/Cbottom=2.00 common-primary proxy,top_primary,interface_4x,T03_P1_CAPACITANCE_RATIO,enabled_symmetric_teaching_top_stack,0.0,0.01,0.0,0.3,bottom_oxide,0.000375,2.0000000000000003e-06,3.75,20.000000000000004,0.030956119177266175,
p1_ratio_2p00_common_primary,P1 Ctop/Cbottom=2.00 common-primary proxy,top_primary,interface_4x,T03_P1_CAPACITANCE_RATIO,enabled_symmetric_teaching_top_stack,0.0,0.01,0.0,0.3,bottom_oxide,0.000375,2.1250000000000004e-06,3.75,21.250000000000004,0.032890876608508826,
p1_ratio_2p00_common_primary,P1 Ctop/Cbottom=2.00 common-primary proxy,top_primary,interface_4x,T03_P1_CAPACITANCE_RATIO,enabled_symmetric_teaching_top_stack,0.0,0.01,0.0,0.3,bottom_oxide,0.000375,2.2500000000000005e-06,3.75,22.500000000000004,0.03482563403668147,
p1_ratio_2p00_common_primary,P1 Ctop/Cbottom=2.00 common-primary proxy,top_primary,interface_4x,T03_P1_CAPACITANCE_RATIO,enabled_symmetric_teaching_top_stack,0.0,0.01,0.0,0.3,bottom_oxide,0.000375,2.375e-06,3.75,23.75,0.03676039146160352,
p1_ratio_2p00_common_primary,P1 Ctop/Cbottom=2.00 common-primary proxy,top_primary,interface_4x,T03_P1_CAPACITANCE_RATIO,enabled_symmetric_teaching_top_stack,0.0,0.01,0.0,0.3,bottom_oxide,0.000375,2.5e-06,3.75,25.000000000000004,0.0386951488830944,
p1_ratio_2p00_common_primary,P1 Ctop/Cbottom=2.00 common-primary proxy,top_primary,interface_4x,T03_P1_CAPACITANCE_RATIO,enabled_symmetric_teaching_top_stack,0.0,0.01,0.0,0.3,bottom_oxide,0.000375,2.6250000000000003e-06,3.75,26.250000000000004,0.04062990630097351,
p1_ratio_2p00_common_primary,P1 Ctop/Cbottom=2.00 common-primary proxy,top_primary,interface_4x,T03_P1_CAPACITANCE_RATIO,enabled_symmetric_teaching_top_stack,0.0,0.01,0.0,0.3,bottom_oxide,0.000375,2.75e-06,3.75,27.5,0.042564663715060264,
p1_ratio_2p00_common_primary,P1 Ctop/Cbottom=2.00 common-primary proxy,top_primary,interface_4x,T03_P1_CAPACITANCE_RATIO,enabled_symmetric_teaching_top_stack,0.0,0.01,0.0,0.3,bottom_oxide,0.000375,2.875e-06,3.75,28.75,0.04449942112517407,
p1_ratio_2p00_common_primary,P1 Ctop/Cbottom=2.00 common-primary proxy,top_primary,interface_4x,T03_P1_CAPACITANCE_RATIO,enabled_symmetric_teaching_top_stack,0.0,0.01,0.0,0.3,bottom_oxide,0.000375,3e-06,3.75,30.0,0.046434178531134344,
p1_ratio_2p00_common_primary,P1 Ctop/Cbottom=2.00 common-primary proxy,top_primary,interface_4x,T03_P1_CAPACITANCE_RATIO,enabled_symmetric_teaching_top_stack,0.0,0.01,0.0,0.3,bottom_oxide,0.0004,0.0,4.0,0.0,0.0,
p1_ratio_2p00_common_primary,P1 Ctop/Cbottom=2.00 common-primary proxy,top_primary,interface_4x,T03_P1_CAPACITANCE_RATIO,enabled_symmetric_teaching_top_stack,0.0,0.01,0.0,0.3,bottom_oxide,0.0004,5.000000000000001e-07,4.0,5.000000000000001,0.007765935487218769,
p1_ratio_2p00_common_primary,P1 Ctop/Cbottom=2.00 common-primary proxy,top_primary,interface_4x,T03_P1_CAPACITANCE_RATIO,enabled_symmetric_teaching_top_stack,0.0,0.01,0.0,0.3,bottom_oxide,0.0004,1.0000000000000002e-06,4.0,10.000000000000002,0.015531870962842224,
p1_ratio_2p00_common_primary,P1 Ctop/Cbottom=2.00 common-primary proxy,top_primary,interface_4x,T03_P1_CAPACITANCE_RATIO,enabled_symmetric_teaching_top_stack,0.0,0.01,0.0,0.3,bottom_oxide,0.0004,1.5000000000000002e-06,4.0,15.000000000000002,0.023297806415275055,
p1_ratio_2p00_common_primary,P1 Ctop/Cbottom=2.00 common-primary proxy,top_primary,interface_4x,T03_P1_CAPACITANCE_RATIO,enabled_symmetric_teaching_top_stack,0.0,0.01,0.0,0.3,bottom_oxide,0.0004,2.0000000000000003e-06,4.0,20.000000000000004,0.03106374183292195,
p1_ratio_2p00_common_primary,P1 Ctop/Cbottom=2.00 common-primary proxy,top_primary,interface_4x,T03_P1_CAPACITANCE_RATIO,enabled_symmetric_teaching_top_stack,0.0,0.01,0.0,0.3,bottom_oxide,0.0004,2.1250000000000004e-06,4.0,21.250000000000004,0.033005225680086604,
p1_ratio_2p00_common_primary,P1 Ctop/Cbottom=2.00 common-primary proxy,top_primary,interface_4x,T03_P1_CAPACITANCE_RATIO,enabled_symmetric_teaching_top_stack,0.0,0.01,0.0,0.3,bottom_oxide,0.0004,2.2500000000000005e-06,4.0,22.500000000000004,0.034946709524171254,
p1_ratio_2p00_common_primary,P1 Ctop/Cbottom=2.00 common-primary proxy,top_primary,interface_4x,T03_P1_CAPACITANCE_RATIO,enabled_symmetric_teaching_top_stack,0.0,0.01,0.0,0.3,bottom_oxide,0.0004,2.375e-06,4.0,23.75,0.036888193364994715,
p1_ratio_2p00_common_primary,P1 Ctop/Cbottom=2.00 common-primary proxy,top_primary,interface_4x,T03_P1_CAPACITANCE_RATIO,enabled_symmetric_teaching_top_stack,0.0,0.01,0.0,0.3,bottom_oxide,0.0004,2.5e-06,4.0,25.000000000000004,0.038829677202375824,
p1_ratio_2p00_common_primary,P1 Ctop/Cbottom=2.00 common-primary proxy,top_primary,interface_4x,T03_P1_CAPACITANCE_RATIO,enabled_symmetric_teaching_top_stack,0.0,0.01,0.0,0.3,bottom_oxide,0.0004,2.6250000000000003e-06,4.0,26.250000000000004,0.0407711610361334,
p1_ratio_2p00_common_primary,P1 Ctop/Cbottom=2.00 common-primary proxy,top_primary,interface_4x,T03_P1_CAPACITANCE_RATIO,enabled_symmetric_teaching_top_stack,0.0,0.01,0.0,0.3,bottom_oxide,0.0004,2.75e-06,4.0,27.5,0.04271264486608625,
p1_ratio_2p00_common_primary,P1 Ctop/Cbottom=2.00 common-primary proxy,top_primary,interface_4x,T03_P1_CAPACITANCE_RATIO,enabled_symmetric_teaching_top_stack,0.0,0.01,0.0,0.3,bottom_oxide,0.0004,2.875e-06,4.0,28.75,0.04465412869205323,
p1_ratio_2p00_common_primary,P1 Ctop/Cbottom=2.00 common-primary proxy,top_primary,interface_4x,T03_P1_CAPACITANCE_RATIO,enabled_symmetric_teaching_top_stack,0.0,0.01,0.0,0.3,bottom_oxide,0.0004,3e-06,4.0,30.0,0.04659561251385314,
p1_ratio_2p00_common_primary,P1 Ctop/Cbottom=2.00 common-primary proxy,top_primary,interface_4x,T03_P1_CAPACITANCE_RATIO,enabled_symmetric_teaching_top_stack,0.0,0.01,0.0,0.3,bottom_oxide,0.00042500000000000003,0.0,4.25,0.0,0.0,
p1_ratio_2p00_common_primary,P1 Ctop/Cbottom=2.00 common-primary proxy,top_primary,interface_4x,T03_P1_CAPACITANCE_RATIO,enabled_symmetric_teaching_top_stack,0.0,0.01,0.0,0.3,bottom_oxide,0.00042500000000000003,5.000000000000001e-07,4.25,5.000000000000001,0.007792870139507791,
p1_ratio_2p00_common_primary,P1 Ctop/Cbottom=2.00 common-primary proxy,top_primary,interface_4x,T03_P1_CAPACITANCE_RATIO,enabled_symmetric_teaching_top_stack,0.0,0.01,0.0,0.3,bottom_oxide,0.00042500000000000003,1.0000000000000002e-06,4.25,10.000000000000002,0.015585740267382412,
p1_ratio_2p00_common_primary,P1 Ctop/Cbottom=2.00 common-primary proxy,top_primary,interface_4x,T03_P1_CAPACITANCE_RATIO,enabled_symmetric_teaching_top_stack,0.0,0.01,0.0,0.3,bottom_oxide,0.00042500000000000003,1.5000000000000002e-06,4.25,15.000000000000002,0.023378610371990686,
p1_ratio_2p00_common_primary,P1 Ctop/Cbottom=2.00 common-primary proxy,top_primary,interface_4x,T03_P1_CAPACITANCE_RATIO,enabled_symmetric_teaching_top_stack,0.0,0.01,0.0,0.3,bottom_oxide,0.00042500000000000003,2.0000000000000003e-06,4.25,20.000000000000004,0.031171480441699446,
p1_ratio_2p00_common_primary,P1 Ctop/Cbottom=2.00 common-primary proxy,top_primary,interface_4x,T03_P1_CAPACITANCE_RATIO,enabled_symmetric_teaching_top_stack,0.0,0.01,0.0,0.3,bottom_oxide,0.00042500000000000003,2.1250000000000004e-06,4.25,21.250000000000004,0.0331196979518559,
p1_ratio_2p00_common_primary,P1 Ctop/Cbottom=2.00 common-primary proxy,top_primary,interface_4x,T03_P1_CAPACITANCE_RATIO,enabled_symmetric_teaching_top_stack,0.0,0.01,0.0,0.3,bottom_oxide,0.00042500000000000003,2.2500000000000005e-06,4.25,22.500000000000004,0.0350679154589223,
p1_ratio_2p00_common_primary,P1 Ctop/Cbottom=2.00 common-primary proxy,top_primary,interface_4x,T03_P1_CAPACITANCE_RATIO,enabled_symmetric_teaching_top_stack,0.0,0.01,0.0,0.3,bottom_oxide,0.00042500000000000003,2.375e-06,4.25,23.75,0.03701613296271686,
p1_ratio_2p00_common_primary,P1 Ctop/Cbottom=2.00 common-primary proxy,top_primary,interface_4x,T03_P1_CAPACITANCE_RATIO,enabled_symmetric_teaching_top_stack,0.0,0.01,0.0,0.3,bottom_oxide,0.00042500000000000003,2.5e-06,4.25,25.000000000000004,0.03896435046305783,
p1_ratio_2p00_common_primary,P1 Ctop/Cbottom=2.00 common-primary proxy,top_primary,interface_4x,T03_P1_CAPACITANCE_RATIO,enabled_symmetric_teaching_top_stack,0.0,0.01,0.0,0.3,bottom_oxide,0.00042500000000000003,2.6250000000000003e-06,4.25,26.250000000000004,0.04091256795976343,
p1_ratio_2p00_common_primary,P1 Ctop/Cbottom=2.00 common-primary proxy,top_primary,interface_4x,T03_P1_CAPACITANCE_RATIO,enabled_symmetric_teaching_top_stack,0.0,0.01,0.0,0.3,bottom_oxide,0.00042500000000000003,2.75e-06,4.25,27.5,0.042860785452651894,
p1_ratio_2p00_common_primary,P1 Ctop/Cbottom=2.00 common-primary proxy,top_primary,interface_4x,T03_P1_CAPACITANCE_RATIO,enabled_symmetric_teaching_top_stack,0.0,0.01,0.0,0.3,bottom_oxide,0.00042500000000000003,2.875e-06,4.25,28.75,0.044809002941541456,
p1_ratio_2p00_common_primary,P1 Ctop/Cbottom=2.00 common-primary proxy,top_primary,interface_4x,T03_P1_CAPACITANCE_RATIO,enabled_symmetric_teaching_top_stack,0.0,0.01,0.0,0.3,bottom_oxide,0.00042500000000000003,3e-06,4.25,30.0,0.04675722042625036,
p1_ratio_2p00_common_primary,P1 Ctop/Cbottom=2.00 common-primary proxy,top_primary,interface_4x,T03_P1_CAPACITANCE_RATIO,enabled_symmetric_teaching_top_stack,0.0,0.01,0.0,0.3,bottom_oxide,0.00045000000000000004,0.0,4.5,0.0,0.0,
p1_ratio_2p00_common_primary,P1 Ctop/Cbottom=2.00 common-primary proxy,top_primary,interface_4x,T03_P1_CAPACITANCE_RATIO,enabled_symmetric_teaching_top_stack,0.0,0.01,0.0,0.3,bottom_oxide,0.00045000000000000004,5.000000000000001e-07,4.5,5.000000000000001,0.00781983387472743,
p1_ratio_2p00_common_primary,P1 Ctop/Cbottom=2.00 common-primary proxy,top_primary,interface_4x,T03_P1_CAPACITANCE_RATIO,enabled_symmetric_teaching_top_stack,0.0,0.01,0.0,0.3,bottom_oxide,0.00045000000000000004,1.0000000000000002e-06,4.5,10.000000000000002,0.01563966773778362,
p1_ratio_2p00_common_primary,P1 Ctop/Cbottom=2.00 common-primary proxy,top_primary,interface_4x,T03_P1_CAPACITANCE_RATIO,enabled_symmetric_teaching_top_stack,0.0,0.01,0.0,0.3,bottom_oxide,0.00045000000000000004,1.5000000000000002e-06,4.5,15.000000000000002,0.023459501577497332,
p1_ratio_2p00_common_primary,P1 Ctop/Cbottom=2.00 common-primary proxy,top_primary,interface_4x,T03_P1_CAPACITANCE_RATIO,enabled_symmetric_teaching_top_stack,0.0,0.01,0.0,0.3,bottom_oxide,0.00045000000000000004,2.0000000000000003e-06,4.5,20.000000000000004,0.03127933538219733,
p1_ratio_2p00_common_primary,P1 Ctop/Cbottom=2.00 common-primary proxy,top_primary,interface_4x,T03_P1_CAPACITANCE_RATIO,enabled_symmetric_teaching_top_stack,0.0,0.01,0.0,0.3,bottom_oxide,0.00045000000000000004,2.1250000000000004e-06,4.5,21.250000000000004,0.03323429382607781,
p1_ratio_2p00_common_primary,P1 Ctop/Cbottom=2.00 common-primary proxy,top_primary,interface_4x,T03_P1_CAPACITANCE_RATIO,enabled_symmetric_teaching_top_stack,0.0,0.01,0.0,0.3,bottom_oxide,0.00045000000000000004,2.2500000000000005e-06,4.5,22.500000000000004,0.03518925226685811,
p1_ratio_2p00_common_primary,P1 Ctop/Cbottom=2.00 common-primary proxy,top_primary,interface_4x,T03_P1_CAPACITANCE_RATIO,enabled_symmetric_teaching_top_stack,0.0,0.01,0.0,0.3,bottom_oxide,0.00045000000000000004,2.375e-06,4.5,23.75,0.037144210704355876,
p1_ratio_2p00_common_primary,P1 Ctop/Cbottom=2.00 common-primary proxy,top_primary,interface_4x,T03_P1_CAPACITANCE_RATIO,enabled_symmetric_teaching_top_stack,0.0,0.01,0.0,0.3,bottom_oxide,0.00045000000000000004,2.5e-06,4.5,25.000000000000004,0.03909916913838874,
p1_ratio_2p00_common_primary,P1 Ctop/Cbottom=2.00 common-primary proxy,top_primary,interface_4x,T03_P1_CAPACITANCE_RATIO,enabled_symmetric_teaching_top_stack,0.0,0.01,0.0,0.3,bottom_oxide,0.00045000000000000004,2.6250000000000003e-06,4.5,26.250000000000004,0.04105412756877435,
p1_ratio_2p00_common_primary,P1 Ctop/Cbottom=2.00 common-primary proxy,top_primary,interface_4x,T03_P1_CAPACITANCE_RATIO,enabled_symmetric_teaching_top_stack,0.0,0.01,0.0,0.3,bottom_oxide,0.00045000000000000004,2.75e-06,4.5,27.5,0.04300908599533033,
p1_ratio_2p00_common_primary,P1 Ctop/Cbottom=2.00 common-primary proxy,top_primary,interface_4x,T03_P1_CAPACITANCE_RATIO,enabled_symmetric_teaching_top_stack,0.0,0.01,0.0,0.3,bottom_oxide,0.00045000000000000004,2.875e-06,4.5,28.75,0.04496404441787432,
p1_ratio_2p00_common_primary,P1 Ctop/Cbottom=2.00 common-primary proxy,top_primary,interface_4x,T03_P1_CAPACITANCE_RATIO,enabled_symmetric_teaching_top_stack,0.0,0.01,0.0,0.3,bottom_oxide,0.00045000000000000004,3e-06,4.5,30.0,0.046919002836223966,
p1_ratio_2p00_common_primary,P1 Ctop/Cbottom=2.00 common-primary proxy,top_primary,interface_4x,T03_P1_CAPACITANCE_RATIO,enabled_symmetric_teaching_top_stack,0.0,0.01,0.0,0.3,bottom_oxide,0.000475,0.0,4.75,0.0,0.0,
p1_ratio_2p00_common_primary,P1 Ctop/Cbottom=2.00 common-primary proxy,top_primary,interface_4x,T03_P1_CAPACITANCE_RATIO,enabled_symmetric_teaching_top_stack,0.0,0.01,0.0,0.3,bottom_oxide,0.000475,5.000000000000001e-07,4.75,5.000000000000001,0.007846826788043246,
p1_ratio_2p00_common_primary,P1 Ctop/Cbottom=2.00 common-primary proxy,top_primary,interface_4x,T03_P1_CAPACITANCE_RATIO,enabled_symmetric_teaching_top_stack,0.0,0.01,0.0,0.3,bottom_oxide,0.000475,1.0000000000000002e-06,4.75,10.000000000000002,0.01569365356437698,
p1_ratio_2p00_common_primary,P1 Ctop/Cbottom=2.00 common-primary proxy,top_primary,interface_4x,T03_P1_CAPACITANCE_RATIO,enabled_symmetric_teaching_top_stack,0.0,0.01,0.0,0.3,bottom_oxide,0.000475,1.5000000000000002e-06,4.75,15.000000000000002,0.02354048031729169,
p1_ratio_2p00_common_primary,P1 Ctop/Cbottom=2.00 common-primary proxy,top_primary,interface_4x,T03_P1_CAPACITANCE_RATIO,enabled_symmetric_teaching_top_stack,0.0,0.01,0.0,0.3,bottom_oxide,0.000475,2.0000000000000003e-06,4.75,20.000000000000004,0.03138730703507786,
p1_ratio_2p00_common_primary,P1 Ctop/Cbottom=2.00 common-primary proxy,top_primary,interface_4x,T03_P1_CAPACITANCE_RATIO,enabled_symmetric_teaching_top_stack,0.0,0.01,0.0,0.3,bottom_oxide,0.000475,2.1250000000000004e-06,4.75,21.250000000000004,0.03334901370720596,
p1_ratio_2p00_common_primary,P1 Ctop/Cbottom=2.00 common-primary proxy,top_primary,interface_4x,T03_P1_CAPACITANCE_RATIO,enabled_symmetric_teaching_top_stack,0.0,0.01,0.0,0.3,bottom_oxide,0.000475,2.2500000000000005e-06,4.75,22.500000000000004,0.035310720376223716,
p1_ratio_2p00_common_primary,P1 Ctop/Cbottom=2.00 common-primary proxy,top_primary,interface_4x,T03_P1_CAPACITANCE_RATIO,enabled_symmetric_teaching_top_stack,0.0,0.01,0.0,0.3,bottom_oxide,0.000475,2.375e-06,4.75,23.75,0.03727242704194817,
p1_ratio_2p00_common_primary,P1 Ctop/Cbottom=2.00 common-primary proxy,top_primary,interface_4x,T03_P1_CAPACITANCE_RATIO,enabled_symmetric_teaching_top_stack,0.0,0.01,0.0,0.3,bottom_oxide,0.000475,2.5e-06,4.75,25.000000000000004,0.039234133704196365,
p1_ratio_2p00_common_primary,P1 Ctop/Cbottom=2.00 common-primary proxy,top_primary,interface_4x,T03_P1_CAPACITANCE_RATIO,enabled_symmetric_teaching_top_stack,0.0,0.01,0.0,0.3,bottom_oxide,0.000475,2.6250000000000003e-06,4.75,26.250000000000004,0.04119584036278534,
p1_ratio_2p00_common_primary,P1 Ctop/Cbottom=2.00 common-primary proxy,top_primary,interface_4x,T03_P1_CAPACITANCE_RATIO,enabled_symmetric_teaching_top_stack,0.0,0.01,0.0,0.3,bottom_oxide,0.000475,2.75e-06,4.75,27.5,0.043157547017532126,
p1_ratio_2p00_common_primary,P1 Ctop/Cbottom=2.00 common-primary proxy,top_primary,interface_4x,T03_P1_CAPACITANCE_RATIO,enabled_symmetric_teaching_top_stack,0.0,0.01,0.0,0.3,bottom_oxide,0.000475,2.875e-06,4.75,28.75,0.04511925366825377,
p1_ratio_2p00_common_primary,P1 Ctop/Cbottom=2.00 common-primary proxy,top_primary,interface_4x,T03_P1_CAPACITANCE_RATIO,enabled_symmetric_teaching_top_stack,0.0,0.01,0.0,0.3,bottom_oxide,0.000475,3e-06,4.75,30.0,0.047080960314767314,
p1_ratio_2p00_common_primary,P1 Ctop/Cbottom=2.00 common-primary proxy,top_primary,interface_4x,T03_P1_CAPACITANCE_RATIO,enabled_symmetric_teaching_top_stack,0.0,0.01,0.0,0.3,bottom_oxide,0.0005,0.0,5.0,0.0,0.0,
p1_ratio_2p00_common_primary,P1 Ctop/Cbottom=2.00 common-primary proxy,top_primary,interface_4x,T03_P1_CAPACITANCE_RATIO,enabled_symmetric_teaching_top_stack,0.0,0.01,0.0,0.3,bottom_oxide,0.0005,5.000000000000001e-07,5.0,5.000000000000001,0.007873848975140658,
p1_ratio_2p00_common_primary,P1 Ctop/Cbottom=2.00 common-primary proxy,top_primary,interface_4x,T03_P1_CAPACITANCE_RATIO,enabled_symmetric_teaching_top_stack,0.0,0.01,0.0,0.3,bottom_oxide,0.0005,1.0000000000000002e-06,5.0,10.000000000000002,0.01574769793853332,
p1_ratio_2p00_common_primary,P1 Ctop/Cbottom=2.00 common-primary proxy,top_primary,interface_4x,T03_P1_CAPACITANCE_RATIO,enabled_symmetric_teaching_top_stack,0.0,0.01,0.0,0.3,bottom_oxide,0.0005,1.5000000000000002e-06,5.0,15.000000000000002,0.02362154687842999,
p1_ratio_2p00_common_primary,P1 Ctop/Cbottom=2.00 common-primary proxy,top_primary,interface_4x,T03_P1_CAPACITANCE_RATIO,enabled_symmetric_teaching_top_stack,0.0,0.01,0.0,0.3,bottom_oxide,0.0005,2.0000000000000003e-06,5.0,20.000000000000004,0.03149539578308267,
p1_ratio_2p00_common_primary,P1 Ctop/Cbottom=2.00 common-primary proxy,top_primary,interface_4x,T03_P1_CAPACITANCE_RATIO,enabled_symmetric_teaching_top_stack,0.0,0.01,0.0,0.3,bottom_oxide,0.0005,2.1250000000000004e-06,5.0,21.250000000000004,0.033463858001903345,
p1_ratio_2p00_common_primary,P1 Ctop/Cbottom=2.00 common-primary proxy,top_primary,interface_4x,T03_P1_CAPACITANCE_RATIO,enabled_symmetric_teaching_top_stack,0.0,0.01,0.0,0.3,bottom_oxide,0.0005,2.2500000000000005e-06,5.0,22.500000000000004,0.03543232021760345,
p1_ratio_2p00_common_primary,P1 Ctop/Cbottom=2.00 common-primary proxy,top_primary,interface_4x,T03_P1_CAPACITANCE_RATIO,enabled_symmetric_teaching_top_stack,0.0,0.01,0.0,0.3,bottom_oxide,0.0005,2.375e-06,5.0,23.75,0.03740078242999943,
p1_ratio_2p00_common_primary,P1 Ctop/Cbottom=2.00 common-primary proxy,top_primary,interface_4x,T03_P1_CAPACITANCE_RATIO,enabled_symmetric_teaching_top_stack,0.0,0.01,0.0,0.3,bottom_oxide,0.0005,2.5e-06,5.0,25.000000000000004,0.03936924463890774,
p1_ratio_2p00_common_primary,P1 Ctop/Cbottom=2.00 common-primary proxy,top_primary,interface_4x,T03_P1_CAPACITANCE_RATIO,enabled_symmetric_teaching_top_stack,0.0,0.01,0.0,0.3,bottom_oxide,0.0005,2.6250000000000003e-06,5.0,26.250000000000004,0.04133770684414479,
p1_ratio_2p00_common_primary,P1 Ctop/Cbottom=2.00 common-primary proxy,top_primary,interface_4x,T03_P1_CAPACITANCE_RATIO,enabled_symmetric_teaching_top_stack,0.0,0.01,0.0,0.3,bottom_oxide,0.0005,2.75e-06,5.0,27.5,0.043306169045527025,
p1_ratio_2p00_common_primary,P1 Ctop/Cbottom=2.00 common-primary proxy,top_primary,interface_4x,T03_P1_CAPACITANCE_RATIO,enabled_symmetric_teaching_top_stack,0.0,0.01,0.0,0.3,bottom_oxide,0.0005,2.875e-06,5.0,28.75,0.04527463124287089,
p1_ratio_2p00_common_primary,P1 Ctop/Cbottom=2.00 common-primary proxy,top_primary,interface_4x,T03_P1_CAPACITANCE_RATIO,enabled_symmetric_teaching_top_stack,0.0,0.01,0.0,0.3,bottom_oxide,0.0005,3e-06,5.0,30.0,0.047243093435992825,
p1_ratio_2p00_common_primary,P1 Ctop/Cbottom=2.00 common-primary proxy,top_primary,interface_4x,T03_P1_CAPACITANCE_RATIO,enabled_symmetric_teaching_top_stack,0.0,0.01,0.0,0.3,bottom_oxide,0.0005250000000000001,0.0,5.250000000000001,0.0,0.0,
p1_ratio_2p00_common_primary,P1 Ctop/Cbottom=2.00 common-primary proxy,top_primary,interface_4x,T03_P1_CAPACITANCE_RATIO,enabled_symmetric_teaching_top_stack,0.0,0.01,0.0,0.3,bottom_oxide,0.0005250000000000001,5.000000000000001e-07,5.250000000000001,5.000000000000001,0.007900900532228895,
p1_ratio_2p00_common_primary,P1 Ctop/Cbottom=2.00 common-primary proxy,top_primary,interface_4x,T03_P1_CAPACITANCE_RATIO,enabled_symmetric_teaching_top_stack,0.0,0.01,0.0,0.3,bottom_oxide,0.0005250000000000001,1.0000000000000002e-06,5.250000000000001,10.000000000000002,0.0158018010526711,
p1_ratio_2p00_common_primary,P1 Ctop/Cbottom=2.00 common-primary proxy,top_primary,interface_4x,T03_P1_CAPACITANCE_RATIO,enabled_symmetric_teaching_top_stack,0.0,0.01,0.0,0.3,bottom_oxide,0.0005250000000000001,1.5000000000000002e-06,5.250000000000001,15.000000000000002,0.023702701549539924,
p1_ratio_2p00_common_primary,P1 Ctop/Cbottom=2.00 common-primary proxy,top_primary,interface_4x,T03_P1_CAPACITANCE_RATIO,enabled_symmetric_teaching_top_stack,0.0,0.01,0.0,0.3,bottom_oxide,0.0005250000000000001,2.0000000000000003e-06,5.250000000000001,20.000000000000004,0.03160360201104868,
p1_ratio_2p00_common_primary,P1 Ctop/Cbottom=2.00 common-primary proxy,top_primary,interface_4x,T03_P1_CAPACITANCE_RATIO,enabled_symmetric_teaching_top_stack,0.0,0.01,0.0,0.3,bottom_oxide,0.0005250000000000001,2.1250000000000004e-06,5.250000000000001,21.250000000000004,0.033578827119059185,
p1_ratio_2p00_common_primary,P1 Ctop/Cbottom=2.00 common-primary proxy,top_primary,interface_4x,T03_P1_CAPACITANCE_RATIO,enabled_symmetric_teaching_top_stack,0.0,0.01,0.0,0.3,bottom_oxide,0.0005250000000000001,2.2500000000000005e-06,5.250000000000001,22.500000000000004,0.03555405222393885,
p1_ratio_2p00_common_primary,P1 Ctop/Cbottom=2.00 common-primary proxy,top_primary,interface_4x,T03_P1_CAPACITANCE_RATIO,enabled_symmetric_teaching_top_stack,0.0,0.01,0.0,0.3,bottom_oxide,0.0005250000000000001,2.375e-06,5.250000000000001,23.75,0.037529277325503506,
p1_ratio_2p00_common_primary,P1 Ctop/Cbottom=2.00 common-primary proxy,top_primary,interface_4x,T03_P1_CAPACITANCE_RATIO,enabled_symmetric_teaching_top_stack,0.0,0.01,0.0,0.3,bottom_oxide,0.0005250000000000001,2.5e-06,5.250000000000001,25.000000000000004,0.03950450242356899,
p1_ratio_2p00_common_primary,P1 Ctop/Cbottom=2.00 common-primary proxy,top_primary,interface_4x,T03_P1_CAPACITANCE_RATIO,enabled_symmetric_teaching_top_stack,0.0,0.01,0.0,0.3,bottom_oxide,0.0005250000000000001,2.6250000000000003e-06,5.250000000000001,26.250000000000004,0.041479727517951134,
p1_ratio_2p00_common_primary,P1 Ctop/Cbottom=2.00 common-primary proxy,top_primary,interface_4x,T03_P1_CAPACITANCE_RATIO,enabled_symmetric_teaching_top_stack,0.0,0.01,0.0,0.3,bottom_oxide,0.0005250000000000001,2.75e-06,5.250000000000001,27.5,0.04345495260846577,
p1_ratio_2p00_common_primary,P1 Ctop/Cbottom=2.00 common-primary proxy,top_primary,interface_4x,T03_P1_CAPACITANCE_RATIO,enabled_symmetric_teaching_top_stack,0.0,0.01,0.0,0.3,bottom_oxide,0.0005250000000000001,2.875e-06,5.250000000000001,28.75,0.045430177694928735,
p1_ratio_2p00_common_primary,P1 Ctop/Cbottom=2.00 common-primary proxy,top_primary,interface_4x,T03_P1_CAPACITANCE_RATIO,enabled_symmetric_teaching_top_stack,0.0,0.01,0.0,0.3,bottom_oxide,0.0005250000000000001,3e-06,5.250000000000001,30.0,0.04740540277715585,
p1_ratio_2p00_common_primary,P1 Ctop/Cbottom=2.00 common-primary proxy,top_primary,interface_4x,T03_P1_CAPACITANCE_RATIO,enabled_symmetric_teaching_top_stack,0.0,0.01,0.0,0.3,bottom_oxide,0.0005499999999999999,0.0,5.499999999999999,0.0,0.0,
p1_ratio_2p00_common_primary,P1 Ctop/Cbottom=2.00 common-primary proxy,top_primary,interface_4x,T03_P1_CAPACITANCE_RATIO,enabled_symmetric_teaching_top_stack,0.0,0.01,0.0,0.3,bottom_oxide,0.0005499999999999999,5.000000000000001e-07,5.499999999999999,5.000000000000001,0.007927981556045051,
p1_ratio_2p00_common_primary,P1 Ctop/Cbottom=2.00 common-primary proxy,top_primary,interface_4x,T03_P1_CAPACITANCE_RATIO,enabled_symmetric_teaching_top_stack,0.0,0.01,0.0,0.3,bottom_oxide,0.0005499999999999999,1.0000000000000002e-06,5.499999999999999,10.000000000000002,0.015855963100264502,
p1_ratio_2p00_common_primary,P1 Ctop/Cbottom=2.00 common-primary proxy,top_primary,interface_4x,T03_P1_CAPACITANCE_RATIO,enabled_symmetric_teaching_top_stack,0.0,0.01,0.0,0.3,bottom_oxide,0.0005499999999999999,1.5000000000000002e-06,5.499999999999999,15.000000000000002,0.023783944620832755,
p1_ratio_2p00_common_primary,P1 Ctop/Cbottom=2.00 common-primary proxy,top_primary,interface_4x,T03_P1_CAPACITANCE_RATIO,enabled_symmetric_teaching_top_stack,0.0,0.01,0.0,0.3,bottom_oxide,0.0005499999999999999,2.0000000000000003e-06,5.499999999999999,20.000000000000004,0.031711926105924215,
p1_ratio_2p00_common_primary,P1 Ctop/Cbottom=2.00 common-primary proxy,top_primary,interface_4x,T03_P1_CAPACITANCE_RATIO,enabled_symmetric_teaching_top_stack,0.0,0.01,0.0,0.3,bottom_oxide,0.0005499999999999999,2.1250000000000004e-06,5.499999999999999,21.250000000000004,0.03369392146980608,
p1_ratio_2p00_common_primary,P1 Ctop/Cbottom=2.00 common-primary proxy,top_primary,interface_4x,T03_P1_CAPACITANCE_RATIO,enabled_symmetric_teaching_top_stack,0.0,0.01,0.0,0.3,bottom_oxide,0.0005499999999999999,2.2500000000000005e-06,5.499999999999999,22.500000000000004,0.03567591683054677,
p1_ratio_2p00_common_primary,P1 Ctop/Cbottom=2.00 common-primary proxy,top_primary,interface_4x,T03_P1_CAPACITANCE_RATIO,enabled_symmetric_teaching_top_stack,0.0,0.01,0.0,0.3,bottom_oxide,0.0005499999999999999,2.375e-06,5.499999999999999,23.75,0.03765791218796151,
p1_ratio_2p00_common_primary,P1 Ctop/Cbottom=2.00 common-primary proxy,top_primary,interface_4x,T03_P1_CAPACITANCE_RATIO,enabled_symmetric_teaching_top_stack,0.0,0.01,0.0,0.3,bottom_oxide,0.0005499999999999999,2.5e-06,5.499999999999999,25.000000000000004,0.03963990754186553,
p1_ratio_2p00_common_primary,P1 Ctop/Cbottom=2.00 common-primary proxy,top_primary,interface_4x,T03_P1_CAPACITANCE_RATIO,enabled_symmetric_teaching_top_stack,0.0,0.01,0.0,0.3,bottom_oxide,0.0005499999999999999,2.6250000000000003e-06,5.499999999999999,26.250000000000004,0.04162190289207404,
p1_ratio_2p00_common_primary,P1 Ctop/Cbottom=2.00 common-primary proxy,top_primary,interface_4x,T03_P1_CAPACITANCE_RATIO,enabled_symmetric_teaching_top_stack,0.0,0.01,0.0,0.3,bottom_oxide,0.0005499999999999999,2.75e-06,5.499999999999999,27.5,0.04360389823840228,
p1_ratio_2p00_common_primary,P1 Ctop/Cbottom=2.00 common-primary proxy,top_primary,interface_4x,T03_P1_CAPACITANCE_RATIO,enabled_symmetric_teaching_top_stack,0.0,0.01,0.0,0.3,bottom_oxide,0.0005499999999999999,2.875e-06,5.499999999999999,28.75,0.045585893580665476,
p1_ratio_2p00_common_primary,P1 Ctop/Cbottom=2.00 common-primary proxy,top_primary,interface_4x,T03_P1_CAPACITANCE_RATIO,enabled_symmetric_teaching_top_stack,0.0,0.01,0.0,0.3,bottom_oxide,0.0005499999999999999,3e-06,5.499999999999999,30.0,0.047567888918678844,
p1_ratio_2p00_common_primary,P1 Ctop/Cbottom=2.00 common-primary proxy,top_primary,interface_4x,T03_P1_CAPACITANCE_RATIO,enabled_symmetric_teaching_top_stack,0.0,0.01,0.0,0.3,bottom_oxide,0.000575,0.0,5.75,0.0,0.0,
p1_ratio_2p00_common_primary,P1 Ctop/Cbottom=2.00 common-primary proxy,top_primary,interface_4x,T03_P1_CAPACITANCE_RATIO,enabled_symmetric_teaching_top_stack,0.0,0.01,0.0,0.3,bottom_oxide,0.000575,5.000000000000001e-07,5.75,5.000000000000001,0.007955092143858105,
p1_ratio_2p00_common_primary,P1 Ctop/Cbottom=2.00 common-primary proxy,top_primary,interface_4x,T03_P1_CAPACITANCE_RATIO,enabled_symmetric_teaching_top_stack,0.0,0.01,0.0,0.3,bottom_oxide,0.000575,1.0000000000000002e-06,5.75,10.000000000000002,0.01591018427585149,
p1_ratio_2p00_common_primary,P1 Ctop/Cbottom=2.00 common-primary proxy,top_primary,interface_4x,T03_P1_CAPACITANCE_RATIO,enabled_symmetric_teaching_top_stack,0.0,0.01,0.0,0.3,bottom_oxide,0.000575,1.5000000000000002e-06,5.75,15.000000000000002,0.02386527638411543,
p1_ratio_2p00_common_primary,P1 Ctop/Cbottom=2.00 common-primary proxy,top_primary,interface_4x,T03_P1_CAPACITANCE_RATIO,enabled_symmetric_teaching_top_stack,0.0,0.01,0.0,0.3,bottom_oxide,0.000575,2.0000000000000003e-06,5.75,20.000000000000004,0.031820368456785215,
p1_ratio_2p00_common_primary,P1 Ctop/Cbottom=2.00 common-primary proxy,top_primary,interface_4x,T03_P1_CAPACITANCE_RATIO,enabled_symmetric_teaching_top_stack,0.0,0.01,0.0,0.3,bottom_oxide,0.000575,2.1250000000000004e-06,5.75,21.250000000000004,0.03380914146753721,
p1_ratio_2p00_common_primary,P1 Ctop/Cbottom=2.00 common-primary proxy,top_primary,interface_4x,T03_P1_CAPACITANCE_RATIO,enabled_symmetric_teaching_top_stack,0.0,0.01,0.0,0.3,bottom_oxide,0.000575,2.2500000000000005e-06,5.75,22.500000000000004,0.03579791447513764,
p1_ratio_2p00_common_primary,P1 Ctop/Cbottom=2.00 common-primary proxy,top_primary,interface_4x,T03_P1_CAPACITANCE_RATIO,enabled_symmetric_teaching_top_stack,0.0,0.01,0.0,0.3,bottom_oxide,0.000575,2.375e-06,5.75,23.75,0.03778668747940111,
p1_ratio_2p00_common_primary,P1 Ctop/Cbottom=2.00 common-primary proxy,top_primary,interface_4x,T03_P1_CAPACITANCE_RATIO,enabled_symmetric_teaching_top_stack,0.0,0.01,0.0,0.3,bottom_oxide,0.000575,2.5e-06,5.75,25.000000000000004,0.039775460480142244,
p1_ratio_2p00_common_primary,P1 Ctop/Cbottom=2.00 common-primary proxy,top_primary,interface_4x,T03_P1_CAPACITANCE_RATIO,enabled_symmetric_teaching_top_stack,0.0,0.01,0.0,0.3,bottom_oxide,0.000575,2.6250000000000003e-06,5.75,26.250000000000004,0.04176423347717566,
p1_ratio_2p00_common_primary,P1 Ctop/Cbottom=2.00 common-primary proxy,top_primary,interface_4x,T03_P1_CAPACITANCE_RATIO,enabled_symmetric_teaching_top_stack,0.0,0.01,0.0,0.3,bottom_oxide,0.000575,2.75e-06,5.75,27.5,0.04375300647031595,
p1_ratio_2p00_common_primary,P1 Ctop/Cbottom=2.00 common-primary proxy,top_primary,interface_4x,T03_P1_CAPACITANCE_RATIO,enabled_symmetric_teaching_top_stack,0.0,0.01,0.0,0.3,bottom_oxide,0.000575,2.875e-06,5.75,28.75,0.045741779459377754,
p1_ratio_2p00_common_primary,P1 Ctop/Cbottom=2.00 common-primary proxy,top_primary,interface_4x,T03_P1_CAPACITANCE_RATIO,enabled_symmetric_teaching_top_stack,0.0,0.01,0.0,0.3,bottom_oxide,0.000575,3e-06,5.75,30.0,0.04773055244417568,
p1_ratio_2p00_common_primary,P1 Ctop/Cbottom=2.00 common-primary proxy,top_primary,interface_4x,T03_P1_CAPACITANCE_RATIO,enabled_symmetric_teaching_top_stack,0.0,0.01,0.0,0.3,bottom_oxide,0.0006000000000000001,0.0,6.000000000000001,0.0,0.0,
p1_ratio_2p00_common_primary,P1 Ctop/Cbottom=2.00 common-primary proxy,top_primary,interface_4x,T03_P1_CAPACITANCE_RATIO,enabled_symmetric_teaching_top_stack,0.0,0.01,0.0,0.3,bottom_oxide,0.0006000000000000001,5.000000000000001e-07,6.000000000000001,5.000000000000001,0.007982232393473062,
p1_ratio_2p00_common_primary,P1 Ctop/Cbottom=2.00 common-primary proxy,top_primary,interface_4x,T03_P1_CAPACITANCE_RATIO,enabled_symmetric_teaching_top_stack,0.0,0.01,0.0,0.3,bottom_oxide,0.0006000000000000001,1.0000000000000002e-06,6.000000000000001,10.000000000000002,0.01596446477504207,
p1_ratio_2p00_common_primary,P1 Ctop/Cbottom=2.00 common-primary proxy,top_primary,interface_4x,T03_P1_CAPACITANCE_RATIO,enabled_symmetric_teaching_top_stack,0.0,0.01,0.0,0.3,bottom_oxide,0.0006000000000000001,1.5000000000000002e-06,6.000000000000001,15.000000000000002,0.023946697132802956,
p1_ratio_2p00_common_primary,P1 Ctop/Cbottom=2.00 common-primary proxy,top_primary,interface_4x,T03_P1_CAPACITANCE_RATIO,enabled_symmetric_teaching_top_stack,0.0,0.01,0.0,0.3,bottom_oxide,0.0006000000000000001,2.0000000000000003e-06,6.000000000000001,20.000000000000004,0.03192892945485167,
p1_ratio_2p00_common_primary,P1 Ctop/Cbottom=2.00 common-primary proxy,top_primary,interface_4x,T03_P1_CAPACITANCE_RATIO,enabled_symmetric_teaching_top_stack,0.0,0.01,0.0,0.3,bottom_oxide,0.0006000000000000001,2.1250000000000004e-06,6.000000000000001,21.250000000000004,0.03392448752792381,
p1_ratio_2p00_common_primary,P1 Ctop/Cbottom=2.00 common-primary proxy,top_primary,interface_4x,T03_P1_CAPACITANCE_RATIO,enabled_symmetric_teaching_top_stack,0.0,0.01,0.0,0.3,bottom_oxide,0.0006000000000000001,2.2500000000000005e-06,6.000000000000001,22.500000000000004,0.03592004559783394,
p1_ratio_2p00_common_primary,P1 Ctop/Cbottom=2.00 common-primary proxy,top_primary,interface_4x,T03_P1_CAPACITANCE_RATIO,enabled_symmetric_teaching_top_stack,0.0,0.01,0.0,0.3,bottom_oxide,0.0006000000000000001,2.375e-06,6.000000000000001,23.75,0.037915603664396044,
p1_ratio_2p00_common_primary,P1 Ctop/Cbottom=2.00 common-primary proxy,top_primary,interface_4x,T03_P1_CAPACITANCE_RATIO,enabled_symmetric_teaching_top_stack,0.0,0.01,0.0,0.3,bottom_oxide,0.0006000000000000001,2.5e-06,6.000000000000001,25.000000000000004,0.039911161727424135,
p1_ratio_2p00_common_primary,P1 Ctop/Cbottom=2.00 common-primary proxy,top_primary,interface_4x,T03_P1_CAPACITANCE_RATIO,enabled_symmetric_teaching_top_stack,0.0,0.01,0.0,0.3,bottom_oxide,0.0006000000000000001,2.6250000000000003e-06,6.000000000000001,26.250000000000004,0.04190671978673221,
p1_ratio_2p00_common_primary,P1 Ctop/Cbottom=2.00 common-primary proxy,top_primary,interface_4x,T03_P1_CAPACITANCE_RATIO,enabled_symmetric_teaching_top_stack,0.0,0.01,0.0,0.3,bottom_oxide,0.0006000000000000001,2.75e-06,6.000000000000001,27.5,0.043902277842134255,
p1_ratio_2p00_common_primary,P1 Ctop/Cbottom=2.00 common-primary proxy,top_primary,interface_4x,T03_P1_CAPACITANCE_RATIO,enabled_symmetric_teaching_top_stack,0.0,0.01,0.0,0.3,bottom_oxide,0.0006000000000000001,2.875e-06,6.000000000000001,28.75,0.04589783589344429,
p1_ratio_2p00_common_primary,P1 Ctop/Cbottom=2.00 common-primary proxy,top_primary,interface_4x,T03_P1_CAPACITANCE_RATIO,enabled_symmetric_teaching_top_stack,0.0,0.01,0.0,0.3,bottom_oxide,0.0006000000000000001,3e-06,6.000000000000001,30.0,0.04789339394047631,
p1_ratio_2p00_common_primary,P1 Ctop/Cbottom=2.00 common-primary proxy,top_primary,interface_4x,T03_P1_CAPACITANCE_RATIO,enabled_symmetric_teaching_top_stack,0.0,0.01,0.0,0.3,bottom_oxide,0.000625,0.0,6.25,0.0,0.0,
p1_ratio_2p00_common_primary,P1 Ctop/Cbottom=2.00 common-primary proxy,top_primary,interface_4x,T03_P1_CAPACITANCE_RATIO,enabled_symmetric_teaching_top_stack,0.0,0.01,0.0,0.3,bottom_oxide,0.000625,5.000000000000001e-07,6.25,5.000000000000001,0.008009402403235083,
p1_ratio_2p00_common_primary,P1 Ctop/Cbottom=2.00 common-primary proxy,top_primary,interface_4x,T03_P1_CAPACITANCE_RATIO,enabled_symmetric_teaching_top_stack,0.0,0.01,0.0,0.3,bottom_oxide,0.000625,1.0000000000000002e-06,6.25,10.000000000000002,0.016018804794526553,
p1_ratio_2p00_common_primary,P1 Ctop/Cbottom=2.00 common-primary proxy,top_primary,interface_4x,T03_P1_CAPACITANCE_RATIO,enabled_symmetric_teaching_top_stack,0.0,0.01,0.0,0.3,bottom_oxide,0.000625,1.5000000000000002e-06,6.25,15.000000000000002,0.024028207161930795,
p1_ratio_2p00_common_primary,P1 Ctop/Cbottom=2.00 common-primary proxy,top_primary,interface_4x,T03_P1_CAPACITANCE_RATIO,enabled_symmetric_teaching_top_stack,0.0,0.01,0.0,0.3,bottom_oxide,0.000625,2.0000000000000003e-06,6.25,20.000000000000004,0.03203760949350419,
p1_ratio_2p00_common_primary,P1 Ctop/Cbottom=2.00 common-primary proxy,top_primary,interface_4x,T03_P1_CAPACITANCE_RATIO,enabled_symmetric_teaching_top_stack,0.0,0.01,0.0,0.3,bottom_oxide,0.000625,2.1250000000000004e-06,6.25,21.250000000000004,0.03403996006893278,
p1_ratio_2p00_common_primary,P1 Ctop/Cbottom=2.00 common-primary proxy,top_primary,interface_4x,T03_P1_CAPACITANCE_RATIO,enabled_symmetric_teaching_top_stack,0.0,0.01,0.0,0.3,bottom_oxide,0.000625,2.2500000000000005e-06,6.25,22.500000000000004,0.036042310641188846,
p1_ratio_2p00_common_primary,P1 Ctop/Cbottom=2.00 common-primary proxy,top_primary,interface_4x,T03_P1_CAPACITANCE_RATIO,enabled_symmetric_teaching_top_stack,0.0,0.01,0.0,0.3,bottom_oxide,0.000625,2.375e-06,6.25,23.75,0.03804466121008577,
p1_ratio_2p00_common_primary,P1 Ctop/Cbottom=2.00 common-primary proxy,top_primary,interface_4x,T03_P1_CAPACITANCE_RATIO,enabled_symmetric_teaching_top_stack,0.0,0.01,0.0,0.3,bottom_oxide,0.000625,2.5e-06,6.25,25.000000000000004,0.04004701177543694,
p1_ratio_2p00_common_primary,P1 Ctop/Cbottom=2.00 common-primary proxy,top_primary,interface_4x,T03_P1_CAPACITANCE_RATIO,enabled_symmetric_teaching_top_stack,0.0,0.01,0.0,0.3,bottom_oxide,0.000625,2.6250000000000003e-06,6.25,26.250000000000004,0.04204936233705572,
p1_ratio_2p00_common_primary,P1 Ctop/Cbottom=2.00 common-primary proxy,top_primary,interface_4x,T03_P1_CAPACITANCE_RATIO,enabled_symmetric_teaching_top_stack,0.0,0.01,0.0,0.3,bottom_oxide,0.000625,2.75e-06,6.25,27.5,0.044051712894755506,
p1_ratio_2p00_common_primary,P1 Ctop/Cbottom=2.00 common-primary proxy,top_primary,interface_4x,T03_P1_CAPACITANCE_RATIO,enabled_symmetric_teaching_top_stack,0.0,0.01,0.0,0.3,bottom_oxide,0.000625,2.875e-06,6.25,28.75,0.046054063448349676,
p1_ratio_2p00_common_primary,P1 Ctop/Cbottom=2.00 common-primary proxy,top_primary,interface_4x,T03_P1_CAPACITANCE_RATIO,enabled_symmetric_teaching_top_stack,0.0,0.01,0.0,0.3,bottom_oxide,0.000625,3e-06,6.25,30.0,0.04805641399765161,
p1_ratio_2p00_common_primary,P1 Ctop/Cbottom=2.00 common-primary proxy,top_primary,interface_4x,T03_P1_CAPACITANCE_RATIO,enabled_symmetric_teaching_top_stack,0.0,0.01,0.0,0.3,bottom_oxide,0.0006500000000000001,0.0,6.500000000000001,0.0,0.0,
p1_ratio_2p00_common_primary,P1 Ctop/Cbottom=2.00 common-primary proxy,top_primary,interface_4x,T03_P1_CAPACITANCE_RATIO,enabled_symmetric_teaching_top_stack,0.0,0.01,0.0,0.3,bottom_oxide,0.0006500000000000001,5.000000000000001e-07,6.500000000000001,5.000000000000001,0.008036602272033658,
p1_ratio_2p00_common_primary,P1 Ctop/Cbottom=2.00 common-primary proxy,top_primary,interface_4x,T03_P1_CAPACITANCE_RATIO,enabled_symmetric_teaching_top_stack,0.0,0.01,0.0,0.3,bottom_oxide,0.0006500000000000001,1.0000000000000002e-06,6.500000000000001,10.000000000000002,0.016073204532083926,
p1_ratio_2p00_common_primary,P1 Ctop/Cbottom=2.00 common-primary proxy,top_primary,interface_4x,T03_P1_CAPACITANCE_RATIO,enabled_symmetric_teaching_top_stack,0.0,0.01,0.0,0.3,bottom_oxide,0.0006500000000000001,1.5000000000000002e-06,6.500000000000001,15.000000000000002,0.024109806768167413,
p1_ratio_2p00_common_primary,P1 Ctop/Cbottom=2.00 common-primary proxy,top_primary,interface_4x,T03_P1_CAPACITANCE_RATIO,enabled_symmetric_teaching_top_stack,0.0,0.01,0.0,0.3,bottom_oxide,0.0006500000000000001,2.0000000000000003e-06,6.500000000000001,20.000000000000004,0.03214640896830073,
p1_ratio_2p00_common_primary,P1 Ctop/Cbottom=2.00 common-primary proxy,top_primary,interface_4x,T03_P1_CAPACITANCE_RATIO,enabled_symmetric_teaching_top_stack,0.0,0.01,0.0,0.3,bottom_oxide,0.0006500000000000001,2.1250000000000004e-06,6.500000000000001,21.250000000000004,0.034155559510844445,
p1_ratio_2p00_common_primary,P1 Ctop/Cbottom=2.00 common-primary proxy,top_primary,interface_4x,T03_P1_CAPACITANCE_RATIO,enabled_symmetric_teaching_top_stack,0.0,0.01,0.0,0.3,bottom_oxide,0.0006500000000000001,2.2500000000000005e-06,6.500000000000001,22.500000000000004,0.036164710050205065,
p1_ratio_2p00_common_primary,P1 Ctop/Cbottom=2.00 common-primary proxy,top_primary,interface_4x,T03_P1_CAPACITANCE_RATIO,enabled_symmetric_teaching_top_stack,0.0,0.01,0.0,0.3,bottom_oxide,0.0006500000000000001,2.375e-06,6.500000000000001,23.75,0.03817386058619535,
p1_ratio_2p00_common_primary,P1 Ctop/Cbottom=2.00 common-primary proxy,top_primary,interface_4x,T03_P1_CAPACITANCE_RATIO,enabled_symmetric_teaching_top_stack,0.0,0.01,0.0,0.3,bottom_oxide,0.0006500000000000001,2.5e-06,6.500000000000001,25.000000000000004,0.040183011118628084,
p1_ratio_2p00_common_primary,P1 Ctop/Cbottom=2.00 common-primary proxy,top_primary,interface_4x,T03_P1_CAPACITANCE_RATIO,enabled_symmetric_teaching_top_stack,0.0,0.01,0.0,0.3,bottom_oxide,0.0006500000000000001,2.6250000000000003e-06,6.500000000000001,26.250000000000004,0.042192161647316,
p1_ratio_2p00_common_primary,P1 Ctop/Cbottom=2.00 common-primary proxy,top_primary,interface_4x,T03_P1_CAPACITANCE_RATIO,enabled_symmetric_teaching_top_stack,0.0,0.01,0.0,0.3,bottom_oxide,0.0006500000000000001,2.75e-06,6.500000000000001,27.5,0.04420131217207186,
p1_ratio_2p00_common_primary,P1 Ctop/Cbottom=2.00 common-primary proxy,top_primary,interface_4x,T03_P1_CAPACITANCE_RATIO,enabled_symmetric_teaching_top_stack,0.0,0.01,0.0,0.3,bottom_oxide,0.0006500000000000001,2.875e-06,6.500000000000001,28.75,0.04621046269270844,
p1_ratio_2p00_common_primary,P1 Ctop/Cbottom=2.00 common-primary proxy,top_primary,interface_4x,T03_P1_CAPACITANCE_RATIO,enabled_symmetric_teaching_top_stack,0.0,0.01,0.0,0.3,bottom_oxide,0.0006500000000000001,3e-06,6.500000000000001,30.0,0.04821961320903848,
p1_ratio_2p00_common_primary,P1 Ctop/Cbottom=2.00 common-primary proxy,top_primary,interface_4x,T03_P1_CAPACITANCE_RATIO,enabled_symmetric_teaching_top_stack,0.0,0.01,0.0,0.3,bottom_oxide,0.000675,0.0,6.75,0.0,0.0,
p1_ratio_2p00_common_primary,P1 Ctop/Cbottom=2.00 common-primary proxy,top_primary,interface_4x,T03_P1_CAPACITANCE_RATIO,enabled_symmetric_teaching_top_stack,0.0,0.01,0.0,0.3,bottom_oxide,0.000675,5.000000000000001e-07,6.75,5.000000000000001,0.008063832099306837,
p1_ratio_2p00_common_primary,P1 Ctop/Cbottom=2.00 common-primary proxy,top_primary,interface_4x,T03_P1_CAPACITANCE_RATIO,enabled_symmetric_teaching_top_stack,0.0,0.01,0.0,0.3,bottom_oxide,0.000675,1.0000000000000002e-06,6.75,10.000000000000002,0.016127664186590288,
p1_ratio_2p00_common_primary,P1 Ctop/Cbottom=2.00 common-primary proxy,top_primary,interface_4x,T03_P1_CAPACITANCE_RATIO,enabled_symmetric_teaching_top_stack,0.0,0.01,0.0,0.3,bottom_oxide,0.000675,1.5000000000000002e-06,6.75,15.000000000000002,0.024191496249826965,
p1_ratio_2p00_common_primary,P1 Ctop/Cbottom=2.00 common-primary proxy,top_primary,interface_4x,T03_P1_CAPACITANCE_RATIO,enabled_symmetric_teaching_top_stack,0.0,0.01,0.0,0.3,bottom_oxide,0.000675,2.0000000000000003e-06,6.75,20.000000000000004,0.032255328276993483,
p1_ratio_2p00_common_primary,P1 Ctop/Cbottom=2.00 common-primary proxy,top_primary,interface_4x,T03_P1_CAPACITANCE_RATIO,enabled_symmetric_teaching_top_stack,0.0,0.01,0.0,0.3,bottom_oxide,0.000675,2.1250000000000004e-06,6.75,21.250000000000004,0.034271286276270505,
p1_ratio_2p00_common_primary,P1 Ctop/Cbottom=2.00 common-primary proxy,top_primary,interface_4x,T03_P1_CAPACITANCE_RATIO,enabled_symmetric_teaching_top_stack,0.0,0.01,0.0,0.3,bottom_oxide,0.000675,2.2500000000000005e-06,6.75,22.500000000000004,0.0362872442723538,
p1_ratio_2p00_common_primary,P1 Ctop/Cbottom=2.00 common-primary proxy,top_primary,interface_4x,T03_P1_CAPACITANCE_RATIO,enabled_symmetric_teaching_top_stack,0.0,0.01,0.0,0.3,bottom_oxide,0.000675,2.375e-06,6.75,23.75,0.03830320226505552,
p1_ratio_2p00_common_primary,P1 Ctop/Cbottom=2.00 common-primary proxy,top_primary,interface_4x,T03_P1_CAPACITANCE_RATIO,enabled_symmetric_teaching_top_stack,0.0,0.01,0.0,0.3,bottom_oxide,0.000675,2.5e-06,6.75,25.000000000000004,0.04031916025418781,
p1_ratio_2p00_common_primary,P1 Ctop/Cbottom=2.00 common-primary proxy,top_primary,interface_4x,T03_P1_CAPACITANCE_RATIO,enabled_symmetric_teaching_top_stack,0.0,0.01,0.0,0.3,bottom_oxide,0.000675,2.6250000000000003e-06,6.75,26.250000000000004,0.04233511823956278,
p1_ratio_2p00_common_primary,P1 Ctop/Cbottom=2.00 common-primary proxy,top_primary,interface_4x,T03_P1_CAPACITANCE_RATIO,enabled_symmetric_teaching_top_stack,0.0,0.01,0.0,0.3,bottom_oxide,0.000675,2.75e-06,6.75,27.5,0.044351076220992575,
p1_ratio_2p00_common_primary,P1 Ctop/Cbottom=2.00 common-primary proxy,top_primary,interface_4x,T03_P1_CAPACITANCE_RATIO,enabled_symmetric_teaching_top_stack,0.0,0.01,0.0,0.3,bottom_oxide,0.000675,2.875e-06,6.75,28.75,0.04636703419828934,
p1_ratio_2p00_common_primary,P1 Ctop/Cbottom=2.00 common-primary proxy,top_primary,interface_4x,T03_P1_CAPACITANCE_RATIO,enabled_symmetric_teaching_top_stack,0.0,0.01,0.0,0.3,bottom_oxide,0.000675,3e-06,6.75,30.0,0.048382992171265196,
p1_ratio_2p00_common_primary,P1 Ctop/Cbottom=2.00 common-primary proxy,top_primary,interface_4x,T03_P1_CAPACITANCE_RATIO,enabled_symmetric_teaching_top_stack,0.0,0.01,0.0,0.3,bottom_oxide,0.0007,0.0,7.0,0.0,0.0,
p1_ratio_2p00_common_primary,P1 Ctop/Cbottom=2.00 common-primary proxy,top_primary,interface_4x,T03_P1_CAPACITANCE_RATIO,enabled_symmetric_teaching_top_stack,0.0,0.01,0.0,0.3,bottom_oxide,0.0007,5.000000000000001e-07,7.0,5.000000000000001,0.008091091985045512,
p1_ratio_2p00_common_primary,P1 Ctop/Cbottom=2.00 common-primary proxy,top_primary,interface_4x,T03_P1_CAPACITANCE_RATIO,enabled_symmetric_teaching_top_stack,0.0,0.01,0.0,0.3,bottom_oxide,0.0007,1.0000000000000002e-06,7.0,10.000000000000002,0.016182183958027417,
p1_ratio_2p00_common_primary,P1 Ctop/Cbottom=2.00 common-primary proxy,top_primary,interface_4x,T03_P1_CAPACITANCE_RATIO,enabled_symmetric_teaching_top_stack,0.0,0.01,0.0,0.3,bottom_oxide,0.0007,1.5000000000000002e-06,7.0,15.000000000000002,0.02427327590688211,
p1_ratio_2p00_common_primary,P1 Ctop/Cbottom=2.00 common-primary proxy,top_primary,interface_4x,T03_P1_CAPACITANCE_RATIO,enabled_symmetric_teaching_top_stack,0.0,0.01,0.0,0.3,bottom_oxide,0.0007,2.0000000000000003e-06,7.0,20.000000000000004,0.03236436781954599,
p1_ratio_2p00_common_primary,P1 Ctop/Cbottom=2.00 common-primary proxy,top_primary,interface_4x,T03_P1_CAPACITANCE_RATIO,enabled_symmetric_teaching_top_stack,0.0,0.01,0.0,0.3,bottom_oxide,0.0007,2.1250000000000004e-06,7.0,21.250000000000004,0.03438714079017221,
p1_ratio_2p00_common_primary,P1 Ctop/Cbottom=2.00 common-primary proxy,top_primary,interface_4x,T03_P1_CAPACITANCE_RATIO,enabled_symmetric_teaching_top_stack,0.0,0.01,0.0,0.3,bottom_oxide,0.0007,2.2500000000000005e-06,7.0,22.500000000000004,0.03640991375759403,
p1_ratio_2p00_common_primary,P1 Ctop/Cbottom=2.00 common-primary proxy,top_primary,interface_4x,T03_P1_CAPACITANCE_RATIO,enabled_symmetric_teaching_top_stack,0.0,0.01,0.0,0.3,bottom_oxide,0.0007,2.375e-06,7.0,23.75,0.038432686721622956,
p1_ratio_2p00_common_primary,P1 Ctop/Cbottom=2.00 common-primary proxy,top_primary,interface_4x,T03_P1_CAPACITANCE_RATIO,enabled_symmetric_teaching_top_stack,0.0,0.01,0.0,0.3,bottom_oxide,0.0007,2.5e-06,7.0,25.000000000000004,0.0404554596820705,
p1_ratio_2p00_common_primary,P1 Ctop/Cbottom=2.00 common-primary proxy,top_primary,interface_4x,T03_P1_CAPACITANCE_RATIO,enabled_symmetric_teaching_top_stack,0.0,0.01,0.0,0.3,bottom_oxide,0.0007,2.6250000000000003e-06,7.0,26.250000000000004,0.04247823263874818,
p1_ratio_2p00_common_primary,P1 Ctop/Cbottom=2.00 common-primary proxy,top_primary,interface_4x,T03_P1_CAPACITANCE_RATIO,enabled_symmetric_teaching_top_stack,0.0,0.01,0.0,0.3,bottom_oxide,0.0007,2.75e-06,7.0,27.5,0.044501005591467475,
p1_ratio_2p00_common_primary,P1 Ctop/Cbottom=2.00 common-primary proxy,top_primary,interface_4x,T03_P1_CAPACITANCE_RATIO,enabled_symmetric_teaching_top_stack,0.0,0.01,0.0,0.3,bottom_oxide,0.0007,2.875e-06,7.0,28.75,0.04652377854003992,
p1_ratio_2p00_common_primary,P1 Ctop/Cbottom=2.00 common-primary proxy,top_primary,interface_4x,T03_P1_CAPACITANCE_RATIO,enabled_symmetric_teaching_top_stack,0.0,0.01,0.0,0.3,bottom_oxide,0.0007,3e-06,7.0,30.0,0.048546551484277,
p1_ratio_2p00_common_primary,P1 Ctop/Cbottom=2.00 common-primary proxy,top_primary,interface_4x,T03_P1_CAPACITANCE_RATIO,enabled_symmetric_teaching_top_stack,0.0,0.01,0.0,0.3,bottom_oxide,0.0007250000000000001,0.0,7.250000000000001,0.0,0.0,
p1_ratio_2p00_common_primary,P1 Ctop/Cbottom=2.00 common-primary proxy,top_primary,interface_4x,T03_P1_CAPACITANCE_RATIO,enabled_symmetric_teaching_top_stack,0.0,0.01,0.0,0.3,bottom_oxide,0.0007250000000000001,5.000000000000001e-07,7.250000000000001,5.000000000000001,0.008118382029797708,
p1_ratio_2p00_common_primary,P1 Ctop/Cbottom=2.00 common-primary proxy,top_primary,interface_4x,T03_P1_CAPACITANCE_RATIO,enabled_symmetric_teaching_top_stack,0.0,0.01,0.0,0.3,bottom_oxide,0.0007250000000000001,1.0000000000000002e-06,7.250000000000001,10.000000000000002,0.016236764047491366,
p1_ratio_2p00_common_primary,P1 Ctop/Cbottom=2.00 common-primary proxy,top_primary,interface_4x,T03_P1_CAPACITANCE_RATIO,enabled_symmetric_teaching_top_stack,0.0,0.01,0.0,0.3,bottom_oxide,0.0007250000000000001,1.5000000000000002e-06,7.250000000000001,15.000000000000002,0.024355146040976928,
p1_ratio_2p00_common_primary,P1 Ctop/Cbottom=2.00 common-primary proxy,top_primary,interface_4x,T03_P1_CAPACITANCE_RATIO,enabled_symmetric_teaching_top_stack,0.0,0.01,0.0,0.3,bottom_oxide,0.0007250000000000001,2.0000000000000003e-06,7.250000000000001,20.000000000000004,0.03247352799815034,
p1_ratio_2p00_common_primary,P1 Ctop/Cbottom=2.00 common-primary proxy,top_primary,interface_4x,T03_P1_CAPACITANCE_RATIO,enabled_symmetric_teaching_top_stack,0.0,0.01,0.0,0.3,bottom_oxide,0.0007250000000000001,2.1250000000000004e-06,7.250000000000001,21.250000000000004,0.03450312347987866,
p1_ratio_2p00_common_primary,P1 Ctop/Cbottom=2.00 common-primary proxy,top_primary,interface_4x,T03_P1_CAPACITANCE_RATIO,enabled_symmetric_teaching_top_stack,0.0,0.01,0.0,0.3,bottom_oxide,0.0007250000000000001,2.2500000000000005e-06,7.250000000000001,22.500000000000004,0.03653271895839185,
p1_ratio_2p00_common_primary,P1 Ctop/Cbottom=2.00 common-primary proxy,top_primary,interface_4x,T03_P1_CAPACITANCE_RATIO,enabled_symmetric_teaching_top_stack,0.0,0.01,0.0,0.3,bottom_oxide,0.0007250000000000001,2.375e-06,7.250000000000001,23.75,0.03856231443350076,
p1_ratio_2p00_common_primary,P1 Ctop/Cbottom=2.00 common-primary proxy,top_primary,interface_4x,T03_P1_CAPACITANCE_RATIO,enabled_symmetric_teaching_top_stack,0.0,0.01,0.0,0.3,bottom_oxide,0.0007250000000000001,2.5e-06,7.250000000000001,25.000000000000004,0.040591909905016293,
p1_ratio_2p00_common_primary,P1 Ctop/Cbottom=2.00 common-primary proxy,top_primary,interface_4x,T03_P1_CAPACITANCE_RATIO,enabled_symmetric_teaching_top_stack,0.0,0.01,0.0,0.3,bottom_oxide,0.0007250000000000001,2.6250000000000003e-06,7.250000000000001,26.250000000000004,0.042621505372749315,
p1_ratio_2p00_common_primary,P1 Ctop/Cbottom=2.00 common-primary proxy,top_primary,interface_4x,T03_P1_CAPACITANCE_RATIO,enabled_symmetric_teaching_top_stack,0.0,0.01,0.0,0.3,bottom_oxide,0.0007250000000000001,2.75e-06,7.250000000000001,27.5,0.04465110083651068,
p1_ratio_2p00_common_primary,P1 Ctop/Cbottom=2.00 common-primary proxy,top_primary,interface_4x,T03_P1_CAPACITANCE_RATIO,enabled_symmetric_teaching_top_stack,0.0,0.01,0.0,0.3,bottom_oxide,0.0007250000000000001,2.875e-06,7.250000000000001,28.75,0.04668069629611129,
p1_ratio_2p00_common_primary,P1 Ctop/Cbottom=2.00 common-primary proxy,top_primary,interface_4x,T03_P1_CAPACITANCE_RATIO,enabled_symmetric_teaching_top_stack,0.0,0.01,0.0,0.3,bottom_oxide,0.0007250000000000001,3e-06,7.250000000000001,30.0,0.048710291751362,
p1_ratio_2p00_common_primary,P1 Ctop/Cbottom=2.00 common-primary proxy,top_primary,interface_4x,T03_P1_CAPACITANCE_RATIO,enabled_symmetric_teaching_top_stack,0.0,0.01,0.0,0.3,bottom_oxide,0.00075,0.0,7.5,0.0,0.0,
p1_ratio_2p00_common_primary,P1 Ctop/Cbottom=2.00 common-primary proxy,top_primary,interface_4x,T03_P1_CAPACITANCE_RATIO,enabled_symmetric_teaching_top_stack,0.0,0.01,0.0,0.3,bottom_oxide,0.00075,5.000000000000001e-07,7.5,5.000000000000001,0.008145702334672949,
p1_ratio_2p00_common_primary,P1 Ctop/Cbottom=2.00 common-primary proxy,top_primary,interface_4x,T03_P1_CAPACITANCE_RATIO,enabled_symmetric_teaching_top_stack,0.0,0.01,0.0,0.3,bottom_oxide,0.00075,1.0000000000000002e-06,7.5,10.000000000000002,0.016291404657201178,
p1_ratio_2p00_common_primary,P1 Ctop/Cbottom=2.00 common-primary proxy,top_primary,interface_4x,T03_P1_CAPACITANCE_RATIO,enabled_symmetric_teaching_top_stack,0.0,0.01,0.0,0.3,bottom_oxide,0.00075,1.5000000000000002e-06,7.5,15.000000000000002,0.024437106955439967,
p1_ratio_2p00_common_primary,P1 Ctop/Cbottom=2.00 common-primary proxy,top_primary,interface_4x,T03_P1_CAPACITANCE_RATIO,enabled_symmetric_teaching_top_stack,0.0,0.01,0.0,0.3,bottom_oxide,0.00075,2.0000000000000003e-06,7.5,20.000000000000004,0.0325828092172446,
p1_ratio_2p00_common_primary,P1 Ctop/Cbottom=2.00 common-primary proxy,top_primary,interface_4x,T03_P1_CAPACITANCE_RATIO,enabled_symmetric_teaching_top_stack,0.0,0.01,0.0,0.3,bottom_oxide,0.00075,2.1250000000000004e-06,7.5,21.250000000000004,0.03461923477510531,
p1_ratio_2p00_common_primary,P1 Ctop/Cbottom=2.00 common-primary proxy,top_primary,interface_4x,T03_P1_CAPACITANCE_RATIO,enabled_symmetric_teaching_top_stack,0.0,0.01,0.0,0.3,bottom_oxide,0.00075,2.2500000000000005e-06,7.5,22.500000000000004,0.03665566032974008,
p1_ratio_2p00_common_primary,P1 Ctop/Cbottom=2.00 common-primary proxy,top_primary,interface_4x,T03_P1_CAPACITANCE_RATIO,enabled_symmetric_teaching_top_stack,0.0,0.01,0.0,0.3,bottom_oxide,0.00075,2.375e-06,7.5,23.75,0.03869208588095914,
p1_ratio_2p00_common_primary,P1 Ctop/Cbottom=2.00 common-primary proxy,top_primary,interface_4x,T03_P1_CAPACITANCE_RATIO,enabled_symmetric_teaching_top_stack,0.0,0.01,0.0,0.3,bottom_oxide,0.00075,2.5e-06,7.5,25.000000000000004,0.04072851142857274,
p1_ratio_2p00_common_primary,P1 Ctop/Cbottom=2.00 common-primary proxy,top_primary,interface_4x,T03_P1_CAPACITANCE_RATIO,enabled_symmetric_teaching_top_stack,0.0,0.01,0.0,0.3,bottom_oxide,0.00075,2.6250000000000003e-06,7.5,26.250000000000004,0.04276493697239112,
p1_ratio_2p00_common_primary,P1 Ctop/Cbottom=2.00 common-primary proxy,top_primary,interface_4x,T03_P1_CAPACITANCE_RATIO,enabled_symmetric_teaching_top_stack,0.0,0.01,0.0,0.3,bottom_oxide,0.00075,2.75e-06,7.5,27.5,0.04480136251222451,
p1_ratio_2p00_common_primary,P1 Ctop/Cbottom=2.00 common-primary proxy,top_primary,interface_4x,T03_P1_CAPACITANCE_RATIO,enabled_symmetric_teaching_top_stack,0.0,0.01,0.0,0.3,bottom_oxide,0.00075,2.875e-06,7.5,28.75,0.046837788047883154,
p1_ratio_2p00_common_primary,P1 Ctop/Cbottom=2.00 common-primary proxy,top_primary,interface_4x,T03_P1_CAPACITANCE_RATIO,enabled_symmetric_teaching_top_stack,0.0,0.01,0.0,0.3,bottom_oxide,0.00075,3e-06,7.5,30.0,0.04887421357917729,
p1_ratio_2p00_common_primary,P1 Ctop/Cbottom=2.00 common-primary proxy,top_primary,interface_4x,T03_P1_CAPACITANCE_RATIO,enabled_symmetric_teaching_top_stack,0.0,0.01,0.0,0.3,bottom_oxide,0.000775,0.0,7.75,0.0,0.0,
p1_ratio_2p00_common_primary,P1 Ctop/Cbottom=2.00 common-primary proxy,top_primary,interface_4x,T03_P1_CAPACITANCE_RATIO,enabled_symmetric_teaching_top_stack,0.0,0.01,0.0,0.3,bottom_oxide,0.000775,5.000000000000001e-07,7.75,5.000000000000001,0.008173053001346655,
p1_ratio_2p00_common_primary,P1 Ctop/Cbottom=2.00 common-primary proxy,top_primary,interface_4x,T03_P1_CAPACITANCE_RATIO,enabled_symmetric_teaching_top_stack,0.0,0.01,0.0,0.3,bottom_oxide,0.000775,1.0000000000000002e-06,7.75,10.000000000000002,0.016346105990507693,
p1_ratio_2p00_common_primary,P1 Ctop/Cbottom=2.00 common-primary proxy,top_primary,interface_4x,T03_P1_CAPACITANCE_RATIO,enabled_symmetric_teaching_top_stack,0.0,0.01,0.0,0.3,bottom_oxide,0.000775,1.5000000000000002e-06,7.75,15.000000000000002,0.024519158955297497,
p1_ratio_2p00_common_primary,P1 Ctop/Cbottom=2.00 common-primary proxy,top_primary,interface_4x,T03_P1_CAPACITANCE_RATIO,enabled_symmetric_teaching_top_stack,0.0,0.01,0.0,0.3,bottom_oxide,0.000775,2.0000000000000003e-06,7.75,20.000000000000004,0.03269221188353045,
p1_ratio_2p00_common_primary,P1 Ctop/Cbottom=2.00 common-primary proxy,top_primary,interface_4x,T03_P1_CAPACITANCE_RATIO,enabled_symmetric_teaching_top_stack,0.0,0.01,0.0,0.3,bottom_oxide,0.000775,2.1250000000000004e-06,7.75,21.250000000000004,0.034735475107972674,
p1_ratio_2p00_common_primary,P1 Ctop/Cbottom=2.00 common-primary proxy,top_primary,interface_4x,T03_P1_CAPACITANCE_RATIO,enabled_symmetric_teaching_top_stack,0.0,0.01,0.0,0.3,bottom_oxide,0.000775,2.2500000000000005e-06,7.75,22.500000000000004,0.0367787383291781,
p1_ratio_2p00_common_primary,P1 Ctop/Cbottom=2.00 common-primary proxy,top_primary,interface_4x,T03_P1_CAPACITANCE_RATIO,enabled_symmetric_teaching_top_stack,0.0,0.01,0.0,0.3,bottom_oxide,0.000775,2.375e-06,7.75,23.75,0.03882200154695631,
p1_ratio_2p00_common_primary,P1 Ctop/Cbottom=2.00 common-primary proxy,top_primary,interface_4x,T03_P1_CAPACITANCE_RATIO,enabled_symmetric_teaching_top_stack,0.0,0.01,0.0,0.3,bottom_oxide,0.000775,2.5e-06,7.75,25.000000000000004,0.040865264761116925,
p1_ratio_2p00_common_primary,P1 Ctop/Cbottom=2.00 common-primary proxy,top_primary,interface_4x,T03_P1_CAPACITANCE_RATIO,enabled_symmetric_teaching_top_stack,0.0,0.01,0.0,0.3,bottom_oxide,0.000775,2.6250000000000003e-06,7.75,26.250000000000004,0.04290852797146953,
p1_ratio_2p00_common_primary,P1 Ctop/Cbottom=2.00 common-primary proxy,top_primary,interface_4x,T03_P1_CAPACITANCE_RATIO,enabled_symmetric_teaching_top_stack,0.0,0.01,0.0,0.3,bottom_oxide,0.000775,2.75e-06,7.75,27.5,0.044951791177823726,
p1_ratio_2p00_common_primary,P1 Ctop/Cbottom=2.00 common-primary proxy,top_primary,interface_4x,T03_P1_CAPACITANCE_RATIO,enabled_symmetric_teaching_top_stack,0.0,0.01,0.0,0.3,bottom_oxide,0.000775,2.875e-06,7.75,28.75,0.04699505437998912,
p1_ratio_2p00_common_primary,P1 Ctop/Cbottom=2.00 common-primary proxy,top_primary,interface_4x,T03_P1_CAPACITANCE_RATIO,enabled_symmetric_teaching_top_stack,0.0,0.01,0.0,0.3,bottom_oxide,0.000775,3e-06,7.75,30.0,0.04903831757777531,
p1_ratio_2p00_common_primary,P1 Ctop/Cbottom=2.00 common-primary proxy,top_primary,interface_4x,T03_P1_CAPACITANCE_RATIO,enabled_symmetric_teaching_top_stack,0.0,0.01,0.0,0.3,bottom_oxide,0.0008,0.0,8.0,0.0,0.0,
p1_ratio_2p00_common_primary,P1 Ctop/Cbottom=2.00 common-primary proxy,top_primary,interface_4x,T03_P1_CAPACITANCE_RATIO,enabled_symmetric_teaching_top_stack,0.0,0.01,0.0,0.3,bottom_oxide,0.0008,5.000000000000001e-07,8.0,5.000000000000001,0.008200434132064578,
p1_ratio_2p00_common_primary,P1 Ctop/Cbottom=2.00 common-primary proxy,top_primary,interface_4x,T03_P1_CAPACITANCE_RATIO,enabled_symmetric_teaching_top_stack,0.0,0.01,0.0,0.3,bottom_oxide,0.0008,1.0000000000000002e-06,8.0,10.000000000000002,0.016400868251902408,
p1_ratio_2p00_common_primary,P1 Ctop/Cbottom=2.00 common-primary proxy,top_primary,interface_4x,T03_P1_CAPACITANCE_RATIO,enabled_symmetric_teaching_top_stack,0.0,0.01,0.0,0.3,bottom_oxide,0.0008,1.5000000000000002e-06,8.0,15.000000000000002,0.024601302347286746,
p1_ratio_2p00_common_primary,P1 Ctop/Cbottom=2.00 common-primary proxy,top_primary,interface_4x,T03_P1_CAPACITANCE_RATIO,enabled_symmetric_teaching_top_stack,0.0,0.01,0.0,0.3,bottom_oxide,0.0008,2.0000000000000003e-06,8.0,20.000000000000004,0.03280173640599085,
p1_ratio_2p00_common_primary,P1 Ctop/Cbottom=2.00 common-primary proxy,top_primary,interface_4x,T03_P1_CAPACITANCE_RATIO,enabled_symmetric_teaching_top_stack,0.0,0.01,0.0,0.3,bottom_oxide,0.0008,2.1250000000000004e-06,8.0,21.250000000000004,0.034851844913025155,
p1_ratio_2p00_common_primary,P1 Ctop/Cbottom=2.00 common-primary proxy,top_primary,interface_4x,T03_P1_CAPACITANCE_RATIO,enabled_symmetric_teaching_top_stack,0.0,0.01,0.0,0.3,bottom_oxide,0.0008,2.2500000000000005e-06,8.0,22.500000000000004,0.03690195341681174,
p1_ratio_2p00_common_primary,P1 Ctop/Cbottom=2.00 common-primary proxy,top_primary,interface_4x,T03_P1_CAPACITANCE_RATIO,enabled_symmetric_teaching_top_stack,0.0,0.01,0.0,0.3,bottom_oxide,0.0008,2.375e-06,8.0,23.75,0.03895206191715954,
p1_ratio_2p00_common_primary,P1 Ctop/Cbottom=2.00 common-primary proxy,top_primary,interface_4x,T03_P1_CAPACITANCE_RATIO,enabled_symmetric_teaching_top_stack,0.0,0.01,0.0,0.3,bottom_oxide,0.0008,2.5e-06,8.0,25.000000000000004,0.041002170413877534,
p1_ratio_2p00_common_primary,P1 Ctop/Cbottom=2.00 common-primary proxy,top_primary,interface_4x,T03_P1_CAPACITANCE_RATIO,enabled_symmetric_teaching_top_stack,0.0,0.01,0.0,0.3,bottom_oxide,0.0008,2.6250000000000003e-06,8.0,26.250000000000004,0.04305227890677467,
p1_ratio_2p00_common_primary,P1 Ctop/Cbottom=2.00 common-primary proxy,top_primary,interface_4x,T03_P1_CAPACITANCE_RATIO,enabled_symmetric_teaching_top_stack,0.0,0.01,0.0,0.3,bottom_oxide,0.0008,2.75e-06,8.0,27.5,0.045102387395659894,
p1_ratio_2p00_common_primary,P1 Ctop/Cbottom=2.00 common-primary proxy,top_primary,interface_4x,T03_P1_CAPACITANCE_RATIO,enabled_symmetric_teaching_top_stack,0.0,0.01,0.0,0.3,bottom_oxide,0.0008,2.875e-06,8.0,28.75,0.047152495880342184,
p1_ratio_2p00_common_primary,P1 Ctop/Cbottom=2.00 common-primary proxy,top_primary,interface_4x,T03_P1_CAPACITANCE_RATIO,enabled_symmetric_teaching_top_stack,0.0,0.01,0.0,0.3,bottom_oxide,0.0008,3e-06,8.0,30.0,0.04920260436063049,
p1_ratio_2p00_common_primary,P1 Ctop/Cbottom=2.00 common-primary proxy,top_primary,interface_4x,T03_P1_CAPACITANCE_RATIO,enabled_symmetric_teaching_top_stack,0.0,0.01,0.0,0.3,bottom_oxide,0.000825,0.0,8.25,0.0,0.0,
p1_ratio_2p00_common_primary,P1 Ctop/Cbottom=2.00 common-primary proxy,top_primary,interface_4x,T03_P1_CAPACITANCE_RATIO,enabled_symmetric_teaching_top_stack,0.0,0.01,0.0,0.3,bottom_oxide,0.000825,5.000000000000001e-07,8.25,5.000000000000001,0.00822784582964729,
p1_ratio_2p00_common_primary,P1 Ctop/Cbottom=2.00 common-primary proxy,top_primary,interface_4x,T03_P1_CAPACITANCE_RATIO,enabled_symmetric_teaching_top_stack,0.0,0.01,0.0,0.3,bottom_oxide,0.000825,1.0000000000000002e-06,8.25,10.000000000000002,0.016455691647026472,
p1_ratio_2p00_common_primary,P1 Ctop/Cbottom=2.00 common-primary proxy,top_primary,interface_4x,T03_P1_CAPACITANCE_RATIO,enabled_symmetric_teaching_top_stack,0.0,0.01,0.0,0.3,bottom_oxide,0.000825,1.5000000000000002e-06,8.25,15.000000000000002,0.024683537439869445,
p1_ratio_2p00_common_primary,P1 Ctop/Cbottom=2.00 common-primary proxy,top_primary,interface_4x,T03_P1_CAPACITANCE_RATIO,enabled_symmetric_teaching_top_stack,0.0,0.01,0.0,0.3,bottom_oxide,0.000825,2.0000000000000003e-06,8.25,20.000000000000004,0.0329113831959081,
p1_ratio_2p00_common_primary,P1 Ctop/Cbottom=2.00 common-primary proxy,top_primary,interface_4x,T03_P1_CAPACITANCE_RATIO,enabled_symmetric_teaching_top_stack,0.0,0.01,0.0,0.3,bottom_oxide,0.000825,2.1250000000000004e-06,8.25,21.250000000000004,0.034968344627250195,
p1_ratio_2p00_common_primary,P1 Ctop/Cbottom=2.00 common-primary proxy,top_primary,interface_4x,T03_P1_CAPACITANCE_RATIO,enabled_symmetric_teaching_top_stack,0.0,0.01,0.0,0.3,bottom_oxide,0.000825,2.2500000000000005e-06,8.25,22.500000000000004,0.03702530605533358,
p1_ratio_2p00_common_primary,P1 Ctop/Cbottom=2.00 common-primary proxy,top_primary,interface_4x,T03_P1_CAPACITANCE_RATIO,enabled_symmetric_teaching_top_stack,0.0,0.01,0.0,0.3,bottom_oxide,0.000825,2.375e-06,8.25,23.75,0.03908226747996655,
p1_ratio_2p00_common_primary,P1 Ctop/Cbottom=2.00 common-primary proxy,top_primary,interface_4x,T03_P1_CAPACITANCE_RATIO,enabled_symmetric_teaching_top_stack,0.0,0.01,0.0,0.3,bottom_oxide,0.000825,2.5e-06,8.25,25.000000000000004,0.041139228900957434,
p1_ratio_2p00_common_primary,P1 Ctop/Cbottom=2.00 common-primary proxy,top_primary,interface_4x,T03_P1_CAPACITANCE_RATIO,enabled_symmetric_teaching_top_stack,0.0,0.01,0.0,0.3,bottom_oxide,0.000825,2.6250000000000003e-06,8.25,26.250000000000004,0.04319619031811454,
p1_ratio_2p00_common_primary,P1 Ctop/Cbottom=2.00 common-primary proxy,top_primary,interface_4x,T03_P1_CAPACITANCE_RATIO,enabled_symmetric_teaching_top_stack,0.0,0.01,0.0,0.3,bottom_oxide,0.000825,2.75e-06,8.25,27.5,0.04525315173124616,
p1_ratio_2p00_common_primary,P1 Ctop/Cbottom=2.00 common-primary proxy,top_primary,interface_4x,T03_P1_CAPACITANCE_RATIO,enabled_symmetric_teaching_top_stack,0.0,0.01,0.0,0.3,bottom_oxide,0.000825,2.875e-06,8.25,28.75,0.04731011314016063,
p1_ratio_2p00_common_primary,P1 Ctop/Cbottom=2.00 common-primary proxy,top_primary,interface_4x,T03_P1_CAPACITANCE_RATIO,enabled_symmetric_teaching_top_stack,0.0,0.01,0.0,0.3,bottom_oxide,0.000825,3e-06,8.25,30.0,0.049367074544666247,
p1_ratio_2p00_common_primary,P1 Ctop/Cbottom=2.00 common-primary proxy,top_primary,interface_4x,T03_P1_CAPACITANCE_RATIO,enabled_symmetric_teaching_top_stack,0.0,0.01,0.0,0.3,bottom_oxide,0.0008500000000000001,0.0,8.5,0.0,0.0,
p1_ratio_2p00_common_primary,P1 Ctop/Cbottom=2.00 common-primary proxy,top_primary,interface_4x,T03_P1_CAPACITANCE_RATIO,enabled_symmetric_teaching_top_stack,0.0,0.01,0.0,0.3,bottom_oxide,0.0008500000000000001,5.000000000000001e-07,8.5,5.000000000000001,0.008255288197494727,
p1_ratio_2p00_common_primary,P1 Ctop/Cbottom=2.00 common-primary proxy,top_primary,interface_4x,T03_P1_CAPACITANCE_RATIO,enabled_symmetric_teaching_top_stack,0.0,0.01,0.0,0.3,bottom_oxide,0.0008500000000000001,1.0000000000000002e-06,8.5,10.000000000000002,0.016510576382679755,
p1_ratio_2p00_common_primary,P1 Ctop/Cbottom=2.00 common-primary proxy,top_primary,interface_4x,T03_P1_CAPACITANCE_RATIO,enabled_symmetric_teaching_top_stack,0.0,0.01,0.0,0.3,bottom_oxide,0.0008500000000000001,1.5000000000000002e-06,8.5,15.000000000000002,0.02476586454324538,
p1_ratio_2p00_common_primary,P1 Ctop/Cbottom=2.00 common-primary proxy,top_primary,interface_4x,T03_P1_CAPACITANCE_RATIO,enabled_symmetric_teaching_top_stack,0.0,0.01,0.0,0.3,bottom_oxide,0.0008500000000000001,2.0000000000000003e-06,8.5,20.000000000000004,0.03302115266688191,
p1_ratio_2p00_common_primary,P1 Ctop/Cbottom=2.00 common-primary proxy,top_primary,interface_4x,T03_P1_CAPACITANCE_RATIO,enabled_symmetric_teaching_top_stack,0.0,0.01,0.0,0.3,bottom_oxide,0.0008500000000000001,2.1250000000000004e-06,8.5,21.250000000000004,0.035084974690097484,
p1_ratio_2p00_common_primary,P1 Ctop/Cbottom=2.00 common-primary proxy,top_primary,interface_4x,T03_P1_CAPACITANCE_RATIO,enabled_symmetric_teaching_top_stack,0.0,0.01,0.0,0.3,bottom_oxide,0.0008500000000000001,2.2500000000000005e-06,8.5,22.500000000000004,0.03714879671004329,
p1_ratio_2p00_common_primary,P1 Ctop/Cbottom=2.00 common-primary proxy,top_primary,interface_4x,T03_P1_CAPACITANCE_RATIO,enabled_symmetric_teaching_top_stack,0.0,0.01,0.0,0.3,bottom_oxide,0.0008500000000000001,2.375e-06,8.5,23.75,0.03921261872652699,
p1_ratio_2p00_common_primary,P1 Ctop/Cbottom=2.00 common-primary proxy,top_primary,interface_4x,T03_P1_CAPACITANCE_RATIO,enabled_symmetric_teaching_top_stack,0.0,0.01,0.0,0.3,bottom_oxide,0.0008500000000000001,2.5e-06,8.5,25.000000000000004,0.041276440739356254,
p1_ratio_2p00_common_primary,P1 Ctop/Cbottom=2.00 common-primary proxy,top_primary,interface_4x,T03_P1_CAPACITANCE_RATIO,enabled_symmetric_teaching_top_stack,0.0,0.01,0.0,0.3,bottom_oxide,0.0008500000000000001,2.6250000000000003e-06,8.5,26.250000000000004,0.043340262748338736,
p1_ratio_2p00_common_primary,P1 Ctop/Cbottom=2.00 common-primary proxy,top_primary,interface_4x,T03_P1_CAPACITANCE_RATIO,enabled_symmetric_teaching_top_stack,0.0,0.01,0.0,0.3,bottom_oxide,0.0008500000000000001,2.75e-06,8.5,27.5,0.045404084753282094,
p1_ratio_2p00_common_primary,P1 Ctop/Cbottom=2.00 common-primary proxy,top_primary,interface_4x,T03_P1_CAPACITANCE_RATIO,enabled_symmetric_teaching_top_stack,0.0,0.01,0.0,0.3,bottom_oxide,0.0008500000000000001,2.875e-06,8.5,28.75,0.047467906753993996,
p1_ratio_2p00_common_primary,P1 Ctop/Cbottom=2.00 common-primary proxy,top_primary,interface_4x,T03_P1_CAPACITANCE_RATIO,enabled_symmetric_teaching_top_stack,0.0,0.01,0.0,0.3,bottom_oxide,0.0008500000000000001,3e-06,8.5,30.0,0.049531728750282104,
p1_ratio_2p00_common_primary,P1 Ctop/Cbottom=2.00 common-primary proxy,top_primary,interface_4x,T03_P1_CAPACITANCE_RATIO,enabled_symmetric_teaching_top_stack,0.0,0.01,0.0,0.3,bottom_oxide,0.0008750000000000001,0.0,8.750000000000002,0.0,0.0,
p1_ratio_2p00_common_primary,P1 Ctop/Cbottom=2.00 common-primary proxy,top_primary,interface_4x,T03_P1_CAPACITANCE_RATIO,enabled_symmetric_teaching_top_stack,0.0,0.01,0.0,0.3,bottom_oxide,0.0008750000000000001,5.000000000000001e-07,8.750000000000002,5.000000000000001,0.008282761339589646,
p1_ratio_2p00_common_primary,P1 Ctop/Cbottom=2.00 common-primary proxy,top_primary,interface_4x,T03_P1_CAPACITANCE_RATIO,enabled_symmetric_teaching_top_stack,0.0,0.01,0.0,0.3,bottom_oxide,0.0008750000000000001,1.0000000000000002e-06,8.750000000000002,10.000000000000002,0.016565522666827984,
p1_ratio_2p00_common_primary,P1 Ctop/Cbottom=2.00 common-primary proxy,top_primary,interface_4x,T03_P1_CAPACITANCE_RATIO,enabled_symmetric_teaching_top_stack,0.0,0.01,0.0,0.3,bottom_oxide,0.0008750000000000001,1.5000000000000002e-06,8.750000000000002,15.000000000000002,0.024848283969363665,
p1_ratio_2p00_common_primary,P1 Ctop/Cbottom=2.00 common-primary proxy,top_primary,interface_4x,T03_P1_CAPACITANCE_RATIO,enabled_symmetric_teaching_top_stack,0.0,0.01,0.0,0.3,bottom_oxide,0.0008750000000000001,2.0000000000000003e-06,8.750000000000002,20.000000000000004,0.033131045234845266,
p1_ratio_2p00_common_primary,P1 Ctop/Cbottom=2.00 common-primary proxy,top_primary,interface_4x,T03_P1_CAPACITANCE_RATIO,enabled_symmetric_teaching_top_stack,0.0,0.01,0.0,0.3,bottom_oxide,0.0008750000000000001,2.1250000000000004e-06,8.750000000000002,21.250000000000004,0.035201735543496045,
p1_ratio_2p00_common_primary,P1 Ctop/Cbottom=2.00 common-primary proxy,top_primary,interface_4x,T03_P1_CAPACITANCE_RATIO,enabled_symmetric_teaching_top_stack,0.0,0.01,0.0,0.3,bottom_oxide,0.0008750000000000001,2.2500000000000005e-06,8.750000000000002,22.500000000000004,0.037272425848865975,
p1_ratio_2p00_common_primary,P1 Ctop/Cbottom=2.00 common-primary proxy,top_primary,interface_4x,T03_P1_CAPACITANCE_RATIO,enabled_symmetric_teaching_top_stack,0.0,0.01,0.0,0.3,bottom_oxide,0.0008750000000000001,2.375e-06,8.750000000000002,23.75,0.03934311615076207,
p1_ratio_2p00_common_primary,P1 Ctop/Cbottom=2.00 common-primary proxy,top_primary,interface_4x,T03_P1_CAPACITANCE_RATIO,enabled_symmetric_teaching_top_stack,0.0,0.01,0.0,0.3,bottom_oxide,0.0008750000000000001,2.5e-06,8.750000000000002,25.000000000000004,0.041413806448991335,
p1_ratio_2p00_common_primary,P1 Ctop/Cbottom=2.00 common-primary proxy,top_primary,interface_4x,T03_P1_CAPACITANCE_RATIO,enabled_symmetric_teaching_top_stack,0.0,0.01,0.0,0.3,bottom_oxide,0.0008750000000000001,2.6250000000000003e-06,8.750000000000002,26.250000000000004,0.04348449674336077,
p1_ratio_2p00_common_primary,P1 Ctop/Cbottom=2.00 common-primary proxy,top_primary,interface_4x,T03_P1_CAPACITANCE_RATIO,enabled_symmetric_teaching_top_stack,0.0,0.01,0.0,0.3,bottom_oxide,0.0008750000000000001,2.75e-06,8.750000000000002,27.5,0.045555187033677384,
p1_ratio_2p00_common_primary,P1 Ctop/Cbottom=2.00 common-primary proxy,top_primary,interface_4x,T03_P1_CAPACITANCE_RATIO,enabled_symmetric_teaching_top_stack,0.0,0.01,0.0,0.3,bottom_oxide,0.0008750000000000001,2.875e-06,8.750000000000002,28.75,0.04762587731974819,
p1_ratio_2p00_common_primary,P1 Ctop/Cbottom=2.00 common-primary proxy,top_primary,interface_4x,T03_P1_CAPACITANCE_RATIO,enabled_symmetric_teaching_top_stack,0.0,0.01,0.0,0.3,bottom_oxide,0.0008750000000000001,3e-06,8.750000000000002,30.0,0.04969656760138018,
p1_ratio_2p00_common_primary,P1 Ctop/Cbottom=2.00 common-primary proxy,top_primary,interface_4x,T03_P1_CAPACITANCE_RATIO,enabled_symmetric_teaching_top_stack,0.0,0.01,0.0,0.3,bottom_oxide,0.0009000000000000001,0.0,9.0,0.0,0.0,
p1_ratio_2p00_common_primary,P1 Ctop/Cbottom=2.00 common-primary proxy,top_primary,interface_4x,T03_P1_CAPACITANCE_RATIO,enabled_symmetric_teaching_top_stack,0.0,0.01,0.0,0.3,bottom_oxide,0.0009000000000000001,5.000000000000001e-07,9.0,5.000000000000001,0.008310265359955582,
p1_ratio_2p00_common_primary,P1 Ctop/Cbottom=2.00 common-primary proxy,top_primary,interface_4x,T03_P1_CAPACITANCE_RATIO,enabled_symmetric_teaching_top_stack,0.0,0.01,0.0,0.3,bottom_oxide,0.0009000000000000001,1.0000000000000002e-06,9.0,10.000000000000002,0.016620530707618767,
p1_ratio_2p00_common_primary,P1 Ctop/Cbottom=2.00 common-primary proxy,top_primary,interface_4x,T03_P1_CAPACITANCE_RATIO,enabled_symmetric_teaching_top_stack,0.0,0.01,0.0,0.3,bottom_oxide,0.0009000000000000001,1.5000000000000002e-06,9.0,15.000000000000002,0.024930796030680435,
p1_ratio_2p00_common_primary,P1 Ctop/Cbottom=2.00 common-primary proxy,top_primary,interface_4x,T03_P1_CAPACITANCE_RATIO,enabled_symmetric_teaching_top_stack,0.0,0.01,0.0,0.3,bottom_oxide,0.0009000000000000001,2.0000000000000003e-06,9.0,20.000000000000004,0.03324106131680029,
p1_ratio_2p00_common_primary,P1 Ctop/Cbottom=2.00 common-primary proxy,top_primary,interface_4x,T03_P1_CAPACITANCE_RATIO,enabled_symmetric_teaching_top_stack,0.0,0.01,0.0,0.3,bottom_oxide,0.0009000000000000001,2.1250000000000004e-06,9.0,21.250000000000004,0.03531862763062349,
p1_ratio_2p00_common_primary,P1 Ctop/Cbottom=2.00 common-primary proxy,top_primary,interface_4x,T03_P1_CAPACITANCE_RATIO,enabled_symmetric_teaching_top_stack,0.0,0.01,0.0,0.3,bottom_oxide,0.0009000000000000001,2.2500000000000005e-06,9.0,22.500000000000004,0.03739619394117008,
p1_ratio_2p00_common_primary,P1 Ctop/Cbottom=2.00 common-primary proxy,top_primary,interface_4x,T03_P1_CAPACITANCE_RATIO,enabled_symmetric_teaching_top_stack,0.0,0.01,0.0,0.3,bottom_oxide,0.0009000000000000001,2.375e-06,9.0,23.75,0.039473760248245976,
p1_ratio_2p00_common_primary,P1 Ctop/Cbottom=2.00 common-primary proxy,top_primary,interface_4x,T03_P1_CAPACITANCE_RATIO,enabled_symmetric_teaching_top_stack,0.0,0.01,0.0,0.3,bottom_oxide,0.0009000000000000001,2.5e-06,9.0,25.000000000000004,0.04155132655165695,
p1_ratio_2p00_common_primary,P1 Ctop/Cbottom=2.00 common-primary proxy,top_primary,interface_4x,T03_P1_CAPACITANCE_RATIO,enabled_symmetric_teaching_top_stack,0.0,0.01,0.0,0.3,bottom_oxide,0.0009000000000000001,2.6250000000000003e-06,9.0,26.250000000000004,0.04362889285120856,
p1_ratio_2p00_common_primary,P1 Ctop/Cbottom=2.00 common-primary proxy,top_primary,interface_4x,T03_P1_CAPACITANCE_RATIO,enabled_symmetric_teaching_top_stack,0.0,0.01,0.0,0.3,bottom_oxide,0.0009000000000000001,2.75e-06,9.0,27.5,0.04570645914670623,
p1_ratio_2p00_common_primary,P1 Ctop/Cbottom=2.00 common-primary proxy,top_primary,interface_4x,T03_P1_CAPACITANCE_RATIO,enabled_symmetric_teaching_top_stack,0.0,0.01,0.0,0.3,bottom_oxide,0.0009000000000000001,2.875e-06,9.0,28.75,0.047784025437955215,
p1_ratio_2p00_common_primary,P1 Ctop/Cbottom=2.00 common-primary proxy,top_primary,interface_4x,T03_P1_CAPACITANCE_RATIO,enabled_symmetric_teaching_top_stack,0.0,0.01,0.0,0.3,bottom_oxide,0.0009000000000000001,3e-06,9.0,30.0,0.04986159172476064,
p1_ratio_2p00_common_primary,P1 Ctop/Cbottom=2.00 common-primary proxy,top_primary,interface_4x,T03_P1_CAPACITANCE_RATIO,enabled_symmetric_teaching_top_stack,0.0,0.01,0.0,0.3,bottom_oxide,0.0009249999999999999,0.0,9.25,0.0,0.0,
p1_ratio_2p00_common_primary,P1 Ctop/Cbottom=2.00 common-primary proxy,top_primary,interface_4x,T03_P1_CAPACITANCE_RATIO,enabled_symmetric_teaching_top_stack,0.0,0.01,0.0,0.3,bottom_oxide,0.0009249999999999999,5.000000000000001e-07,9.25,5.000000000000001,0.008337800111307496,
p1_ratio_2p00_common_primary,P1 Ctop/Cbottom=2.00 common-primary proxy,top_primary,interface_4x,T03_P1_CAPACITANCE_RATIO,enabled_symmetric_teaching_top_stack,0.0,0.01,0.0,0.3,bottom_oxide,0.0009249999999999999,1.0000000000000002e-06,9.25,10.000000000000002,0.016675600252212416,
p1_ratio_2p00_common_primary,P1 Ctop/Cbottom=2.00 common-primary proxy,top_primary,interface_4x,T03_P1_CAPACITANCE_RATIO,enabled_symmetric_teaching_top_stack,0.0,0.01,0.0,0.3,bottom_oxide,0.0009249999999999999,1.5000000000000002e-06,9.25,15.000000000000002,0.025013400446525287,
p1_ratio_2p00_common_primary,P1 Ctop/Cbottom=2.00 common-primary proxy,top_primary,interface_4x,T03_P1_CAPACITANCE_RATIO,enabled_symmetric_teaching_top_stack,0.0,0.01,0.0,0.3,bottom_oxide,0.0009249999999999999,2.0000000000000003e-06,9.25,20.000000000000004,0.033351200707000206,
p1_ratio_2p00_common_primary,P1 Ctop/Cbottom=2.00 common-primary proxy,top_primary,interface_4x,T03_P1_CAPACITANCE_RATIO,enabled_symmetric_teaching_top_stack,0.0,0.01,0.0,0.3,bottom_oxide,0.0009249999999999999,2.1250000000000004e-06,9.25,21.250000000000004,0.03543565078206059,
p1_ratio_2p00_common_primary,P1 Ctop/Cbottom=2.00 common-primary proxy,top_primary,interface_4x,T03_P1_CAPACITANCE_RATIO,enabled_symmetric_teaching_top_stack,0.0,0.01,0.0,0.3,bottom_oxide,0.0009249999999999999,2.2500000000000005e-06,9.25,22.500000000000004,0.037520100860882574,
p1_ratio_2p00_common_primary,P1 Ctop/Cbottom=2.00 common-primary proxy,top_primary,interface_4x,T03_P1_CAPACITANCE_RATIO,enabled_symmetric_teaching_top_stack,0.0,0.01,0.0,0.3,bottom_oxide,0.0009249999999999999,2.375e-06,9.25,23.75,0.039604550943179606,
p1_ratio_2p00_common_primary,P1 Ctop/Cbottom=2.00 common-primary proxy,top_primary,interface_4x,T03_P1_CAPACITANCE_RATIO,enabled_symmetric_teaching_top_stack,0.0,0.01,0.0,0.3,bottom_oxide,0.0009249999999999999,2.5e-06,9.25,25.000000000000004,0.04168900102859284,
p1_ratio_2p00_common_primary,P1 Ctop/Cbottom=2.00 common-primary proxy,top_primary,interface_4x,T03_P1_CAPACITANCE_RATIO,enabled_symmetric_teaching_top_stack,0.0,0.01,0.0,0.3,bottom_oxide,0.0009249999999999999,2.6250000000000003e-06,9.25,26.250000000000004,0.04377345111669086,
p1_ratio_2p00_common_primary,P1 Ctop/Cbottom=2.00 common-primary proxy,top_primary,interface_4x,T03_P1_CAPACITANCE_RATIO,enabled_symmetric_teaching_top_stack,0.0,0.01,0.0,0.3,bottom_oxide,0.0009249999999999999,2.75e-06,9.25,27.5,0.04585790120697013,
p1_ratio_2p00_common_primary,P1 Ctop/Cbottom=2.00 common-primary proxy,top_primary,interface_4x,T03_P1_CAPACITANCE_RATIO,enabled_symmetric_teaching_top_stack,0.0,0.01,0.0,0.3,bottom_oxide,0.0009249999999999999,2.875e-06,9.25,28.75,0.047942351298856004,
p1_ratio_2p00_common_primary,P1 Ctop/Cbottom=2.00 common-primary proxy,top_primary,interface_4x,T03_P1_CAPACITANCE_RATIO,enabled_symmetric_teaching_top_stack,0.0,0.01,0.0,0.3,bottom_oxide,0.0009249999999999999,3e-06,9.25,30.0,0.05002680139170438,
p1_ratio_2p00_common_primary,P1 Ctop/Cbottom=2.00 common-primary proxy,top_primary,interface_4x,T03_P1_CAPACITANCE_RATIO,enabled_symmetric_teaching_top_stack,0.0,0.01,0.0,0.3,bottom_oxide,0.00095,0.0,9.5,0.0,0.0,
p1_ratio_2p00_common_primary,P1 Ctop/Cbottom=2.00 common-primary proxy,top_primary,interface_4x,T03_P1_CAPACITANCE_RATIO,enabled_symmetric_teaching_top_stack,0.0,0.01,0.0,0.3,bottom_oxide,0.00095,5.000000000000001e-07,9.5,5.000000000000001,0.008365260869099118,
p1_ratio_2p00_common_primary,P1 Ctop/Cbottom=2.00 common-primary proxy,top_primary,interface_4x,T03_P1_CAPACITANCE_RATIO,enabled_symmetric_teaching_top_stack,0.0,0.01,0.0,0.3,bottom_oxide,0.00095,1.0000000000000002e-06,9.5,10.000000000000002,0.01673053627692035,
p1_ratio_2p00_common_primary,P1 Ctop/Cbottom=2.00 common-primary proxy,top_primary,interface_4x,T03_P1_CAPACITANCE_RATIO,enabled_symmetric_teaching_top_stack,0.0,0.01,0.0,0.3,bottom_oxide,0.00095,1.5000000000000002e-06,9.5,15.000000000000002,0.025095839457251478,
p1_ratio_2p00_common_primary,P1 Ctop/Cbottom=2.00 common-primary proxy,top_primary,interface_4x,T03_P1_CAPACITANCE_RATIO,enabled_symmetric_teaching_top_stack,0.0,0.01,0.0,0.3,bottom_oxide,0.00095,2.0000000000000003e-06,9.5,20.000000000000004,0.033461181030864734,
p1_ratio_2p00_common_primary,P1 Ctop/Cbottom=2.00 common-primary proxy,top_primary,interface_4x,T03_P1_CAPACITANCE_RATIO,enabled_symmetric_teaching_top_stack,0.0,0.01,0.0,0.3,bottom_oxide,0.00095,2.1250000000000004e-06,9.5,21.250000000000004,0.03555252346905833,
p1_ratio_2p00_common_primary,P1 Ctop/Cbottom=2.00 common-primary proxy,top_primary,interface_4x,T03_P1_CAPACITANCE_RATIO,enabled_symmetric_teaching_top_stack,0.0,0.01,0.0,0.3,bottom_oxide,0.00095,2.2500000000000005e-06,9.5,22.500000000000004,0.037643868778470375,
p1_ratio_2p00_common_primary,P1 Ctop/Cbottom=2.00 common-primary proxy,top_primary,interface_4x,T03_P1_CAPACITANCE_RATIO,enabled_symmetric_teaching_top_stack,0.0,0.01,0.0,0.3,bottom_oxide,0.00095,2.375e-06,9.5,23.75,0.039735216990589996,
p1_ratio_2p00_common_primary,P1 Ctop/Cbottom=2.00 common-primary proxy,top_primary,interface_4x,T03_P1_CAPACITANCE_RATIO,enabled_symmetric_teaching_top_stack,0.0,0.01,0.0,0.3,bottom_oxide,0.00095,2.5e-06,9.5,25.000000000000004,0.04182656811378933,
p1_ratio_2p00_common_primary,P1 Ctop/Cbottom=2.00 common-primary proxy,top_primary,interface_4x,T03_P1_CAPACITANCE_RATIO,enabled_symmetric_teaching_top_stack,0.0,0.01,0.0,0.3,bottom_oxide,0.00095,2.6250000000000003e-06,9.5,26.250000000000004,0.04391792213201615,
p1_ratio_2p00_common_primary,P1 Ctop/Cbottom=2.00 common-primary proxy,top_primary,interface_4x,T03_P1_CAPACITANCE_RATIO,enabled_symmetric_teaching_top_stack,0.0,0.01,0.0,0.3,bottom_oxide,0.00095,2.75e-06,9.5,27.5,0.04600927900348299,
p1_ratio_2p00_common_primary,P1 Ctop/Cbottom=2.00 common-primary proxy,top_primary,interface_4x,T03_P1_CAPACITANCE_RATIO,enabled_symmetric_teaching_top_stack,0.0,0.01,0.0,0.3,bottom_oxide,0.00095,2.875e-06,9.5,28.75,0.04810063865935222,
p1_ratio_2p00_common_primary,P1 Ctop/Cbottom=2.00 common-primary proxy,top_primary,interface_4x,T03_P1_CAPACITANCE_RATIO,enabled_symmetric_teaching_top_stack,0.0,0.01,0.0,0.3,bottom_oxide,0.00095,3e-06,9.5,30.0,0.050192001002417184,
p1_ratio_2p00_common_primary,P1 Ctop/Cbottom=2.00 common-primary proxy,top_primary,interface_4x,T03_P1_CAPACITANCE_RATIO,enabled_symmetric_teaching_top_stack,0.0,0.01,0.0,0.3,bottom_oxide,0.000975,0.0,9.75,0.0,0.0,
p1_ratio_2p00_common_primary,P1 Ctop/Cbottom=2.00 common-primary proxy,top_primary,interface_4x,T03_P1_CAPACITANCE_RATIO,enabled_symmetric_teaching_top_stack,0.0,0.01,0.0,0.3,bottom_oxide,0.000975,5.000000000000001e-07,9.75,5.000000000000001,0.008356374821615248,
p1_ratio_2p00_common_primary,P1 Ctop/Cbottom=2.00 common-primary proxy,top_primary,interface_4x,T03_P1_CAPACITANCE_RATIO,enabled_symmetric_teaching_top_stack,0.0,0.01,0.0,0.3,bottom_oxide,0.000975,1.0000000000000002e-06,9.75,10.000000000000002,0.016716041026873626,
p1_ratio_2p00_common_primary,P1 Ctop/Cbottom=2.00 common-primary proxy,top_primary,interface_4x,T03_P1_CAPACITANCE_RATIO,enabled_symmetric_teaching_top_stack,0.0,0.01,0.0,0.3,bottom_oxide,0.000975,1.5000000000000002e-06,9.75,15.000000000000002,0.02508229526266014,
p1_ratio_2p00_common_primary,P1 Ctop/Cbottom=2.00 common-primary proxy,top_primary,interface_4x,T03_P1_CAPACITANCE_RATIO,enabled_symmetric_teaching_top_stack,0.0,0.01,0.0,0.3,bottom_oxide,0.000975,2.0000000000000003e-06,9.75,20.000000000000004,0.033458444710238115,
p1_ratio_2p00_common_primary,P1 Ctop/Cbottom=2.00 common-primary proxy,top_primary,interface_4x,T03_P1_CAPACITANCE_RATIO,enabled_symmetric_teaching_top_stack,0.0,0.01,0.0,0.3,bottom_oxide,0.000975,2.1250000000000004e-06,9.75,21.250000000000004,0.035554547418128,
p1_ratio_2p00_common_primary,P1 Ctop/Cbottom=2.00 common-primary proxy,top_primary,interface_4x,T03_P1_CAPACITANCE_RATIO,enabled_symmetric_teaching_top_stack,0.0,0.01,0.0,0.3,bottom_oxide,0.000975,2.2500000000000005e-06,9.75,22.500000000000004,0.03765152839269837,
p1_ratio_2p00_common_primary,P1 Ctop/Cbottom=2.00 common-primary proxy,top_primary,interface_4x,T03_P1_CAPACITANCE_RATIO,enabled_symmetric_teaching_top_stack,0.0,0.01,0.0,0.3,bottom_oxide,0.000975,2.375e-06,9.75,23.75,0.0397494398499839,
p1_ratio_2p00_common_primary,P1 Ctop/Cbottom=2.00 common-primary proxy,top_primary,interface_4x,T03_P1_CAPACITANCE_RATIO,enabled_symmetric_teaching_top_stack,0.0,0.01,0.0,0.3,bottom_oxide,0.000975,2.5e-06,9.75,25.000000000000004,0.04184833409898542,
p1_ratio_2p00_common_primary,P1 Ctop/Cbottom=2.00 common-primary proxy,top_primary,interface_4x,T03_P1_CAPACITANCE_RATIO,enabled_symmetric_teaching_top_stack,0.0,0.01,0.0,0.3,bottom_oxide,0.000975,2.6250000000000003e-06,9.75,26.250000000000004,0.04394826354689236,
p1_ratio_2p00_common_primary,P1 Ctop/Cbottom=2.00 common-primary proxy,top_primary,interface_4x,T03_P1_CAPACITANCE_RATIO,enabled_symmetric_teaching_top_stack,0.0,0.01,0.0,0.3,bottom_oxide,0.000975,2.75e-06,9.75,27.5,0.04604928070431444,
p1_ratio_2p00_common_primary,P1 Ctop/Cbottom=2.00 common-primary proxy,top_primary,interface_4x,T03_P1_CAPACITANCE_RATIO,enabled_symmetric_teaching_top_stack,0.0,0.01,0.0,0.3,bottom_oxide,0.000975,2.875e-06,9.75,28.75,0.048151438190523116,
p1_ratio_2p00_common_primary,P1 Ctop/Cbottom=2.00 common-primary proxy,top_primary,interface_4x,T03_P1_CAPACITANCE_RATIO,enabled_symmetric_teaching_top_stack,0.0,0.01,0.0,0.3,bottom_oxide,0.000975,3e-06,9.75,30.0,0.05025478873870307,
p1_ratio_2p00_common_primary,P1 Ctop/Cbottom=2.00 common-primary proxy,top_primary,interface_4x,T03_P1_CAPACITANCE_RATIO,enabled_symmetric_teaching_top_stack,0.0,0.01,0.0,0.3,bottom_oxide,0.001,0.0,10.0,0.0,0.0,
p1_ratio_2p00_common_primary,P1 Ctop/Cbottom=2.00 common-primary proxy,top_primary,interface_4x,T03_P1_CAPACITANCE_RATIO,enabled_symmetric_teaching_top_stack,0.0,0.01,0.0,0.3,bottom_oxide,0.001,5.000000000000001e-07,10.0,5.000000000000001,0.00011902966630460245,
p1_ratio_2p00_common_primary,P1 Ctop/Cbottom=2.00 common-primary proxy,top_primary,interface_4x,T03_P1_CAPACITANCE_RATIO,enabled_symmetric_teaching_top_stack,0.0,0.01,0.0,0.3,bottom_oxide,0.001,1.0000000000000002e-06,10.0,10.000000000000002,0.0002314694564849564,
p1_ratio_2p00_common_primary,P1 Ctop/Cbottom=2.00 common-primary proxy,top_primary,interface_4x,T03_P1_CAPACITANCE_RATIO,enabled_symmetric_teaching_top_stack,0.0,0.01,0.0,0.3,bottom_oxide,0.001,1.5000000000000002e-06,10.0,15.000000000000002,0.0003307215894089995,
p1_ratio_2p00_common_primary,P1 Ctop/Cbottom=2.00 common-primary proxy,top_primary,interface_4x,T03_P1_CAPACITANCE_RATIO,enabled_symmetric_teaching_top_stack,0.0,0.01,0.0,0.3,bottom_oxide,0.001,2.0000000000000003e-06,10.0,20.000000000000004,0.0004101724633944418,
p1_ratio_2p00_common_primary,P1 Ctop/Cbottom=2.00 common-primary proxy,top_primary,interface_4x,T03_P1_CAPACITANCE_RATIO,enabled_symmetric_teaching_top_stack,0.0,0.01,0.0,0.3,bottom_oxide,0.001,2.1250000000000004e-06,10.0,21.250000000000004,0.00042590414785994695,
p1_ratio_2p00_common_primary,P1 Ctop/Cbottom=2.00 common-primary proxy,top_primary,interface_4x,T03_P1_CAPACITANCE_RATIO,enabled_symmetric_teaching_top_stack,0.0,0.01,0.0,0.3,bottom_oxide,0.001,2.2500000000000005e-06,10.0,22.500000000000004,0.0004398794001619387,
p1_ratio_2p00_common_primary,P1 Ctop/Cbottom=2.00 common-primary proxy,top_primary,interface_4x,T03_P1_CAPACITANCE_RATIO,enabled_symmetric_teaching_top_stack,0.0,0.01,0.0,0.3,bottom_oxide,0.001,2.375e-06,10.0,23.75,0.0004519940700143036,
p1_ratio_2p00_common_primary,P1 Ctop/Cbottom=2.00 common-primary proxy,top_primary,interface_4x,T03_P1_CAPACITANCE_RATIO,enabled_symmetric_teaching_top_stack,0.0,0.01,0.0,0.3,bottom_oxide,0.001,2.5e-06,10.0,25.000000000000004,0.00046214386757767006,
p1_ratio_2p00_common_primary,P1 Ctop/Cbottom=2.00 common-primary proxy,top_primary,interface_4x,T03_P1_CAPACITANCE_RATIO,enabled_symmetric_teaching_top_stack,0.0,0.01,0.0,0.3,bottom_oxide,0.001,2.6250000000000003e-06,10.0,26.250000000000004,0.00047022435562946613,
p1_ratio_2p00_common_primary,P1 Ctop/Cbottom=2.00 common-primary proxy,top_primary,interface_4x,T03_P1_CAPACITANCE_RATIO,enabled_symmetric_teaching_top_stack,0.0,0.01,0.0,0.3,bottom_oxide,0.001,2.75e-06,10.0,27.5,0.00047613094172169906,
p1_ratio_2p00_common_primary,P1 Ctop/Cbottom=2.00 common-primary proxy,top_primary,interface_4x,T03_P1_CAPACITANCE_RATIO,enabled_symmetric_teaching_top_stack,0.0,0.01,0.0,0.3,bottom_oxide,0.001,2.875e-06,10.0,28.75,0.0004797588703258024,
p1_ratio_2p00_common_primary,P1 Ctop/Cbottom=2.00 common-primary proxy,top_primary,interface_4x,T03_P1_CAPACITANCE_RATIO,enabled_symmetric_teaching_top_stack,0.0,0.01,0.0,0.3,bottom_oxide,0.001,3e-06,10.0,30.0,0.0004810032149638959,
p1_ratio_2p00_common_primary,P1 Ctop/Cbottom=2.00 common-primary proxy,top_primary,interface_4x,T03_P1_CAPACITANCE_RATIO,enabled_symmetric_teaching_top_stack,0.0,0.01,0.0,0.3,channel,0.0,3e-06,0.0,30.0,0.0,1e+16
p1_ratio_2p00_common_primary,P1 Ctop/Cbottom=2.00 common-primary proxy,top_primary,interface_4x,T03_P1_CAPACITANCE_RATIO,enabled_symmetric_teaching_top_stack,0.0,0.01,0.0,0.3,channel,0.0,3.075e-06,0.0,30.750000000000004,0.0,1e+16
p1_ratio_2p00_common_primary,P1 Ctop/Cbottom=2.00 common-primary proxy,top_primary,interface_4x,T03_P1_CAPACITANCE_RATIO,enabled_symmetric_teaching_top_stack,0.0,0.01,0.0,0.3,channel,2.5e-05,3e-06,0.25,30.0,0.044091350504862833,5.288288639418668e+16
p1_ratio_2p00_common_primary,P1 Ctop/Cbottom=2.00 common-primary proxy,top_primary,interface_4x,T03_P1_CAPACITANCE_RATIO,enabled_symmetric_teaching_top_stack,0.0,0.01,0.0,0.3,channel,2.5e-05,3.075e-06,0.25,30.750000000000004,0.044615448796367904,5.396592189084755e+16
p1_ratio_2p00_common_primary,P1 Ctop/Cbottom=2.00 common-primary proxy,top_primary,interface_4x,T03_P1_CAPACITANCE_RATIO,enabled_symmetric_teaching_top_stack,0.0,0.01,0.0,0.3,channel,0.0,3.1500000000000003e-06,0.0,31.500000000000004,0.0,1e+16
p1_ratio_2p00_common_primary,P1 Ctop/Cbottom=2.00 common-primary proxy,top_primary,interface_4x,T03_P1_CAPACITANCE_RATIO,enabled_symmetric_teaching_top_stack,0.0,0.01,0.0,0.3,channel,2.5e-05,3.1500000000000003e-06,0.25,31.500000000000004,0.04518469704261837,5.516739883073745e+16
p1_ratio_2p00_common_primary,P1 Ctop/Cbottom=2.00 common-primary proxy,top_primary,interface_4x,T03_P1_CAPACITANCE_RATIO,enabled_symmetric_teaching_top_stack,0.0,0.01,0.0,0.3,channel,0.0,3.225e-06,0.0,32.25,0.0,1e+16
p1_ratio_2p00_common_primary,P1 Ctop/Cbottom=2.00 common-primary proxy,top_primary,interface_4x,T03_P1_CAPACITANCE_RATIO,enabled_symmetric_teaching_top_stack,0.0,0.01,0.0,0.3,channel,2.5e-05,3.225e-06,0.25,32.25,0.04580032328989271,5.6496885024408344e+16
p1_ratio_2p00_common_primary,P1 Ctop/Cbottom=2.00 common-primary proxy,top_primary,interface_4x,T03_P1_CAPACITANCE_RATIO,enabled_symmetric_teaching_top_stack,0.0,0.01,0.0,0.3,channel,0.0,3.3e-06,0.0,33.0,0.0,1e+16
p1_ratio_2p00_common_primary,P1 Ctop/Cbottom=2.00 common-primary proxy,top_primary,interface_4x,T03_P1_CAPACITANCE_RATIO,enabled_symmetric_teaching_top_stack,0.0,0.01,0.0,0.3,channel,2.5e-05,3.3e-06,0.25,33.0,0.04646368629874349,5.796534392507527e+16
p1_ratio_2p00_common_primary,P1 Ctop/Cbottom=2.00 common-primary proxy,top_primary,interface_4x,T03_P1_CAPACITANCE_RATIO,enabled_symmetric_teaching_top_stack,0.0,0.01,0.0,0.3,channel,0.0,3.3750000000000003e-06,0.0,33.75,0.0,1e+16
p1_ratio_2p00_common_primary,P1 Ctop/Cbottom=2.00 common-primary proxy,top_primary,interface_4x,T03_P1_CAPACITANCE_RATIO,enabled_symmetric_teaching_top_stack,0.0,0.01,0.0,0.3,channel,2.5e-05,3.3750000000000003e-06,0.25,33.75,0.04717628671541342,5.958534513481769e+16
p1_ratio_2p00_common_primary,P1 Ctop/Cbottom=2.00 common-primary proxy,top_primary,interface_4x,T03_P1_CAPACITANCE_RATIO,enabled_symmetric_teaching_top_stack,0.0,0.01,0.0,0.3,channel,0.0,3.45e-06,0.0,34.5,0.0,1e+16
p1_ratio_2p00_common_primary,P1 Ctop/Cbottom=2.00 common-primary proxy,top_primary,interface_4x,T03_P1_CAPACITANCE_RATIO,enabled_symmetric_teaching_top_stack,0.0,0.01,0.0,0.3,channel,2.5e-05,3.45e-06,0.25,34.5,0.047939779879355736,6.137131663275456e+16
p1_ratio_2p00_common_primary,P1 Ctop/Cbottom=2.00 common-primary proxy,top_primary,interface_4x,T03_P1_CAPACITANCE_RATIO,enabled_symmetric_teaching_top_stack,0.0,0.01,0.0,0.3,channel,0.0,3.525e-06,0.0,35.25,0.0,1e+16
p1_ratio_2p00_common_primary,P1 Ctop/Cbottom=2.00 common-primary proxy,top_primary,interface_4x,T03_P1_CAPACITANCE_RATIO,enabled_symmetric_teaching_top_stack,0.0,0.01,0.0,0.3,channel,2.5e-05,3.525e-06,0.25,35.25,0.04875599052370513,6.333984802545628e+16
p1_ratio_2p00_common_primary,P1 Ctop/Cbottom=2.00 common-primary proxy,top_primary,interface_4x,T03_P1_CAPACITANCE_RATIO,enabled_symmetric_teaching_top_stack,0.0,0.01,0.0,0.3,channel,0.0,3.6000000000000003e-06,0.0,36.0,0.0,1e+16
p1_ratio_2p00_common_primary,P1 Ctop/Cbottom=2.00 common-primary proxy,top_primary,interface_4x,T03_P1_CAPACITANCE_RATIO,enabled_symmetric_teaching_top_stack,0.0,0.01,0.0,0.3,channel,2.5e-05,3.6000000000000003e-06,0.25,36.0,0.04962692967749589,6.551005657201555e+16
p1_ratio_2p00_common_primary,P1 Ctop/Cbottom=2.00 common-primary proxy,top_primary,interface_4x,T03_P1_CAPACITANCE_RATIO,enabled_symmetric_teaching_top_stack,0.0,0.01,0.0,0.3,channel,0.0,3.6750000000000004e-06,0.0,36.75000000000001,0.0,1e+16
p1_ratio_2p00_common_primary,P1 Ctop/Cbottom=2.00 common-primary proxy,top_primary,interface_4x,T03_P1_CAPACITANCE_RATIO,enabled_symmetric_teaching_top_stack,0.0,0.01,0.0,0.3,channel,2.5e-05,3.6750000000000004e-06,0.25,36.75000000000001,0.05055481414233912,6.790403092131069e+16
p1_ratio_2p00_common_primary,P1 Ctop/Cbottom=2.00 common-primary proxy,top_primary,interface_4x,T03_P1_CAPACITANCE_RATIO,enabled_symmetric_teaching_top_stack,0.0,0.01,0.0,0.3,channel,0.0,3.7500000000000005e-06,0.0,37.50000000000001,0.0,1e+16
p1_ratio_2p00_common_primary,P1 Ctop/Cbottom=2.00 common-primary proxy,top_primary,interface_4x,T03_P1_CAPACITANCE_RATIO,enabled_symmetric_teaching_top_stack,0.0,0.01,0.0,0.3,channel,2.5e-05,3.7500000000000005e-06,0.25,37.50000000000001,0.051542088995393344,7.054737166654121e+16
p1_ratio_2p00_common_primary,P1 Ctop/Cbottom=2.00 common-primary proxy,top_primary,interface_4x,T03_P1_CAPACITANCE_RATIO,enabled_symmetric_teaching_top_stack,0.0,0.01,0.0,0.3,channel,0.0,3.825000000000001e-06,0.0,38.25000000000001,0.0,1e+16
p1_ratio_2p00_common_primary,P1 Ctop/Cbottom=2.00 common-primary proxy,top_primary,interface_4x,T03_P1_CAPACITANCE_RATIO,enabled_symmetric_teaching_top_stack,0.0,0.01,0.0,0.3,channel,2.5e-05,3.825000000000001e-06,0.25,38.25000000000001,0.05259145366903623,7.34698533170105e+16
p1_ratio_2p00_common_primary,P1 Ctop/Cbottom=2.00 common-primary proxy,top_primary,interface_4x,T03_P1_CAPACITANCE_RATIO,enabled_symmetric_teaching_top_stack,0.0,0.01,0.0,0.3,channel,0.0,3.9e-06,0.0,39.0,0.0,1e+16
p1_ratio_2p00_common_primary,P1 Ctop/Cbottom=2.00 common-primary proxy,top_primary,interface_4x,T03_P1_CAPACITANCE_RATIO,enabled_symmetric_teaching_top_stack,0.0,0.01,0.0,0.3,channel,2.5e-05,3.9e-06,0.25,39.0,0.05370589228126184,7.670623959057062e+16
p1_ratio_2p00_common_primary,P1 Ctop/Cbottom=2.00 common-primary proxy,top_primary,interface_4x,T03_P1_CAPACITANCE_RATIO,enabled_symmetric_teaching_top_stack,0.0,0.01,0.0,0.3,channel,0.0,3.975e-06,0.0,39.75,0.0,1e+16
p1_ratio_2p00_common_primary,P1 Ctop/Cbottom=2.00 common-primary proxy,top_primary,interface_4x,T03_P1_CAPACITANCE_RATIO,enabled_symmetric_teaching_top_stack,0.0,0.01,0.0,0.3,channel,2.5e-05,3.975e-06,0.25,39.75,0.05488870904692417,8.029729371996963e+16
p1_ratio_2p00_common_primary,P1 Ctop/Cbottom=2.00 common-primary proxy,top_primary,interface_4x,T03_P1_CAPACITANCE_RATIO,enabled_symmetric_teaching_top_stack,0.0,0.01,0.0,0.3,channel,0.0,4.05e-06,0.0,40.5,0.0,1e+16
p1_ratio_2p00_common_primary,P1 Ctop/Cbottom=2.00 common-primary proxy,top_primary,interface_4x,T03_P1_CAPACITANCE_RATIO,enabled_symmetric_teaching_top_stack,0.0,0.01,0.0,0.3,channel,2.5e-05,4.05e-06,0.25,40.5,0.05614356979848863,8.429103870715634e+16
p1_ratio_2p00_common_primary,P1 Ctop/Cbottom=2.00 common-primary proxy,top_primary,interface_4x,T03_P1_CAPACITANCE_RATIO,enabled_symmetric_teaching_top_stack,0.0,0.01,0.0,0.3,channel,0.0,4.125e-06,0.0,41.25,0.0,1e+16
p1_ratio_2p00_common_primary,P1 Ctop/Cbottom=2.00 common-primary proxy,top_primary,interface_4x,T03_P1_CAPACITANCE_RATIO,enabled_symmetric_teaching_top_stack,0.0,0.01,0.0,0.3,channel,2.5e-05,4.125e-06,0.25,41.25,0.05747455089941867,8.874434053901749e+16
p1_ratio_2p00_common_primary,P1 Ctop/Cbottom=2.00 common-primary proxy,top_primary,interface_4x,T03_P1_CAPACITANCE_RATIO,enabled_symmetric_teaching_top_stack,0.0,0.01,0.0,0.3,channel,0.0,4.2000000000000004e-06,0.0,42.00000000000001,0.0,1e+16
p1_ratio_2p00_common_primary,P1 Ctop/Cbottom=2.00 common-primary proxy,top_primary,interface_4x,T03_P1_CAPACITANCE_RATIO,enabled_symmetric_teaching_top_stack,0.0,0.01,0.0,0.3,channel,2.5e-05,4.2000000000000004e-06,0.25,42.00000000000001,0.05888619716211795,9.372491231521898e+16
p1_ratio_2p00_common_primary,P1 Ctop/Cbottom=2.00 common-primary proxy,top_primary,interface_4x,T03_P1_CAPACITANCE_RATIO,enabled_symmetric_teaching_top_stack,0.0,0.01,0.0,0.3,channel,0.0,4.2750000000000006e-06,0.0,42.75000000000001,0.0,1e+16
p1_ratio_2p00_common_primary,P1 Ctop/Cbottom=2.00 common-primary proxy,top_primary,interface_4x,T03_P1_CAPACITANCE_RATIO,enabled_symmetric_teaching_top_stack,0.0,0.01,0.0,0.3,channel,2.5e-05,4.2750000000000006e-06,0.25,42.75000000000001,0.06038359081085621,9.931387200818594e+16
p1_ratio_2p00_common_primary,P1 Ctop/Cbottom=2.00 common-primary proxy,top_primary,interface_4x,T03_P1_CAPACITANCE_RATIO,enabled_symmetric_teaching_top_stack,0.0,0.01,0.0,0.3,channel,0.0,4.350000000000001e-06,0.0,43.50000000000001,0.0,1e+16
p1_ratio_2p00_common_primary,P1 Ctop/Cbottom=2.00 common-primary proxy,top_primary,interface_4x,T03_P1_CAPACITANCE_RATIO,enabled_symmetric_teaching_top_stack,0.0,0.01,0.0,0.3,channel,2.5e-05,4.350000000000001e-06,0.25,43.50000000000001,0.061972434093722134,1.0560903561590646e+17
p1_ratio_2p00_common_primary,P1 Ctop/Cbottom=2.00 common-primary proxy,top_primary,interface_4x,T03_P1_CAPACITANCE_RATIO,enabled_symmetric_teaching_top_stack,0.0,0.01,0.0,0.3,channel,0.0,4.425e-06,0.0,44.25,0.0,1e+16
p1_ratio_2p00_common_primary,P1 Ctop/Cbottom=2.00 common-primary proxy,top_primary,interface_4x,T03_P1_CAPACITANCE_RATIO,enabled_symmetric_teaching_top_stack,0.0,0.01,0.0,0.3,channel,2.5e-05,4.425e-06,0.25,44.25,0.06365914889629068,1.1272919749870904e+17
p1_ratio_2p00_common_primary,P1 Ctop/Cbottom=2.00 common-primary proxy,top_primary,interface_4x,T03_P1_CAPACITANCE_RATIO,enabled_symmetric_teaching_top_stack,0.0,0.01,0.0,0.3,channel,0.0,4.5e-06,0.0,45.0,0.0,1e+16
p1_ratio_2p00_common_primary,P1 Ctop/Cbottom=2.00 common-primary proxy,top_primary,interface_4x,T03_P1_CAPACITANCE_RATIO,enabled_symmetric_teaching_top_stack,0.0,0.01,0.0,0.3,channel,2.5e-05,4.5e-06,0.25,45.0,0.06545099771465296,1.2081975103369248e+17
p1_ratio_2p00_common_primary,P1 Ctop/Cbottom=2.00 common-primary proxy,top_primary,interface_4x,T03_P1_CAPACITANCE_RATIO,enabled_symmetric_teaching_top_stack,0.0,0.01,0.0,0.3,channel,0.0,4.575e-06,0.0,45.75,0.0,1e+16
p1_ratio_2p00_common_primary,P1 Ctop/Cbottom=2.00 common-primary proxy,top_primary,interface_4x,T03_P1_CAPACITANCE_RATIO,enabled_symmetric_teaching_top_stack,0.0,0.01,0.0,0.3,channel,2.5e-05,4.575e-06,0.25,45.75,0.06735623170989385,1.3006015149239965e+17
p1_ratio_2p00_common_primary,P1 Ctop/Cbottom=2.00 common-primary proxy,top_primary,interface_4x,T03_P1_CAPACITANCE_RATIO,enabled_symmetric_teaching_top_stack,0.0,0.01,0.0,0.3,channel,0.0,4.65e-06,0.0,46.50000000000001,0.0,1e+16
p1_ratio_2p00_common_primary,P1 Ctop/Cbottom=2.00 common-primary proxy,top_primary,interface_4x,T03_P1_CAPACITANCE_RATIO,enabled_symmetric_teaching_top_stack,0.0,0.01,0.0,0.3,channel,2.5e-05,4.65e-06,0.25,46.50000000000001,0.06938427344145841,1.4067394485733856e+17
p1_ratio_2p00_common_primary,P1 Ctop/Cbottom=2.00 common-primary proxy,top_primary,interface_4x,T03_P1_CAPACITANCE_RATIO,enabled_symmetric_teaching_top_stack,0.0,0.01,0.0,0.3,channel,0.0,4.7250000000000005e-06,0.0,47.25000000000001,0.0,1e+16
p1_ratio_2p00_common_primary,P1 Ctop/Cbottom=2.00 common-primary proxy,top_primary,interface_4x,T03_P1_CAPACITANCE_RATIO,enabled_symmetric_teaching_top_stack,0.0,0.01,0.0,0.3,channel,2.5e-05,4.7250000000000005e-06,0.25,47.25000000000001,0.0715459444889053,1.5294242260633568e+17
p1_ratio_2p00_common_primary,P1 Ctop/Cbottom=2.00 common-primary proxy,top_primary,interface_4x,T03_P1_CAPACITANCE_RATIO,enabled_symmetric_teaching_top_stack,0.0,0.01,0.0,0.3,channel,0.0,4.8e-06,0.0,48.0,0.0,1e+16
p1_ratio_2p00_common_primary,P1 Ctop/Cbottom=2.00 common-primary proxy,top_primary,interface_4x,T03_P1_CAPACITANCE_RATIO,enabled_symmetric_teaching_top_stack,0.0,0.01,0.0,0.3,channel,2.5e-05,4.8e-06,0.25,48.0,0.07385375186264968,1.6722348184243315e+17
p1_ratio_2p00_common_primary,P1 Ctop/Cbottom=2.00 common-primary proxy,top_primary,interface_4x,T03_P1_CAPACITANCE_RATIO,enabled_symmetric_teaching_top_stack,0.0,0.01,0.0,0.3,channel,0.0,4.875e-06,0.0,48.75,0.0,1e+16
p1_ratio_2p00_common_primary,P1 Ctop/Cbottom=2.00 common-primary proxy,top_primary,interface_4x,T03_P1_CAPACITANCE_RATIO,enabled_symmetric_teaching_top_stack,0.0,0.01,0.0,0.3,channel,2.5e-05,4.875e-06,0.25,48.75,0.07632225240309819,1.8397808836092813e+17
p1_ratio_2p00_common_primary,P1 Ctop/Cbottom=2.00 common-primary proxy,top_primary,interface_4x,T03_P1_CAPACITANCE_RATIO,enabled_symmetric_teaching_top_stack,0.0,0.01,0.0,0.3,channel,0.0,4.95e-06,0.0,49.5,0.0,1e+16
p1_ratio_2p00_common_primary,P1 Ctop/Cbottom=2.00 common-primary proxy,top_primary,interface_4x,T03_P1_CAPACITANCE_RATIO,enabled_symmetric_teaching_top_stack,0.0,0.01,0.0,0.3,channel,2.5e-05,4.95e-06,0.25,49.5,0.07896852210694576,2.0380805795172042e+17
p1_ratio_2p00_common_primary,P1 Ctop/Cbottom=2.00 common-primary proxy,top_primary,interface_4x,T03_P1_CAPACITANCE_RATIO,enabled_symmetric_teaching_top_stack,0.0,0.01,0.0,0.3,channel,0.0,5.025e-06,0.0,50.25,0.0,1e+16
p1_ratio_2p00_common_primary,P1 Ctop/Cbottom=2.00 common-primary proxy,top_primary,interface_4x,T03_P1_CAPACITANCE_RATIO,enabled_symmetric_teaching_top_stack,0.0,0.01,0.0,0.3,channel,2.5e-05,5.025e-06,0.25,50.25,0.08181276884063658,2.2751104543520534e+17
p1_ratio_2p00_common_primary,P1 Ctop/Cbottom=2.00 common-primary proxy,top_primary,interface_4x,T03_P1_CAPACITANCE_RATIO,enabled_symmetric_teaching_top_stack,0.0,0.01,0.0,0.3,channel,0.0,5.1e-06,0.0,51.0,0.0,1e+16
p1_ratio_2p00_common_primary,P1 Ctop/Cbottom=2.00 common-primary proxy,top_primary,interface_4x,T03_P1_CAPACITANCE_RATIO,enabled_symmetric_teaching_top_stack,0.0,0.01,0.0,0.3,channel,2.5e-05,5.1e-06,0.25,51.0,0.08487914441720656,2.561623161010131e+17
p1_ratio_2p00_common_primary,P1 Ctop/Cbottom=2.00 common-primary proxy,top_primary,interface_4x,T03_P1_CAPACITANCE_RATIO,enabled_symmetric_teaching_top_stack,0.0,0.01,0.0,0.3,channel,0.0,5.1750000000000004e-06,0.0,51.75000000000001,0.0,1e+16
p1_ratio_2p00_common_primary,P1 Ctop/Cbottom=2.00 common-primary proxy,top_primary,interface_4x,T03_P1_CAPACITANCE_RATIO,enabled_symmetric_teaching_top_stack,0.0,0.01,0.0,0.3,channel,2.5e-05,5.1750000000000004e-06,0.25,51.75000000000001,0.08819683927503773,2.912393106364638e+17
p1_ratio_2p00_common_primary,P1 Ctop/Cbottom=2.00 common-primary proxy,top_primary,interface_4x,T03_P1_CAPACITANCE_RATIO,enabled_symmetric_teaching_top_stack,0.0,0.01,0.0,0.3,channel,0.0,5.2500000000000006e-06,0.0,52.50000000000001,0.0,1e+16
p1_ratio_2p00_common_primary,P1 Ctop/Cbottom=2.00 common-primary proxy,top_primary,interface_4x,T03_P1_CAPACITANCE_RATIO,enabled_symmetric_teaching_top_stack,0.0,0.01,0.0,0.3,channel,2.5e-05,5.2500000000000006e-06,0.25,52.50000000000001,0.09180158655702972,3.348166415477227e+17
p1_ratio_2p00_common_primary,P1 Ctop/Cbottom=2.00 common-primary proxy,top_primary,interface_4x,T03_P1_CAPACITANCE_RATIO,enabled_symmetric_teaching_top_stack,0.0,0.01,0.0,0.3,channel,0.0,5.325e-06,0.0,53.25,0.0,1e+16
p1_ratio_2p00_common_primary,P1 Ctop/Cbottom=2.00 common-primary proxy,top_primary,interface_4x,T03_P1_CAPACITANCE_RATIO,enabled_symmetric_teaching_top_stack,0.0,0.01,0.0,0.3,channel,2.5e-05,5.325e-06,0.25,53.25,0.09573777408119742,3.898809787354433e+17
p1_ratio_2p00_common_primary,P1 Ctop/Cbottom=2.00 common-primary proxy,top_primary,interface_4x,T03_P1_CAPACITANCE_RATIO,enabled_symmetric_teaching_top_stack,0.0,0.01,0.0,0.3,channel,0.0,5.4e-06,0.0,54.0,0.0,1e+16
p1_ratio_2p00_common_primary,P1 Ctop/Cbottom=2.00 common-primary proxy,top_primary,interface_4x,T03_P1_CAPACITANCE_RATIO,enabled_symmetric_teaching_top_stack,0.0,0.01,0.0,0.3,channel,2.5e-05,5.4e-06,0.25,54.0,0.10006148472855575,4.6085805231564774e+17
p1_ratio_2p00_common_primary,P1 Ctop/Cbottom=2.00 common-primary proxy,top_primary,interface_4x,T03_P1_CAPACITANCE_RATIO,enabled_symmetric_teaching_top_stack,0.0,0.01,0.0,0.3,channel,5e-05,3e-06,0.5,30.0,0.04435092594259022,5.2996855430586e+16
p1_ratio_2p00_common_primary,P1 Ctop/Cbottom=2.00 common-primary proxy,top_primary,interface_4x,T03_P1_CAPACITANCE_RATIO,enabled_symmetric_teaching_top_stack,0.0,0.01,0.0,0.3,channel,5e-05,3.075e-06,0.5,30.750000000000004,0.044875460183296335,5.408313883554857e+16
p1_ratio_2p00_common_primary,P1 Ctop/Cbottom=2.00 common-primary proxy,top_primary,interface_4x,T03_P1_CAPACITANCE_RATIO,enabled_symmetric_teaching_top_stack,0.0,0.01,0.0,0.3,channel,5e-05,3.1500000000000003e-06,0.5,31.500000000000004,0.04544486537885003,5.528756655914978e+16
p1_ratio_2p00_common_primary,P1 Ctop/Cbottom=2.00 common-primary proxy,top_primary,interface_4x,T03_P1_CAPACITANCE_RATIO,enabled_symmetric_teaching_top_stack,0.0,0.01,0.0,0.3,channel,5e-05,3.225e-06,0.5,32.25,0.046060367443638686,5.6619685779894616e+16
p1_ratio_2p00_common_primary,P1 Ctop/Cbottom=2.00 common-primary proxy,top_primary,interface_4x,T03_P1_CAPACITANCE_RATIO,enabled_symmetric_teaching_top_stack,0.0,0.01,0.0,0.3,channel,5e-05,3.3e-06,0.5,33.0,0.046723322261245884,5.809043192840999e+16
p1_ratio_2p00_common_primary,P1 Ctop/Cbottom=2.00 common-primary proxy,top_primary,interface_4x,T03_P1_CAPACITANCE_RATIO,enabled_symmetric_teaching_top_stack,0.0,0.01,0.0,0.3,channel,5e-05,3.3750000000000003e-06,0.5,33.75,0.047435226815051856,5.971233797543053e+16
p1_ratio_2p00_common_primary,P1 Ctop/Cbottom=2.00 common-primary proxy,top_primary,interface_4x,T03_P1_CAPACITANCE_RATIO,enabled_symmetric_teaching_top_stack,0.0,0.01,0.0,0.3,channel,5e-05,3.45e-06,0.5,34.5,0.04819773194488685,6.1499785120883e+16
p1_ratio_2p00_common_primary,P1 Ctop/Cbottom=2.00 common-primary proxy,top_primary,interface_4x,T03_P1_CAPACITANCE_RATIO,enabled_symmetric_teaching_top_stack,0.0,0.01,0.0,0.3,channel,5e-05,3.525e-06,0.5,35.25,0.04901265698490113,6.3469304103393944e+16
p1_ratio_2p00_common_primary,P1 Ctop/Cbottom=2.00 common-primary proxy,top_primary,interface_4x,T03_P1_CAPACITANCE_RATIO,enabled_symmetric_teaching_top_stack,0.0,0.01,0.0,0.3,channel,5e-05,3.6000000000000003e-06,0.5,36.0,0.049882006589339105,6.563993877680688e+16
p1_ratio_2p00_common_primary,P1 Ctop/Cbottom=2.00 common-primary proxy,top_primary,interface_4x,T03_P1_CAPACITANCE_RATIO,enabled_symmetric_teaching_top_stack,0.0,0.01,0.0,0.3,channel,5e-05,3.6750000000000004e-06,0.5,36.75000000000001,0.05080799011628406,6.803368675216958e+16
p1_ratio_2p00_common_primary,P1 Ctop/Cbottom=2.00 common-primary proxy,top_primary,interface_4x,T03_P1_CAPACITANCE_RATIO,enabled_symmetric_teaching_top_stack,0.0,0.01,0.0,0.3,channel,5e-05,3.7500000000000005e-06,0.5,37.50000000000001,0.05179304401788041,7.06760360264468e+16
p1_ratio_2p00_common_primary,P1 Ctop/Cbottom=2.00 common-primary proxy,top_primary,interface_4x,T03_P1_CAPACITANCE_RATIO,enabled_symmetric_teaching_top_stack,0.0,0.01,0.0,0.3,channel,5e-05,3.825000000000001e-06,0.5,38.25000000000001,0.05283985778324077,7.359662195332514e+16
p1_ratio_2p00_common_primary,P1 Ctop/Cbottom=2.00 common-primary proxy,top_primary,interface_4x,T03_P1_CAPACITANCE_RATIO,enabled_symmetric_teaching_top_stack,0.0,0.01,0.0,0.3,channel,5e-05,3.9e-06,0.5,39.0,0.053951404102735384,7.683003613161731e+16
p1_ratio_2p00_common_primary,P1 Ctop/Cbottom=2.00 common-primary proxy,top_primary,interface_4x,T03_P1_CAPACITANCE_RATIO,enabled_symmetric_teaching_top_stack,0.0,0.01,0.0,0.3,channel,5e-05,3.975e-06,0.5,39.75,0.055130974076990455,8.041682846136426e+16
p1_ratio_2p00_common_primary,P1 Ctop/Cbottom=2.00 common-primary proxy,top_primary,interface_4x,T03_P1_CAPACITANCE_RATIO,enabled_symmetric_teaching_top_stack,0.0,0.01,0.0,0.3,channel,5e-05,4.05e-06,0.5,40.5,0.05638221849053758,8.440475669756394e+16
p1_ratio_2p00_common_primary,P1 Ctop/Cbottom=2.00 common-primary proxy,top_primary,interface_4x,T03_P1_CAPACITANCE_RATIO,enabled_symmetric_teaching_top_stack,0.0,0.01,0.0,0.3,channel,5e-05,4.125e-06,0.5,41.25,0.05770919642197239,8.885035568362238e+16
p1_ratio_2p00_common_primary,P1 Ctop/Cbottom=2.00 common-primary proxy,top_primary,interface_4x,T03_P1_CAPACITANCE_RATIO,enabled_symmetric_teaching_top_stack,0.0,0.01,0.0,0.3,channel,5e-05,4.2000000000000004e-06,0.5,42.00000000000001,0.0591164327878657,9.382092305945258e+16
p1_ratio_2p00_common_primary,P1 Ctop/Cbottom=2.00 common-primary proxy,top_primary,interface_4x,T03_P1_CAPACITANCE_RATIO,enabled_symmetric_teaching_top_stack,0.0,0.01,0.0,0.3,channel,5e-05,4.2750000000000006e-06,0.5,42.75000000000001,0.060608986841579615,9.939705254004483e+16
p1_ratio_2p00_common_primary,P1 Ctop/Cbottom=2.00 common-primary proxy,top_primary,interface_4x,T03_P1_CAPACITANCE_RATIO,enabled_symmetric_teaching_top_stack,0.0,0.01,0.0,0.3,channel,5e-05,4.350000000000001e-06,0.5,43.50000000000001,0.06219253420548541,1.056758942158208e+17
p1_ratio_2p00_common_primary,P1 Ctop/Cbottom=2.00 common-primary proxy,top_primary,interface_4x,T03_P1_CAPACITANCE_RATIO,enabled_symmetric_teaching_top_stack,0.0,0.01,0.0,0.3,channel,5e-05,4.425e-06,0.5,44.25,0.06387346575507885,1.127753903408316e+17
p1_ratio_2p00_common_primary,P1 Ctop/Cbottom=2.00 common-primary proxy,top_primary,interface_4x,T03_P1_CAPACITANCE_RATIO,enabled_symmetric_teaching_top_stack,0.0,0.01,0.0,0.3,channel,5e-05,4.5e-06,0.5,45.0,0.06565900766638921,1.208398348895902e+17
p1_ratio_2p00_common_primary,P1 Ctop/Cbottom=2.00 common-primary proxy,top_primary,interface_4x,T03_P1_CAPACITANCE_RATIO,enabled_symmetric_teaching_top_stack,0.0,0.01,0.0,0.3,channel,5e-05,4.575e-06,0.5,45.75,0.06755736828547544,1.3004725160088877e+17
p1_ratio_2p00_common_primary,P1 Ctop/Cbottom=2.00 common-primary proxy,top_primary,interface_4x,T03_P1_CAPACITANCE_RATIO,enabled_symmetric_teaching_top_stack,0.0,0.01,0.0,0.3,channel,5e-05,4.65e-06,0.5,46.50000000000001,0.0695779193297505,1.4061930340923568e+17
p1_ratio_2p00_common_primary,P1 Ctop/Cbottom=2.00 common-primary proxy,top_primary,interface_4x,T03_P1_CAPACITANCE_RATIO,enabled_symmetric_teaching_top_stack,0.0,0.01,0.0,0.3,channel,5e-05,4.7250000000000005e-06,0.5,47.25000000000001,0.07173142150744743,1.5283477673541254e+17
p1_ratio_2p00_common_primary,P1 Ctop/Cbottom=2.00 common-primary proxy,top_primary,interface_4x,T03_P1_CAPACITANCE_RATIO,enabled_symmetric_teaching_top_stack,0.0,0.01,0.0,0.3,channel,5e-05,4.8e-06,0.5,48.0,0.07403030828021118,1.670481941819554e+17
p1_ratio_2p00_common_primary,P1 Ctop/Cbottom=2.00 common-primary proxy,top_primary,interface_4x,T03_P1_CAPACITANCE_RATIO,enabled_symmetric_teaching_top_stack,0.0,0.01,0.0,0.3,channel,5e-05,4.875e-06,0.5,48.75,0.07648904671374769,1.8371591208210858e+17
p1_ratio_2p00_common_primary,P1 Ctop/Cbottom=2.00 common-primary proxy,top_primary,interface_4x,T03_P1_CAPACITANCE_RATIO,enabled_symmetric_teaching_top_stack,0.0,0.01,0.0,0.3,channel,5e-05,4.95e-06,0.5,49.5,0.07912460197992076,2.034333511629211e+17
p1_ratio_2p00_common_primary,P1 Ctop/Cbottom=2.00 common-primary proxy,top_primary,interface_4x,T03_P1_CAPACITANCE_RATIO,enabled_symmetric_teaching_top_stack,0.0,0.01,0.0,0.3,channel,5e-05,5.025e-06,0.5,50.25,0.08195704340552895,2.269891378080053e+17
p1_ratio_2p00_common_primary,P1 Ctop/Cbottom=2.00 common-primary proxy,top_primary,interface_4x,T03_P1_CAPACITANCE_RATIO,enabled_symmetric_teaching_top_stack,0.0,0.01,0.0,0.3,channel,5e-05,5.1e-06,0.5,51.0,0.08501034717545237,2.5544553811661155e+17
p1_ratio_2p00_common_primary,P1 Ctop/Cbottom=2.00 common-primary proxy,top_primary,interface_4x,T03_P1_CAPACITANCE_RATIO,enabled_symmetric_teaching_top_stack,0.0,0.01,0.0,0.3,channel,5e-05,5.1750000000000004e-06,0.5,51.75000000000001,0.08831347755998771,2.902608546008566e+17
p1_ratio_2p00_common_primary,P1 Ctop/Cbottom=2.00 common-primary proxy,top_primary,interface_4x,T03_P1_CAPACITANCE_RATIO,enabled_symmetric_teaching_top_stack,0.0,0.01,0.0,0.3,channel,5e-05,5.2500000000000006e-06,0.5,52.50000000000001,0.0919018712478728,3.3348079679530675e+17
p1_ratio_2p00_common_primary,P1 Ctop/Cbottom=2.00 common-primary proxy,top_primary,interface_4x,T03_P1_CAPACITANCE_RATIO,enabled_symmetric_teaching_top_stack,0.0,0.01,0.0,0.3,channel,5e-05,5.325e-06,0.5,53.25,0.0958195195716211,3.8804708536731424e+17
p1_ratio_2p00_common_primary,P1 Ctop/Cbottom=2.00 common-primary proxy,top_primary,interface_4x,T03_P1_CAPACITANCE_RATIO,enabled_symmetric_teaching_top_stack,0.0,0.01,0.0,0.3,channel,5e-05,5.4e-06,0.5,54.0,0.10012196273794677,4.5831312001731245e+17
p1_ratio_2p00_common_primary,P1 Ctop/Cbottom=2.00 common-primary proxy,top_primary,interface_4x,T03_P1_CAPACITANCE_RATIO,enabled_symmetric_teaching_top_stack,0.0,0.01,0.0,0.3,channel,7.500000000000001e-05,3e-06,0.7500000000000001,30.0,0.0445103343413833,5.290558448921588e+16
p1_ratio_2p00_common_primary,P1 Ctop/Cbottom=2.00 common-primary proxy,top_primary,interface_4x,T03_P1_CAPACITANCE_RATIO,enabled_symmetric_teaching_top_stack,0.0,0.01,0.0,0.3,channel,7.500000000000001e-05,3.075e-06,0.7500000000000001,30.750000000000004,0.04503662055189129,5.399365608398464e+16
p1_ratio_2p00_common_primary,P1 Ctop/Cbottom=2.00 common-primary proxy,top_primary,interface_4x,T03_P1_CAPACITANCE_RATIO,enabled_symmetric_teaching_top_stack,0.0,0.01,0.0,0.3,channel,7.500000000000001e-05,3.1500000000000003e-06,0.7500000000000001,31.500000000000004,0.045607685747575545,5.519963537481527e+16
p1_ratio_2p00_common_primary,P1 Ctop/Cbottom=2.00 common-primary proxy,top_primary,interface_4x,T03_P1_CAPACITANCE_RATIO,enabled_symmetric_teaching_top_stack,0.0,0.01,0.0,0.3,channel,7.500000000000001e-05,3.225e-06,0.7500000000000001,32.25,0.046224757435540866,5.653306828273389e+16
p1_ratio_2p00_common_primary,P1 Ctop/Cbottom=2.00 common-primary proxy,top_primary,interface_4x,T03_P1_CAPACITANCE_RATIO,enabled_symmetric_teaching_top_stack,0.0,0.01,0.0,0.3,channel,7.500000000000001e-05,3.3e-06,0.7500000000000001,33.0,0.046889192851674484,5.800488642028259e+16
p1_ratio_2p00_common_primary,P1 Ctop/Cbottom=2.00 common-primary proxy,top_primary,interface_4x,T03_P1_CAPACITANCE_RATIO,enabled_symmetric_teaching_top_stack,0.0,0.01,0.0,0.3,channel,7.500000000000001e-05,3.3750000000000003e-06,0.7500000000000001,33.75,0.047602490087398544,5.962761612280769e+16
p1_ratio_2p00_common_primary,P1 Ctop/Cbottom=2.00 common-primary proxy,top_primary,interface_4x,T03_P1_CAPACITANCE_RATIO,enabled_symmetric_teaching_top_stack,0.0,0.01,0.0,0.3,channel,7.500000000000001e-05,3.45e-06,0.7500000000000001,34.5,0.04836630083961271,6.141562879911413e+16
p1_ratio_2p00_common_primary,P1 Ctop/Cbottom=2.00 common-primary proxy,top_primary,interface_4x,T03_P1_CAPACITANCE_RATIO,enabled_symmetric_teaching_top_stack,0.0,0.01,0.0,0.3,channel,7.500000000000001e-05,3.525e-06,0.7500000000000001,35.25,0.04918244503864656,6.338544180274417e+16
p1_ratio_2p00_common_primary,P1 Ctop/Cbottom=2.00 common-primary proxy,top_primary,interface_4x,T03_P1_CAPACITANCE_RATIO,enabled_symmetric_teaching_top_stack,0.0,0.01,0.0,0.3,channel,7.500000000000001e-05,3.6000000000000003e-06,0.7500000000000001,36.0,0.05005292766046395,6.55560814466807e+16
p1_ratio_2p00_common_primary,P1 Ctop/Cbottom=2.00 common-primary proxy,top_primary,interface_4x,T03_P1_CAPACITANCE_RATIO,enabled_symmetric_teaching_top_stack,0.0,0.01,0.0,0.3,channel,7.500000000000001e-05,3.6750000000000004e-06,0.7500000000000001,36.75000000000001,0.05097995809261406,6.794952292857811e+16
p1_ratio_2p00_common_primary,P1 Ctop/Cbottom=2.00 common-primary proxy,top_primary,interface_4x,T03_P1_CAPACITANCE_RATIO,enabled_symmetric_teaching_top_stack,0.0,0.01,0.0,0.3,channel,7.500000000000001e-05,3.7500000000000005e-06,0.7500000000000001,37.50000000000001,0.05196597250170763,7.059122604628747e+16
p1_ratio_2p00_common_primary,P1 Ctop/Cbottom=2.00 common-primary proxy,top_primary,interface_4x,T03_P1_CAPACITANCE_RATIO,enabled_symmetric_teaching_top_stack,0.0,0.01,0.0,0.3,channel,7.500000000000001e-05,3.825000000000001e-06,0.7500000000000001,38.25000000000001,0.053013659747696805,7.351079100386693e+16
p1_ratio_2p00_common_primary,P1 Ctop/Cbottom=2.00 common-primary proxy,top_primary,interface_4x,T03_P1_CAPACITANCE_RATIO,enabled_symmetric_teaching_top_stack,0.0,0.01,0.0,0.3,channel,7.500000000000001e-05,3.9e-06,0.7500000000000001,39.0,0.05412599151247141,7.674276580972866e+16
p1_ratio_2p00_common_primary,P1 Ctop/Cbottom=2.00 common-primary proxy,top_primary,interface_4x,T03_P1_CAPACITANCE_RATIO,enabled_symmetric_teaching_top_stack,0.0,0.01,0.0,0.3,channel,7.500000000000001e-05,3.975e-06,0.7500000000000001,39.75,0.0553062574645827,8.032764641742085e+16
p1_ratio_2p00_common_primary,P1 Ctop/Cbottom=2.00 common-primary proxy,top_primary,interface_4x,T03_P1_CAPACITANCE_RATIO,enabled_symmetric_teaching_top_stack,0.0,0.01,0.0,0.3,channel,7.500000000000001e-05,4.05e-06,0.7500000000000001,40.5,0.05655810647808867,8.431312380352226e+16
p1_ratio_2p00_common_primary,P1 Ctop/Cbottom=2.00 common-primary proxy,top_primary,interface_4x,T03_P1_CAPACITANCE_RATIO,enabled_symmetric_teaching_top_stack,0.0,0.01,0.0,0.3,channel,7.500000000000001e-05,4.125e-06,0.7500000000000001,41.25,0.05788559517486055,8.875564997883325e+16
p1_ratio_2p00_common_primary,P1 Ctop/Cbottom=2.00 common-primary proxy,top_primary,interface_4x,T03_P1_CAPACITANCE_RATIO,enabled_symmetric_teaching_top_stack,0.0,0.01,0.0,0.3,channel,7.500000000000001e-05,4.2000000000000004e-06,0.7500000000000001,42.00000000000001,0.059293245384316344,9.372241947004387e+16
p1_ratio_2p00_common_primary,P1 Ctop/Cbottom=2.00 common-primary proxy,top_primary,interface_4x,T03_P1_CAPACITANCE_RATIO,enabled_symmetric_teaching_top_stack,0.0,0.01,0.0,0.3,channel,7.500000000000001e-05,4.2750000000000006e-06,0.7500000000000001,42.75000000000001,0.06078611253743454,9.92938970064716e+16
p1_ratio_2p00_common_primary,P1 Ctop/Cbottom=2.00 common-primary proxy,top_primary,interface_4x,T03_P1_CAPACITANCE_RATIO,enabled_symmetric_teaching_top_stack,0.0,0.01,0.0,0.3,channel,7.500000000000001e-05,4.350000000000001e-06,0.7500000000000001,43.50000000000001,0.062369867567856146,1.0556707035094808e+17
p1_ratio_2p00_common_primary,P1 Ctop/Cbottom=2.00 common-primary proxy,top_primary,interface_4x,T03_P1_CAPACITANCE_RATIO,enabled_symmetric_teaching_top_stack,0.0,0.01,0.0,0.3,channel,7.500000000000001e-05,4.425e-06,0.7500000000000001,44.25,0.06405089563097242,1.1265967600532451e+17
p1_ratio_2p00_common_primary,P1 Ctop/Cbottom=2.00 common-primary proxy,top_primary,interface_4x,T03_P1_CAPACITANCE_RATIO,enabled_symmetric_teaching_top_stack,0.0,0.01,0.0,0.3,channel,7.500000000000001e-05,4.5e-06,0.7500000000000001,45.0,0.06583641594213642,1.2071574500053944e+17
p1_ratio_2p00_common_primary,P1 Ctop/Cbottom=2.00 common-primary proxy,top_primary,interface_4x,T03_P1_CAPACITANCE_RATIO,enabled_symmetric_teaching_top_stack,0.0,0.01,0.0,0.3,channel,7.500000000000001e-05,4.575e-06,0.7500000000000001,45.75,0.06773462837878608,1.2991296190754333e+17
p1_ratio_2p00_common_primary,P1 Ctop/Cbottom=2.00 common-primary proxy,top_primary,interface_4x,T03_P1_CAPACITANCE_RATIO,enabled_symmetric_teaching_top_stack,0.0,0.01,0.0,0.3,channel,7.500000000000001e-05,4.65e-06,0.7500000000000001,46.50000000000001,0.06975489433685551,1.4047254759475e+17
p1_ratio_2p00_common_primary,P1 Ctop/Cbottom=2.00 common-primary proxy,top_primary,interface_4x,T03_P1_CAPACITANCE_RATIO,enabled_symmetric_teaching_top_stack,0.0,0.01,0.0,0.3,channel,7.500000000000001e-05,4.7250000000000005e-06,0.7500000000000001,47.25000000000001,0.0719079619006482,1.5267270557576586e+17
p1_ratio_2p00_common_primary,P1 Ctop/Cbottom=2.00 common-primary proxy,top_primary,interface_4x,T03_P1_CAPACITANCE_RATIO,enabled_symmetric_teaching_top_stack,0.0,0.01,0.0,0.3,channel,7.500000000000001e-05,4.8e-06,0.7500000000000001,48.0,0.0742062490125503,1.6686717984583114e+17
p1_ratio_2p00_common_primary,P1 Ctop/Cbottom=2.00 common-primary proxy,top_primary,interface_4x,T03_P1_CAPACITANCE_RATIO,enabled_symmetric_teaching_top_stack,0.0,0.01,0.0,0.3,channel,7.500000000000001e-05,4.875e-06,0.7500000000000001,48.75,0.07666420353169572,1.83511271679858e+17
p1_ratio_2p00_common_primary,P1 Ctop/Cbottom=2.00 common-primary proxy,top_primary,interface_4x,T03_P1_CAPACITANCE_RATIO,enabled_symmetric_teaching_top_stack,0.0,0.01,0.0,0.3,channel,7.500000000000001e-05,4.95e-06,0.7500000000000001,49.5,0.07929876666280541,2.031989490579974e+17
p1_ratio_2p00_common_primary,P1 Ctop/Cbottom=2.00 common-primary proxy,top_primary,interface_4x,T03_P1_CAPACITANCE_RATIO,enabled_symmetric_teaching_top_stack,0.0,0.01,0.0,0.3,channel,7.500000000000001e-05,5.025e-06,0.7500000000000001,50.25,0.08212997752706576,2.2671680186665965e+17
p1_ratio_2p00_common_primary,P1 Ctop/Cbottom=2.00 common-primary proxy,top_primary,interface_4x,T03_P1_CAPACITANCE_RATIO,enabled_symmetric_teaching_top_stack,0.0,0.01,0.0,0.3,channel,7.500000000000001e-05,5.1e-06,0.7500000000000001,51.0,0.08518177379339886,2.551241833340273e+17
p1_ratio_2p00_common_primary,P1 Ctop/Cbottom=2.00 common-primary proxy,top_primary,interface_4x,T03_P1_CAPACITANCE_RATIO,enabled_symmetric_teaching_top_stack,0.0,0.01,0.0,0.3,channel,7.500000000000001e-05,5.1750000000000004e-06,0.7500000000000001,51.75000000000001,0.08848306994216164,2.8987513368655686e+17
p1_ratio_2p00_common_primary,P1 Ctop/Cbottom=2.00 common-primary proxy,top_primary,interface_4x,T03_P1_CAPACITANCE_RATIO,enabled_symmetric_teaching_top_stack,0.0,0.01,0.0,0.3,channel,7.500000000000001e-05,5.2500000000000006e-06,0.7500000000000001,52.50000000000001,0.09206923726138475,3.33008961921703e+17
p1_ratio_2p00_common_primary,P1 Ctop/Cbottom=2.00 common-primary proxy,top_primary,interface_4x,T03_P1_CAPACITANCE_RATIO,enabled_symmetric_teaching_top_stack,0.0,0.01,0.0,0.3,channel,7.500000000000001e-05,5.325e-06,0.7500000000000001,53.25,0.0959841795593909,3.8745748700099814e+17
p1_ratio_2p00_common_primary,P1 Ctop/Cbottom=2.00 common-primary proxy,top_primary,interface_4x,T03_P1_CAPACITANCE_RATIO,enabled_symmetric_teaching_top_stack,0.0,0.01,0.0,0.3,channel,7.500000000000001e-05,5.4e-06,0.7500000000000001,54.0,0.10028331731953641,4.575582528800251e+17
p1_ratio_2p00_common_primary,P1 Ctop/Cbottom=2.00 common-primary proxy,top_primary,interface_4x,T03_P1_CAPACITANCE_RATIO,enabled_symmetric_teaching_top_stack,0.0,0.01,0.0,0.3,channel,0.0001,3e-06,1.0,30.0,0.0446697246899088,5.28139083034288e+16
p1_ratio_2p00_common_primary,P1 Ctop/Cbottom=2.00 common-primary proxy,top_primary,interface_4x,T03_P1_CAPACITANCE_RATIO,enabled_symmetric_teaching_top_stack,0.0,0.01,0.0,0.3,channel,0.0001,3.075e-06,1.0,30.750000000000004,0.045197770648660894,5.390376356892478e+16
p1_ratio_2p00_common_primary,P1 Ctop/Cbottom=2.00 common-primary proxy,top_primary,interface_4x,T03_P1_CAPACITANCE_RATIO,enabled_symmetric_teaching_top_stack,0.0,0.01,0.0,0.3,channel,0.0001,3.1500000000000003e-06,1.0,31.500000000000004,0.045770504093793705,5.511129131812108e+16
p1_ratio_2p00_common_primary,P1 Ctop/Cbottom=2.00 common-primary proxy,top_primary,interface_4x,T03_P1_CAPACITANCE_RATIO,enabled_symmetric_teaching_top_stack,0.0,0.01,0.0,0.3,channel,0.0001,3.225e-06,1.0,32.25,0.046389154108569336,5.644603619927479e+16
p1_ratio_2p00_common_primary,P1 Ctop/Cbottom=2.00 common-primary proxy,top_primary,interface_4x,T03_P1_CAPACITANCE_RATIO,enabled_symmetric_teaching_top_stack,0.0,0.01,0.0,0.3,channel,0.0001,3.3e-06,1.0,33.0,0.04705507926433017,5.7918926010269464e+16
p1_ratio_2p00_common_primary,P1 Ctop/Cbottom=2.00 common-primary proxy,top_primary,interface_4x,T03_P1_CAPACITANCE_RATIO,enabled_symmetric_teaching_top_stack,0.0,0.01,0.0,0.3,channel,0.0001,3.3750000000000003e-06,1.0,33.75,0.04776977874336852,5.954248047407282e+16
p1_ratio_2p00_common_primary,P1 Ctop/Cbottom=2.00 common-primary proxy,top_primary,interface_4x,T03_P1_CAPACITANCE_RATIO,enabled_symmetric_teaching_top_stack,0.0,0.01,0.0,0.3,channel,0.0001,3.45e-06,1.0,34.5,0.04853490508213874,6.1331061252358296e+16
p1_ratio_2p00_common_primary,P1 Ctop/Cbottom=2.00 common-primary proxy,top_primary,interface_4x,T03_P1_CAPACITANCE_RATIO,enabled_symmetric_teaching_top_stack,0.0,0.01,0.0,0.3,channel,0.0001,3.525e-06,1.0,35.25,0.049352278789288426,6.3301172380570536e+16
p1_ratio_2p00_common_primary,P1 Ctop/Cbottom=2.00 common-primary proxy,top_primary,interface_4x,T03_P1_CAPACITANCE_RATIO,enabled_symmetric_teaching_top_stack,0.0,0.01,0.0,0.3,channel,0.0001,3.6000000000000003e-06,1.0,36.0,0.05022390514430679,6.547182272357348e+16
p1_ratio_2p00_common_primary,P1 Ctop/Cbottom=2.00 common-primary proxy,top_primary,interface_4x,T03_P1_CAPACITANCE_RATIO,enabled_symmetric_teaching_top_stack,0.0,0.01,0.0,0.3,channel,0.0001,3.6750000000000004e-06,1.0,36.75000000000001,0.05115199354571607,6.786496518779382e+16
p1_ratio_2p00_common_primary,P1 Ctop/Cbottom=2.00 common-primary proxy,top_primary,interface_4x,T03_P1_CAPACITANCE_RATIO,enabled_symmetric_teaching_top_stack,0.0,0.01,0.0,0.3,channel,0.0001,3.7500000000000005e-06,1.0,37.50000000000001,0.052138979855858476,7.050603152836684e+16
p1_ratio_2p00_common_primary,P1 Ctop/Cbottom=2.00 common-primary proxy,top_primary,interface_4x,T03_P1_CAPACITANCE_RATIO,enabled_symmetric_teaching_top_stack,0.0,0.01,0.0,0.3,channel,0.0001,3.825000000000001e-06,1.0,38.25000000000001,0.053187552286632654,7.342458699660738e+16
p1_ratio_2p00_common_primary,P1 Ctop/Cbottom=2.00 common-primary proxy,top_primary,interface_4x,T03_P1_CAPACITANCE_RATIO,enabled_symmetric_teaching_top_stack,0.0,0.01,0.0,0.3,channel,0.0001,3.9e-06,1.0,39.0,0.05430068149251314,7.665513625602114e+16
p1_ratio_2p00_common_primary,P1 Ctop/Cbottom=2.00 common-primary proxy,top_primary,interface_4x,T03_P1_CAPACITANCE_RATIO,enabled_symmetric_teaching_top_stack,0.0,0.01,0.0,0.3,channel,0.0001,3.975e-06,1.0,39.75,0.05548165569115537,8.023812161832678e+16
p1_ratio_2p00_common_primary,P1 Ctop/Cbottom=2.00 common-primary proxy,top_primary,interface_4x,T03_P1_CAPACITANCE_RATIO,enabled_symmetric_teaching_top_stack,0.0,0.01,0.0,0.3,channel,0.0001,4.05e-06,1.0,40.5,0.05673412182764147,8.422116765930371e+16
p1_ratio_2p00_common_primary,P1 Ctop/Cbottom=2.00 common-primary proxy,top_primary,interface_4x,T03_P1_CAPACITANCE_RATIO,enabled_symmetric_teaching_top_stack,0.0,0.01,0.0,0.3,channel,0.0001,4.125e-06,1.0,41.25,0.058062134049200555,8.866064402583213e+16
p1_ratio_2p00_common_primary,P1 Ctop/Cbottom=2.00 common-primary proxy,top_primary,interface_4x,T03_P1_CAPACITANCE_RATIO,enabled_symmetric_teaching_top_stack,0.0,0.01,0.0,0.3,channel,0.0001,4.2000000000000004e-06,1.0,42.00000000000001,0.05947021108110799,9.362364271509834e+16
p1_ratio_2p00_common_primary,P1 Ctop/Cbottom=2.00 common-primary proxy,top_primary,interface_4x,T03_P1_CAPACITANCE_RATIO,enabled_symmetric_teaching_top_stack,0.0,0.01,0.0,0.3,channel,0.0001,4.2750000000000006e-06,1.0,42.75000000000001,0.06096340451633923,9.919050020150995e+16
p1_ratio_2p00_common_primary,P1 Ctop/Cbottom=2.00 common-primary proxy,top_primary,interface_4x,T03_P1_CAPACITANCE_RATIO,enabled_symmetric_teaching_top_stack,0.0,0.01,0.0,0.3,channel,0.0001,4.350000000000001e-06,1.0,43.50000000000001,0.06254738058612745,1.0545804284130606e+17
p1_ratio_2p00_common_primary,P1 Ctop/Cbottom=2.00 common-primary proxy,top_primary,interface_4x,T03_P1_CAPACITANCE_RATIO,enabled_symmetric_teaching_top_stack,0.0,0.01,0.0,0.3,channel,0.0001,4.425e-06,1.0,44.25,0.06422851871476337,1.125438025543194e+17
p1_ratio_2p00_common_primary,P1 Ctop/Cbottom=2.00 common-primary proxy,top_primary,interface_4x,T03_P1_CAPACITANCE_RATIO,enabled_symmetric_teaching_top_stack,0.0,0.01,0.0,0.3,channel,0.0001,4.5e-06,1.0,45.0,0.0660140311495728,1.2059154892876109e+17
p1_ratio_2p00_common_primary,P1 Ctop/Cbottom=2.00 common-primary proxy,top_primary,interface_4x,T03_P1_CAPACITANCE_RATIO,enabled_symmetric_teaching_top_stack,0.0,0.01,0.0,0.3,channel,0.0001,4.575e-06,1.0,45.75,0.06791210929693,1.2977862931345542e+17
p1_ratio_2p00_common_primary,P1 Ctop/Cbottom=2.00 common-primary proxy,top_primary,interface_4x,T03_P1_CAPACITANCE_RATIO,enabled_symmetric_teaching_top_stack,0.0,0.01,0.0,0.3,channel,0.0001,4.65e-06,1.0,46.50000000000001,0.06993210423542727,1.4032582506382256e+17
p1_ratio_2p00_common_primary,P1 Ctop/Cbottom=2.00 common-primary proxy,top_primary,interface_4x,T03_P1_CAPACITANCE_RATIO,enabled_symmetric_teaching_top_stack,0.0,0.01,0.0,0.3,channel,0.0001,4.7250000000000005e-06,1.0,47.25000000000001,0.07208475143838952,1.5251076018194058e+17
p1_ratio_2p00_common_primary,P1 Ctop/Cbottom=2.00 common-primary proxy,top_primary,interface_4x,T03_P1_CAPACITANCE_RATIO,enabled_symmetric_teaching_top_stack,0.0,0.01,0.0,0.3,channel,0.0001,4.8e-06,1.0,48.0,0.07438245335373153,1.6668640464049802e+17
p1_ratio_2p00_common_primary,P1 Ctop/Cbottom=2.00 common-primary proxy,top_primary,interface_4x,T03_P1_CAPACITANCE_RATIO,enabled_symmetric_teaching_top_stack,0.0,0.01,0.0,0.3,channel,0.0001,4.875e-06,1.0,48.75,0.07683963867478379,1.833070109510038e+17
p1_ratio_2p00_common_primary,P1 Ctop/Cbottom=2.00 common-primary proxy,top_primary,interface_4x,T03_P1_CAPACITANCE_RATIO,enabled_symmetric_teaching_top_stack,0.0,0.01,0.0,0.3,channel,0.0001,4.95e-06,1.0,49.5,0.07947322470164744,2.0296510315295088e+17
p1_ratio_2p00_common_primary,P1 Ctop/Cbottom=2.00 common-primary proxy,top_primary,interface_4x,T03_P1_CAPACITANCE_RATIO,enabled_symmetric_teaching_top_stack,0.0,0.01,0.0,0.3,channel,0.0001,5.025e-06,1.0,50.25,0.08230322044235718,2.2644524721549472e+17
p1_ratio_2p00_common_primary,P1 Ctop/Cbottom=2.00 common-primary proxy,top_primary,interface_4x,T03_P1_CAPACITANCE_RATIO,enabled_symmetric_teaching_top_stack,0.0,0.01,0.0,0.3,channel,0.0001,5.1e-06,1.0,51.0,0.08535352518410631,2.5480390189411574e+17
p1_ratio_2p00_common_primary,P1 Ctop/Cbottom=2.00 common-primary proxy,top_primary,interface_4x,T03_P1_CAPACITANCE_RATIO,enabled_symmetric_teaching_top_stack,0.0,0.01,0.0,0.3,channel,0.0001,5.1750000000000004e-06,1.0,51.75000000000001,0.08865300381080564,2.894908727620479e+17
p1_ratio_2p00_common_primary,P1 Ctop/Cbottom=2.00 common-primary proxy,top_primary,interface_4x,T03_P1_CAPACITANCE_RATIO,enabled_symmetric_teaching_top_stack,0.0,0.01,0.0,0.3,channel,0.0001,5.2500000000000006e-06,1.0,52.50000000000001,0.09223696248907833,3.325391110546354e+17
p1_ratio_2p00_common_primary,P1 Ctop/Cbottom=2.00 common-primary proxy,top_primary,interface_4x,T03_P1_CAPACITANCE_RATIO,enabled_symmetric_teaching_top_stack,0.0,0.01,0.0,0.3,channel,0.0001,5.325e-06,1.0,53.25,0.09614921790962686,3.8687060258094496e+17
p1_ratio_2p00_common_primary,P1 Ctop/Cbottom=2.00 common-primary proxy,top_primary,interface_4x,T03_P1_CAPACITANCE_RATIO,enabled_symmetric_teaching_top_stack,0.0,0.01,0.0,0.3,channel,0.0001,5.4e-06,1.0,54.0,0.10044507143329448,4.568071499269699e+17
p1_ratio_2p00_common_primary,P1 Ctop/Cbottom=2.00 common-primary proxy,top_primary,interface_4x,T03_P1_CAPACITANCE_RATIO,enabled_symmetric_teaching_top_stack,0.0,0.01,0.0,0.3,channel,0.000125,3e-06,1.25,30.0,0.04482928206567415,5.2722206113529976e+16
p1_ratio_2p00_common_primary,P1 Ctop/Cbottom=2.00 common-primary proxy,top_primary,interface_4x,T03_P1_CAPACITANCE_RATIO,enabled_symmetric_teaching_top_stack,0.0,0.01,0.0,0.3,channel,0.000125,3.075e-06,1.25,30.750000000000004,0.0453590896716985,5.381383597578265e+16
p1_ratio_2p00_common_primary,P1 Ctop/Cbottom=2.00 common-primary proxy,top_primary,interface_4x,T03_P1_CAPACITANCE_RATIO,enabled_symmetric_teaching_top_stack,0.0,0.01,0.0,0.3,channel,0.000125,3.1500000000000003e-06,1.25,31.500000000000004,0.04593349323120896,5.502290373247438e+16
p1_ratio_2p00_common_primary,P1 Ctop/Cbottom=2.00 common-primary proxy,top_primary,interface_4x,T03_P1_CAPACITANCE_RATIO,enabled_symmetric_teaching_top_stack,0.0,0.01,0.0,0.3,channel,0.000125,3.225e-06,1.25,32.25,0.046553723394965815,5.63589526643171e+16
p1_ratio_2p00_common_primary,P1 Ctop/Cbottom=2.00 common-primary proxy,top_primary,interface_4x,T03_P1_CAPACITANCE_RATIO,enabled_symmetric_teaching_top_stack,0.0,0.01,0.0,0.3,channel,0.000125,3.3e-06,1.25,33.0,0.04722114006164082,5.7832906665764056e+16
p1_ratio_2p00_common_primary,P1 Ctop/Cbottom=2.00 common-primary proxy,top_primary,interface_4x,T03_P1_CAPACITANCE_RATIO,enabled_symmetric_teaching_top_stack,0.0,0.01,0.0,0.3,channel,0.000125,3.3750000000000003e-06,1.25,33.75,0.04793724349671367,5.945727876333327e+16
p1_ratio_2p00_common_primary,P1 Ctop/Cbottom=2.00 common-primary proxy,top_primary,interface_4x,T03_P1_CAPACITANCE_RATIO,enabled_symmetric_teaching_top_stack,0.0,0.01,0.0,0.3,channel,0.000125,3.45e-06,1.25,34.5,0.048703687068868136,6.124642079095204e+16
p1_ratio_2p00_common_primary,P1 Ctop/Cbottom=2.00 common-primary proxy,top_primary,interface_4x,T03_P1_CAPACITANCE_RATIO,enabled_symmetric_teaching_top_stack,0.0,0.01,0.0,0.3,channel,0.000125,3.525e-06,1.25,35.25,0.049522291858020144,6.3216823387598504e+16
p1_ratio_2p00_common_primary,P1 Ctop/Cbottom=2.00 common-primary proxy,top_primary,interface_4x,T03_P1_CAPACITANCE_RATIO,enabled_symmetric_teaching_top_stack,0.0,0.01,0.0,0.3,channel,0.000125,3.6000000000000003e-06,1.25,36.0,0.05039506344033045,6.538747789269066e+16
p1_ratio_2p00_common_primary,P1 Ctop/Cbottom=2.00 common-primary proxy,top_primary,interface_4x,T03_P1_CAPACITANCE_RATIO,enabled_symmetric_teaching_top_stack,0.0,0.01,0.0,0.3,channel,0.000125,3.6750000000000004e-06,1.25,36.75000000000001,0.051324211218557826,6.778031484392043e+16
p1_ratio_2p00_common_primary,P1 Ctop/Cbottom=2.00 common-primary proxy,top_primary,interface_4x,T03_P1_CAPACITANCE_RATIO,enabled_symmetric_teaching_top_stack,0.0,0.01,0.0,0.3,channel,0.000125,3.7500000000000005e-06,1.25,37.50000000000001,0.052312170744077964,7.042073787475381e+16
p1_ratio_2p00_common_primary,P1 Ctop/Cbottom=2.00 common-primary proxy,top_primary,interface_4x,T03_P1_CAPACITANCE_RATIO,enabled_symmetric_teaching_top_stack,0.0,0.01,0.0,0.3,channel,0.000125,3.825000000000001e-06,1.25,38.25000000000001,0.053361629573996226,7.333827720202694e+16
p1_ratio_2p00_common_primary,P1 Ctop/Cbottom=2.00 common-primary proxy,top_primary,interface_4x,T03_P1_CAPACITANCE_RATIO,enabled_symmetric_teaching_top_stack,0.0,0.01,0.0,0.3,channel,0.000125,3.9e-06,1.25,39.0,0.054475557328507264,7.656739405839317e+16
p1_ratio_2p00_common_primary,P1 Ctop/Cbottom=2.00 common-primary proxy,top_primary,interface_4x,T03_P1_CAPACITANCE_RATIO,enabled_symmetric_teaching_top_stack,0.0,0.01,0.0,0.3,channel,0.000125,3.975e-06,1.25,39.75,0.05565724076729387,8.014847702204258e+16
p1_ratio_2p00_common_primary,P1 Ctop/Cbottom=2.00 common-primary proxy,top_primary,interface_4x,T03_P1_CAPACITANCE_RATIO,enabled_symmetric_teaching_top_stack,0.0,0.01,0.0,0.3,channel,0.000125,4.05e-06,1.25,40.5,0.05691032489908007,8.412908416883296e+16
p1_ratio_2p00_common_primary,P1 Ctop/Cbottom=2.00 common-primary proxy,top_primary,interface_4x,T03_P1_CAPACITANCE_RATIO,enabled_symmetric_teaching_top_stack,0.0,0.01,0.0,0.3,channel,0.000125,4.125e-06,1.25,41.25,0.058238861388664374,8.856550267338178e+16
p1_ratio_2p00_common_primary,P1 Ctop/Cbottom=2.00 common-primary proxy,top_primary,interface_4x,T03_P1_CAPACITANCE_RATIO,enabled_symmetric_teaching_top_stack,0.0,0.01,0.0,0.3,channel,0.000125,4.2000000000000004e-06,1.25,42.00000000000001,0.05964736584887462,9.352472188391333e+16
p1_ratio_2p00_common_primary,P1 Ctop/Cbottom=2.00 common-primary proxy,top_primary,interface_4x,T03_P1_CAPACITANCE_RATIO,enabled_symmetric_teaching_top_stack,0.0,0.01,0.0,0.3,channel,0.000125,4.2750000000000006e-06,1.25,42.75000000000001,0.061140886025740374,9.908694988743458e+16
p1_ratio_2p00_common_primary,P1 Ctop/Cbottom=2.00 common-primary proxy,top_primary,interface_4x,T03_P1_CAPACITANCE_RATIO,enabled_symmetric_teaching_top_stack,0.0,0.01,0.0,0.3,channel,0.000125,4.350000000000001e-06,1.25,43.50000000000001,0.06272508343837147,1.053488514863013e+17
p1_ratio_2p00_common_primary,P1 Ctop/Cbottom=2.00 common-primary proxy,top_primary,interface_4x,T03_P1_CAPACITANCE_RATIO,enabled_symmetric_teaching_top_stack,0.0,0.01,0.0,0.3,channel,0.000125,4.425e-06,1.25,44.25,0.0644063317693199,1.1242775385494672e+17
p1_ratio_2p00_common_primary,P1 Ctop/Cbottom=2.00 common-primary proxy,top_primary,interface_4x,T03_P1_CAPACITANCE_RATIO,enabled_symmetric_teaching_top_stack,0.0,0.01,0.0,0.3,channel,0.000125,4.5e-06,1.25,45.0,0.06619183628615714,1.2046716495918909e+17
p1_ratio_2p00_common_primary,P1 Ctop/Cbottom=2.00 common-primary proxy,top_primary,interface_4x,T03_P1_CAPACITANCE_RATIO,enabled_symmetric_teaching_top_stack,0.0,0.01,0.0,0.3,channel,0.000125,4.575e-06,1.25,45.75,0.06808977991119497,1.2964409473180486e+17
p1_ratio_2p00_common_primary,P1 Ctop/Cbottom=2.00 common-primary proxy,top_primary,interface_4x,T03_P1_CAPACITANCE_RATIO,enabled_symmetric_teaching_top_stack,0.0,0.01,0.0,0.3,channel,0.000125,4.65e-06,1.25,46.50000000000001,0.07010950339121566,1.4017888481334078e+17
p1_ratio_2p00_common_primary,P1 Ctop/Cbottom=2.00 common-primary proxy,top_primary,interface_4x,T03_P1_CAPACITANCE_RATIO,enabled_symmetric_teaching_top_stack,0.0,0.01,0.0,0.3,channel,0.000125,4.7250000000000005e-06,1.25,47.25000000000001,0.07226172957242245,1.5234857949878285e+17
p1_ratio_2p00_common_primary,P1 Ctop/Cbottom=2.00 common-primary proxy,top_primary,interface_4x,T03_P1_CAPACITANCE_RATIO,enabled_symmetric_teaching_top_stack,0.0,0.01,0.0,0.3,channel,0.000125,4.8e-06,1.25,48.0,0.0745588453902414,1.6650537457803418e+17
p1_ratio_2p00_common_primary,P1 Ctop/Cbottom=2.00 common-primary proxy,top_primary,interface_4x,T03_P1_CAPACITANCE_RATIO,enabled_symmetric_teaching_top_stack,0.0,0.01,0.0,0.3,channel,0.000125,4.875e-06,1.25,48.75,0.07701526035214439,1.8310247373052426e+17
p1_ratio_2p00_common_primary,P1 Ctop/Cbottom=2.00 common-primary proxy,top_primary,interface_4x,T03_P1_CAPACITANCE_RATIO,enabled_symmetric_teaching_top_stack,0.0,0.01,0.0,0.3,channel,0.000125,4.95e-06,1.25,49.5,0.07964786783144959,2.027309571847831e+17
p1_ratio_2p00_common_primary,P1 Ctop/Cbottom=2.00 common-primary proxy,top_primary,interface_4x,T03_P1_CAPACITANCE_RATIO,enabled_symmetric_teaching_top_stack,0.0,0.01,0.0,0.3,channel,0.000125,5.025e-06,1.25,50.25,0.0824766466988997,2.2617336752285907e+17
p1_ratio_2p00_common_primary,P1 Ctop/Cbottom=2.00 common-primary proxy,top_primary,interface_4x,T03_P1_CAPACITANCE_RATIO,enabled_symmetric_teaching_top_stack,0.0,0.01,0.0,0.3,channel,0.000125,5.1e-06,1.25,51.0,0.08552545783438072,2.544832703429919e+17
p1_ratio_2p00_common_primary,P1 Ctop/Cbottom=2.00 common-primary proxy,top_primary,interface_4x,T03_P1_CAPACITANCE_RATIO,enabled_symmetric_teaching_top_stack,0.0,0.01,0.0,0.3,channel,0.000125,5.1750000000000004e-06,1.25,51.75000000000001,0.08882311649967782,2.89106239410062e+17
p1_ratio_2p00_common_primary,P1 Ctop/Cbottom=2.00 common-primary proxy,top_primary,interface_4x,T03_P1_CAPACITANCE_RATIO,enabled_symmetric_teaching_top_stack,0.0,0.01,0.0,0.3,channel,0.000125,5.2500000000000006e-06,1.25,52.50000000000001,0.09240486371712014,3.320688740430247e+17
p1_ratio_2p00_common_primary,P1 Ctop/Cbottom=2.00 common-primary proxy,top_primary,interface_4x,T03_P1_CAPACITANCE_RATIO,enabled_symmetric_teaching_top_stack,0.0,0.01,0.0,0.3,channel,0.000125,5.325e-06,1.25,53.25,0.09631442904564344,3.862833387431803e+17
p1_ratio_2p00_common_primary,P1 Ctop/Cbottom=2.00 common-primary proxy,top_primary,interface_4x,T03_P1_CAPACITANCE_RATIO,enabled_symmetric_teaching_top_stack,0.0,0.01,0.0,0.3,channel,0.000125,5.4e-06,1.25,54.0,0.1006069947302241,4.560557189145829e+17
p1_ratio_2p00_common_primary,P1 Ctop/Cbottom=2.00 common-primary proxy,top_primary,interface_4x,T03_P1_CAPACITANCE_RATIO,enabled_symmetric_teaching_top_stack,0.0,0.01,0.0,0.3,channel,0.00015000000000000001,3e-06,1.5000000000000002,30.0,0.04498900732147723,5.2630478471369176e+16
p1_ratio_2p00_common_primary,P1 Ctop/Cbottom=2.00 common-primary proxy,top_primary,interface_4x,T03_P1_CAPACITANCE_RATIO,enabled_symmetric_teaching_top_stack,0.0,0.01,0.0,0.3,channel,0.00015000000000000001,3.075e-06,1.5000000000000002,30.750000000000004,0.04552057846450114,5.372387382200247e+16
p1_ratio_2p00_common_primary,P1 Ctop/Cbottom=2.00 common-primary proxy,top_primary,interface_4x,T03_P1_CAPACITANCE_RATIO,enabled_symmetric_teaching_top_stack,0.0,0.01,0.0,0.3,channel,0.00015000000000000001,3.1500000000000003e-06,1.5000000000000002,31.500000000000004,0.04609665399294168,5.4934473097679416e+16
p1_ratio_2p00_common_primary,P1 Ctop/Cbottom=2.00 common-primary proxy,top_primary,interface_4x,T03_P1_CAPACITANCE_RATIO,enabled_symmetric_teaching_top_stack,0.0,0.01,0.0,0.3,channel,0.00015000000000000001,3.225e-06,1.5000000000000002,32.25,0.04671846611641717,5.627181811680992e+16
p1_ratio_2p00_common_primary,P1 Ctop/Cbottom=2.00 common-primary proxy,top_primary,interface_4x,T03_P1_CAPACITANCE_RATIO,enabled_symmetric_teaching_top_stack,0.0,0.01,0.0,0.3,channel,0.00015000000000000001,3.3e-06,1.5000000000000002,33.0,0.04738737605282298,5.7746828781585496e+16
p1_ratio_2p00_common_primary,P1 Ctop/Cbottom=2.00 common-primary proxy,top_primary,interface_4x,T03_P1_CAPACITANCE_RATIO,enabled_symmetric_teaching_top_stack,0.0,0.01,0.0,0.3,channel,0.00015000000000000001,3.3750000000000003e-06,1.5000000000000002,33.75,0.04810488514316454,5.937201133786684e+16
p1_ratio_2p00_common_primary,P1 Ctop/Cbottom=2.00 common-primary proxy,top_primary,interface_4x,T03_P1_CAPACITANCE_RATIO,enabled_symmetric_teaching_top_stack,0.0,0.01,0.0,0.3,channel,0.00015000000000000001,3.45e-06,1.5000000000000002,34.5,0.04887264758105178,6.116170771100708e+16
p1_ratio_2p00_common_primary,P1 Ctop/Cbottom=2.00 common-primary proxy,top_primary,interface_4x,T03_P1_CAPACITANCE_RATIO,enabled_symmetric_teaching_top_stack,0.0,0.01,0.0,0.3,channel,0.00015000000000000001,3.525e-06,1.5000000000000002,35.25,0.04969248501064167,6.313239506485616e+16
p1_ratio_2p00_common_primary,P1 Ctop/Cbottom=2.00 common-primary proxy,top_primary,interface_4x,T03_P1_CAPACITANCE_RATIO,enabled_symmetric_teaching_top_stack,0.0,0.01,0.0,0.3,channel,0.00015000000000000001,3.6000000000000003e-06,1.5000000000000002,36.0,0.050566403297935325,6.530304713568225e+16
p1_ratio_2p00_common_primary,P1 Ctop/Cbottom=2.00 common-primary proxy,top_primary,interface_4x,T03_P1_CAPACITANCE_RATIO,enabled_symmetric_teaching_top_stack,0.0,0.01,0.0,0.3,channel,0.00015000000000000001,3.6750000000000004e-06,1.5000000000000002,36.75000000000001,0.05149661184321376,6.76955720144663e+16
p1_ratio_2p00_common_primary,P1 Ctop/Cbottom=2.00 common-primary proxy,top_primary,interface_4x,T03_P1_CAPACITANCE_RATIO,enabled_symmetric_teaching_top_stack,0.0,0.01,0.0,0.3,channel,0.00015000000000000001,3.7500000000000005e-06,1.5000000000000002,37.50000000000001,0.05248554588020938,7.0335345133479384e+16
p1_ratio_2p00_common_primary,P1 Ctop/Cbottom=2.00 common-primary proxy,top_primary,interface_4x,T03_P1_CAPACITANCE_RATIO,enabled_symmetric_teaching_top_stack,0.0,0.01,0.0,0.3,channel,0.00015000000000000001,3.825000000000001e-06,1.5000000000000002,38.25000000000001,0.053535892304514145,7.325186159265363e+16
p1_ratio_2p00_common_primary,P1 Ctop/Cbottom=2.00 common-primary proxy,top_primary,interface_4x,T03_P1_CAPACITANCE_RATIO,enabled_symmetric_teaching_top_stack,0.0,0.01,0.0,0.3,channel,0.00015000000000000001,3.9e-06,1.5000000000000002,39.0,0.05465061969519539,7.647953910701696e+16
p1_ratio_2p00_common_primary,P1 Ctop/Cbottom=2.00 common-primary proxy,top_primary,interface_4x,T03_P1_CAPACITANCE_RATIO,enabled_symmetric_teaching_top_stack,0.0,0.01,0.0,0.3,channel,0.00015000000000000001,3.975e-06,1.5000000000000002,39.75,0.05583301334690025,8.005871242854243e+16
p1_ratio_2p00_common_primary,P1 Ctop/Cbottom=2.00 common-primary proxy,top_primary,interface_4x,T03_P1_CAPACITANCE_RATIO,enabled_symmetric_teaching_top_stack,0.0,0.01,0.0,0.3,channel,0.00015000000000000001,4.05e-06,1.5000000000000002,40.5,0.05708671632462164,8.403687303285974e+16
p1_ratio_2p00_common_primary,P1 Ctop/Cbottom=2.00 common-primary proxy,top_primary,interface_4x,T03_P1_CAPACITANCE_RATIO,enabled_symmetric_teaching_top_stack,0.0,0.01,0.0,0.3,channel,0.00015000000000000001,4.125e-06,1.5000000000000002,41.25,0.05841577780294245,8.847022551256062e+16
p1_ratio_2p00_common_primary,P1 Ctop/Cbottom=2.00 common-primary proxy,top_primary,interface_4x,T03_P1_CAPACITANCE_RATIO,enabled_symmetric_teaching_top_stack,0.0,0.01,0.0,0.3,channel,0.00015000000000000001,4.2000000000000004e-06,1.5000000000000002,42.00000000000001,0.05982471027393414,9.342565644573808e+16
p1_ratio_2p00_common_primary,P1 Ctop/Cbottom=2.00 common-primary proxy,top_primary,interface_4x,T03_P1_CAPACITANCE_RATIO,enabled_symmetric_teaching_top_stack,0.0,0.01,0.0,0.3,channel,0.00015000000000000001,4.2750000000000006e-06,1.5000000000000002,42.75000000000001,0.06131855762772456,9.898324539743749e+16
p1_ratio_2p00_common_primary,P1 Ctop/Cbottom=2.00 common-primary proxy,top_primary,interface_4x,T03_P1_CAPACITANCE_RATIO,enabled_symmetric_teaching_top_stack,0.0,0.01,0.0,0.3,channel,0.00015000000000000001,4.350000000000001e-06,1.5000000000000002,43.50000000000001,0.06290297666156015,1.0523949546631878e+17
p1_ratio_2p00_common_primary,P1 Ctop/Cbottom=2.00 common-primary proxy,top_primary,interface_4x,T03_P1_CAPACITANCE_RATIO,enabled_symmetric_teaching_top_stack,0.0,0.01,0.0,0.3,channel,0.00015000000000000001,4.425e-06,1.5000000000000002,44.25,0.06458433530557767,1.1231152891494216e+17
p1_ratio_2p00_common_primary,P1 Ctop/Cbottom=2.00 common-primary proxy,top_primary,interface_4x,T03_P1_CAPACITANCE_RATIO,enabled_symmetric_teaching_top_stack,0.0,0.01,0.0,0.3,channel,0.00015000000000000001,4.5e-06,1.5000000000000002,45.0,0.06636983183581179,1.2034259190324326e+17
p1_ratio_2p00_common_primary,P1 Ctop/Cbottom=2.00 common-primary proxy,top_primary,interface_4x,T03_P1_CAPACITANCE_RATIO,enabled_symmetric_teaching_top_stack,0.0,0.01,0.0,0.3,channel,0.00015000000000000001,4.575e-06,1.5000000000000002,45.75,0.06826764067743642,1.29509356749258e+17
p1_ratio_2p00_common_primary,P1 Ctop/Cbottom=2.00 common-primary proxy,top_primary,interface_4x,T03_P1_CAPACITANCE_RATIO,enabled_symmetric_teaching_top_stack,0.0,0.01,0.0,0.3,channel,0.00015000000000000001,4.65e-06,1.5000000000000002,46.50000000000001,0.07028709223085357,1.4003172517076595e+17
p1_ratio_2p00_common_primary,P1 Ctop/Cbottom=2.00 common-primary proxy,top_primary,interface_4x,T03_P1_CAPACITANCE_RATIO,enabled_symmetric_teaching_top_stack,0.0,0.01,0.0,0.3,channel,0.00015000000000000001,4.7250000000000005e-06,1.5000000000000002,47.25000000000001,0.07243889669886791,1.5218616155243014e+17
p1_ratio_2p00_common_primary,P1 Ctop/Cbottom=2.00 common-primary proxy,top_primary,interface_4x,T03_P1_CAPACITANCE_RATIO,enabled_symmetric_teaching_top_stack,0.0,0.01,0.0,0.3,channel,0.00015000000000000001,4.8e-06,1.5000000000000002,48.0,0.07473542548622635,1.6632408733123203e+17
p1_ratio_2p00_common_primary,P1 Ctop/Cbottom=2.00 common-primary proxy,top_primary,interface_4x,T03_P1_CAPACITANCE_RATIO,enabled_symmetric_teaching_top_stack,0.0,0.01,0.0,0.3,channel,0.00015000000000000001,4.875e-06,1.5000000000000002,48.75,0.07719106889426525,1.828976572728652e+17
p1_ratio_2p00_common_primary,P1 Ctop/Cbottom=2.00 common-primary proxy,top_primary,interface_4x,T03_P1_CAPACITANCE_RATIO,enabled_symmetric_teaching_top_stack,0.0,0.01,0.0,0.3,channel,0.00015000000000000001,4.95e-06,1.5000000000000002,49.5,0.07982269634707292,2.0249650790728298e+17
p1_ratio_2p00_common_primary,P1 Ctop/Cbottom=2.00 common-primary proxy,top_primary,interface_4x,T03_P1_CAPACITANCE_RATIO,enabled_symmetric_teaching_top_stack,0.0,0.01,0.0,0.3,channel,0.00015000000000000001,5.025e-06,1.5000000000000002,50.25,0.08265025655359802,2.2590115893602054e+17
p1_ratio_2p00_common_primary,P1 Ctop/Cbottom=2.00 common-primary proxy,top_primary,interface_4x,T03_P1_CAPACITANCE_RATIO,enabled_symmetric_teaching_top_stack,0.0,0.01,0.0,0.3,channel,0.00015000000000000001,5.1e-06,1.5000000000000002,51.0,0.0856975719603773,2.5416228408270067e+17
p1_ratio_2p00_common_primary,P1 Ctop/Cbottom=2.00 common-primary proxy,top_primary,interface_4x,T03_P1_CAPACITANCE_RATIO,enabled_symmetric_teaching_top_stack,0.0,0.01,0.0,0.3,channel,0.00015000000000000001,5.1750000000000004e-06,1.5000000000000002,51.75000000000001,0.08899340818079429,2.887212281015634e+17
p1_ratio_2p00_common_primary,P1 Ctop/Cbottom=2.00 common-primary proxy,top_primary,interface_4x,T03_P1_CAPACITANCE_RATIO,enabled_symmetric_teaching_top_stack,0.0,0.01,0.0,0.3,channel,0.00015000000000000001,5.2500000000000006e-06,1.5000000000000002,52.50000000000001,0.09257294106922136,3.31598244170648e+17
p1_ratio_2p00_common_primary,P1 Ctop/Cbottom=2.00 common-primary proxy,top_primary,interface_4x,T03_P1_CAPACITANCE_RATIO,enabled_symmetric_teaching_top_stack,0.0,0.01,0.0,0.3,channel,0.00015000000000000001,5.325e-06,1.5000000000000002,53.25,0.09647981303765693,3.856956872186009e+17
p1_ratio_2p00_common_primary,P1 Ctop/Cbottom=2.00 common-primary proxy,top_primary,interface_4x,T03_P1_CAPACITANCE_RATIO,enabled_symmetric_teaching_top_stack,0.0,0.01,0.0,0.3,channel,0.00015000000000000001,5.4e-06,1.5000000000000002,54.0,0.10076908722047645,4.553039494739498e+17
p1_ratio_2p00_common_primary,P1 Ctop/Cbottom=2.00 common-primary proxy,top_primary,interface_4x,T03_P1_CAPACITANCE_RATIO,enabled_symmetric_teaching_top_stack,0.0,0.01,0.0,0.3,channel,0.000175,3e-06,1.75,30.0,0.04514890099318034,5.253872526948785e+16
p1_ratio_2p00_common_primary,P1 Ctop/Cbottom=2.00 common-primary proxy,top_primary,interface_4x,T03_P1_CAPACITANCE_RATIO,enabled_symmetric_teaching_top_stack,0.0,0.01,0.0,0.3,channel,0.000175,3.075e-06,1.75,30.750000000000004,0.04568223756890926,5.36338769839533e+16
p1_ratio_2p00_common_primary,P1 Ctop/Cbottom=2.00 common-primary proxy,top_primary,interface_4x,T03_P1_CAPACITANCE_RATIO,enabled_symmetric_teaching_top_stack,0.0,0.01,0.0,0.3,channel,0.000175,3.1500000000000003e-06,1.75,31.500000000000004,0.046259986926681894,5.4845999272693944e+16
p1_ratio_2p00_common_primary,P1 Ctop/Cbottom=2.00 common-primary proxy,top_primary,interface_4x,T03_P1_CAPACITANCE_RATIO,enabled_symmetric_teaching_top_stack,0.0,0.01,0.0,0.3,channel,0.000175,3.225e-06,1.75,32.25,0.04688338282631682,5.618463239725468e+16
p1_ratio_2p00_common_primary,P1 Ctop/Cbottom=2.00 common-primary proxy,top_primary,interface_4x,T03_P1_CAPACITANCE_RATIO,enabled_symmetric_teaching_top_stack,0.0,0.01,0.0,0.3,channel,0.000175,3.3e-06,1.75,33.0,0.04755378779680871,5.766069217887439e+16
p1_ratio_2p00_common_primary,P1 Ctop/Cbottom=2.00 common-primary proxy,top_primary,interface_4x,T03_P1_CAPACITANCE_RATIO,enabled_symmetric_teaching_top_stack,0.0,0.01,0.0,0.3,channel,0.000175,3.3750000000000003e-06,1.75,33.75,0.048272704247007525,5.928667799864274e+16
p1_ratio_2p00_common_primary,P1 Ctop/Cbottom=2.00 common-primary proxy,top_primary,interface_4x,T03_P1_CAPACITANCE_RATIO,enabled_symmetric_teaching_top_stack,0.0,0.01,0.0,0.3,channel,0.000175,3.45e-06,1.75,34.5,0.04904178718812566,6.107692179256355e+16
p1_ratio_2p00_common_primary,P1 Ctop/Cbottom=2.00 common-primary proxy,top_primary,interface_4x,T03_P1_CAPACITANCE_RATIO,enabled_symmetric_teaching_top_stack,0.0,0.01,0.0,0.3,channel,0.000175,3.525e-06,1.75,35.25,0.0498628588215128,6.3047887170713064e+16
p1_ratio_2p00_common_primary,P1 Ctop/Cbottom=2.00 common-primary proxy,top_primary,interface_4x,T03_P1_CAPACITANCE_RATIO,enabled_symmetric_teaching_top_stack,0.0,0.01,0.0,0.3,channel,0.000175,3.6000000000000003e-06,1.75,36.0,0.05073792529615732,6.521853018848815e+16
p1_ratio_2p00_common_primary,P1 Ctop/Cbottom=2.00 common-primary proxy,top_primary,interface_4x,T03_P1_CAPACITANCE_RATIO,enabled_symmetric_teaching_top_stack,0.0,0.01,0.0,0.3,channel,0.000175,3.6750000000000004e-06,1.75,36.75000000000001,0.051669196003125535,6.761073641213406e+16
p1_ratio_2p00_common_primary,P1 Ctop/Cbottom=2.00 common-primary proxy,top_primary,interface_4x,T03_P1_CAPACITANCE_RATIO,enabled_symmetric_teaching_top_stack,0.0,0.01,0.0,0.3,channel,0.000175,3.7500000000000005e-06,1.75,37.50000000000001,0.05265910585180637,7.024985299312335e+16
p1_ratio_2p00_common_primary,P1 Ctop/Cbottom=2.00 common-primary proxy,top_primary,interface_4x,T03_P1_CAPACITANCE_RATIO,enabled_symmetric_teaching_top_stack,0.0,0.01,0.0,0.3,channel,0.000175,3.825000000000001e-06,1.75,38.25000000000001,0.0537103410695339,7.316533983195259e+16
p1_ratio_2p00_common_primary,P1 Ctop/Cbottom=2.00 common-primary proxy,top_primary,interface_4x,T03_P1_CAPACITANCE_RATIO,enabled_symmetric_teaching_top_stack,0.0,0.01,0.0,0.3,channel,0.000175,3.9e-06,1.75,39.0,0.05482586918737536,7.639157103911728e+16
p1_ratio_2p00_common_primary,P1 Ctop/Cbottom=2.00 common-primary proxy,top_primary,interface_4x,T03_P1_CAPACITANCE_RATIO,enabled_symmetric_teaching_top_stack,0.0,0.01,0.0,0.3,channel,0.000175,3.975e-06,1.75,39.75,0.056008974027852675,7.996882744752362e+16
p1_ratio_2p00_common_primary,P1 Ctop/Cbottom=2.00 common-primary proxy,top_primary,interface_4x,T03_P1_CAPACITANCE_RATIO,enabled_symmetric_teaching_top_stack,0.0,0.01,0.0,0.3,channel,0.000175,4.05e-06,1.75,40.5,0.05726329670482688,8.39445338320781e+16
p1_ratio_2p00_common_primary,P1 Ctop/Cbottom=2.00 common-primary proxy,top_primary,interface_4x,T03_P1_CAPACITANCE_RATIO,enabled_symmetric_teaching_top_stack,0.0,0.01,0.0,0.3,channel,0.000175,4.125e-06,1.75,41.25,0.05859288389485091,8.837481209336803e+16
p1_ratio_2p00_common_primary,P1 Ctop/Cbottom=2.00 common-primary proxy,top_primary,interface_4x,T03_P1_CAPACITANCE_RATIO,enabled_symmetric_teaching_top_stack,0.0,0.01,0.0,0.3,channel,0.000175,4.2000000000000004e-06,1.75,42.00000000000001,0.06000224496090003,9.33264459179443e+16
p1_ratio_2p00_common_primary,P1 Ctop/Cbottom=2.00 common-primary proxy,top_primary,interface_4x,T03_P1_CAPACITANCE_RATIO,enabled_symmetric_teaching_top_stack,0.0,0.01,0.0,0.3,channel,0.000175,4.2750000000000006e-06,1.75,42.75000000000001,0.06149641992821143,9.887938621406333e+16
p1_ratio_2p00_common_primary,P1 Ctop/Cbottom=2.00 common-primary proxy,top_primary,interface_4x,T03_P1_CAPACITANCE_RATIO,enabled_symmetric_teaching_top_stack,0.0,0.01,0.0,0.3,channel,0.000175,4.350000000000001e-06,1.75,43.50000000000001,0.063081060862393,1.0512997422659069e+17
p1_ratio_2p00_common_primary,P1 Ctop/Cbottom=2.00 common-primary proxy,top_primary,interface_4x,T03_P1_CAPACITANCE_RATIO,enabled_symmetric_teaching_top_stack,0.0,0.01,0.0,0.3,channel,0.000175,4.425e-06,1.75,44.25,0.064762529930452,1.1219512713944102e+17
p1_ratio_2p00_common_primary,P1 Ctop/Cbottom=2.00 common-primary proxy,top_primary,interface_4x,T03_P1_CAPACITANCE_RATIO,enabled_symmetric_teaching_top_stack,0.0,0.01,0.0,0.3,channel,0.000175,4.5e-06,1.75,45.0,0.06654801840506316,1.2021782912288e+17
p1_ratio_2p00_common_primary,P1 Ctop/Cbottom=2.00 common-primary proxy,top_primary,interface_4x,T03_P1_CAPACITANCE_RATIO,enabled_symmetric_teaching_top_stack,0.0,0.01,0.0,0.3,channel,0.000175,4.575e-06,1.75,45.75,0.06844569220114358,1.2937441468123603e+17
p1_ratio_2p00_common_primary,P1 Ctop/Cbottom=2.00 common-primary proxy,top_primary,interface_4x,T03_P1_CAPACITANCE_RATIO,enabled_symmetric_teaching_top_stack,0.0,0.01,0.0,0.3,channel,0.000175,4.65e-06,1.75,46.50000000000001,0.07046487135809751,1.3988434540141555e+17
p1_ratio_2p00_common_primary,P1 Ctop/Cbottom=2.00 common-primary proxy,top_primary,interface_4x,T03_P1_CAPACITANCE_RATIO,enabled_symmetric_teaching_top_stack,0.0,0.01,0.0,0.3,channel,0.000175,4.7250000000000005e-06,1.75,47.25000000000001,0.07261625341900345,1.5202350555443795e+17
p1_ratio_2p00_common_primary,P1 Ctop/Cbottom=2.00 common-primary proxy,top_primary,interface_4x,T03_P1_CAPACITANCE_RATIO,enabled_symmetric_teaching_top_stack,0.0,0.01,0.0,0.3,channel,0.000175,4.8e-06,1.75,48.0,0.07491219423968429,1.661425420543575e+17
p1_ratio_2p00_common_primary,P1 Ctop/Cbottom=2.00 common-primary proxy,top_primary,interface_4x,T03_P1_CAPACITANCE_RATIO,enabled_symmetric_teaching_top_stack,0.0,0.01,0.0,0.3,channel,0.000175,4.875e-06,1.75,48.75,0.07736706489500583,1.8269256067197994e+17
p1_ratio_2p00_common_primary,P1 Ctop/Cbottom=2.00 common-primary proxy,top_primary,interface_4x,T03_P1_CAPACITANCE_RATIO,enabled_symmetric_teaching_top_stack,0.0,0.01,0.0,0.3,channel,0.000175,4.95e-06,1.75,49.5,0.07999771083731863,2.0226175435218493e+17
p1_ratio_2p00_common_primary,P1 Ctop/Cbottom=2.00 common-primary proxy,top_primary,interface_4x,T03_P1_CAPACITANCE_RATIO,enabled_symmetric_teaching_top_stack,0.0,0.01,0.0,0.3,channel,0.000175,5.025e-06,1.75,50.25,0.08282405058921208,2.2562862042467997e+17
p1_ratio_2p00_common_primary,P1 Ctop/Cbottom=2.00 common-primary proxy,top_primary,interface_4x,T03_P1_CAPACITANCE_RATIO,enabled_symmetric_teaching_top_stack,0.0,0.01,0.0,0.3,channel,0.000175,5.1e-06,1.75,51.0,0.085869868137769,2.5384094202469098e+17
p1_ratio_2p00_common_primary,P1 Ctop/Cbottom=2.00 common-primary proxy,top_primary,interface_4x,T03_P1_CAPACITANCE_RATIO,enabled_symmetric_teaching_top_stack,0.0,0.01,0.0,0.3,channel,0.000175,5.1750000000000004e-06,1.75,51.75000000000001,0.08916387942163614,2.883358376993491e+17
p1_ratio_2p00_common_primary,P1 Ctop/Cbottom=2.00 common-primary proxy,top_primary,interface_4x,T03_P1_CAPACITANCE_RATIO,enabled_symmetric_teaching_top_stack,0.0,0.01,0.0,0.3,channel,0.000175,5.2500000000000006e-06,1.75,52.50000000000001,0.0927411951035173,3.311272202700763e+17
p1_ratio_2p00_common_primary,P1 Ctop/Cbottom=2.00 common-primary proxy,top_primary,interface_4x,T03_P1_CAPACITANCE_RATIO,enabled_symmetric_teaching_top_stack,0.0,0.01,0.0,0.3,channel,0.000175,5.325e-06,1.75,53.25,0.0966453704332725,3.8510764684002746e+17
p1_ratio_2p00_common_primary,P1 Ctop/Cbottom=2.00 common-primary proxy,top_primary,interface_4x,T03_P1_CAPACITANCE_RATIO,enabled_symmetric_teaching_top_stack,0.0,0.01,0.0,0.3,channel,0.000175,5.4e-06,1.75,54.0,0.10093134943994272,4.54551840481124e+17
p1_ratio_2p00_common_primary,P1 Ctop/Cbottom=2.00 common-primary proxy,top_primary,interface_4x,T03_P1_CAPACITANCE_RATIO,enabled_symmetric_teaching_top_stack,0.0,0.01,0.0,0.3,channel,0.0002,3e-06,2.0,30.0,0.04530896361898032,5.244694639874818e+16
p1_ratio_2p00_common_primary,P1 Ctop/Cbottom=2.00 common-primary proxy,top_primary,interface_4x,T03_P1_CAPACITANCE_RATIO,enabled_symmetric_teaching_top_stack,0.0,0.01,0.0,0.3,channel,0.0002,3.075e-06,2.0,30.750000000000004,0.04584406752916364,5.354384533629588e+16
p1_ratio_2p00_common_primary,P1 Ctop/Cbottom=2.00 common-primary proxy,top_primary,interface_4x,T03_P1_CAPACITANCE_RATIO,enabled_symmetric_teaching_top_stack,0.0,0.01,0.0,0.3,channel,0.0002,3.1500000000000003e-06,2.0,31.500000000000004,0.04642349258258674,5.475748211473702e+16
p1_ratio_2p00_common_primary,P1 Ctop/Cbottom=2.00 common-primary proxy,top_primary,interface_4x,T03_P1_CAPACITANCE_RATIO,enabled_symmetric_teaching_top_stack,0.0,0.01,0.0,0.3,channel,0.0002,3.225e-06,2.0,32.25,0.04704847408059294,5.609739534438267e+16
p1_ratio_2p00_common_primary,P1 Ctop/Cbottom=2.00 common-primary proxy,top_primary,interface_4x,T03_P1_CAPACITANCE_RATIO,enabled_symmetric_teaching_top_stack,0.0,0.01,0.0,0.3,channel,0.0002,3.3e-06,2.0,33.0,0.04772037585513305,5.757449667696916e+16
p1_ratio_2p00_common_primary,P1 Ctop/Cbottom=2.00 common-primary proxy,top_primary,interface_4x,T03_P1_CAPACITANCE_RATIO,enabled_symmetric_teaching_top_stack,0.0,0.01,0.0,0.3,channel,0.0002,3.3750000000000003e-06,2.0,33.75,0.048440701375200644,5.920127854479595e+16
p1_ratio_2p00_common_primary,P1 Ctop/Cbottom=2.00 common-primary proxy,top_primary,interface_4x,T03_P1_CAPACITANCE_RATIO,enabled_symmetric_teaching_top_stack,0.0,0.01,0.0,0.3,channel,0.0002,3.45e-06,2.0,34.5,0.04921110646226632,6.099206281379596e+16
p1_ratio_2p00_common_primary,P1 Ctop/Cbottom=2.00 common-primary proxy,top_primary,interface_4x,T03_P1_CAPACITANCE_RATIO,enabled_symmetric_teaching_top_stack,0.0,0.01,0.0,0.3,channel,0.0002,3.525e-06,2.0,35.25,0.05003341386780282,6.296329946164276e+16
p1_ratio_2p00_common_primary,P1 Ctop/Cbottom=2.00 common-primary proxy,top_primary,interface_4x,T03_P1_CAPACITANCE_RATIO,enabled_symmetric_teaching_top_stack,0.0,0.01,0.0,0.3,channel,0.0002,3.6000000000000003e-06,2.0,36.0,0.050909630016910595,6.5133926785123784e+16
p1_ratio_2p00_common_primary,P1 Ctop/Cbottom=2.00 common-primary proxy,top_primary,interface_4x,T03_P1_CAPACITANCE_RATIO,enabled_symmetric_teaching_top_stack,0.0,0.01,0.0,0.3,channel,0.0002,3.6750000000000004e-06,2.0,36.75000000000001,0.05184196428468145,6.7525807747675976e+16
p1_ratio_2p00_common_primary,P1 Ctop/Cbottom=2.00 common-primary proxy,top_primary,interface_4x,T03_P1_CAPACITANCE_RATIO,enabled_symmetric_teaching_top_stack,0.0,0.01,0.0,0.3,channel,0.0002,3.7500000000000005e-06,2.0,37.50000000000001,0.052832851249436964,7.016426114029259e+16
p1_ratio_2p00_common_primary,P1 Ctop/Cbottom=2.00 common-primary proxy,top_primary,interface_4x,T03_P1_CAPACITANCE_RATIO,enabled_symmetric_teaching_top_stack,0.0,0.01,0.0,0.3,channel,0.0002,3.825000000000001e-06,2.0,38.25000000000001,0.05388497646348424,7.307871158139776e+16
p1_ratio_2p00_common_primary,P1 Ctop/Cbottom=2.00 common-primary proxy,top_primary,interface_4x,T03_P1_CAPACITANCE_RATIO,enabled_symmetric_teaching_top_stack,0.0,0.01,0.0,0.3,channel,0.0002,3.9e-06,2.0,39.0,0.05500130640299207,7.630348948991464e+16
p1_ratio_2p00_common_primary,P1 Ctop/Cbottom=2.00 common-primary proxy,top_primary,interface_4x,T03_P1_CAPACITANCE_RATIO,enabled_symmetric_teaching_top_stack,0.0,0.01,0.0,0.3,channel,0.0002,3.975e-06,2.0,39.75,0.05618512341124093,7.987882168667262e+16
p1_ratio_2p00_common_primary,P1 Ctop/Cbottom=2.00 common-primary proxy,top_primary,interface_4x,T03_P1_CAPACITANCE_RATIO,enabled_symmetric_teaching_top_stack,0.0,0.01,0.0,0.3,channel,0.0002,4.05e-06,2.0,40.5,0.057440066643531136,8.385206614517282e+16
p1_ratio_2p00_common_primary,P1 Ctop/Cbottom=2.00 common-primary proxy,top_primary,interface_4x,T03_P1_CAPACITANCE_RATIO,enabled_symmetric_teaching_top_stack,0.0,0.01,0.0,0.3,channel,0.0002,4.125e-06,2.0,41.25,0.0587701802705418,8.827926196380578e+16
p1_ratio_2p00_common_primary,P1 Ctop/Cbottom=2.00 common-primary proxy,top_primary,interface_4x,T03_P1_CAPACITANCE_RATIO,enabled_symmetric_teaching_top_stack,0.0,0.01,0.0,0.3,channel,0.0002,4.2000000000000004e-06,2.0,42.00000000000001,0.06017997051778097,9.322708981592978e+16
p1_ratio_2p00_common_primary,P1 Ctop/Cbottom=2.00 common-primary proxy,top_primary,interface_4x,T03_P1_CAPACITANCE_RATIO,enabled_symmetric_teaching_top_stack,0.0,0.01,0.0,0.3,channel,0.0002,4.2750000000000006e-06,2.0,42.75000000000001,0.061674473536573085,9.877537181792219e+16
p1_ratio_2p00_common_primary,P1 Ctop/Cbottom=2.00 common-primary proxy,top_primary,interface_4x,T03_P1_CAPACITANCE_RATIO,enabled_symmetric_teaching_top_stack,0.0,0.01,0.0,0.3,channel,0.0002,4.350000000000001e-06,2.0,43.50000000000001,0.06325933665107689,1.0502028721047325e+17
p1_ratio_2p00_common_primary,P1 Ctop/Cbottom=2.00 common-primary proxy,top_primary,interface_4x,T03_P1_CAPACITANCE_RATIO,enabled_symmetric_teaching_top_stack,0.0,0.01,0.0,0.3,channel,0.0002,4.425e-06,2.0,44.25,0.06494091625441793,1.1207854793178613e+17
p1_ratio_2p00_common_primary,P1 Ctop/Cbottom=2.00 common-primary proxy,top_primary,interface_4x,T03_P1_CAPACITANCE_RATIO,enabled_symmetric_teaching_top_stack,0.0,0.01,0.0,0.3,channel,0.0002,4.5e-06,2.0,45.0,0.06672639660404715,1.2009287597837819e+17
p1_ratio_2p00_common_primary,P1 Ctop/Cbottom=2.00 common-primary proxy,top_primary,interface_4x,T03_P1_CAPACITANCE_RATIO,enabled_symmetric_teaching_top_stack,0.0,0.01,0.0,0.3,channel,0.0002,4.575e-06,2.0,45.75,0.06862393509146202,1.2923926784163904e+17
p1_ratio_2p00_common_primary,P1 Ctop/Cbottom=2.00 common-primary proxy,top_primary,interface_4x,T03_P1_CAPACITANCE_RATIO,enabled_symmetric_teaching_top_stack,0.0,0.01,0.0,0.3,channel,0.0002,4.65e-06,2.0,46.50000000000001,0.07064284138040446,1.3973674476929611e+17
p1_ratio_2p00_common_primary,P1 Ctop/Cbottom=2.00 common-primary proxy,top_primary,interface_4x,T03_P1_CAPACITANCE_RATIO,enabled_symmetric_teaching_top_stack,0.0,0.01,0.0,0.3,channel,0.0002,4.7250000000000005e-06,2.0,47.25000000000001,0.07279380033784827,1.5186061071533222e+17
p1_ratio_2p00_common_primary,P1 Ctop/Cbottom=2.00 common-primary proxy,top_primary,interface_4x,T03_P1_CAPACITANCE_RATIO,enabled_symmetric_teaching_top_stack,0.0,0.01,0.0,0.3,channel,0.0002,4.8e-06,2.0,48.0,0.07508915225239315,1.659607379010234e+17
p1_ratio_2p00_common_primary,P1 Ctop/Cbottom=2.00 common-primary proxy,top_primary,interface_4x,T03_P1_CAPACITANCE_RATIO,enabled_symmetric_teaching_top_stack,0.0,0.01,0.0,0.3,channel,0.0002,4.875e-06,2.0,48.75,0.07754324895204126,1.824871830216736e+17
p1_ratio_2p00_common_primary,P1 Ctop/Cbottom=2.00 common-primary proxy,top_primary,interface_4x,T03_P1_CAPACITANCE_RATIO,enabled_symmetric_teaching_top_stack,0.0,0.01,0.0,0.3,channel,0.0002,4.95e-06,2.0,49.5,0.08017291189483666,2.020266955517552e+17
p1_ratio_2p00_common_primary,P1 Ctop/Cbottom=2.00 common-primary proxy,top_primary,interface_4x,T03_P1_CAPACITANCE_RATIO,enabled_symmetric_teaching_top_stack,0.0,0.01,0.0,0.3,channel,0.0002,5.025e-06,2.0,50.25,0.08299802939238166,2.2535575095999123e+17
p1_ratio_2p00_common_primary,P1 Ctop/Cbottom=2.00 common-primary proxy,top_primary,interface_4x,T03_P1_CAPACITANCE_RATIO,enabled_symmetric_teaching_top_stack,0.0,0.01,0.0,0.3,channel,0.0002,5.1e-06,2.0,51.0,0.08604234694613822,2.5351924308312224e+17
p1_ratio_2p00_common_primary,P1 Ctop/Cbottom=2.00 common-primary proxy,top_primary,interface_4x,T03_P1_CAPACITANCE_RATIO,enabled_symmetric_teaching_top_stack,0.0,0.01,0.0,0.3,channel,0.0002,5.1750000000000004e-06,2.0,51.75000000000001,0.08933453079362318,2.87950067070658e+17
p1_ratio_2p00_common_primary,P1 Ctop/Cbottom=2.00 common-primary proxy,top_primary,interface_4x,T03_P1_CAPACITANCE_RATIO,enabled_symmetric_teaching_top_stack,0.0,0.01,0.0,0.3,channel,0.0002,5.2500000000000006e-06,2.0,52.50000000000001,0.09290962638211221,3.3065580118072966e+17
p1_ratio_2p00_common_primary,P1 Ctop/Cbottom=2.00 common-primary proxy,top_primary,interface_4x,T03_P1_CAPACITANCE_RATIO,enabled_symmetric_teaching_top_stack,0.0,0.01,0.0,0.3,channel,0.0002,5.325e-06,2.0,53.25,0.09681110178409748,3.845192164505153e+17
p1_ratio_2p00_common_primary,P1 Ctop/Cbottom=2.00 common-primary proxy,top_primary,interface_4x,T03_P1_CAPACITANCE_RATIO,enabled_symmetric_teaching_top_stack,0.0,0.01,0.0,0.3,channel,0.0002,5.4e-06,2.0,54.0,0.10109378192855588,4.53799390827219e+17
p1_ratio_2p00_common_primary,P1 Ctop/Cbottom=2.00 common-primary proxy,top_primary,interface_4x,T03_P1_CAPACITANCE_RATIO,enabled_symmetric_teaching_top_stack,0.0,0.01,0.0,0.3,channel,0.00022500000000000002,3e-06,2.25,30.0,0.045469195739944304,5.2355141749390984e+16
p1_ratio_2p00_common_primary,P1 Ctop/Cbottom=2.00 common-primary proxy,top_primary,interface_4x,T03_P1_CAPACITANCE_RATIO,enabled_symmetric_teaching_top_stack,0.0,0.01,0.0,0.3,channel,0.00022500000000000002,3.075e-06,2.25,30.750000000000004,0.046006068892407645,5.3453778752991656e+16
p1_ratio_2p00_common_primary,P1 Ctop/Cbottom=2.00 common-primary proxy,top_primary,interface_4x,T03_P1_CAPACITANCE_RATIO,enabled_symmetric_teaching_top_stack,0.0,0.01,0.0,0.3,channel,0.00022500000000000002,3.1500000000000003e-06,2.25,31.500000000000004,0.046587171513747534,5.466892148024448e+16
p1_ratio_2p00_common_primary,P1 Ctop/Cbottom=2.00 common-primary proxy,top_primary,interface_4x,T03_P1_CAPACITANCE_RATIO,enabled_symmetric_teaching_top_stack,0.0,0.01,0.0,0.3,channel,0.00022500000000000002,3.225e-06,2.25,32.25,0.04721374043813867,5.601010679605208e+16
p1_ratio_2p00_common_primary,P1 Ctop/Cbottom=2.00 common-primary proxy,top_primary,interface_4x,T03_P1_CAPACITANCE_RATIO,enabled_symmetric_teaching_top_stack,0.0,0.01,0.0,0.3,channel,0.00022500000000000002,3.3e-06,2.25,33.0,0.04788714079232593,5.7488242094239384e+16
p1_ratio_2p00_common_primary,P1 Ctop/Cbottom=2.00 common-primary proxy,top_primary,interface_4x,T03_P1_CAPACITANCE_RATIO,enabled_symmetric_teaching_top_stack,0.0,0.01,0.0,0.3,channel,0.00022500000000000002,3.3750000000000003e-06,2.25,33.75,0.04860887709772572,5.911581277439109e+16
p1_ratio_2p00_common_primary,P1 Ctop/Cbottom=2.00 common-primary proxy,top_primary,interface_4x,T03_P1_CAPACITANCE_RATIO,enabled_symmetric_teaching_top_stack,0.0,0.01,0.0,0.3,channel,0.00022500000000000002,3.45e-06,2.25,34.5,0.049380605978701975,6.0907130551701016e+16
p1_ratio_2p00_common_primary,P1 Ctop/Cbottom=2.00 common-primary proxy,top_primary,interface_4x,T03_P1_CAPACITANCE_RATIO,enabled_symmetric_teaching_top_stack,0.0,0.01,0.0,0.3,channel,0.00022500000000000002,3.525e-06,2.25,35.25,0.05020415072975933,6.2878631692827864e+16
p1_ratio_2p00_common_primary,P1 Ctop/Cbottom=2.00 common-primary proxy,top_primary,interface_4x,T03_P1_CAPACITANCE_RATIO,enabled_symmetric_teaching_top_stack,0.0,0.01,0.0,0.3,channel,0.00022500000000000002,3.6000000000000003e-06,2.25,36.0,0.05108151804521293,6.504923665819446e+16
p1_ratio_2p00_common_primary,P1 Ctop/Cbottom=2.00 common-primary proxy,top_primary,interface_4x,T03_P1_CAPACITANCE_RATIO,enabled_symmetric_teaching_top_stack,0.0,0.01,0.0,0.3,channel,0.00022500000000000002,3.6750000000000004e-06,2.25,36.75000000000001,0.052014917277397314,6.744078573030882e+16
p1_ratio_2p00_common_primary,P1 Ctop/Cbottom=2.00 common-primary proxy,top_primary,interface_4x,T03_P1_CAPACITANCE_RATIO,enabled_symmetric_teaching_top_stack,0.0,0.01,0.0,0.3,channel,0.00022500000000000002,3.7500000000000005e-06,2.25,37.50000000000001,0.05300678266681902,7.007856925992672e+16
p1_ratio_2p00_common_primary,P1 Ctop/Cbottom=2.00 common-primary proxy,top_primary,interface_4x,T03_P1_CAPACITANCE_RATIO,enabled_symmetric_teaching_top_stack,0.0,0.01,0.0,0.3,channel,0.00022500000000000002,3.825000000000001e-06,2.25,38.25000000000001,0.0540597990839644,7.299197650065715e+16
p1_ratio_2p00_common_primary,P1 Ctop/Cbottom=2.00 common-primary proxy,top_primary,interface_4x,T03_P1_CAPACITANCE_RATIO,enabled_symmetric_teaching_top_stack,0.0,0.01,0.0,0.3,channel,0.00022500000000000002,3.9e-06,2.25,39.0,0.05517693194317973,7.62152940926777e+16
p1_ratio_2p00_common_primary,P1 Ctop/Cbottom=2.00 common-primary proxy,top_primary,interface_4x,T03_P1_CAPACITANCE_RATIO,enabled_symmetric_teaching_top_stack,0.0,0.01,0.0,0.3,channel,0.00022500000000000002,3.975e-06,2.25,39.75,0.05636146210136088,7.978869475157035e+16
p1_ratio_2p00_common_primary,P1 Ctop/Cbottom=2.00 common-primary proxy,top_primary,interface_4x,T03_P1_CAPACITANCE_RATIO,enabled_symmetric_teaching_top_stack,0.0,0.01,0.0,0.3,channel,0.00022500000000000002,4.05e-06,2.25,40.5,0.0576170267477905,8.37594695485609e+16
p1_ratio_2p00_common_primary,P1 Ctop/Cbottom=2.00 common-primary proxy,top_primary,interface_4x,T03_P1_CAPACITANCE_RATIO,enabled_symmetric_teaching_top_stack,0.0,0.01,0.0,0.3,channel,0.00022500000000000002,4.125e-06,2.25,41.25,0.05894766753940031,8.818357466943616e+16
p1_ratio_2p00_common_primary,P1 Ctop/Cbottom=2.00 common-primary proxy,top_primary,interface_4x,T03_P1_CAPACITANCE_RATIO,enabled_symmetric_teaching_top_stack,0.0,0.01,0.0,0.3,channel,0.00022500000000000002,4.2000000000000004e-06,2.25,42.00000000000001,0.060357887555828674,9.312758765247134e+16
p1_ratio_2p00_common_primary,P1 Ctop/Cbottom=2.00 common-primary proxy,top_primary,interface_4x,T03_P1_CAPACITANCE_RATIO,enabled_symmetric_teaching_top_stack,0.0,0.01,0.0,0.3,channel,0.00022500000000000002,4.2750000000000006e-06,2.25,42.75000000000001,0.06185271906543184,9.867120168681058e+16
p1_ratio_2p00_common_primary,P1 Ctop/Cbottom=2.00 common-primary proxy,top_primary,interface_4x,T03_P1_CAPACITANCE_RATIO,enabled_symmetric_teaching_top_stack,0.0,0.01,0.0,0.3,channel,0.00022500000000000002,4.350000000000001e-06,2.25,43.50000000000001,0.06343780464107318,1.0491043385830477e+17
p1_ratio_2p00_common_primary,P1 Ctop/Cbottom=2.00 common-primary proxy,top_primary,interface_4x,T03_P1_CAPACITANCE_RATIO,enabled_symmetric_teaching_top_stack,0.0,0.01,0.0,0.3,channel,0.00022500000000000002,4.425e-06,2.25,44.25,0.06511949489120625,1.1196179069208542e+17
p1_ratio_2p00_common_primary,P1 Ctop/Cbottom=2.00 common-primary proxy,top_primary,interface_4x,T03_P1_CAPACITANCE_RATIO,enabled_symmetric_teaching_top_stack,0.0,0.01,0.0,0.3,channel,0.00022500000000000002,4.5e-06,2.25,45.0,0.0669049670461534,1.1996773182655165e+17
p1_ratio_2p00_common_primary,P1 Ctop/Cbottom=2.00 common-primary proxy,top_primary,interface_4x,T03_P1_CAPACITANCE_RATIO,enabled_symmetric_teaching_top_stack,0.0,0.01,0.0,0.3,channel,0.00022500000000000002,4.575e-06,2.25,45.75,0.06880236996078556,1.2910391554065781e+17
p1_ratio_2p00_common_primary,P1 Ctop/Cbottom=2.00 common-primary proxy,top_primary,interface_4x,T03_P1_CAPACITANCE_RATIO,enabled_symmetric_teaching_top_stack,0.0,0.01,0.0,0.3,channel,0.00022500000000000002,4.65e-06,2.25,46.50000000000001,0.07082100290847025,1.3958892253444688e+17
p1_ratio_2p00_common_primary,P1 Ctop/Cbottom=2.00 common-primary proxy,top_primary,interface_4x,T03_P1_CAPACITANCE_RATIO,enabled_symmetric_teaching_top_stack,0.0,0.01,0.0,0.3,channel,0.00022500000000000002,4.7250000000000005e-06,2.25,47.25000000000001,0.07297153806364712,1.5169747624140058e+17
p1_ratio_2p00_common_primary,P1 Ctop/Cbottom=2.00 common-primary proxy,top_primary,interface_4x,T03_P1_CAPACITANCE_RATIO,enabled_symmetric_teaching_top_stack,0.0,0.01,0.0,0.3,channel,0.00022500000000000002,4.8e-06,2.25,48.0,0.07526630012933865,1.6577867402032224e+17
p1_ratio_2p00_common_primary,P1 Ctop/Cbottom=2.00 common-primary proxy,top_primary,interface_4x,T03_P1_CAPACITANCE_RATIO,enabled_symmetric_teaching_top_stack,0.0,0.01,0.0,0.3,channel,0.00022500000000000002,4.875e-06,2.25,48.75,0.07771962166623213,1.8228152341094093e+17
p1_ratio_2p00_common_primary,P1 Ctop/Cbottom=2.00 common-primary proxy,top_primary,interface_4x,T03_P1_CAPACITANCE_RATIO,enabled_symmetric_teaching_top_stack,0.0,0.01,0.0,0.3,channel,0.00022500000000000002,4.95e-06,2.25,49.5,0.08034830011543526,2.017913305331583e+17
p1_ratio_2p00_common_primary,P1 Ctop/Cbottom=2.00 common-primary proxy,top_primary,interface_4x,T03_P1_CAPACITANCE_RATIO,enabled_symmetric_teaching_top_stack,0.0,0.01,0.0,0.3,channel,0.00022500000000000002,5.025e-06,2.25,50.25,0.0831721935528724,2.2508254950772365e+17
p1_ratio_2p00_common_primary,P1 Ctop/Cbottom=2.00 common-primary proxy,top_primary,interface_4x,T03_P1_CAPACITANCE_RATIO,enabled_symmetric_teaching_top_stack,0.0,0.01,0.0,0.3,channel,0.00022500000000000002,5.1e-06,2.25,51.0,0.08621500896815529,2.5319718616650944e+17
p1_ratio_2p00_common_primary,P1 Ctop/Cbottom=2.00 common-primary proxy,top_primary,interface_4x,T03_P1_CAPACITANCE_RATIO,enabled_symmetric_teaching_top_stack,0.0,0.01,0.0,0.3,channel,0.00022500000000000002,5.1750000000000004e-06,2.25,51.75000000000001,0.08950536287121953,2.8756391507686893e+17
p1_ratio_2p00_common_primary,P1 Ctop/Cbottom=2.00 common-primary proxy,top_primary,interface_4x,T03_P1_CAPACITANCE_RATIO,enabled_symmetric_teaching_top_stack,0.0,0.01,0.0,0.3,channel,0.00022500000000000002,5.2500000000000006e-06,2.25,52.50000000000001,0.09307823547010503,3.30183985736026e+17
p1_ratio_2p00_common_primary,P1 Ctop/Cbottom=2.00 common-primary proxy,top_primary,interface_4x,T03_P1_CAPACITANCE_RATIO,enabled_symmetric_teaching_top_stack,0.0,0.01,0.0,0.3,channel,0.00022500000000000002,5.325e-06,2.25,53.25,0.09697700764467825,3.839303948870833e+17
p1_ratio_2p00_common_primary,P1 Ctop/Cbottom=2.00 common-primary proxy,top_primary,interface_4x,T03_P1_CAPACITANCE_RATIO,enabled_symmetric_teaching_top_stack,0.0,0.01,0.0,0.3,channel,0.00022500000000000002,5.4e-06,2.25,54.0,0.1012563852291259,4.5304659939742106e+17
p1_ratio_2p00_common_primary,P1 Ctop/Cbottom=2.00 common-primary proxy,top_primary,interface_4x,T03_P1_CAPACITANCE_RATIO,enabled_symmetric_teaching_top_stack,0.0,0.01,0.0,0.3,channel,0.00025,3e-06,2.5,30.0,0.04562959790003194,5.2263311211032536e+16
p1_ratio_2p00_common_primary,P1 Ctop/Cbottom=2.00 common-primary proxy,top_primary,interface_4x,T03_P1_CAPACITANCE_RATIO,enabled_symmetric_teaching_top_stack,0.0,0.01,0.0,0.3,channel,0.00025,3.075e-06,2.5,30.750000000000004,0.046168242208709624,5.336367710729887e+16
p1_ratio_2p00_common_primary,P1 Ctop/Cbottom=2.00 common-primary proxy,top_primary,interface_4x,T03_P1_CAPACITANCE_RATIO,enabled_symmetric_teaching_top_stack,0.0,0.01,0.0,0.3,channel,0.00025,3.1500000000000003e-06,2.5,31.500000000000004,0.046751024276212305,5.458031722486418e+16
p1_ratio_2p00_common_primary,P1 Ctop/Cbottom=2.00 common-primary proxy,top_primary,interface_4x,T03_P1_CAPACITANCE_RATIO,enabled_symmetric_teaching_top_stack,0.0,0.01,0.0,0.3,channel,0.00025,3.225e-06,2.5,32.25,0.0473791824608348,5.592276658924246e+16
p1_ratio_2p00_common_primary,P1 Ctop/Cbottom=2.00 common-primary proxy,top_primary,interface_4x,T03_P1_CAPACITANCE_RATIO,enabled_symmetric_teaching_top_stack,0.0,0.01,0.0,0.3,channel,0.00025,3.3e-06,2.5,33.0,0.04805408317593497,5.7401928248079464e+16
p1_ratio_2p00_common_primary,P1 Ctop/Cbottom=2.00 common-primary proxy,top_primary,interface_4x,T03_P1_CAPACITANCE_RATIO,enabled_symmetric_teaching_top_stack,0.0,0.01,0.0,0.3,channel,0.00025,3.3750000000000003e-06,2.5,33.75,0.04877723198761135,5.903028048441512e+16
p1_ratio_2p00_common_primary,P1 Ctop/Cbottom=2.00 common-primary proxy,top_primary,interface_4x,T03_P1_CAPACITANCE_RATIO,enabled_symmetric_teaching_top_stack,0.0,0.01,0.0,0.3,channel,0.00025,3.45e-06,2.5,34.5,0.04955028631573555,6.08221247820895e+16
p1_ratio_2p00_common_primary,P1 Ctop/Cbottom=2.00 common-primary proxy,top_primary,interface_4x,T03_P1_CAPACITANCE_RATIO,enabled_symmetric_teaching_top_stack,0.0,0.01,0.0,0.3,channel,0.00025,3.525e-06,2.5,35.25,0.050375069990731394,6.279388361815078e+16
p1_ratio_2p00_common_primary,P1 Ctop/Cbottom=2.00 common-primary proxy,top_primary,interface_4x,T03_P1_CAPACITANCE_RATIO,enabled_symmetric_teaching_top_stack,0.0,0.01,0.0,0.3,channel,0.00025,3.6000000000000003e-06,2.5,36.0,0.05125358996920902,6.4964459538885e+16
p1_ratio_2p00_common_primary,P1 Ctop/Cbottom=2.00 common-primary proxy,top_primary,interface_4x,T03_P1_CAPACITANCE_RATIO,enabled_symmetric_teaching_top_stack,0.0,0.01,0.0,0.3,channel,0.00025,3.6750000000000004e-06,2.5,36.75000000000001,0.05218805557393984,6.735567006770236e+16
p1_ratio_2p00_common_primary,P1 Ctop/Cbottom=2.00 common-primary proxy,top_primary,interface_4x,T03_P1_CAPACITANCE_RATIO,enabled_symmetric_teaching_top_stack,0.0,0.01,0.0,0.3,channel,0.00025,3.7500000000000005e-06,2.5,37.50000000000001,0.0531809007008437,6.999277703528524e+16
p1_ratio_2p00_common_primary,P1 Ctop/Cbottom=2.00 common-primary proxy,top_primary,interface_4x,T03_P1_CAPACITANCE_RATIO,enabled_symmetric_teaching_top_stack,0.0,0.01,0.0,0.3,channel,0.00025,3.825000000000001e-06,2.5,38.25000000000001,0.05423480953176762,7.290513424757872e+16
p1_ratio_2p00_common_primary,P1 Ctop/Cbottom=2.00 common-primary proxy,top_primary,interface_4x,T03_P1_CAPACITANCE_RATIO,enabled_symmetric_teaching_top_stack,0.0,0.01,0.0,0.3,channel,0.00025,3.9e-06,2.5,39.0,0.055352746412285374,7.612698447870776e+16
p1_ratio_2p00_common_primary,P1 Ctop/Cbottom=2.00 common-primary proxy,top_primary,interface_4x,T03_P1_CAPACITANCE_RATIO,enabled_symmetric_teaching_top_stack,0.0,0.01,0.0,0.3,channel,0.00025,3.975e-06,2.5,39.75,0.05653799070573812,7.969844624567506e+16
p1_ratio_2p00_common_primary,P1 Ctop/Cbottom=2.00 common-primary proxy,top_primary,interface_4x,T03_P1_CAPACITANCE_RATIO,enabled_symmetric_teaching_top_stack,0.0,0.01,0.0,0.3,channel,0.00025,4.05e-06,2.5,40.5,0.05779417762790546,8.366674361637272e+16
p1_ratio_2p00_common_primary,P1 Ctop/Cbottom=2.00 common-primary proxy,top_primary,interface_4x,T03_P1_CAPACITANCE_RATIO,enabled_symmetric_teaching_top_stack,0.0,0.01,0.0,0.3,channel,0.00025,4.125e-06,2.5,41.25,0.05912534631406837,8.808774975336178e+16
p1_ratio_2p00_common_primary,P1 Ctop/Cbottom=2.00 common-primary proxy,top_primary,interface_4x,T03_P1_CAPACITANCE_RATIO,enabled_symmetric_teaching_top_stack,0.0,0.01,0.0,0.3,channel,0.00025,4.2000000000000004e-06,2.5,42.00000000000001,0.06053599668956145,9.30279389377026e+16
p1_ratio_2p00_common_primary,P1 Ctop/Cbottom=2.00 common-primary proxy,top_primary,interface_4x,T03_P1_CAPACITANCE_RATIO,enabled_symmetric_teaching_top_stack,0.0,0.01,0.0,0.3,channel,0.00025,4.2750000000000006e-06,2.5,42.75000000000001,0.06203115713068378,9.856687529568731e+16
p1_ratio_2p00_common_primary,P1 Ctop/Cbottom=2.00 common-primary proxy,top_primary,interface_4x,T03_P1_CAPACITANCE_RATIO,enabled_symmetric_teaching_top_stack,0.0,0.01,0.0,0.3,channel,0.00025,4.350000000000001e-06,2.5,43.50000000000001,0.06361646544912135,1.0480041360737952e+17
p1_ratio_2p00_common_primary,P1 Ctop/Cbottom=2.00 common-primary proxy,top_primary,interface_4x,T03_P1_CAPACITANCE_RATIO,enabled_symmetric_teaching_top_stack,0.0,0.01,0.0,0.3,channel,0.00025,4.425e-06,2.5,44.25,0.065298266457827,1.1184485481718347e+17
p1_ratio_2p00_common_primary,P1 Ctop/Cbottom=2.00 common-primary proxy,top_primary,interface_4x,T03_P1_CAPACITANCE_RATIO,enabled_symmetric_teaching_top_stack,0.0,0.01,0.0,0.3,channel,0.00025,4.5e-06,2.5,45.0,0.06708373034804864,1.1984239602071798e+17
p1_ratio_2p00_common_primary,P1 Ctop/Cbottom=2.00 common-primary proxy,top_primary,interface_4x,T03_P1_CAPACITANCE_RATIO,enabled_symmetric_teaching_top_stack,0.0,0.01,0.0,0.3,channel,0.00025,4.575e-06,2.5,45.75,0.0689809974247794,1.2896835708474013e+17
p1_ratio_2p00_common_primary,P1 Ctop/Cbottom=2.00 common-primary proxy,top_primary,interface_4x,T03_P1_CAPACITANCE_RATIO,enabled_symmetric_teaching_top_stack,0.0,0.01,0.0,0.3,channel,0.00025,4.65e-06,2.5,46.50000000000001,0.07099935655625261,1.3944087795290322e+17
p1_ratio_2p00_common_primary,P1 Ctop/Cbottom=2.00 common-primary proxy,top_primary,interface_4x,T03_P1_CAPACITANCE_RATIO,enabled_symmetric_teaching_top_stack,0.0,0.01,0.0,0.3,channel,0.00025,4.7250000000000005e-06,2.5,47.25000000000001,0.07314946720789299,1.515341013346525e+17
p1_ratio_2p00_common_primary,P1 Ctop/Cbottom=2.00 common-primary proxy,top_primary,interface_4x,T03_P1_CAPACITANCE_RATIO,enabled_symmetric_teaching_top_stack,0.0,0.01,0.0,0.3,channel,0.00025,4.8e-06,2.5,48.0,0.07544363847873678,1.6559634955678224e+17
p1_ratio_2p00_common_primary,P1 Ctop/Cbottom=2.00 common-primary proxy,top_primary,interface_4x,T03_P1_CAPACITANCE_RATIO,enabled_symmetric_teaching_top_stack,0.0,0.01,0.0,0.3,channel,0.00025,4.875e-06,2.5,48.75,0.07789618364164677,1.8207558092391907e+17
p1_ratio_2p00_common_primary,P1 Ctop/Cbottom=2.00 common-primary proxy,top_primary,interface_4x,T03_P1_CAPACITANCE_RATIO,enabled_symmetric_teaching_top_stack,0.0,0.01,0.0,0.3,channel,0.00025,4.95e-06,2.5,49.5,0.0805238760981028,2.015556583184057e+17
p1_ratio_2p00_common_primary,P1 Ctop/Cbottom=2.00 common-primary proxy,top_primary,interface_4x,T03_P1_CAPACITANCE_RATIO,enabled_symmetric_teaching_top_stack,0.0,0.01,0.0,0.3,channel,0.00025,5.025e-06,2.5,50.25,0.08334654366359738,2.2480901502820563e+17
p1_ratio_2p00_common_primary,P1 Ctop/Cbottom=2.00 common-primary proxy,top_primary,interface_4x,T03_P1_CAPACITANCE_RATIO,enabled_symmetric_teaching_top_stack,0.0,0.01,0.0,0.3,channel,0.00025,5.1e-06,2.5,51.0,0.08638785478959972,2.528747701776619e+17
p1_ratio_2p00_common_primary,P1 Ctop/Cbottom=2.00 common-primary proxy,top_primary,interface_4x,T03_P1_CAPACITANCE_RATIO,enabled_symmetric_teaching_top_stack,0.0,0.01,0.0,0.3,channel,0.00025,5.1750000000000004e-06,2.5,51.75000000000001,0.08967637623195432,2.8717738057343424e+17
p1_ratio_2p00_common_primary,P1 Ctop/Cbottom=2.00 common-primary proxy,top_primary,interface_4x,T03_P1_CAPACITANCE_RATIO,enabled_symmetric_teaching_top_stack,0.0,0.01,0.0,0.3,channel,0.00025,5.2500000000000006e-06,2.5,52.50000000000001,0.0932470229356095,3.297117727633075e+17
p1_ratio_2p00_common_primary,P1 Ctop/Cbottom=2.00 common-primary proxy,top_primary,interface_4x,T03_P1_CAPACITANCE_RATIO,enabled_symmetric_teaching_top_stack,0.0,0.01,0.0,0.3,channel,0.00025,5.325e-06,2.5,53.25,0.0971430885725196,3.8334118098063206e+17
p1_ratio_2p00_common_primary,P1 Ctop/Cbottom=2.00 common-primary proxy,top_primary,interface_4x,T03_P1_CAPACITANCE_RATIO,enabled_symmetric_teaching_top_stack,0.0,0.01,0.0,0.3,channel,0.00025,5.4e-06,2.5,54.0,0.10141915988735872,4.5229346507089664e+17
p1_ratio_2p00_common_primary,P1 Ctop/Cbottom=2.00 common-primary proxy,top_primary,interface_4x,T03_P1_CAPACITANCE_RATIO,enabled_symmetric_teaching_top_stack,0.0,0.01,0.0,0.3,channel,0.00027499999999999996,3e-06,2.7499999999999996,30.0,0.04579017064611698,5.217145467265948e+16
p1_ratio_2p00_common_primary,P1 Ctop/Cbottom=2.00 common-primary proxy,top_primary,interface_4x,T03_P1_CAPACITANCE_RATIO,enabled_symmetric_teaching_top_stack,0.0,0.01,0.0,0.3,channel,0.00027499999999999996,3.075e-06,2.7499999999999996,30.750000000000004,0.04633058803108474,5.327354027176687e+16
p1_ratio_2p00_common_primary,P1 Ctop/Cbottom=2.00 common-primary proxy,top_primary,interface_4x,T03_P1_CAPACITANCE_RATIO,enabled_symmetric_teaching_top_stack,0.0,0.01,0.0,0.3,channel,0.00027499999999999996,3.1500000000000003e-06,2.7499999999999996,31.500000000000004,0.046915051429007905,5.449166920344987e+16
p1_ratio_2p00_common_primary,P1 Ctop/Cbottom=2.00 common-primary proxy,top_primary,interface_4x,T03_P1_CAPACITANCE_RATIO,enabled_symmetric_teaching_top_stack,0.0,0.01,0.0,0.3,channel,0.00027499999999999996,3.225e-06,2.7499999999999996,32.25,0.04754480071357211,5.583537456004794e+16
p1_ratio_2p00_common_primary,P1 Ctop/Cbottom=2.00 common-primary proxy,top_primary,interface_4x,T03_P1_CAPACITANCE_RATIO,enabled_symmetric_teaching_top_stack,0.0,0.01,0.0,0.3,channel,0.00027499999999999996,3.3e-06,2.7499999999999996,33.0,0.04822120357654806,5.731555495490106e+16
p1_ratio_2p00_common_primary,P1 Ctop/Cbottom=2.00 common-primary proxy,top_primary,interface_4x,T03_P1_CAPACITANCE_RATIO,enabled_symmetric_teaching_top_stack,0.0,0.01,0.0,0.3,channel,0.00027499999999999996,3.3750000000000003e-06,2.7499999999999996,33.75,0.04894576662095568,5.894468147076909e+16
p1_ratio_2p00_common_primary,P1 Ctop/Cbottom=2.00 common-primary proxy,top_primary,interface_4x,T03_P1_CAPACITANCE_RATIO,enabled_symmetric_teaching_top_stack,0.0,0.01,0.0,0.3,channel,0.00027499999999999996,3.45e-06,2.7499999999999996,34.5,0.04972014805476766,6.073704527957716e+16
p1_ratio_2p00_common_primary,P1 Ctop/Cbottom=2.00 common-primary proxy,top_primary,interface_4x,T03_P1_CAPACITANCE_RATIO,enabled_symmetric_teaching_top_stack,0.0,0.01,0.0,0.3,channel,0.00027499999999999996,3.525e-06,2.7499999999999996,35.25,0.050546172237192724,6.2709054990183736e+16
p1_ratio_2p00_common_primary,P1 Ctop/Cbottom=2.00 common-primary proxy,top_primary,interface_4x,T03_P1_CAPACITANCE_RATIO,enabled_symmetric_teaching_top_stack,0.0,0.01,0.0,0.3,channel,0.00027499999999999996,3.6000000000000003e-06,2.7499999999999996,36.0,0.05142584638019384,6.487959515694883e+16
p1_ratio_2p00_common_primary,P1 Ctop/Cbottom=2.00 common-primary proxy,top_primary,interface_4x,T03_P1_CAPACITANCE_RATIO,enabled_symmetric_teaching_top_stack,0.0,0.01,0.0,0.3,channel,0.00027499999999999996,3.6750000000000004e-06,2.7499999999999996,36.75000000000001,0.05236137977015016,6.727046046596748e+16
p1_ratio_2p00_common_primary,P1 Ctop/Cbottom=2.00 common-primary proxy,top_primary,interface_4x,T03_P1_CAPACITANCE_RATIO,enabled_symmetric_teaching_top_stack,0.0,0.01,0.0,0.3,channel,0.00027499999999999996,3.7500000000000005e-06,2.7499999999999996,37.50000000000001,0.05335520595159919,6.990688414793473e+16
p1_ratio_2p00_common_primary,P1 Ctop/Cbottom=2.00 common-primary proxy,top_primary,interface_4x,T03_P1_CAPACITANCE_RATIO,enabled_symmetric_teaching_top_stack,0.0,0.01,0.0,0.3,channel,0.00027499999999999996,3.825000000000001e-06,2.7499999999999996,38.25000000000001,0.05441000841090501,7.281818447817646e+16
p1_ratio_2p00_common_primary,P1 Ctop/Cbottom=2.00 common-primary proxy,top_primary,interface_4x,T03_P1_CAPACITANCE_RATIO,enabled_symmetric_teaching_top_stack,0.0,0.01,0.0,0.3,channel,0.00027499999999999996,3.9e-06,2.7499999999999996,39.0,0.055528750417892916,7.603856027732365e+16
p1_ratio_2p00_common_primary,P1 Ctop/Cbottom=2.00 common-primary proxy,top_primary,interface_4x,T03_P1_CAPACITANCE_RATIO,enabled_symmetric_teaching_top_stack,0.0,0.01,0.0,0.3,channel,0.00027499999999999996,3.975e-06,2.7499999999999996,39.75,0.056714709835152054,7.9608075770306e+16
p1_ratio_2p00_common_primary,P1 Ctop/Cbottom=2.00 common-primary proxy,top_primary,interface_4x,T03_P1_CAPACITANCE_RATIO,enabled_symmetric_teaching_top_stack,0.0,0.01,0.0,0.3,channel,0.00027499999999999996,4.05e-06,2.7499999999999996,40.5,0.057971519897445124,8.357388792043454e+16
p1_ratio_2p00_common_primary,P1 Ctop/Cbottom=2.00 common-primary proxy,top_primary,interface_4x,T03_P1_CAPACITANCE_RATIO,enabled_symmetric_teaching_top_stack,0.0,0.01,0.0,0.3,channel,0.00027499999999999996,4.125e-06,2.7499999999999996,41.25,0.05930321721046897,8.799178675620643e+16
p1_ratio_2p00_common_primary,P1 Ctop/Cbottom=2.00 common-primary proxy,top_primary,interface_4x,T03_P1_CAPACITANCE_RATIO,enabled_symmetric_teaching_top_stack,0.0,0.01,0.0,0.3,channel,0.00027499999999999996,4.2000000000000004e-06,2.7499999999999996,42.00000000000001,0.060714298536788606,9.292814317909358e+16
p1_ratio_2p00_common_primary,P1 Ctop/Cbottom=2.00 common-primary proxy,top_primary,interface_4x,T03_P1_CAPACITANCE_RATIO,enabled_symmetric_teaching_top_stack,0.0,0.01,0.0,0.3,channel,0.00027499999999999996,4.2750000000000006e-06,2.7499999999999996,42.75000000000001,0.062209788351523194,9.846239211665174e+16
p1_ratio_2p00_common_primary,P1 Ctop/Cbottom=2.00 common-primary proxy,top_primary,interface_4x,T03_P1_CAPACITANCE_RATIO,enabled_symmetric_teaching_top_stack,0.0,0.01,0.0,0.3,channel,0.00027499999999999996,4.350000000000001e-06,2.7499999999999996,43.50000000000001,0.06379531969526331,1.0469022589192422e+17
p1_ratio_2p00_common_primary,P1 Ctop/Cbottom=2.00 common-primary proxy,top_primary,interface_4x,T03_P1_CAPACITANCE_RATIO,enabled_symmetric_teaching_top_stack,0.0,0.01,0.0,0.3,channel,0.00027499999999999996,4.425e-06,2.7499999999999996,44.25,0.06547723157459395,1.1172773970063646e+17
p1_ratio_2p00_common_primary,P1 Ctop/Cbottom=2.00 common-primary proxy,top_primary,interface_4x,T03_P1_CAPACITANCE_RATIO,enabled_symmetric_teaching_top_stack,0.0,0.01,0.0,0.3,channel,0.00027499999999999996,4.5e-06,2.7499999999999996,45.0,0.06726268712970114,1.197168679106718e+17
p1_ratio_2p00_common_primary,P1 Ctop/Cbottom=2.00 common-primary proxy,top_primary,interface_4x,T03_P1_CAPACITANCE_RATIO,enabled_symmetric_teaching_top_stack,0.0,0.01,0.0,0.3,channel,0.00027499999999999996,4.575e-06,2.7499999999999996,45.75,0.06915981810240449,1.2883259177656208e+17
p1_ratio_2p00_common_primary,P1 Ctop/Cbottom=2.00 common-primary proxy,top_primary,interface_4x,T03_P1_CAPACITANCE_RATIO,enabled_symmetric_teaching_top_stack,0.0,0.01,0.0,0.3,channel,0.00027499999999999996,4.65e-06,2.7499999999999996,46.50000000000001,0.07117790294099542,1.392926102766659e+17
p1_ratio_2p00_common_primary,P1 Ctop/Cbottom=2.00 common-primary proxy,top_primary,interface_4x,T03_P1_CAPACITANCE_RATIO,enabled_symmetric_teaching_top_stack,0.0,0.01,0.0,0.3,channel,0.00027499999999999996,4.7250000000000005e-06,2.7499999999999996,47.25000000000001,0.07332758838535133,1.513704851927867e+17
p1_ratio_2p00_common_primary,P1 Ctop/Cbottom=2.00 common-primary proxy,top_primary,interface_4x,T03_P1_CAPACITANCE_RATIO,enabled_symmetric_teaching_top_stack,0.0,0.01,0.0,0.3,channel,0.00027499999999999996,4.8e-06,2.7499999999999996,48.0,0.075621167912058,1.6541376365033322e+17
p1_ratio_2p00_common_primary,P1 Ctop/Cbottom=2.00 common-primary proxy,top_primary,interface_4x,T03_P1_CAPACITANCE_RATIO,enabled_symmetric_teaching_top_stack,0.0,0.01,0.0,0.3,channel,0.00027499999999999996,4.875e-06,2.7499999999999996,48.75,0.07807293548558517,1.818693546398504e+17
p1_ratio_2p00_common_primary,P1 Ctop/Cbottom=2.00 common-primary proxy,top_primary,interface_4x,T03_P1_CAPACITANCE_RATIO,enabled_symmetric_teaching_top_stack,0.0,0.01,0.0,0.3,channel,0.00027499999999999996,4.95e-06,2.7499999999999996,49.5,0.08069964044503161,2.0131967792431635e+17
p1_ratio_2p00_common_primary,P1 Ctop/Cbottom=2.00 common-primary proxy,top_primary,interface_4x,T03_P1_CAPACITANCE_RATIO,enabled_symmetric_teaching_top_stack,0.0,0.01,0.0,0.3,channel,0.00027499999999999996,5.025e-06,2.7499999999999996,50.25,0.08352108032064048,2.245351464762837e+17
p1_ratio_2p00_common_primary,P1 Ctop/Cbottom=2.00 common-primary proxy,top_primary,interface_4x,T03_P1_CAPACITANCE_RATIO,enabled_symmetric_teaching_top_stack,0.0,0.01,0.0,0.3,channel,0.00027499999999999996,5.1e-06,2.7499999999999996,51.0,0.0865608849993832,2.5255199401364e+17
p1_ratio_2p00_common_primary,P1 Ctop/Cbottom=2.00 common-primary proxy,top_primary,interface_4x,T03_P1_CAPACITANCE_RATIO,enabled_symmetric_teaching_top_stack,0.0,0.01,0.0,0.3,channel,0.00027499999999999996,5.1750000000000004e-06,2.7499999999999996,51.75000000000001,0.0898475714564444,2.8679046240983434e+17
p1_ratio_2p00_common_primary,P1 Ctop/Cbottom=2.00 common-primary proxy,top_primary,interface_4x,T03_P1_CAPACITANCE_RATIO,enabled_symmetric_teaching_top_stack,0.0,0.01,0.0,0.3,channel,0.00027499999999999996,5.2500000000000006e-06,2.7499999999999996,52.50000000000001,0.09341598934977663,3.292391610837941e+17
p1_ratio_2p00_common_primary,P1 Ctop/Cbottom=2.00 common-primary proxy,top_primary,interface_4x,T03_P1_CAPACITANCE_RATIO,enabled_symmetric_teaching_top_stack,0.0,0.01,0.0,0.3,channel,0.00027499999999999996,5.325e-06,2.7499999999999996,53.25,0.09730934512810685,3.827515735558967e+17
p1_ratio_2p00_common_primary,P1 Ctop/Cbottom=2.00 common-primary proxy,top_primary,interface_4x,T03_P1_CAPACITANCE_RATIO,enabled_symmetric_teaching_top_stack,0.0,0.01,0.0,0.3,channel,0.00027499999999999996,5.4e-06,2.7499999999999996,54.0,0.10158210645187768,4.515399867207452e+17
p1_ratio_2p00_common_primary,P1 Ctop/Cbottom=2.00 common-primary proxy,top_primary,interface_4x,T03_P1_CAPACITANCE_RATIO,enabled_symmetric_teaching_top_stack,0.0,0.01,0.0,0.3,channel,0.00030000000000000003,3e-06,3.0000000000000004,30.0,0.045950914528009264,5.207957202262413e+16
p1_ratio_2p00_common_primary,P1 Ctop/Cbottom=2.00 common-primary proxy,top_primary,interface_4x,T03_P1_CAPACITANCE_RATIO,enabled_symmetric_teaching_top_stack,0.0,0.01,0.0,0.3,channel,0.00030000000000000003,3.075e-06,3.0000000000000004,30.750000000000004,0.04649310691551718,5.3183368118230936e+16
p1_ratio_2p00_common_primary,P1 Ctop/Cbottom=2.00 common-primary proxy,top_primary,interface_4x,T03_P1_CAPACITANCE_RATIO,enabled_symmetric_teaching_top_stack,0.0,0.01,0.0,0.3,channel,0.00030000000000000003,3.1500000000000003e-06,3.0000000000000004,31.500000000000004,0.04707925353416242,5.440297727005528e+16
p1_ratio_2p00_common_primary,P1 Ctop/Cbottom=2.00 common-primary proxy,top_primary,interface_4x,T03_P1_CAPACITANCE_RATIO,enabled_symmetric_teaching_top_stack,0.0,0.01,0.0,0.3,channel,0.00030000000000000003,3.225e-06,3.0000000000000004,32.25,0.04771059576427405,5.574793054367062e+16
p1_ratio_2p00_common_primary,P1 Ctop/Cbottom=2.00 common-primary proxy,top_primary,interface_4x,T03_P1_CAPACITANCE_RATIO,enabled_symmetric_teaching_top_stack,0.0,0.01,0.0,0.3,channel,0.00030000000000000003,3.3e-06,3.0000000000000004,33.0,0.04838850256781627,5.722912203012586e+16
p1_ratio_2p00_common_primary,P1 Ctop/Cbottom=2.00 common-primary proxy,top_primary,interface_4x,T03_P1_CAPACITANCE_RATIO,enabled_symmetric_teaching_top_stack,0.0,0.01,0.0,0.3,channel,0.00030000000000000003,3.3750000000000003e-06,3.0000000000000004,33.75,0.04911448157694949,5.885901552826011e+16
p1_ratio_2p00_common_primary,P1 Ctop/Cbottom=2.00 common-primary proxy,top_primary,interface_4x,T03_P1_CAPACITANCE_RATIO,enabled_symmetric_teaching_top_stack,0.0,0.01,0.0,0.3,channel,0.00030000000000000003,3.45e-06,3.0000000000000004,34.5,0.04989019178032001,6.065189181757584e+16
p1_ratio_2p00_common_primary,P1 Ctop/Cbottom=2.00 common-primary proxy,top_primary,interface_4x,T03_P1_CAPACITANCE_RATIO,enabled_symmetric_teaching_top_stack,0.0,0.01,0.0,0.3,channel,0.00030000000000000003,3.525e-06,3.0000000000000004,35.25,0.050717458058765263,6.262414556017922e+16
p1_ratio_2p00_common_primary,P1 Ctop/Cbottom=2.00 common-primary proxy,top_primary,interface_4x,T03_P1_CAPACITANCE_RATIO,enabled_symmetric_teaching_top_stack,0.0,0.01,0.0,0.3,channel,0.00030000000000000003,3.6000000000000003e-06,3.0000000000000004,36.0,0.05159828787263638,6.4794643240697544e+16
p1_ratio_2p00_common_primary,P1 Ctop/Cbottom=2.00 common-primary proxy,top_primary,interface_4x,T03_P1_CAPACITANCE_RATIO,enabled_symmetric_teaching_top_stack,0.0,0.01,0.0,0.3,channel,0.00030000000000000003,3.6750000000000004e-06,3.0000000000000004,36.75000000000001,0.0525348904650678,6.718515662964479e+16
p1_ratio_2p00_common_primary,P1 Ctop/Cbottom=2.00 common-primary proxy,top_primary,interface_4x,T03_P1_CAPACITANCE_RATIO,enabled_symmetric_teaching_top_stack,0.0,0.01,0.0,0.3,channel,0.00030000000000000003,3.7500000000000005e-06,3.0000000000000004,37.50000000000001,0.05352969902239482,6.982089027773637e+16
p1_ratio_2p00_common_primary,P1 Ctop/Cbottom=2.00 common-primary proxy,top_primary,interface_4x,T03_P1_CAPACITANCE_RATIO,enabled_symmetric_teaching_top_stack,0.0,0.01,0.0,0.3,channel,0.00030000000000000003,3.825000000000001e-06,3.0000000000000004,38.25000000000001,0.05458539632862981,7.273112684661686e+16
p1_ratio_2p00_common_primary,P1 Ctop/Cbottom=2.00 common-primary proxy,top_primary,interface_4x,T03_P1_CAPACITANCE_RATIO,enabled_symmetric_teaching_top_stack,0.0,0.01,0.0,0.3,channel,0.00030000000000000003,3.9e-06,3.0000000000000004,39.0,0.055704944570847535,7.595002111584706e+16
p1_ratio_2p00_common_primary,P1 Ctop/Cbottom=2.00 common-primary proxy,top_primary,interface_4x,T03_P1_CAPACITANCE_RATIO,enabled_symmetric_teaching_top_stack,0.0,0.01,0.0,0.3,channel,0.00030000000000000003,3.975e-06,3.0000000000000004,39.75,0.05689162010366044,7.95175829246277e+16
p1_ratio_2p00_common_primary,P1 Ctop/Cbottom=2.00 common-primary proxy,top_primary,interface_4x,T03_P1_CAPACITANCE_RATIO,enabled_symmetric_teaching_top_stack,0.0,0.01,0.0,0.3,channel,0.00030000000000000003,4.05e-06,3.0000000000000004,40.5,0.058149054173271875,8.34809020302515e+16
p1_ratio_2p00_common_primary,P1 Ctop/Cbottom=2.00 common-primary proxy,top_primary,interface_4x,T03_P1_CAPACITANCE_RATIO,enabled_symmetric_teaching_top_stack,0.0,0.01,0.0,0.3,channel,0.00030000000000000003,4.125e-06,3.0000000000000004,41.25,0.05948128084783089,8.789568521609688e+16
p1_ratio_2p00_common_primary,P1 Ctop/Cbottom=2.00 common-primary proxy,top_primary,interface_4x,T03_P1_CAPACITANCE_RATIO,enabled_symmetric_teaching_top_stack,0.0,0.01,0.0,0.3,channel,0.00030000000000000003,4.2000000000000004e-06,3.0000000000000004,42.00000000000001,0.06089279371863524,9.282819988143106e+16
p1_ratio_2p00_common_primary,P1 Ctop/Cbottom=2.00 common-primary proxy,top_primary,interface_4x,T03_P1_CAPACITANCE_RATIO,enabled_symmetric_teaching_top_stack,0.0,0.01,0.0,0.3,channel,0.00030000000000000003,4.2750000000000006e-06,3.0000000000000004,42.75000000000001,0.06238861335046743,9.835775161892238e+16
p1_ratio_2p00_common_primary,P1 Ctop/Cbottom=2.00 common-primary proxy,top_primary,interface_4x,T03_P1_CAPACITANCE_RATIO,enabled_symmetric_teaching_top_stack,0.0,0.01,0.0,0.3,channel,0.00030000000000000003,4.350000000000001e-06,3.0000000000000004,43.50000000000001,0.06397436800286843,1.0457987014307517e+17
p1_ratio_2p00_common_primary,P1 Ctop/Cbottom=2.00 common-primary proxy,top_primary,interface_4x,T03_P1_CAPACITANCE_RATIO,enabled_symmetric_teaching_top_stack,0.0,0.01,0.0,0.3,channel,0.00030000000000000003,4.425e-06,3.0000000000000004,44.25,0.0656563908651494,1.1161044473268747e+17
p1_ratio_2p00_common_primary,P1 Ctop/Cbottom=2.00 common-primary proxy,top_primary,interface_4x,T03_P1_CAPACITANCE_RATIO,enabled_symmetric_teaching_top_stack,0.0,0.01,0.0,0.3,channel,0.00030000000000000003,4.5e-06,3.0000000000000004,45.0,0.06744183801440554,1.1959114684265837e+17
p1_ratio_2p00_common_primary,P1 Ctop/Cbottom=2.00 common-primary proxy,top_primary,interface_4x,T03_P1_CAPACITANCE_RATIO,enabled_symmetric_teaching_top_stack,0.0,0.01,0.0,0.3,channel,0.00030000000000000003,4.575e-06,3.0000000000000004,45.75,0.06933883261594241,1.2869661891499982e+17
p1_ratio_2p00_common_primary,P1 Ctop/Cbottom=2.00 common-primary proxy,top_primary,interface_4x,T03_P1_CAPACITANCE_RATIO,enabled_symmetric_teaching_top_stack,0.0,0.01,0.0,0.3,channel,0.00030000000000000003,4.65e-06,3.0000000000000004,46.50000000000001,0.07135664268325355,1.3914411875367112e+17
p1_ratio_2p00_common_primary,P1 Ctop/Cbottom=2.00 common-primary proxy,top_primary,interface_4x,T03_P1_CAPACITANCE_RATIO,enabled_symmetric_teaching_top_stack,0.0,0.01,0.0,0.3,channel,0.00030000000000000003,4.7250000000000005e-06,3.0000000000000004,47.25000000000001,0.07350590221408479,1.5120662700915882e+17
p1_ratio_2p00_common_primary,P1 Ctop/Cbottom=2.00 common-primary proxy,top_primary,interface_4x,T03_P1_CAPACITANCE_RATIO,enabled_symmetric_teaching_top_stack,0.0,0.01,0.0,0.3,channel,0.00030000000000000003,4.8e-06,3.0000000000000004,48.0,0.07579888904405169,1.6523091543627197e+17
p1_ratio_2p00_common_primary,P1 Ctop/Cbottom=2.00 common-primary proxy,top_primary,interface_4x,T03_P1_CAPACITANCE_RATIO,enabled_symmetric_teaching_top_stack,0.0,0.01,0.0,0.3,channel,0.00030000000000000003,4.875e-06,3.0000000000000004,48.75,0.07824987780860326,1.8166284363304688e+17
p1_ratio_2p00_common_primary,P1 Ctop/Cbottom=2.00 common-primary proxy,top_primary,interface_4x,T03_P1_CAPACITANCE_RATIO,enabled_symmetric_teaching_top_stack,0.0,0.01,0.0,0.3,channel,0.00030000000000000003,4.95e-06,3.0000000000000004,49.5,0.08087559376164205,2.0108338836247907e+17
p1_ratio_2p00_common_primary,P1 Ctop/Cbottom=2.00 common-primary proxy,top_primary,interface_4x,T03_P1_CAPACITANCE_RATIO,enabled_symmetric_teaching_top_stack,0.0,0.01,0.0,0.3,channel,0.00030000000000000003,5.025e-06,3.0000000000000004,50.25,0.08369580412328041,2.242609428012826e+17
p1_ratio_2p00_common_primary,P1 Ctop/Cbottom=2.00 common-primary proxy,top_primary,interface_4x,T03_P1_CAPACITANCE_RATIO,enabled_symmetric_teaching_top_stack,0.0,0.01,0.0,0.3,channel,0.00030000000000000003,5.1e-06,3.0000000000000004,51.0,0.08673410018957334,2.5222885656571373e+17
p1_ratio_2p00_common_primary,P1 Ctop/Cbottom=2.00 common-primary proxy,top_primary,interface_4x,T03_P1_CAPACITANCE_RATIO,enabled_symmetric_teaching_top_stack,0.0,0.01,0.0,0.3,channel,0.00030000000000000003,5.1750000000000004e-06,3.0000000000000004,51.75000000000001,0.09001894912841775,2.8640315942953482e+17
p1_ratio_2p00_common_primary,P1 Ctop/Cbottom=2.00 common-primary proxy,top_primary,interface_4x,T03_P1_CAPACITANCE_RATIO,enabled_symmetric_teaching_top_stack,0.0,0.01,0.0,0.3,channel,0.00030000000000000003,5.2500000000000006e-06,3.0000000000000004,52.50000000000001,0.09358513528681757,3.287661495125396e+17
p1_ratio_2p00_common_primary,P1 Ctop/Cbottom=2.00 common-primary proxy,top_primary,interface_4x,T03_P1_CAPACITANCE_RATIO,enabled_symmetric_teaching_top_stack,0.0,0.01,0.0,0.3,channel,0.00030000000000000003,5.325e-06,3.0000000000000004,53.25,0.09747577787492825,3.821615714314026e+17
p1_ratio_2p00_common_primary,P1 Ctop/Cbottom=2.00 common-primary proxy,top_primary,interface_4x,T03_P1_CAPACITANCE_RATIO,enabled_symmetric_teaching_top_stack,0.0,0.01,0.0,0.3,channel,0.00030000000000000003,5.4e-06,3.0000000000000004,54.0,0.10174522547424554,4.507861632139557e+17
p1_ratio_2p00_common_primary,P1 Ctop/Cbottom=2.00 common-primary proxy,top_primary,interface_4x,T03_P1_CAPACITANCE_RATIO,enabled_symmetric_teaching_top_stack,0.0,0.01,0.0,0.3,channel,0.00032500000000000004,3e-06,3.2500000000000004,30.0,0.046111830098476775,5.198766314863966e+16
p1_ratio_2p00_common_primary,P1 Ctop/Cbottom=2.00 common-primary proxy,top_primary,interface_4x,T03_P1_CAPACITANCE_RATIO,enabled_symmetric_teaching_top_stack,0.0,0.01,0.0,0.3,channel,0.00032500000000000004,3.075e-06,3.2500000000000004,30.750000000000004,0.04665579942098249,5.309316051780674e+16
p1_ratio_2p00_common_primary,P1 Ctop/Cbottom=2.00 common-primary proxy,top_primary,interface_4x,T03_P1_CAPACITANCE_RATIO,enabled_symmetric_teaching_top_stack,0.0,0.01,0.0,0.3,channel,0.00032500000000000004,3.1500000000000003e-06,3.2500000000000004,31.500000000000004,0.047243631156727764,5.431424127792802e+16
p1_ratio_2p00_common_primary,P1 Ctop/Cbottom=2.00 common-primary proxy,top_primary,interface_4x,T03_P1_CAPACITANCE_RATIO,enabled_symmetric_teaching_top_stack,0.0,0.01,0.0,0.3,channel,0.00032500000000000004,3.225e-06,3.2500000000000004,32.25,0.04787656818391954,5.5660434374413896e+16
p1_ratio_2p00_common_primary,P1 Ctop/Cbottom=2.00 common-primary proxy,top_primary,interface_4x,T03_P1_CAPACITANCE_RATIO,enabled_symmetric_teaching_top_stack,0.0,0.01,0.0,0.3,channel,0.00032500000000000004,3.3e-06,3.2500000000000004,33.0,0.04855598072647685,5.7142629288178056e+16
p1_ratio_2p00_common_primary,P1 Ctop/Cbottom=2.00 common-primary proxy,top_primary,interface_4x,T03_P1_CAPACITANCE_RATIO,enabled_symmetric_teaching_top_stack,0.0,0.01,0.0,0.3,channel,0.00032500000000000004,3.3750000000000003e-06,3.2500000000000004,33.75,0.049283377437899505,5.8773282450593064e+16
p1_ratio_2p00_common_primary,P1 Ctop/Cbottom=2.00 common-primary proxy,top_primary,interface_4x,T03_P1_CAPACITANCE_RATIO,enabled_symmetric_teaching_top_stack,0.0,0.01,0.0,0.3,channel,0.00032500000000000004,3.45e-06,3.2500000000000004,34.5,0.05006041808005878,6.0566664168284424e+16
p1_ratio_2p00_common_primary,P1 Ctop/Cbottom=2.00 common-primary proxy,top_primary,interface_4x,T03_P1_CAPACITANCE_RATIO,enabled_symmetric_teaching_top_stack,0.0,0.01,0.0,0.3,channel,0.00032500000000000004,3.525e-06,3.2500000000000004,35.25,0.050888928048242806,6.253915507805983e+16
p1_ratio_2p00_common_primary,P1 Ctop/Cbottom=2.00 common-primary proxy,top_primary,interface_4x,T03_P1_CAPACITANCE_RATIO,enabled_symmetric_teaching_top_stack,0.0,0.01,0.0,0.3,channel,0.00032500000000000004,3.6000000000000003e-06,3.2500000000000004,36.0,0.05177091504420351,6.470960351698988e+16
p1_ratio_2p00_common_primary,P1 Ctop/Cbottom=2.00 common-primary proxy,top_primary,interface_4x,T03_P1_CAPACITANCE_RATIO,enabled_symmetric_teaching_top_stack,0.0,0.01,0.0,0.3,channel,0.00032500000000000004,3.6750000000000004e-06,3.2500000000000004,36.75000000000001,0.05270858826095469,6.709975826169261e+16
p1_ratio_2p00_common_primary,P1 Ctop/Cbottom=2.00 common-primary proxy,top_primary,interface_4x,T03_P1_CAPACITANCE_RATIO,enabled_symmetric_teaching_top_stack,0.0,0.01,0.0,0.3,channel,0.00032500000000000004,3.7500000000000005e-06,3.2500000000000004,37.50000000000001,0.0537043805197852,6.973479510283295e+16
p1_ratio_2p00_common_primary,P1 Ctop/Cbottom=2.00 common-primary proxy,top_primary,interface_4x,T03_P1_CAPACITANCE_RATIO,enabled_symmetric_teaching_top_stack,0.0,0.01,0.0,0.3,channel,0.00032500000000000004,3.825000000000001e-06,3.2500000000000004,38.25000000000001,0.05476097389546176,7.264396100520485e+16
p1_ratio_2p00_common_primary,P1 Ctop/Cbottom=2.00 common-primary proxy,top_primary,interface_4x,T03_P1_CAPACITANCE_RATIO,enabled_symmetric_teaching_top_stack,0.0,0.01,0.0,0.3,channel,0.00032500000000000004,3.9e-06,3.2500000000000004,39.0,0.05588132948528016,7.586136661958741e+16
p1_ratio_2p00_common_primary,P1 Ctop/Cbottom=2.00 common-primary proxy,top_primary,interface_4x,T03_P1_CAPACITANCE_RATIO,enabled_symmetric_teaching_top_stack,0.0,0.01,0.0,0.3,channel,0.00032500000000000004,3.975e-06,3.2500000000000004,39.75,0.057068722128624044,7.942696730563344e+16
p1_ratio_2p00_common_primary,P1 Ctop/Cbottom=2.00 common-primary proxy,top_primary,interface_4x,T03_P1_CAPACITANCE_RATIO,enabled_symmetric_teaching_top_stack,0.0,0.01,0.0,0.3,channel,0.00032500000000000004,4.05e-06,3.2500000000000004,40.5,0.05832678107556608,8.338778551298974e+16
p1_ratio_2p00_common_primary,P1 Ctop/Cbottom=2.00 common-primary proxy,top_primary,interface_4x,T03_P1_CAPACITANCE_RATIO,enabled_symmetric_teaching_top_stack,0.0,0.01,0.0,0.3,channel,0.00032500000000000004,4.125e-06,3.2500000000000004,41.25,0.05965953784871359,8.779944466864368e+16
p1_ratio_2p00_common_primary,P1 Ctop/Cbottom=2.00 common-primary proxy,top_primary,interface_4x,T03_P1_CAPACITANCE_RATIO,enabled_symmetric_teaching_top_stack,0.0,0.01,0.0,0.3,channel,0.00032500000000000004,4.2000000000000004e-06,3.2500000000000004,42.00000000000001,0.06107148285956717,9.272810854679781e+16
p1_ratio_2p00_common_primary,P1 Ctop/Cbottom=2.00 common-primary proxy,top_primary,interface_4x,T03_P1_CAPACITANCE_RATIO,enabled_symmetric_teaching_top_stack,0.0,0.01,0.0,0.3,channel,0.00032500000000000004,4.2750000000000006e-06,3.2500000000000004,42.75000000000001,0.06256763275338188,9.825295326881486e+16
p1_ratio_2p00_common_primary,P1 Ctop/Cbottom=2.00 common-primary proxy,top_primary,interface_4x,T03_P1_CAPACITANCE_RATIO,enabled_symmetric_teaching_top_stack,0.0,0.01,0.0,0.3,channel,0.00032500000000000004,4.350000000000001e-06,3.2500000000000004,43.50000000000001,0.06415361099865849,1.0446934578885454e+17
p1_ratio_2p00_common_primary,P1 Ctop/Cbottom=2.00 common-primary proxy,top_primary,interface_4x,T03_P1_CAPACITANCE_RATIO,enabled_symmetric_teaching_top_stack,0.0,0.01,0.0,0.3,channel,0.00032500000000000004,4.425e-06,3.2500000000000004,44.25,0.06583574495648932,1.1149296930024128e+17
p1_ratio_2p00_common_primary,P1 Ctop/Cbottom=2.00 common-primary proxy,top_primary,interface_4x,T03_P1_CAPACITANCE_RATIO,enabled_symmetric_teaching_top_stack,0.0,0.01,0.0,0.3,channel,0.00032500000000000004,4.5e-06,3.2500000000000004,45.0,0.06762118362880792,1.1946523215934645e+17
p1_ratio_2p00_common_primary,P1 Ctop/Cbottom=2.00 common-primary proxy,top_primary,interface_4x,T03_P1_CAPACITANCE_RATIO,enabled_symmetric_teaching_top_stack,0.0,0.01,0.0,0.3,channel,0.00032500000000000004,4.575e-06,3.2500000000000004,45.75,0.06951804159102032,1.285604377951007e+17
p1_ratio_2p00_common_primary,P1 Ctop/Cbottom=2.00 common-primary proxy,top_primary,interface_4x,T03_P1_CAPACITANCE_RATIO,enabled_symmetric_teaching_top_stack,0.0,0.01,0.0,0.3,channel,0.00032500000000000004,4.65e-06,3.2500000000000004,46.50000000000001,0.07153557640691766,1.3899540262775942e+17
p1_ratio_2p00_common_primary,P1 Ctop/Cbottom=2.00 common-primary proxy,top_primary,interface_4x,T03_P1_CAPACITANCE_RATIO,enabled_symmetric_teaching_top_stack,0.0,0.01,0.0,0.3,channel,0.00032500000000000004,4.7250000000000005e-06,3.2500000000000004,47.25000000000001,0.07368440931547793,1.5104252597274858e+17
p1_ratio_2p00_common_primary,P1 Ctop/Cbottom=2.00 common-primary proxy,top_primary,interface_4x,T03_P1_CAPACITANCE_RATIO,enabled_symmetric_teaching_top_stack,0.0,0.01,0.0,0.3,channel,0.00032500000000000004,4.8e-06,3.2500000000000004,48.0,0.07597680249277075,1.6504780404522736e+17
p1_ratio_2p00_common_primary,P1 Ctop/Cbottom=2.00 common-primary proxy,top_primary,interface_4x,T03_P1_CAPACITANCE_RATIO,enabled_symmetric_teaching_top_stack,0.0,0.01,0.0,0.3,channel,0.00032500000000000004,4.875e-06,3.2500000000000004,48.75,0.07842701122453749,1.814560469728521e+17
p1_ratio_2p00_common_primary,P1 Ctop/Cbottom=2.00 common-primary proxy,top_primary,interface_4x,T03_P1_CAPACITANCE_RATIO,enabled_symmetric_teaching_top_stack,0.0,0.01,0.0,0.3,channel,0.00032500000000000004,4.95e-06,3.2500000000000004,49.5,0.08105173665660677,2.0084678863921254e+17
p1_ratio_2p00_common_primary,P1 Ctop/Cbottom=2.00 common-primary proxy,top_primary,interface_4x,T03_P1_CAPACITANCE_RATIO,enabled_symmetric_teaching_top_stack,0.0,0.01,0.0,0.3,channel,0.00032500000000000004,5.025e-06,3.2500000000000004,50.25,0.0838707156740146,2.2398640294696298e+17
p1_ratio_2p00_common_primary,P1 Ctop/Cbottom=2.00 common-primary proxy,top_primary,interface_4x,T03_P1_CAPACITANCE_RATIO,enabled_symmetric_teaching_top_stack,0.0,0.01,0.0,0.3,channel,0.00032500000000000004,5.1e-06,3.2500000000000004,51.0,0.08690750095541724,2.5190535671931853e+17
p1_ratio_2p00_common_primary,P1 Ctop/Cbottom=2.00 common-primary proxy,top_primary,interface_4x,T03_P1_CAPACITANCE_RATIO,enabled_symmetric_teaching_top_stack,0.0,0.01,0.0,0.3,channel,0.00032500000000000004,5.1750000000000004e-06,3.2500000000000004,51.75000000000001,0.09019050983473675,2.8601547046994083e+17
p1_ratio_2p00_common_primary,P1 Ctop/Cbottom=2.00 common-primary proxy,top_primary,interface_4x,T03_P1_CAPACITANCE_RATIO,enabled_symmetric_teaching_top_stack,0.0,0.01,0.0,0.3,channel,0.00032500000000000004,5.2500000000000006e-06,3.2500000000000004,52.50000000000001,0.09375446132402661,3.282927368583847e+17
p1_ratio_2p00_common_primary,P1 Ctop/Cbottom=2.00 common-primary proxy,top_primary,interface_4x,T03_P1_CAPACITANCE_RATIO,enabled_symmetric_teaching_top_stack,0.0,0.01,0.0,0.3,channel,0.00032500000000000004,5.325e-06,3.2500000000000004,53.25,0.09764238737949753,3.8157117341941805e+17
p1_ratio_2p00_common_primary,P1 Ctop/Cbottom=2.00 common-primary proxy,top_primary,interface_4x,T03_P1_CAPACITANCE_RATIO,enabled_symmetric_teaching_top_stack,0.0,0.01,0.0,0.3,channel,0.00032500000000000004,5.4e-06,3.2500000000000004,54.0,0.10190851750898659,4.500319934113589e+17
p1_ratio_2p00_common_primary,P1 Ctop/Cbottom=2.00 common-primary proxy,top_primary,interface_4x,T03_P1_CAPACITANCE_RATIO,enabled_symmetric_teaching_top_stack,0.0,0.01,0.0,0.3,channel,0.00035,3e-06,3.5,30.0,0.04627291791326798,5.189572793777497e+16
p1_ratio_2p00_common_primary,P1 Ctop/Cbottom=2.00 common-primary proxy,top_primary,interface_4x,T03_P1_CAPACITANCE_RATIO,enabled_symmetric_teaching_top_stack,0.0,0.01,0.0,0.3,channel,0.00035,3.075e-06,3.5,30.750000000000004,0.04681866610947013,5.300291734088478e+16
p1_ratio_2p00_common_primary,P1 Ctop/Cbottom=2.00 common-primary proxy,top_primary,interface_4x,T03_P1_CAPACITANCE_RATIO,enabled_symmetric_teaching_top_stack,0.0,0.01,0.0,0.3,channel,0.00035,3.1500000000000003e-06,3.5,31.500000000000004,0.04740818486480249,5.422546107950332e+16
p1_ratio_2p00_common_primary,P1 Ctop/Cbottom=2.00 common-primary proxy,top_primary,interface_4x,T03_P1_CAPACITANCE_RATIO,enabled_symmetric_teaching_top_stack,0.0,0.01,0.0,0.3,channel,0.00035,3.225e-06,3.5,32.25,0.048042718546566006,5.55728858856754e+16
p1_ratio_2p00_common_primary,P1 Ctop/Cbottom=2.00 common-primary proxy,top_primary,interface_4x,T03_P1_CAPACITANCE_RATIO,enabled_symmetric_teaching_top_stack,0.0,0.01,0.0,0.3,channel,0.00035,3.3e-06,3.5,33.0,0.04872363863237654,5.705607654247675e+16
p1_ratio_2p00_common_primary,P1 Ctop/Cbottom=2.00 common-primary proxy,top_primary,interface_4x,T03_P1_CAPACITANCE_RATIO,enabled_symmetric_teaching_top_stack,0.0,0.01,0.0,0.3,channel,0.00035,3.3750000000000003e-06,3.5,33.75,0.049452454789251865,5.86874820303622e+16
p1_ratio_2p00_common_primary,P1 Ctop/Cbottom=2.00 common-primary proxy,top_primary,interface_4x,T03_P1_CAPACITANCE_RATIO,enabled_symmetric_teaching_top_stack,0.0,0.01,0.0,0.3,channel,0.00035,3.45e-06,3.5,34.5,0.0502308275448184,6.0481362102679624e+16
p1_ratio_2p00_common_primary,P1 Ctop/Cbottom=2.00 common-primary proxy,top_primary,interface_4x,T03_P1_CAPACITANCE_RATIO,enabled_symmetric_teaching_top_stack,0.0,0.01,0.0,0.3,channel,0.00035,3.525e-06,3.5,35.25,0.05106058280161496,6.245408329240836e+16
p1_ratio_2p00_common_primary,P1 Ctop/Cbottom=2.00 common-primary proxy,top_primary,interface_4x,T03_P1_CAPACITANCE_RATIO,enabled_symmetric_teaching_top_stack,0.0,0.01,0.0,0.3,channel,0.00035,3.6000000000000003e-06,3.5,36.0,0.05194372849578411,6.462447571122075e+16
p1_ratio_2p00_common_primary,P1 Ctop/Cbottom=2.00 common-primary proxy,top_primary,interface_4x,T03_P1_CAPACITANCE_RATIO,enabled_symmetric_teaching_top_stack,0.0,0.01,0.0,0.3,channel,0.00035,3.6750000000000004e-06,3.5,36.75000000000001,0.052882473763319456,6.701426506347503e+16
p1_ratio_2p00_common_primary,P1 Ctop/Cbottom=2.00 common-primary proxy,top_primary,interface_4x,T03_P1_CAPACITANCE_RATIO,enabled_symmetric_teaching_top_stack,0.0,0.01,0.0,0.3,channel,0.00035,3.7500000000000005e-06,3.5,37.50000000000001,0.05387925105359477,6.964859829963591e+16
p1_ratio_2p00_common_primary,P1 Ctop/Cbottom=2.00 common-primary proxy,top_primary,interface_4x,T03_P1_CAPACITANCE_RATIO,enabled_symmetric_teaching_top_stack,0.0,0.01,0.0,0.3,channel,0.00035,3.825000000000001e-06,3.5,38.25000000000001,0.05493674172521172,7.255668660436965e+16
p1_ratio_2p00_common_primary,P1 Ctop/Cbottom=2.00 common-primary proxy,top_primary,interface_4x,T03_P1_CAPACITANCE_RATIO,enabled_symmetric_teaching_top_stack,0.0,0.01,0.0,0.3,channel,0.00035,3.9e-06,3.5,39.0,0.056057905778632275,7.577259641182651e+16
p1_ratio_2p00_common_primary,P1 Ctop/Cbottom=2.00 common-primary proxy,top_primary,interface_4x,T03_P1_CAPACITANCE_RATIO,enabled_symmetric_teaching_top_stack,0.0,0.01,0.0,0.3,channel,0.00035,3.975e-06,3.5,39.75,0.05724601653073153,7.933622850812888e+16
p1_ratio_2p00_common_primary,P1 Ctop/Cbottom=2.00 common-primary proxy,top_primary,interface_4x,T03_P1_CAPACITANCE_RATIO,enabled_symmetric_teaching_top_stack,0.0,0.01,0.0,0.3,channel,0.00035,4.05e-06,3.5,40.5,0.05850470122785116,8.329453793345878e+16
p1_ratio_2p00_common_primary,P1 Ctop/Cbottom=2.00 common-primary proxy,top_primary,interface_4x,T03_P1_CAPACITANCE_RATIO,enabled_symmetric_teaching_top_stack,0.0,0.01,0.0,0.3,channel,0.00035,4.125e-06,3.5,41.25,0.05983798883903226,8.770306464692205e+16
p1_ratio_2p00_common_primary,P1 Ctop/Cbottom=2.00 common-primary proxy,top_primary,interface_4x,T03_P1_CAPACITANCE_RATIO,enabled_symmetric_teaching_top_stack,0.0,0.01,0.0,0.3,channel,0.00035,4.2000000000000004e-06,3.5,42.00000000000001,0.06125036658741614,9.262786867455227e+16
p1_ratio_2p00_common_primary,P1 Ctop/Cbottom=2.00 common-primary proxy,top_primary,interface_4x,T03_P1_CAPACITANCE_RATIO,enabled_symmetric_teaching_top_stack,0.0,0.01,0.0,0.3,channel,0.00035,4.2750000000000006e-06,3.5,42.75000000000001,0.06274684718950525,9.814799652971986e+16
p1_ratio_2p00_common_primary,P1 Ctop/Cbottom=2.00 common-primary proxy,top_primary,interface_4x,T03_P1_CAPACITANCE_RATIO,enabled_symmetric_teaching_top_stack,0.0,0.01,0.0,0.3,channel,0.00035,4.350000000000001e-06,3.5,43.50000000000001,0.0643330493127329,1.0435865225414685e+17
p1_ratio_2p00_common_primary,P1 Ctop/Cbottom=2.00 common-primary proxy,top_primary,interface_4x,T03_P1_CAPACITANCE_RATIO,enabled_symmetric_teaching_top_stack,0.0,0.01,0.0,0.3,channel,0.00035,4.425e-06,3.5,44.25,0.0660152944789885,1.1137531278683896e+17
p1_ratio_2p00_common_primary,P1 Ctop/Cbottom=2.00 common-primary proxy,top_primary,interface_4x,T03_P1_CAPACITANCE_RATIO,enabled_symmetric_teaching_top_stack,0.0,0.01,0.0,0.3,channel,0.00035,4.5e-06,3.5,45.0,0.06780072460293105,1.1933912319980128e+17
p1_ratio_2p00_common_primary,P1 Ctop/Cbottom=2.00 common-primary proxy,top_primary,interface_4x,T03_P1_CAPACITANCE_RATIO,enabled_symmetric_teaching_top_stack,0.0,0.01,0.0,0.3,channel,0.00035,4.575e-06,3.5,45.75,0.06969744565663612,1.2842404770805419e+17
p1_ratio_2p00_common_primary,P1 Ctop/Cbottom=2.00 common-primary proxy,top_primary,interface_4x,T03_P1_CAPACITANCE_RATIO,enabled_symmetric_teaching_top_stack,0.0,0.01,0.0,0.3,channel,0.00035,4.65e-06,3.5,46.50000000000001,0.0717147047392394,1.388464611386448e+17
p1_ratio_2p00_common_primary,P1 Ctop/Cbottom=2.00 common-primary proxy,top_primary,interface_4x,T03_P1_CAPACITANCE_RATIO,enabled_symmetric_teaching_top_stack,0.0,0.01,0.0,0.3,channel,0.00035,4.7250000000000005e-06,3.5,47.25000000000001,0.07386311031426224,1.508781812681269e+17
p1_ratio_2p00_common_primary,P1 Ctop/Cbottom=2.00 common-primary proxy,top_primary,interface_4x,T03_P1_CAPACITANCE_RATIO,enabled_symmetric_teaching_top_stack,0.0,0.01,0.0,0.3,channel,0.00035,4.8e-06,3.5,48.0,0.07615490887959658,1.6486442860312522e+17
p1_ratio_2p00_common_primary,P1 Ctop/Cbottom=2.00 common-primary proxy,top_primary,interface_4x,T03_P1_CAPACITANCE_RATIO,enabled_symmetric_teaching_top_stack,0.0,0.01,0.0,0.3,channel,0.00035,4.875e-06,3.5,48.75,0.07860433635052944,1.812489637236045e+17
p1_ratio_2p00_common_primary,P1 Ctop/Cbottom=2.00 common-primary proxy,top_primary,interface_4x,T03_P1_CAPACITANCE_RATIO,enabled_symmetric_teaching_top_stack,0.0,0.01,0.0,0.3,channel,0.00035,4.95e-06,3.5,49.5,0.08122806974187516,2.006098777555262e+17
p1_ratio_2p00_common_primary,P1 Ctop/Cbottom=2.00 common-primary proxy,top_primary,interface_4x,T03_P1_CAPACITANCE_RATIO,enabled_symmetric_teaching_top_stack,0.0,0.01,0.0,0.3,channel,0.00035,5.025e-06,3.5,50.25,0.08404581557858348,2.2371152585148048e+17
p1_ratio_2p00_common_primary,P1 Ctop/Cbottom=2.00 common-primary proxy,top_primary,interface_4x,T03_P1_CAPACITANCE_RATIO,enabled_symmetric_teaching_top_stack,0.0,0.01,0.0,0.3,channel,0.00035,5.1e-06,3.5,51.0,0.08708108789536559,2.5158149335401213e+17
p1_ratio_2p00_common_primary,P1 Ctop/Cbottom=2.00 common-primary proxy,top_primary,interface_4x,T03_P1_CAPACITANCE_RATIO,enabled_symmetric_teaching_top_stack,0.0,0.01,0.0,0.3,channel,0.00035,5.1750000000000004e-06,3.5,51.75000000000001,0.09036225416542182,2.8562739436235203e+17
p1_ratio_2p00_common_primary,P1 Ctop/Cbottom=2.00 common-primary proxy,top_primary,interface_4x,T03_P1_CAPACITANCE_RATIO,enabled_symmetric_teaching_top_stack,0.0,0.01,0.0,0.3,channel,0.00035,5.2500000000000006e-06,3.5,52.50000000000001,0.09392396804180435,3.278189219239107e+17
p1_ratio_2p00_common_primary,P1 Ctop/Cbottom=2.00 common-primary proxy,top_primary,interface_4x,T03_P1_CAPACITANCE_RATIO,enabled_symmetric_teaching_top_stack,0.0,0.01,0.0,0.3,channel,0.00035,5.325e-06,3.5,53.25,0.09780917421137675,3.809803783259063e+17
p1_ratio_2p00_common_primary,P1 Ctop/Cbottom=2.00 common-primary proxy,top_primary,interface_4x,T03_P1_CAPACITANCE_RATIO,enabled_symmetric_teaching_top_stack,0.0,0.01,0.0,0.3,channel,0.00035,5.4e-06,3.5,54.0,0.10207198311360895,4.4927747616758e+17
p1_ratio_2p00_common_primary,P1 Ctop/Cbottom=2.00 common-primary proxy,top_primary,interface_4x,T03_P1_CAPACITANCE_RATIO,enabled_symmetric_teaching_top_stack,0.0,0.01,0.0,0.3,channel,0.000375,3e-06,3.75,30.0,0.046434178531134344,5.1803766276449816e+16
p1_ratio_2p00_common_primary,P1 Ctop/Cbottom=2.00 common-primary proxy,top_primary,interface_4x,T03_P1_CAPACITANCE_RATIO,enabled_symmetric_teaching_top_stack,0.0,0.01,0.0,0.3,channel,0.000375,3.075e-06,3.75,30.750000000000004,0.0469817075460063,5.2912638457124856e+16
p1_ratio_2p00_common_primary,P1 Ctop/Cbottom=2.00 common-primary proxy,top_primary,interface_4x,T03_P1_CAPACITANCE_RATIO,enabled_symmetric_teaching_top_stack,0.0,0.01,0.0,0.3,channel,0.000375,3.1500000000000003e-06,3.75,31.500000000000004,0.04757291522955484,5.4136636526397944e+16
p1_ratio_2p00_common_primary,P1 Ctop/Cbottom=2.00 common-primary proxy,top_primary,interface_4x,T03_P1_CAPACITANCE_RATIO,enabled_symmetric_teaching_top_stack,0.0,0.01,0.0,0.3,channel,0.000375,3.225e-06,3.75,32.25,0.0482090474293727,5.5485284909940296e+16
p1_ratio_2p00_common_primary,P1 Ctop/Cbottom=2.00 common-primary proxy,top_primary,interface_4x,T03_P1_CAPACITANCE_RATIO,enabled_symmetric_teaching_top_stack,0.0,0.01,0.0,0.3,channel,0.000375,3.3e-06,3.75,33.0,0.048891476868495105,5.696946360542836e+16
p1_ratio_2p00_common_primary,P1 Ctop/Cbottom=2.00 common-primary proxy,top_primary,interface_4x,T03_P1_CAPACITANCE_RATIO,enabled_symmetric_teaching_top_stack,0.0,0.01,0.0,0.3,channel,0.000375,3.3750000000000003e-06,3.75,33.75,0.049621714219615885,5.860161405904289e+16
p1_ratio_2p00_common_primary,P1 Ctop/Cbottom=2.00 common-primary proxy,top_primary,interface_4x,T03_P1_CAPACITANCE_RATIO,enabled_symmetric_teaching_top_stack,0.0,0.01,0.0,0.3,channel,0.000375,3.45e-06,3.75,34.5,0.050401420768625506,6.0395985390506856e+16
p1_ratio_2p00_common_primary,P1 Ctop/Cbottom=2.00 common-primary proxy,top_primary,interface_4x,T03_P1_CAPACITANCE_RATIO,enabled_symmetric_teaching_top_stack,0.0,0.01,0.0,0.3,channel,0.000375,3.525e-06,3.75,35.25,0.05123242291809132,6.236892995045772e+16
p1_ratio_2p00_common_primary,P1 Ctop/Cbottom=2.00 common-primary proxy,top_primary,interface_4x,T03_P1_CAPACITANCE_RATIO,enabled_symmetric_teaching_top_stack,0.0,0.01,0.0,0.3,channel,0.000375,3.6000000000000003e-06,3.75,36.0,0.052116728831513436,6.4539259547310344e+16
p1_ratio_2p00_common_primary,P1 Ctop/Cbottom=2.00 common-primary proxy,top_primary,interface_4x,T03_P1_CAPACITANCE_RATIO,enabled_symmetric_teaching_top_stack,0.0,0.01,0.0,0.3,channel,0.000375,3.6750000000000004e-06,3.75,36.75000000000001,0.053056547580942026,6.692867673475005e+16
p1_ratio_2p00_common_primary,P1 Ctop/Cbottom=2.00 common-primary proxy,top_primary,interface_4x,T03_P1_CAPACITANCE_RATIO,enabled_symmetric_teaching_top_stack,0.0,0.01,0.0,0.3,channel,0.000375,3.7500000000000005e-06,3.75,37.50000000000001,0.054054311236942515,6.9562299542812344e+16
p1_ratio_2p00_common_primary,P1 Ctop/Cbottom=2.00 common-primary proxy,top_primary,interface_4x,T03_P1_CAPACITANCE_RATIO,enabled_symmetric_teaching_top_stack,0.0,0.01,0.0,0.3,channel,0.000375,3.825000000000001e-06,3.75,38.25000000000001,0.0551127004350066,7.24693032926508e+16
p1_ratio_2p00_common_primary,P1 Ctop/Cbottom=2.00 common-primary proxy,top_primary,interface_4x,T03_P1_CAPACITANCE_RATIO,enabled_symmetric_teaching_top_stack,0.0,0.01,0.0,0.3,channel,0.000375,3.9e-06,3.75,39.0,0.05623467407168098,7.568371011380341e+16
p1_ratio_2p00_common_primary,P1 Ctop/Cbottom=2.00 common-primary proxy,top_primary,interface_4x,T03_P1_CAPACITANCE_RATIO,enabled_symmetric_teaching_top_stack,0.0,0.01,0.0,0.3,channel,0.000375,3.975e-06,3.75,39.75,0.05742350393402466,7.924536612471541e+16
p1_ratio_2p00_common_primary,P1 Ctop/Cbottom=2.00 common-primary proxy,top_primary,interface_4x,T03_P1_CAPACITANCE_RATIO,enabled_symmetric_teaching_top_stack,0.0,0.01,0.0,0.3,channel,0.000375,4.05e-06,3.75,40.5,0.058682815257018864,8.32011588540937e+16
p1_ratio_2p00_common_primary,P1 Ctop/Cbottom=2.00 common-primary proxy,top_primary,interface_4x,T03_P1_CAPACITANCE_RATIO,enabled_symmetric_teaching_top_stack,0.0,0.01,0.0,0.3,channel,0.000375,4.125e-06,3.75,41.25,0.06001663444808329,8.760654468145282e+16
p1_ratio_2p00_common_primary,P1 Ctop/Cbottom=2.00 common-primary proxy,top_primary,interface_4x,T03_P1_CAPACITANCE_RATIO,enabled_symmetric_teaching_top_stack,0.0,0.01,0.0,0.3,channel,0.000375,4.2000000000000004e-06,3.75,42.00000000000001,0.061429445533405264,9.252747976130782e+16
p1_ratio_2p00_common_primary,P1 Ctop/Cbottom=2.00 common-primary proxy,top_primary,interface_4x,T03_P1_CAPACITANCE_RATIO,enabled_symmetric_teaching_top_stack,0.0,0.01,0.0,0.3,channel,0.000375,4.2750000000000006e-06,3.75,42.75000000000001,0.06292625729147505,9.8042880862081e+16
p1_ratio_2p00_common_primary,P1 Ctop/Cbottom=2.00 common-primary proxy,top_primary,interface_4x,T03_P1_CAPACITANCE_RATIO,enabled_symmetric_teaching_top_stack,0.0,0.01,0.0,0.3,channel,0.000375,4.350000000000001e-06,3.75,43.50000000000001,0.0645126835785944,1.0424778896067498e+17
p1_ratio_2p00_common_primary,P1 Ctop/Cbottom=2.00 common-primary proxy,top_primary,interface_4x,T03_P1_CAPACITANCE_RATIO,enabled_symmetric_teaching_top_stack,0.0,0.01,0.0,0.3,channel,0.000375,4.425e-06,3.75,44.25,0.06619504006642628,1.1125747457263226e+17
p1_ratio_2p00_common_primary,P1 Ctop/Cbottom=2.00 common-primary proxy,top_primary,interface_4x,T03_P1_CAPACITANCE_RATIO,enabled_symmetric_teaching_top_stack,0.0,0.01,0.0,0.3,channel,0.000375,4.5e-06,3.75,45.0,0.0679804615701999,1.1921281929945702e+17
p1_ratio_2p00_common_primary,P1 Ctop/Cbottom=2.00 common-primary proxy,top_primary,interface_4x,T03_P1_CAPACITANCE_RATIO,enabled_symmetric_teaching_top_stack,0.0,0.01,0.0,0.3,channel,0.000375,4.575e-06,3.75,45.75,0.06987704544518407,1.2828744794116246e+17
p1_ratio_2p00_common_primary,P1 Ctop/Cbottom=2.00 common-primary proxy,top_primary,interface_4x,T03_P1_CAPACITANCE_RATIO,enabled_symmetric_teaching_top_stack,0.0,0.01,0.0,0.3,channel,0.000375,4.65e-06,3.75,46.50000000000001,0.07189402831085685,1.3869729352188333e+17
p1_ratio_2p00_common_primary,P1 Ctop/Cbottom=2.00 common-primary proxy,top_primary,interface_4x,T03_P1_CAPACITANCE_RATIO,enabled_symmetric_teaching_top_stack,0.0,0.01,0.0,0.3,channel,0.000375,4.7250000000000005e-06,3.75,47.25000000000001,0.07404200583854156,1.507135920754223e+17
p1_ratio_2p00_common_primary,P1 Ctop/Cbottom=2.00 common-primary proxy,top_primary,interface_4x,T03_P1_CAPACITANCE_RATIO,enabled_symmetric_teaching_top_stack,0.0,0.01,0.0,0.3,channel,0.000375,4.8e-06,3.75,48.0,0.07633320882926427,1.646807882311527e+17
p1_ratio_2p00_common_primary,P1 Ctop/Cbottom=2.00 common-primary proxy,top_primary,interface_4x,T03_P1_CAPACITANCE_RATIO,enabled_symmetric_teaching_top_stack,0.0,0.01,0.0,0.3,channel,0.000375,4.875e-06,3.75,48.75,0.07878185380705088,1.810415929445995e+17
p1_ratio_2p00_common_primary,P1 Ctop/Cbottom=2.00 common-primary proxy,top_primary,interface_4x,T03_P1_CAPACITANCE_RATIO,enabled_symmetric_teaching_top_stack,0.0,0.01,0.0,0.3,channel,0.000375,4.95e-06,3.75,49.5,0.08140459363269827,2.0037265470708022e+17
p1_ratio_2p00_common_primary,P1 Ctop/Cbottom=2.00 common-primary proxy,top_primary,interface_4x,T03_P1_CAPACITANCE_RATIO,enabled_symmetric_teaching_top_stack,0.0,0.01,0.0,0.3,channel,0.000375,5.025e-06,3.75,50.25,0.08422110444599507,2.2343631044734384e+17
p1_ratio_2p00_common_primary,P1 Ctop/Cbottom=2.00 common-primary proxy,top_primary,interface_4x,T03_P1_CAPACITANCE_RATIO,enabled_symmetric_teaching_top_stack,0.0,0.01,0.0,0.3,channel,0.000375,5.1e-06,3.75,51.0,0.08725486161109679,2.51257265343431e+17
p1_ratio_2p00_common_primary,P1 Ctop/Cbottom=2.00 common-primary proxy,top_primary,interface_4x,T03_P1_CAPACITANCE_RATIO,enabled_symmetric_teaching_top_stack,0.0,0.01,0.0,0.3,channel,0.000375,5.1750000000000004e-06,3.75,51.75000000000001,0.09053418271367533,2.8523892993191757e+17
p1_ratio_2p00_common_primary,P1 Ctop/Cbottom=2.00 common-primary proxy,top_primary,interface_4x,T03_P1_CAPACITANCE_RATIO,enabled_symmetric_teaching_top_stack,0.0,0.01,0.0,0.3,channel,0.000375,5.2500000000000006e-06,3.75,52.50000000000001,0.09409365602368132,3.2734470350539366e+17
p1_ratio_2p00_common_primary,P1 Ctop/Cbottom=2.00 common-primary proxy,top_primary,interface_4x,T03_P1_CAPACITANCE_RATIO,enabled_symmetric_teaching_top_stack,0.0,0.01,0.0,0.3,channel,0.000375,5.325e-06,3.75,53.25,0.0979761389431993,3.8038918495048045e+17
p1_ratio_2p00_common_primary,P1 Ctop/Cbottom=2.00 common-primary proxy,top_primary,interface_4x,T03_P1_CAPACITANCE_RATIO,enabled_symmetric_teaching_top_stack,0.0,0.01,0.0,0.3,channel,0.000375,5.4e-06,3.75,54.0,0.10223562284862713,4.485226103309939e+17
p1_ratio_2p00_common_primary,P1 Ctop/Cbottom=2.00 common-primary proxy,top_primary,interface_4x,T03_P1_CAPACITANCE_RATIO,enabled_symmetric_teaching_top_stack,0.0,0.01,0.0,0.3,channel,0.0004,3e-06,4.0,30.0,0.04659561251385314,5.171177805042975e+16
p1_ratio_2p00_common_primary,P1 Ctop/Cbottom=2.00 common-primary proxy,top_primary,interface_4x,T03_P1_CAPACITANCE_RATIO,enabled_symmetric_teaching_top_stack,0.0,0.01,0.0,0.3,channel,0.0004,3.075e-06,4.0,30.750000000000004,0.04714492429867693,5.2822323735450376e+16
p1_ratio_2p00_common_primary,P1 Ctop/Cbottom=2.00 common-primary proxy,top_primary,interface_4x,T03_P1_CAPACITANCE_RATIO,enabled_symmetric_teaching_top_stack,0.0,0.01,0.0,0.3,channel,0.0004,3.1500000000000003e-06,4.0,31.500000000000004,0.04773782282524598,5.404776746940382e+16
p1_ratio_2p00_common_primary,P1 Ctop/Cbottom=2.00 common-primary proxy,top_primary,interface_4x,T03_P1_CAPACITANCE_RATIO,enabled_symmetric_teaching_top_stack,0.0,0.01,0.0,0.3,channel,0.0004,3.225e-06,4.0,32.25,0.048375555412624185,5.539763127877423e+16
p1_ratio_2p00_common_primary,P1 Ctop/Cbottom=2.00 common-primary proxy,top_primary,interface_4x,T03_P1_CAPACITANCE_RATIO,enabled_symmetric_teaching_top_stack,0.0,0.01,0.0,0.3,channel,0.0004,3.3e-06,4.0,33.0,0.04905949602096904,5.688279028841886e+16
p1_ratio_2p00_common_primary,P1 Ctop/Cbottom=2.00 common-primary proxy,top_primary,interface_4x,T03_P1_CAPACITANCE_RATIO,enabled_symmetric_teaching_top_stack,0.0,0.01,0.0,0.3,channel,0.0004,3.3750000000000003e-06,4.0,33.75,0.04979115632078803,5.851567832698295e+16
p1_ratio_2p00_common_primary,P1 Ctop/Cbottom=2.00 common-primary proxy,top_primary,interface_4x,T03_P1_CAPACITANCE_RATIO,enabled_symmetric_teaching_top_stack,0.0,0.01,0.0,0.3,channel,0.0004,3.45e-06,4.0,34.5,0.050572198348723126,6.0310533800270744e+16
p1_ratio_2p00_common_primary,P1 Ctop/Cbottom=2.00 common-primary proxy,top_primary,interface_4x,T03_P1_CAPACITANCE_RATIO,enabled_symmetric_teaching_top_stack,0.0,0.01,0.0,0.3,channel,0.0004,3.525e-06,4.0,35.25,0.05140444900012584,6.228369479808056e+16
p1_ratio_2p00_common_primary,P1 Ctop/Cbottom=2.00 common-primary proxy,top_primary,interface_4x,T03_P1_CAPACITANCE_RATIO,enabled_symmetric_teaching_top_stack,0.0,0.01,0.0,0.3,channel,0.0004,3.6000000000000003e-06,4.0,36.0,0.05228991665879773,6.445395474769277e+16
p1_ratio_2p00_common_primary,P1 Ctop/Cbottom=2.00 common-primary proxy,top_primary,interface_4x,T03_P1_CAPACITANCE_RATIO,enabled_symmetric_teaching_top_stack,0.0,0.01,0.0,0.3,channel,0.0004,3.6750000000000004e-06,4.0,36.75000000000001,0.0532308103258984,6.6842992973657176e+16
p1_ratio_2p00_common_primary,P1 Ctop/Cbottom=2.00 common-primary proxy,top_primary,interface_4x,T03_P1_CAPACITANCE_RATIO,enabled_symmetric_teaching_top_stack,0.0,0.01,0.0,0.3,channel,0.0004,3.7500000000000005e-06,4.0,37.50000000000001,0.054229561686266935,6.947589850527166e+16
p1_ratio_2p00_common_primary,P1 Ctop/Cbottom=2.00 common-primary proxy,top_primary,interface_4x,T03_P1_CAPACITANCE_RATIO,enabled_symmetric_teaching_top_stack,0.0,0.01,0.0,0.3,channel,0.0004,3.825000000000001e-06,4.0,38.25000000000001,0.055288850645314476,7.238181071668363e+16
p1_ratio_2p00_common_primary,P1 Ctop/Cbottom=2.00 common-primary proxy,top_primary,interface_4x,T03_P1_CAPACITANCE_RATIO,enabled_symmetric_teaching_top_stack,0.0,0.01,0.0,0.3,channel,0.0004,3.9e-06,4.0,39.0,0.056411634988564247,7.559470734469864e+16
p1_ratio_2p00_common_primary,P1 Ctop/Cbottom=2.00 common-primary proxy,top_primary,interface_4x,T03_P1_CAPACITANCE_RATIO,enabled_symmetric_teaching_top_stack,0.0,0.01,0.0,0.3,channel,0.0004,3.975e-06,4.0,39.75,0.057601184965923674,7.915437974577344e+16
p1_ratio_2p00_common_primary,P1 Ctop/Cbottom=2.00 common-primary proxy,top_primary,interface_4x,T03_P1_CAPACITANCE_RATIO,enabled_symmetric_teaching_top_stack,0.0,0.01,0.0,0.3,channel,0.0004,4.05e-06,4.0,40.5,0.0588611237933548,8.31076478349368e+16
p1_ratio_2p00_common_primary,P1 Ctop/Cbottom=2.00 common-primary proxy,top_primary,interface_4x,T03_P1_CAPACITANCE_RATIO,enabled_symmetric_teaching_top_stack,0.0,0.01,0.0,0.3,channel,0.0004,4.125e-06,4.0,41.25,0.06019547530856981,8.750988430018256e+16
p1_ratio_2p00_common_primary,P1 Ctop/Cbottom=2.00 common-primary proxy,top_primary,interface_4x,T03_P1_CAPACITANCE_RATIO,enabled_symmetric_teaching_top_stack,0.0,0.01,0.0,0.3,channel,0.0004,4.2000000000000004e-06,4.0,42.00000000000001,0.06160872033217476,9.242694130091157e+16
p1_ratio_2p00_common_primary,P1 Ctop/Cbottom=2.00 common-primary proxy,top_primary,interface_4x,T03_P1_CAPACITANCE_RATIO,enabled_symmetric_teaching_top_stack,0.0,0.01,0.0,0.3,channel,0.0004,4.2750000000000006e-06,4.0,42.75000000000001,0.06310586369535333,9.793760572337202e+16
p1_ratio_2p00_common_primary,P1 Ctop/Cbottom=2.00 common-primary proxy,top_primary,interface_4x,T03_P1_CAPACITANCE_RATIO,enabled_symmetric_teaching_top_stack,0.0,0.01,0.0,0.3,channel,0.0004,4.350000000000001e-06,4.0,43.50000000000001,0.06469251443317471,1.0413675532697598e+17
p1_ratio_2p00_common_primary,P1 Ctop/Cbottom=2.00 common-primary proxy,top_primary,interface_4x,T03_P1_CAPACITANCE_RATIO,enabled_symmetric_teaching_top_stack,0.0,0.01,0.0,0.3,channel,0.0004,4.425e-06,4.0,44.25,0.06637498235601219,1.1113945403435766e+17
p1_ratio_2p00_common_primary,P1 Ctop/Cbottom=2.00 common-primary proxy,top_primary,interface_4x,T03_P1_CAPACITANCE_RATIO,enabled_symmetric_teaching_top_stack,0.0,0.01,0.0,0.3,channel,0.0004,4.5e-06,4.0,45.0,0.06816039516746743,1.1908631979008904e+17
p1_ratio_2p00_common_primary,P1 Ctop/Cbottom=2.00 common-primary proxy,top_primary,interface_4x,T03_P1_CAPACITANCE_RATIO,enabled_symmetric_teaching_top_stack,0.0,0.01,0.0,0.3,channel,0.0004,4.575e-06,4.0,45.75,0.07005684159248042,1.2815063777781086e+17
p1_ratio_2p00_common_primary,P1 Ctop/Cbottom=2.00 common-primary proxy,top_primary,interface_4x,T03_P1_CAPACITANCE_RATIO,enabled_symmetric_teaching_top_stack,0.0,0.01,0.0,0.3,channel,0.0004,4.65e-06,4.0,46.50000000000001,0.07207354775582014,1.3854789900884142e+17
p1_ratio_2p00_common_primary,P1 Ctop/Cbottom=2.00 common-primary proxy,top_primary,interface_4x,T03_P1_CAPACITANCE_RATIO,enabled_symmetric_teaching_top_stack,0.0,0.01,0.0,0.3,channel,0.0004,4.7250000000000005e-06,4.0,47.25000000000001,0.07422109651981751,1.5054875757028694e+17
p1_ratio_2p00_common_primary,P1 Ctop/Cbottom=2.00 common-primary proxy,top_primary,interface_4x,T03_P1_CAPACITANCE_RATIO,enabled_symmetric_teaching_top_stack,0.0,0.01,0.0,0.3,channel,0.0004,4.8e-06,4.0,48.0,0.07651170296988785,1.644968820457223e+17
p1_ratio_2p00_common_primary,P1 Ctop/Cbottom=2.00 common-primary proxy,top_primary,interface_4x,T03_P1_CAPACITANCE_RATIO,enabled_symmetric_teaching_top_stack,0.0,0.01,0.0,0.3,channel,0.0004,4.875e-06,4.0,48.75,0.07895956421792902,1.8083393369005126e+17
p1_ratio_2p00_common_primary,P1 Ctop/Cbottom=2.00 common-primary proxy,top_primary,interface_4x,T03_P1_CAPACITANCE_RATIO,enabled_symmetric_teaching_top_stack,0.0,0.01,0.0,0.3,channel,0.0004,4.95e-06,4.0,49.5,0.08158130894765368,2.0013511848414534e+17
p1_ratio_2p00_common_primary,P1 Ctop/Cbottom=2.00 common-primary proxy,top_primary,interface_4x,T03_P1_CAPACITANCE_RATIO,enabled_symmetric_teaching_top_stack,0.0,0.01,0.0,0.3,channel,0.0004,5.025e-06,4.0,50.25,0.08439658288854959,2.2316075566137213e+17
p1_ratio_2p00_common_primary,P1 Ctop/Cbottom=2.00 common-primary proxy,top_primary,interface_4x,T03_P1_CAPACITANCE_RATIO,enabled_symmetric_teaching_top_stack,0.0,0.01,0.0,0.3,channel,0.0004,5.1e-06,4.0,51.0,0.08742882270754142,2.509326715552455e+17
p1_ratio_2p00_common_primary,P1 Ctop/Cbottom=2.00 common-primary proxy,top_primary,interface_4x,T03_P1_CAPACITANCE_RATIO,enabled_symmetric_teaching_top_stack,0.0,0.01,0.0,0.3,channel,0.0004,5.1750000000000004e-06,4.0,51.75000000000001,0.09070629607590565,2.848500759975897e+17
p1_ratio_2p00_common_primary,P1 Ctop/Cbottom=2.00 common-primary proxy,top_primary,interface_4x,T03_P1_CAPACITANCE_RATIO,enabled_symmetric_teaching_top_stack,0.0,0.01,0.0,0.3,channel,0.0004,5.2500000000000006e-06,4.0,52.50000000000001,0.09426352585634151,3.2687008039275584e+17
p1_ratio_2p00_common_primary,P1 Ctop/Cbottom=2.00 common-primary proxy,top_primary,interface_4x,T03_P1_CAPACITANCE_RATIO,enabled_symmetric_teaching_top_stack,0.0,0.01,0.0,0.3,channel,0.0004,5.325e-06,4.0,53.25,0.09814328215069318,3.79797592086354e+17
p1_ratio_2p00_common_primary,P1 Ctop/Cbottom=2.00 common-primary proxy,top_primary,interface_4x,T03_P1_CAPACITANCE_RATIO,enabled_symmetric_teaching_top_stack,0.0,0.01,0.0,0.3,channel,0.0004,5.4e-06,4.0,54.0,0.10239943727758474,4.477673947436755e+17
p1_ratio_2p00_common_primary,P1 Ctop/Cbottom=2.00 common-primary proxy,top_primary,interface_4x,T03_P1_CAPACITANCE_RATIO,enabled_symmetric_teaching_top_stack,0.0,0.01,0.0,0.3,channel,0.00042500000000000003,3e-06,4.25,30.0,0.04675722042625036,5.161976314482097e+16
p1_ratio_2p00_common_primary,P1 Ctop/Cbottom=2.00 common-primary proxy,top_primary,interface_4x,T03_P1_CAPACITANCE_RATIO,enabled_symmetric_teaching_top_stack,0.0,0.01,0.0,0.3,channel,0.00042500000000000003,3.075e-06,4.25,30.750000000000004,0.04730831693865089,5.2731973044042664e+16
p1_ratio_2p00_common_primary,P1 Ctop/Cbottom=2.00 common-primary proxy,top_primary,interface_4x,T03_P1_CAPACITANCE_RATIO,enabled_symmetric_teaching_top_stack,0.0,0.01,0.0,0.3,channel,0.00042500000000000003,3.1500000000000003e-06,4.25,31.500000000000004,0.047902908229253534,5.395885375848168e+16
p1_ratio_2p00_common_primary,P1 Ctop/Cbottom=2.00 common-primary proxy,top_primary,interface_4x,T03_P1_CAPACITANCE_RATIO,enabled_symmetric_teaching_top_stack,0.0,0.01,0.0,0.3,channel,0.00042500000000000003,3.225e-06,4.25,32.25,0.04854224307975406,5.5309924822816264e+16
p1_ratio_2p00_common_primary,P1 Ctop/Cbottom=2.00 common-primary proxy,top_primary,interface_4x,T03_P1_CAPACITANCE_RATIO,enabled_symmetric_teaching_top_stack,0.0,0.01,0.0,0.3,channel,0.00042500000000000003,3.3e-06,4.25,33.0,0.049227696679115564,5.679605640180607e+16
p1_ratio_2p00_common_primary,P1 Ctop/Cbottom=2.00 common-primary proxy,top_primary,interface_4x,T03_P1_CAPACITANCE_RATIO,enabled_symmetric_teaching_top_stack,0.0,0.01,0.0,0.3,channel,0.00042500000000000003,3.3750000000000003e-06,4.25,33.75,0.04996078168777611,5.842967462339417e+16
p1_ratio_2p00_common_primary,P1 Ctop/Cbottom=2.00 common-primary proxy,top_primary,interface_4x,T03_P1_CAPACITANCE_RATIO,enabled_symmetric_teaching_top_stack,0.0,0.01,0.0,0.3,channel,0.00042500000000000003,3.45e-06,4.25,34.5,0.05074316088559509,6.0225007099225816e+16
p1_ratio_2p00_common_primary,P1 Ctop/Cbottom=2.00 common-primary proxy,top_primary,interface_4x,T03_P1_CAPACITANCE_RATIO,enabled_symmetric_teaching_top_stack,0.0,0.01,0.0,0.3,channel,0.00042500000000000003,3.525e-06,4.25,35.25,0.0515766616534415,6.2198377579779096e+16
p1_ratio_2p00_common_primary,P1 Ctop/Cbottom=2.00 common-primary proxy,top_primary,interface_4x,T03_P1_CAPACITANCE_RATIO,enabled_symmetric_teaching_top_stack,0.0,0.01,0.0,0.3,channel,0.00042500000000000003,3.6000000000000003e-06,4.25,36.0,0.05246329258833903,6.4368561033304936e+16
p1_ratio_2p00_common_primary,P1 Ctop/Cbottom=2.00 common-primary proxy,top_primary,interface_4x,T03_P1_CAPACITANCE_RATIO,enabled_symmetric_teaching_top_stack,0.0,0.01,0.0,0.3,channel,0.00042500000000000003,3.6750000000000004e-06,4.25,36.75000000000001,0.05340526261358565,6.675721347670532e+16
p1_ratio_2p00_common_primary,P1 Ctop/Cbottom=2.00 common-primary proxy,top_primary,interface_4x,T03_P1_CAPACITANCE_RATIO,enabled_symmetric_teaching_top_stack,0.0,0.01,0.0,0.3,channel,0.00042500000000000003,3.7500000000000005e-06,4.25,37.50000000000001,0.05440500302135123,6.9389394858152296e+16
p1_ratio_2p00_common_primary,P1 Ctop/Cbottom=2.00 common-primary proxy,top_primary,interface_4x,T03_P1_CAPACITANCE_RATIO,enabled_symmetric_teaching_top_stack,0.0,0.01,0.0,0.3,channel,0.00042500000000000003,3.825000000000001e-06,4.25,38.25000000000001,0.05546519297996993,7.229420852118482e+16
p1_ratio_2p00_common_primary,P1 Ctop/Cbottom=2.00 common-primary proxy,top_primary,interface_4x,T03_P1_CAPACITANCE_RATIO,enabled_symmetric_teaching_top_stack,0.0,0.01,0.0,0.3,channel,0.00042500000000000003,3.9e-06,4.25,39.0,0.056588789156806416,7.550558772161864e+16
p1_ratio_2p00_common_primary,P1 Ctop/Cbottom=2.00 common-primary proxy,top_primary,interface_4x,T03_P1_CAPACITANCE_RATIO,enabled_symmetric_teaching_top_stack,0.0,0.01,0.0,0.3,channel,0.00042500000000000003,3.975e-06,4.25,39.75,0.057779060257252976,7.906326895944542e+16
p1_ratio_2p00_common_primary,P1 Ctop/Cbottom=2.00 common-primary proxy,top_primary,interface_4x,T03_P1_CAPACITANCE_RATIO,enabled_symmetric_teaching_top_stack,0.0,0.01,0.0,0.3,channel,0.00042500000000000003,4.05e-06,4.25,40.5,0.059039627470564175,8.30140044336196e+16
p1_ratio_2p00_common_primary,P1 Ctop/Cbottom=2.00 common-primary proxy,top_primary,interface_4x,T03_P1_CAPACITANCE_RATIO,enabled_symmetric_teaching_top_stack,0.0,0.01,0.0,0.3,channel,0.00042500000000000003,4.125e-06,4.25,41.25,0.06037451205662758,8.741308302846429e+16
p1_ratio_2p00_common_primary,P1 Ctop/Cbottom=2.00 common-primary proxy,top_primary,interface_4x,T03_P1_CAPACITANCE_RATIO,enabled_symmetric_teaching_top_stack,0.0,0.01,0.0,0.3,channel,0.00042500000000000003,4.2000000000000004e-06,4.25,42.00000000000001,0.06178819162180783,9.232625278442342e+16
p1_ratio_2p00_common_primary,P1 Ctop/Cbottom=2.00 common-primary proxy,top_primary,interface_4x,T03_P1_CAPACITANCE_RATIO,enabled_symmetric_teaching_top_stack,0.0,0.01,0.0,0.3,channel,0.00042500000000000003,4.2750000000000006e-06,4.25,42.75000000000001,0.06328566704065273,9.783217056807429e+16
p1_ratio_2p00_common_primary,P1 Ctop/Cbottom=2.00 common-primary proxy,top_primary,interface_4x,T03_P1_CAPACITANCE_RATIO,enabled_symmetric_teaching_top_stack,0.0,0.01,0.0,0.3,channel,0.00042500000000000003,4.350000000000001e-06,4.25,43.50000000000001,0.06487254251686062,1.0402555076837667e+17
p1_ratio_2p00_common_primary,P1 Ctop/Cbottom=2.00 common-primary proxy,top_primary,interface_4x,T03_P1_CAPACITANCE_RATIO,enabled_symmetric_teaching_top_stack,0.0,0.01,0.0,0.3,channel,0.00042500000000000003,4.425e-06,4.25,44.25,0.06655512198841206,1.110212505453102e+17
p1_ratio_2p00_common_primary,P1 Ctop/Cbottom=2.00 common-primary proxy,top_primary,interface_4x,T03_P1_CAPACITANCE_RATIO,enabled_symmetric_teaching_top_stack,0.0,0.01,0.0,0.3,channel,0.00042500000000000003,4.5e-06,4.25,45.0,0.06834052603504065,1.1895962399978594e+17
p1_ratio_2p00_common_primary,P1 Ctop/Cbottom=2.00 common-primary proxy,top_primary,interface_4x,T03_P1_CAPACITANCE_RATIO,enabled_symmetric_teaching_top_stack,0.0,0.01,0.0,0.3,channel,0.00042500000000000003,4.575e-06,4.25,45.75,0.0702368347377894,1.2801361649743782e+17
p1_ratio_2p00_common_primary,P1 Ctop/Cbottom=2.00 common-primary proxy,top_primary,interface_4x,T03_P1_CAPACITANCE_RATIO,enabled_symmetric_teaching_top_stack,0.0,0.01,0.0,0.3,channel,0.00042500000000000003,4.65e-06,4.25,46.50000000000001,0.07225326371161732,1.3839827682666394e+17
p1_ratio_2p00_common_primary,P1 Ctop/Cbottom=2.00 common-primary proxy,top_primary,interface_4x,T03_P1_CAPACITANCE_RATIO,enabled_symmetric_teaching_top_stack,0.0,0.01,0.0,0.3,channel,0.00042500000000000003,4.7250000000000005e-06,4.25,47.25000000000001,0.07440038299301531,1.5038367692386298e+17
p1_ratio_2p00_common_primary,P1 Ctop/Cbottom=2.00 common-primary proxy,top_primary,interface_4x,T03_P1_CAPACITANCE_RATIO,enabled_symmetric_teaching_top_stack,0.0,0.01,0.0,0.3,channel,0.00042500000000000003,4.8e-06,4.25,48.0,0.0766903919329861,1.643127091584358e+17
p1_ratio_2p00_common_primary,P1 Ctop/Cbottom=2.00 common-primary proxy,top_primary,interface_4x,T03_P1_CAPACITANCE_RATIO,enabled_symmetric_teaching_top_stack,0.0,0.01,0.0,0.3,channel,0.00042500000000000003,4.875e-06,4.25,48.75,0.07913746821037183,1.8062598500905427e+17
p1_ratio_2p00_common_primary,P1 Ctop/Cbottom=2.00 common-primary proxy,top_primary,interface_4x,T03_P1_CAPACITANCE_RATIO,enabled_symmetric_teaching_top_stack,0.0,0.01,0.0,0.3,channel,0.00042500000000000003,4.95e-06,4.25,49.5,0.08175821630867078,1.9989726807156186e+17
p1_ratio_2p00_common_primary,P1 Ctop/Cbottom=2.00 common-primary proxy,top_primary,interface_4x,T03_P1_CAPACITANCE_RATIO,enabled_symmetric_teaching_top_stack,0.0,0.01,0.0,0.3,channel,0.00042500000000000003,5.025e-06,4.25,50.25,0.08457225152186454,2.2288486041465184e+17
p1_ratio_2p00_common_primary,P1 Ctop/Cbottom=2.00 common-primary proxy,top_primary,interface_4x,T03_P1_CAPACITANCE_RATIO,enabled_symmetric_teaching_top_stack,0.0,0.01,0.0,0.3,channel,0.00042500000000000003,5.1e-06,4.25,51.0,0.08760297179290688,2.506077108511151e+17
p1_ratio_2p00_common_primary,P1 Ctop/Cbottom=2.00 common-primary proxy,top_primary,interface_4x,T03_P1_CAPACITANCE_RATIO,enabled_symmetric_teaching_top_stack,0.0,0.01,0.0,0.3,channel,0.00042500000000000003,5.1750000000000004e-06,4.25,51.75000000000001,0.09087859485175141,2.8446083137207683e+17
p1_ratio_2p00_common_primary,P1 Ctop/Cbottom=2.00 common-primary proxy,top_primary,interface_4x,T03_P1_CAPACITANCE_RATIO,enabled_symmetric_teaching_top_stack,0.0,0.01,0.0,0.3,channel,0.00042500000000000003,5.2500000000000006e-06,4.25,52.50000000000001,0.09443357812964638,3.2639505136951885e+17
p1_ratio_2p00_common_primary,P1 Ctop/Cbottom=2.00 common-primary proxy,top_primary,interface_4x,T03_P1_CAPACITANCE_RATIO,enabled_symmetric_teaching_top_stack,0.0,0.01,0.0,0.3,channel,0.00042500000000000003,5.325e-06,4.25,53.25,0.09831060441270441,3.792055985202927e+17
p1_ratio_2p00_common_primary,P1 Ctop/Cbottom=2.00 common-primary proxy,top_primary,interface_4x,T03_P1_CAPACITANCE_RATIO,enabled_symmetric_teaching_top_stack,0.0,0.01,0.0,0.3,channel,0.00042500000000000003,5.4e-06,4.25,54.0,0.10256342696707751,4.47011828241352e+17
p1_ratio_2p00_common_primary,P1 Ctop/Cbottom=2.00 common-primary proxy,top_primary,interface_4x,T03_P1_CAPACITANCE_RATIO,enabled_symmetric_teaching_top_stack,0.0,0.01,0.0,0.3,channel,0.00045000000000000004,3e-06,4.5,30.0,0.046919002836223966,5.152772144406536e+16
p1_ratio_2p00_common_primary,P1 Ctop/Cbottom=2.00 common-primary proxy,top_primary,interface_4x,T03_P1_CAPACITANCE_RATIO,enabled_symmetric_teaching_top_stack,0.0,0.01,0.0,0.3,channel,0.00045000000000000004,3.075e-06,4.5,30.750000000000004,0.04747188604020353,5.264158625033539e+16
p1_ratio_2p00_common_primary,P1 Ctop/Cbottom=2.00 common-primary proxy,top_primary,interface_4x,T03_P1_CAPACITANCE_RATIO,enabled_symmetric_teaching_top_stack,0.0,0.01,0.0,0.3,channel,0.00045000000000000004,3.1500000000000003e-06,4.5,31.500000000000004,0.04806817202209525,5.386989524275487e+16
p1_ratio_2p00_common_primary,P1 Ctop/Cbottom=2.00 common-primary proxy,top_primary,interface_4x,T03_P1_CAPACITANCE_RATIO,enabled_symmetric_teaching_top_stack,0.0,0.01,0.0,0.3,channel,0.00045000000000000004,3.225e-06,4.5,32.25,0.04870911101736897,5.522216537177196e+16
p1_ratio_2p00_common_primary,P1 Ctop/Cbottom=2.00 common-primary proxy,top_primary,interface_4x,T03_P1_CAPACITANCE_RATIO,enabled_symmetric_teaching_top_stack,0.0,0.01,0.0,0.3,channel,0.00045000000000000004,3.3e-06,4.5,33.0,0.04939607943545684,5.670926175491185e+16
p1_ratio_2p00_common_primary,P1 Ctop/Cbottom=2.00 common-primary proxy,top_primary,interface_4x,T03_P1_CAPACITANCE_RATIO,enabled_symmetric_teaching_top_stack,0.0,0.01,0.0,0.3,channel,0.00045000000000000004,3.3750000000000003e-06,4.5,33.75,0.050130590918823714,5.834360273634374e+16
p1_ratio_2p00_common_primary,P1 Ctop/Cbottom=2.00 common-primary proxy,top_primary,interface_4x,T03_P1_CAPACITANCE_RATIO,enabled_symmetric_teaching_top_stack,0.0,0.01,0.0,0.3,channel,0.00045000000000000004,3.45e-06,4.5,34.5,0.05091430898299075,6.013940505336708e+16
p1_ratio_2p00_common_primary,P1 Ctop/Cbottom=2.00 common-primary proxy,top_primary,interface_4x,T03_P1_CAPACITANCE_RATIO,enabled_symmetric_teaching_top_stack,0.0,0.01,0.0,0.3,channel,0.00045000000000000004,3.525e-06,4.5,35.25,0.05174906148705517,6.2112978038674696e+16
p1_ratio_2p00_common_primary,P1 Ctop/Cbottom=2.00 common-primary proxy,top_primary,interface_4x,T03_P1_CAPACITANCE_RATIO,enabled_symmetric_teaching_top_stack,0.0,0.01,0.0,0.3,channel,0.00045000000000000004,3.6000000000000003e-06,4.5,36.0,0.05263685723416031,6.428307812357514e+16
p1_ratio_2p00_common_primary,P1 Ctop/Cbottom=2.00 common-primary proxy,top_primary,interface_4x,T03_P1_CAPACITANCE_RATIO,enabled_symmetric_teaching_top_stack,0.0,0.01,0.0,0.3,channel,0.00045000000000000004,3.6750000000000004e-06,4.5,36.75000000000001,0.05357990506274723,6.667133793876037e+16
p1_ratio_2p00_common_primary,P1 Ctop/Cbottom=2.00 common-primary proxy,top_primary,interface_4x,T03_P1_CAPACITANCE_RATIO,enabled_symmetric_teaching_top_stack,0.0,0.01,0.0,0.3,channel,0.00045000000000000004,3.7500000000000005e-06,4.5,37.50000000000001,0.05458063586534877,6.930278827080828e+16
p1_ratio_2p00_common_primary,P1 Ctop/Cbottom=2.00 common-primary proxy,top_primary,interface_4x,T03_P1_CAPACITANCE_RATIO,enabled_symmetric_teaching_top_stack,0.0,0.01,0.0,0.3,channel,0.00045000000000000004,3.825000000000001e-06,4.5,38.25000000000001,0.055641728066199714,7.220649634893792e+16
p1_ratio_2p00_common_primary,P1 Ctop/Cbottom=2.00 common-primary proxy,top_primary,interface_4x,T03_P1_CAPACITANCE_RATIO,enabled_symmetric_teaching_top_stack,0.0,0.01,0.0,0.3,channel,0.00045000000000000004,3.9e-06,4.5,39.0,0.05676613720734403,7.54163508595801e+16
p1_ratio_2p00_common_primary,P1 Ctop/Cbottom=2.00 common-primary proxy,top_primary,interface_4x,T03_P1_CAPACITANCE_RATIO,enabled_symmetric_teaching_top_stack,0.0,0.01,0.0,0.3,channel,0.00045000000000000004,3.975e-06,4.5,39.75,0.057957130442267,7.897203335161883e+16
p1_ratio_2p00_common_primary,P1 Ctop/Cbottom=2.00 common-primary proxy,top_primary,interface_4x,T03_P1_CAPACITANCE_RATIO,enabled_symmetric_teaching_top_stack,0.0,0.01,0.0,0.3,channel,0.00045000000000000004,4.05e-06,4.5,40.5,0.05921832692579786,8.292022820534429e+16
p1_ratio_2p00_common_primary,P1 Ctop/Cbottom=2.00 common-primary proxy,top_primary,interface_4x,T03_P1_CAPACITANCE_RATIO,enabled_symmetric_teaching_top_stack,0.0,0.01,0.0,0.3,channel,0.00045000000000000004,4.125e-06,4.5,41.25,0.06055374533185117,8.731614038903746e+16
p1_ratio_2p00_common_primary,P1 Ctop/Cbottom=2.00 common-primary proxy,top_primary,interface_4x,T03_P1_CAPACITANCE_RATIO,enabled_symmetric_teaching_top_stack,0.0,0.01,0.0,0.3,channel,0.00045000000000000004,4.2000000000000004e-06,4.5,42.00000000000001,0.06196786004385692,9.222541370009483e+16
p1_ratio_2p00_common_primary,P1 Ctop/Cbottom=2.00 common-primary proxy,top_primary,interface_4x,T03_P1_CAPACITANCE_RATIO,enabled_symmetric_teaching_top_stack,0.0,0.01,0.0,0.3,channel,0.00045000000000000004,4.2750000000000006e-06,4.5,42.75000000000001,0.06346566797036271,9.772657484765387e+16
p1_ratio_2p00_common_primary,P1 Ctop/Cbottom=2.00 common-primary proxy,top_primary,interface_4x,T03_P1_CAPACITANCE_RATIO,enabled_symmetric_teaching_top_stack,0.0,0.01,0.0,0.3,channel,0.00045000000000000004,4.350000000000001e-06,4.5,43.50000000000001,0.06505276847352026,1.0391417469696922e+17
p1_ratio_2p00_common_primary,P1 Ctop/Cbottom=2.00 common-primary proxy,top_primary,interface_4x,T03_P1_CAPACITANCE_RATIO,enabled_symmetric_teaching_top_stack,0.0,0.01,0.0,0.3,channel,0.00045000000000000004,4.425e-06,4.5,44.25,0.06673545960777431,1.1090286347531734e+17
p1_ratio_2p00_common_primary,P1 Ctop/Cbottom=2.00 common-primary proxy,top_primary,interface_4x,T03_P1_CAPACITANCE_RATIO,enabled_symmetric_teaching_top_stack,0.0,0.01,0.0,0.3,channel,0.00045000000000000004,4.5e-06,4.5,45.0,0.06852085481670686,1.1883273125292131e+17
p1_ratio_2p00_common_primary,P1 Ctop/Cbottom=2.00 common-primary proxy,top_primary,interface_4x,T03_P1_CAPACITANCE_RATIO,enabled_symmetric_teaching_top_stack,0.0,0.01,0.0,0.3,channel,0.00045000000000000004,4.575e-06,4.5,45.75,0.07041702552384949,1.2787638337550478e+17
p1_ratio_2p00_common_primary,P1 Ctop/Cbottom=2.00 common-primary proxy,top_primary,interface_4x,T03_P1_CAPACITANCE_RATIO,enabled_symmetric_teaching_top_stack,0.0,0.01,0.0,0.3,channel,0.00045000000000000004,4.65e-06,4.5,46.50000000000001,0.07243317681920054,1.382484261982419e+17
p1_ratio_2p00_common_primary,P1 Ctop/Cbottom=2.00 common-primary proxy,top_primary,interface_4x,T03_P1_CAPACITANCE_RATIO,enabled_symmetric_teaching_top_stack,0.0,0.01,0.0,0.3,channel,0.00045000000000000004,4.7250000000000005e-06,4.5,47.25000000000001,0.07457986589650988,1.5021834930274765e+17
p1_ratio_2p00_common_primary,P1 Ctop/Cbottom=2.00 common-primary proxy,top_primary,interface_4x,T03_P1_CAPACITANCE_RATIO,enabled_symmetric_teaching_top_stack,0.0,0.01,0.0,0.3,channel,0.00045000000000000004,4.8e-06,4.5,48.0,0.07686927635350833,1.6412826867604726e+17
p1_ratio_2p00_common_primary,P1 Ctop/Cbottom=2.00 common-primary proxy,top_primary,interface_4x,T03_P1_CAPACITANCE_RATIO,enabled_symmetric_teaching_top_stack,0.0,0.01,0.0,0.3,channel,0.00045000000000000004,4.875e-06,4.5,48.75,0.07931556641499392,1.804177459455445e+17
p1_ratio_2p00_common_primary,P1 Ctop/Cbottom=2.00 common-primary proxy,top_primary,interface_4x,T03_P1_CAPACITANCE_RATIO,enabled_symmetric_teaching_top_stack,0.0,0.01,0.0,0.3,channel,0.00045000000000000004,4.95e-06,4.5,49.5,0.08193531634105627,1.996591024486989e+17
p1_ratio_2p00_common_primary,P1 Ctop/Cbottom=2.00 common-primary proxy,top_primary,interface_4x,T03_P1_CAPACITANCE_RATIO,enabled_symmetric_teaching_top_stack,0.0,0.01,0.0,0.3,channel,0.00045000000000000004,5.025e-06,4.5,50.25,0.0847481109648999,2.226086236224942e+17
p1_ratio_2p00_common_primary,P1 Ctop/Cbottom=2.00 common-primary proxy,top_primary,interface_4x,T03_P1_CAPACITANCE_RATIO,enabled_symmetric_teaching_top_stack,0.0,0.01,0.0,0.3,channel,0.00045000000000000004,5.1e-06,4.5,51.0,0.08777730947870237,2.5028238208664365e+17
p1_ratio_2p00_common_primary,P1 Ctop/Cbottom=2.00 common-primary proxy,top_primary,interface_4x,T03_P1_CAPACITANCE_RATIO,enabled_symmetric_teaching_top_stack,0.0,0.01,0.0,0.3,channel,0.00045000000000000004,5.1750000000000004e-06,4.5,51.75000000000001,0.09105107964410625,2.8407119486179763e+17
p1_ratio_2p00_common_primary,P1 Ctop/Cbottom=2.00 common-primary proxy,top_primary,interface_4x,T03_P1_CAPACITANCE_RATIO,enabled_symmetric_teaching_top_stack,0.0,0.01,0.0,0.3,channel,0.00045000000000000004,5.2500000000000006e-06,4.5,52.50000000000001,0.09460381343665902,3.2591961521275546e+17
p1_ratio_2p00_common_primary,P1 Ctop/Cbottom=2.00 common-primary proxy,top_primary,interface_4x,T03_P1_CAPACITANCE_RATIO,enabled_symmetric_teaching_top_stack,0.0,0.01,0.0,0.3,channel,0.00045000000000000004,5.325e-06,4.5,53.25,0.09847810631122086,3.786132030325663e+17
p1_ratio_2p00_common_primary,P1 Ctop/Cbottom=2.00 common-primary proxy,top_primary,interface_4x,T03_P1_CAPACITANCE_RATIO,enabled_symmetric_teaching_top_stack,0.0,0.01,0.0,0.3,channel,0.00045000000000000004,5.4e-06,4.5,54.0,0.10272759248677656,4.462559096533554e+17
p1_ratio_2p00_common_primary,P1 Ctop/Cbottom=2.00 common-primary proxy,top_primary,interface_4x,T03_P1_CAPACITANCE_RATIO,enabled_symmetric_teaching_top_stack,0.0,0.01,0.0,0.3,channel,0.000475,3e-06,4.75,30.0,0.047080960314767314,5.143565283193502e+16
p1_ratio_2p00_common_primary,P1 Ctop/Cbottom=2.00 common-primary proxy,top_primary,interface_4x,T03_P1_CAPACITANCE_RATIO,enabled_symmetric_teaching_top_stack,0.0,0.01,0.0,0.3,channel,0.000475,3.075e-06,4.75,30.750000000000004,0.0476356321807403,5.255116322100847e+16
p1_ratio_2p00_common_primary,P1 Ctop/Cbottom=2.00 common-primary proxy,top_primary,interface_4x,T03_P1_CAPACITANCE_RATIO,enabled_symmetric_teaching_top_stack,0.0,0.01,0.0,0.3,channel,0.000475,3.1500000000000003e-06,4.75,31.500000000000004,0.04823361478745299,5.378089177050258e+16
p1_ratio_2p00_common_primary,P1 Ctop/Cbottom=2.00 common-primary proxy,top_primary,interface_4x,T03_P1_CAPACITANCE_RATIO,enabled_symmetric_teaching_top_stack,0.0,0.01,0.0,0.3,channel,0.000475,3.225e-06,4.75,32.25,0.04887615981527272,5.513435275440593e+16
p1_ratio_2p00_common_primary,P1 Ctop/Cbottom=2.00 common-primary proxy,top_primary,interface_4x,T03_P1_CAPACITANCE_RATIO,enabled_symmetric_teaching_top_stack,0.0,0.01,0.0,0.3,channel,0.000475,3.3e-06,4.75,33.0,0.049564644885744365,5.6622406156013976e+16
p1_ratio_2p00_common_primary,P1 Ctop/Cbottom=2.00 common-primary proxy,top_primary,interface_4x,T03_P1_CAPACITANCE_RATIO,enabled_symmetric_teaching_top_stack,0.0,0.01,0.0,0.3,channel,0.000475,3.3750000000000003e-06,4.75,33.75,0.0503005846154349,5.825746245274531e+16
p1_ratio_2p00_common_primary,P1 Ctop/Cbottom=2.00 common-primary proxy,top_primary,interface_4x,T03_P1_CAPACITANCE_RATIO,enabled_symmetric_teaching_top_stack,0.0,0.01,0.0,0.3,channel,0.000475,3.45e-06,4.75,34.5,0.051085643247949786,6.0053727427420136e+16
p1_ratio_2p00_common_primary,P1 Ctop/Cbottom=2.00 common-primary proxy,top_primary,interface_4x,T03_P1_CAPACITANCE_RATIO,enabled_symmetric_teaching_top_stack,0.0,0.01,0.0,0.3,channel,0.000475,3.525e-06,4.75,35.25,0.051921649113302736,6.202749591649721e+16
p1_ratio_2p00_common_primary,P1 Ctop/Cbottom=2.00 common-primary proxy,top_primary,interface_4x,T03_P1_CAPACITANCE_RATIO,enabled_symmetric_teaching_top_stack,0.0,0.01,0.0,0.3,channel,0.000475,3.6000000000000003e-06,4.75,36.0,0.052810611213630725,6.419750573641145e+16
p1_ratio_2p00_common_primary,P1 Ctop/Cbottom=2.00 common-primary proxy,top_primary,interface_4x,T03_P1_CAPACITANCE_RATIO,enabled_symmetric_teaching_top_stack,0.0,0.01,0.0,0.3,channel,0.000475,3.6750000000000004e-06,4.75,36.75000000000001,0.05375473829549848,6.658536605303252e+16
p1_ratio_2p00_common_primary,P1 Ctop/Cbottom=2.00 common-primary proxy,top_primary,interface_4x,T03_P1_CAPACITANCE_RATIO,enabled_symmetric_teaching_top_stack,0.0,0.01,0.0,0.3,channel,0.000475,3.7500000000000005e-06,4.75,37.50000000000001,0.05475646084480879,6.9216078410795464e+16
p1_ratio_2p00_common_primary,P1 Ctop/Cbottom=2.00 common-primary proxy,top_primary,interface_4x,T03_P1_CAPACITANCE_RATIO,enabled_symmetric_teaching_top_stack,0.0,0.01,0.0,0.3,channel,0.000475,3.825000000000001e-06,4.75,38.25000000000001,0.05581845653464857,7.211867384077829e+16
p1_ratio_2p00_common_primary,P1 Ctop/Cbottom=2.00 common-primary proxy,top_primary,interface_4x,T03_P1_CAPACITANCE_RATIO,enabled_symmetric_teaching_top_stack,0.0,0.01,0.0,0.3,channel,0.000475,3.9e-06,4.75,39.0,0.056943679774551774,7.532699637149362e+16
p1_ratio_2p00_common_primary,P1 Ctop/Cbottom=2.00 common-primary proxy,top_primary,interface_4x,T03_P1_CAPACITANCE_RATIO,enabled_symmetric_teaching_top_stack,0.0,0.01,0.0,0.3,channel,0.000475,3.975e-06,4.75,39.75,0.0581353961586764,7.888067250590872e+16
p1_ratio_2p00_common_primary,P1 Ctop/Cbottom=2.00 common-primary proxy,top_primary,interface_4x,T03_P1_CAPACITANCE_RATIO,enabled_symmetric_teaching_top_stack,0.0,0.01,0.0,0.3,channel,0.000475,4.05e-06,4.75,40.5,0.059397222799678615,8.2826318702865e+16
p1_ratio_2p00_common_primary,P1 Ctop/Cbottom=2.00 common-primary proxy,top_primary,interface_4x,T03_P1_CAPACITANCE_RATIO,enabled_symmetric_teaching_top_stack,0.0,0.01,0.0,0.3,channel,0.000475,4.125e-06,4.75,41.25,0.06073317577732023,8.721905590200766e+16
p1_ratio_2p00_common_primary,P1 Ctop/Cbottom=2.00 common-primary proxy,top_primary,interface_4x,T03_P1_CAPACITANCE_RATIO,enabled_symmetric_teaching_top_stack,0.0,0.01,0.0,0.3,channel,0.000475,4.2000000000000004e-06,4.75,42.00000000000001,0.062147726243370116,9.212442353334672e+16
p1_ratio_2p00_common_primary,P1 Ctop/Cbottom=2.00 common-primary proxy,top_primary,interface_4x,T03_P1_CAPACITANCE_RATIO,enabled_symmetric_teaching_top_stack,0.0,0.01,0.0,0.3,channel,0.000475,4.2750000000000006e-06,4.75,42.75000000000001,0.06364586713097604,9.762081801053802e+16
p1_ratio_2p00_common_primary,P1 Ctop/Cbottom=2.00 common-primary proxy,top_primary,interface_4x,T03_P1_CAPACITANCE_RATIO,enabled_symmetric_teaching_top_stack,0.0,0.01,0.0,0.3,channel,0.000475,4.350000000000001e-06,4.75,43.50000000000001,0.06523319295052966,1.038026265215858e+17
p1_ratio_2p00_common_primary,P1 Ctop/Cbottom=2.00 common-primary proxy,top_primary,interface_4x,T03_P1_CAPACITANCE_RATIO,enabled_symmetric_teaching_top_stack,0.0,0.01,0.0,0.3,channel,0.000475,4.425e-06,4.75,44.25,0.06691599586175653,1.1078429219071178e+17
p1_ratio_2p00_common_primary,P1 Ctop/Cbottom=2.00 common-primary proxy,top_primary,interface_4x,T03_P1_CAPACITANCE_RATIO,enabled_symmetric_teaching_top_stack,0.0,0.01,0.0,0.3,channel,0.000475,4.5e-06,4.75,45.0,0.06870138215976013,1.1870564087012501e+17
p1_ratio_2p00_common_primary,P1 Ctop/Cbottom=2.00 common-primary proxy,top_primary,interface_4x,T03_P1_CAPACITANCE_RATIO,enabled_symmetric_teaching_top_stack,0.0,0.01,0.0,0.3,channel,0.000475,4.575e-06,4.75,45.75,0.07059741459689982,1.2773893768346546e+17
p1_ratio_2p00_common_primary,P1 Ctop/Cbottom=2.00 common-primary proxy,top_primary,interface_4x,T03_P1_CAPACITANCE_RATIO,enabled_symmetric_teaching_top_stack,0.0,0.01,0.0,0.3,channel,0.000475,4.65e-06,4.75,46.50000000000001,0.0726132877230125,1.380983463421797e+17
p1_ratio_2p00_common_primary,P1 Ctop/Cbottom=2.00 common-primary proxy,top_primary,interface_4x,T03_P1_CAPACITANCE_RATIO,enabled_symmetric_teaching_top_stack,0.0,0.01,0.0,0.3,channel,0.000475,4.7250000000000005e-06,4.75,47.25000000000001,0.07475954587215201,1.5005277386895898e+17
p1_ratio_2p00_common_primary,P1 Ctop/Cbottom=2.00 common-primary proxy,top_primary,interface_4x,T03_P1_CAPACITANCE_RATIO,enabled_symmetric_teaching_top_stack,0.0,0.01,0.0,0.3,channel,0.000475,4.8e-06,4.75,48.0,0.0770483568698606,1.6394355970042637e+17
p1_ratio_2p00_common_primary,P1 Ctop/Cbottom=2.00 common-primary proxy,top_primary,interface_4x,T03_P1_CAPACITANCE_RATIO,enabled_symmetric_teaching_top_stack,0.0,0.01,0.0,0.3,channel,0.000475,4.875e-06,4.75,48.75,0.07949385946584235,1.8020921553826013e+17
p1_ratio_2p00_common_primary,P1 Ctop/Cbottom=2.00 common-primary proxy,top_primary,interface_4x,T03_P1_CAPACITANCE_RATIO,enabled_symmetric_teaching_top_stack,0.0,0.01,0.0,0.3,channel,0.000475,4.95e-06,4.75,49.5,0.0821126096735199,1.994206205894127e+17
p1_ratio_2p00_common_primary,P1 Ctop/Cbottom=2.00 common-primary proxy,top_primary,interface_4x,T03_P1_CAPACITANCE_RATIO,enabled_symmetric_teaching_top_stack,0.0,0.01,0.0,0.3,channel,0.000475,5.025e-06,4.75,50.25,0.08492416183998354,2.2233204419439075e+17
p1_ratio_2p00_common_primary,P1 Ctop/Cbottom=2.00 common-primary proxy,top_primary,interface_4x,T03_P1_CAPACITANCE_RATIO,enabled_symmetric_teaching_top_stack,0.0,0.01,0.0,0.3,channel,0.000475,5.1e-06,4.75,51.0,0.08795183637976399,2.4995668411133296e+17
p1_ratio_2p00_common_primary,P1 Ctop/Cbottom=2.00 common-primary proxy,top_primary,interface_4x,T03_P1_CAPACITANCE_RATIO,enabled_symmetric_teaching_top_stack,0.0,0.01,0.0,0.3,channel,0.000475,5.1750000000000004e-06,4.75,51.75000000000001,0.0912237510591434,2.836811652668326e+17
p1_ratio_2p00_common_primary,P1 Ctop/Cbottom=2.00 common-primary proxy,top_primary,interface_4x,T03_P1_CAPACITANCE_RATIO,enabled_symmetric_teaching_top_stack,0.0,0.01,0.0,0.3,channel,0.000475,5.2500000000000006e-06,4.75,52.50000000000001,0.0947742323736685,3.2544377069304045e+17
p1_ratio_2p00_common_primary,P1 Ctop/Cbottom=2.00 common-primary proxy,top_primary,interface_4x,T03_P1_CAPACITANCE_RATIO,enabled_symmetric_teaching_top_stack,0.0,0.01,0.0,0.3,channel,0.000475,5.325e-06,4.75,53.25,0.09864578843139603,3.7802040439689894e+17
p1_ratio_2p00_common_primary,P1 Ctop/Cbottom=2.00 common-primary proxy,top_primary,interface_4x,T03_P1_CAPACITANCE_RATIO,enabled_symmetric_teaching_top_stack,0.0,0.01,0.0,0.3,channel,0.000475,5.4e-06,4.75,54.0,0.10289193440945164,4.4549963780257216e+17
p1_ratio_2p00_common_primary,P1 Ctop/Cbottom=2.00 common-primary proxy,top_primary,interface_4x,T03_P1_CAPACITANCE_RATIO,enabled_symmetric_teaching_top_stack,0.0,0.01,0.0,0.3,channel,0.0005,3e-06,5.0,30.0,0.047243093435992825,5.134355719152726e+16
p1_ratio_2p00_common_primary,P1 Ctop/Cbottom=2.00 common-primary proxy,top_primary,interface_4x,T03_P1_CAPACITANCE_RATIO,enabled_symmetric_teaching_top_stack,0.0,0.01,0.0,0.3,channel,0.0005,3.075e-06,5.0,30.750000000000004,0.04779955594082073,5.246070382198243e+16
p1_ratio_2p00_common_primary,P1 Ctop/Cbottom=2.00 common-primary proxy,top_primary,interface_4x,T03_P1_CAPACITANCE_RATIO,enabled_symmetric_teaching_top_stack,0.0,0.01,0.0,0.3,channel,0.0005,3.1500000000000003e-06,5.0,31.500000000000004,0.04839923711219694,5.369184318915352e+16
p1_ratio_2p00_common_primary,P1 Ctop/Cbottom=2.00 common-primary proxy,top_primary,interface_4x,T03_P1_CAPACITANCE_RATIO,enabled_symmetric_teaching_top_stack,0.0,0.01,0.0,0.3,channel,0.0005,3.225e-06,5.0,32.25,0.04904339006649084,5.504648679853478e+16
p1_ratio_2p00_common_primary,P1 Ctop/Cbottom=2.00 common-primary proxy,top_primary,interface_4x,T03_P1_CAPACITANCE_RATIO,enabled_symmetric_teaching_top_stack,0.0,0.01,0.0,0.3,channel,0.0005,3.3e-06,5.0,33.0,0.04973339362898376,5.6535489412338296e+16
p1_ratio_2p00_common_primary,P1 Ctop/Cbottom=2.00 common-primary proxy,top_primary,interface_4x,T03_P1_CAPACITANCE_RATIO,enabled_symmetric_teaching_top_stack,0.0,0.01,0.0,0.3,channel,0.0005,3.3750000000000003e-06,5.0,33.75,0.05047076338239914,5.817125355835028e+16
p1_ratio_2p00_common_primary,P1 Ctop/Cbottom=2.00 common-primary proxy,top_primary,interface_4x,T03_P1_CAPACITANCE_RATIO,enabled_symmetric_teaching_top_stack,0.0,0.01,0.0,0.3,channel,0.0005,3.45e-06,5.0,34.5,0.05125716429082747,5.996797398483176e+16
p1_ratio_2p00_common_primary,P1 Ctop/Cbottom=2.00 common-primary proxy,top_primary,interface_4x,T03_P1_CAPACITANCE_RATIO,enabled_symmetric_teaching_top_stack,0.0,0.01,0.0,0.3,channel,0.0005,3.525e-06,5.0,35.25,0.05209442514786448,6.194193095357449e+16
p1_ratio_2p00_common_primary,P1 Ctop/Cbottom=2.00 common-primary proxy,top_primary,interface_4x,T03_P1_CAPACITANCE_RATIO,enabled_symmetric_teaching_top_stack,0.0,0.01,0.0,0.3,channel,0.0005,3.6000000000000003e-06,5.0,36.0,0.05298455514749128,6.411184358819027e+16
p1_ratio_2p00_common_primary,P1 Ctop/Cbottom=2.00 common-primary proxy,top_primary,interface_4x,T03_P1_CAPACITANCE_RATIO,enabled_symmetric_teaching_top_stack,0.0,0.01,0.0,0.3,channel,0.0005,3.6750000000000004e-06,5.0,36.75000000000001,0.053929762937352424,6.649929751106383e+16
p1_ratio_2p00_common_primary,P1 Ctop/Cbottom=2.00 common-primary proxy,top_primary,interface_4x,T03_P1_CAPACITANCE_RATIO,enabled_symmetric_teaching_top_stack,0.0,0.01,0.0,0.3,channel,0.0005,3.7500000000000005e-06,5.0,37.50000000000001,0.054932478589702384,6.912926494385795e+16
p1_ratio_2p00_common_primary,P1 Ctop/Cbottom=2.00 common-primary proxy,top_primary,interface_4x,T03_P1_CAPACITANCE_RATIO,enabled_symmetric_teaching_top_stack,0.0,0.01,0.0,0.3,channel,0.0005,3.825000000000001e-06,5.0,38.25000000000001,0.05599537901940544,7.203074063557848e+16
p1_ratio_2p00_common_primary,P1 Ctop/Cbottom=2.00 common-primary proxy,top_primary,interface_4x,T03_P1_CAPACITANCE_RATIO,enabled_symmetric_teaching_top_stack,0.0,0.01,0.0,0.3,channel,0.0005,3.9e-06,5.0,39.0,0.05712141749626884,7.523752386814784e+16
p1_ratio_2p00_common_primary,P1 Ctop/Cbottom=2.00 common-primary proxy,top_primary,interface_4x,T03_P1_CAPACITANCE_RATIO,enabled_symmetric_teaching_top_stack,0.0,0.01,0.0,0.3,channel,0.0005,3.975e-06,5.0,39.75,0.058313858047674465,7.878918600364045e+16
p1_ratio_2p00_common_primary,P1 Ctop/Cbottom=2.00 common-primary proxy,top_primary,interface_4x,T03_P1_CAPACITANCE_RATIO,enabled_symmetric_teaching_top_stack,0.0,0.01,0.0,0.3,channel,0.0005,4.05e-06,5.0,40.5,0.0595763157363277,8.273227547646912e+16
p1_ratio_2p00_common_primary,P1 Ctop/Cbottom=2.00 common-primary proxy,top_primary,interface_4x,T03_P1_CAPACITANCE_RATIO,enabled_symmetric_teaching_top_stack,0.0,0.01,0.0,0.3,channel,0.0005,4.125e-06,5.0,41.25,0.06091280403962623,8.712182908482685e+16
p1_ratio_2p00_common_primary,P1 Ctop/Cbottom=2.00 common-primary proxy,top_primary,interface_4x,T03_P1_CAPACITANCE_RATIO,enabled_symmetric_teaching_top_stack,0.0,0.01,0.0,0.3,channel,0.0005,4.2000000000000004e-06,5.0,42.00000000000001,0.06232779086891796,9.202328176674824e+16
p1_ratio_2p00_common_primary,P1 Ctop/Cbottom=2.00 common-primary proxy,top_primary,interface_4x,T03_P1_CAPACITANCE_RATIO,enabled_symmetric_teaching_top_stack,0.0,0.01,0.0,0.3,channel,0.0005,4.2750000000000006e-06,5.0,42.75000000000001,0.06382626517251562,9.751489950209214e+16
p1_ratio_2p00_common_primary,P1 Ctop/Cbottom=2.00 common-primary proxy,top_primary,interface_4x,T03_P1_CAPACITANCE_RATIO,enabled_symmetric_teaching_top_stack,0.0,0.01,0.0,0.3,channel,0.0005,4.350000000000001e-06,5.0,43.50000000000001,0.06541381659879958,1.0369090564777395e+17
p1_ratio_2p00_common_primary,P1 Ctop/Cbottom=2.00 common-primary proxy,top_primary,interface_4x,T03_P1_CAPACITANCE_RATIO,enabled_symmetric_teaching_top_stack,0.0,0.01,0.0,0.3,channel,0.0005,4.425e-06,5.0,44.25,0.06709673140155223,1.10665536054305e+17
p1_ratio_2p00_common_primary,P1 Ctop/Cbottom=2.00 common-primary proxy,top_primary,interface_4x,T03_P1_CAPACITANCE_RATIO,enabled_symmetric_teaching_top_stack,0.0,0.01,0.0,0.3,channel,0.0005,4.5e-06,5.0,45.0,0.06888210871502826,1.185783521682546e+17
p1_ratio_2p00_common_primary,P1 Ctop/Cbottom=2.00 common-primary proxy,top_primary,interface_4x,T03_P1_CAPACITANCE_RATIO,enabled_symmetric_teaching_top_stack,0.0,0.01,0.0,0.3,channel,0.0005,4.575e-06,5.0,45.75,0.07077800260670707,1.2760127868873518e+17
p1_ratio_2p00_common_primary,P1 Ctop/Cbottom=2.00 common-primary proxy,top_primary,interface_4x,T03_P1_CAPACITANCE_RATIO,enabled_symmetric_teaching_top_stack,0.0,0.01,0.0,0.3,channel,0.0005,4.65e-06,5.0,46.50000000000001,0.07279359707101303,1.3794803647276248e+17
p1_ratio_2p00_common_primary,P1 Ctop/Cbottom=2.00 common-primary proxy,top_primary,interface_4x,T03_P1_CAPACITANCE_RATIO,enabled_symmetric_teaching_top_stack,0.0,0.01,0.0,0.3,channel,0.0005,4.7250000000000005e-06,5.0,47.25000000000001,0.07493942356529508,1.4988694977990032e+17
p1_ratio_2p00_common_primary,P1 Ctop/Cbottom=2.00 common-primary proxy,top_primary,interface_4x,T03_P1_CAPACITANCE_RATIO,enabled_symmetric_teaching_top_stack,0.0,0.01,0.0,0.3,channel,0.0005,4.8e-06,5.0,48.0,0.07722763412393209,1.6375858132852106e+17
p1_ratio_2p00_common_primary,P1 Ctop/Cbottom=2.00 common-primary proxy,top_primary,interface_4x,T03_P1_CAPACITANCE_RATIO,enabled_symmetric_teaching_top_stack,0.0,0.01,0.0,0.3,channel,0.0005,4.875e-06,5.0,48.75,0.07967234800042301,1.8000039282070195e+17
p1_ratio_2p00_common_primary,P1 Ctop/Cbottom=2.00 common-primary proxy,top_primary,interface_4x,T03_P1_CAPACITANCE_RATIO,enabled_symmetric_teaching_top_stack,0.0,0.01,0.0,0.3,channel,0.0005,4.95e-06,5.0,49.5,0.0822900969382004,1.9918182146200483e+17
p1_ratio_2p00_common_primary,P1 Ctop/Cbottom=2.00 common-primary proxy,top_primary,interface_4x,T03_P1_CAPACITANCE_RATIO,enabled_symmetric_teaching_top_stack,0.0,0.01,0.0,0.3,channel,0.0005,5.025e-06,5.0,50.25,0.08510040477283708,2.2205512103397002e+17
p1_ratio_2p00_common_primary,P1 Ctop/Cbottom=2.00 common-primary proxy,top_primary,interface_4x,T03_P1_CAPACITANCE_RATIO,enabled_symmetric_teaching_top_stack,0.0,0.01,0.0,0.3,channel,0.0005,5.1e-06,5.0,51.0,0.08812655311428018,2.4963061576853738e+17
p1_ratio_2p00_common_primary,P1 Ctop/Cbottom=2.00 common-primary proxy,top_primary,interface_4x,T03_P1_CAPACITANCE_RATIO,enabled_symmetric_teaching_top_stack,0.0,0.01,0.0,0.3,channel,0.0005,5.1750000000000004e-06,5.0,51.75000000000001,0.09139660970634086,2.8329074138087715e+17
p1_ratio_2p00_common_primary,P1 Ctop/Cbottom=2.00 common-primary proxy,top_primary,interface_4x,T03_P1_CAPACITANCE_RATIO,enabled_symmetric_teaching_top_stack,0.0,0.01,0.0,0.3,channel,0.0005,5.2500000000000006e-06,5.0,52.50000000000001,0.09494483554021456,3.24967516574402e+17
p1_ratio_2p00_common_primary,P1 Ctop/Cbottom=2.00 common-primary proxy,top_primary,interface_4x,T03_P1_CAPACITANCE_RATIO,enabled_symmetric_teaching_top_stack,0.0,0.01,0.0,0.3,channel,0.0005,5.325e-06,5.0,53.25,0.09881365136157334,3.7742720138041965e+17
p1_ratio_2p00_common_primary,P1 Ctop/Cbottom=2.00 common-primary proxy,top_primary,interface_4x,T03_P1_CAPACITANCE_RATIO,enabled_symmetric_teaching_top_stack,0.0,0.01,0.0,0.3,channel,0.0005,5.4e-06,5.0,54.0,0.10305645331099503,4.447430115053945e+17
p1_ratio_2p00_common_primary,P1 Ctop/Cbottom=2.00 common-primary proxy,top_primary,interface_4x,T03_P1_CAPACITANCE_RATIO,enabled_symmetric_teaching_top_stack,0.0,0.01,0.0,0.3,channel,0.0005250000000000001,3e-06,5.250000000000001,30.0,0.04740540277715585,5.125143440525913e+16
p1_ratio_2p00_common_primary,P1 Ctop/Cbottom=2.00 common-primary proxy,top_primary,interface_4x,T03_P1_CAPACITANCE_RATIO,enabled_symmetric_teaching_top_stack,0.0,0.01,0.0,0.3,channel,0.0005250000000000001,3.075e-06,5.250000000000001,30.750000000000004,0.047963657904182555,5.237020791841232e+16
p1_ratio_2p00_common_primary,P1 Ctop/Cbottom=2.00 common-primary proxy,top_primary,interface_4x,T03_P1_CAPACITANCE_RATIO,enabled_symmetric_teaching_top_stack,0.0,0.01,0.0,0.3,channel,0.0005250000000000001,3.1500000000000003e-06,5.250000000000001,31.500000000000004,0.048565039586409946,5.3602749345279224e+16
p1_ratio_2p00_common_primary,P1 Ctop/Cbottom=2.00 common-primary proxy,top_primary,interface_4x,T03_P1_CAPACITANCE_RATIO,enabled_symmetric_teaching_top_stack,0.0,0.01,0.0,0.3,channel,0.0005250000000000001,3.225e-06,5.250000000000001,32.25,0.049210802367295164,5.495856733101972e+16
p1_ratio_2p00_common_primary,P1 Ctop/Cbottom=2.00 common-primary proxy,top_primary,interface_4x,T03_P1_CAPACITANCE_RATIO,enabled_symmetric_teaching_top_stack,0.0,0.01,0.0,0.3,channel,0.0005250000000000001,3.3e-06,5.250000000000001,33.0,0.049902326267459586,5.644851133005058e+16
p1_ratio_2p00_common_primary,P1 Ctop/Cbottom=2.00 common-primary proxy,top_primary,interface_4x,T03_P1_CAPACITANCE_RATIO,enabled_symmetric_teaching_top_stack,0.0,0.01,0.0,0.3,channel,0.0005250000000000001,3.3750000000000003e-06,5.250000000000001,33.75,0.05064112782781645,5.808497583773883e+16
p1_ratio_2p00_common_primary,P1 Ctop/Cbottom=2.00 common-primary proxy,top_primary,interface_4x,T03_P1_CAPACITANCE_RATIO,enabled_symmetric_teaching_top_stack,0.0,0.01,0.0,0.3,channel,0.0005250000000000001,3.45e-06,5.250000000000001,34.5,0.05142887272532,5.98821444877599e+16
p1_ratio_2p00_common_primary,P1 Ctop/Cbottom=2.00 common-primary proxy,top_primary,interface_4x,T03_P1_CAPACITANCE_RATIO,enabled_symmetric_teaching_top_stack,0.0,0.01,0.0,0.3,channel,0.0005250000000000001,3.525e-06,5.250000000000001,35.25,0.05226739020979067,6.185628288882155e+16
p1_ratio_2p00_common_primary,P1 Ctop/Cbottom=2.00 common-primary proxy,top_primary,interface_4x,T03_P1_CAPACITANCE_RATIO,enabled_symmetric_teaching_top_stack,0.0,0.01,0.0,0.3,channel,0.0005250000000000001,3.6000000000000003e-06,5.250000000000001,36.0,0.0531586896598806,6.402609139374449e+16
p1_ratio_2p00_common_primary,P1 Ctop/Cbottom=2.00 common-primary proxy,top_primary,interface_4x,T03_P1_CAPACITANCE_RATIO,enabled_symmetric_teaching_top_stack,0.0,0.01,0.0,0.3,channel,0.0005250000000000001,3.6750000000000004e-06,5.250000000000001,36.75000000000001,0.054104979617245766,6.641313200271531e+16
p1_ratio_2p00_common_primary,P1 Ctop/Cbottom=2.00 common-primary proxy,top_primary,interface_4x,T03_P1_CAPACITANCE_RATIO,enabled_symmetric_teaching_top_stack,0.0,0.01,0.0,0.3,channel,0.0005250000000000001,3.7500000000000005e-06,5.250000000000001,37.50000000000001,0.05510868973344866,6.904234753391408e+16
p1_ratio_2p00_common_primary,P1 Ctop/Cbottom=2.00 common-primary proxy,top_primary,interface_4x,T03_P1_CAPACITANCE_RATIO,enabled_symmetric_teaching_top_stack,0.0,0.01,0.0,0.3,channel,0.0005250000000000001,3.825000000000001e-06,5.250000000000001,38.25000000000001,0.05617249615802976,7.194269637023303e+16
p1_ratio_2p00_common_primary,P1 Ctop/Cbottom=2.00 common-primary proxy,top_primary,interface_4x,T03_P1_CAPACITANCE_RATIO,enabled_symmetric_teaching_top_stack,0.0,0.01,0.0,0.3,channel,0.0005250000000000001,3.9e-06,5.250000000000001,39.0,0.05729935101382541,7.514793295819312e+16
p1_ratio_2p00_common_primary,P1 Ctop/Cbottom=2.00 common-primary proxy,top_primary,interface_4x,T03_P1_CAPACITANCE_RATIO,enabled_symmetric_teaching_top_stack,0.0,0.01,0.0,0.3,channel,0.0005250000000000001,3.975e-06,5.250000000000001,39.75,0.058492516753963775,7.869757342383205e+16
p1_ratio_2p00_common_primary,P1 Ctop/Cbottom=2.00 common-primary proxy,top_primary,interface_4x,T03_P1_CAPACITANCE_RATIO,enabled_symmetric_teaching_top_stack,0.0,0.01,0.0,0.3,channel,0.0005250000000000001,4.05e-06,5.250000000000001,40.5,0.0597556063833916,8.263809807395832e+16
p1_ratio_2p00_common_primary,P1 Ctop/Cbottom=2.00 common-primary proxy,top_primary,interface_4x,T03_P1_CAPACITANCE_RATIO,enabled_symmetric_teaching_top_stack,0.0,0.01,0.0,0.3,channel,0.0005250000000000001,4.125e-06,5.250000000000001,41.25,0.061092630768899286,8.702445945227243e+16
p1_ratio_2p00_common_primary,P1 Ctop/Cbottom=2.00 common-primary proxy,top_primary,interface_4x,T03_P1_CAPACITANCE_RATIO,enabled_symmetric_teaching_top_stack,0.0,0.01,0.0,0.3,channel,0.0005250000000000001,4.2000000000000004e-06,5.250000000000001,42.00000000000001,0.06250805457262032,9.192198787999442e+16
p1_ratio_2p00_common_primary,P1 Ctop/Cbottom=2.00 common-primary proxy,top_primary,interface_4x,T03_P1_CAPACITANCE_RATIO,enabled_symmetric_teaching_top_stack,0.0,0.01,0.0,0.3,channel,0.0005250000000000001,4.2750000000000006e-06,5.250000000000001,42.75000000000001,0.06400686274856149,9.740881876459595e+16
p1_ratio_2p00_common_primary,P1 Ctop/Cbottom=2.00 common-primary proxy,top_primary,interface_4x,T03_P1_CAPACITANCE_RATIO,enabled_symmetric_teaching_top_stack,0.0,0.01,0.0,0.3,channel,0.0005250000000000001,4.350000000000001e-06,5.250000000000001,43.50000000000001,0.06559464007280254,1.0357901147777093e+17
p1_ratio_2p00_common_primary,P1 Ctop/Cbottom=2.00 common-primary proxy,top_primary,interface_4x,T03_P1_CAPACITANCE_RATIO,enabled_symmetric_teaching_top_stack,0.0,0.01,0.0,0.3,channel,0.0005250000000000001,4.425e-06,5.250000000000001,44.25,0.06727766688191798,1.1054659442535982e+17
p1_ratio_2p00_common_primary,P1 Ctop/Cbottom=2.00 common-primary proxy,top_primary,interface_4x,T03_P1_CAPACITANCE_RATIO,enabled_symmetric_teaching_top_stack,0.0,0.01,0.0,0.3,channel,0.0005250000000000001,4.5e-06,5.250000000000001,45.0,0.06906303513689965,1.1845086446036597e+17
p1_ratio_2p00_common_primary,P1 Ctop/Cbottom=2.00 common-primary proxy,top_primary,interface_4x,T03_P1_CAPACITANCE_RATIO,enabled_symmetric_teaching_top_stack,0.0,0.01,0.0,0.3,channel,0.0005250000000000001,4.575e-06,5.250000000000001,45.75,0.07095879020659232,1.274634056546597e+17
p1_ratio_2p00_common_primary,P1 Ctop/Cbottom=2.00 common-primary proxy,top_primary,interface_4x,T03_P1_CAPACITANCE_RATIO,enabled_symmetric_teaching_top_stack,0.0,0.01,0.0,0.3,channel,0.0005250000000000001,4.65e-06,5.250000000000001,46.50000000000001,0.07297410551470612,1.3779749579992262e+17
p1_ratio_2p00_common_primary,P1 Ctop/Cbottom=2.00 common-primary proxy,top_primary,interface_4x,T03_P1_CAPACITANCE_RATIO,enabled_symmetric_teaching_top_stack,0.0,0.01,0.0,0.3,channel,0.0005250000000000001,4.7250000000000005e-06,5.250000000000001,47.25000000000001,0.07511949962482171,1.4972087618832506e+17
p1_ratio_2p00_common_primary,P1 Ctop/Cbottom=2.00 common-primary proxy,top_primary,interface_4x,T03_P1_CAPACITANCE_RATIO,enabled_symmetric_teaching_top_stack,0.0,0.01,0.0,0.3,channel,0.0005250000000000001,4.8e-06,5.250000000000001,48.0,0.07740710876112178,1.635733326523197e+17
p1_ratio_2p00_common_primary,P1 Ctop/Cbottom=2.00 common-primary proxy,top_primary,interface_4x,T03_P1_CAPACITANCE_RATIO,enabled_symmetric_teaching_top_stack,0.0,0.01,0.0,0.3,channel,0.0005250000000000001,4.875e-06,5.250000000000001,48.75,0.07985103265972698,1.7979127682109344e+17
p1_ratio_2p00_common_primary,P1 Ctop/Cbottom=2.00 common-primary proxy,top_primary,interface_4x,T03_P1_CAPACITANCE_RATIO,enabled_symmetric_teaching_top_stack,0.0,0.01,0.0,0.3,channel,0.0005250000000000001,4.95e-06,5.250000000000001,49.5,0.08246777877069188,1.989427040291799e+17
p1_ratio_2p00_common_primary,P1 Ctop/Cbottom=2.00 common-primary proxy,top_primary,interface_4x,T03_P1_CAPACITANCE_RATIO,enabled_symmetric_teaching_top_stack,0.0,0.01,0.0,0.3,channel,0.0005250000000000001,5.025e-06,5.250000000000001,50.25,0.08527684039260172,2.2177785303895264e+17
p1_ratio_2p00_common_primary,P1 Ctop/Cbottom=2.00 common-primary proxy,top_primary,interface_4x,T03_P1_CAPACITANCE_RATIO,enabled_symmetric_teaching_top_stack,0.0,0.01,0.0,0.3,channel,0.0005250000000000001,5.1e-06,5.250000000000001,51.0,0.08830146030381736,2.4930417589541702e+17
p1_ratio_2p00_common_primary,P1 Ctop/Cbottom=2.00 common-primary proxy,top_primary,interface_4x,T03_P1_CAPACITANCE_RATIO,enabled_symmetric_teaching_top_stack,0.0,0.01,0.0,0.3,channel,0.0005250000000000001,5.1750000000000004e-06,5.250000000000001,51.75000000000001,0.09156965619850668,2.8289992199119274e+17
p1_ratio_2p00_common_primary,P1 Ctop/Cbottom=2.00 common-primary proxy,top_primary,interface_4x,T03_P1_CAPACITANCE_RATIO,enabled_symmetric_teaching_top_stack,0.0,0.01,0.0,0.3,channel,0.0005250000000000001,5.2500000000000006e-06,5.250000000000001,52.50000000000001,0.09511562353911245,3.244908516142722e+17
p1_ratio_2p00_common_primary,P1 Ctop/Cbottom=2.00 common-primary proxy,top_primary,interface_4x,T03_P1_CAPACITANCE_RATIO,enabled_symmetric_teaching_top_stack,0.0,0.01,0.0,0.3,channel,0.0005250000000000001,5.325e-06,5.250000000000001,53.25,0.09898169569331053,3.768335927436121e+17
p1_ratio_2p00_common_primary,P1 Ctop/Cbottom=2.00 common-primary proxy,top_primary,interface_4x,T03_P1_CAPACITANCE_RATIO,enabled_symmetric_teaching_top_stack,0.0,0.01,0.0,0.3,channel,0.0005250000000000001,5.4e-06,5.250000000000001,54.0,0.10322114977044526,4.4398602957167066e+17
p1_ratio_2p00_common_primary,P1 Ctop/Cbottom=2.00 common-primary proxy,top_primary,interface_4x,T03_P1_CAPACITANCE_RATIO,enabled_symmetric_teaching_top_stack,0.0,0.01,0.0,0.3,channel,0.0005499999999999999,3e-06,5.499999999999999,30.0,0.047567888918678844,5.115928435486227e+16
p1_ratio_2p00_common_primary,P1 Ctop/Cbottom=2.00 common-primary proxy,top_primary,interface_4x,T03_P1_CAPACITANCE_RATIO,enabled_symmetric_teaching_top_stack,0.0,0.01,0.0,0.3,channel,0.0005499999999999999,3.075e-06,5.499999999999999,30.750000000000004,0.04812793865776616,5.227967537468197e+16
p1_ratio_2p00_common_primary,P1 Ctop/Cbottom=2.00 common-primary proxy,top_primary,interface_4x,T03_P1_CAPACITANCE_RATIO,enabled_symmetric_teaching_top_stack,0.0,0.01,0.0,0.3,channel,0.0005499999999999999,3.1500000000000003e-06,5.499999999999999,31.500000000000004,0.0487310228034123,5.3513610084587544e+16
p1_ratio_2p00_common_primary,P1 Ctop/Cbottom=2.00 common-primary proxy,top_primary,interface_4x,T03_P1_CAPACITANCE_RATIO,enabled_symmetric_teaching_top_stack,0.0,0.01,0.0,0.3,channel,0.0005499999999999999,3.225e-06,5.499999999999999,32.25,0.04937839731722882,5.4870594177759256e+16
p1_ratio_2p00_common_primary,P1 Ctop/Cbottom=2.00 common-primary proxy,top_primary,interface_4x,T03_P1_CAPACITANCE_RATIO,enabled_symmetric_teaching_top_stack,0.0,0.01,0.0,0.3,channel,0.0005499999999999999,3.3e-06,5.499999999999999,33.0,0.05007144340676059,5.636147171424838e+16
p1_ratio_2p00_common_primary,P1 Ctop/Cbottom=2.00 common-primary proxy,top_primary,interface_4x,T03_P1_CAPACITANCE_RATIO,enabled_symmetric_teaching_top_stack,0.0,0.01,0.0,0.3,channel,0.0005499999999999999,3.3750000000000003e-06,5.499999999999999,33.75,0.05081167856312283,5.7998629074311064e+16
p1_ratio_2p00_common_primary,P1 Ctop/Cbottom=2.00 common-primary proxy,top_primary,interface_4x,T03_P1_CAPACITANCE_RATIO,enabled_symmetric_teaching_top_stack,0.0,0.01,0.0,0.3,channel,0.0005499999999999999,3.45e-06,5.499999999999999,34.5,0.05160076916849016,5.979623869706401e+16
p1_ratio_2p00_common_primary,P1 Ctop/Cbottom=2.00 common-primary proxy,top_primary,interface_4x,T03_P1_CAPACITANCE_RATIO,enabled_symmetric_teaching_top_stack,0.0,0.01,0.0,0.3,channel,0.0005499999999999999,3.525e-06,5.499999999999999,35.25,0.05244054492152748,6.177055145972988e+16
p1_ratio_2p00_common_primary,P1 Ctop/Cbottom=2.00 common-primary proxy,top_primary,interface_4x,T03_P1_CAPACITANCE_RATIO,enabled_symmetric_teaching_top_stack,0.0,0.01,0.0,0.3,channel,0.0005499999999999999,3.6000000000000003e-06,5.499999999999999,36.0,0.05333301537836102,6.394024886635172e+16
p1_ratio_2p00_common_primary,P1 Ctop/Cbottom=2.00 common-primary proxy,top_primary,interface_4x,T03_P1_CAPACITANCE_RATIO,enabled_symmetric_teaching_top_stack,0.0,0.01,0.0,0.3,channel,0.0005499999999999999,3.6750000000000004e-06,5.499999999999999,36.75000000000001,0.054280388967565193,6.6326869216154056e+16
p1_ratio_2p00_common_primary,P1 Ctop/Cbottom=2.00 common-primary proxy,top_primary,interface_4x,T03_P1_CAPACITANCE_RATIO,enabled_symmetric_teaching_top_stack,0.0,0.01,0.0,0.3,channel,0.0005499999999999999,3.7500000000000005e-06,5.499999999999999,37.50000000000001,0.05528509491294125,6.895532584304252e+16
p1_ratio_2p00_common_primary,P1 Ctop/Cbottom=2.00 common-primary proxy,top_primary,interface_4x,T03_P1_CAPACITANCE_RATIO,enabled_symmetric_teaching_top_stack,0.0,0.01,0.0,0.3,channel,0.0005499999999999999,3.825000000000001e-06,5.499999999999999,38.25000000000001,0.05634980859157814,7.185454067964332e+16
p1_ratio_2p00_common_primary,P1 Ctop/Cbottom=2.00 common-primary proxy,top_primary,interface_4x,T03_P1_CAPACITANCE_RATIO,enabled_symmetric_teaching_top_stack,0.0,0.01,0.0,0.3,channel,0.0005499999999999999,3.9e-06,5.499999999999999,39.0,0.057477480972069485,7.505822324812496e+16
p1_ratio_2p00_common_primary,P1 Ctop/Cbottom=2.00 common-primary proxy,top_primary,interface_4x,T03_P1_CAPACITANCE_RATIO,enabled_symmetric_teaching_top_stack,0.0,0.01,0.0,0.3,channel,0.0005499999999999999,3.975e-06,5.499999999999999,39.75,0.05867137292578317,7.860583434317634e+16
p1_ratio_2p00_common_primary,P1 Ctop/Cbottom=2.00 common-primary proxy,top_primary,interface_4x,T03_P1_CAPACITANCE_RATIO,enabled_symmetric_teaching_top_stack,0.0,0.01,0.0,0.3,channel,0.0005499999999999999,4.05e-06,5.499999999999999,40.5,0.059935095392069135,8.254378604062925e+16
p1_ratio_2p00_common_primary,P1 Ctop/Cbottom=2.00 common-primary proxy,top_primary,interface_4x,T03_P1_CAPACITANCE_RATIO,enabled_symmetric_teaching_top_stack,0.0,0.01,0.0,0.3,channel,0.0005499999999999999,4.125e-06,5.499999999999999,41.25,0.061272656618835394,8.692694651642686e+16
p1_ratio_2p00_common_primary,P1 Ctop/Cbottom=2.00 common-primary proxy,top_primary,interface_4x,T03_P1_CAPACITANCE_RATIO,enabled_symmetric_teaching_top_stack,0.0,0.01,0.0,0.3,channel,0.0005499999999999999,4.2000000000000004e-06,5.499999999999999,42.00000000000001,0.06268851801017371,9.18205413498841e+16
p1_ratio_2p00_common_primary,P1 Ctop/Cbottom=2.00 common-primary proxy,top_primary,interface_4x,T03_P1_CAPACITANCE_RATIO,enabled_symmetric_teaching_top_stack,0.0,0.01,0.0,0.3,channel,0.0005499999999999999,4.2750000000000006e-06,5.499999999999999,42.75000000000001,0.06418766051627815,9.730257523721962e+16
p1_ratio_2p00_common_primary,P1 Ctop/Cbottom=2.00 common-primary proxy,top_primary,interface_4x,T03_P1_CAPACITANCE_RATIO,enabled_symmetric_teaching_top_stack,0.0,0.01,0.0,0.3,channel,0.0005499999999999999,4.350000000000001e-06,5.499999999999999,43.50000000000001,0.06577566403060017,1.0346694341047819e+17
p1_ratio_2p00_common_primary,P1 Ctop/Cbottom=2.00 common-primary proxy,top_primary,interface_4x,T03_P1_CAPACITANCE_RATIO,enabled_symmetric_teaching_top_stack,0.0,0.01,0.0,0.3,channel,0.0005499999999999999,4.425e-06,5.499999999999999,44.25,0.06745880296120074,1.1042746665956306e+17
p1_ratio_2p00_common_primary,P1 Ctop/Cbottom=2.00 common-primary proxy,top_primary,interface_4x,T03_P1_CAPACITANCE_RATIO,enabled_symmetric_teaching_top_stack,0.0,0.01,0.0,0.3,channel,0.0005499999999999999,4.5e-06,5.499999999999999,45.0,0.06924416208335081,1.183231770556841e+17
p1_ratio_2p00_common_primary,P1 Ctop/Cbottom=2.00 common-primary proxy,top_primary,interface_4x,T03_P1_CAPACITANCE_RATIO,enabled_symmetric_teaching_top_stack,0.0,0.01,0.0,0.3,channel,0.0005499999999999999,4.575e-06,5.499999999999999,45.75,0.07113977805345846,1.2732531784048368e+17
p1_ratio_2p00_common_primary,P1 Ctop/Cbottom=2.00 common-primary proxy,top_primary,interface_4x,T03_P1_CAPACITANCE_RATIO,enabled_symmetric_teaching_top_stack,0.0,0.01,0.0,0.3,channel,0.0005499999999999999,4.65e-06,5.499999999999999,46.50000000000001,0.07315481370916704,1.376467235292063e+17
p1_ratio_2p00_common_primary,P1 Ctop/Cbottom=2.00 common-primary proxy,top_primary,interface_4x,T03_P1_CAPACITANCE_RATIO,enabled_symmetric_teaching_top_stack,0.0,0.01,0.0,0.3,channel,0.0005499999999999999,4.7250000000000005e-06,5.499999999999999,47.25000000000001,0.07529977470317101,1.495545522423008e+17
p1_ratio_2p00_common_primary,P1 Ctop/Cbottom=2.00 common-primary proxy,top_primary,interface_4x,T03_P1_CAPACITANCE_RATIO,enabled_symmetric_teaching_top_stack,0.0,0.01,0.0,0.3,channel,0.0005499999999999999,4.8e-06,5.499999999999999,48.0,0.07758678143036539,1.6338781275881293e+17
p1_ratio_2p00_common_primary,P1 Ctop/Cbottom=2.00 common-primary proxy,top_primary,interface_4x,T03_P1_CAPACITANCE_RATIO,enabled_symmetric_teaching_top_stack,0.0,0.01,0.0,0.3,channel,0.0005499999999999999,4.875e-06,5.499999999999999,48.75,0.0800299140882573,1.795818665623401e+17
p1_ratio_2p00_common_primary,P1 Ctop/Cbottom=2.00 common-primary proxy,top_primary,interface_4x,T03_P1_CAPACITANCE_RATIO,enabled_symmetric_teaching_top_stack,0.0,0.01,0.0,0.3,channel,0.0005499999999999999,4.95e-06,5.499999999999999,49.5,0.08264565581007013,1.9870326724800266e+17
p1_ratio_2p00_common_primary,P1 Ctop/Cbottom=2.00 common-primary proxy,top_primary,interface_4x,T03_P1_CAPACITANCE_RATIO,enabled_symmetric_teaching_top_stack,0.0,0.01,0.0,0.3,channel,0.0005499999999999999,5.025e-06,5.499999999999999,50.25,0.08545346933186454,2.2150023910110614e+17
p1_ratio_2p00_common_primary,P1 Ctop/Cbottom=2.00 common-primary proxy,top_primary,interface_4x,T03_P1_CAPACITANCE_RATIO,enabled_symmetric_teaching_top_stack,0.0,0.01,0.0,0.3,channel,0.0005499999999999999,5.1e-06,5.499999999999999,51.0,0.08847655857334584,2.489773633228905e+17
p1_ratio_2p00_common_primary,P1 Ctop/Cbottom=2.00 common-primary proxy,top_primary,interface_4x,T03_P1_CAPACITANCE_RATIO,enabled_symmetric_teaching_top_stack,0.0,0.01,0.0,0.3,channel,0.0005499999999999999,5.1750000000000004e-06,5.499999999999999,51.75000000000001,0.09174289115180444,2.8250870587855818e+17
p1_ratio_2p00_common_primary,P1 Ctop/Cbottom=2.00 common-primary proxy,top_primary,interface_4x,T03_P1_CAPACITANCE_RATIO,enabled_symmetric_teaching_top_stack,0.0,0.01,0.0,0.3,channel,0.0005499999999999999,5.2500000000000006e-06,5.499999999999999,52.50000000000001,0.09528659697647807,3.2401377456343635e+17
p1_ratio_2p00_common_primary,P1 Ctop/Cbottom=2.00 common-primary proxy,top_primary,interface_4x,T03_P1_CAPACITANCE_RATIO,enabled_symmetric_teaching_top_stack,0.0,0.01,0.0,0.3,channel,0.0005499999999999999,5.325e-06,5.499999999999999,53.25,0.09914992202140427,3.7623957724026355e+17
p1_ratio_2p00_common_primary,P1 Ctop/Cbottom=2.00 common-primary proxy,top_primary,interface_4x,T03_P1_CAPACITANCE_RATIO,enabled_symmetric_teaching_top_stack,0.0,0.01,0.0,0.3,channel,0.0005499999999999999,5.4e-06,5.499999999999999,54.0,0.10338602437001133,4.4322869080465344e+17
p1_ratio_2p00_common_primary,P1 Ctop/Cbottom=2.00 common-primary proxy,top_primary,interface_4x,T03_P1_CAPACITANCE_RATIO,enabled_symmetric_teaching_top_stack,0.0,0.01,0.0,0.3,channel,0.000575,3e-06,5.75,30.0,0.04773055244417568,5.1067106921377304e+16
p1_ratio_2p00_common_primary,P1 Ctop/Cbottom=2.00 common-primary proxy,top_primary,interface_4x,T03_P1_CAPACITANCE_RATIO,enabled_symmetric_teaching_top_stack,0.0,0.01,0.0,0.3,channel,0.000575,3.075e-06,5.75,30.750000000000004,0.04829239879173917,5.21891060543977e+16
p1_ratio_2p00_common_primary,P1 Ctop/Cbottom=2.00 common-primary proxy,top_primary,interface_4x,T03_P1_CAPACITANCE_RATIO,enabled_symmetric_teaching_top_stack,0.0,0.01,0.0,0.3,channel,0.000575,3.1500000000000003e-06,5.75,31.500000000000004,0.048897187359786536,5.3424425251915704e+16
p1_ratio_2p00_common_primary,P1 Ctop/Cbottom=2.00 common-primary proxy,top_primary,interface_4x,T03_P1_CAPACITANCE_RATIO,enabled_symmetric_teaching_top_stack,0.0,0.01,0.0,0.3,channel,0.000575,3.225e-06,5.75,32.25,0.04954617551913131,5.478256716368162e+16
p1_ratio_2p00_common_primary,P1 Ctop/Cbottom=2.00 common-primary proxy,top_primary,interface_4x,T03_P1_CAPACITANCE_RATIO,enabled_symmetric_teaching_top_stack,0.0,0.01,0.0,0.3,channel,0.000575,3.3e-06,5.75,33.0,0.05024074565580511,5.627437036895276e+16
p1_ratio_2p00_common_primary,P1 Ctop/Cbottom=2.00 common-primary proxy,top_primary,interface_4x,T03_P1_CAPACITANCE_RATIO,enabled_symmetric_teaching_top_stack,0.0,0.01,0.0,0.3,channel,0.000575,3.3750000000000003e-06,5.75,33.75,0.05098241620311591,5.791221305027768e+16
p1_ratio_2p00_common_primary,P1 Ctop/Cbottom=2.00 common-primary proxy,top_primary,interface_4x,T03_P1_CAPACITANCE_RATIO,enabled_symmetric_teaching_top_stack,0.0,0.01,0.0,0.3,channel,0.000575,3.45e-06,5.75,34.5,0.05177285424079321,5.9710256372294776e+16
p1_ratio_2p00_common_primary,P1 Ctop/Cbottom=2.00 common-primary proxy,top_primary,interface_4x,T03_P1_CAPACITANCE_RATIO,enabled_symmetric_teaching_top_stack,0.0,0.01,0.0,0.3,channel,0.000575,3.525e-06,5.75,35.25,0.05261388990894308,6.168473640235632e+16
p1_ratio_2p00_common_primary,P1 Ctop/Cbottom=2.00 common-primary proxy,top_primary,interface_4x,T03_P1_CAPACITANCE_RATIO,enabled_symmetric_teaching_top_stack,0.0,0.01,0.0,0.3,channel,0.000575,3.6000000000000003e-06,5.75,36.0,0.05350753293394495,6.385431571772233e+16
p1_ratio_2p00_common_primary,P1 Ctop/Cbottom=2.00 common-primary proxy,top_primary,interface_4x,T03_P1_CAPACITANCE_RATIO,enabled_symmetric_teaching_top_stack,0.0,0.01,0.0,0.3,channel,0.000575,3.6750000000000004e-06,5.75,36.75000000000001,0.054455991624173916,6.624050883784027e+16
p1_ratio_2p00_common_primary,P1 Ctop/Cbottom=2.00 common-primary proxy,top_primary,interface_4x,T03_P1_CAPACITANCE_RATIO,enabled_symmetric_teaching_top_stack,0.0,0.01,0.0,0.3,channel,0.000575,3.7500000000000005e-06,5.75,37.50000000000001,0.05546169476857503,6.886819953146802e+16
p1_ratio_2p00_common_primary,P1 Ctop/Cbottom=2.00 common-primary proxy,top_primary,interface_4x,T03_P1_CAPACITANCE_RATIO,enabled_symmetric_teaching_top_stack,0.0,0.01,0.0,0.3,channel,0.000575,3.825000000000001e-06,5.75,38.25000000000001,0.05652731696463129,7.1766273196702136e+16
p1_ratio_2p00_common_primary,P1 Ctop/Cbottom=2.00 common-primary proxy,top_primary,interface_4x,T03_P1_CAPACITANCE_RATIO,enabled_symmetric_teaching_top_stack,0.0,0.01,0.0,0.3,channel,0.000575,3.9e-06,5.75,39.0,0.05765580801939391,7.496839434226752e+16
p1_ratio_2p00_common_primary,P1 Ctop/Cbottom=2.00 common-primary proxy,top_primary,interface_4x,T03_P1_CAPACITANCE_RATIO,enabled_symmetric_teaching_top_stack,0.0,0.01,0.0,0.3,channel,0.000575,3.975e-06,5.75,39.75,0.058850427214934935,7.851396833602312e+16
p1_ratio_2p00_common_primary,P1 Ctop/Cbottom=2.00 common-primary proxy,top_primary,interface_4x,T03_P1_CAPACITANCE_RATIO,enabled_symmetric_teaching_top_stack,0.0,0.01,0.0,0.3,channel,0.000575,4.05e-06,5.75,40.5,0.06011478341713875,8.24493389192543e+16
p1_ratio_2p00_common_primary,P1 Ctop/Cbottom=2.00 common-primary proxy,top_primary,interface_4x,T03_P1_CAPACITANCE_RATIO,enabled_symmetric_teaching_top_stack,0.0,0.01,0.0,0.3,channel,0.000575,4.125e-06,5.75,41.25,0.061452882246723774,8.682928978665667e+16
p1_ratio_2p00_common_primary,P1 Ctop/Cbottom=2.00 common-primary proxy,top_primary,interface_4x,T03_P1_CAPACITANCE_RATIO,enabled_symmetric_teaching_top_stack,0.0,0.01,0.0,0.3,channel,0.000575,4.2000000000000004e-06,5.75,42.00000000000001,0.06286918184087874,9.171894165029736e+16
p1_ratio_2p00_common_primary,P1 Ctop/Cbottom=2.00 common-primary proxy,top_primary,interface_4x,T03_P1_CAPACITANCE_RATIO,enabled_symmetric_teaching_top_stack,0.0,0.01,0.0,0.3,channel,0.000575,4.2750000000000006e-06,5.75,42.75000000000001,0.0643686591364421,9.719616835599966e+16
p1_ratio_2p00_common_primary,P1 Ctop/Cbottom=2.00 common-primary proxy,top_primary,interface_4x,T03_P1_CAPACITANCE_RATIO,enabled_symmetric_teaching_top_stack,0.0,0.01,0.0,0.3,channel,0.000575,4.350000000000001e-06,5.75,43.50000000000001,0.06595688913387085,1.0335470084143541e+17
p1_ratio_2p00_common_primary,P1 Ctop/Cbottom=2.00 common-primary proxy,top_primary,interface_4x,T03_P1_CAPACITANCE_RATIO,enabled_symmetric_teaching_top_stack,0.0,0.01,0.0,0.3,channel,0.000575,4.425e-06,5.75,44.25,0.0676401403013655,1.1030815210899765e+17
p1_ratio_2p00_common_primary,P1 Ctop/Cbottom=2.00 common-primary proxy,top_primary,interface_4x,T03_P1_CAPACITANCE_RATIO,enabled_symmetric_teaching_top_stack,0.0,0.01,0.0,0.3,channel,0.000575,4.5e-06,5.75,45.0,0.0694254902159738,1.1819528925957328e+17
p1_ratio_2p00_common_primary,P1 Ctop/Cbottom=2.00 common-primary proxy,top_primary,interface_4x,T03_P1_CAPACITANCE_RATIO,enabled_symmetric_teaching_top_stack,0.0,0.01,0.0,0.3,channel,0.000575,4.575e-06,5.75,45.75,0.07132096680781763,1.2718701450131907e+17
p1_ratio_2p00_common_primary,P1 Ctop/Cbottom=2.00 common-primary proxy,top_primary,interface_4x,T03_P1_CAPACITANCE_RATIO,enabled_symmetric_teaching_top_stack,0.0,0.01,0.0,0.3,channel,0.000575,4.65e-06,5.75,46.50000000000001,0.07333572231306988,1.3749571886173954e+17
p1_ratio_2p00_common_primary,P1 Ctop/Cbottom=2.00 common-primary proxy,top_primary,interface_4x,T03_P1_CAPACITANCE_RATIO,enabled_symmetric_teaching_top_stack,0.0,0.01,0.0,0.3,channel,0.000575,4.7250000000000005e-06,5.75,47.25000000000001,0.07548024945636578,1.4938797708517322e+17
p1_ratio_2p00_common_primary,P1 Ctop/Cbottom=2.00 common-primary proxy,top_primary,interface_4x,T03_P1_CAPACITANCE_RATIO,enabled_symmetric_teaching_top_stack,0.0,0.01,0.0,0.3,channel,0.000575,4.8e-06,5.75,48.0,0.07776665278416253,1.632020207299555e+17
p1_ratio_2p00_common_primary,P1 Ctop/Cbottom=2.00 common-primary proxy,top_primary,interface_4x,T03_P1_CAPACITANCE_RATIO,enabled_symmetric_teaching_top_stack,0.0,0.01,0.0,0.3,channel,0.000575,4.875e-06,5.75,48.75,0.08020899293405598,1.7937216106198896e+17
p1_ratio_2p00_common_primary,P1 Ctop/Cbottom=2.00 common-primary proxy,top_primary,interface_4x,T03_P1_CAPACITANCE_RATIO,enabled_symmetric_teaching_top_stack,0.0,0.01,0.0,0.3,channel,0.000575,4.95e-06,5.75,49.5,0.0828237286989196,1.9846351006985507e+17
p1_ratio_2p00_common_primary,P1 Ctop/Cbottom=2.00 common-primary proxy,top_primary,interface_4x,T03_P1_CAPACITANCE_RATIO,enabled_symmetric_teaching_top_stack,0.0,0.01,0.0,0.3,channel,0.000575,5.025e-06,5.75,50.25,0.08563029222668501,2.212222781062e+17
p1_ratio_2p00_common_primary,P1 Ctop/Cbottom=2.00 common-primary proxy,top_primary,interface_4x,T03_P1_CAPACITANCE_RATIO,enabled_symmetric_teaching_top_stack,0.0,0.01,0.0,0.3,channel,0.000575,5.1e-06,5.75,51.0,0.08865184855126601,2.4865017687558762e+17
p1_ratio_2p00_common_primary,P1 Ctop/Cbottom=2.00 common-primary proxy,top_primary,interface_4x,T03_P1_CAPACITANCE_RATIO,enabled_symmetric_teaching_top_stack,0.0,0.01,0.0,0.3,channel,0.000575,5.1750000000000004e-06,5.75,51.75000000000001,0.09191631518577913,2.8211709181722032e+17
p1_ratio_2p00_common_primary,P1 Ctop/Cbottom=2.00 common-primary proxy,top_primary,interface_4x,T03_P1_CAPACITANCE_RATIO,enabled_symmetric_teaching_top_stack,0.0,0.01,0.0,0.3,channel,0.000575,5.2500000000000006e-06,5.75,52.50000000000001,0.09545775646175331,3.235362841659826e+17
p1_ratio_2p00_common_primary,P1 Ctop/Cbottom=2.00 common-primary proxy,top_primary,interface_4x,T03_P1_CAPACITANCE_RATIO,enabled_symmetric_teaching_top_stack,0.0,0.01,0.0,0.3,channel,0.000575,5.325e-06,5.75,53.25,0.09931833094391508,3.7564515361741376e+17
p1_ratio_2p00_common_primary,P1 Ctop/Cbottom=2.00 common-primary proxy,top_primary,interface_4x,T03_P1_CAPACITANCE_RATIO,enabled_symmetric_teaching_top_stack,0.0,0.01,0.0,0.3,channel,0.000575,5.4e-06,5.75,54.0,0.10355107769509707,4.424709940009495e+17
p1_ratio_2p00_common_primary,P1 Ctop/Cbottom=2.00 common-primary proxy,top_primary,interface_4x,T03_P1_CAPACITANCE_RATIO,enabled_symmetric_teaching_top_stack,0.0,0.01,0.0,0.3,channel,0.0006000000000000001,3e-06,6.000000000000001,30.0,0.04789339394047631,5.097490198514849e+16
p1_ratio_2p00_common_primary,P1 Ctop/Cbottom=2.00 common-primary proxy,top_primary,interface_4x,T03_P1_CAPACITANCE_RATIO,enabled_symmetric_teaching_top_stack,0.0,0.01,0.0,0.3,channel,0.0006000000000000001,3.075e-06,6.000000000000001,30.750000000000004,0.048457038899521375,5.209849982038233e+16
p1_ratio_2p00_common_primary,P1 Ctop/Cbottom=2.00 common-primary proxy,top_primary,interface_4x,T03_P1_CAPACITANCE_RATIO,enabled_symmetric_teaching_top_stack,0.0,0.01,0.0,0.3,channel,0.0006000000000000001,3.1500000000000003e-06,6.000000000000001,31.500000000000004,0.049063533855402665,5.333519469122368e+16
p1_ratio_2p00_common_primary,P1 Ctop/Cbottom=2.00 common-primary proxy,top_primary,interface_4x,T03_P1_CAPACITANCE_RATIO,enabled_symmetric_teaching_top_stack,0.0,0.01,0.0,0.3,channel,0.0006000000000000001,3.225e-06,6.000000000000001,32.25,0.04971413757916407,5.4694486112737256e+16
p1_ratio_2p00_common_primary,P1 Ctop/Cbottom=2.00 common-primary proxy,top_primary,interface_4x,T03_P1_CAPACITANCE_RATIO,enabled_symmetric_teaching_top_stack,0.0,0.01,0.0,0.3,channel,0.0006000000000000001,3.3e-06,6.000000000000001,33.0,0.05041023362686673,5.6187207097099896e+16
p1_ratio_2p00_common_primary,P1 Ctop/Cbottom=2.00 common-primary proxy,top_primary,interface_4x,T03_P1_CAPACITANCE_RATIO,enabled_symmetric_teaching_top_stack,0.0,0.01,0.0,0.3,channel,0.0006000000000000001,3.3750000000000003e-06,6.000000000000001,33.75,0.05115334136598092,5.782572754665095e+16
p1_ratio_2p00_common_primary,P1 Ctop/Cbottom=2.00 common-primary proxy,top_primary,interface_4x,T03_P1_CAPACITANCE_RATIO,enabled_symmetric_teaching_top_stack,0.0,0.01,0.0,0.3,channel,0.0006000000000000001,3.45e-06,6.000000000000001,34.5,0.05194512856610311,5.962419727168427e+16
p1_ratio_2p00_common_primary,P1 Ctop/Cbottom=2.00 common-primary proxy,top_primary,interface_4x,T03_P1_CAPACITANCE_RATIO,enabled_symmetric_teaching_top_stack,0.0,0.01,0.0,0.3,channel,0.0006000000000000001,3.525e-06,6.000000000000001,35.25,0.05278742580135403,6.1598837451312104e+16
p1_ratio_2p00_common_primary,P1 Ctop/Cbottom=2.00 common-primary proxy,top_primary,interface_4x,T03_P1_CAPACITANCE_RATIO,enabled_symmetric_teaching_top_stack,0.0,0.01,0.0,0.3,channel,0.0006000000000000001,3.6000000000000003e-06,6.000000000000001,36.0,0.05368224296112148,6.376829165798727e+16
p1_ratio_2p00_common_primary,P1 Ctop/Cbottom=2.00 common-primary proxy,top_primary,interface_4x,T03_P1_CAPACITANCE_RATIO,enabled_symmetric_teaching_top_stack,0.0,0.01,0.0,0.3,channel,0.0006000000000000001,3.6750000000000004e-06,6.000000000000001,36.75000000000001,0.05463178822643848,6.6154050552514024e+16
p1_ratio_2p00_common_primary,P1 Ctop/Cbottom=2.00 common-primary proxy,top_primary,interface_4x,T03_P1_CAPACITANCE_RATIO,enabled_symmetric_teaching_top_stack,0.0,0.01,0.0,0.3,channel,0.0006000000000000001,3.7500000000000005e-06,6.000000000000001,37.50000000000001,0.05563848994427311,6.878096825754709e+16
p1_ratio_2p00_common_primary,P1 Ctop/Cbottom=2.00 common-primary proxy,top_primary,interface_4x,T03_P1_CAPACITANCE_RATIO,enabled_symmetric_teaching_top_stack,0.0,0.01,0.0,0.3,channel,0.0006000000000000001,3.825000000000001e-06,6.000000000000001,38.25000000000001,0.056705021925321154,7.167789355227819e+16
p1_ratio_2p00_common_primary,P1 Ctop/Cbottom=2.00 common-primary proxy,top_primary,interface_4x,T03_P1_CAPACITANCE_RATIO,enabled_symmetric_teaching_top_stack,0.0,0.01,0.0,0.3,channel,0.0006000000000000001,3.9e-06,6.000000000000001,39.0,0.05783433280776376,7.487844584275664e+16
p1_ratio_2p00_common_primary,P1 Ctop/Cbottom=2.00 common-primary proxy,top_primary,interface_4x,T03_P1_CAPACITANCE_RATIO,enabled_symmetric_teaching_top_stack,0.0,0.01,0.0,0.3,channel,0.0006000000000000001,3.975e-06,6.000000000000001,39.75,0.05902968027681228,7.842197497436085e+16
p1_ratio_2p00_common_primary,P1 Ctop/Cbottom=2.00 common-primary proxy,top_primary,interface_4x,T03_P1_CAPACITANCE_RATIO,enabled_symmetric_teaching_top_stack,0.0,0.01,0.0,0.3,channel,0.0006000000000000001,4.05e-06,6.000000000000001,40.5,0.06029467111698617,8.235475625006184e+16
p1_ratio_2p00_common_primary,P1 Ctop/Cbottom=2.00 common-primary proxy,top_primary,interface_4x,T03_P1_CAPACITANCE_RATIO,enabled_symmetric_teaching_top_stack,0.0,0.01,0.0,0.3,channel,0.0006000000000000001,4.125e-06,6.000000000000001,41.25,0.06163330831347467,8.673148876959138e+16
p1_ratio_2p00_common_primary,P1 Ctop/Cbottom=2.00 common-primary proxy,top_primary,interface_4x,T03_P1_CAPACITANCE_RATIO,enabled_symmetric_teaching_top_stack,0.0,0.01,0.0,0.3,channel,0.0006000000000000001,4.2000000000000004e-06,6.000000000000001,42.00000000000001,0.063050046727668,9.161718825217294e+16
p1_ratio_2p00_common_primary,P1 Ctop/Cbottom=2.00 common-primary proxy,top_primary,interface_4x,T03_P1_CAPACITANCE_RATIO,enabled_symmetric_teaching_top_stack,0.0,0.01,0.0,0.3,channel,0.0006000000000000001,4.2750000000000006e-06,6.000000000000001,42.75000000000001,0.06454985927346976,9.708959755381461e+16
p1_ratio_2p00_common_primary,P1 Ctop/Cbottom=2.00 common-primary proxy,top_primary,interface_4x,T03_P1_CAPACITANCE_RATIO,enabled_symmetric_teaching_top_stack,0.0,0.01,0.0,0.3,channel,0.0006000000000000001,4.350000000000001e-06,6.000000000000001,43.50000000000001,0.06613831604793756,1.0324228316279445e+17
p1_ratio_2p00_common_primary,P1 Ctop/Cbottom=2.00 common-primary proxy,top_primary,interface_4x,T03_P1_CAPACITANCE_RATIO,enabled_symmetric_teaching_top_stack,0.0,0.01,0.0,0.3,channel,0.0006000000000000001,4.425e-06,6.000000000000001,44.25,0.06782167956802311,1.101886501221147e+17
p1_ratio_2p00_common_primary,P1 Ctop/Cbottom=2.00 common-primary proxy,top_primary,interface_4x,T03_P1_CAPACITANCE_RATIO,enabled_symmetric_teaching_top_stack,0.0,0.01,0.0,0.3,channel,0.0006000000000000001,4.5e-06,6.000000000000001,45.0,0.0696070202000042,1.1806720037350706e+17
p1_ratio_2p00_common_primary,P1 Ctop/Cbottom=2.00 common-primary proxy,top_primary,interface_4x,T03_P1_CAPACITANCE_RATIO,enabled_symmetric_teaching_top_stack,0.0,0.01,0.0,0.3,channel,0.0006000000000000001,4.575e-06,6.000000000000001,45.75,0.07150235713381914,1.2704849488811282e+17
p1_ratio_2p00_common_primary,P1 Ctop/Cbottom=2.00 common-primary proxy,top_primary,interface_4x,T03_P1_CAPACITANCE_RATIO,enabled_symmetric_teaching_top_stack,0.0,0.01,0.0,0.3,channel,0.0006000000000000001,4.65e-06,6.000000000000001,46.50000000000001,0.0735168319887152,1.3734448099419384e+17
p1_ratio_2p00_common_primary,P1 Ctop/Cbottom=2.00 common-primary proxy,top_primary,interface_4x,T03_P1_CAPACITANCE_RATIO,enabled_symmetric_teaching_top_stack,0.0,0.01,0.0,0.3,channel,0.0006000000000000001,4.7250000000000005e-06,6.000000000000001,47.25000000000001,0.07566092454404022,1.4922114985552944e+17
p1_ratio_2p00_common_primary,P1 Ctop/Cbottom=2.00 common-primary proxy,top_primary,interface_4x,T03_P1_CAPACITANCE_RATIO,enabled_symmetric_teaching_top_stack,0.0,0.01,0.0,0.3,channel,0.0006000000000000001,4.8e-06,6.000000000000001,48.0,0.07794672347860425,1.6301595564262698e+17
p1_ratio_2p00_common_primary,P1 Ctop/Cbottom=2.00 common-primary proxy,top_primary,interface_4x,T03_P1_CAPACITANCE_RATIO,enabled_symmetric_teaching_top_stack,0.0,0.01,0.0,0.3,channel,0.0006000000000000001,4.875e-06,6.000000000000001,48.75,0.08038826984873126,1.7916215933218704e+17
p1_ratio_2p00_common_primary,P1 Ctop/Cbottom=2.00 common-primary proxy,top_primary,interface_4x,T03_P1_CAPACITANCE_RATIO,enabled_symmetric_teaching_top_stack,0.0,0.01,0.0,0.3,channel,0.0006000000000000001,4.95e-06,6.000000000000001,49.5,0.08300199808336026,1.9822343144039264e+17
p1_ratio_2p00_common_primary,P1 Ctop/Cbottom=2.00 common-primary proxy,top_primary,interface_4x,T03_P1_CAPACITANCE_RATIO,enabled_symmetric_teaching_top_stack,0.0,0.01,0.0,0.3,channel,0.0006000000000000001,5.025e-06,6.000000000000001,50.25,0.08580730971662169,2.209439689339596e+17
p1_ratio_2p00_common_primary,P1 Ctop/Cbottom=2.00 common-primary proxy,top_primary,interface_4x,T03_P1_CAPACITANCE_RATIO,enabled_symmetric_teaching_top_stack,0.0,0.01,0.0,0.3,channel,0.0006000000000000001,5.1e-06,6.000000000000001,51.0,0.08882733086943476,2.483226153718015e+17
p1_ratio_2p00_common_primary,P1 Ctop/Cbottom=2.00 common-primary proxy,top_primary,interface_4x,T03_P1_CAPACITANCE_RATIO,enabled_symmetric_teaching_top_stack,0.0,0.01,0.0,0.3,channel,0.0006000000000000001,5.1750000000000004e-06,6.000000000000001,51.75000000000001,0.0920899289233831,2.8172507857484454e+17
p1_ratio_2p00_common_primary,P1 Ctop/Cbottom=2.00 common-primary proxy,top_primary,interface_4x,T03_P1_CAPACITANCE_RATIO,enabled_symmetric_teaching_top_stack,0.0,0.01,0.0,0.3,channel,0.0006000000000000001,5.2500000000000006e-06,6.000000000000001,52.50000000000001,0.09562910260773173,3.230583791592515e+17
p1_ratio_2p00_common_primary,P1 Ctop/Cbottom=2.00 common-primary proxy,top_primary,interface_4x,T03_P1_CAPACITANCE_RATIO,enabled_symmetric_teaching_top_stack,0.0,0.01,0.0,0.3,channel,0.0006000000000000001,5.325e-06,6.000000000000001,53.25,0.09948692306219246,3.750503206153038e+17
p1_ratio_2p00_common_primary,P1 Ctop/Cbottom=2.00 common-primary proxy,top_primary,interface_4x,T03_P1_CAPACITANCE_RATIO,enabled_symmetric_teaching_top_stack,0.0,0.01,0.0,0.3,channel,0.0006000000000000001,5.4e-06,6.000000000000001,54.0,0.10371631033432568,4.417129379504687e+17
p1_ratio_2p00_common_primary,P1 Ctop/Cbottom=2.00 common-primary proxy,top_primary,interface_4x,T03_P1_CAPACITANCE_RATIO,enabled_symmetric_teaching_top_stack,0.0,0.01,0.0,0.3,channel,0.000625,3e-06,6.25,30.0,0.04805641399765161,5.088266942581821e+16
p1_ratio_2p00_common_primary,P1 Ctop/Cbottom=2.00 common-primary proxy,top_primary,interface_4x,T03_P1_CAPACITANCE_RATIO,enabled_symmetric_teaching_top_stack,0.0,0.01,0.0,0.3,channel,0.000625,3.075e-06,6.25,30.750000000000004,0.04862185957780988,5.2007856534669064e+16
p1_ratio_2p00_common_primary,P1 Ctop/Cbottom=2.00 common-primary proxy,top_primary,interface_4x,T03_P1_CAPACITANCE_RATIO,enabled_symmetric_teaching_top_stack,0.0,0.01,0.0,0.3,channel,0.000625,3.1500000000000003e-06,6.25,31.500000000000004,0.049230062893443574,5.324591824558727e+16
p1_ratio_2p00_common_primary,P1 Ctop/Cbottom=2.00 common-primary proxy,top_primary,interface_4x,T03_P1_CAPACITANCE_RATIO,enabled_symmetric_teaching_top_stack,0.0,0.01,0.0,0.3,channel,0.000625,3.225e-06,6.25,32.25,0.049882284106836025,5.460635084789134e+16
p1_ratio_2p00_common_primary,P1 Ctop/Cbottom=2.00 common-primary proxy,top_primary,interface_4x,T03_P1_CAPACITANCE_RATIO,enabled_symmetric_teaching_top_stack,0.0,0.01,0.0,0.3,channel,0.000625,3.3e-06,6.25,33.0,0.050579907935600264,5.609998170053284e+16
p1_ratio_2p00_common_primary,P1 Ctop/Cbottom=2.00 common-primary proxy,top_primary,interface_4x,T03_P1_CAPACITANCE_RATIO,enabled_symmetric_teaching_top_stack,0.0,0.01,0.0,0.3,channel,0.000625,3.3750000000000003e-06,6.25,33.75,0.051324454673316824,5.773917234323545e+16
p1_ratio_2p00_common_primary,P1 Ctop/Cbottom=2.00 common-primary proxy,top_primary,interface_4x,T03_P1_CAPACITANCE_RATIO,enabled_symmetric_teaching_top_stack,0.0,0.01,0.0,0.3,channel,0.000625,3.45e-06,6.25,34.5,0.05211759277173886,5.9538061152135656e+16
p1_ratio_2p00_common_primary,P1 Ctop/Cbottom=2.00 common-primary proxy,top_primary,interface_4x,T03_P1_CAPACITANCE_RATIO,enabled_symmetric_teaching_top_stack,0.0,0.01,0.0,0.3,channel,0.000625,3.525e-06,6.25,35.25,0.05296115323155197,6.151285433975176e+16
p1_ratio_2p00_common_primary,P1 Ctop/Cbottom=2.00 common-primary proxy,top_primary,interface_4x,T03_P1_CAPACITANCE_RATIO,enabled_symmetric_teaching_top_stack,0.0,0.01,0.0,0.3,channel,0.000625,3.6000000000000003e-06,6.25,36.0,0.05385714609788322,6.3682176395686104e+16
p1_ratio_2p00_common_primary,P1 Ctop/Cbottom=2.00 common-primary proxy,top_primary,interface_4x,T03_P1_CAPACITANCE_RATIO,enabled_symmetric_teaching_top_stack,0.0,0.01,0.0,0.3,channel,0.000625,3.6750000000000004e-06,6.25,36.75000000000001,0.054807779417255835,6.606749404318211e+16
p1_ratio_2p00_common_primary,P1 Ctop/Cbottom=2.00 common-primary proxy,top_primary,interface_4x,T03_P1_CAPACITANCE_RATIO,enabled_symmetric_teaching_top_stack,0.0,0.01,0.0,0.3,channel,0.000625,3.7500000000000005e-06,6.25,37.50000000000001,0.055815481087514135,6.869363167775375e+16
p1_ratio_2p00_common_primary,P1 Ctop/Cbottom=2.00 common-primary proxy,top_primary,interface_4x,T03_P1_CAPACITANCE_RATIO,enabled_symmetric_teaching_top_stack,0.0,0.01,0.0,0.3,channel,0.000625,3.825000000000001e-06,6.25,38.25000000000001,0.0568829241253584,7.158940137520061e+16
p1_ratio_2p00_common_primary,P1 Ctop/Cbottom=2.00 common-primary proxy,top_primary,interface_4x,T03_P1_CAPACITANCE_RATIO,enabled_symmetric_teaching_top_stack,0.0,0.01,0.0,0.3,channel,0.000625,3.9e-06,6.25,39.0,0.05801305599274392,7.478837734952315e+16
p1_ratio_2p00_common_primary,P1 Ctop/Cbottom=2.00 common-primary proxy,top_primary,interface_4x,T03_P1_CAPACITANCE_RATIO,enabled_symmetric_teaching_top_stack,0.0,0.01,0.0,0.3,channel,0.000625,3.975e-06,6.25,39.75,0.059209132770427116,7.83298538277985e+16
p1_ratio_2p00_common_primary,P1 Ctop/Cbottom=2.00 common-primary proxy,top_primary,interface_4x,T03_P1_CAPACITANCE_RATIO,enabled_symmetric_teaching_top_stack,0.0,0.01,0.0,0.3,channel,0.000625,4.05e-06,6.25,40.5,0.06047475915363224,8.226003757071667e+16
p1_ratio_2p00_common_primary,P1 Ctop/Cbottom=2.00 common-primary proxy,top_primary,interface_4x,T03_P1_CAPACITANCE_RATIO,enabled_symmetric_teaching_top_stack,0.0,0.01,0.0,0.3,channel,0.000625,4.125e-06,6.25,41.25,0.06181393548364726,8.663354296910227e+16
p1_ratio_2p00_common_primary,P1 Ctop/Cbottom=2.00 common-primary proxy,top_primary,interface_4x,T03_P1_CAPACITANCE_RATIO,enabled_symmetric_teaching_top_stack,0.0,0.01,0.0,0.3,channel,0.000625,4.2000000000000004e-06,6.25,42.00000000000001,0.06323111333713405,9.151528062348534e+16
p1_ratio_2p00_common_primary,P1 Ctop/Cbottom=2.00 common-primary proxy,top_primary,interface_4x,T03_P1_CAPACITANCE_RATIO,enabled_symmetric_teaching_top_stack,0.0,0.01,0.0,0.3,channel,0.000625,4.2750000000000006e-06,6.25,42.75000000000001,0.06473126159544551,9.698286226036037e+16
p1_ratio_2p00_common_primary,P1 Ctop/Cbottom=2.00 common-primary proxy,top_primary,interface_4x,T03_P1_CAPACITANCE_RATIO,enabled_symmetric_teaching_top_stack,0.0,0.01,0.0,0.3,channel,0.000625,4.350000000000001e-06,6.25,43.50000000000001,0.06631994544179608,1.031296897632929e+17
p1_ratio_2p00_common_primary,P1 Ctop/Cbottom=2.00 common-primary proxy,top_primary,interface_4x,T03_P1_CAPACITANCE_RATIO,enabled_symmetric_teaching_top_stack,0.0,0.01,0.0,0.3,channel,0.000625,4.425e-06,6.25,44.25,0.06800342143045852,1.1006896004370528e+17
p1_ratio_2p00_common_primary,P1 Ctop/Cbottom=2.00 common-primary proxy,top_primary,interface_4x,T03_P1_CAPACITANCE_RATIO,enabled_symmetric_teaching_top_stack,0.0,0.01,0.0,0.3,channel,0.000625,4.5e-06,6.25,45.0,0.06978875270434924,1.1793890969503818e+17
p1_ratio_2p00_common_primary,P1 Ctop/Cbottom=2.00 common-primary proxy,top_primary,interface_4x,T03_P1_CAPACITANCE_RATIO,enabled_symmetric_teaching_top_stack,0.0,0.01,0.0,0.3,channel,0.000625,4.575e-06,6.25,45.75,0.07168394969927751,1.2690975824761472e+17
p1_ratio_2p00_common_primary,P1 Ctop/Cbottom=2.00 common-primary proxy,top_primary,interface_4x,T03_P1_CAPACITANCE_RATIO,enabled_symmetric_teaching_top_stack,0.0,0.01,0.0,0.3,channel,0.000625,4.65e-06,6.25,46.50000000000001,0.0736981434020581,1.3719300911875187e+17
p1_ratio_2p00_common_primary,P1 Ctop/Cbottom=2.00 common-primary proxy,top_primary,interface_4x,T03_P1_CAPACITANCE_RATIO,enabled_symmetric_teaching_top_stack,0.0,0.01,0.0,0.3,channel,0.000625,4.7250000000000005e-06,6.25,47.25000000000001,0.0758418006294678,1.4905406968716147e+17
p1_ratio_2p00_common_primary,P1 Ctop/Cbottom=2.00 common-primary proxy,top_primary,interface_4x,T03_P1_CAPACITANCE_RATIO,enabled_symmetric_teaching_top_stack,0.0,0.01,0.0,0.3,channel,0.000625,4.8e-06,6.25,48.0,0.07812699417340072,1.6282961656859312e+17
p1_ratio_2p00_common_primary,P1 Ctop/Cbottom=2.00 common-primary proxy,top_primary,interface_4x,T03_P1_CAPACITANCE_RATIO,enabled_symmetric_teaching_top_stack,0.0,0.01,0.0,0.3,channel,0.000625,4.875e-06,6.25,48.75,0.08056774548748523,1.7895186037964022e+17
p1_ratio_2p00_common_primary,P1 Ctop/Cbottom=2.00 common-primary proxy,top_primary,interface_4x,T03_P1_CAPACITANCE_RATIO,enabled_symmetric_teaching_top_stack,0.0,0.01,0.0,0.3,channel,0.000625,4.95e-06,6.25,49.5,0.08318046461307503,1.979830302995006e+17
p1_ratio_2p00_common_primary,P1 Ctop/Cbottom=2.00 common-primary proxy,top_primary,interface_4x,T03_P1_CAPACITANCE_RATIO,enabled_symmetric_teaching_top_stack,0.0,0.01,0.0,0.3,channel,0.000625,5.025e-06,6.25,50.25,0.08598452244475932,2.206653104580201e+17
p1_ratio_2p00_common_primary,P1 Ctop/Cbottom=2.00 common-primary proxy,top_primary,interface_4x,T03_P1_CAPACITANCE_RATIO,enabled_symmetric_teaching_top_stack,0.0,0.01,0.0,0.3,channel,0.000625,5.1e-06,6.25,51.0,0.08900300616319215,2.479946776234403e+17
p1_ratio_2p00_common_primary,P1 Ctop/Cbottom=2.00 common-primary proxy,top_primary,interface_4x,T03_P1_CAPACITANCE_RATIO,enabled_symmetric_teaching_top_stack,0.0,0.01,0.0,0.3,channel,0.000625,5.1750000000000004e-06,6.25,51.75000000000001,0.09226373299100246,2.813326649124647e+17
p1_ratio_2p00_common_primary,P1 Ctop/Cbottom=2.00 common-primary proxy,top_primary,interface_4x,T03_P1_CAPACITANCE_RATIO,enabled_symmetric_teaching_top_stack,0.0,0.01,0.0,0.3,channel,0.000625,5.2500000000000006e-06,6.25,52.50000000000001,0.09580063603058442,3.22580058273784e+17
p1_ratio_2p00_common_primary,P1 Ctop/Cbottom=2.00 common-primary proxy,top_primary,interface_4x,T03_P1_CAPACITANCE_RATIO,enabled_symmetric_teaching_top_stack,0.0,0.01,0.0,0.3,channel,0.000625,5.325e-06,6.25,53.25,0.09965569898090036,3.7445507696732365e+17
p1_ratio_2p00_common_primary,P1 Ctop/Cbottom=2.00 common-primary proxy,top_primary,interface_4x,T03_P1_CAPACITANCE_RATIO,enabled_symmetric_teaching_top_stack,0.0,0.01,0.0,0.3,channel,0.000625,5.4e-06,6.25,54.0,0.10388172287956472,4.4095452143637184e+17
p1_ratio_2p00_common_primary,P1 Ctop/Cbottom=2.00 common-primary proxy,top_primary,interface_4x,T03_P1_CAPACITANCE_RATIO,enabled_symmetric_teaching_top_stack,0.0,0.01,0.0,0.3,channel,0.0006500000000000001,3e-06,6.500000000000001,30.0,0.04821961320903848,5.079040912232133e+16
p1_ratio_2p00_common_primary,P1 Ctop/Cbottom=2.00 common-primary proxy,top_primary,interface_4x,T03_P1_CAPACITANCE_RATIO,enabled_symmetric_teaching_top_stack,0.0,0.01,0.0,0.3,channel,0.0006500000000000001,3.075e-06,6.500000000000001,30.750000000000004,0.04878686142660443,5.1917176058495176e+16
p1_ratio_2p00_common_primary,P1 Ctop/Cbottom=2.00 common-primary proxy,top_primary,interface_4x,T03_P1_CAPACITANCE_RATIO,enabled_symmetric_teaching_top_stack,0.0,0.01,0.0,0.3,channel,0.0006500000000000001,3.1500000000000003e-06,6.500000000000001,31.500000000000004,0.04939677508043065,5.315659575719118e+16
p1_ratio_2p00_common_primary,P1 Ctop/Cbottom=2.00 common-primary proxy,top_primary,interface_4x,T03_P1_CAPACITANCE_RATIO,enabled_symmetric_teaching_top_stack,0.0,0.01,0.0,0.3,channel,0.0006500000000000001,3.225e-06,6.500000000000001,32.25,0.050050615715029556,5.451816119111589e+16
p1_ratio_2p00_common_primary,P1 Ctop/Cbottom=2.00 common-primary proxy,top_primary,interface_4x,T03_P1_CAPACITANCE_RATIO,enabled_symmetric_teaching_top_stack,0.0,0.01,0.0,0.3,channel,0.0006500000000000001,3.3e-06,6.500000000000001,33.0,0.050749769201067885,5.601269397999279e+16
p1_ratio_2p00_common_primary,P1 Ctop/Cbottom=2.00 common-primary proxy,top_primary,interface_4x,T03_P1_CAPACITANCE_RATIO,enabled_symmetric_teaching_top_stack,0.0,0.01,0.0,0.3,channel,0.0006500000000000001,3.3750000000000003e-06,6.500000000000001,33.75,0.051495756750162776,5.765254721861856e+16
p1_ratio_2p00_common_primary,P1 Ctop/Cbottom=2.00 common-primary proxy,top_primary,interface_4x,T03_P1_CAPACITANCE_RATIO,enabled_symmetric_teaching_top_stack,0.0,0.01,0.0,0.3,channel,0.0006500000000000001,3.45e-06,6.500000000000001,34.5,0.05229024748849122,5.945184776921285e+16
p1_ratio_2p00_common_primary,P1 Ctop/Cbottom=2.00 common-primary proxy,top_primary,interface_4x,T03_P1_CAPACITANCE_RATIO,enabled_symmetric_teaching_top_stack,0.0,0.01,0.0,0.3,channel,0.0006500000000000001,3.525e-06,6.500000000000001,35.25,0.05313507283583045,6.1426786799361656e+16
p1_ratio_2p00_common_primary,P1 Ctop/Cbottom=2.00 common-primary proxy,top_primary,interface_4x,T03_P1_CAPACITANCE_RATIO,enabled_symmetric_teaching_top_stack,0.0,0.01,0.0,0.3,channel,0.0006500000000000001,3.6000000000000003e-06,6.500000000000001,36.0,0.054032242985753445,6.35959696377544e+16
p1_ratio_2p00_common_primary,P1 Ctop/Cbottom=2.00 common-primary proxy,top_primary,interface_4x,T03_P1_CAPACITANCE_RATIO,enabled_symmetric_teaching_top_stack,0.0,0.01,0.0,0.3,channel,0.0006500000000000001,3.6750000000000004e-06,6.500000000000001,36.75000000000001,0.05498396584308067,6.598083899110438e+16
p1_ratio_2p00_common_primary,P1 Ctop/Cbottom=2.00 common-primary proxy,top_primary,interface_4x,T03_P1_CAPACITANCE_RATIO,enabled_symmetric_teaching_top_stack,0.0,0.01,0.0,0.3,channel,0.0006500000000000001,3.7500000000000005e-06,6.500000000000001,37.50000000000001,0.05599266884935977,6.860618944666463e+16
p1_ratio_2p00_common_primary,P1 Ctop/Cbottom=2.00 common-primary proxy,top_primary,interface_4x,T03_P1_CAPACITANCE_RATIO,enabled_symmetric_teaching_top_stack,0.0,0.01,0.0,0.3,channel,0.0006500000000000001,3.825000000000001e-06,6.500000000000001,38.25000000000001,0.057061024220060076,7.150079629224277e+16
p1_ratio_2p00_common_primary,P1 Ctop/Cbottom=2.00 common-primary proxy,top_primary,interface_4x,T03_P1_CAPACITANCE_RATIO,enabled_symmetric_teaching_top_stack,0.0,0.01,0.0,0.3,channel,0.0006500000000000001,3.9e-06,6.500000000000001,39.0,0.05819197823352695,7.469818846027546e+16
p1_ratio_2p00_common_primary,P1 Ctop/Cbottom=2.00 common-primary proxy,top_primary,interface_4x,T03_P1_CAPACITANCE_RATIO,enabled_symmetric_teaching_top_stack,0.0,0.01,0.0,0.3,channel,0.0006500000000000001,3.975e-06,6.500000000000001,39.75,0.05938878535843802,7.823760446354688e+16
p1_ratio_2p00_common_primary,P1 Ctop/Cbottom=2.00 common-primary proxy,top_primary,interface_4x,T03_P1_CAPACITANCE_RATIO,enabled_symmetric_teaching_top_stack,0.0,0.01,0.0,0.3,channel,0.0006500000000000001,4.05e-06,6.500000000000001,40.5,0.06065504819276105,8.216518241629995e+16
p1_ratio_2p00_common_primary,P1 Ctop/Cbottom=2.00 common-primary proxy,top_primary,interface_4x,T03_P1_CAPACITANCE_RATIO,enabled_symmetric_teaching_top_stack,0.0,0.01,0.0,0.3,channel,0.0006500000000000001,4.125e-06,6.500000000000001,41.25,0.06199476442547796,8.65354518862809e+16
p1_ratio_2p00_common_primary,P1 Ctop/Cbottom=2.00 common-primary proxy,top_primary,interface_4x,T03_P1_CAPACITANCE_RATIO,enabled_symmetric_teaching_top_stack,0.0,0.01,0.0,0.3,channel,0.0006500000000000001,4.2000000000000004e-06,6.500000000000001,42.00000000000001,0.06341238233955775,9.141321822922165e+16
p1_ratio_2p00_common_primary,P1 Ctop/Cbottom=2.00 common-primary proxy,top_primary,interface_4x,T03_P1_CAPACITANCE_RATIO,enabled_symmetric_teaching_top_stack,0.0,0.01,0.0,0.3,channel,0.0006500000000000001,4.2750000000000006e-06,6.500000000000001,42.75000000000001,0.06491286677415017,9.687596190212538e+16
p1_ratio_2p00_common_primary,P1 Ctop/Cbottom=2.00 common-primary proxy,top_primary,interface_4x,T03_P1_CAPACITANCE_RATIO,enabled_symmetric_teaching_top_stack,0.0,0.01,0.0,0.3,channel,0.0006500000000000001,4.350000000000001e-06,6.500000000000001,43.50000000000001,0.06650177798814334,1.0301692002822741e+17
p1_ratio_2p00_common_primary,P1 Ctop/Cbottom=2.00 common-primary proxy,top_primary,interface_4x,T03_P1_CAPACITANCE_RATIO,enabled_symmetric_teaching_top_stack,0.0,0.01,0.0,0.3,channel,0.0006500000000000001,4.425e-06,6.500000000000001,44.25,0.0681853665616592,1.0994908121487171e+17
p1_ratio_2p00_common_primary,P1 Ctop/Cbottom=2.00 common-primary proxy,top_primary,interface_4x,T03_P1_CAPACITANCE_RATIO,enabled_symmetric_teaching_top_stack,0.0,0.01,0.0,0.3,channel,0.0006500000000000001,4.5e-06,6.500000000000001,45.0,0.06997068840161622,1.1781041651776765e+17
p1_ratio_2p00_common_primary,P1 Ctop/Cbottom=2.00 common-primary proxy,top_primary,interface_4x,T03_P1_CAPACITANCE_RATIO,enabled_symmetric_teaching_top_stack,0.0,0.01,0.0,0.3,channel,0.0006500000000000001,4.575e-06,6.500000000000001,45.75,0.07186574517570084,1.2677080382234451e+17
p1_ratio_2p00_common_primary,P1 Ctop/Cbottom=2.00 common-primary proxy,top_primary,interface_4x,T03_P1_CAPACITANCE_RATIO,enabled_symmetric_teaching_top_stack,0.0,0.01,0.0,0.3,channel,0.0006500000000000001,4.65e-06,6.500000000000001,46.50000000000001,0.07387965722273654,1.3704130242307218e+17
p1_ratio_2p00_common_primary,P1 Ctop/Cbottom=2.00 common-primary proxy,top_primary,interface_4x,T03_P1_CAPACITANCE_RATIO,enabled_symmetric_teaching_top_stack,0.0,0.01,0.0,0.3,channel,0.0006500000000000001,4.7250000000000005e-06,6.500000000000001,47.25000000000001,0.07602287837958943,1.488867357090284e+17
p1_ratio_2p00_common_primary,P1 Ctop/Cbottom=2.00 common-primary proxy,top_primary,interface_4x,T03_P1_CAPACITANCE_RATIO,enabled_symmetric_teaching_top_stack,0.0,0.01,0.0,0.3,channel,0.0006500000000000001,4.8e-06,6.500000000000001,48.0,0.0783074655319092,1.626430025744656e+17
p1_ratio_2p00_common_primary,P1 Ctop/Cbottom=2.00 common-primary proxy,top_primary,interface_4x,T03_P1_CAPACITANCE_RATIO,enabled_symmetric_teaching_top_stack,0.0,0.01,0.0,0.3,channel,0.0006500000000000001,4.875e-06,6.500000000000001,48.75,0.08074742050914148,1.7874126320557053e+17
p1_ratio_2p00_common_primary,P1 Ctop/Cbottom=2.00 common-primary proxy,top_primary,interface_4x,T03_P1_CAPACITANCE_RATIO,enabled_symmetric_teaching_top_stack,0.0,0.01,0.0,0.3,channel,0.0006500000000000001,4.95e-06,6.500000000000001,49.5,0.08335912894133725,1.97742305581249e+17
p1_ratio_2p00_common_primary,P1 Ctop/Cbottom=2.00 common-primary proxy,top_primary,interface_4x,T03_P1_CAPACITANCE_RATIO,enabled_symmetric_teaching_top_stack,0.0,0.01,0.0,0.3,channel,0.0006500000000000001,5.025e-06,6.500000000000001,50.25,0.08616193105773601,2.2038630154587917e+17
p1_ratio_2p00_common_primary,P1 Ctop/Cbottom=2.00 common-primary proxy,top_primary,interface_4x,T03_P1_CAPACITANCE_RATIO,enabled_symmetric_teaching_top_stack,0.0,0.01,0.0,0.3,channel,0.0006500000000000001,5.1e-06,6.500000000000001,51.0,0.08917887507138836,2.4766636243597773e+17
p1_ratio_2p00_common_primary,P1 Ctop/Cbottom=2.00 common-primary proxy,top_primary,interface_4x,T03_P1_CAPACITANCE_RATIO,enabled_symmetric_teaching_top_stack,0.0,0.01,0.0,0.3,channel,0.0006500000000000001,5.1750000000000004e-06,6.500000000000001,51.75000000000001,0.09243772801848363,2.8093984958443146e+17
p1_ratio_2p00_common_primary,P1 Ctop/Cbottom=2.00 common-primary proxy,top_primary,interface_4x,T03_P1_CAPACITANCE_RATIO,enabled_symmetric_teaching_top_stack,0.0,0.01,0.0,0.3,channel,0.0006500000000000001,5.2500000000000006e-06,6.500000000000001,52.50000000000001,0.09597235734988604,3.2210132023326874e+17
p1_ratio_2p00_common_primary,P1 Ctop/Cbottom=2.00 common-primary proxy,top_primary,interface_4x,T03_P1_CAPACITANCE_RATIO,enabled_symmetric_teaching_top_stack,0.0,0.01,0.0,0.3,channel,0.0006500000000000001,5.325e-06,6.500000000000001,53.25,0.09982465930804268,3.738594213999583e+17
p1_ratio_2p00_common_primary,P1 Ctop/Cbottom=2.00 common-primary proxy,top_primary,interface_4x,T03_P1_CAPACITANCE_RATIO,enabled_symmetric_teaching_top_stack,0.0,0.01,0.0,0.3,channel,0.0006500000000000001,5.4e-06,6.500000000000001,54.0,0.1040473159259511,4.4019574323501664e+17
p1_ratio_2p00_common_primary,P1 Ctop/Cbottom=2.00 common-primary proxy,top_primary,interface_4x,T03_P1_CAPACITANCE_RATIO,enabled_symmetric_teaching_top_stack,0.0,0.01,0.0,0.3,channel,0.000675,3e-06,6.75,30.0,0.048382992171265196,5.0698120952879704e+16
p1_ratio_2p00_common_primary,P1 Ctop/Cbottom=2.00 common-primary proxy,top_primary,interface_4x,T03_P1_CAPACITANCE_RATIO,enabled_symmetric_teaching_top_stack,0.0,0.01,0.0,0.3,channel,0.000675,3.075e-06,6.75,30.750000000000004,0.04895204504923313,5.182645825229583e+16
p1_ratio_2p00_common_primary,P1 Ctop/Cbottom=2.00 common-primary proxy,top_primary,interface_4x,T03_P1_CAPACITANCE_RATIO,enabled_symmetric_teaching_top_stack,0.0,0.01,0.0,0.3,channel,0.000675,3.1500000000000003e-06,6.75,31.500000000000004,0.049563671026249735,5.3067227067322056e+16
p1_ratio_2p00_common_primary,P1 Ctop/Cbottom=2.00 common-primary proxy,top_primary,interface_4x,T03_P1_CAPACITANCE_RATIO,enabled_symmetric_teaching_top_stack,0.0,0.01,0.0,0.3,channel,0.000675,3.225e-06,6.75,32.25,0.050219133020026716,5.442991696338215e+16
p1_ratio_2p00_common_primary,P1 Ctop/Cbottom=2.00 common-primary proxy,top_primary,interface_4x,T03_P1_CAPACITANCE_RATIO,enabled_symmetric_teaching_top_stack,0.0,0.01,0.0,0.3,channel,0.000675,3.3e-06,6.75,33.0,0.050919818045765626,5.592534373511073e+16
p1_ratio_2p00_common_primary,P1 Ctop/Cbottom=2.00 common-primary proxy,top_primary,interface_4x,T03_P1_CAPACITANCE_RATIO,enabled_symmetric_teaching_top_stack,0.0,0.01,0.0,0.3,channel,0.000675,3.3750000000000003e-06,6.75,33.75,0.051667248225024845,5.756585195016118e+16
p1_ratio_2p00_common_primary,P1 Ctop/Cbottom=2.00 common-primary proxy,top_primary,interface_4x,T03_P1_CAPACITANCE_RATIO,enabled_symmetric_teaching_top_stack,0.0,0.01,0.0,0.3,channel,0.000675,3.45e-06,6.75,34.5,0.052463093350649685,5.936555687713028e+16
p1_ratio_2p00_common_primary,P1 Ctop/Cbottom=2.00 common-primary proxy,top_primary,interface_4x,T03_P1_CAPACITANCE_RATIO,enabled_symmetric_teaching_top_stack,0.0,0.01,0.0,0.3,channel,0.000675,3.525e-06,6.75,35.25,0.05330918525401223,6.134063456034883e+16
p1_ratio_2p00_common_primary,P1 Ctop/Cbottom=2.00 common-primary proxy,top_primary,interface_4x,T03_P1_CAPACITANCE_RATIO,enabled_symmetric_teaching_top_stack,0.0,0.01,0.0,0.3,channel,0.000675,3.6000000000000003e-06,6.75,36.0,0.05420753426981354,6.350967108951159e+16
p1_ratio_2p00_common_primary,P1 Ctop/Cbottom=2.00 common-primary proxy,top_primary,interface_4x,T03_P1_CAPACITANCE_RATIO,enabled_symmetric_teaching_top_stack,0.0,0.01,0.0,0.3,channel,0.000675,3.6750000000000004e-06,6.75,36.75000000000001,0.05516034815395307,6.589408507578052e+16
p1_ratio_2p00_common_primary,P1 Ctop/Cbottom=2.00 common-primary proxy,top_primary,interface_4x,T03_P1_CAPACITANCE_RATIO,enabled_symmetric_teaching_top_stack,0.0,0.01,0.0,0.3,channel,0.000675,3.7500000000000005e-06,6.75,37.50000000000001,0.05617005388448258,6.8518641216944584e+16
p1_ratio_2p00_common_primary,P1 Ctop/Cbottom=2.00 common-primary proxy,top_primary,interface_4x,T03_P1_CAPACITANCE_RATIO,enabled_symmetric_teaching_top_stack,0.0,0.01,0.0,0.3,channel,0.000675,3.825000000000001e-06,6.75,38.25000000000001,0.05723932286837769,7.141207792810676e+16
p1_ratio_2p00_common_primary,P1 Ctop/Cbottom=2.00 common-primary proxy,top_primary,interface_4x,T03_P1_CAPACITANCE_RATIO,enabled_symmetric_teaching_top_stack,0.0,0.01,0.0,0.3,channel,0.000675,3.9e-06,6.75,39.0,0.058371100192961295,7.460787877048253e+16
p1_ratio_2p00_common_primary,P1 Ctop/Cbottom=2.00 common-primary proxy,top_primary,interface_4x,T03_P1_CAPACITANCE_RATIO,enabled_symmetric_teaching_top_stack,0.0,0.01,0.0,0.3,channel,0.000675,3.975e-06,6.75,39.75,0.059568638707178635,7.814522644640021e+16
p1_ratio_2p00_common_primary,P1 Ctop/Cbottom=2.00 common-primary proxy,top_primary,interface_4x,T03_P1_CAPACITANCE_RATIO,enabled_symmetric_teaching_top_stack,0.0,0.01,0.0,0.3,channel,0.000675,4.05e-06,6.75,40.5,0.06083553890374845,8.207019031928907e+16
p1_ratio_2p00_common_primary,P1 Ctop/Cbottom=2.00 common-primary proxy,top_primary,interface_4x,T03_P1_CAPACITANCE_RATIO,enabled_symmetric_teaching_top_stack,0.0,0.01,0.0,0.3,channel,0.000675,4.125e-06,6.75,41.25,0.06217579581090895,8.643721501941731e+16
p1_ratio_2p00_common_primary,P1 Ctop/Cbottom=2.00 common-primary proxy,top_primary,interface_4x,T03_P1_CAPACITANCE_RATIO,enabled_symmetric_teaching_top_stack,0.0,0.01,0.0,0.3,channel,0.000675,4.2000000000000004e-06,6.75,42.00000000000001,0.06359385440893699,9.131100053135824e+16
p1_ratio_2p00_common_primary,P1 Ctop/Cbottom=2.00 common-primary proxy,top_primary,interface_4x,T03_P1_CAPACITANCE_RATIO,enabled_symmetric_teaching_top_stack,0.0,0.01,0.0,0.3,channel,0.000675,4.2750000000000006e-06,6.75,42.75000000000001,0.06509467548508965,9.676889590236557e+16
p1_ratio_2p00_common_primary,P1 Ctop/Cbottom=2.00 common-primary proxy,top_primary,interface_4x,T03_P1_CAPACITANCE_RATIO,enabled_symmetric_teaching_top_stack,0.0,0.01,0.0,0.3,channel,0.000675,4.350000000000001e-06,6.75,43.50000000000001,0.0666838143634063,1.0290397333942688e+17
p1_ratio_2p00_common_primary,P1 Ctop/Cbottom=2.00 common-primary proxy,top_primary,interface_4x,T03_P1_CAPACITANCE_RATIO,enabled_symmetric_teaching_top_stack,0.0,0.01,0.0,0.3,channel,0.000675,4.425e-06,6.75,44.25,0.06836751563834388,1.0982901297299877e+17
p1_ratio_2p00_common_primary,P1 Ctop/Cbottom=2.00 common-primary proxy,top_primary,interface_4x,T03_P1_CAPACITANCE_RATIO,enabled_symmetric_teaching_top_stack,0.0,0.01,0.0,0.3,channel,0.000675,4.5e-06,6.75,45.0,0.07015282796814122,1.1768172013131418e+17
p1_ratio_2p00_common_primary,P1 Ctop/Cbottom=2.00 common-primary proxy,top_primary,interface_4x,T03_P1_CAPACITANCE_RATIO,enabled_symmetric_teaching_top_stack,0.0,0.01,0.0,0.3,channel,0.000675,4.575e-06,6.75,45.75,0.07204774423831954,1.26631630850559e+17
p1_ratio_2p00_common_primary,P1 Ctop/Cbottom=2.00 common-primary proxy,top_primary,interface_4x,T03_P1_CAPACITANCE_RATIO,enabled_symmetric_teaching_top_stack,0.0,0.01,0.0,0.3,channel,0.000675,4.65e-06,6.75,46.50000000000001,0.07406137412409987,1.3688936009025432e+17
p1_ratio_2p00_common_primary,P1 Ctop/Cbottom=2.00 common-primary proxy,top_primary,interface_4x,T03_P1_CAPACITANCE_RATIO,enabled_symmetric_teaching_top_stack,0.0,0.01,0.0,0.3,channel,0.000675,4.7250000000000005e-06,6.75,47.25000000000001,0.07620415846504194,1.487191470452196e+17
p1_ratio_2p00_common_primary,P1 Ctop/Cbottom=2.00 common-primary proxy,top_primary,interface_4x,T03_P1_CAPACITANCE_RATIO,enabled_symmetric_teaching_top_stack,0.0,0.01,0.0,0.3,channel,0.000675,4.8e-06,6.75,48.0,0.07848813822116249,1.624561127216626e+17
p1_ratio_2p00_common_primary,P1 Ctop/Cbottom=2.00 common-primary proxy,top_primary,interface_4x,T03_P1_CAPACITANCE_RATIO,enabled_symmetric_teaching_top_stack,0.0,0.01,0.0,0.3,channel,0.000675,4.875e-06,6.75,48.75,0.08092729557617337,1.7853036680567446e+17
p1_ratio_2p00_common_primary,P1 Ctop/Cbottom=2.00 common-primary proxy,top_primary,interface_4x,T03_P1_CAPACITANCE_RATIO,enabled_symmetric_teaching_top_stack,0.0,0.01,0.0,0.3,channel,0.000675,4.95e-06,6.75,49.5,0.08353799172503865,1.975012562138485e+17
p1_ratio_2p00_common_primary,P1 Ctop/Cbottom=2.00 common-primary proxy,top_primary,interface_4x,T03_P1_CAPACITANCE_RATIO,enabled_symmetric_teaching_top_stack,0.0,0.01,0.0,0.3,channel,0.000675,5.025e-06,6.75,50.25,0.08633953620577092,2.201069410588506e+17
p1_ratio_2p00_common_primary,P1 Ctop/Cbottom=2.00 common-primary proxy,top_primary,interface_4x,T03_P1_CAPACITANCE_RATIO,enabled_symmetric_teaching_top_stack,0.0,0.01,0.0,0.3,channel,0.000675,5.1e-06,6.75,51.0,0.08935493823641097,2.4733766860840448e+17
p1_ratio_2p00_common_primary,P1 Ctop/Cbottom=2.00 common-primary proxy,top_primary,interface_4x,T03_P1_CAPACITANCE_RATIO,enabled_symmetric_teaching_top_stack,0.0,0.01,0.0,0.3,channel,0.000675,5.1750000000000004e-06,6.75,51.75000000000001,0.09261191463916013,2.8054663133836237e+17
p1_ratio_2p00_common_primary,P1 Ctop/Cbottom=2.00 common-primary proxy,top_primary,interface_4x,T03_P1_CAPACITANCE_RATIO,enabled_symmetric_teaching_top_stack,0.0,0.01,0.0,0.3,channel,0.000675,5.2500000000000006e-06,6.75,52.50000000000001,0.09614426718864143,3.216221637544909e+17
p1_ratio_2p00_common_primary,P1 Ctop/Cbottom=2.00 common-primary proxy,top_primary,interface_4x,T03_P1_CAPACITANCE_RATIO,enabled_symmetric_teaching_top_stack,0.0,0.01,0.0,0.3,channel,0.000675,5.325e-06,6.75,53.25,0.09999380465498935,3.7326335263273664e+17
p1_ratio_2p00_common_primary,P1 Ctop/Cbottom=2.00 common-primary proxy,top_primary,interface_4x,T03_P1_CAPACITANCE_RATIO,enabled_symmetric_teaching_top_stack,0.0,0.01,0.0,0.3,channel,0.000675,5.4e-06,6.75,54.0,0.10421309007191647,4.394366021159075e+17
p1_ratio_2p00_common_primary,P1 Ctop/Cbottom=2.00 common-primary proxy,top_primary,interface_4x,T03_P1_CAPACITANCE_RATIO,enabled_symmetric_teaching_top_stack,0.0,0.01,0.0,0.3,channel,0.0007,3e-06,7.0,30.0,0.048546551484277,5.060580479499634e+16
p1_ratio_2p00_common_primary,P1 Ctop/Cbottom=2.00 common-primary proxy,top_primary,interface_4x,T03_P1_CAPACITANCE_RATIO,enabled_symmetric_teaching_top_stack,0.0,0.01,0.0,0.3,channel,0.0007,3.075e-06,7.0,30.750000000000004,0.049117411052378254,5.173570297569757e+16
p1_ratio_2p00_common_primary,P1 Ctop/Cbottom=2.00 common-primary proxy,top_primary,interface_4x,T03_P1_CAPACITANCE_RATIO,enabled_symmetric_teaching_top_stack,0.0,0.01,0.0,0.3,channel,0.0007,3.1500000000000003e-06,7.0,31.500000000000004,0.04973075134417726,5.29778120163613e+16
p1_ratio_2p00_common_primary,P1 Ctop/Cbottom=2.00 common-primary proxy,top_primary,interface_4x,T03_P1_CAPACITANCE_RATIO,enabled_symmetric_teaching_top_stack,0.0,0.01,0.0,0.3,channel,0.0007,3.225e-06,7.0,32.25,0.050387836641535635,5.4341617984652696e+16
p1_ratio_2p00_common_primary,P1 Ctop/Cbottom=2.00 common-primary proxy,top_primary,interface_4x,T03_P1_CAPACITANCE_RATIO,enabled_symmetric_teaching_top_stack,0.0,0.01,0.0,0.3,channel,0.0007,3.3e-06,7.0,33.0,0.051090055095650046,5.5837930764398536e+16
p1_ratio_2p00_common_primary,P1 Ctop/Cbottom=2.00 common-primary proxy,top_primary,interface_4x,T03_P1_CAPACITANCE_RATIO,enabled_symmetric_teaching_top_stack,0.0,0.01,0.0,0.3,channel,0.0007,3.3750000000000003e-06,7.0,33.75,0.051838929729902936,5.747908631398801e+16
p1_ratio_2p00_common_primary,P1 Ctop/Cbottom=2.00 common-primary proxy,top_primary,interface_4x,T03_P1_CAPACITANCE_RATIO,enabled_symmetric_teaching_top_stack,0.0,0.01,0.0,0.3,channel,0.0007,3.45e-06,7.0,34.5,0.05263613099602965,5.92791882287422e+16
p1_ratio_2p00_common_primary,P1 Ctop/Cbottom=2.00 common-primary proxy,top_primary,interface_4x,T03_P1_CAPACITANCE_RATIO,enabled_symmetric_teaching_top_stack,0.0,0.01,0.0,0.3,channel,0.0007,3.525e-06,7.0,35.25,0.053483491129476604,6.1254397351429304e+16
p1_ratio_2p00_common_primary,P1 Ctop/Cbottom=2.00 common-primary proxy,top_primary,interface_4x,T03_P1_CAPACITANCE_RATIO,enabled_symmetric_teaching_top_stack,0.0,0.01,0.0,0.3,channel,0.0007,3.6000000000000003e-06,7.0,36.0,0.05438302059873062,6.342328045464817e+16
p1_ratio_2p00_common_primary,P1 Ctop/Cbottom=2.00 common-primary proxy,top_primary,interface_4x,T03_P1_CAPACITANCE_RATIO,enabled_symmetric_teaching_top_stack,0.0,0.01,0.0,0.3,channel,0.0007,3.6750000000000004e-06,7.0,36.75000000000001,0.055336927003526326,6.5807231974936056e+16
p1_ratio_2p00_common_primary,P1 Ctop/Cbottom=2.00 common-primary proxy,top_primary,interface_4x,T03_P1_CAPACITANCE_RATIO,enabled_symmetric_teaching_top_stack,0.0,0.01,0.0,0.3,channel,0.0007,3.7500000000000005e-06,7.0,37.50000000000001,0.05634763685119402,6.843098663933154e+16
p1_ratio_2p00_common_primary,P1 Ctop/Cbottom=2.00 common-primary proxy,top_primary,interface_4x,T03_P1_CAPACITANCE_RATIO,enabled_symmetric_teaching_top_stack,0.0,0.01,0.0,0.3,channel,0.0007,3.825000000000001e-06,7.0,38.25000000000001,0.057417820732925375,7.132324590540686e+16
p1_ratio_2p00_common_primary,P1 Ctop/Cbottom=2.00 common-primary proxy,top_primary,interface_4x,T03_P1_CAPACITANCE_RATIO,enabled_symmetric_teaching_top_stack,0.0,0.01,0.0,0.3,channel,0.0007,3.9e-06,7.0,39.0,0.05855042253757964,7.451744787335618e+16
p1_ratio_2p00_common_primary,P1 Ctop/Cbottom=2.00 common-primary proxy,top_primary,interface_4x,T03_P1_CAPACITANCE_RATIO,enabled_symmetric_teaching_top_stack,0.0,0.01,0.0,0.3,channel,0.0007,3.975e-06,7.0,39.75,0.059748693486686134,7.80527193387169e+16
p1_ratio_2p00_common_primary,P1 Ctop/Cbottom=2.00 common-primary proxy,top_primary,interface_4x,T03_P1_CAPACITANCE_RATIO,enabled_symmetric_teaching_top_stack,0.0,0.01,0.0,0.3,channel,0.0007,4.05e-06,7.0,40.5,0.06101623195969068,8.19750608095372e+16
p1_ratio_2p00_common_primary,P1 Ctop/Cbottom=2.00 common-primary proxy,top_primary,interface_4x,T03_P1_CAPACITANCE_RATIO,enabled_symmetric_teaching_top_stack,0.0,0.01,0.0,0.3,channel,0.0007,4.125e-06,7.0,41.25,0.06235703031561697,8.633883186397806e+16
p1_ratio_2p00_common_primary,P1 Ctop/Cbottom=2.00 common-primary proxy,top_primary,interface_4x,T03_P1_CAPACITANCE_RATIO,enabled_symmetric_teaching_top_stack,0.0,0.01,0.0,0.3,channel,0.0007,4.2000000000000004e-06,7.0,42.00000000000001,0.06377553022301548,9.1208626988837e+16
p1_ratio_2p00_common_primary,P1 Ctop/Cbottom=2.00 common-primary proxy,top_primary,interface_4x,T03_P1_CAPACITANCE_RATIO,enabled_symmetric_teaching_top_stack,0.0,0.01,0.0,0.3,channel,0.0007,4.2750000000000006e-06,7.0,42.75000000000001,0.06527668840752392,9.66616636810789e+16
p1_ratio_2p00_common_primary,P1 Ctop/Cbottom=2.00 common-primary proxy,top_primary,interface_4x,T03_P1_CAPACITANCE_RATIO,enabled_symmetric_teaching_top_stack,0.0,0.01,0.0,0.3,channel,0.0007,4.350000000000001e-06,7.0,43.50000000000001,0.0668660552477708,1.0279084907522496e+17
p1_ratio_2p00_common_primary,P1 Ctop/Cbottom=2.00 common-primary proxy,top_primary,interface_4x,T03_P1_CAPACITANCE_RATIO,enabled_symmetric_teaching_top_stack,0.0,0.01,0.0,0.3,channel,0.0007,4.425e-06,7.0,44.25,0.06854986934099154,1.0970875465172437e+17
p1_ratio_2p00_common_primary,P1 Ctop/Cbottom=2.00 common-primary proxy,top_primary,interface_4x,T03_P1_CAPACITANCE_RATIO,enabled_symmetric_teaching_top_stack,0.0,0.01,0.0,0.3,channel,0.0007,4.5e-06,7.0,45.0,0.0703351720840181,1.1755281982128253e+17
p1_ratio_2p00_common_primary,P1 Ctop/Cbottom=2.00 common-primary proxy,top_primary,interface_4x,T03_P1_CAPACITANCE_RATIO,enabled_symmetric_teaching_top_stack,0.0,0.01,0.0,0.3,channel,0.0007,4.575e-06,7.0,45.75,0.07222994756611517,1.2649223856621832e+17
p1_ratio_2p00_common_primary,P1 Ctop/Cbottom=2.00 common-primary proxy,top_primary,interface_4x,T03_P1_CAPACITANCE_RATIO,enabled_symmetric_teaching_top_stack,0.0,0.01,0.0,0.3,channel,0.0007,4.65e-06,7.0,46.50000000000001,0.07424329478323766,1.3673718129880256e+17
p1_ratio_2p00_common_primary,P1 Ctop/Cbottom=2.00 common-primary proxy,top_primary,interface_4x,T03_P1_CAPACITANCE_RATIO,enabled_symmetric_teaching_top_stack,0.0,0.01,0.0,0.3,channel,0.0007,4.7250000000000005e-06,7.0,47.25000000000001,0.07638564156018678,1.4855130281491552e+17
p1_ratio_2p00_common_primary,P1 Ctop/Cbottom=2.00 common-primary proxy,top_primary,interface_4x,T03_P1_CAPACITANCE_RATIO,enabled_symmetric_teaching_top_stack,0.0,0.01,0.0,0.3,channel,0.0007,4.8e-06,7.0,48.0,0.07866901291189728,1.6226894606636758e+17
p1_ratio_2p00_common_primary,P1 Ctop/Cbottom=2.00 common-primary proxy,top_primary,interface_4x,T03_P1_CAPACITANCE_RATIO,enabled_symmetric_teaching_top_stack,0.0,0.01,0.0,0.3,channel,0.0007,4.875e-06,7.0,48.75,0.08110737135473228,1.7831917017007923e+17
p1_ratio_2p00_common_primary,P1 Ctop/Cbottom=2.00 common-primary proxy,top_primary,interface_4x,T03_P1_CAPACITANCE_RATIO,enabled_symmetric_teaching_top_stack,0.0,0.01,0.0,0.3,channel,0.0007,4.95e-06,7.0,49.5,0.08371705362471732,1.9725988111960426e+17
p1_ratio_2p00_common_primary,P1 Ctop/Cbottom=2.00 common-primary proxy,top_primary,interface_4x,T03_P1_CAPACITANCE_RATIO,enabled_symmetric_teaching_top_stack,0.0,0.01,0.0,0.3,channel,0.0007,5.025e-06,7.0,50.25,0.08651733854269197,2.198272278520155e+17
p1_ratio_2p00_common_primary,P1 Ctop/Cbottom=2.00 common-primary proxy,top_primary,interface_4x,T03_P1_CAPACITANCE_RATIO,enabled_symmetric_teaching_top_stack,0.0,0.01,0.0,0.3,channel,0.0007,5.1e-06,7.0,51.0,0.08953119630421232,2.4700859493317728e+17
p1_ratio_2p00_common_primary,P1 Ctop/Cbottom=2.00 common-primary proxy,top_primary,interface_4x,T03_P1_CAPACITANCE_RATIO,enabled_symmetric_teaching_top_stack,0.0,0.01,0.0,0.3,channel,0.0007,5.1750000000000004e-06,7.0,51.75000000000001,0.09278629348987968,2.8015300891508858e+17
p1_ratio_2p00_common_primary,P1 Ctop/Cbottom=2.00 common-primary proxy,top_primary,interface_4x,T03_P1_CAPACITANCE_RATIO,enabled_symmetric_teaching_top_stack,0.0,0.01,0.0,0.3,channel,0.0007,5.2500000000000006e-06,7.0,52.50000000000001,0.09631636617331196,3.2114258754727706e+17
p1_ratio_2p00_common_primary,P1 Ctop/Cbottom=2.00 common-primary proxy,top_primary,interface_4x,T03_P1_CAPACITANCE_RATIO,enabled_symmetric_teaching_top_stack,0.0,0.01,0.0,0.3,channel,0.0007,5.325e-06,7.0,53.25,0.10016313563650223,3.726668693781749e+17
p1_ratio_2p00_common_primary,P1 Ctop/Cbottom=2.00 common-primary proxy,top_primary,interface_4x,T03_P1_CAPACITANCE_RATIO,enabled_symmetric_teaching_top_stack,0.0,0.01,0.0,0.3,channel,0.0007,5.4e-06,7.0,54.0,0.1043790459192128,4.3867709684163814e+17
p1_ratio_2p00_common_primary,P1 Ctop/Cbottom=2.00 common-primary proxy,top_primary,interface_4x,T03_P1_CAPACITANCE_RATIO,enabled_symmetric_teaching_top_stack,0.0,0.01,0.0,0.3,channel,0.0007250000000000001,3e-06,7.250000000000001,30.0,0.048710291751362,5.051346052544976e+16
p1_ratio_2p00_common_primary,P1 Ctop/Cbottom=2.00 common-primary proxy,top_primary,interface_4x,T03_P1_CAPACITANCE_RATIO,enabled_symmetric_teaching_top_stack,0.0,0.01,0.0,0.3,channel,0.0007250000000000001,3.075e-06,7.250000000000001,30.750000000000004,0.04928296004610247,5.164491008751206e+16
p1_ratio_2p00_common_primary,P1 Ctop/Cbottom=2.00 common-primary proxy,top_primary,interface_4x,T03_P1_CAPACITANCE_RATIO,enabled_symmetric_teaching_top_stack,0.0,0.01,0.0,0.3,channel,0.0007250000000000001,3.1500000000000003e-06,7.250000000000001,31.500000000000004,0.049898016650906755,5.288835044377808e+16
p1_ratio_2p00_common_primary,P1 Ctop/Cbottom=2.00 common-primary proxy,top_primary,interface_4x,T03_P1_CAPACITANCE_RATIO,enabled_symmetric_teaching_top_stack,0.0,0.01,0.0,0.3,channel,0.0007250000000000001,3.225e-06,7.250000000000001,32.25,0.05055672720271727,5.425326407387348e+16
p1_ratio_2p00_common_primary,P1 Ctop/Cbottom=2.00 common-primary proxy,top_primary,interface_4x,T03_P1_CAPACITANCE_RATIO,enabled_symmetric_teaching_top_stack,0.0,0.01,0.0,0.3,channel,0.0007250000000000001,3.3e-06,7.250000000000001,33.0,0.05126048098016528,5.575045486524039e+16
p1_ratio_2p00_common_primary,P1 Ctop/Cbottom=2.00 common-primary proxy,top_primary,interface_4x,T03_P1_CAPACITANCE_RATIO,enabled_symmetric_teaching_top_stack,0.0,0.01,0.0,0.3,channel,0.0007250000000000001,3.3750000000000003e-06,7.250000000000001,33.75,0.052010801900318114,5.739225008497797e+16
p1_ratio_2p00_common_primary,P1 Ctop/Cbottom=2.00 common-primary proxy,top_primary,interface_4x,T03_P1_CAPACITANCE_RATIO,enabled_symmetric_teaching_top_stack,0.0,0.01,0.0,0.3,channel,0.0007250000000000001,3.45e-06,7.250000000000001,34.5,0.05280936106599996,5.919274157553221e+16
p1_ratio_2p00_common_primary,P1 Ctop/Cbottom=2.00 common-primary proxy,top_primary,interface_4x,T03_P1_CAPACITANCE_RATIO,enabled_symmetric_teaching_top_stack,0.0,0.01,0.0,0.3,channel,0.0007250000000000001,3.525e-06,7.250000000000001,35.25,0.053657991109187265,6.116807489981656e+16
p1_ratio_2p00_common_primary,P1 Ctop/Cbottom=2.00 common-primary proxy,top_primary,interface_4x,T03_P1_CAPACITANCE_RATIO,enabled_symmetric_teaching_top_stack,0.0,0.01,0.0,0.3,channel,0.0007250000000000001,3.6000000000000003e-06,7.250000000000001,36.0,0.05455870262478552,6.33367974352131e+16
p1_ratio_2p00_common_primary,P1 Ctop/Cbottom=2.00 common-primary proxy,top_primary,interface_4x,T03_P1_CAPACITANCE_RATIO,enabled_symmetric_teaching_top_stack,0.0,0.01,0.0,0.3,channel,0.0007250000000000001,3.6750000000000004e-06,7.250000000000001,36.75000000000001,0.05551370304909521,6.5720279364508696e+16
p1_ratio_2p00_common_primary,P1 Ctop/Cbottom=2.00 common-primary proxy,top_primary,interface_4x,T03_P1_CAPACITANCE_RATIO,enabled_symmetric_teaching_top_stack,0.0,0.01,0.0,0.3,channel,0.0007250000000000001,3.7500000000000005e-06,7.250000000000001,37.50000000000001,0.05652541841147293,6.8343225362621544e+16
p1_ratio_2p00_common_primary,P1 Ctop/Cbottom=2.00 common-primary proxy,top_primary,interface_4x,T03_P1_CAPACITANCE_RATIO,enabled_symmetric_teaching_top_stack,0.0,0.01,0.0,0.3,channel,0.0007250000000000001,3.825000000000001e-06,7.250000000000001,38.25000000000001,0.05759651848000856,7.1234299844653416e+16
p1_ratio_2p00_common_primary,P1 Ctop/Cbottom=2.00 common-primary proxy,top_primary,interface_4x,T03_P1_CAPACITANCE_RATIO,enabled_symmetric_teaching_top_stack,0.0,0.01,0.0,0.3,channel,0.0007250000000000001,3.9e-06,7.250000000000001,39.0,0.058729945937627724,7.442689535983357e+16
p1_ratio_2p00_common_primary,P1 Ctop/Cbottom=2.00 common-primary proxy,top_primary,interface_4x,T03_P1_CAPACITANCE_RATIO,enabled_symmetric_teaching_top_stack,0.0,0.01,0.0,0.3,channel,0.0007250000000000001,3.975e-06,7.250000000000001,39.75,0.05992895037073023,7.796008270040074e+16
p1_ratio_2p00_common_primary,P1 Ctop/Cbottom=2.00 common-primary proxy,top_primary,interface_4x,T03_P1_CAPACITANCE_RATIO,enabled_symmetric_teaching_top_stack,0.0,0.01,0.0,0.3,channel,0.0007250000000000001,4.05e-06,7.250000000000001,40.5,0.06119712803743344,8.18797934142529e+16
p1_ratio_2p00_common_primary,P1 Ctop/Cbottom=2.00 common-primary proxy,top_primary,interface_4x,T03_P1_CAPACITANCE_RATIO,enabled_symmetric_teaching_top_stack,0.0,0.01,0.0,0.3,channel,0.0007250000000000001,4.125e-06,7.250000000000001,41.25,0.06253846861904251,8.624030191258427e+16
p1_ratio_2p00_common_primary,P1 Ctop/Cbottom=2.00 common-primary proxy,top_primary,interface_4x,T03_P1_CAPACITANCE_RATIO,enabled_symmetric_teaching_top_stack,0.0,0.01,0.0,0.3,channel,0.0007250000000000001,4.2000000000000004e-06,7.250000000000001,42.00000000000001,0.06395741046331202,9.110609705754184e+16
p1_ratio_2p00_common_primary,P1 Ctop/Cbottom=2.00 common-primary proxy,top_primary,interface_4x,T03_P1_CAPACITANCE_RATIO,enabled_symmetric_teaching_top_stack,0.0,0.01,0.0,0.3,channel,0.0007250000000000001,4.2750000000000006e-06,7.250000000000001,42.75000000000001,0.0654589062244963,9.65542646549799e+16
p1_ratio_2p00_common_primary,P1 Ctop/Cbottom=2.00 common-primary proxy,top_primary,interface_4x,T03_P1_CAPACITANCE_RATIO,enabled_symmetric_teaching_top_stack,0.0,0.01,0.0,0.3,channel,0.0007250000000000001,4.350000000000001e-06,7.250000000000001,43.50000000000001,0.067048501325211,1.0267754661043302e+17
p1_ratio_2p00_common_primary,P1 Ctop/Cbottom=2.00 common-primary proxy,top_primary,interface_4x,T03_P1_CAPACITANCE_RATIO,enabled_symmetric_teaching_top_stack,0.0,0.01,0.0,0.3,channel,0.0007250000000000001,4.425e-06,7.250000000000001,44.25,0.06873242835387078,1.0958830558091053e+17
p1_ratio_2p00_common_primary,P1 Ctop/Cbottom=2.00 common-primary proxy,top_primary,interface_4x,T03_P1_CAPACITANCE_RATIO,enabled_symmetric_teaching_top_stack,0.0,0.01,0.0,0.3,channel,0.0007250000000000001,4.5e-06,7.250000000000001,45.0,0.07051772143312783,1.174237148692326e+17
p1_ratio_2p00_common_primary,P1 Ctop/Cbottom=2.00 common-primary proxy,top_primary,interface_4x,T03_P1_CAPACITANCE_RATIO,enabled_symmetric_teaching_top_stack,0.0,0.01,0.0,0.3,channel,0.0007250000000000001,4.575e-06,7.250000000000001,45.75,0.0724123558418498,1.2635262619895286e+17
p1_ratio_2p00_common_primary,P1 Ctop/Cbottom=2.00 common-primary proxy,top_primary,interface_4x,T03_P1_CAPACITANCE_RATIO,enabled_symmetric_teaching_top_stack,0.0,0.01,0.0,0.3,channel,0.0007250000000000001,4.65e-06,7.250000000000001,46.50000000000001,0.07442541988100894,1.3658476522259083e+17
p1_ratio_2p00_common_primary,P1 Ctop/Cbottom=2.00 common-primary proxy,top_primary,interface_4x,T03_P1_CAPACITANCE_RATIO,enabled_symmetric_teaching_top_stack,0.0,0.01,0.0,0.3,channel,0.0007250000000000001,4.7250000000000005e-06,7.250000000000001,47.25000000000001,0.07656732834313905,1.483832021323509e+17
p1_ratio_2p00_common_primary,P1 Ctop/Cbottom=2.00 common-primary proxy,top_primary,interface_4x,T03_P1_CAPACITANCE_RATIO,enabled_symmetric_teaching_top_stack,0.0,0.01,0.0,0.3,channel,0.0007250000000000001,4.8e-06,7.250000000000001,48.0,0.07885009027858327,1.6208150165948976e+17
p1_ratio_2p00_common_primary,P1 Ctop/Cbottom=2.00 common-primary proxy,top_primary,interface_4x,T03_P1_CAPACITANCE_RATIO,enabled_symmetric_teaching_top_stack,0.0,0.01,0.0,0.3,channel,0.0007250000000000001,4.875e-06,7.250000000000001,48.75,0.08128764851467636,1.7810767228330045e+17
p1_ratio_2p00_common_primary,P1 Ctop/Cbottom=2.00 common-primary proxy,top_primary,interface_4x,T03_P1_CAPACITANCE_RATIO,enabled_symmetric_teaching_top_stack,0.0,0.01,0.0,0.3,channel,0.0007250000000000001,4.95e-06,7.250000000000001,49.5,0.08389631530458631,1.970181792148712e+17
p1_ratio_2p00_common_primary,P1 Ctop/Cbottom=2.00 common-primary proxy,top_primary,interface_4x,T03_P1_CAPACITANCE_RATIO,enabled_symmetric_teaching_top_stack,0.0,0.01,0.0,0.3,channel,0.0007250000000000001,5.025e-06,7.250000000000001,50.25,0.08669533872596406,2.1954716077417555e+17
p1_ratio_2p00_common_primary,P1 Ctop/Cbottom=2.00 common-primary proxy,top_primary,interface_4x,T03_P1_CAPACITANCE_RATIO,enabled_symmetric_teaching_top_stack,0.0,0.01,0.0,0.3,channel,0.0007250000000000001,5.1e-06,7.250000000000001,51.0,0.08970764992433751,2.466791401961701e+17
p1_ratio_2p00_common_primary,P1 Ctop/Cbottom=2.00 common-primary proxy,top_primary,interface_4x,T03_P1_CAPACITANCE_RATIO,enabled_symmetric_teaching_top_stack,0.0,0.01,0.0,0.3,channel,0.0007250000000000001,5.1750000000000004e-06,7.250000000000001,51.75000000000001,0.09296086521103171,2.7975898104860458e+17
p1_ratio_2p00_common_primary,P1 Ctop/Cbottom=2.00 common-primary proxy,top_primary,interface_4x,T03_P1_CAPACITANCE_RATIO,enabled_symmetric_teaching_top_stack,0.0,0.01,0.0,0.3,channel,0.0007250000000000001,5.2500000000000006e-06,7.250000000000001,52.50000000000001,0.09648865493384282,3.2066259031444416e+17
p1_ratio_2p00_common_primary,P1 Ctop/Cbottom=2.00 common-primary proxy,top_primary,interface_4x,T03_P1_CAPACITANCE_RATIO,enabled_symmetric_teaching_top_stack,0.0,0.01,0.0,0.3,channel,0.0007250000000000001,5.325e-06,7.250000000000001,53.25,0.1003326528707619,3.7206997034172563e+17
p1_ratio_2p00_common_primary,P1 Ctop/Cbottom=2.00 common-primary proxy,top_primary,interface_4x,T03_P1_CAPACITANCE_RATIO,enabled_symmetric_teaching_top_stack,0.0,0.01,0.0,0.3,channel,0.0007250000000000001,5.4e-06,7.250000000000001,54.0,0.10454518407293839,4.379172261678419e+17
p1_ratio_2p00_common_primary,P1 Ctop/Cbottom=2.00 common-primary proxy,top_primary,interface_4x,T03_P1_CAPACITANCE_RATIO,enabled_symmetric_teaching_top_stack,0.0,0.01,0.0,0.3,channel,0.00075,3e-06,7.5,30.0,0.04887421357917729,5.0421088020288216e+16
p1_ratio_2p00_common_primary,P1 Ctop/Cbottom=2.00 common-primary proxy,top_primary,interface_4x,T03_P1_CAPACITANCE_RATIO,enabled_symmetric_teaching_top_stack,0.0,0.01,0.0,0.3,channel,0.00075,3.075e-06,7.5,30.750000000000004,0.04944869264387521,5.15540794457296e+16
p1_ratio_2p00_common_primary,P1 Ctop/Cbottom=2.00 common-primary proxy,top_primary,interface_4x,T03_P1_CAPACITANCE_RATIO,enabled_symmetric_teaching_top_stack,0.0,0.01,0.0,0.3,channel,0.00075,3.1500000000000003e-06,7.5,31.500000000000004,0.050065467566575456,5.279884218812203e+16
p1_ratio_2p00_common_primary,P1 Ctop/Cbottom=2.00 common-primary proxy,top_primary,interface_4x,T03_P1_CAPACITANCE_RATIO,enabled_symmetric_teaching_top_stack,0.0,0.01,0.0,0.3,channel,0.00075,3.225e-06,7.5,32.25,0.05072580533021236,5.416485504896593e+16
p1_ratio_2p00_common_primary,P1 Ctop/Cbottom=2.00 common-primary proxy,top_primary,interface_4x,T03_P1_CAPACITANCE_RATIO,enabled_symmetric_teaching_top_stack,0.0,0.01,0.0,0.3,channel,0.00075,3.3e-06,7.5,33.0,0.05143109633227021,5.566291583388391e+16
p1_ratio_2p00_common_primary,P1 Ctop/Cbottom=2.00 common-primary proxy,top_primary,interface_4x,T03_P1_CAPACITANCE_RATIO,enabled_symmetric_teaching_top_stack,0.0,0.01,0.0,0.3,channel,0.00075,3.3750000000000003e-06,7.5,33.75,0.05218286537534003,5.730534303675451e+16
p1_ratio_2p00_common_primary,P1 Ctop/Cbottom=2.00 common-primary proxy,top_primary,interface_4x,T03_P1_CAPACITANCE_RATIO,enabled_symmetric_teaching_top_stack,0.0,0.01,0.0,0.3,channel,0.00075,3.45e-06,7.5,34.5,0.052982784205510614,5.910621666760253e+16
p1_ratio_2p00_common_primary,P1 Ctop/Cbottom=2.00 common-primary proxy,top_primary,interface_4x,T03_P1_CAPACITANCE_RATIO,enabled_symmetric_teaching_top_stack,0.0,0.01,0.0,0.3,channel,0.00075,3.525e-06,7.5,35.25,0.05383268584372021,6.108166693120983e+16
p1_ratio_2p00_common_primary,P1 Ctop/Cbottom=2.00 common-primary proxy,top_primary,interface_4x,T03_P1_CAPACITANCE_RATIO,enabled_symmetric_teaching_top_stack,0.0,0.01,0.0,0.3,channel,0.00075,3.6000000000000003e-06,7.5,36.0,0.05473458100390106,6.325022173160109e+16
p1_ratio_2p00_common_primary,P1 Ctop/Cbottom=2.00 common-primary proxy,top_primary,interface_4x,T03_P1_CAPACITANCE_RATIO,enabled_symmetric_teaching_top_stack,0.0,0.01,0.0,0.3,channel,0.00075,3.6750000000000004e-06,7.5,36.75000000000001,0.05569067695162436,6.563322691863437e+16
p1_ratio_2p00_common_primary,P1 Ctop/Cbottom=2.00 common-primary proxy,top_primary,interface_4x,T03_P1_CAPACITANCE_RATIO,enabled_symmetric_teaching_top_stack,0.0,0.01,0.0,0.3,channel,0.00075,3.7500000000000005e-06,7.5,37.50000000000001,0.05670339923099409,6.825535703365372e+16
p1_ratio_2p00_common_primary,P1 Ctop/Cbottom=2.00 common-primary proxy,top_primary,interface_4x,T03_P1_CAPACITANCE_RATIO,enabled_symmetric_teaching_top_stack,0.0,0.01,0.0,0.3,channel,0.00075,3.825000000000001e-06,7.5,38.25000000000001,0.057775416779652713,7.11452393642364e+16
p1_ratio_2p00_common_primary,P1 Ctop/Cbottom=2.00 common-primary proxy,top_primary,interface_4x,T03_P1_CAPACITANCE_RATIO,enabled_symmetric_teaching_top_stack,0.0,0.01,0.0,0.3,channel,0.00075,3.9e-06,7.5,39.0,0.0589096710670933,7.433622081855933e+16
p1_ratio_2p00_common_primary,P1 Ctop/Cbottom=2.00 common-primary proxy,top_primary,interface_4x,T03_P1_CAPACITANCE_RATIO,enabled_symmetric_teaching_top_stack,0.0,0.01,0.0,0.3,channel,0.00075,3.975e-06,7.5,39.75,0.06010941003684224,7.786731608888158e+16
p1_ratio_2p00_common_primary,P1 Ctop/Cbottom=2.00 common-primary proxy,top_primary,interface_4x,T03_P1_CAPACITANCE_RATIO,enabled_symmetric_teaching_top_stack,0.0,0.01,0.0,0.3,channel,0.00075,4.05e-06,7.5,40.5,0.06137822781760115,8.178438765797915e+16
p1_ratio_2p00_common_primary,P1 Ctop/Cbottom=2.00 common-primary proxy,top_primary,interface_4x,T03_P1_CAPACITANCE_RATIO,enabled_symmetric_teaching_top_stack,0.0,0.01,0.0,0.3,channel,0.00075,4.125e-06,7.5,41.25,0.06272011140441913,8.614162465498901e+16
p1_ratio_2p00_common_primary,P1 Ctop/Cbottom=2.00 common-primary proxy,top_primary,interface_4x,T03_P1_CAPACITANCE_RATIO,enabled_symmetric_teaching_top_stack,0.0,0.01,0.0,0.3,channel,0.00075,4.2000000000000004e-06,7.5,42.00000000000001,0.06413949581515,9.100341019027429e+16
p1_ratio_2p00_common_primary,P1 Ctop/Cbottom=2.00 common-primary proxy,top_primary,interface_4x,T03_P1_CAPACITANCE_RATIO,enabled_symmetric_teaching_top_stack,0.0,0.01,0.0,0.3,channel,0.00075,4.2750000000000006e-06,7.5,42.75000000000001,0.06564132962286297,9.644669823747373e+16
p1_ratio_2p00_common_primary,P1 Ctop/Cbottom=2.00 common-primary proxy,top_primary,interface_4x,T03_P1_CAPACITANCE_RATIO,enabled_symmetric_teaching_top_stack,0.0,0.01,0.0,0.3,channel,0.00075,4.350000000000001e-06,7.5,43.50000000000001,0.06723115328351882,1.0256406531631197e+17
p1_ratio_2p00_common_primary,P1 Ctop/Cbottom=2.00 common-primary proxy,top_primary,interface_4x,T03_P1_CAPACITANCE_RATIO,enabled_symmetric_teaching_top_stack,0.0,0.01,0.0,0.3,channel,0.00075,4.425e-06,7.5,44.25,0.06891519336506938,1.094676650866131e+17
p1_ratio_2p00_common_primary,P1 Ctop/Cbottom=2.00 common-primary proxy,top_primary,interface_4x,T03_P1_CAPACITANCE_RATIO,enabled_symmetric_teaching_top_stack,0.0,0.01,0.0,0.3,channel,0.00075,4.5e-06,7.5,45.0,0.07070047670316801,1.1729440455264691e+17
p1_ratio_2p00_common_primary,P1 Ctop/Cbottom=2.00 common-primary proxy,top_primary,interface_4x,T03_P1_CAPACITANCE_RATIO,enabled_symmetric_teaching_top_stack,0.0,0.01,0.0,0.3,channel,0.00075,4.575e-06,7.5,45.75,0.07259496975209544,1.262127929740284e+17
p1_ratio_2p00_common_primary,P1 Ctop/Cbottom=2.00 common-primary proxy,top_primary,interface_4x,T03_P1_CAPACITANCE_RATIO,enabled_symmetric_teaching_top_stack,0.0,0.01,0.0,0.3,channel,0.00075,4.65e-06,7.5,46.50000000000001,0.07460775010207159,1.3643211103082528e+17
p1_ratio_2p00_common_primary,P1 Ctop/Cbottom=2.00 common-primary proxy,top_primary,interface_4x,T03_P1_CAPACITANCE_RATIO,enabled_symmetric_teaching_top_stack,0.0,0.01,0.0,0.3,channel,0.00075,4.7250000000000005e-06,7.5,47.25000000000001,0.07674921949579686,1.482148441067745e+17
p1_ratio_2p00_common_primary,P1 Ctop/Cbottom=2.00 common-primary proxy,top_primary,interface_4x,T03_P1_CAPACITANCE_RATIO,enabled_symmetric_teaching_top_stack,0.0,0.01,0.0,0.3,channel,0.00075,4.8e-06,7.5,48.0,0.07903137099945208,1.6189377854662134e+17
p1_ratio_2p00_common_primary,P1 Ctop/Cbottom=2.00 common-primary proxy,top_primary,interface_4x,T03_P1_CAPACITANCE_RATIO,enabled_symmetric_teaching_top_stack,0.0,0.01,0.0,0.3,channel,0.00075,4.875e-06,7.5,48.75,0.08146812772959938,1.7789587212419747e+17
p1_ratio_2p00_common_primary,P1 Ctop/Cbottom=2.00 common-primary proxy,top_primary,interface_4x,T03_P1_CAPACITANCE_RATIO,enabled_symmetric_teaching_top_stack,0.0,0.01,0.0,0.3,channel,0.00075,4.95e-06,7.5,49.5,0.08407577743256216,1.967761494100065e+17
p1_ratio_2p00_common_primary,P1 Ctop/Cbottom=2.00 common-primary proxy,top_primary,interface_4x,T03_P1_CAPACITANCE_RATIO,enabled_symmetric_teaching_top_stack,0.0,0.01,0.0,0.3,channel,0.00075,5.025e-06,7.5,50.25,0.08687353741671743,2.1926673866780294e+17
p1_ratio_2p00_common_primary,P1 Ctop/Cbottom=2.00 common-primary proxy,top_primary,interface_4x,T03_P1_CAPACITANCE_RATIO,enabled_symmetric_teaching_top_stack,0.0,0.01,0.0,0.3,channel,0.00075,5.1e-06,7.5,51.0,0.08988429974995218,2.463493031766214e+17
p1_ratio_2p00_common_primary,P1 Ctop/Cbottom=2.00 common-primary proxy,top_primary,interface_4x,T03_P1_CAPACITANCE_RATIO,enabled_symmetric_teaching_top_stack,0.0,0.01,0.0,0.3,channel,0.00075,5.1750000000000004e-06,7.5,51.75000000000001,0.09313563044657477,2.7936454646601315e+17
p1_ratio_2p00_common_primary,P1 Ctop/Cbottom=2.00 common-primary proxy,top_primary,interface_4x,T03_P1_CAPACITANCE_RATIO,enabled_symmetric_teaching_top_stack,0.0,0.01,0.0,0.3,channel,0.00075,5.2500000000000006e-06,7.5,52.50000000000001,0.09666113410368984,3.2018217075174285e+17
p1_ratio_2p00_common_primary,P1 Ctop/Cbottom=2.00 common-primary proxy,top_primary,interface_4x,T03_P1_CAPACITANCE_RATIO,enabled_symmetric_teaching_top_stack,0.0,0.01,0.0,0.3,channel,0.00075,5.325e-06,7.5,53.25,0.10050235697939401,3.714726542217196e+17
p1_ratio_2p00_common_primary,P1 Ctop/Cbottom=2.00 common-primary proxy,top_primary,interface_4x,T03_P1_CAPACITANCE_RATIO,enabled_symmetric_teaching_top_stack,0.0,0.01,0.0,0.3,channel,0.00075,5.4e-06,7.5,54.0,0.10471150514156372,4.371569888431334e+17
p1_ratio_2p00_common_primary,P1 Ctop/Cbottom=2.00 common-primary proxy,top_primary,interface_4x,T03_P1_CAPACITANCE_RATIO,enabled_symmetric_teaching_top_stack,0.0,0.01,0.0,0.3,channel,0.000775,3e-06,7.75,30.0,0.04903831757777531,5.032868715482377e+16
p1_ratio_2p00_common_primary,P1 Ctop/Cbottom=2.00 common-primary proxy,top_primary,interface_4x,T03_P1_CAPACITANCE_RATIO,enabled_symmetric_teaching_top_stack,0.0,0.01,0.0,0.3,channel,0.000775,3.075e-06,7.75,30.750000000000004,0.04961460946259941,5.1463210907512456e+16
p1_ratio_2p00_common_primary,P1 Ctop/Cbottom=2.00 common-primary proxy,top_primary,interface_4x,T03_P1_CAPACITANCE_RATIO,enabled_symmetric_teaching_top_stack,0.0,0.01,0.0,0.3,channel,0.000775,3.1500000000000003e-06,7.75,31.500000000000004,0.05023310471479138,5.270928708701602e+16
p1_ratio_2p00_common_primary,P1 Ctop/Cbottom=2.00 common-primary proxy,top_primary,interface_4x,T03_P1_CAPACITANCE_RATIO,enabled_symmetric_teaching_top_stack,0.0,0.01,0.0,0.3,channel,0.000775,3.225e-06,7.75,32.25,0.050895071654168726,5.4076390726818744e+16
p1_ratio_2p00_common_primary,P1 Ctop/Cbottom=2.00 common-primary proxy,top_primary,interface_4x,T03_P1_CAPACITANCE_RATIO,enabled_symmetric_teaching_top_stack,0.0,0.01,0.0,0.3,channel,0.000775,3.3e-06,7.75,33.0,0.05160190178846607,5.557531346543111e+16
p1_ratio_2p00_common_primary,P1 Ctop/Cbottom=2.00 common-primary proxy,top_primary,interface_4x,T03_P1_CAPACITANCE_RATIO,enabled_symmetric_teaching_top_stack,0.0,0.01,0.0,0.3,channel,0.000775,3.3750000000000003e-06,7.75,33.75,0.052355120797614806,5.721836494167568e+16
p1_ratio_2p00_common_primary,P1 Ctop/Cbottom=2.00 common-primary proxy,top_primary,interface_4x,T03_P1_CAPACITANCE_RATIO,enabled_symmetric_teaching_top_stack,0.0,0.01,0.0,0.3,channel,0.000775,3.45e-06,7.75,34.5,0.05315640106312089,5.901961325366315e+16
p1_ratio_2p00_common_primary,P1 Ctop/Cbottom=2.00 common-primary proxy,top_primary,interface_4x,T03_P1_CAPACITANCE_RATIO,enabled_symmetric_teaching_top_stack,0.0,0.01,0.0,0.3,channel,0.000775,3.525e-06,7.75,35.25,0.05400757598729209,6.099517316978221e+16
p1_ratio_2p00_common_primary,P1 Ctop/Cbottom=2.00 common-primary proxy,top_primary,interface_4x,T03_P1_CAPACITANCE_RATIO,enabled_symmetric_teaching_top_stack,0.0,0.01,0.0,0.3,channel,0.000775,3.6000000000000003e-06,7.75,36.0,0.05491065639567051,6.316355304253948e+16
p1_ratio_2p00_common_primary,P1 Ctop/Cbottom=2.00 common-primary proxy,top_primary,interface_4x,T03_P1_CAPACITANCE_RATIO,enabled_symmetric_teaching_top_stack,0.0,0.01,0.0,0.3,channel,0.000775,3.6750000000000004e-06,7.75,36.75000000000001,0.055867849375777046,6.5546074309633064e+16
p1_ratio_2p00_common_primary,P1 Ctop/Cbottom=2.00 common-primary proxy,top_primary,interface_4x,T03_P1_CAPACITANCE_RATIO,enabled_symmetric_teaching_top_stack,0.0,0.01,0.0,0.3,channel,0.000775,3.7500000000000005e-06,7.75,37.50000000000001,0.05688157997915725,6.8167381297294776e+16
p1_ratio_2p00_common_primary,P1 Ctop/Cbottom=2.00 common-primary proxy,top_primary,interface_4x,T03_P1_CAPACITANCE_RATIO,enabled_symmetric_teaching_top_stack,0.0,0.01,0.0,0.3,channel,0.000775,3.825000000000001e-06,7.75,38.25000000000001,0.05795451630563255,7.105606408040876e+16
p1_ratio_2p00_common_primary,P1 Ctop/Cbottom=2.00 common-primary proxy,top_primary,interface_4x,T03_P1_CAPACITANCE_RATIO,enabled_symmetric_teaching_top_stack,0.0,0.01,0.0,0.3,channel,0.000775,3.9e-06,7.75,39.0,0.05908959860373548,7.424542383586762e+16
p1_ratio_2p00_common_primary,P1 Ctop/Cbottom=2.00 common-primary proxy,top_primary,interface_4x,T03_P1_CAPACITANCE_RATIO,enabled_symmetric_teaching_top_stack,0.0,0.01,0.0,0.3,channel,0.000775,3.975e-06,7.75,39.75,0.060290073166344604,7.777441905909586e+16
p1_ratio_2p00_common_primary,P1 Ctop/Cbottom=2.00 common-primary proxy,top_primary,interface_4x,T03_P1_CAPACITANCE_RATIO,enabled_symmetric_teaching_top_stack,0.0,0.01,0.0,0.3,channel,0.000775,4.05e-06,7.75,40.5,0.061559531984626575,8.168884306257256e+16
p1_ratio_2p00_common_primary,P1 Ctop/Cbottom=2.00 common-primary proxy,top_primary,interface_4x,T03_P1_CAPACITANCE_RATIO,enabled_symmetric_teaching_top_stack,0.0,0.01,0.0,0.3,channel,0.000775,4.125e-06,7.75,41.25,0.06290195935880326,8.604279957805488e+16
p1_ratio_2p00_common_primary,P1 Ctop/Cbottom=2.00 common-primary proxy,top_primary,interface_4x,T03_P1_CAPACITANCE_RATIO,enabled_symmetric_teaching_top_stack,0.0,0.01,0.0,0.3,channel,0.000775,4.2000000000000004e-06,7.75,42.00000000000001,0.06432178696768716,9.090056583672938e+16
p1_ratio_2p00_common_primary,P1 Ctop/Cbottom=2.00 common-primary proxy,top_primary,interface_4x,T03_P1_CAPACITANCE_RATIO,enabled_symmetric_teaching_top_stack,0.0,0.01,0.0,0.3,channel,0.000775,4.2750000000000006e-06,7.75,42.75000000000001,0.06582395929332294,9.633896383863002e+16
p1_ratio_2p00_common_primary,P1 Ctop/Cbottom=2.00 common-primary proxy,top_primary,interface_4x,T03_P1_CAPACITANCE_RATIO,enabled_symmetric_teaching_top_stack,0.0,0.01,0.0,0.3,channel,0.000775,4.350000000000001e-06,7.75,43.50000000000001,0.06741401181433405,1.0245040456054453e+17
p1_ratio_2p00_common_primary,P1 Ctop/Cbottom=2.00 common-primary proxy,top_primary,interface_4x,T03_P1_CAPACITANCE_RATIO,enabled_symmetric_teaching_top_stack,0.0,0.01,0.0,0.3,channel,0.000775,4.425e-06,7.75,44.25,0.06909816506652422,1.0934683249105216e+17
p1_ratio_2p00_common_primary,P1 Ctop/Cbottom=2.00 common-primary proxy,top_primary,interface_4x,T03_P1_CAPACITANCE_RATIO,enabled_symmetric_teaching_top_stack,0.0,0.01,0.0,0.3,channel,0.000775,4.5e-06,7.75,45.0,0.07088343858568279,1.17164888144899e+17
p1_ratio_2p00_common_primary,P1 Ctop/Cbottom=2.00 common-primary proxy,top_primary,interface_4x,T03_P1_CAPACITANCE_RATIO,enabled_symmetric_teaching_top_stack,0.0,0.01,0.0,0.3,channel,0.000775,4.575e-06,7.75,45.75,0.07277778998726393,1.2607273811231258e+17
p1_ratio_2p00_common_primary,P1 Ctop/Cbottom=2.00 common-primary proxy,top_primary,interface_4x,T03_P1_CAPACITANCE_RATIO,enabled_symmetric_teaching_top_stack,0.0,0.01,0.0,0.3,channel,0.000775,4.65e-06,7.75,46.50000000000001,0.07479028613491208,1.3627921788800859e+17
p1_ratio_2p00_common_primary,P1 Ctop/Cbottom=2.00 common-primary proxy,top_primary,interface_4x,T03_P1_CAPACITANCE_RATIO,enabled_symmetric_teaching_top_stack,0.0,0.01,0.0,0.3,channel,0.000775,4.7250000000000005e-06,7.75,47.25000000000001,0.07693131570387089,1.48046227842411e+17
p1_ratio_2p00_common_primary,P1 Ctop/Cbottom=2.00 common-primary proxy,top_primary,interface_4x,T03_P1_CAPACITANCE_RATIO,enabled_symmetric_teaching_top_stack,0.0,0.01,0.0,0.3,channel,0.000775,4.8e-06,7.75,48.0,0.07921285575652691,1.6170577576799725e+17
p1_ratio_2p00_common_primary,P1 Ctop/Cbottom=2.00 common-primary proxy,top_primary,interface_4x,T03_P1_CAPACITANCE_RATIO,enabled_symmetric_teaching_top_stack,0.0,0.01,0.0,0.3,channel,0.000775,4.875e-06,7.75,48.75,0.08164880967686008,1.7768376866593e+17
p1_ratio_2p00_common_primary,P1 Ctop/Cbottom=2.00 common-primary proxy,top_primary,interface_4x,T03_P1_CAPACITANCE_RATIO,enabled_symmetric_teaching_top_stack,0.0,0.01,0.0,0.3,channel,0.000775,4.95e-06,7.75,49.5,0.08425544068029396,1.9653379060932413e+17
p1_ratio_2p00_common_primary,P1 Ctop/Cbottom=2.00 common-primary proxy,top_primary,interface_4x,T03_P1_CAPACITANCE_RATIO,enabled_symmetric_teaching_top_stack,0.0,0.01,0.0,0.3,channel,0.000775,5.025e-06,7.75,50.25,0.0870519352797763,2.1898596036899226e+17
p1_ratio_2p00_common_primary,P1 Ctop/Cbottom=2.00 common-primary proxy,top_primary,interface_4x,T03_P1_CAPACITANCE_RATIO,enabled_symmetric_teaching_top_stack,0.0,0.01,0.0,0.3,channel,0.000775,5.1e-06,7.75,51.0,0.09006114643787108,2.4601908264708438e+17
p1_ratio_2p00_common_primary,P1 Ctop/Cbottom=2.00 common-primary proxy,top_primary,interface_4x,T03_P1_CAPACITANCE_RATIO,enabled_symmetric_teaching_top_stack,0.0,0.01,0.0,0.3,channel,0.000775,5.1750000000000004e-06,7.75,51.75000000000001,0.0933105898440647,2.789697038874741e+17
p1_ratio_2p00_common_primary,P1 Ctop/Cbottom=2.00 common-primary proxy,top_primary,interface_4x,T03_P1_CAPACITANCE_RATIO,enabled_symmetric_teaching_top_stack,0.0,0.01,0.0,0.3,channel,0.000775,5.2500000000000006e-06,7.75,52.50000000000001,0.0968338043198473,3.19701327547804e+17
p1_ratio_2p00_common_primary,P1 Ctop/Cbottom=2.00 common-primary proxy,top_primary,interface_4x,T03_P1_CAPACITANCE_RATIO,enabled_symmetric_teaching_top_stack,0.0,0.01,0.0,0.3,channel,0.000775,5.325e-06,7.75,53.25,0.10067224858749645,3.7087491970931245e+17
p1_ratio_2p00_common_primary,P1 Ctop/Cbottom=2.00 common-primary proxy,top_primary,interface_4x,T03_P1_CAPACITANCE_RATIO,enabled_symmetric_teaching_top_stack,0.0,0.01,0.0,0.3,channel,0.000775,5.4e-06,7.75,54.0,0.1048780097369581,4.363963836090551e+17
p1_ratio_2p00_common_primary,P1 Ctop/Cbottom=2.00 common-primary proxy,top_primary,interface_4x,T03_P1_CAPACITANCE_RATIO,enabled_symmetric_teaching_top_stack,0.0,0.01,0.0,0.3,channel,0.0008,3e-06,8.0,30.0,0.04920260436063049,5.02362578036264e+16
p1_ratio_2p00_common_primary,P1 Ctop/Cbottom=2.00 common-primary proxy,top_primary,interface_4x,T03_P1_CAPACITANCE_RATIO,enabled_symmetric_teaching_top_stack,0.0,0.01,0.0,0.3,channel,0.0008,3.075e-06,8.0,30.750000000000004,0.04978071112263836,5.137230432918838e+16
p1_ratio_2p00_common_primary,P1 Ctop/Cbottom=2.00 common-primary proxy,top_primary,interface_4x,T03_P1_CAPACITANCE_RATIO,enabled_symmetric_teaching_top_stack,0.0,0.01,0.0,0.3,channel,0.0008,3.1500000000000003e-06,8.0,31.500000000000004,0.050400928722660464,5.261968497714871e+16
p1_ratio_2p00_common_primary,P1 Ctop/Cbottom=2.00 common-primary proxy,top_primary,interface_4x,T03_P1_CAPACITANCE_RATIO,enabled_symmetric_teaching_top_stack,0.0,0.01,0.0,0.3,channel,0.0008,3.225e-06,8.0,32.25,0.05106452680826871,5.398787092327985e+16
p1_ratio_2p00_common_primary,P1 Ctop/Cbottom=2.00 common-primary proxy,top_primary,interface_4x,T03_P1_CAPACITANCE_RATIO,enabled_symmetric_teaching_top_stack,0.0,0.01,0.0,0.3,channel,0.0008,3.3e-06,8.0,33.0,0.051772897988824194,5.548764755382951e+16
p1_ratio_2p00_common_primary,P1 Ctop/Cbottom=2.00 common-primary proxy,top_primary,interface_4x,T03_P1_CAPACITANCE_RATIO,enabled_symmetric_teaching_top_stack,0.0,0.01,0.0,0.3,channel,0.0008,3.3750000000000003e-06,8.0,33.75,0.05252756881339299,5.713131557082422e+16
p1_ratio_2p00_common_primary,P1 Ctop/Cbottom=2.00 common-primary proxy,top_primary,interface_4x,T03_P1_CAPACITANCE_RATIO,enabled_symmetric_teaching_top_stack,0.0,0.01,0.0,0.3,channel,0.0008,3.45e-06,8.0,34.5,0.05333021229102758,5.893293108102097e+16
p1_ratio_2p00_common_primary,P1 Ctop/Cbottom=2.00 common-primary proxy,top_primary,interface_4x,T03_P1_CAPACITANCE_RATIO,enabled_symmetric_teaching_top_stack,0.0,0.01,0.0,0.3,channel,0.0008,3.525e-06,8.0,35.25,0.054182662197788736,6.090859333816867e+16
p1_ratio_2p00_common_primary,P1 Ctop/Cbottom=2.00 common-primary proxy,top_primary,interface_4x,T03_P1_CAPACITANCE_RATIO,enabled_symmetric_teaching_top_stack,0.0,0.01,0.0,0.3,channel,0.0008,3.6000000000000003e-06,8.0,36.0,0.05508692946338643,6.307679106507528e+16
p1_ratio_2p00_common_primary,P1 Ctop/Cbottom=2.00 common-primary proxy,top_primary,interface_4x,T03_P1_CAPACITANCE_RATIO,enabled_symmetric_teaching_top_stack,0.0,0.01,0.0,0.3,channel,0.0008,3.6750000000000004e-06,8.0,36.75000000000001,0.05604522098994417,6.5458821207994616e+16
p1_ratio_2p00_common_primary,P1 Ctop/Cbottom=2.00 common-primary proxy,top_primary,interface_4x,T03_P1_CAPACITANCE_RATIO,enabled_symmetric_teaching_top_stack,0.0,0.01,0.0,0.3,channel,0.0008,3.7500000000000005e-06,8.0,37.50000000000001,0.057059961329116254,6.807929779642359e+16
p1_ratio_2p00_common_primary,P1 Ctop/Cbottom=2.00 common-primary proxy,top_primary,interface_4x,T03_P1_CAPACITANCE_RATIO,enabled_symmetric_teaching_top_stack,0.0,0.01,0.0,0.3,channel,0.0008,3.825000000000001e-06,8.0,38.25000000000001,0.058133817735501414,7.096677360726955e+16
p1_ratio_2p00_common_primary,P1 Ctop/Cbottom=2.00 common-primary proxy,top_primary,interface_4x,T03_P1_CAPACITANCE_RATIO,enabled_symmetric_teaching_top_stack,0.0,0.01,0.0,0.3,channel,0.0008,3.9e-06,8.0,39.0,0.05926972922911425,7.415450399576392e+16
p1_ratio_2p00_common_primary,P1 Ctop/Cbottom=2.00 common-primary proxy,top_primary,interface_4x,T03_P1_CAPACITANCE_RATIO,enabled_symmetric_teaching_top_stack,0.0,0.01,0.0,0.3,channel,0.0008,3.975e-06,8.0,39.75,0.060470940444380575,7.768139116346691e+16
p1_ratio_2p00_common_primary,P1 Ctop/Cbottom=2.00 common-primary proxy,top_primary,interface_4x,T03_P1_CAPACITANCE_RATIO,enabled_symmetric_teaching_top_stack,0.0,0.01,0.0,0.3,channel,0.0008,4.05e-06,8.0,40.5,0.06174104122678065,8.159315914718198e+16
p1_ratio_2p00_common_primary,P1 Ctop/Cbottom=2.00 common-primary proxy,top_primary,interface_4x,T03_P1_CAPACITANCE_RATIO,enabled_symmetric_teaching_top_stack,0.0,0.01,0.0,0.3,channel,0.0008,4.125e-06,8.0,41.25,0.06308401317310408,8.594382616573102e+16
p1_ratio_2p00_common_primary,P1 Ctop/Cbottom=2.00 common-primary proxy,top_primary,interface_4x,T03_P1_CAPACITANCE_RATIO,enabled_symmetric_teaching_top_stack,0.0,0.01,0.0,0.3,channel,0.0008,4.2000000000000004e-06,8.0,42.00000000000001,0.06450428461394571,9.079756344347094e+16
p1_ratio_2p00_common_primary,P1 Ctop/Cbottom=2.00 common-primary proxy,top_primary,interface_4x,T03_P1_CAPACITANCE_RATIO,enabled_symmetric_teaching_top_stack,0.0,0.01,0.0,0.3,channel,0.0008,4.2750000000000006e-06,8.0,42.75000000000001,0.06600679593044807,9.62310608651565e+16
p1_ratio_2p00_common_primary,P1 Ctop/Cbottom=2.00 common-primary proxy,top_primary,interface_4x,T03_P1_CAPACITANCE_RATIO,enabled_symmetric_teaching_top_stack,0.0,0.01,0.0,0.3,channel,0.0008,4.350000000000001e-06,8.0,43.50000000000001,0.06759707761317434,1.0233656370720661e+17
p1_ratio_2p00_common_primary,P1 Ctop/Cbottom=2.00 common-primary proxy,top_primary,interface_4x,T03_P1_CAPACITANCE_RATIO,enabled_symmetric_teaching_top_stack,0.0,0.01,0.0,0.3,channel,0.0008,4.425e-06,8.0,44.25,0.06928134415405147,1.0922580711258123e+17
p1_ratio_2p00_common_primary,P1 Ctop/Cbottom=2.00 common-primary proxy,top_primary,interface_4x,T03_P1_CAPACITANCE_RATIO,enabled_symmetric_teaching_top_stack,0.0,0.01,0.0,0.3,channel,0.0008,4.5e-06,8.0,45.0,0.07106660777609307,1.1703516491522042e+17
p1_ratio_2p00_common_primary,P1 Ctop/Cbottom=2.00 common-primary proxy,top_primary,interface_4x,T03_P1_CAPACITANCE_RATIO,enabled_symmetric_teaching_top_stack,0.0,0.01,0.0,0.3,channel,0.0008,4.575e-06,8.0,45.75,0.07296081724163704,1.2593246083023923e+17
p1_ratio_2p00_common_primary,P1 Ctop/Cbottom=2.00 common-primary proxy,top_primary,interface_4x,T03_P1_CAPACITANCE_RATIO,enabled_symmetric_teaching_top_stack,0.0,0.01,0.0,0.3,channel,0.0008,4.65e-06,8.0,46.50000000000001,0.07497302867187551,1.361260849539019e+17
p1_ratio_2p00_common_primary,P1 Ctop/Cbottom=2.00 common-primary proxy,top_primary,interface_4x,T03_P1_CAPACITANCE_RATIO,enabled_symmetric_teaching_top_stack,0.0,0.01,0.0,0.3,channel,0.0008,4.7250000000000005e-06,8.0,47.25000000000001,0.07711361765691438,1.4787735243842064e+17
p1_ratio_2p00_common_primary,P1 Ctop/Cbottom=2.00 common-primary proxy,top_primary,interface_4x,T03_P1_CAPACITANCE_RATIO,enabled_symmetric_teaching_top_stack,0.0,0.01,0.0,0.3,channel,0.0008,4.8e-06,8.0,48.0,0.07939454523565209,1.6151749235845184e+17
p1_ratio_2p00_common_primary,P1 Ctop/Cbottom=2.00 common-primary proxy,top_primary,interface_4x,T03_P1_CAPACITANCE_RATIO,enabled_symmetric_teaching_top_stack,0.0,0.01,0.0,0.3,channel,0.0008,4.875e-06,8.0,48.75,0.0818296950376116,1.774713608759126e+17
p1_ratio_2p00_common_primary,P1 Ctop/Cbottom=2.00 common-primary proxy,top_primary,interface_4x,T03_P1_CAPACITANCE_RATIO,enabled_symmetric_teaching_top_stack,0.0,0.01,0.0,0.3,channel,0.0008,4.95e-06,8.0,49.5,0.08443530572319265,1.962911017110467e+17
p1_ratio_2p00_common_primary,P1 Ctop/Cbottom=2.00 common-primary proxy,top_primary,interface_4x,T03_P1_CAPACITANCE_RATIO,enabled_symmetric_teaching_top_stack,0.0,0.01,0.0,0.3,channel,0.0008,5.025e-06,8.0,50.25,0.0872305329836879,2.1870482470741018e+17
p1_ratio_2p00_common_primary,P1 Ctop/Cbottom=2.00 common-primary proxy,top_primary,interface_4x,T03_P1_CAPACITANCE_RATIO,enabled_symmetric_teaching_top_stack,0.0,0.01,0.0,0.3,channel,0.0008,5.1e-06,8.0,51.0,0.0902381906485865,2.4568847737337392e+17
p1_ratio_2p00_common_primary,P1 Ctop/Cbottom=2.00 common-primary proxy,top_primary,interface_4x,T03_P1_CAPACITANCE_RATIO,enabled_symmetric_teaching_top_stack,0.0,0.01,0.0,0.3,channel,0.0008,5.1750000000000004e-06,8.0,51.75000000000001,0.0934857440546827,2.7857445202614902e+17
p1_ratio_2p00_common_primary,P1 Ctop/Cbottom=2.00 common-primary proxy,top_primary,interface_4x,T03_P1_CAPACITANCE_RATIO,enabled_symmetric_teaching_top_stack,0.0,0.01,0.0,0.3,channel,0.0008,5.2500000000000006e-06,8.0,52.50000000000001,0.09700666622287543,3.192200593840837e+17
p1_ratio_2p00_common_primary,P1 Ctop/Cbottom=2.00 common-primary proxy,top_primary,interface_4x,T03_P1_CAPACITANCE_RATIO,enabled_symmetric_teaching_top_stack,0.0,0.01,0.0,0.3,channel,0.0008,5.325e-06,8.0,53.25,0.10084232832366641,3.702767654884281e+17
p1_ratio_2p00_common_primary,P1 Ctop/Cbottom=2.00 common-primary proxy,top_primary,interface_4x,T03_P1_CAPACITANCE_RATIO,enabled_symmetric_teaching_top_stack,0.0,0.01,0.0,0.3,channel,0.0008,5.4e-06,8.0,54.0,0.1050446984744162,4.3563540920002144e+17
p1_ratio_2p00_common_primary,P1 Ctop/Cbottom=2.00 common-primary proxy,top_primary,interface_4x,T03_P1_CAPACITANCE_RATIO,enabled_symmetric_teaching_top_stack,0.0,0.01,0.0,0.3,channel,0.000825,3e-06,8.25,30.0,0.049367074544666247,5.014379984051801e+16
p1_ratio_2p00_common_primary,P1 Ctop/Cbottom=2.00 common-primary proxy,top_primary,interface_4x,T03_P1_CAPACITANCE_RATIO,enabled_symmetric_teaching_top_stack,0.0,0.01,0.0,0.3,channel,0.000825,3.075e-06,8.25,30.750000000000004,0.049946998247843065,5.128135956624382e+16
p1_ratio_2p00_common_primary,P1 Ctop/Cbottom=2.00 common-primary proxy,top_primary,interface_4x,T03_P1_CAPACITANCE_RATIO,enabled_symmetric_teaching_top_stack,0.0,0.01,0.0,0.3,channel,0.000825,3.1500000000000003e-06,8.25,31.500000000000004,0.050568940220814186,5.2530035694267176e+16
p1_ratio_2p00_common_primary,P1 Ctop/Cbottom=2.00 common-primary proxy,top_primary,interface_4x,T03_P1_CAPACITANCE_RATIO,enabled_symmetric_teaching_top_stack,0.0,0.01,0.0,0.3,channel,0.000825,3.225e-06,8.25,32.25,0.05123417142975709,5.389929545314799e+16
p1_ratio_2p00_common_primary,P1 Ctop/Cbottom=2.00 common-primary proxy,top_primary,interface_4x,T03_P1_CAPACITANCE_RATIO,enabled_symmetric_teaching_top_stack,0.0,0.01,0.0,0.3,channel,0.000825,3.3e-06,8.25,33.0,0.05194408557701415,5.5399917891862856e+16
p1_ratio_2p00_common_primary,P1 Ctop/Cbottom=2.00 common-primary proxy,top_primary,interface_4x,T03_P1_CAPACITANCE_RATIO,enabled_symmetric_teaching_top_stack,0.0,0.01,0.0,0.3,channel,0.000825,3.3750000000000003e-06,8.25,33.75,0.05270021007255803,5.70441946939974e+16
p1_ratio_2p00_common_primary,P1 Ctop/Cbottom=2.00 common-primary proxy,top_primary,interface_4x,T03_P1_CAPACITANCE_RATIO,enabled_symmetric_teaching_top_stack,0.0,0.01,0.0,0.3,channel,0.000825,3.45e-06,8.25,34.5,0.05350421854509371,5.8846169895568584e+16
p1_ratio_2p00_common_primary,P1 Ctop/Cbottom=2.00 common-primary proxy,top_primary,interface_4x,T03_P1_CAPACITANCE_RATIO,enabled_symmetric_teaching_top_stack,0.0,0.01,0.0,0.3,channel,0.000825,3.525e-06,8.25,35.25,0.05435794513679411,6.0821927157453976e+16
p1_ratio_2p00_common_primary,P1 Ctop/Cbottom=2.00 common-primary proxy,top_primary,interface_4x,T03_P1_CAPACITANCE_RATIO,enabled_symmetric_teaching_top_stack,0.0,0.01,0.0,0.3,channel,0.000825,3.6000000000000003e-06,8.25,36.0,0.05526340087406979,6.2989935494561896e+16
p1_ratio_2p00_common_primary,P1 Ctop/Cbottom=2.00 common-primary proxy,top_primary,interface_4x,T03_P1_CAPACITANCE_RATIO,enabled_symmetric_teaching_top_stack,0.0,0.01,0.0,0.3,channel,0.000825,3.6750000000000004e-06,8.25,36.75000000000001,0.05622279246627365,6.537146728236424e+16
p1_ratio_2p00_common_primary,P1 Ctop/Cbottom=2.00 common-primary proxy,top_primary,interface_4x,T03_P1_CAPACITANCE_RATIO,enabled_symmetric_teaching_top_stack,0.0,0.01,0.0,0.3,channel,0.000825,3.7500000000000005e-06,8.25,37.50000000000001,0.0572385439578087,6.799110617191549e+16
p1_ratio_2p00_common_primary,P1 Ctop/Cbottom=2.00 common-primary proxy,top_primary,interface_4x,T03_P1_CAPACITANCE_RATIO,enabled_symmetric_teaching_top_stack,0.0,0.01,0.0,0.3,channel,0.000825,3.825000000000001e-06,8.25,38.25000000000001,0.058313321750621025,7.087736755674699e+16
p1_ratio_2p00_common_primary,P1 Ctop/Cbottom=2.00 common-primary proxy,top_primary,interface_4x,T03_P1_CAPACITANCE_RATIO,enabled_symmetric_teaching_top_stack,0.0,0.01,0.0,0.3,channel,0.000825,3.9e-06,8.25,39.0,0.059450063628620486,7.406346087990656e+16
p1_ratio_2p00_common_primary,P1 Ctop/Cbottom=2.00 common-primary proxy,top_primary,interface_4x,T03_P1_CAPACITANCE_RATIO,enabled_symmetric_teaching_top_stack,0.0,0.01,0.0,0.3,channel,0.000825,3.975e-06,8.25,39.75,0.06065201255994435,7.758823195188525e+16
p1_ratio_2p00_common_primary,P1 Ctop/Cbottom=2.00 common-primary proxy,top_primary,interface_4x,T03_P1_CAPACITANCE_RATIO,enabled_symmetric_teaching_top_stack,0.0,0.01,0.0,0.3,channel,0.000825,4.05e-06,8.25,40.5,0.06192275623620279,8.149733542822723e+16
p1_ratio_2p00_common_primary,P1 Ctop/Cbottom=2.00 common-primary proxy,top_primary,interface_4x,T03_P1_CAPACITANCE_RATIO,enabled_symmetric_teaching_top_stack,0.0,0.01,0.0,0.3,channel,0.000825,4.125e-06,8.25,41.25,0.06326627354211396,8.584470389903019e+16
p1_ratio_2p00_common_primary,P1 Ctop/Cbottom=2.00 common-primary proxy,top_primary,interface_4x,T03_P1_CAPACITANCE_RATIO,enabled_symmetric_teaching_top_stack,0.0,0.01,0.0,0.3,channel,0.000825,4.2000000000000004e-06,8.25,42.00000000000001,0.06468698945084271,9.069440245390698e+16
p1_ratio_2p00_common_primary,P1 Ctop/Cbottom=2.00 common-primary proxy,top_primary,interface_4x,T03_P1_CAPACITANCE_RATIO,enabled_symmetric_teaching_top_stack,0.0,0.01,0.0,0.3,channel,0.000825,4.2750000000000006e-06,8.25,42.75000000000001,0.06618984023271363,9.612298872037245e+16
p1_ratio_2p00_common_primary,P1 Ctop/Cbottom=2.00 common-primary proxy,top_primary,interface_4x,T03_P1_CAPACITANCE_RATIO,enabled_symmetric_teaching_top_stack,0.0,0.01,0.0,0.3,channel,0.000825,4.350000000000001e-06,8.25,43.50000000000001,0.06778035137946578,1.0222254211673909e+17
p1_ratio_2p00_common_primary,P1 Ctop/Cbottom=2.00 common-primary proxy,top_primary,interface_4x,T03_P1_CAPACITANCE_RATIO,enabled_symmetric_teaching_top_stack,0.0,0.01,0.0,0.3,channel,0.000825,4.425e-06,8.25,44.25,0.06946473132737717,1.0910458826565702e+17
p1_ratio_2p00_common_primary,P1 Ctop/Cbottom=2.00 common-primary proxy,top_primary,interface_4x,T03_P1_CAPACITANCE_RATIO,enabled_symmetric_teaching_top_stack,0.0,0.01,0.0,0.3,channel,0.000825,4.5e-06,8.25,45.0,0.07124998497372693,1.1690523412866832e+17
p1_ratio_2p00_common_primary,P1 Ctop/Cbottom=2.00 common-primary proxy,top_primary,interface_4x,T03_P1_CAPACITANCE_RATIO,enabled_symmetric_teaching_top_stack,0.0,0.01,0.0,0.3,channel,0.000825,4.575e-06,8.25,45.75,0.07314405221339693,1.2579196033977408e+17
p1_ratio_2p00_common_primary,P1 Ctop/Cbottom=2.00 common-primary proxy,top_primary,interface_4x,T03_P1_CAPACITANCE_RATIO,enabled_symmetric_teaching_top_stack,0.0,0.01,0.0,0.3,channel,0.000825,4.65e-06,8.25,46.50000000000001,0.07515597840919597,1.3597271138348811e+17
p1_ratio_2p00_common_primary,P1 Ctop/Cbottom=2.00 common-primary proxy,top_primary,interface_4x,T03_P1_CAPACITANCE_RATIO,enabled_symmetric_teaching_top_stack,0.0,0.01,0.0,0.3,channel,0.000825,4.7250000000000005e-06,8.25,47.25000000000001,0.0772961260483532,1.477082169888601e+17
p1_ratio_2p00_common_primary,P1 Ctop/Cbottom=2.00 common-primary proxy,top_primary,interface_4x,T03_P1_CAPACITANCE_RATIO,enabled_symmetric_teaching_top_stack,0.0,0.01,0.0,0.3,channel,0.000825,4.8e-06,8.25,48.0,0.07957644012652329,1.613289273473775e+17
p1_ratio_2p00_common_primary,P1 Ctop/Cbottom=2.00 common-primary proxy,top_primary,interface_4x,T03_P1_CAPACITANCE_RATIO,enabled_symmetric_teaching_top_stack,0.0,0.01,0.0,0.3,channel,0.000825,4.875e-06,8.25,48.75,0.08201078449683136,1.772586477157706e+17
p1_ratio_2p00_common_primary,P1 Ctop/Cbottom=2.00 common-primary proxy,top_primary,interface_4x,T03_P1_CAPACITANCE_RATIO,enabled_symmetric_teaching_top_stack,0.0,0.01,0.0,0.3,channel,0.000825,4.95e-06,8.25,49.5,0.08461537324046049,1.9604808160725837e+17
p1_ratio_2p00_common_primary,P1 Ctop/Cbottom=2.00 common-primary proxy,top_primary,interface_4x,T03_P1_CAPACITANCE_RATIO,enabled_symmetric_teaching_top_stack,0.0,0.01,0.0,0.3,channel,0.000825,5.025e-06,8.25,50.25,0.08740933120075173,2.184233305062458e+17
p1_ratio_2p00_common_primary,P1 Ctop/Cbottom=2.00 common-primary proxy,top_primary,interface_4x,T03_P1_CAPACITANCE_RATIO,enabled_symmetric_teaching_top_stack,0.0,0.01,0.0,0.3,channel,0.000825,5.1e-06,8.25,51.0,0.09041543304629729,2.453574861145148e+17
p1_ratio_2p00_common_primary,P1 Ctop/Cbottom=2.00 common-primary proxy,top_primary,interface_4x,T03_P1_CAPACITANCE_RATIO,enabled_symmetric_teaching_top_stack,0.0,0.01,0.0,0.3,channel,0.000825,5.1750000000000004e-06,8.25,51.75000000000001,0.09366109373326383,2.7817878958814746e+17
p1_ratio_2p00_common_primary,P1 Ctop/Cbottom=2.00 common-primary proxy,top_primary,interface_4x,T03_P1_CAPACITANCE_RATIO,enabled_symmetric_teaching_top_stack,0.0,0.01,0.0,0.3,channel,0.000825,5.2500000000000006e-06,8.25,52.50000000000001,0.09717972045692858,3.187383649348062e+17
p1_ratio_2p00_common_primary,P1 Ctop/Cbottom=2.00 common-primary proxy,top_primary,interface_4x,T03_P1_CAPACITANCE_RATIO,enabled_symmetric_teaching_top_stack,0.0,0.01,0.0,0.3,channel,0.000825,5.325e-06,8.25,53.25,0.10101259682002806,3.6967819023570157e+17
p1_ratio_2p00_common_primary,P1 Ctop/Cbottom=2.00 common-primary proxy,top_primary,interface_4x,T03_P1_CAPACITANCE_RATIO,enabled_symmetric_teaching_top_stack,0.0,0.01,0.0,0.3,channel,0.000825,5.4e-06,8.25,54.0,0.10521157197268495,4.348740643432618e+17
p1_ratio_2p00_common_primary,P1 Ctop/Cbottom=2.00 common-primary proxy,top_primary,interface_4x,T03_P1_CAPACITANCE_RATIO,enabled_symmetric_teaching_top_stack,0.0,0.01,0.0,0.3,channel,0.0008500000000000001,3e-06,8.5,30.0,0.049531728750282104,5.0051313138566504e+16
p1_ratio_2p00_common_primary,P1 Ctop/Cbottom=2.00 common-primary proxy,top_primary,interface_4x,T03_P1_CAPACITANCE_RATIO,enabled_symmetric_teaching_top_stack,0.0,0.01,0.0,0.3,channel,0.0008500000000000001,3.075e-06,8.5,30.750000000000004,0.050113471465579644,5.119037647331737e+16
p1_ratio_2p00_common_primary,P1 Ctop/Cbottom=2.00 common-primary proxy,top_primary,interface_4x,T03_P1_CAPACITANCE_RATIO,enabled_symmetric_teaching_top_stack,0.0,0.01,0.0,0.3,channel,0.0008500000000000001,3.1500000000000003e-06,8.5,31.500000000000004,0.050737139843437314,5.244033907316946e+16
p1_ratio_2p00_common_primary,P1 Ctop/Cbottom=2.00 common-primary proxy,top_primary,interface_4x,T03_P1_CAPACITANCE_RATIO,enabled_symmetric_teaching_top_stack,0.0,0.01,0.0,0.3,channel,0.0008500000000000001,3.225e-06,8.5,32.25,0.05140400615946913,5.3810664130164664e+16
p1_ratio_2p00_common_primary,P1 Ctop/Cbottom=2.00 common-primary proxy,top_primary,interface_4x,T03_P1_CAPACITANCE_RATIO,enabled_symmetric_teaching_top_stack,0.0,0.01,0.0,0.3,channel,0.0008500000000000001,3.3e-06,8.5,33.0,0.052115465200332105,5.5312124271142184e+16
p1_ratio_2p00_common_primary,P1 Ctop/Cbottom=2.00 common-primary proxy,top_primary,interface_4x,T03_P1_CAPACITANCE_RATIO,enabled_symmetric_teaching_top_stack,0.0,0.01,0.0,0.3,channel,0.0008500000000000001,3.3750000000000003e-06,8.5,33.75,0.0528730452286549,5.695700207969719e+16
p1_ratio_2p00_common_primary,P1 Ctop/Cbottom=2.00 common-primary proxy,top_primary,interface_4x,T03_P1_CAPACITANCE_RATIO,enabled_symmetric_teaching_top_stack,0.0,0.01,0.0,0.3,channel,0.0008500000000000001,3.45e-06,8.5,34.5,0.05367842048487739,5.875932944177343e+16
p1_ratio_2p00_common_primary,P1 Ctop/Cbottom=2.00 common-primary proxy,top_primary,interface_4x,T03_P1_CAPACITANCE_RATIO,enabled_symmetric_teaching_top_stack,0.0,0.01,0.0,0.3,channel,0.0008500000000000001,3.525e-06,8.5,35.25,0.05453342546961936,6.073517434716056e+16
p1_ratio_2p00_common_primary,P1 Ctop/Cbottom=2.00 common-primary proxy,top_primary,interface_4x,T03_P1_CAPACITANCE_RATIO,enabled_symmetric_teaching_top_stack,0.0,0.01,0.0,0.3,channel,0.0008500000000000001,3.6000000000000003e-06,8.5,36.0,0.05544007129849936,6.2902986024645896e+16
p1_ratio_2p00_common_primary,P1 Ctop/Cbottom=2.00 common-primary proxy,top_primary,interface_4x,T03_P1_CAPACITANCE_RATIO,enabled_symmetric_teaching_top_stack,0.0,0.01,0.0,0.3,channel,0.0008500000000000001,3.6750000000000004e-06,8.5,36.75000000000001,0.056400564480700015,6.528401219952818e+16
p1_ratio_2p00_common_primary,P1 Ctop/Cbottom=2.00 common-primary proxy,top_primary,interface_4x,T03_P1_CAPACITANCE_RATIO,enabled_symmetric_teaching_top_stack,0.0,0.01,0.0,0.3,channel,0.0008500000000000001,3.7500000000000005e-06,8.5,37.50000000000001,0.05741732854598572,6.7902806062626616e+16
p1_ratio_2p00_common_primary,P1 Ctop/Cbottom=2.00 common-primary proxy,top_primary,interface_4x,T03_P1_CAPACITANCE_RATIO,enabled_symmetric_teaching_top_stack,0.0,0.01,0.0,0.3,channel,0.0008500000000000001,3.825000000000001e-06,8.5,38.25000000000001,0.05849302903619151,7.078784553858144e+16
p1_ratio_2p00_common_primary,P1 Ctop/Cbottom=2.00 common-primary proxy,top_primary,interface_4x,T03_P1_CAPACITANCE_RATIO,enabled_symmetric_teaching_top_stack,0.0,0.01,0.0,0.3,channel,0.0008500000000000001,3.9e-06,8.5,39.0,0.059630602491506104,7.397229406758832e+16
p1_ratio_2p00_common_primary,P1 Ctop/Cbottom=2.00 common-primary proxy,top_primary,interface_4x,T03_P1_CAPACITANCE_RATIO,enabled_symmetric_teaching_top_stack,0.0,0.01,0.0,0.3,channel,0.0008500000000000001,3.975e-06,8.5,39.75,0.06083329020591141,7.749494097168838e+16
p1_ratio_2p00_common_primary,P1 Ctop/Cbottom=2.00 common-primary proxy,top_primary,interface_4x,T03_P1_CAPACITANCE_RATIO,enabled_symmetric_teaching_top_stack,0.0,0.01,0.0,0.3,channel,0.0008500000000000001,4.05e-06,8.5,40.5,0.06210467770893125,8.14013714193774e+16
p1_ratio_2p00_common_primary,P1 Ctop/Cbottom=2.00 common-primary proxy,top_primary,interface_4x,T03_P1_CAPACITANCE_RATIO,enabled_symmetric_teaching_top_stack,0.0,0.01,0.0,0.3,channel,0.0008500000000000001,4.125e-06,8.5,41.25,0.063448741164539,8.574543225600538e+16
p1_ratio_2p00_common_primary,P1 Ctop/Cbottom=2.00 common-primary proxy,top_primary,interface_4x,T03_P1_CAPACITANCE_RATIO,enabled_symmetric_teaching_top_stack,0.0,0.01,0.0,0.3,channel,0.0008500000000000001,4.2000000000000004e-06,8.5,42.00000000000001,0.06486990217922083,9.059108230826438e+16
p1_ratio_2p00_common_primary,P1 Ctop/Cbottom=2.00 common-primary proxy,top_primary,interface_4x,T03_P1_CAPACITANCE_RATIO,enabled_symmetric_teaching_top_stack,0.0,0.01,0.0,0.3,channel,0.0008500000000000001,4.2750000000000006e-06,8.5,42.75000000000001,0.06637309290252903,9.601474680418166e+16
p1_ratio_2p00_common_primary,P1 Ctop/Cbottom=2.00 common-primary proxy,top_primary,interface_4x,T03_P1_CAPACITANCE_RATIO,enabled_symmetric_teaching_top_stack,0.0,0.01,0.0,0.3,channel,0.0008500000000000001,4.350000000000001e-06,8.5,43.50000000000001,0.06796383381657381,1.0210833914591861e+17
p1_ratio_2p00_common_primary,P1 Ctop/Cbottom=2.00 common-primary proxy,top_primary,interface_4x,T03_P1_CAPACITANCE_RATIO,enabled_symmetric_teaching_top_stack,0.0,0.01,0.0,0.3,channel,0.0008500000000000001,4.425e-06,8.5,44.25,0.06964832729016794,1.0898317526080832e+17
p1_ratio_2p00_common_primary,P1 Ctop/Cbottom=2.00 common-primary proxy,top_primary,interface_4x,T03_P1_CAPACITANCE_RATIO,enabled_symmetric_teaching_top_stack,0.0,0.01,0.0,0.3,channel,0.0008500000000000001,4.5e-06,8.5,45.0,0.07143357088185054,1.167750950460922e+17
p1_ratio_2p00_common_primary,P1 Ctop/Cbottom=2.00 common-primary proxy,top_primary,interface_4x,T03_P1_CAPACITANCE_RATIO,enabled_symmetric_teaching_top_stack,0.0,0.01,0.0,0.3,channel,0.0008500000000000001,4.575e-06,8.5,45.75,0.07332749560465684,1.2565123584837891e+17
p1_ratio_2p00_common_primary,P1 Ctop/Cbottom=2.00 common-primary proxy,top_primary,interface_4x,T03_P1_CAPACITANCE_RATIO,enabled_symmetric_teaching_top_stack,0.0,0.01,0.0,0.3,channel,0.0008500000000000001,4.65e-06,8.5,46.50000000000001,0.07533913604702717,1.3581909632693368e+17
p1_ratio_2p00_common_primary,P1 Ctop/Cbottom=2.00 common-primary proxy,top_primary,interface_4x,T03_P1_CAPACITANCE_RATIO,enabled_symmetric_teaching_top_stack,0.0,0.01,0.0,0.3,channel,0.0008500000000000001,4.7250000000000005e-06,8.5,47.25000000000001,0.07747884157551656,1.4753882058264154e+17
p1_ratio_2p00_common_primary,P1 Ctop/Cbottom=2.00 common-primary proxy,top_primary,interface_4x,T03_P1_CAPACITANCE_RATIO,enabled_symmetric_teaching_top_stack,0.0,0.01,0.0,0.3,channel,0.0008500000000000001,4.8e-06,8.5,48.0,0.07975854112271777,1.6114007975868115e+17
p1_ratio_2p00_common_primary,P1 Ctop/Cbottom=2.00 common-primary proxy,top_primary,interface_4x,T03_P1_CAPACITANCE_RATIO,enabled_symmetric_teaching_top_stack,0.0,0.01,0.0,0.3,channel,0.0008500000000000001,4.875e-06,8.5,48.75,0.08219207874335123,1.770456281412939e+17
p1_ratio_2p00_common_primary,P1 Ctop/Cbottom=2.00 common-primary proxy,top_primary,interface_4x,T03_P1_CAPACITANCE_RATIO,enabled_symmetric_teaching_top_stack,0.0,0.01,0.0,0.3,channel,0.0008500000000000001,4.95e-06,8.5,49.5,0.0847956439151211,1.9580472918385686e+17
p1_ratio_2p00_common_primary,P1 Ctop/Cbottom=2.00 common-primary proxy,top_primary,interface_4x,T03_P1_CAPACITANCE_RATIO,enabled_symmetric_teaching_top_stack,0.0,0.01,0.0,0.3,channel,0.0008500000000000001,5.025e-06,8.5,50.25,0.08758833060704908,2.181414765821599e+17
p1_ratio_2p00_common_primary,P1 Ctop/Cbottom=2.00 common-primary proxy,top_primary,interface_4x,T03_P1_CAPACITANCE_RATIO,enabled_symmetric_teaching_top_stack,0.0,0.01,0.0,0.3,channel,0.0008500000000000001,5.1e-06,8.5,51.0,0.09059287429893804,2.4502610762268883e+17
p1_ratio_2p00_common_primary,P1 Ctop/Cbottom=2.00 common-primary proxy,top_primary,interface_4x,T03_P1_CAPACITANCE_RATIO,enabled_symmetric_teaching_top_stack,0.0,0.01,0.0,0.3,channel,0.0008500000000000001,5.1750000000000004e-06,8.5,51.75000000000001,0.09383663953832587,2.7778271527247213e+17
p1_ratio_2p00_common_primary,P1 Ctop/Cbottom=2.00 common-primary proxy,top_primary,interface_4x,T03_P1_CAPACITANCE_RATIO,enabled_symmetric_teaching_top_stack,0.0,0.01,0.0,0.3,channel,0.0008500000000000001,5.2500000000000006e-06,8.5,52.50000000000001,0.09735296766978345,3.182562428669089e+17
p1_ratio_2p00_common_primary,P1 Ctop/Cbottom=2.00 common-primary proxy,top_primary,interface_4x,T03_P1_CAPACITANCE_RATIO,enabled_symmetric_teaching_top_stack,0.0,0.01,0.0,0.3,channel,0.0008500000000000001,5.325e-06,8.5,53.25,0.10118305471226022,3.690791926204232e+17
p1_ratio_2p00_common_primary,P1 Ctop/Cbottom=2.00 common-primary proxy,top_primary,interface_4x,T03_P1_CAPACITANCE_RATIO,enabled_symmetric_teaching_top_stack,0.0,0.01,0.0,0.3,channel,0.0008500000000000001,5.4e-06,8.5,54.0,0.10537863085399082,4.341123477587645e+17
p1_ratio_2p00_common_primary,P1 Ctop/Cbottom=2.00 common-primary proxy,top_primary,interface_4x,T03_P1_CAPACITANCE_RATIO,enabled_symmetric_teaching_top_stack,0.0,0.01,0.0,0.3,channel,0.0008750000000000001,3e-06,8.750000000000002,30.0,0.04969656760138018,4.9958797570077544e+16
p1_ratio_2p00_common_primary,P1 Ctop/Cbottom=2.00 common-primary proxy,top_primary,interface_4x,T03_P1_CAPACITANCE_RATIO,enabled_symmetric_teaching_top_stack,0.0,0.01,0.0,0.3,channel,0.0008750000000000001,3.075e-06,8.750000000000002,30.750000000000004,0.0502801314067562,5.109935490419079e+16
p1_ratio_2p00_common_primary,P1 Ctop/Cbottom=2.00 common-primary proxy,top_primary,interface_4x,T03_P1_CAPACITANCE_RATIO,enabled_symmetric_teaching_top_stack,0.0,0.01,0.0,0.3,channel,0.0008750000000000001,3.1500000000000003e-06,8.750000000000002,31.500000000000004,0.05090552822829512,5.2350594947695096e+16
p1_ratio_2p00_common_primary,P1 Ctop/Cbottom=2.00 common-primary proxy,top_primary,interface_4x,T03_P1_CAPACITANCE_RATIO,enabled_symmetric_teaching_top_stack,0.0,0.01,0.0,0.3,channel,0.0008750000000000001,3.225e-06,8.750000000000002,32.25,0.051574031641858135,5.3721976767003784e+16
p1_ratio_2p00_common_primary,P1 Ctop/Cbottom=2.00 common-primary proxy,top_primary,interface_4x,T03_P1_CAPACITANCE_RATIO,enabled_symmetric_teaching_top_stack,0.0,0.01,0.0,0.3,channel,0.0008750000000000001,3.3e-06,8.750000000000002,33.0,0.05228703750972875,5.5224266482094664e+16
p1_ratio_2p00_common_primary,P1 Ctop/Cbottom=2.00 common-primary proxy,top_primary,interface_4x,T03_P1_CAPACITANCE_RATIO,enabled_symmetric_teaching_top_stack,0.0,0.01,0.0,0.3,channel,0.0008750000000000001,3.3750000000000003e-06,8.750000000000002,33.75,0.05304607493891835,5.6869737495118264e+16
p1_ratio_2p00_common_primary,P1 Ctop/Cbottom=2.00 common-primary proxy,top_primary,interface_4x,T03_P1_CAPACITANCE_RATIO,enabled_symmetric_teaching_top_stack,0.0,0.01,0.0,0.3,channel,0.0008750000000000001,3.45e-06,8.750000000000002,34.5,0.05385281877366051,5.867240946266509e+16
p1_ratio_2p00_common_primary,P1 Ctop/Cbottom=2.00 common-primary proxy,top_primary,interface_4x,T03_P1_CAPACITANCE_RATIO,enabled_symmetric_teaching_top_stack,0.0,0.01,0.0,0.3,channel,0.0008750000000000001,3.525e-06,8.750000000000002,35.25,0.05470910386533196,6.064833462523507e+16
p1_ratio_2p00_common_primary,P1 Ctop/Cbottom=2.00 common-primary proxy,top_primary,interface_4x,T03_P1_CAPACITANCE_RATIO,enabled_symmetric_teaching_top_stack,0.0,0.01,0.0,0.3,channel,0.0008750000000000001,3.6000000000000003e-06,8.750000000000002,36.0,0.055616941411241044,6.281594234725263e+16
p1_ratio_2p00_common_primary,P1 Ctop/Cbottom=2.00 common-primary proxy,top_primary,interface_4x,T03_P1_CAPACITANCE_RATIO,enabled_symmetric_teaching_top_stack,0.0,0.01,0.0,0.3,channel,0.0008750000000000001,3.6750000000000004e-06,8.750000000000002,36.75000000000001,0.05657853771297408,6.519645562439826e+16
p1_ratio_2p00_common_primary,P1 Ctop/Cbottom=2.00 common-primary proxy,top_primary,interface_4x,T03_P1_CAPACITANCE_RATIO,enabled_symmetric_teaching_top_stack,0.0,0.01,0.0,0.3,channel,0.0008750000000000001,3.7500000000000005e-06,8.750000000000002,37.50000000000001,0.05759631577824195,6.781439710537748e+16
p1_ratio_2p00_common_primary,P1 Ctop/Cbottom=2.00 common-primary proxy,top_primary,interface_4x,T03_P1_CAPACITANCE_RATIO,enabled_symmetric_teaching_top_stack,0.0,0.01,0.0,0.3,channel,0.0008750000000000001,3.825000000000001e-06,8.750000000000002,38.25000000000001,0.058672940281281706,7.069820716030789e+16
p1_ratio_2p00_common_primary,P1 Ctop/Cbottom=2.00 common-primary proxy,top_primary,interface_4x,T03_P1_CAPACITANCE_RATIO,enabled_symmetric_teaching_top_stack,0.0,0.01,0.0,0.3,channel,0.0008750000000000001,3.9e-06,8.750000000000002,39.0,0.05981134651091463,7.388100313571786e+16
p1_ratio_2p00_common_primary,P1 Ctop/Cbottom=2.00 common-primary proxy,top_primary,interface_4x,T03_P1_CAPACITANCE_RATIO,enabled_symmetric_teaching_top_stack,0.0,0.01,0.0,0.3,channel,0.0008750000000000001,3.975e-06,8.750000000000002,39.75,0.06101477407906934,7.740151776764122e+16
p1_ratio_2p00_common_primary,P1 Ctop/Cbottom=2.00 common-primary proxy,top_primary,interface_4x,T03_P1_CAPACITANCE_RATIO,enabled_symmetric_teaching_top_stack,0.0,0.01,0.0,0.3,channel,0.0008750000000000001,4.05e-06,8.750000000000002,40.5,0.06228680634493435,8.130526663153003e+16
p1_ratio_2p00_common_primary,P1 Ctop/Cbottom=2.00 common-primary proxy,top_primary,interface_4x,T03_P1_CAPACITANCE_RATIO,enabled_symmetric_teaching_top_stack,0.0,0.01,0.0,0.3,channel,0.0008750000000000001,4.125e-06,8.750000000000002,41.25,0.06363141674303034,8.564601071172763e+16
p1_ratio_2p00_common_primary,P1 Ctop/Cbottom=2.00 common-primary proxy,top_primary,interface_4x,T03_P1_CAPACITANCE_RATIO,enabled_symmetric_teaching_top_stack,0.0,0.01,0.0,0.3,channel,0.0008750000000000001,4.2000000000000004e-06,8.750000000000002,42.00000000000001,0.06505302350387976,9.048760244356565e+16
p1_ratio_2p00_common_primary,P1 Ctop/Cbottom=2.00 common-primary proxy,top_primary,interface_4x,T03_P1_CAPACITANCE_RATIO,enabled_symmetric_teaching_top_stack,0.0,0.01,0.0,0.3,channel,0.0008750000000000001,4.2750000000000006e-06,8.750000000000002,42.75000000000001,0.06655655464626954,9.590633451304754e+16
p1_ratio_2p00_common_primary,P1 Ctop/Cbottom=2.00 common-primary proxy,top_primary,interface_4x,T03_P1_CAPACITANCE_RATIO,enabled_symmetric_teaching_top_stack,0.0,0.01,0.0,0.3,channel,0.0008750000000000001,4.350000000000001e-06,8.750000000000002,43.50000000000001,0.06814752563183488,1.0199395414783142e+17
p1_ratio_2p00_common_primary,P1 Ctop/Cbottom=2.00 common-primary proxy,top_primary,interface_4x,T03_P1_CAPACITANCE_RATIO,enabled_symmetric_teaching_top_stack,0.0,0.01,0.0,0.3,channel,0.0008750000000000001,4.425e-06,8.750000000000002,44.25,0.06983213275006304,1.0886156740460808e+17
p1_ratio_2p00_common_primary,P1 Ctop/Cbottom=2.00 common-primary proxy,top_primary,interface_4x,T03_P1_CAPACITANCE_RATIO,enabled_symmetric_teaching_top_stack,0.0,0.01,0.0,0.3,channel,0.0008750000000000001,4.5e-06,8.750000000000002,45.0,0.07161736620770007,1.1664474692410443e+17
p1_ratio_2p00_common_primary,P1 Ctop/Cbottom=2.00 common-primary proxy,top_primary,interface_4x,T03_P1_CAPACITANCE_RATIO,enabled_symmetric_teaching_top_stack,0.0,0.01,0.0,0.3,channel,0.0008750000000000001,4.575e-06,8.750000000000002,45.75,0.0735111481214933,1.2551028655898086e+17
p1_ratio_2p00_common_primary,P1 Ctop/Cbottom=2.00 common-primary proxy,top_primary,interface_4x,T03_P1_CAPACITANCE_RATIO,enabled_symmetric_teaching_top_stack,0.0,0.01,0.0,0.3,channel,0.0008750000000000001,4.65e-06,8.750000000000002,46.50000000000001,0.0755225022894746,1.3566523892955646e+17
p1_ratio_2p00_common_primary,P1 Ctop/Cbottom=2.00 common-primary proxy,top_primary,interface_4x,T03_P1_CAPACITANCE_RATIO,enabled_symmetric_teaching_top_stack,0.0,0.01,0.0,0.3,channel,0.0008750000000000001,4.7250000000000005e-06,8.750000000000002,47.25000000000001,0.07766176493966895,1.4736916230349936e+17
p1_ratio_2p00_common_primary,P1 Ctop/Cbottom=2.00 common-primary proxy,top_primary,interface_4x,T03_P1_CAPACITANCE_RATIO,enabled_symmetric_teaching_top_stack,0.0,0.01,0.0,0.3,channel,0.0008750000000000001,4.8e-06,8.750000000000002,48.0,0.07994084892172647,1.6095094861074954e+17
p1_ratio_2p00_common_primary,P1 Ctop/Cbottom=2.00 common-primary proxy,top_primary,interface_4x,T03_P1_CAPACITANCE_RATIO,enabled_symmetric_teaching_top_stack,0.0,0.01,0.0,0.3,channel,0.0008750000000000001,4.875e-06,8.750000000000002,48.75,0.08237357846988938,1.7683230110240163e+17
p1_ratio_2p00_common_primary,P1 Ctop/Cbottom=2.00 common-primary proxy,top_primary,interface_4x,T03_P1_CAPACITANCE_RATIO,enabled_symmetric_teaching_top_stack,0.0,0.01,0.0,0.3,channel,0.0008750000000000001,4.95e-06,8.750000000000002,49.5,0.08497611843405109,1.9556104332051674e+17
p1_ratio_2p00_common_primary,P1 Ctop/Cbottom=2.00 common-primary proxy,top_primary,interface_4x,T03_P1_CAPACITANCE_RATIO,enabled_symmetric_teaching_top_stack,0.0,0.01,0.0,0.3,channel,0.0008750000000000001,5.025e-06,8.750000000000002,50.25,0.08776753188247473,2.1785926174524883e+17
p1_ratio_2p00_common_primary,P1 Ctop/Cbottom=2.00 common-primary proxy,top_primary,interface_4x,T03_P1_CAPACITANCE_RATIO,enabled_symmetric_teaching_top_stack,0.0,0.01,0.0,0.3,channel,0.0008750000000000001,5.1e-06,8.750000000000002,51.0,0.09077051507821048,2.4469434064319907e+17
p1_ratio_2p00_common_primary,P1 Ctop/Cbottom=2.00 common-primary proxy,top_primary,interface_4x,T03_P1_CAPACITANCE_RATIO,enabled_symmetric_teaching_top_stack,0.0,0.01,0.0,0.3,channel,0.0008750000000000001,5.1750000000000004e-06,8.750000000000002,51.75000000000001,0.09401238213210039,2.773862277709855e+17
p1_ratio_2p00_common_primary,P1 Ctop/Cbottom=2.00 common-primary proxy,top_primary,interface_4x,T03_P1_CAPACITANCE_RATIO,enabled_symmetric_teaching_top_stack,0.0,0.01,0.0,0.3,channel,0.0008750000000000001,5.2500000000000006e-06,8.750000000000002,52.50000000000001,0.09752640851287002,3.177736918400124e+17
p1_ratio_2p00_common_primary,P1 Ctop/Cbottom=2.00 common-primary proxy,top_primary,interface_4x,T03_P1_CAPACITANCE_RATIO,enabled_symmetric_teaching_top_stack,0.0,0.01,0.0,0.3,channel,0.0008750000000000001,5.325e-06,8.750000000000002,53.25,0.10135370263962687,3.684797713045144e+17
p1_ratio_2p00_common_primary,P1 Ctop/Cbottom=2.00 common-primary proxy,top_primary,interface_4x,T03_P1_CAPACITANCE_RATIO,enabled_symmetric_teaching_top_stack,0.0,0.01,0.0,0.3,channel,0.0008750000000000001,5.4e-06,8.750000000000002,54.0,0.10554587574406986,4.3335025815926304e+17
p1_ratio_2p00_common_primary,P1 Ctop/Cbottom=2.00 common-primary proxy,top_primary,interface_4x,T03_P1_CAPACITANCE_RATIO,enabled_symmetric_teaching_top_stack,0.0,0.01,0.0,0.3,channel,0.0009000000000000001,3e-06,9.0,30.0,0.04986159172476064,4.986625300537984e+16
p1_ratio_2p00_common_primary,P1 Ctop/Cbottom=2.00 common-primary proxy,top_primary,interface_4x,T03_P1_CAPACITANCE_RATIO,enabled_symmetric_teaching_top_stack,0.0,0.01,0.0,0.3,channel,0.0009000000000000001,3.075e-06,9.0,30.750000000000004,0.05044697870525467,5.100829471061723e+16
p1_ratio_2p00_common_primary,P1 Ctop/Cbottom=2.00 common-primary proxy,top_primary,interface_4x,T03_P1_CAPACITANCE_RATIO,enabled_symmetric_teaching_top_stack,0.0,0.01,0.0,0.3,channel,0.0009000000000000001,3.1500000000000003e-06,9.0,31.500000000000004,0.051074106016203505,5.22608031496004e+16
p1_ratio_2p00_common_primary,P1 Ctop/Cbottom=2.00 common-primary proxy,top_primary,interface_4x,T03_P1_CAPACITANCE_RATIO,enabled_symmetric_teaching_top_stack,0.0,0.01,0.0,0.3,channel,0.0009000000000000001,3.225e-06,9.0,32.25,0.05174424852450566,5.363323317419916e+16
p1_ratio_2p00_common_primary,P1 Ctop/Cbottom=2.00 common-primary proxy,top_primary,interface_4x,T03_P1_CAPACITANCE_RATIO,enabled_symmetric_teaching_top_stack,0.0,0.01,0.0,0.3,channel,0.0009000000000000001,3.3e-06,9.0,33.0,0.05245880315936118,5.513634431294859e+16
p1_ratio_2p00_common_primary,P1 Ctop/Cbottom=2.00 common-primary proxy,top_primary,interface_4x,T03_P1_CAPACITANCE_RATIO,enabled_symmetric_teaching_top_stack,0.0,0.01,0.0,0.3,channel,0.0009000000000000001,3.3750000000000003e-06,9.0,33.75,0.05321929986386809,5.678240070519609e+16
p1_ratio_2p00_common_primary,P1 Ctop/Cbottom=2.00 common-primary proxy,top_primary,interface_4x,T03_P1_CAPACITANCE_RATIO,enabled_symmetric_teaching_top_stack,0.0,0.01,0.0,0.3,channel,0.0009000000000000001,3.45e-06,9.0,34.5,0.05402741407808854,5.858540969895261e+16
p1_ratio_2p00_common_primary,P1 Ctop/Cbottom=2.00 common-primary proxy,top_primary,interface_4x,T03_P1_CAPACITANCE_RATIO,enabled_symmetric_teaching_top_stack,0.0,0.01,0.0,0.3,channel,0.0009000000000000001,3.525e-06,9.0,35.25,0.05488498099644144,6.056140770724198e+16
p1_ratio_2p00_common_primary,P1 Ctop/Cbottom=2.00 common-primary proxy,top_primary,interface_4x,T03_P1_CAPACITANCE_RATIO,enabled_symmetric_teaching_top_stack,0.0,0.01,0.0,0.3,channel,0.0009000000000000001,3.6000000000000003e-06,9.0,36.0,0.055794011890381,6.272880415186379e+16
p1_ratio_2p00_common_primary,P1 Ctop/Cbottom=2.00 common-primary proxy,top_primary,interface_4x,T03_P1_CAPACITANCE_RATIO,enabled_symmetric_teaching_top_stack,0.0,0.01,0.0,0.3,channel,0.0009000000000000001,3.6750000000000004e-06,9.0,36.75000000000001,0.056756712846444374,6.510879721938196e+16
p1_ratio_2p00_common_primary,P1 Ctop/Cbottom=2.00 common-primary proxy,top_primary,interface_4x,T03_P1_CAPACITANCE_RATIO,enabled_symmetric_teaching_top_stack,0.0,0.01,0.0,0.3,channel,0.0009000000000000001,3.7500000000000005e-06,9.0,37.50000000000001,0.05777550634284633,6.7725878934425064e+16
p1_ratio_2p00_common_primary,P1 Ctop/Cbottom=2.00 common-primary proxy,top_primary,interface_4x,T03_P1_CAPACITANCE_RATIO,enabled_symmetric_teaching_top_stack,0.0,0.01,0.0,0.3,channel,0.0009000000000000001,3.825000000000001e-06,9.0,38.25000000000001,0.05885305617871007,7.060845202684084e+16
p1_ratio_2p00_common_primary,P1 Ctop/Cbottom=2.00 common-primary proxy,top_primary,interface_4x,T03_P1_CAPACITANCE_RATIO,enabled_symmetric_teaching_top_stack,0.0,0.01,0.0,0.3,channel,0.0009000000000000001,3.9e-06,9.0,39.0,0.05999229638381314,7.378958765852947e+16
p1_ratio_2p00_common_primary,P1 Ctop/Cbottom=2.00 common-primary proxy,top_primary,interface_4x,T03_P1_CAPACITANCE_RATIO,enabled_symmetric_teaching_top_stack,0.0,0.01,0.0,0.3,channel,0.0009000000000000001,3.975e-06,9.0,39.75,0.06119646488010146,7.730796188178459e+16
p1_ratio_2p00_common_primary,P1 Ctop/Cbottom=2.00 common-primary proxy,top_primary,interface_4x,T03_P1_CAPACITANCE_RATIO,enabled_symmetric_teaching_top_stack,0.0,0.01,0.0,0.3,channel,0.0009000000000000001,4.05e-06,9.0,40.5,0.062469142848146246,8.120902057281429e+16
p1_ratio_2p00_common_primary,P1 Ctop/Cbottom=2.00 common-primary proxy,top_primary,interface_4x,T03_P1_CAPACITANCE_RATIO,enabled_symmetric_teaching_top_stack,0.0,0.01,0.0,0.3,channel,0.0009000000000000001,4.125e-06,9.0,41.25,0.06381430098427289,8.55464387384626e+16
p1_ratio_2p00_common_primary,P1 Ctop/Cbottom=2.00 common-primary proxy,top_primary,interface_4x,T03_P1_CAPACITANCE_RATIO,enabled_symmetric_teaching_top_stack,0.0,0.01,0.0,0.3,channel,0.0009000000000000001,4.2000000000000004e-06,9.0,42.00000000000001,0.06523635413371828,9.038396229399973e+16
p1_ratio_2p00_common_primary,P1 Ctop/Cbottom=2.00 common-primary proxy,top_primary,interface_4x,T03_P1_CAPACITANCE_RATIO,enabled_symmetric_teaching_top_stack,0.0,0.01,0.0,0.3,channel,0.0009000000000000001,4.2750000000000006e-06,9.0,42.75000000000001,0.06674022617447194,9.579775124058398e+16
p1_ratio_2p00_common_primary,P1 Ctop/Cbottom=2.00 common-primary proxy,top_primary,interface_4x,T03_P1_CAPACITANCE_RATIO,enabled_symmetric_teaching_top_stack,0.0,0.01,0.0,0.3,channel,0.0009000000000000001,4.350000000000001e-06,9.0,43.50000000000001,0.06833142753680639,1.0187938647271362e+17
p1_ratio_2p00_common_primary,P1 Ctop/Cbottom=2.00 common-primary proxy,top_primary,interface_4x,T03_P1_CAPACITANCE_RATIO,enabled_symmetric_teaching_top_stack,0.0,0.01,0.0,0.3,channel,0.0009000000000000001,4.425e-06,9.0,44.25,0.0700161484189787,1.0873976400079896e+17
p1_ratio_2p00_common_primary,P1 Ctop/Cbottom=2.00 common-primary proxy,top_primary,interface_4x,T03_P1_CAPACITANCE_RATIO,enabled_symmetric_teaching_top_stack,0.0,0.01,0.0,0.3,channel,0.0009000000000000001,4.5e-06,9.0,45.0,0.07180137166284124,1.1651418901653371e+17
p1_ratio_2p00_common_primary,P1 Ctop/Cbottom=2.00 common-primary proxy,top_primary,interface_4x,T03_P1_CAPACITANCE_RATIO,enabled_symmetric_teaching_top_stack,0.0,0.01,0.0,0.3,channel,0.0009000000000000001,4.575e-06,9.0,45.75,0.07369501047436104,1.2536911167180531e+17
p1_ratio_2p00_common_primary,P1 Ctop/Cbottom=2.00 common-primary proxy,top_primary,interface_4x,T03_P1_CAPACITANCE_RATIO,enabled_symmetric_teaching_top_stack,0.0,0.01,0.0,0.3,channel,0.0009000000000000001,4.65e-06,9.0,46.50000000000001,0.07570607784506686,1.3551113833410208e+17
p1_ratio_2p00_common_primary,P1 Ctop/Cbottom=2.00 common-primary proxy,top_primary,interface_4x,T03_P1_CAPACITANCE_RATIO,enabled_symmetric_teaching_top_stack,0.0,0.01,0.0,0.3,channel,0.0009000000000000001,4.7250000000000005e-06,9.0,47.25000000000001,0.07784489684653885,1.4719924123278912e+17
p1_ratio_2p00_common_primary,P1 Ctop/Cbottom=2.00 common-primary proxy,top_primary,interface_4x,T03_P1_CAPACITANCE_RATIO,enabled_symmetric_teaching_top_stack,0.0,0.01,0.0,0.3,channel,0.0009000000000000001,4.8e-06,9.0,48.0,0.08012336422554095,1.607615329198707e+17
p1_ratio_2p00_common_primary,P1 Ctop/Cbottom=2.00 common-primary proxy,top_primary,interface_4x,T03_P1_CAPACITANCE_RATIO,enabled_symmetric_teaching_top_stack,0.0,0.01,0.0,0.3,channel,0.0009000000000000001,4.875e-06,9.0,48.75,0.08255528437369732,1.766186655473121e+17
p1_ratio_2p00_common_primary,P1 Ctop/Cbottom=2.00 common-primary proxy,top_primary,interface_4x,T03_P1_CAPACITANCE_RATIO,enabled_symmetric_teaching_top_stack,0.0,0.01,0.0,0.3,channel,0.0009000000000000001,4.95e-06,9.0,49.5,0.08515679748868908,1.953170228957728e+17
p1_ratio_2p00_common_primary,P1 Ctop/Cbottom=2.00 common-primary proxy,top_primary,interface_4x,T03_P1_CAPACITANCE_RATIO,enabled_symmetric_teaching_top_stack,0.0,0.01,0.0,0.3,channel,0.0009000000000000001,5.025e-06,9.0,50.25,0.08794693571151038,2.175766848052552e+17
p1_ratio_2p00_common_primary,P1 Ctop/Cbottom=2.00 common-primary proxy,top_primary,interface_4x,T03_P1_CAPACITANCE_RATIO,enabled_symmetric_teaching_top_stack,0.0,0.01,0.0,0.3,channel,0.0009000000000000001,5.1e-06,9.0,51.0,0.09094835606042512,2.443621839220968e+17
p1_ratio_2p00_common_primary,P1 Ctop/Cbottom=2.00 common-primary proxy,top_primary,interface_4x,T03_P1_CAPACITANCE_RATIO,enabled_symmetric_teaching_top_stack,0.0,0.01,0.0,0.3,channel,0.0009000000000000001,5.1750000000000004e-06,9.0,51.75000000000001,0.0941883221814473,2.7698932577784413e+17
p1_ratio_2p00_common_primary,P1 Ctop/Cbottom=2.00 common-primary proxy,top_primary,interface_4x,T03_P1_CAPACITANCE_RATIO,enabled_symmetric_teaching_top_stack,0.0,0.01,0.0,0.3,channel,0.0009000000000000001,5.2500000000000006e-06,9.0,52.50000000000001,0.09770004364226495,3.17290710518209e+17
p1_ratio_2p00_common_primary,P1 Ctop/Cbottom=2.00 common-primary proxy,top_primary,interface_4x,T03_P1_CAPACITANCE_RATIO,enabled_symmetric_teaching_top_stack,0.0,0.01,0.0,0.3,channel,0.0009000000000000001,5.325e-06,9.0,53.25,0.10152454124605799,3.6787992495745466e+17
p1_ratio_2p00_common_primary,P1 Ctop/Cbottom=2.00 common-primary proxy,top_primary,interface_4x,T03_P1_CAPACITANCE_RATIO,enabled_symmetric_teaching_top_stack,0.0,0.01,0.0,0.3,channel,0.0009000000000000001,5.4e-06,9.0,54.0,0.1057133072733469,4.3258779426945376e+17
p1_ratio_2p00_common_primary,P1 Ctop/Cbottom=2.00 common-primary proxy,top_primary,interface_4x,T03_P1_CAPACITANCE_RATIO,enabled_symmetric_teaching_top_stack,0.0,0.01,0.0,0.3,channel,0.0009249999999999999,3e-06,9.25,30.0,0.05002680139170438,4.977367862679475e+16
p1_ratio_2p00_common_primary,P1 Ctop/Cbottom=2.00 common-primary proxy,top_primary,interface_4x,T03_P1_CAPACITANCE_RATIO,enabled_symmetric_teaching_top_stack,0.0,0.01,0.0,0.3,channel,0.0009249999999999999,3.075e-06,9.25,30.750000000000004,0.05061401365552728,5.091719507205606e+16
p1_ratio_2p00_common_primary,P1 Ctop/Cbottom=2.00 common-primary proxy,top_primary,interface_4x,T03_P1_CAPACITANCE_RATIO,enabled_symmetric_teaching_top_stack,0.0,0.01,0.0,0.3,channel,0.0009249999999999999,3.1500000000000003e-06,9.25,31.500000000000004,0.05124287352565472,5.2170962856118824e+16
p1_ratio_2p00_common_primary,P1 Ctop/Cbottom=2.00 common-primary proxy,top_primary,interface_4x,T03_P1_CAPACITANCE_RATIO,enabled_symmetric_teaching_top_stack,0.0,0.01,0.0,0.3,channel,0.0009249999999999999,3.225e-06,9.25,32.25,0.051914657150750075,5.354443252775659e+16
p1_ratio_2p00_common_primary,P1 Ctop/Cbottom=2.00 common-primary proxy,top_primary,interface_4x,T03_P1_CAPACITANCE_RATIO,enabled_symmetric_teaching_top_stack,0.0,0.01,0.0,0.3,channel,0.0009249999999999999,3.3e-06,9.25,33.0,0.052630762518153705,5.5048356939814616e+16
p1_ratio_2p00_common_primary,P1 Ctop/Cbottom=2.00 common-primary proxy,top_primary,interface_4x,T03_P1_CAPACITANCE_RATIO,enabled_symmetric_teaching_top_stack,0.0,0.01,0.0,0.3,channel,0.0009249999999999999,3.3750000000000003e-06,9.25,33.75,0.053392720398684756,5.6694990887795e+16
p1_ratio_2p00_common_primary,P1 Ctop/Cbottom=2.00 common-primary proxy,top_primary,interface_4x,T03_P1_CAPACITANCE_RATIO,enabled_symmetric_teaching_top_stack,0.0,0.01,0.0,0.3,channel,0.0009249999999999999,3.45e-06,9.25,34.5,0.05420220682019673,5.8498329332211256e+16
p1_ratio_2p00_common_primary,P1 Ctop/Cbottom=2.00 common-primary proxy,top_primary,interface_4x,T03_P1_CAPACITANCE_RATIO,enabled_symmetric_teaching_top_stack,0.0,0.01,0.0,0.3,channel,0.0009249999999999999,3.525e-06,9.25,35.25,0.05506105731236167,6.047439278073543e+16
p1_ratio_2p00_common_primary,P1 Ctop/Cbottom=2.00 common-primary proxy,top_primary,interface_4x,T03_P1_CAPACITANCE_RATIO,enabled_symmetric_teaching_top_stack,0.0,0.01,0.0,0.3,channel,0.0009249999999999999,3.6000000000000003e-06,9.25,36.0,0.05597128321315944,6.264157063460401e+16
p1_ratio_2p00_common_primary,P1 Ctop/Cbottom=2.00 common-primary proxy,top_primary,interface_4x,T03_P1_CAPACITANCE_RATIO,enabled_symmetric_teaching_top_stack,0.0,0.01,0.0,0.3,channel,0.0009249999999999999,3.6750000000000004e-06,9.25,36.75000000000001,0.056935090386547656,6.502103619211455e+16
p1_ratio_2p00_common_primary,P1 Ctop/Cbottom=2.00 common-primary proxy,top_primary,interface_4x,T03_P1_CAPACITANCE_RATIO,enabled_symmetric_teaching_top_stack,0.0,0.01,0.0,0.3,channel,0.0009249999999999999,3.7500000000000005e-06,9.25,37.50000000000001,0.05795490077372387,6.763725077224203e+16
p1_ratio_2p00_common_primary,P1 Ctop/Cbottom=2.00 common-primary proxy,top_primary,interface_4x,T03_P1_CAPACITANCE_RATIO,enabled_symmetric_teaching_top_stack,0.0,0.01,0.0,0.3,channel,0.0009249999999999999,3.825000000000001e-06,9.25,38.25000000000001,0.05903337729110278,7.0518579379258104e+16
p1_ratio_2p00_common_primary,P1 Ctop/Cbottom=2.00 common-primary proxy,top_primary,interface_4x,T03_P1_CAPACITANCE_RATIO,enabled_symmetric_teaching_top_stack,0.0,0.01,0.0,0.3,channel,0.0009249999999999999,3.9e-06,9.25,39.0,0.0601734527016632,7.369804689998826e+16
p1_ratio_2p00_common_primary,P1 Ctop/Cbottom=2.00 common-primary proxy,top_primary,interface_4x,T03_P1_CAPACITANCE_RATIO,enabled_symmetric_teaching_top_stack,0.0,0.01,0.0,0.3,channel,0.0009249999999999999,3.975e-06,9.25,39.75,0.06137836322936115,7.721427260586506e+16
p1_ratio_2p00_common_primary,P1 Ctop/Cbottom=2.00 common-primary proxy,top_primary,interface_4x,T03_P1_CAPACITANCE_RATIO,enabled_symmetric_teaching_top_stack,0.0,0.01,0.0,0.3,channel,0.0009249999999999999,4.05e-06,9.25,40.5,0.06265168786779242,8.111263256839256e+16
p1_ratio_2p00_common_primary,P1 Ctop/Cbottom=2.00 common-primary proxy,top_primary,interface_4x,T03_P1_CAPACITANCE_RATIO,enabled_symmetric_teaching_top_stack,0.0,0.01,0.0,0.3,channel,0.0009249999999999999,4.125e-06,9.25,41.25,0.06399739456627075,8.544671570133118e+16
p1_ratio_2p00_common_primary,P1 Ctop/Cbottom=2.00 common-primary proxy,top_primary,interface_4x,T03_P1_CAPACITANCE_RATIO,enabled_symmetric_teaching_top_stack,0.0,0.01,0.0,0.3,channel,0.0009249999999999999,4.2000000000000004e-06,9.25,42.00000000000001,0.0654198947753554,9.028016127231704e+16
p1_ratio_2p00_common_primary,P1 Ctop/Cbottom=2.00 common-primary proxy,top_primary,interface_4x,T03_P1_CAPACITANCE_RATIO,enabled_symmetric_teaching_top_stack,0.0,0.01,0.0,0.3,channel,0.0009249999999999999,4.2750000000000006e-06,9.25,42.75000000000001,0.06692410822214091,9.568899645625922e+16
p1_ratio_2p00_common_primary,P1 Ctop/Cbottom=2.00 common-primary proxy,top_primary,interface_4x,T03_P1_CAPACITANCE_RATIO,enabled_symmetric_teaching_top_stack,0.0,0.01,0.0,0.3,channel,0.0009249999999999999,4.350000000000001e-06,9.25,43.50000000000001,0.06851554029459031,1.0176463565763958e+17
p1_ratio_2p00_common_primary,P1 Ctop/Cbottom=2.00 common-primary proxy,top_primary,interface_4x,T03_P1_CAPACITANCE_RATIO,enabled_symmetric_teaching_top_stack,0.0,0.01,0.0,0.3,channel,0.0009249999999999999,4.425e-06,9.25,44.25,0.07020037508777455,1.0861776466726e+17
p1_ratio_2p00_common_primary,P1 Ctop/Cbottom=2.00 common-primary proxy,top_primary,interface_4x,T03_P1_CAPACITANCE_RATIO,enabled_symmetric_teaching_top_stack,0.0,0.01,0.0,0.3,channel,0.0009249999999999999,4.5e-06,9.25,45.0,0.0719855880655112,1.1638342103825789e+17
p1_ratio_2p00_common_primary,P1 Ctop/Cbottom=2.00 common-primary proxy,top_primary,interface_4x,T03_P1_CAPACITANCE_RATIO,enabled_symmetric_teaching_top_stack,0.0,0.01,0.0,0.3,channel,0.0009249999999999999,4.575e-06,9.25,45.75,0.07387908350846753,1.2522771101885022e+17
p1_ratio_2p00_common_primary,P1 Ctop/Cbottom=2.00 common-primary proxy,top_primary,interface_4x,T03_P1_CAPACITANCE_RATIO,enabled_symmetric_teaching_top_stack,0.0,0.01,0.0,0.3,channel,0.0009249999999999999,4.65e-06,9.25,46.50000000000001,0.0758898635855649,1.3535679451501555e+17
p1_ratio_2p00_common_primary,P1 Ctop/Cbottom=2.00 common-primary proxy,top_primary,interface_4x,T03_P1_CAPACITANCE_RATIO,enabled_symmetric_teaching_top_stack,0.0,0.01,0.0,0.3,channel,0.0009249999999999999,4.7250000000000005e-06,9.25,47.25000000000001,0.07802823819403691,1.4702905751971203e+17
p1_ratio_2p00_common_primary,P1 Ctop/Cbottom=2.00 common-primary proxy,top_primary,interface_4x,T03_P1_CAPACITANCE_RATIO,enabled_symmetric_teaching_top_stack,0.0,0.01,0.0,0.3,channel,0.0009249999999999999,4.8e-06,9.25,48.0,0.08030608795786037,1.6057183305179306e+17
p1_ratio_2p00_common_primary,P1 Ctop/Cbottom=2.00 common-primary proxy,top_primary,interface_4x,T03_P1_CAPACITANCE_RATIO,enabled_symmetric_teaching_top_stack,0.0,0.01,0.0,0.3,channel,0.0009249999999999999,4.875e-06,9.25,48.75,0.08273719740398278,1.7640472211315792e+17
p1_ratio_2p00_common_primary,P1 Ctop/Cbottom=2.00 common-primary proxy,top_primary,interface_4x,T03_P1_CAPACITANCE_RATIO,enabled_symmetric_teaching_top_stack,0.0,0.01,0.0,0.3,channel,0.0009249999999999999,4.95e-06,9.25,49.5,0.08533768205360445,1.9507266889117872e+17
p1_ratio_2p00_common_primary,P1 Ctop/Cbottom=2.00 common-primary proxy,top_primary,interface_4x,T03_P1_CAPACITANCE_RATIO,enabled_symmetric_teaching_top_stack,0.0,0.01,0.0,0.3,channel,0.0009249999999999999,5.025e-06,9.25,50.25,0.08812654309414253,2.1729374718695424e+17
p1_ratio_2p00_common_primary,P1 Ctop/Cbottom=2.00 common-primary proxy,top_primary,interface_4x,T03_P1_CAPACITANCE_RATIO,enabled_symmetric_teaching_top_stack,0.0,0.01,0.0,0.3,channel,0.0009249999999999999,5.1e-06,9.25,51.0,0.09112639827133807,2.4402963946320755e+17
p1_ratio_2p00_common_primary,P1 Ctop/Cbottom=2.00 common-primary proxy,top_primary,interface_4x,T03_P1_CAPACITANCE_RATIO,enabled_symmetric_teaching_top_stack,0.0,0.01,0.0,0.3,channel,0.0009249999999999999,5.1750000000000004e-06,9.25,51.75000000000001,0.09436446073867305,2.7659201206580173e+17
p1_ratio_2p00_common_primary,P1 Ctop/Cbottom=2.00 common-primary proxy,top_primary,interface_4x,T03_P1_CAPACITANCE_RATIO,enabled_symmetric_teaching_top_stack,0.0,0.01,0.0,0.3,channel,0.0009249999999999999,5.2500000000000006e-06,9.25,52.50000000000001,0.09787387413821819,3.1680730271315846e+17
p1_ratio_2p00_common_primary,P1 Ctop/Cbottom=2.00 common-primary proxy,top_primary,interface_4x,T03_P1_CAPACITANCE_RATIO,enabled_symmetric_teaching_top_stack,0.0,0.01,0.0,0.3,channel,0.0009249999999999999,5.325e-06,9.25,53.25,0.10169557164201604,3.672796588201077e+17
p1_ratio_2p00_common_primary,P1 Ctop/Cbottom=2.00 common-primary proxy,top_primary,interface_4x,T03_P1_CAPACITANCE_RATIO,enabled_symmetric_teaching_top_stack,0.0,0.01,0.0,0.3,channel,0.0009249999999999999,5.4e-06,9.25,54.0,0.10588092658602427,4.3182496333205677e+17
p1_ratio_2p00_common_primary,P1 Ctop/Cbottom=2.00 common-primary proxy,top_primary,interface_4x,T03_P1_CAPACITANCE_RATIO,enabled_symmetric_teaching_top_stack,0.0,0.01,0.0,0.3,channel,0.00095,3e-06,9.5,30.0,0.050192001002417184,4.968069815904601e+16
p1_ratio_2p00_common_primary,P1 Ctop/Cbottom=2.00 common-primary proxy,top_primary,interface_4x,T03_P1_CAPACITANCE_RATIO,enabled_symmetric_teaching_top_stack,0.0,0.01,0.0,0.3,channel,0.00095,3.075e-06,9.5,30.750000000000004,0.05078104688714417,5.0825683256507384e+16
p1_ratio_2p00_common_primary,P1 Ctop/Cbottom=2.00 common-primary proxy,top_primary,interface_4x,T03_P1_CAPACITANCE_RATIO,enabled_symmetric_teaching_top_stack,0.0,0.01,0.0,0.3,channel,0.00095,3.1500000000000003e-06,9.5,31.500000000000004,0.051411648139810216,5.208070570090275e+16
p1_ratio_2p00_common_primary,P1 Ctop/Cbottom=2.00 common-primary proxy,top_primary,interface_4x,T03_P1_CAPACITANCE_RATIO,enabled_symmetric_teaching_top_stack,0.0,0.01,0.0,0.3,channel,0.00095,3.225e-06,9.5,32.25,0.05208508217006597,5.345521172409082e+16
p1_ratio_2p00_common_primary,P1 Ctop/Cbottom=2.00 common-primary proxy,top_primary,interface_4x,T03_P1_CAPACITANCE_RATIO,enabled_symmetric_teaching_top_stack,0.0,0.01,0.0,0.3,channel,0.00095,3.3e-06,9.5,33.0,0.05280274800251593,5.4959947506032856e+16
p1_ratio_2p00_common_primary,P1 Ctop/Cbottom=2.00 common-primary proxy,top_primary,interface_4x,T03_P1_CAPACITANCE_RATIO,enabled_symmetric_teaching_top_stack,0.0,0.01,0.0,0.3,channel,0.00095,3.3750000000000003e-06,9.5,33.75,0.05356617721468389,5.660715851877173e+16
p1_ratio_2p00_common_primary,P1 Ctop/Cbottom=2.00 common-primary proxy,top_primary,interface_4x,T03_P1_CAPACITANCE_RATIO,enabled_symmetric_teaching_top_stack,0.0,0.01,0.0,0.3,channel,0.00095,3.45e-06,9.5,34.5,0.05437704640102988,5.841082737470697e+16
p1_ratio_2p00_common_primary,P1 Ctop/Cbottom=2.00 common-primary proxy,top_primary,interface_4x,T03_P1_CAPACITANCE_RATIO,enabled_symmetric_teaching_top_stack,0.0,0.01,0.0,0.3,channel,0.00095,3.525e-06,9.5,35.25,0.05523719140511207,6.038695873650554e+16
p1_ratio_2p00_common_primary,P1 Ctop/Cbottom=2.00 common-primary proxy,top_primary,interface_4x,T03_P1_CAPACITANCE_RATIO,enabled_symmetric_teaching_top_stack,0.0,0.01,0.0,0.3,channel,0.00095,3.6000000000000003e-06,9.5,36.0,0.056148623609888974,6.255392206878291e+16
p1_ratio_2p00_common_primary,P1 Ctop/Cbottom=2.00 common-primary proxy,top_primary,interface_4x,T03_P1_CAPACITANCE_RATIO,enabled_symmetric_teaching_top_stack,0.0,0.01,0.0,0.3,channel,0.00095,3.6750000000000004e-06,9.5,36.75000000000001,0.057113548635031756,6.493286589256438e+16
p1_ratio_2p00_common_primary,P1 Ctop/Cbottom=2.00 common-primary proxy,top_primary,interface_4x,T03_P1_CAPACITANCE_RATIO,enabled_symmetric_teaching_top_stack,0.0,0.01,0.0,0.3,channel,0.00095,3.7500000000000005e-06,9.5,37.50000000000001,0.0581343878628949,6.7548220963711096e+16
p1_ratio_2p00_common_primary,P1 Ctop/Cbottom=2.00 common-primary proxy,top_primary,interface_4x,T03_P1_CAPACITANCE_RATIO,enabled_symmetric_teaching_top_stack,0.0,0.01,0.0,0.3,channel,0.00095,3.825000000000001e-06,9.5,38.25000000000001,0.05921380330530546,7.042831474082121e+16
p1_ratio_2p00_common_primary,P1 Ctop/Cbottom=2.00 common-primary proxy,top_primary,interface_4x,T03_P1_CAPACITANCE_RATIO,enabled_symmetric_teaching_top_stack,0.0,0.01,0.0,0.3,channel,0.00095,3.9e-06,9.5,39.0,0.06035472643660645,7.360612606043856e+16
p1_ratio_2p00_common_primary,P1 Ctop/Cbottom=2.00 common-primary proxy,top_primary,interface_4x,T03_P1_CAPACITANCE_RATIO,enabled_symmetric_teaching_top_stack,0.0,0.01,0.0,0.3,channel,0.00095,3.975e-06,9.5,39.75,0.06156039176110019,7.712021769258501e+16
p1_ratio_2p00_common_primary,P1 Ctop/Cbottom=2.00 common-primary proxy,top_primary,interface_4x,T03_P1_CAPACITANCE_RATIO,enabled_symmetric_teaching_top_stack,0.0,0.01,0.0,0.3,channel,0.00095,4.05e-06,9.5,40.5,0.06283437606409273,8.101589625089955e+16
p1_ratio_2p00_common_primary,P1 Ctop/Cbottom=2.00 common-primary proxy,top_primary,interface_4x,T03_P1_CAPACITANCE_RATIO,enabled_symmetric_teaching_top_stack,0.0,0.01,0.0,0.3,channel,0.00095,4.125e-06,9.5,41.25,0.06418064452715343,8.534666498698922e+16
p1_ratio_2p00_common_primary,P1 Ctop/Cbottom=2.00 common-primary proxy,top_primary,interface_4x,T03_P1_CAPACITANCE_RATIO,enabled_symmetric_teaching_top_stack,0.0,0.01,0.0,0.3,channel,0.00095,4.2000000000000004e-06,9.5,42.00000000000001,0.06560360518631565,9.017605705796398e+16
p1_ratio_2p00_common_primary,P1 Ctop/Cbottom=2.00 common-primary proxy,top_primary,interface_4x,T03_P1_CAPACITANCE_RATIO,enabled_symmetric_teaching_top_stack,0.0,0.01,0.0,0.3,channel,0.00095,4.2750000000000006e-06,9.5,42.75000000000001,0.06710817359920933,9.55799674852411e+16
p1_ratio_2p00_common_primary,P1 Ctop/Cbottom=2.00 common-primary proxy,top_primary,interface_4x,T03_P1_CAPACITANCE_RATIO,enabled_symmetric_teaching_top_stack,0.0,0.01,0.0,0.3,channel,0.00095,4.350000000000001e-06,9.5,43.50000000000001,0.06869985009470869,1.0164964503142754e+17
p1_ratio_2p00_common_primary,P1 Ctop/Cbottom=2.00 common-primary proxy,top_primary,interface_4x,T03_P1_CAPACITANCE_RATIO,enabled_symmetric_teaching_top_stack,0.0,0.01,0.0,0.3,channel,0.00095,4.425e-06,9.5,44.25,0.07038481265037609,1.0849556634542626e+17
p1_ratio_2p00_common_primary,P1 Ctop/Cbottom=2.00 common-primary proxy,top_primary,interface_4x,T03_P1_CAPACITANCE_RATIO,enabled_symmetric_teaching_top_stack,0.0,0.01,0.0,0.3,channel,0.00095,4.5e-06,9.5,45.0,0.07217002934099961,1.162525027239202e+17
p1_ratio_2p00_common_primary,P1 Ctop/Cbottom=2.00 common-primary proxy,top_primary,interface_4x,T03_P1_CAPACITANCE_RATIO,enabled_symmetric_teaching_top_stack,0.0,0.01,0.0,0.3,channel,0.00095,4.575e-06,9.5,45.75,0.07406339551542604,1.2508621830270262e+17
p1_ratio_2p00_common_primary,P1 Ctop/Cbottom=2.00 common-primary proxy,top_primary,interface_4x,T03_P1_CAPACITANCE_RATIO,enabled_symmetric_teaching_top_stack,0.0,0.01,0.0,0.3,channel,0.00095,4.65e-06,9.5,46.50000000000001,0.07607390251944224,1.3520242887550744e+17
p1_ratio_2p00_common_primary,P1 Ctop/Cbottom=2.00 common-primary proxy,top_primary,interface_4x,T03_P1_CAPACITANCE_RATIO,enabled_symmetric_teaching_top_stack,0.0,0.01,0.0,0.3,channel,0.00095,4.7250000000000005e-06,9.5,47.25000000000001,0.07821184708343722,1.4685893732124605e+17
p1_ratio_2p00_common_primary,P1 Ctop/Cbottom=2.00 common-primary proxy,top_primary,interface_4x,T03_P1_CAPACITANCE_RATIO,enabled_symmetric_teaching_top_stack,0.0,0.01,0.0,0.3,channel,0.00095,4.8e-06,9.5,48.0,0.08048909372688785,1.6038230133743056e+17
p1_ratio_2p00_common_primary,P1 Ctop/Cbottom=2.00 common-primary proxy,top_primary,interface_4x,T03_P1_CAPACITANCE_RATIO,enabled_symmetric_teaching_top_stack,0.0,0.01,0.0,0.3,channel,0.00095,4.875e-06,9.5,48.75,0.08291940714492,1.7619107655174512e+17
p1_ratio_2p00_common_primary,P1 Ctop/Cbottom=2.00 common-primary proxy,top_primary,interface_4x,T03_P1_CAPACITANCE_RATIO,enabled_symmetric_teaching_top_stack,0.0,0.01,0.0,0.3,channel,0.00095,4.95e-06,9.5,49.5,0.08551887823494488,1.9482877562579014e+17
p1_ratio_2p00_common_primary,P1 Ctop/Cbottom=2.00 common-primary proxy,top_primary,interface_4x,T03_P1_CAPACITANCE_RATIO,enabled_symmetric_teaching_top_stack,0.0,0.01,0.0,0.3,channel,0.00095,5.025e-06,9.5,50.25,0.08830647731079588,2.1701147782366512e+17
p1_ratio_2p00_common_primary,P1 Ctop/Cbottom=2.00 common-primary proxy,top_primary,interface_4x,T03_P1_CAPACITANCE_RATIO,enabled_symmetric_teaching_top_stack,0.0,0.01,0.0,0.3,channel,0.00095,5.1e-06,9.5,51.0,0.09130478296376761,2.4369803220409782e+17
p1_ratio_2p00_common_primary,P1 Ctop/Cbottom=2.00 common-primary proxy,top_primary,interface_4x,T03_P1_CAPACITANCE_RATIO,enabled_symmetric_teaching_top_stack,0.0,0.01,0.0,0.3,channel,0.00095,5.1750000000000004e-06,9.5,51.75000000000001,0.09454095802688436,2.761959910485358e+17
p1_ratio_2p00_common_primary,P1 Ctop/Cbottom=2.00 common-primary proxy,top_primary,interface_4x,T03_P1_CAPACITANCE_RATIO,enabled_symmetric_teaching_top_stack,0.0,0.01,0.0,0.3,channel,0.00095,5.2500000000000006e-06,9.5,52.50000000000001,0.0980480804667546,3.1632566837885946e+17
p1_ratio_2p00_common_primary,P1 Ctop/Cbottom=2.00 common-primary proxy,top_primary,interface_4x,T03_P1_CAPACITANCE_RATIO,enabled_symmetric_teaching_top_stack,0.0,0.01,0.0,0.3,channel,0.00095,5.325e-06,9.5,53.25,0.10186699619000723,3.666818339623162e+17
p1_ratio_2p00_common_primary,P1 Ctop/Cbottom=2.00 common-primary proxy,top_primary,interface_4x,T03_P1_CAPACITANCE_RATIO,enabled_symmetric_teaching_top_stack,0.0,0.01,0.0,0.3,channel,0.00095,5.4e-06,9.5,54.0,0.10604896012961955,4.310655308612691e+17
p1_ratio_2p00_common_primary,P1 Ctop/Cbottom=2.00 common-primary proxy,top_primary,interface_4x,T03_P1_CAPACITANCE_RATIO,enabled_symmetric_teaching_top_stack,0.0,0.01,0.0,0.3,channel,0.000975,3e-06,9.75,30.0,0.05025478873870307,4.939086362295646e+16
p1_ratio_2p00_common_primary,P1 Ctop/Cbottom=2.00 common-primary proxy,top_primary,interface_4x,T03_P1_CAPACITANCE_RATIO,enabled_symmetric_teaching_top_stack,0.0,0.01,0.0,0.3,channel,0.000975,3.075e-06,9.75,30.750000000000004,0.05084729797543033,5.053594051182867e+16
p1_ratio_2p00_common_primary,P1 Ctop/Cbottom=2.00 common-primary proxy,top_primary,interface_4x,T03_P1_CAPACITANCE_RATIO,enabled_symmetric_teaching_top_stack,0.0,0.01,0.0,0.3,channel,0.000975,3.1500000000000003e-06,9.75,31.500000000000004,0.05148143498006808,5.179089673345881e+16
p1_ratio_2p00_common_primary,P1 Ctop/Cbottom=2.00 common-primary proxy,top_primary,interface_4x,T03_P1_CAPACITANCE_RATIO,enabled_symmetric_teaching_top_stack,0.0,0.01,0.0,0.3,channel,0.000975,3.225e-06,9.75,32.25,0.052158482850066204,5.316519455266944e+16
p1_ratio_2p00_common_primary,P1 Ctop/Cbottom=2.00 common-primary proxy,top_primary,interface_4x,T03_P1_CAPACITANCE_RATIO,enabled_symmetric_teaching_top_stack,0.0,0.01,0.0,0.3,channel,0.000975,3.3e-06,9.75,33.0,0.05287984654173485,5.466959837999765e+16
p1_ratio_2p00_common_primary,P1 Ctop/Cbottom=2.00 common-primary proxy,top_primary,interface_4x,T03_P1_CAPACITANCE_RATIO,enabled_symmetric_teaching_top_stack,0.0,0.01,0.0,0.3,channel,0.000975,3.3750000000000003e-06,9.75,33.75,0.05364706383950803,5.631637475730646e+16
p1_ratio_2p00_common_primary,P1 Ctop/Cbottom=2.00 common-primary proxy,top_primary,interface_4x,T03_P1_CAPACITANCE_RATIO,enabled_symmetric_teaching_top_stack,0.0,0.01,0.0,0.3,channel,0.000975,3.45e-06,9.75,34.5,0.054461817855350904,5.811953099299815e+16
p1_ratio_2p00_common_primary,P1 Ctop/Cbottom=2.00 common-primary proxy,top_primary,interface_4x,T03_P1_CAPACITANCE_RATIO,enabled_symmetric_teaching_top_stack,0.0,0.01,0.0,0.3,channel,0.000975,3.525e-06,9.75,35.25,0.05532595130131882,6.00951010446574e+16
p1_ratio_2p00_common_primary,P1 Ctop/Cbottom=2.00 common-primary proxy,top_primary,interface_4x,T03_P1_CAPACITANCE_RATIO,enabled_symmetric_teaching_top_stack,0.0,0.01,0.0,0.3,channel,0.000975,3.6000000000000003e-06,9.75,36.0,0.05624148282638262,6.226148948185102e+16
p1_ratio_2p00_common_primary,P1 Ctop/Cbottom=2.00 common-primary proxy,top_primary,interface_4x,T03_P1_CAPACITANCE_RATIO,enabled_symmetric_teaching_top_stack,0.0,0.01,0.0,0.3,channel,0.000975,3.6750000000000004e-06,9.75,36.75000000000001,0.05721062576777066,6.463988725890295e+16
p1_ratio_2p00_common_primary,P1 Ctop/Cbottom=2.00 common-primary proxy,top_primary,interface_4x,T03_P1_CAPACITANCE_RATIO,enabled_symmetric_teaching_top_stack,0.0,0.01,0.0,0.3,channel,0.000975,3.7500000000000005e-06,9.75,37.50000000000001,0.05823580974019157,6.725477680951817e+16
p1_ratio_2p00_common_primary,P1 Ctop/Cbottom=2.00 common-primary proxy,top_primary,interface_4x,T03_P1_CAPACITANCE_RATIO,enabled_symmetric_teaching_top_stack,0.0,0.01,0.0,0.3,channel,0.000975,3.825000000000001e-06,9.75,38.25000000000001,0.05931970557724346,7.013454894920062e+16
p1_ratio_2p00_common_primary,P1 Ctop/Cbottom=2.00 common-primary proxy,top_primary,interface_4x,T03_P1_CAPACITANCE_RATIO,enabled_symmetric_teaching_top_stack,0.0,0.01,0.0,0.3,channel,0.000975,3.9e-06,9.75,39.0,0.0604652542531497,7.331226066450402e+16
p1_ratio_2p00_common_primary,P1 Ctop/Cbottom=2.00 common-primary proxy,top_primary,interface_4x,T03_P1_CAPACITANCE_RATIO,enabled_symmetric_teaching_top_stack,0.0,0.01,0.0,0.3,channel,0.000975,3.975e-06,9.75,39.75,0.061675700556398656,7.682657167970736e+16
p1_ratio_2p00_common_primary,P1 Ctop/Cbottom=2.00 common-primary proxy,top_primary,interface_4x,T03_P1_CAPACITANCE_RATIO,enabled_symmetric_teaching_top_stack,0.0,0.01,0.0,0.3,channel,0.000975,4.05e-06,9.75,40.5,0.06295463246887681,8.07229095714411e+16
p1_ratio_2p00_common_primary,P1 Ctop/Cbottom=2.00 common-primary proxy,top_primary,interface_4x,T03_P1_CAPACITANCE_RATIO,enabled_symmetric_teaching_top_stack,0.0,0.01,0.0,0.3,channel,0.000975,4.125e-06,9.75,41.25,0.06430602743676386,8.505492936798755e+16
p1_ratio_2p00_common_primary,P1 Ctop/Cbottom=2.00 common-primary proxy,top_primary,interface_4x,T03_P1_CAPACITANCE_RATIO,enabled_symmetric_teaching_top_stack,0.0,0.01,0.0,0.3,channel,0.000975,4.2000000000000004e-06,9.75,42.00000000000001,0.06573430701926221,8.988635578728717e+16
p1_ratio_2p00_common_primary,P1 Ctop/Cbottom=2.00 common-primary proxy,top_primary,interface_4x,T03_P1_CAPACITANCE_RATIO,enabled_symmetric_teaching_top_stack,0.0,0.01,0.0,0.3,channel,0.000975,4.2750000000000006e-06,9.75,42.75000000000001,0.06724440179077798,9.529332712435133e+16
p1_ratio_2p00_common_primary,P1 Ctop/Cbottom=2.00 common-primary proxy,top_primary,interface_4x,T03_P1_CAPACITANCE_RATIO,enabled_symmetric_teaching_top_stack,0.0,0.01,0.0,0.3,channel,0.000975,4.350000000000001e-06,9.75,43.50000000000001,0.06884182888286806,1.013674031393632e+17
p1_ratio_2p00_common_primary,P1 Ctop/Cbottom=2.00 common-primary proxy,top_primary,interface_4x,T03_P1_CAPACITANCE_RATIO,enabled_symmetric_teaching_top_stack,0.0,0.01,0.0,0.3,channel,0.000975,4.425e-06,9.75,44.25,0.07053278522823529,1.082194609114304e+17
p1_ratio_2p00_common_primary,P1 Ctop/Cbottom=2.00 common-primary proxy,top_primary,interface_4x,T03_P1_CAPACITANCE_RATIO,enabled_symmetric_teaching_top_stack,0.0,0.01,0.0,0.3,channel,0.000975,4.5e-06,9.75,45.0,0.07232426047301295,1.1598479135572362e+17
p1_ratio_2p00_common_primary,P1 Ctop/Cbottom=2.00 common-primary proxy,top_primary,interface_4x,T03_P1_CAPACITANCE_RATIO,enabled_symmetric_teaching_top_stack,0.0,0.01,0.0,0.3,channel,0.000975,4.575e-06,9.75,45.75,0.07422417474585351,1.2482983868490274e+17
p1_ratio_2p00_common_primary,P1 Ctop/Cbottom=2.00 common-primary proxy,top_primary,interface_4x,T03_P1_CAPACITANCE_RATIO,enabled_symmetric_teaching_top_stack,0.0,0.01,0.0,0.3,channel,0.000975,4.65e-06,9.75,46.50000000000001,0.07624154814483451,1.3496121720872254e+17
p1_ratio_2p00_common_primary,P1 Ctop/Cbottom=2.00 common-primary proxy,top_primary,interface_4x,T03_P1_CAPACITANCE_RATIO,enabled_symmetric_teaching_top_stack,0.0,0.01,0.0,0.3,channel,0.000975,4.7250000000000005e-06,9.75,47.25000000000001,0.07838671112147183,1.4663792937068195e+17
p1_ratio_2p00_common_primary,P1 Ctop/Cbottom=2.00 common-primary proxy,top_primary,interface_4x,T03_P1_CAPACITANCE_RATIO,enabled_symmetric_teaching_top_stack,0.0,0.01,0.0,0.3,channel,0.000975,4.8e-06,9.75,48.0,0.08067156819988291,1.6018815300625667e+17
p1_ratio_2p00_common_primary,P1 Ctop/Cbottom=2.00 common-primary proxy,top_primary,interface_4x,T03_P1_CAPACITANCE_RATIO,enabled_symmetric_teaching_top_stack,0.0,0.01,0.0,0.3,channel,0.000975,4.875e-06,9.75,48.75,0.08310993212041258,1.7603266034432666e+17
p1_ratio_2p00_common_primary,P1 Ctop/Cbottom=2.00 common-primary proxy,top_primary,interface_4x,T03_P1_CAPACITANCE_RATIO,enabled_symmetric_teaching_top_stack,0.0,0.01,0.0,0.3,channel,0.000975,4.95e-06,9.75,49.5,0.08571795224779716,1.947180408358538e+17
p1_ratio_2p00_common_primary,P1 Ctop/Cbottom=2.00 common-primary proxy,top_primary,interface_4x,T03_P1_CAPACITANCE_RATIO,enabled_symmetric_teaching_top_stack,0.0,0.01,0.0,0.3,channel,0.000975,5.025e-06,9.75,50.25,0.08851467106363245,2.1696471444864755e+17
p1_ratio_2p00_common_primary,P1 Ctop/Cbottom=2.00 common-primary proxy,top_primary,interface_4x,T03_P1_CAPACITANCE_RATIO,enabled_symmetric_teaching_top_stack,0.0,0.01,0.0,0.3,channel,0.000975,5.1e-06,9.75,51.0,0.09152275761856146,2.4373776741433482e+17
p1_ratio_2p00_common_primary,P1 Ctop/Cbottom=2.00 common-primary proxy,top_primary,interface_4x,T03_P1_CAPACITANCE_RATIO,enabled_symmetric_teaching_top_stack,0.0,0.01,0.0,0.3,channel,0.000975,5.1750000000000004e-06,9.75,51.75000000000001,0.0947694900510575,2.7635390289992774e+17
p1_ratio_2p00_common_primary,P1 Ctop/Cbottom=2.00 common-primary proxy,top_primary,interface_4x,T03_P1_CAPACITANCE_RATIO,enabled_symmetric_teaching_top_stack,0.0,0.01,0.0,0.3,channel,0.000975,5.2500000000000006e-06,9.75,52.50000000000001,0.0982880960415479,3.1664718431687584e+17
p1_ratio_2p00_common_primary,P1 Ctop/Cbottom=2.00 common-primary proxy,top_primary,interface_4x,T03_P1_CAPACITANCE_RATIO,enabled_symmetric_teaching_top_stack,0.0,0.01,0.0,0.3,channel,0.000975,5.325e-06,9.75,53.25,0.10211961991601465,3.6723361499682496e+17
p1_ratio_2p00_common_primary,P1 Ctop/Cbottom=2.00 common-primary proxy,top_primary,interface_4x,T03_P1_CAPACITANCE_RATIO,enabled_symmetric_teaching_top_stack,0.0,0.01,0.0,0.3,channel,0.000975,5.4e-06,9.75,54.0,0.10631558571868219,4.319480927494238e+17
p1_ratio_2p00_common_primary,P1 Ctop/Cbottom=2.00 common-primary proxy,top_primary,interface_4x,T03_P1_CAPACITANCE_RATIO,enabled_symmetric_teaching_top_stack,0.0,0.01,0.0,0.3,channel,0.001,3e-06,10.0,30.0,0.01,1e+16
p1_ratio_2p00_common_primary,P1 Ctop/Cbottom=2.00 common-primary proxy,top_primary,interface_4x,T03_P1_CAPACITANCE_RATIO,enabled_symmetric_teaching_top_stack,0.0,0.01,0.0,0.3,channel,0.001,3.075e-06,10.0,30.750000000000004,0.01,1e+16
p1_ratio_2p00_common_primary,P1 Ctop/Cbottom=2.00 common-primary proxy,top_primary,interface_4x,T03_P1_CAPACITANCE_RATIO,enabled_symmetric_teaching_top_stack,0.0,0.01,0.0,0.3,channel,0.001,3.1500000000000003e-06,10.0,31.500000000000004,0.01,1e+16
p1_ratio_2p00_common_primary,P1 Ctop/Cbottom=2.00 common-primary proxy,top_primary,interface_4x,T03_P1_CAPACITANCE_RATIO,enabled_symmetric_teaching_top_stack,0.0,0.01,0.0,0.3,channel,0.001,3.225e-06,10.0,32.25,0.01,1e+16
p1_ratio_2p00_common_primary,P1 Ctop/Cbottom=2.00 common-primary proxy,top_primary,interface_4x,T03_P1_CAPACITANCE_RATIO,enabled_symmetric_teaching_top_stack,0.0,0.01,0.0,0.3,channel,0.001,3.3e-06,10.0,33.0,0.01,1e+16
p1_ratio_2p00_common_primary,P1 Ctop/Cbottom=2.00 common-primary proxy,top_primary,interface_4x,T03_P1_CAPACITANCE_RATIO,enabled_symmetric_teaching_top_stack,0.0,0.01,0.0,0.3,channel,0.001,3.3750000000000003e-06,10.0,33.75,0.01,1e+16
p1_ratio_2p00_common_primary,P1 Ctop/Cbottom=2.00 common-primary proxy,top_primary,interface_4x,T03_P1_CAPACITANCE_RATIO,enabled_symmetric_teaching_top_stack,0.0,0.01,0.0,0.3,channel,0.001,3.45e-06,10.0,34.5,0.01,1e+16
p1_ratio_2p00_common_primary,P1 Ctop/Cbottom=2.00 common-primary proxy,top_primary,interface_4x,T03_P1_CAPACITANCE_RATIO,enabled_symmetric_teaching_top_stack,0.0,0.01,0.0,0.3,channel,0.001,3.525e-06,10.0,35.25,0.01,1e+16
p1_ratio_2p00_common_primary,P1 Ctop/Cbottom=2.00 common-primary proxy,top_primary,interface_4x,T03_P1_CAPACITANCE_RATIO,enabled_symmetric_teaching_top_stack,0.0,0.01,0.0,0.3,channel,0.001,3.6000000000000003e-06,10.0,36.0,0.01,1e+16
p1_ratio_2p00_common_primary,P1 Ctop/Cbottom=2.00 common-primary proxy,top_primary,interface_4x,T03_P1_CAPACITANCE_RATIO,enabled_symmetric_teaching_top_stack,0.0,0.01,0.0,0.3,channel,0.001,3.6750000000000004e-06,10.0,36.75000000000001,0.01,1e+16
p1_ratio_2p00_common_primary,P1 Ctop/Cbottom=2.00 common-primary proxy,top_primary,interface_4x,T03_P1_CAPACITANCE_RATIO,enabled_symmetric_teaching_top_stack,0.0,0.01,0.0,0.3,channel,0.001,3.7500000000000005e-06,10.0,37.50000000000001,0.01,1e+16
p1_ratio_2p00_common_primary,P1 Ctop/Cbottom=2.00 common-primary proxy,top_primary,interface_4x,T03_P1_CAPACITANCE_RATIO,enabled_symmetric_teaching_top_stack,0.0,0.01,0.0,0.3,channel,0.001,3.825000000000001e-06,10.0,38.25000000000001,0.01,1e+16
p1_ratio_2p00_common_primary,P1 Ctop/Cbottom=2.00 common-primary proxy,top_primary,interface_4x,T03_P1_CAPACITANCE_RATIO,enabled_symmetric_teaching_top_stack,0.0,0.01,0.0,0.3,channel,0.001,3.9e-06,10.0,39.0,0.01,1e+16
p1_ratio_2p00_common_primary,P1 Ctop/Cbottom=2.00 common-primary proxy,top_primary,interface_4x,T03_P1_CAPACITANCE_RATIO,enabled_symmetric_teaching_top_stack,0.0,0.01,0.0,0.3,channel,0.001,3.975e-06,10.0,39.75,0.01,1e+16
p1_ratio_2p00_common_primary,P1 Ctop/Cbottom=2.00 common-primary proxy,top_primary,interface_4x,T03_P1_CAPACITANCE_RATIO,enabled_symmetric_teaching_top_stack,0.0,0.01,0.0,0.3,channel,0.001,4.05e-06,10.0,40.5,0.01,1e+16
p1_ratio_2p00_common_primary,P1 Ctop/Cbottom=2.00 common-primary proxy,top_primary,interface_4x,T03_P1_CAPACITANCE_RATIO,enabled_symmetric_teaching_top_stack,0.0,0.01,0.0,0.3,channel,0.001,4.125e-06,10.0,41.25,0.01,1e+16
p1_ratio_2p00_common_primary,P1 Ctop/Cbottom=2.00 common-primary proxy,top_primary,interface_4x,T03_P1_CAPACITANCE_RATIO,enabled_symmetric_teaching_top_stack,0.0,0.01,0.0,0.3,channel,0.001,4.2000000000000004e-06,10.0,42.00000000000001,0.01,1e+16
p1_ratio_2p00_common_primary,P1 Ctop/Cbottom=2.00 common-primary proxy,top_primary,interface_4x,T03_P1_CAPACITANCE_RATIO,enabled_symmetric_teaching_top_stack,0.0,0.01,0.0,0.3,channel,0.001,4.2750000000000006e-06,10.0,42.75000000000001,0.01,1e+16
p1_ratio_2p00_common_primary,P1 Ctop/Cbottom=2.00 common-primary proxy,top_primary,interface_4x,T03_P1_CAPACITANCE_RATIO,enabled_symmetric_teaching_top_stack,0.0,0.01,0.0,0.3,channel,0.001,4.350000000000001e-06,10.0,43.50000000000001,0.01,1e+16
p1_ratio_2p00_common_primary,P1 Ctop/Cbottom=2.00 common-primary proxy,top_primary,interface_4x,T03_P1_CAPACITANCE_RATIO,enabled_symmetric_teaching_top_stack,0.0,0.01,0.0,0.3,channel,0.001,4.425e-06,10.0,44.25,0.01,1e+16
p1_ratio_2p00_common_primary,P1 Ctop/Cbottom=2.00 common-primary proxy,top_primary,interface_4x,T03_P1_CAPACITANCE_RATIO,enabled_symmetric_teaching_top_stack,0.0,0.01,0.0,0.3,channel,0.001,4.5e-06,10.0,45.0,0.01,1e+16
p1_ratio_2p00_common_primary,P1 Ctop/Cbottom=2.00 common-primary proxy,top_primary,interface_4x,T03_P1_CAPACITANCE_RATIO,enabled_symmetric_teaching_top_stack,0.0,0.01,0.0,0.3,channel,0.001,4.575e-06,10.0,45.75,0.01,1e+16
p1_ratio_2p00_common_primary,P1 Ctop/Cbottom=2.00 common-primary proxy,top_primary,interface_4x,T03_P1_CAPACITANCE_RATIO,enabled_symmetric_teaching_top_stack,0.0,0.01,0.0,0.3,channel,0.001,4.65e-06,10.0,46.50000000000001,0.01,1e+16
p1_ratio_2p00_common_primary,P1 Ctop/Cbottom=2.00 common-primary proxy,top_primary,interface_4x,T03_P1_CAPACITANCE_RATIO,enabled_symmetric_teaching_top_stack,0.0,0.01,0.0,0.3,channel,0.001,4.7250000000000005e-06,10.0,47.25000000000001,0.01,1e+16
p1_ratio_2p00_common_primary,P1 Ctop/Cbottom=2.00 common-primary proxy,top_primary,interface_4x,T03_P1_CAPACITANCE_RATIO,enabled_symmetric_teaching_top_stack,0.0,0.01,0.0,0.3,channel,0.001,4.8e-06,10.0,48.0,0.01,1e+16
p1_ratio_2p00_common_primary,P1 Ctop/Cbottom=2.00 common-primary proxy,top_primary,interface_4x,T03_P1_CAPACITANCE_RATIO,enabled_symmetric_teaching_top_stack,0.0,0.01,0.0,0.3,channel,0.001,4.875e-06,10.0,48.75,0.01,1e+16
p1_ratio_2p00_common_primary,P1 Ctop/Cbottom=2.00 common-primary proxy,top_primary,interface_4x,T03_P1_CAPACITANCE_RATIO,enabled_symmetric_teaching_top_stack,0.0,0.01,0.0,0.3,channel,0.001,4.95e-06,10.0,49.5,0.01,1e+16
p1_ratio_2p00_common_primary,P1 Ctop/Cbottom=2.00 common-primary proxy,top_primary,interface_4x,T03_P1_CAPACITANCE_RATIO,enabled_symmetric_teaching_top_stack,0.0,0.01,0.0,0.3,channel,0.001,5.025e-06,10.0,50.25,0.01,1e+16
p1_ratio_2p00_common_primary,P1 Ctop/Cbottom=2.00 common-primary proxy,top_primary,interface_4x,T03_P1_CAPACITANCE_RATIO,enabled_symmetric_teaching_top_stack,0.0,0.01,0.0,0.3,channel,0.001,5.1e-06,10.0,51.0,0.01,1e+16
p1_ratio_2p00_common_primary,P1 Ctop/Cbottom=2.00 common-primary proxy,top_primary,interface_4x,T03_P1_CAPACITANCE_RATIO,enabled_symmetric_teaching_top_stack,0.0,0.01,0.0,0.3,channel,0.001,5.1750000000000004e-06,10.0,51.75000000000001,0.01,1e+16
p1_ratio_2p00_common_primary,P1 Ctop/Cbottom=2.00 common-primary proxy,top_primary,interface_4x,T03_P1_CAPACITANCE_RATIO,enabled_symmetric_teaching_top_stack,0.0,0.01,0.0,0.3,channel,0.001,5.2500000000000006e-06,10.0,52.50000000000001,0.01,1e+16
p1_ratio_2p00_common_primary,P1 Ctop/Cbottom=2.00 common-primary proxy,top_primary,interface_4x,T03_P1_CAPACITANCE_RATIO,enabled_symmetric_teaching_top_stack,0.0,0.01,0.0,0.3,channel,0.001,5.325e-06,10.0,53.25,0.01,1e+16
p1_ratio_2p00_common_primary,P1 Ctop/Cbottom=2.00 common-primary proxy,top_primary,interface_4x,T03_P1_CAPACITANCE_RATIO,enabled_symmetric_teaching_top_stack,0.0,0.01,0.0,0.3,channel,0.001,5.4e-06,10.0,54.0,0.01,1e+16
p1_ratio_2p00_common_primary,P1 Ctop/Cbottom=2.00 common-primary proxy,top_primary,interface_4x,T03_P1_CAPACITANCE_RATIO,enabled_symmetric_teaching_top_stack,0.0,0.01,0.0,0.3,top_oxide,0.0,5.4e-06,0.0,54.0,0.29808632851300976,
p1_ratio_2p00_common_primary,P1 Ctop/Cbottom=2.00 common-primary proxy,top_primary,interface_4x,T03_P1_CAPACITANCE_RATIO,enabled_symmetric_teaching_top_stack,0.0,0.01,0.0,0.3,top_oxide,0.0,5.525e-06,0.0,55.24999999999999,0.2980912791341044,
p1_ratio_2p00_common_primary,P1 Ctop/Cbottom=2.00 common-primary proxy,top_primary,interface_4x,T03_P1_CAPACITANCE_RATIO,enabled_symmetric_teaching_top_stack,0.0,0.01,0.0,0.3,top_oxide,2.5e-05,5.4e-06,0.25,54.0,0.10006148472855575,
p1_ratio_2p00_common_primary,P1 Ctop/Cbottom=2.00 common-primary proxy,top_primary,interface_4x,T03_P1_CAPACITANCE_RATIO,enabled_symmetric_teaching_top_stack,0.0,0.01,0.0,0.3,top_oxide,2.5e-05,5.525e-06,0.25,55.24999999999999,0.10842962226975371,
p1_ratio_2p00_common_primary,P1 Ctop/Cbottom=2.00 common-primary proxy,top_primary,interface_4x,T03_P1_CAPACITANCE_RATIO,enabled_symmetric_teaching_top_stack,0.0,0.01,0.0,0.3,top_oxide,0.0,5.65e-06,0.0,56.5,0.2981057128380422,
p1_ratio_2p00_common_primary,P1 Ctop/Cbottom=2.00 common-primary proxy,top_primary,interface_4x,T03_P1_CAPACITANCE_RATIO,enabled_symmetric_teaching_top_stack,0.0,0.01,0.0,0.3,top_oxide,2.5e-05,5.65e-06,0.25,56.5,0.11679301775329799,
p1_ratio_2p00_common_primary,P1 Ctop/Cbottom=2.00 common-primary proxy,top_primary,interface_4x,T03_P1_CAPACITANCE_RATIO,enabled_symmetric_teaching_top_stack,0.0,0.01,0.0,0.3,top_oxide,0.0,5.775e-06,0.0,57.75,0.29812921217673427,
p1_ratio_2p00_common_primary,P1 Ctop/Cbottom=2.00 common-primary proxy,top_primary,interface_4x,T03_P1_CAPACITANCE_RATIO,enabled_symmetric_teaching_top_stack,0.0,0.01,0.0,0.3,top_oxide,2.5e-05,5.775e-06,0.25,57.75,0.12515188078048337,
p1_ratio_2p00_common_primary,P1 Ctop/Cbottom=2.00 common-primary proxy,top_primary,interface_4x,T03_P1_CAPACITANCE_RATIO,enabled_symmetric_teaching_top_stack,0.0,0.01,0.0,0.3,top_oxide,0.0,5.899999999999999e-06,0.0,58.99999999999999,0.29816136038199614,
p1_ratio_2p00_common_primary,P1 Ctop/Cbottom=2.00 common-primary proxy,top_primary,interface_4x,T03_P1_CAPACITANCE_RATIO,enabled_symmetric_teaching_top_stack,0.0,0.01,0.0,0.3,top_oxide,2.5e-05,5.899999999999999e-06,0.25,58.99999999999999,0.13350642049944242,
p1_ratio_2p00_common_primary,P1 Ctop/Cbottom=2.00 common-primary proxy,top_primary,interface_4x,T03_P1_CAPACITANCE_RATIO,enabled_symmetric_teaching_top_stack,0.0,0.01,0.0,0.3,top_oxide,0.0,6.025e-06,0.0,60.25,0.29820174133425215,
p1_ratio_2p00_common_primary,P1 Ctop/Cbottom=2.00 common-primary proxy,top_primary,interface_4x,T03_P1_CAPACITANCE_RATIO,enabled_symmetric_teaching_top_stack,0.0,0.01,0.0,0.3,top_oxide,2.5e-05,6.025e-06,0.25,60.25,0.14185684562603706,
p1_ratio_2p00_common_primary,P1 Ctop/Cbottom=2.00 common-primary proxy,top_primary,interface_4x,T03_P1_CAPACITANCE_RATIO,enabled_symmetric_teaching_top_stack,0.0,0.01,0.0,0.3,top_oxide,0.0,6.1499999999999996e-06,0.0,61.49999999999999,0.2982499395312936,
p1_ratio_2p00_common_primary,P1 Ctop/Cbottom=2.00 common-primary proxy,top_primary,interface_4x,T03_P1_CAPACITANCE_RATIO,enabled_symmetric_teaching_top_stack,0.0,0.01,0.0,0.3,top_oxide,2.5e-05,6.1499999999999996e-06,0.25,61.49999999999999,0.15020336446470903,
p1_ratio_2p00_common_primary,P1 Ctop/Cbottom=2.00 common-primary proxy,top_primary,interface_4x,T03_P1_CAPACITANCE_RATIO,enabled_symmetric_teaching_top_stack,0.0,0.01,0.0,0.3,top_oxide,0.0,6.275e-06,0.0,62.75,0.2983055400570883,
p1_ratio_2p00_common_primary,P1 Ctop/Cbottom=2.00 common-primary proxy,top_primary,interface_4x,T03_P1_CAPACITANCE_RATIO,enabled_symmetric_teaching_top_stack,0.0,0.01,0.0,0.3,top_oxide,2.5e-05,6.275e-06,0.25,62.75,0.15854618492929287,
p1_ratio_2p00_common_primary,P1 Ctop/Cbottom=2.00 common-primary proxy,top_primary,interface_4x,T03_P1_CAPACITANCE_RATIO,enabled_symmetric_teaching_top_stack,0.0,0.01,0.0,0.3,top_oxide,0.0,6.4e-06,0.0,64.0,0.29836812855063943,
p1_ratio_2p00_common_primary,P1 Ctop/Cbottom=2.00 common-primary proxy,top_primary,interface_4x,T03_P1_CAPACITANCE_RATIO,enabled_symmetric_teaching_top_stack,0.0,0.01,0.0,0.3,top_oxide,2.5e-05,6.4e-06,0.25,64.0,0.16688551456379128,
p1_ratio_2p00_common_primary,P1 Ctop/Cbottom=2.00 common-primary proxy,top_primary,interface_4x,T03_P1_CAPACITANCE_RATIO,enabled_symmetric_teaching_top_stack,0.0,0.01,0.0,0.3,top_oxide,0.0,6.9e-06,0.0,69.0,0.2986842238318374,
p1_ratio_2p00_common_primary,P1 Ctop/Cbottom=2.00 common-primary proxy,top_primary,interface_4x,T03_P1_CAPACITANCE_RATIO,enabled_symmetric_teaching_top_stack,0.0,0.01,0.0,0.3,top_oxide,2.5e-05,6.9e-06,0.25,69.0,0.20020999675005208,
p1_ratio_2p00_common_primary,P1 Ctop/Cbottom=2.00 common-primary proxy,top_primary,interface_4x,T03_P1_CAPACITANCE_RATIO,enabled_symmetric_teaching_top_stack,0.0,0.01,0.0,0.3,top_oxide,0.0,7.4e-06,0.0,74.0,0.2990790984947008,
p1_ratio_2p00_common_primary,P1 Ctop/Cbottom=2.00 common-primary proxy,top_primary,interface_4x,T03_P1_CAPACITANCE_RATIO,enabled_symmetric_teaching_top_stack,0.0,0.01,0.0,0.3,top_oxide,2.5e-05,7.4e-06,0.25,74.0,0.23349514870675656,
p1_ratio_2p00_common_primary,P1 Ctop/Cbottom=2.00 common-primary proxy,top_primary,interface_4x,T03_P1_CAPACITANCE_RATIO,enabled_symmetric_teaching_top_stack,0.0,0.01,0.0,0.3,top_oxide,0.0,7.9e-06,0.0,79.0,0.29952644031739456,
p1_ratio_2p00_common_primary,P1 Ctop/Cbottom=2.00 common-primary proxy,top_primary,interface_4x,T03_P1_CAPACITANCE_RATIO,enabled_symmetric_teaching_top_stack,0.0,0.01,0.0,0.3,top_oxide,2.5e-05,7.9e-06,0.25,79.0,0.26675411542781985,
p1_ratio_2p00_common_primary,P1 Ctop/Cbottom=2.00 common-primary proxy,top_primary,interface_4x,T03_P1_CAPACITANCE_RATIO,enabled_symmetric_teaching_top_stack,0.0,0.01,0.0,0.3,top_oxide,0.0,8.400000000000001e-06,0.0,84.00000000000001,0.3,
p1_ratio_2p00_common_primary,P1 Ctop/Cbottom=2.00 common-primary proxy,top_primary,interface_4x,T03_P1_CAPACITANCE_RATIO,enabled_symmetric_teaching_top_stack,0.0,0.01,0.0,0.3,top_oxide,2.5e-05,8.400000000000001e-06,0.25,84.00000000000001,0.3,
p1_ratio_2p00_common_primary,P1 Ctop/Cbottom=2.00 common-primary proxy,top_primary,interface_4x,T03_P1_CAPACITANCE_RATIO,enabled_symmetric_teaching_top_stack,0.0,0.01,0.0,0.3,top_oxide,5e-05,5.4e-06,0.5,54.0,0.10012196273794677,
p1_ratio_2p00_common_primary,P1 Ctop/Cbottom=2.00 common-primary proxy,top_primary,interface_4x,T03_P1_CAPACITANCE_RATIO,enabled_symmetric_teaching_top_stack,0.0,0.01,0.0,0.3,top_oxide,5e-05,5.525e-06,0.5,55.24999999999999,0.10845027155456453,
p1_ratio_2p00_common_primary,P1 Ctop/Cbottom=2.00 common-primary proxy,top_primary,interface_4x,T03_P1_CAPACITANCE_RATIO,enabled_symmetric_teaching_top_stack,0.0,0.01,0.0,0.3,top_oxide,5e-05,5.65e-06,0.5,56.5,0.11677857702305555,
p1_ratio_2p00_common_primary,P1 Ctop/Cbottom=2.00 common-primary proxy,top_primary,interface_4x,T03_P1_CAPACITANCE_RATIO,enabled_symmetric_teaching_top_stack,0.0,0.01,0.0,0.3,top_oxide,5e-05,5.775e-06,0.5,57.75,0.12510687843559148,
p1_ratio_2p00_common_primary,P1 Ctop/Cbottom=2.00 common-primary proxy,top_primary,interface_4x,T03_P1_CAPACITANCE_RATIO,enabled_symmetric_teaching_top_stack,0.0,0.01,0.0,0.3,top_oxide,5e-05,5.899999999999999e-06,0.5,58.99999999999999,0.1334351751974531,
p1_ratio_2p00_common_primary,P1 Ctop/Cbottom=2.00 common-primary proxy,top_primary,interface_4x,T03_P1_CAPACITANCE_RATIO,enabled_symmetric_teaching_top_stack,0.0,0.01,0.0,0.3,top_oxide,5e-05,6.025e-06,0.5,60.25,0.14176346682177168,
p1_ratio_2p00_common_primary,P1 Ctop/Cbottom=2.00 common-primary proxy,top_primary,interface_4x,T03_P1_CAPACITANCE_RATIO,enabled_symmetric_teaching_top_stack,0.0,0.01,0.0,0.3,top_oxide,5e-05,6.1499999999999996e-06,0.5,61.49999999999999,0.15009175292428653,
p1_ratio_2p00_common_primary,P1 Ctop/Cbottom=2.00 common-primary proxy,top_primary,interface_4x,T03_P1_CAPACITANCE_RATIO,enabled_symmetric_teaching_top_stack,0.0,0.01,0.0,0.3,top_oxide,5e-05,6.275e-06,0.5,62.75,0.15842003321811873,
p1_ratio_2p00_common_primary,P1 Ctop/Cbottom=2.00 common-primary proxy,top_primary,interface_4x,T03_P1_CAPACITANCE_RATIO,enabled_symmetric_teaching_top_stack,0.0,0.01,0.0,0.3,top_oxide,5e-05,6.4e-06,0.5,64.0,0.16674830750855837,
p1_ratio_2p00_common_primary,P1 Ctop/Cbottom=2.00 common-primary proxy,top_primary,interface_4x,T03_P1_CAPACITANCE_RATIO,enabled_symmetric_teaching_top_stack,0.0,0.01,0.0,0.3,top_oxide,5e-05,6.9e-06,0.5,69.0,0.20006134355900337,
p1_ratio_2p00_common_primary,P1 Ctop/Cbottom=2.00 common-primary proxy,top_primary,interface_4x,T03_P1_CAPACITANCE_RATIO,enabled_symmetric_teaching_top_stack,0.0,0.01,0.0,0.3,top_oxide,5e-05,7.4e-06,0.5,74.0,0.23337428802177201,
p1_ratio_2p00_common_primary,P1 Ctop/Cbottom=2.00 common-primary proxy,top_primary,interface_4x,T03_P1_CAPACITANCE_RATIO,enabled_symmetric_teaching_top_stack,0.0,0.01,0.0,0.3,top_oxide,5e-05,7.9e-06,0.5,79.0,0.2666871627462011,
p1_ratio_2p00_common_primary,P1 Ctop/Cbottom=2.00 common-primary proxy,top_primary,interface_4x,T03_P1_CAPACITANCE_RATIO,enabled_symmetric_teaching_top_stack,0.0,0.01,0.0,0.3,top_oxide,5e-05,8.400000000000001e-06,0.5,84.00000000000001,0.3,
p1_ratio_2p00_common_primary,P1 Ctop/Cbottom=2.00 common-primary proxy,top_primary,interface_4x,T03_P1_CAPACITANCE_RATIO,enabled_symmetric_teaching_top_stack,0.0,0.01,0.0,0.3,top_oxide,7.500000000000001e-05,5.4e-06,0.7500000000000001,54.0,0.10028331731953641,
p1_ratio_2p00_common_primary,P1 Ctop/Cbottom=2.00 common-primary proxy,top_primary,interface_4x,T03_P1_CAPACITANCE_RATIO,enabled_symmetric_teaching_top_stack,0.0,0.01,0.0,0.3,top_oxide,7.500000000000001e-05,5.525e-06,0.7500000000000001,55.24999999999999,0.10860484591205523,
p1_ratio_2p00_common_primary,P1 Ctop/Cbottom=2.00 common-primary proxy,top_primary,interface_4x,T03_P1_CAPACITANCE_RATIO,enabled_symmetric_teaching_top_stack,0.0,0.01,0.0,0.3,top_oxide,7.500000000000001e-05,5.65e-06,0.7500000000000001,56.5,0.11692637449357696,
p1_ratio_2p00_common_primary,P1 Ctop/Cbottom=2.00 common-primary proxy,top_primary,interface_4x,T03_P1_CAPACITANCE_RATIO,enabled_symmetric_teaching_top_stack,0.0,0.01,0.0,0.3,top_oxide,7.500000000000001e-05,5.775e-06,0.7500000000000001,57.75,0.12524790306317587,
p1_ratio_2p00_common_primary,P1 Ctop/Cbottom=2.00 common-primary proxy,top_primary,interface_4x,T03_P1_CAPACITANCE_RATIO,enabled_symmetric_teaching_top_stack,0.0,0.01,0.0,0.3,top_oxide,7.500000000000001e-05,5.899999999999999e-06,0.7500000000000001,58.99999999999999,0.13356943162002735,
p1_ratio_2p00_common_primary,P1 Ctop/Cbottom=2.00 common-primary proxy,top_primary,interface_4x,T03_P1_CAPACITANCE_RATIO,enabled_symmetric_teaching_top_stack,0.0,0.01,0.0,0.3,top_oxide,7.500000000000001e-05,6.025e-06,0.7500000000000001,60.25,0.14189096016342245,
p1_ratio_2p00_common_primary,P1 Ctop/Cbottom=2.00 common-primary proxy,top_primary,interface_4x,T03_P1_CAPACITANCE_RATIO,enabled_symmetric_teaching_top_stack,0.0,0.01,0.0,0.3,top_oxide,7.500000000000001e-05,6.1499999999999996e-06,0.7500000000000001,61.49999999999999,0.15021248869277998,
p1_ratio_2p00_common_primary,P1 Ctop/Cbottom=2.00 common-primary proxy,top_primary,interface_4x,T03_P1_CAPACITANCE_RATIO,enabled_symmetric_teaching_top_stack,0.0,0.01,0.0,0.3,top_oxide,7.500000000000001e-05,6.275e-06,0.7500000000000001,62.75,0.15853401720765628,
p1_ratio_2p00_common_primary,P1 Ctop/Cbottom=2.00 common-primary proxy,top_primary,interface_4x,T03_P1_CAPACITANCE_RATIO,enabled_symmetric_teaching_top_stack,0.0,0.01,0.0,0.3,top_oxide,7.500000000000001e-05,6.4e-06,0.7500000000000001,64.0,0.1668555457077522,
p1_ratio_2p00_common_primary,P1 Ctop/Cbottom=2.00 common-primary proxy,top_primary,interface_4x,T03_P1_CAPACITANCE_RATIO,enabled_symmetric_teaching_top_stack,0.0,0.01,0.0,0.3,top_oxide,7.500000000000001e-05,6.9e-06,0.7500000000000001,69.0,0.2001416595588354,
p1_ratio_2p00_common_primary,P1 Ctop/Cbottom=2.00 common-primary proxy,top_primary,interface_4x,T03_P1_CAPACITANCE_RATIO,enabled_symmetric_teaching_top_stack,0.0,0.01,0.0,0.3,top_oxide,7.500000000000001e-05,7.4e-06,0.7500000000000001,74.0,0.23342777318579333,
p1_ratio_2p00_common_primary,P1 Ctop/Cbottom=2.00 common-primary proxy,top_primary,interface_4x,T03_P1_CAPACITANCE_RATIO,enabled_symmetric_teaching_top_stack,0.0,0.01,0.0,0.3,top_oxide,7.500000000000001e-05,7.9e-06,0.7500000000000001,79.0,0.2667138866398511,
p1_ratio_2p00_common_primary,P1 Ctop/Cbottom=2.00 common-primary proxy,top_primary,interface_4x,T03_P1_CAPACITANCE_RATIO,enabled_symmetric_teaching_top_stack,0.0,0.01,0.0,0.3,top_oxide,7.500000000000001e-05,8.400000000000001e-06,0.7500000000000001,84.00000000000001,0.3,
p1_ratio_2p00_common_primary,P1 Ctop/Cbottom=2.00 common-primary proxy,top_primary,interface_4x,T03_P1_CAPACITANCE_RATIO,enabled_symmetric_teaching_top_stack,0.0,0.01,0.0,0.3,top_oxide,0.0001,5.4e-06,1.0,54.0,0.10044507143329448,
p1_ratio_2p00_common_primary,P1 Ctop/Cbottom=2.00 common-primary proxy,top_primary,interface_4x,T03_P1_CAPACITANCE_RATIO,enabled_symmetric_teaching_top_stack,0.0,0.01,0.0,0.3,top_oxide,0.0001,5.525e-06,1.0,55.24999999999999,0.10875986015576573,
p1_ratio_2p00_common_primary,P1 Ctop/Cbottom=2.00 common-primary proxy,top_primary,interface_4x,T03_P1_CAPACITANCE_RATIO,enabled_symmetric_teaching_top_stack,0.0,0.01,0.0,0.3,top_oxide,0.0001,5.65e-06,1.0,56.5,0.11707464887418083,
p1_ratio_2p00_common_primary,P1 Ctop/Cbottom=2.00 common-primary proxy,top_primary,interface_4x,T03_P1_CAPACITANCE_RATIO,enabled_symmetric_teaching_top_stack,0.0,0.01,0.0,0.3,top_oxide,0.0001,5.775e-06,1.0,57.75,0.12538943758871315,
p1_ratio_2p00_common_primary,P1 Ctop/Cbottom=2.00 common-primary proxy,top_primary,interface_4x,T03_P1_CAPACITANCE_RATIO,enabled_symmetric_teaching_top_stack,0.0,0.01,0.0,0.3,top_oxide,0.0001,5.899999999999999e-06,1.0,58.99999999999999,0.13370422629953652,
p1_ratio_2p00_common_primary,P1 Ctop/Cbottom=2.00 common-primary proxy,top_primary,interface_4x,T03_P1_CAPACITANCE_RATIO,enabled_symmetric_teaching_top_stack,0.0,0.01,0.0,0.3,top_oxide,0.0001,6.025e-06,1.0,60.25,0.1420190150068249,
p1_ratio_2p00_common_primary,P1 Ctop/Cbottom=2.00 common-primary proxy,top_primary,interface_4x,T03_P1_CAPACITANCE_RATIO,enabled_symmetric_teaching_top_stack,0.0,0.01,0.0,0.3,top_oxide,0.0001,6.1499999999999996e-06,1.0,61.49999999999999,0.15033380371075244,
p1_ratio_2p00_common_primary,P1 Ctop/Cbottom=2.00 common-primary proxy,top_primary,interface_4x,T03_P1_CAPACITANCE_RATIO,enabled_symmetric_teaching_top_stack,0.0,0.01,0.0,0.3,top_oxide,0.0001,6.275e-06,1.0,62.75,0.15864859241149368,
p1_ratio_2p00_common_primary,P1 Ctop/Cbottom=2.00 common-primary proxy,top_primary,interface_4x,T03_P1_CAPACITANCE_RATIO,enabled_symmetric_teaching_top_stack,0.0,0.01,0.0,0.3,top_oxide,0.0001,6.4e-06,1.0,64.0,0.16696338110922324,
p1_ratio_2p00_common_primary,P1 Ctop/Cbottom=2.00 common-primary proxy,top_primary,interface_4x,T03_P1_CAPACITANCE_RATIO,enabled_symmetric_teaching_top_stack,0.0,0.01,0.0,0.3,top_oxide,0.0001,6.9e-06,1.0,69.0,0.20022253587177613,
p1_ratio_2p00_common_primary,P1 Ctop/Cbottom=2.00 common-primary proxy,top_primary,interface_4x,T03_P1_CAPACITANCE_RATIO,enabled_symmetric_teaching_top_stack,0.0,0.01,0.0,0.3,top_oxide,0.0001,7.4e-06,1.0,74.0,0.23348169060019522,
p1_ratio_2p00_common_primary,P1 Ctop/Cbottom=2.00 common-primary proxy,top_primary,interface_4x,T03_P1_CAPACITANCE_RATIO,enabled_symmetric_teaching_top_stack,0.0,0.01,0.0,0.3,top_oxide,0.0001,7.9e-06,1.0,79.0,0.26674084530580755,
p1_ratio_2p00_common_primary,P1 Ctop/Cbottom=2.00 common-primary proxy,top_primary,interface_4x,T03_P1_CAPACITANCE_RATIO,enabled_symmetric_teaching_top_stack,0.0,0.01,0.0,0.3,top_oxide,0.0001,8.400000000000001e-06,1.0,84.00000000000001,0.3,
p1_ratio_2p00_common_primary,P1 Ctop/Cbottom=2.00 common-primary proxy,top_primary,interface_4x,T03_P1_CAPACITANCE_RATIO,enabled_symmetric_teaching_top_stack,0.0,0.01,0.0,0.3,top_oxide,0.000125,5.4e-06,1.25,54.0,0.1006069947302241,
p1_ratio_2p00_common_primary,P1 Ctop/Cbottom=2.00 common-primary proxy,top_primary,interface_4x,T03_P1_CAPACITANCE_RATIO,enabled_symmetric_teaching_top_stack,0.0,0.01,0.0,0.3,top_oxide,0.000125,5.525e-06,1.25,55.24999999999999,0.1089150366485119,
p1_ratio_2p00_common_primary,P1 Ctop/Cbottom=2.00 common-primary proxy,top_primary,interface_4x,T03_P1_CAPACITANCE_RATIO,enabled_symmetric_teaching_top_stack,0.0,0.01,0.0,0.3,top_oxide,0.000125,5.65e-06,1.25,56.5,0.11722307856274616,
p1_ratio_2p00_common_primary,P1 Ctop/Cbottom=2.00 common-primary proxy,top_primary,interface_4x,T03_P1_CAPACITANCE_RATIO,enabled_symmetric_teaching_top_stack,0.0,0.01,0.0,0.3,top_oxide,0.000125,5.775e-06,1.25,57.75,0.12553112047310303,
p1_ratio_2p00_common_primary,P1 Ctop/Cbottom=2.00 common-primary proxy,top_primary,interface_4x,T03_P1_CAPACITANCE_RATIO,enabled_symmetric_teaching_top_stack,0.0,0.01,0.0,0.3,top_oxide,0.000125,5.899999999999999e-06,1.25,58.99999999999999,0.13383916237975876,
p1_ratio_2p00_common_primary,P1 Ctop/Cbottom=2.00 common-primary proxy,top_primary,interface_4x,T03_P1_CAPACITANCE_RATIO,enabled_symmetric_teaching_top_stack,0.0,0.01,0.0,0.3,top_oxide,0.000125,6.025e-06,1.25,60.25,0.14214720428288966,
p1_ratio_2p00_common_primary,P1 Ctop/Cbottom=2.00 common-primary proxy,top_primary,interface_4x,T03_P1_CAPACITANCE_RATIO,enabled_symmetric_teaching_top_stack,0.0,0.01,0.0,0.3,top_oxide,0.000125,6.1499999999999996e-06,1.25,61.49999999999999,0.15045524618267186,
p1_ratio_2p00_common_primary,P1 Ctop/Cbottom=2.00 common-primary proxy,top_primary,interface_4x,T03_P1_CAPACITANCE_RATIO,enabled_symmetric_teaching_top_stack,0.0,0.01,0.0,0.3,top_oxide,0.000125,6.275e-06,1.25,62.75,0.15876328807928172,
p1_ratio_2p00_common_primary,P1 Ctop/Cbottom=2.00 common-primary proxy,top_primary,interface_4x,T03_P1_CAPACITANCE_RATIO,enabled_symmetric_teaching_top_stack,0.0,0.01,0.0,0.3,top_oxide,0.000125,6.4e-06,1.25,64.0,0.16707132997289537,
p1_ratio_2p00_common_primary,P1 Ctop/Cbottom=2.00 common-primary proxy,top_primary,interface_4x,T03_P1_CAPACITANCE_RATIO,enabled_symmetric_teaching_top_stack,0.0,0.01,0.0,0.3,top_oxide,0.000125,6.9e-06,1.25,69.0,0.20030349751915077,
p1_ratio_2p00_common_primary,P1 Ctop/Cbottom=2.00 common-primary proxy,top_primary,interface_4x,T03_P1_CAPACITANCE_RATIO,enabled_symmetric_teaching_top_stack,0.0,0.01,0.0,0.3,top_oxide,0.000125,7.4e-06,1.25,74.0,0.2335356650315669,
p1_ratio_2p00_common_primary,P1 Ctop/Cbottom=2.00 common-primary proxy,top_primary,interface_4x,T03_P1_CAPACITANCE_RATIO,enabled_symmetric_teaching_top_stack,0.0,0.01,0.0,0.3,top_oxide,0.000125,7.9e-06,1.25,79.0,0.2667678325214234,
p1_ratio_2p00_common_primary,P1 Ctop/Cbottom=2.00 common-primary proxy,top_primary,interface_4x,T03_P1_CAPACITANCE_RATIO,enabled_symmetric_teaching_top_stack,0.0,0.01,0.0,0.3,top_oxide,0.000125,8.400000000000001e-06,1.25,84.00000000000001,0.3,
p1_ratio_2p00_common_primary,P1 Ctop/Cbottom=2.00 common-primary proxy,top_primary,interface_4x,T03_P1_CAPACITANCE_RATIO,enabled_symmetric_teaching_top_stack,0.0,0.01,0.0,0.3,top_oxide,0.00015000000000000001,5.4e-06,1.5000000000000002,54.0,0.10076908722047645,
p1_ratio_2p00_common_primary,P1 Ctop/Cbottom=2.00 common-primary proxy,top_primary,interface_4x,T03_P1_CAPACITANCE_RATIO,enabled_symmetric_teaching_top_stack,0.0,0.01,0.0,0.3,top_oxide,0.00015000000000000001,5.525e-06,1.5000000000000002,55.24999999999999,0.10907037528510494,
p1_ratio_2p00_common_primary,P1 Ctop/Cbottom=2.00 common-primary proxy,top_primary,interface_4x,T03_P1_CAPACITANCE_RATIO,enabled_symmetric_teaching_top_stack,0.0,0.01,0.0,0.3,top_oxide,0.00015000000000000001,5.65e-06,1.5000000000000002,56.5,0.11737166334566705,
p1_ratio_2p00_common_primary,P1 Ctop/Cbottom=2.00 common-primary proxy,top_primary,interface_4x,T03_P1_CAPACITANCE_RATIO,enabled_symmetric_teaching_top_stack,0.0,0.01,0.0,0.3,top_oxide,0.00015000000000000001,5.775e-06,1.5000000000000002,57.75,0.12567295140233947,
p1_ratio_2p00_common_primary,P1 Ctop/Cbottom=2.00 common-primary proxy,top_primary,interface_4x,T03_P1_CAPACITANCE_RATIO,enabled_symmetric_teaching_top_stack,0.0,0.01,0.0,0.3,top_oxide,0.00015000000000000001,5.899999999999999e-06,1.5000000000000002,58.99999999999999,0.13397423945529907,
p1_ratio_2p00_common_primary,P1 Ctop/Cbottom=2.00 common-primary proxy,top_primary,interface_4x,T03_P1_CAPACITANCE_RATIO,enabled_symmetric_teaching_top_stack,0.0,0.01,0.0,0.3,top_oxide,0.00015000000000000001,6.025e-06,1.5000000000000002,60.25,0.14227552750472272,
p1_ratio_2p00_common_primary,P1 Ctop/Cbottom=2.00 common-primary proxy,top_primary,interface_4x,T03_P1_CAPACITANCE_RATIO,enabled_symmetric_teaching_top_stack,0.0,0.01,0.0,0.3,top_oxide,0.00015000000000000001,6.1499999999999996e-06,1.5000000000000002,61.49999999999999,0.15057681555078706,
p1_ratio_2p00_common_primary,P1 Ctop/Cbottom=2.00 common-primary proxy,top_primary,interface_4x,T03_P1_CAPACITANCE_RATIO,enabled_symmetric_teaching_top_stack,0.0,0.01,0.0,0.3,top_oxide,0.00015000000000000001,6.275e-06,1.5000000000000002,62.75,0.15887810359366905,
p1_ratio_2p00_common_primary,P1 Ctop/Cbottom=2.00 common-primary proxy,top_primary,interface_4x,T03_P1_CAPACITANCE_RATIO,enabled_symmetric_teaching_top_stack,0.0,0.01,0.0,0.3,top_oxide,0.00015000000000000001,6.4e-06,1.5000000000000002,64.0,0.16717939163354537,
p1_ratio_2p00_common_primary,P1 Ctop/Cbottom=2.00 common-primary proxy,top_primary,interface_4x,T03_P1_CAPACITANCE_RATIO,enabled_symmetric_teaching_top_stack,0.0,0.01,0.0,0.3,top_oxide,0.00015000000000000001,6.9e-06,1.5000000000000002,69.0,0.2003845437647625,
p1_ratio_2p00_common_primary,P1 Ctop/Cbottom=2.00 common-primary proxy,top_primary,interface_4x,T03_P1_CAPACITANCE_RATIO,enabled_symmetric_teaching_top_stack,0.0,0.01,0.0,0.3,top_oxide,0.00015000000000000001,7.4e-06,1.5000000000000002,74.0,0.2335896958620338,
p1_ratio_2p00_common_primary,P1 Ctop/Cbottom=2.00 common-primary proxy,top_primary,interface_4x,T03_P1_CAPACITANCE_RATIO,enabled_symmetric_teaching_top_stack,0.0,0.01,0.0,0.3,top_oxide,0.00015000000000000001,7.9e-06,1.5000000000000002,79.0,0.2667948479366745,
p1_ratio_2p00_common_primary,P1 Ctop/Cbottom=2.00 common-primary proxy,top_primary,interface_4x,T03_P1_CAPACITANCE_RATIO,enabled_symmetric_teaching_top_stack,0.0,0.01,0.0,0.3,top_oxide,0.00015000000000000001,8.400000000000001e-06,1.5000000000000002,84.00000000000001,0.3,
p1_ratio_2p00_common_primary,P1 Ctop/Cbottom=2.00 common-primary proxy,top_primary,interface_4x,T03_P1_CAPACITANCE_RATIO,enabled_symmetric_teaching_top_stack,0.0,0.01,0.0,0.3,top_oxide,0.000175,5.4e-06,1.75,54.0,0.10093134943994272,
p1_ratio_2p00_common_primary,P1 Ctop/Cbottom=2.00 common-primary proxy,top_primary,interface_4x,T03_P1_CAPACITANCE_RATIO,enabled_symmetric_teaching_top_stack,0.0,0.01,0.0,0.3,top_oxide,0.000175,5.525e-06,1.75,55.24999999999999,0.10922587657886239,
p1_ratio_2p00_common_primary,P1 Ctop/Cbottom=2.00 common-primary proxy,top_primary,interface_4x,T03_P1_CAPACITANCE_RATIO,enabled_symmetric_teaching_top_stack,0.0,0.01,0.0,0.3,top_oxide,0.000175,5.65e-06,1.75,56.5,0.11752040371370273,
p1_ratio_2p00_common_primary,P1 Ctop/Cbottom=2.00 common-primary proxy,top_primary,interface_4x,T03_P1_CAPACITANCE_RATIO,enabled_symmetric_teaching_top_stack,0.0,0.01,0.0,0.3,top_oxide,0.000175,5.775e-06,1.75,57.75,0.12581493084464104,
p1_ratio_2p00_common_primary,P1 Ctop/Cbottom=2.00 common-primary proxy,top_primary,interface_4x,T03_P1_CAPACITANCE_RATIO,enabled_symmetric_teaching_top_stack,0.0,0.01,0.0,0.3,top_oxide,0.000175,5.899999999999999e-06,1.75,58.99999999999999,0.1341094579718547,
p1_ratio_2p00_common_primary,P1 Ctop/Cbottom=2.00 common-primary proxy,top_primary,interface_4x,T03_P1_CAPACITANCE_RATIO,enabled_symmetric_teaching_top_stack,0.0,0.01,0.0,0.3,top_oxide,0.000175,6.025e-06,1.75,60.25,0.14240398509552113,
p1_ratio_2p00_common_primary,P1 Ctop/Cbottom=2.00 common-primary proxy,top_primary,interface_4x,T03_P1_CAPACITANCE_RATIO,enabled_symmetric_teaching_top_stack,0.0,0.01,0.0,0.3,top_oxide,0.000175,6.1499999999999996e-06,1.75,61.49999999999999,0.1506985122158176,
p1_ratio_2p00_common_primary,P1 Ctop/Cbottom=2.00 common-primary proxy,top_primary,interface_4x,T03_P1_CAPACITANCE_RATIO,enabled_symmetric_teaching_top_stack,0.0,0.01,0.0,0.3,top_oxide,0.000175,6.275e-06,1.75,62.75,0.15899303933292158,
p1_ratio_2p00_common_primary,P1 Ctop/Cbottom=2.00 common-primary proxy,top_primary,interface_4x,T03_P1_CAPACITANCE_RATIO,enabled_symmetric_teaching_top_stack,0.0,0.01,0.0,0.3,top_oxide,0.000175,6.4e-06,1.75,64.0,0.16728756644701032,
p1_ratio_2p00_common_primary,P1 Ctop/Cbottom=2.00 common-primary proxy,top_primary,interface_4x,T03_P1_CAPACITANCE_RATIO,enabled_symmetric_teaching_top_stack,0.0,0.01,0.0,0.3,top_oxide,0.000175,6.9e-06,1.75,69.0,0.2004656748749872,
p1_ratio_2p00_common_primary,P1 Ctop/Cbottom=2.00 common-primary proxy,top_primary,interface_4x,T03_P1_CAPACITANCE_RATIO,enabled_symmetric_teaching_top_stack,0.0,0.01,0.0,0.3,top_oxide,0.000175,7.4e-06,1.75,74.0,0.23364378326891028,
p1_ratio_2p00_common_primary,P1 Ctop/Cbottom=2.00 common-primary proxy,top_primary,interface_4x,T03_P1_CAPACITANCE_RATIO,enabled_symmetric_teaching_top_stack,0.0,0.01,0.0,0.3,top_oxide,0.000175,7.9e-06,1.75,79.0,0.26682189164013076,
p1_ratio_2p00_common_primary,P1 Ctop/Cbottom=2.00 common-primary proxy,top_primary,interface_4x,T03_P1_CAPACITANCE_RATIO,enabled_symmetric_teaching_top_stack,0.0,0.01,0.0,0.3,top_oxide,0.000175,8.400000000000001e-06,1.75,84.00000000000001,0.3,
p1_ratio_2p00_common_primary,P1 Ctop/Cbottom=2.00 common-primary proxy,top_primary,interface_4x,T03_P1_CAPACITANCE_RATIO,enabled_symmetric_teaching_top_stack,0.0,0.01,0.0,0.3,top_oxide,0.0002,5.4e-06,2.0,54.0,0.10109378192855588,
p1_ratio_2p00_common_primary,P1 Ctop/Cbottom=2.00 common-primary proxy,top_primary,interface_4x,T03_P1_CAPACITANCE_RATIO,enabled_symmetric_teaching_top_stack,0.0,0.01,0.0,0.3,top_oxide,0.0002,5.525e-06,2.0,55.24999999999999,0.10938154104721946,
p1_ratio_2p00_common_primary,P1 Ctop/Cbottom=2.00 common-primary proxy,top_primary,interface_4x,T03_P1_CAPACITANCE_RATIO,enabled_symmetric_teaching_top_stack,0.0,0.01,0.0,0.3,top_oxide,0.0002,5.65e-06,2.0,56.5,0.11766930016179074,
p1_ratio_2p00_common_primary,P1 Ctop/Cbottom=2.00 common-primary proxy,top_primary,interface_4x,T03_P1_CAPACITANCE_RATIO,enabled_symmetric_teaching_top_stack,0.0,0.01,0.0,0.3,top_oxide,0.0002,5.775e-06,2.0,57.75,0.12595705927244752,
p1_ratio_2p00_common_primary,P1 Ctop/Cbottom=2.00 common-primary proxy,top_primary,interface_4x,T03_P1_CAPACITANCE_RATIO,enabled_symmetric_teaching_top_stack,0.0,0.01,0.0,0.3,top_oxide,0.0002,5.899999999999999e-06,2.0,58.99999999999999,0.1342448183793678,
p1_ratio_2p00_common_primary,P1 Ctop/Cbottom=2.00 common-primary proxy,top_primary,interface_4x,T03_P1_CAPACITANCE_RATIO,enabled_symmetric_teaching_top_stack,0.0,0.01,0.0,0.3,top_oxide,0.0002,6.025e-06,2.0,60.25,0.14253257748272954,
p1_ratio_2p00_common_primary,P1 Ctop/Cbottom=2.00 common-primary proxy,top_primary,interface_4x,T03_P1_CAPACITANCE_RATIO,enabled_symmetric_teaching_top_stack,0.0,0.01,0.0,0.3,top_oxide,0.0002,6.1499999999999996e-06,2.0,61.49999999999999,0.15082033658271057,
p1_ratio_2p00_common_primary,P1 Ctop/Cbottom=2.00 common-primary proxy,top_primary,interface_4x,T03_P1_CAPACITANCE_RATIO,enabled_symmetric_teaching_top_stack,0.0,0.01,0.0,0.3,top_oxide,0.0002,6.275e-06,2.0,62.75,0.15910809567948894,
p1_ratio_2p00_common_primary,P1 Ctop/Cbottom=2.00 common-primary proxy,top_primary,interface_4x,T03_P1_CAPACITANCE_RATIO,enabled_symmetric_teaching_top_stack,0.0,0.01,0.0,0.3,top_oxide,0.0002,6.4e-06,2.0,64.0,0.16739585477324245,
p1_ratio_2p00_common_primary,P1 Ctop/Cbottom=2.00 common-primary proxy,top_primary,interface_4x,T03_P1_CAPACITANCE_RATIO,enabled_symmetric_teaching_top_stack,0.0,0.01,0.0,0.3,top_oxide,0.0002,6.9e-06,2.0,69.0,0.20054689111978796,
p1_ratio_2p00_common_primary,P1 Ctop/Cbottom=2.00 common-primary proxy,top_primary,interface_4x,T03_P1_CAPACITANCE_RATIO,enabled_symmetric_teaching_top_stack,0.0,0.01,0.0,0.3,top_oxide,0.0002,7.4e-06,2.0,74.0,0.23369792743217108,
p1_ratio_2p00_common_primary,P1 Ctop/Cbottom=2.00 common-primary proxy,top_primary,interface_4x,T03_P1_CAPACITANCE_RATIO,enabled_symmetric_teaching_top_stack,0.0,0.01,0.0,0.3,top_oxide,0.0002,7.9e-06,2.0,79.0,0.26684896372177924,
p1_ratio_2p00_common_primary,P1 Ctop/Cbottom=2.00 common-primary proxy,top_primary,interface_4x,T03_P1_CAPACITANCE_RATIO,enabled_symmetric_teaching_top_stack,0.0,0.01,0.0,0.3,top_oxide,0.0002,8.400000000000001e-06,2.0,84.00000000000001,0.3,
p1_ratio_2p00_common_primary,P1 Ctop/Cbottom=2.00 common-primary proxy,top_primary,interface_4x,T03_P1_CAPACITANCE_RATIO,enabled_symmetric_teaching_top_stack,0.0,0.01,0.0,0.3,top_oxide,0.00022500000000000002,5.4e-06,2.25,54.0,0.1012563852291259,
p1_ratio_2p00_common_primary,P1 Ctop/Cbottom=2.00 common-primary proxy,top_primary,interface_4x,T03_P1_CAPACITANCE_RATIO,enabled_symmetric_teaching_top_stack,0.0,0.01,0.0,0.3,top_oxide,0.00022500000000000002,5.525e-06,2.25,55.24999999999999,0.1095373692103691,
p1_ratio_2p00_common_primary,P1 Ctop/Cbottom=2.00 common-primary proxy,top_primary,interface_4x,T03_P1_CAPACITANCE_RATIO,enabled_symmetric_teaching_top_stack,0.0,0.01,0.0,0.3,top_oxide,0.00022500000000000002,5.65e-06,2.25,56.5,0.11781835318750693,
p1_ratio_2p00_common_primary,P1 Ctop/Cbottom=2.00 common-primary proxy,top_primary,interface_4x,T03_P1_CAPACITANCE_RATIO,enabled_symmetric_teaching_top_stack,0.0,0.01,0.0,0.3,top_oxide,0.00022500000000000002,5.775e-06,2.25,57.75,0.12609933716071772,
p1_ratio_2p00_common_primary,P1 Ctop/Cbottom=2.00 common-primary proxy,top_primary,interface_4x,T03_P1_CAPACITANCE_RATIO,enabled_symmetric_teaching_top_stack,0.0,0.01,0.0,0.3,top_oxide,0.00022500000000000002,5.899999999999999e-06,2.25,58.99999999999999,0.1343803211301801,
p1_ratio_2p00_common_primary,P1 Ctop/Cbottom=2.00 common-primary proxy,top_primary,interface_4x,T03_P1_CAPACITANCE_RATIO,enabled_symmetric_teaching_top_stack,0.0,0.01,0.0,0.3,top_oxide,0.00022500000000000002,6.025e-06,2.25,60.25,0.14266130509607255,
p1_ratio_2p00_common_primary,P1 Ctop/Cbottom=2.00 common-primary proxy,top_primary,interface_4x,T03_P1_CAPACITANCE_RATIO,enabled_symmetric_teaching_top_stack,0.0,0.01,0.0,0.3,top_oxide,0.00022500000000000002,6.1499999999999996e-06,2.25,61.49999999999999,0.15094228905857351,
p1_ratio_2p00_common_primary,P1 Ctop/Cbottom=2.00 common-primary proxy,top_primary,interface_4x,T03_P1_CAPACITANCE_RATIO,enabled_symmetric_teaching_top_stack,0.0,0.01,0.0,0.3,top_oxide,0.00022500000000000002,6.275e-06,2.25,62.75,0.15922327301786157,
p1_ratio_2p00_common_primary,P1 Ctop/Cbottom=2.00 common-primary proxy,top_primary,interface_4x,T03_P1_CAPACITANCE_RATIO,enabled_symmetric_teaching_top_stack,0.0,0.01,0.0,0.3,top_oxide,0.00022500000000000002,6.4e-06,2.25,64.0,0.1675042569741151,
p1_ratio_2p00_common_primary,P1 Ctop/Cbottom=2.00 common-primary proxy,top_primary,interface_4x,T03_P1_CAPACITANCE_RATIO,enabled_symmetric_teaching_top_stack,0.0,0.01,0.0,0.3,top_oxide,0.00022500000000000002,6.9e-06,2.25,69.0,0.20062819277056979,
p1_ratio_2p00_common_primary,P1 Ctop/Cbottom=2.00 common-primary proxy,top_primary,interface_4x,T03_P1_CAPACITANCE_RATIO,enabled_symmetric_teaching_top_stack,0.0,0.01,0.0,0.3,top_oxide,0.00022500000000000002,7.4e-06,2.25,74.0,0.23375212853275293,
p1_ratio_2p00_common_primary,P1 Ctop/Cbottom=2.00 common-primary proxy,top_primary,interface_4x,T03_P1_CAPACITANCE_RATIO,enabled_symmetric_teaching_top_stack,0.0,0.01,0.0,0.3,top_oxide,0.00022500000000000002,7.9e-06,2.25,79.0,0.2668760642720884,
p1_ratio_2p00_common_primary,P1 Ctop/Cbottom=2.00 common-primary proxy,top_primary,interface_4x,T03_P1_CAPACITANCE_RATIO,enabled_symmetric_teaching_top_stack,0.0,0.01,0.0,0.3,top_oxide,0.00022500000000000002,8.400000000000001e-06,2.25,84.00000000000001,0.3,
p1_ratio_2p00_common_primary,P1 Ctop/Cbottom=2.00 common-primary proxy,top_primary,interface_4x,T03_P1_CAPACITANCE_RATIO,enabled_symmetric_teaching_top_stack,0.0,0.01,0.0,0.3,top_oxide,0.00025,5.4e-06,2.5,54.0,0.10141915988735872,
p1_ratio_2p00_common_primary,P1 Ctop/Cbottom=2.00 common-primary proxy,top_primary,interface_4x,T03_P1_CAPACITANCE_RATIO,enabled_symmetric_teaching_top_stack,0.0,0.01,0.0,0.3,top_oxide,0.00025,5.525e-06,2.5,55.24999999999999,0.10969336159127947,
p1_ratio_2p00_common_primary,P1 Ctop/Cbottom=2.00 common-primary proxy,top_primary,interface_4x,T03_P1_CAPACITANCE_RATIO,enabled_symmetric_teaching_top_stack,0.0,0.01,0.0,0.3,top_oxide,0.00025,5.65e-06,2.5,56.5,0.1179675632910817,
p1_ratio_2p00_common_primary,P1 Ctop/Cbottom=2.00 common-primary proxy,top_primary,interface_4x,T03_P1_CAPACITANCE_RATIO,enabled_symmetric_teaching_top_stack,0.0,0.01,0.0,0.3,top_oxide,0.00025,5.775e-06,2.5,57.75,0.12624176498694434,
p1_ratio_2p00_common_primary,P1 Ctop/Cbottom=2.00 common-primary proxy,top_primary,interface_4x,T03_P1_CAPACITANCE_RATIO,enabled_symmetric_teaching_top_stack,0.0,0.01,0.0,0.3,top_oxide,0.00025,5.899999999999999e-06,2.5,58.99999999999999,0.13451596667904653,
p1_ratio_2p00_common_primary,P1 Ctop/Cbottom=2.00 common-primary proxy,top_primary,interface_4x,T03_P1_CAPACITANCE_RATIO,enabled_symmetric_teaching_top_stack,0.0,0.01,0.0,0.3,top_oxide,0.00025,6.025e-06,2.5,60.25,0.1427901683675674,
p1_ratio_2p00_common_primary,P1 Ctop/Cbottom=2.00 common-primary proxy,top_primary,interface_4x,T03_P1_CAPACITANCE_RATIO,enabled_symmetric_teaching_top_stack,0.0,0.01,0.0,0.3,top_oxide,0.00025,6.1499999999999996e-06,2.5,61.49999999999999,0.1510643700526859,
p1_ratio_2p00_common_primary,P1 Ctop/Cbottom=2.00 common-primary proxy,top_primary,interface_4x,T03_P1_CAPACITANCE_RATIO,enabled_symmetric_teaching_top_stack,0.0,0.01,0.0,0.3,top_oxide,0.00025,6.275e-06,2.5,62.75,0.1593385717345812,
p1_ratio_2p00_common_primary,P1 Ctop/Cbottom=2.00 common-primary proxy,top_primary,interface_4x,T03_P1_CAPACITANCE_RATIO,enabled_symmetric_teaching_top_stack,0.0,0.01,0.0,0.3,top_oxide,0.00025,6.4e-06,2.5,64.0,0.16761277341343228,
p1_ratio_2p00_common_primary,P1 Ctop/Cbottom=2.00 common-primary proxy,top_primary,interface_4x,T03_P1_CAPACITANCE_RATIO,enabled_symmetric_teaching_top_stack,0.0,0.01,0.0,0.3,top_oxide,0.00025,6.9e-06,2.5,69.0,0.2007095801001857,
p1_ratio_2p00_common_primary,P1 Ctop/Cbottom=2.00 common-primary proxy,top_primary,interface_4x,T03_P1_CAPACITANCE_RATIO,enabled_symmetric_teaching_top_stack,0.0,0.01,0.0,0.3,top_oxide,0.00025,7.4e-06,2.5,74.0,0.23380638675255783,
p1_ratio_2p00_common_primary,P1 Ctop/Cbottom=2.00 common-primary proxy,top_primary,interface_4x,T03_P1_CAPACITANCE_RATIO,enabled_symmetric_teaching_top_stack,0.0,0.01,0.0,0.3,top_oxide,0.00025,7.9e-06,2.5,79.0,0.26690319338200913,
p1_ratio_2p00_common_primary,P1 Ctop/Cbottom=2.00 common-primary proxy,top_primary,interface_4x,T03_P1_CAPACITANCE_RATIO,enabled_symmetric_teaching_top_stack,0.0,0.01,0.0,0.3,top_oxide,0.00025,8.400000000000001e-06,2.5,84.00000000000001,0.3,
p1_ratio_2p00_common_primary,P1 Ctop/Cbottom=2.00 common-primary proxy,top_primary,interface_4x,T03_P1_CAPACITANCE_RATIO,enabled_symmetric_teaching_top_stack,0.0,0.01,0.0,0.3,top_oxide,0.00027499999999999996,5.4e-06,2.7499999999999996,54.0,0.10158210645187768,
p1_ratio_2p00_common_primary,P1 Ctop/Cbottom=2.00 common-primary proxy,top_primary,interface_4x,T03_P1_CAPACITANCE_RATIO,enabled_symmetric_teaching_top_stack,0.0,0.01,0.0,0.3,top_oxide,0.00027499999999999996,5.525e-06,2.7499999999999996,55.24999999999999,0.1098495187157146,
p1_ratio_2p00_common_primary,P1 Ctop/Cbottom=2.00 common-primary proxy,top_primary,interface_4x,T03_P1_CAPACITANCE_RATIO,enabled_symmetric_teaching_top_stack,0.0,0.01,0.0,0.3,top_oxide,0.00027499999999999996,5.65e-06,2.7499999999999996,56.5,0.11811693097541978,
p1_ratio_2p00_common_primary,P1 Ctop/Cbottom=2.00 common-primary proxy,top_primary,interface_4x,T03_P1_CAPACITANCE_RATIO,enabled_symmetric_teaching_top_stack,0.0,0.01,0.0,0.3,top_oxide,0.00027499999999999996,5.775e-06,2.7499999999999996,57.75,0.12638434323117276,
p1_ratio_2p00_common_primary,P1 Ctop/Cbottom=2.00 common-primary proxy,top_primary,interface_4x,T03_P1_CAPACITANCE_RATIO,enabled_symmetric_teaching_top_stack,0.0,0.01,0.0,0.3,top_oxide,0.00027499999999999996,5.899999999999999e-06,2.7499999999999996,58.99999999999999,0.13465175548315322,
p1_ratio_2p00_common_primary,P1 Ctop/Cbottom=2.00 common-primary proxy,top_primary,interface_4x,T03_P1_CAPACITANCE_RATIO,enabled_symmetric_teaching_top_stack,0.0,0.01,0.0,0.3,top_oxide,0.00027499999999999996,6.025e-06,2.7499999999999996,60.25,0.14291916773154084,
p1_ratio_2p00_common_primary,P1 Ctop/Cbottom=2.00 common-primary proxy,top_primary,interface_4x,T03_P1_CAPACITANCE_RATIO,enabled_symmetric_teaching_top_stack,0.0,0.01,0.0,0.3,top_oxide,0.00027499999999999996,6.1499999999999996e-06,2.7499999999999996,61.49999999999999,0.15118657997651522,
p1_ratio_2p00_common_primary,P1 Ctop/Cbottom=2.00 common-primary proxy,top_primary,interface_4x,T03_P1_CAPACITANCE_RATIO,enabled_symmetric_teaching_top_stack,0.0,0.01,0.0,0.3,top_oxide,0.00027499999999999996,6.275e-06,2.7499999999999996,62.75,0.15945399221825604,
p1_ratio_2p00_common_primary,P1 Ctop/Cbottom=2.00 common-primary proxy,top_primary,interface_4x,T03_P1_CAPACITANCE_RATIO,enabled_symmetric_teaching_top_stack,0.0,0.01,0.0,0.3,top_oxide,0.00027499999999999996,6.4e-06,2.7499999999999996,64.0,0.16772140445694286,
p1_ratio_2p00_common_primary,P1 Ctop/Cbottom=2.00 common-primary proxy,top_primary,interface_4x,T03_P1_CAPACITANCE_RATIO,enabled_symmetric_teaching_top_stack,0.0,0.01,0.0,0.3,top_oxide,0.00027499999999999996,6.9e-06,2.7499999999999996,69.0,0.2007910533829473,
p1_ratio_2p00_common_primary,P1 Ctop/Cbottom=2.00 common-primary proxy,top_primary,interface_4x,T03_P1_CAPACITANCE_RATIO,enabled_symmetric_teaching_top_stack,0.0,0.01,0.0,0.3,top_oxide,0.00027499999999999996,7.4e-06,2.7499999999999996,74.0,0.23386070227446018,
p1_ratio_2p00_common_primary,P1 Ctop/Cbottom=2.00 common-primary proxy,top_primary,interface_4x,T03_P1_CAPACITANCE_RATIO,enabled_symmetric_teaching_top_stack,0.0,0.01,0.0,0.3,top_oxide,0.00027499999999999996,7.9e-06,2.7499999999999996,79.0,0.2669303511429787,
p1_ratio_2p00_common_primary,P1 Ctop/Cbottom=2.00 common-primary proxy,top_primary,interface_4x,T03_P1_CAPACITANCE_RATIO,enabled_symmetric_teaching_top_stack,0.0,0.01,0.0,0.3,top_oxide,0.00027499999999999996,8.400000000000001e-06,2.7499999999999996,84.00000000000001,0.3,
p1_ratio_2p00_common_primary,P1 Ctop/Cbottom=2.00 common-primary proxy,top_primary,interface_4x,T03_P1_CAPACITANCE_RATIO,enabled_symmetric_teaching_top_stack,0.0,0.01,0.0,0.3,top_oxide,0.00030000000000000003,5.4e-06,3.0000000000000004,54.0,0.10174522547424554,
p1_ratio_2p00_common_primary,P1 Ctop/Cbottom=2.00 common-primary proxy,top_primary,interface_4x,T03_P1_CAPACITANCE_RATIO,enabled_symmetric_teaching_top_stack,0.0,0.01,0.0,0.3,top_oxide,0.00030000000000000003,5.525e-06,3.0000000000000004,55.24999999999999,0.1100058411122555,
p1_ratio_2p00_common_primary,P1 Ctop/Cbottom=2.00 common-primary proxy,top_primary,interface_4x,T03_P1_CAPACITANCE_RATIO,enabled_symmetric_teaching_top_stack,0.0,0.01,0.0,0.3,top_oxide,0.00030000000000000003,5.65e-06,3.0000000000000004,56.5,0.11826645674612045,
p1_ratio_2p00_common_primary,P1 Ctop/Cbottom=2.00 common-primary proxy,top_primary,interface_4x,T03_P1_CAPACITANCE_RATIO,enabled_symmetric_teaching_top_stack,0.0,0.01,0.0,0.3,top_oxide,0.00030000000000000003,5.775e-06,3.0000000000000004,57.75,0.12652707237602046,
p1_ratio_2p00_common_primary,P1 Ctop/Cbottom=2.00 common-primary proxy,top_primary,interface_4x,T03_P1_CAPACITANCE_RATIO,enabled_symmetric_teaching_top_stack,0.0,0.01,0.0,0.3,top_oxide,0.00030000000000000003,5.899999999999999e-06,3.0000000000000004,58.99999999999999,0.13478768800213584,
p1_ratio_2p00_common_primary,P1 Ctop/Cbottom=2.00 common-primary proxy,top_primary,interface_4x,T03_P1_CAPACITANCE_RATIO,enabled_symmetric_teaching_top_stack,0.0,0.01,0.0,0.3,top_oxide,0.00030000000000000003,6.025e-06,3.0000000000000004,60.25,0.14304830362464682,
p1_ratio_2p00_common_primary,P1 Ctop/Cbottom=2.00 common-primary proxy,top_primary,interface_4x,T03_P1_CAPACITANCE_RATIO,enabled_symmetric_teaching_top_stack,0.0,0.01,0.0,0.3,top_oxide,0.00030000000000000003,6.1499999999999996e-06,3.0000000000000004,61.49999999999999,0.15130891924373358,
p1_ratio_2p00_common_primary,P1 Ctop/Cbottom=2.00 common-primary proxy,top_primary,interface_4x,T03_P1_CAPACITANCE_RATIO,enabled_symmetric_teaching_top_stack,0.0,0.01,0.0,0.3,top_oxide,0.00030000000000000003,6.275e-06,3.0000000000000004,62.75,0.15956953485957637,
p1_ratio_2p00_common_primary,P1 Ctop/Cbottom=2.00 common-primary proxy,top_primary,interface_4x,T03_P1_CAPACITANCE_RATIO,enabled_symmetric_teaching_top_stack,0.0,0.01,0.0,0.3,top_oxide,0.00030000000000000003,6.4e-06,3.0000000000000004,64.0,0.1678301504723554,
p1_ratio_2p00_common_primary,P1 Ctop/Cbottom=2.00 common-primary proxy,top_primary,interface_4x,T03_P1_CAPACITANCE_RATIO,enabled_symmetric_teaching_top_stack,0.0,0.01,0.0,0.3,top_oxide,0.00030000000000000003,6.9e-06,3.0000000000000004,69.0,0.2008726128946361,
p1_ratio_2p00_common_primary,P1 Ctop/Cbottom=2.00 common-primary proxy,top_primary,interface_4x,T03_P1_CAPACITANCE_RATIO,enabled_symmetric_teaching_top_stack,0.0,0.01,0.0,0.3,top_oxide,0.00030000000000000003,7.4e-06,3.0000000000000004,74.0,0.2339150752823143,
p1_ratio_2p00_common_primary,P1 Ctop/Cbottom=2.00 common-primary proxy,top_primary,interface_4x,T03_P1_CAPACITANCE_RATIO,enabled_symmetric_teaching_top_stack,0.0,0.01,0.0,0.3,top_oxide,0.00030000000000000003,7.9e-06,3.0000000000000004,79.0,0.26695753764692426,
p1_ratio_2p00_common_primary,P1 Ctop/Cbottom=2.00 common-primary proxy,top_primary,interface_4x,T03_P1_CAPACITANCE_RATIO,enabled_symmetric_teaching_top_stack,0.0,0.01,0.0,0.3,top_oxide,0.00030000000000000003,8.400000000000001e-06,3.0000000000000004,84.00000000000001,0.3,
p1_ratio_2p00_common_primary,P1 Ctop/Cbottom=2.00 common-primary proxy,top_primary,interface_4x,T03_P1_CAPACITANCE_RATIO,enabled_symmetric_teaching_top_stack,0.0,0.01,0.0,0.3,top_oxide,0.00032500000000000004,5.4e-06,3.2500000000000004,54.0,0.10190851750898659,
p1_ratio_2p00_common_primary,P1 Ctop/Cbottom=2.00 common-primary proxy,top_primary,interface_4x,T03_P1_CAPACITANCE_RATIO,enabled_symmetric_teaching_top_stack,0.0,0.01,0.0,0.3,top_oxide,0.00032500000000000004,5.525e-06,3.2500000000000004,55.24999999999999,0.11016232931232128,
p1_ratio_2p00_common_primary,P1 Ctop/Cbottom=2.00 common-primary proxy,top_primary,interface_4x,T03_P1_CAPACITANCE_RATIO,enabled_symmetric_teaching_top_stack,0.0,0.01,0.0,0.3,top_oxide,0.00032500000000000004,5.65e-06,3.2500000000000004,56.5,0.11841614111149759,
p1_ratio_2p00_common_primary,P1 Ctop/Cbottom=2.00 common-primary proxy,top_primary,interface_4x,T03_P1_CAPACITANCE_RATIO,enabled_symmetric_teaching_top_stack,0.0,0.01,0.0,0.3,top_oxide,0.00032500000000000004,5.775e-06,3.2500000000000004,57.75,0.1266699529066962,
p1_ratio_2p00_common_primary,P1 Ctop/Cbottom=2.00 common-primary proxy,top_primary,interface_4x,T03_P1_CAPACITANCE_RATIO,enabled_symmetric_teaching_top_stack,0.0,0.01,0.0,0.3,top_oxide,0.00032500000000000004,5.899999999999999e-06,3.2500000000000004,58.99999999999999,0.13492376469809794,
p1_ratio_2p00_common_primary,P1 Ctop/Cbottom=2.00 common-primary proxy,top_primary,interface_4x,T03_P1_CAPACITANCE_RATIO,enabled_symmetric_teaching_top_stack,0.0,0.01,0.0,0.3,top_oxide,0.00032500000000000004,6.025e-06,3.2500000000000004,60.25,0.14317757648588372,
p1_ratio_2p00_common_primary,P1 Ctop/Cbottom=2.00 common-primary proxy,top_primary,interface_4x,T03_P1_CAPACITANCE_RATIO,enabled_symmetric_teaching_top_stack,0.0,0.01,0.0,0.3,top_oxide,0.00032500000000000004,6.1499999999999996e-06,3.2500000000000004,61.49999999999999,0.15143138827023422,
p1_ratio_2p00_common_primary,P1 Ctop/Cbottom=2.00 common-primary proxy,top_primary,interface_4x,T03_P1_CAPACITANCE_RATIO,enabled_symmetric_teaching_top_stack,0.0,0.01,0.0,0.3,top_oxide,0.00032500000000000004,6.275e-06,3.2500000000000004,62.75,0.15968520005133033,
p1_ratio_2p00_common_primary,P1 Ctop/Cbottom=2.00 common-primary proxy,top_primary,interface_4x,T03_P1_CAPACITANCE_RATIO,enabled_symmetric_teaching_top_stack,0.0,0.01,0.0,0.3,top_oxide,0.00032500000000000004,6.4e-06,3.2500000000000004,64.0,0.16793901182935272,
p1_ratio_2p00_common_primary,P1 Ctop/Cbottom=2.00 common-primary proxy,top_primary,interface_4x,T03_P1_CAPACITANCE_RATIO,enabled_symmetric_teaching_top_stack,0.0,0.01,0.0,0.3,top_oxide,0.00032500000000000004,6.9e-06,3.2500000000000004,69.0,0.2009542589125142,
p1_ratio_2p00_common_primary,P1 Ctop/Cbottom=2.00 common-primary proxy,top_primary,interface_4x,T03_P1_CAPACITANCE_RATIO,enabled_symmetric_teaching_top_stack,0.0,0.01,0.0,0.3,top_oxide,0.00032500000000000004,7.4e-06,3.2500000000000004,74.0,0.23396950596096167,
p1_ratio_2p00_common_primary,P1 Ctop/Cbottom=2.00 common-primary proxy,top_primary,interface_4x,T03_P1_CAPACITANCE_RATIO,enabled_symmetric_teaching_top_stack,0.0,0.01,0.0,0.3,top_oxide,0.00032500000000000004,7.9e-06,3.2500000000000004,79.0,0.2669847529862665,
p1_ratio_2p00_common_primary,P1 Ctop/Cbottom=2.00 common-primary proxy,top_primary,interface_4x,T03_P1_CAPACITANCE_RATIO,enabled_symmetric_teaching_top_stack,0.0,0.01,0.0,0.3,top_oxide,0.00032500000000000004,8.400000000000001e-06,3.2500000000000004,84.00000000000001,0.3,
p1_ratio_2p00_common_primary,P1 Ctop/Cbottom=2.00 common-primary proxy,top_primary,interface_4x,T03_P1_CAPACITANCE_RATIO,enabled_symmetric_teaching_top_stack,0.0,0.01,0.0,0.3,top_oxide,0.00035,5.4e-06,3.5,54.0,0.10207198311360895,
p1_ratio_2p00_common_primary,P1 Ctop/Cbottom=2.00 common-primary proxy,top_primary,interface_4x,T03_P1_CAPACITANCE_RATIO,enabled_symmetric_teaching_top_stack,0.0,0.01,0.0,0.3,top_oxide,0.00035,5.525e-06,3.5,55.24999999999999,0.11031898385019054,
p1_ratio_2p00_common_primary,P1 Ctop/Cbottom=2.00 common-primary proxy,top_primary,interface_4x,T03_P1_CAPACITANCE_RATIO,enabled_symmetric_teaching_top_stack,0.0,0.01,0.0,0.3,top_oxide,0.00035,5.65e-06,3.5,56.5,0.11856598458260031,
p1_ratio_2p00_common_primary,P1 Ctop/Cbottom=2.00 common-primary proxy,top_primary,interface_4x,T03_P1_CAPACITANCE_RATIO,enabled_symmetric_teaching_top_stack,0.0,0.01,0.0,0.3,top_oxide,0.00035,5.775e-06,3.5,57.75,0.12681298531101953,
p1_ratio_2p00_common_primary,P1 Ctop/Cbottom=2.00 common-primary proxy,top_primary,interface_4x,T03_P1_CAPACITANCE_RATIO,enabled_symmetric_teaching_top_stack,0.0,0.01,0.0,0.3,top_oxide,0.00035,5.899999999999999e-06,3.5,58.99999999999999,0.13505998603562966,
p1_ratio_2p00_common_primary,P1 Ctop/Cbottom=2.00 common-primary proxy,top_primary,interface_4x,T03_P1_CAPACITANCE_RATIO,enabled_symmetric_teaching_top_stack,0.0,0.01,0.0,0.3,top_oxide,0.00035,6.025e-06,3.5,60.25,0.14330698675661213,
p1_ratio_2p00_common_primary,P1 Ctop/Cbottom=2.00 common-primary proxy,top_primary,interface_4x,T03_P1_CAPACITANCE_RATIO,enabled_symmetric_teaching_top_stack,0.0,0.01,0.0,0.3,top_oxide,0.00035,6.1499999999999996e-06,3.5,61.49999999999999,0.15155398747414822,
p1_ratio_2p00_common_primary,P1 Ctop/Cbottom=2.00 common-primary proxy,top_primary,interface_4x,T03_P1_CAPACITANCE_RATIO,enabled_symmetric_teaching_top_stack,0.0,0.01,0.0,0.3,top_oxide,0.00035,6.275e-06,3.5,62.75,0.1598009881884194,
p1_ratio_2p00_common_primary,P1 Ctop/Cbottom=2.00 common-primary proxy,top_primary,interface_4x,T03_P1_CAPACITANCE_RATIO,enabled_symmetric_teaching_top_stack,0.0,0.01,0.0,0.3,top_oxide,0.00035,6.4e-06,3.5,64.0,0.16804798889960698,
p1_ratio_2p00_common_primary,P1 Ctop/Cbottom=2.00 common-primary proxy,top_primary,interface_4x,T03_P1_CAPACITANCE_RATIO,enabled_symmetric_teaching_top_stack,0.0,0.01,0.0,0.3,top_oxide,0.00035,6.9e-06,3.5,69.0,0.20103599171533565,
p1_ratio_2p00_common_primary,P1 Ctop/Cbottom=2.00 common-primary proxy,top_primary,interface_4x,T03_P1_CAPACITANCE_RATIO,enabled_symmetric_teaching_top_stack,0.0,0.01,0.0,0.3,top_oxide,0.00035,7.4e-06,3.5,74.0,0.23402399449623826,
p1_ratio_2p00_common_primary,P1 Ctop/Cbottom=2.00 common-primary proxy,top_primary,interface_4x,T03_P1_CAPACITANCE_RATIO,enabled_symmetric_teaching_top_stack,0.0,0.01,0.0,0.3,top_oxide,0.00035,7.9e-06,3.5,79.0,0.2670119972539235,
p1_ratio_2p00_common_primary,P1 Ctop/Cbottom=2.00 common-primary proxy,top_primary,interface_4x,T03_P1_CAPACITANCE_RATIO,enabled_symmetric_teaching_top_stack,0.0,0.01,0.0,0.3,top_oxide,0.00035,8.400000000000001e-06,3.5,84.00000000000001,0.3,
p1_ratio_2p00_common_primary,P1 Ctop/Cbottom=2.00 common-primary proxy,top_primary,interface_4x,T03_P1_CAPACITANCE_RATIO,enabled_symmetric_teaching_top_stack,0.0,0.01,0.0,0.3,top_oxide,0.000375,5.4e-06,3.75,54.0,0.10223562284862713,
p1_ratio_2p00_common_primary,P1 Ctop/Cbottom=2.00 common-primary proxy,top_primary,interface_4x,T03_P1_CAPACITANCE_RATIO,enabled_symmetric_teaching_top_stack,0.0,0.01,0.0,0.3,top_oxide,0.000375,5.525e-06,3.75,55.24999999999999,0.11047580526302304,
p1_ratio_2p00_common_primary,P1 Ctop/Cbottom=2.00 common-primary proxy,top_primary,interface_4x,T03_P1_CAPACITANCE_RATIO,enabled_symmetric_teaching_top_stack,0.0,0.01,0.0,0.3,top_oxide,0.000375,5.65e-06,3.75,56.5,0.11871598767323363,
p1_ratio_2p00_common_primary,P1 Ctop/Cbottom=2.00 common-primary proxy,top_primary,interface_4x,T03_P1_CAPACITANCE_RATIO,enabled_symmetric_teaching_top_stack,0.0,0.01,0.0,0.3,top_oxide,0.000375,5.775e-06,3.75,57.75,0.12695617007944077,
p1_ratio_2p00_common_primary,P1 Ctop/Cbottom=2.00 common-primary proxy,top_primary,interface_4x,T03_P1_CAPACITANCE_RATIO,enabled_symmetric_teaching_top_stack,0.0,0.01,0.0,0.3,top_oxide,0.000375,5.899999999999999e-06,3.75,58.99999999999999,0.13519635248182646,
p1_ratio_2p00_common_primary,P1 Ctop/Cbottom=2.00 common-primary proxy,top_primary,interface_4x,T03_P1_CAPACITANCE_RATIO,enabled_symmetric_teaching_top_stack,0.0,0.01,0.0,0.3,top_oxide,0.000375,6.025e-06,3.75,60.25,0.14343653488057276,
p1_ratio_2p00_common_primary,P1 Ctop/Cbottom=2.00 common-primary proxy,top_primary,interface_4x,T03_P1_CAPACITANCE_RATIO,enabled_symmetric_teaching_top_stack,0.0,0.01,0.0,0.3,top_oxide,0.000375,6.1499999999999996e-06,3.75,61.49999999999999,0.15167671727586152,
p1_ratio_2p00_common_primary,P1 Ctop/Cbottom=2.00 common-primary proxy,top_primary,interface_4x,T03_P1_CAPACITANCE_RATIO,enabled_symmetric_teaching_top_stack,0.0,0.01,0.0,0.3,top_oxide,0.000375,6.275e-06,3.75,62.75,0.1599168996678748,
p1_ratio_2p00_common_primary,P1 Ctop/Cbottom=2.00 common-primary proxy,top_primary,interface_4x,T03_P1_CAPACITANCE_RATIO,enabled_symmetric_teaching_top_stack,0.0,0.01,0.0,0.3,top_oxide,0.000375,6.4e-06,3.75,64.0,0.16815708205679453,
p1_ratio_2p00_common_primary,P1 Ctop/Cbottom=2.00 common-primary proxy,top_primary,interface_4x,T03_P1_CAPACITANCE_RATIO,enabled_symmetric_teaching_top_stack,0.0,0.01,0.0,0.3,top_oxide,0.000375,6.9e-06,3.75,69.0,0.20111781158335781,
p1_ratio_2p00_common_primary,P1 Ctop/Cbottom=2.00 common-primary proxy,top_primary,interface_4x,T03_P1_CAPACITANCE_RATIO,enabled_symmetric_teaching_top_stack,0.0,0.01,0.0,0.3,top_oxide,0.000375,7.4e-06,3.75,74.0,0.2340785410749823,
p1_ratio_2p00_common_primary,P1 Ctop/Cbottom=2.00 common-primary proxy,top_primary,interface_4x,T03_P1_CAPACITANCE_RATIO,enabled_symmetric_teaching_top_stack,0.0,0.01,0.0,0.3,top_oxide,0.000375,7.9e-06,3.75,79.0,0.2670392705433143,
p1_ratio_2p00_common_primary,P1 Ctop/Cbottom=2.00 common-primary proxy,top_primary,interface_4x,T03_P1_CAPACITANCE_RATIO,enabled_symmetric_teaching_top_stack,0.0,0.01,0.0,0.3,top_oxide,0.000375,8.400000000000001e-06,3.75,84.00000000000001,0.3,
p1_ratio_2p00_common_primary,P1 Ctop/Cbottom=2.00 common-primary proxy,top_primary,interface_4x,T03_P1_CAPACITANCE_RATIO,enabled_symmetric_teaching_top_stack,0.0,0.01,0.0,0.3,top_oxide,0.0004,5.4e-06,4.0,54.0,0.10239943727758474,
p1_ratio_2p00_common_primary,P1 Ctop/Cbottom=2.00 common-primary proxy,top_primary,interface_4x,T03_P1_CAPACITANCE_RATIO,enabled_symmetric_teaching_top_stack,0.0,0.01,0.0,0.3,top_oxide,0.0004,5.525e-06,4.0,55.24999999999999,0.1106327940908814,
p1_ratio_2p00_common_primary,P1 Ctop/Cbottom=2.00 common-primary proxy,top_primary,interface_4x,T03_P1_CAPACITANCE_RATIO,enabled_symmetric_teaching_top_stack,0.0,0.01,0.0,0.3,top_oxide,0.0004,5.65e-06,4.0,56.5,0.11886615089997916,
p1_ratio_2p00_common_primary,P1 Ctop/Cbottom=2.00 common-primary proxy,top_primary,interface_4x,T03_P1_CAPACITANCE_RATIO,enabled_symmetric_teaching_top_stack,0.0,0.01,0.0,0.3,top_oxide,0.0004,5.775e-06,4.0,57.75,0.12709950770506048,
p1_ratio_2p00_common_primary,P1 Ctop/Cbottom=2.00 common-primary proxy,top_primary,interface_4x,T03_P1_CAPACITANCE_RATIO,enabled_symmetric_teaching_top_stack,0.0,0.01,0.0,0.3,top_oxide,0.0004,5.899999999999999e-06,4.0,58.99999999999999,0.135332864506308,
p1_ratio_2p00_common_primary,P1 Ctop/Cbottom=2.00 common-primary proxy,top_primary,interface_4x,T03_P1_CAPACITANCE_RATIO,enabled_symmetric_teaching_top_stack,0.0,0.01,0.0,0.3,top_oxide,0.0004,6.025e-06,4.0,60.25,0.14356622130390428,
p1_ratio_2p00_common_primary,P1 Ctop/Cbottom=2.00 common-primary proxy,top_primary,interface_4x,T03_P1_CAPACITANCE_RATIO,enabled_symmetric_teaching_top_stack,0.0,0.01,0.0,0.3,top_oxide,0.0004,6.1499999999999996e-06,4.0,61.49999999999999,0.15179957809803182,
p1_ratio_2p00_common_primary,P1 Ctop/Cbottom=2.00 common-primary proxy,top_primary,interface_4x,T03_P1_CAPACITANCE_RATIO,enabled_symmetric_teaching_top_stack,0.0,0.01,0.0,0.3,top_oxide,0.0004,6.275e-06,4.0,62.75,0.16003293488887327,
p1_ratio_2p00_common_primary,P1 Ctop/Cbottom=2.00 common-primary proxy,top_primary,interface_4x,T03_P1_CAPACITANCE_RATIO,enabled_symmetric_teaching_top_stack,0.0,0.01,0.0,0.3,top_oxide,0.0004,6.4e-06,4.0,64.0,0.1682662916766111,
p1_ratio_2p00_common_primary,P1 Ctop/Cbottom=2.00 common-primary proxy,top_primary,interface_4x,T03_P1_CAPACITANCE_RATIO,enabled_symmetric_teaching_top_stack,0.0,0.01,0.0,0.3,top_oxide,0.0004,6.9e-06,4.0,69.0,0.20119971879835247,
p1_ratio_2p00_common_primary,P1 Ctop/Cbottom=2.00 common-primary proxy,top_primary,interface_4x,T03_P1_CAPACITANCE_RATIO,enabled_symmetric_teaching_top_stack,0.0,0.01,0.0,0.3,top_oxide,0.0004,7.4e-06,4.0,74.0,0.2341331458850417,
p1_ratio_2p00_common_primary,P1 Ctop/Cbottom=2.00 common-primary proxy,top_primary,interface_4x,T03_P1_CAPACITANCE_RATIO,enabled_symmetric_teaching_top_stack,0.0,0.01,0.0,0.3,top_oxide,0.0004,7.9e-06,4.0,79.0,0.2670665729483629,
p1_ratio_2p00_common_primary,P1 Ctop/Cbottom=2.00 common-primary proxy,top_primary,interface_4x,T03_P1_CAPACITANCE_RATIO,enabled_symmetric_teaching_top_stack,0.0,0.01,0.0,0.3,top_oxide,0.0004,8.400000000000001e-06,4.0,84.00000000000001,0.3,
p1_ratio_2p00_common_primary,P1 Ctop/Cbottom=2.00 common-primary proxy,top_primary,interface_4x,T03_P1_CAPACITANCE_RATIO,enabled_symmetric_teaching_top_stack,0.0,0.01,0.0,0.3,top_oxide,0.00042500000000000003,5.4e-06,4.25,54.0,0.10256342696707751,
p1_ratio_2p00_common_primary,P1 Ctop/Cbottom=2.00 common-primary proxy,top_primary,interface_4x,T03_P1_CAPACITANCE_RATIO,enabled_symmetric_teaching_top_stack,0.0,0.01,0.0,0.3,top_oxide,0.00042500000000000003,5.525e-06,4.25,55.24999999999999,0.11078995087675321,
p1_ratio_2p00_common_primary,P1 Ctop/Cbottom=2.00 common-primary proxy,top_primary,interface_4x,T03_P1_CAPACITANCE_RATIO,enabled_symmetric_teaching_top_stack,0.0,0.01,0.0,0.3,top_oxide,0.00042500000000000003,5.65e-06,4.25,56.5,0.11901647478221636,
p1_ratio_2p00_common_primary,P1 Ctop/Cbottom=2.00 common-primary proxy,top_primary,interface_4x,T03_P1_CAPACITANCE_RATIO,enabled_symmetric_teaching_top_stack,0.0,0.01,0.0,0.3,top_oxide,0.00042500000000000003,5.775e-06,4.25,57.75,0.12724299868365002,
p1_ratio_2p00_common_primary,P1 Ctop/Cbottom=2.00 common-primary proxy,top_primary,interface_4x,T03_P1_CAPACITANCE_RATIO,enabled_symmetric_teaching_top_stack,0.0,0.01,0.0,0.3,top_oxide,0.00042500000000000003,5.899999999999999e-06,4.25,58.99999999999999,0.1354695225812374,
p1_ratio_2p00_common_primary,P1 Ctop/Cbottom=2.00 common-primary proxy,top_primary,interface_4x,T03_P1_CAPACITANCE_RATIO,enabled_symmetric_teaching_top_stack,0.0,0.01,0.0,0.3,top_oxide,0.00042500000000000003,6.025e-06,4.25,60.25,0.14369604647516168,
p1_ratio_2p00_common_primary,P1 Ctop/Cbottom=2.00 common-primary proxy,top_primary,interface_4x,T03_P1_CAPACITANCE_RATIO,enabled_symmetric_teaching_top_stack,0.0,0.01,0.0,0.3,top_oxide,0.00042500000000000003,6.1499999999999996e-06,4.25,61.49999999999999,0.15192257036560594,
p1_ratio_2p00_common_primary,P1 Ctop/Cbottom=2.00 common-primary proxy,top_primary,interface_4x,T03_P1_CAPACITANCE_RATIO,enabled_symmetric_teaching_top_stack,0.0,0.01,0.0,0.3,top_oxide,0.00042500000000000003,6.275e-06,4.25,62.75,0.16014909425275345,
p1_ratio_2p00_common_primary,P1 Ctop/Cbottom=2.00 common-primary proxy,top_primary,interface_4x,T03_P1_CAPACITANCE_RATIO,enabled_symmetric_teaching_top_stack,0.0,0.01,0.0,0.3,top_oxide,0.00042500000000000003,6.4e-06,4.25,64.0,0.16837561813678725,
p1_ratio_2p00_common_primary,P1 Ctop/Cbottom=2.00 common-primary proxy,top_primary,interface_4x,T03_P1_CAPACITANCE_RATIO,enabled_symmetric_teaching_top_stack,0.0,0.01,0.0,0.3,top_oxide,0.00042500000000000003,6.9e-06,4.25,69.0,0.2012817136436175,
p1_ratio_2p00_common_primary,P1 Ctop/Cbottom=2.00 common-primary proxy,top_primary,interface_4x,T03_P1_CAPACITANCE_RATIO,enabled_symmetric_teaching_top_stack,0.0,0.01,0.0,0.3,top_oxide,0.00042500000000000003,7.4e-06,4.25,74.0,0.23418780911528167,
p1_ratio_2p00_common_primary,P1 Ctop/Cbottom=2.00 common-primary proxy,top_primary,interface_4x,T03_P1_CAPACITANCE_RATIO,enabled_symmetric_teaching_top_stack,0.0,0.01,0.0,0.3,top_oxide,0.00042500000000000003,7.9e-06,4.25,79.0,0.26709390456350185,
p1_ratio_2p00_common_primary,P1 Ctop/Cbottom=2.00 common-primary proxy,top_primary,interface_4x,T03_P1_CAPACITANCE_RATIO,enabled_symmetric_teaching_top_stack,0.0,0.01,0.0,0.3,top_oxide,0.00042500000000000003,8.400000000000001e-06,4.25,84.00000000000001,0.3,
p1_ratio_2p00_common_primary,P1 Ctop/Cbottom=2.00 common-primary proxy,top_primary,interface_4x,T03_P1_CAPACITANCE_RATIO,enabled_symmetric_teaching_top_stack,0.0,0.01,0.0,0.3,top_oxide,0.00045000000000000004,5.4e-06,4.5,54.0,0.10272759248677656,
p1_ratio_2p00_common_primary,P1 Ctop/Cbottom=2.00 common-primary proxy,top_primary,interface_4x,T03_P1_CAPACITANCE_RATIO,enabled_symmetric_teaching_top_stack,0.0,0.01,0.0,0.3,top_oxide,0.00045000000000000004,5.525e-06,4.5,55.24999999999999,0.11094727616657328,
p1_ratio_2p00_common_primary,P1 Ctop/Cbottom=2.00 common-primary proxy,top_primary,interface_4x,T03_P1_CAPACITANCE_RATIO,enabled_symmetric_teaching_top_stack,0.0,0.01,0.0,0.3,top_oxide,0.00045000000000000004,5.65e-06,4.5,56.5,0.11916695984214373,
p1_ratio_2p00_common_primary,P1 Ctop/Cbottom=2.00 common-primary proxy,top_primary,interface_4x,T03_P1_CAPACITANCE_RATIO,enabled_symmetric_teaching_top_stack,0.0,0.01,0.0,0.3,top_oxide,0.00045000000000000004,5.775e-06,4.5,57.75,0.12738664351367157,
p1_ratio_2p00_common_primary,P1 Ctop/Cbottom=2.00 common-primary proxy,top_primary,interface_4x,T03_P1_CAPACITANCE_RATIO,enabled_symmetric_teaching_top_stack,0.0,0.01,0.0,0.3,top_oxide,0.00045000000000000004,5.899999999999999e-06,4.5,58.99999999999999,0.13560632718134058,
p1_ratio_2p00_common_primary,P1 Ctop/Cbottom=2.00 common-primary proxy,top_primary,interface_4x,T03_P1_CAPACITANCE_RATIO,enabled_symmetric_teaching_top_stack,0.0,0.01,0.0,0.3,top_oxide,0.00045000000000000004,6.025e-06,4.5,60.25,0.1438260108453346,
p1_ratio_2p00_common_primary,P1 Ctop/Cbottom=2.00 common-primary proxy,top_primary,interface_4x,T03_P1_CAPACITANCE_RATIO,enabled_symmetric_teaching_top_stack,0.0,0.01,0.0,0.3,top_oxide,0.00045000000000000004,6.1499999999999996e-06,4.5,61.49999999999999,0.15204569450583724,
p1_ratio_2p00_common_primary,P1 Ctop/Cbottom=2.00 common-primary proxy,top_primary,interface_4x,T03_P1_CAPACITANCE_RATIO,enabled_symmetric_teaching_top_stack,0.0,0.01,0.0,0.3,top_oxide,0.00045000000000000004,6.275e-06,4.5,62.75,0.1602653781630324,
p1_ratio_2p00_common_primary,P1 Ctop/Cbottom=2.00 common-primary proxy,top_primary,interface_4x,T03_P1_CAPACITANCE_RATIO,enabled_symmetric_teaching_top_stack,0.0,0.01,0.0,0.3,top_oxide,0.00045000000000000004,6.4e-06,4.5,64.0,0.16848506181710368,
p1_ratio_2p00_common_primary,P1 Ctop/Cbottom=2.00 common-primary proxy,top_primary,interface_4x,T03_P1_CAPACITANCE_RATIO,enabled_symmetric_teaching_top_stack,0.0,0.01,0.0,0.3,top_oxide,0.00045000000000000004,6.9e-06,4.5,69.0,0.20136379640398847,
p1_ratio_2p00_common_primary,P1 Ctop/Cbottom=2.00 common-primary proxy,top_primary,interface_4x,T03_P1_CAPACITANCE_RATIO,enabled_symmetric_teaching_top_stack,0.0,0.01,0.0,0.3,top_oxide,0.00045000000000000004,7.4e-06,4.5,74.0,0.23424253095559264,
p1_ratio_2p00_common_primary,P1 Ctop/Cbottom=2.00 common-primary proxy,top_primary,interface_4x,T03_P1_CAPACITANCE_RATIO,enabled_symmetric_teaching_top_stack,0.0,0.01,0.0,0.3,top_oxide,0.00045000000000000004,7.9e-06,4.5,79.0,0.26712126548367643,
p1_ratio_2p00_common_primary,P1 Ctop/Cbottom=2.00 common-primary proxy,top_primary,interface_4x,T03_P1_CAPACITANCE_RATIO,enabled_symmetric_teaching_top_stack,0.0,0.01,0.0,0.3,top_oxide,0.00045000000000000004,8.400000000000001e-06,4.5,84.00000000000001,0.3,
p1_ratio_2p00_common_primary,P1 Ctop/Cbottom=2.00 common-primary proxy,top_primary,interface_4x,T03_P1_CAPACITANCE_RATIO,enabled_symmetric_teaching_top_stack,0.0,0.01,0.0,0.3,top_oxide,0.000475,5.4e-06,4.75,54.0,0.10289193440945164,
p1_ratio_2p00_common_primary,P1 Ctop/Cbottom=2.00 common-primary proxy,top_primary,interface_4x,T03_P1_CAPACITANCE_RATIO,enabled_symmetric_teaching_top_stack,0.0,0.01,0.0,0.3,top_oxide,0.000475,5.525e-06,4.75,55.24999999999999,0.11110477050924598,
p1_ratio_2p00_common_primary,P1 Ctop/Cbottom=2.00 common-primary proxy,top_primary,interface_4x,T03_P1_CAPACITANCE_RATIO,enabled_symmetric_teaching_top_stack,0.0,0.01,0.0,0.3,top_oxide,0.000475,5.65e-06,4.75,56.5,0.11931760660480027,
p1_ratio_2p00_common_primary,P1 Ctop/Cbottom=2.00 common-primary proxy,top_primary,interface_4x,T03_P1_CAPACITANCE_RATIO,enabled_symmetric_teaching_top_stack,0.0,0.01,0.0,0.3,top_oxide,0.000475,5.775e-06,4.75,57.75,0.12753044269629873,
p1_ratio_2p00_common_primary,P1 Ctop/Cbottom=2.00 common-primary proxy,top_primary,interface_4x,T03_P1_CAPACITANCE_RATIO,enabled_symmetric_teaching_top_stack,0.0,0.01,0.0,0.3,top_oxide,0.000475,5.899999999999999e-06,4.75,58.99999999999999,0.13574327878392575,
p1_ratio_2p00_common_primary,P1 Ctop/Cbottom=2.00 common-primary proxy,top_primary,interface_4x,T03_P1_CAPACITANCE_RATIO,enabled_symmetric_teaching_top_stack,0.0,0.01,0.0,0.3,top_oxide,0.000475,6.025e-06,4.75,60.25,0.1439561148678658,
p1_ratio_2p00_common_primary,P1 Ctop/Cbottom=2.00 common-primary proxy,top_primary,interface_4x,T03_P1_CAPACITANCE_RATIO,enabled_symmetric_teaching_top_stack,0.0,0.01,0.0,0.3,top_oxide,0.000475,6.1499999999999996e-06,4.75,61.49999999999999,0.15216895094830307,
p1_ratio_2p00_common_primary,P1 Ctop/Cbottom=2.00 common-primary proxy,top_primary,interface_4x,T03_P1_CAPACITANCE_RATIO,enabled_symmetric_teaching_top_stack,0.0,0.01,0.0,0.3,top_oxide,0.000475,6.275e-06,4.75,62.75,0.16038178702542205,
p1_ratio_2p00_common_primary,P1 Ctop/Cbottom=2.00 common-primary proxy,top_primary,interface_4x,T03_P1_CAPACITANCE_RATIO,enabled_symmetric_teaching_top_stack,0.0,0.01,0.0,0.3,top_oxide,0.000475,6.4e-06,4.75,64.0,0.16859462309940698,
p1_ratio_2p00_common_primary,P1 Ctop/Cbottom=2.00 common-primary proxy,top_primary,interface_4x,T03_P1_CAPACITANCE_RATIO,enabled_symmetric_teaching_top_stack,0.0,0.01,0.0,0.3,top_oxide,0.000475,6.9e-06,4.75,69.0,0.2014459673658503,
p1_ratio_2p00_common_primary,P1 Ctop/Cbottom=2.00 common-primary proxy,top_primary,interface_4x,T03_P1_CAPACITANCE_RATIO,enabled_symmetric_teaching_top_stack,0.0,0.01,0.0,0.3,top_oxide,0.000475,7.4e-06,4.75,74.0,0.23429731159689784,
p1_ratio_2p00_common_primary,P1 Ctop/Cbottom=2.00 common-primary proxy,top_primary,interface_4x,T03_P1_CAPACITANCE_RATIO,enabled_symmetric_teaching_top_stack,0.0,0.01,0.0,0.3,top_oxide,0.000475,7.9e-06,4.75,79.0,0.2671486558043482,
p1_ratio_2p00_common_primary,P1 Ctop/Cbottom=2.00 common-primary proxy,top_primary,interface_4x,T03_P1_CAPACITANCE_RATIO,enabled_symmetric_teaching_top_stack,0.0,0.01,0.0,0.3,top_oxide,0.000475,8.400000000000001e-06,4.75,84.00000000000001,0.3,
p1_ratio_2p00_common_primary,P1 Ctop/Cbottom=2.00 common-primary proxy,top_primary,interface_4x,T03_P1_CAPACITANCE_RATIO,enabled_symmetric_teaching_top_stack,0.0,0.01,0.0,0.3,top_oxide,0.0005,5.4e-06,5.0,54.0,0.10305645331099503,
p1_ratio_2p00_common_primary,P1 Ctop/Cbottom=2.00 common-primary proxy,top_primary,interface_4x,T03_P1_CAPACITANCE_RATIO,enabled_symmetric_teaching_top_stack,0.0,0.01,0.0,0.3,top_oxide,0.0005,5.525e-06,5.0,55.24999999999999,0.11126243445666807,
p1_ratio_2p00_common_primary,P1 Ctop/Cbottom=2.00 common-primary proxy,top_primary,interface_4x,T03_P1_CAPACITANCE_RATIO,enabled_symmetric_teaching_top_stack,0.0,0.01,0.0,0.3,top_oxide,0.0005,5.65e-06,5.0,56.5,0.11946841559808717,
p1_ratio_2p00_common_primary,P1 Ctop/Cbottom=2.00 common-primary proxy,top_primary,interface_4x,T03_P1_CAPACITANCE_RATIO,enabled_symmetric_teaching_top_stack,0.0,0.01,0.0,0.3,top_oxide,0.0005,5.775e-06,5.0,57.75,0.12767439673543718,
p1_ratio_2p00_common_primary,P1 Ctop/Cbottom=2.00 common-primary proxy,top_primary,interface_4x,T03_P1_CAPACITANCE_RATIO,enabled_symmetric_teaching_top_stack,0.0,0.01,0.0,0.3,top_oxide,0.0005,5.899999999999999e-06,5.0,58.99999999999999,0.1358803778689031,
p1_ratio_2p00_common_primary,P1 Ctop/Cbottom=2.00 common-primary proxy,top_primary,interface_4x,T03_P1_CAPACITANCE_RATIO,enabled_symmetric_teaching_top_stack,0.0,0.01,0.0,0.3,top_oxide,0.0005,6.025e-06,5.0,60.25,0.14408635899866998,
p1_ratio_2p00_common_primary,P1 Ctop/Cbottom=2.00 common-primary proxy,top_primary,interface_4x,T03_P1_CAPACITANCE_RATIO,enabled_symmetric_teaching_top_stack,0.0,0.01,0.0,0.3,top_oxide,0.0005,6.1499999999999996e-06,5.0,61.49999999999999,0.15229234012492263,
p1_ratio_2p00_common_primary,P1 Ctop/Cbottom=2.00 common-primary proxy,top_primary,interface_4x,T03_P1_CAPACITANCE_RATIO,enabled_symmetric_teaching_top_stack,0.0,0.01,0.0,0.3,top_oxide,0.0005,6.275e-06,5.0,62.75,0.16049832124784613,
p1_ratio_2p00_common_primary,P1 Ctop/Cbottom=2.00 common-primary proxy,top_primary,interface_4x,T03_P1_CAPACITANCE_RATIO,enabled_symmetric_teaching_top_stack,0.0,0.01,0.0,0.3,top_oxide,0.0005,6.4e-06,5.0,64.0,0.16870430236762532,
p1_ratio_2p00_common_primary,P1 Ctop/Cbottom=2.00 common-primary proxy,top_primary,interface_4x,T03_P1_CAPACITANCE_RATIO,enabled_symmetric_teaching_top_stack,0.0,0.01,0.0,0.3,top_oxide,0.0005,6.9e-06,5.0,69.0,0.20152822681714916,
p1_ratio_2p00_common_primary,P1 Ctop/Cbottom=2.00 common-primary proxy,top_primary,interface_4x,T03_P1_CAPACITANCE_RATIO,enabled_symmetric_teaching_top_stack,0.0,0.01,0.0,0.3,top_oxide,0.0005,7.4e-06,5.0,74.0,0.23435215123116143,
p1_ratio_2p00_common_primary,P1 Ctop/Cbottom=2.00 common-primary proxy,top_primary,interface_4x,T03_P1_CAPACITANCE_RATIO,enabled_symmetric_teaching_top_stack,0.0,0.01,0.0,0.3,top_oxide,0.0005,7.9e-06,5.0,79.0,0.2671760756214993,
p1_ratio_2p00_common_primary,P1 Ctop/Cbottom=2.00 common-primary proxy,top_primary,interface_4x,T03_P1_CAPACITANCE_RATIO,enabled_symmetric_teaching_top_stack,0.0,0.01,0.0,0.3,top_oxide,0.0005,8.400000000000001e-06,5.0,84.00000000000001,0.3,
p1_ratio_2p00_common_primary,P1 Ctop/Cbottom=2.00 common-primary proxy,top_primary,interface_4x,T03_P1_CAPACITANCE_RATIO,enabled_symmetric_teaching_top_stack,0.0,0.01,0.0,0.3,top_oxide,0.0005250000000000001,5.4e-06,5.250000000000001,54.0,0.10322114977044526,
p1_ratio_2p00_common_primary,P1 Ctop/Cbottom=2.00 common-primary proxy,top_primary,interface_4x,T03_P1_CAPACITANCE_RATIO,enabled_symmetric_teaching_top_stack,0.0,0.01,0.0,0.3,top_oxide,0.0005250000000000001,5.525e-06,5.250000000000001,55.24999999999999,0.11142026856375149,
p1_ratio_2p00_common_primary,P1 Ctop/Cbottom=2.00 common-primary proxy,top_primary,interface_4x,T03_P1_CAPACITANCE_RATIO,enabled_symmetric_teaching_top_stack,0.0,0.01,0.0,0.3,top_oxide,0.0005250000000000001,5.65e-06,5.250000000000001,56.5,0.11961938735278983,
p1_ratio_2p00_common_primary,P1 Ctop/Cbottom=2.00 common-primary proxy,top_primary,interface_4x,T03_P1_CAPACITANCE_RATIO,enabled_symmetric_teaching_top_stack,0.0,0.01,0.0,0.3,top_oxide,0.0005250000000000001,5.775e-06,5.250000000000001,57.75,0.12781850613774573,
p1_ratio_2p00_common_primary,P1 Ctop/Cbottom=2.00 common-primary proxy,top_primary,interface_4x,T03_P1_CAPACITANCE_RATIO,enabled_symmetric_teaching_top_stack,0.0,0.01,0.0,0.3,top_oxide,0.0005250000000000001,5.899999999999999e-06,5.250000000000001,58.99999999999999,0.13601762491880484,
p1_ratio_2p00_common_primary,P1 Ctop/Cbottom=2.00 common-primary proxy,top_primary,interface_4x,T03_P1_CAPACITANCE_RATIO,enabled_symmetric_teaching_top_stack,0.0,0.01,0.0,0.3,top_oxide,0.0005250000000000001,6.025e-06,5.250000000000001,60.25,0.14421674369615273,
p1_ratio_2p00_common_primary,P1 Ctop/Cbottom=2.00 common-primary proxy,top_primary,interface_4x,T03_P1_CAPACITANCE_RATIO,enabled_symmetric_teaching_top_stack,0.0,0.01,0.0,0.3,top_oxide,0.0005250000000000001,6.1499999999999996e-06,5.250000000000001,61.49999999999999,0.15241586246997488,
p1_ratio_2p00_common_primary,P1 Ctop/Cbottom=2.00 common-primary proxy,top_primary,interface_4x,T03_P1_CAPACITANCE_RATIO,enabled_symmetric_teaching_top_stack,0.0,0.01,0.0,0.3,top_oxide,0.0005250000000000001,6.275e-06,5.250000000000001,62.75,0.16061498124045695,
p1_ratio_2p00_common_primary,P1 Ctop/Cbottom=2.00 common-primary proxy,top_primary,interface_4x,T03_P1_CAPACITANCE_RATIO,enabled_symmetric_teaching_top_stack,0.0,0.01,0.0,0.3,top_oxide,0.0005250000000000001,6.4e-06,5.250000000000001,64.0,0.1688141000077844,
p1_ratio_2p00_common_primary,P1 Ctop/Cbottom=2.00 common-primary proxy,top_primary,interface_4x,T03_P1_CAPACITANCE_RATIO,enabled_symmetric_teaching_top_stack,0.0,0.01,0.0,0.3,top_oxide,0.0005250000000000001,6.9e-06,5.250000000000001,69.0,0.20161057504740432,
p1_ratio_2p00_common_primary,P1 Ctop/Cbottom=2.00 common-primary proxy,top_primary,interface_4x,T03_P1_CAPACITANCE_RATIO,enabled_symmetric_teaching_top_stack,0.0,0.01,0.0,0.3,top_oxide,0.0005250000000000001,7.4e-06,5.250000000000001,74.0,0.23440705005139623,
p1_ratio_2p00_common_primary,P1 Ctop/Cbottom=2.00 common-primary proxy,top_primary,interface_4x,T03_P1_CAPACITANCE_RATIO,enabled_symmetric_teaching_top_stack,0.0,0.01,0.0,0.3,top_oxide,0.0005250000000000001,7.9e-06,5.250000000000001,79.0,0.26720352503163614,
p1_ratio_2p00_common_primary,P1 Ctop/Cbottom=2.00 common-primary proxy,top_primary,interface_4x,T03_P1_CAPACITANCE_RATIO,enabled_symmetric_teaching_top_stack,0.0,0.01,0.0,0.3,top_oxide,0.0005250000000000001,8.400000000000001e-06,5.250000000000001,84.00000000000001,0.3,
p1_ratio_2p00_common_primary,P1 Ctop/Cbottom=2.00 common-primary proxy,top_primary,interface_4x,T03_P1_CAPACITANCE_RATIO,enabled_symmetric_teaching_top_stack,0.0,0.01,0.0,0.3,top_oxide,0.0005499999999999999,5.4e-06,5.499999999999999,54.0,0.10338602437001133,
p1_ratio_2p00_common_primary,P1 Ctop/Cbottom=2.00 common-primary proxy,top_primary,interface_4x,T03_P1_CAPACITANCE_RATIO,enabled_symmetric_teaching_top_stack,0.0,0.01,0.0,0.3,top_oxide,0.0005499999999999999,5.525e-06,5.499999999999999,55.24999999999999,0.11157827338844653,
p1_ratio_2p00_common_primary,P1 Ctop/Cbottom=2.00 common-primary proxy,top_primary,interface_4x,T03_P1_CAPACITANCE_RATIO,enabled_symmetric_teaching_top_stack,0.0,0.01,0.0,0.3,top_oxide,0.0005499999999999999,5.65e-06,5.499999999999999,56.5,0.1197705224025998,
p1_ratio_2p00_common_primary,P1 Ctop/Cbottom=2.00 common-primary proxy,top_primary,interface_4x,T03_P1_CAPACITANCE_RATIO,enabled_symmetric_teaching_top_stack,0.0,0.01,0.0,0.3,top_oxide,0.0005499999999999999,5.775e-06,5.499999999999999,57.75,0.12796277141265724,
p1_ratio_2p00_common_primary,P1 Ctop/Cbottom=2.00 common-primary proxy,top_primary,interface_4x,T03_P1_CAPACITANCE_RATIO,enabled_symmetric_teaching_top_stack,0.0,0.01,0.0,0.3,top_oxide,0.0005499999999999999,5.899999999999999e-06,5.499999999999999,58.99999999999999,0.13615502041880503,
p1_ratio_2p00_common_primary,P1 Ctop/Cbottom=2.00 common-primary proxy,top_primary,interface_4x,T03_P1_CAPACITANCE_RATIO,enabled_symmetric_teaching_top_stack,0.0,0.01,0.0,0.3,top_oxide,0.0005499999999999999,6.025e-06,5.499999999999999,60.25,0.14434726942122944,
p1_ratio_2p00_common_primary,P1 Ctop/Cbottom=2.00 common-primary proxy,top_primary,interface_4x,T03_P1_CAPACITANCE_RATIO,enabled_symmetric_teaching_top_stack,0.0,0.01,0.0,0.3,top_oxide,0.0005499999999999999,6.1499999999999996e-06,5.499999999999999,61.49999999999999,0.15253951842011654,
p1_ratio_2p00_common_primary,P1 Ctop/Cbottom=2.00 common-primary proxy,top_primary,interface_4x,T03_P1_CAPACITANCE_RATIO,enabled_symmetric_teaching_top_stack,0.0,0.01,0.0,0.3,top_oxide,0.0005499999999999999,6.275e-06,5.499999999999999,62.75,0.16073176741565257,
p1_ratio_2p00_common_primary,P1 Ctop/Cbottom=2.00 common-primary proxy,top_primary,interface_4x,T03_P1_CAPACITANCE_RATIO,enabled_symmetric_teaching_top_stack,0.0,0.01,0.0,0.3,top_oxide,0.0005499999999999999,6.4e-06,5.499999999999999,64.0,0.16892401640802363,
p1_ratio_2p00_common_primary,P1 Ctop/Cbottom=2.00 common-primary proxy,top_primary,interface_4x,T03_P1_CAPACITANCE_RATIO,enabled_symmetric_teaching_top_stack,0.0,0.01,0.0,0.3,top_oxide,0.0005499999999999999,6.9e-06,5.499999999999999,69.0,0.20169301234772033,
p1_ratio_2p00_common_primary,P1 Ctop/Cbottom=2.00 common-primary proxy,top_primary,interface_4x,T03_P1_CAPACITANCE_RATIO,enabled_symmetric_teaching_top_stack,0.0,0.01,0.0,0.3,top_oxide,0.0005499999999999999,7.4e-06,5.499999999999999,74.0,0.23446200825167196,
p1_ratio_2p00_common_primary,P1 Ctop/Cbottom=2.00 common-primary proxy,top_primary,interface_4x,T03_P1_CAPACITANCE_RATIO,enabled_symmetric_teaching_top_stack,0.0,0.01,0.0,0.3,top_oxide,0.0005499999999999999,7.9e-06,5.499999999999999,79.0,0.2672310041317935,
p1_ratio_2p00_common_primary,P1 Ctop/Cbottom=2.00 common-primary proxy,top_primary,interface_4x,T03_P1_CAPACITANCE_RATIO,enabled_symmetric_teaching_top_stack,0.0,0.01,0.0,0.3,top_oxide,0.0005499999999999999,8.400000000000001e-06,5.499999999999999,84.00000000000001,0.3,
p1_ratio_2p00_common_primary,P1 Ctop/Cbottom=2.00 common-primary proxy,top_primary,interface_4x,T03_P1_CAPACITANCE_RATIO,enabled_symmetric_teaching_top_stack,0.0,0.01,0.0,0.3,top_oxide,0.000575,5.4e-06,5.75,54.0,0.10355107769509707,
p1_ratio_2p00_common_primary,P1 Ctop/Cbottom=2.00 common-primary proxy,top_primary,interface_4x,T03_P1_CAPACITANCE_RATIO,enabled_symmetric_teaching_top_stack,0.0,0.01,0.0,0.3,top_oxide,0.000575,5.525e-06,5.75,55.24999999999999,0.11173644949176517,
p1_ratio_2p00_common_primary,P1 Ctop/Cbottom=2.00 common-primary proxy,top_primary,interface_4x,T03_P1_CAPACITANCE_RATIO,enabled_symmetric_teaching_top_stack,0.0,0.01,0.0,0.3,top_oxide,0.000575,5.65e-06,5.75,56.5,0.11992182128413727,
p1_ratio_2p00_common_primary,P1 Ctop/Cbottom=2.00 common-primary proxy,top_primary,interface_4x,T03_P1_CAPACITANCE_RATIO,enabled_symmetric_teaching_top_stack,0.0,0.01,0.0,0.3,top_oxide,0.000575,5.775e-06,5.75,57.75,0.1281071930724,
p1_ratio_2p00_common_primary,P1 Ctop/Cbottom=2.00 common-primary proxy,top_primary,interface_4x,T03_P1_CAPACITANCE_RATIO,enabled_symmetric_teaching_top_stack,0.0,0.01,0.0,0.3,top_oxide,0.000575,5.899999999999999e-06,5.75,58.99999999999999,0.13629256485674027,
p1_ratio_2p00_common_primary,P1 Ctop/Cbottom=2.00 common-primary proxy,top_primary,interface_4x,T03_P1_CAPACITANCE_RATIO,enabled_symmetric_teaching_top_stack,0.0,0.01,0.0,0.3,top_oxide,0.000575,6.025e-06,5.75,60.25,0.14447793663734487,
p1_ratio_2p00_common_primary,P1 Ctop/Cbottom=2.00 common-primary proxy,top_primary,interface_4x,T03_P1_CAPACITANCE_RATIO,enabled_symmetric_teaching_top_stack,0.0,0.01,0.0,0.3,top_oxide,0.000575,6.1499999999999996e-06,5.75,61.49999999999999,0.1526633084144005,
p1_ratio_2p00_common_primary,P1 Ctop/Cbottom=2.00 common-primary proxy,top_primary,interface_4x,T03_P1_CAPACITANCE_RATIO,enabled_symmetric_teaching_top_stack,0.0,0.01,0.0,0.3,top_oxide,0.000575,6.275e-06,5.75,62.75,0.16084868018809403,
p1_ratio_2p00_common_primary,P1 Ctop/Cbottom=2.00 common-primary proxy,top_primary,interface_4x,T03_P1_CAPACITANCE_RATIO,enabled_symmetric_teaching_top_stack,0.0,0.01,0.0,0.3,top_oxide,0.000575,6.4e-06,5.75,64.0,0.16903405195861215,
p1_ratio_2p00_common_primary,P1 Ctop/Cbottom=2.00 common-primary proxy,top_primary,interface_4x,T03_P1_CAPACITANCE_RATIO,enabled_symmetric_teaching_top_stack,0.0,0.01,0.0,0.3,top_oxide,0.000575,6.9e-06,5.75,69.0,0.2017755390107991,
p1_ratio_2p00_common_primary,P1 Ctop/Cbottom=2.00 common-primary proxy,top_primary,interface_4x,T03_P1_CAPACITANCE_RATIO,enabled_symmetric_teaching_top_stack,0.0,0.01,0.0,0.3,top_oxide,0.000575,7.4e-06,5.75,74.0,0.23451702602712318,
p1_ratio_2p00_common_primary,P1 Ctop/Cbottom=2.00 common-primary proxy,top_primary,interface_4x,T03_P1_CAPACITANCE_RATIO,enabled_symmetric_teaching_top_stack,0.0,0.01,0.0,0.3,top_oxide,0.000575,7.9e-06,5.75,79.0,0.26725851301953873,
p1_ratio_2p00_common_primary,P1 Ctop/Cbottom=2.00 common-primary proxy,top_primary,interface_4x,T03_P1_CAPACITANCE_RATIO,enabled_symmetric_teaching_top_stack,0.0,0.01,0.0,0.3,top_oxide,0.000575,8.400000000000001e-06,5.75,84.00000000000001,0.3,
p1_ratio_2p00_common_primary,P1 Ctop/Cbottom=2.00 common-primary proxy,top_primary,interface_4x,T03_P1_CAPACITANCE_RATIO,enabled_symmetric_teaching_top_stack,0.0,0.01,0.0,0.3,top_oxide,0.0006000000000000001,5.4e-06,6.000000000000001,54.0,0.10371631033432568,
p1_ratio_2p00_common_primary,P1 Ctop/Cbottom=2.00 common-primary proxy,top_primary,interface_4x,T03_P1_CAPACITANCE_RATIO,enabled_symmetric_teaching_top_stack,0.0,0.01,0.0,0.3,top_oxide,0.0006000000000000001,5.525e-06,6.000000000000001,55.24999999999999,0.1118947974378047,
p1_ratio_2p00_common_primary,P1 Ctop/Cbottom=2.00 common-primary proxy,top_primary,interface_4x,T03_P1_CAPACITANCE_RATIO,enabled_symmetric_teaching_top_stack,0.0,0.01,0.0,0.3,top_oxide,0.0006000000000000001,5.65e-06,6.000000000000001,56.5,0.12007328453697352,
p1_ratio_2p00_common_primary,P1 Ctop/Cbottom=2.00 common-primary proxy,top_primary,interface_4x,T03_P1_CAPACITANCE_RATIO,enabled_symmetric_teaching_top_stack,0.0,0.01,0.0,0.3,top_oxide,0.0006000000000000001,5.775e-06,6.000000000000001,57.75,0.12825177163201945,
p1_ratio_2p00_common_primary,P1 Ctop/Cbottom=2.00 common-primary proxy,top_primary,interface_4x,T03_P1_CAPACITANCE_RATIO,enabled_symmetric_teaching_top_stack,0.0,0.01,0.0,0.3,top_oxide,0.0006000000000000001,5.899999999999999e-06,6.000000000000001,58.99999999999999,0.13643025872312992,
p1_ratio_2p00_common_primary,P1 Ctop/Cbottom=2.00 common-primary proxy,top_primary,interface_4x,T03_P1_CAPACITANCE_RATIO,enabled_symmetric_teaching_top_stack,0.0,0.01,0.0,0.3,top_oxide,0.0006000000000000001,6.025e-06,6.000000000000001,60.25,0.14460874581049243,
p1_ratio_2p00_common_primary,P1 Ctop/Cbottom=2.00 common-primary proxy,top_primary,interface_4x,T03_P1_CAPACITANCE_RATIO,enabled_symmetric_teaching_top_stack,0.0,0.01,0.0,0.3,top_oxide,0.0006000000000000001,6.1499999999999996e-06,6.000000000000001,61.49999999999999,0.15278723289429422,
p1_ratio_2p00_common_primary,P1 Ctop/Cbottom=2.00 common-primary proxy,top_primary,interface_4x,T03_P1_CAPACITANCE_RATIO,enabled_symmetric_teaching_top_stack,0.0,0.01,0.0,0.3,top_oxide,0.0006000000000000001,6.275e-06,6.000000000000001,62.75,0.16096571997472284,
p1_ratio_2p00_common_primary,P1 Ctop/Cbottom=2.00 common-primary proxy,top_primary,interface_4x,T03_P1_CAPACITANCE_RATIO,enabled_symmetric_teaching_top_stack,0.0,0.01,0.0,0.3,top_oxide,0.0006000000000000001,6.4e-06,6.000000000000001,64.0,0.16914420705196556,
p1_ratio_2p00_common_primary,P1 Ctop/Cbottom=2.00 common-primary proxy,top_primary,interface_4x,T03_P1_CAPACITANCE_RATIO,enabled_symmetric_teaching_top_stack,0.0,0.01,0.0,0.3,top_oxide,0.0006000000000000001,6.9e-06,6.000000000000001,69.0,0.20185815533095225,
p1_ratio_2p00_common_primary,P1 Ctop/Cbottom=2.00 common-primary proxy,top_primary,interface_4x,T03_P1_CAPACITANCE_RATIO,enabled_symmetric_teaching_top_stack,0.0,0.01,0.0,0.3,top_oxide,0.0006000000000000001,7.4e-06,6.000000000000001,74.0,0.23457210357395772,
p1_ratio_2p00_common_primary,P1 Ctop/Cbottom=2.00 common-primary proxy,top_primary,interface_4x,T03_P1_CAPACITANCE_RATIO,enabled_symmetric_teaching_top_stack,0.0,0.01,0.0,0.3,top_oxide,0.0006000000000000001,7.9e-06,6.000000000000001,79.0,0.2672860517929757,
p1_ratio_2p00_common_primary,P1 Ctop/Cbottom=2.00 common-primary proxy,top_primary,interface_4x,T03_P1_CAPACITANCE_RATIO,enabled_symmetric_teaching_top_stack,0.0,0.01,0.0,0.3,top_oxide,0.0006000000000000001,8.400000000000001e-06,6.000000000000001,84.00000000000001,0.3,
p1_ratio_2p00_common_primary,P1 Ctop/Cbottom=2.00 common-primary proxy,top_primary,interface_4x,T03_P1_CAPACITANCE_RATIO,enabled_symmetric_teaching_top_stack,0.0,0.01,0.0,0.3,top_oxide,0.000625,5.4e-06,6.25,54.0,0.10388172287956472,
p1_ratio_2p00_common_primary,P1 Ctop/Cbottom=2.00 common-primary proxy,top_primary,interface_4x,T03_P1_CAPACITANCE_RATIO,enabled_symmetric_teaching_top_stack,0.0,0.01,0.0,0.3,top_oxide,0.000625,5.525e-06,6.25,55.24999999999999,0.1120533177937715,
p1_ratio_2p00_common_primary,P1 Ctop/Cbottom=2.00 common-primary proxy,top_primary,interface_4x,T03_P1_CAPACITANCE_RATIO,enabled_symmetric_teaching_top_stack,0.0,0.01,0.0,0.3,top_oxide,0.000625,5.65e-06,6.25,56.5,0.12022491270365385,
p1_ratio_2p00_common_primary,P1 Ctop/Cbottom=2.00 common-primary proxy,top_primary,interface_4x,T03_P1_CAPACITANCE_RATIO,enabled_symmetric_teaching_top_stack,0.0,0.01,0.0,0.3,top_oxide,0.000625,5.775e-06,6.25,57.75,0.12839650760939963,
p1_ratio_2p00_common_primary,P1 Ctop/Cbottom=2.00 common-primary proxy,top_primary,interface_4x,T03_P1_CAPACITANCE_RATIO,enabled_symmetric_teaching_top_stack,0.0,0.01,0.0,0.3,top_oxide,0.000625,5.899999999999999e-06,6.25,58.99999999999999,0.13656810251119697,
p1_ratio_2p00_common_primary,P1 Ctop/Cbottom=2.00 common-primary proxy,top_primary,interface_4x,T03_P1_CAPACITANCE_RATIO,enabled_symmetric_teaching_top_stack,0.0,0.01,0.0,0.3,top_oxide,0.000625,6.025e-06,6.25,60.25,0.1447396974092339,
p1_ratio_2p00_common_primary,P1 Ctop/Cbottom=2.00 common-primary proxy,top_primary,interface_4x,T03_P1_CAPACITANCE_RATIO,enabled_symmetric_teaching_top_stack,0.0,0.01,0.0,0.3,top_oxide,0.000625,6.1499999999999996e-06,6.25,61.49999999999999,0.15291129230369838,
p1_ratio_2p00_common_primary,P1 Ctop/Cbottom=2.00 common-primary proxy,top_primary,interface_4x,T03_P1_CAPACITANCE_RATIO,enabled_symmetric_teaching_top_stack,0.0,0.01,0.0,0.3,top_oxide,0.000625,6.275e-06,6.25,62.75,0.1610828871947785,
p1_ratio_2p00_common_primary,P1 Ctop/Cbottom=2.00 common-primary proxy,top_primary,interface_4x,T03_P1_CAPACITANCE_RATIO,enabled_symmetric_teaching_top_stack,0.0,0.01,0.0,0.3,top_oxide,0.000625,6.4e-06,6.25,64.0,0.1692544820826622,
p1_ratio_2p00_common_primary,P1 Ctop/Cbottom=2.00 common-primary proxy,top_primary,interface_4x,T03_P1_CAPACITANCE_RATIO,enabled_symmetric_teaching_top_stack,0.0,0.01,0.0,0.3,top_oxide,0.000625,6.9e-06,6.25,69.0,0.2019408616041136,
p1_ratio_2p00_common_primary,P1 Ctop/Cbottom=2.00 common-primary proxy,top_primary,interface_4x,T03_P1_CAPACITANCE_RATIO,enabled_symmetric_teaching_top_stack,0.0,0.01,0.0,0.3,top_oxide,0.000625,7.4e-06,6.25,74.0,0.23462724108946473,
p1_ratio_2p00_common_primary,P1 Ctop/Cbottom=2.00 common-primary proxy,top_primary,interface_4x,T03_P1_CAPACITANCE_RATIO,enabled_symmetric_teaching_top_stack,0.0,0.01,0.0,0.3,top_oxide,0.000625,7.9e-06,6.25,79.0,0.2673136205507491,
p1_ratio_2p00_common_primary,P1 Ctop/Cbottom=2.00 common-primary proxy,top_primary,interface_4x,T03_P1_CAPACITANCE_RATIO,enabled_symmetric_teaching_top_stack,0.0,0.01,0.0,0.3,top_oxide,0.000625,8.400000000000001e-06,6.25,84.00000000000001,0.3,
p1_ratio_2p00_common_primary,P1 Ctop/Cbottom=2.00 common-primary proxy,top_primary,interface_4x,T03_P1_CAPACITANCE_RATIO,enabled_symmetric_teaching_top_stack,0.0,0.01,0.0,0.3,top_oxide,0.0006500000000000001,5.4e-06,6.500000000000001,54.0,0.1040473159259511,
p1_ratio_2p00_common_primary,P1 Ctop/Cbottom=2.00 common-primary proxy,top_primary,interface_4x,T03_P1_CAPACITANCE_RATIO,enabled_symmetric_teaching_top_stack,0.0,0.01,0.0,0.3,top_oxide,0.0006500000000000001,5.525e-06,6.500000000000001,55.24999999999999,0.11221201113000512,
p1_ratio_2p00_common_primary,P1 Ctop/Cbottom=2.00 common-primary proxy,top_primary,interface_4x,T03_P1_CAPACITANCE_RATIO,enabled_symmetric_teaching_top_stack,0.0,0.01,0.0,0.3,top_oxide,0.0006500000000000001,5.65e-06,6.500000000000001,56.5,0.12037670632972036,
p1_ratio_2p00_common_primary,P1 Ctop/Cbottom=2.00 common-primary proxy,top_primary,interface_4x,T03_P1_CAPACITANCE_RATIO,enabled_symmetric_teaching_top_stack,0.0,0.01,0.0,0.3,top_oxide,0.0006500000000000001,5.775e-06,6.500000000000001,57.75,0.12854140152528534,
p1_ratio_2p00_common_primary,P1 Ctop/Cbottom=2.00 common-primary proxy,top_primary,interface_4x,T03_P1_CAPACITANCE_RATIO,enabled_symmetric_teaching_top_stack,0.0,0.01,0.0,0.3,top_oxide,0.0006500000000000001,5.899999999999999e-06,6.500000000000001,58.99999999999999,0.1367060967168888,
p1_ratio_2p00_common_primary,P1 Ctop/Cbottom=2.00 common-primary proxy,top_primary,interface_4x,T03_P1_CAPACITANCE_RATIO,enabled_symmetric_teaching_top_stack,0.0,0.01,0.0,0.3,top_oxide,0.0006500000000000001,6.025e-06,6.500000000000001,60.25,0.14487079190471938,
p1_ratio_2p00_common_primary,P1 Ctop/Cbottom=2.00 common-primary proxy,top_primary,interface_4x,T03_P1_CAPACITANCE_RATIO,enabled_symmetric_teaching_top_stack,0.0,0.01,0.0,0.3,top_oxide,0.0006500000000000001,6.1499999999999996e-06,6.500000000000001,61.49999999999999,0.15303548708896564,
p1_ratio_2p00_common_primary,P1 Ctop/Cbottom=2.00 common-primary proxy,top_primary,interface_4x,T03_P1_CAPACITANCE_RATIO,enabled_symmetric_teaching_top_stack,0.0,0.01,0.0,0.3,top_oxide,0.0006500000000000001,6.275e-06,6.500000000000001,62.75,0.16120018226981633,
p1_ratio_2p00_common_primary,P1 Ctop/Cbottom=2.00 common-primary proxy,top_primary,interface_4x,T03_P1_CAPACITANCE_RATIO,enabled_symmetric_teaching_top_stack,0.0,0.01,0.0,0.3,top_oxide,0.0006500000000000001,6.4e-06,6.500000000000001,64.0,0.16936487744746,
p1_ratio_2p00_common_primary,P1 Ctop/Cbottom=2.00 common-primary proxy,top_primary,interface_4x,T03_P1_CAPACITANCE_RATIO,enabled_symmetric_teaching_top_stack,0.0,0.01,0.0,0.3,top_oxide,0.0006500000000000001,6.9e-06,6.500000000000001,69.0,0.20202365812785159,
p1_ratio_2p00_common_primary,P1 Ctop/Cbottom=2.00 common-primary proxy,top_primary,interface_4x,T03_P1_CAPACITANCE_RATIO,enabled_symmetric_teaching_top_stack,0.0,0.01,0.0,0.3,top_oxide,0.0006500000000000001,7.4e-06,6.500000000000001,74.0,0.23468243877202322,
p1_ratio_2p00_common_primary,P1 Ctop/Cbottom=2.00 common-primary proxy,top_primary,interface_4x,T03_P1_CAPACITANCE_RATIO,enabled_symmetric_teaching_top_stack,0.0,0.01,0.0,0.3,top_oxide,0.0006500000000000001,7.9e-06,6.500000000000001,79.0,0.26734121939204825,
p1_ratio_2p00_common_primary,P1 Ctop/Cbottom=2.00 common-primary proxy,top_primary,interface_4x,T03_P1_CAPACITANCE_RATIO,enabled_symmetric_teaching_top_stack,0.0,0.01,0.0,0.3,top_oxide,0.0006500000000000001,8.400000000000001e-06,6.500000000000001,84.00000000000001,0.3,
p1_ratio_2p00_common_primary,P1 Ctop/Cbottom=2.00 common-primary proxy,top_primary,interface_4x,T03_P1_CAPACITANCE_RATIO,enabled_symmetric_teaching_top_stack,0.0,0.01,0.0,0.3,top_oxide,0.000675,5.4e-06,6.75,54.0,0.10421309007191647,
p1_ratio_2p00_common_primary,P1 Ctop/Cbottom=2.00 common-primary proxy,top_primary,interface_4x,T03_P1_CAPACITANCE_RATIO,enabled_symmetric_teaching_top_stack,0.0,0.01,0.0,0.3,top_oxide,0.000675,5.525e-06,6.75,55.24999999999999,0.11237087802000259,
p1_ratio_2p00_common_primary,P1 Ctop/Cbottom=2.00 common-primary proxy,top_primary,interface_4x,T03_P1_CAPACITANCE_RATIO,enabled_symmetric_teaching_top_stack,0.0,0.01,0.0,0.3,top_oxide,0.000675,5.65e-06,6.75,56.5,0.12052866596373552,
p1_ratio_2p00_common_primary,P1 Ctop/Cbottom=2.00 common-primary proxy,top_primary,interface_4x,T03_P1_CAPACITANCE_RATIO,enabled_symmetric_teaching_top_stack,0.0,0.01,0.0,0.3,top_oxide,0.000675,5.775e-06,6.75,57.75,0.12868645390330438,
p1_ratio_2p00_common_primary,P1 Ctop/Cbottom=2.00 common-primary proxy,top_primary,interface_4x,T03_P1_CAPACITANCE_RATIO,enabled_symmetric_teaching_top_stack,0.0,0.01,0.0,0.3,top_oxide,0.000675,5.899999999999999e-06,6.75,58.99999999999999,0.13684424183889854,
p1_ratio_2p00_common_primary,P1 Ctop/Cbottom=2.00 common-primary proxy,top_primary,interface_4x,T03_P1_CAPACITANCE_RATIO,enabled_symmetric_teaching_top_stack,0.0,0.01,0.0,0.3,top_oxide,0.000675,6.025e-06,6.75,60.25,0.1450020297707073,
p1_ratio_2p00_common_primary,P1 Ctop/Cbottom=2.00 common-primary proxy,top_primary,interface_4x,T03_P1_CAPACITANCE_RATIO,enabled_symmetric_teaching_top_stack,0.0,0.01,0.0,0.3,top_oxide,0.000675,6.1499999999999996e-06,6.75,61.49999999999999,0.15315981769891984,
p1_ratio_2p00_common_primary,P1 Ctop/Cbottom=2.00 common-primary proxy,top_primary,interface_4x,T03_P1_CAPACITANCE_RATIO,enabled_symmetric_teaching_top_stack,0.0,0.01,0.0,0.3,top_oxide,0.000675,6.275e-06,6.75,62.75,0.16131760562372552,
p1_ratio_2p00_common_primary,P1 Ctop/Cbottom=2.00 common-primary proxy,top_primary,interface_4x,T03_P1_CAPACITANCE_RATIO,enabled_symmetric_teaching_top_stack,0.0,0.01,0.0,0.3,top_oxide,0.000675,6.4e-06,6.75,64.0,0.16947539354531355,
p1_ratio_2p00_common_primary,P1 Ctop/Cbottom=2.00 common-primary proxy,top_primary,interface_4x,T03_P1_CAPACITANCE_RATIO,enabled_symmetric_teaching_top_stack,0.0,0.01,0.0,0.3,top_oxide,0.000675,6.9e-06,6.75,69.0,0.20210654520138213,
p1_ratio_2p00_common_primary,P1 Ctop/Cbottom=2.00 common-primary proxy,top_primary,interface_4x,T03_P1_CAPACITANCE_RATIO,enabled_symmetric_teaching_top_stack,0.0,0.01,0.0,0.3,top_oxide,0.000675,7.4e-06,6.75,74.0,0.23473769682111045,
p1_ratio_2p00_common_primary,P1 Ctop/Cbottom=2.00 common-primary proxy,top_primary,interface_4x,T03_P1_CAPACITANCE_RATIO,enabled_symmetric_teaching_top_stack,0.0,0.01,0.0,0.3,top_oxide,0.000675,7.9e-06,6.75,79.0,0.26736884841661196,
p1_ratio_2p00_common_primary,P1 Ctop/Cbottom=2.00 common-primary proxy,top_primary,interface_4x,T03_P1_CAPACITANCE_RATIO,enabled_symmetric_teaching_top_stack,0.0,0.01,0.0,0.3,top_oxide,0.000675,8.400000000000001e-06,6.75,84.00000000000001,0.3,
p1_ratio_2p00_common_primary,P1 Ctop/Cbottom=2.00 common-primary proxy,top_primary,interface_4x,T03_P1_CAPACITANCE_RATIO,enabled_symmetric_teaching_top_stack,0.0,0.01,0.0,0.3,top_oxide,0.0007,5.4e-06,7.0,54.0,0.1043790459192128,
p1_ratio_2p00_common_primary,P1 Ctop/Cbottom=2.00 common-primary proxy,top_primary,interface_4x,T03_P1_CAPACITANCE_RATIO,enabled_symmetric_teaching_top_stack,0.0,0.01,0.0,0.3,top_oxide,0.0007,5.525e-06,7.0,55.24999999999999,0.11252991904044286,
p1_ratio_2p00_common_primary,P1 Ctop/Cbottom=2.00 common-primary proxy,top_primary,interface_4x,T03_P1_CAPACITANCE_RATIO,enabled_symmetric_teaching_top_stack,0.0,0.01,0.0,0.3,top_oxide,0.0007,5.65e-06,7.0,56.5,0.1206807921573052,
p1_ratio_2p00_common_primary,P1 Ctop/Cbottom=2.00 common-primary proxy,top_primary,interface_4x,T03_P1_CAPACITANCE_RATIO,enabled_symmetric_teaching_top_stack,0.0,0.01,0.0,0.3,top_oxide,0.0007,5.775e-06,7.0,57.75,0.12883166526998965,
p1_ratio_2p00_common_primary,P1 Ctop/Cbottom=2.00 common-primary proxy,top_primary,interface_4x,T03_P1_CAPACITANCE_RATIO,enabled_symmetric_teaching_top_stack,0.0,0.01,0.0,0.3,top_oxide,0.0007,5.899999999999999e-06,7.0,58.99999999999999,0.13698253837868613,
p1_ratio_2p00_common_primary,P1 Ctop/Cbottom=2.00 common-primary proxy,top_primary,interface_4x,T03_P1_CAPACITANCE_RATIO,enabled_symmetric_teaching_top_stack,0.0,0.01,0.0,0.3,top_oxide,0.0007,6.025e-06,7.0,60.25,0.1451334114835846,
p1_ratio_2p00_common_primary,P1 Ctop/Cbottom=2.00 common-primary proxy,top_primary,interface_4x,T03_P1_CAPACITANCE_RATIO,enabled_symmetric_teaching_top_stack,0.0,0.01,0.0,0.3,top_oxide,0.0007,6.1499999999999996e-06,7.0,61.49999999999999,0.1532842845848749,
p1_ratio_2p00_common_primary,P1 Ctop/Cbottom=2.00 common-primary proxy,top_primary,interface_4x,T03_P1_CAPACITANCE_RATIO,enabled_symmetric_teaching_top_stack,0.0,0.01,0.0,0.3,top_oxide,0.0007,6.275e-06,7.0,62.75,0.161435157682747,
p1_ratio_2p00_common_primary,P1 Ctop/Cbottom=2.00 common-primary proxy,top_primary,interface_4x,T03_P1_CAPACITANCE_RATIO,enabled_symmetric_teaching_top_stack,0.0,0.01,0.0,0.3,top_oxide,0.0007,6.4e-06,7.0,64.0,0.1695860307773907,
p1_ratio_2p00_common_primary,P1 Ctop/Cbottom=2.00 common-primary proxy,top_primary,interface_4x,T03_P1_CAPACITANCE_RATIO,enabled_symmetric_teaching_top_stack,0.0,0.01,0.0,0.3,top_oxide,0.0007,6.9e-06,7.0,69.0,0.2021895231255812,
p1_ratio_2p00_common_primary,P1 Ctop/Cbottom=2.00 common-primary proxy,top_primary,interface_4x,T03_P1_CAPACITANCE_RATIO,enabled_symmetric_teaching_top_stack,0.0,0.01,0.0,0.3,top_oxide,0.0007,7.4e-06,7.0,74.0,0.2347930154373104,
p1_ratio_2p00_common_primary,P1 Ctop/Cbottom=2.00 common-primary proxy,top_primary,interface_4x,T03_P1_CAPACITANCE_RATIO,enabled_symmetric_teaching_top_stack,0.0,0.01,0.0,0.3,top_oxide,0.0007,7.9e-06,7.0,79.0,0.26739650772473206,
p1_ratio_2p00_common_primary,P1 Ctop/Cbottom=2.00 common-primary proxy,top_primary,interface_4x,T03_P1_CAPACITANCE_RATIO,enabled_symmetric_teaching_top_stack,0.0,0.01,0.0,0.3,top_oxide,0.0007,8.400000000000001e-06,7.0,84.00000000000001,0.3,
p1_ratio_2p00_common_primary,P1 Ctop/Cbottom=2.00 common-primary proxy,top_primary,interface_4x,T03_P1_CAPACITANCE_RATIO,enabled_symmetric_teaching_top_stack,0.0,0.01,0.0,0.3,top_oxide,0.0007250000000000001,5.4e-06,7.250000000000001,54.0,0.10454518407293839,
p1_ratio_2p00_common_primary,P1 Ctop/Cbottom=2.00 common-primary proxy,top_primary,interface_4x,T03_P1_CAPACITANCE_RATIO,enabled_symmetric_teaching_top_stack,0.0,0.01,0.0,0.3,top_oxide,0.0007250000000000001,5.525e-06,7.250000000000001,55.24999999999999,0.11268913477121179,
p1_ratio_2p00_common_primary,P1 Ctop/Cbottom=2.00 common-primary proxy,top_primary,interface_4x,T03_P1_CAPACITANCE_RATIO,enabled_symmetric_teaching_top_stack,0.0,0.01,0.0,0.3,top_oxide,0.0007250000000000001,5.65e-06,7.250000000000001,56.5,0.12083308546510291,
p1_ratio_2p00_common_primary,P1 Ctop/Cbottom=2.00 common-primary proxy,top_primary,interface_4x,T03_P1_CAPACITANCE_RATIO,enabled_symmetric_teaching_top_stack,0.0,0.01,0.0,0.3,top_oxide,0.0007250000000000001,5.775e-06,7.250000000000001,57.75,0.1289770361548022,
p1_ratio_2p00_common_primary,P1 Ctop/Cbottom=2.00 common-primary proxy,top_primary,interface_4x,T03_P1_CAPACITANCE_RATIO,enabled_symmetric_teaching_top_stack,0.0,0.01,0.0,0.3,top_oxide,0.0007250000000000001,5.899999999999999e-06,7.250000000000001,58.99999999999999,0.1371209868405002,
p1_ratio_2p00_common_primary,P1 Ctop/Cbottom=2.00 common-primary proxy,top_primary,interface_4x,T03_P1_CAPACITANCE_RATIO,enabled_symmetric_teaching_top_stack,0.0,0.01,0.0,0.3,top_oxide,0.0007250000000000001,6.025e-06,7.250000000000001,60.25,0.1452649375223875,
p1_ratio_2p00_common_primary,P1 Ctop/Cbottom=2.00 common-primary proxy,top_primary,interface_4x,T03_P1_CAPACITANCE_RATIO,enabled_symmetric_teaching_top_stack,0.0,0.01,0.0,0.3,top_oxide,0.0007250000000000001,6.1499999999999996e-06,7.250000000000001,61.49999999999999,0.1534088882006546,
p1_ratio_2p00_common_primary,P1 Ctop/Cbottom=2.00 common-primary proxy,top_primary,interface_4x,T03_P1_CAPACITANCE_RATIO,enabled_symmetric_teaching_top_stack,0.0,0.01,0.0,0.3,top_oxide,0.0007250000000000001,6.275e-06,7.250000000000001,62.75,0.16155283887549207,
p1_ratio_2p00_common_primary,P1 Ctop/Cbottom=2.00 common-primary proxy,top_primary,interface_4x,T03_P1_CAPACITANCE_RATIO,enabled_symmetric_teaching_top_stack,0.0,0.01,0.0,0.3,top_oxide,0.0007250000000000001,6.4e-06,7.250000000000001,64.0,0.1696967895470904,
p1_ratio_2p00_common_primary,P1 Ctop/Cbottom=2.00 common-primary proxy,top_primary,interface_4x,T03_P1_CAPACITANCE_RATIO,enabled_symmetric_teaching_top_stack,0.0,0.01,0.0,0.3,top_oxide,0.0007250000000000001,6.9e-06,7.250000000000001,69.0,0.20227259220299793,
p1_ratio_2p00_common_primary,P1 Ctop/Cbottom=2.00 common-primary proxy,top_primary,interface_4x,T03_P1_CAPACITANCE_RATIO,enabled_symmetric_teaching_top_stack,0.0,0.01,0.0,0.3,top_oxide,0.0007250000000000001,7.4e-06,7.250000000000001,74.0,0.2348483948223225,
p1_ratio_2p00_common_primary,P1 Ctop/Cbottom=2.00 common-primary proxy,top_primary,interface_4x,T03_P1_CAPACITANCE_RATIO,enabled_symmetric_teaching_top_stack,0.0,0.01,0.0,0.3,top_oxide,0.0007250000000000001,7.9e-06,7.250000000000001,79.0,0.2674241974172584,
p1_ratio_2p00_common_primary,P1 Ctop/Cbottom=2.00 common-primary proxy,top_primary,interface_4x,T03_P1_CAPACITANCE_RATIO,enabled_symmetric_teaching_top_stack,0.0,0.01,0.0,0.3,top_oxide,0.0007250000000000001,8.400000000000001e-06,7.250000000000001,84.00000000000001,0.3,
p1_ratio_2p00_common_primary,P1 Ctop/Cbottom=2.00 common-primary proxy,top_primary,interface_4x,T03_P1_CAPACITANCE_RATIO,enabled_symmetric_teaching_top_stack,0.0,0.01,0.0,0.3,top_oxide,0.00075,5.4e-06,7.5,54.0,0.10471150514156372,
p1_ratio_2p00_common_primary,P1 Ctop/Cbottom=2.00 common-primary proxy,top_primary,interface_4x,T03_P1_CAPACITANCE_RATIO,enabled_symmetric_teaching_top_stack,0.0,0.01,0.0,0.3,top_oxide,0.00075,5.525e-06,7.5,55.24999999999999,0.11284852579542695,
p1_ratio_2p00_common_primary,P1 Ctop/Cbottom=2.00 common-primary proxy,top_primary,interface_4x,T03_P1_CAPACITANCE_RATIO,enabled_symmetric_teaching_top_stack,0.0,0.01,0.0,0.3,top_oxide,0.00075,5.65e-06,7.5,56.5,0.12098554644489326,
p1_ratio_2p00_common_primary,P1 Ctop/Cbottom=2.00 common-primary proxy,top_primary,interface_4x,T03_P1_CAPACITANCE_RATIO,enabled_symmetric_teaching_top_stack,0.0,0.01,0.0,0.3,top_oxide,0.00075,5.775e-06,7.5,57.75,0.12912256709015368,
p1_ratio_2p00_common_primary,P1 Ctop/Cbottom=2.00 common-primary proxy,top_primary,interface_4x,T03_P1_CAPACITANCE_RATIO,enabled_symmetric_teaching_top_stack,0.0,0.01,0.0,0.3,top_oxide,0.00075,5.899999999999999e-06,7.5,58.99999999999999,0.13725958773139946,
p1_ratio_2p00_common_primary,P1 Ctop/Cbottom=2.00 common-primary proxy,top_primary,interface_4x,T03_P1_CAPACITANCE_RATIO,enabled_symmetric_teaching_top_stack,0.0,0.01,0.0,0.3,top_oxide,0.00075,6.025e-06,7.5,60.25,0.14539660836882182,
p1_ratio_2p00_common_primary,P1 Ctop/Cbottom=2.00 common-primary proxy,top_primary,interface_4x,T03_P1_CAPACITANCE_RATIO,enabled_symmetric_teaching_top_stack,0.0,0.01,0.0,0.3,top_oxide,0.00075,6.1499999999999996e-06,7.5,61.49999999999999,0.1535336290026118,
p1_ratio_2p00_common_primary,P1 Ctop/Cbottom=2.00 common-primary proxy,top_primary,interface_4x,T03_P1_CAPACITANCE_RATIO,enabled_symmetric_teaching_top_stack,0.0,0.01,0.0,0.3,top_oxide,0.00075,6.275e-06,7.5,62.75,0.16167064963296074,
p1_ratio_2p00_common_primary,P1 Ctop/Cbottom=2.00 common-primary proxy,top_primary,interface_4x,T03_P1_CAPACITANCE_RATIO,enabled_symmetric_teaching_top_stack,0.0,0.01,0.0,0.3,top_oxide,0.00075,6.4e-06,7.5,64.0,0.16980767026005966,
p1_ratio_2p00_common_primary,P1 Ctop/Cbottom=2.00 common-primary proxy,top_primary,interface_4x,T03_P1_CAPACITANCE_RATIO,enabled_symmetric_teaching_top_stack,0.0,0.01,0.0,0.3,top_oxide,0.00075,6.9e-06,7.5,69.0,0.20235575273786766,
p1_ratio_2p00_common_primary,P1 Ctop/Cbottom=2.00 common-primary proxy,top_primary,interface_4x,T03_P1_CAPACITANCE_RATIO,enabled_symmetric_teaching_top_stack,0.0,0.01,0.0,0.3,top_oxide,0.00075,7.4e-06,7.5,74.0,0.2349038351789703,
p1_ratio_2p00_common_primary,P1 Ctop/Cbottom=2.00 common-primary proxy,top_primary,interface_4x,T03_P1_CAPACITANCE_RATIO,enabled_symmetric_teaching_top_stack,0.0,0.01,0.0,0.3,top_oxide,0.00075,7.9e-06,7.5,79.0,0.2674519175956027,
p1_ratio_2p00_common_primary,P1 Ctop/Cbottom=2.00 common-primary proxy,top_primary,interface_4x,T03_P1_CAPACITANCE_RATIO,enabled_symmetric_teaching_top_stack,0.0,0.01,0.0,0.3,top_oxide,0.00075,8.400000000000001e-06,7.5,84.00000000000001,0.3,
p1_ratio_2p00_common_primary,P1 Ctop/Cbottom=2.00 common-primary proxy,top_primary,interface_4x,T03_P1_CAPACITANCE_RATIO,enabled_symmetric_teaching_top_stack,0.0,0.01,0.0,0.3,top_oxide,0.000775,5.4e-06,7.75,54.0,0.1048780097369581,
p1_ratio_2p00_common_primary,P1 Ctop/Cbottom=2.00 common-primary proxy,top_primary,interface_4x,T03_P1_CAPACITANCE_RATIO,enabled_symmetric_teaching_top_stack,0.0,0.01,0.0,0.3,top_oxide,0.000775,5.525e-06,7.75,55.24999999999999,0.11300809269946312,
p1_ratio_2p00_common_primary,P1 Ctop/Cbottom=2.00 common-primary proxy,top_primary,interface_4x,T03_P1_CAPACITANCE_RATIO,enabled_symmetric_teaching_top_stack,0.0,0.01,0.0,0.3,top_oxide,0.000775,5.65e-06,7.75,56.5,0.12113817565755645,
p1_ratio_2p00_common_primary,P1 Ctop/Cbottom=2.00 common-primary proxy,top_primary,interface_4x,T03_P1_CAPACITANCE_RATIO,enabled_symmetric_teaching_top_stack,0.0,0.01,0.0,0.3,top_oxide,0.000775,5.775e-06,7.75,57.75,0.12926825861142982,
p1_ratio_2p00_common_primary,P1 Ctop/Cbottom=2.00 common-primary proxy,top_primary,interface_4x,T03_P1_CAPACITANCE_RATIO,enabled_symmetric_teaching_top_stack,0.0,0.01,0.0,0.3,top_oxide,0.000775,5.899999999999999e-06,7.75,58.99999999999999,0.13739834156127506,
p1_ratio_2p00_common_primary,P1 Ctop/Cbottom=2.00 common-primary proxy,top_primary,interface_4x,T03_P1_CAPACITANCE_RATIO,enabled_symmetric_teaching_top_stack,0.0,0.01,0.0,0.3,top_oxide,0.000775,6.025e-06,7.75,60.25,0.14552842450728407,
p1_ratio_2p00_common_primary,P1 Ctop/Cbottom=2.00 common-primary proxy,top_primary,interface_4x,T03_P1_CAPACITANCE_RATIO,enabled_symmetric_teaching_top_stack,0.0,0.01,0.0,0.3,top_oxide,0.000775,6.1499999999999996e-06,7.75,61.49999999999999,0.15365850744964857,
p1_ratio_2p00_common_primary,P1 Ctop/Cbottom=2.00 common-primary proxy,top_primary,interface_4x,T03_P1_CAPACITANCE_RATIO,enabled_symmetric_teaching_top_stack,0.0,0.01,0.0,0.3,top_oxide,0.000775,6.275e-06,7.75,62.75,0.16178859038856042,
p1_ratio_2p00_common_primary,P1 Ctop/Cbottom=2.00 common-primary proxy,top_primary,interface_4x,T03_P1_CAPACITANCE_RATIO,enabled_symmetric_teaching_top_stack,0.0,0.01,0.0,0.3,top_oxide,0.000775,6.4e-06,7.75,64.0,0.1699186733242114,
p1_ratio_2p00_common_primary,P1 Ctop/Cbottom=2.00 common-primary proxy,top_primary,interface_4x,T03_P1_CAPACITANCE_RATIO,enabled_symmetric_teaching_top_stack,0.0,0.01,0.0,0.3,top_oxide,0.000775,6.9e-06,7.75,69.0,0.20243900503612502,
p1_ratio_2p00_common_primary,P1 Ctop/Cbottom=2.00 common-primary proxy,top_primary,interface_4x,T03_P1_CAPACITANCE_RATIO,enabled_symmetric_teaching_top_stack,0.0,0.01,0.0,0.3,top_oxide,0.000775,7.4e-06,7.75,74.0,0.23495933671121025,
p1_ratio_2p00_common_primary,P1 Ctop/Cbottom=2.00 common-primary proxy,top_primary,interface_4x,T03_P1_CAPACITANCE_RATIO,enabled_symmetric_teaching_top_stack,0.0,0.01,0.0,0.3,top_oxide,0.000775,7.9e-06,7.75,79.0,0.2674796683617432,
p1_ratio_2p00_common_primary,P1 Ctop/Cbottom=2.00 common-primary proxy,top_primary,interface_4x,T03_P1_CAPACITANCE_RATIO,enabled_symmetric_teaching_top_stack,0.0,0.01,0.0,0.3,top_oxide,0.000775,8.400000000000001e-06,7.75,84.00000000000001,0.3,
p1_ratio_2p00_common_primary,P1 Ctop/Cbottom=2.00 common-primary proxy,top_primary,interface_4x,T03_P1_CAPACITANCE_RATIO,enabled_symmetric_teaching_top_stack,0.0,0.01,0.0,0.3,top_oxide,0.0008,5.4e-06,8.0,54.0,0.1050446984744162,
p1_ratio_2p00_common_primary,P1 Ctop/Cbottom=2.00 common-primary proxy,top_primary,interface_4x,T03_P1_CAPACITANCE_RATIO,enabled_symmetric_teaching_top_stack,0.0,0.01,0.0,0.3,top_oxide,0.0008,5.525e-06,8.0,55.24999999999999,0.11316783607297767,
p1_ratio_2p00_common_primary,P1 Ctop/Cbottom=2.00 common-primary proxy,top_primary,interface_4x,T03_P1_CAPACITANCE_RATIO,enabled_symmetric_teaching_top_stack,0.0,0.01,0.0,0.3,top_oxide,0.0008,5.65e-06,8.0,56.5,0.12129097366711263,
p1_ratio_2p00_common_primary,P1 Ctop/Cbottom=2.00 common-primary proxy,top_primary,interface_4x,T03_P1_CAPACITANCE_RATIO,enabled_symmetric_teaching_top_stack,0.0,0.01,0.0,0.3,top_oxide,0.0008,5.775e-06,8.0,57.75,0.1294141112570134,
p1_ratio_2p00_common_primary,P1 Ctop/Cbottom=2.00 common-primary proxy,top_primary,interface_4x,T03_P1_CAPACITANCE_RATIO,enabled_symmetric_teaching_top_stack,0.0,0.01,0.0,0.3,top_oxide,0.0008,5.899999999999999e-06,8.0,58.99999999999999,0.13753724884287258,
p1_ratio_2p00_common_primary,P1 Ctop/Cbottom=2.00 common-primary proxy,top_primary,interface_4x,T03_P1_CAPACITANCE_RATIO,enabled_symmetric_teaching_top_stack,0.0,0.01,0.0,0.3,top_oxide,0.0008,6.025e-06,8.0,60.25,0.1456603864248826,
p1_ratio_2p00_common_primary,P1 Ctop/Cbottom=2.00 common-primary proxy,top_primary,interface_4x,T03_P1_CAPACITANCE_RATIO,enabled_symmetric_teaching_top_stack,0.0,0.01,0.0,0.3,top_oxide,0.0008,6.1499999999999996e-06,8.0,61.49999999999999,0.15378352400323586,
p1_ratio_2p00_common_primary,P1 Ctop/Cbottom=2.00 common-primary proxy,top_primary,interface_4x,T03_P1_CAPACITANCE_RATIO,enabled_symmetric_teaching_top_stack,0.0,0.01,0.0,0.3,top_oxide,0.0008,6.275e-06,8.0,62.75,0.1619066615781249,
p1_ratio_2p00_common_primary,P1 Ctop/Cbottom=2.00 common-primary proxy,top_primary,interface_4x,T03_P1_CAPACITANCE_RATIO,enabled_symmetric_teaching_top_stack,0.0,0.01,0.0,0.3,top_oxide,0.0008,6.4e-06,8.0,64.0,0.17002979914974206,
p1_ratio_2p00_common_primary,P1 Ctop/Cbottom=2.00 common-primary proxy,top_primary,interface_4x,T03_P1_CAPACITANCE_RATIO,enabled_symmetric_teaching_top_stack,0.0,0.01,0.0,0.3,top_oxide,0.0008,6.9e-06,8.0,69.0,0.2025223494054174,
p1_ratio_2p00_common_primary,P1 Ctop/Cbottom=2.00 common-primary proxy,top_primary,interface_4x,T03_P1_CAPACITANCE_RATIO,enabled_symmetric_teaching_top_stack,0.0,0.01,0.0,0.3,top_oxide,0.0008,7.4e-06,8.0,74.0,0.23501489962414057,
p1_ratio_2p00_common_primary,P1 Ctop/Cbottom=2.00 common-primary proxy,top_primary,interface_4x,T03_P1_CAPACITANCE_RATIO,enabled_symmetric_teaching_top_stack,0.0,0.01,0.0,0.3,top_oxide,0.0008,7.9e-06,8.0,79.0,0.267507449818229,
p1_ratio_2p00_common_primary,P1 Ctop/Cbottom=2.00 common-primary proxy,top_primary,interface_4x,T03_P1_CAPACITANCE_RATIO,enabled_symmetric_teaching_top_stack,0.0,0.01,0.0,0.3,top_oxide,0.0008,8.400000000000001e-06,8.0,84.00000000000001,0.3,
p1_ratio_2p00_common_primary,P1 Ctop/Cbottom=2.00 common-primary proxy,top_primary,interface_4x,T03_P1_CAPACITANCE_RATIO,enabled_symmetric_teaching_top_stack,0.0,0.01,0.0,0.3,top_oxide,0.000825,5.4e-06,8.25,54.0,0.10521157197268495,
p1_ratio_2p00_common_primary,P1 Ctop/Cbottom=2.00 common-primary proxy,top_primary,interface_4x,T03_P1_CAPACITANCE_RATIO,enabled_symmetric_teaching_top_stack,0.0,0.01,0.0,0.3,top_oxide,0.000825,5.525e-06,8.25,55.24999999999999,0.11332775650893641,
p1_ratio_2p00_common_primary,P1 Ctop/Cbottom=2.00 common-primary proxy,top_primary,interface_4x,T03_P1_CAPACITANCE_RATIO,enabled_symmetric_teaching_top_stack,0.0,0.01,0.0,0.3,top_oxide,0.000825,5.65e-06,8.25,56.5,0.12144394104074643,
p1_ratio_2p00_common_primary,P1 Ctop/Cbottom=2.00 common-primary proxy,top_primary,interface_4x,T03_P1_CAPACITANCE_RATIO,enabled_symmetric_teaching_top_stack,0.0,0.01,0.0,0.3,top_oxide,0.000825,5.775e-06,8.25,57.75,0.12956012556830807,
p1_ratio_2p00_common_primary,P1 Ctop/Cbottom=2.00 common-primary proxy,top_primary,interface_4x,T03_P1_CAPACITANCE_RATIO,enabled_symmetric_teaching_top_stack,0.0,0.01,0.0,0.3,top_oxide,0.000825,5.899999999999999e-06,8.25,58.99999999999999,0.13767631009181444,
p1_ratio_2p00_common_primary,P1 Ctop/Cbottom=2.00 common-primary proxy,top_primary,interface_4x,T03_P1_CAPACITANCE_RATIO,enabled_symmetric_teaching_top_stack,0.0,0.01,0.0,0.3,top_oxide,0.000825,6.025e-06,8.25,60.25,0.1457924946114587,
p1_ratio_2p00_common_primary,P1 Ctop/Cbottom=2.00 common-primary proxy,top_primary,interface_4x,T03_P1_CAPACITANCE_RATIO,enabled_symmetric_teaching_top_stack,0.0,0.01,0.0,0.3,top_oxide,0.000825,6.1499999999999996e-06,8.25,61.49999999999999,0.1539086791274339,
p1_ratio_2p00_common_primary,P1 Ctop/Cbottom=2.00 common-primary proxy,top_primary,interface_4x,T03_P1_CAPACITANCE_RATIO,enabled_symmetric_teaching_top_stack,0.0,0.01,0.0,0.3,top_oxide,0.000825,6.275e-06,8.25,62.75,0.16202486363993318,
p1_ratio_2p00_common_primary,P1 Ctop/Cbottom=2.00 common-primary proxy,top_primary,interface_4x,T03_P1_CAPACITANCE_RATIO,enabled_symmetric_teaching_top_stack,0.0,0.01,0.0,0.3,top_oxide,0.000825,6.4e-06,8.25,64.0,0.17014104814914963,
p1_ratio_2p00_common_primary,P1 Ctop/Cbottom=2.00 common-primary proxy,top_primary,interface_4x,T03_P1_CAPACITANCE_RATIO,enabled_symmetric_teaching_top_stack,0.0,0.01,0.0,0.3,top_oxide,0.000825,6.9e-06,8.25,69.0,0.20260578615511826,
p1_ratio_2p00_common_primary,P1 Ctop/Cbottom=2.00 common-primary proxy,top_primary,interface_4x,T03_P1_CAPACITANCE_RATIO,enabled_symmetric_teaching_top_stack,0.0,0.01,0.0,0.3,top_oxide,0.000825,7.4e-06,8.25,74.0,0.23507052412401028,
p1_ratio_2p00_common_primary,P1 Ctop/Cbottom=2.00 common-primary proxy,top_primary,interface_4x,T03_P1_CAPACITANCE_RATIO,enabled_symmetric_teaching_top_stack,0.0,0.01,0.0,0.3,top_oxide,0.000825,7.9e-06,8.25,79.0,0.26753526206818457,
p1_ratio_2p00_common_primary,P1 Ctop/Cbottom=2.00 common-primary proxy,top_primary,interface_4x,T03_P1_CAPACITANCE_RATIO,enabled_symmetric_teaching_top_stack,0.0,0.01,0.0,0.3,top_oxide,0.000825,8.400000000000001e-06,8.25,84.00000000000001,0.3,
p1_ratio_2p00_common_primary,P1 Ctop/Cbottom=2.00 common-primary proxy,top_primary,interface_4x,T03_P1_CAPACITANCE_RATIO,enabled_symmetric_teaching_top_stack,0.0,0.01,0.0,0.3,top_oxide,0.0008500000000000001,5.4e-06,8.5,54.0,0.10537863085399082,
p1_ratio_2p00_common_primary,P1 Ctop/Cbottom=2.00 common-primary proxy,top_primary,interface_4x,T03_P1_CAPACITANCE_RATIO,enabled_symmetric_teaching_top_stack,0.0,0.01,0.0,0.3,top_oxide,0.0008500000000000001,5.525e-06,8.5,55.24999999999999,0.1134878546036397,
p1_ratio_2p00_common_primary,P1 Ctop/Cbottom=2.00 common-primary proxy,top_primary,interface_4x,T03_P1_CAPACITANCE_RATIO,enabled_symmetric_teaching_top_stack,0.0,0.01,0.0,0.3,top_oxide,0.0008500000000000001,5.65e-06,8.5,56.5,0.1215970783488322,
p1_ratio_2p00_common_primary,P1 Ctop/Cbottom=2.00 common-primary proxy,top_primary,interface_4x,T03_P1_CAPACITANCE_RATIO,enabled_symmetric_teaching_top_stack,0.0,0.01,0.0,0.3,top_oxide,0.0008500000000000001,5.775e-06,8.5,57.75,0.12970630208976194,
p1_ratio_2p00_common_primary,P1 Ctop/Cbottom=2.00 common-primary proxy,top_primary,interface_4x,T03_P1_CAPACITANCE_RATIO,enabled_symmetric_teaching_top_stack,0.0,0.01,0.0,0.3,top_oxide,0.0008500000000000001,5.899999999999999e-06,8.5,58.99999999999999,0.13781552582662274,
p1_ratio_2p00_common_primary,P1 Ctop/Cbottom=2.00 common-primary proxy,top_primary,interface_4x,T03_P1_CAPACITANCE_RATIO,enabled_symmetric_teaching_top_stack,0.0,0.01,0.0,0.3,top_oxide,0.0008500000000000001,6.025e-06,8.5,60.25,0.14592474955960838,
p1_ratio_2p00_common_primary,P1 Ctop/Cbottom=2.00 common-primary proxy,top_primary,interface_4x,T03_P1_CAPACITANCE_RATIO,enabled_symmetric_teaching_top_stack,0.0,0.01,0.0,0.3,top_oxide,0.0008500000000000001,6.1499999999999996e-06,8.5,61.49999999999999,0.15403397328891258,
p1_ratio_2p00_common_primary,P1 Ctop/Cbottom=2.00 common-primary proxy,top_primary,interface_4x,T03_P1_CAPACITANCE_RATIO,enabled_symmetric_teaching_top_stack,0.0,0.01,0.0,0.3,top_oxide,0.0008500000000000001,6.275e-06,8.5,62.75,0.16214319701472915,
p1_ratio_2p00_common_primary,P1 Ctop/Cbottom=2.00 common-primary proxy,top_primary,interface_4x,T03_P1_CAPACITANCE_RATIO,enabled_symmetric_teaching_top_stack,0.0,0.01,0.0,0.3,top_oxide,0.0008500000000000001,6.4e-06,8.5,64.0,0.17025242073725178,
p1_ratio_2p00_common_primary,P1 Ctop/Cbottom=2.00 common-primary proxy,top_primary,interface_4x,T03_P1_CAPACITANCE_RATIO,enabled_symmetric_teaching_top_stack,0.0,0.01,0.0,0.3,top_oxide,0.0008500000000000001,6.9e-06,8.5,69.0,0.20268931559634087,
p1_ratio_2p00_common_primary,P1 Ctop/Cbottom=2.00 common-primary proxy,top_primary,interface_4x,T03_P1_CAPACITANCE_RATIO,enabled_symmetric_teaching_top_stack,0.0,0.01,0.0,0.3,top_oxide,0.0008500000000000001,7.4e-06,8.5,74.0,0.23512621041822823,
p1_ratio_2p00_common_primary,P1 Ctop/Cbottom=2.00 common-primary proxy,top_primary,interface_4x,T03_P1_CAPACITANCE_RATIO,enabled_symmetric_teaching_top_stack,0.0,0.01,0.0,0.3,top_oxide,0.0008500000000000001,7.9e-06,8.5,79.0,0.2675631052153144,
p1_ratio_2p00_common_primary,P1 Ctop/Cbottom=2.00 common-primary proxy,top_primary,interface_4x,T03_P1_CAPACITANCE_RATIO,enabled_symmetric_teaching_top_stack,0.0,0.01,0.0,0.3,top_oxide,0.0008500000000000001,8.400000000000001e-06,8.5,84.00000000000001,0.3,
p1_ratio_2p00_common_primary,P1 Ctop/Cbottom=2.00 common-primary proxy,top_primary,interface_4x,T03_P1_CAPACITANCE_RATIO,enabled_symmetric_teaching_top_stack,0.0,0.01,0.0,0.3,top_oxide,0.0008750000000000001,5.4e-06,8.750000000000002,54.0,0.10554587574406986,
p1_ratio_2p00_common_primary,P1 Ctop/Cbottom=2.00 common-primary proxy,top_primary,interface_4x,T03_P1_CAPACITANCE_RATIO,enabled_symmetric_teaching_top_stack,0.0,0.01,0.0,0.3,top_oxide,0.0008750000000000001,5.525e-06,8.750000000000002,55.24999999999999,0.11364813095675184,
p1_ratio_2p00_common_primary,P1 Ctop/Cbottom=2.00 common-primary proxy,top_primary,interface_4x,T03_P1_CAPACITANCE_RATIO,enabled_symmetric_teaching_top_stack,0.0,0.01,0.0,0.3,top_oxide,0.0008750000000000001,5.65e-06,8.750000000000002,56.5,0.12175038616496231,
p1_ratio_2p00_common_primary,P1 Ctop/Cbottom=2.00 common-primary proxy,top_primary,interface_4x,T03_P1_CAPACITANCE_RATIO,enabled_symmetric_teaching_top_stack,0.0,0.01,0.0,0.3,top_oxide,0.0008750000000000001,5.775e-06,8.750000000000002,57.75,0.12985264136889554,
p1_ratio_2p00_common_primary,P1 Ctop/Cbottom=2.00 common-primary proxy,top_primary,interface_4x,T03_P1_CAPACITANCE_RATIO,enabled_symmetric_teaching_top_stack,0.0,0.01,0.0,0.3,top_oxide,0.0008750000000000001,5.899999999999999e-06,8.750000000000002,58.99999999999999,0.13795489656874607,
p1_ratio_2p00_common_primary,P1 Ctop/Cbottom=2.00 common-primary proxy,top_primary,interface_4x,T03_P1_CAPACITANCE_RATIO,enabled_symmetric_teaching_top_stack,0.0,0.01,0.0,0.3,top_oxide,0.0008750000000000001,6.025e-06,8.750000000000002,60.25,0.14605715176470827,
p1_ratio_2p00_common_primary,P1 Ctop/Cbottom=2.00 common-primary proxy,top_primary,interface_4x,T03_P1_CAPACITANCE_RATIO,enabled_symmetric_teaching_top_stack,0.0,0.01,0.0,0.3,top_oxide,0.0008750000000000001,6.1499999999999996e-06,8.750000000000002,61.49999999999999,0.1541594069569765,
p1_ratio_2p00_common_primary,P1 Ctop/Cbottom=2.00 common-primary proxy,top_primary,interface_4x,T03_P1_CAPACITANCE_RATIO,enabled_symmetric_teaching_top_stack,0.0,0.01,0.0,0.3,top_oxide,0.0008750000000000001,6.275e-06,8.750000000000002,62.75,0.16226166214574528,
p1_ratio_2p00_common_primary,P1 Ctop/Cbottom=2.00 common-primary proxy,top_primary,interface_4x,T03_P1_CAPACITANCE_RATIO,enabled_symmetric_teaching_top_stack,0.0,0.01,0.0,0.3,top_oxide,0.0008750000000000001,6.4e-06,8.750000000000002,64.0,0.1703639173312089,
p1_ratio_2p00_common_primary,P1 Ctop/Cbottom=2.00 common-primary proxy,top_primary,interface_4x,T03_P1_CAPACITANCE_RATIO,enabled_symmetric_teaching_top_stack,0.0,0.01,0.0,0.3,top_oxide,0.0008750000000000001,6.9e-06,8.750000000000002,69.0,0.20277293804195662,
p1_ratio_2p00_common_primary,P1 Ctop/Cbottom=2.00 common-primary proxy,top_primary,interface_4x,T03_P1_CAPACITANCE_RATIO,enabled_symmetric_teaching_top_stack,0.0,0.01,0.0,0.3,top_oxide,0.0008750000000000001,7.4e-06,8.750000000000002,74.0,0.23518195871537587,
p1_ratio_2p00_common_primary,P1 Ctop/Cbottom=2.00 common-primary proxy,top_primary,interface_4x,T03_P1_CAPACITANCE_RATIO,enabled_symmetric_teaching_top_stack,0.0,0.01,0.0,0.3,top_oxide,0.0008750000000000001,7.9e-06,8.750000000000002,79.0,0.26759097936390935,
p1_ratio_2p00_common_primary,P1 Ctop/Cbottom=2.00 common-primary proxy,top_primary,interface_4x,T03_P1_CAPACITANCE_RATIO,enabled_symmetric_teaching_top_stack,0.0,0.01,0.0,0.3,top_oxide,0.0008750000000000001,8.400000000000001e-06,8.750000000000002,84.00000000000001,0.3,
p1_ratio_2p00_common_primary,P1 Ctop/Cbottom=2.00 common-primary proxy,top_primary,interface_4x,T03_P1_CAPACITANCE_RATIO,enabled_symmetric_teaching_top_stack,0.0,0.01,0.0,0.3,top_oxide,0.0009000000000000001,5.4e-06,9.0,54.0,0.1057133072733469,
p1_ratio_2p00_common_primary,P1 Ctop/Cbottom=2.00 common-primary proxy,top_primary,interface_4x,T03_P1_CAPACITANCE_RATIO,enabled_symmetric_teaching_top_stack,0.0,0.01,0.0,0.3,top_oxide,0.0009000000000000001,5.525e-06,9.0,55.24999999999999,0.11380858617266829,
p1_ratio_2p00_common_primary,P1 Ctop/Cbottom=2.00 common-primary proxy,top_primary,interface_4x,T03_P1_CAPACITANCE_RATIO,enabled_symmetric_teaching_top_stack,0.0,0.01,0.0,0.3,top_oxide,0.0009000000000000001,5.65e-06,9.0,56.5,0.12190386506748795,
p1_ratio_2p00_common_primary,P1 Ctop/Cbottom=2.00 common-primary proxy,top_primary,interface_4x,T03_P1_CAPACITANCE_RATIO,enabled_symmetric_teaching_top_stack,0.0,0.01,0.0,0.3,top_oxide,0.0009000000000000001,5.775e-06,9.0,57.75,0.12999914395799875,
p1_ratio_2p00_common_primary,P1 Ctop/Cbottom=2.00 common-primary proxy,top_primary,interface_4x,T03_P1_CAPACITANCE_RATIO,enabled_symmetric_teaching_top_stack,0.0,0.01,0.0,0.3,top_oxide,0.0009000000000000001,5.899999999999999e-06,9.0,58.99999999999999,0.13809442284439394,
p1_ratio_2p00_common_primary,P1 Ctop/Cbottom=2.00 common-primary proxy,top_primary,interface_4x,T03_P1_CAPACITANCE_RATIO,enabled_symmetric_teaching_top_stack,0.0,0.01,0.0,0.3,top_oxide,0.0009000000000000001,6.025e-06,9.0,60.25,0.14618970172686693,
p1_ratio_2p00_common_primary,P1 Ctop/Cbottom=2.00 common-primary proxy,top_primary,interface_4x,T03_P1_CAPACITANCE_RATIO,enabled_symmetric_teaching_top_stack,0.0,0.01,0.0,0.3,top_oxide,0.0009000000000000001,6.1499999999999996e-06,9.0,61.49999999999999,0.15428498060561127,
p1_ratio_2p00_common_primary,P1 Ctop/Cbottom=2.00 common-primary proxy,top_primary,interface_4x,T03_P1_CAPACITANCE_RATIO,enabled_symmetric_teaching_top_stack,0.0,0.01,0.0,0.3,top_oxide,0.0009000000000000001,6.275e-06,9.0,62.75,0.16238025948082094,
p1_ratio_2p00_common_primary,P1 Ctop/Cbottom=2.00 common-primary proxy,top_primary,interface_4x,T03_P1_CAPACITANCE_RATIO,enabled_symmetric_teaching_top_stack,0.0,0.01,0.0,0.3,top_oxide,0.0009000000000000001,6.4e-06,9.0,64.0,0.17047553835269003,
p1_ratio_2p00_common_primary,P1 Ctop/Cbottom=2.00 common-primary proxy,top_primary,interface_4x,T03_P1_CAPACITANCE_RATIO,enabled_symmetric_teaching_top_stack,0.0,0.01,0.0,0.3,top_oxide,0.0009000000000000001,6.9e-06,9.0,69.0,0.20285665380870552,
p1_ratio_2p00_common_primary,P1 Ctop/Cbottom=2.00 common-primary proxy,top_primary,interface_4x,T03_P1_CAPACITANCE_RATIO,enabled_symmetric_teaching_top_stack,0.0,0.01,0.0,0.3,top_oxide,0.0009000000000000001,7.4e-06,9.0,74.0,0.2352377692268755,
p1_ratio_2p00_common_primary,P1 Ctop/Cbottom=2.00 common-primary proxy,top_primary,interface_4x,T03_P1_CAPACITANCE_RATIO,enabled_symmetric_teaching_top_stack,0.0,0.01,0.0,0.3,top_oxide,0.0009000000000000001,7.9e-06,9.0,79.0,0.2676188846197657,
p1_ratio_2p00_common_primary,P1 Ctop/Cbottom=2.00 common-primary proxy,top_primary,interface_4x,T03_P1_CAPACITANCE_RATIO,enabled_symmetric_teaching_top_stack,0.0,0.01,0.0,0.3,top_oxide,0.0009000000000000001,8.400000000000001e-06,9.0,84.00000000000001,0.3,
p1_ratio_2p00_common_primary,P1 Ctop/Cbottom=2.00 common-primary proxy,top_primary,interface_4x,T03_P1_CAPACITANCE_RATIO,enabled_symmetric_teaching_top_stack,0.0,0.01,0.0,0.3,top_oxide,0.0009249999999999999,5.4e-06,9.25,54.0,0.10588092658602427,
p1_ratio_2p00_common_primary,P1 Ctop/Cbottom=2.00 common-primary proxy,top_primary,interface_4x,T03_P1_CAPACITANCE_RATIO,enabled_symmetric_teaching_top_stack,0.0,0.01,0.0,0.3,top_oxide,0.0009249999999999999,5.525e-06,9.25,55.24999999999999,0.11396922145971966,
p1_ratio_2p00_common_primary,P1 Ctop/Cbottom=2.00 common-primary proxy,top_primary,interface_4x,T03_P1_CAPACITANCE_RATIO,enabled_symmetric_teaching_top_stack,0.0,0.01,0.0,0.3,top_oxide,0.0009249999999999999,5.65e-06,9.25,56.5,0.12205751632210798,
p1_ratio_2p00_common_primary,P1 Ctop/Cbottom=2.00 common-primary proxy,top_primary,interface_4x,T03_P1_CAPACITANCE_RATIO,enabled_symmetric_teaching_top_stack,0.0,0.01,0.0,0.3,top_oxide,0.0009249999999999999,5.775e-06,9.25,57.75,0.13014581117231885,
p1_ratio_2p00_common_primary,P1 Ctop/Cbottom=2.00 common-primary proxy,top_primary,interface_4x,T03_P1_CAPACITANCE_RATIO,enabled_symmetric_teaching_top_stack,0.0,0.01,0.0,0.3,top_oxide,0.0009249999999999999,5.899999999999999e-06,9.25,58.99999999999999,0.13823410600958028,
p1_ratio_2p00_common_primary,P1 Ctop/Cbottom=2.00 common-primary proxy,top_primary,interface_4x,T03_P1_CAPACITANCE_RATIO,enabled_symmetric_teaching_top_stack,0.0,0.01,0.0,0.3,top_oxide,0.0009249999999999999,6.025e-06,9.25,60.25,0.1463224008332326,
p1_ratio_2p00_common_primary,P1 Ctop/Cbottom=2.00 common-primary proxy,top_primary,interface_4x,T03_P1_CAPACITANCE_RATIO,enabled_symmetric_teaching_top_stack,0.0,0.01,0.0,0.3,top_oxide,0.0009249999999999999,6.1499999999999996e-06,9.25,61.49999999999999,0.15441069564274038,
p1_ratio_2p00_common_primary,P1 Ctop/Cbottom=2.00 common-primary proxy,top_primary,interface_4x,T03_P1_CAPACITANCE_RATIO,enabled_symmetric_teaching_top_stack,0.0,0.01,0.0,0.3,top_oxide,0.0009249999999999999,6.275e-06,9.25,62.75,0.16249899043770152,
p1_ratio_2p00_common_primary,P1 Ctop/Cbottom=2.00 common-primary proxy,top_primary,interface_4x,T03_P1_CAPACITANCE_RATIO,enabled_symmetric_teaching_top_stack,0.0,0.01,0.0,0.3,top_oxide,0.0009249999999999999,6.4e-06,9.25,64.0,0.1705872852178542,
p1_ratio_2p00_common_primary,P1 Ctop/Cbottom=2.00 common-primary proxy,top_primary,interface_4x,T03_P1_CAPACITANCE_RATIO,enabled_symmetric_teaching_top_stack,0.0,0.01,0.0,0.3,top_oxide,0.0009249999999999999,6.9e-06,9.25,69.0,0.2029404641892124,
p1_ratio_2p00_common_primary,P1 Ctop/Cbottom=2.00 common-primary proxy,top_primary,interface_4x,T03_P1_CAPACITANCE_RATIO,enabled_symmetric_teaching_top_stack,0.0,0.01,0.0,0.3,top_oxide,0.0009249999999999999,7.4e-06,9.25,74.0,0.23529364293789037,
p1_ratio_2p00_common_primary,P1 Ctop/Cbottom=2.00 common-primary proxy,top_primary,interface_4x,T03_P1_CAPACITANCE_RATIO,enabled_symmetric_teaching_top_stack,0.0,0.01,0.0,0.3,top_oxide,0.0009249999999999999,7.9e-06,9.25,79.0,0.2676468215153604,
p1_ratio_2p00_common_primary,P1 Ctop/Cbottom=2.00 common-primary proxy,top_primary,interface_4x,T03_P1_CAPACITANCE_RATIO,enabled_symmetric_teaching_top_stack,0.0,0.01,0.0,0.3,top_oxide,0.0009249999999999999,8.400000000000001e-06,9.25,84.00000000000001,0.3,
p1_ratio_2p00_common_primary,P1 Ctop/Cbottom=2.00 common-primary proxy,top_primary,interface_4x,T03_P1_CAPACITANCE_RATIO,enabled_symmetric_teaching_top_stack,0.0,0.01,0.0,0.3,top_oxide,0.00095,5.4e-06,9.5,54.0,0.10604896012961955,
p1_ratio_2p00_common_primary,P1 Ctop/Cbottom=2.00 common-primary proxy,top_primary,interface_4x,T03_P1_CAPACITANCE_RATIO,enabled_symmetric_teaching_top_stack,0.0,0.01,0.0,0.3,top_oxide,0.00095,5.525e-06,9.5,55.24999999999999,0.11413030903210171,
p1_ratio_2p00_common_primary,P1 Ctop/Cbottom=2.00 common-primary proxy,top_primary,interface_4x,T03_P1_CAPACITANCE_RATIO,enabled_symmetric_teaching_top_stack,0.0,0.01,0.0,0.3,top_oxide,0.00095,5.65e-06,9.5,56.5,0.12221165467186328,
p1_ratio_2p00_common_primary,P1 Ctop/Cbottom=2.00 common-primary proxy,top_primary,interface_4x,T03_P1_CAPACITANCE_RATIO,enabled_symmetric_teaching_top_stack,0.0,0.01,0.0,0.3,top_oxide,0.00095,5.775e-06,9.5,57.75,0.13029299636547018,
p1_ratio_2p00_common_primary,P1 Ctop/Cbottom=2.00 common-primary proxy,top_primary,interface_4x,T03_P1_CAPACITANCE_RATIO,enabled_symmetric_teaching_top_stack,0.0,0.01,0.0,0.3,top_oxide,0.00095,5.899999999999999e-06,9.5,58.99999999999999,0.13837433353887238,
p1_ratio_2p00_common_primary,P1 Ctop/Cbottom=2.00 common-primary proxy,top_primary,interface_4x,T03_P1_CAPACITANCE_RATIO,enabled_symmetric_teaching_top_stack,0.0,0.01,0.0,0.3,top_oxide,0.00095,6.025e-06,9.5,60.25,0.14645566572231836,
p1_ratio_2p00_common_primary,P1 Ctop/Cbottom=2.00 common-primary proxy,top_primary,interface_4x,T03_P1_CAPACITANCE_RATIO,enabled_symmetric_teaching_top_stack,0.0,0.01,0.0,0.3,top_oxide,0.00095,6.1499999999999996e-06,9.5,61.49999999999999,0.15453699254528533,
p1_ratio_2p00_common_primary,P1 Ctop/Cbottom=2.00 common-primary proxy,top_primary,interface_4x,T03_P1_CAPACITANCE_RATIO,enabled_symmetric_teaching_top_stack,0.0,0.01,0.0,0.3,top_oxide,0.00095,6.275e-06,9.5,62.75,0.16261831373142485,
p1_ratio_2p00_common_primary,P1 Ctop/Cbottom=2.00 common-primary proxy,top_primary,interface_4x,T03_P1_CAPACITANCE_RATIO,enabled_symmetric_teaching_top_stack,0.0,0.01,0.0,0.3,top_oxide,0.00095,6.4e-06,9.5,64.0,0.17069962909352193,
p1_ratio_2p00_common_primary,P1 Ctop/Cbottom=2.00 common-primary proxy,top_primary,interface_4x,T03_P1_CAPACITANCE_RATIO,enabled_symmetric_teaching_top_stack,0.0,0.01,0.0,0.3,top_oxide,0.00095,6.9e-06,9.5,69.0,0.20302483127040225,
p1_ratio_2p00_common_primary,P1 Ctop/Cbottom=2.00 common-primary proxy,top_primary,interface_4x,T03_P1_CAPACITANCE_RATIO,enabled_symmetric_teaching_top_stack,0.0,0.01,0.0,0.3,top_oxide,0.00095,7.4e-06,9.5,74.0,0.23534994466863987,
p1_ratio_2p00_common_primary,P1 Ctop/Cbottom=2.00 common-primary proxy,top_primary,interface_4x,T03_P1_CAPACITANCE_RATIO,enabled_symmetric_teaching_top_stack,0.0,0.01,0.0,0.3,top_oxide,0.00095,7.9e-06,9.5,79.0,0.2676749904871386,
p1_ratio_2p00_common_primary,P1 Ctop/Cbottom=2.00 common-primary proxy,top_primary,interface_4x,T03_P1_CAPACITANCE_RATIO,enabled_symmetric_teaching_top_stack,0.0,0.01,0.0,0.3,top_oxide,0.00095,8.400000000000001e-06,9.5,84.00000000000001,0.3,
p1_ratio_2p00_common_primary,P1 Ctop/Cbottom=2.00 common-primary proxy,top_primary,interface_4x,T03_P1_CAPACITANCE_RATIO,enabled_symmetric_teaching_top_stack,0.0,0.01,0.0,0.3,top_oxide,0.000975,5.4e-06,9.75,54.0,0.10631558571868219,
p1_ratio_2p00_common_primary,P1 Ctop/Cbottom=2.00 common-primary proxy,top_primary,interface_4x,T03_P1_CAPACITANCE_RATIO,enabled_symmetric_teaching_top_stack,0.0,0.01,0.0,0.3,top_oxide,0.000975,5.525e-06,9.75,55.24999999999999,0.11442190543054857,
p1_ratio_2p00_common_primary,P1 Ctop/Cbottom=2.00 common-primary proxy,top_primary,interface_4x,T03_P1_CAPACITANCE_RATIO,enabled_symmetric_teaching_top_stack,0.0,0.01,0.0,0.3,top_oxide,0.000975,5.65e-06,9.75,56.5,0.12252363920543162,
p1_ratio_2p00_common_primary,P1 Ctop/Cbottom=2.00 common-primary proxy,top_primary,interface_4x,T03_P1_CAPACITANCE_RATIO,enabled_symmetric_teaching_top_stack,0.0,0.01,0.0,0.3,top_oxide,0.000975,5.775e-06,9.75,57.75,0.1306209897468235,
p1_ratio_2p00_common_primary,P1 Ctop/Cbottom=2.00 common-primary proxy,top_primary,interface_4x,T03_P1_CAPACITANCE_RATIO,enabled_symmetric_teaching_top_stack,0.0,0.01,0.0,0.3,top_oxide,0.000975,5.899999999999999e-06,9.75,58.99999999999999,0.13871415931960188,
p1_ratio_2p00_common_primary,P1 Ctop/Cbottom=2.00 common-primary proxy,top_primary,interface_4x,T03_P1_CAPACITANCE_RATIO,enabled_symmetric_teaching_top_stack,0.0,0.01,0.0,0.3,top_oxide,0.000975,6.025e-06,9.75,60.25,0.14680334977025059,
p1_ratio_2p00_common_primary,P1 Ctop/Cbottom=2.00 common-primary proxy,top_primary,interface_4x,T03_P1_CAPACITANCE_RATIO,enabled_symmetric_teaching_top_stack,0.0,0.01,0.0,0.3,top_oxide,0.000975,6.1499999999999996e-06,9.75,61.49999999999999,0.15488876254704095,
p1_ratio_2p00_common_primary,P1 Ctop/Cbottom=2.00 common-primary proxy,top_primary,interface_4x,T03_P1_CAPACITANCE_RATIO,enabled_symmetric_teaching_top_stack,0.0,0.01,0.0,0.3,top_oxide,0.000975,6.275e-06,9.75,62.75,0.16297059872017672,
p1_ratio_2p00_common_primary,P1 Ctop/Cbottom=2.00 common-primary proxy,top_primary,interface_4x,T03_P1_CAPACITANCE_RATIO,enabled_symmetric_teaching_top_stack,0.0,0.01,0.0,0.3,top_oxide,0.000975,6.4e-06,9.75,64.0,0.17104905900190207,
p1_ratio_2p00_common_primary,P1 Ctop/Cbottom=2.00 common-primary proxy,top_primary,interface_4x,T03_P1_CAPACITANCE_RATIO,enabled_symmetric_teaching_top_stack,0.0,0.01,0.0,0.3,top_oxide,0.000975,6.9e-06,9.75,69.0,0.20333114495830504,
p1_ratio_2p00_common_primary,P1 Ctop/Cbottom=2.00 common-primary proxy,top_primary,interface_4x,T03_P1_CAPACITANCE_RATIO,enabled_symmetric_teaching_top_stack,0.0,0.01,0.0,0.3,top_oxide,0.000975,7.4e-06,9.75,74.0,0.2355751957465308,
p1_ratio_2p00_common_primary,P1 Ctop/Cbottom=2.00 common-primary proxy,top_primary,interface_4x,T03_P1_CAPACITANCE_RATIO,enabled_symmetric_teaching_top_stack,0.0,0.01,0.0,0.3,top_oxide,0.000975,7.9e-06,9.75,79.0,0.2677939235524217,
p1_ratio_2p00_common_primary,P1 Ctop/Cbottom=2.00 common-primary proxy,top_primary,interface_4x,T03_P1_CAPACITANCE_RATIO,enabled_symmetric_teaching_top_stack,0.0,0.01,0.0,0.3,top_oxide,0.000975,8.400000000000001e-06,9.75,84.00000000000001,0.3,
p1_ratio_2p00_common_primary,P1 Ctop/Cbottom=2.00 common-primary proxy,top_primary,interface_4x,T03_P1_CAPACITANCE_RATIO,enabled_symmetric_teaching_top_stack,0.0,0.01,0.0,0.3,top_oxide,0.001,5.4e-06,10.0,54.0,0.2981461853996309,
p1_ratio_2p00_common_primary,P1 Ctop/Cbottom=2.00 common-primary proxy,top_primary,interface_4x,T03_P1_CAPACITANCE_RATIO,enabled_symmetric_teaching_top_stack,0.0,0.01,0.0,0.3,top_oxide,0.001,5.525e-06,10.0,55.24999999999999,0.29815098116462296,
p1_ratio_2p00_common_primary,P1 Ctop/Cbottom=2.00 common-primary proxy,top_primary,interface_4x,T03_P1_CAPACITANCE_RATIO,enabled_symmetric_teaching_top_stack,0.0,0.01,0.0,0.3,top_oxide,0.001,5.65e-06,10.0,56.5,0.29816496338340165,
p1_ratio_2p00_common_primary,P1 Ctop/Cbottom=2.00 common-primary proxy,top_primary,interface_4x,T03_P1_CAPACITANCE_RATIO,enabled_symmetric_teaching_top_stack,0.0,0.01,0.0,0.3,top_oxide,0.001,5.775e-06,10.0,57.75,0.2981877276683893,
p1_ratio_2p00_common_primary,P1 Ctop/Cbottom=2.00 common-primary proxy,top_primary,interface_4x,T03_P1_CAPACITANCE_RATIO,enabled_symmetric_teaching_top_stack,0.0,0.01,0.0,0.3,top_oxide,0.001,5.899999999999999e-06,10.0,58.99999999999999,0.298218870290273,
p1_ratio_2p00_common_primary,P1 Ctop/Cbottom=2.00 common-primary proxy,top_primary,interface_4x,T03_P1_CAPACITANCE_RATIO,enabled_symmetric_teaching_top_stack,0.0,0.01,0.0,0.3,top_oxide,0.001,6.025e-06,10.0,60.25,0.2982579881477052,
p1_ratio_2p00_common_primary,P1 Ctop/Cbottom=2.00 common-primary proxy,top_primary,interface_4x,T03_P1_CAPACITANCE_RATIO,enabled_symmetric_teaching_top_stack,0.0,0.01,0.0,0.3,top_oxide,0.001,6.1499999999999996e-06,10.0,61.49999999999999,0.29830467873705635,
p1_ratio_2p00_common_primary,P1 Ctop/Cbottom=2.00 common-primary proxy,top_primary,interface_4x,T03_P1_CAPACITANCE_RATIO,enabled_symmetric_teaching_top_stack,0.0,0.01,0.0,0.3,top_oxide,0.001,6.275e-06,10.0,62.75,0.29835854012221696,
p1_ratio_2p00_common_primary,P1 Ctop/Cbottom=2.00 common-primary proxy,top_primary,interface_4x,T03_P1_CAPACITANCE_RATIO,enabled_symmetric_teaching_top_stack,0.0,0.01,0.0,0.3,top_oxide,0.001,6.4e-06,10.0,64.0,0.2984191709044477,
p1_ratio_2p00_common_primary,P1 Ctop/Cbottom=2.00 common-primary proxy,top_primary,interface_4x,T03_P1_CAPACITANCE_RATIO,enabled_symmetric_teaching_top_stack,0.0,0.01,0.0,0.3,top_oxide,0.001,6.9e-06,10.0,69.0,0.2987253790893218,
p1_ratio_2p00_common_primary,P1 Ctop/Cbottom=2.00 common-primary proxy,top_primary,interface_4x,T03_P1_CAPACITANCE_RATIO,enabled_symmetric_teaching_top_stack,0.0,0.01,0.0,0.3,top_oxide,0.001,7.4e-06,10.0,74.0,0.2991079026615007,
p1_ratio_2p00_common_primary,P1 Ctop/Cbottom=2.00 common-primary proxy,top_primary,interface_4x,T03_P1_CAPACITANCE_RATIO,enabled_symmetric_teaching_top_stack,0.0,0.01,0.0,0.3,top_oxide,0.001,7.9e-06,10.0,79.0,0.29954125239921164,
p1_ratio_2p00_common_primary,P1 Ctop/Cbottom=2.00 common-primary proxy,top_primary,interface_4x,T03_P1_CAPACITANCE_RATIO,enabled_symmetric_teaching_top_stack,0.0,0.01,0.0,0.3,top_oxide,0.001,8.400000000000001e-06,10.0,84.00000000000001,0.3,
