state_id,state_label,source_family,mesh_level,stage_id,mode_id,source_v,drain_v,vbg_v,vtg_v,region,x_cm,y_cm,x_um,y_nm,potential_v,electron_density_cm3
p2_bulk_nta_1e18_common_primary,NTA 1e18 common-primary state,top_primary,interface_4x,T03_P2_BULK_TRAPS_FORMAL,enabled_symmetric_teaching_top_stack,0.0,0.01,0.0,0.3,bottom_oxide,0.0,0.0,0.0,0.0,0.0,
p2_bulk_nta_1e18_common_primary,NTA 1e18 common-primary state,top_primary,interface_4x,T03_P2_BULK_TRAPS_FORMAL,enabled_symmetric_teaching_top_stack,0.0,0.01,0.0,0.3,bottom_oxide,0.0,5.000000000000001e-07,0.0,5.000000000000001,7.857667925015669e-05,
p2_bulk_nta_1e18_common_primary,NTA 1e18 common-primary state,top_primary,interface_4x,T03_P2_BULK_TRAPS_FORMAL,enabled_symmetric_teaching_top_stack,0.0,0.01,0.0,0.3,bottom_oxide,2.5e-05,0.0,0.25,0.0,0.0,
p2_bulk_nta_1e18_common_primary,NTA 1e18 common-primary state,top_primary,interface_4x,T03_P2_BULK_TRAPS_FORMAL,enabled_symmetric_teaching_top_stack,0.0,0.01,0.0,0.3,bottom_oxide,2.5e-05,5.000000000000001e-07,0.25,5.000000000000001,0.005516460676501284,
p2_bulk_nta_1e18_common_primary,NTA 1e18 common-primary state,top_primary,interface_4x,T03_P2_BULK_TRAPS_FORMAL,enabled_symmetric_teaching_top_stack,0.0,0.01,0.0,0.3,bottom_oxide,0.0,1.0000000000000002e-06,0.0,10.000000000000002,0.0001528030513025125,
p2_bulk_nta_1e18_common_primary,NTA 1e18 common-primary state,top_primary,interface_4x,T03_P2_BULK_TRAPS_FORMAL,enabled_symmetric_teaching_top_stack,0.0,0.01,0.0,0.3,bottom_oxide,2.5e-05,1.0000000000000002e-06,0.25,10.000000000000002,0.011035075849141493,
p2_bulk_nta_1e18_common_primary,NTA 1e18 common-primary state,top_primary,interface_4x,T03_P2_BULK_TRAPS_FORMAL,enabled_symmetric_teaching_top_stack,0.0,0.01,0.0,0.3,bottom_oxide,0.0,1.5000000000000002e-06,0.0,15.000000000000002,0.00021832360511659708,
p2_bulk_nta_1e18_common_primary,NTA 1e18 common-primary state,top_primary,interface_4x,T03_P2_BULK_TRAPS_FORMAL,enabled_symmetric_teaching_top_stack,0.0,0.01,0.0,0.3,bottom_oxide,2.5e-05,1.5000000000000002e-06,0.25,15.000000000000002,0.016558003473408044,
p2_bulk_nta_1e18_common_primary,NTA 1e18 common-primary state,top_primary,interface_4x,T03_P2_BULK_TRAPS_FORMAL,enabled_symmetric_teaching_top_stack,0.0,0.01,0.0,0.3,bottom_oxide,0.0,2.0000000000000003e-06,0.0,20.000000000000004,0.0002707724150360485,
p2_bulk_nta_1e18_common_primary,NTA 1e18 common-primary state,top_primary,interface_4x,T03_P2_BULK_TRAPS_FORMAL,enabled_symmetric_teaching_top_stack,0.0,0.01,0.0,0.3,bottom_oxide,2.5e-05,2.0000000000000003e-06,0.25,20.000000000000004,0.022087408428675574,
p2_bulk_nta_1e18_common_primary,NTA 1e18 common-primary state,top_primary,interface_4x,T03_P2_BULK_TRAPS_FORMAL,enabled_symmetric_teaching_top_stack,0.0,0.01,0.0,0.3,bottom_oxide,0.0,2.1250000000000004e-06,0.0,21.250000000000004,0.00028115753801420646,
p2_bulk_nta_1e18_common_primary,NTA 1e18 common-primary state,top_primary,interface_4x,T03_P2_BULK_TRAPS_FORMAL,enabled_symmetric_teaching_top_stack,0.0,0.01,0.0,0.3,bottom_oxide,2.5e-05,2.1250000000000004e-06,0.25,21.250000000000004,0.023471111637678368,
p2_bulk_nta_1e18_common_primary,NTA 1e18 common-primary state,top_primary,interface_4x,T03_P2_BULK_TRAPS_FORMAL,enabled_symmetric_teaching_top_stack,0.0,0.01,0.0,0.3,bottom_oxide,0.0,2.2500000000000005e-06,0.0,22.500000000000004,0.0002903831632873812,
p2_bulk_nta_1e18_common_primary,NTA 1e18 common-primary state,top_primary,interface_4x,T03_P2_BULK_TRAPS_FORMAL,enabled_symmetric_teaching_top_stack,0.0,0.01,0.0,0.3,bottom_oxide,2.5e-05,2.2500000000000005e-06,0.25,22.500000000000004,0.02485538975911534,
p2_bulk_nta_1e18_common_primary,NTA 1e18 common-primary state,top_primary,interface_4x,T03_P2_BULK_TRAPS_FORMAL,enabled_symmetric_teaching_top_stack,0.0,0.01,0.0,0.3,bottom_oxide,0.0,2.375e-06,0.0,23.75,0.0002983805382307645,
p2_bulk_nta_1e18_common_primary,NTA 1e18 common-primary state,top_primary,interface_4x,T03_P2_BULK_TRAPS_FORMAL,enabled_symmetric_teaching_top_stack,0.0,0.01,0.0,0.3,bottom_oxide,2.5e-05,2.375e-06,0.25,23.75,0.026240276975022982,
p2_bulk_nta_1e18_common_primary,NTA 1e18 common-primary state,top_primary,interface_4x,T03_P2_BULK_TRAPS_FORMAL,enabled_symmetric_teaching_top_stack,0.0,0.01,0.0,0.3,bottom_oxide,0.0,2.5e-06,0.0,25.000000000000004,0.00030508081835230817,
p2_bulk_nta_1e18_common_primary,NTA 1e18 common-primary state,top_primary,interface_4x,T03_P2_BULK_TRAPS_FORMAL,enabled_symmetric_teaching_top_stack,0.0,0.01,0.0,0.3,bottom_oxide,2.5e-05,2.5e-06,0.25,25.000000000000004,0.027625807528541338,
p2_bulk_nta_1e18_common_primary,NTA 1e18 common-primary state,top_primary,interface_4x,T03_P2_BULK_TRAPS_FORMAL,enabled_symmetric_teaching_top_stack,0.0,0.01,0.0,0.3,bottom_oxide,0.0,2.6250000000000003e-06,0.0,26.250000000000004,0.0003104150621383424,
p2_bulk_nta_1e18_common_primary,NTA 1e18 common-primary state,top_primary,interface_4x,T03_P2_BULK_TRAPS_FORMAL,enabled_symmetric_teaching_top_stack,0.0,0.01,0.0,0.3,bottom_oxide,2.5e-05,2.6250000000000003e-06,0.25,26.250000000000004,0.029012015727346532,
p2_bulk_nta_1e18_common_primary,NTA 1e18 common-primary state,top_primary,interface_4x,T03_P2_BULK_TRAPS_FORMAL,enabled_symmetric_teaching_top_stack,0.0,0.01,0.0,0.3,bottom_oxide,0.0,2.75e-06,0.0,27.5,0.00031431422589111625,
p2_bulk_nta_1e18_common_primary,NTA 1e18 common-primary state,top_primary,interface_4x,T03_P2_BULK_TRAPS_FORMAL,enabled_symmetric_teaching_top_stack,0.0,0.01,0.0,0.3,bottom_oxide,2.5e-05,2.75e-06,0.25,27.5,0.03039893594708944,
p2_bulk_nta_1e18_common_primary,NTA 1e18 common-primary state,top_primary,interface_4x,T03_P2_BULK_TRAPS_FORMAL,enabled_symmetric_teaching_top_stack,0.0,0.01,0.0,0.3,bottom_oxide,0.0,2.875e-06,0.0,28.75,0.0003167091585578302,
p2_bulk_nta_1e18_common_primary,NTA 1e18 common-primary state,top_primary,interface_4x,T03_P2_BULK_TRAPS_FORMAL,enabled_symmetric_teaching_top_stack,0.0,0.01,0.0,0.3,bottom_oxide,2.5e-05,2.875e-06,0.25,28.75,0.03178660263484067,
p2_bulk_nta_1e18_common_primary,NTA 1e18 common-primary state,top_primary,interface_4x,T03_P2_BULK_TRAPS_FORMAL,enabled_symmetric_teaching_top_stack,0.0,0.01,0.0,0.3,bottom_oxide,0.0,3e-06,0.0,30.0,0.00031753059655073,
p2_bulk_nta_1e18_common_primary,NTA 1e18 common-primary state,top_primary,interface_4x,T03_P2_BULK_TRAPS_FORMAL,enabled_symmetric_teaching_top_stack,0.0,0.01,0.0,0.3,bottom_oxide,2.5e-05,3e-06,0.25,30.0,0.03317505031254227,
p2_bulk_nta_1e18_common_primary,NTA 1e18 common-primary state,top_primary,interface_4x,T03_P2_BULK_TRAPS_FORMAL,enabled_symmetric_teaching_top_stack,0.0,0.01,0.0,0.3,bottom_oxide,5e-05,0.0,0.5,0.0,0.0,
p2_bulk_nta_1e18_common_primary,NTA 1e18 common-primary state,top_primary,interface_4x,T03_P2_BULK_TRAPS_FORMAL,enabled_symmetric_teaching_top_stack,0.0,0.01,0.0,0.3,bottom_oxide,5e-05,5.000000000000001e-07,0.5,5.000000000000001,0.005568104326441585,
p2_bulk_nta_1e18_common_primary,NTA 1e18 common-primary state,top_primary,interface_4x,T03_P2_BULK_TRAPS_FORMAL,enabled_symmetric_teaching_top_stack,0.0,0.01,0.0,0.3,bottom_oxide,5e-05,1.0000000000000002e-06,0.5,10.000000000000002,0.011136219581128898,
p2_bulk_nta_1e18_common_primary,NTA 1e18 common-primary state,top_primary,interface_4x,T03_P2_BULK_TRAPS_FORMAL,enabled_symmetric_teaching_top_stack,0.0,0.01,0.0,0.3,bottom_oxide,5e-05,1.5000000000000002e-06,0.5,15.000000000000002,0.01670435583924295,
p2_bulk_nta_1e18_common_primary,NTA 1e18 common-primary state,top_primary,interface_4x,T03_P2_BULK_TRAPS_FORMAL,enabled_symmetric_teaching_top_stack,0.0,0.01,0.0,0.3,bottom_oxide,5e-05,2.0000000000000003e-06,0.5,20.000000000000004,0.022272521467770878,
p2_bulk_nta_1e18_common_primary,NTA 1e18 common-primary state,top_primary,interface_4x,T03_P2_BULK_TRAPS_FORMAL,enabled_symmetric_teaching_top_stack,0.0,0.01,0.0,0.3,bottom_oxide,5e-05,2.1250000000000004e-06,0.5,21.250000000000004,0.023664568370206796,
p2_bulk_nta_1e18_common_primary,NTA 1e18 common-primary state,top_primary,interface_4x,T03_P2_BULK_TRAPS_FORMAL,enabled_symmetric_teaching_top_stack,0.0,0.01,0.0,0.3,bottom_oxide,5e-05,2.2500000000000005e-06,0.5,22.500000000000004,0.025056617527857296,
p2_bulk_nta_1e18_common_primary,NTA 1e18 common-primary state,top_primary,interface_4x,T03_P2_BULK_TRAPS_FORMAL,enabled_symmetric_teaching_top_stack,0.0,0.01,0.0,0.3,bottom_oxide,5e-05,2.375e-06,0.5,23.75,0.02644866898355525,
p2_bulk_nta_1e18_common_primary,NTA 1e18 common-primary state,top_primary,interface_4x,T03_P2_BULK_TRAPS_FORMAL,enabled_symmetric_teaching_top_stack,0.0,0.01,0.0,0.3,bottom_oxide,5e-05,2.5e-06,0.5,25.000000000000004,0.027840722765021034,
p2_bulk_nta_1e18_common_primary,NTA 1e18 common-primary state,top_primary,interface_4x,T03_P2_BULK_TRAPS_FORMAL,enabled_symmetric_teaching_top_stack,0.0,0.01,0.0,0.3,bottom_oxide,5e-05,2.6250000000000003e-06,0.5,26.250000000000004,0.02923277888400779,
p2_bulk_nta_1e18_common_primary,NTA 1e18 common-primary state,top_primary,interface_4x,T03_P2_BULK_TRAPS_FORMAL,enabled_symmetric_teaching_top_stack,0.0,0.01,0.0,0.3,bottom_oxide,5e-05,2.75e-06,0.5,27.5,0.030624837335444372,
p2_bulk_nta_1e18_common_primary,NTA 1e18 common-primary state,top_primary,interface_4x,T03_P2_BULK_TRAPS_FORMAL,enabled_symmetric_teaching_top_stack,0.0,0.01,0.0,0.3,bottom_oxide,5e-05,2.875e-06,0.5,28.75,0.032016898096575694,
p2_bulk_nta_1e18_common_primary,NTA 1e18 common-primary state,top_primary,interface_4x,T03_P2_BULK_TRAPS_FORMAL,enabled_symmetric_teaching_top_stack,0.0,0.01,0.0,0.3,bottom_oxide,5e-05,3e-06,0.5,30.0,0.033408961126100416,
p2_bulk_nta_1e18_common_primary,NTA 1e18 common-primary state,top_primary,interface_4x,T03_P2_BULK_TRAPS_FORMAL,enabled_symmetric_teaching_top_stack,0.0,0.01,0.0,0.3,bottom_oxide,7.500000000000001e-05,0.0,0.7500000000000001,0.0,0.0,
p2_bulk_nta_1e18_common_primary,NTA 1e18 common-primary state,top_primary,interface_4x,T03_P2_BULK_TRAPS_FORMAL,enabled_symmetric_teaching_top_stack,0.0,0.01,0.0,0.3,bottom_oxide,7.500000000000001e-05,5.000000000000001e-07,0.7500000000000001,5.000000000000001,0.00559242736206328,
p2_bulk_nta_1e18_common_primary,NTA 1e18 common-primary state,top_primary,interface_4x,T03_P2_BULK_TRAPS_FORMAL,enabled_symmetric_teaching_top_stack,0.0,0.01,0.0,0.3,bottom_oxide,7.500000000000001e-05,1.0000000000000002e-06,0.7500000000000001,10.000000000000002,0.011184854746264308,
p2_bulk_nta_1e18_common_primary,NTA 1e18 common-primary state,top_primary,interface_4x,T03_P2_BULK_TRAPS_FORMAL,enabled_symmetric_teaching_top_stack,0.0,0.01,0.0,0.3,bottom_oxide,7.500000000000001e-05,1.5000000000000002e-06,0.7500000000000001,15.000000000000002,0.016777282170392507,
p2_bulk_nta_1e18_common_primary,NTA 1e18 common-primary state,top_primary,interface_4x,T03_P2_BULK_TRAPS_FORMAL,enabled_symmetric_teaching_top_stack,0.0,0.01,0.0,0.3,bottom_oxide,7.500000000000001e-05,2.0000000000000003e-06,0.7500000000000001,20.000000000000004,0.02236970964387838,
p2_bulk_nta_1e18_common_primary,NTA 1e18 common-primary state,top_primary,interface_4x,T03_P2_BULK_TRAPS_FORMAL,enabled_symmetric_teaching_top_stack,0.0,0.01,0.0,0.3,bottom_oxide,7.500000000000001e-05,2.1250000000000004e-06,0.7500000000000001,21.250000000000004,0.02376781651960849,
p2_bulk_nta_1e18_common_primary,NTA 1e18 common-primary state,top_primary,interface_4x,T03_P2_BULK_TRAPS_FORMAL,enabled_symmetric_teaching_top_stack,0.0,0.01,0.0,0.3,bottom_oxide,7.500000000000001e-05,2.2500000000000005e-06,0.7500000000000001,22.500000000000004,0.025165923398109892,
p2_bulk_nta_1e18_common_primary,NTA 1e18 common-primary state,top_primary,interface_4x,T03_P2_BULK_TRAPS_FORMAL,enabled_symmetric_teaching_top_stack,0.0,0.01,0.0,0.3,bottom_oxide,7.500000000000001e-05,2.375e-06,0.7500000000000001,23.75,0.02656403027915428,
p2_bulk_nta_1e18_common_primary,NTA 1e18 common-primary state,top_primary,interface_4x,T03_P2_BULK_TRAPS_FORMAL,enabled_symmetric_teaching_top_stack,0.0,0.01,0.0,0.3,bottom_oxide,7.500000000000001e-05,2.5e-06,0.7500000000000001,25.000000000000004,0.02796213716245611,
p2_bulk_nta_1e18_common_primary,NTA 1e18 common-primary state,top_primary,interface_4x,T03_P2_BULK_TRAPS_FORMAL,enabled_symmetric_teaching_top_stack,0.0,0.01,0.0,0.3,bottom_oxide,7.500000000000001e-05,2.6250000000000003e-06,0.7500000000000001,26.250000000000004,0.029360244047671902,
p2_bulk_nta_1e18_common_primary,NTA 1e18 common-primary state,top_primary,interface_4x,T03_P2_BULK_TRAPS_FORMAL,enabled_symmetric_teaching_top_stack,0.0,0.01,0.0,0.3,bottom_oxide,7.500000000000001e-05,2.75e-06,0.7500000000000001,27.5,0.030758350934399933,
p2_bulk_nta_1e18_common_primary,NTA 1e18 common-primary state,top_primary,interface_4x,T03_P2_BULK_TRAPS_FORMAL,enabled_symmetric_teaching_top_stack,0.0,0.01,0.0,0.3,bottom_oxide,7.500000000000001e-05,2.875e-06,0.7500000000000001,28.75,0.03215645782218037,
p2_bulk_nta_1e18_common_primary,NTA 1e18 common-primary state,top_primary,interface_4x,T03_P2_BULK_TRAPS_FORMAL,enabled_symmetric_teaching_top_stack,0.0,0.01,0.0,0.3,bottom_oxide,7.500000000000001e-05,3e-06,0.7500000000000001,30.0,0.033554564710495796,
p2_bulk_nta_1e18_common_primary,NTA 1e18 common-primary state,top_primary,interface_4x,T03_P2_BULK_TRAPS_FORMAL,enabled_symmetric_teaching_top_stack,0.0,0.01,0.0,0.3,bottom_oxide,0.0001,0.0,1.0,0.0,0.0,
p2_bulk_nta_1e18_common_primary,NTA 1e18 common-primary state,top_primary,interface_4x,T03_P2_BULK_TRAPS_FORMAL,enabled_symmetric_teaching_top_stack,0.0,0.01,0.0,0.3,bottom_oxide,0.0001,5.000000000000001e-07,1.0,5.000000000000001,0.00561669505331056,
p2_bulk_nta_1e18_common_primary,NTA 1e18 common-primary state,top_primary,interface_4x,T03_P2_BULK_TRAPS_FORMAL,enabled_symmetric_teaching_top_stack,0.0,0.01,0.0,0.3,bottom_oxide,0.0001,1.0000000000000002e-06,1.0,10.000000000000002,0.011233390093480506,
p2_bulk_nta_1e18_common_primary,NTA 1e18 common-primary state,top_primary,interface_4x,T03_P2_BULK_TRAPS_FORMAL,enabled_symmetric_teaching_top_stack,0.0,0.01,0.0,0.3,bottom_oxide,0.0001,1.5000000000000002e-06,1.0,15.000000000000002,0.016850085107355174,
p2_bulk_nta_1e18_common_primary,NTA 1e18 common-primary state,top_primary,interface_4x,T03_P2_BULK_TRAPS_FORMAL,enabled_symmetric_teaching_top_stack,0.0,0.01,0.0,0.3,bottom_oxide,0.0001,2.0000000000000003e-06,1.0,20.000000000000004,0.022466780081753523,
p2_bulk_nta_1e18_common_primary,NTA 1e18 common-primary state,top_primary,interface_4x,T03_P2_BULK_TRAPS_FORMAL,enabled_symmetric_teaching_top_stack,0.0,0.01,0.0,0.3,bottom_oxide,0.0001,2.1250000000000004e-06,1.0,21.250000000000004,0.023870953817119872,
p2_bulk_nta_1e18_common_primary,NTA 1e18 common-primary state,top_primary,interface_4x,T03_P2_BULK_TRAPS_FORMAL,enabled_symmetric_teaching_top_stack,0.0,0.01,0.0,0.3,bottom_oxide,0.0001,2.2500000000000005e-06,1.0,22.500000000000004,0.025275127548986028,
p2_bulk_nta_1e18_common_primary,NTA 1e18 common-primary state,top_primary,interface_4x,T03_P2_BULK_TRAPS_FORMAL,enabled_symmetric_teaching_top_stack,0.0,0.01,0.0,0.3,bottom_oxide,0.0001,2.375e-06,1.0,23.75,0.02667930127714494,
p2_bulk_nta_1e18_common_primary,NTA 1e18 common-primary state,top_primary,interface_4x,T03_P2_BULK_TRAPS_FORMAL,enabled_symmetric_teaching_top_stack,0.0,0.01,0.0,0.3,bottom_oxide,0.0001,2.5e-06,1.0,25.000000000000004,0.028083475001389413,
p2_bulk_nta_1e18_common_primary,NTA 1e18 common-primary state,top_primary,interface_4x,T03_P2_BULK_TRAPS_FORMAL,enabled_symmetric_teaching_top_stack,0.0,0.01,0.0,0.3,bottom_oxide,0.0001,2.6250000000000003e-06,1.0,26.250000000000004,0.02948764872151208,
p2_bulk_nta_1e18_common_primary,NTA 1e18 common-primary state,top_primary,interface_4x,T03_P2_BULK_TRAPS_FORMAL,enabled_symmetric_teaching_top_stack,0.0,0.01,0.0,0.3,bottom_oxide,0.0001,2.75e-06,1.0,27.5,0.030891822437305427,
p2_bulk_nta_1e18_common_primary,NTA 1e18 common-primary state,top_primary,interface_4x,T03_P2_BULK_TRAPS_FORMAL,enabled_symmetric_teaching_top_stack,0.0,0.01,0.0,0.3,bottom_oxide,0.0001,2.875e-06,1.0,28.75,0.03229599614856181,
p2_bulk_nta_1e18_common_primary,NTA 1e18 common-primary state,top_primary,interface_4x,T03_P2_BULK_TRAPS_FORMAL,enabled_symmetric_teaching_top_stack,0.0,0.01,0.0,0.3,bottom_oxide,0.0001,3e-06,1.0,30.0,0.033700169855073424,
p2_bulk_nta_1e18_common_primary,NTA 1e18 common-primary state,top_primary,interface_4x,T03_P2_BULK_TRAPS_FORMAL,enabled_symmetric_teaching_top_stack,0.0,0.01,0.0,0.3,bottom_oxide,0.000125,0.0,1.25,0.0,0.0,
p2_bulk_nta_1e18_common_primary,NTA 1e18 common-primary state,top_primary,interface_4x,T03_P2_BULK_TRAPS_FORMAL,enabled_symmetric_teaching_top_stack,0.0,0.01,0.0,0.3,bottom_oxide,0.000125,5.000000000000001e-07,1.25,5.000000000000001,0.005640995596093394,
p2_bulk_nta_1e18_common_primary,NTA 1e18 common-primary state,top_primary,interface_4x,T03_P2_BULK_TRAPS_FORMAL,enabled_symmetric_teaching_top_stack,0.0,0.01,0.0,0.3,bottom_oxide,0.000125,1.0000000000000002e-06,1.25,10.000000000000002,0.0112819911788949,
p2_bulk_nta_1e18_common_primary,NTA 1e18 common-primary state,top_primary,interface_4x,T03_P2_BULK_TRAPS_FORMAL,enabled_symmetric_teaching_top_stack,0.0,0.01,0.0,0.3,bottom_oxide,0.000125,1.5000000000000002e-06,1.25,15.000000000000002,0.016922986735112593,
p2_bulk_nta_1e18_common_primary,NTA 1e18 common-primary state,top_primary,interface_4x,T03_P2_BULK_TRAPS_FORMAL,enabled_symmetric_teaching_top_stack,0.0,0.01,0.0,0.3,bottom_oxide,0.000125,2.0000000000000003e-06,1.25,20.000000000000004,0.02256398225145448,
p2_bulk_nta_1e18_common_primary,NTA 1e18 common-primary state,top_primary,interface_4x,T03_P2_BULK_TRAPS_FORMAL,enabled_symmetric_teaching_top_stack,0.0,0.01,0.0,0.3,bottom_oxide,0.000125,2.1250000000000004e-06,1.25,21.250000000000004,0.02397423112223247,
p2_bulk_nta_1e18_common_primary,NTA 1e18 common-primary state,top_primary,interface_4x,T03_P2_BULK_TRAPS_FORMAL,enabled_symmetric_teaching_top_stack,0.0,0.01,0.0,0.3,bottom_oxide,0.000125,2.2500000000000005e-06,1.25,22.500000000000004,0.025384479989479774,
p2_bulk_nta_1e18_common_primary,NTA 1e18 common-primary state,top_primary,interface_4x,T03_P2_BULK_TRAPS_FORMAL,enabled_symmetric_teaching_top_stack,0.0,0.01,0.0,0.3,bottom_oxide,0.000125,2.375e-06,1.25,23.75,0.0267947288529887,
p2_bulk_nta_1e18_common_primary,NTA 1e18 common-primary state,top_primary,interface_4x,T03_P2_BULK_TRAPS_FORMAL,enabled_symmetric_teaching_top_stack,0.0,0.01,0.0,0.3,bottom_oxide,0.000125,2.5e-06,1.25,25.000000000000004,0.02820497771255157,
p2_bulk_nta_1e18_common_primary,NTA 1e18 common-primary state,top_primary,interface_4x,T03_P2_BULK_TRAPS_FORMAL,enabled_symmetric_teaching_top_stack,0.0,0.01,0.0,0.3,bottom_oxide,0.000125,2.6250000000000003e-06,1.25,26.250000000000004,0.02961522656796068,
p2_bulk_nta_1e18_common_primary,NTA 1e18 common-primary state,top_primary,interface_4x,T03_P2_BULK_TRAPS_FORMAL,enabled_symmetric_teaching_top_stack,0.0,0.01,0.0,0.3,bottom_oxide,0.000125,2.75e-06,1.25,27.5,0.031025475419008342,
p2_bulk_nta_1e18_common_primary,NTA 1e18 common-primary state,top_primary,interface_4x,T03_P2_BULK_TRAPS_FORMAL,enabled_symmetric_teaching_top_stack,0.0,0.01,0.0,0.3,bottom_oxide,0.000125,2.875e-06,1.25,28.75,0.03243572426548687,
p2_bulk_nta_1e18_common_primary,NTA 1e18 common-primary state,top_primary,interface_4x,T03_P2_BULK_TRAPS_FORMAL,enabled_symmetric_teaching_top_stack,0.0,0.01,0.0,0.3,bottom_oxide,0.000125,3e-06,1.25,30.0,0.033845973107188565,
p2_bulk_nta_1e18_common_primary,NTA 1e18 common-primary state,top_primary,interface_4x,T03_P2_BULK_TRAPS_FORMAL,enabled_symmetric_teaching_top_stack,0.0,0.01,0.0,0.3,bottom_oxide,0.00015000000000000001,0.0,1.5000000000000002,0.0,0.0,
p2_bulk_nta_1e18_common_primary,NTA 1e18 common-primary state,top_primary,interface_4x,T03_P2_BULK_TRAPS_FORMAL,enabled_symmetric_teaching_top_stack,0.0,0.01,0.0,0.3,bottom_oxide,0.00015000000000000001,5.000000000000001e-07,1.5000000000000002,5.000000000000001,0.0056653293685936445,
p2_bulk_nta_1e18_common_primary,NTA 1e18 common-primary state,top_primary,interface_4x,T03_P2_BULK_TRAPS_FORMAL,enabled_symmetric_teaching_top_stack,0.0,0.01,0.0,0.3,bottom_oxide,0.00015000000000000001,1.0000000000000002e-06,1.5000000000000002,10.000000000000002,0.01133065872383936,
p2_bulk_nta_1e18_common_primary,NTA 1e18 common-primary state,top_primary,interface_4x,T03_P2_BULK_TRAPS_FORMAL,enabled_symmetric_teaching_top_stack,0.0,0.01,0.0,0.3,bottom_oxide,0.00015000000000000001,1.5000000000000002e-06,1.5000000000000002,15.000000000000002,0.01699598805238922,
p2_bulk_nta_1e18_common_primary,NTA 1e18 common-primary state,top_primary,interface_4x,T03_P2_BULK_TRAPS_FORMAL,enabled_symmetric_teaching_top_stack,0.0,0.01,0.0,0.3,bottom_oxide,0.00015000000000000001,2.0000000000000003e-06,1.5000000000000002,20.000000000000004,0.0226613173408953,
p2_bulk_nta_1e18_common_primary,NTA 1e18 common-primary state,top_primary,interface_4x,T03_P2_BULK_TRAPS_FORMAL,enabled_symmetric_teaching_top_stack,0.0,0.01,0.0,0.3,bottom_oxide,0.00015000000000000001,2.1250000000000004e-06,1.5000000000000002,21.250000000000004,0.024077649654679362,
p2_bulk_nta_1e18_common_primary,NTA 1e18 common-primary state,top_primary,interface_4x,T03_P2_BULK_TRAPS_FORMAL,enabled_symmetric_teaching_top_stack,0.0,0.01,0.0,0.3,bottom_oxide,0.00015000000000000001,2.2500000000000005e-06,1.5000000000000002,22.500000000000004,0.025493981964917884,
p2_bulk_nta_1e18_common_primary,NTA 1e18 common-primary state,top_primary,interface_4x,T03_P2_BULK_TRAPS_FORMAL,enabled_symmetric_teaching_top_stack,0.0,0.01,0.0,0.3,bottom_oxide,0.00015000000000000001,2.375e-06,1.5000000000000002,23.75,0.026910314271402298,
p2_bulk_nta_1e18_common_primary,NTA 1e18 common-primary state,top_primary,interface_4x,T03_P2_BULK_TRAPS_FORMAL,enabled_symmetric_teaching_top_stack,0.0,0.01,0.0,0.3,bottom_oxide,0.00015000000000000001,2.5e-06,1.5000000000000002,25.000000000000004,0.028326646573924048,
p2_bulk_nta_1e18_common_primary,NTA 1e18 common-primary state,top_primary,interface_4x,T03_P2_BULK_TRAPS_FORMAL,enabled_symmetric_teaching_top_stack,0.0,0.01,0.0,0.3,bottom_oxide,0.00015000000000000001,2.6250000000000003e-06,1.5000000000000002,26.250000000000004,0.029742978872274572,
p2_bulk_nta_1e18_common_primary,NTA 1e18 common-primary state,top_primary,interface_4x,T03_P2_BULK_TRAPS_FORMAL,enabled_symmetric_teaching_top_stack,0.0,0.01,0.0,0.3,bottom_oxide,0.00015000000000000001,2.75e-06,1.5000000000000002,27.5,0.031159311166245304,
p2_bulk_nta_1e18_common_primary,NTA 1e18 common-primary state,top_primary,interface_4x,T03_P2_BULK_TRAPS_FORMAL,enabled_symmetric_teaching_top_stack,0.0,0.01,0.0,0.3,bottom_oxide,0.00015000000000000001,2.875e-06,1.5000000000000002,28.75,0.03257564345562769,
p2_bulk_nta_1e18_common_primary,NTA 1e18 common-primary state,top_primary,interface_4x,T03_P2_BULK_TRAPS_FORMAL,enabled_symmetric_teaching_top_stack,0.0,0.01,0.0,0.3,bottom_oxide,0.00015000000000000001,3e-06,1.5000000000000002,30.0,0.03399197574021316,
p2_bulk_nta_1e18_common_primary,NTA 1e18 common-primary state,top_primary,interface_4x,T03_P2_BULK_TRAPS_FORMAL,enabled_symmetric_teaching_top_stack,0.0,0.01,0.0,0.3,bottom_oxide,0.000175,0.0,1.75,0.0,0.0,
p2_bulk_nta_1e18_common_primary,NTA 1e18 common-primary state,top_primary,interface_4x,T03_P2_BULK_TRAPS_FORMAL,enabled_symmetric_teaching_top_stack,0.0,0.01,0.0,0.3,bottom_oxide,0.000175,5.000000000000001e-07,1.75,5.000000000000001,0.005689696510913481,
p2_bulk_nta_1e18_common_primary,NTA 1e18 common-primary state,top_primary,interface_4x,T03_P2_BULK_TRAPS_FORMAL,enabled_symmetric_teaching_top_stack,0.0,0.01,0.0,0.3,bottom_oxide,0.000175,1.0000000000000002e-06,1.75,10.000000000000002,0.011379393008422847,
p2_bulk_nta_1e18_common_primary,NTA 1e18 common-primary state,top_primary,interface_4x,T03_P2_BULK_TRAPS_FORMAL,enabled_symmetric_teaching_top_stack,0.0,0.01,0.0,0.3,bottom_oxide,0.000175,1.5000000000000002e-06,1.75,15.000000000000002,0.017069089479123983,
p2_bulk_nta_1e18_common_primary,NTA 1e18 common-primary state,top_primary,interface_4x,T03_P2_BULK_TRAPS_FORMAL,enabled_symmetric_teaching_top_stack,0.0,0.01,0.0,0.3,bottom_oxide,0.000175,2.0000000000000003e-06,1.75,20.000000000000004,0.022758785909612774,
p2_bulk_nta_1e18_common_primary,NTA 1e18 common-primary state,top_primary,interface_4x,T03_P2_BULK_TRAPS_FORMAL,enabled_symmetric_teaching_top_stack,0.0,0.01,0.0,0.3,bottom_oxide,0.000175,2.1250000000000004e-06,1.75,21.250000000000004,0.0241812100088574,
p2_bulk_nta_1e18_common_primary,NTA 1e18 common-primary state,top_primary,interface_4x,T03_P2_BULK_TRAPS_FORMAL,enabled_symmetric_teaching_top_stack,0.0,0.01,0.0,0.3,bottom_oxide,0.000175,2.2500000000000005e-06,1.75,22.500000000000004,0.02560363410454156,
p2_bulk_nta_1e18_common_primary,NTA 1e18 common-primary state,top_primary,interface_4x,T03_P2_BULK_TRAPS_FORMAL,enabled_symmetric_teaching_top_stack,0.0,0.01,0.0,0.3,bottom_oxide,0.000175,2.375e-06,1.75,23.75,0.027026058196455805,
p2_bulk_nta_1e18_common_primary,NTA 1e18 common-primary state,top_primary,interface_4x,T03_P2_BULK_TRAPS_FORMAL,enabled_symmetric_teaching_top_stack,0.0,0.01,0.0,0.3,bottom_oxide,0.000175,2.5e-06,1.75,25.000000000000004,0.02844848228439071,
p2_bulk_nta_1e18_common_primary,NTA 1e18 common-primary state,top_primary,interface_4x,T03_P2_BULK_TRAPS_FORMAL,enabled_symmetric_teaching_top_stack,0.0,0.01,0.0,0.3,bottom_oxide,0.000175,2.6250000000000003e-06,1.75,26.250000000000004,0.02987090636813683,
p2_bulk_nta_1e18_common_primary,NTA 1e18 common-primary state,top_primary,interface_4x,T03_P2_BULK_TRAPS_FORMAL,enabled_symmetric_teaching_top_stack,0.0,0.01,0.0,0.3,bottom_oxide,0.000175,2.75e-06,1.75,27.5,0.03129333044748472,
p2_bulk_nta_1e18_common_primary,NTA 1e18 common-primary state,top_primary,interface_4x,T03_P2_BULK_TRAPS_FORMAL,enabled_symmetric_teaching_top_stack,0.0,0.01,0.0,0.3,bottom_oxide,0.000175,2.875e-06,1.75,28.75,0.03271575452222495,
p2_bulk_nta_1e18_common_primary,NTA 1e18 common-primary state,top_primary,interface_4x,T03_P2_BULK_TRAPS_FORMAL,enabled_symmetric_teaching_top_stack,0.0,0.01,0.0,0.3,bottom_oxide,0.000175,3e-06,1.75,30.0,0.03413817859214808,
p2_bulk_nta_1e18_common_primary,NTA 1e18 common-primary state,top_primary,interface_4x,T03_P2_BULK_TRAPS_FORMAL,enabled_symmetric_teaching_top_stack,0.0,0.01,0.0,0.3,bottom_oxide,0.0002,0.0,2.0,0.0,0.0,
p2_bulk_nta_1e18_common_primary,NTA 1e18 common-primary state,top_primary,interface_4x,T03_P2_BULK_TRAPS_FORMAL,enabled_symmetric_teaching_top_stack,0.0,0.01,0.0,0.3,bottom_oxide,0.0002,5.000000000000001e-07,2.0,5.000000000000001,0.005714097163521043,
p2_bulk_nta_1e18_common_primary,NTA 1e18 common-primary state,top_primary,interface_4x,T03_P2_BULK_TRAPS_FORMAL,enabled_symmetric_teaching_top_stack,0.0,0.01,0.0,0.3,bottom_oxide,0.0002,1.0000000000000002e-06,2.0,10.000000000000002,0.011428194313581387,
p2_bulk_nta_1e18_common_primary,NTA 1e18 common-primary state,top_primary,interface_4x,T03_P2_BULK_TRAPS_FORMAL,enabled_symmetric_teaching_top_stack,0.0,0.01,0.0,0.3,bottom_oxide,0.0002,1.5000000000000002e-06,2.0,15.000000000000002,0.01714229143672034,
p2_bulk_nta_1e18_common_primary,NTA 1e18 common-primary state,top_primary,interface_4x,T03_P2_BULK_TRAPS_FORMAL,enabled_symmetric_teaching_top_stack,0.0,0.01,0.0,0.3,bottom_oxide,0.0002,2.0000000000000003e-06,2.0,20.000000000000004,0.022856388519477203,
p2_bulk_nta_1e18_common_primary,NTA 1e18 common-primary state,top_primary,interface_4x,T03_P2_BULK_TRAPS_FORMAL,enabled_symmetric_teaching_top_stack,0.0,0.01,0.0,0.3,bottom_oxide,0.0002,2.1250000000000004e-06,2.0,21.250000000000004,0.024284912781753484,
p2_bulk_nta_1e18_common_primary,NTA 1e18 common-primary state,top_primary,interface_4x,T03_P2_BULK_TRAPS_FORMAL,enabled_symmetric_teaching_top_stack,0.0,0.01,0.0,0.3,bottom_oxide,0.0002,2.2500000000000005e-06,2.0,22.500000000000004,0.025713437040454267,
p2_bulk_nta_1e18_common_primary,NTA 1e18 common-primary state,top_primary,interface_4x,T03_P2_BULK_TRAPS_FORMAL,enabled_symmetric_teaching_top_stack,0.0,0.01,0.0,0.3,bottom_oxide,0.0002,2.375e-06,2.0,23.75,0.027141961295369225,
p2_bulk_nta_1e18_common_primary,NTA 1e18 common-primary state,top_primary,interface_4x,T03_P2_BULK_TRAPS_FORMAL,enabled_symmetric_teaching_top_stack,0.0,0.01,0.0,0.3,bottom_oxide,0.0002,2.5e-06,2.0,25.000000000000004,0.028570485546288042,
p2_bulk_nta_1e18_common_primary,NTA 1e18 common-primary state,top_primary,interface_4x,T03_P2_BULK_TRAPS_FORMAL,enabled_symmetric_teaching_top_stack,0.0,0.01,0.0,0.3,bottom_oxide,0.0002,2.6250000000000003e-06,2.0,26.250000000000004,0.029999009793000395,
p2_bulk_nta_1e18_common_primary,NTA 1e18 common-primary state,top_primary,interface_4x,T03_P2_BULK_TRAPS_FORMAL,enabled_symmetric_teaching_top_stack,0.0,0.01,0.0,0.3,bottom_oxide,0.0002,2.75e-06,2.0,27.5,0.03142753403529595,
p2_bulk_nta_1e18_common_primary,NTA 1e18 common-primary state,top_primary,interface_4x,T03_P2_BULK_TRAPS_FORMAL,enabled_symmetric_teaching_top_stack,0.0,0.01,0.0,0.3,bottom_oxide,0.0002,2.875e-06,2.0,28.75,0.032856058272964395,
p2_bulk_nta_1e18_common_primary,NTA 1e18 common-primary state,top_primary,interface_4x,T03_P2_BULK_TRAPS_FORMAL,enabled_symmetric_teaching_top_stack,0.0,0.01,0.0,0.3,bottom_oxide,0.0002,3e-06,2.0,30.0,0.034284582505795407,
p2_bulk_nta_1e18_common_primary,NTA 1e18 common-primary state,top_primary,interface_4x,T03_P2_BULK_TRAPS_FORMAL,enabled_symmetric_teaching_top_stack,0.0,0.01,0.0,0.3,bottom_oxide,0.00022500000000000002,0.0,2.25,0.0,0.0,
p2_bulk_nta_1e18_common_primary,NTA 1e18 common-primary state,top_primary,interface_4x,T03_P2_BULK_TRAPS_FORMAL,enabled_symmetric_teaching_top_stack,0.0,0.01,0.0,0.3,bottom_oxide,0.00022500000000000002,5.000000000000001e-07,2.25,5.000000000000001,0.005738531467870584,
p2_bulk_nta_1e18_common_primary,NTA 1e18 common-primary state,top_primary,interface_4x,T03_P2_BULK_TRAPS_FORMAL,enabled_symmetric_teaching_top_stack,0.0,0.01,0.0,0.3,bottom_oxide,0.00022500000000000002,1.0000000000000002e-06,2.25,10.000000000000002,0.01147706292222349,
p2_bulk_nta_1e18_common_primary,NTA 1e18 common-primary state,top_primary,interface_4x,T03_P2_BULK_TRAPS_FORMAL,enabled_symmetric_teaching_top_stack,0.0,0.01,0.0,0.3,bottom_oxide,0.00022500000000000002,1.5000000000000002e-06,2.25,15.000000000000002,0.017215594349541043,
p2_bulk_nta_1e18_common_primary,NTA 1e18 common-primary state,top_primary,interface_4x,T03_P2_BULK_TRAPS_FORMAL,enabled_symmetric_teaching_top_stack,0.0,0.01,0.0,0.3,bottom_oxide,0.00022500000000000002,2.0000000000000003e-06,2.25,20.000000000000004,0.02295412573630556,
p2_bulk_nta_1e18_common_primary,NTA 1e18 common-primary state,top_primary,interface_4x,T03_P2_BULK_TRAPS_FORMAL,enabled_symmetric_teaching_top_stack,0.0,0.01,0.0,0.3,bottom_oxide,0.00022500000000000002,2.1250000000000004e-06,2.25,21.250000000000004,0.024388758574548145,
p2_bulk_nta_1e18_common_primary,NTA 1e18 common-primary state,top_primary,interface_4x,T03_P2_BULK_TRAPS_FORMAL,enabled_symmetric_teaching_top_stack,0.0,0.01,0.0,0.3,bottom_oxide,0.00022500000000000002,2.2500000000000005e-06,2.25,22.500000000000004,0.025823391409200095,
p2_bulk_nta_1e18_common_primary,NTA 1e18 common-primary state,top_primary,interface_4x,T03_P2_BULK_TRAPS_FORMAL,enabled_symmetric_teaching_top_stack,0.0,0.01,0.0,0.3,bottom_oxide,0.00022500000000000002,2.375e-06,2.25,23.75,0.02725802424005019,
p2_bulk_nta_1e18_common_primary,NTA 1e18 common-primary state,top_primary,interface_4x,T03_P2_BULK_TRAPS_FORMAL,enabled_symmetric_teaching_top_stack,0.0,0.01,0.0,0.3,bottom_oxide,0.00022500000000000002,2.5e-06,2.25,25.000000000000004,0.028692657066887235,
p2_bulk_nta_1e18_common_primary,NTA 1e18 common-primary state,top_primary,interface_4x,T03_P2_BULK_TRAPS_FORMAL,enabled_symmetric_teaching_top_stack,0.0,0.01,0.0,0.3,bottom_oxide,0.00022500000000000002,2.6250000000000003e-06,2.25,26.250000000000004,0.030127289889500003,
p2_bulk_nta_1e18_common_primary,NTA 1e18 common-primary state,top_primary,interface_4x,T03_P2_BULK_TRAPS_FORMAL,enabled_symmetric_teaching_top_stack,0.0,0.01,0.0,0.3,bottom_oxide,0.00022500000000000002,2.75e-06,2.25,27.5,0.03156192270767728,
p2_bulk_nta_1e18_common_primary,NTA 1e18 common-primary state,top_primary,interface_4x,T03_P2_BULK_TRAPS_FORMAL,enabled_symmetric_teaching_top_stack,0.0,0.01,0.0,0.3,bottom_oxide,0.00022500000000000002,2.875e-06,2.25,28.75,0.03299655552120786,
p2_bulk_nta_1e18_common_primary,NTA 1e18 common-primary state,top_primary,interface_4x,T03_P2_BULK_TRAPS_FORMAL,enabled_symmetric_teaching_top_stack,0.0,0.01,0.0,0.3,bottom_oxide,0.00022500000000000002,3e-06,2.25,30.0,0.03443118832988052,
p2_bulk_nta_1e18_common_primary,NTA 1e18 common-primary state,top_primary,interface_4x,T03_P2_BULK_TRAPS_FORMAL,enabled_symmetric_teaching_top_stack,0.0,0.01,0.0,0.3,bottom_oxide,0.00025,0.0,2.5,0.0,0.0,
p2_bulk_nta_1e18_common_primary,NTA 1e18 common-primary state,top_primary,interface_4x,T03_P2_BULK_TRAPS_FORMAL,enabled_symmetric_teaching_top_stack,0.0,0.01,0.0,0.3,bottom_oxide,0.00025,5.000000000000001e-07,2.5,5.000000000000001,0.005762999566413794,
p2_bulk_nta_1e18_common_primary,NTA 1e18 common-primary state,top_primary,interface_4x,T03_P2_BULK_TRAPS_FORMAL,enabled_symmetric_teaching_top_stack,0.0,0.01,0.0,0.3,bottom_oxide,0.00025,1.0000000000000002e-06,2.5,10.000000000000002,0.011525999119252528,
p2_bulk_nta_1e18_common_primary,NTA 1e18 common-primary state,top_primary,interface_4x,T03_P2_BULK_TRAPS_FORMAL,enabled_symmetric_teaching_top_stack,0.0,0.01,0.0,0.3,bottom_oxide,0.00025,1.5000000000000002e-06,2.5,15.000000000000002,0.01728899864494114,
p2_bulk_nta_1e18_common_primary,NTA 1e18 common-primary state,top_primary,interface_4x,T03_P2_BULK_TRAPS_FORMAL,enabled_symmetric_teaching_top_stack,0.0,0.01,0.0,0.3,bottom_oxide,0.00025,2.0000000000000003e-06,2.5,20.000000000000004,0.02305199812990457,
p2_bulk_nta_1e18_common_primary,NTA 1e18 common-primary state,top_primary,interface_4x,T03_P2_BULK_TRAPS_FORMAL,enabled_symmetric_teaching_top_stack,0.0,0.01,0.0,0.3,bottom_oxide,0.00025,2.1250000000000004e-06,2.5,21.250000000000004,0.024492747992661015,
p2_bulk_nta_1e18_common_primary,NTA 1e18 common-primary state,top_primary,interface_4x,T03_P2_BULK_TRAPS_FORMAL,enabled_symmetric_teaching_top_stack,0.0,0.01,0.0,0.3,bottom_oxide,0.00025,2.2500000000000005e-06,2.5,22.500000000000004,0.025933497851811583,
p2_bulk_nta_1e18_common_primary,NTA 1e18 common-primary state,top_primary,interface_4x,T03_P2_BULK_TRAPS_FORMAL,enabled_symmetric_teaching_top_stack,0.0,0.01,0.0,0.3,bottom_oxide,0.00025,2.375e-06,2.5,23.75,0.027374247707144164,
p2_bulk_nta_1e18_common_primary,NTA 1e18 common-primary state,top_primary,interface_4x,T03_P2_BULK_TRAPS_FORMAL,enabled_symmetric_teaching_top_stack,0.0,0.01,0.0,0.3,bottom_oxide,0.00025,2.5e-06,2.5,25.000000000000004,0.02881499755844665,
p2_bulk_nta_1e18_common_primary,NTA 1e18 common-primary state,top_primary,interface_4x,T03_P2_BULK_TRAPS_FORMAL,enabled_symmetric_teaching_top_stack,0.0,0.01,0.0,0.3,bottom_oxide,0.00025,2.6250000000000003e-06,2.5,26.250000000000004,0.03025574740550693,
p2_bulk_nta_1e18_common_primary,NTA 1e18 common-primary state,top_primary,interface_4x,T03_P2_BULK_TRAPS_FORMAL,enabled_symmetric_teaching_top_stack,0.0,0.01,0.0,0.3,bottom_oxide,0.00025,2.75e-06,2.5,27.5,0.03169649724811289,
p2_bulk_nta_1e18_common_primary,NTA 1e18 common-primary state,top_primary,interface_4x,T03_P2_BULK_TRAPS_FORMAL,enabled_symmetric_teaching_top_stack,0.0,0.01,0.0,0.3,bottom_oxide,0.00025,2.875e-06,2.5,28.75,0.03313724708605243,
p2_bulk_nta_1e18_common_primary,NTA 1e18 common-primary state,top_primary,interface_4x,T03_P2_BULK_TRAPS_FORMAL,enabled_symmetric_teaching_top_stack,0.0,0.01,0.0,0.3,bottom_oxide,0.00025,3e-06,2.5,30.0,0.03457799691911343,
p2_bulk_nta_1e18_common_primary,NTA 1e18 common-primary state,top_primary,interface_4x,T03_P2_BULK_TRAPS_FORMAL,enabled_symmetric_teaching_top_stack,0.0,0.01,0.0,0.3,bottom_oxide,0.00027499999999999996,0.0,2.7499999999999996,0.0,0.0,
p2_bulk_nta_1e18_common_primary,NTA 1e18 common-primary state,top_primary,interface_4x,T03_P2_BULK_TRAPS_FORMAL,enabled_symmetric_teaching_top_stack,0.0,0.01,0.0,0.3,bottom_oxide,0.00027499999999999996,5.000000000000001e-07,2.7499999999999996,5.000000000000001,0.005787501602609661,
p2_bulk_nta_1e18_common_primary,NTA 1e18 common-primary state,top_primary,interface_4x,T03_P2_BULK_TRAPS_FORMAL,enabled_symmetric_teaching_top_stack,0.0,0.01,0.0,0.3,bottom_oxide,0.00027499999999999996,1.0000000000000002e-06,2.7499999999999996,10.000000000000002,0.01157500319158647,
p2_bulk_nta_1e18_common_primary,NTA 1e18 common-primary state,top_primary,interface_4x,T03_P2_BULK_TRAPS_FORMAL,enabled_symmetric_teaching_top_stack,0.0,0.01,0.0,0.3,bottom_oxide,0.00027499999999999996,1.5000000000000002e-06,2.7499999999999996,15.000000000000002,0.017362504753297574,
p2_bulk_nta_1e18_common_primary,NTA 1e18 common-primary state,top_primary,interface_4x,T03_P2_BULK_TRAPS_FORMAL,enabled_symmetric_teaching_top_stack,0.0,0.01,0.0,0.3,bottom_oxide,0.00027499999999999996,2.0000000000000003e-06,2.7499999999999996,20.000000000000004,0.023150006274110128,
p2_bulk_nta_1e18_common_primary,NTA 1e18 common-primary state,top_primary,interface_4x,T03_P2_BULK_TRAPS_FORMAL,enabled_symmetric_teaching_top_stack,0.0,0.01,0.0,0.3,bottom_oxide,0.00027499999999999996,2.1250000000000004e-06,2.7499999999999996,21.250000000000004,0.024596881645792733,
p2_bulk_nta_1e18_common_primary,NTA 1e18 common-primary state,top_primary,interface_4x,T03_P2_BULK_TRAPS_FORMAL,enabled_symmetric_teaching_top_stack,0.0,0.01,0.0,0.3,bottom_oxide,0.00027499999999999996,2.2500000000000005e-06,2.7499999999999996,22.500000000000004,0.026043757013854113,
p2_bulk_nta_1e18_common_primary,NTA 1e18 common-primary state,top_primary,interface_4x,T03_P2_BULK_TRAPS_FORMAL,enabled_symmetric_teaching_top_stack,0.0,0.01,0.0,0.3,bottom_oxide,0.00027499999999999996,2.375e-06,2.7499999999999996,23.75,0.02749063237808125,
p2_bulk_nta_1e18_common_primary,NTA 1e18 common-primary state,top_primary,interface_4x,T03_P2_BULK_TRAPS_FORMAL,enabled_symmetric_teaching_top_stack,0.0,0.01,0.0,0.3,bottom_oxide,0.00027499999999999996,2.5e-06,2.7499999999999996,25.000000000000004,0.02893750773826114,
p2_bulk_nta_1e18_common_primary,NTA 1e18 common-primary state,top_primary,interface_4x,T03_P2_BULK_TRAPS_FORMAL,enabled_symmetric_teaching_top_stack,0.0,0.01,0.0,0.3,bottom_oxide,0.00027499999999999996,2.6250000000000003e-06,2.7499999999999996,26.250000000000004,0.03038438309418076,
p2_bulk_nta_1e18_common_primary,NTA 1e18 common-primary state,top_primary,interface_4x,T03_P2_BULK_TRAPS_FORMAL,enabled_symmetric_teaching_top_stack,0.0,0.01,0.0,0.3,bottom_oxide,0.00027499999999999996,2.75e-06,2.7499999999999996,27.5,0.0318312584456271,
p2_bulk_nta_1e18_common_primary,NTA 1e18 common-primary state,top_primary,interface_4x,T03_P2_BULK_TRAPS_FORMAL,enabled_symmetric_teaching_top_stack,0.0,0.01,0.0,0.3,bottom_oxide,0.00027499999999999996,2.875e-06,2.7499999999999996,28.75,0.03327813379238715,
p2_bulk_nta_1e18_common_primary,NTA 1e18 common-primary state,top_primary,interface_4x,T03_P2_BULK_TRAPS_FORMAL,enabled_symmetric_teaching_top_stack,0.0,0.01,0.0,0.3,bottom_oxide,0.00027499999999999996,3e-06,2.7499999999999996,30.0,0.0347250091342479,
p2_bulk_nta_1e18_common_primary,NTA 1e18 common-primary state,top_primary,interface_4x,T03_P2_BULK_TRAPS_FORMAL,enabled_symmetric_teaching_top_stack,0.0,0.01,0.0,0.3,bottom_oxide,0.00030000000000000003,0.0,3.0000000000000004,0.0,0.0,
p2_bulk_nta_1e18_common_primary,NTA 1e18 common-primary state,top_primary,interface_4x,T03_P2_BULK_TRAPS_FORMAL,enabled_symmetric_teaching_top_stack,0.0,0.01,0.0,0.3,bottom_oxide,0.00030000000000000003,5.000000000000001e-07,3.0000000000000004,5.000000000000001,0.00581203772093446,
p2_bulk_nta_1e18_common_primary,NTA 1e18 common-primary state,top_primary,interface_4x,T03_P2_BULK_TRAPS_FORMAL,enabled_symmetric_teaching_top_stack,0.0,0.01,0.0,0.3,bottom_oxide,0.00030000000000000003,1.0000000000000002e-06,3.0000000000000004,10.000000000000002,0.011624075428177866,
p2_bulk_nta_1e18_common_primary,NTA 1e18 common-primary state,top_primary,interface_4x,T03_P2_BULK_TRAPS_FORMAL,enabled_symmetric_teaching_top_stack,0.0,0.01,0.0,0.3,bottom_oxide,0.00030000000000000003,1.5000000000000002e-06,3.0000000000000004,15.000000000000002,0.017436113108039164,
p2_bulk_nta_1e18_common_primary,NTA 1e18 common-primary state,top_primary,interface_4x,T03_P2_BULK_TRAPS_FORMAL,enabled_symmetric_teaching_top_stack,0.0,0.01,0.0,0.3,bottom_oxide,0.00030000000000000003,2.0000000000000003e-06,3.0000000000000004,20.000000000000004,0.023248150746827307,
p2_bulk_nta_1e18_common_primary,NTA 1e18 common-primary state,top_primary,interface_4x,T03_P2_BULK_TRAPS_FORMAL,enabled_symmetric_teaching_top_stack,0.0,0.01,0.0,0.3,bottom_oxide,0.00030000000000000003,2.1250000000000004e-06,3.0000000000000004,21.250000000000004,0.024701160147967433,
p2_bulk_nta_1e18_common_primary,NTA 1e18 common-primary state,top_primary,interface_4x,T03_P2_BULK_TRAPS_FORMAL,enabled_symmetric_teaching_top_stack,0.0,0.01,0.0,0.3,bottom_oxide,0.00030000000000000003,2.2500000000000005e-06,3.0000000000000004,22.500000000000004,0.026154169545470878,
p2_bulk_nta_1e18_common_primary,NTA 1e18 common-primary state,top_primary,interface_4x,T03_P2_BULK_TRAPS_FORMAL,enabled_symmetric_teaching_top_stack,0.0,0.01,0.0,0.3,bottom_oxide,0.00030000000000000003,2.375e-06,3.0000000000000004,23.75,0.027607178939123705,
p2_bulk_nta_1e18_common_primary,NTA 1e18 common-primary state,top_primary,interface_4x,T03_P2_BULK_TRAPS_FORMAL,enabled_symmetric_teaching_top_stack,0.0,0.01,0.0,0.3,bottom_oxide,0.00030000000000000003,2.5e-06,3.0000000000000004,25.000000000000004,0.02906018832871201,
p2_bulk_nta_1e18_common_primary,NTA 1e18 common-primary state,top_primary,interface_4x,T03_P2_BULK_TRAPS_FORMAL,enabled_symmetric_teaching_top_stack,0.0,0.01,0.0,0.3,bottom_oxide,0.00030000000000000003,2.6250000000000003e-06,3.0000000000000004,26.250000000000004,0.030513197714021858,
p2_bulk_nta_1e18_common_primary,NTA 1e18 common-primary state,top_primary,interface_4x,T03_P2_BULK_TRAPS_FORMAL,enabled_symmetric_teaching_top_stack,0.0,0.01,0.0,0.3,bottom_oxide,0.00030000000000000003,2.75e-06,3.0000000000000004,27.5,0.03196620709483933,
p2_bulk_nta_1e18_common_primary,NTA 1e18 common-primary state,top_primary,interface_4x,T03_P2_BULK_TRAPS_FORMAL,enabled_symmetric_teaching_top_stack,0.0,0.01,0.0,0.3,bottom_oxide,0.00030000000000000003,2.875e-06,3.0000000000000004,28.75,0.033419216470950495,
p2_bulk_nta_1e18_common_primary,NTA 1e18 common-primary state,top_primary,interface_4x,T03_P2_BULK_TRAPS_FORMAL,enabled_symmetric_teaching_top_stack,0.0,0.01,0.0,0.3,bottom_oxide,0.00030000000000000003,3e-06,3.0000000000000004,30.0,0.03487222584214145,
p2_bulk_nta_1e18_common_primary,NTA 1e18 common-primary state,top_primary,interface_4x,T03_P2_BULK_TRAPS_FORMAL,enabled_symmetric_teaching_top_stack,0.0,0.01,0.0,0.3,bottom_oxide,0.00032500000000000004,0.0,3.2500000000000004,0.0,0.0,
p2_bulk_nta_1e18_common_primary,NTA 1e18 common-primary state,top_primary,interface_4x,T03_P2_BULK_TRAPS_FORMAL,enabled_symmetric_teaching_top_stack,0.0,0.01,0.0,0.3,bottom_oxide,0.00032500000000000004,5.000000000000001e-07,3.2500000000000004,5.000000000000001,0.0058366080668918775,
p2_bulk_nta_1e18_common_primary,NTA 1e18 common-primary state,top_primary,interface_4x,T03_P2_BULK_TRAPS_FORMAL,enabled_symmetric_teaching_top_stack,0.0,0.01,0.0,0.3,bottom_oxide,0.00032500000000000004,1.0000000000000002e-06,3.2500000000000004,10.000000000000002,0.011673216120034085,
p2_bulk_nta_1e18_common_primary,NTA 1e18 common-primary state,top_primary,interface_4x,T03_P2_BULK_TRAPS_FORMAL,enabled_symmetric_teaching_top_stack,0.0,0.01,0.0,0.3,bottom_oxide,0.00032500000000000004,1.5000000000000002e-06,3.2500000000000004,15.000000000000002,0.017509824145676953,
p2_bulk_nta_1e18_common_primary,NTA 1e18 common-primary state,top_primary,interface_4x,T03_P2_BULK_TRAPS_FORMAL,enabled_symmetric_teaching_top_stack,0.0,0.01,0.0,0.3,bottom_oxide,0.00032500000000000004,2.0000000000000003e-06,3.2500000000000004,20.000000000000004,0.023346432130070816,
p2_bulk_nta_1e18_common_primary,NTA 1e18 common-primary state,top_primary,interface_4x,T03_P2_BULK_TRAPS_FORMAL,enabled_symmetric_teaching_top_stack,0.0,0.01,0.0,0.3,bottom_oxide,0.00032500000000000004,2.1250000000000004e-06,3.2500000000000004,21.250000000000004,0.02480558411757574,
p2_bulk_nta_1e18_common_primary,NTA 1e18 common-primary state,top_primary,interface_4x,T03_P2_BULK_TRAPS_FORMAL,enabled_symmetric_teaching_top_stack,0.0,0.01,0.0,0.3,bottom_oxide,0.00032500000000000004,2.2500000000000005e-06,3.2500000000000004,22.500000000000004,0.026264736101428408,
p2_bulk_nta_1e18_common_primary,NTA 1e18 common-primary state,top_primary,interface_4x,T03_P2_BULK_TRAPS_FORMAL,enabled_symmetric_teaching_top_stack,0.0,0.01,0.0,0.3,bottom_oxide,0.00032500000000000004,2.375e-06,3.2500000000000004,23.75,0.027723888081413975,
p2_bulk_nta_1e18_common_primary,NTA 1e18 common-primary state,top_primary,interface_4x,T03_P2_BULK_TRAPS_FORMAL,enabled_symmetric_teaching_top_stack,0.0,0.01,0.0,0.3,bottom_oxide,0.00032500000000000004,2.5e-06,3.2500000000000004,25.000000000000004,0.029183040057317613,
p2_bulk_nta_1e18_common_primary,NTA 1e18 common-primary state,top_primary,interface_4x,T03_P2_BULK_TRAPS_FORMAL,enabled_symmetric_teaching_top_stack,0.0,0.01,0.0,0.3,bottom_oxide,0.00032500000000000004,2.6250000000000003e-06,3.2500000000000004,26.250000000000004,0.030642192028924483,
p2_bulk_nta_1e18_common_primary,NTA 1e18 common-primary state,top_primary,interface_4x,T03_P2_BULK_TRAPS_FORMAL,enabled_symmetric_teaching_top_stack,0.0,0.01,0.0,0.3,bottom_oxide,0.00032500000000000004,2.75e-06,3.2500000000000004,27.5,0.032101343996019736,
p2_bulk_nta_1e18_common_primary,NTA 1e18 common-primary state,top_primary,interface_4x,T03_P2_BULK_TRAPS_FORMAL,enabled_symmetric_teaching_top_stack,0.0,0.01,0.0,0.3,bottom_oxide,0.00032500000000000004,2.875e-06,3.2500000000000004,28.75,0.033560495958388545,
p2_bulk_nta_1e18_common_primary,NTA 1e18 common-primary state,top_primary,interface_4x,T03_P2_BULK_TRAPS_FORMAL,enabled_symmetric_teaching_top_stack,0.0,0.01,0.0,0.3,bottom_oxide,0.00032500000000000004,3e-06,3.2500000000000004,30.0,0.03501964791581607,
p2_bulk_nta_1e18_common_primary,NTA 1e18 common-primary state,top_primary,interface_4x,T03_P2_BULK_TRAPS_FORMAL,enabled_symmetric_teaching_top_stack,0.0,0.01,0.0,0.3,bottom_oxide,0.00035,0.0,3.5,0.0,0.0,
p2_bulk_nta_1e18_common_primary,NTA 1e18 common-primary state,top_primary,interface_4x,T03_P2_BULK_TRAPS_FORMAL,enabled_symmetric_teaching_top_stack,0.0,0.01,0.0,0.3,bottom_oxide,0.00035,5.000000000000001e-07,3.5,5.000000000000001,0.005861212787023267,
p2_bulk_nta_1e18_common_primary,NTA 1e18 common-primary state,top_primary,interface_4x,T03_P2_BULK_TRAPS_FORMAL,enabled_symmetric_teaching_top_stack,0.0,0.01,0.0,0.3,bottom_oxide,0.00035,1.0000000000000002e-06,3.5,10.000000000000002,0.011722425560237828,
p2_bulk_nta_1e18_common_primary,NTA 1e18 common-primary state,top_primary,interface_4x,T03_P2_BULK_TRAPS_FORMAL,enabled_symmetric_teaching_top_stack,0.0,0.01,0.0,0.3,bottom_oxide,0.00035,1.5000000000000002e-06,3.5,15.000000000000002,0.017583638305834978,
p2_bulk_nta_1e18_common_primary,NTA 1e18 common-primary state,top_primary,interface_4x,T03_P2_BULK_TRAPS_FORMAL,enabled_symmetric_teaching_top_stack,0.0,0.01,0.0,0.3,bottom_oxide,0.00035,2.0000000000000003e-06,3.5,20.000000000000004,0.023444851010006013,
p2_bulk_nta_1e18_common_primary,NTA 1e18 common-primary state,top_primary,interface_4x,T03_P2_BULK_TRAPS_FORMAL,enabled_symmetric_teaching_top_stack,0.0,0.01,0.0,0.3,bottom_oxide,0.00035,2.1250000000000004e-06,3.5,21.250000000000004,0.02491015417741833,
p2_bulk_nta_1e18_common_primary,NTA 1e18 common-primary state,top_primary,interface_4x,T03_P2_BULK_TRAPS_FORMAL,enabled_symmetric_teaching_top_stack,0.0,0.01,0.0,0.3,bottom_oxide,0.00035,2.2500000000000005e-06,3.5,22.500000000000004,0.026375457341162714,
p2_bulk_nta_1e18_common_primary,NTA 1e18 common-primary state,top_primary,interface_4x,T03_P2_BULK_TRAPS_FORMAL,enabled_symmetric_teaching_top_stack,0.0,0.01,0.0,0.3,bottom_oxide,0.00035,2.375e-06,3.5,23.75,0.027840760501023392,
p2_bulk_nta_1e18_common_primary,NTA 1e18 common-primary state,top_primary,interface_4x,T03_P2_BULK_TRAPS_FORMAL,enabled_symmetric_teaching_top_stack,0.0,0.01,0.0,0.3,bottom_oxide,0.00035,2.5e-06,3.5,25.000000000000004,0.029306063656784617,
p2_bulk_nta_1e18_common_primary,NTA 1e18 common-primary state,top_primary,interface_4x,T03_P2_BULK_TRAPS_FORMAL,enabled_symmetric_teaching_top_stack,0.0,0.01,0.0,0.3,bottom_oxide,0.00035,2.6250000000000003e-06,3.5,26.250000000000004,0.03077136680823062,
p2_bulk_nta_1e18_common_primary,NTA 1e18 common-primary state,top_primary,interface_4x,T03_P2_BULK_TRAPS_FORMAL,enabled_symmetric_teaching_top_stack,0.0,0.01,0.0,0.3,bottom_oxide,0.00035,2.75e-06,3.5,27.5,0.03223666995514564,
p2_bulk_nta_1e18_common_primary,NTA 1e18 common-primary state,top_primary,interface_4x,T03_P2_BULK_TRAPS_FORMAL,enabled_symmetric_teaching_top_stack,0.0,0.01,0.0,0.3,bottom_oxide,0.00035,2.875e-06,3.5,28.75,0.03370197309731392,
p2_bulk_nta_1e18_common_primary,NTA 1e18 common-primary state,top_primary,interface_4x,T03_P2_BULK_TRAPS_FORMAL,enabled_symmetric_teaching_top_stack,0.0,0.01,0.0,0.3,bottom_oxide,0.00035,3e-06,3.5,30.0,0.0351672762345197,
p2_bulk_nta_1e18_common_primary,NTA 1e18 common-primary state,top_primary,interface_4x,T03_P2_BULK_TRAPS_FORMAL,enabled_symmetric_teaching_top_stack,0.0,0.01,0.0,0.3,bottom_oxide,0.000375,0.0,3.75,0.0,0.0,
p2_bulk_nta_1e18_common_primary,NTA 1e18 common-primary state,top_primary,interface_4x,T03_P2_BULK_TRAPS_FORMAL,enabled_symmetric_teaching_top_stack,0.0,0.01,0.0,0.3,bottom_oxide,0.000375,5.000000000000001e-07,3.75,5.000000000000001,0.005885852028918017,
p2_bulk_nta_1e18_common_primary,NTA 1e18 common-primary state,top_primary,interface_4x,T03_P2_BULK_TRAPS_FORMAL,enabled_symmetric_teaching_top_stack,0.0,0.01,0.0,0.3,bottom_oxide,0.000375,1.0000000000000002e-06,3.75,10.000000000000002,0.01177170404396787,
p2_bulk_nta_1e18_common_primary,NTA 1e18 common-primary state,top_primary,interface_4x,T03_P2_BULK_TRAPS_FORMAL,enabled_symmetric_teaching_top_stack,0.0,0.01,0.0,0.3,bottom_oxide,0.000375,1.5000000000000002e-06,3.75,15.000000000000002,0.017657556031281392,
p2_bulk_nta_1e18_common_primary,NTA 1e18 common-primary state,top_primary,interface_4x,T03_P2_BULK_TRAPS_FORMAL,enabled_symmetric_teaching_top_stack,0.0,0.01,0.0,0.3,bottom_oxide,0.000375,2.0000000000000003e-06,3.75,20.000000000000004,0.023543407976990425,
p2_bulk_nta_1e18_common_primary,NTA 1e18 common-primary state,top_primary,interface_4x,T03_P2_BULK_TRAPS_FORMAL,enabled_symmetric_teaching_top_stack,0.0,0.01,0.0,0.3,bottom_oxide,0.000375,2.1250000000000004e-06,3.75,21.250000000000004,0.02501487095475008,
p2_bulk_nta_1e18_common_primary,NTA 1e18 common-primary state,top_primary,interface_4x,T03_P2_BULK_TRAPS_FORMAL,enabled_symmetric_teaching_top_stack,0.0,0.01,0.0,0.3,bottom_oxide,0.000375,2.2500000000000005e-06,3.75,22.500000000000004,0.026486333928826003,
p2_bulk_nta_1e18_common_primary,NTA 1e18 common-primary state,top_primary,interface_4x,T03_P2_BULK_TRAPS_FORMAL,enabled_symmetric_teaching_top_stack,0.0,0.01,0.0,0.3,bottom_oxide,0.000375,2.375e-06,3.75,23.75,0.027957796899001502,
p2_bulk_nta_1e18_common_primary,NTA 1e18 common-primary state,top_primary,interface_4x,T03_P2_BULK_TRAPS_FORMAL,enabled_symmetric_teaching_top_stack,0.0,0.01,0.0,0.3,bottom_oxide,0.000375,2.5e-06,3.75,25.000000000000004,0.029429259865059895,
p2_bulk_nta_1e18_common_primary,NTA 1e18 common-primary state,top_primary,interface_4x,T03_P2_BULK_TRAPS_FORMAL,enabled_symmetric_teaching_top_stack,0.0,0.01,0.0,0.3,bottom_oxide,0.000375,2.6250000000000003e-06,3.75,26.250000000000004,0.030900722826784487,
p2_bulk_nta_1e18_common_primary,NTA 1e18 common-primary state,top_primary,interface_4x,T03_P2_BULK_TRAPS_FORMAL,enabled_symmetric_teaching_top_stack,0.0,0.01,0.0,0.3,bottom_oxide,0.000375,2.75e-06,3.75,27.5,0.03237218578395858,
p2_bulk_nta_1e18_common_primary,NTA 1e18 common-primary state,top_primary,interface_4x,T03_P2_BULK_TRAPS_FORMAL,enabled_symmetric_teaching_top_stack,0.0,0.01,0.0,0.3,bottom_oxide,0.000375,2.875e-06,3.75,28.75,0.0338436487363655,
p2_bulk_nta_1e18_common_primary,NTA 1e18 common-primary state,top_primary,interface_4x,T03_P2_BULK_TRAPS_FORMAL,enabled_symmetric_teaching_top_stack,0.0,0.01,0.0,0.3,bottom_oxide,0.000375,3e-06,3.75,30.0,0.03531511168378855,
p2_bulk_nta_1e18_common_primary,NTA 1e18 common-primary state,top_primary,interface_4x,T03_P2_BULK_TRAPS_FORMAL,enabled_symmetric_teaching_top_stack,0.0,0.01,0.0,0.3,bottom_oxide,0.0004,0.0,4.0,0.0,0.0,
p2_bulk_nta_1e18_common_primary,NTA 1e18 common-primary state,top_primary,interface_4x,T03_P2_BULK_TRAPS_FORMAL,enabled_symmetric_teaching_top_stack,0.0,0.01,0.0,0.3,bottom_oxide,0.0004,5.000000000000001e-07,4.0,5.000000000000001,0.005910525941224077,
p2_bulk_nta_1e18_common_primary,NTA 1e18 common-primary state,top_primary,interface_4x,T03_P2_BULK_TRAPS_FORMAL,enabled_symmetric_teaching_top_stack,0.0,0.01,0.0,0.3,bottom_oxide,0.0004,1.0000000000000002e-06,4.0,10.000000000000002,0.011821051868520102,
p2_bulk_nta_1e18_common_primary,NTA 1e18 common-primary state,top_primary,interface_4x,T03_P2_BULK_TRAPS_FORMAL,enabled_symmetric_teaching_top_stack,0.0,0.01,0.0,0.3,bottom_oxide,0.0004,1.5000000000000002e-06,4.0,15.000000000000002,0.017731577767960024,
p2_bulk_nta_1e18_common_primary,NTA 1e18 common-primary state,top_primary,interface_4x,T03_P2_BULK_TRAPS_FORMAL,enabled_symmetric_teaching_top_stack,0.0,0.01,0.0,0.3,bottom_oxide,0.0004,2.0000000000000003e-06,4.0,20.000000000000004,0.023642103625615793,
p2_bulk_nta_1e18_common_primary,NTA 1e18 common-primary state,top_primary,interface_4x,T03_P2_BULK_TRAPS_FORMAL,enabled_symmetric_teaching_top_stack,0.0,0.01,0.0,0.3,bottom_oxide,0.0004,2.1250000000000004e-06,4.0,21.250000000000004,0.025119735081324705,
p2_bulk_nta_1e18_common_primary,NTA 1e18 common-primary state,top_primary,interface_4x,T03_P2_BULK_TRAPS_FORMAL,enabled_symmetric_teaching_top_stack,0.0,0.01,0.0,0.3,bottom_oxide,0.0004,2.2500000000000005e-06,4.0,22.500000000000004,0.02659736653333398,
p2_bulk_nta_1e18_common_primary,NTA 1e18 common-primary state,top_primary,interface_4x,T03_P2_BULK_TRAPS_FORMAL,enabled_symmetric_teaching_top_stack,0.0,0.01,0.0,0.3,bottom_oxide,0.0004,2.375e-06,4.0,23.75,0.02807499798142598,
p2_bulk_nta_1e18_common_primary,NTA 1e18 common-primary state,top_primary,interface_4x,T03_P2_BULK_TRAPS_FORMAL,enabled_symmetric_teaching_top_stack,0.0,0.01,0.0,0.3,bottom_oxide,0.0004,2.5e-06,4.0,25.000000000000004,0.029552629425383097,
p2_bulk_nta_1e18_common_primary,NTA 1e18 common-primary state,top_primary,interface_4x,T03_P2_BULK_TRAPS_FORMAL,enabled_symmetric_teaching_top_stack,0.0,0.01,0.0,0.3,bottom_oxide,0.0004,2.6250000000000003e-06,4.0,26.250000000000004,0.031030260864987703,
p2_bulk_nta_1e18_common_primary,NTA 1e18 common-primary state,top_primary,interface_4x,T03_P2_BULK_TRAPS_FORMAL,enabled_symmetric_teaching_top_stack,0.0,0.01,0.0,0.3,bottom_oxide,0.0004,2.75e-06,4.0,27.5,0.032507892300022156,
p2_bulk_nta_1e18_common_primary,NTA 1e18 common-primary state,top_primary,interface_4x,T03_P2_BULK_TRAPS_FORMAL,enabled_symmetric_teaching_top_stack,0.0,0.01,0.0,0.3,bottom_oxide,0.0004,2.875e-06,4.0,28.75,0.03398552373026885,
p2_bulk_nta_1e18_common_primary,NTA 1e18 common-primary state,top_primary,interface_4x,T03_P2_BULK_TRAPS_FORMAL,enabled_symmetric_teaching_top_stack,0.0,0.01,0.0,0.3,bottom_oxide,0.0004,3e-06,4.0,30.0,0.03546315515551015,
p2_bulk_nta_1e18_common_primary,NTA 1e18 common-primary state,top_primary,interface_4x,T03_P2_BULK_TRAPS_FORMAL,enabled_symmetric_teaching_top_stack,0.0,0.01,0.0,0.3,bottom_oxide,0.00042500000000000003,0.0,4.25,0.0,0.0,
p2_bulk_nta_1e18_common_primary,NTA 1e18 common-primary state,top_primary,interface_4x,T03_P2_BULK_TRAPS_FORMAL,enabled_symmetric_teaching_top_stack,0.0,0.01,0.0,0.3,bottom_oxide,0.00042500000000000003,5.000000000000001e-07,4.25,5.000000000000001,0.005935234673658602,
p2_bulk_nta_1e18_common_primary,NTA 1e18 common-primary state,top_primary,interface_4x,T03_P2_BULK_TRAPS_FORMAL,enabled_symmetric_teaching_top_stack,0.0,0.01,0.0,0.3,bottom_oxide,0.00042500000000000003,1.0000000000000002e-06,4.25,10.000000000000002,0.011870469333328835,
p2_bulk_nta_1e18_common_primary,NTA 1e18 common-primary state,top_primary,interface_4x,T03_P2_BULK_TRAPS_FORMAL,enabled_symmetric_teaching_top_stack,0.0,0.01,0.0,0.3,bottom_oxide,0.00042500000000000003,1.5000000000000002e-06,4.25,15.000000000000002,0.017805703965022325,
p2_bulk_nta_1e18_common_primary,NTA 1e18 common-primary state,top_primary,interface_4x,T03_P2_BULK_TRAPS_FORMAL,enabled_symmetric_teaching_top_stack,0.0,0.01,0.0,0.3,bottom_oxide,0.00042500000000000003,2.0000000000000003e-06,4.25,20.000000000000004,0.023740938554750707,
p2_bulk_nta_1e18_common_primary,NTA 1e18 common-primary state,top_primary,interface_4x,T03_P2_BULK_TRAPS_FORMAL,enabled_symmetric_teaching_top_stack,0.0,0.01,0.0,0.3,bottom_oxide,0.00042500000000000003,2.1250000000000004e-06,4.25,21.250000000000004,0.025224747193440072,
p2_bulk_nta_1e18_common_primary,NTA 1e18 common-primary state,top_primary,interface_4x,T03_P2_BULK_TRAPS_FORMAL,enabled_symmetric_teaching_top_stack,0.0,0.01,0.0,0.3,bottom_oxide,0.00042500000000000003,2.2500000000000005e-06,4.25,22.500000000000004,0.026708555828413777,
p2_bulk_nta_1e18_common_primary,NTA 1e18 common-primary state,top_primary,interface_4x,T03_P2_BULK_TRAPS_FORMAL,enabled_symmetric_teaching_top_stack,0.0,0.01,0.0,0.3,bottom_oxide,0.00042500000000000003,2.375e-06,4.25,23.75,0.028192364459453247,
p2_bulk_nta_1e18_common_primary,NTA 1e18 common-primary state,top_primary,interface_4x,T03_P2_BULK_TRAPS_FORMAL,enabled_symmetric_teaching_top_stack,0.0,0.01,0.0,0.3,bottom_oxide,0.00042500000000000003,2.5e-06,4.25,25.000000000000004,0.029676173086339925,
p2_bulk_nta_1e18_common_primary,NTA 1e18 common-primary state,top_primary,interface_4x,T03_P2_BULK_TRAPS_FORMAL,enabled_symmetric_teaching_top_stack,0.0,0.01,0.0,0.3,bottom_oxide,0.00042500000000000003,2.6250000000000003e-06,4.25,26.250000000000004,0.031159981708855235,
p2_bulk_nta_1e18_common_primary,NTA 1e18 common-primary state,top_primary,interface_4x,T03_P2_BULK_TRAPS_FORMAL,enabled_symmetric_teaching_top_stack,0.0,0.01,0.0,0.3,bottom_oxide,0.00042500000000000003,2.75e-06,4.25,27.5,0.03264379032678061,
p2_bulk_nta_1e18_common_primary,NTA 1e18 common-primary state,top_primary,interface_4x,T03_P2_BULK_TRAPS_FORMAL,enabled_symmetric_teaching_top_stack,0.0,0.01,0.0,0.3,bottom_oxide,0.00042500000000000003,2.875e-06,4.25,28.75,0.03412759893989749,
p2_bulk_nta_1e18_common_primary,NTA 1e18 common-primary state,top_primary,interface_4x,T03_P2_BULK_TRAPS_FORMAL,enabled_symmetric_teaching_top_stack,0.0,0.01,0.0,0.3,bottom_oxide,0.00042500000000000003,3e-06,4.25,30.0,0.03561140754798729,
p2_bulk_nta_1e18_common_primary,NTA 1e18 common-primary state,top_primary,interface_4x,T03_P2_BULK_TRAPS_FORMAL,enabled_symmetric_teaching_top_stack,0.0,0.01,0.0,0.3,bottom_oxide,0.00045000000000000004,0.0,4.5,0.0,0.0,
p2_bulk_nta_1e18_common_primary,NTA 1e18 common-primary state,top_primary,interface_4x,T03_P2_BULK_TRAPS_FORMAL,enabled_symmetric_teaching_top_stack,0.0,0.01,0.0,0.3,bottom_oxide,0.00045000000000000004,5.000000000000001e-07,4.5,5.000000000000001,0.0059599783770187455,
p2_bulk_nta_1e18_common_primary,NTA 1e18 common-primary state,top_primary,interface_4x,T03_P2_BULK_TRAPS_FORMAL,enabled_symmetric_teaching_top_stack,0.0,0.01,0.0,0.3,bottom_oxide,0.00045000000000000004,1.0000000000000002e-06,4.5,10.000000000000002,0.011919956739988366,
p2_bulk_nta_1e18_common_primary,NTA 1e18 common-primary state,top_primary,interface_4x,T03_P2_BULK_TRAPS_FORMAL,enabled_symmetric_teaching_top_stack,0.0,0.01,0.0,0.3,bottom_oxide,0.00045000000000000004,1.5000000000000002e-06,4.5,15.000000000000002,0.017879935074859736,
p2_bulk_nta_1e18_common_primary,NTA 1e18 common-primary state,top_primary,interface_4x,T03_P2_BULK_TRAPS_FORMAL,enabled_symmetric_teaching_top_stack,0.0,0.01,0.0,0.3,bottom_oxide,0.00045000000000000004,2.0000000000000003e-06,4.5,20.000000000000004,0.02383991336758373,
p2_bulk_nta_1e18_common_primary,NTA 1e18 common-primary state,top_primary,interface_4x,T03_P2_BULK_TRAPS_FORMAL,enabled_symmetric_teaching_top_stack,0.0,0.01,0.0,0.3,bottom_oxide,0.00045000000000000004,2.1250000000000004e-06,4.5,21.250000000000004,0.025329907931984027,
p2_bulk_nta_1e18_common_primary,NTA 1e18 common-primary state,top_primary,interface_4x,T03_P2_BULK_TRAPS_FORMAL,enabled_symmetric_teaching_top_stack,0.0,0.01,0.0,0.3,bottom_oxide,0.00045000000000000004,2.2500000000000005e-06,4.5,22.500000000000004,0.026819902492652526,
p2_bulk_nta_1e18_common_primary,NTA 1e18 common-primary state,top_primary,interface_4x,T03_P2_BULK_TRAPS_FORMAL,enabled_symmetric_teaching_top_stack,0.0,0.01,0.0,0.3,bottom_oxide,0.00045000000000000004,2.375e-06,4.5,23.75,0.0283098970493697,
p2_bulk_nta_1e18_common_primary,NTA 1e18 common-primary state,top_primary,interface_4x,T03_P2_BULK_TRAPS_FORMAL,enabled_symmetric_teaching_top_stack,0.0,0.01,0.0,0.3,bottom_oxide,0.00045000000000000004,2.5e-06,4.5,25.000000000000004,0.029799891601916047,
p2_bulk_nta_1e18_common_primary,NTA 1e18 common-primary state,top_primary,interface_4x,T03_P2_BULK_TRAPS_FORMAL,enabled_symmetric_teaching_top_stack,0.0,0.01,0.0,0.3,bottom_oxide,0.00045000000000000004,2.6250000000000003e-06,4.5,26.250000000000004,0.03128988615007204,
p2_bulk_nta_1e18_common_primary,NTA 1e18 common-primary state,top_primary,interface_4x,T03_P2_BULK_TRAPS_FORMAL,enabled_symmetric_teaching_top_stack,0.0,0.01,0.0,0.3,bottom_oxide,0.00045000000000000004,2.75e-06,4.5,27.5,0.03277988069361817,
p2_bulk_nta_1e18_common_primary,NTA 1e18 common-primary state,top_primary,interface_4x,T03_P2_BULK_TRAPS_FORMAL,enabled_symmetric_teaching_top_stack,0.0,0.01,0.0,0.3,bottom_oxide,0.00045000000000000004,2.875e-06,4.5,28.75,0.034269875232334907,
p2_bulk_nta_1e18_common_primary,NTA 1e18 common-primary state,top_primary,interface_4x,T03_P2_BULK_TRAPS_FORMAL,enabled_symmetric_teaching_top_stack,0.0,0.01,0.0,0.3,bottom_oxide,0.00045000000000000004,3e-06,4.5,30.0,0.03575986976600274,
p2_bulk_nta_1e18_common_primary,NTA 1e18 common-primary state,top_primary,interface_4x,T03_P2_BULK_TRAPS_FORMAL,enabled_symmetric_teaching_top_stack,0.0,0.01,0.0,0.3,bottom_oxide,0.000475,0.0,4.75,0.0,0.0,
p2_bulk_nta_1e18_common_primary,NTA 1e18 common-primary state,top_primary,interface_4x,T03_P2_BULK_TRAPS_FORMAL,enabled_symmetric_teaching_top_stack,0.0,0.01,0.0,0.3,bottom_oxide,0.000475,5.000000000000001e-07,4.75,5.000000000000001,0.005984757203192594,
p2_bulk_nta_1e18_common_primary,NTA 1e18 common-primary state,top_primary,interface_4x,T03_P2_BULK_TRAPS_FORMAL,enabled_symmetric_teaching_top_stack,0.0,0.01,0.0,0.3,bottom_oxide,0.000475,1.0000000000000002e-06,4.75,10.000000000000002,0.011969514392274868,
p2_bulk_nta_1e18_common_primary,NTA 1e18 common-primary state,top_primary,interface_4x,T03_P2_BULK_TRAPS_FORMAL,enabled_symmetric_teaching_top_stack,0.0,0.01,0.0,0.3,bottom_oxide,0.000475,1.5000000000000002e-06,4.75,15.000000000000002,0.017954271553136496,
p2_bulk_nta_1e18_common_primary,NTA 1e18 common-primary state,top_primary,interface_4x,T03_P2_BULK_TRAPS_FORMAL,enabled_symmetric_teaching_top_stack,0.0,0.01,0.0,0.3,bottom_oxide,0.000475,2.0000000000000003e-06,4.75,20.000000000000004,0.023939028671667164,
p2_bulk_nta_1e18_common_primary,NTA 1e18 common-primary state,top_primary,interface_4x,T03_P2_BULK_TRAPS_FORMAL,enabled_symmetric_teaching_top_stack,0.0,0.01,0.0,0.3,bottom_oxide,0.000475,2.1250000000000004e-06,4.75,21.250000000000004,0.02543521794248088,
p2_bulk_nta_1e18_common_primary,NTA 1e18 common-primary state,top_primary,interface_4x,T03_P2_BULK_TRAPS_FORMAL,enabled_symmetric_teaching_top_stack,0.0,0.01,0.0,0.3,bottom_oxide,0.000475,2.2500000000000005e-06,4.75,22.500000000000004,0.02693140720954654,
p2_bulk_nta_1e18_common_primary,NTA 1e18 common-primary state,top_primary,interface_4x,T03_P2_BULK_TRAPS_FORMAL,enabled_symmetric_teaching_top_stack,0.0,0.01,0.0,0.3,bottom_oxide,0.000475,2.375e-06,4.75,23.75,0.02842759647264367,
p2_bulk_nta_1e18_common_primary,NTA 1e18 common-primary state,top_primary,interface_4x,T03_P2_BULK_TRAPS_FORMAL,enabled_symmetric_teaching_top_stack,0.0,0.01,0.0,0.3,bottom_oxide,0.000475,2.5e-06,4.75,25.000000000000004,0.029923785731551807,
p2_bulk_nta_1e18_common_primary,NTA 1e18 common-primary state,top_primary,interface_4x,T03_P2_BULK_TRAPS_FORMAL,enabled_symmetric_teaching_top_stack,0.0,0.01,0.0,0.3,bottom_oxide,0.000475,2.6250000000000003e-06,4.75,26.250000000000004,0.03141997498605046,
p2_bulk_nta_1e18_common_primary,NTA 1e18 common-primary state,top_primary,interface_4x,T03_P2_BULK_TRAPS_FORMAL,enabled_symmetric_teaching_top_stack,0.0,0.01,0.0,0.3,bottom_oxide,0.000475,2.75e-06,4.75,27.5,0.03291616423591917,
p2_bulk_nta_1e18_common_primary,NTA 1e18 common-primary state,top_primary,interface_4x,T03_P2_BULK_TRAPS_FORMAL,enabled_symmetric_teaching_top_stack,0.0,0.01,0.0,0.3,bottom_oxide,0.000475,2.875e-06,4.75,28.75,0.034412353480937456,
p2_bulk_nta_1e18_common_primary,NTA 1e18 common-primary state,top_primary,interface_4x,T03_P2_BULK_TRAPS_FORMAL,enabled_symmetric_teaching_top_stack,0.0,0.01,0.0,0.3,bottom_oxide,0.000475,3e-06,4.75,30.0,0.035908542720884846,
p2_bulk_nta_1e18_common_primary,NTA 1e18 common-primary state,top_primary,interface_4x,T03_P2_BULK_TRAPS_FORMAL,enabled_symmetric_teaching_top_stack,0.0,0.01,0.0,0.3,bottom_oxide,0.0005,0.0,5.0,0.0,0.0,
p2_bulk_nta_1e18_common_primary,NTA 1e18 common-primary state,top_primary,interface_4x,T03_P2_BULK_TRAPS_FORMAL,enabled_symmetric_teaching_top_stack,0.0,0.01,0.0,0.3,bottom_oxide,0.0005,5.000000000000001e-07,5.0,5.000000000000001,0.006009571305170228,
p2_bulk_nta_1e18_common_primary,NTA 1e18 common-primary state,top_primary,interface_4x,T03_P2_BULK_TRAPS_FORMAL,enabled_symmetric_teaching_top_stack,0.0,0.01,0.0,0.3,bottom_oxide,0.0005,1.0000000000000002e-06,5.0,10.000000000000002,0.012019142596168491,
p2_bulk_nta_1e18_common_primary,NTA 1e18 common-primary state,top_primary,interface_4x,T03_P2_BULK_TRAPS_FORMAL,enabled_symmetric_teaching_top_stack,0.0,0.01,0.0,0.3,bottom_oxide,0.0005,1.5000000000000002e-06,5.0,15.000000000000002,0.01802871385882283,
p2_bulk_nta_1e18_common_primary,NTA 1e18 common-primary state,top_primary,interface_4x,T03_P2_BULK_TRAPS_FORMAL,enabled_symmetric_teaching_top_stack,0.0,0.01,0.0,0.3,bottom_oxide,0.0005,2.0000000000000003e-06,5.0,20.000000000000004,0.02403828507896128,
p2_bulk_nta_1e18_common_primary,NTA 1e18 common-primary state,top_primary,interface_4x,T03_P2_BULK_TRAPS_FORMAL,enabled_symmetric_teaching_top_stack,0.0,0.01,0.0,0.3,bottom_oxide,0.0005,2.1250000000000004e-06,5.0,21.250000000000004,0.025540677875138418,
p2_bulk_nta_1e18_common_primary,NTA 1e18 common-primary state,top_primary,interface_4x,T03_P2_BULK_TRAPS_FORMAL,enabled_symmetric_teaching_top_stack,0.0,0.01,0.0,0.3,bottom_oxide,0.0005,2.2500000000000005e-06,5.0,22.500000000000004,0.027043070667551128,
p2_bulk_nta_1e18_common_primary,NTA 1e18 common-primary state,top_primary,interface_4x,T03_P2_BULK_TRAPS_FORMAL,enabled_symmetric_teaching_top_stack,0.0,0.01,0.0,0.3,bottom_oxide,0.0005,2.375e-06,5.0,23.75,0.028545463455977967,
p2_bulk_nta_1e18_common_primary,NTA 1e18 common-primary state,top_primary,interface_4x,T03_P2_BULK_TRAPS_FORMAL,enabled_symmetric_teaching_top_stack,0.0,0.01,0.0,0.3,bottom_oxide,0.0005,2.5e-06,5.0,25.000000000000004,0.030047856240197512,
p2_bulk_nta_1e18_common_primary,NTA 1e18 common-primary state,top_primary,interface_4x,T03_P2_BULK_TRAPS_FORMAL,enabled_symmetric_teaching_top_stack,0.0,0.01,0.0,0.3,bottom_oxide,0.0005,2.6250000000000003e-06,5.0,26.250000000000004,0.03155024901998832,
p2_bulk_nta_1e18_common_primary,NTA 1e18 common-primary state,top_primary,interface_4x,T03_P2_BULK_TRAPS_FORMAL,enabled_symmetric_teaching_top_stack,0.0,0.01,0.0,0.3,bottom_oxide,0.0005,2.75e-06,5.0,27.5,0.03305264179512894,
p2_bulk_nta_1e18_common_primary,NTA 1e18 common-primary state,top_primary,interface_4x,T03_P2_BULK_TRAPS_FORMAL,enabled_symmetric_teaching_top_stack,0.0,0.01,0.0,0.3,bottom_oxide,0.0005,2.875e-06,5.0,28.75,0.03455503456539796,
p2_bulk_nta_1e18_common_primary,NTA 1e18 common-primary state,top_primary,interface_4x,T03_P2_BULK_TRAPS_FORMAL,enabled_symmetric_teaching_top_stack,0.0,0.01,0.0,0.3,bottom_oxide,0.0005,3e-06,5.0,30.0,0.03605742733057393,
p2_bulk_nta_1e18_common_primary,NTA 1e18 common-primary state,top_primary,interface_4x,T03_P2_BULK_TRAPS_FORMAL,enabled_symmetric_teaching_top_stack,0.0,0.01,0.0,0.3,bottom_oxide,0.0005250000000000001,0.0,5.250000000000001,0.0,0.0,
p2_bulk_nta_1e18_common_primary,NTA 1e18 common-primary state,top_primary,interface_4x,T03_P2_BULK_TRAPS_FORMAL,enabled_symmetric_teaching_top_stack,0.0,0.01,0.0,0.3,bottom_oxide,0.0005250000000000001,5.000000000000001e-07,5.250000000000001,5.000000000000001,0.006034420837054945,
p2_bulk_nta_1e18_common_primary,NTA 1e18 common-primary state,top_primary,interface_4x,T03_P2_BULK_TRAPS_FORMAL,enabled_symmetric_teaching_top_stack,0.0,0.01,0.0,0.3,bottom_oxide,0.0005250000000000001,1.0000000000000002e-06,5.250000000000001,10.000000000000002,0.012068841659875838,
p2_bulk_nta_1e18_common_primary,NTA 1e18 common-primary state,top_primary,interface_4x,T03_P2_BULK_TRAPS_FORMAL,enabled_symmetric_teaching_top_stack,0.0,0.01,0.0,0.3,bottom_oxide,0.0005250000000000001,1.5000000000000002e-06,5.250000000000001,15.000000000000002,0.018103262454228622,
p2_bulk_nta_1e18_common_primary,NTA 1e18 common-primary state,top_primary,interface_4x,T03_P2_BULK_TRAPS_FORMAL,enabled_symmetric_teaching_top_stack,0.0,0.01,0.0,0.3,bottom_oxide,0.0005250000000000001,2.0000000000000003e-06,5.250000000000001,20.000000000000004,0.024137683205879244,
p2_bulk_nta_1e18_common_primary,NTA 1e18 common-primary state,top_primary,interface_4x,T03_P2_BULK_TRAPS_FORMAL,enabled_symmetric_teaching_top_stack,0.0,0.01,0.0,0.3,bottom_oxide,0.0005250000000000001,2.1250000000000004e-06,5.250000000000001,21.250000000000004,0.025646288384895615,
p2_bulk_nta_1e18_common_primary,NTA 1e18 common-primary state,top_primary,interface_4x,T03_P2_BULK_TRAPS_FORMAL,enabled_symmetric_teaching_top_stack,0.0,0.01,0.0,0.3,bottom_oxide,0.0005250000000000001,2.2500000000000005e-06,5.250000000000001,22.500000000000004,0.02715489356013107,
p2_bulk_nta_1e18_common_primary,NTA 1e18 common-primary state,top_primary,interface_4x,T03_P2_BULK_TRAPS_FORMAL,enabled_symmetric_teaching_top_stack,0.0,0.01,0.0,0.3,bottom_oxide,0.0005250000000000001,2.375e-06,5.250000000000001,23.75,0.028663498731363188,
p2_bulk_nta_1e18_common_primary,NTA 1e18 common-primary state,top_primary,interface_4x,T03_P2_BULK_TRAPS_FORMAL,enabled_symmetric_teaching_top_stack,0.0,0.01,0.0,0.3,bottom_oxide,0.0005250000000000001,2.5e-06,5.250000000000001,25.000000000000004,0.03017210389836958,
p2_bulk_nta_1e18_common_primary,NTA 1e18 common-primary state,top_primary,interface_4x,T03_P2_BULK_TRAPS_FORMAL,enabled_symmetric_teaching_top_stack,0.0,0.01,0.0,0.3,bottom_oxide,0.0005250000000000001,2.6250000000000003e-06,5.250000000000001,26.250000000000004,0.03168070906092783,
p2_bulk_nta_1e18_common_primary,NTA 1e18 common-primary state,top_primary,interface_4x,T03_P2_BULK_TRAPS_FORMAL,enabled_symmetric_teaching_top_stack,0.0,0.01,0.0,0.3,bottom_oxide,0.0005250000000000001,2.75e-06,5.250000000000001,27.5,0.03318931421881552,
p2_bulk_nta_1e18_common_primary,NTA 1e18 common-primary state,top_primary,interface_4x,T03_P2_BULK_TRAPS_FORMAL,enabled_symmetric_teaching_top_stack,0.0,0.01,0.0,0.3,bottom_oxide,0.0005250000000000001,2.875e-06,5.250000000000001,28.75,0.034697919371810264,
p2_bulk_nta_1e18_common_primary,NTA 1e18 common-primary state,top_primary,interface_4x,T03_P2_BULK_TRAPS_FORMAL,enabled_symmetric_teaching_top_stack,0.0,0.01,0.0,0.3,bottom_oxide,0.0005250000000000001,3e-06,5.250000000000001,30.0,0.03620652451968965,
p2_bulk_nta_1e18_common_primary,NTA 1e18 common-primary state,top_primary,interface_4x,T03_P2_BULK_TRAPS_FORMAL,enabled_symmetric_teaching_top_stack,0.0,0.01,0.0,0.3,bottom_oxide,0.0005499999999999999,0.0,5.499999999999999,0.0,0.0,
p2_bulk_nta_1e18_common_primary,NTA 1e18 common-primary state,top_primary,interface_4x,T03_P2_BULK_TRAPS_FORMAL,enabled_symmetric_teaching_top_stack,0.0,0.01,0.0,0.3,bottom_oxide,0.0005499999999999999,5.000000000000001e-07,5.499999999999999,5.000000000000001,0.006059305954074627,
p2_bulk_nta_1e18_common_primary,NTA 1e18 common-primary state,top_primary,interface_4x,T03_P2_BULK_TRAPS_FORMAL,enabled_symmetric_teaching_top_stack,0.0,0.01,0.0,0.3,bottom_oxide,0.0005499999999999999,1.0000000000000002e-06,5.499999999999999,10.000000000000002,0.012118611893852655,
p2_bulk_nta_1e18_common_primary,NTA 1e18 common-primary state,top_primary,interface_4x,T03_P2_BULK_TRAPS_FORMAL,enabled_symmetric_teaching_top_stack,0.0,0.01,0.0,0.3,bottom_oxide,0.0005499999999999999,1.5000000000000002e-06,5.499999999999999,15.000000000000002,0.018177917805037483,
p2_bulk_nta_1e18_common_primary,NTA 1e18 common-primary state,top_primary,interface_4x,T03_P2_BULK_TRAPS_FORMAL,enabled_symmetric_teaching_top_stack,0.0,0.01,0.0,0.3,bottom_oxide,0.0005499999999999999,2.0000000000000003e-06,5.499999999999999,20.000000000000004,0.024237223673332513,
p2_bulk_nta_1e18_common_primary,NTA 1e18 common-primary state,top_primary,interface_4x,T03_P2_BULK_TRAPS_FORMAL,enabled_symmetric_teaching_top_stack,0.0,0.01,0.0,0.3,bottom_oxide,0.0005499999999999999,2.1250000000000004e-06,5.499999999999999,21.250000000000004,0.0257520501314709,
p2_bulk_nta_1e18_common_primary,NTA 1e18 common-primary state,top_primary,interface_4x,T03_P2_BULK_TRAPS_FORMAL,enabled_symmetric_teaching_top_stack,0.0,0.01,0.0,0.3,bottom_oxide,0.0005499999999999999,2.2500000000000005e-06,5.499999999999999,22.500000000000004,0.02726687658581175,
p2_bulk_nta_1e18_common_primary,NTA 1e18 common-primary state,top_primary,interface_4x,T03_P2_BULK_TRAPS_FORMAL,enabled_symmetric_teaching_top_stack,0.0,0.01,0.0,0.3,bottom_oxide,0.0005499999999999999,2.375e-06,5.499999999999999,23.75,0.028781703036131673,
p2_bulk_nta_1e18_common_primary,NTA 1e18 common-primary state,top_primary,interface_4x,T03_P2_BULK_TRAPS_FORMAL,enabled_symmetric_teaching_top_stack,0.0,0.01,0.0,0.3,bottom_oxide,0.0005499999999999999,2.5e-06,5.499999999999999,25.000000000000004,0.0302965294822073,
p2_bulk_nta_1e18_common_primary,NTA 1e18 common-primary state,top_primary,interface_4x,T03_P2_BULK_TRAPS_FORMAL,enabled_symmetric_teaching_top_stack,0.0,0.01,0.0,0.3,bottom_oxide,0.0005499999999999999,2.6250000000000003e-06,5.499999999999999,26.250000000000004,0.031811355923815246,
p2_bulk_nta_1e18_common_primary,NTA 1e18 common-primary state,top_primary,interface_4x,T03_P2_BULK_TRAPS_FORMAL,enabled_symmetric_teaching_top_stack,0.0,0.01,0.0,0.3,bottom_oxide,0.0005499999999999999,2.75e-06,5.499999999999999,27.5,0.03332618236073211,
p2_bulk_nta_1e18_common_primary,NTA 1e18 common-primary state,top_primary,interface_4x,T03_P2_BULK_TRAPS_FORMAL,enabled_symmetric_teaching_top_stack,0.0,0.01,0.0,0.3,bottom_oxide,0.0005499999999999999,2.875e-06,5.499999999999999,28.75,0.034841008792734524,
p2_bulk_nta_1e18_common_primary,NTA 1e18 common-primary state,top_primary,interface_4x,T03_P2_BULK_TRAPS_FORMAL,enabled_symmetric_teaching_top_stack,0.0,0.01,0.0,0.3,bottom_oxide,0.0005499999999999999,3e-06,5.499999999999999,30.0,0.0363558352195991,
p2_bulk_nta_1e18_common_primary,NTA 1e18 common-primary state,top_primary,interface_4x,T03_P2_BULK_TRAPS_FORMAL,enabled_symmetric_teaching_top_stack,0.0,0.01,0.0,0.3,bottom_oxide,0.000575,0.0,5.75,0.0,0.0,
p2_bulk_nta_1e18_common_primary,NTA 1e18 common-primary state,top_primary,interface_4x,T03_P2_BULK_TRAPS_FORMAL,enabled_symmetric_teaching_top_stack,0.0,0.01,0.0,0.3,bottom_oxide,0.000575,5.000000000000001e-07,5.75,5.000000000000001,0.006084226812593255,
p2_bulk_nta_1e18_common_primary,NTA 1e18 common-primary state,top_primary,interface_4x,T03_P2_BULK_TRAPS_FORMAL,enabled_symmetric_teaching_top_stack,0.0,0.01,0.0,0.3,bottom_oxide,0.000575,1.0000000000000002e-06,5.75,10.000000000000002,0.012168453610826904,
p2_bulk_nta_1e18_common_primary,NTA 1e18 common-primary state,top_primary,interface_4x,T03_P2_BULK_TRAPS_FORMAL,enabled_symmetric_teaching_top_stack,0.0,0.01,0.0,0.3,bottom_oxide,0.000575,1.5000000000000002e-06,5.75,15.000000000000002,0.018252680380341346,
p2_bulk_nta_1e18_common_primary,NTA 1e18 common-primary state,top_primary,interface_4x,T03_P2_BULK_TRAPS_FORMAL,enabled_symmetric_teaching_top_stack,0.0,0.01,0.0,0.3,bottom_oxide,0.000575,2.0000000000000003e-06,5.75,20.000000000000004,0.024336907106776974,
p2_bulk_nta_1e18_common_primary,NTA 1e18 common-primary state,top_primary,interface_4x,T03_P2_BULK_TRAPS_FORMAL,enabled_symmetric_teaching_top_stack,0.0,0.01,0.0,0.3,bottom_oxide,0.000575,2.1250000000000004e-06,5.75,21.250000000000004,0.02585796377941113,
p2_bulk_nta_1e18_common_primary,NTA 1e18 common-primary state,top_primary,interface_4x,T03_P2_BULK_TRAPS_FORMAL,enabled_symmetric_teaching_top_stack,0.0,0.01,0.0,0.3,bottom_oxide,0.000575,2.2500000000000005e-06,5.75,22.500000000000004,0.027379020448231015,
p2_bulk_nta_1e18_common_primary,NTA 1e18 common-primary state,top_primary,interface_4x,T03_P2_BULK_TRAPS_FORMAL,enabled_symmetric_teaching_top_stack,0.0,0.01,0.0,0.3,bottom_oxide,0.000575,2.375e-06,5.75,23.75,0.02890007711301226,
p2_bulk_nta_1e18_common_primary,NTA 1e18 common-primary state,top_primary,interface_4x,T03_P2_BULK_TRAPS_FORMAL,enabled_symmetric_teaching_top_stack,0.0,0.01,0.0,0.3,bottom_oxide,0.000575,2.5e-06,5.75,25.000000000000004,0.030421133773530496,
p2_bulk_nta_1e18_common_primary,NTA 1e18 common-primary state,top_primary,interface_4x,T03_P2_BULK_TRAPS_FORMAL,enabled_symmetric_teaching_top_stack,0.0,0.01,0.0,0.3,bottom_oxide,0.000575,2.6250000000000003e-06,5.75,26.250000000000004,0.03194219042956136,
p2_bulk_nta_1e18_common_primary,NTA 1e18 common-primary state,top_primary,interface_4x,T03_P2_BULK_TRAPS_FORMAL,enabled_symmetric_teaching_top_stack,0.0,0.01,0.0,0.3,bottom_oxide,0.000575,2.75e-06,5.75,27.5,0.03346324708088048,
p2_bulk_nta_1e18_common_primary,NTA 1e18 common-primary state,top_primary,interface_4x,T03_P2_BULK_TRAPS_FORMAL,enabled_symmetric_teaching_top_stack,0.0,0.01,0.0,0.3,bottom_oxide,0.000575,2.875e-06,5.75,28.75,0.03498430372726348,
p2_bulk_nta_1e18_common_primary,NTA 1e18 common-primary state,top_primary,interface_4x,T03_P2_BULK_TRAPS_FORMAL,enabled_symmetric_teaching_top_stack,0.0,0.01,0.0,0.3,bottom_oxide,0.000575,3e-06,5.75,30.0,0.036505360368486006,
p2_bulk_nta_1e18_common_primary,NTA 1e18 common-primary state,top_primary,interface_4x,T03_P2_BULK_TRAPS_FORMAL,enabled_symmetric_teaching_top_stack,0.0,0.01,0.0,0.3,bottom_oxide,0.0006000000000000001,0.0,6.000000000000001,0.0,0.0,
p2_bulk_nta_1e18_common_primary,NTA 1e18 common-primary state,top_primary,interface_4x,T03_P2_BULK_TRAPS_FORMAL,enabled_symmetric_teaching_top_stack,0.0,0.01,0.0,0.3,bottom_oxide,0.0006000000000000001,5.000000000000001e-07,6.000000000000001,5.000000000000001,0.006109183570122566,
p2_bulk_nta_1e18_common_primary,NTA 1e18 common-primary state,top_primary,interface_4x,T03_P2_BULK_TRAPS_FORMAL,enabled_symmetric_teaching_top_stack,0.0,0.01,0.0,0.3,bottom_oxide,0.0006000000000000001,1.0000000000000002e-06,6.000000000000001,10.000000000000002,0.01221836712582206,
p2_bulk_nta_1e18_common_primary,NTA 1e18 common-primary state,top_primary,interface_4x,T03_P2_BULK_TRAPS_FORMAL,enabled_symmetric_teaching_top_stack,0.0,0.01,0.0,0.3,bottom_oxide,0.0006000000000000001,1.5000000000000002e-06,6.000000000000001,15.000000000000002,0.018327550652675408,
p2_bulk_nta_1e18_common_primary,NTA 1e18 common-primary state,top_primary,interface_4x,T03_P2_BULK_TRAPS_FORMAL,enabled_symmetric_teaching_top_stack,0.0,0.01,0.0,0.3,bottom_oxide,0.0006000000000000001,2.0000000000000003e-06,6.000000000000001,20.000000000000004,0.02443673413625954,
p2_bulk_nta_1e18_common_primary,NTA 1e18 common-primary state,top_primary,interface_4x,T03_P2_BULK_TRAPS_FORMAL,enabled_symmetric_teaching_top_stack,0.0,0.01,0.0,0.3,bottom_oxide,0.0006000000000000001,2.1250000000000004e-06,6.000000000000001,21.250000000000004,0.025964029998141153,
p2_bulk_nta_1e18_common_primary,NTA 1e18 common-primary state,top_primary,interface_4x,T03_P2_BULK_TRAPS_FORMAL,enabled_symmetric_teaching_top_stack,0.0,0.01,0.0,0.3,bottom_oxide,0.0006000000000000001,2.2500000000000005e-06,6.000000000000001,22.500000000000004,0.027491325856191635,
p2_bulk_nta_1e18_common_primary,NTA 1e18 common-primary state,top_primary,interface_4x,T03_P2_BULK_TRAPS_FORMAL,enabled_symmetric_teaching_top_stack,0.0,0.01,0.0,0.3,bottom_oxide,0.0006000000000000001,2.375e-06,6.000000000000001,23.75,0.029018621710185627,
p2_bulk_nta_1e18_common_primary,NTA 1e18 common-primary state,top_primary,interface_4x,T03_P2_BULK_TRAPS_FORMAL,enabled_symmetric_teaching_top_stack,0.0,0.01,0.0,0.3,bottom_oxide,0.0006000000000000001,2.5e-06,6.000000000000001,25.000000000000004,0.030545917559897773,
p2_bulk_nta_1e18_common_primary,NTA 1e18 common-primary state,top_primary,interface_4x,T03_P2_BULK_TRAPS_FORMAL,enabled_symmetric_teaching_top_stack,0.0,0.01,0.0,0.3,bottom_oxide,0.0006000000000000001,2.6250000000000003e-06,6.000000000000001,26.250000000000004,0.03207321340510271,
p2_bulk_nta_1e18_common_primary,NTA 1e18 common-primary state,top_primary,interface_4x,T03_P2_BULK_TRAPS_FORMAL,enabled_symmetric_teaching_top_stack,0.0,0.01,0.0,0.3,bottom_oxide,0.0006000000000000001,2.75e-06,6.000000000000001,27.5,0.03360050924557507,
p2_bulk_nta_1e18_common_primary,NTA 1e18 common-primary state,top_primary,interface_4x,T03_P2_BULK_TRAPS_FORMAL,enabled_symmetric_teaching_top_stack,0.0,0.01,0.0,0.3,bottom_oxide,0.0006000000000000001,2.875e-06,6.000000000000001,28.75,0.03512780508108951,
p2_bulk_nta_1e18_common_primary,NTA 1e18 common-primary state,top_primary,interface_4x,T03_P2_BULK_TRAPS_FORMAL,enabled_symmetric_teaching_top_stack,0.0,0.01,0.0,0.3,bottom_oxide,0.0006000000000000001,3e-06,6.000000000000001,30.0,0.03665510091142065,
p2_bulk_nta_1e18_common_primary,NTA 1e18 common-primary state,top_primary,interface_4x,T03_P2_BULK_TRAPS_FORMAL,enabled_symmetric_teaching_top_stack,0.0,0.01,0.0,0.3,bottom_oxide,0.000625,0.0,6.25,0.0,0.0,
p2_bulk_nta_1e18_common_primary,NTA 1e18 common-primary state,top_primary,interface_4x,T03_P2_BULK_TRAPS_FORMAL,enabled_symmetric_teaching_top_stack,0.0,0.01,0.0,0.3,bottom_oxide,0.000625,5.000000000000001e-07,6.25,5.000000000000001,0.006134176385333886,
p2_bulk_nta_1e18_common_primary,NTA 1e18 common-primary state,top_primary,interface_4x,T03_P2_BULK_TRAPS_FORMAL,enabled_symmetric_teaching_top_stack,0.0,0.01,0.0,0.3,bottom_oxide,0.000625,1.0000000000000002e-06,6.25,10.000000000000002,0.01226835275618076,
p2_bulk_nta_1e18_common_primary,NTA 1e18 common-primary state,top_primary,interface_4x,T03_P2_BULK_TRAPS_FORMAL,enabled_symmetric_teaching_top_stack,0.0,0.01,0.0,0.3,bottom_oxide,0.000625,1.5000000000000002e-06,6.25,15.000000000000002,0.018402529098053615,
p2_bulk_nta_1e18_common_primary,NTA 1e18 common-primary state,top_primary,interface_4x,T03_P2_BULK_TRAPS_FORMAL,enabled_symmetric_teaching_top_stack,0.0,0.01,0.0,0.3,bottom_oxide,0.000625,2.0000000000000003e-06,6.25,20.000000000000004,0.02453670539646544,
p2_bulk_nta_1e18_common_primary,NTA 1e18 common-primary state,top_primary,interface_4x,T03_P2_BULK_TRAPS_FORMAL,enabled_symmetric_teaching_top_stack,0.0,0.01,0.0,0.3,bottom_oxide,0.000625,2.1250000000000004e-06,6.25,21.250000000000004,0.026070249462014018,
p2_bulk_nta_1e18_common_primary,NTA 1e18 common-primary state,top_primary,interface_4x,T03_P2_BULK_TRAPS_FORMAL,enabled_symmetric_teaching_top_stack,0.0,0.01,0.0,0.3,bottom_oxide,0.000625,2.2500000000000005e-06,6.25,22.500000000000004,0.027603793523714483,
p2_bulk_nta_1e18_common_primary,NTA 1e18 common-primary state,top_primary,interface_4x,T03_P2_BULK_TRAPS_FORMAL,enabled_symmetric_teaching_top_stack,0.0,0.01,0.0,0.3,bottom_oxide,0.000625,2.375e-06,6.25,23.75,0.029137337581340468,
p2_bulk_nta_1e18_common_primary,NTA 1e18 common-primary state,top_primary,interface_4x,T03_P2_BULK_TRAPS_FORMAL,enabled_symmetric_teaching_top_stack,0.0,0.01,0.0,0.3,bottom_oxide,0.000625,2.5e-06,6.25,25.000000000000004,0.030670881634665633,
p2_bulk_nta_1e18_common_primary,NTA 1e18 common-primary state,top_primary,interface_4x,T03_P2_BULK_TRAPS_FORMAL,enabled_symmetric_teaching_top_stack,0.0,0.01,0.0,0.3,bottom_oxide,0.000625,2.6250000000000003e-06,6.25,26.250000000000004,0.03220442568346361,
p2_bulk_nta_1e18_common_primary,NTA 1e18 common-primary state,top_primary,interface_4x,T03_P2_BULK_TRAPS_FORMAL,enabled_symmetric_teaching_top_stack,0.0,0.01,0.0,0.3,bottom_oxide,0.000625,2.75e-06,6.25,27.5,0.03373796972750802,
p2_bulk_nta_1e18_common_primary,NTA 1e18 common-primary state,top_primary,interface_4x,T03_P2_BULK_TRAPS_FORMAL,enabled_symmetric_teaching_top_stack,0.0,0.01,0.0,0.3,bottom_oxide,0.000625,2.875e-06,6.25,28.75,0.03527151376657253,
p2_bulk_nta_1e18_common_primary,NTA 1e18 common-primary state,top_primary,interface_4x,T03_P2_BULK_TRAPS_FORMAL,enabled_symmetric_teaching_top_stack,0.0,0.01,0.0,0.3,bottom_oxide,0.000625,3e-06,6.25,30.0,0.03680505780043078,
p2_bulk_nta_1e18_common_primary,NTA 1e18 common-primary state,top_primary,interface_4x,T03_P2_BULK_TRAPS_FORMAL,enabled_symmetric_teaching_top_stack,0.0,0.01,0.0,0.3,bottom_oxide,0.0006500000000000001,0.0,6.500000000000001,0.0,0.0,
p2_bulk_nta_1e18_common_primary,NTA 1e18 common-primary state,top_primary,interface_4x,T03_P2_BULK_TRAPS_FORMAL,enabled_symmetric_teaching_top_stack,0.0,0.01,0.0,0.3,bottom_oxide,0.0006500000000000001,5.000000000000001e-07,6.500000000000001,5.000000000000001,0.006159205418070093,
p2_bulk_nta_1e18_common_primary,NTA 1e18 common-primary state,top_primary,interface_4x,T03_P2_BULK_TRAPS_FORMAL,enabled_symmetric_teaching_top_stack,0.0,0.01,0.0,0.3,bottom_oxide,0.0006500000000000001,1.0000000000000002e-06,6.500000000000001,10.000000000000002,0.012318410821588766,
p2_bulk_nta_1e18_common_primary,NTA 1e18 common-primary state,top_primary,interface_4x,T03_P2_BULK_TRAPS_FORMAL,enabled_symmetric_teaching_top_stack,0.0,0.01,0.0,0.3,bottom_oxide,0.0006500000000000001,1.5000000000000002e-06,6.500000000000001,15.000000000000002,0.018477616196004597,
p2_bulk_nta_1e18_common_primary,NTA 1e18 common-primary state,top_primary,interface_4x,T03_P2_BULK_TRAPS_FORMAL,enabled_symmetric_teaching_top_stack,0.0,0.01,0.0,0.3,bottom_oxide,0.0006500000000000001,2.0000000000000003e-06,6.500000000000001,20.000000000000004,0.02463682152676617,
p2_bulk_nta_1e18_common_primary,NTA 1e18 common-primary state,top_primary,interface_4x,T03_P2_BULK_TRAPS_FORMAL,enabled_symmetric_teaching_top_stack,0.0,0.01,0.0,0.3,bottom_oxide,0.0006500000000000001,2.1250000000000004e-06,6.500000000000001,21.250000000000004,0.026176622850361923,
p2_bulk_nta_1e18_common_primary,NTA 1e18 common-primary state,top_primary,interface_4x,T03_P2_BULK_TRAPS_FORMAL,enabled_symmetric_teaching_top_stack,0.0,0.01,0.0,0.3,bottom_oxide,0.0006500000000000001,2.2500000000000005e-06,6.500000000000001,22.500000000000004,0.027716424170092457,
p2_bulk_nta_1e18_common_primary,NTA 1e18 common-primary state,top_primary,interface_4x,T03_P2_BULK_TRAPS_FORMAL,enabled_symmetric_teaching_top_stack,0.0,0.01,0.0,0.3,bottom_oxide,0.0006500000000000001,2.375e-06,6.500000000000001,23.75,0.0292562254857304,
p2_bulk_nta_1e18_common_primary,NTA 1e18 common-primary state,top_primary,interface_4x,T03_P2_BULK_TRAPS_FORMAL,enabled_symmetric_teaching_top_stack,0.0,0.01,0.0,0.3,bottom_oxide,0.0006500000000000001,2.5e-06,6.500000000000001,25.000000000000004,0.030796026797048397,
p2_bulk_nta_1e18_common_primary,NTA 1e18 common-primary state,top_primary,interface_4x,T03_P2_BULK_TRAPS_FORMAL,enabled_symmetric_teaching_top_stack,0.0,0.01,0.0,0.3,bottom_oxide,0.0006500000000000001,2.6250000000000003e-06,6.500000000000001,26.250000000000004,0.032335828103819075,
p2_bulk_nta_1e18_common_primary,NTA 1e18 common-primary state,top_primary,interface_4x,T03_P2_BULK_TRAPS_FORMAL,enabled_symmetric_teaching_top_stack,0.0,0.01,0.0,0.3,bottom_oxide,0.0006500000000000001,2.75e-06,6.500000000000001,27.5,0.03387562940581506,
p2_bulk_nta_1e18_common_primary,NTA 1e18 common-primary state,top_primary,interface_4x,T03_P2_BULK_TRAPS_FORMAL,enabled_symmetric_teaching_top_stack,0.0,0.01,0.0,0.3,bottom_oxide,0.0006500000000000001,2.875e-06,6.500000000000001,28.75,0.035415430702809,
p2_bulk_nta_1e18_common_primary,NTA 1e18 common-primary state,top_primary,interface_4x,T03_P2_BULK_TRAPS_FORMAL,enabled_symmetric_teaching_top_stack,0.0,0.01,0.0,0.3,bottom_oxide,0.0006500000000000001,3e-06,6.500000000000001,30.0,0.036955231994573526,
p2_bulk_nta_1e18_common_primary,NTA 1e18 common-primary state,top_primary,interface_4x,T03_P2_BULK_TRAPS_FORMAL,enabled_symmetric_teaching_top_stack,0.0,0.01,0.0,0.3,bottom_oxide,0.000675,0.0,6.75,0.0,0.0,
p2_bulk_nta_1e18_common_primary,NTA 1e18 common-primary state,top_primary,interface_4x,T03_P2_BULK_TRAPS_FORMAL,enabled_symmetric_teaching_top_stack,0.0,0.01,0.0,0.3,bottom_oxide,0.000675,5.000000000000001e-07,6.75,5.000000000000001,0.006184270829357772,
p2_bulk_nta_1e18_common_primary,NTA 1e18 common-primary state,top_primary,interface_4x,T03_P2_BULK_TRAPS_FORMAL,enabled_symmetric_teaching_top_stack,0.0,0.01,0.0,0.3,bottom_oxide,0.000675,1.0000000000000002e-06,6.75,10.000000000000002,0.012368541644099236,
p2_bulk_nta_1e18_common_primary,NTA 1e18 common-primary state,top_primary,interface_4x,T03_P2_BULK_TRAPS_FORMAL,enabled_symmetric_teaching_top_stack,0.0,0.01,0.0,0.3,bottom_oxide,0.000675,1.5000000000000002e-06,6.75,15.000000000000002,0.01855281242960808,
p2_bulk_nta_1e18_common_primary,NTA 1e18 common-primary state,top_primary,interface_4x,T03_P2_BULK_TRAPS_FORMAL,enabled_symmetric_teaching_top_stack,0.0,0.01,0.0,0.3,bottom_oxide,0.000675,2.0000000000000003e-06,6.75,20.000000000000004,0.024737083171267996,
p2_bulk_nta_1e18_common_primary,NTA 1e18 common-primary state,top_primary,interface_4x,T03_P2_BULK_TRAPS_FORMAL,enabled_symmetric_teaching_top_stack,0.0,0.01,0.0,0.3,bottom_oxide,0.000675,2.1250000000000004e-06,6.75,21.250000000000004,0.02628315084754778,
p2_bulk_nta_1e18_common_primary,NTA 1e18 common-primary state,top_primary,interface_4x,T03_P2_BULK_TRAPS_FORMAL,enabled_symmetric_teaching_top_stack,0.0,0.01,0.0,0.3,bottom_oxide,0.000675,2.2500000000000005e-06,6.75,22.500000000000004,0.02782921851994511,
p2_bulk_nta_1e18_common_primary,NTA 1e18 common-primary state,top_primary,interface_4x,T03_P2_BULK_TRAPS_FORMAL,enabled_symmetric_teaching_top_stack,0.0,0.01,0.0,0.3,bottom_oxide,0.000675,2.375e-06,6.75,23.75,0.029375286188231597,
p2_bulk_nta_1e18_common_primary,NTA 1e18 common-primary state,top_primary,interface_4x,T03_P2_BULK_TRAPS_FORMAL,enabled_symmetric_teaching_top_stack,0.0,0.01,0.0,0.3,bottom_oxide,0.000675,2.5e-06,6.75,25.000000000000004,0.030921353852178875,
p2_bulk_nta_1e18_common_primary,NTA 1e18 common-primary state,top_primary,interface_4x,T03_P2_BULK_TRAPS_FORMAL,enabled_symmetric_teaching_top_stack,0.0,0.01,0.0,0.3,bottom_oxide,0.000675,2.6250000000000003e-06,6.75,26.250000000000004,0.032467421511558556,
p2_bulk_nta_1e18_common_primary,NTA 1e18 common-primary state,top_primary,interface_4x,T03_P2_BULK_TRAPS_FORMAL,enabled_symmetric_teaching_top_stack,0.0,0.01,0.0,0.3,bottom_oxide,0.000675,2.75e-06,6.75,27.5,0.034013489166142254,
p2_bulk_nta_1e18_common_primary,NTA 1e18 common-primary state,top_primary,interface_4x,T03_P2_BULK_TRAPS_FORMAL,enabled_symmetric_teaching_top_stack,0.0,0.01,0.0,0.3,bottom_oxide,0.000675,2.875e-06,6.75,28.75,0.035559556815701596,
p2_bulk_nta_1e18_common_primary,NTA 1e18 common-primary state,top_primary,interface_4x,T03_P2_BULK_TRAPS_FORMAL,enabled_symmetric_teaching_top_stack,0.0,0.01,0.0,0.3,bottom_oxide,0.000675,3e-06,6.75,30.0,0.03710562446000821,
p2_bulk_nta_1e18_common_primary,NTA 1e18 common-primary state,top_primary,interface_4x,T03_P2_BULK_TRAPS_FORMAL,enabled_symmetric_teaching_top_stack,0.0,0.01,0.0,0.3,bottom_oxide,0.0007,0.0,7.0,0.0,0.0,
p2_bulk_nta_1e18_common_primary,NTA 1e18 common-primary state,top_primary,interface_4x,T03_P2_BULK_TRAPS_FORMAL,enabled_symmetric_teaching_top_stack,0.0,0.01,0.0,0.3,bottom_oxide,0.0007,5.000000000000001e-07,7.0,5.000000000000001,0.006209372781419499,
p2_bulk_nta_1e18_common_primary,NTA 1e18 common-primary state,top_primary,interface_4x,T03_P2_BULK_TRAPS_FORMAL,enabled_symmetric_teaching_top_stack,0.0,0.01,0.0,0.3,bottom_oxide,0.0007,1.0000000000000002e-06,7.0,10.000000000000002,0.012418745548157315,
p2_bulk_nta_1e18_common_primary,NTA 1e18 common-primary state,top_primary,interface_4x,T03_P2_BULK_TRAPS_FORMAL,enabled_symmetric_teaching_top_stack,0.0,0.01,0.0,0.3,bottom_oxide,0.0007,1.5000000000000002e-06,7.0,15.000000000000002,0.018628118285531767,
p2_bulk_nta_1e18_common_primary,NTA 1e18 common-primary state,top_primary,interface_4x,T03_P2_BULK_TRAPS_FORMAL,enabled_symmetric_teaching_top_stack,0.0,0.01,0.0,0.3,bottom_oxide,0.0007,2.0000000000000003e-06,7.0,20.000000000000004,0.024837490978861173,
p2_bulk_nta_1e18_common_primary,NTA 1e18 common-primary state,top_primary,interface_4x,T03_P2_BULK_TRAPS_FORMAL,enabled_symmetric_teaching_top_stack,0.0,0.01,0.0,0.3,bottom_oxide,0.0007,2.1250000000000004e-06,7.0,21.250000000000004,0.026389834143017477,
p2_bulk_nta_1e18_common_primary,NTA 1e18 common-primary state,top_primary,interface_4x,T03_P2_BULK_TRAPS_FORMAL,enabled_symmetric_teaching_top_stack,0.0,0.01,0.0,0.3,bottom_oxide,0.0007,2.2500000000000005e-06,7.0,22.500000000000004,0.027942177303273957,
p2_bulk_nta_1e18_common_primary,NTA 1e18 common-primary state,top_primary,interface_4x,T03_P2_BULK_TRAPS_FORMAL,enabled_symmetric_teaching_top_stack,0.0,0.01,0.0,0.3,bottom_oxide,0.0007,2.375e-06,7.0,23.75,0.029494520459401208,
p2_bulk_nta_1e18_common_primary,NTA 1e18 common-primary state,top_primary,interface_4x,T03_P2_BULK_TRAPS_FORMAL,enabled_symmetric_teaching_top_stack,0.0,0.01,0.0,0.3,bottom_oxide,0.0007,2.5e-06,7.0,25.000000000000004,0.03104686361116984,
p2_bulk_nta_1e18_common_primary,NTA 1e18 common-primary state,top_primary,interface_4x,T03_P2_BULK_TRAPS_FORMAL,enabled_symmetric_teaching_top_stack,0.0,0.01,0.0,0.3,bottom_oxide,0.0007,2.6250000000000003e-06,7.0,26.250000000000004,0.03259920675835045,
p2_bulk_nta_1e18_common_primary,NTA 1e18 common-primary state,top_primary,interface_4x,T03_P2_BULK_TRAPS_FORMAL,enabled_symmetric_teaching_top_stack,0.0,0.01,0.0,0.3,bottom_oxide,0.0007,2.75e-06,7.0,27.5,0.034151549900713625,
p2_bulk_nta_1e18_common_primary,NTA 1e18 common-primary state,top_primary,interface_4x,T03_P2_BULK_TRAPS_FORMAL,enabled_symmetric_teaching_top_stack,0.0,0.01,0.0,0.3,bottom_oxide,0.0007,2.875e-06,7.0,28.75,0.035703893038029975,
p2_bulk_nta_1e18_common_primary,NTA 1e18 common-primary state,top_primary,interface_4x,T03_P2_BULK_TRAPS_FORMAL,enabled_symmetric_teaching_top_stack,0.0,0.01,0.0,0.3,bottom_oxide,0.0007,3e-06,7.0,30.0,0.0372562361700701,
p2_bulk_nta_1e18_common_primary,NTA 1e18 common-primary state,top_primary,interface_4x,T03_P2_BULK_TRAPS_FORMAL,enabled_symmetric_teaching_top_stack,0.0,0.01,0.0,0.3,bottom_oxide,0.0007250000000000001,0.0,7.250000000000001,0.0,0.0,
p2_bulk_nta_1e18_common_primary,NTA 1e18 common-primary state,top_primary,interface_4x,T03_P2_BULK_TRAPS_FORMAL,enabled_symmetric_teaching_top_stack,0.0,0.01,0.0,0.3,bottom_oxide,0.0007250000000000001,5.000000000000001e-07,7.250000000000001,5.000000000000001,0.006234511437686307,
p2_bulk_nta_1e18_common_primary,NTA 1e18 common-primary state,top_primary,interface_4x,T03_P2_BULK_TRAPS_FORMAL,enabled_symmetric_teaching_top_stack,0.0,0.01,0.0,0.3,bottom_oxide,0.0007250000000000001,1.0000000000000002e-06,7.250000000000001,10.000000000000002,0.012469022860625073,
p2_bulk_nta_1e18_common_primary,NTA 1e18 common-primary state,top_primary,interface_4x,T03_P2_BULK_TRAPS_FORMAL,enabled_symmetric_teaching_top_stack,0.0,0.01,0.0,0.3,bottom_oxide,0.0007250000000000001,1.5000000000000002e-06,7.250000000000001,15.000000000000002,0.018703534254068753,
p2_bulk_nta_1e18_common_primary,NTA 1e18 common-primary state,top_primary,interface_4x,T03_P2_BULK_TRAPS_FORMAL,enabled_symmetric_teaching_top_stack,0.0,0.01,0.0,0.3,bottom_oxide,0.0007250000000000001,2.0000000000000003e-06,7.250000000000001,20.000000000000004,0.024938045603269805,
p2_bulk_nta_1e18_common_primary,NTA 1e18 common-primary state,top_primary,interface_4x,T03_P2_BULK_TRAPS_FORMAL,enabled_symmetric_teaching_top_stack,0.0,0.01,0.0,0.3,bottom_oxide,0.0007250000000000001,2.1250000000000004e-06,7.250000000000001,21.250000000000004,0.026496673431352855,
p2_bulk_nta_1e18_common_primary,NTA 1e18 common-primary state,top_primary,interface_4x,T03_P2_BULK_TRAPS_FORMAL,enabled_symmetric_teaching_top_stack,0.0,0.01,0.0,0.3,bottom_oxide,0.0007250000000000001,2.2500000000000005e-06,7.250000000000001,22.500000000000004,0.028055301255518587,
p2_bulk_nta_1e18_common_primary,NTA 1e18 common-primary state,top_primary,interface_4x,T03_P2_BULK_TRAPS_FORMAL,enabled_symmetric_teaching_top_stack,0.0,0.01,0.0,0.3,bottom_oxide,0.0007250000000000001,2.375e-06,7.250000000000001,23.75,0.02961392907553657,
p2_bulk_nta_1e18_common_primary,NTA 1e18 common-primary state,top_primary,interface_4x,T03_P2_BULK_TRAPS_FORMAL,enabled_symmetric_teaching_top_stack,0.0,0.01,0.0,0.3,bottom_oxide,0.0007250000000000001,2.5e-06,7.250000000000001,25.000000000000004,0.03117255689117638,
p2_bulk_nta_1e18_common_primary,NTA 1e18 common-primary state,top_primary,interface_4x,T03_P2_BULK_TRAPS_FORMAL,enabled_symmetric_teaching_top_stack,0.0,0.01,0.0,0.3,bottom_oxide,0.0007250000000000001,2.6250000000000003e-06,7.250000000000001,26.250000000000004,0.03273118470220759,
p2_bulk_nta_1e18_common_primary,NTA 1e18 common-primary state,top_primary,interface_4x,T03_P2_BULK_TRAPS_FORMAL,enabled_symmetric_teaching_top_stack,0.0,0.01,0.0,0.3,bottom_oxide,0.0007250000000000001,2.75e-06,7.250000000000001,27.5,0.03428981250839975,
p2_bulk_nta_1e18_common_primary,NTA 1e18 common-primary state,top_primary,interface_4x,T03_P2_BULK_TRAPS_FORMAL,enabled_symmetric_teaching_top_stack,0.0,0.01,0.0,0.3,bottom_oxide,0.0007250000000000001,2.875e-06,7.250000000000001,28.75,0.035848440309522445,
p2_bulk_nta_1e18_common_primary,NTA 1e18 common-primary state,top_primary,interface_4x,T03_P2_BULK_TRAPS_FORMAL,enabled_symmetric_teaching_top_stack,0.0,0.01,0.0,0.3,bottom_oxide,0.0007250000000000001,3e-06,7.250000000000001,30.0,0.03740706810534525,
p2_bulk_nta_1e18_common_primary,NTA 1e18 common-primary state,top_primary,interface_4x,T03_P2_BULK_TRAPS_FORMAL,enabled_symmetric_teaching_top_stack,0.0,0.01,0.0,0.3,bottom_oxide,0.00075,0.0,7.5,0.0,0.0,
p2_bulk_nta_1e18_common_primary,NTA 1e18 common-primary state,top_primary,interface_4x,T03_P2_BULK_TRAPS_FORMAL,enabled_symmetric_teaching_top_stack,0.0,0.01,0.0,0.3,bottom_oxide,0.00075,5.000000000000001e-07,7.5,5.000000000000001,0.006259686962810328,
p2_bulk_nta_1e18_common_primary,NTA 1e18 common-primary state,top_primary,interface_4x,T03_P2_BULK_TRAPS_FORMAL,enabled_symmetric_teaching_top_stack,0.0,0.01,0.0,0.3,bottom_oxide,0.00075,1.0000000000000002e-06,7.5,10.000000000000002,0.012519373910806758,
p2_bulk_nta_1e18_common_primary,NTA 1e18 common-primary state,top_primary,interface_4x,T03_P2_BULK_TRAPS_FORMAL,enabled_symmetric_teaching_top_stack,0.0,0.01,0.0,0.3,bottom_oxide,0.00075,1.5000000000000002e-06,7.5,15.000000000000002,0.018779060829175395,
p2_bulk_nta_1e18_common_primary,NTA 1e18 common-primary state,top_primary,interface_4x,T03_P2_BULK_TRAPS_FORMAL,enabled_symmetric_teaching_top_stack,0.0,0.01,0.0,0.3,bottom_oxide,0.00075,2.0000000000000003e-06,7.5,20.000000000000004,0.02503874770310234,
p2_bulk_nta_1e18_common_primary,NTA 1e18 common-primary state,top_primary,interface_4x,T03_P2_BULK_TRAPS_FORMAL,enabled_symmetric_teaching_top_stack,0.0,0.01,0.0,0.3,bottom_oxide,0.00075,2.1250000000000004e-06,7.5,21.250000000000004,0.026603669412325393,
p2_bulk_nta_1e18_common_primary,NTA 1e18 common-primary state,top_primary,interface_4x,T03_P2_BULK_TRAPS_FORMAL,enabled_symmetric_teaching_top_stack,0.0,0.01,0.0,0.3,bottom_oxide,0.00075,2.2500000000000005e-06,7.5,22.500000000000004,0.028168591117613502,
p2_bulk_nta_1e18_common_primary,NTA 1e18 common-primary state,top_primary,interface_4x,T03_P2_BULK_TRAPS_FORMAL,enabled_symmetric_teaching_top_stack,0.0,0.01,0.0,0.3,bottom_oxide,0.00075,2.375e-06,7.5,23.75,0.029733512818735198,
p2_bulk_nta_1e18_common_primary,NTA 1e18 common-primary state,top_primary,interface_4x,T03_P2_BULK_TRAPS_FORMAL,enabled_symmetric_teaching_top_stack,0.0,0.01,0.0,0.3,bottom_oxide,0.00075,2.5e-06,7.5,25.000000000000004,0.03129843451545902,
p2_bulk_nta_1e18_common_primary,NTA 1e18 common-primary state,top_primary,interface_4x,T03_P2_BULK_TRAPS_FORMAL,enabled_symmetric_teaching_top_stack,0.0,0.01,0.0,0.3,bottom_oxide,0.00075,2.6250000000000003e-06,7.5,26.250000000000004,0.032863356207553505,
p2_bulk_nta_1e18_common_primary,NTA 1e18 common-primary state,top_primary,interface_4x,T03_P2_BULK_TRAPS_FORMAL,enabled_symmetric_teaching_top_stack,0.0,0.01,0.0,0.3,bottom_oxide,0.00075,2.75e-06,7.5,27.5,0.034428277894787175,
p2_bulk_nta_1e18_common_primary,NTA 1e18 common-primary state,top_primary,interface_4x,T03_P2_BULK_TRAPS_FORMAL,enabled_symmetric_teaching_top_stack,0.0,0.01,0.0,0.3,bottom_oxide,0.00075,2.875e-06,7.5,28.75,0.03599319957692857,
p2_bulk_nta_1e18_common_primary,NTA 1e18 common-primary state,top_primary,interface_4x,T03_P2_BULK_TRAPS_FORMAL,enabled_symmetric_teaching_top_stack,0.0,0.01,0.0,0.3,bottom_oxide,0.00075,3e-06,7.5,30.0,0.037558121253746225,
p2_bulk_nta_1e18_common_primary,NTA 1e18 common-primary state,top_primary,interface_4x,T03_P2_BULK_TRAPS_FORMAL,enabled_symmetric_teaching_top_stack,0.0,0.01,0.0,0.3,bottom_oxide,0.000775,0.0,7.75,0.0,0.0,
p2_bulk_nta_1e18_common_primary,NTA 1e18 common-primary state,top_primary,interface_4x,T03_P2_BULK_TRAPS_FORMAL,enabled_symmetric_teaching_top_stack,0.0,0.01,0.0,0.3,bottom_oxide,0.000775,5.000000000000001e-07,7.75,5.000000000000001,0.006284899522677582,
p2_bulk_nta_1e18_common_primary,NTA 1e18 common-primary state,top_primary,interface_4x,T03_P2_BULK_TRAPS_FORMAL,enabled_symmetric_teaching_top_stack,0.0,0.01,0.0,0.3,bottom_oxide,0.000775,1.0000000000000002e-06,7.75,10.000000000000002,0.012569799030474412,
p2_bulk_nta_1e18_common_primary,NTA 1e18 common-primary state,top_primary,interface_4x,T03_P2_BULK_TRAPS_FORMAL,enabled_symmetric_teaching_top_stack,0.0,0.01,0.0,0.3,bottom_oxide,0.000775,1.5000000000000002e-06,7.75,15.000000000000002,0.018854698508509744,
p2_bulk_nta_1e18_common_primary,NTA 1e18 common-primary state,top_primary,interface_4x,T03_P2_BULK_TRAPS_FORMAL,enabled_symmetric_teaching_top_stack,0.0,0.01,0.0,0.3,bottom_oxide,0.000775,2.0000000000000003e-06,7.75,20.000000000000004,0.025139597941902823,
p2_bulk_nta_1e18_common_primary,NTA 1e18 common-primary state,top_primary,interface_4x,T03_P2_BULK_TRAPS_FORMAL,enabled_symmetric_teaching_top_stack,0.0,0.01,0.0,0.3,bottom_oxide,0.000775,2.1250000000000004e-06,7.75,21.250000000000004,0.026710822790950627,
p2_bulk_nta_1e18_common_primary,NTA 1e18 common-primary state,top_primary,interface_4x,T03_P2_BULK_TRAPS_FORMAL,enabled_symmetric_teaching_top_stack,0.0,0.01,0.0,0.3,bottom_oxide,0.000775,2.2500000000000005e-06,7.75,22.500000000000004,0.028282047636045728,
p2_bulk_nta_1e18_common_primary,NTA 1e18 common-primary state,top_primary,interface_4x,T03_P2_BULK_TRAPS_FORMAL,enabled_symmetric_teaching_top_stack,0.0,0.01,0.0,0.3,bottom_oxide,0.000775,2.375e-06,7.75,23.75,0.029853272476955618,
p2_bulk_nta_1e18_common_primary,NTA 1e18 common-primary state,top_primary,interface_4x,T03_P2_BULK_TRAPS_FORMAL,enabled_symmetric_teaching_top_stack,0.0,0.01,0.0,0.3,bottom_oxide,0.000775,2.5e-06,7.75,25.000000000000004,0.031424497313447784,
p2_bulk_nta_1e18_common_primary,NTA 1e18 common-primary state,top_primary,interface_4x,T03_P2_BULK_TRAPS_FORMAL,enabled_symmetric_teaching_top_stack,0.0,0.01,0.0,0.3,bottom_oxide,0.000775,2.6250000000000003e-06,7.75,26.250000000000004,0.03299572214528972,
p2_bulk_nta_1e18_common_primary,NTA 1e18 common-primary state,top_primary,interface_4x,T03_P2_BULK_TRAPS_FORMAL,enabled_symmetric_teaching_top_stack,0.0,0.01,0.0,0.3,bottom_oxide,0.000775,2.75e-06,7.75,27.5,0.03456694697224891,
p2_bulk_nta_1e18_common_primary,NTA 1e18 common-primary state,top_primary,interface_4x,T03_P2_BULK_TRAPS_FORMAL,enabled_symmetric_teaching_top_stack,0.0,0.01,0.0,0.3,bottom_oxide,0.000775,2.875e-06,7.75,28.75,0.03613817179409284,
p2_bulk_nta_1e18_common_primary,NTA 1e18 common-primary state,top_primary,interface_4x,T03_P2_BULK_TRAPS_FORMAL,enabled_symmetric_teaching_top_stack,0.0,0.01,0.0,0.3,bottom_oxide,0.000775,3e-06,7.75,30.0,0.037709396610588995,
p2_bulk_nta_1e18_common_primary,NTA 1e18 common-primary state,top_primary,interface_4x,T03_P2_BULK_TRAPS_FORMAL,enabled_symmetric_teaching_top_stack,0.0,0.01,0.0,0.3,bottom_oxide,0.0008,0.0,8.0,0.0,0.0,
p2_bulk_nta_1e18_common_primary,NTA 1e18 common-primary state,top_primary,interface_4x,T03_P2_BULK_TRAPS_FORMAL,enabled_symmetric_teaching_top_stack,0.0,0.01,0.0,0.3,bottom_oxide,0.0008,5.000000000000001e-07,8.0,5.000000000000001,0.006310149284420961,
p2_bulk_nta_1e18_common_primary,NTA 1e18 common-primary state,top_primary,interface_4x,T03_P2_BULK_TRAPS_FORMAL,enabled_symmetric_teaching_top_stack,0.0,0.01,0.0,0.3,bottom_oxide,0.0008,1.0000000000000002e-06,8.0,10.000000000000002,0.012620298553893813,
p2_bulk_nta_1e18_common_primary,NTA 1e18 common-primary state,top_primary,interface_4x,T03_P2_BULK_TRAPS_FORMAL,enabled_symmetric_teaching_top_stack,0.0,0.01,0.0,0.3,bottom_oxide,0.0008,1.5000000000000002e-06,8.0,15.000000000000002,0.018930447793470452,
p2_bulk_nta_1e18_common_primary,NTA 1e18 common-primary state,top_primary,interface_4x,T03_P2_BULK_TRAPS_FORMAL,enabled_symmetric_teaching_top_stack,0.0,0.01,0.0,0.3,bottom_oxide,0.0008,2.0000000000000003e-06,8.0,20.000000000000004,0.025240596988202767,
p2_bulk_nta_1e18_common_primary,NTA 1e18 common-primary state,top_primary,interface_4x,T03_P2_BULK_TRAPS_FORMAL,enabled_symmetric_teaching_top_stack,0.0,0.01,0.0,0.3,bottom_oxide,0.0008,2.1250000000000004e-06,8.0,21.250000000000004,0.02681813427754328,
p2_bulk_nta_1e18_common_primary,NTA 1e18 common-primary state,top_primary,interface_4x,T03_P2_BULK_TRAPS_FORMAL,enabled_symmetric_teaching_top_stack,0.0,0.01,0.0,0.3,bottom_oxide,0.0008,2.2500000000000005e-06,8.0,22.500000000000004,0.028395671562913203,
p2_bulk_nta_1e18_common_primary,NTA 1e18 common-primary state,top_primary,interface_4x,T03_P2_BULK_TRAPS_FORMAL,enabled_symmetric_teaching_top_stack,0.0,0.01,0.0,0.3,bottom_oxide,0.0008,2.375e-06,8.0,23.75,0.029973208844078964,
p2_bulk_nta_1e18_common_primary,NTA 1e18 common-primary state,top_primary,interface_4x,T03_P2_BULK_TRAPS_FORMAL,enabled_symmetric_teaching_top_stack,0.0,0.01,0.0,0.3,bottom_oxide,0.0008,2.5e-06,8.0,25.000000000000004,0.03155074612080701,
p2_bulk_nta_1e18_common_primary,NTA 1e18 common-primary state,top_primary,interface_4x,T03_P2_BULK_TRAPS_FORMAL,enabled_symmetric_teaching_top_stack,0.0,0.01,0.0,0.3,bottom_oxide,0.0008,2.6250000000000003e-06,8.0,26.250000000000004,0.03312828339286378,
p2_bulk_nta_1e18_common_primary,NTA 1e18 common-primary state,top_primary,interface_4x,T03_P2_BULK_TRAPS_FORMAL,enabled_symmetric_teaching_top_stack,0.0,0.01,0.0,0.3,bottom_oxide,0.0008,2.75e-06,8.0,27.5,0.034705820660015686,
p2_bulk_nta_1e18_common_primary,NTA 1e18 common-primary state,top_primary,interface_4x,T03_P2_BULK_TRAPS_FORMAL,enabled_symmetric_teaching_top_stack,0.0,0.01,0.0,0.3,bottom_oxide,0.0008,2.875e-06,8.0,28.75,0.03628335792202919,
p2_bulk_nta_1e18_common_primary,NTA 1e18 common-primary state,top_primary,interface_4x,T03_P2_BULK_TRAPS_FORMAL,enabled_symmetric_teaching_top_stack,0.0,0.01,0.0,0.3,bottom_oxide,0.0008,3e-06,8.0,30.0,0.03786089517867072,
p2_bulk_nta_1e18_common_primary,NTA 1e18 common-primary state,top_primary,interface_4x,T03_P2_BULK_TRAPS_FORMAL,enabled_symmetric_teaching_top_stack,0.0,0.01,0.0,0.3,bottom_oxide,0.000825,0.0,8.25,0.0,0.0,
p2_bulk_nta_1e18_common_primary,NTA 1e18 common-primary state,top_primary,interface_4x,T03_P2_BULK_TRAPS_FORMAL,enabled_symmetric_teaching_top_stack,0.0,0.01,0.0,0.3,bottom_oxide,0.000825,5.000000000000001e-07,8.25,5.000000000000001,0.006335436416433371,
p2_bulk_nta_1e18_common_primary,NTA 1e18 common-primary state,top_primary,interface_4x,T03_P2_BULK_TRAPS_FORMAL,enabled_symmetric_teaching_top_stack,0.0,0.01,0.0,0.3,bottom_oxide,0.000825,1.0000000000000002e-06,8.25,10.000000000000002,0.012670872817850768,
p2_bulk_nta_1e18_common_primary,NTA 1e18 common-primary state,top_primary,interface_4x,T03_P2_BULK_TRAPS_FORMAL,enabled_symmetric_teaching_top_stack,0.0,0.01,0.0,0.3,bottom_oxide,0.000825,1.5000000000000002e-06,8.25,15.000000000000002,0.019006309189236216,
p2_bulk_nta_1e18_common_primary,NTA 1e18 common-primary state,top_primary,interface_4x,T03_P2_BULK_TRAPS_FORMAL,enabled_symmetric_teaching_top_stack,0.0,0.01,0.0,0.3,bottom_oxide,0.000825,2.0000000000000003e-06,8.25,20.000000000000004,0.025341745515573742,
p2_bulk_nta_1e18_common_primary,NTA 1e18 common-primary state,top_primary,interface_4x,T03_P2_BULK_TRAPS_FORMAL,enabled_symmetric_teaching_top_stack,0.0,0.01,0.0,0.3,bottom_oxide,0.000825,2.1250000000000004e-06,8.25,21.250000000000004,0.026925604587773138,
p2_bulk_nta_1e18_common_primary,NTA 1e18 common-primary state,top_primary,interface_4x,T03_P2_BULK_TRAPS_FORMAL,enabled_symmetric_teaching_top_stack,0.0,0.01,0.0,0.3,bottom_oxide,0.000825,2.2500000000000005e-06,8.25,22.500000000000004,0.02850946365598392,
p2_bulk_nta_1e18_common_primary,NTA 1e18 common-primary state,top_primary,interface_4x,T03_P2_BULK_TRAPS_FORMAL,enabled_symmetric_teaching_top_stack,0.0,0.01,0.0,0.3,bottom_oxide,0.000825,2.375e-06,8.25,23.75,0.030093322719971453,
p2_bulk_nta_1e18_common_primary,NTA 1e18 common-primary state,top_primary,interface_4x,T03_P2_BULK_TRAPS_FORMAL,enabled_symmetric_teaching_top_stack,0.0,0.01,0.0,0.3,bottom_oxide,0.000825,2.5e-06,8.25,25.000000000000004,0.03167718177950112,
p2_bulk_nta_1e18_common_primary,NTA 1e18 common-primary state,top_primary,interface_4x,T03_P2_BULK_TRAPS_FORMAL,enabled_symmetric_teaching_top_stack,0.0,0.01,0.0,0.3,bottom_oxide,0.000825,2.6250000000000003e-06,8.25,26.250000000000004,0.033261040834338305,
p2_bulk_nta_1e18_common_primary,NTA 1e18 common-primary state,top_primary,interface_4x,T03_P2_BULK_TRAPS_FORMAL,enabled_symmetric_teaching_top_stack,0.0,0.01,0.0,0.3,bottom_oxide,0.000825,2.75e-06,8.25,27.5,0.03484489988424836,
p2_bulk_nta_1e18_common_primary,NTA 1e18 common-primary state,top_primary,interface_4x,T03_P2_BULK_TRAPS_FORMAL,enabled_symmetric_teaching_top_stack,0.0,0.01,0.0,0.3,bottom_oxide,0.000825,2.875e-06,8.25,28.75,0.036428758928996684,
p2_bulk_nta_1e18_common_primary,NTA 1e18 common-primary state,top_primary,interface_4x,T03_P2_BULK_TRAPS_FORMAL,enabled_symmetric_teaching_top_stack,0.0,0.01,0.0,0.3,bottom_oxide,0.000825,3e-06,8.25,30.0,0.03801261796834864,
p2_bulk_nta_1e18_common_primary,NTA 1e18 common-primary state,top_primary,interface_4x,T03_P2_BULK_TRAPS_FORMAL,enabled_symmetric_teaching_top_stack,0.0,0.01,0.0,0.3,bottom_oxide,0.0008500000000000001,0.0,8.5,0.0,0.0,
p2_bulk_nta_1e18_common_primary,NTA 1e18 common-primary state,top_primary,interface_4x,T03_P2_BULK_TRAPS_FORMAL,enabled_symmetric_teaching_top_stack,0.0,0.01,0.0,0.3,bottom_oxide,0.0008500000000000001,5.000000000000001e-07,8.5,5.000000000000001,0.006360761088381062,
p2_bulk_nta_1e18_common_primary,NTA 1e18 common-primary state,top_primary,interface_4x,T03_P2_BULK_TRAPS_FORMAL,enabled_symmetric_teaching_top_stack,0.0,0.01,0.0,0.3,bottom_oxide,0.0008500000000000001,1.0000000000000002e-06,8.5,10.000000000000002,0.012721522161677769,
p2_bulk_nta_1e18_common_primary,NTA 1e18 common-primary state,top_primary,interface_4x,T03_P2_BULK_TRAPS_FORMAL,enabled_symmetric_teaching_top_stack,0.0,0.01,0.0,0.3,bottom_oxide,0.0008500000000000001,1.5000000000000002e-06,8.5,15.000000000000002,0.019082283204805768,
p2_bulk_nta_1e18_common_primary,NTA 1e18 common-primary state,top_primary,interface_4x,T03_P2_BULK_TRAPS_FORMAL,enabled_symmetric_teaching_top_stack,0.0,0.01,0.0,0.3,bottom_oxide,0.0008500000000000001,2.0000000000000003e-06,8.5,20.000000000000004,0.025443044202680704,
p2_bulk_nta_1e18_common_primary,NTA 1e18 common-primary state,top_primary,interface_4x,T03_P2_BULK_TRAPS_FORMAL,enabled_symmetric_teaching_top_stack,0.0,0.01,0.0,0.3,bottom_oxide,0.0008500000000000001,2.1250000000000004e-06,8.5,21.250000000000004,0.027033234442721717,
p2_bulk_nta_1e18_common_primary,NTA 1e18 common-primary state,top_primary,interface_4x,T03_P2_BULK_TRAPS_FORMAL,enabled_symmetric_teaching_top_stack,0.0,0.01,0.0,0.3,bottom_oxide,0.0008500000000000001,2.2500000000000005e-06,8.5,22.500000000000004,0.028623424678755945,
p2_bulk_nta_1e18_common_primary,NTA 1e18 common-primary state,top_primary,interface_4x,T03_P2_BULK_TRAPS_FORMAL,enabled_symmetric_teaching_top_stack,0.0,0.01,0.0,0.3,bottom_oxide,0.0008500000000000001,2.375e-06,8.5,23.75,0.0302136149105477,
p2_bulk_nta_1e18_common_primary,NTA 1e18 common-primary state,top_primary,interface_4x,T03_P2_BULK_TRAPS_FORMAL,enabled_symmetric_teaching_top_stack,0.0,0.01,0.0,0.3,bottom_oxide,0.0008500000000000001,2.5e-06,8.5,25.000000000000004,0.03180380513786129,
p2_bulk_nta_1e18_common_primary,NTA 1e18 common-primary state,top_primary,interface_4x,T03_P2_BULK_TRAPS_FORMAL,enabled_symmetric_teaching_top_stack,0.0,0.01,0.0,0.3,bottom_oxide,0.0008500000000000001,2.6250000000000003e-06,8.5,26.250000000000004,0.03339399536046102,
p2_bulk_nta_1e18_common_primary,NTA 1e18 common-primary state,top_primary,interface_4x,T03_P2_BULK_TRAPS_FORMAL,enabled_symmetric_teaching_top_stack,0.0,0.01,0.0,0.3,bottom_oxide,0.0008500000000000001,2.75e-06,8.5,27.5,0.034984185578111185,
p2_bulk_nta_1e18_common_primary,NTA 1e18 common-primary state,top_primary,interface_4x,T03_P2_BULK_TRAPS_FORMAL,enabled_symmetric_teaching_top_stack,0.0,0.01,0.0,0.3,bottom_oxide,0.0008500000000000001,2.875e-06,8.5,28.75,0.03657437579057611,
p2_bulk_nta_1e18_common_primary,NTA 1e18 common-primary state,top_primary,interface_4x,T03_P2_BULK_TRAPS_FORMAL,enabled_symmetric_teaching_top_stack,0.0,0.01,0.0,0.3,bottom_oxide,0.0008500000000000001,3e-06,8.5,30.0,0.0381645659976201,
p2_bulk_nta_1e18_common_primary,NTA 1e18 common-primary state,top_primary,interface_4x,T03_P2_BULK_TRAPS_FORMAL,enabled_symmetric_teaching_top_stack,0.0,0.01,0.0,0.3,bottom_oxide,0.0008750000000000001,0.0,8.750000000000002,0.0,0.0,
p2_bulk_nta_1e18_common_primary,NTA 1e18 common-primary state,top_primary,interface_4x,T03_P2_BULK_TRAPS_FORMAL,enabled_symmetric_teaching_top_stack,0.0,0.01,0.0,0.3,bottom_oxide,0.0008750000000000001,5.000000000000001e-07,8.750000000000002,5.000000000000001,0.006386123471215211,
p2_bulk_nta_1e18_common_primary,NTA 1e18 common-primary state,top_primary,interface_4x,T03_P2_BULK_TRAPS_FORMAL,enabled_symmetric_teaching_top_stack,0.0,0.01,0.0,0.3,bottom_oxide,0.0008750000000000001,1.0000000000000002e-06,8.750000000000002,10.000000000000002,0.01277224692727745,
p2_bulk_nta_1e18_common_primary,NTA 1e18 common-primary state,top_primary,interface_4x,T03_P2_BULK_TRAPS_FORMAL,enabled_symmetric_teaching_top_stack,0.0,0.01,0.0,0.3,bottom_oxide,0.0008750000000000001,1.5000000000000002e-06,8.750000000000002,15.000000000000002,0.019158370353033704,
p2_bulk_nta_1e18_common_primary,NTA 1e18 common-primary state,top_primary,interface_4x,T03_P2_BULK_TRAPS_FORMAL,enabled_symmetric_teaching_top_stack,0.0,0.01,0.0,0.3,bottom_oxide,0.0008750000000000001,2.0000000000000003e-06,8.750000000000002,20.000000000000004,0.02554449373333088,
p2_bulk_nta_1e18_common_primary,NTA 1e18 common-primary state,top_primary,interface_4x,T03_P2_BULK_TRAPS_FORMAL,enabled_symmetric_teaching_top_stack,0.0,0.01,0.0,0.3,bottom_oxide,0.0008750000000000001,2.1250000000000004e-06,8.750000000000002,21.250000000000004,0.027141024568934507,
p2_bulk_nta_1e18_common_primary,NTA 1e18 common-primary state,top_primary,interface_4x,T03_P2_BULK_TRAPS_FORMAL,enabled_symmetric_teaching_top_stack,0.0,0.01,0.0,0.3,bottom_oxide,0.0008750000000000001,2.2500000000000005e-06,8.750000000000002,22.500000000000004,0.0287375554005131,
p2_bulk_nta_1e18_common_primary,NTA 1e18 common-primary state,top_primary,interface_4x,T03_P2_BULK_TRAPS_FORMAL,enabled_symmetric_teaching_top_stack,0.0,0.01,0.0,0.3,bottom_oxide,0.0008750000000000001,2.375e-06,8.750000000000002,23.75,0.030334086227829876,
p2_bulk_nta_1e18_common_primary,NTA 1e18 common-primary state,top_primary,interface_4x,T03_P2_BULK_TRAPS_FORMAL,enabled_symmetric_teaching_top_stack,0.0,0.01,0.0,0.3,bottom_oxide,0.0008750000000000001,2.5e-06,8.750000000000002,25.000000000000004,0.031930617050648084,
p2_bulk_nta_1e18_common_primary,NTA 1e18 common-primary state,top_primary,interface_4x,T03_P2_BULK_TRAPS_FORMAL,enabled_symmetric_teaching_top_stack,0.0,0.01,0.0,0.3,bottom_oxide,0.0008750000000000001,2.6250000000000003e-06,8.750000000000002,26.250000000000004,0.03352714786873094,
p2_bulk_nta_1e18_common_primary,NTA 1e18 common-primary state,top_primary,interface_4x,T03_P2_BULK_TRAPS_FORMAL,enabled_symmetric_teaching_top_stack,0.0,0.01,0.0,0.3,bottom_oxide,0.0008750000000000001,2.75e-06,8.750000000000002,27.5,0.03512367868184167,
p2_bulk_nta_1e18_common_primary,NTA 1e18 common-primary state,top_primary,interface_4x,T03_P2_BULK_TRAPS_FORMAL,enabled_symmetric_teaching_top_stack,0.0,0.01,0.0,0.3,bottom_oxide,0.0008750000000000001,2.875e-06,8.750000000000002,28.75,0.03672020948974351,
p2_bulk_nta_1e18_common_primary,NTA 1e18 common-primary state,top_primary,interface_4x,T03_P2_BULK_TRAPS_FORMAL,enabled_symmetric_teaching_top_stack,0.0,0.01,0.0,0.3,bottom_oxide,0.0008750000000000001,3e-06,8.750000000000002,30.0,0.0383167402921997,
p2_bulk_nta_1e18_common_primary,NTA 1e18 common-primary state,top_primary,interface_4x,T03_P2_BULK_TRAPS_FORMAL,enabled_symmetric_teaching_top_stack,0.0,0.01,0.0,0.3,bottom_oxide,0.0009000000000000001,0.0,9.0,0.0,0.0,
p2_bulk_nta_1e18_common_primary,NTA 1e18 common-primary state,top_primary,interface_4x,T03_P2_BULK_TRAPS_FORMAL,enabled_symmetric_teaching_top_stack,0.0,0.01,0.0,0.3,bottom_oxide,0.0009000000000000001,5.000000000000001e-07,9.0,5.000000000000001,0.006411523736477989,
p2_bulk_nta_1e18_common_primary,NTA 1e18 common-primary state,top_primary,interface_4x,T03_P2_BULK_TRAPS_FORMAL,enabled_symmetric_teaching_top_stack,0.0,0.01,0.0,0.3,bottom_oxide,0.0009000000000000001,1.0000000000000002e-06,9.0,10.000000000000002,0.01282304745784014,
p2_bulk_nta_1e18_common_primary,NTA 1e18 common-primary state,top_primary,interface_4x,T03_P2_BULK_TRAPS_FORMAL,enabled_symmetric_teaching_top_stack,0.0,0.01,0.0,0.3,bottom_oxide,0.0009000000000000001,1.5000000000000002e-06,9.0,15.000000000000002,0.019234571148955285,
p2_bulk_nta_1e18_common_primary,NTA 1e18 common-primary state,top_primary,interface_4x,T03_P2_BULK_TRAPS_FORMAL,enabled_symmetric_teaching_top_stack,0.0,0.01,0.0,0.3,bottom_oxide,0.0009000000000000001,2.0000000000000003e-06,9.0,20.000000000000004,0.02564609479466349,
p2_bulk_nta_1e18_common_primary,NTA 1e18 common-primary state,top_primary,interface_4x,T03_P2_BULK_TRAPS_FORMAL,enabled_symmetric_teaching_top_stack,0.0,0.01,0.0,0.3,bottom_oxide,0.0009000000000000001,2.1250000000000004e-06,9.0,21.250000000000004,0.027248975696620954,
p2_bulk_nta_1e18_common_primary,NTA 1e18 common-primary state,top_primary,interface_4x,T03_P2_BULK_TRAPS_FORMAL,enabled_symmetric_teaching_top_stack,0.0,0.01,0.0,0.3,bottom_oxide,0.0009000000000000001,2.2500000000000005e-06,9.0,22.500000000000004,0.02885185659455268,
p2_bulk_nta_1e18_common_primary,NTA 1e18 common-primary state,top_primary,interface_4x,T03_P2_BULK_TRAPS_FORMAL,enabled_symmetric_teaching_top_stack,0.0,0.01,0.0,0.3,bottom_oxide,0.0009000000000000001,2.375e-06,9.0,23.75,0.030454737488220602,
p2_bulk_nta_1e18_common_primary,NTA 1e18 common-primary state,top_primary,interface_4x,T03_P2_BULK_TRAPS_FORMAL,enabled_symmetric_teaching_top_stack,0.0,0.01,0.0,0.3,bottom_oxide,0.0009000000000000001,2.5e-06,9.0,25.000000000000004,0.03205761837738649,
p2_bulk_nta_1e18_common_primary,NTA 1e18 common-primary state,top_primary,interface_4x,T03_P2_BULK_TRAPS_FORMAL,enabled_symmetric_teaching_top_stack,0.0,0.01,0.0,0.3,bottom_oxide,0.0009000000000000001,2.6250000000000003e-06,9.0,26.250000000000004,0.033660499261811944,
p2_bulk_nta_1e18_common_primary,NTA 1e18 common-primary state,top_primary,interface_4x,T03_P2_BULK_TRAPS_FORMAL,enabled_symmetric_teaching_top_stack,0.0,0.01,0.0,0.3,bottom_oxide,0.0009000000000000001,2.75e-06,9.0,27.5,0.035263380141258384,
p2_bulk_nta_1e18_common_primary,NTA 1e18 common-primary state,top_primary,interface_4x,T03_P2_BULK_TRAPS_FORMAL,enabled_symmetric_teaching_top_stack,0.0,0.01,0.0,0.3,bottom_oxide,0.0009000000000000001,2.875e-06,9.0,28.75,0.036866261015487095,
p2_bulk_nta_1e18_common_primary,NTA 1e18 common-primary state,top_primary,interface_4x,T03_P2_BULK_TRAPS_FORMAL,enabled_symmetric_teaching_top_stack,0.0,0.01,0.0,0.3,bottom_oxide,0.0009000000000000001,3e-06,9.0,30.0,0.038469141884259206,
p2_bulk_nta_1e18_common_primary,NTA 1e18 common-primary state,top_primary,interface_4x,T03_P2_BULK_TRAPS_FORMAL,enabled_symmetric_teaching_top_stack,0.0,0.01,0.0,0.3,bottom_oxide,0.0009249999999999999,0.0,9.25,0.0,0.0,
p2_bulk_nta_1e18_common_primary,NTA 1e18 common-primary state,top_primary,interface_4x,T03_P2_BULK_TRAPS_FORMAL,enabled_symmetric_teaching_top_stack,0.0,0.01,0.0,0.3,bottom_oxide,0.0009249999999999999,5.000000000000001e-07,9.25,5.000000000000001,0.006436961791336794,
p2_bulk_nta_1e18_common_primary,NTA 1e18 common-primary state,top_primary,interface_4x,T03_P2_BULK_TRAPS_FORMAL,enabled_symmetric_teaching_top_stack,0.0,0.01,0.0,0.3,bottom_oxide,0.0009249999999999999,1.0000000000000002e-06,9.25,10.000000000000002,0.012873923605924566,
p2_bulk_nta_1e18_common_primary,NTA 1e18 common-primary state,top_primary,interface_4x,T03_P2_BULK_TRAPS_FORMAL,enabled_symmetric_teaching_top_stack,0.0,0.01,0.0,0.3,bottom_oxide,0.0009249999999999999,1.5000000000000002e-06,9.25,15.000000000000002,0.019310885462213115,
p2_bulk_nta_1e18_common_primary,NTA 1e18 common-primary state,top_primary,interface_4x,T03_P2_BULK_TRAPS_FORMAL,enabled_symmetric_teaching_top_stack,0.0,0.01,0.0,0.3,bottom_oxide,0.0009249999999999999,2.0000000000000003e-06,9.25,20.000000000000004,0.025747847369449267,
p2_bulk_nta_1e18_common_primary,NTA 1e18 common-primary state,top_primary,interface_4x,T03_P2_BULK_TRAPS_FORMAL,enabled_symmetric_teaching_top_stack,0.0,0.01,0.0,0.3,bottom_oxide,0.0009249999999999999,2.1250000000000004e-06,9.25,21.250000000000004,0.02735708785366296,
p2_bulk_nta_1e18_common_primary,NTA 1e18 common-primary state,top_primary,interface_4x,T03_P2_BULK_TRAPS_FORMAL,enabled_symmetric_teaching_top_stack,0.0,0.01,0.0,0.3,bottom_oxide,0.0009249999999999999,2.2500000000000005e-06,9.25,22.500000000000004,0.028966328340634454,
p2_bulk_nta_1e18_common_primary,NTA 1e18 common-primary state,top_primary,interface_4x,T03_P2_BULK_TRAPS_FORMAL,enabled_symmetric_teaching_top_stack,0.0,0.01,0.0,0.3,bottom_oxide,0.0009249999999999999,2.375e-06,9.25,23.75,0.030575568830098942,
p2_bulk_nta_1e18_common_primary,NTA 1e18 common-primary state,top_primary,interface_4x,T03_P2_BULK_TRAPS_FORMAL,enabled_symmetric_teaching_top_stack,0.0,0.01,0.0,0.3,bottom_oxide,0.0009249999999999999,2.5e-06,9.25,25.000000000000004,0.03218480932172995,
p2_bulk_nta_1e18_common_primary,NTA 1e18 common-primary state,top_primary,interface_4x,T03_P2_BULK_TRAPS_FORMAL,enabled_symmetric_teaching_top_stack,0.0,0.01,0.0,0.3,bottom_oxide,0.0009249999999999999,2.6250000000000003e-06,9.25,26.250000000000004,0.03379404981513879,
p2_bulk_nta_1e18_common_primary,NTA 1e18 common-primary state,top_primary,interface_4x,T03_P2_BULK_TRAPS_FORMAL,enabled_symmetric_teaching_top_stack,0.0,0.01,0.0,0.3,bottom_oxide,0.0009249999999999999,2.75e-06,9.25,27.5,0.03540329030987457,
p2_bulk_nta_1e18_common_primary,NTA 1e18 common-primary state,top_primary,interface_4x,T03_P2_BULK_TRAPS_FORMAL,enabled_symmetric_teaching_top_stack,0.0,0.01,0.0,0.3,bottom_oxide,0.0009249999999999999,2.875e-06,9.25,28.75,0.037012530805424666,
p2_bulk_nta_1e18_common_primary,NTA 1e18 common-primary state,top_primary,interface_4x,T03_P2_BULK_TRAPS_FORMAL,enabled_symmetric_teaching_top_stack,0.0,0.01,0.0,0.3,bottom_oxide,0.0009249999999999999,3e-06,9.25,30.0,0.03862177130121568,
p2_bulk_nta_1e18_common_primary,NTA 1e18 common-primary state,top_primary,interface_4x,T03_P2_BULK_TRAPS_FORMAL,enabled_symmetric_teaching_top_stack,0.0,0.01,0.0,0.3,bottom_oxide,0.00095,0.0,9.5,0.0,0.0,
p2_bulk_nta_1e18_common_primary,NTA 1e18 common-primary state,top_primary,interface_4x,T03_P2_BULK_TRAPS_FORMAL,enabled_symmetric_teaching_top_stack,0.0,0.01,0.0,0.3,bottom_oxide,0.00095,5.000000000000001e-07,9.5,5.000000000000001,0.006462341718748695,
p2_bulk_nta_1e18_common_primary,NTA 1e18 common-primary state,top_primary,interface_4x,T03_P2_BULK_TRAPS_FORMAL,enabled_symmetric_teaching_top_stack,0.0,0.01,0.0,0.3,bottom_oxide,0.00095,1.0000000000000002e-06,9.5,10.000000000000002,0.01292469550207156,
p2_bulk_nta_1e18_common_primary,NTA 1e18 common-primary state,top_primary,interface_4x,T03_P2_BULK_TRAPS_FORMAL,enabled_symmetric_teaching_top_stack,0.0,0.01,0.0,0.3,bottom_oxide,0.00095,1.5000000000000002e-06,9.5,15.000000000000002,0.019387072406457755,
p2_bulk_nta_1e18_common_primary,NTA 1e18 common-primary state,top_primary,interface_4x,T03_P2_BULK_TRAPS_FORMAL,enabled_symmetric_teaching_top_stack,0.0,0.01,0.0,0.3,bottom_oxide,0.00095,2.0000000000000003e-06,9.5,20.000000000000004,0.02584948146979483,
p2_bulk_nta_1e18_common_primary,NTA 1e18 common-primary state,top_primary,interface_4x,T03_P2_BULK_TRAPS_FORMAL,enabled_symmetric_teaching_top_stack,0.0,0.01,0.0,0.3,bottom_oxide,0.00095,2.1250000000000004e-06,9.5,21.250000000000004,0.0274650896985748,
p2_bulk_nta_1e18_common_primary,NTA 1e18 common-primary state,top_primary,interface_4x,T03_P2_BULK_TRAPS_FORMAL,enabled_symmetric_teaching_top_stack,0.0,0.01,0.0,0.3,bottom_oxide,0.00095,2.2500000000000005e-06,9.5,22.500000000000004,0.029080700366727965,
p2_bulk_nta_1e18_common_primary,NTA 1e18 common-primary state,top_primary,interface_4x,T03_P2_BULK_TRAPS_FORMAL,enabled_symmetric_teaching_top_stack,0.0,0.01,0.0,0.3,bottom_oxide,0.00095,2.375e-06,9.5,23.75,0.030696313511598128,
p2_bulk_nta_1e18_common_primary,NTA 1e18 common-primary state,top_primary,interface_4x,T03_P2_BULK_TRAPS_FORMAL,enabled_symmetric_teaching_top_stack,0.0,0.01,0.0,0.3,bottom_oxide,0.00095,2.5e-06,9.5,25.000000000000004,0.032311929152670754,
p2_bulk_nta_1e18_common_primary,NTA 1e18 common-primary state,top_primary,interface_4x,T03_P2_BULK_TRAPS_FORMAL,enabled_symmetric_teaching_top_stack,0.0,0.01,0.0,0.3,bottom_oxide,0.00095,2.6250000000000003e-06,9.5,26.250000000000004,0.03392754729056306,
p2_bulk_nta_1e18_common_primary,NTA 1e18 common-primary state,top_primary,interface_4x,T03_P2_BULK_TRAPS_FORMAL,enabled_symmetric_teaching_top_stack,0.0,0.01,0.0,0.3,bottom_oxide,0.00095,2.75e-06,9.5,27.5,0.035543167906011225,
p2_bulk_nta_1e18_common_primary,NTA 1e18 common-primary state,top_primary,interface_4x,T03_P2_BULK_TRAPS_FORMAL,enabled_symmetric_teaching_top_stack,0.0,0.01,0.0,0.3,bottom_oxide,0.00095,2.875e-06,9.5,28.75,0.037158790958854715,
p2_bulk_nta_1e18_common_primary,NTA 1e18 common-primary state,top_primary,interface_4x,T03_P2_BULK_TRAPS_FORMAL,enabled_symmetric_teaching_top_stack,0.0,0.01,0.0,0.3,bottom_oxide,0.00095,3e-06,9.5,30.0,0.038774416387017306,
p2_bulk_nta_1e18_common_primary,NTA 1e18 common-primary state,top_primary,interface_4x,T03_P2_BULK_TRAPS_FORMAL,enabled_symmetric_teaching_top_stack,0.0,0.01,0.0,0.3,bottom_oxide,0.000975,0.0,9.75,0.0,0.0,
p2_bulk_nta_1e18_common_primary,NTA 1e18 common-primary state,top_primary,interface_4x,T03_P2_BULK_TRAPS_FORMAL,enabled_symmetric_teaching_top_stack,0.0,0.01,0.0,0.3,bottom_oxide,0.000975,5.000000000000001e-07,9.75,5.000000000000001,0.00645756021073615,
p2_bulk_nta_1e18_common_primary,NTA 1e18 common-primary state,top_primary,interface_4x,T03_P2_BULK_TRAPS_FORMAL,enabled_symmetric_teaching_top_stack,0.0,0.01,0.0,0.3,bottom_oxide,0.000975,1.0000000000000002e-06,9.75,10.000000000000002,0.012917664739892292,
p2_bulk_nta_1e18_common_primary,NTA 1e18 common-primary state,top_primary,interface_4x,T03_P2_BULK_TRAPS_FORMAL,enabled_symmetric_teaching_top_stack,0.0,0.01,0.0,0.3,bottom_oxide,0.000975,1.5000000000000002e-06,9.75,15.000000000000002,0.019382861973502145,
p2_bulk_nta_1e18_common_primary,NTA 1e18 common-primary state,top_primary,interface_4x,T03_P2_BULK_TRAPS_FORMAL,enabled_symmetric_teaching_top_stack,0.0,0.01,0.0,0.3,bottom_oxide,0.000975,2.0000000000000003e-06,9.75,20.000000000000004,0.02585570843892797,
p2_bulk_nta_1e18_common_primary,NTA 1e18 common-primary state,top_primary,interface_4x,T03_P2_BULK_TRAPS_FORMAL,enabled_symmetric_teaching_top_stack,0.0,0.01,0.0,0.3,bottom_oxide,0.000975,2.1250000000000004e-06,9.75,21.250000000000004,0.027475516615664563,
p2_bulk_nta_1e18_common_primary,NTA 1e18 common-primary state,top_primary,interface_4x,T03_P2_BULK_TRAPS_FORMAL,enabled_symmetric_teaching_top_stack,0.0,0.01,0.0,0.3,bottom_oxide,0.000975,2.2500000000000005e-06,9.75,22.500000000000004,0.029096003712831612,
p2_bulk_nta_1e18_common_primary,NTA 1e18 common-primary state,top_primary,interface_4x,T03_P2_BULK_TRAPS_FORMAL,enabled_symmetric_teaching_top_stack,0.0,0.01,0.0,0.3,bottom_oxide,0.000975,2.375e-06,9.75,23.75,0.03071721009452552,
p2_bulk_nta_1e18_common_primary,NTA 1e18 common-primary state,top_primary,interface_4x,T03_P2_BULK_TRAPS_FORMAL,enabled_symmetric_teaching_top_stack,0.0,0.01,0.0,0.3,bottom_oxide,0.000975,2.5e-06,9.75,25.000000000000004,0.032339176196690134,
p2_bulk_nta_1e18_common_primary,NTA 1e18 common-primary state,top_primary,interface_4x,T03_P2_BULK_TRAPS_FORMAL,enabled_symmetric_teaching_top_stack,0.0,0.01,0.0,0.3,bottom_oxide,0.000975,2.6250000000000003e-06,9.75,26.250000000000004,0.03396194253115279,
p2_bulk_nta_1e18_common_primary,NTA 1e18 common-primary state,top_primary,interface_4x,T03_P2_BULK_TRAPS_FORMAL,enabled_symmetric_teaching_top_stack,0.0,0.01,0.0,0.3,bottom_oxide,0.000975,2.75e-06,9.75,27.5,0.035585549689667574,
p2_bulk_nta_1e18_common_primary,NTA 1e18 common-primary state,top_primary,interface_4x,T03_P2_BULK_TRAPS_FORMAL,enabled_symmetric_teaching_top_stack,0.0,0.01,0.0,0.3,bottom_oxide,0.000975,2.875e-06,9.75,28.75,0.03721003834796608,
p2_bulk_nta_1e18_common_primary,NTA 1e18 common-primary state,top_primary,interface_4x,T03_P2_BULK_TRAPS_FORMAL,enabled_symmetric_teaching_top_stack,0.0,0.01,0.0,0.3,bottom_oxide,0.000975,3e-06,9.75,30.0,0.03883544926981592,
p2_bulk_nta_1e18_common_primary,NTA 1e18 common-primary state,top_primary,interface_4x,T03_P2_BULK_TRAPS_FORMAL,enabled_symmetric_teaching_top_stack,0.0,0.01,0.0,0.3,bottom_oxide,0.001,0.0,10.0,0.0,0.0,
p2_bulk_nta_1e18_common_primary,NTA 1e18 common-primary state,top_primary,interface_4x,T03_P2_BULK_TRAPS_FORMAL,enabled_symmetric_teaching_top_stack,0.0,0.01,0.0,0.3,bottom_oxide,0.001,5.000000000000001e-07,10.0,5.000000000000001,9.198265274299464e-05,
p2_bulk_nta_1e18_common_primary,NTA 1e18 common-primary state,top_primary,interface_4x,T03_P2_BULK_TRAPS_FORMAL,enabled_symmetric_teaching_top_stack,0.0,0.01,0.0,0.3,bottom_oxide,0.001,1.0000000000000002e-06,10.0,10.000000000000002,0.00017887284343959478,
p2_bulk_nta_1e18_common_primary,NTA 1e18 common-primary state,top_primary,interface_4x,T03_P2_BULK_TRAPS_FORMAL,enabled_symmetric_teaching_top_stack,0.0,0.01,0.0,0.3,bottom_oxide,0.001,1.5000000000000002e-06,10.0,15.000000000000002,0.00025557200061903285,
p2_bulk_nta_1e18_common_primary,NTA 1e18 common-primary state,top_primary,interface_4x,T03_P2_BULK_TRAPS_FORMAL,enabled_symmetric_teaching_top_stack,0.0,0.01,0.0,0.3,bottom_oxide,0.001,2.0000000000000003e-06,10.0,20.000000000000004,0.0003169693258201644,
p2_bulk_nta_1e18_common_primary,NTA 1e18 common-primary state,top_primary,interface_4x,T03_P2_BULK_TRAPS_FORMAL,enabled_symmetric_teaching_top_stack,0.0,0.01,0.0,0.3,bottom_oxide,0.001,2.1250000000000004e-06,10.0,21.250000000000004,0.0003291263147313089,
p2_bulk_nta_1e18_common_primary,NTA 1e18 common-primary state,top_primary,interface_4x,T03_P2_BULK_TRAPS_FORMAL,enabled_symmetric_teaching_top_stack,0.0,0.01,0.0,0.3,bottom_oxide,0.001,2.2500000000000005e-06,10.0,22.500000000000004,0.00033992598412740666,
p2_bulk_nta_1e18_common_primary,NTA 1e18 common-primary state,top_primary,interface_4x,T03_P2_BULK_TRAPS_FORMAL,enabled_symmetric_teaching_top_stack,0.0,0.01,0.0,0.3,bottom_oxide,0.001,2.375e-06,10.0,23.75,0.00034928784963706924,
p2_bulk_nta_1e18_common_primary,NTA 1e18 common-primary state,top_primary,interface_4x,T03_P2_BULK_TRAPS_FORMAL,enabled_symmetric_teaching_top_stack,0.0,0.01,0.0,0.3,bottom_oxide,0.001,2.5e-06,10.0,25.000000000000004,0.0003571313190344874,
p2_bulk_nta_1e18_common_primary,NTA 1e18 common-primary state,top_primary,interface_4x,T03_P2_BULK_TRAPS_FORMAL,enabled_symmetric_teaching_top_stack,0.0,0.01,0.0,0.3,bottom_oxide,0.001,2.6250000000000003e-06,10.0,26.250000000000004,0.00036337568618802283,
p2_bulk_nta_1e18_common_primary,NTA 1e18 common-primary state,top_primary,interface_4x,T03_P2_BULK_TRAPS_FORMAL,enabled_symmetric_teaching_top_stack,0.0,0.01,0.0,0.3,bottom_oxide,0.001,2.75e-06,10.0,27.5,0.00036794012499931,
p2_bulk_nta_1e18_common_primary,NTA 1e18 common-primary state,top_primary,interface_4x,T03_P2_BULK_TRAPS_FORMAL,enabled_symmetric_teaching_top_stack,0.0,0.01,0.0,0.3,bottom_oxide,0.001,2.875e-06,10.0,28.75,0.00037074368333236377,
p2_bulk_nta_1e18_common_primary,NTA 1e18 common-primary state,top_primary,interface_4x,T03_P2_BULK_TRAPS_FORMAL,enabled_symmetric_teaching_top_stack,0.0,0.01,0.0,0.3,bottom_oxide,0.001,3e-06,10.0,30.0,0.00037170527693218585,
p2_bulk_nta_1e18_common_primary,NTA 1e18 common-primary state,top_primary,interface_4x,T03_P2_BULK_TRAPS_FORMAL,enabled_symmetric_teaching_top_stack,0.0,0.01,0.0,0.3,channel,0.0,3e-06,0.0,30.0,0.0,1e+16
p2_bulk_nta_1e18_common_primary,NTA 1e18 common-primary state,top_primary,interface_4x,T03_P2_BULK_TRAPS_FORMAL,enabled_symmetric_teaching_top_stack,0.0,0.01,0.0,0.3,channel,0.0,3.075e-06,0.0,30.750000000000004,0.0,1e+16
p2_bulk_nta_1e18_common_primary,NTA 1e18 common-primary state,top_primary,interface_4x,T03_P2_BULK_TRAPS_FORMAL,enabled_symmetric_teaching_top_stack,0.0,0.01,0.0,0.3,channel,2.5e-05,3e-06,0.25,30.0,0.03317505031254227,3.499343340093338e+16
p2_bulk_nta_1e18_common_primary,NTA 1e18 common-primary state,top_primary,interface_4x,T03_P2_BULK_TRAPS_FORMAL,enabled_symmetric_teaching_top_stack,0.0,0.01,0.0,0.3,channel,2.5e-05,3.075e-06,0.25,30.750000000000004,0.0337623274457385,3.579747245670196e+16
p2_bulk_nta_1e18_common_primary,NTA 1e18 common-primary state,top_primary,interface_4x,T03_P2_BULK_TRAPS_FORMAL,enabled_symmetric_teaching_top_stack,0.0,0.01,0.0,0.3,channel,0.0,3.1500000000000003e-06,0.0,31.500000000000004,0.0,1e+16
p2_bulk_nta_1e18_common_primary,NTA 1e18 common-primary state,top_primary,interface_4x,T03_P2_BULK_TRAPS_FORMAL,enabled_symmetric_teaching_top_stack,0.0,0.01,0.0,0.3,channel,2.5e-05,3.1500000000000003e-06,0.25,31.500000000000004,0.03439178862326911,3.667978709714882e+16
p2_bulk_nta_1e18_common_primary,NTA 1e18 common-primary state,top_primary,interface_4x,T03_P2_BULK_TRAPS_FORMAL,enabled_symmetric_teaching_top_stack,0.0,0.01,0.0,0.3,channel,0.0,3.225e-06,0.0,32.25,0.0,1e+16
p2_bulk_nta_1e18_common_primary,NTA 1e18 common-primary state,top_primary,interface_4x,T03_P2_BULK_TRAPS_FORMAL,enabled_symmetric_teaching_top_stack,0.0,0.01,0.0,0.3,channel,2.5e-05,3.225e-06,0.25,32.25,0.035064458665231585,3.764671629470161e+16
p2_bulk_nta_1e18_common_primary,NTA 1e18 common-primary state,top_primary,interface_4x,T03_P2_BULK_TRAPS_FORMAL,enabled_symmetric_teaching_top_stack,0.0,0.01,0.0,0.3,channel,0.0,3.3e-06,0.0,33.0,0.0,1e+16
p2_bulk_nta_1e18_common_primary,NTA 1e18 common-primary state,top_primary,interface_4x,T03_P2_BULK_TRAPS_FORMAL,enabled_symmetric_teaching_top_stack,0.0,0.01,0.0,0.3,channel,2.5e-05,3.3e-06,0.25,33.0,0.03578145821493847,3.870544600292856e+16
p2_bulk_nta_1e18_common_primary,NTA 1e18 common-primary state,top_primary,interface_4x,T03_P2_BULK_TRAPS_FORMAL,enabled_symmetric_teaching_top_stack,0.0,0.01,0.0,0.3,channel,0.0,3.3750000000000003e-06,0.0,33.75,0.0,1e+16
p2_bulk_nta_1e18_common_primary,NTA 1e18 common-primary state,top_primary,interface_4x,T03_P2_BULK_TRAPS_FORMAL,enabled_symmetric_teaching_top_stack,0.0,0.01,0.0,0.3,channel,2.5e-05,3.3750000000000003e-06,0.25,33.75,0.03654401148888541,3.986413077469266e+16
p2_bulk_nta_1e18_common_primary,NTA 1e18 common-primary state,top_primary,interface_4x,T03_P2_BULK_TRAPS_FORMAL,enabled_symmetric_teaching_top_stack,0.0,0.01,0.0,0.3,channel,0.0,3.45e-06,0.0,34.5,0.0,1e+16
p2_bulk_nta_1e18_common_primary,NTA 1e18 common-primary state,top_primary,interface_4x,T03_P2_BULK_TRAPS_FORMAL,enabled_symmetric_teaching_top_stack,0.0,0.01,0.0,0.3,channel,2.5e-05,3.45e-06,0.25,34.5,0.037353455057629326,4.113203762680446e+16
p2_bulk_nta_1e18_common_primary,NTA 1e18 common-primary state,top_primary,interface_4x,T03_P2_BULK_TRAPS_FORMAL,enabled_symmetric_teaching_top_stack,0.0,0.01,0.0,0.3,channel,0.0,3.525e-06,0.0,35.25,0.0,1e+16
p2_bulk_nta_1e18_common_primary,NTA 1e18 common-primary state,top_primary,interface_4x,T03_P2_BULK_TRAPS_FORMAL,enabled_symmetric_teaching_top_stack,0.0,0.01,0.0,0.3,channel,2.5e-05,3.525e-06,0.25,35.25,0.03821124780861519,4.251971676665964e+16
p2_bulk_nta_1e18_common_primary,NTA 1e18 common-primary state,top_primary,interface_4x,T03_P2_BULK_TRAPS_FORMAL,enabled_symmetric_teaching_top_stack,0.0,0.01,0.0,0.3,channel,0.0,3.6000000000000003e-06,0.0,36.0,0.0,1e+16
p2_bulk_nta_1e18_common_primary,NTA 1e18 common-primary state,top_primary,interface_4x,T03_P2_BULK_TRAPS_FORMAL,enabled_symmetric_teaching_top_stack,0.0,0.01,0.0,0.3,channel,2.5e-05,3.6000000000000003e-06,0.25,36.0,0.03911898227000209,4.403920491716954e+16
p2_bulk_nta_1e18_common_primary,NTA 1e18 common-primary state,top_primary,interface_4x,T03_P2_BULK_TRAPS_FORMAL,enabled_symmetric_teaching_top_stack,0.0,0.01,0.0,0.3,channel,0.0,3.6750000000000004e-06,0.0,36.75000000000001,0.0,1e+16
p2_bulk_nta_1e18_common_primary,NTA 1e18 common-primary state,top_primary,interface_4x,T03_P2_BULK_TRAPS_FORMAL,enabled_symmetric_teaching_top_stack,0.0,0.01,0.0,0.3,channel,2.5e-05,3.6750000000000004e-06,0.25,36.75000000000001,0.040078397508499675,4.570426840550638e+16
p2_bulk_nta_1e18_common_primary,NTA 1e18 common-primary state,top_primary,interface_4x,T03_P2_BULK_TRAPS_FORMAL,enabled_symmetric_teaching_top_stack,0.0,0.01,0.0,0.3,channel,0.0,3.7500000000000005e-06,0.0,37.50000000000001,0.0,1e+16
p2_bulk_nta_1e18_common_primary,NTA 1e18 common-primary state,top_primary,interface_4x,T03_P2_BULK_TRAPS_FORMAL,enabled_symmetric_teaching_top_stack,0.0,0.01,0.0,0.3,channel,2.5e-05,3.7500000000000005e-06,0.25,37.50000000000001,0.04109139385561249,4.753069501495902e+16
p2_bulk_nta_1e18_common_primary,NTA 1e18 common-primary state,top_primary,interface_4x,T03_P2_BULK_TRAPS_FORMAL,enabled_symmetric_teaching_top_stack,0.0,0.01,0.0,0.3,channel,0.0,3.825000000000001e-06,0.0,38.25000000000001,0.0,1e+16
p2_bulk_nta_1e18_common_primary,NTA 1e18 common-primary state,top_primary,interface_4x,T03_P2_BULK_TRAPS_FORMAL,enabled_symmetric_teaching_top_stack,0.0,0.01,0.0,0.3,channel,2.5e-05,3.825000000000001e-06,0.25,38.25000000000001,0.04216004976739448,4.953664596730683e+16
p2_bulk_nta_1e18_common_primary,NTA 1e18 common-primary state,top_primary,interface_4x,T03_P2_BULK_TRAPS_FORMAL,enabled_symmetric_teaching_top_stack,0.0,0.01,0.0,0.3,channel,0.0,3.9e-06,0.0,39.0,0.0,1e+16
p2_bulk_nta_1e18_common_primary,NTA 1e18 common-primary state,top_primary,interface_4x,T03_P2_BULK_TRAPS_FORMAL,enabled_symmetric_teaching_top_stack,0.0,0.01,0.0,0.3,channel,2.5e-05,3.9e-06,0.25,39.0,0.04328664118528365,5.174308248205806e+16
p2_bulk_nta_1e18_common_primary,NTA 1e18 common-primary state,top_primary,interface_4x,T03_P2_BULK_TRAPS_FORMAL,enabled_symmetric_teaching_top_stack,0.0,0.01,0.0,0.3,channel,0.0,3.975e-06,0.0,39.75,0.0,1e+16
p2_bulk_nta_1e18_common_primary,NTA 1e18 common-primary state,top_primary,interface_4x,T03_P2_BULK_TRAPS_FORMAL,enabled_symmetric_teaching_top_stack,0.0,0.01,0.0,0.3,channel,2.5e-05,3.975e-06,0.25,39.75,0.04447366384299215,5.417428539063166e+16
p2_bulk_nta_1e18_common_primary,NTA 1e18 common-primary state,top_primary,interface_4x,T03_P2_BULK_TRAPS_FORMAL,enabled_symmetric_teaching_top_stack,0.0,0.01,0.0,0.3,channel,0.0,4.05e-06,0.0,40.5,0.0,1e+16
p2_bulk_nta_1e18_common_primary,NTA 1e18 common-primary state,top_primary,interface_4x,T03_P2_BULK_TRAPS_FORMAL,enabled_symmetric_teaching_top_stack,0.0,0.01,0.0,0.3,channel,2.5e-05,4.05e-06,0.25,40.5,0.04572385906092483,5.685849160268964e+16
p2_bulk_nta_1e18_common_primary,NTA 1e18 common-primary state,top_primary,interface_4x,T03_P2_BULK_TRAPS_FORMAL,enabled_symmetric_teaching_top_stack,0.0,0.01,0.0,0.3,channel,0.0,4.125e-06,0.0,41.25,0.0,1e+16
p2_bulk_nta_1e18_common_primary,NTA 1e18 common-primary state,top_primary,interface_4x,T03_P2_BULK_TRAPS_FORMAL,enabled_symmetric_teaching_top_stack,0.0,0.01,0.0,0.3,channel,2.5e-05,4.125e-06,0.25,41.25,0.04704024369066937,5.982867829524668e+16
p2_bulk_nta_1e18_common_primary,NTA 1e18 common-primary state,top_primary,interface_4x,T03_P2_BULK_TRAPS_FORMAL,enabled_symmetric_teaching_top_stack,0.0,0.01,0.0,0.3,channel,0.0,4.2000000000000004e-06,0.0,42.00000000000001,0.0,1e+16
p2_bulk_nta_1e18_common_primary,NTA 1e18 common-primary state,top_primary,interface_4x,T03_P2_BULK_TRAPS_FORMAL,enabled_symmetric_teaching_top_stack,0.0,0.01,0.0,0.3,channel,2.5e-05,4.2000000000000004e-06,0.25,42.00000000000001,0.04842614502502262,6.312353518064718e+16
p2_bulk_nta_1e18_common_primary,NTA 1e18 common-primary state,top_primary,interface_4x,T03_P2_BULK_TRAPS_FORMAL,enabled_symmetric_teaching_top_stack,0.0,0.01,0.0,0.3,channel,0.0,4.2750000000000006e-06,0.0,42.75000000000001,0.0,1e+16
p2_bulk_nta_1e18_common_primary,NTA 1e18 common-primary state,top_primary,interface_4x,T03_P2_BULK_TRAPS_FORMAL,enabled_symmetric_teaching_top_stack,0.0,0.01,0.0,0.3,channel,2.5e-05,4.2750000000000006e-06,0.25,42.75000000000001,0.049885241683551323,6.6788678043084024e+16
p2_bulk_nta_1e18_common_primary,NTA 1e18 common-primary state,top_primary,interface_4x,T03_P2_BULK_TRAPS_FORMAL,enabled_symmetric_teaching_top_stack,0.0,0.01,0.0,0.3,channel,0.0,4.350000000000001e-06,0.0,43.50000000000001,0.0,1e+16
p2_bulk_nta_1e18_common_primary,NTA 1e18 common-primary state,top_primary,interface_4x,T03_P2_BULK_TRAPS_FORMAL,enabled_symmetric_teaching_top_stack,0.0,0.01,0.0,0.3,channel,2.5e-05,4.350000000000001e-06,0.25,43.50000000000001,0.05142161173302387,7.087817426159333e+16
p2_bulk_nta_1e18_common_primary,NTA 1e18 common-primary state,top_primary,interface_4x,T03_P2_BULK_TRAPS_FORMAL,enabled_symmetric_teaching_top_stack,0.0,0.01,0.0,0.3,channel,0.0,4.425e-06,0.0,44.25,0.0,1e+16
p2_bulk_nta_1e18_common_primary,NTA 1e18 common-primary state,top_primary,interface_4x,T03_P2_BULK_TRAPS_FORMAL,enabled_symmetric_teaching_top_stack,0.0,0.01,0.0,0.3,channel,2.5e-05,4.425e-06,0.25,44.25,0.053039789624205955,7.545647521972344e+16
p2_bulk_nta_1e18_common_primary,NTA 1e18 common-primary state,top_primary,interface_4x,T03_P2_BULK_TRAPS_FORMAL,enabled_symmetric_teaching_top_stack,0.0,0.01,0.0,0.3,channel,0.0,4.5e-06,0.0,45.0,0.0,1e+16
p2_bulk_nta_1e18_common_primary,NTA 1e18 common-primary state,top_primary,interface_4x,T03_P2_BULK_TRAPS_FORMAL,enabled_symmetric_teaching_top_stack,0.0,0.01,0.0,0.3,channel,2.5e-05,4.5e-06,0.25,45.0,0.05474483394632115,8.060088422424267e+16
p2_bulk_nta_1e18_common_primary,NTA 1e18 common-primary state,top_primary,interface_4x,T03_P2_BULK_TRAPS_FORMAL,enabled_symmetric_teaching_top_stack,0.0,0.01,0.0,0.3,channel,0.0,4.575e-06,0.0,45.75,0.0,1e+16
p2_bulk_nta_1e18_common_primary,NTA 1e18 common-primary state,top_primary,interface_4x,T03_P2_BULK_TRAPS_FORMAL,enabled_symmetric_teaching_top_stack,0.0,0.01,0.0,0.3,channel,2.5e-05,4.575e-06,0.25,45.75,0.05654240855254993,8.640473612365966e+16
p2_bulk_nta_1e18_common_primary,NTA 1e18 common-primary state,top_primary,interface_4x,T03_P2_BULK_TRAPS_FORMAL,enabled_symmetric_teaching_top_stack,0.0,0.01,0.0,0.3,channel,0.0,4.65e-06,0.0,46.50000000000001,0.0,1e+16
p2_bulk_nta_1e18_common_primary,NTA 1e18 common-primary state,top_primary,interface_4x,T03_P2_BULK_TRAPS_FORMAL,enabled_symmetric_teaching_top_stack,0.0,0.01,0.0,0.3,channel,2.5e-05,4.65e-06,0.25,46.50000000000001,0.058438880343076205,9.298153274806677e+16
p2_bulk_nta_1e18_common_primary,NTA 1e18 common-primary state,top_primary,interface_4x,T03_P2_BULK_TRAPS_FORMAL,enabled_symmetric_teaching_top_stack,0.0,0.01,0.0,0.3,channel,0.0,4.7250000000000005e-06,0.0,47.25000000000001,0.0,1e+16
p2_bulk_nta_1e18_common_primary,NTA 1e18 common-primary state,top_primary,interface_4x,T03_P2_BULK_TRAPS_FORMAL,enabled_symmetric_teaching_top_stack,0.0,0.01,0.0,0.3,channel,2.5e-05,4.7250000000000005e-06,0.25,47.25000000000001,0.06044143797603585,1.0047037659313686e+17
p2_bulk_nta_1e18_common_primary,NTA 1e18 common-primary state,top_primary,interface_4x,T03_P2_BULK_TRAPS_FORMAL,enabled_symmetric_teaching_top_stack,0.0,0.01,0.0,0.3,channel,0.0,4.8e-06,0.0,48.0,0.0,1e+16
p2_bulk_nta_1e18_common_primary,NTA 1e18 common-primary state,top_primary,interface_4x,T03_P2_BULK_TRAPS_FORMAL,enabled_symmetric_teaching_top_stack,0.0,0.01,0.0,0.3,channel,2.5e-05,4.8e-06,0.25,48.0,0.0625582371120116,1.0904318946434112e+17
p2_bulk_nta_1e18_common_primary,NTA 1e18 common-primary state,top_primary,interface_4x,T03_P2_BULK_TRAPS_FORMAL,enabled_symmetric_teaching_top_stack,0.0,0.01,0.0,0.3,channel,0.0,4.875e-06,0.0,48.75,0.0,1e+16
p2_bulk_nta_1e18_common_primary,NTA 1e18 common-primary state,top_primary,interface_4x,T03_P2_BULK_TRAPS_FORMAL,enabled_symmetric_teaching_top_stack,0.0,0.01,0.0,0.3,channel,2.5e-05,4.875e-06,0.25,48.75,0.06479857963223726,1.189144178921306e+17
p2_bulk_nta_1e18_common_primary,NTA 1e18 common-primary state,top_primary,interface_4x,T03_P2_BULK_TRAPS_FORMAL,enabled_symmetric_teaching_top_stack,0.0,0.01,0.0,0.3,channel,0.0,4.95e-06,0.0,49.5,0.0,1e+16
p2_bulk_nta_1e18_common_primary,NTA 1e18 common-primary state,top_primary,interface_4x,T03_P2_BULK_TRAPS_FORMAL,enabled_symmetric_teaching_top_stack,0.0,0.01,0.0,0.3,channel,2.5e-05,4.95e-06,0.25,49.5,0.06717313682460842,1.3035425317460347e+17
p2_bulk_nta_1e18_common_primary,NTA 1e18 common-primary state,top_primary,interface_4x,T03_P2_BULK_TRAPS_FORMAL,enabled_symmetric_teaching_top_stack,0.0,0.01,0.0,0.3,channel,0.0,5.025e-06,0.0,50.25,0.0,1e+16
p2_bulk_nta_1e18_common_primary,NTA 1e18 common-primary state,top_primary,interface_4x,T03_P2_BULK_TRAPS_FORMAL,enabled_symmetric_teaching_top_stack,0.0,0.01,0.0,0.3,channel,2.5e-05,5.025e-06,0.25,50.25,0.06969423013854327,1.437068972163264e+17
p2_bulk_nta_1e18_common_primary,NTA 1e18 common-primary state,top_primary,interface_4x,T03_P2_BULK_TRAPS_FORMAL,enabled_symmetric_teaching_top_stack,0.0,0.01,0.0,0.3,channel,0.0,5.1e-06,0.0,51.0,0.0,1e+16
p2_bulk_nta_1e18_common_primary,NTA 1e18 common-primary state,top_primary,interface_4x,T03_P2_BULK_TRAPS_FORMAL,enabled_symmetric_teaching_top_stack,0.0,0.01,0.0,0.3,channel,2.5e-05,5.1e-06,0.25,51.0,0.0723761882844077,1.5941619790945034e+17
p2_bulk_nta_1e18_common_primary,NTA 1e18 common-primary state,top_primary,interface_4x,T03_P2_BULK_TRAPS_FORMAL,enabled_symmetric_teaching_top_stack,0.0,0.01,0.0,0.3,channel,0.0,5.1750000000000004e-06,0.0,51.75000000000001,0.0,1e+16
p2_bulk_nta_1e18_common_primary,NTA 1e18 common-primary state,top_primary,interface_4x,T03_P2_BULK_TRAPS_FORMAL,enabled_symmetric_teaching_top_stack,0.0,0.01,0.0,0.3,channel,2.5e-05,5.1750000000000004e-06,0.25,51.75000000000001,0.0752358070057532,1.780622534672339e+17
p2_bulk_nta_1e18_common_primary,NTA 1e18 common-primary state,top_primary,interface_4x,T03_P2_BULK_TRAPS_FORMAL,enabled_symmetric_teaching_top_stack,0.0,0.01,0.0,0.3,channel,0.0,5.2500000000000006e-06,0.0,52.50000000000001,0.0,1e+16
p2_bulk_nta_1e18_common_primary,NTA 1e18 common-primary state,top_primary,interface_4x,T03_P2_BULK_TRAPS_FORMAL,enabled_symmetric_teaching_top_stack,0.0,0.01,0.0,0.3,channel,2.5e-05,5.2500000000000006e-06,0.25,52.50000000000001,0.0782929490863303,2.004146884047171e+17
p2_bulk_nta_1e18_common_primary,NTA 1e18 common-primary state,top_primary,interface_4x,T03_P2_BULK_TRAPS_FORMAL,enabled_symmetric_teaching_top_stack,0.0,0.01,0.0,0.3,channel,0.0,5.325e-06,0.0,53.25,0.0,1e+16
p2_bulk_nta_1e18_common_primary,NTA 1e18 common-primary state,top_primary,interface_4x,T03_P2_BULK_TRAPS_FORMAL,enabled_symmetric_teaching_top_stack,0.0,0.01,0.0,0.3,channel,2.5e-05,5.325e-06,0.25,53.25,0.08157133921662484,2.27511865630093e+17
p2_bulk_nta_1e18_common_primary,NTA 1e18 common-primary state,top_primary,interface_4x,T03_P2_BULK_TRAPS_FORMAL,enabled_symmetric_teaching_top_stack,0.0,0.01,0.0,0.3,channel,0.0,5.4e-06,0.0,54.0,0.0,1e+16
p2_bulk_nta_1e18_common_primary,NTA 1e18 common-primary state,top_primary,interface_4x,T03_P2_BULK_TRAPS_FORMAL,enabled_symmetric_teaching_top_stack,0.0,0.01,0.0,0.3,channel,2.5e-05,5.4e-06,0.25,54.0,0.085099634872211,2.607815132113783e+17
p2_bulk_nta_1e18_common_primary,NTA 1e18 common-primary state,top_primary,interface_4x,T03_P2_BULK_TRAPS_FORMAL,enabled_symmetric_teaching_top_stack,0.0,0.01,0.0,0.3,channel,5e-05,3e-06,0.5,30.0,0.033408961126100416,3.50205986978972e+16
p2_bulk_nta_1e18_common_primary,NTA 1e18 common-primary state,top_primary,interface_4x,T03_P2_BULK_TRAPS_FORMAL,enabled_symmetric_teaching_top_stack,0.0,0.01,0.0,0.3,channel,5e-05,3.075e-06,0.5,30.750000000000004,0.03399741528972773,3.5826894197827376e+16
p2_bulk_nta_1e18_common_primary,NTA 1e18 common-primary state,top_primary,interface_4x,T03_P2_BULK_TRAPS_FORMAL,enabled_symmetric_teaching_top_stack,0.0,0.01,0.0,0.3,channel,5e-05,3.1500000000000003e-06,0.5,31.500000000000004,0.03462778655457259,3.6711229719727096e+16
p2_bulk_nta_1e18_common_primary,NTA 1e18 common-primary state,top_primary,interface_4x,T03_P2_BULK_TRAPS_FORMAL,enabled_symmetric_teaching_top_stack,0.0,0.01,0.0,0.3,channel,5e-05,3.225e-06,0.5,32.25,0.035301096334672516,3.767992579381941e+16
p2_bulk_nta_1e18_common_primary,NTA 1e18 common-primary state,top_primary,interface_4x,T03_P2_BULK_TRAPS_FORMAL,enabled_symmetric_teaching_top_stack,0.0,0.01,0.0,0.3,channel,5e-05,3.3e-06,0.5,33.0,0.03601846116868186,3.874014462023737e+16
p2_bulk_nta_1e18_common_primary,NTA 1e18 common-primary state,top_primary,interface_4x,T03_P2_BULK_TRAPS_FORMAL,enabled_symmetric_teaching_top_stack,0.0,0.01,0.0,0.3,channel,5e-05,3.3750000000000003e-06,0.5,33.75,0.03678110043374443,3.990001081771146e+16
p2_bulk_nta_1e18_common_primary,NTA 1e18 common-primary state,top_primary,interface_4x,T03_P2_BULK_TRAPS_FORMAL,enabled_symmetric_teaching_top_stack,0.0,0.01,0.0,0.3,channel,5e-05,3.45e-06,0.5,34.5,0.03759034508270454,4.116875421230381e+16
p2_bulk_nta_1e18_common_primary,NTA 1e18 common-primary state,top_primary,interface_4x,T03_P2_BULK_TRAPS_FORMAL,enabled_symmetric_teaching_top_stack,0.0,0.01,0.0,0.3,channel,5e-05,3.525e-06,0.5,35.25,0.03844764755448796,4.255687923272764e+16
p2_bulk_nta_1e18_common_primary,NTA 1e18 common-primary state,top_primary,interface_4x,T03_P2_BULK_TRAPS_FORMAL,enabled_symmetric_teaching_top_stack,0.0,0.01,0.0,0.3,channel,5e-05,3.6000000000000003e-06,0.5,36.0,0.03935459303521892,4.4076366585832264e+16
p2_bulk_nta_1e18_common_primary,NTA 1e18 common-primary state,top_primary,interface_4x,T03_P2_BULK_TRAPS_FORMAL,enabled_symmetric_teaching_top_stack,0.0,0.01,0.0,0.3,channel,5e-05,3.6750000000000004e-06,0.5,36.75000000000001,0.04031291228125718,4.5740914297014216e+16
p2_bulk_nta_1e18_common_primary,NTA 1e18 common-primary state,top_primary,interface_4x,T03_P2_BULK_TRAPS_FORMAL,enabled_symmetric_teaching_top_stack,0.0,0.01,0.0,0.3,channel,5e-05,3.7500000000000005e-06,0.5,37.50000000000001,0.04132449625629608,4.756622701032559e+16
p2_bulk_nta_1e18_common_primary,NTA 1e18 common-primary state,top_primary,interface_4x,T03_P2_BULK_TRAPS_FORMAL,enabled_symmetric_teaching_top_stack,0.0,0.01,0.0,0.3,channel,5e-05,3.825000000000001e-06,0.5,38.25000000000001,0.042391412884828866,4.957036477961805e+16
p2_bulk_nta_1e18_common_primary,NTA 1e18 common-primary state,top_primary,interface_4x,T03_P2_BULK_TRAPS_FORMAL,enabled_symmetric_teaching_top_stack,0.0,0.01,0.0,0.3,channel,5e-05,3.9e-06,0.5,39.0,0.043515926286075236,5.177416561881184e+16
p2_bulk_nta_1e18_common_primary,NTA 1e18 common-primary state,top_primary,interface_4x,T03_P2_BULK_TRAPS_FORMAL,enabled_symmetric_teaching_top_stack,0.0,0.01,0.0,0.3,channel,5e-05,3.975e-06,0.5,39.75,0.04470051892899608,5.420176005424797e+16
p2_bulk_nta_1e18_common_primary,NTA 1e18 common-primary state,top_primary,interface_4x,T03_P2_BULK_TRAPS_FORMAL,enabled_symmetric_teaching_top_stack,0.0,0.01,0.0,0.3,channel,5e-05,4.05e-06,0.5,40.5,0.045947917244405875,5.688120116393052e+16
p2_bulk_nta_1e18_common_primary,NTA 1e18 common-primary state,top_primary,interface_4x,T03_P2_BULK_TRAPS_FORMAL,enabled_symmetric_teaching_top_stack,0.0,0.01,0.0,0.3,channel,5e-05,4.125e-06,0.5,41.25,0.04726112134981897,5.98452405559518e+16
p2_bulk_nta_1e18_common_primary,NTA 1e18 common-primary state,top_primary,interface_4x,T03_P2_BULK_TRAPS_FORMAL,enabled_symmetric_teaching_top_stack,0.0,0.01,0.0,0.3,channel,5e-05,4.2000000000000004e-06,0.5,42.00000000000001,0.04864343969370802,6.313229007730856e+16
p2_bulk_nta_1e18_common_primary,NTA 1e18 common-primary state,top_primary,interface_4x,T03_P2_BULK_TRAPS_FORMAL,enabled_symmetric_teaching_top_stack,0.0,0.01,0.0,0.3,channel,5e-05,4.2750000000000006e-06,0.5,42.75000000000001,0.05009852961791746,6.6787621673196344e+16
p2_bulk_nta_1e18_common_primary,NTA 1e18 common-primary state,top_primary,interface_4x,T03_P2_BULK_TRAPS_FORMAL,enabled_symmetric_teaching_top_stack,0.0,0.01,0.0,0.3,channel,5e-05,4.350000000000001e-06,0.5,43.50000000000001,0.0516304450830442,7.086487505622832e+16
p2_bulk_nta_1e18_common_primary,NTA 1e18 common-primary state,top_primary,interface_4x,T03_P2_BULK_TRAPS_FORMAL,enabled_symmetric_teaching_top_stack,0.0,0.01,0.0,0.3,channel,5e-05,4.425e-06,0.5,44.25,0.05324369311938538,7.542796661506582e+16
p2_bulk_nta_1e18_common_primary,NTA 1e18 common-primary state,top_primary,interface_4x,T03_P2_BULK_TRAPS_FORMAL,enabled_symmetric_teaching_top_stack,0.0,0.01,0.0,0.3,channel,5e-05,4.5e-06,0.5,45.0,0.054943300979967614,8.055352611900226e+16
p2_bulk_nta_1e18_common_primary,NTA 1e18 common-primary state,top_primary,interface_4x,T03_P2_BULK_TRAPS_FORMAL,enabled_symmetric_teaching_top_stack,0.0,0.01,0.0,0.3,channel,5e-05,4.575e-06,0.5,45.75,0.05673489651621196,8.633403447347078e+16
p2_bulk_nta_1e18_common_primary,NTA 1e18 common-primary state,top_primary,interface_4x,T03_P2_BULK_TRAPS_FORMAL,enabled_symmetric_teaching_top_stack,0.0,0.01,0.0,0.3,channel,5e-05,4.65e-06,0.5,46.50000000000001,0.05862480501885736,9.288190242316523e+16
p2_bulk_nta_1e18_common_primary,NTA 1e18 common-primary state,top_primary,interface_4x,T03_P2_BULK_TRAPS_FORMAL,enabled_symmetric_teaching_top_stack,0.0,0.01,0.0,0.3,channel,5e-05,4.7250000000000005e-06,0.5,47.25000000000001,0.06062016673518127,1.0033482646305963e+17
p2_bulk_nta_1e18_common_primary,NTA 1e18 common-primary state,top_primary,interface_4x,T03_P2_BULK_TRAPS_FORMAL,enabled_symmetric_teaching_top_stack,0.0,0.01,0.0,0.3,channel,5e-05,4.8e-06,0.5,48.0,0.06272908058706357,1.0886289955214627e+17
p2_bulk_nta_1e18_common_primary,NTA 1e18 common-primary state,top_primary,interface_4x,T03_P2_BULK_TRAPS_FORMAL,enabled_symmetric_teaching_top_stack,0.0,0.01,0.0,0.3,channel,5e-05,4.875e-06,0.5,48.75,0.06496078141778303,1.186781647248131e+17
p2_bulk_nta_1e18_common_primary,NTA 1e18 common-primary state,top_primary,interface_4x,T03_P2_BULK_TRAPS_FORMAL,enabled_symmetric_teaching_top_stack,0.0,0.01,0.0,0.3,channel,5e-05,4.95e-06,0.5,49.5,0.06732586060408721,1.3004761847364331e+17
p2_bulk_nta_1e18_common_primary,NTA 1e18 common-primary state,top_primary,interface_4x,T03_P2_BULK_TRAPS_FORMAL,enabled_symmetric_teaching_top_stack,0.0,0.01,0.0,0.3,channel,5e-05,5.025e-06,0.5,50.25,0.06983654341018357,1.4331116236413286e+17
p2_bulk_nta_1e18_common_primary,NTA 1e18 common-primary state,top_primary,interface_4x,T03_P2_BULK_TRAPS_FORMAL,enabled_symmetric_teaching_top_stack,0.0,0.01,0.0,0.3,channel,5e-05,5.1e-06,0.5,51.0,0.0725070415345602,1.5890677458206858e+17
p2_bulk_nta_1e18_common_primary,NTA 1e18 common-primary state,top_primary,interface_4x,T03_P2_BULK_TRAPS_FORMAL,enabled_symmetric_teaching_top_stack,0.0,0.01,0.0,0.3,channel,5e-05,5.1750000000000004e-06,0.5,51.75000000000001,0.07535400669930799,1.7740641611350624e+17
p2_bulk_nta_1e18_common_primary,NTA 1e18 common-primary state,top_primary,interface_4x,T03_P2_BULK_TRAPS_FORMAL,enabled_symmetric_teaching_top_stack,0.0,0.01,0.0,0.3,channel,5e-05,5.2500000000000006e-06,0.5,52.50000000000001,0.07839712212478323,1.9956823288334352e+17
p2_bulk_nta_1e18_common_primary,NTA 1e18 common-primary state,top_primary,interface_4x,T03_P2_BULK_TRAPS_FORMAL,enabled_symmetric_teaching_top_stack,0.0,0.01,0.0,0.3,channel,5e-05,5.325e-06,0.5,53.25,0.08165988541000009,2.2641407574002448e+17
p2_bulk_nta_1e18_common_primary,NTA 1e18 common-primary state,top_primary,interface_4x,T03_P2_BULK_TRAPS_FORMAL,enabled_symmetric_teaching_top_stack,0.0,0.01,0.0,0.3,channel,5e-05,5.4e-06,0.5,54.0,0.08517066223338318,2.5934738746516803e+17
p2_bulk_nta_1e18_common_primary,NTA 1e18 common-primary state,top_primary,interface_4x,T03_P2_BULK_TRAPS_FORMAL,enabled_symmetric_teaching_top_stack,0.0,0.01,0.0,0.3,channel,7.500000000000001e-05,3e-06,0.7500000000000001,30.0,0.033554564710495796,3.4928011704677068e+16
p2_bulk_nta_1e18_common_primary,NTA 1e18 common-primary state,top_primary,interface_4x,T03_P2_BULK_TRAPS_FORMAL,enabled_symmetric_teaching_top_stack,0.0,0.01,0.0,0.3,channel,7.500000000000001e-05,3.075e-06,0.7500000000000001,30.750000000000004,0.034145430288314495,3.573550869953988e+16
p2_bulk_nta_1e18_common_primary,NTA 1e18 common-primary state,top_primary,interface_4x,T03_P2_BULK_TRAPS_FORMAL,enabled_symmetric_teaching_top_stack,0.0,0.01,0.0,0.3,channel,7.500000000000001e-05,3.1500000000000003e-06,0.7500000000000001,31.500000000000004,0.034778106513053644,3.662085346156921e+16
p2_bulk_nta_1e18_common_primary,NTA 1e18 common-primary state,top_primary,interface_4x,T03_P2_BULK_TRAPS_FORMAL,enabled_symmetric_teaching_top_stack,0.0,0.01,0.0,0.3,channel,7.500000000000001e-05,3.225e-06,0.7500000000000001,32.25,0.035453616189140474,3.759036342452913e+16
p2_bulk_nta_1e18_common_primary,NTA 1e18 common-primary state,top_primary,interface_4x,T03_P2_BULK_TRAPS_FORMAL,enabled_symmetric_teaching_top_stack,0.0,0.01,0.0,0.3,channel,7.500000000000001e-05,3.3e-06,0.7500000000000001,33.0,0.03617307702782637,3.8651195781194984e+16
p2_bulk_nta_1e18_common_primary,NTA 1e18 common-primary state,top_primary,interface_4x,T03_P2_BULK_TRAPS_FORMAL,enabled_symmetric_teaching_top_stack,0.0,0.01,0.0,0.3,channel,7.500000000000001e-05,3.3750000000000003e-06,0.7500000000000001,33.75,0.03693770935619101,3.9811468023778776e+16
p2_bulk_nta_1e18_common_primary,NTA 1e18 common-primary state,top_primary,interface_4x,T03_P2_BULK_TRAPS_FORMAL,enabled_symmetric_teaching_top_stack,0.0,0.01,0.0,0.3,channel,7.500000000000001e-05,3.45e-06,0.7500000000000001,34.5,0.03774884484723996,4.108040046894878e+16
p2_bulk_nta_1e18_common_primary,NTA 1e18 common-primary state,top_primary,interface_4x,T03_P2_BULK_TRAPS_FORMAL,enabled_symmetric_teaching_top_stack,0.0,0.01,0.0,0.3,channel,7.500000000000001e-05,3.525e-06,0.7500000000000001,35.25,0.038607936420653854,4.246848532216183e+16
p2_bulk_nta_1e18_common_primary,NTA 1e18 common-primary state,top_primary,interface_4x,T03_P2_BULK_TRAPS_FORMAL,enabled_symmetric_teaching_top_stack,0.0,0.01,0.0,0.3,channel,7.500000000000001e-05,3.6000000000000003e-06,0.7500000000000001,36.0,0.03951656949141249,4.398768793969723e+16
p2_bulk_nta_1e18_common_primary,NTA 1e18 common-primary state,top_primary,interface_4x,T03_P2_BULK_TRAPS_FORMAL,enabled_symmetric_teaching_top_stack,0.0,0.01,0.0,0.3,channel,7.500000000000001e-05,3.6750000000000004e-06,0.7500000000000001,36.75000000000001,0.04047647477704939,4.56516873535796e+16
p2_bulk_nta_1e18_common_primary,NTA 1e18 common-primary state,top_primary,interface_4x,T03_P2_BULK_TRAPS_FORMAL,enabled_symmetric_teaching_top_stack,0.0,0.01,0.0,0.3,channel,7.500000000000001e-05,3.7500000000000005e-06,0.7500000000000001,37.50000000000001,0.04148954291514356,4.747616492884295e+16
p2_bulk_nta_1e18_common_primary,NTA 1e18 common-primary state,top_primary,interface_4x,T03_P2_BULK_TRAPS_FORMAL,enabled_symmetric_teaching_top_stack,0.0,0.01,0.0,0.3,channel,7.500000000000001e-05,3.825000000000001e-06,0.7500000000000001,38.25000000000001,0.04255784119268953,4.947915235156446e+16
p2_bulk_nta_1e18_common_primary,NTA 1e18 common-primary state,top_primary,interface_4x,T03_P2_BULK_TRAPS_FORMAL,enabled_symmetric_teaching_top_stack,0.0,0.01,0.0,0.3,channel,7.500000000000001e-05,3.9e-06,0.7500000000000001,39.0,0.0436836327506061,5.168145317273309e+16
p2_bulk_nta_1e18_common_primary,NTA 1e18 common-primary state,top_primary,interface_4x,T03_P2_BULK_TRAPS_FORMAL,enabled_symmetric_teaching_top_stack,0.0,0.01,0.0,0.3,channel,7.500000000000001e-05,3.975e-06,0.7500000000000001,39.75,0.0448693987029698,5.410715609430061e+16
p2_bulk_nta_1e18_common_primary,NTA 1e18 common-primary state,top_primary,interface_4x,T03_P2_BULK_TRAPS_FORMAL,enabled_symmetric_teaching_top_stack,0.0,0.01,0.0,0.3,channel,7.500000000000001e-05,4.05e-06,0.7500000000000001,40.5,0.04611786370567223,5.678426340720497e+16
p2_bulk_nta_1e18_common_primary,NTA 1e18 common-primary state,top_primary,interface_4x,T03_P2_BULK_TRAPS_FORMAL,enabled_symmetric_teaching_top_stack,0.0,0.01,0.0,0.3,channel,7.500000000000001e-05,4.125e-06,0.7500000000000001,41.25,0.047432025628482026,5.974546493347965e+16
p2_bulk_nta_1e18_common_primary,NTA 1e18 common-primary state,top_primary,interface_4x,T03_P2_BULK_TRAPS_FORMAL,enabled_symmetric_teaching_top_stack,0.0,0.01,0.0,0.3,channel,7.500000000000001e-05,4.2000000000000004e-06,0.7500000000000001,42.00000000000001,0.04881519013508521,6.302909712876251e+16
p2_bulk_nta_1e18_common_primary,NTA 1e18 common-primary state,top_primary,interface_4x,T03_P2_BULK_TRAPS_FORMAL,enabled_symmetric_teaching_top_stack,0.0,0.01,0.0,0.3,channel,7.500000000000001e-05,4.2750000000000006e-06,0.7500000000000001,42.75000000000001,0.050271011167155356,6.668033958202119e+16
p2_bulk_nta_1e18_common_primary,NTA 1e18 common-primary state,top_primary,interface_4x,T03_P2_BULK_TRAPS_FORMAL,enabled_symmetric_teaching_top_stack,0.0,0.01,0.0,0.3,channel,7.500000000000001e-05,4.350000000000001e-06,0.7500000000000001,43.50000000000001,0.05180353857379883,7.075271832055924e+16
p2_bulk_nta_1e18_common_primary,NTA 1e18 common-primary state,top_primary,interface_4x,T03_P2_BULK_TRAPS_FORMAL,enabled_symmetric_teaching_top_stack,0.0,0.01,0.0,0.3,channel,7.500000000000001e-05,4.425e-06,0.7500000000000001,44.25,0.053417274444474215,7.531000900143494e+16
p2_bulk_nta_1e18_common_primary,NTA 1e18 common-primary state,top_primary,interface_4x,T03_P2_BULK_TRAPS_FORMAL,enabled_symmetric_teaching_top_stack,0.0,0.01,0.0,0.3,channel,7.500000000000001e-05,4.5e-06,0.7500000000000001,45.0,0.055117240116008506,8.042866605777947e+16
p2_bulk_nta_1e18_common_primary,NTA 1e18 common-primary state,top_primary,interface_4x,T03_P2_BULK_TRAPS_FORMAL,enabled_symmetric_teaching_top_stack,0.0,0.01,0.0,0.3,channel,7.500000000000001e-05,4.575e-06,0.7500000000000001,45.75,0.05690905636648107,8.620095036311926e+16
p2_bulk_nta_1e18_common_primary,NTA 1e18 common-primary state,top_primary,interface_4x,T03_P2_BULK_TRAPS_FORMAL,enabled_symmetric_teaching_top_stack,0.0,0.01,0.0,0.3,channel,7.500000000000001e-05,4.65e-06,0.7500000000000001,46.50000000000001,0.05879904002821335,9.273899431713882e+16
p2_bulk_nta_1e18_common_primary,NTA 1e18 common-primary state,top_primary,interface_4x,T03_P2_BULK_TRAPS_FORMAL,enabled_symmetric_teaching_top_stack,0.0,0.01,0.0,0.3,channel,7.500000000000001e-05,4.7250000000000005e-06,0.7500000000000001,47.25000000000001,0.06079432121689999,1.0018013916771133e+17
p2_bulk_nta_1e18_common_primary,NTA 1e18 common-primary state,top_primary,interface_4x,T03_P2_BULK_TRAPS_FORMAL,enabled_symmetric_teaching_top_stack,0.0,0.01,0.0,0.3,channel,7.500000000000001e-05,4.8e-06,0.7500000000000001,48.0,0.06290298668232489,1.0869402002935582e+17
p2_bulk_nta_1e18_common_primary,NTA 1e18 common-primary state,top_primary,interface_4x,T03_P2_BULK_TRAPS_FORMAL,enabled_symmetric_teaching_top_stack,0.0,0.01,0.0,0.3,channel,7.500000000000001e-05,4.875e-06,0.7500000000000001,48.75,0.0651342565821649,1.1849208349003358e+17
p2_bulk_nta_1e18_common_primary,NTA 1e18 common-primary state,top_primary,interface_4x,T03_P2_BULK_TRAPS_FORMAL,enabled_symmetric_teaching_top_stack,0.0,0.01,0.0,0.3,channel,7.500000000000001e-05,4.95e-06,0.7500000000000001,49.5,0.067498704478474,1.298405397902973e+17
p2_bulk_nta_1e18_common_primary,NTA 1e18 common-primary state,top_primary,interface_4x,T03_P2_BULK_TRAPS_FORMAL,enabled_symmetric_teaching_top_stack,0.0,0.01,0.0,0.3,channel,7.500000000000001e-05,5.025e-06,0.7500000000000001,50.25,0.07000853388098537,1.4307824042857662e+17
p2_bulk_nta_1e18_common_primary,NTA 1e18 common-primary state,top_primary,interface_4x,T03_P2_BULK_TRAPS_FORMAL,enabled_symmetric_teaching_top_stack,0.0,0.01,0.0,0.3,channel,7.500000000000001e-05,5.1e-06,0.7500000000000001,51.0,0.07267792971229244,1.586417408136287e+17
p2_bulk_nta_1e18_common_primary,NTA 1e18 common-primary state,top_primary,interface_4x,T03_P2_BULK_TRAPS_FORMAL,enabled_symmetric_teaching_top_stack,0.0,0.01,0.0,0.3,channel,7.500000000000001e-05,5.1750000000000004e-06,0.7500000000000001,51.75000000000001,0.07552351043305336,1.77101043041482e+17
p2_bulk_nta_1e18_common_primary,NTA 1e18 common-primary state,top_primary,interface_4x,T03_P2_BULK_TRAPS_FORMAL,enabled_symmetric_teaching_top_stack,0.0,0.01,0.0,0.3,channel,7.500000000000001e-05,5.2500000000000006e-06,0.7500000000000001,52.50000000000001,0.07856491750281093,1.9921154743941968e+17
p2_bulk_nta_1e18_common_primary,NTA 1e18 common-primary state,top_primary,interface_4x,T03_P2_BULK_TRAPS_FORMAL,enabled_symmetric_teaching_top_stack,0.0,0.01,0.0,0.3,channel,7.500000000000001e-05,5.325e-06,0.7500000000000001,53.25,0.0818255954404868,2.259911787921775e+17
p2_bulk_nta_1e18_common_primary,NTA 1e18 common-primary state,top_primary,interface_4x,T03_P2_BULK_TRAPS_FORMAL,enabled_symmetric_teaching_top_stack,0.0,0.01,0.0,0.3,channel,7.500000000000001e-05,5.4e-06,0.7500000000000001,54.0,0.08533384149665124,2.5883763754810624e+17
p2_bulk_nta_1e18_common_primary,NTA 1e18 common-primary state,top_primary,interface_4x,T03_P2_BULK_TRAPS_FORMAL,enabled_symmetric_teaching_top_stack,0.0,0.01,0.0,0.3,channel,0.0001,3e-06,1.0,30.0,0.033700169855073424,3.483516138304803e+16
p2_bulk_nta_1e18_common_primary,NTA 1e18 common-primary state,top_primary,interface_4x,T03_P2_BULK_TRAPS_FORMAL,enabled_symmetric_teaching_top_stack,0.0,0.01,0.0,0.3,channel,0.0001,3.075e-06,1.0,30.750000000000004,0.0342934568957939,3.564385025477809e+16
p2_bulk_nta_1e18_common_primary,NTA 1e18 common-primary state,top_primary,interface_4x,T03_P2_BULK_TRAPS_FORMAL,enabled_symmetric_teaching_top_stack,0.0,0.01,0.0,0.3,channel,0.0001,3.1500000000000003e-06,1.0,31.500000000000004,0.034928448572942965,3.653019589110948e+16
p2_bulk_nta_1e18_common_primary,NTA 1e18 common-primary state,top_primary,interface_4x,T03_P2_BULK_TRAPS_FORMAL,enabled_symmetric_teaching_top_stack,0.0,0.01,0.0,0.3,channel,0.0001,3.225e-06,1.0,32.25,0.03560616906130874,3.750051259511023e+16
p2_bulk_nta_1e18_common_primary,NTA 1e18 common-primary state,top_primary,interface_4x,T03_P2_BULK_TRAPS_FORMAL,enabled_symmetric_teaching_top_stack,0.0,0.01,0.0,0.3,channel,0.0001,3.3e-06,1.0,33.0,0.036327737224595785,3.856195253179958e+16
p2_bulk_nta_1e18_common_primary,NTA 1e18 common-primary state,top_primary,interface_4x,T03_P2_BULK_TRAPS_FORMAL,enabled_symmetric_teaching_top_stack,0.0,0.01,0.0,0.3,channel,0.0001,3.3750000000000003e-06,1.0,33.75,0.037094374319489185,3.9722626060655544e+16
p2_bulk_nta_1e18_common_primary,NTA 1e18 common-primary state,top_primary,interface_4x,T03_P2_BULK_TRAPS_FORMAL,enabled_symmetric_teaching_top_stack,0.0,0.01,0.0,0.3,channel,0.0001,3.45e-06,1.0,34.5,0.037907412718577144,4.099174399757548e+16
p2_bulk_nta_1e18_common_primary,NTA 1e18 common-primary state,top_primary,interface_4x,T03_P2_BULK_TRAPS_FORMAL,enabled_symmetric_teaching_top_stack,0.0,0.01,0.0,0.3,channel,0.0001,3.525e-06,1.0,35.25,0.03876830580141756,4.237978634923236e+16
p2_bulk_nta_1e18_common_primary,NTA 1e18 common-primary state,top_primary,interface_4x,T03_P2_BULK_TRAPS_FORMAL,enabled_symmetric_teaching_top_stack,0.0,0.01,0.0,0.3,channel,0.0001,3.6000000000000003e-06,1.0,36.0,0.03967863919062959,4.3898703163085896e+16
p2_bulk_nta_1e18_common_primary,NTA 1e18 common-primary state,top_primary,interface_4x,T03_P2_BULK_TRAPS_FORMAL,enabled_symmetric_teaching_top_stack,0.0,0.01,0.0,0.3,channel,0.0001,3.6750000000000004e-06,1.0,36.75000000000001,0.04064014354333819,4.556215453874474e+16
p2_bulk_nta_1e18_common_primary,NTA 1e18 common-primary state,top_primary,interface_4x,T03_P2_BULK_TRAPS_FORMAL,enabled_symmetric_teaching_top_stack,0.0,0.01,0.0,0.3,channel,0.0001,3.7500000000000005e-06,1.0,37.50000000000001,0.04165470914904569,4.7385798644924376e+16
p2_bulk_nta_1e18_common_primary,NTA 1e18 common-primary state,top_primary,interface_4x,T03_P2_BULK_TRAPS_FORMAL,enabled_symmetric_teaching_top_stack,0.0,0.01,0.0,0.3,channel,0.0001,3.825000000000001e-06,1.0,38.25000000000001,0.0427244026349074,4.938763890766715e+16
p2_bulk_nta_1e18_common_primary,NTA 1e18 common-primary state,top_primary,interface_4x,T03_P2_BULK_TRAPS_FORMAL,enabled_symmetric_teaching_top_stack,0.0,0.01,0.0,0.3,channel,0.0001,3.9e-06,1.0,39.0,0.043851486140842444,5.1588444552062696e+16
p2_bulk_nta_1e18_common_primary,NTA 1e18 common-primary state,top_primary,interface_4x,T03_P2_BULK_TRAPS_FORMAL,enabled_symmetric_teaching_top_stack,0.0,0.01,0.0,0.3,channel,0.0001,3.975e-06,1.0,39.75,0.045038439403027555,5.401226262747169e+16
p2_bulk_nta_1e18_common_primary,NTA 1e18 common-primary state,top_primary,interface_4x,T03_P2_BULK_TRAPS_FORMAL,enabled_symmetric_teaching_top_stack,0.0,0.01,0.0,0.3,channel,0.0001,4.05e-06,1.0,40.5,0.04628798527916735,5.6687044851383416e+16
p2_bulk_nta_1e18_common_primary,NTA 1e18 common-primary state,top_primary,interface_4x,T03_P2_BULK_TRAPS_FORMAL,enabled_symmetric_teaching_top_stack,0.0,0.01,0.0,0.3,channel,0.0001,4.125e-06,1.0,41.25,0.04760311936787204,5.964541952432953e+16
p2_bulk_nta_1e18_common_primary,NTA 1e18 common-primary state,top_primary,interface_4x,T03_P2_BULK_TRAPS_FORMAL,enabled_symmetric_teaching_top_stack,0.0,0.01,0.0,0.3,channel,0.0001,4.2000000000000004e-06,1.0,42.00000000000001,0.048987144524619906,6.292564803793982e+16
p2_bulk_nta_1e18_common_primary,NTA 1e18 common-primary state,top_primary,interface_4x,T03_P2_BULK_TRAPS_FORMAL,enabled_symmetric_teaching_top_stack,0.0,0.01,0.0,0.3,channel,0.0001,4.2750000000000006e-06,1.0,42.75000000000001,0.05044371126767494,6.6572818030612296e+16
p2_bulk_nta_1e18_common_primary,NTA 1e18 common-primary state,top_primary,interface_4x,T03_P2_BULK_TRAPS_FORMAL,enabled_symmetric_teaching_top_stack,0.0,0.01,0.0,0.3,channel,0.0001,4.350000000000001e-06,1.0,43.50000000000001,0.05197686531185127,7.0640342348771944e+16
p2_bulk_nta_1e18_common_primary,NTA 1e18 common-primary state,top_primary,interface_4x,T03_P2_BULK_TRAPS_FORMAL,enabled_symmetric_teaching_top_stack,0.0,0.01,0.0,0.3,channel,0.0001,4.425e-06,1.0,44.25,0.05359110378374157,7.519185654832522e+16
p2_bulk_nta_1e18_common_primary,NTA 1e18 common-primary state,top_primary,interface_4x,T03_P2_BULK_TRAPS_FORMAL,enabled_symmetric_teaching_top_stack,0.0,0.01,0.0,0.3,channel,0.0001,4.5e-06,1.0,45.0,0.05529144208316455,8.030364051936152e+16
p2_bulk_nta_1e18_common_primary,NTA 1e18 common-primary state,top_primary,interface_4x,T03_P2_BULK_TRAPS_FORMAL,enabled_symmetric_teaching_top_stack,0.0,0.01,0.0,0.3,channel,0.0001,4.575e-06,1.0,45.75,0.057083493895852704,8.606773610914358e+16
p2_bulk_nta_1e18_common_primary,NTA 1e18 common-primary state,top_primary,interface_4x,T03_P2_BULK_TRAPS_FORMAL,enabled_symmetric_teaching_top_stack,0.0,0.01,0.0,0.3,channel,0.0001,4.65e-06,1.0,46.50000000000001,0.05897356757927982,9.259599865916778e+16
p2_bulk_nta_1e18_common_primary,NTA 1e18 common-primary state,top_primary,interface_4x,T03_P2_BULK_TRAPS_FORMAL,enabled_symmetric_teaching_top_stack,0.0,0.01,0.0,0.3,channel,0.0001,4.7250000000000005e-06,1.0,47.25000000000001,0.060968783104724436,1.0002541583402909e+17
p2_bulk_nta_1e18_common_primary,NTA 1e18 common-primary state,top_primary,interface_4x,T03_P2_BULK_TRAPS_FORMAL,enabled_symmetric_teaching_top_stack,0.0,0.01,0.0,0.3,channel,0.0001,4.8e-06,1.0,48.0,0.0630772150420005,1.0852516708030115e+17
p2_bulk_nta_1e18_common_primary,NTA 1e18 common-primary state,top_primary,interface_4x,T03_P2_BULK_TRAPS_FORMAL,enabled_symmetric_teaching_top_stack,0.0,0.01,0.0,0.3,channel,0.0001,4.875e-06,1.0,48.75,0.06530806886209992,1.1830610542400246e+17
p2_bulk_nta_1e18_common_primary,NTA 1e18 common-primary state,top_primary,interface_4x,T03_P2_BULK_TRAPS_FORMAL,enabled_symmetric_teaching_top_stack,0.0,0.01,0.0,0.3,channel,0.0001,4.95e-06,1.0,49.5,0.0676719003205777,1.2963365873190771e+17
p2_bulk_nta_1e18_common_primary,NTA 1e18 common-primary state,top_primary,interface_4x,T03_P2_BULK_TRAPS_FORMAL,enabled_symmetric_teaching_top_stack,0.0,0.01,0.0,0.3,channel,0.0001,5.025e-06,1.0,50.25,0.0701808911935826,1.4284563373373552e+17
p2_bulk_nta_1e18_common_primary,NTA 1e18 common-primary state,top_primary,interface_4x,T03_P2_BULK_TRAPS_FORMAL,enabled_symmetric_teaching_top_stack,0.0,0.01,0.0,0.3,channel,0.0001,5.1e-06,1.0,51.0,0.07284919966615878,1.5837717042887514e+17
p2_bulk_nta_1e18_common_primary,NTA 1e18 common-primary state,top_primary,interface_4x,T03_P2_BULK_TRAPS_FORMAL,enabled_symmetric_teaching_top_stack,0.0,0.01,0.0,0.3,channel,0.0001,5.1750000000000004e-06,1.0,51.75000000000001,0.07569341100006848,1.767963224715812e+17
p2_bulk_nta_1e18_common_primary,NTA 1e18 common-primary state,top_primary,interface_4x,T03_P2_BULK_TRAPS_FORMAL,enabled_symmetric_teaching_top_stack,0.0,0.01,0.0,0.3,channel,0.0001,5.2500000000000006e-06,1.0,52.50000000000001,0.07873312499047218,1.988557597357376e+17
p2_bulk_nta_1e18_common_primary,NTA 1e18 common-primary state,top_primary,interface_4x,T03_P2_BULK_TRAPS_FORMAL,enabled_symmetric_teaching_top_stack,0.0,0.01,0.0,0.3,channel,0.0001,5.325e-06,1.0,53.25,0.08199173322078535,2.2556950343592957e+17
p2_bulk_nta_1e18_common_primary,NTA 1e18 common-primary state,top_primary,interface_4x,T03_P2_BULK_TRAPS_FORMAL,enabled_symmetric_teaching_top_stack,0.0,0.01,0.0,0.3,channel,0.0001,5.4e-06,1.0,54.0,0.08549746472791118,2.583295460269544e+17
p2_bulk_nta_1e18_common_primary,NTA 1e18 common-primary state,top_primary,interface_4x,T03_P2_BULK_TRAPS_FORMAL,enabled_symmetric_teaching_top_stack,0.0,0.01,0.0,0.3,channel,0.000125,3e-06,1.25,30.0,0.033845973107188565,3.4742313406045184e+16
p2_bulk_nta_1e18_common_primary,NTA 1e18 common-primary state,top_primary,interface_4x,T03_P2_BULK_TRAPS_FORMAL,enabled_symmetric_teaching_top_stack,0.0,0.01,0.0,0.3,channel,0.000125,3.075e-06,1.25,30.750000000000004,0.03444168499523914,3.5552181378655164e+16
p2_bulk_nta_1e18_common_primary,NTA 1e18 common-primary state,top_primary,interface_4x,T03_P2_BULK_TRAPS_FORMAL,enabled_symmetric_teaching_top_stack,0.0,0.01,0.0,0.3,channel,0.000125,3.1500000000000003e-06,1.25,31.500000000000004,0.035078995476090634,3.643951581860869e+16
p2_bulk_nta_1e18_common_primary,NTA 1e18 common-primary state,top_primary,interface_4x,T03_P2_BULK_TRAPS_FORMAL,enabled_symmetric_teaching_top_stack,0.0,0.01,0.0,0.3,channel,0.000125,3.225e-06,1.25,32.25,0.03575893008230924,3.741062780420962e+16
p2_bulk_nta_1e18_common_primary,NTA 1e18 common-primary state,top_primary,interface_4x,T03_P2_BULK_TRAPS_FORMAL,enabled_symmetric_teaching_top_stack,0.0,0.01,0.0,0.3,channel,0.000125,3.3e-06,1.25,33.0,0.03648260881811942,3.847266438362473e+16
p2_bulk_nta_1e18_common_primary,NTA 1e18 common-primary state,top_primary,interface_4x,T03_P2_BULK_TRAPS_FORMAL,enabled_symmetric_teaching_top_stack,0.0,0.01,0.0,0.3,channel,0.000125,3.3750000000000003e-06,1.25,33.75,0.037251253858431845,3.963372869842124e+16
p2_bulk_nta_1e18_common_primary,NTA 1e18 common-primary state,top_primary,interface_4x,T03_P2_BULK_TRAPS_FORMAL,enabled_symmetric_teaching_top_stack,0.0,0.01,0.0,0.3,channel,0.000125,3.45e-06,1.25,34.5,0.038066198264499265,4.09030219814509e+16
p2_bulk_nta_1e18_common_primary,NTA 1e18 common-primary state,top_primary,interface_4x,T03_P2_BULK_TRAPS_FORMAL,enabled_symmetric_teaching_top_stack,0.0,0.01,0.0,0.3,channel,0.000125,3.525e-06,1.25,35.25,0.03892889586521182,4.229101196023004e+16
p2_bulk_nta_1e18_common_primary,NTA 1e18 common-primary state,top_primary,interface_4x,T03_P2_BULK_TRAPS_FORMAL,enabled_symmetric_teaching_top_stack,0.0,0.01,0.0,0.3,channel,0.000125,3.6000000000000003e-06,1.25,36.0,0.03984093248056956,4.380963329392769e+16
p2_bulk_nta_1e18_common_primary,NTA 1e18 common-primary state,top_primary,interface_4x,T03_P2_BULK_TRAPS_FORMAL,enabled_symmetric_teaching_top_stack,0.0,0.01,0.0,0.3,channel,0.000125,3.6750000000000004e-06,1.25,36.75000000000001,0.040804038697231565,4.547252707014991e+16
p2_bulk_nta_1e18_common_primary,NTA 1e18 common-primary state,top_primary,interface_4x,T03_P2_BULK_TRAPS_FORMAL,enabled_symmetric_teaching_top_stack,0.0,0.01,0.0,0.3,channel,0.000125,3.7500000000000005e-06,1.25,37.50000000000001,0.04182010444668177,4.7295328180540984e+16
p2_bulk_nta_1e18_common_primary,NTA 1e18 common-primary state,top_primary,interface_4x,T03_P2_BULK_TRAPS_FORMAL,enabled_symmetric_teaching_top_stack,0.0,0.01,0.0,0.3,channel,0.000125,3.825000000000001e-06,1.25,38.25000000000001,0.04289119568632349,4.929601170808937e+16
p2_bulk_nta_1e18_common_primary,NTA 1e18 common-primary state,top_primary,interface_4x,T03_P2_BULK_TRAPS_FORMAL,enabled_symmetric_teaching_top_stack,0.0,0.01,0.0,0.3,channel,0.000125,3.9e-06,1.25,39.0,0.04401957354510343,5.149531246553618e+16
p2_bulk_nta_1e18_common_primary,NTA 1e18 common-primary state,top_primary,interface_4x,T03_P2_BULK_TRAPS_FORMAL,enabled_symmetric_teaching_top_stack,0.0,0.01,0.0,0.3,channel,0.000125,3.975e-06,1.25,39.75,0.04520771637117327,5.391723575853229e+16
p2_bulk_nta_1e18_common_primary,NTA 1e18 common-primary state,top_primary,interface_4x,T03_P2_BULK_TRAPS_FORMAL,enabled_symmetric_teaching_top_stack,0.0,0.01,0.0,0.3,channel,0.000125,4.05e-06,1.25,40.5,0.046458345213675534,5.658968263400975e+16
p2_bulk_nta_1e18_common_primary,NTA 1e18 common-primary state,top_primary,interface_4x,T03_P2_BULK_TRAPS_FORMAL,enabled_symmetric_teaching_top_stack,0.0,0.01,0.0,0.3,channel,0.000125,4.125e-06,1.25,41.25,0.04777445338933343,5.954521976650252e+16
p2_bulk_nta_1e18_common_primary,NTA 1e18 common-primary state,top_primary,interface_4x,T03_P2_BULK_TRAPS_FORMAL,enabled_symmetric_teaching_top_stack,0.0,0.01,0.0,0.3,channel,0.000125,4.2000000000000004e-06,1.25,42.00000000000001,0.0491593409342242,6.282203337029757e+16
p2_bulk_nta_1e18_common_primary,NTA 1e18 common-primary state,top_primary,interface_4x,T03_P2_BULK_TRAPS_FORMAL,enabled_symmetric_teaching_top_stack,0.0,0.01,0.0,0.3,channel,0.000125,4.2750000000000006e-06,1.25,42.75000000000001,0.05061665493142346,6.6465119009596264e+16
p2_bulk_nta_1e18_common_primary,NTA 1e18 common-primary state,top_primary,interface_4x,T03_P2_BULK_TRAPS_FORMAL,enabled_symmetric_teaching_top_stack,0.0,0.01,0.0,0.3,channel,0.000125,4.350000000000001e-06,1.25,43.50000000000001,0.05215043694895765,7.052777621467684e+16
p2_bulk_nta_1e18_common_primary,NTA 1e18 common-primary state,top_primary,interface_4x,T03_P2_BULK_TRAPS_FORMAL,enabled_symmetric_teaching_top_stack,0.0,0.01,0.0,0.3,channel,0.000125,4.425e-06,1.25,44.25,0.05376517913719752,7.50735002923327e+16
p2_bulk_nta_1e18_common_primary,NTA 1e18 common-primary state,top_primary,interface_4x,T03_P2_BULK_TRAPS_FORMAL,enabled_symmetric_teaching_top_stack,0.0,0.01,0.0,0.3,channel,0.000125,4.5e-06,1.25,45.0,0.05546589094457998,8.017839642854382e+16
p2_bulk_nta_1e18_common_primary,NTA 1e18 common-primary state,top_primary,interface_4x,T03_P2_BULK_TRAPS_FORMAL,enabled_symmetric_teaching_top_stack,0.0,0.01,0.0,0.3,channel,0.000125,4.575e-06,1.25,45.75,0.05725817894892862,8.593428727094986e+16
p2_bulk_nta_1e18_common_primary,NTA 1e18 common-primary state,top_primary,interface_4x,T03_P2_BULK_TRAPS_FORMAL,enabled_symmetric_teaching_top_stack,0.0,0.01,0.0,0.3,channel,0.000125,4.65e-06,1.25,46.50000000000001,0.05914834301593474,9.245275092025906e+16
p2_bulk_nta_1e18_common_primary,NTA 1e18 common-primary state,top_primary,interface_4x,T03_P2_BULK_TRAPS_FORMAL,enabled_symmetric_teaching_top_stack,0.0,0.01,0.0,0.3,channel,0.000125,4.7250000000000005e-06,1.25,47.25000000000001,0.061143492953958746,9.98704212729582e+16
p2_bulk_nta_1e18_common_primary,NTA 1e18 common-primary state,top_primary,interface_4x,T03_P2_BULK_TRAPS_FORMAL,enabled_symmetric_teaching_top_stack,0.0,0.01,0.0,0.3,channel,0.000125,4.8e-06,1.25,48.0,0.06325169113257792,1.0835602193453494e+17
p2_bulk_nta_1e18_common_primary,NTA 1e18 common-primary state,top_primary,interface_4x,T03_P2_BULK_TRAPS_FORMAL,enabled_symmetric_teaching_top_stack,0.0,0.01,0.0,0.3,channel,0.000125,4.875e-06,1.25,48.75,0.06548212831388084,1.1811981223352568e+17
p2_bulk_nta_1e18_common_primary,NTA 1e18 common-primary state,top_primary,interface_4x,T03_P2_BULK_TRAPS_FORMAL,enabled_symmetric_teaching_top_stack,0.0,0.01,0.0,0.3,channel,0.000125,4.95e-06,1.25,49.5,0.06784534242260422,1.2942643761174755e+17
p2_bulk_nta_1e18_common_primary,NTA 1e18 common-primary state,top_primary,interface_4x,T03_P2_BULK_TRAPS_FORMAL,enabled_symmetric_teaching_top_stack,0.0,0.01,0.0,0.3,channel,0.000125,5.025e-06,1.25,50.25,0.07035349347482668,1.4261266014662117e+17
p2_bulk_nta_1e18_common_primary,NTA 1e18 common-primary state,top_primary,interface_4x,T03_P2_BULK_TRAPS_FORMAL,enabled_symmetric_teaching_top_stack,0.0,0.01,0.0,0.3,channel,0.000125,5.1e-06,1.25,51.0,0.07302071288949542,1.5811220485992448e+17
p2_bulk_nta_1e18_common_primary,NTA 1e18 common-primary state,top_primary,interface_4x,T03_P2_BULK_TRAPS_FORMAL,enabled_symmetric_teaching_top_stack,0.0,0.01,0.0,0.3,channel,0.000125,5.1750000000000004e-06,1.25,51.75000000000001,0.07586355269929106,1.7649117797483392e+17
p2_bulk_nta_1e18_common_primary,NTA 1e18 common-primary state,top_primary,interface_4x,T03_P2_BULK_TRAPS_FORMAL,enabled_symmetric_teaching_top_stack,0.0,0.01,0.0,0.3,channel,0.000125,5.2500000000000006e-06,1.25,52.50000000000001,0.0789015710041797,1.9849952097702877e+17
p2_bulk_nta_1e18_common_primary,NTA 1e18 common-primary state,top_primary,interface_4x,T03_P2_BULK_TRAPS_FORMAL,enabled_symmetric_teaching_top_stack,0.0,0.01,0.0,0.3,channel,0.000125,5.325e-06,1.25,53.25,0.08215810642271695,2.251473555030348e+17
p2_bulk_nta_1e18_common_primary,NTA 1e18 common-primary state,top_primary,interface_4x,T03_P2_BULK_TRAPS_FORMAL,enabled_symmetric_teaching_top_stack,0.0,0.01,0.0,0.3,channel,0.000125,5.4e-06,1.25,54.0,0.08566131975428942,2.5782097356898813e+17
p2_bulk_nta_1e18_common_primary,NTA 1e18 common-primary state,top_primary,interface_4x,T03_P2_BULK_TRAPS_FORMAL,enabled_symmetric_teaching_top_stack,0.0,0.01,0.0,0.3,channel,0.00015000000000000001,3e-06,1.5000000000000002,30.0,0.03399197574021316,3.4649468303301684e+16
p2_bulk_nta_1e18_common_primary,NTA 1e18 common-primary state,top_primary,interface_4x,T03_P2_BULK_TRAPS_FORMAL,enabled_symmetric_teaching_top_stack,0.0,0.01,0.0,0.3,channel,0.00015000000000000001,3.075e-06,1.5000000000000002,30.750000000000004,0.034590115854610755,3.546050256796512e+16
p2_bulk_nta_1e18_common_primary,NTA 1e18 common-primary state,top_primary,interface_4x,T03_P2_BULK_TRAPS_FORMAL,enabled_symmetric_teaching_top_stack,0.0,0.01,0.0,0.3,channel,0.00015000000000000001,3.1500000000000003e-06,1.5000000000000002,31.500000000000004,0.03522974848382052,3.634881370356761e+16
p2_bulk_nta_1e18_common_primary,NTA 1e18 common-primary state,top_primary,interface_4x,T03_P2_BULK_TRAPS_FORMAL,enabled_symmetric_teaching_top_stack,0.0,0.01,0.0,0.3,channel,0.00015000000000000001,3.225e-06,1.5000000000000002,32.25,0.03591190050562478,3.732070946981612e+16
p2_bulk_nta_1e18_common_primary,NTA 1e18 common-primary state,top_primary,interface_4x,T03_P2_BULK_TRAPS_FORMAL,enabled_symmetric_teaching_top_stack,0.0,0.01,0.0,0.3,channel,0.00015000000000000001,3.3e-06,1.5000000000000002,33.0,0.036637693052855226,3.838333170907288e+16
p2_bulk_nta_1e18_common_primary,NTA 1e18 common-primary state,top_primary,interface_4x,T03_P2_BULK_TRAPS_FORMAL,enabled_symmetric_teaching_top_stack,0.0,0.01,0.0,0.3,channel,0.00015000000000000001,3.3750000000000003e-06,1.5000000000000002,33.75,0.037408349207288735,3.954477625987588e+16
p2_bulk_nta_1e18_common_primary,NTA 1e18 common-primary state,top_primary,interface_4x,T03_P2_BULK_TRAPS_FORMAL,enabled_symmetric_teaching_top_stack,0.0,0.01,0.0,0.3,channel,0.00015000000000000001,3.45e-06,1.5000000000000002,34.5,0.038225202707944675,4.081423468973244e+16
p2_bulk_nta_1e18_common_primary,NTA 1e18 common-primary state,top_primary,interface_4x,T03_P2_BULK_TRAPS_FORMAL,enabled_symmetric_teaching_top_stack,0.0,0.01,0.0,0.3,channel,0.00015000000000000001,3.525e-06,1.5000000000000002,35.25,0.039089707822520296,4.220216236652428e+16
p2_bulk_nta_1e18_common_primary,NTA 1e18 common-primary state,top_primary,interface_4x,T03_P2_BULK_TRAPS_FORMAL,enabled_symmetric_teaching_top_stack,0.0,0.01,0.0,0.3,channel,0.00015000000000000001,3.6000000000000003e-06,1.5000000000000002,36.0,0.04000345055815748,4.3720478481471736e+16
p2_bulk_nta_1e18_common_primary,NTA 1e18 common-primary state,top_primary,interface_4x,T03_P2_BULK_TRAPS_FORMAL,enabled_symmetric_teaching_top_stack,0.0,0.01,0.0,0.3,channel,0.00015000000000000001,3.6750000000000004e-06,1.5000000000000002,36.75000000000001,0.040968161421010556,4.538280503032077e+16
p2_bulk_nta_1e18_common_primary,NTA 1e18 common-primary state,top_primary,interface_4x,T03_P2_BULK_TRAPS_FORMAL,enabled_symmetric_teaching_top_stack,0.0,0.01,0.0,0.3,channel,0.00015000000000000001,3.7500000000000005e-06,1.5000000000000002,37.50000000000001,0.04198572997462064,4.720475354653201e+16
p2_bulk_nta_1e18_common_primary,NTA 1e18 common-primary state,top_primary,interface_4x,T03_P2_BULK_TRAPS_FORMAL,enabled_symmetric_teaching_top_stack,0.0,0.01,0.0,0.3,channel,0.00015000000000000001,3.825000000000001e-06,1.5000000000000002,38.25000000000001,0.04305822149674187,4.920427068656573e+16
p2_bulk_nta_1e18_common_primary,NTA 1e18 common-primary state,top_primary,interface_4x,T03_P2_BULK_TRAPS_FORMAL,enabled_symmetric_teaching_top_stack,0.0,0.01,0.0,0.3,channel,0.00015000000000000001,3.9e-06,1.5000000000000002,39.0,0.04418789609538901,5.140205676380474e+16
p2_bulk_nta_1e18_common_primary,NTA 1e18 common-primary state,top_primary,interface_4x,T03_P2_BULK_TRAPS_FORMAL,enabled_symmetric_teaching_top_stack,0.0,0.01,0.0,0.3,channel,0.00015000000000000001,3.975e-06,1.5000000000000002,39.75,0.04537723072057368,5.382207524839289e+16
p2_bulk_nta_1e18_common_primary,NTA 1e18 common-primary state,top_primary,interface_4x,T03_P2_BULK_TRAPS_FORMAL,enabled_symmetric_teaching_top_stack,0.0,0.01,0.0,0.3,channel,0.00015000000000000001,4.05e-06,1.5000000000000002,40.5,0.04662894460250761,5.649217641878345e+16
p2_bulk_nta_1e18_common_primary,NTA 1e18 common-primary state,top_primary,interface_4x,T03_P2_BULK_TRAPS_FORMAL,enabled_symmetric_teaching_top_stack,0.0,0.01,0.0,0.3,channel,0.00015000000000000001,4.125e-06,1.5000000000000002,41.25,0.04794602876530005,5.94448652180487e+16
p2_bulk_nta_1e18_common_primary,NTA 1e18 common-primary state,top_primary,interface_4x,T03_P2_BULK_TRAPS_FORMAL,enabled_symmetric_teaching_top_stack,0.0,0.01,0.0,0.3,channel,0.00015000000000000001,4.2000000000000004e-06,1.5000000000000002,42.00000000000001,0.049331780414429476,6.271825256864826e+16
p2_bulk_nta_1e18_common_primary,NTA 1e18 common-primary state,top_primary,interface_4x,T03_P2_BULK_TRAPS_FORMAL,enabled_symmetric_teaching_top_stack,0.0,0.01,0.0,0.3,channel,0.00015000000000000001,4.2750000000000006e-06,1.5000000000000002,42.75000000000001,0.05078984318599288,6.635724183559537e+16
p2_bulk_nta_1e18_common_primary,NTA 1e18 common-primary state,top_primary,interface_4x,T03_P2_BULK_TRAPS_FORMAL,enabled_symmetric_teaching_top_stack,0.0,0.01,0.0,0.3,channel,0.00015000000000000001,4.350000000000001e-06,1.5000000000000002,43.50000000000001,0.0523242544887131,7.0415019096132024e+16
p2_bulk_nta_1e18_common_primary,NTA 1e18 common-primary state,top_primary,interface_4x,T03_P2_BULK_TRAPS_FORMAL,enabled_symmetric_teaching_top_stack,0.0,0.01,0.0,0.3,channel,0.00015000000000000001,4.425e-06,1.5000000000000002,44.25,0.05393950148335211,7.495493925804635e+16
p2_bulk_nta_1e18_common_primary,NTA 1e18 common-primary state,top_primary,interface_4x,T03_P2_BULK_TRAPS_FORMAL,enabled_symmetric_teaching_top_stack,0.0,0.01,0.0,0.3,channel,0.00015000000000000001,4.5e-06,1.5000000000000002,45.0,0.05564058765254799,8.005293263983317e+16
p2_bulk_nta_1e18_common_primary,NTA 1e18 common-primary state,top_primary,interface_4x,T03_P2_BULK_TRAPS_FORMAL,enabled_symmetric_teaching_top_stack,0.0,0.01,0.0,0.3,channel,0.00015000000000000001,4.575e-06,1.5000000000000002,45.75,0.057433112450594716,8.580060251337806e+16
p2_bulk_nta_1e18_common_primary,NTA 1e18 common-primary state,top_primary,interface_4x,T03_P2_BULK_TRAPS_FORMAL,enabled_symmetric_teaching_top_stack,0.0,0.01,0.0,0.3,channel,0.00015000000000000001,4.65e-06,1.5000000000000002,46.50000000000001,0.05932336723438961,9.230924955265426e+16
p2_bulk_nta_1e18_common_primary,NTA 1e18 common-primary state,top_primary,interface_4x,T03_P2_BULK_TRAPS_FORMAL,enabled_symmetric_teaching_top_stack,0.0,0.01,0.0,0.3,channel,0.00015000000000000001,4.7250000000000005e-06,1.5000000000000002,47.25000000000001,0.06131845163077487,9.971515369714203e+16
p2_bulk_nta_1e18_common_primary,NTA 1e18 common-primary state,top_primary,interface_4x,T03_P2_BULK_TRAPS_FORMAL,enabled_symmetric_teaching_top_stack,0.0,0.01,0.0,0.3,channel,0.00015000000000000001,4.8e-06,1.5000000000000002,48.0,0.06342641578870055,1.0818658253311843e+17
p2_bulk_nta_1e18_common_primary,NTA 1e18 common-primary state,top_primary,interface_4x,T03_P2_BULK_TRAPS_FORMAL,enabled_symmetric_teaching_top_stack,0.0,0.01,0.0,0.3,channel,0.00015000000000000001,4.875e-06,1.5000000000000002,48.75,0.06565643573897913,1.1793320154993635e+17
p2_bulk_nta_1e18_common_primary,NTA 1e18 common-primary state,top_primary,interface_4x,T03_P2_BULK_TRAPS_FORMAL,enabled_symmetric_teaching_top_stack,0.0,0.01,0.0,0.3,channel,0.00015000000000000001,4.95e-06,1.5000000000000002,49.5,0.06801903155101817,1.2921887370557278e+17
p2_bulk_nta_1e18_common_primary,NTA 1e18 common-primary state,top_primary,interface_4x,T03_P2_BULK_TRAPS_FORMAL,enabled_symmetric_teaching_top_stack,0.0,0.01,0.0,0.3,channel,0.00015000000000000001,5.025e-06,1.5000000000000002,50.25,0.07052634145410461,1.4237931653180416e+17
p2_bulk_nta_1e18_common_primary,NTA 1e18 common-primary state,top_primary,interface_4x,T03_P2_BULK_TRAPS_FORMAL,enabled_symmetric_teaching_top_stack,0.0,0.01,0.0,0.3,channel,0.00015000000000000001,5.1e-06,1.5000000000000002,51.0,0.07319247007225085,1.5784684049198237e+17
p2_bulk_nta_1e18_common_primary,NTA 1e18 common-primary state,top_primary,interface_4x,T03_P2_BULK_TRAPS_FORMAL,enabled_symmetric_teaching_top_stack,0.0,0.01,0.0,0.3,channel,0.00015000000000000001,5.1750000000000004e-06,1.5000000000000002,51.75000000000001,0.07603393617851321,1.7618560537236045e+17
p2_bulk_nta_1e18_common_primary,NTA 1e18 common-primary state,top_primary,interface_4x,T03_P2_BULK_TRAPS_FORMAL,enabled_symmetric_teaching_top_stack,0.0,0.01,0.0,0.3,channel,0.00015000000000000001,5.2500000000000006e-06,1.5000000000000002,52.50000000000001,0.07907025614641183,1.9814282631324147e+17
p2_bulk_nta_1e18_common_primary,NTA 1e18 common-primary state,top_primary,interface_4x,T03_P2_BULK_TRAPS_FORMAL,enabled_symmetric_teaching_top_stack,0.0,0.01,0.0,0.3,channel,0.00015000000000000001,5.325e-06,1.5000000000000002,53.25,0.08232471559974429,2.2472472933383946e+17
p2_bulk_nta_1e18_common_primary,NTA 1e18 common-primary state,top_primary,interface_4x,T03_P2_BULK_TRAPS_FORMAL,enabled_symmetric_teaching_top_stack,0.0,0.01,0.0,0.3,channel,0.00015000000000000001,5.4e-06,1.5000000000000002,54.0,0.08582540707585133,2.5731191352050867e+17
p2_bulk_nta_1e18_common_primary,NTA 1e18 common-primary state,top_primary,interface_4x,T03_P2_BULK_TRAPS_FORMAL,enabled_symmetric_teaching_top_stack,0.0,0.01,0.0,0.3,channel,0.000175,3e-06,1.75,30.0,0.03413817859214808,3.455662600524451e+16
p2_bulk_nta_1e18_common_primary,NTA 1e18 common-primary state,top_primary,interface_4x,T03_P2_BULK_TRAPS_FORMAL,enabled_symmetric_teaching_top_stack,0.0,0.01,0.0,0.3,channel,0.000175,3.075e-06,1.75,30.750000000000004,0.03473875032599349,3.5368813733162788e+16
p2_bulk_nta_1e18_common_primary,NTA 1e18 common-primary state,top_primary,interface_4x,T03_P2_BULK_TRAPS_FORMAL,enabled_symmetric_teaching_top_stack,0.0,0.01,0.0,0.3,channel,0.000175,3.1500000000000003e-06,1.75,31.500000000000004,0.03538070846208711,3.625808943344564e+16
p2_bulk_nta_1e18_common_primary,NTA 1e18 common-primary state,top_primary,interface_4x,T03_P2_BULK_TRAPS_FORMAL,enabled_symmetric_teaching_top_stack,0.0,0.01,0.0,0.3,channel,0.000175,3.225e-06,1.75,32.25,0.036065081210840344,3.723075745373423e+16
p2_bulk_nta_1e18_common_primary,NTA 1e18 common-primary state,top_primary,interface_4x,T03_P2_BULK_TRAPS_FORMAL,enabled_symmetric_teaching_top_stack,0.0,0.01,0.0,0.3,channel,0.000175,3.3e-06,1.75,33.0,0.03679299082175163,3.829395434192458e+16
p2_bulk_nta_1e18_common_primary,NTA 1e18 common-primary state,top_primary,interface_4x,T03_P2_BULK_TRAPS_FORMAL,enabled_symmetric_teaching_top_stack,0.0,0.01,0.0,0.3,channel,0.000175,3.3750000000000003e-06,1.75,33.75,0.03756566127207453,3.9455768548632e+16
p2_bulk_nta_1e18_common_primary,NTA 1e18 common-primary state,top_primary,interface_4x,T03_P2_BULK_TRAPS_FORMAL,enabled_symmetric_teaching_top_stack,0.0,0.01,0.0,0.3,channel,0.000175,3.45e-06,1.75,34.5,0.03838442696766488,4.072538189388665e+16
p2_bulk_nta_1e18_common_primary,NTA 1e18 common-primary state,top_primary,interface_4x,T03_P2_BULK_TRAPS_FORMAL,enabled_symmetric_teaching_top_stack,0.0,0.01,0.0,0.3,channel,0.000175,3.525e-06,1.75,35.25,0.039250742604467634,4.211323730557009e+16
p2_bulk_nta_1e18_common_primary,NTA 1e18 common-primary state,top_primary,interface_4x,T03_P2_BULK_TRAPS_FORMAL,enabled_symmetric_teaching_top_stack,0.0,0.01,0.0,0.3,channel,0.000175,3.6000000000000003e-06,1.75,36.0,0.04016619436649124,4.3631238427359304e+16
p2_bulk_nta_1e18_common_primary,NTA 1e18 common-primary state,top_primary,interface_4x,T03_P2_BULK_TRAPS_FORMAL,enabled_symmetric_teaching_top_stack,0.0,0.01,0.0,0.3,channel,0.000175,3.6750000000000004e-06,1.75,36.75000000000001,0.041132512669308556,4.5292988083299944e+16
p2_bulk_nta_1e18_common_primary,NTA 1e18 common-primary state,top_primary,interface_4x,T03_P2_BULK_TRAPS_FORMAL,enabled_symmetric_teaching_top_stack,0.0,0.01,0.0,0.3,channel,0.000175,3.7500000000000005e-06,1.75,37.50000000000001,0.042151586698553636,4.711407436753051e+16
p2_bulk_nta_1e18_common_primary,NTA 1e18 common-primary state,top_primary,interface_4x,T03_P2_BULK_TRAPS_FORMAL,enabled_symmetric_teaching_top_stack,0.0,0.01,0.0,0.3,channel,0.000175,3.825000000000001e-06,1.75,38.25000000000001,0.04322548104239263,4.91124154264411e+16
p2_bulk_nta_1e18_common_primary,NTA 1e18 common-primary state,top_primary,interface_4x,T03_P2_BULK_TRAPS_FORMAL,enabled_symmetric_teaching_top_stack,0.0,0.01,0.0,0.3,channel,0.000175,3.9e-06,1.75,39.0,0.04435645477790527,5.1308676986938264e+16
p2_bulk_nta_1e18_common_primary,NTA 1e18 common-primary state,top_primary,interface_4x,T03_P2_BULK_TRAPS_FORMAL,enabled_symmetric_teaching_top_stack,0.0,0.01,0.0,0.3,channel,0.000175,3.975e-06,1.75,39.75,0.04554698344680252,5.3726780591713704e+16
p2_bulk_nta_1e18_common_primary,NTA 1e18 common-primary state,top_primary,interface_4x,T03_P2_BULK_TRAPS_FORMAL,enabled_symmetric_teaching_top_stack,0.0,0.01,0.0,0.3,channel,0.000175,4.05e-06,1.75,40.5,0.04679978444994871,5.639452565263306e+16
p2_bulk_nta_1e18_common_primary,NTA 1e18 common-primary state,top_primary,interface_4x,T03_P2_BULK_TRAPS_FORMAL,enabled_symmetric_teaching_top_stack,0.0,0.01,0.0,0.3,channel,0.000175,4.125e-06,1.75,41.25,0.048117846508061855,5.934435527561652e+16
p2_bulk_nta_1e18_common_primary,NTA 1e18 common-primary state,top_primary,interface_4x,T03_P2_BULK_TRAPS_FORMAL,enabled_symmetric_teaching_top_stack,0.0,0.01,0.0,0.3,channel,0.000175,4.2000000000000004e-06,1.75,42.00000000000001,0.04950446398477102,6.261430497654662e+16
p2_bulk_nta_1e18_common_primary,NTA 1e18 common-primary state,top_primary,interface_4x,T03_P2_BULK_TRAPS_FORMAL,enabled_symmetric_teaching_top_stack,0.0,0.01,0.0,0.3,channel,0.000175,4.2750000000000006e-06,1.75,42.75000000000001,0.050963277057348245,6.624918579595416e+16
p2_bulk_nta_1e18_common_primary,NTA 1e18 common-primary state,top_primary,interface_4x,T03_P2_BULK_TRAPS_FORMAL,enabled_symmetric_teaching_top_stack,0.0,0.01,0.0,0.3,channel,0.000175,4.350000000000001e-06,1.75,43.50000000000001,0.05249831896263761,7.030207022081713e+16
p2_bulk_nta_1e18_common_primary,NTA 1e18 common-primary state,top_primary,interface_4x,T03_P2_BULK_TRAPS_FORMAL,enabled_symmetric_teaching_top_stack,0.0,0.01,0.0,0.3,channel,0.000175,4.425e-06,1.75,44.25,0.05411407185834249,7.483617260965698e+16
p2_bulk_nta_1e18_common_primary,NTA 1e18 common-primary state,top_primary,interface_4x,T03_P2_BULK_TRAPS_FORMAL,enabled_symmetric_teaching_top_stack,0.0,0.01,0.0,0.3,channel,0.000175,4.5e-06,1.75,45.0,0.05581553324681796,7.992724824971573e+16
p2_bulk_nta_1e18_common_primary,NTA 1e18 common-primary state,top_primary,interface_4x,T03_P2_BULK_TRAPS_FORMAL,enabled_symmetric_teaching_top_stack,0.0,0.01,0.0,0.3,channel,0.000175,4.575e-06,1.75,45.75,0.057608295443136094,8.566668086059277e+16
p2_bulk_nta_1e18_common_primary,NTA 1e18 common-primary state,top_primary,interface_4x,T03_P2_BULK_TRAPS_FORMAL,enabled_symmetric_teaching_top_stack,0.0,0.01,0.0,0.3,channel,0.000175,4.65e-06,1.75,46.50000000000001,0.059498641278312246,9.21654935031922e+16
p2_bulk_nta_1e18_common_primary,NTA 1e18 common-primary state,top_primary,interface_4x,T03_P2_BULK_TRAPS_FORMAL,enabled_symmetric_teaching_top_stack,0.0,0.01,0.0,0.3,channel,0.000175,4.7250000000000005e-06,1.75,47.25000000000001,0.06149366017898835,9.955961197075206e+16
p2_bulk_nta_1e18_common_primary,NTA 1e18 common-primary state,top_primary,interface_4x,T03_P2_BULK_TRAPS_FORMAL,enabled_symmetric_teaching_top_stack,0.0,0.01,0.0,0.3,channel,0.000175,4.8e-06,1.75,48.0,0.06360139005300894,1.0801684765198357e+17
p2_bulk_nta_1e18_common_primary,NTA 1e18 common-primary state,top_primary,interface_4x,T03_P2_BULK_TRAPS_FORMAL,enabled_symmetric_teaching_top_stack,0.0,0.01,0.0,0.3,channel,0.000175,4.875e-06,1.75,48.75,0.06583099217744395,1.1774627205531805e+17
p2_bulk_nta_1e18_common_primary,NTA 1e18 common-primary state,top_primary,interface_4x,T03_P2_BULK_TRAPS_FORMAL,enabled_symmetric_teaching_top_stack,0.0,0.01,0.0,0.3,channel,0.000175,4.95e-06,1.75,49.5,0.06819296874176106,1.2901096559629984e+17
p2_bulk_nta_1e18_common_primary,NTA 1e18 common-primary state,top_primary,interface_4x,T03_P2_BULK_TRAPS_FORMAL,enabled_symmetric_teaching_top_stack,0.0,0.01,0.0,0.3,channel,0.000175,5.025e-06,1.75,50.25,0.07069943616162819,1.4214560136852893e+17
p2_bulk_nta_1e18_common_primary,NTA 1e18 common-primary state,top_primary,interface_4x,T03_P2_BULK_TRAPS_FORMAL,enabled_symmetric_teaching_top_stack,0.0,0.01,0.0,0.3,channel,0.000175,5.1e-06,1.75,51.0,0.07336447223717428,1.5758107569774102e+17
p2_bulk_nta_1e18_common_primary,NTA 1e18 common-primary state,top_primary,interface_4x,T03_P2_BULK_TRAPS_FORMAL,enabled_symmetric_teaching_top_stack,0.0,0.01,0.0,0.3,channel,0.000175,5.1750000000000004e-06,1.75,51.75000000000001,0.0762045624511745,1.7587960293025885e+17
p2_bulk_nta_1e18_common_primary,NTA 1e18 common-primary state,top_primary,interface_4x,T03_P2_BULK_TRAPS_FORMAL,enabled_symmetric_teaching_top_stack,0.0,0.01,0.0,0.3,channel,0.000175,5.2500000000000006e-06,1.75,52.50000000000001,0.07923918141933635,1.9778567390841315e+17
p2_bulk_nta_1e18_common_primary,NTA 1e18 common-primary state,top_primary,interface_4x,T03_P2_BULK_TRAPS_FORMAL,enabled_symmetric_teaching_top_stack,0.0,0.01,0.0,0.3,channel,0.000175,5.325e-06,1.75,53.25,0.08249156174069038,2.2430162300174234e+17
p2_bulk_nta_1e18_common_primary,NTA 1e18 common-primary state,top_primary,interface_4x,T03_P2_BULK_TRAPS_FORMAL,enabled_symmetric_teaching_top_stack,0.0,0.01,0.0,0.3,channel,0.000175,5.4e-06,1.75,54.0,0.08598972766590209,2.5680236388519837e+17
p2_bulk_nta_1e18_common_primary,NTA 1e18 common-primary state,top_primary,interface_4x,T03_P2_BULK_TRAPS_FORMAL,enabled_symmetric_teaching_top_stack,0.0,0.01,0.0,0.3,channel,0.0002,3e-06,2.0,30.0,0.034284582505795407,3.4463786440236144e+16
p2_bulk_nta_1e18_common_primary,NTA 1e18 common-primary state,top_primary,interface_4x,T03_P2_BULK_TRAPS_FORMAL,enabled_symmetric_teaching_top_stack,0.0,0.01,0.0,0.3,channel,0.0002,3.075e-06,2.0,30.750000000000004,0.034887589266421236,3.5277114782555188e+16
p2_bulk_nta_1e18_common_primary,NTA 1e18 common-primary state,top_primary,interface_4x,T03_P2_BULK_TRAPS_FORMAL,enabled_symmetric_teaching_top_stack,0.0,0.01,0.0,0.3,channel,0.0002,3.1500000000000003e-06,2.0,31.500000000000004,0.03553187628194239,3.616734289346021e+16
p2_bulk_nta_1e18_common_primary,NTA 1e18 common-primary state,top_primary,interface_4x,T03_P2_BULK_TRAPS_FORMAL,enabled_symmetric_teaching_top_stack,0.0,0.01,0.0,0.3,channel,0.0002,3.225e-06,2.0,32.25,0.036218473082786896,3.714077161542134e+16
p2_bulk_nta_1e18_common_primary,NTA 1e18 common-primary state,top_primary,interface_4x,T03_P2_BULK_TRAPS_FORMAL,enabled_symmetric_teaching_top_stack,0.0,0.01,0.0,0.3,channel,0.0002,3.3e-06,2.0,33.0,0.03694850302315142,3.820453211349707e+16
p2_bulk_nta_1e18_common_primary,NTA 1e18 common-primary state,top_primary,interface_4x,T03_P2_BULK_TRAPS_FORMAL,enabled_symmetric_teaching_top_stack,0.0,0.01,0.0,0.3,channel,0.0002,3.3750000000000003e-06,2.0,33.75,0.0377231909643462,3.9366705365711656e+16
p2_bulk_nta_1e18_common_primary,NTA 1e18 common-primary state,top_primary,interface_4x,T03_P2_BULK_TRAPS_FORMAL,enabled_symmetric_teaching_top_stack,0.0,0.01,0.0,0.3,channel,0.0002,3.45e-06,2.0,34.5,0.03854387196810073,4.0636463362651544e+16
p2_bulk_nta_1e18_common_primary,NTA 1e18 common-primary state,top_primary,interface_4x,T03_P2_BULK_TRAPS_FORMAL,enabled_symmetric_teaching_top_stack,0.0,0.01,0.0,0.3,channel,0.0002,3.525e-06,2.0,35.25,0.039412001148013694,4.2024236511945416e+16
p2_bulk_nta_1e18_common_primary,NTA 1e18 common-primary state,top_primary,interface_4x,T03_P2_BULK_TRAPS_FORMAL,enabled_symmetric_teaching_top_stack,0.0,0.01,0.0,0.3,channel,0.0002,3.6000000000000003e-06,2.0,36.0,0.040329164854648346,4.354191283019572e+16
p2_bulk_nta_1e18_common_primary,NTA 1e18 common-primary state,top_primary,interface_4x,T03_P2_BULK_TRAPS_FORMAL,enabled_symmetric_teaching_top_stack,0.0,0.01,0.0,0.3,channel,0.0002,3.6750000000000004e-06,2.0,36.75000000000001,0.04129709340288092,4.520307588992518e+16
p2_bulk_nta_1e18_common_primary,NTA 1e18 common-primary state,top_primary,interface_4x,T03_P2_BULK_TRAPS_FORMAL,enabled_symmetric_teaching_top_stack,0.0,0.01,0.0,0.3,channel,0.0002,3.7500000000000005e-06,2.0,37.50000000000001,0.04231767559043406,4.702329026478593e+16
p2_bulk_nta_1e18_common_primary,NTA 1e18 common-primary state,top_primary,interface_4x,T03_P2_BULK_TRAPS_FORMAL,enabled_symmetric_teaching_top_stack,0.0,0.01,0.0,0.3,channel,0.0002,3.825000000000001e-06,2.0,38.25000000000001,0.04339297530590502,4.902044550748837e+16
p2_bulk_nta_1e18_common_primary,NTA 1e18 common-primary state,top_primary,interface_4x,T03_P2_BULK_TRAPS_FORMAL,enabled_symmetric_teaching_top_stack,0.0,0.01,0.0,0.3,channel,0.0002,3.9e-06,2.0,39.0,0.04452525058539147,5.121517267123697e+16
p2_bulk_nta_1e18_common_primary,NTA 1e18 common-primary state,top_primary,interface_4x,T03_P2_BULK_TRAPS_FORMAL,enabled_symmetric_teaching_top_stack,0.0,0.01,0.0,0.3,channel,0.0002,3.975e-06,2.0,39.75,0.04571697555209693,5.36313512791785e+16
p2_bulk_nta_1e18_common_primary,NTA 1e18 common-primary state,top_primary,interface_4x,T03_P2_BULK_TRAPS_FORMAL,enabled_symmetric_teaching_top_stack,0.0,0.01,0.0,0.3,channel,0.0002,4.05e-06,2.0,40.5,0.04697086576707347,5.6296729778295096e+16
p2_bulk_nta_1e18_common_primary,NTA 1e18 common-primary state,top_primary,interface_4x,T03_P2_BULK_TRAPS_FORMAL,enabled_symmetric_teaching_top_stack,0.0,0.01,0.0,0.3,channel,0.0002,4.125e-06,2.0,41.25,0.04828990763681981,5.9243689331438424e+16
p2_bulk_nta_1e18_common_primary,NTA 1e18 common-primary state,top_primary,interface_4x,T03_P2_BULK_TRAPS_FORMAL,enabled_symmetric_teaching_top_stack,0.0,0.01,0.0,0.3,channel,0.0002,4.2000000000000004e-06,2.0,42.00000000000001,0.04967739267181142,6.25101899328995e+16
p2_bulk_nta_1e18_common_primary,NTA 1e18 common-primary state,top_primary,interface_4x,T03_P2_BULK_TRAPS_FORMAL,enabled_symmetric_teaching_top_stack,0.0,0.01,0.0,0.3,channel,0.0002,4.2750000000000006e-06,2.0,42.75000000000001,0.05113695757859261,6.614095017313018e+16
p2_bulk_nta_1e18_common_primary,NTA 1e18 common-primary state,top_primary,interface_4x,T03_P2_BULK_TRAPS_FORMAL,enabled_symmetric_teaching_top_stack,0.0,0.01,0.0,0.3,channel,0.0002,4.350000000000001e-06,2.0,43.50000000000001,0.05267263140949372,7.018892881127959e+16
p2_bulk_nta_1e18_common_primary,NTA 1e18 common-primary state,top_primary,interface_4x,T03_P2_BULK_TRAPS_FORMAL,enabled_symmetric_teaching_top_stack,0.0,0.01,0.0,0.3,channel,0.0002,4.425e-06,2.0,44.25,0.05428889130564614,7.471719950597347e+16
p2_bulk_nta_1e18_common_primary,NTA 1e18 common-primary state,top_primary,interface_4x,T03_P2_BULK_TRAPS_FORMAL,enabled_symmetric_teaching_top_stack,0.0,0.01,0.0,0.3,channel,0.0002,4.5e-06,2.0,45.0,0.05599072877457025,7.980134234904354e+16
p2_bulk_nta_1e18_common_primary,NTA 1e18 common-primary state,top_primary,interface_4x,T03_P2_BULK_TRAPS_FORMAL,enabled_symmetric_teaching_top_stack,0.0,0.01,0.0,0.3,channel,0.0002,4.575e-06,2.0,45.75,0.05778372897635178,8.553252133087331e+16
p2_bulk_nta_1e18_common_primary,NTA 1e18 common-primary state,top_primary,interface_4x,T03_P2_BULK_TRAPS_FORMAL,enabled_symmetric_teaching_top_stack,0.0,0.01,0.0,0.3,channel,0.0002,4.65e-06,2.0,46.50000000000001,0.059674166198958996,9.202148171258088e+16
p2_bulk_nta_1e18_common_primary,NTA 1e18 common-primary state,top_primary,interface_4x,T03_P2_BULK_TRAPS_FORMAL,enabled_symmetric_teaching_top_stack,0.0,0.01,0.0,0.3,channel,0.0002,4.7250000000000005e-06,2.0,47.25000000000001,0.061669119650069035,9.940379495159587e+16
p2_bulk_nta_1e18_common_primary,NTA 1e18 common-primary state,top_primary,interface_4x,T03_P2_BULK_TRAPS_FORMAL,enabled_symmetric_teaching_top_stack,0.0,0.01,0.0,0.3,channel,0.0002,4.8e-06,2.0,48.0,0.06377661497585448,1.0784681606048741e+17
p2_bulk_nta_1e18_common_primary,NTA 1e18 common-primary state,top_primary,interface_4x,T03_P2_BULK_TRAPS_FORMAL,enabled_symmetric_teaching_top_stack,0.0,0.01,0.0,0.3,channel,0.0002,4.875e-06,2.0,48.75,0.06600579867708191,1.1755902242500451e+17
p2_bulk_nta_1e18_common_primary,NTA 1e18 common-primary state,top_primary,interface_4x,T03_P2_BULK_TRAPS_FORMAL,enabled_symmetric_teaching_top_stack,0.0,0.01,0.0,0.3,channel,0.0002,4.95e-06,2.0,49.5,0.06836715503856813,1.2880271185997592e+17
p2_bulk_nta_1e18_common_primary,NTA 1e18 common-primary state,top_primary,interface_4x,T03_P2_BULK_TRAPS_FORMAL,enabled_symmetric_teaching_top_stack,0.0,0.01,0.0,0.3,channel,0.0002,5.025e-06,2.0,50.25,0.07087277863542857,1.419115131291345e+17
p2_bulk_nta_1e18_common_primary,NTA 1e18 common-primary state,top_primary,interface_4x,T03_P2_BULK_TRAPS_FORMAL,enabled_symmetric_teaching_top_stack,0.0,0.01,0.0,0.3,channel,0.0002,5.1e-06,2.0,51.0,0.07353672041484889,1.5731490884307392e+17
p2_bulk_nta_1e18_common_primary,NTA 1e18 common-primary state,top_primary,interface_4x,T03_P2_BULK_TRAPS_FORMAL,enabled_symmetric_teaching_top_stack,0.0,0.01,0.0,0.3,channel,0.0002,5.1750000000000004e-06,2.0,51.75000000000001,0.07637543253855165,1.7557316890807347e+17
p2_bulk_nta_1e18_common_primary,NTA 1e18 common-primary state,top_primary,interface_4x,T03_P2_BULK_TRAPS_FORMAL,enabled_symmetric_teaching_top_stack,0.0,0.01,0.0,0.3,channel,0.0002,5.2500000000000006e-06,2.0,52.50000000000001,0.07940834783295014,1.974280619205503e+17
p2_bulk_nta_1e18_common_primary,NTA 1e18 common-primary state,top_primary,interface_4x,T03_P2_BULK_TRAPS_FORMAL,enabled_symmetric_teaching_top_stack,0.0,0.01,0.0,0.3,channel,0.0002,5.325e-06,2.0,53.25,0.08265864584218804,2.2387803457500275e+17
p2_bulk_nta_1e18_common_primary,NTA 1e18 common-primary state,top_primary,interface_4x,T03_P2_BULK_TRAPS_FORMAL,enabled_symmetric_teaching_top_stack,0.0,0.01,0.0,0.3,channel,0.0002,5.4e-06,2.0,54.0,0.08615428250552686,2.5629232266301923e+17
p2_bulk_nta_1e18_common_primary,NTA 1e18 common-primary state,top_primary,interface_4x,T03_P2_BULK_TRAPS_FORMAL,enabled_symmetric_teaching_top_stack,0.0,0.01,0.0,0.3,channel,0.00022500000000000002,3e-06,2.25,30.0,0.03443118832988052,3.4370949536008812e+16
p2_bulk_nta_1e18_common_primary,NTA 1e18 common-primary state,top_primary,interface_4x,T03_P2_BULK_TRAPS_FORMAL,enabled_symmetric_teaching_top_stack,0.0,0.01,0.0,0.3,channel,0.00022500000000000002,3.075e-06,2.25,30.750000000000004,0.03503663353895124,3.5185405623700852e+16
p2_bulk_nta_1e18_common_primary,NTA 1e18 common-primary state,top_primary,interface_4x,T03_P2_BULK_TRAPS_FORMAL,enabled_symmetric_teaching_top_stack,0.0,0.01,0.0,0.3,channel,0.00022500000000000002,3.1500000000000003e-06,2.25,31.500000000000004,0.03568325282056008,3.607657396794788e+16
p2_bulk_nta_1e18_common_primary,NTA 1e18 common-primary state,top_primary,interface_4x,T03_P2_BULK_TRAPS_FORMAL,enabled_symmetric_teaching_top_stack,0.0,0.01,0.0,0.3,channel,0.00022500000000000002,3.225e-06,2.25,32.25,0.03637207701251365,3.705075181330691e+16
p2_bulk_nta_1e18_common_primary,NTA 1e18 common-primary state,top_primary,interface_4x,T03_P2_BULK_TRAPS_FORMAL,enabled_symmetric_teaching_top_stack,0.0,0.01,0.0,0.3,channel,0.00022500000000000002,3.3e-06,2.25,33.0,0.03710423056171006,3.811506485391767e+16
p2_bulk_nta_1e18_common_primary,NTA 1e18 common-primary state,top_primary,interface_4x,T03_P2_BULK_TRAPS_FORMAL,enabled_symmetric_teaching_top_stack,0.0,0.01,0.0,0.3,channel,0.00022500000000000002,3.3750000000000003e-06,2.25,33.75,0.03788093920206561,3.927758651076975e+16
p2_bulk_nta_1e18_common_primary,NTA 1e18 common-primary state,top_primary,interface_4x,T03_P2_BULK_TRAPS_FORMAL,enabled_symmetric_teaching_top_stack,0.0,0.01,0.0,0.3,channel,0.00022500000000000002,3.45e-06,2.25,34.5,0.03870353864018784,4.0547478863205384e+16
p2_bulk_nta_1e18_common_primary,NTA 1e18 common-primary state,top_primary,interface_4x,T03_P2_BULK_TRAPS_FORMAL,enabled_symmetric_teaching_top_stack,0.0,0.01,0.0,0.3,channel,0.00022500000000000002,3.525e-06,2.25,35.25,0.03957348439670028,4.193515971846015e+16
p2_bulk_nta_1e18_common_primary,NTA 1e18 common-primary state,top_primary,interface_4x,T03_P2_BULK_TRAPS_FORMAL,enabled_symmetric_teaching_top_stack,0.0,0.01,0.0,0.3,channel,0.00022500000000000002,3.6000000000000003e-06,2.25,36.0,0.040492362978372554,4.345250138659404e+16
p2_bulk_nta_1e18_common_primary,NTA 1e18 common-primary state,top_primary,interface_4x,T03_P2_BULK_TRAPS_FORMAL,enabled_symmetric_teaching_top_stack,0.0,0.01,0.0,0.3,channel,0.00022500000000000002,3.6750000000000004e-06,2.25,36.75000000000001,0.041461904589230526,4.5113068108801576e+16
p2_bulk_nta_1e18_common_primary,NTA 1e18 common-primary state,top_primary,interface_4x,T03_P2_BULK_TRAPS_FORMAL,enabled_symmetric_teaching_top_stack,0.0,0.01,0.0,0.3,channel,0.00022500000000000002,3.7500000000000005e-06,2.25,37.50000000000001,0.04248399762904058,4.693240085705789e+16
p2_bulk_nta_1e18_common_primary,NTA 1e18 common-primary state,top_primary,interface_4x,T03_P2_BULK_TRAPS_FORMAL,enabled_symmetric_teaching_top_stack,0.0,0.01,0.0,0.3,channel,0.00022500000000000002,3.825000000000001e-06,2.25,38.25000000000001,0.04356070527680788,4.892836050671628e+16
p2_bulk_nta_1e18_common_primary,NTA 1e18 common-primary state,top_primary,interface_4x,T03_P2_BULK_TRAPS_FORMAL,enabled_symmetric_teaching_top_stack,0.0,0.01,0.0,0.3,channel,0.00022500000000000002,3.9e-06,2.25,39.0,0.04469428451755667,5.112154334994472e+16
p2_bulk_nta_1e18_common_primary,NTA 1e18 common-primary state,top_primary,interface_4x,T03_P2_BULK_TRAPS_FORMAL,enabled_symmetric_teaching_top_stack,0.0,0.01,0.0,0.3,channel,0.00022500000000000002,3.975e-06,2.25,39.75,0.04588720804572989,5.353578679810371e+16
p2_bulk_nta_1e18_common_primary,NTA 1e18 common-primary state,top_primary,interface_4x,T03_P2_BULK_TRAPS_FORMAL,enabled_symmetric_teaching_top_stack,0.0,0.01,0.0,0.3,channel,0.00022500000000000002,4.05e-06,2.25,40.5,0.04714218957205378,5.6198788234808104e+16
p2_bulk_nta_1e18_common_primary,NTA 1e18 common-primary state,top_primary,interface_4x,T03_P2_BULK_TRAPS_FORMAL,enabled_symmetric_teaching_top_stack,0.0,0.01,0.0,0.3,channel,0.00022500000000000002,4.125e-06,2.25,41.25,0.04846221317792856,5.914286677369723e+16
p2_bulk_nta_1e18_common_primary,NTA 1e18 common-primary state,top_primary,interface_4x,T03_P2_BULK_TRAPS_FORMAL,enabled_symmetric_teaching_top_stack,0.0,0.01,0.0,0.3,channel,0.00022500000000000002,4.2000000000000004e-06,2.25,42.00000000000001,0.04985056750931803,6.240590677219027e+16
p2_bulk_nta_1e18_common_primary,NTA 1e18 common-primary state,top_primary,interface_4x,T03_P2_BULK_TRAPS_FORMAL,enabled_symmetric_teaching_top_stack,0.0,0.01,0.0,0.3,channel,0.00022500000000000002,4.2750000000000006e-06,2.25,42.75000000000001,0.051310885790079135,6.603253424476009e+16
p2_bulk_nta_1e18_common_primary,NTA 1e18 common-primary state,top_primary,interface_4x,T03_P2_BULK_TRAPS_FORMAL,enabled_symmetric_teaching_top_stack,0.0,0.01,0.0,0.3,channel,0.00022500000000000002,4.350000000000001e-06,2.25,43.50000000000001,0.05284719287533325,7.007559408482323e+16
p2_bulk_nta_1e18_common_primary,NTA 1e18 common-primary state,top_primary,interface_4x,T03_P2_BULK_TRAPS_FORMAL,enabled_symmetric_teaching_top_stack,0.0,0.01,0.0,0.3,channel,0.00022500000000000002,4.425e-06,2.25,44.25,0.054463960876062444,7.459801910011141e+16
p2_bulk_nta_1e18_common_primary,NTA 1e18 common-primary state,top_primary,interface_4x,T03_P2_BULK_TRAPS_FORMAL,enabled_symmetric_teaching_top_stack,0.0,0.01,0.0,0.3,channel,0.00022500000000000002,4.5e-06,2.25,45.0,0.056166175290332535,7.967521402249726e+16
p2_bulk_nta_1e18_common_primary,NTA 1e18 common-primary state,top_primary,interface_4x,T03_P2_BULK_TRAPS_FORMAL,enabled_symmetric_teaching_top_stack,0.0,0.01,0.0,0.3,channel,0.00022500000000000002,4.575e-06,2.25,45.75,0.057959414107405884,8.539812293581925e+16
p2_bulk_nta_1e18_common_primary,NTA 1e18 common-primary state,top_primary,interface_4x,T03_P2_BULK_TRAPS_FORMAL,enabled_symmetric_teaching_top_stack,0.0,0.01,0.0,0.3,channel,0.00022500000000000002,4.65e-06,2.25,46.50000000000001,0.05984994305496094,9.18772131143088e+16
p2_bulk_nta_1e18_common_primary,NTA 1e18 common-primary state,top_primary,interface_4x,T03_P2_BULK_TRAPS_FORMAL,enabled_symmetric_teaching_top_stack,0.0,0.01,0.0,0.3,channel,0.00022500000000000002,4.7250000000000005e-06,2.25,47.25000000000001,0.061844831102862444,9.924770148968931e+16
p2_bulk_nta_1e18_common_primary,NTA 1e18 common-primary state,top_primary,interface_4x,T03_P2_BULK_TRAPS_FORMAL,enabled_symmetric_teaching_top_stack,0.0,0.01,0.0,0.3,channel,0.00022500000000000002,4.8e-06,2.25,48.0,0.0639520916149557,1.0767648651959061e+17
p2_bulk_nta_1e18_common_primary,NTA 1e18 common-primary state,top_primary,interface_4x,T03_P2_BULK_TRAPS_FORMAL,enabled_symmetric_teaching_top_stack,0.0,0.01,0.0,0.3,channel,0.00022500000000000002,4.875e-06,2.25,48.75,0.0661808562930483,1.1737145132529723e+17
p2_bulk_nta_1e18_common_primary,NTA 1e18 common-primary state,top_primary,interface_4x,T03_P2_BULK_TRAPS_FORMAL,enabled_symmetric_teaching_top_stack,0.0,0.01,0.0,0.3,channel,0.00022500000000000002,4.95e-06,2.25,49.5,0.06854159149249416,1.2859411106295218e+17
p2_bulk_nta_1e18_common_primary,NTA 1e18 common-primary state,top_primary,interface_4x,T03_P2_BULK_TRAPS_FORMAL,enabled_symmetric_teaching_top_stack,0.0,0.01,0.0,0.3,channel,0.00022500000000000002,5.025e-06,2.25,50.25,0.07104636992081577,1.4167705027557843e+17
p2_bulk_nta_1e18_common_primary,NTA 1e18 common-primary state,top_primary,interface_4x,T03_P2_BULK_TRAPS_FORMAL,enabled_symmetric_teaching_top_stack,0.0,0.01,0.0,0.3,channel,0.00022500000000000002,5.1e-06,2.25,51.0,0.07370921564308387,1.5704833828277626e+17
p2_bulk_nta_1e18_common_primary,NTA 1e18 common-primary state,top_primary,interface_4x,T03_P2_BULK_TRAPS_FORMAL,enabled_symmetric_teaching_top_stack,0.0,0.01,0.0,0.3,channel,0.00022500000000000002,5.1750000000000004e-06,2.25,51.75000000000001,0.07654654746908168,1.7526630155357834e+17
p2_bulk_nta_1e18_common_primary,NTA 1e18 common-primary state,top_primary,interface_4x,T03_P2_BULK_TRAPS_FORMAL,enabled_symmetric_teaching_top_stack,0.0,0.01,0.0,0.3,channel,0.00022500000000000002,5.2500000000000006e-06,2.25,52.50000000000001,0.07957775640433098,1.9706998849522525e+17
p2_bulk_nta_1e18_common_primary,NTA 1e18 common-primary state,top_primary,interface_4x,T03_P2_BULK_TRAPS_FORMAL,enabled_symmetric_teaching_top_stack,0.0,0.01,0.0,0.3,channel,0.00022500000000000002,5.325e-06,2.25,53.25,0.08282596890785723,2.2345396210884467e+17
p2_bulk_nta_1e18_common_primary,NTA 1e18 common-primary state,top_primary,interface_4x,T03_P2_BULK_TRAPS_FORMAL,enabled_symmetric_teaching_top_stack,0.0,0.01,0.0,0.3,channel,0.00022500000000000002,5.4e-06,2.25,54.0,0.08631907258268903,2.5578178784040336e+17
p2_bulk_nta_1e18_common_primary,NTA 1e18 common-primary state,top_primary,interface_4x,T03_P2_BULK_TRAPS_FORMAL,enabled_symmetric_teaching_top_stack,0.0,0.01,0.0,0.3,channel,0.00025,3e-06,2.5,30.0,0.03457799691911343,3.4278115219661776e+16
p2_bulk_nta_1e18_common_primary,NTA 1e18 common-primary state,top_primary,interface_4x,T03_P2_BULK_TRAPS_FORMAL,enabled_symmetric_teaching_top_stack,0.0,0.01,0.0,0.3,channel,0.00025,3.075e-06,2.5,30.750000000000004,0.03518588401272632,3.50936861634059e+16
p2_bulk_nta_1e18_common_primary,NTA 1e18 common-primary state,top_primary,interface_4x,T03_P2_BULK_TRAPS_FORMAL,enabled_symmetric_teaching_top_stack,0.0,0.01,0.0,0.3,channel,0.00025,3.1500000000000003e-06,2.5,31.500000000000004,0.03583483896129863,3.5985782540359116e+16
p2_bulk_nta_1e18_common_primary,NTA 1e18 common-primary state,top_primary,interface_4x,T03_P2_BULK_TRAPS_FORMAL,enabled_symmetric_teaching_top_stack,0.0,0.01,0.0,0.3,channel,0.00025,3.225e-06,2.5,32.25,0.03652589389735187,3.696069790478589e+16
p2_bulk_nta_1e18_common_primary,NTA 1e18 common-primary state,top_primary,interface_4x,T03_P2_BULK_TRAPS_FORMAL,enabled_symmetric_teaching_top_stack,0.0,0.01,0.0,0.3,channel,0.00025,3.3e-06,2.5,33.0,0.037260174348460344,3.802555239211566e+16
p2_bulk_nta_1e18_common_primary,NTA 1e18 common-primary state,top_primary,interface_4x,T03_P2_BULK_TRAPS_FORMAL,enabled_symmetric_teaching_top_stack,0.0,0.01,0.0,0.3,channel,0.00025,3.3750000000000003e-06,2.5,33.75,0.03803890690966498,3.918841178208424e+16
p2_bulk_nta_1e18_common_primary,NTA 1e18 common-primary state,top_primary,interface_4x,T03_P2_BULK_TRAPS_FORMAL,enabled_symmetric_teaching_top_stack,0.0,0.01,0.0,0.3,channel,0.00025,3.45e-06,2.5,34.5,0.038863427921422715,4.045842816115502e+16
p2_bulk_nta_1e18_common_primary,NTA 1e18 common-primary state,top_primary,interface_4x,T03_P2_BULK_TRAPS_FORMAL,enabled_symmetric_teaching_top_stack,0.0,0.01,0.0,0.3,channel,0.00025,3.525e-06,2.5,35.25,0.039735193300718036,4.1846006656142536e+16
p2_bulk_nta_1e18_common_primary,NTA 1e18 common-primary state,top_primary,interface_4x,T03_P2_BULK_TRAPS_FORMAL,enabled_symmetric_teaching_top_stack,0.0,0.01,0.0,0.3,channel,0.00025,3.6000000000000003e-06,2.5,36.0,0.04065578970014145,4.336300379115938e+16
p2_bulk_nta_1e18_common_primary,NTA 1e18 common-primary state,top_primary,interface_4x,T03_P2_BULK_TRAPS_FORMAL,enabled_symmetric_teaching_top_stack,0.0,0.01,0.0,0.3,channel,0.00025,3.6750000000000004e-06,2.5,36.75000000000001,0.04162694720267593,4.502296439628344e+16
p2_bulk_nta_1e18_common_primary,NTA 1e18 common-primary state,top_primary,interface_4x,T03_P2_BULK_TRAPS_FORMAL,enabled_symmetric_teaching_top_stack,0.0,0.01,0.0,0.3,channel,0.00025,3.7500000000000005e-06,2.5,37.50000000000001,0.04265055380004604,4.684140576059569e+16
p2_bulk_nta_1e18_common_primary,NTA 1e18 common-primary state,top_primary,interface_4x,T03_P2_BULK_TRAPS_FORMAL,enabled_symmetric_teaching_top_stack,0.0,0.01,0.0,0.3,channel,0.00025,3.825000000000001e-06,2.5,38.25000000000001,0.043728671951599025,4.883615999834623e+16
p2_bulk_nta_1e18_common_primary,NTA 1e18 common-primary state,top_primary,interface_4x,T03_P2_BULK_TRAPS_FORMAL,enabled_symmetric_teaching_top_stack,0.0,0.01,0.0,0.3,channel,0.00025,3.9e-06,2.5,39.0,0.044863557581149724,5.1027788553222824e+16
p2_bulk_nta_1e18_common_primary,NTA 1e18 common-primary state,top_primary,interface_4x,T03_P2_BULK_TRAPS_FORMAL,enabled_symmetric_teaching_top_stack,0.0,0.01,0.0,0.3,channel,0.00025,3.975e-06,2.5,39.75,0.04605768194408064,5.344008663240912e+16
p2_bulk_nta_1e18_common_primary,NTA 1e18 common-primary state,top_primary,interface_4x,T03_P2_BULK_TRAPS_FORMAL,enabled_symmetric_teaching_top_stack,0.0,0.01,0.0,0.3,channel,0.00025,4.05e-06,2.5,40.5,0.04731375689022961,5.610070045747979e+16
p2_bulk_nta_1e18_common_primary,NTA 1e18 common-primary state,top_primary,interface_4x,T03_P2_BULK_TRAPS_FORMAL,enabled_symmetric_teaching_top_stack,0.0,0.01,0.0,0.3,channel,0.00025,4.125e-06,2.5,41.25,0.04863476416496764,5.904188698648974e+16
p2_bulk_nta_1e18_common_primary,NTA 1e18 common-primary state,top_primary,interface_4x,T03_P2_BULK_TRAPS_FORMAL,enabled_symmetric_teaching_top_stack,0.0,0.01,0.0,0.3,channel,0.00025,4.2000000000000004e-06,2.5,42.00000000000001,0.05002398953833458,6.230145482443868e+16
p2_bulk_nta_1e18_common_primary,NTA 1e18 common-primary state,top_primary,interface_4x,T03_P2_BULK_TRAPS_FORMAL,enabled_symmetric_teaching_top_stack,0.0,0.01,0.0,0.3,channel,0.00025,4.2750000000000006e-06,2.5,42.75000000000001,0.05148506273948301,6.592393728361533e+16
p2_bulk_nta_1e18_common_primary,NTA 1e18 common-primary state,top_primary,interface_4x,T03_P2_BULK_TRAPS_FORMAL,enabled_symmetric_teaching_top_stack,0.0,0.01,0.0,0.3,channel,0.00025,4.350000000000001e-06,2.5,43.50000000000001,0.05302200441356945,6.9962065253459576e+16
p2_bulk_nta_1e18_common_primary,NTA 1e18 common-primary state,top_primary,interface_4x,T03_P2_BULK_TRAPS_FORMAL,enabled_symmetric_teaching_top_stack,0.0,0.01,0.0,0.3,channel,0.00025,4.425e-06,2.5,44.25,0.05463928162778487,7.447863053943987e+16
p2_bulk_nta_1e18_common_primary,NTA 1e18 common-primary state,top_primary,interface_4x,T03_P2_BULK_TRAPS_FORMAL,enabled_symmetric_teaching_top_stack,0.0,0.01,0.0,0.3,channel,0.00025,4.5e-06,2.5,45.0,0.05634187385605217,7.954886234852776e+16
p2_bulk_nta_1e18_common_primary,NTA 1e18 common-primary state,top_primary,interface_4x,T03_P2_BULK_TRAPS_FORMAL,enabled_symmetric_teaching_top_stack,0.0,0.01,0.0,0.3,channel,0.00025,4.575e-06,2.5,45.75,0.05813535190090008,8.526348468028664e+16
p2_bulk_nta_1e18_common_primary,NTA 1e18 common-primary state,top_primary,interface_4x,T03_P2_BULK_TRAPS_FORMAL,enabled_symmetric_teaching_top_stack,0.0,0.01,0.0,0.3,channel,0.00025,4.65e-06,2.5,46.50000000000001,0.060025972912396294,9.17326866345752e+16
p2_bulk_nta_1e18_common_primary,NTA 1e18 common-primary state,top_primary,interface_4x,T03_P2_BULK_TRAPS_FORMAL,enabled_symmetric_teaching_top_stack,0.0,0.01,0.0,0.3,channel,0.00025,4.7250000000000005e-06,2.5,47.25000000000001,0.062020795603661964,9.909133042718064e+16
p2_bulk_nta_1e18_common_primary,NTA 1e18 common-primary state,top_primary,interface_4x,T03_P2_BULK_TRAPS_FORMAL,enabled_symmetric_teaching_top_stack,0.0,0.01,0.0,0.3,channel,0.00025,4.8e-06,2.5,48.0,0.06412782103547034,1.0750585778177517e+17
p2_bulk_nta_1e18_common_primary,NTA 1e18 common-primary state,top_primary,interface_4x,T03_P2_BULK_TRAPS_FORMAL,enabled_symmetric_teaching_top_stack,0.0,0.01,0.0,0.3,channel,0.00025,4.875e-06,2.5,48.75,0.06635616608791879,1.171835574133764e+17
p2_bulk_nta_1e18_common_primary,NTA 1e18 common-primary state,top_primary,interface_4x,T03_P2_BULK_TRAPS_FORMAL,enabled_symmetric_teaching_top_stack,0.0,0.01,0.0,0.3,channel,0.00025,4.95e-06,2.5,49.5,0.06871627916198454,1.2838516176178755e+17
p2_bulk_nta_1e18_common_primary,NTA 1e18 common-primary state,top_primary,interface_4x,T03_P2_BULK_TRAPS_FORMAL,enabled_symmetric_teaching_top_stack,0.0,0.01,0.0,0.3,channel,0.00025,5.025e-06,2.5,50.25,0.07122021107044933,1.414422112593329e+17
p2_bulk_nta_1e18_common_primary,NTA 1e18 common-primary state,top_primary,interface_4x,T03_P2_BULK_TRAPS_FORMAL,enabled_symmetric_teaching_top_stack,0.0,0.01,0.0,0.3,channel,0.00025,5.1e-06,2.5,51.0,0.07388195896698452,1.567813623604529e+17
p2_bulk_nta_1e18_common_primary,NTA 1e18 common-primary state,top_primary,interface_4x,T03_P2_BULK_TRAPS_FORMAL,enabled_symmetric_teaching_top_stack,0.0,0.01,0.0,0.3,channel,0.00025,5.1750000000000004e-06,2.5,51.75000000000001,0.07671790827843125,1.749589991026566e+17
p2_bulk_nta_1e18_common_primary,NTA 1e18 common-primary state,top_primary,interface_4x,T03_P2_BULK_TRAPS_FORMAL,enabled_symmetric_teaching_top_stack,0.0,0.01,0.0,0.3,channel,0.00025,5.2500000000000006e-06,2.5,52.50000000000001,0.07974740815770595,1.9671145176544758e+17
p2_bulk_nta_1e18_common_primary,NTA 1e18 common-primary state,top_primary,interface_4x,T03_P2_BULK_TRAPS_FORMAL,enabled_symmetric_teaching_top_stack,0.0,0.01,0.0,0.3,channel,0.00025,5.325e-06,2.5,53.25,0.08299353194837229,2.2302940364531926e+17
p2_bulk_nta_1e18_common_primary,NTA 1e18 common-primary state,top_primary,interface_4x,T03_P2_BULK_TRAPS_FORMAL,enabled_symmetric_teaching_top_stack,0.0,0.01,0.0,0.3,channel,0.00025,5.4e-06,2.5,54.0,0.08648409889229625,2.5527075739010768e+17
p2_bulk_nta_1e18_common_primary,NTA 1e18 common-primary state,top_primary,interface_4x,T03_P2_BULK_TRAPS_FORMAL,enabled_symmetric_teaching_top_stack,0.0,0.01,0.0,0.3,channel,0.00027499999999999996,3e-06,2.7499999999999996,30.0,0.0347250091342479,3.418528341765484e+16
p2_bulk_nta_1e18_common_primary,NTA 1e18 common-primary state,top_primary,interface_4x,T03_P2_BULK_TRAPS_FORMAL,enabled_symmetric_teaching_top_stack,0.0,0.01,0.0,0.3,channel,0.00027499999999999996,3.075e-06,2.7499999999999996,30.750000000000004,0.035335341563034986,3.500195630771651e+16
p2_bulk_nta_1e18_common_primary,NTA 1e18 common-primary state,top_primary,interface_4x,T03_P2_BULK_TRAPS_FORMAL,enabled_symmetric_teaching_top_stack,0.0,0.01,0.0,0.3,channel,0.00027499999999999996,3.1500000000000003e-06,2.7499999999999996,31.500000000000004,0.03598663559376243,3.5894968493249536e+16
p2_bulk_nta_1e18_common_primary,NTA 1e18 common-primary state,top_primary,interface_4x,T03_P2_BULK_TRAPS_FORMAL,enabled_symmetric_teaching_top_stack,0.0,0.01,0.0,0.3,channel,0.00027499999999999996,3.225e-06,2.7499999999999996,32.25,0.03667992464097699,3.687060974620857e+16
p2_bulk_nta_1e18_common_primary,NTA 1e18 common-primary state,top_primary,interface_4x,T03_P2_BULK_TRAPS_FORMAL,enabled_symmetric_teaching_top_stack,0.0,0.01,0.0,0.3,channel,0.00027499999999999996,3.3e-06,2.7499999999999996,33.0,0.03741633530087544,3.793599455581059e+16
p2_bulk_nta_1e18_common_primary,NTA 1e18 common-primary state,top_primary,interface_4x,T03_P2_BULK_TRAPS_FORMAL,enabled_symmetric_teaching_top_stack,0.0,0.01,0.0,0.3,channel,0.00027499999999999996,3.3750000000000003e-06,2.7499999999999996,33.75,0.0381970950181108,3.909918097654286e+16
p2_bulk_nta_1e18_common_primary,NTA 1e18 common-primary state,top_primary,interface_4x,T03_P2_BULK_TRAPS_FORMAL,enabled_symmetric_teaching_top_stack,0.0,0.01,0.0,0.3,channel,0.00027499999999999996,3.45e-06,2.7499999999999996,34.5,0.039023540755927594,4.036931102052083e+16
p2_bulk_nta_1e18_common_primary,NTA 1e18 common-primary state,top_primary,interface_4x,T03_P2_BULK_TRAPS_FORMAL,enabled_symmetric_teaching_top_stack,0.0,0.01,0.0,0.3,channel,0.00027499999999999996,3.525e-06,2.7499999999999996,35.25,0.03989712881697208,4.175677705422211e+16
p2_bulk_nta_1e18_common_primary,NTA 1e18 common-primary state,top_primary,interface_4x,T03_P2_BULK_TRAPS_FORMAL,enabled_symmetric_teaching_top_stack,0.0,0.01,0.0,0.3,channel,0.00027499999999999996,3.6000000000000003e-06,2.7499999999999996,36.0,0.040819445989233,4.3273419736469704e+16
p2_bulk_nta_1e18_common_primary,NTA 1e18 common-primary state,top_primary,interface_4x,T03_P2_BULK_TRAPS_FORMAL,enabled_symmetric_teaching_top_stack,0.0,0.01,0.0,0.3,channel,0.00027499999999999996,3.6750000000000004e-06,2.7499999999999996,36.75000000000001,0.04179222222441874,4.4932764406453e+16
p2_bulk_nta_1e18_common_primary,NTA 1e18 common-primary state,top_primary,interface_4x,T03_P2_BULK_TRAPS_FORMAL,enabled_symmetric_teaching_top_stack,0.0,0.01,0.0,0.3,channel,0.00027499999999999996,3.7500000000000005e-06,2.7499999999999996,37.50000000000001,0.04281734509608555,4.675030458911441e+16
p2_bulk_nta_1e18_common_primary,NTA 1e18 common-primary state,top_primary,interface_4x,T03_P2_BULK_TRAPS_FORMAL,enabled_symmetric_teaching_top_stack,0.0,0.01,0.0,0.3,channel,0.00027499999999999996,3.825000000000001e-06,2.7499999999999996,38.25000000000001,0.043896876333814054,4.874384355378571e+16
p2_bulk_nta_1e18_common_primary,NTA 1e18 common-primary state,top_primary,interface_4x,T03_P2_BULK_TRAPS_FORMAL,enabled_symmetric_teaching_top_stack,0.0,0.01,0.0,0.3,channel,0.00027499999999999996,3.9e-06,2.7499999999999996,39.0,0.04503307079002874,5.0933907808120744e+16
p2_bulk_nta_1e18_common_primary,NTA 1e18 common-primary state,top_primary,interface_4x,T03_P2_BULK_TRAPS_FORMAL,enabled_symmetric_teaching_top_stack,0.0,0.01,0.0,0.3,channel,0.00027499999999999996,3.975e-06,2.7499999999999996,39.75,0.046228398270704824,5.33442502625855e+16
p2_bulk_nta_1e18_common_primary,NTA 1e18 common-primary state,top_primary,interface_4x,T03_P2_BULK_TRAPS_FORMAL,enabled_symmetric_teaching_top_stack,0.0,0.01,0.0,0.3,channel,0.00027499999999999996,4.05e-06,2.7499999999999996,40.5,0.04748556875417978,5.600246587785161e+16
p2_bulk_nta_1e18_common_primary,NTA 1e18 common-primary state,top_primary,interface_4x,T03_P2_BULK_TRAPS_FORMAL,enabled_symmetric_teaching_top_stack,0.0,0.01,0.0,0.3,channel,0.00027499999999999996,4.125e-06,2.7499999999999996,41.25,0.04880756163881284,5.894074934978784e+16
p2_bulk_nta_1e18_common_primary,NTA 1e18 common-primary state,top_primary,interface_4x,T03_P2_BULK_TRAPS_FORMAL,enabled_symmetric_teaching_top_stack,0.0,0.01,0.0,0.3,channel,0.00027499999999999996,4.2000000000000004e-06,2.7499999999999996,42.00000000000001,0.05019765980725295,6.219683341515814e+16
p2_bulk_nta_1e18_common_primary,NTA 1e18 common-primary state,top_primary,interface_4x,T03_P2_BULK_TRAPS_FORMAL,enabled_symmetric_teaching_top_stack,0.0,0.01,0.0,0.3,channel,0.00027499999999999996,4.2750000000000006e-06,2.7499999999999996,42.75000000000001,0.05165948948187364,6.581515855755548e+16
p2_bulk_nta_1e18_common_primary,NTA 1e18 common-primary state,top_primary,interface_4x,T03_P2_BULK_TRAPS_FORMAL,enabled_symmetric_teaching_top_stack,0.0,0.01,0.0,0.3,channel,0.00027499999999999996,4.350000000000001e-06,2.7499999999999996,43.50000000000001,0.05319706708504957,6.984834152385701e+16
p2_bulk_nta_1e18_common_primary,NTA 1e18 common-primary state,top_primary,interface_4x,T03_P2_BULK_TRAPS_FORMAL,enabled_symmetric_teaching_top_stack,0.0,0.01,0.0,0.3,channel,0.00027499999999999996,4.425e-06,2.7499999999999996,44.25,0.05481485462647397,7.4359032965526e+16
p2_bulk_nta_1e18_common_primary,NTA 1e18 common-primary state,top_primary,interface_4x,T03_P2_BULK_TRAPS_FORMAL,enabled_symmetric_teaching_top_stack,0.0,0.01,0.0,0.3,channel,0.00027499999999999996,4.5e-06,2.7499999999999996,45.0,0.05651782554116933,7.942228639929608e+16
p2_bulk_nta_1e18_common_primary,NTA 1e18 common-primary state,top_primary,interface_4x,T03_P2_BULK_TRAPS_FORMAL,enabled_symmetric_teaching_top_stack,0.0,0.01,0.0,0.3,channel,0.00027499999999999996,4.575e-06,2.7499999999999996,45.75,0.05831154342894684,8.512860556232298e+16
p2_bulk_nta_1e18_common_primary,NTA 1e18 common-primary state,top_primary,interface_4x,T03_P2_BULK_TRAPS_FORMAL,enabled_symmetric_teaching_top_stack,0.0,0.01,0.0,0.3,channel,0.00027499999999999996,4.65e-06,2.7499999999999996,46.50000000000001,0.06020225684486377,9.158790119222003e+16
p2_bulk_nta_1e18_common_primary,NTA 1e18 common-primary state,top_primary,interface_4x,T03_P2_BULK_TRAPS_FORMAL,enabled_symmetric_teaching_top_stack,0.0,0.01,0.0,0.3,channel,0.00027499999999999996,4.7250000000000005e-06,2.7499999999999996,47.25000000000001,0.06219701422628224,9.893468059827486e+16
p2_bulk_nta_1e18_common_primary,NTA 1e18 common-primary state,top_primary,interface_4x,T03_P2_BULK_TRAPS_FORMAL,enabled_symmetric_teaching_top_stack,0.0,0.01,0.0,0.3,channel,0.00027499999999999996,4.8e-06,2.7499999999999996,48.0,0.06430380431006853,1.0733492859096272e+17
p2_bulk_nta_1e18_common_primary,NTA 1e18 common-primary state,top_primary,interface_4x,T03_P2_BULK_TRAPS_FORMAL,enabled_symmetric_teaching_top_stack,0.0,0.01,0.0,0.3,channel,0.00027499999999999996,4.875e-06,2.7499999999999996,48.75,0.06653172913176243,1.169953393372129e+17
p2_bulk_nta_1e18_common_primary,NTA 1e18 common-primary state,top_primary,interface_4x,T03_P2_BULK_TRAPS_FORMAL,enabled_symmetric_teaching_top_stack,0.0,0.01,0.0,0.3,channel,0.00027499999999999996,4.95e-06,2.7499999999999996,49.5,0.06889121911294827,1.2817586250315422e+17
p2_bulk_nta_1e18_common_primary,NTA 1e18 common-primary state,top_primary,interface_4x,T03_P2_BULK_TRAPS_FORMAL,enabled_symmetric_teaching_top_stack,0.0,0.01,0.0,0.3,channel,0.00027499999999999996,5.025e-06,2.7499999999999996,50.25,0.07139430314441071,1.4120699452128366e+17
p2_bulk_nta_1e18_common_primary,NTA 1e18 common-primary state,top_primary,interface_4x,T03_P2_BULK_TRAPS_FORMAL,enabled_symmetric_teaching_top_stack,0.0,0.01,0.0,0.3,channel,0.00027499999999999996,5.1e-06,2.7499999999999996,51.0,0.07405495143902403,1.5651397940841072e+17
p2_bulk_nta_1e18_common_primary,NTA 1e18 common-primary state,top_primary,interface_4x,T03_P2_BULK_TRAPS_FORMAL,enabled_symmetric_teaching_top_stack,0.0,0.01,0.0,0.3,channel,0.00027499999999999996,5.1750000000000004e-06,2.7499999999999996,51.75000000000001,0.07688951600956771,1.7465125977918637e+17
p2_bulk_nta_1e18_common_primary,NTA 1e18 common-primary state,top_primary,interface_4x,T03_P2_BULK_TRAPS_FORMAL,enabled_symmetric_teaching_top_stack,0.0,0.01,0.0,0.3,channel,0.00027499999999999996,5.2500000000000006e-06,2.7499999999999996,52.50000000000001,0.07991730412452168,1.963524498515434e+17
p2_bulk_nta_1e18_common_primary,NTA 1e18 common-primary state,top_primary,interface_4x,T03_P2_BULK_TRAPS_FORMAL,enabled_symmetric_teaching_top_stack,0.0,0.01,0.0,0.3,channel,0.00027499999999999996,5.325e-06,2.7499999999999996,53.25,0.08316133598153128,2.2260435721317856e+17
p2_bulk_nta_1e18_common_primary,NTA 1e18 common-primary state,top_primary,interface_4x,T03_P2_BULK_TRAPS_FORMAL,enabled_symmetric_teaching_top_stack,0.0,0.01,0.0,0.3,channel,0.00027499999999999996,5.4e-06,2.7499999999999996,54.0,0.08664936243626863,2.547592292710818e+17
p2_bulk_nta_1e18_common_primary,NTA 1e18 common-primary state,top_primary,interface_4x,T03_P2_BULK_TRAPS_FORMAL,enabled_symmetric_teaching_top_stack,0.0,0.01,0.0,0.3,channel,0.00030000000000000003,3e-06,3.0000000000000004,30.0,0.03487222584214145,3.4092454055801612e+16
p2_bulk_nta_1e18_common_primary,NTA 1e18 common-primary state,top_primary,interface_4x,T03_P2_BULK_TRAPS_FORMAL,enabled_symmetric_teaching_top_stack,0.0,0.01,0.0,0.3,channel,0.00030000000000000003,3.075e-06,3.0000000000000004,30.750000000000004,0.03548500707137247,3.491021596191106e+16
p2_bulk_nta_1e18_common_primary,NTA 1e18 common-primary state,top_primary,interface_4x,T03_P2_BULK_TRAPS_FORMAL,enabled_symmetric_teaching_top_stack,0.0,0.01,0.0,0.3,channel,0.00030000000000000003,3.1500000000000003e-06,3.0000000000000004,31.500000000000004,0.0361386436138637,3.580413170827082e+16
p2_bulk_nta_1e18_common_primary,NTA 1e18 common-primary state,top_primary,interface_4x,T03_P2_BULK_TRAPS_FORMAL,enabled_symmetric_teaching_top_stack,0.0,0.01,0.0,0.3,channel,0.00030000000000000003,3.225e-06,3.0000000000000004,32.25,0.03683417015347157,3.678048719287017e+16
p2_bulk_nta_1e18_common_primary,NTA 1e18 common-primary state,top_primary,interface_4x,T03_P2_BULK_TRAPS_FORMAL,enabled_symmetric_teaching_top_stack,0.0,0.01,0.0,0.3,channel,0.00030000000000000003,3.3e-06,3.0000000000000004,33.0,0.03757271434293274,3.7846391171500456e+16
p2_bulk_nta_1e18_common_primary,NTA 1e18 common-primary state,top_primary,interface_4x,T03_P2_BULK_TRAPS_FORMAL,enabled_symmetric_teaching_top_stack,0.0,0.01,0.0,0.3,channel,0.00030000000000000003,3.3750000000000003e-06,3.0000000000000004,33.75,0.03835550446496868,3.9009893889629656e+16
p2_bulk_nta_1e18_common_primary,NTA 1e18 common-primary state,top_primary,interface_4x,T03_P2_BULK_TRAPS_FORMAL,enabled_symmetric_teaching_top_stack,0.0,0.01,0.0,0.3,channel,0.00030000000000000003,3.45e-06,3.0000000000000004,34.5,0.039183878094516185,4.028012720372145e+16
p2_bulk_nta_1e18_common_primary,NTA 1e18 common-primary state,top_primary,interface_4x,T03_P2_BULK_TRAPS_FORMAL,enabled_symmetric_teaching_top_stack,0.0,0.01,0.0,0.3,channel,0.00030000000000000003,3.525e-06,3.0000000000000004,35.25,0.04005929190914865,4.166747064011259e+16
p2_bulk_nta_1e18_common_primary,NTA 1e18 common-primary state,top_primary,interface_4x,T03_P2_BULK_TRAPS_FORMAL,enabled_symmetric_teaching_top_stack,0.0,0.01,0.0,0.3,channel,0.00030000000000000003,3.6000000000000003e-06,3.0000000000000004,36.0,0.04098333282179294,4.318374891305659e+16
p2_bulk_nta_1e18_common_primary,NTA 1e18 common-primary state,top_primary,interface_4x,T03_P2_BULK_TRAPS_FORMAL,enabled_symmetric_teaching_top_stack,0.0,0.01,0.0,0.3,channel,0.00030000000000000003,3.6750000000000004e-06,3.0000000000000004,36.75000000000001,0.041957730642611865,4.484246779109876e+16
p2_bulk_nta_1e18_common_primary,NTA 1e18 common-primary state,top_primary,interface_4x,T03_P2_BULK_TRAPS_FORMAL,enabled_symmetric_teaching_top_stack,0.0,0.01,0.0,0.3,channel,0.00030000000000000003,3.7500000000000005e-06,3.0000000000000004,37.50000000000001,0.04298437251682556,4.665909695377096e+16
p2_bulk_nta_1e18_common_primary,NTA 1e18 common-primary state,top_primary,interface_4x,T03_P2_BULK_TRAPS_FORMAL,enabled_symmetric_teaching_top_stack,0.0,0.01,0.0,0.3,channel,0.00030000000000000003,3.825000000000001e-06,3.0000000000000004,38.25000000000001,0.04406531943409611,4.865141074160178e+16
p2_bulk_nta_1e18_common_primary,NTA 1e18 common-primary state,top_primary,interface_4x,T03_P2_BULK_TRAPS_FORMAL,enabled_symmetric_teaching_top_stack,0.0,0.01,0.0,0.3,channel,0.00030000000000000003,3.9e-06,3.0000000000000004,39.0,0.04520282516523159,5.083990063854669e+16
p2_bulk_nta_1e18_common_primary,NTA 1e18 common-primary state,top_primary,interface_4x,T03_P2_BULK_TRAPS_FORMAL,enabled_symmetric_teaching_top_stack,0.0,0.01,0.0,0.3,channel,0.00030000000000000003,3.975e-06,3.0000000000000004,39.75,0.046399358056405625,5.324827716566221e+16
p2_bulk_nta_1e18_common_primary,NTA 1e18 common-primary state,top_primary,interface_4x,T03_P2_BULK_TRAPS_FORMAL,enabled_symmetric_teaching_top_stack,0.0,0.01,0.0,0.3,channel,0.00030000000000000003,4.05e-06,3.0000000000000004,40.5,0.04765762620379371,5.5904083923663016e+16
p2_bulk_nta_1e18_common_primary,NTA 1e18 common-primary state,top_primary,interface_4x,T03_P2_BULK_TRAPS_FORMAL,enabled_symmetric_teaching_top_stack,0.0,0.01,0.0,0.3,channel,0.00030000000000000003,4.125e-06,3.0000000000000004,41.25,0.04898060664770848,5.883945323939932e+16
p2_bulk_nta_1e18_common_primary,NTA 1e18 common-primary state,top_primary,interface_4x,T03_P2_BULK_TRAPS_FORMAL,enabled_symmetric_teaching_top_stack,0.0,0.01,0.0,0.3,channel,0.00030000000000000003,4.2000000000000004e-06,3.0000000000000004,42.00000000000001,0.050371579371886,6.209204186531304e+16
p2_bulk_nta_1e18_common_primary,NTA 1e18 common-primary state,top_primary,interface_4x,T03_P2_BULK_TRAPS_FORMAL,enabled_symmetric_teaching_top_stack,0.0,0.01,0.0,0.3,channel,0.00030000000000000003,4.2750000000000006e-06,3.0000000000000004,42.75000000000001,0.05183416707978796,6.5706197329481656e+16
p2_bulk_nta_1e18_common_primary,NTA 1e18 common-primary state,top_primary,interface_4x,T03_P2_BULK_TRAPS_FORMAL,enabled_symmetric_teaching_top_stack,0.0,0.01,0.0,0.3,channel,0.00030000000000000003,4.350000000000001e-06,3.0000000000000004,43.50000000000001,0.05337238195812857,6.9734422097289976e+16
p2_bulk_nta_1e18_common_primary,NTA 1e18 common-primary state,top_primary,interface_4x,T03_P2_BULK_TRAPS_FORMAL,enabled_symmetric_teaching_top_stack,0.0,0.01,0.0,0.3,channel,0.00030000000000000003,4.425e-06,3.0000000000000004,44.25,0.05499068094533134,7.423922551407974e+16
p2_bulk_nta_1e18_common_primary,NTA 1e18 common-primary state,top_primary,interface_4x,T03_P2_BULK_TRAPS_FORMAL,enabled_symmetric_teaching_top_stack,0.0,0.01,0.0,0.3,channel,0.00030000000000000003,4.5e-06,3.0000000000000004,45.0,0.056694031422691284,7.929548524061338e+16
p2_bulk_nta_1e18_common_primary,NTA 1e18 common-primary state,top_primary,interface_4x,T03_P2_BULK_TRAPS_FORMAL,enabled_symmetric_teaching_top_stack,0.0,0.01,0.0,0.3,channel,0.00030000000000000003,4.575e-06,3.0000000000000004,45.75,0.05848798977124391,8.499348457310218e+16
p2_bulk_nta_1e18_common_primary,NTA 1e18 common-primary state,top_primary,interface_4x,T03_P2_BULK_TRAPS_FORMAL,enabled_symmetric_teaching_top_stack,0.0,0.01,0.0,0.3,channel,0.00030000000000000003,4.65e-06,3.0000000000000004,46.50000000000001,0.06037879593355712,9.144285569865326e+16
p2_bulk_nta_1e18_common_primary,NTA 1e18 common-primary state,top_primary,interface_4x,T03_P2_BULK_TRAPS_FORMAL,enabled_symmetric_teaching_top_stack,0.0,0.01,0.0,0.3,channel,0.00030000000000000003,4.7250000000000005e-06,3.0000000000000004,47.25000000000001,0.06237348805213368,9.877775082915749e+16
p2_bulk_nta_1e18_common_primary,NTA 1e18 common-primary state,top_primary,interface_4x,T03_P2_BULK_TRAPS_FORMAL,enabled_symmetric_teaching_top_stack,0.0,0.01,0.0,0.3,channel,0.00030000000000000003,4.8e-06,3.0000000000000004,48.0,0.06448004251900737,1.0716369768243248e+17
p2_bulk_nta_1e18_common_primary,NTA 1e18 common-primary state,top_primary,interface_4x,T03_P2_BULK_TRAPS_FORMAL,enabled_symmetric_teaching_top_stack,0.0,0.01,0.0,0.3,channel,0.00030000000000000003,4.875e-06,3.0000000000000004,48.75,0.06670754650221594,1.1680679573548022e+17
p2_bulk_nta_1e18_common_primary,NTA 1e18 common-primary state,top_primary,interface_4x,T03_P2_BULK_TRAPS_FORMAL,enabled_symmetric_teaching_top_stack,0.0,0.01,0.0,0.3,channel,0.00030000000000000003,4.95e-06,3.0000000000000004,49.5,0.06906641241883167,1.2796621182374322e+17
p2_bulk_nta_1e18_common_primary,NTA 1e18 common-primary state,top_primary,interface_4x,T03_P2_BULK_TRAPS_FORMAL,enabled_symmetric_teaching_top_stack,0.0,0.01,0.0,0.3,channel,0.00030000000000000003,5.025e-06,3.0000000000000004,50.25,0.07156864721027678,1.40971398491629e+17
p2_bulk_nta_1e18_common_primary,NTA 1e18 common-primary state,top_primary,interface_4x,T03_P2_BULK_TRAPS_FORMAL,enabled_symmetric_teaching_top_stack,0.0,0.01,0.0,0.3,channel,0.00030000000000000003,5.1e-06,3.0000000000000004,51.0,0.07422819411911648,1.5624618774755098e+17
p2_bulk_nta_1e18_common_primary,NTA 1e18 common-primary state,top_primary,interface_4x,T03_P2_BULK_TRAPS_FORMAL,enabled_symmetric_teaching_top_stack,0.0,0.01,0.0,0.3,channel,0.00030000000000000003,5.1750000000000004e-06,3.0000000000000004,51.75000000000001,0.07706137171283144,1.7434308179492662e+17
p2_bulk_nta_1e18_common_primary,NTA 1e18 common-primary state,top_primary,interface_4x,T03_P2_BULK_TRAPS_FORMAL,enabled_symmetric_teaching_top_stack,0.0,0.01,0.0,0.3,channel,0.00030000000000000003,5.2500000000000006e-06,3.0000000000000004,52.50000000000001,0.08008744534351588,1.9599298086103478e+17
p2_bulk_nta_1e18_common_primary,NTA 1e18 common-primary state,top_primary,interface_4x,T03_P2_BULK_TRAPS_FORMAL,enabled_symmetric_teaching_top_stack,0.0,0.01,0.0,0.3,channel,0.00030000000000000003,5.325e-06,3.0000000000000004,53.25,0.08332938203232654,2.2217882082774896e+17
p2_bulk_nta_1e18_common_primary,NTA 1e18 common-primary state,top_primary,interface_4x,T03_P2_BULK_TRAPS_FORMAL,enabled_symmetric_teaching_top_stack,0.0,0.01,0.0,0.3,channel,0.00030000000000000003,5.4e-06,3.0000000000000004,54.0,0.0868148642236083,2.5424720142833696e+17
p2_bulk_nta_1e18_common_primary,NTA 1e18 common-primary state,top_primary,interface_4x,T03_P2_BULK_TRAPS_FORMAL,enabled_symmetric_teaching_top_stack,0.0,0.01,0.0,0.3,channel,0.00032500000000000004,3e-06,3.2500000000000004,30.0,0.03501964791581607,3.3999627059262864e+16
p2_bulk_nta_1e18_common_primary,NTA 1e18 common-primary state,top_primary,interface_4x,T03_P2_BULK_TRAPS_FORMAL,enabled_symmetric_teaching_top_stack,0.0,0.01,0.0,0.3,channel,0.00032500000000000004,3.075e-06,3.2500000000000004,30.750000000000004,0.035634881425502404,3.481846503049234e+16
p2_bulk_nta_1e18_common_primary,NTA 1e18 common-primary state,top_primary,interface_4x,T03_P2_BULK_TRAPS_FORMAL,enabled_symmetric_teaching_top_stack,0.0,0.01,0.0,0.3,channel,0.00032500000000000004,3.1500000000000003e-06,3.2500000000000004,31.500000000000004,0.036290863923885294,3.5713272066161736e+16
p2_bulk_nta_1e18_common_primary,NTA 1e18 common-primary state,top_primary,interface_4x,T03_P2_BULK_TRAPS_FORMAL,enabled_symmetric_teaching_top_stack,0.0,0.01,0.0,0.3,channel,0.00032500000000000004,3.225e-06,3.2500000000000004,32.25,0.036988631351388995,3.669033009900048e+16
p2_bulk_nta_1e18_common_primary,NTA 1e18 common-primary state,top_primary,interface_4x,T03_P2_BULK_TRAPS_FORMAL,enabled_symmetric_teaching_top_stack,0.0,0.01,0.0,0.3,channel,0.00032500000000000004,3.3e-06,3.2500000000000004,33.0,0.03772931240517859,3.77567420644498e+16
p2_bulk_nta_1e18_common_primary,NTA 1e18 common-primary state,top_primary,interface_4x,T03_P2_BULK_TRAPS_FORMAL,enabled_symmetric_teaching_top_stack,0.0,0.01,0.0,0.3,channel,0.00032500000000000004,3.3750000000000003e-06,3.2500000000000004,33.75,0.03851413619446894,3.892055031541136e+16
p2_bulk_nta_1e18_common_primary,NTA 1e18 common-primary state,top_primary,interface_4x,T03_P2_BULK_TRAPS_FORMAL,enabled_symmetric_teaching_top_stack,0.0,0.01,0.0,0.3,channel,0.00032500000000000004,3.45e-06,3.2500000000000004,34.5,0.039344440894760184,4.019087647155845e+16
p2_bulk_nta_1e18_common_primary,NTA 1e18 common-primary state,top_primary,interface_4x,T03_P2_BULK_TRAPS_FORMAL,enabled_symmetric_teaching_top_stack,0.0,0.01,0.0,0.3,channel,0.00032500000000000004,3.525e-06,3.2500000000000004,35.25,0.04022168354778251,4.157808713939445e+16
p2_bulk_nta_1e18_common_primary,NTA 1e18 common-primary state,top_primary,interface_4x,T03_P2_BULK_TRAPS_FORMAL,enabled_symmetric_teaching_top_stack,0.0,0.01,0.0,0.3,channel,0.00032500000000000004,3.6000000000000003e-06,3.2500000000000004,36.0,0.0411474511809031,4.3093991009385736e+16
p2_bulk_nta_1e18_common_primary,NTA 1e18 common-primary state,top_primary,interface_4x,T03_P2_BULK_TRAPS_FORMAL,enabled_symmetric_teaching_top_stack,0.0,0.01,0.0,0.3,channel,0.00032500000000000004,3.6750000000000004e-06,3.2500000000000004,36.75000000000001,0.042123473452428575,4.475207419969375e+16
p2_bulk_nta_1e18_common_primary,NTA 1e18 common-primary state,top_primary,interface_4x,T03_P2_BULK_TRAPS_FORMAL,enabled_symmetric_teaching_top_stack,0.0,0.01,0.0,0.3,channel,0.00032500000000000004,3.7500000000000005e-06,3.2500000000000004,37.50000000000001,0.04315163706903368,4.656778246313977e+16
p2_bulk_nta_1e18_common_primary,NTA 1e18 common-primary state,top_primary,interface_4x,T03_P2_BULK_TRAPS_FORMAL,enabled_symmetric_teaching_top_stack,0.0,0.01,0.0,0.3,channel,0.00032500000000000004,3.825000000000001e-06,3.2500000000000004,38.25000000000001,0.04423400227026656,4.8558861127494e+16
p2_bulk_nta_1e18_common_primary,NTA 1e18 common-primary state,top_primary,interface_4x,T03_P2_BULK_TRAPS_FORMAL,enabled_symmetric_teaching_top_stack,0.0,0.01,0.0,0.3,channel,0.00032500000000000004,3.9e-06,3.2500000000000004,39.0,0.04537282173504723,5.074576656523776e+16
p2_bulk_nta_1e18_common_primary,NTA 1e18 common-primary state,top_primary,interface_4x,T03_P2_BULK_TRAPS_FORMAL,enabled_symmetric_teaching_top_stack,0.0,0.01,0.0,0.3,channel,0.00032500000000000004,3.975e-06,3.2500000000000004,39.75,0.046570562339305774,5.3152166815174296e+16
p2_bulk_nta_1e18_common_primary,NTA 1e18 common-primary state,top_primary,interface_4x,T03_P2_BULK_TRAPS_FORMAL,enabled_symmetric_teaching_top_stack,0.0,0.01,0.0,0.3,channel,0.00032500000000000004,4.05e-06,3.2500000000000004,40.5,0.04782993028634404,5.580555401881538e+16
p2_bulk_nta_1e18_common_primary,NTA 1e18 common-primary state,top_primary,interface_4x,T03_P2_BULK_TRAPS_FORMAL,enabled_symmetric_teaching_top_stack,0.0,0.01,0.0,0.3,channel,0.00032500000000000004,4.125e-06,3.2500000000000004,41.25,0.049153900247340614,5.873799802692823e+16
p2_bulk_nta_1e18_common_primary,NTA 1e18 common-primary state,top_primary,interface_4x,T03_P2_BULK_TRAPS_FORMAL,enabled_symmetric_teaching_top_stack,0.0,0.01,0.0,0.3,channel,0.00032500000000000004,4.2000000000000004e-06,3.2500000000000004,42.00000000000001,0.05054574929554129,6.198707949127518e+16
p2_bulk_nta_1e18_common_primary,NTA 1e18 common-primary state,top_primary,interface_4x,T03_P2_BULK_TRAPS_FORMAL,enabled_symmetric_teaching_top_stack,0.0,0.01,0.0,0.3,channel,0.00032500000000000004,4.2750000000000006e-06,3.2500000000000004,42.75000000000001,0.05200909660330455,6.5597052857288984e+16
p2_bulk_nta_1e18_common_primary,NTA 1e18 common-primary state,top_primary,interface_4x,T03_P2_BULK_TRAPS_FORMAL,enabled_symmetric_teaching_top_stack,0.0,0.01,0.0,0.3,channel,0.00032500000000000004,4.350000000000001e-06,3.2500000000000004,43.50000000000001,0.05354795010874364,6.962030616958718e+16
p2_bulk_nta_1e18_common_primary,NTA 1e18 common-primary state,top_primary,interface_4x,T03_P2_BULK_TRAPS_FORMAL,enabled_symmetric_teaching_top_stack,0.0,0.01,0.0,0.3,channel,0.00032500000000000004,4.425e-06,3.2500000000000004,44.25,0.05516676166517446,7.411920731489766e+16
p2_bulk_nta_1e18_common_primary,NTA 1e18 common-primary state,top_primary,interface_4x,T03_P2_BULK_TRAPS_FORMAL,enabled_symmetric_teaching_top_stack,0.0,0.01,0.0,0.3,channel,0.00032500000000000004,4.5e-06,3.2500000000000004,45.0,0.05687049258526744,7.91684579318799e+16
p2_bulk_nta_1e18_common_primary,NTA 1e18 common-primary state,top_primary,interface_4x,T03_P2_BULK_TRAPS_FORMAL,enabled_symmetric_teaching_top_stack,0.0,0.01,0.0,0.3,channel,0.00032500000000000004,4.575e-06,3.2500000000000004,45.75,0.05866469201514956,8.485812069685824e+16
p2_bulk_nta_1e18_common_primary,NTA 1e18 common-primary state,top_primary,interface_4x,T03_P2_BULK_TRAPS_FORMAL,enabled_symmetric_teaching_top_stack,0.0,0.01,0.0,0.3,channel,0.00032500000000000004,4.65e-06,3.2500000000000004,46.50000000000001,0.06055559126734044,9.129754905778349e+16
p2_bulk_nta_1e18_common_primary,NTA 1e18 common-primary state,top_primary,interface_4x,T03_P2_BULK_TRAPS_FORMAL,enabled_symmetric_teaching_top_stack,0.0,0.01,0.0,0.3,channel,0.00032500000000000004,4.7250000000000005e-06,3.2500000000000004,47.25000000000001,0.06255021817029781,9.862053993791725e+16
p2_bulk_nta_1e18_common_primary,NTA 1e18 common-primary state,top_primary,interface_4x,T03_P2_BULK_TRAPS_FORMAL,enabled_symmetric_teaching_top_stack,0.0,0.01,0.0,0.3,channel,0.00032500000000000004,4.8e-06,3.2500000000000004,48.0,0.06465653675020597,1.0699216378273795e+17
p2_bulk_nta_1e18_common_primary,NTA 1e18 common-primary state,top_primary,interface_4x,T03_P2_BULK_TRAPS_FORMAL,enabled_symmetric_teaching_top_stack,0.0,0.01,0.0,0.3,channel,0.00032500000000000004,4.875e-06,3.2500000000000004,48.75,0.06688361928455878,1.1661792523746478e+17
p2_bulk_nta_1e18_common_primary,NTA 1e18 common-primary state,top_primary,interface_4x,T03_P2_BULK_TRAPS_FORMAL,enabled_symmetric_teaching_top_stack,0.0,0.01,0.0,0.3,channel,0.00032500000000000004,4.95e-06,3.2500000000000004,49.5,0.06924186016069327,1.2775620825016805e+17
p2_bulk_nta_1e18_common_primary,NTA 1e18 common-primary state,top_primary,interface_4x,T03_P2_BULK_TRAPS_FORMAL,enabled_symmetric_teaching_top_stack,0.0,0.01,0.0,0.3,channel,0.00032500000000000004,5.025e-06,3.2500000000000004,50.25,0.07174324434319412,1.4073542158977667e+17
p2_bulk_nta_1e18_common_primary,NTA 1e18 common-primary state,top_primary,interface_4x,T03_P2_BULK_TRAPS_FORMAL,enabled_symmetric_teaching_top_stack,0.0,0.01,0.0,0.3,channel,0.00032500000000000004,5.1e-06,3.2500000000000004,51.0,0.0744016880746906,1.5597798568725942e+17
p2_bulk_nta_1e18_common_primary,NTA 1e18 common-primary state,top_primary,interface_4x,T03_P2_BULK_TRAPS_FORMAL,enabled_symmetric_teaching_top_stack,0.0,0.01,0.0,0.3,channel,0.00032500000000000004,5.1750000000000004e-06,3.2500000000000004,51.75000000000001,0.07723347644600893,1.7403446334940035e+17
p2_bulk_nta_1e18_common_primary,NTA 1e18 common-primary state,top_primary,interface_4x,T03_P2_BULK_TRAPS_FORMAL,enabled_symmetric_teaching_top_stack,0.0,0.01,0.0,0.3,channel,0.00032500000000000004,5.2500000000000006e-06,3.2500000000000004,52.50000000000001,0.08025783286078965,1.9563304288851683e+17
p2_bulk_nta_1e18_common_primary,NTA 1e18 common-primary state,top_primary,interface_4x,T03_P2_BULK_TRAPS_FORMAL,enabled_symmetric_teaching_top_stack,0.0,0.01,0.0,0.3,channel,0.00032500000000000004,5.325e-06,3.2500000000000004,53.25,0.08349767113301611,2.2175279249080227e+17
p2_bulk_nta_1e18_common_primary,NTA 1e18 common-primary state,top_primary,interface_4x,T03_P2_BULK_TRAPS_FORMAL,enabled_symmetric_teaching_top_stack,0.0,0.01,0.0,0.3,channel,0.00032500000000000004,5.4e-06,3.2500000000000004,54.0,0.08698060527046958,2.5373467179281213e+17
p2_bulk_nta_1e18_common_primary,NTA 1e18 common-primary state,top_primary,interface_4x,T03_P2_BULK_TRAPS_FORMAL,enabled_symmetric_teaching_top_stack,0.0,0.01,0.0,0.3,channel,0.00035,3e-06,3.5,30.0,0.0351672762345197,3.3906802352539604e+16
p2_bulk_nta_1e18_common_primary,NTA 1e18 common-primary state,top_primary,interface_4x,T03_P2_BULK_TRAPS_FORMAL,enabled_symmetric_teaching_top_stack,0.0,0.01,0.0,0.3,channel,0.00035,3.075e-06,3.5,30.750000000000004,0.035784965519519416,3.472670341717955e+16
p2_bulk_nta_1e18_common_primary,NTA 1e18 common-primary state,top_primary,interface_4x,T03_P2_BULK_TRAPS_FORMAL,enabled_symmetric_teaching_top_stack,0.0,0.01,0.0,0.3,channel,0.00035,3.1500000000000003e-06,3.5,31.500000000000004,0.03644329743254422,3.562238944673879e+16
p2_bulk_nta_1e18_common_primary,NTA 1e18 common-primary state,top_primary,interface_4x,T03_P2_BULK_TRAPS_FORMAL,enabled_symmetric_teaching_top_stack,0.0,0.01,0.0,0.3,channel,0.00035,3.225e-06,3.5,32.25,0.03714330915781804,3.6600138317753144e+16
p2_bulk_nta_1e18_common_primary,NTA 1e18 common-primary state,top_primary,interface_4x,T03_P2_BULK_TRAPS_FORMAL,enabled_symmetric_teaching_top_stack,0.0,0.01,0.0,0.3,channel,0.00035,3.3e-06,3.5,33.0,0.037886130424793815,3.766704705867747e+16
p2_bulk_nta_1e18_common_primary,NTA 1e18 common-primary state,top_primary,interface_4x,T03_P2_BULK_TRAPS_FORMAL,enabled_symmetric_teaching_top_stack,0.0,0.01,0.0,0.3,channel,0.00035,3.3750000000000003e-06,3.5,33.75,0.038672991157573125,3.8831150046523544e+16
p2_bulk_nta_1e18_common_primary,NTA 1e18 common-primary state,top_primary,interface_4x,T03_P2_BULK_TRAPS_FORMAL,enabled_symmetric_teaching_top_stack,0.0,0.01,0.0,0.3,channel,0.00035,3.45e-06,3.5,34.5,0.039505230121056716,4.0101558583200504e+16
p2_bulk_nta_1e18_common_primary,NTA 1e18 common-primary state,top_primary,interface_4x,T03_P2_BULK_TRAPS_FORMAL,enabled_symmetric_teaching_top_stack,0.0,0.01,0.0,0.3,channel,0.00035,3.525e-06,3.5,35.25,0.040384304710325246,4.148862627579723e+16
p2_bulk_nta_1e18_common_primary,NTA 1e18 common-primary state,top_primary,interface_4x,T03_P2_BULK_TRAPS_FORMAL,enabled_symmetric_teaching_top_stack,0.0,0.01,0.0,0.3,channel,0.00035,3.6000000000000003e-06,3.5,36.0,0.04131180205665054,4.3004145711837096e+16
p2_bulk_nta_1e18_common_primary,NTA 1e18 common-primary state,top_primary,interface_4x,T03_P2_BULK_TRAPS_FORMAL,enabled_symmetric_teaching_top_stack,0.0,0.01,0.0,0.3,channel,0.00035,3.6750000000000004e-06,3.5,36.75000000000001,0.04228945165613255,4.466158327937335e+16
p2_bulk_nta_1e18_common_primary,NTA 1e18 common-primary state,top_primary,interface_4x,T03_P2_BULK_TRAPS_FORMAL,enabled_symmetric_teaching_top_stack,0.0,0.01,0.0,0.3,channel,0.00035,3.7500000000000005e-06,3.5,37.50000000000001,0.043319139766649514,4.647636072318811e+16
p2_bulk_nta_1e18_common_primary,NTA 1e18 common-primary state,top_primary,interface_4x,T03_P2_BULK_TRAPS_FORMAL,enabled_symmetric_teaching_top_stack,0.0,0.01,0.0,0.3,channel,0.00035,3.825000000000001e-06,3.5,38.25000000000001,0.0444029258673965,4.846619427426719e+16
p2_bulk_nta_1e18_common_primary,NTA 1e18 common-primary state,top_primary,interface_4x,T03_P2_BULK_TRAPS_FORMAL,enabled_symmetric_teaching_top_stack,0.0,0.01,0.0,0.3,channel,0.00035,3.9e-06,3.5,39.0,0.045543061535087984,5.0651505105729704e+16
p2_bulk_nta_1e18_common_primary,NTA 1e18 common-primary state,top_primary,interface_4x,T03_P2_BULK_TRAPS_FORMAL,enabled_symmetric_teaching_top_stack,0.0,0.01,0.0,0.3,channel,0.00035,3.975e-06,3.5,39.75,0.04674201216492049,5.30559186811291e+16
p2_bulk_nta_1e18_common_primary,NTA 1e18 common-primary state,top_primary,interface_4x,T03_P2_BULK_TRAPS_FORMAL,enabled_symmetric_teaching_top_stack,0.0,0.01,0.0,0.3,channel,0.00035,4.05e-06,3.5,40.5,0.048002482056560165,5.570687558333516e+16
p2_bulk_nta_1e18_common_primary,NTA 1e18 common-primary state,top_primary,interface_4x,T03_P2_BULK_TRAPS_FORMAL,enabled_symmetric_teaching_top_stack,0.0,0.01,0.0,0.3,channel,0.00035,4.125e-06,3.5,41.25,0.04932744350091113,5.86363830797346e+16
p2_bulk_nta_1e18_common_primary,NTA 1e18 common-primary state,top_primary,interface_4x,T03_P2_BULK_TRAPS_FORMAL,enabled_symmetric_teaching_top_stack,0.0,0.01,0.0,0.3,channel,0.00035,4.2000000000000004e-06,3.5,42.00000000000001,0.050720170649095675,6.188194560477982e+16
p2_bulk_nta_1e18_common_primary,NTA 1e18 common-primary state,top_primary,interface_4x,T03_P2_BULK_TRAPS_FORMAL,enabled_symmetric_teaching_top_stack,0.0,0.01,0.0,0.3,channel,0.00035,4.2750000000000006e-06,3.5,42.75000000000001,0.05218427913011878,6.548772439381856e+16
p2_bulk_nta_1e18_common_primary,NTA 1e18 common-primary state,top_primary,interface_4x,T03_P2_BULK_TRAPS_FORMAL,enabled_symmetric_teaching_top_stack,0.0,0.01,0.0,0.3,channel,0.00035,4.350000000000001e-06,3.5,43.50000000000001,0.05372377262048967,6.95059929310793e+16
p2_bulk_nta_1e18_common_primary,NTA 1e18 common-primary state,top_primary,interface_4x,T03_P2_BULK_TRAPS_FORMAL,enabled_symmetric_teaching_top_stack,0.0,0.01,0.0,0.3,channel,0.00035,4.425e-06,3.5,44.25,0.05534309787451252,7.399897749180582e+16
p2_bulk_nta_1e18_common_primary,NTA 1e18 common-primary state,top_primary,interface_4x,T03_P2_BULK_TRAPS_FORMAL,enabled_symmetric_teaching_top_stack,0.0,0.01,0.0,0.3,channel,0.00035,4.5e-06,3.5,45.0,0.05704721012126549,7.904120352602314e+16
p2_bulk_nta_1e18_common_primary,NTA 1e18 common-primary state,top_primary,interface_4x,T03_P2_BULK_TRAPS_FORMAL,enabled_symmetric_teaching_top_stack,0.0,0.01,0.0,0.3,channel,0.00035,4.575e-06,3.5,45.75,0.05884165125575881,8.472251291081845e+16
p2_bulk_nta_1e18_common_primary,NTA 1e18 common-primary state,top_primary,interface_4x,T03_P2_BULK_TRAPS_FORMAL,enabled_symmetric_teaching_top_stack,0.0,0.01,0.0,0.3,channel,0.00035,4.65e-06,3.5,46.50000000000001,0.060732643942824543,9.115198016594531e+16
p2_bulk_nta_1e18_common_primary,NTA 1e18 common-primary state,top_primary,interface_4x,T03_P2_BULK_TRAPS_FORMAL,enabled_symmetric_teaching_top_stack,0.0,0.01,0.0,0.3,channel,0.00035,4.7250000000000005e-06,3.5,47.25000000000001,0.06272720567760363,9.846304673446794e+16
p2_bulk_nta_1e18_common_primary,NTA 1e18 common-primary state,top_primary,interface_4x,T03_P2_BULK_TRAPS_FORMAL,enabled_symmetric_teaching_top_stack,0.0,0.01,0.0,0.3,channel,0.00035,4.8e-06,3.5,48.0,0.06483328809932186,1.068203256096226e+17
p2_bulk_nta_1e18_common_primary,NTA 1e18 common-primary state,top_primary,interface_4x,T03_P2_BULK_TRAPS_FORMAL,enabled_symmetric_teaching_top_stack,0.0,0.01,0.0,0.3,channel,0.00035,4.875e-06,3.5,48.75,0.06705994857178911,1.1642872646297528e+17
p2_bulk_nta_1e18_common_primary,NTA 1e18 common-primary state,top_primary,interface_4x,T03_P2_BULK_TRAPS_FORMAL,enabled_symmetric_teaching_top_stack,0.0,0.01,0.0,0.3,channel,0.00035,4.95e-06,3.5,49.5,0.06941756342727946,1.2754585029886758e+17
p2_bulk_nta_1e18_common_primary,NTA 1e18 common-primary state,top_primary,interface_4x,T03_P2_BULK_TRAPS_FORMAL,enabled_symmetric_teaching_top_stack,0.0,0.01,0.0,0.3,channel,0.00035,5.025e-06,3.5,50.25,0.07191809562595436,1.4049906222424002e+17
p2_bulk_nta_1e18_common_primary,NTA 1e18 common-primary state,top_primary,interface_4x,T03_P2_BULK_TRAPS_FORMAL,enabled_symmetric_teaching_top_stack,0.0,0.01,0.0,0.3,channel,0.00035,5.1e-06,3.5,51.0,0.07457543438076443,1.5570937152529546e+17
p2_bulk_nta_1e18_common_primary,NTA 1e18 common-primary state,top_primary,interface_4x,T03_P2_BULK_TRAPS_FORMAL,enabled_symmetric_teaching_top_stack,0.0,0.01,0.0,0.3,channel,0.00035,5.1750000000000004e-06,3.5,51.75000000000001,0.07740583127440685,1.7372540262977683e+17
p2_bulk_nta_1e18_common_primary,NTA 1e18 common-primary state,top_primary,interface_4x,T03_P2_BULK_TRAPS_FORMAL,enabled_symmetric_teaching_top_stack,0.0,0.01,0.0,0.3,channel,0.00035,5.2500000000000006e-06,3.5,52.50000000000001,0.08042846772988067,1.9527263401553315e+17
p2_bulk_nta_1e18_common_primary,NTA 1e18 common-primary state,top_primary,interface_4x,T03_P2_BULK_TRAPS_FORMAL,enabled_symmetric_teaching_top_stack,0.0,0.01,0.0,0.3,channel,0.00035,5.325e-06,3.5,53.25,0.0836662043231958,2.213262701904254e+17
p2_bulk_nta_1e18_common_primary,NTA 1e18 common-primary state,top_primary,interface_4x,T03_P2_BULK_TRAPS_FORMAL,enabled_symmetric_teaching_top_stack,0.0,0.01,0.0,0.3,channel,0.00035,5.4e-06,3.5,54.0,0.08714658660023002,2.5322163828123846e+17
p2_bulk_nta_1e18_common_primary,NTA 1e18 common-primary state,top_primary,interface_4x,T03_P2_BULK_TRAPS_FORMAL,enabled_symmetric_teaching_top_stack,0.0,0.01,0.0,0.3,channel,0.000375,3e-06,3.75,30.0,0.03531511168378855,3.38139798594662e+16
p2_bulk_nta_1e18_common_primary,NTA 1e18 common-primary state,top_primary,interface_4x,T03_P2_BULK_TRAPS_FORMAL,enabled_symmetric_teaching_top_stack,0.0,0.01,0.0,0.3,channel,0.000375,3.075e-06,3.75,30.750000000000004,0.03593526025391246,3.463493102490023e+16
p2_bulk_nta_1e18_common_primary,NTA 1e18 common-primary state,top_primary,interface_4x,T03_P2_BULK_TRAPS_FORMAL,enabled_symmetric_teaching_top_stack,0.0,0.01,0.0,0.3,channel,0.000375,3.1500000000000003e-06,3.75,31.500000000000004,0.03659594505505604,3.5531483728886972e+16
p2_bulk_nta_1e18_common_primary,NTA 1e18 common-primary state,top_primary,interface_4x,T03_P2_BULK_TRAPS_FORMAL,enabled_symmetric_teaching_top_stack,0.0,0.01,0.0,0.3,channel,0.000375,3.225e-06,3.75,32.25,0.03729820450244827,3.6509911701194936e+16
p2_bulk_nta_1e18_common_primary,NTA 1e18 common-primary state,top_primary,interface_4x,T03_P2_BULK_TRAPS_FORMAL,enabled_symmetric_teaching_top_stack,0.0,0.01,0.0,0.3,channel,0.000375,3.3e-06,3.75,33.0,0.03804316934566008,3.757730597694433e+16
p2_bulk_nta_1e18_common_primary,NTA 1e18 common-primary state,top_primary,interface_4x,T03_P2_BULK_TRAPS_FORMAL,enabled_symmetric_teaching_top_stack,0.0,0.01,0.0,0.3,channel,0.000375,3.3750000000000003e-06,3.75,33.75,0.03883207031204131,3.874169287415665e+16
p2_bulk_nta_1e18_common_primary,NTA 1e18 common-primary state,top_primary,interface_4x,T03_P2_BULK_TRAPS_FORMAL,enabled_symmetric_teaching_top_stack,0.0,0.01,0.0,0.3,channel,0.000375,3.45e-06,3.75,34.5,0.039666246744696536,4.001217329616768e+16
p2_bulk_nta_1e18_common_primary,NTA 1e18 common-primary state,top_primary,interface_4x,T03_P2_BULK_TRAPS_FORMAL,enabled_symmetric_teaching_top_stack,0.0,0.01,0.0,0.3,channel,0.000375,3.525e-06,3.75,35.25,0.040547156381214464,4.1399087771181736e+16
p2_bulk_nta_1e18_common_primary,NTA 1e18 common-primary state,top_primary,interface_4x,T03_P2_BULK_TRAPS_FORMAL,enabled_symmetric_teaching_top_stack,0.0,0.01,0.0,0.3,channel,0.000375,3.6000000000000003e-06,3.75,36.0,0.04147638644619763,4.291421270468486e+16
p2_bulk_nta_1e18_common_primary,NTA 1e18 common-primary state,top_primary,interface_4x,T03_P2_BULK_TRAPS_FORMAL,enabled_symmetric_teaching_top_stack,0.0,0.01,0.0,0.3,channel,0.000375,3.6750000000000004e-06,3.75,36.75000000000001,0.04245566626314873,4.45709946749129e+16
p2_bulk_nta_1e18_common_primary,NTA 1e18 common-primary state,top_primary,interface_4x,T03_P2_BULK_TRAPS_FORMAL,enabled_symmetric_teaching_top_stack,0.0,0.01,0.0,0.3,channel,0.000375,3.7500000000000005e-06,3.75,37.50000000000001,0.04348688163085636,4.6384831337251224e+16
p2_bulk_nta_1e18_common_primary,NTA 1e18 common-primary state,top_primary,interface_4x,T03_P2_BULK_TRAPS_FORMAL,enabled_symmetric_teaching_top_stack,0.0,0.01,0.0,0.3,channel,0.000375,3.825000000000001e-06,3.75,38.25000000000001,0.04457209125787925,4.837340974180369e+16
p2_bulk_nta_1e18_common_primary,NTA 1e18 common-primary state,top_primary,interface_4x,T03_P2_BULK_TRAPS_FORMAL,enabled_symmetric_teaching_top_stack,0.0,0.01,0.0,0.3,channel,0.000375,3.9e-06,3.75,39.0,0.04571354560836272,5.055711577432635e+16
p2_bulk_nta_1e18_common_primary,NTA 1e18 common-primary state,top_primary,interface_4x,T03_P2_BULK_TRAPS_FORMAL,enabled_symmetric_teaching_top_stack,0.0,0.01,0.0,0.3,channel,0.000375,3.975e-06,3.75,39.75,0.04691370858623139,5.295953222997259e+16
p2_bulk_nta_1e18_common_primary,NTA 1e18 common-primary state,top_primary,interface_4x,T03_P2_BULK_TRAPS_FORMAL,enabled_symmetric_teaching_top_stack,0.0,0.01,0.0,0.3,channel,0.000375,4.05e-06,3.75,40.5,0.04817528257670281,5.560804803333698e+16
p2_bulk_nta_1e18_common_primary,NTA 1e18 common-primary state,top_primary,interface_4x,T03_P2_BULK_TRAPS_FORMAL,enabled_symmetric_teaching_top_stack,0.0,0.01,0.0,0.3,channel,0.000375,4.125e-06,3.75,41.25,0.049501237479212916,5.853460776089379e+16
p2_bulk_nta_1e18_common_primary,NTA 1e18 common-primary state,top_primary,interface_4x,T03_P2_BULK_TRAPS_FORMAL,enabled_symmetric_teaching_top_stack,0.0,0.01,0.0,0.3,channel,0.000375,4.2000000000000004e-06,3.75,42.00000000000001,0.05089484451107101,6.177663951288116e+16
p2_bulk_nta_1e18_common_primary,NTA 1e18 common-primary state,top_primary,interface_4x,T03_P2_BULK_TRAPS_FORMAL,enabled_symmetric_teaching_top_stack,0.0,0.01,0.0,0.3,channel,0.000375,4.2750000000000006e-06,3.75,42.75000000000001,0.05235971574561887,6.5378211186808856e+16
p2_bulk_nta_1e18_common_primary,NTA 1e18 common-primary state,top_primary,interface_4x,T03_P2_BULK_TRAPS_FORMAL,enabled_symmetric_teaching_top_stack,0.0,0.01,0.0,0.3,channel,0.000375,4.350000000000001e-06,3.75,43.50000000000001,0.0538998505846958,6.939148156654595e+16
p2_bulk_nta_1e18_common_primary,NTA 1e18 common-primary state,top_primary,interface_4x,T03_P2_BULK_TRAPS_FORMAL,enabled_symmetric_teaching_top_stack,0.0,0.01,0.0,0.3,channel,0.000375,4.425e-06,3.75,44.25,0.055519690669623305,7.387853516260243e+16
p2_bulk_nta_1e18_common_primary,NTA 1e18 common-primary state,top_primary,interface_4x,T03_P2_BULK_TRAPS_FORMAL,enabled_symmetric_teaching_top_stack,0.0,0.01,0.0,0.3,channel,0.000375,4.5e-06,3.75,45.0,0.05722418513084847,7.89137210694353e+16
p2_bulk_nta_1e18_common_primary,NTA 1e18 common-primary state,top_primary,interface_4x,T03_P2_BULK_TRAPS_FORMAL,enabled_symmetric_teaching_top_stack,0.0,0.01,0.0,0.3,channel,0.000375,4.575e-06,3.75,45.75,0.05901886859598076,8.458666018513557e+16
p2_bulk_nta_1e18_common_primary,NTA 1e18 common-primary state,top_primary,interface_4x,T03_P2_BULK_TRAPS_FORMAL,enabled_symmetric_teaching_top_stack,0.0,0.01,0.0,0.3,channel,0.000375,4.65e-06,3.75,46.50000000000001,0.06090995506444433,9.100614791182627e+16
p2_bulk_nta_1e18_common_primary,NTA 1e18 common-primary state,top_primary,interface_4x,T03_P2_BULK_TRAPS_FORMAL,enabled_symmetric_teaching_top_stack,0.0,0.01,0.0,0.3,channel,0.000375,4.7250000000000005e-06,3.75,47.25000000000001,0.06290445167870494,9.830527002046933e+16
p2_bulk_nta_1e18_common_primary,NTA 1e18 common-primary state,top_primary,interface_4x,T03_P2_BULK_TRAPS_FORMAL,enabled_symmetric_teaching_top_stack,0.0,0.01,0.0,0.3,channel,0.000375,4.8e-06,3.75,48.0,0.06501029766982823,1.0664818187193469e+17
p2_bulk_nta_1e18_common_primary,NTA 1e18 common-primary state,top_primary,interface_4x,T03_P2_BULK_TRAPS_FORMAL,enabled_symmetric_teaching_top_stack,0.0,0.01,0.0,0.3,channel,0.000375,4.875e-06,3.75,48.75,0.06723653546470093,1.1623919802225102e+17
p2_bulk_nta_1e18_common_primary,NTA 1e18 common-primary state,top_primary,interface_4x,T03_P2_BULK_TRAPS_FORMAL,enabled_symmetric_teaching_top_stack,0.0,0.01,0.0,0.3,channel,0.000375,4.95e-06,3.75,49.5,0.06959352331510127,1.2733513647600776e+17
p2_bulk_nta_1e18_common_primary,NTA 1e18 common-primary state,top_primary,interface_4x,T03_P2_BULK_TRAPS_FORMAL,enabled_symmetric_teaching_top_stack,0.0,0.01,0.0,0.3,channel,0.000375,5.025e-06,3.75,50.25,0.07209320214907042,1.4026231879253277e+17
p2_bulk_nta_1e18_common_primary,NTA 1e18 common-primary state,top_primary,interface_4x,T03_P2_BULK_TRAPS_FORMAL,enabled_symmetric_teaching_top_stack,0.0,0.01,0.0,0.3,channel,0.000375,5.1e-06,3.75,51.0,0.07474943412002126,1.5544034354768013e+17
p2_bulk_nta_1e18_common_primary,NTA 1e18 common-primary state,top_primary,interface_4x,T03_P2_BULK_TRAPS_FORMAL,enabled_symmetric_teaching_top_stack,0.0,0.01,0.0,0.3,channel,0.000375,5.1750000000000004e-06,3.75,51.75000000000001,0.0775784372709271,1.7341589781075334e+17
p2_bulk_nta_1e18_common_primary,NTA 1e18 common-primary state,top_primary,interface_4x,T03_P2_BULK_TRAPS_FORMAL,enabled_symmetric_teaching_top_stack,0.0,0.01,0.0,0.3,channel,0.000375,5.2500000000000006e-06,3.75,52.50000000000001,0.08059935101183743,1.9491175231045085e+17
p2_bulk_nta_1e18_common_primary,NTA 1e18 common-primary state,top_primary,interface_4x,T03_P2_BULK_TRAPS_FORMAL,enabled_symmetric_teaching_top_stack,0.0,0.01,0.0,0.3,channel,0.000375,5.325e-06,3.75,53.25,0.08383498264987257,2.2089925190088934e+17
p2_bulk_nta_1e18_common_primary,NTA 1e18 common-primary state,top_primary,interface_4x,T03_P2_BULK_TRAPS_FORMAL,enabled_symmetric_teaching_top_stack,0.0,0.01,0.0,0.3,channel,0.000375,5.4e-06,3.75,54.0,0.0873128092435626,2.5270809879600298e+17
p2_bulk_nta_1e18_common_primary,NTA 1e18 common-primary state,top_primary,interface_4x,T03_P2_BULK_TRAPS_FORMAL,enabled_symmetric_teaching_top_stack,0.0,0.01,0.0,0.3,channel,0.0004,3e-06,4.0,30.0,0.03546315515551015,3.372115950320339e+16
p2_bulk_nta_1e18_common_primary,NTA 1e18 common-primary state,top_primary,interface_4x,T03_P2_BULK_TRAPS_FORMAL,enabled_symmetric_teaching_top_stack,0.0,0.01,0.0,0.3,channel,0.0004,3.075e-06,4.0,30.750000000000004,0.036085766535628894,3.4543147755782132e+16
p2_bulk_nta_1e18_common_primary,NTA 1e18 common-primary state,top_primary,interface_4x,T03_P2_BULK_TRAPS_FORMAL,enabled_symmetric_teaching_top_stack,0.0,0.01,0.0,0.3,channel,0.0004,3.1500000000000003e-06,4.0,31.500000000000004,0.03674880771320002,3.5440554790550284e+16
p2_bulk_nta_1e18_common_primary,NTA 1e18 common-primary state,top_primary,interface_4x,T03_P2_BULK_TRAPS_FORMAL,enabled_symmetric_teaching_top_stack,0.0,0.01,0.0,0.3,channel,0.0004,3.225e-06,4.0,32.25,0.037453318321636224,3.641965010029498e+16
p2_bulk_nta_1e18_common_primary,NTA 1e18 common-primary state,top_primary,interface_4x,T03_P2_BULK_TRAPS_FORMAL,enabled_symmetric_teaching_top_stack,0.0,0.01,0.0,0.3,channel,0.0004,3.3e-06,4.0,33.0,0.03820043011842706,3.7487518640740936e+16
p2_bulk_nta_1e18_common_primary,NTA 1e18 common-primary state,top_primary,interface_4x,T03_P2_BULK_TRAPS_FORMAL,enabled_symmetric_teaching_top_stack,0.0,0.01,0.0,0.3,channel,0.0004,3.3750000000000003e-06,4.0,33.75,0.03899137462250029,3.8652178588041864e+16
p2_bulk_nta_1e18_common_primary,NTA 1e18 common-primary state,top_primary,interface_4x,T03_P2_BULK_TRAPS_FORMAL,enabled_symmetric_teaching_top_stack,0.0,0.01,0.0,0.3,channel,0.0004,3.45e-06,4.0,34.5,0.03982749174393323,3.992272036631539e+16
p2_bulk_nta_1e18_common_primary,NTA 1e18 common-primary state,top_primary,interface_4x,T03_P2_BULK_TRAPS_FORMAL,enabled_symmetric_teaching_top_stack,0.0,0.01,0.0,0.3,channel,0.0004,3.525e-06,4.0,35.25,0.04071023955194378,4.130947134552201e+16
p2_bulk_nta_1e18_common_primary,NTA 1e18 common-primary state,top_primary,interface_4x,T03_P2_BULK_TRAPS_FORMAL,enabled_symmetric_teaching_top_stack,0.0,0.01,0.0,0.3,channel,0.0004,3.6000000000000003e-06,4.0,36.0,0.041641205353852934,4.282419167007726e+16
p2_bulk_nta_1e18_common_primary,NTA 1e18 common-primary state,top_primary,interface_4x,T03_P2_BULK_TRAPS_FORMAL,enabled_symmetric_teaching_top_stack,0.0,0.01,0.0,0.3,channel,0.0004,3.6750000000000004e-06,4.0,36.75000000000001,0.04262211829013513,4.4480308028705096e+16
p2_bulk_nta_1e18_common_primary,NTA 1e18 common-primary state,top_primary,interface_4x,T03_P2_BULK_TRAPS_FORMAL,enabled_symmetric_teaching_top_stack,0.0,0.01,0.0,0.3,channel,0.0004,3.7500000000000005e-06,4.0,37.50000000000001,0.0436548636901538,4.629319390600705e+16
p2_bulk_nta_1e18_common_primary,NTA 1e18 common-primary state,top_primary,interface_4x,T03_P2_BULK_TRAPS_FORMAL,enabled_symmetric_teaching_top_stack,0.0,0.01,0.0,0.3,channel,0.0004,3.825000000000001e-06,4.0,38.25000000000001,0.04474149948150374,4.828050708703539e+16
p2_bulk_nta_1e18_common_primary,NTA 1e18 common-primary state,top_primary,interface_4x,T03_P2_BULK_TRAPS_FORMAL,enabled_symmetric_teaching_top_stack,0.0,0.01,0.0,0.3,channel,0.0004,3.9e-06,4.0,39.0,0.04588427500535101,5.04625980820686e+16
p2_bulk_nta_1e18_common_primary,NTA 1e18 common-primary state,top_primary,interface_4x,T03_P2_BULK_TRAPS_FORMAL,enabled_symmetric_teaching_top_stack,0.0,0.01,0.0,0.3,channel,0.0004,3.975e-06,4.0,39.75,0.047085652663761225,5.2863006924555144e+16
p2_bulk_nta_1e18_common_primary,NTA 1e18 common-primary state,top_primary,interface_4x,T03_P2_BULK_TRAPS_FORMAL,enabled_symmetric_teaching_top_stack,0.0,0.01,0.0,0.3,channel,0.0004,4.05e-06,4.0,40.5,0.04834833291663943,5.550907078098593e+16
p2_bulk_nta_1e18_common_primary,NTA 1e18 common-primary state,top_primary,interface_4x,T03_P2_BULK_TRAPS_FORMAL,enabled_symmetric_teaching_top_stack,0.0,0.01,0.0,0.3,channel,0.0004,4.125e-06,4.0,41.25,0.04967528326070583,5.843267142915528e+16
p2_bulk_nta_1e18_common_primary,NTA 1e18 common-primary state,top_primary,interface_4x,T03_P2_BULK_TRAPS_FORMAL,enabled_symmetric_teaching_top_stack,0.0,0.01,0.0,0.3,channel,0.0004,4.2000000000000004e-06,4.0,42.00000000000001,0.05106977196771066,6.167116051790718e+16
p2_bulk_nta_1e18_common_primary,NTA 1e18 common-primary state,top_primary,interface_4x,T03_P2_BULK_TRAPS_FORMAL,enabled_symmetric_teaching_top_stack,0.0,0.01,0.0,0.3,channel,0.0004,4.2750000000000006e-06,4.0,42.75000000000001,0.05253540754296296,6.526851247884641e+16
p2_bulk_nta_1e18_common_primary,NTA 1e18 common-primary state,top_primary,interface_4x,T03_P2_BULK_TRAPS_FORMAL,enabled_symmetric_teaching_top_stack,0.0,0.01,0.0,0.3,channel,0.0004,4.350000000000001e-06,4.0,43.50000000000001,0.05407618510050283,6.927677125516207e+16
p2_bulk_nta_1e18_common_primary,NTA 1e18 common-primary state,top_primary,interface_4x,T03_P2_BULK_TRAPS_FORMAL,enabled_symmetric_teaching_top_stack,0.0,0.01,0.0,0.3,channel,0.0004,4.425e-06,4.0,44.25,0.0556965411546309,7.375787943899922e+16
p2_bulk_nta_1e18_common_primary,NTA 1e18 common-primary state,top_primary,interface_4x,T03_P2_BULK_TRAPS_FORMAL,enabled_symmetric_teaching_top_stack,0.0,0.01,0.0,0.3,channel,0.0004,4.5e-06,4.0,45.0,0.057401418722052754,7.878600960190992e+16
p2_bulk_nta_1e18_common_primary,NTA 1e18 common-primary state,top_primary,interface_4x,T03_P2_BULK_TRAPS_FORMAL,enabled_symmetric_teaching_top_stack,0.0,0.01,0.0,0.3,channel,0.0004,4.575e-06,4.0,45.75,0.059196345146616716,8.445056148281899e+16
p2_bulk_nta_1e18_common_primary,NTA 1e18 common-primary state,top_primary,interface_4x,T03_P2_BULK_TRAPS_FORMAL,enabled_symmetric_teaching_top_stack,0.0,0.01,0.0,0.3,channel,0.0004,4.65e-06,4.0,46.50000000000001,0.06108752574453706,9.086005117639221e+16
p2_bulk_nta_1e18_common_primary,NTA 1e18 common-primary state,top_primary,interface_4x,T03_P2_BULK_TRAPS_FORMAL,enabled_symmetric_teaching_top_stack,0.0,0.01,0.0,0.3,channel,0.0004,4.7250000000000005e-06,4.0,47.25000000000001,0.06308195728615865,9.814720858924662e+16
p2_bulk_nta_1e18_common_primary,NTA 1e18 common-primary state,top_primary,interface_4x,T03_P2_BULK_TRAPS_FORMAL,enabled_symmetric_teaching_top_stack,0.0,0.01,0.0,0.3,channel,0.0004,4.8e-06,4.0,48.0,0.065187566573092,1.0647573126954053e+17
p2_bulk_nta_1e18_common_primary,NTA 1e18 common-primary state,top_primary,interface_4x,T03_P2_BULK_TRAPS_FORMAL,enabled_symmetric_teaching_top_stack,0.0,0.01,0.0,0.3,channel,0.0004,4.875e-06,4.0,48.75,0.06741338107196199,1.1604933851586883e+17
p2_bulk_nta_1e18_common_primary,NTA 1e18 common-primary state,top_primary,interface_4x,T03_P2_BULK_TRAPS_FORMAL,enabled_symmetric_teaching_top_stack,0.0,0.01,0.0,0.3,channel,0.0004,4.95e-06,4.0,49.5,0.06976974092851199,1.2712406527738154e+17
p2_bulk_nta_1e18_common_primary,NTA 1e18 common-primary state,top_primary,interface_4x,T03_P2_BULK_TRAPS_FORMAL,enabled_symmetric_teaching_top_stack,0.0,0.01,0.0,0.3,channel,0.0004,5.025e-06,4.0,50.25,0.07226856501085377,1.4002518968106214e+17
p2_bulk_nta_1e18_common_primary,NTA 1e18 common-primary state,top_primary,interface_4x,T03_P2_BULK_TRAPS_FORMAL,enabled_symmetric_teaching_top_stack,0.0,0.01,0.0,0.3,channel,0.0004,5.1e-06,4.0,51.0,0.07492368838288604,1.5517090002858208e+17
p2_bulk_nta_1e18_common_primary,NTA 1e18 common-primary state,top_primary,interface_4x,T03_P2_BULK_TRAPS_FORMAL,enabled_symmetric_teaching_top_stack,0.0,0.01,0.0,0.3,channel,0.0004,5.1750000000000004e-06,4.0,51.75000000000001,0.07775129551614271,1.731059470544335e+17
p2_bulk_nta_1e18_common_primary,NTA 1e18 common-primary state,top_primary,interface_4x,T03_P2_BULK_TRAPS_FORMAL,enabled_symmetric_teaching_top_stack,0.0,0.01,0.0,0.3,channel,0.0004,5.2500000000000006e-06,4.0,52.50000000000001,0.08077048377529426,1.9455039582833254e+17
p2_bulk_nta_1e18_common_primary,NTA 1e18 common-primary state,top_primary,interface_4x,T03_P2_BULK_TRAPS_FORMAL,enabled_symmetric_teaching_top_stack,0.0,0.01,0.0,0.3,channel,0.0004,5.325e-06,4.0,53.25,0.08400400716753852,2.2047173558251462e+17
p2_bulk_nta_1e18_common_primary,NTA 1e18 common-primary state,top_primary,interface_4x,T03_P2_BULK_TRAPS_FORMAL,enabled_symmetric_teaching_top_stack,0.0,0.01,0.0,0.3,channel,0.0004,5.4e-06,4.0,54.0,0.08747927423850858,2.5219405122500915e+17
p2_bulk_nta_1e18_common_primary,NTA 1e18 common-primary state,top_primary,interface_4x,T03_P2_BULK_TRAPS_FORMAL,enabled_symmetric_teaching_top_stack,0.0,0.01,0.0,0.3,channel,0.00042500000000000003,3e-06,4.25,30.0,0.03561140754798729,3.362834120623115e+16
p2_bulk_nta_1e18_common_primary,NTA 1e18 common-primary state,top_primary,interface_4x,T03_P2_BULK_TRAPS_FORMAL,enabled_symmetric_teaching_top_stack,0.0,0.01,0.0,0.3,channel,0.00042500000000000003,3.075e-06,4.25,30.750000000000004,0.03623648527813957,3.4451353511144892e+16
p2_bulk_nta_1e18_common_primary,NTA 1e18 common-primary state,top_primary,interface_4x,T03_P2_BULK_TRAPS_FORMAL,enabled_symmetric_teaching_top_stack,0.0,0.01,0.0,0.3,channel,0.00042500000000000003,3.1500000000000003e-06,4.25,31.500000000000004,0.03690188633538521,3.534960250872214e+16
p2_bulk_nta_1e18_common_primary,NTA 1e18 common-primary state,top_primary,interface_4x,T03_P2_BULK_TRAPS_FORMAL,enabled_symmetric_teaching_top_stack,0.0,0.01,0.0,0.3,channel,0.00042500000000000003,3.225e-06,4.25,32.25,0.037608651558472476,3.632935336491355e+16
p2_bulk_nta_1e18_common_primary,NTA 1e18 common-primary state,top_primary,interface_4x,T03_P2_BULK_TRAPS_FORMAL,enabled_symmetric_teaching_top_stack,0.0,0.01,0.0,0.3,channel,0.00042500000000000003,3.3e-06,4.25,33.0,0.038357913700580594,3.739768487027474e+16
p2_bulk_nta_1e18_common_primary,NTA 1e18 common-primary state,top_primary,interface_4x,T03_P2_BULK_TRAPS_FORMAL,enabled_symmetric_teaching_top_stack,0.0,0.01,0.0,0.3,channel,0.00042500000000000003,3.3750000000000003e-06,4.25,33.75,0.03915090506051265,3.856260697643669e+16
p2_bulk_nta_1e18_common_primary,NTA 1e18 common-primary state,top_primary,interface_4x,T03_P2_BULK_TRAPS_FORMAL,enabled_symmetric_teaching_top_stack,0.0,0.01,0.0,0.3,channel,0.00042500000000000003,3.45e-06,4.25,34.5,0.039988966104053184,3.983319954781809e+16
p2_bulk_nta_1e18_common_primary,NTA 1e18 common-primary state,top_primary,interface_4x,T03_P2_BULK_TRAPS_FORMAL,enabled_symmetric_teaching_top_stack,0.0,0.01,0.0,0.3,channel,0.00042500000000000003,3.525e-06,4.25,35.25,0.040873555221133846,4.12197767168869e+16
p2_bulk_nta_1e18_common_primary,NTA 1e18 common-primary state,top_primary,interface_4x,T03_P2_BULK_TRAPS_FORMAL,enabled_symmetric_teaching_top_stack,0.0,0.01,0.0,0.3,channel,0.00042500000000000003,3.6000000000000003e-06,4.25,36.0,0.041806259791143115,4.273408228801591e+16
p2_bulk_nta_1e18_common_primary,NTA 1e18 common-primary state,top_primary,interface_4x,T03_P2_BULK_TRAPS_FORMAL,enabled_symmetric_teaching_top_stack,0.0,0.01,0.0,0.3,channel,0.00042500000000000003,3.6750000000000004e-06,4.25,36.75000000000001,0.042788808761055556,4.438952298073696e+16
p2_bulk_nta_1e18_common_primary,NTA 1e18 common-primary state,top_primary,interface_4x,T03_P2_BULK_TRAPS_FORMAL,enabled_symmetric_teaching_top_stack,0.0,0.01,0.0,0.3,channel,0.00042500000000000003,3.7500000000000005e-06,4.25,37.50000000000001,0.04382308698043126,4.620144802745067e+16
p2_bulk_nta_1e18_common_primary,NTA 1e18 common-primary state,top_primary,interface_4x,T03_P2_BULK_TRAPS_FORMAL,enabled_symmetric_teaching_top_stack,0.0,0.01,0.0,0.3,channel,0.00042500000000000003,3.825000000000001e-06,4.25,38.25000000000001,0.04491115158552882,4.818748586391538e+16
p2_bulk_nta_1e18_common_primary,NTA 1e18 common-primary state,top_primary,interface_4x,T03_P2_BULK_TRAPS_FORMAL,enabled_symmetric_teaching_top_stack,0.0,0.01,0.0,0.3,channel,0.00042500000000000003,3.9e-06,4.25,39.0,0.046055250784078156,5.036795153670307e+16
p2_bulk_nta_1e18_common_primary,NTA 1e18 common-primary state,top_primary,interface_4x,T03_P2_BULK_TRAPS_FORMAL,enabled_symmetric_teaching_top_stack,0.0,0.01,0.0,0.3,channel,0.00042500000000000003,3.975e-06,4.25,39.75,0.04725784546564973,5.276634222409697e+16
p2_bulk_nta_1e18_common_primary,NTA 1e18 common-primary state,top_primary,interface_4x,T03_P2_BULK_TRAPS_FORMAL,enabled_symmetric_teaching_top_stack,0.0,0.01,0.0,0.3,channel,0.00042500000000000003,4.05e-06,4.25,40.5,0.04852163415392066,5.540994323445958e+16
p2_bulk_nta_1e18_common_primary,NTA 1e18 common-primary state,top_primary,interface_4x,T03_P2_BULK_TRAPS_FORMAL,enabled_symmetric_teaching_top_stack,0.0,0.01,0.0,0.3,channel,0.00042500000000000003,4.125e-06,4.25,41.25,0.049849581931593764,5.833057343890091e+16
p2_bulk_nta_1e18_common_primary,NTA 1e18 common-primary state,top_primary,interface_4x,T03_P2_BULK_TRAPS_FORMAL,enabled_symmetric_teaching_top_stack,0.0,0.01,0.0,0.3,channel,0.00042500000000000003,4.2000000000000004e-06,4.25,42.00000000000001,0.05124495411305707,6.156550791741406e+16
p2_bulk_nta_1e18_common_primary,NTA 1e18 common-primary state,top_primary,interface_4x,T03_P2_BULK_TRAPS_FORMAL,enabled_symmetric_teaching_top_stack,0.0,0.01,0.0,0.3,channel,0.00042500000000000003,4.2750000000000006e-06,4.25,42.75000000000001,0.052711355623157104,6.515862750731603e+16
p2_bulk_nta_1e18_common_primary,NTA 1e18 common-primary state,top_primary,interface_4x,T03_P2_BULK_TRAPS_FORMAL,enabled_symmetric_teaching_top_stack,0.0,0.01,0.0,0.3,channel,0.00042500000000000003,4.350000000000001e-06,4.25,43.50000000000001,0.054252777274941655,6.916186117044352e+16
p2_bulk_nta_1e18_common_primary,NTA 1e18 common-primary state,top_primary,interface_4x,T03_P2_BULK_TRAPS_FORMAL,enabled_symmetric_teaching_top_stack,0.0,0.01,0.0,0.3,channel,0.00042500000000000003,4.425e-06,4.25,44.25,0.055873650441584495,7.363700942656245e+16
p2_bulk_nta_1e18_common_primary,NTA 1e18 common-primary state,top_primary,interface_4x,T03_P2_BULK_TRAPS_FORMAL,enabled_symmetric_teaching_top_stack,0.0,0.01,0.0,0.3,channel,0.00042500000000000003,4.5e-06,4.25,45.0,0.05757891201086717,7.865806815657768e+16
p2_bulk_nta_1e18_common_primary,NTA 1e18 common-primary state,top_primary,interface_4x,T03_P2_BULK_TRAPS_FORMAL,enabled_symmetric_teaching_top_stack,0.0,0.01,0.0,0.3,channel,0.00042500000000000003,4.575e-06,4.25,45.75,0.05937408202643948,8.43142157596654e+16
p2_bulk_nta_1e18_common_primary,NTA 1e18 common-primary state,top_primary,interface_4x,T03_P2_BULK_TRAPS_FORMAL,enabled_symmetric_teaching_top_stack,0.0,0.01,0.0,0.3,channel,0.00042500000000000003,4.65e-06,4.25,46.50000000000001,0.06126535710342166,9.07136888328123e+16
p2_bulk_nta_1e18_common_primary,NTA 1e18 common-primary state,top_primary,interface_4x,T03_P2_BULK_TRAPS_FORMAL,enabled_symmetric_teaching_top_stack,0.0,0.01,0.0,0.3,channel,0.00042500000000000003,4.7250000000000005e-06,4.25,47.25000000000001,0.0632597236205041,9.798886122570955e+16
p2_bulk_nta_1e18_common_primary,NTA 1e18 common-primary state,top_primary,interface_4x,T03_P2_BULK_TRAPS_FORMAL,enabled_symmetric_teaching_top_stack,0.0,0.01,0.0,0.3,channel,0.00042500000000000003,4.8e-06,4.25,48.0,0.06536509592845319,1.0630297249323707e+17
p2_bulk_nta_1e18_common_primary,NTA 1e18 common-primary state,top_primary,interface_4x,T03_P2_BULK_TRAPS_FORMAL,enabled_symmetric_teaching_top_stack,0.0,0.01,0.0,0.3,channel,0.00042500000000000003,4.875e-06,4.25,48.75,0.06759048651019282,1.1585914653464878e+17
p2_bulk_nta_1e18_common_primary,NTA 1e18 common-primary state,top_primary,interface_4x,T03_P2_BULK_TRAPS_FORMAL,enabled_symmetric_teaching_top_stack,0.0,0.01,0.0,0.3,channel,0.00042500000000000003,4.95e-06,4.25,49.5,0.06994621737978586,1.2691263518830787e+17
p2_bulk_nta_1e18_common_primary,NTA 1e18 common-primary state,top_primary,interface_4x,T03_P2_BULK_TRAPS_FORMAL,enabled_symmetric_teaching_top_stack,0.0,0.01,0.0,0.3,channel,0.00042500000000000003,5.025e-06,4.25,50.25,0.07244418531749267,1.3978767326502072e+17
p2_bulk_nta_1e18_common_primary,NTA 1e18 common-primary state,top_primary,interface_4x,T03_P2_BULK_TRAPS_FORMAL,enabled_symmetric_teaching_top_stack,0.0,0.01,0.0,0.3,channel,0.00042500000000000003,5.1e-06,4.25,51.0,0.07509819826760321,1.5490103923020243e+17
p2_bulk_nta_1e18_common_primary,NTA 1e18 common-primary state,top_primary,interface_4x,T03_P2_BULK_TRAPS_FORMAL,enabled_symmetric_teaching_top_stack,0.0,0.01,0.0,0.3,channel,0.00042500000000000003,5.1750000000000004e-06,4.25,51.75000000000001,0.07792440709837478,1.7279554851020534e+17
p2_bulk_nta_1e18_common_primary,NTA 1e18 common-primary state,top_primary,interface_4x,T03_P2_BULK_TRAPS_FORMAL,enabled_symmetric_teaching_top_stack,0.0,0.01,0.0,0.3,channel,0.00042500000000000003,5.2500000000000006e-06,4.25,52.50000000000001,0.08094186709654748,1.941885626108072e+17
p2_bulk_nta_1e18_common_primary,NTA 1e18 common-primary state,top_primary,interface_4x,T03_P2_BULK_TRAPS_FORMAL,enabled_symmetric_teaching_top_stack,0.0,0.01,0.0,0.3,channel,0.00042500000000000003,5.325e-06,4.25,53.25,0.08417327893824599,2.2004371918153632e+17
p2_bulk_nta_1e18_common_primary,NTA 1e18 common-primary state,top_primary,interface_4x,T03_P2_BULK_TRAPS_FORMAL,enabled_symmetric_teaching_top_stack,0.0,0.01,0.0,0.3,channel,0.00042500000000000003,5.4e-06,4.25,54.0,0.08764598263055137,2.5167949344153635e+17
p2_bulk_nta_1e18_common_primary,NTA 1e18 common-primary state,top_primary,interface_4x,T03_P2_BULK_TRAPS_FORMAL,enabled_symmetric_teaching_top_stack,0.0,0.01,0.0,0.3,channel,0.00045000000000000004,3e-06,4.5,30.0,0.03575986976600274,3.3535524890341536e+16
p2_bulk_nta_1e18_common_primary,NTA 1e18 common-primary state,top_primary,interface_4x,T03_P2_BULK_TRAPS_FORMAL,enabled_symmetric_teaching_top_stack,0.0,0.01,0.0,0.3,channel,0.00045000000000000004,3.075e-06,4.5,30.750000000000004,0.036387417401504606,3.435954819149173e+16
p2_bulk_nta_1e18_common_primary,NTA 1e18 common-primary state,top_primary,interface_4x,T03_P2_BULK_TRAPS_FORMAL,enabled_symmetric_teaching_top_stack,0.0,0.01,0.0,0.3,channel,0.00045000000000000004,3.1500000000000003e-06,4.5,31.500000000000004,0.037055181856717335,3.5258626759435736e+16
p2_bulk_nta_1e18_common_primary,NTA 1e18 common-primary state,top_primary,interface_4x,T03_P2_BULK_TRAPS_FORMAL,enabled_symmetric_teaching_top_stack,0.0,0.01,0.0,0.3,channel,0.00045000000000000004,3.225e-06,4.5,32.25,0.03776420516284965,3.623902134379115e+16
p2_bulk_nta_1e18_common_primary,NTA 1e18 common-primary state,top_primary,interface_4x,T03_P2_BULK_TRAPS_FORMAL,enabled_symmetric_teaching_top_stack,0.0,0.01,0.0,0.3,channel,0.00045000000000000004,3.3e-06,4.5,33.0,0.03851562105651164,3.730780448445755e+16
p2_bulk_nta_1e18_common_primary,NTA 1e18 common-primary state,top_primary,interface_4x,T03_P2_BULK_TRAPS_FORMAL,enabled_symmetric_teaching_top_stack,0.0,0.01,0.0,0.3,channel,0.00045000000000000004,3.3750000000000003e-06,4.5,33.75,0.03931066260464677,3.847297782611056e+16
p2_bulk_nta_1e18_common_primary,NTA 1e18 common-primary state,top_primary,interface_4x,T03_P2_BULK_TRAPS_FORMAL,enabled_symmetric_teaching_top_stack,0.0,0.01,0.0,0.3,channel,0.00045000000000000004,3.45e-06,4.5,34.5,0.04015067081744662,3.974361059315299e+16
p2_bulk_nta_1e18_common_primary,NTA 1e18 common-primary state,top_primary,interface_4x,T03_P2_BULK_TRAPS_FORMAL,enabled_symmetric_teaching_top_stack,0.0,0.01,0.0,0.3,channel,0.00045000000000000004,3.525e-06,4.5,35.25,0.04103710439460424,4.113000360142173e+16
p2_bulk_nta_1e18_common_primary,NTA 1e18 common-primary state,top_primary,interface_4x,T03_P2_BULK_TRAPS_FORMAL,enabled_symmetric_teaching_top_stack,0.0,0.01,0.0,0.3,channel,0.00045000000000000004,3.6000000000000003e-06,4.5,36.0,0.04197155077688577,4.2643884236335144e+16
p2_bulk_nta_1e18_common_primary,NTA 1e18 common-primary state,top_primary,interface_4x,T03_P2_BULK_TRAPS_FORMAL,enabled_symmetric_teaching_top_stack,0.0,0.01,0.0,0.3,channel,0.00045000000000000004,3.6750000000000004e-06,4.5,36.75000000000001,0.04295573870725332,4.429863916856668e+16
p2_bulk_nta_1e18_common_primary,NTA 1e18 common-primary state,top_primary,interface_4x,T03_P2_BULK_TRAPS_FORMAL,enabled_symmetric_teaching_top_stack,0.0,0.01,0.0,0.3,channel,0.00045000000000000004,3.7500000000000005e-06,4.5,37.50000000000001,0.043991552545042584,4.610959329686846e+16
p2_bulk_nta_1e18_common_primary,NTA 1e18 common-primary state,top_primary,interface_4x,T03_P2_BULK_TRAPS_FORMAL,enabled_symmetric_teaching_top_stack,0.0,0.01,0.0,0.3,channel,0.00045000000000000004,3.825000000000001e-06,4.5,38.25000000000001,0.04508104862475868,4.809434562338923e+16
p2_bulk_nta_1e18_common_primary,NTA 1e18 common-primary state,top_primary,interface_4x,T03_P2_BULK_TRAPS_FORMAL,enabled_symmetric_teaching_top_stack,0.0,0.01,0.0,0.3,channel,0.00045000000000000004,3.9e-06,4.5,39.0,0.046226474010191365,5.027317564265038e+16
p2_bulk_nta_1e18_common_primary,NTA 1e18 common-primary state,top_primary,interface_4x,T03_P2_BULK_TRAPS_FORMAL,enabled_symmetric_teaching_top_stack,0.0,0.01,0.0,0.3,channel,0.00045000000000000004,3.975e-06,4.5,39.75,0.04743028806773044,5.266953758415315e+16
p2_bulk_nta_1e18_common_primary,NTA 1e18 common-primary state,top_primary,interface_4x,T03_P2_BULK_TRAPS_FORMAL,enabled_symmetric_teaching_top_stack,0.0,0.01,0.0,0.3,channel,0.00045000000000000004,4.05e-06,4.5,40.5,0.04869518737385782,5.531066479790954e+16
p2_bulk_nta_1e18_common_primary,NTA 1e18 common-primary state,top_primary,interface_4x,T03_P2_BULK_TRAPS_FORMAL,enabled_symmetric_teaching_top_stack,0.0,0.01,0.0,0.3,channel,0.00045000000000000004,4.125e-06,4.5,41.25,0.050024134585902734,5.822831314010276e+16
p2_bulk_nta_1e18_common_primary,NTA 1e18 common-primary state,top_primary,interface_4x,T03_P2_BULK_TRAPS_FORMAL,enabled_symmetric_teaching_top_stack,0.0,0.01,0.0,0.3,channel,0.00045000000000000004,4.2000000000000004e-06,4.5,42.00000000000001,0.051420392049030456,6.145968100414001e+16
p2_bulk_nta_1e18_common_primary,NTA 1e18 common-primary state,top_primary,interface_4x,T03_P2_BULK_TRAPS_FORMAL,enabled_symmetric_teaching_top_stack,0.0,0.01,0.0,0.3,channel,0.00045000000000000004,4.2750000000000006e-06,4.5,42.75000000000001,0.05288756109513446,6.504855550435046e+16
p2_bulk_nta_1e18_common_primary,NTA 1e18 common-primary state,top_primary,interface_4x,T03_P2_BULK_TRAPS_FORMAL,enabled_symmetric_teaching_top_stack,0.0,0.01,0.0,0.3,channel,0.00045000000000000004,4.350000000000001e-06,4.5,43.50000000000001,0.05442962822301286,6.904675048019233e+16
p2_bulk_nta_1e18_common_primary,NTA 1e18 common-primary state,top_primary,interface_4x,T03_P2_BULK_TRAPS_FORMAL,enabled_symmetric_teaching_top_stack,0.0,0.01,0.0,0.3,channel,0.00045000000000000004,4.425e-06,4.5,44.25,0.05605101965053832,7.351592422465338e+16
p2_bulk_nta_1e18_common_primary,NTA 1e18 common-primary state,top_primary,interface_4x,T03_P2_BULK_TRAPS_FORMAL,enabled_symmetric_teaching_top_stack,0.0,0.01,0.0,0.3,channel,0.00045000000000000004,4.5e-06,4.5,45.0,0.057756666121313104,7.852989575984178e+16
p2_bulk_nta_1e18_common_primary,NTA 1e18 common-primary state,top_primary,interface_4x,T03_P2_BULK_TRAPS_FORMAL,enabled_symmetric_teaching_top_stack,0.0,0.01,0.0,0.3,channel,0.00045000000000000004,4.575e-06,4.5,45.75,0.059552080362273656,8.417762196418856e+16
p2_bulk_nta_1e18_common_primary,NTA 1e18 common-primary state,top_primary,interface_4x,T03_P2_BULK_TRAPS_FORMAL,enabled_symmetric_teaching_top_stack,0.0,0.01,0.0,0.3,channel,0.00045000000000000004,4.65e-06,4.5,46.50000000000001,0.06144345026947921,9.05670597463831e+16
p2_bulk_nta_1e18_common_primary,NTA 1e18 common-primary state,top_primary,interface_4x,T03_P2_BULK_TRAPS_FORMAL,enabled_symmetric_teaching_top_stack,0.0,0.01,0.0,0.3,channel,0.00045000000000000004,4.7250000000000005e-06,4.5,47.25000000000001,0.06343775181034349,9.783022670627026e+16
p2_bulk_nta_1e18_common_primary,NTA 1e18 common-primary state,top_primary,interface_4x,T03_P2_BULK_TRAPS_FORMAL,enabled_symmetric_teaching_top_stack,0.0,0.01,0.0,0.3,channel,0.00045000000000000004,4.8e-06,4.5,48.0,0.06554288686330513,1.061299042246637e+17
p2_bulk_nta_1e18_common_primary,NTA 1e18 common-primary state,top_primary,interface_4x,T03_P2_BULK_TRAPS_FORMAL,enabled_symmetric_teaching_top_stack,0.0,0.01,0.0,0.3,channel,0.00045000000000000004,4.875e-06,4.5,48.75,0.06776785290404692,1.1566862065955958e+17
p2_bulk_nta_1e18_common_primary,NTA 1e18 common-primary state,top_primary,interface_4x,T03_P2_BULK_TRAPS_FORMAL,enabled_symmetric_teaching_top_stack,0.0,0.01,0.0,0.3,channel,0.00045000000000000004,4.95e-06,4.5,49.5,0.07012295378919793,1.2670084468353024e+17
p2_bulk_nta_1e18_common_primary,NTA 1e18 common-primary state,top_primary,interface_4x,T03_P2_BULK_TRAPS_FORMAL,enabled_symmetric_teaching_top_stack,0.0,0.01,0.0,0.3,channel,0.00045000000000000004,5.025e-06,4.5,50.25,0.07262006418313151,1.3954976790827784e+17
p2_bulk_nta_1e18_common_primary,NTA 1e18 common-primary state,top_primary,interface_4x,T03_P2_BULK_TRAPS_FORMAL,enabled_symmetric_teaching_top_stack,0.0,0.01,0.0,0.3,channel,0.00045000000000000004,5.1e-06,4.5,51.0,0.07527296488031535,1.5463075940265904e+17
p2_bulk_nta_1e18_common_primary,NTA 1e18 common-primary state,top_primary,interface_4x,T03_P2_BULK_TRAPS_FORMAL,enabled_symmetric_teaching_top_stack,0.0,0.01,0.0,0.3,channel,0.00045000000000000004,5.1750000000000004e-06,4.5,51.75000000000001,0.07809777311377063,1.7248470031461843e+17
p2_bulk_nta_1e18_common_primary,NTA 1e18 common-primary state,top_primary,interface_4x,T03_P2_BULK_TRAPS_FORMAL,enabled_symmetric_teaching_top_stack,0.0,0.01,0.0,0.3,channel,0.00045000000000000004,5.2500000000000006e-06,4.5,52.50000000000001,0.08111350205963255,1.9382625068594096e+17
p2_bulk_nta_1e18_common_primary,NTA 1e18 common-primary state,top_primary,interface_4x,T03_P2_BULK_TRAPS_FORMAL,enabled_symmetric_teaching_top_stack,0.0,0.01,0.0,0.3,channel,0.00045000000000000004,5.325e-06,4.5,53.25,0.08434279903168372,2.1961520062996848e+17
p2_bulk_nta_1e18_common_primary,NTA 1e18 common-primary state,top_primary,interface_4x,T03_P2_BULK_TRAPS_FORMAL,enabled_symmetric_teaching_top_stack,0.0,0.01,0.0,0.3,channel,0.00045000000000000004,5.4e-06,4.5,54.0,0.0878129354726916,2.511644233040989e+17
p2_bulk_nta_1e18_common_primary,NTA 1e18 common-primary state,top_primary,interface_4x,T03_P2_BULK_TRAPS_FORMAL,enabled_symmetric_teaching_top_stack,0.0,0.01,0.0,0.3,channel,0.000475,3e-06,4.75,30.0,0.035908542720884846,3.344271047663137e+16
p2_bulk_nta_1e18_common_primary,NTA 1e18 common-primary state,top_primary,interface_4x,T03_P2_BULK_TRAPS_FORMAL,enabled_symmetric_teaching_top_stack,0.0,0.01,0.0,0.3,channel,0.000475,3.075e-06,4.75,30.750000000000004,0.036538563832440064,3.42677316965009e+16
p2_bulk_nta_1e18_common_primary,NTA 1e18 common-primary state,top_primary,interface_4x,T03_P2_BULK_TRAPS_FORMAL,enabled_symmetric_teaching_top_stack,0.0,0.01,0.0,0.3,channel,0.000475,3.1500000000000003e-06,4.75,31.500000000000004,0.03720869521906658,3.5167627417754156e+16
p2_bulk_nta_1e18_common_primary,NTA 1e18 common-primary state,top_primary,interface_4x,T03_P2_BULK_TRAPS_FORMAL,enabled_symmetric_teaching_top_stack,0.0,0.01,0.0,0.3,channel,0.000475,3.225e-06,4.75,32.25,0.03791998009153121,3.614865388453704e+16
p2_bulk_nta_1e18_common_primary,NTA 1e18 common-primary state,top_primary,interface_4x,T03_P2_BULK_TRAPS_FORMAL,enabled_symmetric_teaching_top_stack,0.0,0.01,0.0,0.3,channel,0.000475,3.3e-06,4.75,33.0,0.03867355315758613,3.72178773008925e+16
p2_bulk_nta_1e18_common_primary,NTA 1e18 common-primary state,top_primary,interface_4x,T03_P2_BULK_TRAPS_FORMAL,enabled_symmetric_teaching_top_stack,0.0,0.01,0.0,0.3,channel,0.000475,3.3750000000000003e-06,4.75,33.75,0.039470648240547704,3.838329092233006e+16
p2_bulk_nta_1e18_common_primary,NTA 1e18 common-primary state,top_primary,interface_4x,T03_P2_BULK_TRAPS_FORMAL,enabled_symmetric_teaching_top_stack,0.0,0.01,0.0,0.3,channel,0.000475,3.45e-06,4.75,34.5,0.040312606883679374,3.965395325308329e+16
p2_bulk_nta_1e18_common_primary,NTA 1e18 common-primary state,top_primary,interface_4x,T03_P2_BULK_TRAPS_FORMAL,enabled_symmetric_teaching_top_stack,0.0,0.01,0.0,0.3,channel,0.000475,3.525e-06,4.75,35.25,0.04120088808544626,4.1040151713329384e+16
p2_bulk_nta_1e18_common_primary,NTA 1e18 common-primary state,top_primary,interface_4x,T03_P2_BULK_TRAPS_FORMAL,enabled_symmetric_teaching_top_stack,0.0,0.01,0.0,0.3,channel,0.000475,3.6000000000000003e-06,4.75,36.0,0.04213707933726309,4.2553597190680904e+16
p2_bulk_nta_1e18_common_primary,NTA 1e18 common-primary state,top_primary,interface_4x,T03_P2_BULK_TRAPS_FORMAL,enabled_symmetric_teaching_top_stack,0.0,0.01,0.0,0.3,channel,0.000475,3.6750000000000004e-06,4.75,36.75000000000001,0.04312290916752583,4.420765622730008e+16
p2_bulk_nta_1e18_common_primary,NTA 1e18 common-primary state,top_primary,interface_4x,T03_P2_BULK_TRAPS_FORMAL,enabled_symmetric_teaching_top_stack,0.0,0.01,0.0,0.3,channel,0.000475,3.7500000000000005e-06,4.75,37.50000000000001,0.04416026143488143,4.601762930681193e+16
p2_bulk_nta_1e18_common_primary,NTA 1e18 common-primary state,top_primary,interface_4x,T03_P2_BULK_TRAPS_FORMAL,enabled_symmetric_teaching_top_stack,0.0,0.01,0.0,0.3,channel,0.000475,3.825000000000001e-06,4.75,38.25000000000001,0.04525119166161901,4.800108591336598e+16
p2_bulk_nta_1e18_common_primary,NTA 1e18 common-primary state,top_primary,interface_4x,T03_P2_BULK_TRAPS_FORMAL,enabled_symmetric_teaching_top_stack,0.0,0.01,0.0,0.3,channel,0.000475,3.9e-06,4.75,39.0,0.0463979457570367,5.0178269900973016e+16
p2_bulk_nta_1e18_common_primary,NTA 1e18 common-primary state,top_primary,interface_4x,T03_P2_BULK_TRAPS_FORMAL,enabled_symmetric_teaching_top_stack,0.0,0.01,0.0,0.3,channel,0.000475,3.975e-06,4.75,39.75,0.04760298155360838,5.25725924565782e+16
p2_bulk_nta_1e18_common_primary,NTA 1e18 common-primary state,top_primary,interface_4x,T03_P2_BULK_TRAPS_FORMAL,enabled_symmetric_teaching_top_stack,0.0,0.01,0.0,0.3,channel,0.000475,4.05e-06,4.75,40.5,0.048868993669601235,5.521123487142241e+16
p2_bulk_nta_1e18_common_primary,NTA 1e18 common-primary state,top_primary,interface_4x,T03_P2_BULK_TRAPS_FORMAL,enabled_symmetric_teaching_top_stack,0.0,0.01,0.0,0.3,channel,0.000475,4.125e-06,4.75,41.25,0.05019894232555987,5.81258898782803e+16
p2_bulk_nta_1e18_common_primary,NTA 1e18 common-primary state,top_primary,interface_4x,T03_P2_BULK_TRAPS_FORMAL,enabled_symmetric_teaching_top_stack,0.0,0.01,0.0,0.3,channel,0.000475,4.2000000000000004e-06,4.75,42.00000000000001,0.05159608688550826,6.135367906595837e+16
p2_bulk_nta_1e18_common_primary,NTA 1e18 common-primary state,top_primary,interface_4x,T03_P2_BULK_TRAPS_FORMAL,enabled_symmetric_teaching_top_stack,0.0,0.01,0.0,0.3,channel,0.000475,4.2750000000000006e-06,4.75,42.75000000000001,0.053064025075835256,6.493829569677908e+16
p2_bulk_nta_1e18_common_primary,NTA 1e18 common-primary state,top_primary,interface_4x,T03_P2_BULK_TRAPS_FORMAL,enabled_symmetric_teaching_top_stack,0.0,0.01,0.0,0.3,channel,0.000475,4.350000000000001e-06,4.75,43.50000000000001,0.05460673906776711,6.893143834644072e+16
p2_bulk_nta_1e18_common_primary,NTA 1e18 common-primary state,top_primary,interface_4x,T03_P2_BULK_TRAPS_FORMAL,enabled_symmetric_teaching_top_stack,0.0,0.01,0.0,0.3,channel,0.000475,4.425e-06,4.75,44.25,0.05622864990963235,7.339462292636723e+16
p2_bulk_nta_1e18_common_primary,NTA 1e18 common-primary state,top_primary,interface_4x,T03_P2_BULK_TRAPS_FORMAL,enabled_symmetric_teaching_top_stack,0.0,0.01,0.0,0.3,channel,0.000475,4.5e-06,4.75,45.0,0.05793468218552558,7.840149143131176e+16
p2_bulk_nta_1e18_common_primary,NTA 1e18 common-primary state,top_primary,interface_4x,T03_P2_BULK_TRAPS_FORMAL,enabled_symmetric_teaching_top_stack,0.0,0.01,0.0,0.3,channel,0.000475,4.575e-06,4.75,45.75,0.05973034128907692,8.40407790375477e+16
p2_bulk_nta_1e18_common_primary,NTA 1e18 common-primary state,top_primary,interface_4x,T03_P2_BULK_TRAPS_FORMAL,enabled_symmetric_teaching_top_stack,0.0,0.01,0.0,0.3,channel,0.000475,4.65e-06,4.75,46.50000000000001,0.061621806379234215,9.04201627744511e+16
p2_bulk_nta_1e18_common_primary,NTA 1e18 common-primary state,top_primary,interface_4x,T03_P2_BULK_TRAPS_FORMAL,enabled_symmetric_teaching_top_stack,0.0,0.01,0.0,0.3,channel,0.000475,4.7250000000000005e-06,4.75,47.25000000000001,0.0636160429924232,9.767130379875974e+16
p2_bulk_nta_1e18_common_primary,NTA 1e18 common-primary state,top_primary,interface_4x,T03_P2_BULK_TRAPS_FORMAL,enabled_symmetric_teaching_top_stack,0.0,0.01,0.0,0.3,channel,0.000475,4.8e-06,4.75,48.0,0.06572094051317574,1.05956525136212e+17
p2_bulk_nta_1e18_common_primary,NTA 1e18 common-primary state,top_primary,interface_4x,T03_P2_BULK_TRAPS_FORMAL,enabled_symmetric_teaching_top_stack,0.0,0.01,0.0,0.3,channel,0.000475,4.875e-06,4.75,48.75,0.06794548138629161,1.1547775946162133e+17
p2_bulk_nta_1e18_common_primary,NTA 1e18 common-primary state,top_primary,interface_4x,T03_P2_BULK_TRAPS_FORMAL,enabled_symmetric_teaching_top_stack,0.0,0.01,0.0,0.3,channel,0.000475,4.95e-06,4.75,49.5,0.07029995128510459,1.264886922271123e+17
p2_bulk_nta_1e18_common_primary,NTA 1e18 common-primary state,top_primary,interface_4x,T03_P2_BULK_TRAPS_FORMAL,enabled_symmetric_teaching_top_stack,0.0,0.01,0.0,0.3,channel,0.000475,5.025e-06,4.75,50.25,0.07279620272995094,1.3931147196326814e+17
p2_bulk_nta_1e18_common_primary,NTA 1e18 common-primary state,top_primary,interface_4x,T03_P2_BULK_TRAPS_FORMAL,enabled_symmetric_teaching_top_stack,0.0,0.01,0.0,0.3,channel,0.000475,5.1e-06,4.75,51.0,0.07544798933514286,1.5436005878386733e+17
p2_bulk_nta_1e18_common_primary,NTA 1e18 common-primary state,top_primary,interface_4x,T03_P2_BULK_TRAPS_FORMAL,enabled_symmetric_teaching_top_stack,0.0,0.01,0.0,0.3,channel,0.000475,5.1750000000000004e-06,4.75,51.75000000000001,0.07827139466638248,1.7217340059125757e+17
p2_bulk_nta_1e18_common_primary,NTA 1e18 common-primary state,top_primary,interface_4x,T03_P2_BULK_TRAPS_FORMAL,enabled_symmetric_teaching_top_stack,0.0,0.01,0.0,0.3,channel,0.000475,5.2500000000000006e-06,4.75,52.50000000000001,0.08128538975640202,1.934634580681033e+17
p2_bulk_nta_1e18_common_primary,NTA 1e18 common-primary state,top_primary,interface_4x,T03_P2_BULK_TRAPS_FORMAL,enabled_symmetric_teaching_top_stack,0.0,0.01,0.0,0.3,channel,0.000475,5.325e-06,4.75,53.25,0.08451256852525377,2.19186177845464e+17
p2_bulk_nta_1e18_common_primary,NTA 1e18 common-primary state,top_primary,interface_4x,T03_P2_BULK_TRAPS_FORMAL,enabled_symmetric_teaching_top_stack,0.0,0.01,0.0,0.3,channel,0.000475,5.4e-06,4.75,54.0,0.08798013382552274,2.5064883865630077e+17
p2_bulk_nta_1e18_common_primary,NTA 1e18 common-primary state,top_primary,interface_4x,T03_P2_BULK_TRAPS_FORMAL,enabled_symmetric_teaching_top_stack,0.0,0.01,0.0,0.3,channel,0.0005,3e-06,5.0,30.0,0.03605742733057393,3.334989788549489e+16
p2_bulk_nta_1e18_common_primary,NTA 1e18 common-primary state,top_primary,interface_4x,T03_P2_BULK_TRAPS_FORMAL,enabled_symmetric_teaching_top_stack,0.0,0.01,0.0,0.3,channel,0.0005,3.075e-06,5.0,30.750000000000004,0.03668992550438554,3.417590392501712e+16
p2_bulk_nta_1e18_common_primary,NTA 1e18 common-primary state,top_primary,interface_4x,T03_P2_BULK_TRAPS_FORMAL,enabled_symmetric_teaching_top_stack,0.0,0.01,0.0,0.3,channel,0.0005,3.1500000000000003e-06,5.0,31.500000000000004,0.03736242737113618,3.5076604357760468e+16
p2_bulk_nta_1e18_common_primary,NTA 1e18 common-primary state,top_primary,interface_4x,T03_P2_BULK_TRAPS_FORMAL,enabled_symmetric_teaching_top_stack,0.0,0.01,0.0,0.3,channel,0.0005,3.225e-06,5.0,32.25,0.03807597730822118,3.605825083361785e+16
p2_bulk_nta_1e18_common_primary,NTA 1e18 common-primary state,top_primary,interface_4x,T03_P2_BULK_TRAPS_FORMAL,enabled_symmetric_teaching_top_stack,0.0,0.01,0.0,0.3,channel,0.0005,3.3e-06,5.0,33.0,0.03883171098221577,3.712790313586091e+16
p2_bulk_nta_1e18_common_primary,NTA 1e18 common-primary state,top_primary,interface_4x,T03_P2_BULK_TRAPS_FORMAL,enabled_symmetric_teaching_top_stack,0.0,0.01,0.0,0.3,channel,0.0005,3.3750000000000003e-06,5.0,33.75,0.039630862961008935,3.8293546048844024e+16
p2_bulk_nta_1e18_common_primary,NTA 1e18 common-primary state,top_primary,interface_4x,T03_P2_BULK_TRAPS_FORMAL,enabled_symmetric_teaching_top_stack,0.0,0.01,0.0,0.3,channel,0.0005,3.45e-06,5.0,34.5,0.04047477530956576,3.9564227276641304e+16
p2_bulk_nta_1e18_common_primary,NTA 1e18 common-primary state,top_primary,interface_4x,T03_P2_BULK_TRAPS_FORMAL,enabled_symmetric_teaching_top_stack,0.0,0.01,0.0,0.3,channel,0.0005,3.525e-06,5.0,35.25,0.041364907314096706,4.095022076485139e+16
p2_bulk_nta_1e18_common_primary,NTA 1e18 common-primary state,top_primary,interface_4x,T03_P2_BULK_TRAPS_FORMAL,enabled_symmetric_teaching_top_stack,0.0,0.01,0.0,0.3,channel,0.0005,3.6000000000000003e-06,5.0,36.0,0.04230284650589666,4.2463220824489416e+16
p2_bulk_nta_1e18_common_primary,NTA 1e18 common-primary state,top_primary,interface_4x,T03_P2_BULK_TRAPS_FORMAL,enabled_symmetric_teaching_top_stack,0.0,0.01,0.0,0.3,channel,0.0005,3.6750000000000004e-06,5.0,36.75000000000001,0.04329032118820021,4.411657378956673e+16
p2_bulk_nta_1e18_common_primary,NTA 1e18 common-primary state,top_primary,interface_4x,T03_P2_BULK_TRAPS_FORMAL,enabled_symmetric_teaching_top_stack,0.0,0.01,0.0,0.3,channel,0.0005,3.7500000000000005e-06,5.0,37.50000000000001,0.044329214708457805,4.592555564707112e+16
p2_bulk_nta_1e18_common_primary,NTA 1e18 common-primary state,top_primary,interface_4x,T03_P2_BULK_TRAPS_FORMAL,enabled_symmetric_teaching_top_stack,0.0,0.01,0.0,0.3,channel,0.0005,3.825000000000001e-06,5.0,38.25000000000001,0.045421581766234384,4.790770627868864e+16
p2_bulk_nta_1e18_common_primary,NTA 1e18 common-primary state,top_primary,interface_4x,T03_P2_BULK_TRAPS_FORMAL,enabled_symmetric_teaching_top_stack,0.0,0.01,0.0,0.3,channel,0.0005,3.9e-06,5.0,39.0,0.04656966710573722,5.008323380934273e+16
p2_bulk_nta_1e18_common_primary,NTA 1e18 common-primary state,top_primary,interface_4x,T03_P2_BULK_TRAPS_FORMAL,enabled_symmetric_teaching_top_stack,0.0,0.01,0.0,0.3,channel,0.0005,3.975e-06,5.0,39.75,0.0477759270147389,5.247550628949009e+16
p2_bulk_nta_1e18_common_primary,NTA 1e18 common-primary state,top_primary,interface_4x,T03_P2_BULK_TRAPS_FORMAL,enabled_symmetric_teaching_top_stack,0.0,0.01,0.0,0.3,channel,0.0005,4.05e-06,5.0,40.5,0.04904305414221981,5.511165285098034e+16
p2_bulk_nta_1e18_common_primary,NTA 1e18 common-primary state,top_primary,interface_4x,T03_P2_BULK_TRAPS_FORMAL,enabled_symmetric_teaching_top_stack,0.0,0.01,0.0,0.3,channel,0.0005,4.125e-06,5.0,41.25,0.05037400626047348,5.80233029944571e+16
p2_bulk_nta_1e18_common_primary,NTA 1e18 common-primary state,top_primary,interface_4x,T03_P2_BULK_TRAPS_FORMAL,enabled_symmetric_teaching_top_stack,0.0,0.01,0.0,0.3,channel,0.0005,4.2000000000000004e-06,5.0,42.00000000000001,0.051772039740405895,6.1247501385830264e+16
p2_bulk_nta_1e18_common_primary,NTA 1e18 common-primary state,top_primary,interface_4x,T03_P2_BULK_TRAPS_FORMAL,enabled_symmetric_teaching_top_stack,0.0,0.01,0.0,0.3,channel,0.0005,4.2750000000000006e-06,5.0,42.75000000000001,0.05324074869028798,6.482784730607622e+16
p2_bulk_nta_1e18_common_primary,NTA 1e18 common-primary state,top_primary,interface_4x,T03_P2_BULK_TRAPS_FORMAL,enabled_symmetric_teaching_top_stack,0.0,0.01,0.0,0.3,channel,0.0005,4.350000000000001e-06,5.0,43.50000000000001,0.054784110940386765,6.881592392539491e+16
p2_bulk_nta_1e18_common_primary,NTA 1e18 common-primary state,top_primary,interface_4x,T03_P2_BULK_TRAPS_FORMAL,enabled_symmetric_teaching_top_stack,0.0,0.01,0.0,0.3,channel,0.0005,4.425e-06,5.0,44.25,0.056406542355174324,7.327310461847221e+16
p2_bulk_nta_1e18_common_primary,NTA 1e18 common-primary state,top_primary,interface_4x,T03_P2_BULK_TRAPS_FORMAL,enabled_symmetric_teaching_top_stack,0.0,0.01,0.0,0.3,channel,0.0005,4.5e-06,5.0,45.0,0.05811296134383546,7.827285418373718e+16
p2_bulk_nta_1e18_common_primary,NTA 1e18 common-primary state,top_primary,interface_4x,T03_P2_BULK_TRAPS_FORMAL,enabled_symmetric_teaching_top_stack,0.0,0.01,0.0,0.3,channel,0.0005,4.575e-06,5.0,45.75,0.05990886595002238,8.39036859134756e+16
p2_bulk_nta_1e18_common_primary,NTA 1e18 common-primary state,top_primary,interface_4x,T03_P2_BULK_TRAPS_FORMAL,enabled_symmetric_teaching_top_stack,0.0,0.01,0.0,0.3,channel,0.0005,4.65e-06,5.0,46.50000000000001,0.061800426577437124,9.027299676633485e+16
p2_bulk_nta_1e18_common_primary,NTA 1e18 common-primary state,top_primary,interface_4x,T03_P2_BULK_TRAPS_FORMAL,enabled_symmetric_teaching_top_stack,0.0,0.01,0.0,0.3,channel,0.0005,4.7250000000000005e-06,5.0,47.25000000000001,0.06379459831171627,9.751209126234378e+16
p2_bulk_nta_1e18_common_primary,NTA 1e18 common-primary state,top_primary,interface_4x,T03_P2_BULK_TRAPS_FORMAL,enabled_symmetric_teaching_top_stack,0.0,0.01,0.0,0.3,channel,0.0005,4.8e-06,5.0,48.0,0.06589925802180992,1.0578283389093514e+17
p2_bulk_nta_1e18_common_primary,NTA 1e18 common-primary state,top_primary,interface_4x,T03_P2_BULK_TRAPS_FORMAL,enabled_symmetric_teaching_top_stack,0.0,0.01,0.0,0.3,channel,0.0005,4.875e-06,5.0,48.75,0.06812337309789035,1.1528656150180822e+17
p2_bulk_nta_1e18_common_primary,NTA 1e18 common-primary state,top_primary,interface_4x,T03_P2_BULK_TRAPS_FORMAL,enabled_symmetric_teaching_top_stack,0.0,0.01,0.0,0.3,channel,0.0005,4.95e-06,5.0,49.5,0.07047721100402556,1.2627617627233346e+17
p2_bulk_nta_1e18_common_primary,NTA 1e18 common-primary state,top_primary,interface_4x,T03_P2_BULK_TRAPS_FORMAL,enabled_symmetric_teaching_top_stack,0.0,0.01,0.0,0.3,channel,0.0005,5.025e-06,5.0,50.25,0.07297260208824936,1.3907278377087966e+17
p2_bulk_nta_1e18_common_primary,NTA 1e18 common-primary state,top_primary,interface_4x,T03_P2_BULK_TRAPS_FORMAL,enabled_symmetric_teaching_top_stack,0.0,0.01,0.0,0.3,channel,0.0005,5.1e-06,5.0,51.0,0.07562327275426473,1.5408893559942163e+17
p2_bulk_nta_1e18_common_primary,NTA 1e18 common-primary state,top_primary,interface_4x,T03_P2_BULK_TRAPS_FORMAL,enabled_symmetric_teaching_top_stack,0.0,0.01,0.0,0.3,channel,0.0005,5.1750000000000004e-06,5.0,51.75000000000001,0.07844527286824766,1.7186164745061674e+17
p2_bulk_nta_1e18_common_primary,NTA 1e18 common-primary state,top_primary,interface_4x,T03_P2_BULK_TRAPS_FORMAL,enabled_symmetric_teaching_top_stack,0.0,0.01,0.0,0.3,channel,0.0005,5.2500000000000006e-06,5.0,52.50000000000001,0.08145753128660474,1.9310018275783437e+17
p2_bulk_nta_1e18_common_primary,NTA 1e18 common-primary state,top_primary,interface_4x,T03_P2_BULK_TRAPS_FORMAL,enabled_symmetric_teaching_top_stack,0.0,0.01,0.0,0.3,channel,0.0005,5.325e-06,5.0,53.25,0.08468258850414959,2.187566487311751e+17
p2_bulk_nta_1e18_common_primary,NTA 1e18 common-primary state,top_primary,interface_4x,T03_P2_BULK_TRAPS_FORMAL,enabled_symmetric_teaching_top_stack,0.0,0.01,0.0,0.3,channel,0.0005,5.4e-06,5.0,54.0,0.08814757875730801,2.5013273732669037e+17
p2_bulk_nta_1e18_common_primary,NTA 1e18 common-primary state,top_primary,interface_4x,T03_P2_BULK_TRAPS_FORMAL,enabled_symmetric_teaching_top_stack,0.0,0.01,0.0,0.3,channel,0.0005250000000000001,3e-06,5.250000000000001,30.0,0.03620652451968965,3.325708703661626e+16
p2_bulk_nta_1e18_common_primary,NTA 1e18 common-primary state,top_primary,interface_4x,T03_P2_BULK_TRAPS_FORMAL,enabled_symmetric_teaching_top_stack,0.0,0.01,0.0,0.3,channel,0.0005250000000000001,3.075e-06,5.250000000000001,30.750000000000004,0.03684150335757256,3.408406477504287e+16
p2_bulk_nta_1e18_common_primary,NTA 1e18 common-primary state,top_primary,interface_4x,T03_P2_BULK_TRAPS_FORMAL,enabled_symmetric_teaching_top_stack,0.0,0.01,0.0,0.3,channel,0.0005250000000000001,3.1500000000000003e-06,5.250000000000001,31.500000000000004,0.03751637926853205,3.4985557452547636e+16
p2_bulk_nta_1e18_common_primary,NTA 1e18 common-primary state,top_primary,interface_4x,T03_P2_BULK_TRAPS_FORMAL,enabled_symmetric_teaching_top_stack,0.0,0.01,0.0,0.3,channel,0.0005250000000000001,3.225e-06,5.250000000000001,32.25,0.03823219778363481,3.596781203634601e+16
p2_bulk_nta_1e18_common_primary,NTA 1e18 common-primary state,top_primary,interface_4x,T03_P2_BULK_TRAPS_FORMAL,enabled_symmetric_teaching_top_stack,0.0,0.01,0.0,0.3,channel,0.0005250000000000001,3.3e-06,5.250000000000001,33.0,0.03899009551592974,3.703788180430916e+16
p2_bulk_nta_1e18_common_primary,NTA 1e18 common-primary state,top_primary,interface_4x,T03_P2_BULK_TRAPS_FORMAL,enabled_symmetric_teaching_top_stack,0.0,0.01,0.0,0.3,channel,0.0005250000000000001,3.3750000000000003e-06,5.250000000000001,33.75,0.039791307766045184,3.820374298786853e+16
p2_bulk_nta_1e18_common_primary,NTA 1e18 common-primary state,top_primary,interface_4x,T03_P2_BULK_TRAPS_FORMAL,enabled_symmetric_teaching_top_stack,0.0,0.01,0.0,0.3,channel,0.0005250000000000001,3.45e-06,5.250000000000001,34.5,0.04063717710924231,3.947443241111152e+16
p2_bulk_nta_1e18_common_primary,NTA 1e18 common-primary state,top_primary,interface_4x,T03_P2_BULK_TRAPS_FORMAL,enabled_symmetric_teaching_top_stack,0.0,0.01,0.0,0.3,channel,0.0005250000000000001,3.525e-06,5.250000000000001,35.25,0.04152916310841263,4.086021046624868e+16
p2_bulk_nta_1e18_common_primary,NTA 1e18 common-primary state,top_primary,interface_4x,T03_P2_BULK_TRAPS_FORMAL,enabled_symmetric_teaching_top_stack,0.0,0.01,0.0,0.3,channel,0.0005250000000000001,3.6000000000000003e-06,5.250000000000001,36.0,0.042468853323923084,4.237275480896567e+16
p2_bulk_nta_1e18_common_primary,NTA 1e18 common-primary state,top_primary,interface_4x,T03_P2_BULK_TRAPS_FORMAL,enabled_symmetric_teaching_top_stack,0.0,0.01,0.0,0.3,channel,0.0005250000000000001,3.6750000000000004e-06,5.250000000000001,36.75000000000001,0.04345797582320993,4.402539148549592e+16
p2_bulk_nta_1e18_common_primary,NTA 1e18 common-primary state,top_primary,interface_4x,T03_P2_BULK_TRAPS_FORMAL,enabled_symmetric_teaching_top_stack,0.0,0.01,0.0,0.3,channel,0.0005250000000000001,3.7500000000000005e-06,5.250000000000001,37.50000000000001,0.04449841343197549,4.5833371904647816e+16
p2_bulk_nta_1e18_common_primary,NTA 1e18 common-primary state,top_primary,interface_4x,T03_P2_BULK_TRAPS_FORMAL,enabled_symmetric_teaching_top_stack,0.0,0.01,0.0,0.3,channel,0.0005250000000000001,3.825000000000001e-06,5.250000000000001,38.25000000000001,0.0455922200165065,4.7814206261104424e+16
p2_bulk_nta_1e18_common_primary,NTA 1e18 common-primary state,top_primary,interface_4x,T03_P2_BULK_TRAPS_FORMAL,enabled_symmetric_teaching_top_stack,0.0,0.01,0.0,0.3,channel,0.0005250000000000001,3.9e-06,5.250000000000001,39.0,0.04674163914527202,4.998806686200758e+16
p2_bulk_nta_1e18_common_primary,NTA 1e18 common-primary state,top_primary,interface_4x,T03_P2_BULK_TRAPS_FORMAL,enabled_symmetric_teaching_top_stack,0.0,0.01,0.0,0.3,channel,0.0005250000000000001,3.975e-06,5.250000000000001,39.75,0.0479491255505075,5.237827852723396e+16
p2_bulk_nta_1e18_common_primary,NTA 1e18 common-primary state,top_primary,interface_4x,T03_P2_BULK_TRAPS_FORMAL,enabled_symmetric_teaching_top_stack,0.0,0.01,0.0,0.3,channel,0.0005250000000000001,4.05e-06,5.250000000000001,40.5,0.04921736990078147,5.501191812842101e+16
p2_bulk_nta_1e18_common_primary,NTA 1e18 common-primary state,top_primary,interface_4x,T03_P2_BULK_TRAPS_FORMAL,enabled_symmetric_teaching_top_stack,0.0,0.01,0.0,0.3,channel,0.0005250000000000001,4.125e-06,5.250000000000001,41.25,0.05054932750861428,5.792055182511704e+16
p2_bulk_nta_1e18_common_primary,NTA 1e18 common-primary state,top_primary,interface_4x,T03_P2_BULK_TRAPS_FORMAL,enabled_symmetric_teaching_top_stack,0.0,0.01,0.0,0.3,channel,0.0005250000000000001,4.2000000000000004e-06,5.250000000000001,42.00000000000001,0.05194825173975841,6.114114724175671e+16
p2_bulk_nta_1e18_common_primary,NTA 1e18 common-primary state,top_primary,interface_4x,T03_P2_BULK_TRAPS_FORMAL,enabled_symmetric_teaching_top_stack,0.0,0.01,0.0,0.3,channel,0.0005250000000000001,4.2750000000000006e-06,5.250000000000001,42.75000000000001,0.05341773307169158,6.471720954830893e+16
p2_bulk_nta_1e18_common_primary,NTA 1e18 common-primary state,top_primary,interface_4x,T03_P2_BULK_TRAPS_FORMAL,enabled_symmetric_teaching_top_stack,0.0,0.01,0.0,0.3,channel,0.0005250000000000001,4.350000000000001e-06,5.250000000000001,43.50000000000001,0.054961744980268505,6.8700206367378024e+16
p2_bulk_nta_1e18_common_primary,NTA 1e18 common-primary state,top_primary,interface_4x,T03_P2_BULK_TRAPS_FORMAL,enabled_symmetric_teaching_top_stack,0.0,0.01,0.0,0.3,channel,0.0005250000000000001,4.425e-06,5.250000000000001,44.25,0.05658469813172271,7.315136838134738e+16
p2_bulk_nta_1e18_common_primary,NTA 1e18 common-primary state,top_primary,interface_4x,T03_P2_BULK_TRAPS_FORMAL,enabled_symmetric_teaching_top_stack,0.0,0.01,0.0,0.3,channel,0.0005250000000000001,4.5e-06,5.250000000000001,45.0,0.058291504744852736,7.814398302294029e+16
p2_bulk_nta_1e18_common_primary,NTA 1e18 common-primary state,top_primary,interface_4x,T03_P2_BULK_TRAPS_FORMAL,enabled_symmetric_teaching_top_stack,0.0,0.01,0.0,0.3,channel,0.0005250000000000001,4.575e-06,5.250000000000001,45.75,0.06008765549658207,8.376634151820562e+16
p2_bulk_nta_1e18_common_primary,NTA 1e18 common-primary state,top_primary,interface_4x,T03_P2_BULK_TRAPS_FORMAL,enabled_symmetric_teaching_top_stack,0.0,0.01,0.0,0.3,channel,0.0005250000000000001,4.65e-06,5.250000000000001,46.50000000000001,0.06197931201714792,9.012556056324611e+16
p2_bulk_nta_1e18_common_primary,NTA 1e18 common-primary state,top_primary,interface_4x,T03_P2_BULK_TRAPS_FORMAL,enabled_symmetric_teaching_top_stack,0.0,0.01,0.0,0.3,channel,0.0005250000000000001,4.7250000000000005e-06,5.250000000000001,47.25000000000001,0.06397341892150603,9.73525878474377e+16
p2_bulk_nta_1e18_common_primary,NTA 1e18 common-primary state,top_primary,interface_4x,T03_P2_BULK_TRAPS_FORMAL,enabled_symmetric_teaching_top_stack,0.0,0.01,0.0,0.3,channel,0.0005250000000000001,4.8e-06,5.250000000000001,48.0,0.06607784054125297,1.0560882914245608e+17
p2_bulk_nta_1e18_common_primary,NTA 1e18 common-primary state,top_primary,interface_4x,T03_P2_BULK_TRAPS_FORMAL,enabled_symmetric_teaching_top_stack,0.0,0.01,0.0,0.3,channel,0.0005250000000000001,4.875e-06,5.250000000000001,48.75,0.06830152918808587,1.1509502533094978e+17
p2_bulk_nta_1e18_common_primary,NTA 1e18 common-primary state,top_primary,interface_4x,T03_P2_BULK_TRAPS_FORMAL,enabled_symmetric_teaching_top_stack,0.0,0.01,0.0,0.3,channel,0.0005250000000000001,4.95e-06,5.250000000000001,49.5,0.07065473409072662,1.2606329526158299e+17
p2_bulk_nta_1e18_common_primary,NTA 1e18 common-primary state,top_primary,interface_4x,T03_P2_BULK_TRAPS_FORMAL,enabled_symmetric_teaching_top_stack,0.0,0.01,0.0,0.3,channel,0.0005250000000000001,5.025e-06,5.250000000000001,50.25,0.07314926339652526,1.3883370166034077e+17
p2_bulk_nta_1e18_common_primary,NTA 1e18 common-primary state,top_primary,interface_4x,T03_P2_BULK_TRAPS_FORMAL,enabled_symmetric_teaching_top_stack,0.0,0.01,0.0,0.3,channel,0.0005250000000000001,5.1e-06,5.250000000000001,51.0,0.07579881626800025,1.5381738806247408e+17
p2_bulk_nta_1e18_common_primary,NTA 1e18 common-primary state,top_primary,interface_4x,T03_P2_BULK_TRAPS_FORMAL,enabled_symmetric_teaching_top_stack,0.0,0.01,0.0,0.3,channel,0.0005250000000000001,5.1750000000000004e-06,5.250000000000001,51.75000000000001,0.07861940883946958,1.7154943898997046e+17
p2_bulk_nta_1e18_common_primary,NTA 1e18 common-primary state,top_primary,interface_4x,T03_P2_BULK_TRAPS_FORMAL,enabled_symmetric_teaching_top_stack,0.0,0.01,0.0,0.3,channel,0.0005250000000000001,5.2500000000000006e-06,5.250000000000001,52.50000000000001,0.08162992775796592,1.927364227417091e+17
p2_bulk_nta_1e18_common_primary,NTA 1e18 common-primary state,top_primary,interface_4x,T03_P2_BULK_TRAPS_FORMAL,enabled_symmetric_teaching_top_stack,0.0,0.01,0.0,0.3,channel,0.0005250000000000001,5.325e-06,5.250000000000001,53.25,0.08485286006143518,2.183266111756117e+17
p2_bulk_nta_1e18_common_primary,NTA 1e18 common-primary state,top_primary,interface_4x,T03_P2_BULK_TRAPS_FORMAL,enabled_symmetric_teaching_top_stack,0.0,0.01,0.0,0.3,channel,0.0005250000000000001,5.4e-06,5.250000000000001,54.0,0.08831527134405828,2.4961611712861334e+17
p2_bulk_nta_1e18_common_primary,NTA 1e18 common-primary state,top_primary,interface_4x,T03_P2_BULK_TRAPS_FORMAL,enabled_symmetric_teaching_top_stack,0.0,0.01,0.0,0.3,channel,0.0005499999999999999,3e-06,5.499999999999999,30.0,0.0363558352195991,3.3164277848961976e+16
p2_bulk_nta_1e18_common_primary,NTA 1e18 common-primary state,top_primary,interface_4x,T03_P2_BULK_TRAPS_FORMAL,enabled_symmetric_teaching_top_stack,0.0,0.01,0.0,0.3,channel,0.0005499999999999999,3.075e-06,5.499999999999999,30.750000000000004,0.036993298339093934,3.3992214143729536e+16
p2_bulk_nta_1e18_common_primary,NTA 1e18 common-primary state,top_primary,interface_4x,T03_P2_BULK_TRAPS_FORMAL,enabled_symmetric_teaching_top_stack,0.0,0.01,0.0,0.3,channel,0.0005499999999999999,3.1500000000000003e-06,5.499999999999999,31.500000000000004,0.0376705518738332,3.4894486574208308e+16
p2_bulk_nta_1e18_common_primary,NTA 1e18 common-primary state,top_primary,interface_4x,T03_P2_BULK_TRAPS_FORMAL,enabled_symmetric_teaching_top_stack,0.0,0.01,0.0,0.3,channel,0.0005499999999999999,3.225e-06,5.499999999999999,32.25,0.038388642495570106,3.5877337336867984e+16
p2_bulk_nta_1e18_common_primary,NTA 1e18 common-primary state,top_primary,interface_4x,T03_P2_BULK_TRAPS_FORMAL,enabled_symmetric_teaching_top_stack,0.0,0.01,0.0,0.3,channel,0.0005499999999999999,3.3e-06,5.499999999999999,33.0,0.03914870775144729,3.694781311983517e+16
p2_bulk_nta_1e18_common_primary,NTA 1e18 common-primary state,top_primary,interface_4x,T03_P2_BULK_TRAPS_FORMAL,enabled_symmetric_teaching_top_stack,0.0,0.01,0.0,0.3,channel,0.0005499999999999999,3.3750000000000003e-06,5.499999999999999,33.75,0.03995198366296607,3.811388152007153e+16
p2_bulk_nta_1e18_common_primary,NTA 1e18 common-primary state,top_primary,interface_4x,T03_P2_BULK_TRAPS_FORMAL,enabled_symmetric_teaching_top_stack,0.0,0.01,0.0,0.3,channel,0.0005499999999999999,3.45e-06,5.499999999999999,34.5,0.040799813304242476,3.938456840201319e+16
p2_bulk_nta_1e18_common_primary,NTA 1e18 common-primary state,top_primary,interface_4x,T03_P2_BULK_TRAPS_FORMAL,enabled_symmetric_teaching_top_stack,0.0,0.01,0.0,0.3,channel,0.0005499999999999999,3.525e-06,5.499999999999999,35.25,0.04169365650374701,4.077012052578205e+16
p2_bulk_nta_1e18_common_primary,NTA 1e18 common-primary state,top_primary,interface_4x,T03_P2_BULK_TRAPS_FORMAL,enabled_symmetric_teaching_top_stack,0.0,0.01,0.0,0.3,channel,0.0005499999999999999,3.6000000000000003e-06,5.499999999999999,36.0,0.042635100840070626,4.228219881306149e+16
p2_bulk_nta_1e18_common_primary,NTA 1e18 common-primary state,top_primary,interface_4x,T03_P2_BULK_TRAPS_FORMAL,enabled_symmetric_teaching_top_stack,0.0,0.01,0.0,0.3,channel,0.0005499999999999999,3.6750000000000004e-06,5.499999999999999,36.75000000000001,0.0436258741341723,4.393410894269217e+16
p2_bulk_nta_1e18_common_primary,NTA 1e18 common-primary state,top_primary,interface_4x,T03_P2_BULK_TRAPS_FORMAL,enabled_symmetric_teaching_top_stack,0.0,0.01,0.0,0.3,channel,0.0005499999999999999,3.7500000000000005e-06,5.499999999999999,37.50000000000001,0.04466785867941052,4.57410776637283e+16
p2_bulk_nta_1e18_common_primary,NTA 1e18 common-primary state,top_primary,interface_4x,T03_P2_BULK_TRAPS_FORMAL,enabled_symmetric_teaching_top_stack,0.0,0.01,0.0,0.3,channel,0.0005499999999999999,3.825000000000001e-06,5.499999999999999,38.25000000000001,0.04576310749819351,4.772058539923455e+16
p2_bulk_nta_1e18_common_primary,NTA 1e18 common-primary state,top_primary,interface_4x,T03_P2_BULK_TRAPS_FORMAL,enabled_symmetric_teaching_top_stack,0.0,0.01,0.0,0.3,channel,0.0005499999999999999,3.9e-06,5.499999999999999,39.0,0.0469138629725563,4.989276854975861e+16
p2_bulk_nta_1e18_common_primary,NTA 1e18 common-primary state,top_primary,interface_4x,T03_P2_BULK_TRAPS_FORMAL,enabled_symmetric_teaching_top_stack,0.0,0.01,0.0,0.3,channel,0.0005499999999999999,3.975e-06,5.499999999999999,39.75,0.04812257826831062,5.228090861034525e+16
p2_bulk_nta_1e18_common_primary,NTA 1e18 common-primary state,top_primary,interface_4x,T03_P2_BULK_TRAPS_FORMAL,enabled_symmetric_teaching_top_stack,0.0,0.01,0.0,0.3,channel,0.0005499999999999999,4.05e-06,5.499999999999999,40.5,0.04939194206243468,5.491203009139717e+16
p2_bulk_nta_1e18_common_primary,NTA 1e18 common-primary state,top_primary,interface_4x,T03_P2_BULK_TRAPS_FORMAL,enabled_symmetric_teaching_top_stack,0.0,0.01,0.0,0.3,channel,0.0005499999999999999,4.125e-06,5.499999999999999,41.25,0.05072490719609744,5.781763570215974e+16
p2_bulk_nta_1e18_common_primary,NTA 1e18 common-primary state,top_primary,interface_4x,T03_P2_BULK_TRAPS_FORMAL,enabled_symmetric_teaching_top_stack,0.0,0.01,0.0,0.3,channel,0.0005499999999999999,4.2000000000000004e-06,5.499999999999999,42.00000000000001,0.05212472401780319,6.103461590672978e+16
p2_bulk_nta_1e18_common_primary,NTA 1e18 common-primary state,top_primary,interface_4x,T03_P2_BULK_TRAPS_FORMAL,enabled_symmetric_teaching_top_stack,0.0,0.01,0.0,0.3,channel,0.0005499999999999999,4.2750000000000006e-06,5.499999999999999,42.75000000000001,0.0535949793614987,6.460638163408354e+16
p2_bulk_nta_1e18_common_primary,NTA 1e18 common-primary state,top_primary,interface_4x,T03_P2_BULK_TRAPS_FORMAL,enabled_symmetric_teaching_top_stack,0.0,0.01,0.0,0.3,channel,0.0005499999999999999,4.350000000000001e-06,5.499999999999999,43.50000000000001,0.055139642335107,6.858428481677199e+16
p2_bulk_nta_1e18_common_primary,NTA 1e18 common-primary state,top_primary,interface_4x,T03_P2_BULK_TRAPS_FORMAL,enabled_symmetric_teaching_top_stack,0.0,0.01,0.0,0.3,channel,0.0005499999999999999,4.425e-06,5.499999999999999,44.25,0.05676311839217069,7.30294132889194e+16
p2_bulk_nta_1e18_common_primary,NTA 1e18 common-primary state,top_primary,interface_4x,T03_P2_BULK_TRAPS_FORMAL,enabled_symmetric_teaching_top_stack,0.0,0.01,0.0,0.3,channel,0.0005499999999999999,4.5e-06,5.499999999999999,45.0,0.058470313545550774,7.801487694774722e+16
p2_bulk_nta_1e18_common_primary,NTA 1e18 common-primary state,top_primary,interface_4x,T03_P2_BULK_TRAPS_FORMAL,enabled_symmetric_teaching_top_stack,0.0,0.01,0.0,0.3,channel,0.0005499999999999999,4.575e-06,5.499999999999999,45.75,0.060266711088611404,8.362874477039718e+16
p2_bulk_nta_1e18_common_primary,NTA 1e18 common-primary state,top_primary,interface_4x,T03_P2_BULK_TRAPS_FORMAL,enabled_symmetric_teaching_top_stack,0.0,0.01,0.0,0.3,channel,0.0005499999999999999,4.65e-06,5.499999999999999,46.50000000000001,0.062158463859820615,8.997785299820918e+16
p2_bulk_nta_1e18_common_primary,NTA 1e18 common-primary state,top_primary,interface_4x,T03_P2_BULK_TRAPS_FORMAL,enabled_symmetric_teaching_top_stack,0.0,0.01,0.0,0.3,channel,0.0005499999999999999,4.7250000000000005e-06,5.499999999999999,47.25000000000001,0.06415250598347057,9.719279229561938e+16
p2_bulk_nta_1e18_common_primary,NTA 1e18 common-primary state,top_primary,interface_4x,T03_P2_BULK_TRAPS_FORMAL,enabled_symmetric_teaching_top_stack,0.0,0.01,0.0,0.3,channel,0.0005499999999999999,4.8e-06,5.499999999999999,48.0,0.06625668923193506,1.0543450953487376e+17
p2_bulk_nta_1e18_common_primary,NTA 1e18 common-primary state,top_primary,interface_4x,T03_P2_BULK_TRAPS_FORMAL,enabled_symmetric_teaching_top_stack,0.0,0.01,0.0,0.3,channel,0.0005499999999999999,4.875e-06,5.499999999999999,48.75,0.06847995081448444,1.1490314948962989e+17
p2_bulk_nta_1e18_common_primary,NTA 1e18 common-primary state,top_primary,interface_4x,T03_P2_BULK_TRAPS_FORMAL,enabled_symmetric_teaching_top_stack,0.0,0.01,0.0,0.3,channel,0.0005499999999999999,4.95e-06,5.499999999999999,49.5,0.0708325216983036,1.2585004762625173e+17
p2_bulk_nta_1e18_common_primary,NTA 1e18 common-primary state,top_primary,interface_4x,T03_P2_BULK_TRAPS_FORMAL,enabled_symmetric_teaching_top_stack,0.0,0.01,0.0,0.3,channel,0.0005499999999999999,5.025e-06,5.499999999999999,50.25,0.07332618780156061,1.3859422394910424e+17
p2_bulk_nta_1e18_common_primary,NTA 1e18 common-primary state,top_primary,interface_4x,T03_P2_BULK_TRAPS_FORMAL,enabled_symmetric_teaching_top_stack,0.0,0.01,0.0,0.3,channel,0.0005499999999999999,5.1e-06,5.499999999999999,51.0,0.07597462101489193,1.535454143736115e+17
p2_bulk_nta_1e18_common_primary,NTA 1e18 common-primary state,top_primary,interface_4x,T03_P2_BULK_TRAPS_FORMAL,enabled_symmetric_teaching_top_stack,0.0,0.01,0.0,0.3,channel,0.0005499999999999999,5.1750000000000004e-06,5.499999999999999,51.75000000000001,0.07879380370829968,1.7123677329324333e+17
p2_bulk_nta_1e18_common_primary,NTA 1e18 common-primary state,top_primary,interface_4x,T03_P2_BULK_TRAPS_FORMAL,enabled_symmetric_teaching_top_stack,0.0,0.01,0.0,0.3,channel,0.0005499999999999999,5.2500000000000006e-06,5.499999999999999,52.50000000000001,0.08180258028626826,1.9237217599219946e+17
p2_bulk_nta_1e18_common_primary,NTA 1e18 common-primary state,top_primary,interface_4x,T03_P2_BULK_TRAPS_FORMAL,enabled_symmetric_teaching_top_stack,0.0,0.01,0.0,0.3,channel,0.0005499999999999999,5.325e-06,5.499999999999999,53.25,0.08502338429812495,2.1789606305249613e+17
p2_bulk_nta_1e18_common_primary,NTA 1e18 common-primary state,top_primary,interface_4x,T03_P2_BULK_TRAPS_FORMAL,enabled_symmetric_teaching_top_stack,0.0,0.01,0.0,0.3,channel,0.0005499999999999999,5.4e-06,5.499999999999999,54.0,0.0884832126696107,2.490989758600616e+17
p2_bulk_nta_1e18_common_primary,NTA 1e18 common-primary state,top_primary,interface_4x,T03_P2_BULK_TRAPS_FORMAL,enabled_symmetric_teaching_top_stack,0.0,0.01,0.0,0.3,channel,0.000575,3e-06,5.75,30.0,0.036505360368486006,3.307147024077321e+16
p2_bulk_nta_1e18_common_primary,NTA 1e18 common-primary state,top_primary,interface_4x,T03_P2_BULK_TRAPS_FORMAL,enabled_symmetric_teaching_top_stack,0.0,0.01,0.0,0.3,channel,0.000575,3.075e-06,5.75,30.750000000000004,0.037145311402974036,3.39003519273685e+16
p2_bulk_nta_1e18_common_primary,NTA 1e18 common-primary state,top_primary,interface_4x,T03_P2_BULK_TRAPS_FORMAL,enabled_symmetric_teaching_top_stack,0.0,0.01,0.0,0.3,channel,0.000575,3.1500000000000003e-06,5.75,31.500000000000004,0.037824946156663146,3.480339159382446e+16
p2_bulk_nta_1e18_common_primary,NTA 1e18 common-primary state,top_primary,interface_4x,T03_P2_BULK_TRAPS_FORMAL,enabled_symmetric_teaching_top_stack,0.0,0.01,0.0,0.3,channel,0.000575,3.225e-06,5.75,32.25,0.03854531242898041,3.5786826578152384e+16
p2_bulk_nta_1e18_common_primary,NTA 1e18 common-primary state,top_primary,interface_4x,T03_P2_BULK_TRAPS_FORMAL,enabled_symmetric_teaching_top_stack,0.0,0.01,0.0,0.3,channel,0.000575,3.3e-06,5.75,33.0,0.039307548688751484,3.685769689467484e+16
p2_bulk_nta_1e18_common_primary,NTA 1e18 common-primary state,top_primary,interface_4x,T03_P2_BULK_TRAPS_FORMAL,enabled_symmetric_teaching_top_stack,0.0,0.01,0.0,0.3,channel,0.000575,3.3750000000000003e-06,5.75,33.75,0.04011289166645081,3.802396142455749e+16
p2_bulk_nta_1e18_common_primary,NTA 1e18 common-primary state,top_primary,interface_4x,T03_P2_BULK_TRAPS_FORMAL,enabled_symmetric_teaching_top_stack,0.0,0.01,0.0,0.3,channel,0.000575,3.45e-06,5.75,34.5,0.040962684923572384,3.929463499308291e+16
p2_bulk_nta_1e18_common_primary,NTA 1e18 common-primary state,top_primary,interface_4x,T03_P2_BULK_TRAPS_FORMAL,enabled_symmetric_teaching_top_stack,0.0,0.01,0.0,0.3,channel,0.000575,3.525e-06,5.75,35.25,0.04185838854302556,4.067995064969254e+16
p2_bulk_nta_1e18_common_primary,NTA 1e18 common-primary state,top_primary,interface_4x,T03_P2_BULK_TRAPS_FORMAL,enabled_symmetric_teaching_top_stack,0.0,0.01,0.0,0.3,channel,0.000575,3.6000000000000003e-06,5.75,36.0,0.04280159011073703,4.2191552503453464e+16
p2_bulk_nta_1e18_common_primary,NTA 1e18 common-primary state,top_primary,interface_4x,T03_P2_BULK_TRAPS_FORMAL,enabled_symmetric_teaching_top_stack,0.0,0.01,0.0,0.3,channel,0.000575,3.6750000000000004e-06,5.75,36.75000000000001,0.04379401719046725,4.384272578621053e+16
p2_bulk_nta_1e18_common_primary,NTA 1e18 common-primary state,top_primary,interface_4x,T03_P2_BULK_TRAPS_FORMAL,enabled_symmetric_teaching_top_stack,0.0,0.01,0.0,0.3,channel,0.000575,3.7500000000000005e-06,5.75,37.50000000000001,0.044837551532590746,4.564867250565589e+16
p2_bulk_nta_1e18_common_primary,NTA 1e18 common-primary state,top_primary,interface_4x,T03_P2_BULK_TRAPS_FORMAL,enabled_symmetric_teaching_top_stack,0.0,0.01,0.0,0.3,channel,0.000575,3.825000000000001e-06,5.75,38.25000000000001,0.04593424530499043,4.762684322854376e+16
p2_bulk_nta_1e18_common_primary,NTA 1e18 common-primary state,top_primary,interface_4x,T03_P2_BULK_TRAPS_FORMAL,enabled_symmetric_teaching_top_stack,0.0,0.01,0.0,0.3,channel,0.000575,3.9e-06,5.75,39.0,0.04708633969252268,4.979733835989599e+16
p2_bulk_nta_1e18_common_primary,NTA 1e18 common-primary state,top_primary,interface_4x,T03_P2_BULK_TRAPS_FORMAL,enabled_symmetric_teaching_top_stack,0.0,0.01,0.0,0.3,channel,0.000575,3.975e-06,5.75,39.75,0.048296286283637684,5.218339597551255e+16
p2_bulk_nta_1e18_common_primary,NTA 1e18 common-primary state,top_primary,interface_4x,T03_P2_BULK_TRAPS_FORMAL,enabled_symmetric_teaching_top_stack,0.0,0.01,0.0,0.3,channel,0.000575,4.05e-06,5.75,40.5,0.049566771752491176,5.481198812333571e+16
p2_bulk_nta_1e18_common_primary,NTA 1e18 common-primary state,top_primary,interface_4x,T03_P2_BULK_TRAPS_FORMAL,enabled_symmetric_teaching_top_stack,0.0,0.01,0.0,0.3,channel,0.000575,4.125e-06,5.75,41.25,0.05090074645726597,5.771455395285586e+16
p2_bulk_nta_1e18_common_primary,NTA 1e18 common-primary state,top_primary,interface_4x,T03_P2_BULK_TRAPS_FORMAL,enabled_symmetric_teaching_top_stack,0.0,0.01,0.0,0.3,channel,0.000575,4.2000000000000004e-06,5.75,42.00000000000001,0.052301457717063925,6.092790664868367e+16
p2_bulk_nta_1e18_common_primary,NTA 1e18 common-primary state,top_primary,interface_4x,T03_P2_BULK_TRAPS_FORMAL,enabled_symmetric_teaching_top_stack,0.0,0.01,0.0,0.3,channel,0.000575,4.2750000000000006e-06,5.75,42.75000000000001,0.053772488709500084,6.449536276849237e+16
p2_bulk_nta_1e18_common_primary,NTA 1e18 common-primary state,top_primary,interface_4x,T03_P2_BULK_TRAPS_FORMAL,enabled_symmetric_teaching_top_stack,0.0,0.01,0.0,0.3,channel,0.000575,4.350000000000001e-06,5.75,43.50000000000001,0.05531780416097979,6.846815841195942e+16
p2_bulk_nta_1e18_common_primary,NTA 1e18 common-primary state,top_primary,interface_4x,T03_P2_BULK_TRAPS_FORMAL,enabled_symmetric_teaching_top_stack,0.0,0.01,0.0,0.3,channel,0.000575,4.425e-06,5.75,44.25,0.05694180429783146,7.290723840859938e+16
p2_bulk_nta_1e18_common_primary,NTA 1e18 common-primary state,top_primary,interface_4x,T03_P2_BULK_TRAPS_FORMAL,enabled_symmetric_teaching_top_stack,0.0,0.01,0.0,0.3,channel,0.000575,4.5e-06,5.75,45.0,0.058649388911351914,7.788553494991955e+16
p2_bulk_nta_1e18_common_primary,NTA 1e18 common-primary state,top_primary,interface_4x,T03_P2_BULK_TRAPS_FORMAL,enabled_symmetric_teaching_top_stack,0.0,0.01,0.0,0.3,channel,0.000575,4.575e-06,5.75,45.75,0.06044603389443492,8.349089458106149e+16
p2_bulk_nta_1e18_common_primary,NTA 1e18 common-primary state,top_primary,interface_4x,T03_P2_BULK_TRAPS_FORMAL,enabled_symmetric_teaching_top_stack,0.0,0.01,0.0,0.3,channel,0.000575,4.65e-06,5.75,46.50000000000001,0.06233788327538918,8.982987289598056e+16
p2_bulk_nta_1e18_common_primary,NTA 1e18 common-primary state,top_primary,interface_4x,T03_P2_BULK_TRAPS_FORMAL,enabled_symmetric_teaching_top_stack,0.0,0.01,0.0,0.3,channel,0.000575,4.7250000000000005e-06,5.75,47.25000000000001,0.06433186066776861,9.703270333954237e+16
p2_bulk_nta_1e18_common_primary,NTA 1e18 common-primary state,top_primary,interface_4x,T03_P2_BULK_TRAPS_FORMAL,enabled_symmetric_teaching_top_stack,0.0,0.01,0.0,0.3,channel,0.000575,4.8e-06,5.75,48.0,0.06643580526275694,1.0525987370266957e+17
p2_bulk_nta_1e18_common_primary,NTA 1e18 common-primary state,top_primary,interface_4x,T03_P2_BULK_TRAPS_FORMAL,enabled_symmetric_teaching_top_stack,0.0,0.01,0.0,0.3,channel,0.000575,4.875e-06,5.75,48.75,0.06865863914314135,1.147109325080864e+17
p2_bulk_nta_1e18_common_primary,NTA 1e18 common-primary state,top_primary,interface_4x,T03_P2_BULK_TRAPS_FORMAL,enabled_symmetric_teaching_top_stack,0.0,0.01,0.0,0.3,channel,0.000575,4.95e-06,5.75,49.5,0.07101057498826752,1.2563643178662426e+17
p2_bulk_nta_1e18_common_primary,NTA 1e18 common-primary state,top_primary,interface_4x,T03_P2_BULK_TRAPS_FORMAL,enabled_symmetric_teaching_top_stack,0.0,0.01,0.0,0.3,channel,0.000575,5.025e-06,5.75,50.25,0.07350337645850553,1.3835434894273187e+17
p2_bulk_nta_1e18_common_primary,NTA 1e18 common-primary state,top_primary,interface_4x,T03_P2_BULK_TRAPS_FORMAL,enabled_symmetric_teaching_top_stack,0.0,0.01,0.0,0.3,channel,0.000575,5.1e-06,5.75,51.0,0.07615068814178942,1.5327301272073206e+17
p2_bulk_nta_1e18_common_primary,NTA 1e18 common-primary state,top_primary,interface_4x,T03_P2_BULK_TRAPS_FORMAL,enabled_symmetric_teaching_top_stack,0.0,0.01,0.0,0.3,channel,0.000575,5.1750000000000004e-06,5.75,51.75000000000001,0.07896845861122086,1.7092364843087926e+17
p2_bulk_nta_1e18_common_primary,NTA 1e18 common-primary state,top_primary,interface_4x,T03_P2_BULK_TRAPS_FORMAL,enabled_symmetric_teaching_top_stack,0.0,0.01,0.0,0.3,channel,0.000575,5.2500000000000006e-06,5.75,52.50000000000001,0.08197548999543434,1.920074404675365e+17
p2_bulk_nta_1e18_common_primary,NTA 1e18 common-primary state,top_primary,interface_4x,T03_P2_BULK_TRAPS_FORMAL,enabled_symmetric_teaching_top_stack,0.0,0.01,0.0,0.3,channel,0.000575,5.325e-06,5.75,53.25,0.08519416232326515,2.17465002220619e+17
p2_bulk_nta_1e18_common_primary,NTA 1e18 common-primary state,top_primary,interface_4x,T03_P2_BULK_TRAPS_FORMAL,enabled_symmetric_teaching_top_stack,0.0,0.01,0.0,0.3,channel,0.000575,5.4e-06,5.75,54.0,0.08865140382570884,2.485813113035239e+17
p2_bulk_nta_1e18_common_primary,NTA 1e18 common-primary state,top_primary,interface_4x,T03_P2_BULK_TRAPS_FORMAL,enabled_symmetric_teaching_top_stack,0.0,0.01,0.0,0.3,channel,0.0006000000000000001,3e-06,6.000000000000001,30.0,0.03665510091142065,3.2978664129558076e+16
p2_bulk_nta_1e18_common_primary,NTA 1e18 common-primary state,top_primary,interface_4x,T03_P2_BULK_TRAPS_FORMAL,enabled_symmetric_teaching_top_stack,0.0,0.01,0.0,0.3,channel,0.0006000000000000001,3.075e-06,6.000000000000001,30.750000000000004,0.03729754351023995,3.380847802138211e+16
p2_bulk_nta_1e18_common_primary,NTA 1e18 common-primary state,top_primary,interface_4x,T03_P2_BULK_TRAPS_FORMAL,enabled_symmetric_teaching_top_stack,0.0,0.01,0.0,0.3,channel,0.0006000000000000001,3.1500000000000003e-06,6.000000000000001,31.500000000000004,0.037979563093762256,3.4712272381457004e+16
p2_bulk_nta_1e18_common_primary,NTA 1e18 common-primary state,top_primary,interface_4x,T03_P2_BULK_TRAPS_FORMAL,enabled_symmetric_teaching_top_stack,0.0,0.01,0.0,0.3,channel,0.0006000000000000001,3.225e-06,6.000000000000001,32.25,0.038702208576047815,3.5696279601977984e+16
p2_bulk_nta_1e18_common_primary,NTA 1e18 common-primary state,top_primary,interface_4x,T03_P2_BULK_TRAPS_FORMAL,enabled_symmetric_teaching_top_stack,0.0,0.01,0.0,0.3,channel,0.0006000000000000001,3.3e-06,6.000000000000001,33.0,0.039466619335163634,3.676753293968831e+16
p2_bulk_nta_1e18_common_primary,NTA 1e18 common-primary state,top_primary,interface_4x,T03_P2_BULK_TRAPS_FORMAL,enabled_symmetric_teaching_top_stack,0.0,0.01,0.0,0.3,channel,0.0006000000000000001,3.3750000000000003e-06,6.000000000000001,33.75,0.04027403279862389,3.793398247885167e+16
p2_bulk_nta_1e18_common_primary,NTA 1e18 common-primary state,top_primary,interface_4x,T03_P2_BULK_TRAPS_FORMAL,enabled_symmetric_teaching_top_stack,0.0,0.01,0.0,0.3,channel,0.0006000000000000001,3.45e-06,6.000000000000001,34.5,0.041125793003787534,3.920463192625686e+16
p2_bulk_nta_1e18_common_primary,NTA 1e18 common-primary state,top_primary,interface_4x,T03_P2_BULK_TRAPS_FORMAL,enabled_symmetric_teaching_top_stack,0.0,0.01,0.0,0.3,channel,0.0006000000000000001,3.525e-06,6.000000000000001,35.25,0.042023360276824365,4.058970054218142e+16
p2_bulk_nta_1e18_common_primary,NTA 1e18 common-primary state,top_primary,interface_4x,T03_P2_BULK_TRAPS_FORMAL,enabled_symmetric_teaching_top_stack,0.0,0.01,0.0,0.3,channel,0.0006000000000000001,3.6000000000000003e-06,6.000000000000001,36.0,0.04296832220006812,4.2100815544520536e+16
p2_bulk_nta_1e18_common_primary,NTA 1e18 common-primary state,top_primary,interface_4x,T03_P2_BULK_TRAPS_FORMAL,enabled_symmetric_teaching_top_stack,0.0,0.01,0.0,0.3,channel,0.0006000000000000001,3.6750000000000004e-06,6.000000000000001,36.75000000000001,0.04396240606931687,4.375124163853156e+16
p2_bulk_nta_1e18_common_primary,NTA 1e18 common-primary state,top_primary,interface_4x,T03_P2_BULK_TRAPS_FORMAL,enabled_symmetric_teaching_top_stack,0.0,0.01,0.0,0.3,channel,0.0006000000000000001,3.7500000000000005e-06,6.000000000000001,37.50000000000001,0.045007493081276384,4.5556156008902984e+16
p2_bulk_nta_1e18_common_primary,NTA 1e18 common-primary state,top_primary,interface_4x,T03_P2_BULK_TRAPS_FORMAL,enabled_symmetric_teaching_top_stack,0.0,0.01,0.0,0.3,channel,0.0006000000000000001,3.825000000000001e-06,6.000000000000001,38.25000000000001,0.046105634538610524,4.75329792813093e+16
p2_bulk_nta_1e18_common_primary,NTA 1e18 common-primary state,top_primary,interface_4x,T03_P2_BULK_TRAPS_FORMAL,enabled_symmetric_teaching_top_stack,0.0,0.01,0.0,0.3,channel,0.0006000000000000001,3.9e-06,6.000000000000001,39.0,0.04725907041820331,4.9701775776194904e+16
p2_bulk_nta_1e18_common_primary,NTA 1e18 common-primary state,top_primary,interface_4x,T03_P2_BULK_TRAPS_FORMAL,enabled_symmetric_teaching_top_stack,0.0,0.01,0.0,0.3,channel,0.0006000000000000001,3.975e-06,6.000000000000001,39.75,0.04847025072015402,5.2085740055539816e+16
p2_bulk_nta_1e18_common_primary,NTA 1e18 common-primary state,top_primary,interface_4x,T03_P2_BULK_TRAPS_FORMAL,enabled_symmetric_teaching_top_stack,0.0,0.01,0.0,0.3,channel,0.0006000000000000001,4.05e-06,6.000000000000001,40.5,0.049741860104509636,5.471179160339618e+16
p2_bulk_nta_1e18_common_primary,NTA 1e18 common-primary state,top_primary,interface_4x,T03_P2_BULK_TRAPS_FORMAL,enabled_symmetric_teaching_top_stack,0.0,0.01,0.0,0.3,channel,0.0006000000000000001,4.125e-06,6.000000000000001,41.25,0.051076846434775086,5.761130589980142e+16
p2_bulk_nta_1e18_common_primary,NTA 1e18 common-primary state,top_primary,interface_4x,T03_P2_BULK_TRAPS_FORMAL,enabled_symmetric_teaching_top_stack,0.0,0.01,0.0,0.3,channel,0.0006000000000000001,4.2000000000000004e-06,6.000000000000001,42.00000000000001,0.05247845398843552,6.082101873044483e+16
p2_bulk_nta_1e18_common_primary,NTA 1e18 common-primary state,top_primary,interface_4x,T03_P2_BULK_TRAPS_FORMAL,enabled_symmetric_teaching_top_stack,0.0,0.01,0.0,0.3,channel,0.0006000000000000001,4.2750000000000006e-06,6.000000000000001,42.75000000000001,0.053950262273910074,6.4384152151059096e+16
p2_bulk_nta_1e18_common_primary,NTA 1e18 common-primary state,top_primary,interface_4x,T03_P2_BULK_TRAPS_FORMAL,enabled_symmetric_teaching_top_stack,0.0,0.01,0.0,0.3,channel,0.0006000000000000001,4.350000000000001e-06,6.000000000000001,43.50000000000001,0.05549623162243317,6.835182628526406e+16
p2_bulk_nta_1e18_common_primary,NTA 1e18 common-primary state,top_primary,interface_4x,T03_P2_BULK_TRAPS_FORMAL,enabled_symmetric_teaching_top_stack,0.0,0.01,0.0,0.3,channel,0.0006000000000000001,4.425e-06,6.000000000000001,44.25,0.05712075701852446,7.278484280121811e+16
p2_bulk_nta_1e18_common_primary,NTA 1e18 common-primary state,top_primary,interface_4x,T03_P2_BULK_TRAPS_FORMAL,enabled_symmetric_teaching_top_stack,0.0,0.01,0.0,0.3,channel,0.0006000000000000001,4.5e-06,6.000000000000001,45.0,0.05882873201621397,7.775595601408394e+16
p2_bulk_nta_1e18_common_primary,NTA 1e18 common-primary state,top_primary,interface_4x,T03_P2_BULK_TRAPS_FORMAL,enabled_symmetric_teaching_top_stack,0.0,0.01,0.0,0.3,channel,0.0006000000000000001,4.575e-06,6.000000000000001,45.75,0.060625625090933034,8.335278985348538e+16
p2_bulk_nta_1e18_common_primary,NTA 1e18 common-primary state,top_primary,interface_4x,T03_P2_BULK_TRAPS_FORMAL,enabled_symmetric_teaching_top_stack,0.0,0.01,0.0,0.3,channel,0.0006000000000000001,4.65e-06,6.000000000000001,46.50000000000001,0.06251757144235433,8.96816190729665e+16
p2_bulk_nta_1e18_common_primary,NTA 1e18 common-primary state,top_primary,interface_4x,T03_P2_BULK_TRAPS_FORMAL,enabled_symmetric_teaching_top_stack,0.0,0.01,0.0,0.3,channel,0.0006000000000000001,4.7250000000000005e-06,6.000000000000001,47.25000000000001,0.06451148415312638,9.687231970284699e+16
p2_bulk_nta_1e18_common_primary,NTA 1e18 common-primary state,top_primary,interface_4x,T03_P2_BULK_TRAPS_FORMAL,enabled_symmetric_teaching_top_stack,0.0,0.01,0.0,0.3,channel,0.0006000000000000001,4.8e-06,6.000000000000001,48.0,0.0666151898111767,1.0508492027061138e+17
p2_bulk_nta_1e18_common_primary,NTA 1e18 common-primary state,top_primary,interface_4x,T03_P2_BULK_TRAPS_FORMAL,enabled_symmetric_teaching_top_stack,0.0,0.01,0.0,0.3,channel,0.0006000000000000001,4.875e-06,6.000000000000001,48.75,0.06883759534864745,1.1451837290610776e+17
p2_bulk_nta_1e18_common_primary,NTA 1e18 common-primary state,top_primary,interface_4x,T03_P2_BULK_TRAPS_FORMAL,enabled_symmetric_teaching_top_stack,0.0,0.01,0.0,0.3,channel,0.0006000000000000001,4.95e-06,6.000000000000001,49.5,0.07118889513063063,1.254224461517682e+17
p2_bulk_nta_1e18_common_primary,NTA 1e18 common-primary state,top_primary,interface_4x,T03_P2_BULK_TRAPS_FORMAL,enabled_symmetric_teaching_top_stack,0.0,0.01,0.0,0.3,channel,0.0006000000000000001,5.025e-06,6.000000000000001,50.25,0.07368083053096404,1.381140749347762e+17
p2_bulk_nta_1e18_common_primary,NTA 1e18 common-primary state,top_primary,interface_4x,T03_P2_BULK_TRAPS_FORMAL,enabled_symmetric_teaching_top_stack,0.0,0.01,0.0,0.3,channel,0.0006000000000000001,5.1e-06,6.000000000000001,51.0,0.07632701880393462,1.5300018127891958e+17
p2_bulk_nta_1e18_common_primary,NTA 1e18 common-primary state,top_primary,interface_4x,T03_P2_BULK_TRAPS_FORMAL,enabled_symmetric_teaching_top_stack,0.0,0.01,0.0,0.3,channel,0.0006000000000000001,5.1750000000000004e-06,6.000000000000001,51.75000000000001,0.07914337469303159,1.7061006245970755e+17
p2_bulk_nta_1e18_common_primary,NTA 1e18 common-primary state,top_primary,interface_4x,T03_P2_BULK_TRAPS_FORMAL,enabled_symmetric_teaching_top_stack,0.0,0.01,0.0,0.3,channel,0.0006000000000000001,5.2500000000000006e-06,6.000000000000001,52.50000000000001,0.0821486580176099,1.916422141115691e+17
p2_bulk_nta_1e18_common_primary,NTA 1e18 common-primary state,top_primary,interface_4x,T03_P2_BULK_TRAPS_FORMAL,enabled_symmetric_teaching_top_stack,0.0,0.01,0.0,0.3,channel,0.0006000000000000001,5.325e-06,6.000000000000001,53.25,0.08536519525401595,2.170334265236913e+17
p2_bulk_nta_1e18_common_primary,NTA 1e18 common-primary state,top_primary,interface_4x,T03_P2_BULK_TRAPS_FORMAL,enabled_symmetric_teaching_top_stack,0.0,0.01,0.0,0.3,channel,0.0006000000000000001,5.4e-06,6.000000000000001,54.0,0.08881984591208344,2.4806312122583152e+17
p2_bulk_nta_1e18_common_primary,NTA 1e18 common-primary state,top_primary,interface_4x,T03_P2_BULK_TRAPS_FORMAL,enabled_symmetric_teaching_top_stack,0.0,0.01,0.0,0.3,channel,0.000625,3e-06,6.25,30.0,0.03680505780043078,3.2885859432083652e+16
p2_bulk_nta_1e18_common_primary,NTA 1e18 common-primary state,top_primary,interface_4x,T03_P2_BULK_TRAPS_FORMAL,enabled_symmetric_teaching_top_stack,0.0,0.01,0.0,0.3,channel,0.000625,3.075e-06,6.25,30.750000000000004,0.03744999562899355,3.3716592320314452e+16
p2_bulk_nta_1e18_common_primary,NTA 1e18 common-primary state,top_primary,interface_4x,T03_P2_BULK_TRAPS_FORMAL,enabled_symmetric_teaching_top_stack,0.0,0.01,0.0,0.3,channel,0.000625,3.1500000000000003e-06,6.25,31.500000000000004,0.038134403669060984,3.462112880613506e+16
p2_bulk_nta_1e18_common_primary,NTA 1e18 common-primary state,top_primary,interface_4x,T03_P2_BULK_TRAPS_FORMAL,enabled_symmetric_teaching_top_stack,0.0,0.01,0.0,0.3,channel,0.000625,3.225e-06,6.25,32.25,0.03885933193625759,3.5605696248921424e+16
p2_bulk_nta_1e18_common_primary,NTA 1e18 common-primary state,top_primary,interface_4x,T03_P2_BULK_TRAPS_FORMAL,enabled_symmetric_teaching_top_stack,0.0,0.01,0.0,0.3,channel,0.000625,3.3e-06,6.25,33.0,0.03962592070541891,3.6677321064345944e+16
p2_bulk_nta_1e18_common_primary,NTA 1e18 common-primary state,top_primary,interface_4x,T03_P2_BULK_TRAPS_FORMAL,enabled_symmetric_teaching_top_stack,0.0,0.01,0.0,0.3,channel,0.000625,3.3750000000000003e-06,6.25,33.75,0.040435408089131646,3.784394445888428e+16
p2_bulk_nta_1e18_common_primary,NTA 1e18 common-primary state,top_primary,interface_4x,T03_P2_BULK_TRAPS_FORMAL,enabled_symmetric_teaching_top_stack,0.0,0.01,0.0,0.3,channel,0.000625,3.45e-06,6.25,34.5,0.04128913858907046,3.911455894165283e+16
p2_bulk_nta_1e18_common_primary,NTA 1e18 common-primary state,top_primary,interface_4x,T03_P2_BULK_TRAPS_FORMAL,enabled_symmetric_teaching_top_stack,0.0,0.01,0.0,0.3,channel,0.000625,3.525e-06,6.25,35.25,0.04218857276344864,4.049936990538988e+16
p2_bulk_nta_1e18_common_primary,NTA 1e18 common-primary state,top_primary,interface_4x,T03_P2_BULK_TRAPS_FORMAL,enabled_symmetric_teaching_top_stack,0.0,0.01,0.0,0.3,channel,0.000625,3.6000000000000003e-06,6.25,36.0,0.043135298180037536,4.200998759832121e+16
p2_bulk_nta_1e18_common_primary,NTA 1e18 common-primary state,top_primary,interface_4x,T03_P2_BULK_TRAPS_FORMAL,enabled_symmetric_teaching_top_stack,0.0,0.01,0.0,0.3,channel,0.000625,3.6750000000000004e-06,6.25,36.75000000000001,0.04413104185586612,4.365965611953584e+16
p2_bulk_nta_1e18_common_primary,NTA 1e18 common-primary state,top_primary,interface_4x,T03_P2_BULK_TRAPS_FORMAL,enabled_symmetric_teaching_top_stack,0.0,0.01,0.0,0.3,channel,0.000625,3.7500000000000005e-06,6.25,37.50000000000001,0.04517768442324156,4.546352774904278e+16
p2_bulk_nta_1e18_common_primary,NTA 1e18 common-primary state,top_primary,interface_4x,T03_P2_BULK_TRAPS_FORMAL,enabled_symmetric_teaching_top_stack,0.0,0.01,0.0,0.3,channel,0.000625,3.825000000000001e-06,6.25,38.25000000000001,0.0462772763088678,4.743899308658956e+16
p2_bulk_nta_1e18_common_primary,NTA 1e18 common-primary state,top_primary,interface_4x,T03_P2_BULK_TRAPS_FORMAL,enabled_symmetric_teaching_top_stack,0.0,0.01,0.0,0.3,channel,0.000625,3.9e-06,6.25,39.0,0.04743205627081323,4.9606080278870696e+16
p2_bulk_nta_1e18_common_primary,NTA 1e18 common-primary state,top_primary,interface_4x,T03_P2_BULK_TRAPS_FORMAL,enabled_symmetric_teaching_top_stack,0.0,0.01,0.0,0.3,channel,0.000625,3.975e-06,6.25,39.75,0.04864447270978496,5.1987940279308e+16
p2_bulk_nta_1e18_common_primary,NTA 1e18 common-primary state,top_primary,interface_4x,T03_P2_BULK_TRAPS_FORMAL,enabled_symmetric_teaching_top_stack,0.0,0.01,0.0,0.3,channel,0.000625,4.05e-06,6.25,40.5,0.04991720826038042,5.4611439906428504e+16
p2_bulk_nta_1e18_common_primary,NTA 1e18 common-primary state,top_primary,interface_4x,T03_P2_BULK_TRAPS_FORMAL,enabled_symmetric_teaching_top_stack,0.0,0.01,0.0,0.3,channel,0.000625,4.125e-06,6.25,41.25,0.05125320827967757,5.75078908608716e+16
p2_bulk_nta_1e18_common_primary,NTA 1e18 common-primary state,top_primary,interface_4x,T03_P2_BULK_TRAPS_FORMAL,enabled_symmetric_teaching_top_stack,0.0,0.01,0.0,0.3,channel,0.000625,4.2000000000000004e-06,6.25,42.00000000000001,0.052655713991270094,6.071395140968124e+16
p2_bulk_nta_1e18_common_primary,NTA 1e18 common-primary state,top_primary,interface_4x,T03_P2_BULK_TRAPS_FORMAL,enabled_symmetric_teaching_top_stack,0.0,0.01,0.0,0.3,channel,0.000625,4.2750000000000006e-06,6.25,42.75000000000001,0.054128301221453116,6.427274897568354e+16
p2_bulk_nta_1e18_common_primary,NTA 1e18 common-primary state,top_primary,interface_4x,T03_P2_BULK_TRAPS_FORMAL,enabled_symmetric_teaching_top_stack,0.0,0.01,0.0,0.3,channel,0.000625,4.350000000000001e-06,6.25,43.50000000000001,0.055674925892569206,6.823528756289062e+16
p2_bulk_nta_1e18_common_primary,NTA 1e18 common-primary state,top_primary,interface_4x,T03_P2_BULK_TRAPS_FORMAL,enabled_symmetric_teaching_top_stack,0.0,0.01,0.0,0.3,channel,0.000625,4.425e-06,6.25,44.25,0.05729997773266277,7.266222552096056e+16
p2_bulk_nta_1e18_common_primary,NTA 1e18 common-primary state,top_primary,interface_4x,T03_P2_BULK_TRAPS_FORMAL,enabled_symmetric_teaching_top_stack,0.0,0.01,0.0,0.3,channel,0.000625,4.5e-06,6.25,45.0,0.05900834404271793,7.762613911766094e+16
p2_bulk_nta_1e18_common_primary,NTA 1e18 common-primary state,top_primary,interface_4x,T03_P2_BULK_TRAPS_FORMAL,enabled_symmetric_teaching_top_stack,0.0,0.01,0.0,0.3,channel,0.000625,4.575e-06,6.25,45.75,0.06080548586362991,8.321442948315414e+16
p2_bulk_nta_1e18_common_primary,NTA 1e18 common-primary state,top_primary,interface_4x,T03_P2_BULK_TRAPS_FORMAL,enabled_symmetric_teaching_top_stack,0.0,0.01,0.0,0.3,channel,0.000625,4.65e-06,6.25,46.50000000000001,0.06269752954787149,8.95330903371397e+16
p2_bulk_nta_1e18_common_primary,NTA 1e18 common-primary state,top_primary,interface_4x,T03_P2_BULK_TRAPS_FORMAL,enabled_symmetric_teaching_top_stack,0.0,0.01,0.0,0.3,channel,0.000625,4.7250000000000005e-06,6.25,47.25000000000001,0.06469137762692553,9.671164010007029e+16
p2_bulk_nta_1e18_common_primary,NTA 1e18 common-primary state,top_primary,interface_4x,T03_P2_BULK_TRAPS_FORMAL,enabled_symmetric_teaching_top_stack,0.0,0.01,0.0,0.3,channel,0.000625,4.8e-06,6.25,48.0,0.0667948440632976,1.0490964785365662e+17
p2_bulk_nta_1e18_common_primary,NTA 1e18 common-primary state,top_primary,interface_4x,T03_P2_BULK_TRAPS_FORMAL,enabled_symmetric_teaching_top_stack,0.0,0.01,0.0,0.3,channel,0.000625,4.875e-06,6.25,48.75,0.0690168206142167,1.1432546919292877e+17
p2_bulk_nta_1e18_common_primary,NTA 1e18 common-primary state,top_primary,interface_4x,T03_P2_BULK_TRAPS_FORMAL,enabled_symmetric_teaching_top_stack,0.0,0.01,0.0,0.3,channel,0.000625,4.95e-06,6.25,49.5,0.07136748330399383,1.252080891194222e+17
p2_bulk_nta_1e18_common_primary,NTA 1e18 common-primary state,top_primary,interface_4x,T03_P2_BULK_TRAPS_FORMAL,enabled_symmetric_teaching_top_stack,0.0,0.01,0.0,0.3,channel,0.000625,5.025e-06,6.25,50.25,0.07385855119108063,1.3787340020666064e+17
p2_bulk_nta_1e18_common_primary,NTA 1e18 common-primary state,top_primary,interface_4x,T03_P2_BULK_TRAPS_FORMAL,enabled_symmetric_teaching_top_stack,0.0,0.01,0.0,0.3,channel,0.000625,5.1e-06,6.25,51.0,0.07650361416504776,1.5272691821031552e+17
p2_bulk_nta_1e18_common_primary,NTA 1e18 common-primary state,top_primary,interface_4x,T03_P2_BULK_TRAPS_FORMAL,enabled_symmetric_teaching_top_stack,0.0,0.01,0.0,0.3,channel,0.000625,5.1750000000000004e-06,6.25,51.75000000000001,0.0793185531069313,1.7029601342280774e+17
p2_bulk_nta_1e18_common_primary,NTA 1e18 common-primary state,top_primary,interface_4x,T03_P2_BULK_TRAPS_FORMAL,enabled_symmetric_teaching_top_stack,0.0,0.01,0.0,0.3,channel,0.000625,5.2500000000000006e-06,6.25,52.50000000000001,0.0823220854932481,1.9127649485362102e+17
p2_bulk_nta_1e18_common_primary,NTA 1e18 common-primary state,top_primary,interface_4x,T03_P2_BULK_TRAPS_FORMAL,enabled_symmetric_teaching_top_stack,0.0,0.01,0.0,0.3,channel,0.000625,5.325e-06,6.25,53.25,0.0855364842157347,2.166013337901942e+17
p2_bulk_nta_1e18_common_primary,NTA 1e18 common-primary state,top_primary,interface_4x,T03_P2_BULK_TRAPS_FORMAL,enabled_symmetric_teaching_top_stack,0.0,0.01,0.0,0.3,channel,0.000625,5.4e-06,6.25,54.0,0.0889885400365345,2.4754440337800275e+17
p2_bulk_nta_1e18_common_primary,NTA 1e18 common-primary state,top_primary,interface_4x,T03_P2_BULK_TRAPS_FORMAL,enabled_symmetric_teaching_top_stack,0.0,0.01,0.0,0.3,channel,0.0006500000000000001,3e-06,6.500000000000001,30.0,0.036955231994573526,3.2793056064368036e+16
p2_bulk_nta_1e18_common_primary,NTA 1e18 common-primary state,top_primary,interface_4x,T03_P2_BULK_TRAPS_FORMAL,enabled_symmetric_teaching_top_stack,0.0,0.01,0.0,0.3,channel,0.0006500000000000001,3.075e-06,6.500000000000001,30.750000000000004,0.037602668734484666,3.3624694717822024e+16
p2_bulk_nta_1e18_common_primary,NTA 1e18 common-primary state,top_primary,interface_4x,T03_P2_BULK_TRAPS_FORMAL,enabled_symmetric_teaching_top_stack,0.0,0.01,0.0,0.3,channel,0.0006500000000000001,3.1500000000000003e-06,6.500000000000001,31.500000000000004,0.03828946887375421,3.4529960735845224e+16
p2_bulk_nta_1e18_common_primary,NTA 1e18 common-primary state,top_primary,interface_4x,T03_P2_BULK_TRAPS_FORMAL,enabled_symmetric_teaching_top_stack,0.0,0.01,0.0,0.3,channel,0.0006500000000000001,3.225e-06,6.500000000000001,32.25,0.039016683516473666,3.5515076358344864e+16
p2_bulk_nta_1e18_common_primary,NTA 1e18 common-primary state,top_primary,interface_4x,T03_P2_BULK_TRAPS_FORMAL,enabled_symmetric_teaching_top_stack,0.0,0.01,0.0,0.3,channel,0.0006500000000000001,3.3e-06,6.500000000000001,33.0,0.03978545382174294,3.658706107671422e+16
p2_bulk_nta_1e18_common_primary,NTA 1e18 common-primary state,top_primary,interface_4x,T03_P2_BULK_TRAPS_FORMAL,enabled_symmetric_teaching_top_stack,0.0,0.01,0.0,0.3,channel,0.0006500000000000001,3.3750000000000003e-06,6.500000000000001,33.75,0.04059701857522003,3.7753847138974344e+16
p2_bulk_nta_1e18_common_primary,NTA 1e18 common-primary state,top_primary,interface_4x,T03_P2_BULK_TRAPS_FORMAL,enabled_symmetric_teaching_top_stack,0.0,0.01,0.0,0.3,channel,0.0006500000000000001,3.45e-06,6.500000000000001,34.5,0.04145272273130958,3.902441577755202e+16
p2_bulk_nta_1e18_common_primary,NTA 1e18 common-primary state,top_primary,interface_4x,T03_P2_BULK_TRAPS_FORMAL,enabled_symmetric_teaching_top_stack,0.0,0.01,0.0,0.3,channel,0.0006500000000000001,3.525e-06,6.500000000000001,35.25,0.042354027069012604,4.040895843937859e+16
p2_bulk_nta_1e18_common_primary,NTA 1e18 common-primary state,top_primary,interface_4x,T03_P2_BULK_TRAPS_FORMAL,enabled_symmetric_teaching_top_stack,0.0,0.01,0.0,0.3,channel,0.0006500000000000001,3.6000000000000003e-06,6.500000000000001,36.0,0.04330251913052763,4.191906832457063e+16
p2_bulk_nta_1e18_common_primary,NTA 1e18 common-primary state,top_primary,interface_4x,T03_P2_BULK_TRAPS_FORMAL,enabled_symmetric_teaching_top_stack,0.0,0.01,0.0,0.3,channel,0.0006500000000000001,3.6750000000000004e-06,6.500000000000001,36.75000000000001,0.04429992564326467,4.356796884647841e+16
p2_bulk_nta_1e18_common_primary,NTA 1e18 common-primary state,top_primary,interface_4x,T03_P2_BULK_TRAPS_FORMAL,enabled_symmetric_teaching_top_stack,0.0,0.01,0.0,0.3,channel,0.0006500000000000001,3.7500000000000005e-06,6.500000000000001,37.50000000000001,0.04534812666435716,4.537078729872077e+16
p2_bulk_nta_1e18_common_primary,NTA 1e18 common-primary state,top_primary,interface_4x,T03_P2_BULK_TRAPS_FORMAL,enabled_symmetric_teaching_top_stack,0.0,0.01,0.0,0.3,channel,0.0006500000000000001,3.825000000000001e-06,6.500000000000001,38.25000000000001,0.04644917173376063,4.734488417019239e+16
p2_bulk_nta_1e18_common_primary,NTA 1e18 common-primary state,top_primary,interface_4x,T03_P2_BULK_TRAPS_FORMAL,enabled_symmetric_teaching_top_stack,0.0,0.01,0.0,0.3,channel,0.0006500000000000001,3.9e-06,6.500000000000001,39.0,0.04760529837983484,4.951025134454389e+16
p2_bulk_nta_1e18_common_primary,NTA 1e18 common-primary state,top_primary,interface_4x,T03_P2_BULK_TRAPS_FORMAL,enabled_symmetric_teaching_top_stack,0.0,0.01,0.0,0.3,channel,0.0006500000000000001,3.975e-06,6.500000000000001,39.75,0.04881895339280113,5.188999607173649e+16
p2_bulk_nta_1e18_common_primary,NTA 1e18 common-primary state,top_primary,interface_4x,T03_P2_BULK_TRAPS_FORMAL,enabled_symmetric_teaching_top_stack,0.0,0.01,0.0,0.3,channel,0.0006500000000000001,4.05e-06,6.500000000000001,40.5,0.05009281737041166,5.4510932402930664e+16
p2_bulk_nta_1e18_common_primary,NTA 1e18 common-primary state,top_primary,interface_4x,T03_P2_BULK_TRAPS_FORMAL,enabled_symmetric_teaching_top_stack,0.0,0.01,0.0,0.3,channel,0.0006500000000000001,4.125e-06,6.500000000000001,41.25,0.051429833151510534,5.740430814917413e+16
p2_bulk_nta_1e18_common_primary,NTA 1e18 common-primary state,top_primary,interface_4x,T03_P2_BULK_TRAPS_FORMAL,enabled_symmetric_teaching_top_stack,0.0,0.01,0.0,0.3,channel,0.0006500000000000001,4.2000000000000004e-06,6.500000000000001,42.00000000000001,0.05283323889346432,6.060670393885154e+16
p2_bulk_nta_1e18_common_primary,NTA 1e18 common-primary state,top_primary,interface_4x,T03_P2_BULK_TRAPS_FORMAL,enabled_symmetric_teaching_top_stack,0.0,0.01,0.0,0.3,channel,0.0006500000000000001,4.2750000000000006e-06,6.500000000000001,42.75000000000001,0.05430660672745162,6.416115243058598e+16
p2_bulk_nta_1e18_common_primary,NTA 1e18 common-primary state,top_primary,interface_4x,T03_P2_BULK_TRAPS_FORMAL,enabled_symmetric_teaching_top_stack,0.0,0.01,0.0,0.3,channel,0.0006500000000000001,4.350000000000001e-06,6.500000000000001,43.50000000000001,0.055853888153134024,6.811854136486415e+16
p2_bulk_nta_1e18_common_primary,NTA 1e18 common-primary state,top_primary,interface_4x,T03_P2_BULK_TRAPS_FORMAL,enabled_symmetric_teaching_top_stack,0.0,0.01,0.0,0.3,channel,0.0006500000000000001,4.425e-06,6.500000000000001,44.25,0.0574794676273418,7.253938561529994e+16
p2_bulk_nta_1e18_common_primary,NTA 1e18 common-primary state,top_primary,interface_4x,T03_P2_BULK_TRAPS_FORMAL,enabled_symmetric_teaching_top_stack,0.0,0.01,0.0,0.3,channel,0.0006500000000000001,4.5e-06,6.500000000000001,45.0,0.05918822618215688,7.749608323079355e+16
p2_bulk_nta_1e18_common_primary,NTA 1e18 common-primary state,top_primary,interface_4x,T03_P2_BULK_TRAPS_FORMAL,enabled_symmetric_teaching_top_stack,0.0,0.01,0.0,0.3,channel,0.0006500000000000001,4.575e-06,6.500000000000001,45.75,0.06098561740678259,8.307581235767408e+16
p2_bulk_nta_1e18_common_primary,NTA 1e18 common-primary state,top_primary,interface_4x,T03_P2_BULK_TRAPS_FORMAL,enabled_symmetric_teaching_top_stack,0.0,0.01,0.0,0.3,channel,0.0006500000000000001,4.65e-06,6.500000000000001,46.50000000000001,0.06287775878784008,8.938428548795531e+16
p2_bulk_nta_1e18_common_primary,NTA 1e18 common-primary state,top_primary,interface_4x,T03_P2_BULK_TRAPS_FORMAL,enabled_symmetric_teaching_top_stack,0.0,0.01,0.0,0.3,channel,0.0006500000000000001,4.7250000000000005e-06,6.500000000000001,47.25000000000001,0.06487154228529245,9.655066323655531e+16
p2_bulk_nta_1e18_common_primary,NTA 1e18 common-primary state,top_primary,interface_4x,T03_P2_BULK_TRAPS_FORMAL,enabled_symmetric_teaching_top_stack,0.0,0.01,0.0,0.3,channel,0.0006500000000000001,4.8e-06,6.500000000000001,48.0,0.06697476921395717,1.0473405505685451e+17
p2_bulk_nta_1e18_common_primary,NTA 1e18 common-primary state,top_primary,interface_4x,T03_P2_BULK_TRAPS_FORMAL,enabled_symmetric_teaching_top_stack,0.0,0.01,0.0,0.3,channel,0.0006500000000000001,4.875e-06,6.500000000000001,48.75,0.06919631613177508,1.1413221986712563e+17
p2_bulk_nta_1e18_common_primary,NTA 1e18 common-primary state,top_primary,interface_4x,T03_P2_BULK_TRAPS_FORMAL,enabled_symmetric_teaching_top_stack,0.0,0.01,0.0,0.3,channel,0.0006500000000000001,4.95e-06,6.500000000000001,49.5,0.07154634069563501,1.2499335907588354e+17
p2_bulk_nta_1e18_common_primary,NTA 1e18 common-primary state,top_primary,interface_4x,T03_P2_BULK_TRAPS_FORMAL,enabled_symmetric_teaching_top_stack,0.0,0.01,0.0,0.3,channel,0.0006500000000000001,5.025e-06,6.500000000000001,50.25,0.07403653961962847,1.3763232302755915e+17
p2_bulk_nta_1e18_common_primary,NTA 1e18 common-primary state,top_primary,interface_4x,T03_P2_BULK_TRAPS_FORMAL,enabled_symmetric_teaching_top_stack,0.0,0.01,0.0,0.3,channel,0.0006500000000000001,5.1e-06,6.500000000000001,51.0,0.07668047539741475,1.524532216639908e+17
p2_bulk_nta_1e18_common_primary,NTA 1e18 common-primary state,top_primary,interface_4x,T03_P2_BULK_TRAPS_FORMAL,enabled_symmetric_teaching_top_stack,0.0,0.01,0.0,0.3,channel,0.0006500000000000001,5.1750000000000004e-06,6.500000000000001,51.75000000000001,0.07949399501460688,1.6998149934937302e+17
p2_bulk_nta_1e18_common_primary,NTA 1e18 common-primary state,top_primary,interface_4x,T03_P2_BULK_TRAPS_FORMAL,enabled_symmetric_teaching_top_stack,0.0,0.01,0.0,0.3,channel,0.0006500000000000001,5.2500000000000006e-06,6.500000000000001,52.50000000000001,0.08249577357119525,1.909102806083472e+17
p2_bulk_nta_1e18_common_primary,NTA 1e18 common-primary state,top_primary,interface_4x,T03_P2_BULK_TRAPS_FORMAL,enabled_symmetric_teaching_top_stack,0.0,0.01,0.0,0.3,channel,0.0006500000000000001,5.325e-06,6.500000000000001,53.25,0.08570803034206036,2.161687218332286e+17
p2_bulk_nta_1e18_common_primary,NTA 1e18 common-primary state,top_primary,interface_4x,T03_P2_BULK_TRAPS_FORMAL,enabled_symmetric_teaching_top_stack,0.0,0.01,0.0,0.3,channel,0.0006500000000000001,5.4e-06,6.500000000000001,54.0,0.08915748731501426,2.4702515549508618e+17
p2_bulk_nta_1e18_common_primary,NTA 1e18 common-primary state,top_primary,interface_4x,T03_P2_BULK_TRAPS_FORMAL,enabled_symmetric_teaching_top_stack,0.0,0.01,0.0,0.3,channel,0.000675,3e-06,6.75,30.0,0.03710562446000821,3.2700253941672308e+16
p2_bulk_nta_1e18_common_primary,NTA 1e18 common-primary state,top_primary,interface_4x,T03_P2_BULK_TRAPS_FORMAL,enabled_symmetric_teaching_top_stack,0.0,0.01,0.0,0.3,channel,0.000675,3.075e-06,6.75,30.750000000000004,0.037755563809185065,3.3532785106664452e+16
p2_bulk_nta_1e18_common_primary,NTA 1e18 common-primary state,top_primary,interface_4x,T03_P2_BULK_TRAPS_FORMAL,enabled_symmetric_teaching_top_stack,0.0,0.01,0.0,0.3,channel,0.000675,3.1500000000000003e-06,6.75,31.500000000000004,0.038444759706376445,3.443876803752078e+16
p2_bulk_nta_1e18_common_primary,NTA 1e18 common-primary state,top_primary,interface_4x,T03_P2_BULK_TRAPS_FORMAL,enabled_symmetric_teaching_top_stack,0.0,0.01,0.0,0.3,channel,0.000675,3.225e-06,6.75,32.25,0.03917426433101503,3.5424419768383564e+16
p2_bulk_nta_1e18_common_primary,NTA 1e18 common-primary state,top_primary,interface_4x,T03_P2_BULK_TRAPS_FORMAL,enabled_symmetric_teaching_top_stack,0.0,0.01,0.0,0.3,channel,0.000675,3.3e-06,6.75,33.0,0.03994521971392938,3.649675278344149e+16
p2_bulk_nta_1e18_common_primary,NTA 1e18 common-primary state,top_primary,interface_4x,T03_P2_BULK_TRAPS_FORMAL,enabled_symmetric_teaching_top_stack,0.0,0.01,0.0,0.3,channel,0.000675,3.3750000000000003e-06,6.75,33.75,0.04075886530181328,3.766369029181354e+16
p2_bulk_nta_1e18_common_primary,NTA 1e18 common-primary state,top_primary,interface_4x,T03_P2_BULK_TRAPS_FORMAL,enabled_symmetric_teaching_top_stack,0.0,0.01,0.0,0.3,channel,0.000675,3.45e-06,6.75,34.5,0.04161654649017893,3.893420217038068e+16
p2_bulk_nta_1e18_common_primary,NTA 1e18 common-primary state,top_primary,interface_4x,T03_P2_BULK_TRAPS_FORMAL,enabled_symmetric_teaching_top_stack,0.0,0.01,0.0,0.3,channel,0.000675,3.525e-06,6.75,35.25,0.042519724267520285,4.031846584210704e+16
p2_bulk_nta_1e18_common_primary,NTA 1e18 common-primary state,top_primary,interface_4x,T03_P2_BULK_TRAPS_FORMAL,enabled_symmetric_teaching_top_stack,0.0,0.01,0.0,0.3,channel,0.000675,3.6000000000000003e-06,6.75,36.0,0.04346998613941132,4.182805738061737e+16
p2_bulk_nta_1e18_common_primary,NTA 1e18 common-primary state,top_primary,interface_4x,T03_P2_BULK_TRAPS_FORMAL,enabled_symmetric_teaching_top_stack,0.0,0.01,0.0,0.3,channel,0.000675,3.6750000000000004e-06,6.75,36.75000000000001,0.04446905853274977,4.347617943396273e+16
p2_bulk_nta_1e18_common_primary,NTA 1e18 common-primary state,top_primary,interface_4x,T03_P2_BULK_TRAPS_FORMAL,enabled_symmetric_teaching_top_stack,0.0,0.01,0.0,0.3,channel,0.000675,3.7500000000000005e-06,6.75,37.50000000000001,0.045518820918674555,4.527793422762574e+16
p2_bulk_nta_1e18_common_primary,NTA 1e18 common-primary state,top_primary,interface_4x,T03_P2_BULK_TRAPS_FORMAL,enabled_symmetric_teaching_top_stack,0.0,0.01,0.0,0.3,channel,0.000675,3.825000000000001e-06,6.75,38.25000000000001,0.0466213219395565,4.725065205464302e+16
p2_bulk_nta_1e18_common_primary,NTA 1e18 common-primary state,top_primary,interface_4x,T03_P2_BULK_TRAPS_FORMAL,enabled_symmetric_teaching_top_stack,0.0,0.01,0.0,0.3,channel,0.000675,3.9e-06,6.75,39.0,0.04777879788310343,4.941428844620471e+16
p2_bulk_nta_1e18_common_primary,NTA 1e18 common-primary state,top_primary,interface_4x,T03_P2_BULK_TRAPS_FORMAL,enabled_symmetric_teaching_top_stack,0.0,0.01,0.0,0.3,channel,0.000675,3.975e-06,6.75,39.75,0.04899369391790475,5.179190685374394e+16
p2_bulk_nta_1e18_common_primary,NTA 1e18 common-primary state,top_primary,interface_4x,T03_P2_BULK_TRAPS_FORMAL,enabled_symmetric_teaching_top_stack,0.0,0.01,0.0,0.3,channel,0.000675,4.05e-06,6.75,40.5,0.05026868859341625,5.44102684590056e+16
p2_bulk_nta_1e18_common_primary,NTA 1e18 common-primary state,top_primary,interface_4x,T03_P2_BULK_TRAPS_FORMAL,enabled_symmetric_teaching_top_stack,0.0,0.01,0.0,0.3,channel,0.000675,4.125e-06,6.75,41.25,0.05160672221838314,5.730055707300214e+16
p2_bulk_nta_1e18_common_primary,NTA 1e18 common-primary state,top_primary,interface_4x,T03_P2_BULK_TRAPS_FORMAL,enabled_symmetric_teaching_top_stack,0.0,0.01,0.0,0.3,channel,0.000675,4.2000000000000004e-06,6.75,42.00000000000001,0.053011029871547766,6.0499275565153304e+16
p2_bulk_nta_1e18_common_primary,NTA 1e18 common-primary state,top_primary,interface_4x,T03_P2_BULK_TRAPS_FORMAL,enabled_symmetric_teaching_top_stack,0.0,0.01,0.0,0.3,channel,0.000675,4.2750000000000006e-06,6.75,42.75000000000001,0.05448517997591487,6.4049361698250776e+16
p2_bulk_nta_1e18_common_primary,NTA 1e18 common-primary state,top_primary,interface_4x,T03_P2_BULK_TRAPS_FORMAL,enabled_symmetric_teaching_top_stack,0.0,0.01,0.0,0.3,channel,0.000675,4.350000000000001e-06,6.75,43.50000000000001,0.0560331195946072,6.800158680496844e+16
p2_bulk_nta_1e18_common_primary,NTA 1e18 common-primary state,top_primary,interface_4x,T03_P2_BULK_TRAPS_FORMAL,enabled_symmetric_teaching_top_stack,0.0,0.01,0.0,0.3,channel,0.000675,4.425e-06,6.75,44.25,0.057659227898429,7.241632212493082e+16
p2_bulk_nta_1e18_common_primary,NTA 1e18 common-primary state,top_primary,interface_4x,T03_P2_BULK_TRAPS_FORMAL,enabled_symmetric_teaching_top_stack,0.0,0.01,0.0,0.3,channel,0.000675,4.5e-06,6.75,45.0,0.05936837963462614,7.736578731627445e+16
p2_bulk_nta_1e18_common_primary,NTA 1e18 common-primary state,top_primary,interface_4x,T03_P2_BULK_TRAPS_FORMAL,enabled_symmetric_teaching_top_stack,0.0,0.01,0.0,0.3,channel,0.000675,4.575e-06,6.75,45.75,0.0611660209234713,8.29369373566936e+16
p2_bulk_nta_1e18_common_primary,NTA 1e18 common-primary state,top_primary,interface_4x,T03_P2_BULK_TRAPS_FORMAL,enabled_symmetric_teaching_top_stack,0.0,0.01,0.0,0.3,channel,0.000675,4.65e-06,6.75,46.50000000000001,0.0630582603669939,8.923520331626562e+16
p2_bulk_nta_1e18_common_primary,NTA 1e18 common-primary state,top_primary,interface_4x,T03_P2_BULK_TRAPS_FORMAL,enabled_symmetric_teaching_top_stack,0.0,0.01,0.0,0.3,channel,0.000675,4.7250000000000005e-06,6.75,47.25000000000001,0.06505197933318854,9.638938780835912e+16
p2_bulk_nta_1e18_common_primary,NTA 1e18 common-primary state,top_primary,interface_4x,T03_P2_BULK_TRAPS_FORMAL,enabled_symmetric_teaching_top_stack,0.0,0.01,0.0,0.3,channel,0.000675,4.8e-06,6.75,48.0,0.06715496646681758,1.0455814047524675e+17
p2_bulk_nta_1e18_common_primary,NTA 1e18 common-primary state,top_primary,interface_4x,T03_P2_BULK_TRAPS_FORMAL,enabled_symmetric_teaching_top_stack,0.0,0.01,0.0,0.3,channel,0.000675,4.875e-06,6.75,48.75,0.06937608310205072,1.1393862341650896e+17
p2_bulk_nta_1e18_common_primary,NTA 1e18 common-primary state,top_primary,interface_4x,T03_P2_BULK_TRAPS_FORMAL,enabled_symmetric_teaching_top_stack,0.0,0.01,0.0,0.3,channel,0.000675,4.95e-06,6.75,49.5,0.07172546850159886,1.2477825439589318e+17
p2_bulk_nta_1e18_common_primary,NTA 1e18 common-primary state,top_primary,interface_4x,T03_P2_BULK_TRAPS_FORMAL,enabled_symmetric_teaching_top_stack,0.0,0.01,0.0,0.3,channel,0.000675,5.025e-06,6.75,50.25,0.07421479700609844,1.3739084165427357e+17
p2_bulk_nta_1e18_common_primary,NTA 1e18 common-primary state,top_primary,interface_4x,T03_P2_BULK_TRAPS_FORMAL,enabled_symmetric_teaching_top_stack,0.0,0.01,0.0,0.3,channel,0.000675,5.1e-06,6.75,51.0,0.07685760368197571,1.5217908977581498e+17
p2_bulk_nta_1e18_common_primary,NTA 1e18 common-primary state,top_primary,interface_4x,T03_P2_BULK_TRAPS_FORMAL,enabled_symmetric_teaching_top_stack,0.0,0.01,0.0,0.3,channel,0.000675,5.1750000000000004e-06,6.75,51.75000000000001,0.07966970158632045,1.6966651825457194e+17
p2_bulk_nta_1e18_common_primary,NTA 1e18 common-primary state,top_primary,interface_4x,T03_P2_BULK_TRAPS_FORMAL,enabled_symmetric_teaching_top_stack,0.0,0.01,0.0,0.3,channel,0.000675,5.2500000000000006e-06,6.75,52.50000000000001,0.08266972340877747,1.9054356927558746e+17
p2_bulk_nta_1e18_common_primary,NTA 1e18 common-primary state,top_primary,interface_4x,T03_P2_BULK_TRAPS_FORMAL,enabled_symmetric_teaching_top_stack,0.0,0.01,0.0,0.3,channel,0.000675,5.325e-06,6.75,53.25,0.08587983477499912,2.1573558845036176e+17
p2_bulk_nta_1e18_common_primary,NTA 1e18 common-primary state,top_primary,interface_4x,T03_P2_BULK_TRAPS_FORMAL,enabled_symmetric_teaching_top_stack,0.0,0.01,0.0,0.3,channel,0.000675,5.4e-06,6.75,54.0,0.08932668887171154,2.4650537529600163e+17
p2_bulk_nta_1e18_common_primary,NTA 1e18 common-primary state,top_primary,interface_4x,T03_P2_BULK_TRAPS_FORMAL,enabled_symmetric_teaching_top_stack,0.0,0.01,0.0,0.3,channel,0.0007,3e-06,7.0,30.0,0.0372562361700701,3.2607452978492252e+16
p2_bulk_nta_1e18_common_primary,NTA 1e18 common-primary state,top_primary,interface_4x,T03_P2_BULK_TRAPS_FORMAL,enabled_symmetric_teaching_top_stack,0.0,0.01,0.0,0.3,channel,0.0007,3.075e-06,7.0,30.750000000000004,0.0379086818428635,3.3440863378694804e+16
p2_bulk_nta_1e18_common_primary,NTA 1e18 common-primary state,top_primary,interface_4x,T03_P2_BULK_TRAPS_FORMAL,enabled_symmetric_teaching_top_stack,0.0,0.01,0.0,0.3,channel,0.0007,3.1500000000000003e-06,7.0,31.500000000000004,0.0386002771728781,3.434755057703056e+16
p2_bulk_nta_1e18_common_primary,NTA 1e18 common-primary state,top_primary,interface_4x,T03_P2_BULK_TRAPS_FORMAL,enabled_symmetric_teaching_top_stack,0.0,0.01,0.0,0.3,channel,0.0007,3.225e-06,7.0,32.25,0.03933207540173317,3.5333726315933092e+16
p2_bulk_nta_1e18_common_primary,NTA 1e18 common-primary state,top_primary,interface_4x,T03_P2_BULK_TRAPS_FORMAL,enabled_symmetric_teaching_top_stack,0.0,0.01,0.0,0.3,channel,0.0007,3.3e-06,7.0,33.0,0.040105219419418484,3.640639598974336e+16
p2_bulk_nta_1e18_common_primary,NTA 1e18 common-primary state,top_primary,interface_4x,T03_P2_BULK_TRAPS_FORMAL,enabled_symmetric_teaching_top_stack,0.0,0.01,0.0,0.3,channel,0.0007,3.3750000000000003e-06,7.0,33.75,0.04092094932159366,3.7573473688449624e+16
p2_bulk_nta_1e18_common_primary,NTA 1e18 common-primary state,top_primary,interface_4x,T03_P2_BULK_TRAPS_FORMAL,enabled_symmetric_teaching_top_stack,0.0,0.01,0.0,0.3,channel,0.0007,3.45e-06,7.0,34.5,0.04178061093321905,3.884391785469142e+16
p2_bulk_nta_1e18_common_primary,NTA 1e18 common-primary state,top_primary,interface_4x,T03_P2_BULK_TRAPS_FORMAL,enabled_symmetric_teaching_top_stack,0.0,0.01,0.0,0.3,channel,0.0007,3.525e-06,7.0,35.25,0.04268566544094745,4.022789180941236e+16
p2_bulk_nta_1e18_common_primary,NTA 1e18 common-primary state,top_primary,interface_4x,T03_P2_BULK_TRAPS_FORMAL,enabled_symmetric_teaching_top_stack,0.0,0.01,0.0,0.3,channel,0.0007,3.6000000000000003e-06,7.0,36.0,0.04363770030263502,4.173695442141968e+16
p2_bulk_nta_1e18_common_primary,NTA 1e18 common-primary state,top_primary,interface_4x,T03_P2_BULK_TRAPS_FORMAL,enabled_symmetric_teaching_top_stack,0.0,0.01,0.0,0.3,channel,0.0007,3.6750000000000004e-06,7.0,36.75000000000001,0.04463844163373015,4.3384287493914216e+16
p2_bulk_nta_1e18_common_primary,NTA 1e18 common-primary state,top_primary,interface_4x,T03_P2_BULK_TRAPS_FORMAL,enabled_symmetric_teaching_top_stack,0.0,0.01,0.0,0.3,channel,0.0007,3.7500000000000005e-06,7.0,37.50000000000001,0.04568976830851052,4.518496810246036e+16
p2_bulk_nta_1e18_common_primary,NTA 1e18 common-primary state,top_primary,interface_4x,T03_P2_BULK_TRAPS_FORMAL,enabled_symmetric_teaching_top_stack,0.0,0.01,0.0,0.3,channel,0.0007,3.825000000000001e-06,7.0,38.25000000000001,0.04679372806087774,4.715629625915127e+16
p2_bulk_nta_1e18_common_primary,NTA 1e18 common-primary state,top_primary,interface_4x,T03_P2_BULK_TRAPS_FORMAL,enabled_symmetric_teaching_top_stack,0.0,0.01,0.0,0.3,channel,0.0007,3.9e-06,7.0,39.0,0.047952555926893875,4.931819105317684e+16
p2_bulk_nta_1e18_common_primary,NTA 1e18 common-primary state,top_primary,interface_4x,T03_P2_BULK_TRAPS_FORMAL,enabled_symmetric_teaching_top_stack,0.0,0.01,0.0,0.3,channel,0.0007,3.975e-06,7.0,39.75,0.049168695442317126,5.169367204220835e+16
p2_bulk_nta_1e18_common_primary,NTA 1e18 common-primary state,top_primary,interface_4x,T03_P2_BULK_TRAPS_FORMAL,enabled_symmetric_teaching_top_stack,0.0,0.01,0.0,0.3,channel,0.0007,4.05e-06,7.0,40.5,0.050444823096800144,5.4309447436317256e+16
p2_bulk_nta_1e18_common_primary,NTA 1e18 common-primary state,top_primary,interface_4x,T03_P2_BULK_TRAPS_FORMAL,enabled_symmetric_teaching_top_stack,0.0,0.01,0.0,0.3,channel,0.0007,4.125e-06,7.0,41.25,0.051783876657065485,5.719663693578591e+16
p2_bulk_nta_1e18_common_primary,NTA 1e18 common-primary state,top_primary,interface_4x,T03_P2_BULK_TRAPS_FORMAL,enabled_symmetric_teaching_top_stack,0.0,0.01,0.0,0.3,channel,0.0007,4.2000000000000004e-06,7.0,42.00000000000001,0.0531890881107724,6.039166553047035e+16
p2_bulk_nta_1e18_common_primary,NTA 1e18 common-primary state,top_primary,interface_4x,T03_P2_BULK_TRAPS_FORMAL,enabled_symmetric_teaching_top_stack,0.0,0.01,0.0,0.3,channel,0.0007,4.2750000000000006e-06,7.0,42.75000000000001,0.05466402215962905,6.393737595536867e+16
p2_bulk_nta_1e18_common_primary,NTA 1e18 common-primary state,top_primary,interface_4x,T03_P2_BULK_TRAPS_FORMAL,enabled_symmetric_teaching_top_stack,0.0,0.01,0.0,0.3,channel,0.0007,4.350000000000001e-06,7.0,43.50000000000001,0.05621262141629227,6.788442299068336e+16
p2_bulk_nta_1e18_common_primary,NTA 1e18 common-primary state,top_primary,interface_4x,T03_P2_BULK_TRAPS_FORMAL,enabled_symmetric_teaching_top_stack,0.0,0.01,0.0,0.3,channel,0.0007,4.425e-06,7.0,44.25,0.05783925975065481,7.229303408370075e+16
p2_bulk_nta_1e18_common_primary,NTA 1e18 common-primary state,top_primary,interface_4x,T03_P2_BULK_TRAPS_FORMAL,enabled_symmetric_teaching_top_stack,0.0,0.01,0.0,0.3,channel,0.0007,4.5e-06,7.0,45.0,0.05954880560911438,7.72352503294719e+16
p2_bulk_nta_1e18_common_primary,NTA 1e18 common-primary state,top_primary,interface_4x,T03_P2_BULK_TRAPS_FORMAL,enabled_symmetric_teaching_top_stack,0.0,0.01,0.0,0.3,channel,0.0007,4.575e-06,7.0,45.75,0.06134669762569084,8.279780335182298e+16
p2_bulk_nta_1e18_common_primary,NTA 1e18 common-primary state,top_primary,interface_4x,T03_P2_BULK_TRAPS_FORMAL,enabled_symmetric_teaching_top_stack,0.0,0.01,0.0,0.3,channel,0.0007,4.65e-06,7.0,46.50000000000001,0.0632390354989926,8.908584260423338e+16
p2_bulk_nta_1e18_common_primary,NTA 1e18 common-primary state,top_primary,interface_4x,T03_P2_BULK_TRAPS_FORMAL,enabled_symmetric_teaching_top_stack,0.0,0.01,0.0,0.3,channel,0.0007,4.7250000000000005e-06,7.0,47.25000000000001,0.06523268998450184,9.622781250215904e+16
p2_bulk_nta_1e18_common_primary,NTA 1e18 common-primary state,top_primary,interface_4x,T03_P2_BULK_TRAPS_FORMAL,enabled_symmetric_teaching_top_stack,0.0,0.01,0.0,0.3,channel,0.0007,4.8e-06,7.0,48.0,0.0673354370344569,1.0438190269376672e+17
p2_bulk_nta_1e18_common_primary,NTA 1e18 common-primary state,top_primary,interface_4x,T03_P2_BULK_TRAPS_FORMAL,enabled_symmetric_teaching_top_stack,0.0,0.01,0.0,0.3,channel,0.0007,4.875e-06,7.0,48.75,0.06955612273466484,1.1374467831801546e+17
p2_bulk_nta_1e18_common_primary,NTA 1e18 common-primary state,top_primary,interface_4x,T03_P2_BULK_TRAPS_FORMAL,enabled_symmetric_teaching_top_stack,0.0,0.01,0.0,0.3,channel,0.0007,4.95e-06,7.0,49.5,0.07190486792678756,1.2456277344251973e+17
p2_bulk_nta_1e18_common_primary,NTA 1e18 common-primary state,top_primary,interface_4x,T03_P2_BULK_TRAPS_FORMAL,enabled_symmetric_teaching_top_stack,0.0,0.01,0.0,0.3,channel,0.0007,5.025e-06,7.0,50.25,0.07439332454878939,1.3714895433110915e+17
p2_bulk_nta_1e18_common_primary,NTA 1e18 common-primary state,top_primary,interface_4x,T03_P2_BULK_TRAPS_FORMAL,enabled_symmetric_teaching_top_stack,0.0,0.01,0.0,0.3,channel,0.0007,5.1e-06,7.0,51.0,0.0770350002084145,1.5190452066832387e+17
p2_bulk_nta_1e18_common_primary,NTA 1e18 common-primary state,top_primary,interface_4x,T03_P2_BULK_TRAPS_FORMAL,enabled_symmetric_teaching_top_stack,0.0,0.01,0.0,0.3,channel,0.0007,5.1750000000000004e-06,7.0,51.75000000000001,0.07984567400099797,1.6935106813940733e+17
p2_bulk_nta_1e18_common_primary,NTA 1e18 common-primary state,top_primary,interface_4x,T03_P2_BULK_TRAPS_FORMAL,enabled_symmetric_teaching_top_stack,0.0,0.01,0.0,0.3,channel,0.0007,5.2500000000000006e-06,7.0,52.50000000000001,0.0828439361718884,1.901763587402176e+17
p2_bulk_nta_1e18_common_primary,NTA 1e18 common-primary state,top_primary,interface_4x,T03_P2_BULK_TRAPS_FORMAL,enabled_symmetric_teaching_top_stack,0.0,0.01,0.0,0.3,channel,0.0007,5.325e-06,7.0,53.25,0.08605189866501088,2.153019314234711e+17
p2_bulk_nta_1e18_common_primary,NTA 1e18 common-primary state,top_primary,interface_4x,T03_P2_BULK_TRAPS_FORMAL,enabled_symmetric_teaching_top_stack,0.0,0.01,0.0,0.3,channel,0.0007,5.4e-06,7.0,54.0,0.08949614583913686,2.4598506048337734e+17
p2_bulk_nta_1e18_common_primary,NTA 1e18 common-primary state,top_primary,interface_4x,T03_P2_BULK_TRAPS_FORMAL,enabled_symmetric_teaching_top_stack,0.0,0.01,0.0,0.3,channel,0.0007250000000000001,3e-06,7.250000000000001,30.0,0.03740706810534525,3.2514653088550092e+16
p2_bulk_nta_1e18_common_primary,NTA 1e18 common-primary state,top_primary,interface_4x,T03_P2_BULK_TRAPS_FORMAL,enabled_symmetric_teaching_top_stack,0.0,0.01,0.0,0.3,channel,0.0007250000000000001,3.075e-06,7.250000000000001,30.750000000000004,0.03806202383266177,3.3348929424849984e+16
p2_bulk_nta_1e18_common_primary,NTA 1e18 common-primary state,top_primary,interface_4x,T03_P2_BULK_TRAPS_FORMAL,enabled_symmetric_teaching_top_stack,0.0,0.01,0.0,0.3,channel,0.0007250000000000001,3.1500000000000003e-06,7.250000000000001,31.500000000000004,0.038756022286702795,3.4256308219167772e+16
p2_bulk_nta_1e18_common_primary,NTA 1e18 common-primary state,top_primary,interface_4x,T03_P2_BULK_TRAPS_FORMAL,enabled_symmetric_teaching_top_stack,0.0,0.01,0.0,0.3,channel,0.0007250000000000001,3.225e-06,7.250000000000001,32.25,0.03949011775809062,3.5242995836636504e+16
p2_bulk_nta_1e18_common_primary,NTA 1e18 common-primary state,top_primary,interface_4x,T03_P2_BULK_TRAPS_FORMAL,enabled_symmetric_teaching_top_stack,0.0,0.01,0.0,0.3,channel,0.0007250000000000001,3.3e-06,7.250000000000001,33.0,0.04026545398337686,3.63159904993881e+16
p2_bulk_nta_1e18_common_primary,NTA 1e18 common-primary state,top_primary,interface_4x,T03_P2_BULK_TRAPS_FORMAL,enabled_symmetric_teaching_top_stack,0.0,0.01,0.0,0.3,channel,0.0007250000000000001,3.3750000000000003e-06,7.250000000000001,33.75,0.04108327169508234,3.748319709826974e+16
p2_bulk_nta_1e18_common_primary,NTA 1e18 common-primary state,top_primary,interface_4x,T03_P2_BULK_TRAPS_FORMAL,enabled_symmetric_teaching_top_stack,0.0,0.01,0.0,0.3,channel,0.0007250000000000001,3.45e-06,7.250000000000001,34.5,0.041944917135918976,3.875356256314429e+16
p2_bulk_nta_1e18_common_primary,NTA 1e18 common-primary state,top_primary,interface_4x,T03_P2_BULK_TRAPS_FORMAL,enabled_symmetric_teaching_top_stack,0.0,0.01,0.0,0.3,channel,0.0007250000000000001,3.525e-06,7.250000000000001,35.25,0.04285185167932471,4.01372360349881e+16
p2_bulk_nta_1e18_common_primary,NTA 1e18 common-primary state,top_primary,interface_4x,T03_P2_BULK_TRAPS_FORMAL,enabled_symmetric_teaching_top_stack,0.0,0.01,0.0,0.3,channel,0.0007250000000000001,3.6000000000000003e-06,7.250000000000001,36.0,0.04380566272430282,4.164575909952173e+16
p2_bulk_nta_1e18_common_primary,NTA 1e18 common-primary state,top_primary,interface_4x,T03_P2_BULK_TRAPS_FORMAL,enabled_symmetric_teaching_top_stack,0.0,0.01,0.0,0.3,channel,0.0007250000000000001,3.6750000000000004e-06,7.250000000000001,36.75000000000001,0.04480807606387124,4.32922926355537e+16
p2_bulk_nta_1e18_common_primary,NTA 1e18 common-primary state,top_primary,interface_4x,T03_P2_BULK_TRAPS_FORMAL,enabled_symmetric_teaching_top_stack,0.0,0.01,0.0,0.3,channel,0.0007250000000000001,3.7500000000000005e-06,7.250000000000001,37.50000000000001,0.045860969964533385,4.509188848691154e+16
p2_bulk_nta_1e18_common_primary,NTA 1e18 common-primary state,top_primary,interface_4x,T03_P2_BULK_TRAPS_FORMAL,enabled_symmetric_teaching_top_stack,0.0,0.01,0.0,0.3,channel,0.0007250000000000001,3.825000000000001e-06,7.250000000000001,38.25000000000001,0.04696639124078862,4.7061816299578856e+16
p2_bulk_nta_1e18_common_primary,NTA 1e18 common-primary state,top_primary,interface_4x,T03_P2_BULK_TRAPS_FORMAL,enabled_symmetric_teaching_top_stack,0.0,0.01,0.0,0.3,channel,0.0007250000000000001,3.9e-06,7.250000000000001,39.0,0.048126573666008525,4.922195863108119e+16
p2_bulk_nta_1e18_common_primary,NTA 1e18 common-primary state,top_primary,interface_4x,T03_P2_BULK_TRAPS_FORMAL,enabled_symmetric_teaching_top_stack,0.0,0.01,0.0,0.3,channel,0.0007250000000000001,3.975e-06,7.250000000000001,39.75,0.049343959131867385,5.1595291049927096e+16
p2_bulk_nta_1e18_common_primary,NTA 1e18 common-primary state,top_primary,interface_4x,T03_P2_BULK_TRAPS_FORMAL,enabled_symmetric_teaching_top_stack,0.0,0.01,0.0,0.3,channel,0.0007250000000000001,4.05e-06,7.250000000000001,40.5,0.05062122205665178,5.4208468692046616e+16
p2_bulk_nta_1e18_common_primary,NTA 1e18 common-primary state,top_primary,interface_4x,T03_P2_BULK_TRAPS_FORMAL,enabled_symmetric_teaching_top_stack,0.0,0.01,0.0,0.3,channel,0.0007250000000000001,4.125e-06,7.250000000000001,41.25,0.051961297653078824,5.70925470360446e+16
p2_bulk_nta_1e18_common_primary,NTA 1e18 common-primary state,top_primary,interface_4x,T03_P2_BULK_TRAPS_FORMAL,enabled_symmetric_teaching_top_stack,0.0,0.01,0.0,0.3,channel,0.0007250000000000001,4.2000000000000004e-06,7.250000000000001,42.00000000000001,0.05336741480520345,6.028387307131985e+16
p2_bulk_nta_1e18_common_primary,NTA 1e18 common-primary state,top_primary,interface_4x,T03_P2_BULK_TRAPS_FORMAL,enabled_symmetric_teaching_top_stack,0.0,0.01,0.0,0.3,channel,0.0007250000000000001,4.2750000000000006e-06,7.250000000000001,42.75000000000001,0.05484313448024868,6.382519437277922e+16
p2_bulk_nta_1e18_common_primary,NTA 1e18 common-primary state,top_primary,interface_4x,T03_P2_BULK_TRAPS_FORMAL,enabled_symmetric_teaching_top_stack,0.0,0.01,0.0,0.3,channel,0.0007250000000000001,4.350000000000001e-06,7.250000000000001,43.50000000000001,0.05639239482640857,6.776704902312194e+16
p2_bulk_nta_1e18_common_primary,NTA 1e18 common-primary state,top_primary,interface_4x,T03_P2_BULK_TRAPS_FORMAL,enabled_symmetric_teaching_top_stack,0.0,0.01,0.0,0.3,channel,0.0007250000000000001,4.425e-06,7.250000000000001,44.25,0.058019564397704934,7.216952051854206e+16
p2_bulk_nta_1e18_common_primary,NTA 1e18 common-primary state,top_primary,interface_4x,T03_P2_BULK_TRAPS_FORMAL,enabled_symmetric_teaching_top_stack,0.0,0.01,0.0,0.3,channel,0.0007250000000000001,4.5e-06,7.250000000000001,45.0,0.05972950532359624,7.710447121825555e+16
p2_bulk_nta_1e18_common_primary,NTA 1e18 common-primary state,top_primary,interface_4x,T03_P2_BULK_TRAPS_FORMAL,enabled_symmetric_teaching_top_stack,0.0,0.01,0.0,0.3,channel,0.0007250000000000001,4.575e-06,7.250000000000001,45.75,0.061527648734443365,8.265840920655389e+16
p2_bulk_nta_1e18_common_primary,NTA 1e18 common-primary state,top_primary,interface_4x,T03_P2_BULK_TRAPS_FORMAL,enabled_symmetric_teaching_top_stack,0.0,0.01,0.0,0.3,channel,0.0007250000000000001,4.65e-06,7.250000000000001,46.50000000000001,0.06342008540651463,8.893620212524462e+16
p2_bulk_nta_1e18_common_primary,NTA 1e18 common-primary state,top_primary,interface_4x,T03_P2_BULK_TRAPS_FORMAL,enabled_symmetric_teaching_top_stack,0.0,0.01,0.0,0.3,channel,0.0007250000000000001,4.7250000000000005e-06,7.250000000000001,47.25000000000001,0.06541367546213982,9.606593599515858e+16
p2_bulk_nta_1e18_common_primary,NTA 1e18 common-primary state,top_primary,interface_4x,T03_P2_BULK_TRAPS_FORMAL,enabled_symmetric_teaching_top_stack,0.0,0.01,0.0,0.3,channel,0.0007250000000000001,4.8e-06,7.250000000000001,48.0,0.06751618213846189,1.0420534028713794e+17
p2_bulk_nta_1e18_common_primary,NTA 1e18 common-primary state,top_primary,interface_4x,T03_P2_BULK_TRAPS_FORMAL,enabled_symmetric_teaching_top_stack,0.0,0.01,0.0,0.3,channel,0.0007250000000000001,4.875e-06,7.250000000000001,48.75,0.06973643624822444,1.1355038303759874e+17
p2_bulk_nta_1e18_common_primary,NTA 1e18 common-primary state,top_primary,interface_4x,T03_P2_BULK_TRAPS_FORMAL,enabled_symmetric_teaching_top_stack,0.0,0.01,0.0,0.3,channel,0.0007250000000000001,4.95e-06,7.250000000000001,49.5,0.07208454018505289,1.2434691456704214e+17
p2_bulk_nta_1e18_common_primary,NTA 1e18 common-primary state,top_primary,interface_4x,T03_P2_BULK_TRAPS_FORMAL,enabled_symmetric_teaching_top_stack,0.0,0.01,0.0,0.3,channel,0.0007250000000000001,5.025e-06,7.250000000000001,50.25,0.07457212345489979,1.3690665928974942e+17
p2_bulk_nta_1e18_common_primary,NTA 1e18 common-primary state,top_primary,interface_4x,T03_P2_BULK_TRAPS_FORMAL,enabled_symmetric_teaching_top_stack,0.0,0.01,0.0,0.3,channel,0.0007250000000000001,5.1e-06,7.250000000000001,51.0,0.07721266617524968,1.516295124505858e+17
p2_bulk_nta_1e18_common_primary,NTA 1e18 common-primary state,top_primary,interface_4x,T03_P2_BULK_TRAPS_FORMAL,enabled_symmetric_teaching_top_stack,0.0,0.01,0.0,0.3,channel,0.0007250000000000001,5.1750000000000004e-06,7.250000000000001,51.75000000000001,0.08002191344631951,1.6903514699057485e+17
p2_bulk_nta_1e18_common_primary,NTA 1e18 common-primary state,top_primary,interface_4x,T03_P2_BULK_TRAPS_FORMAL,enabled_symmetric_teaching_top_stack,0.0,0.01,0.0,0.3,channel,0.0007250000000000001,5.2500000000000006e-06,7.250000000000001,52.50000000000001,0.0830184130350783,1.898086468720005e+17
p2_bulk_nta_1e18_common_primary,NTA 1e18 common-primary state,top_primary,interface_4x,T03_P2_BULK_TRAPS_FORMAL,enabled_symmetric_teaching_top_stack,0.0,0.01,0.0,0.3,channel,0.0007250000000000001,5.325e-06,7.250000000000001,53.25,0.08622422317109725,2.1486774851858848e+17
p2_bulk_nta_1e18_common_primary,NTA 1e18 common-primary state,top_primary,interface_4x,T03_P2_BULK_TRAPS_FORMAL,enabled_symmetric_teaching_top_stack,0.0,0.01,0.0,0.3,channel,0.0007250000000000001,5.4e-06,7.250000000000001,54.0,0.08966585935820907,2.4546420874338874e+17
p2_bulk_nta_1e18_common_primary,NTA 1e18 common-primary state,top_primary,interface_4x,T03_P2_BULK_TRAPS_FORMAL,enabled_symmetric_teaching_top_stack,0.0,0.01,0.0,0.3,channel,0.00075,3e-06,7.5,30.0,0.037558121253746225,3.2421854184786036e+16
p2_bulk_nta_1e18_common_primary,NTA 1e18 common-primary state,top_primary,interface_4x,T03_P2_BULK_TRAPS_FORMAL,enabled_symmetric_teaching_top_stack,0.0,0.01,0.0,0.3,channel,0.00075,3.075e-06,7.5,30.750000000000004,0.03821559078317178,3.3256983135140932e+16
p2_bulk_nta_1e18_common_primary,NTA 1e18 common-primary state,top_primary,interface_4x,T03_P2_BULK_TRAPS_FORMAL,enabled_symmetric_teaching_top_stack,0.0,0.01,0.0,0.3,channel,0.00075,3.1500000000000003e-06,7.5,31.500000000000004,0.038911996068865605,3.416504082763871e+16
p2_bulk_nta_1e18_common_primary,NTA 1e18 common-primary state,top_primary,interface_4x,T03_P2_BULK_TRAPS_FORMAL,enabled_symmetric_teaching_top_stack,0.0,0.01,0.0,0.3,channel,0.00075,3.225e-06,7.5,32.25,0.03964839243724044,3.5152228164871332e+16
p2_bulk_nta_1e18_common_primary,NTA 1e18 common-primary state,top_primary,interface_4x,T03_P2_BULK_TRAPS_FORMAL,enabled_symmetric_teaching_top_stack,0.0,0.01,0.0,0.3,channel,0.00075,3.3e-06,7.5,33.0,0.04042592445877815,3.622553611468169e+16
p2_bulk_nta_1e18_common_primary,NTA 1e18 common-primary state,top_primary,interface_4x,T03_P2_BULK_TRAPS_FORMAL,enabled_symmetric_teaching_top_stack,0.0,0.01,0.0,0.3,channel,0.00075,3.3750000000000003e-06,7.5,33.75,0.04124583349072127,3.739286028898353e+16
p2_bulk_nta_1e18_common_primary,NTA 1e18 common-primary state,top_primary,interface_4x,T03_P2_BULK_TRAPS_FORMAL,enabled_symmetric_teaching_top_stack,0.0,0.01,0.0,0.3,channel,0.00075,3.45e-06,7.5,34.5,0.042109466181799206,3.866313602648761e+16
p2_bulk_nta_1e18_common_primary,NTA 1e18 common-primary state,top_primary,interface_4x,T03_P2_BULK_TRAPS_FORMAL,enabled_symmetric_teaching_top_stack,0.0,0.01,0.0,0.3,channel,0.00075,3.525e-06,7.5,35.25,0.04301828408082159,4.004649821036267e+16
p2_bulk_nta_1e18_common_primary,NTA 1e18 common-primary state,top_primary,interface_4x,T03_P2_BULK_TRAPS_FORMAL,enabled_symmetric_teaching_top_stack,0.0,0.01,0.0,0.3,channel,0.00075,3.6000000000000003e-06,7.5,36.0,0.04397387451676161,4.155447106502936e+16
p2_bulk_nta_1e18_common_primary,NTA 1e18 common-primary state,top_primary,interface_4x,T03_P2_BULK_TRAPS_FORMAL,enabled_symmetric_teaching_top_stack,0.0,0.01,0.0,0.3,channel,0.00075,3.6750000000000004e-06,7.5,36.75000000000001,0.04497796294918127,4.320019446537028e+16
p2_bulk_nta_1e18_common_primary,NTA 1e18 common-primary state,top_primary,interface_4x,T03_P2_BULK_TRAPS_FORMAL,enabled_symmetric_teaching_top_stack,0.0,0.01,0.0,0.3,channel,0.00075,3.7500000000000005e-06,7.5,37.50000000000001,0.04603242702585018,4.499869494162028e+16
p2_bulk_nta_1e18_common_primary,NTA 1e18 common-primary state,top_primary,interface_4x,T03_P2_BULK_TRAPS_FORMAL,enabled_symmetric_teaching_top_stack,0.0,0.01,0.0,0.3,channel,0.00075,3.825000000000001e-06,7.5,38.25000000000001,0.04713931263088346,4.6967211688405784e+16
p2_bulk_nta_1e18_common_primary,NTA 1e18 common-primary state,top_primary,interface_4x,T03_P2_BULK_TRAPS_FORMAL,enabled_symmetric_teaching_top_stack,0.0,0.01,0.0,0.3,channel,0.00075,3.9e-06,7.5,39.0,0.04830085226386621,4.912559064179882e+16
p2_bulk_nta_1e18_common_primary,NTA 1e18 common-primary state,top_primary,interface_4x,T03_P2_BULK_TRAPS_FORMAL,enabled_symmetric_teaching_top_stack,0.0,0.01,0.0,0.3,channel,0.00075,3.975e-06,7.5,39.75,0.049519486161082295,5.149676328557596e+16
p2_bulk_nta_1e18_common_primary,NTA 1e18 common-primary state,top_primary,interface_4x,T03_P2_BULK_TRAPS_FORMAL,enabled_symmetric_teaching_top_stack,0.0,0.01,0.0,0.3,channel,0.00075,4.05e-06,7.5,40.5,0.05079788665783271,5.410733157884677e+16
p2_bulk_nta_1e18_common_primary,NTA 1e18 common-primary state,top_primary,interface_4x,T03_P2_BULK_TRAPS_FORMAL,enabled_symmetric_teaching_top_stack,0.0,0.01,0.0,0.3,channel,0.00075,4.125e-06,7.5,41.25,0.05213898640078683,5.6988286667337016e+16
p2_bulk_nta_1e18_common_primary,NTA 1e18 common-primary state,top_primary,interface_4x,T03_P2_BULK_TRAPS_FORMAL,enabled_symmetric_teaching_top_stack,0.0,0.01,0.0,0.3,channel,0.00075,4.2000000000000004e-06,7.5,42.00000000000001,0.053546011157811275,6.017589741879841e+16
p2_bulk_nta_1e18_common_primary,NTA 1e18 common-primary state,top_primary,interface_4x,T03_P2_BULK_TRAPS_FORMAL,enabled_symmetric_teaching_top_stack,0.0,0.01,0.0,0.3,channel,0.00075,4.2750000000000006e-06,7.5,42.75000000000001,0.055022518148389044,6.371281611541178e+16
p2_bulk_nta_1e18_common_primary,NTA 1e18 common-primary state,top_primary,interface_4x,T03_P2_BULK_TRAPS_FORMAL,enabled_symmetric_teaching_top_stack,0.0,0.01,0.0,0.3,channel,0.00075,4.350000000000001e-06,7.5,43.50000000000001,0.056572441042184264,6.764946399696612e+16
p2_bulk_nta_1e18_common_primary,NTA 1e18 common-primary state,top_primary,interface_4x,T03_P2_BULK_TRAPS_FORMAL,enabled_symmetric_teaching_top_stack,0.0,0.01,0.0,0.3,channel,0.00075,4.425e-06,7.5,44.25,0.05820014306231365,7.20457804494018e+16
p2_bulk_nta_1e18_common_primary,NTA 1e18 common-primary state,top_primary,interface_4x,T03_P2_BULK_TRAPS_FORMAL,enabled_symmetric_teaching_top_stack,0.0,0.01,0.0,0.3,channel,0.00075,4.5e-06,7.5,45.0,0.05991048000512603,7.697344892292051e+16
p2_bulk_nta_1e18_common_primary,NTA 1e18 common-primary state,top_primary,interface_4x,T03_P2_BULK_TRAPS_FORMAL,enabled_symmetric_teaching_top_stack,0.0,0.01,0.0,0.3,channel,0.00075,4.575e-06,7.5,45.75,0.061708875479832295,8.251875377617722e+16
p2_bulk_nta_1e18_common_primary,NTA 1e18 common-primary state,top_primary,interface_4x,T03_P2_BULK_TRAPS_FORMAL,enabled_symmetric_teaching_top_stack,0.0,0.01,0.0,0.3,channel,0.00075,4.65e-06,7.5,46.50000000000001,0.06360141132135115,8.878628064381976e+16
p2_bulk_nta_1e18_common_primary,NTA 1e18 common-primary state,top_primary,interface_4x,T03_P2_BULK_TRAPS_FORMAL,enabled_symmetric_teaching_top_stack,0.0,0.01,0.0,0.3,channel,0.00075,4.7250000000000005e-06,7.5,47.25000000000001,0.06559493699812342,9.59037569549914e+16
p2_bulk_nta_1e18_common_primary,NTA 1e18 common-primary state,top_primary,interface_4x,T03_P2_BULK_TRAPS_FORMAL,enabled_symmetric_teaching_top_stack,0.0,0.01,0.0,0.3,channel,0.00075,4.8e-06,7.5,48.0,0.06769720300952195,1.0402845181977061e+17
p2_bulk_nta_1e18_common_primary,NTA 1e18 common-primary state,top_primary,interface_4x,T03_P2_BULK_TRAPS_FORMAL,enabled_symmetric_teaching_top_stack,0.0,0.01,0.0,0.3,channel,0.00075,4.875e-06,7.5,48.75,0.06991702487041584,1.1335573603011805e+17
p2_bulk_nta_1e18_common_primary,NTA 1e18 common-primary state,top_primary,interface_4x,T03_P2_BULK_TRAPS_FORMAL,enabled_symmetric_teaching_top_stack,0.0,0.01,0.0,0.3,channel,0.00075,4.95e-06,7.5,49.5,0.07226448649928956,1.2413067610883056e+17
p2_bulk_nta_1e18_common_primary,NTA 1e18 common-primary state,top_primary,interface_4x,T03_P2_BULK_TRAPS_FORMAL,enabled_symmetric_teaching_top_stack,0.0,0.01,0.0,0.3,channel,0.00075,5.025e-06,7.5,50.25,0.07475119494062041,1.3666395474912854e+17
p2_bulk_nta_1e18_common_primary,NTA 1e18 common-primary state,top_primary,interface_4x,T03_P2_BULK_TRAPS_FORMAL,enabled_symmetric_teaching_top_stack,0.0,0.01,0.0,0.3,channel,0.00075,5.1e-06,7.5,51.0,0.07739060278992654,1.5135406321806592e+17
p2_bulk_nta_1e18_common_primary,NTA 1e18 common-primary state,top_primary,interface_4x,T03_P2_BULK_TRAPS_FORMAL,enabled_symmetric_teaching_top_stack,0.0,0.01,0.0,0.3,channel,0.00075,5.1750000000000004e-06,7.5,51.75000000000001,0.08019842111881026,1.6871875278031882e+17
p2_bulk_nta_1e18_common_primary,NTA 1e18 common-primary state,top_primary,interface_4x,T03_P2_BULK_TRAPS_FORMAL,enabled_symmetric_teaching_top_stack,0.0,0.01,0.0,0.3,channel,0.00075,5.2500000000000006e-06,7.5,52.50000000000001,0.0831931551816443,1.894404315254336e+17
p2_bulk_nta_1e18_common_primary,NTA 1e18 common-primary state,top_primary,interface_4x,T03_P2_BULK_TRAPS_FORMAL,enabled_symmetric_teaching_top_stack,0.0,0.01,0.0,0.3,channel,0.00075,5.325e-06,7.5,53.25,0.08639680946089044,2.1443303748573984e+17
p2_bulk_nta_1e18_common_primary,NTA 1e18 common-primary state,top_primary,interface_4x,T03_P2_BULK_TRAPS_FORMAL,enabled_symmetric_teaching_top_stack,0.0,0.01,0.0,0.3,channel,0.00075,5.4e-06,7.5,54.0,0.08983583057834287,2.4494281774559142e+17
p2_bulk_nta_1e18_common_primary,NTA 1e18 common-primary state,top_primary,interface_4x,T03_P2_BULK_TRAPS_FORMAL,enabled_symmetric_teaching_top_stack,0.0,0.01,0.0,0.3,channel,0.000775,3e-06,7.75,30.0,0.037709396610588995,3.232905617934974e+16
p2_bulk_nta_1e18_common_primary,NTA 1e18 common-primary state,top_primary,interface_4x,T03_P2_BULK_TRAPS_FORMAL,enabled_symmetric_teaching_top_stack,0.0,0.01,0.0,0.3,channel,0.000775,3.075e-06,7.75,30.750000000000004,0.03836938370651364,3.316502439864263e+16
p2_bulk_nta_1e18_common_primary,NTA 1e18 common-primary state,top_primary,interface_4x,T03_P2_BULK_TRAPS_FORMAL,enabled_symmetric_teaching_top_stack,0.0,0.01,0.0,0.3,channel,0.000775,3.1500000000000003e-06,7.75,31.500000000000004,0.039068199548032534,3.4073748265051224e+16
p2_bulk_nta_1e18_common_primary,NTA 1e18 common-primary state,top_primary,interface_4x,T03_P2_BULK_TRAPS_FORMAL,enabled_symmetric_teaching_top_stack,0.0,0.01,0.0,0.3,channel,0.000775,3.225e-06,7.75,32.25,0.03980690048410688,3.506142313373636e+16
p2_bulk_nta_1e18_common_primary,NTA 1e18 common-primary state,top_primary,interface_4x,T03_P2_BULK_TRAPS_FORMAL,enabled_symmetric_teaching_top_stack,0.0,0.01,0.0,0.3,channel,0.000775,3.3e-06,7.75,33.0,0.04058663190648492,3.6135032636452776e+16
p2_bulk_nta_1e18_common_primary,NTA 1e18 common-primary state,top_primary,interface_4x,T03_P2_BULK_TRAPS_FORMAL,enabled_symmetric_teaching_top_stack,0.0,0.01,0.0,0.3,channel,0.000775,3.3750000000000003e-06,7.75,33.75,0.04140863578495623,3.7302463026605896e+16
p2_bulk_nta_1e18_common_primary,NTA 1e18 common-primary state,top_primary,interface_4x,T03_P2_BULK_TRAPS_FORMAL,enabled_symmetric_teaching_top_stack,0.0,0.01,0.0,0.3,channel,0.000775,3.45e-06,7.75,34.5,0.04227425916249598,3.85726379735386e+16
p2_bulk_nta_1e18_common_primary,NTA 1e18 common-primary state,top_primary,interface_4x,T03_P2_BULK_TRAPS_FORMAL,enabled_symmetric_teaching_top_stack,0.0,0.01,0.0,0.3,channel,0.000775,3.525e-06,7.75,35.25,0.04318496375183191,3.995567802487742e+16
p2_bulk_nta_1e18_common_primary,NTA 1e18 common-primary state,top_primary,interface_4x,T03_P2_BULK_TRAPS_FORMAL,enabled_symmetric_teaching_top_stack,0.0,0.01,0.0,0.3,channel,0.000775,3.6000000000000003e-06,7.75,36.0,0.044142336800687534,4.146308996558551e+16
p2_bulk_nta_1e18_common_primary,NTA 1e18 common-primary state,top_primary,interface_4x,T03_P2_BULK_TRAPS_FORMAL,enabled_symmetric_teaching_top_stack,0.0,0.01,0.0,0.3,channel,0.000775,3.6750000000000004e-06,7.75,36.75000000000001,0.045148103424098834,4.310799258709391e+16
p2_bulk_nta_1e18_common_primary,NTA 1e18 common-primary state,top_primary,interface_4x,T03_P2_BULK_TRAPS_FORMAL,enabled_symmetric_teaching_top_stack,0.0,0.01,0.0,0.3,channel,0.000775,3.7500000000000005e-06,7.75,37.50000000000001,0.046204140640095065,4.490538702415118e+16
p2_bulk_nta_1e18_common_primary,NTA 1e18 common-primary state,top_primary,interface_4x,T03_P2_BULK_TRAPS_FORMAL,enabled_symmetric_teaching_top_stack,0.0,0.01,0.0,0.3,channel,0.000775,3.825000000000001e-06,7.75,38.25000000000001,0.047312493391375984,4.6872481934696584e+16
p2_bulk_nta_1e18_common_primary,NTA 1e18 common-primary state,top_primary,interface_4x,T03_P2_BULK_TRAPS_FORMAL,enabled_symmetric_teaching_top_stack,0.0,0.01,0.0,0.3,channel,0.000775,3.9e-06,7.75,39.0,0.04847539289259253,4.902908654343348e+16
p2_bulk_nta_1e18_common_primary,NTA 1e18 common-primary state,top_primary,interface_4x,T03_P2_BULK_TRAPS_FORMAL,enabled_symmetric_teaching_top_stack,0.0,0.01,0.0,0.3,channel,0.000775,3.975e-06,7.75,39.75,0.04969527771327736,5.1398088153668e+16
p2_bulk_nta_1e18_common_primary,NTA 1e18 common-primary state,top_primary,interface_4x,T03_P2_BULK_TRAPS_FORMAL,enabled_symmetric_teaching_top_stack,0.0,0.01,0.0,0.3,channel,0.000775,4.05e-06,7.75,40.5,0.05097481809406949,5.400603544479753e+16
p2_bulk_nta_1e18_common_primary,NTA 1e18 common-primary state,top_primary,interface_4x,T03_P2_BULK_TRAPS_FORMAL,enabled_symmetric_teaching_top_stack,0.0,0.01,0.0,0.3,channel,0.000775,4.125e-06,7.75,41.25,0.05231694410348822,5.688385511821179e+16
p2_bulk_nta_1e18_common_primary,NTA 1e18 common-primary state,top_primary,interface_4x,T03_P2_BULK_TRAPS_FORMAL,enabled_symmetric_teaching_top_stack,0.0,0.01,0.0,0.3,channel,0.000775,4.2000000000000004e-06,7.75,42.00000000000001,0.053724878380564674,6.0067737798527624e+16
p2_bulk_nta_1e18_common_primary,NTA 1e18 common-primary state,top_primary,interface_4x,T03_P2_BULK_TRAPS_FORMAL,enabled_symmetric_teaching_top_stack,0.0,0.01,0.0,0.3,channel,0.000775,4.2750000000000006e-06,7.75,42.75000000000001,0.05520217438372005,6.360024034222608e+16
p2_bulk_nta_1e18_common_primary,NTA 1e18 common-primary state,top_primary,interface_4x,T03_P2_BULK_TRAPS_FORMAL,enabled_symmetric_teaching_top_stack,0.0,0.01,0.0,0.3,channel,0.000775,4.350000000000001e-06,7.75,43.50000000000001,0.056752761289950604,6.7531667000402024e+16
p2_bulk_nta_1e18_common_primary,NTA 1e18 common-primary state,top_primary,interface_4x,T03_P2_BULK_TRAPS_FORMAL,enabled_symmetric_teaching_top_stack,0.0,0.01,0.0,0.3,channel,0.000775,4.425e-06,7.75,44.25,0.05838099697635858,7.19218128891714e+16
p2_bulk_nta_1e18_common_primary,NTA 1e18 common-primary state,top_primary,interface_4x,T03_P2_BULK_TRAPS_FORMAL,enabled_symmetric_teaching_top_stack,0.0,0.01,0.0,0.3,channel,0.000775,4.5e-06,7.75,45.0,0.060091730889932686,7.684218237611085e+16
p2_bulk_nta_1e18_common_primary,NTA 1e18 common-primary state,top_primary,interface_4x,T03_P2_BULK_TRAPS_FORMAL,enabled_symmetric_teaching_top_stack,0.0,0.01,0.0,0.3,channel,0.000775,4.575e-06,7.75,45.75,0.06189037910115751,8.237883590769998e+16
p2_bulk_nta_1e18_common_primary,NTA 1e18 common-primary state,top_primary,interface_4x,T03_P2_BULK_TRAPS_FORMAL,enabled_symmetric_teaching_top_stack,0.0,0.01,0.0,0.3,channel,0.000775,4.65e-06,7.75,46.50000000000001,0.06378301448450145,8.863607691552374e+16
p2_bulk_nta_1e18_common_primary,NTA 1e18 common-primary state,top_primary,interface_4x,T03_P2_BULK_TRAPS_FORMAL,enabled_symmetric_teaching_top_stack,0.0,0.01,0.0,0.3,channel,0.000775,4.7250000000000005e-06,7.75,47.25000000000001,0.06577647583368237,9.574127403962442e+16
p2_bulk_nta_1e18_common_primary,NTA 1e18 common-primary state,top_primary,interface_4x,T03_P2_BULK_TRAPS_FORMAL,enabled_symmetric_teaching_top_stack,0.0,0.01,0.0,0.3,channel,0.000775,4.8e-06,7.75,48.0,0.06787850088752423,1.0385123584565718e+17
p2_bulk_nta_1e18_common_primary,NTA 1e18 common-primary state,top_primary,interface_4x,T03_P2_BULK_TRAPS_FORMAL,enabled_symmetric_teaching_top_stack,0.0,0.01,0.0,0.3,channel,0.000775,4.875e-06,7.75,48.75,0.07009788983809964,1.1316073573922595e+17
p2_bulk_nta_1e18_common_primary,NTA 1e18 common-primary state,top_primary,interface_4x,T03_P2_BULK_TRAPS_FORMAL,enabled_symmetric_teaching_top_stack,0.0,0.01,0.0,0.3,channel,0.000775,4.95e-06,7.75,49.5,0.07244470810152963,1.2391405639522566e+17
p2_bulk_nta_1e18_common_primary,NTA 1e18 common-primary state,top_primary,interface_4x,T03_P2_BULK_TRAPS_FORMAL,enabled_symmetric_teaching_top_stack,0.0,0.01,0.0,0.3,channel,0.000775,5.025e-06,7.75,50.25,0.07493054023122829,1.3642083891530237e+17
p2_bulk_nta_1e18_common_primary,NTA 1e18 common-primary state,top_primary,interface_4x,T03_P2_BULK_TRAPS_FORMAL,enabled_symmetric_teaching_top_stack,0.0,0.01,0.0,0.3,channel,0.000775,5.1e-06,7.75,51.0,0.07756881126891038,1.510781710524885e+17
p2_bulk_nta_1e18_common_primary,NTA 1e18 common-primary state,top_primary,interface_4x,T03_P2_BULK_TRAPS_FORMAL,enabled_symmetric_teaching_top_stack,0.0,0.01,0.0,0.3,channel,0.000775,5.1750000000000004e-06,7.75,51.75000000000001,0.08037519822393308,1.6840188346628627e+17
p2_bulk_nta_1e18_common_primary,NTA 1e18 common-primary state,top_primary,interface_4x,T03_P2_BULK_TRAPS_FORMAL,enabled_symmetric_teaching_top_stack,0.0,0.01,0.0,0.3,channel,0.000775,5.2500000000000006e-06,7.75,52.50000000000001,0.08336816380372164,1.8907171053959475e+17
p2_bulk_nta_1e18_common_primary,NTA 1e18 common-primary state,top_primary,interface_4x,T03_P2_BULK_TRAPS_FORMAL,enabled_symmetric_teaching_top_stack,0.0,0.01,0.0,0.3,channel,0.000775,5.325e-06,7.75,53.25,0.08656965871074349,2.1399779605878413e+17
p2_bulk_nta_1e18_common_primary,NTA 1e18 common-primary state,top_primary,interface_4x,T03_P2_BULK_TRAPS_FORMAL,enabled_symmetric_teaching_top_stack,0.0,0.01,0.0,0.3,channel,0.000775,5.4e-06,7.75,54.0,0.09000606065753752,2.444208851427537e+17
p2_bulk_nta_1e18_common_primary,NTA 1e18 common-primary state,top_primary,interface_4x,T03_P2_BULK_TRAPS_FORMAL,enabled_symmetric_teaching_top_stack,0.0,0.01,0.0,0.3,channel,0.0008,3e-06,8.0,30.0,0.03786089517867072,3.223625898359178e+16
p2_bulk_nta_1e18_common_primary,NTA 1e18 common-primary state,top_primary,interface_4x,T03_P2_BULK_TRAPS_FORMAL,enabled_symmetric_teaching_top_stack,0.0,0.01,0.0,0.3,channel,0.0008,3.075e-06,8.0,30.750000000000004,0.03852340362241485,3.307305310348422e+16
p2_bulk_nta_1e18_common_primary,NTA 1e18 common-primary state,top_primary,interface_4x,T03_P2_BULK_TRAPS_FORMAL,enabled_symmetric_teaching_top_stack,0.0,0.01,0.0,0.3,channel,0.0008,3.1500000000000003e-06,8.0,31.500000000000004,0.03922463376060088,3.398243039290321e+16
p2_bulk_nta_1e18_common_primary,NTA 1e18 common-primary state,top_primary,interface_4x,T03_P2_BULK_TRAPS_FORMAL,enabled_symmetric_teaching_top_stack,0.0,0.01,0.0,0.3,channel,0.0008,3.225e-06,8.0,32.25,0.03996564295146708,3.497058057503838e+16
p2_bulk_nta_1e18_common_primary,NTA 1e18 common-primary state,top_primary,interface_4x,T03_P2_BULK_TRAPS_FORMAL,enabled_symmetric_teaching_top_stack,0.0,0.01,0.0,0.3,channel,0.0008,3.3e-06,8.0,33.0,0.04074757739533157,3.604447986403748e+16
p2_bulk_nta_1e18_common_primary,NTA 1e18 common-primary state,top_primary,interface_4x,T03_P2_BULK_TRAPS_FORMAL,enabled_symmetric_teaching_top_stack,0.0,0.01,0.0,0.3,channel,0.0008,3.3750000000000003e-06,8.0,33.75,0.041571679662320955,3.721200507543987e+16
p2_bulk_nta_1e18_common_primary,NTA 1e18 common-primary state,top_primary,interface_4x,T03_P2_BULK_TRAPS_FORMAL,enabled_symmetric_teaching_top_stack,0.0,0.01,0.0,0.3,channel,0.0008,3.45e-06,8.0,34.5,0.042439297177846516,3.848206813116385e+16
p2_bulk_nta_1e18_common_primary,NTA 1e18 common-primary state,top_primary,interface_4x,T03_P2_BULK_TRAPS_FORMAL,enabled_symmetric_teaching_top_stack,0.0,0.01,0.0,0.3,channel,0.0008,3.525e-06,8.0,35.25,0.04335189180706017,3.986477516566469e+16
p2_bulk_nta_1e18_common_primary,NTA 1e18 common-primary state,top_primary,interface_4x,T03_P2_BULK_TRAPS_FORMAL,enabled_symmetric_teaching_top_stack,0.0,0.01,0.0,0.3,channel,0.0008,3.6000000000000003e-06,8.0,36.0,0.0443110507051735,4.137161544634561e+16
p2_bulk_nta_1e18_common_primary,NTA 1e18 common-primary state,top_primary,interface_4x,T03_P2_BULK_TRAPS_FORMAL,enabled_symmetric_teaching_top_stack,0.0,0.01,0.0,0.3,channel,0.0008,3.6750000000000004e-06,8.0,36.75000000000001,0.045318498631581376,4.301568660166785e+16
p2_bulk_nta_1e18_common_primary,NTA 1e18 common-primary state,top_primary,interface_4x,T03_P2_BULK_TRAPS_FORMAL,enabled_symmetric_teaching_top_stack,0.0,0.01,0.0,0.3,channel,0.0008,3.7500000000000005e-06,8.0,37.50000000000001,0.04637611196351898,4.481196428896164e+16
p2_bulk_nta_1e18_common_primary,NTA 1e18 common-primary state,top_primary,interface_4x,T03_P2_BULK_TRAPS_FORMAL,enabled_symmetric_teaching_top_stack,0.0,0.01,0.0,0.3,channel,0.0008,3.825000000000001e-06,8.0,38.25000000000001,0.04748593469118991,4.67776265440661e+16
p2_bulk_nta_1e18_common_primary,NTA 1e18 common-primary state,top_primary,interface_4x,T03_P2_BULK_TRAPS_FORMAL,enabled_symmetric_teaching_top_stack,0.0,0.01,0.0,0.3,channel,0.0008,3.9e-06,8.0,39.0,0.04865019673311125,4.893244579027388e+16
p2_bulk_nta_1e18_common_primary,NTA 1e18 common-primary state,top_primary,interface_4x,T03_P2_BULK_TRAPS_FORMAL,enabled_symmetric_teaching_top_stack,0.0,0.01,0.0,0.3,channel,0.0008,3.975e-06,8.0,39.75,0.049871334980649155,5.129926505451176e+16
p2_bulk_nta_1e18_common_primary,NTA 1e18 common-primary state,top_primary,interface_4x,T03_P2_BULK_TRAPS_FORMAL,enabled_symmetric_teaching_top_stack,0.0,0.01,0.0,0.3,channel,0.0008,4.05e-06,8.0,40.5,0.05115201756804676,5.390457963335956e+16
p2_bulk_nta_1e18_common_primary,NTA 1e18 common-primary state,top_primary,interface_4x,T03_P2_BULK_TRAPS_FORMAL,enabled_symmetric_teaching_top_stack,0.0,0.01,0.0,0.3,channel,0.0008,4.125e-06,8.0,41.25,0.05249517197351059,5.6779251672157064e+16
p2_bulk_nta_1e18_common_primary,NTA 1e18 common-primary state,top_primary,interface_4x,T03_P2_BULK_TRAPS_FORMAL,enabled_symmetric_teaching_top_stack,0.0,0.01,0.0,0.3,channel,0.0008,4.2000000000000004e-06,8.0,42.00000000000001,0.053904017694525325,5.995939343059895e+16
p2_bulk_nta_1e18_common_primary,NTA 1e18 common-primary state,top_primary,interface_4x,T03_P2_BULK_TRAPS_FORMAL,enabled_symmetric_teaching_top_stack,0.0,0.01,0.0,0.3,channel,0.0008,4.2750000000000006e-06,8.0,42.75000000000001,0.05538210441506129,6.348746620615205e+16
p2_bulk_nta_1e18_common_primary,NTA 1e18 common-primary state,top_primary,interface_4x,T03_P2_BULK_TRAPS_FORMAL,enabled_symmetric_teaching_top_stack,0.0,0.01,0.0,0.3,channel,0.0008,4.350000000000001e-06,8.0,43.50000000000001,0.05693335680523752,6.7413657115054296e+16
p2_bulk_nta_1e18_common_primary,NTA 1e18 common-primary state,top_primary,interface_4x,T03_P2_BULK_TRAPS_FORMAL,enabled_symmetric_teaching_top_stack,0.0,0.01,0.0,0.3,channel,0.0008,4.425e-06,8.0,44.25,0.05856212738095667,7.179761684361519e+16
p2_bulk_nta_1e18_common_primary,NTA 1e18 common-primary state,top_primary,interface_4x,T03_P2_BULK_TRAPS_FORMAL,enabled_symmetric_teaching_top_stack,0.0,0.01,0.0,0.3,channel,0.0008,4.5e-06,8.0,45.0,0.060273259223516125,7.671067050274213e+16
p2_bulk_nta_1e18_common_primary,NTA 1e18 common-primary state,top_primary,interface_4x,T03_P2_BULK_TRAPS_FORMAL,enabled_symmetric_teaching_top_stack,0.0,0.01,0.0,0.3,channel,0.0008,4.575e-06,8.0,45.75,0.06207216084701191,8.223865443976152e+16
p2_bulk_nta_1e18_common_primary,NTA 1e18 common-primary state,top_primary,interface_4x,T03_P2_BULK_TRAPS_FORMAL,enabled_symmetric_teaching_top_stack,0.0,0.01,0.0,0.3,channel,0.0008,4.65e-06,8.0,46.50000000000001,0.06396489614626957,8.848558968687533e+16
p2_bulk_nta_1e18_common_primary,NTA 1e18 common-primary state,top_primary,interface_4x,T03_P2_BULK_TRAPS_FORMAL,enabled_symmetric_teaching_top_stack,0.0,0.01,0.0,0.3,channel,0.0008,4.7250000000000005e-06,8.0,47.25000000000001,0.06595829321935184,9.557848589725968e+16
p2_bulk_nta_1e18_common_primary,NTA 1e18 common-primary state,top_primary,interface_4x,T03_P2_BULK_TRAPS_FORMAL,enabled_symmetric_teaching_top_stack,0.0,0.01,0.0,0.3,channel,0.0008,4.8e-06,8.0,48.0,0.06806007702165022,1.0367369090826664e+17
p2_bulk_nta_1e18_common_primary,NTA 1e18 common-primary state,top_primary,interface_4x,T03_P2_BULK_TRAPS_FORMAL,enabled_symmetric_teaching_top_stack,0.0,0.01,0.0,0.3,channel,0.0008,4.875e-06,8.0,48.75,0.07027903239740697,1.1296538059725466e+17
p2_bulk_nta_1e18_common_primary,NTA 1e18 common-primary state,top_primary,interface_4x,T03_P2_BULK_TRAPS_FORMAL,enabled_symmetric_teaching_top_stack,0.0,0.01,0.0,0.3,channel,0.0008,4.95e-06,8.0,49.5,0.07262520623303848,1.2369705374141685e+17
p2_bulk_nta_1e18_common_primary,NTA 1e18 common-primary state,top_primary,interface_4x,T03_P2_BULK_TRAPS_FORMAL,enabled_symmetric_teaching_top_stack,0.0,0.01,0.0,0.3,channel,0.0008,5.025e-06,8.0,50.25,0.07511016056118215,1.3617730998131808e+17
p2_bulk_nta_1e18_common_primary,NTA 1e18 common-primary state,top_primary,interface_4x,T03_P2_BULK_TRAPS_FORMAL,enabled_symmetric_teaching_top_stack,0.0,0.01,0.0,0.3,channel,0.0008,5.1e-06,8.0,51.0,0.0777472928377812,1.508018340216983e+17
p2_bulk_nta_1e18_common_primary,NTA 1e18 common-primary state,top_primary,interface_4x,T03_P2_BULK_TRAPS_FORMAL,enabled_symmetric_teaching_top_stack,0.0,0.01,0.0,0.3,channel,0.0008,5.1750000000000004e-06,8.0,51.75000000000001,0.08055224597618221,1.680845369913795e+17
p2_bulk_nta_1e18_common_primary,NTA 1e18 common-primary state,top_primary,interface_4x,T03_P2_BULK_TRAPS_FORMAL,enabled_symmetric_teaching_top_stack,0.0,0.01,0.0,0.3,channel,0.0008,5.2500000000000006e-06,8.0,52.50000000000001,0.08354344010237653,1.8870248173798726e+17
p2_bulk_nta_1e18_common_primary,NTA 1e18 common-primary state,top_primary,interface_4x,T03_P2_BULK_TRAPS_FORMAL,enabled_symmetric_teaching_top_stack,0.0,0.01,0.0,0.3,channel,0.0008,5.325e-06,8.0,53.25,0.0867427721058217,2.135620219552504e+17
p2_bulk_nta_1e18_common_primary,NTA 1e18 common-primary state,top_primary,interface_4x,T03_P2_BULK_TRAPS_FORMAL,enabled_symmetric_teaching_top_stack,0.0,0.01,0.0,0.3,channel,0.0008,5.4e-06,8.0,54.0,0.09017655076246706,2.438984085706878e+17
p2_bulk_nta_1e18_common_primary,NTA 1e18 common-primary state,top_primary,interface_4x,T03_P2_BULK_TRAPS_FORMAL,enabled_symmetric_teaching_top_stack,0.0,0.01,0.0,0.3,channel,0.000825,3e-06,8.25,30.0,0.03801261796834864,3.2143462508054596e+16
p2_bulk_nta_1e18_common_primary,NTA 1e18 common-primary state,top_primary,interface_4x,T03_P2_BULK_TRAPS_FORMAL,enabled_symmetric_teaching_top_stack,0.0,0.01,0.0,0.3,channel,0.000825,3.075e-06,8.25,30.750000000000004,0.03867765155829047,3.298106913683848e+16
p2_bulk_nta_1e18_common_primary,NTA 1e18 common-primary state,top_primary,interface_4x,T03_P2_BULK_TRAPS_FORMAL,enabled_symmetric_teaching_top_stack,0.0,0.01,0.0,0.3,channel,0.000825,3.1500000000000003e-06,8.25,31.500000000000004,0.039381299750780814,3.389108707157055e+16
p2_bulk_nta_1e18_common_primary,NTA 1e18 common-primary state,top_primary,interface_4x,T03_P2_BULK_TRAPS_FORMAL,enabled_symmetric_teaching_top_stack,0.0,0.01,0.0,0.3,channel,0.000825,3.225e-06,8.25,32.25,0.04012462090003387,3.487970031927838e+16
p2_bulk_nta_1e18_common_primary,NTA 1e18 common-primary state,top_primary,interface_4x,T03_P2_BULK_TRAPS_FORMAL,enabled_symmetric_teaching_top_stack,0.0,0.01,0.0,0.3,channel,0.000825,3.3e-06,8.25,33.0,0.04090876200220839,3.595387759526367e+16
p2_bulk_nta_1e18_common_primary,NTA 1e18 common-primary state,top_primary,interface_4x,T03_P2_BULK_TRAPS_FORMAL,enabled_symmetric_teaching_top_stack,0.0,0.01,0.0,0.3,channel,0.000825,3.3750000000000003e-06,8.25,33.75,0.041734966215522404,3.712148619805864e+16
p2_bulk_nta_1e18_common_primary,NTA 1e18 common-primary state,top_primary,interface_4x,T03_P2_BULK_TRAPS_FORMAL,enabled_symmetric_teaching_top_stack,0.0,0.01,0.0,0.3,channel,0.000825,3.45e-06,8.25,34.5,0.04260458133597548,3.83914262242591e+16
p2_bulk_nta_1e18_common_primary,NTA 1e18 common-primary state,top_primary,interface_4x,T03_P2_BULK_TRAPS_FORMAL,enabled_symmetric_teaching_top_stack,0.0,0.01,0.0,0.3,channel,0.000825,3.525e-06,8.25,35.25,0.043519069369609156,3.977378931762504e+16
p2_bulk_nta_1e18_common_primary,NTA 1e18 common-primary state,top_primary,interface_4x,T03_P2_BULK_TRAPS_FORMAL,enabled_symmetric_teaching_top_stack,0.0,0.01,0.0,0.3,channel,0.000825,3.6000000000000003e-06,8.25,36.0,0.04448001736781785,4.128004714995203e+16
p2_bulk_nta_1e18_common_primary,NTA 1e18 common-primary state,top_primary,interface_4x,T03_P2_BULK_TRAPS_FORMAL,enabled_symmetric_teaching_top_stack,0.0,0.01,0.0,0.3,channel,0.000825,3.6750000000000004e-06,8.25,36.75000000000001,0.04548914972319498,4.292327610722021e+16
p2_bulk_nta_1e18_common_primary,NTA 1e18 common-primary state,top_primary,interface_4x,T03_P2_BULK_TRAPS_FORMAL,enabled_symmetric_teaching_top_stack,0.0,0.01,0.0,0.3,channel,0.000825,3.7500000000000005e-06,8.25,37.50000000000001,0.046548342161080315,4.471842628737032e+16
p2_bulk_nta_1e18_common_primary,NTA 1e18 common-primary state,top_primary,interface_4x,T03_P2_BULK_TRAPS_FORMAL,enabled_symmetric_teaching_top_stack,0.0,0.01,0.0,0.3,channel,0.000825,3.825000000000001e-06,8.25,38.25000000000001,0.04765963770805063,4.6682645018644584e+16
p2_bulk_nta_1e18_common_primary,NTA 1e18 common-primary state,top_primary,interface_4x,T03_P2_BULK_TRAPS_FORMAL,enabled_symmetric_teaching_top_stack,0.0,0.01,0.0,0.3,channel,0.000825,3.9e-06,8.25,39.0,0.04882526497523704,4.883566783275505e+16
p2_bulk_nta_1e18_common_primary,NTA 1e18 common-primary state,top_primary,interface_4x,T03_P2_BULK_TRAPS_FORMAL,enabled_symmetric_teaching_top_stack,0.0,0.01,0.0,0.3,channel,0.000825,3.975e-06,8.25,39.75,0.050047659164368805,5.120029338416873e+16
p2_bulk_nta_1e18_common_primary,NTA 1e18 common-primary state,top_primary,interface_4x,T03_P2_BULK_TRAPS_FORMAL,enabled_symmetric_teaching_top_stack,0.0,0.01,0.0,0.3,channel,0.000825,4.05e-06,8.25,40.5,0.05132948629150153,5.380296348332755e+16
p2_bulk_nta_1e18_common_primary,NTA 1e18 common-primary state,top_primary,interface_4x,T03_P2_BULK_TRAPS_FORMAL,enabled_symmetric_teaching_top_stack,0.0,0.01,0.0,0.3,channel,0.000825,4.125e-06,8.25,41.25,0.05267367123230539,5.667447560754911e+16
p2_bulk_nta_1e18_common_primary,NTA 1e18 common-primary state,top_primary,interface_4x,T03_P2_BULK_TRAPS_FORMAL,enabled_symmetric_teaching_top_stack,0.0,0.01,0.0,0.3,channel,0.000825,4.2000000000000004e-06,8.25,42.00000000000001,0.054083430329943484,5.98508635295175e+16
p2_bulk_nta_1e18_common_primary,NTA 1e18 common-primary state,top_primary,interface_4x,T03_P2_BULK_TRAPS_FORMAL,enabled_symmetric_teaching_top_stack,0.0,0.01,0.0,0.3,channel,0.000825,4.2750000000000006e-06,8.25,42.75000000000001,0.05556230948047828,6.337449285402839e+16
p2_bulk_nta_1e18_common_primary,NTA 1e18 common-primary state,top_primary,interface_4x,T03_P2_BULK_TRAPS_FORMAL,enabled_symmetric_teaching_top_stack,0.0,0.01,0.0,0.3,channel,0.000825,4.350000000000001e-06,8.25,43.50000000000001,0.05711422883287035,6.7295433415919224e+16
p2_bulk_nta_1e18_common_primary,NTA 1e18 common-primary state,top_primary,interface_4x,T03_P2_BULK_TRAPS_FORMAL,enabled_symmetric_teaching_top_stack,0.0,0.01,0.0,0.3,channel,0.000825,4.425e-06,8.25,44.25,0.05874353552656127,7.167319131129777e+16
p2_bulk_nta_1e18_common_primary,NTA 1e18 common-primary state,top_primary,interface_4x,T03_P2_BULK_TRAPS_FORMAL,enabled_symmetric_teaching_top_stack,0.0,0.01,0.0,0.3,channel,0.000825,4.5e-06,8.25,45.0,0.060455066260744705,7.657891221992235e+16
p2_bulk_nta_1e18_common_primary,NTA 1e18 common-primary state,top_primary,interface_4x,T03_P2_BULK_TRAPS_FORMAL,enabled_symmetric_teaching_top_stack,0.0,0.01,0.0,0.3,channel,0.000825,4.575e-06,8.25,45.75,0.062254221975379075,8.209820820254778e+16
p2_bulk_nta_1e18_common_primary,NTA 1e18 common-primary state,top_primary,interface_4x,T03_P2_BULK_TRAPS_FORMAL,enabled_symmetric_teaching_top_stack,0.0,0.01,0.0,0.3,channel,0.000825,4.65e-06,8.25,46.50000000000001,0.06414705756636203,8.833481769525445e+16
p2_bulk_nta_1e18_common_primary,NTA 1e18 common-primary state,top_primary,interface_4x,T03_P2_BULK_TRAPS_FORMAL,enabled_symmetric_teaching_top_stack,0.0,0.01,0.0,0.3,channel,0.000825,4.7250000000000005e-06,8.25,47.25000000000001,0.06614039041507017,9.541539116623432e+16
p2_bulk_nta_1e18_common_primary,NTA 1e18 common-primary state,top_primary,interface_4x,T03_P2_BULK_TRAPS_FORMAL,enabled_symmetric_teaching_top_stack,0.0,0.01,0.0,0.3,channel,0.000825,4.8e-06,8.25,48.0,0.0682419326704733,1.0349581554043658e+17
p2_bulk_nta_1e18_common_primary,NTA 1e18 common-primary state,top_primary,interface_4x,T03_P2_BULK_TRAPS_FORMAL,enabled_symmetric_teaching_top_stack,0.0,0.01,0.0,0.3,channel,0.000825,4.875e-06,8.25,48.75,0.07046045380383689,1.1276966902509998e+17
p2_bulk_nta_1e18_common_primary,NTA 1e18 common-primary state,top_primary,interface_4x,T03_P2_BULK_TRAPS_FORMAL,enabled_symmetric_teaching_top_stack,0.0,0.01,0.0,0.3,channel,0.000825,4.95e-06,8.25,49.5,0.07280598214441172,1.2347966645031766e+17
p2_bulk_nta_1e18_common_primary,NTA 1e18 common-primary state,top_primary,interface_4x,T03_P2_BULK_TRAPS_FORMAL,enabled_symmetric_teaching_top_stack,0.0,0.01,0.0,0.3,channel,0.000825,5.025e-06,8.25,50.25,0.07529005717421872,1.3593336612708098e+17
p2_bulk_nta_1e18_common_primary,NTA 1e18 common-primary state,top_primary,interface_4x,T03_P2_BULK_TRAPS_FORMAL,enabled_symmetric_teaching_top_stack,0.0,0.01,0.0,0.3,channel,0.000825,5.1e-06,8.25,51.0,0.07792604873132926,1.5052505017951834e+17
p2_bulk_nta_1e18_common_primary,NTA 1e18 common-primary state,top_primary,interface_4x,T03_P2_BULK_TRAPS_FORMAL,enabled_symmetric_teaching_top_stack,0.0,0.01,0.0,0.3,channel,0.000825,5.1750000000000004e-06,8.25,51.75000000000001,0.08072956559917811,1.6776671128360544e+17
p2_bulk_nta_1e18_common_primary,NTA 1e18 common-primary state,top_primary,interface_4x,T03_P2_BULK_TRAPS_FORMAL,enabled_symmetric_teaching_top_stack,0.0,0.01,0.0,0.3,channel,0.000825,5.2500000000000006e-06,8.25,52.50000000000001,0.08371898528769982,1.8833274292838022e+17
p2_bulk_nta_1e18_common_primary,NTA 1e18 common-primary state,top_primary,interface_4x,T03_P2_BULK_TRAPS_FORMAL,enabled_symmetric_teaching_top_stack,0.0,0.01,0.0,0.3,channel,0.000825,5.325e-06,8.25,53.25,0.08691615084019513,2.13125712876171e+17
p2_bulk_nta_1e18_common_primary,NTA 1e18 common-primary state,top_primary,interface_4x,T03_P2_BULK_TRAPS_FORMAL,enabled_symmetric_teaching_top_stack,0.0,0.01,0.0,0.3,channel,0.000825,5.4e-06,8.25,54.0,0.09034730206857113,2.4337538564807584e+17
p2_bulk_nta_1e18_common_primary,NTA 1e18 common-primary state,top_primary,interface_4x,T03_P2_BULK_TRAPS_FORMAL,enabled_symmetric_teaching_top_stack,0.0,0.01,0.0,0.3,channel,0.0008500000000000001,3e-06,8.5,30.0,0.0381645659976201,3.2050666662463892e+16
p2_bulk_nta_1e18_common_primary,NTA 1e18 common-primary state,top_primary,interface_4x,T03_P2_BULK_TRAPS_FORMAL,enabled_symmetric_teaching_top_stack,0.0,0.01,0.0,0.3,channel,0.0008500000000000001,3.075e-06,8.5,30.750000000000004,0.03883212854932451,3.2889072384911784e+16
p2_bulk_nta_1e18_common_primary,NTA 1e18 common-primary state,top_primary,interface_4x,T03_P2_BULK_TRAPS_FORMAL,enabled_symmetric_teaching_top_stack,0.0,0.01,0.0,0.3,channel,0.0008500000000000001,3.1500000000000003e-06,8.5,31.500000000000004,0.03953819857067801,3.3799718160295468e+16
p2_bulk_nta_1e18_common_primary,NTA 1e18 common-primary state,top_primary,interface_4x,T03_P2_BULK_TRAPS_FORMAL,enabled_symmetric_teaching_top_stack,0.0,0.01,0.0,0.3,channel,0.0008500000000000001,3.225e-06,8.5,32.25,0.040283835398539705,3.478878219563809e+16
p2_bulk_nta_1e18_common_primary,NTA 1e18 common-primary state,top_primary,interface_4x,T03_P2_BULK_TRAPS_FORMAL,enabled_symmetric_teaching_top_stack,0.0,0.01,0.0,0.3,channel,0.0008500000000000001,3.3e-06,8.5,33.0,0.04107018681214677,3.586322562643556e+16
p2_bulk_nta_1e18_common_primary,NTA 1e18 common-primary state,top_primary,interface_4x,T03_P2_BULK_TRAPS_FORMAL,enabled_symmetric_teaching_top_stack,0.0,0.01,0.0,0.3,channel,0.0008500000000000001,3.3750000000000003e-06,8.5,33.75,0.041898496545527235,3.703090615528806e+16
p2_bulk_nta_1e18_common_primary,NTA 1e18 common-primary state,top_primary,interface_4x,T03_P2_BULK_TRAPS_FORMAL,enabled_symmetric_teaching_top_stack,0.0,0.01,0.0,0.3,channel,0.0008500000000000001,3.45e-06,8.5,34.5,0.04277011275338267,3.83007119757294e+16
p2_bulk_nta_1e18_common_primary,NTA 1e18 common-primary state,top_primary,interface_4x,T03_P2_BULK_TRAPS_FORMAL,enabled_symmetric_teaching_top_stack,0.0,0.01,0.0,0.3,channel,0.0008500000000000001,3.525e-06,8.5,35.25,0.04368649757106879,3.968272016340489e+16
p2_bulk_nta_1e18_common_primary,NTA 1e18 common-primary state,top_primary,interface_4x,T03_P2_BULK_TRAPS_FORMAL,enabled_symmetric_teaching_top_stack,0.0,0.01,0.0,0.3,channel,0.0008500000000000001,3.6000000000000003e-06,8.5,36.0,0.04464923793481436,4.118838471650901e+16
p2_bulk_nta_1e18_common_primary,NTA 1e18 common-primary state,top_primary,interface_4x,T03_P2_BULK_TRAPS_FORMAL,enabled_symmetric_teaching_top_stack,0.0,0.01,0.0,0.3,channel,0.0008500000000000001,3.6750000000000004e-06,8.5,36.75000000000001,0.04566005785920543,4.283076069903581e+16
p2_bulk_nta_1e18_common_primary,NTA 1e18 common-primary state,top_primary,interface_4x,T03_P2_BULK_TRAPS_FORMAL,enabled_symmetric_teaching_top_stack,0.0,0.01,0.0,0.3,channel,0.0008500000000000001,3.7500000000000005e-06,8.5,37.50000000000001,0.04672083240653711,4.462477256752575e+16
p2_bulk_nta_1e18_common_primary,NTA 1e18 common-primary state,top_primary,interface_4x,T03_P2_BULK_TRAPS_FORMAL,enabled_symmetric_teaching_top_stack,0.0,0.01,0.0,0.3,channel,0.0008500000000000001,3.825000000000001e-06,8.5,38.25000000000001,0.04783360362857835,4.658753685704273e+16
p2_bulk_nta_1e18_common_primary,NTA 1e18 common-primary state,top_primary,interface_4x,T03_P2_BULK_TRAPS_FORMAL,enabled_symmetric_teaching_top_stack,0.0,0.01,0.0,0.3,channel,0.0008500000000000001,3.9e-06,8.5,39.0,0.04900059881776942,4.873875211741961e+16
p2_bulk_nta_1e18_common_primary,NTA 1e18 common-primary state,top_primary,interface_4x,T03_P2_BULK_TRAPS_FORMAL,enabled_symmetric_teaching_top_stack,0.0,0.01,0.0,0.3,channel,0.0008500000000000001,3.975e-06,8.5,39.75,0.05022425147467691,5.1101172534410696e+16
p2_bulk_nta_1e18_common_primary,NTA 1e18 common-primary state,top_primary,interface_4x,T03_P2_BULK_TRAPS_FORMAL,enabled_symmetric_teaching_top_stack,0.0,0.01,0.0,0.3,channel,0.0008500000000000001,4.05e-06,8.5,40.5,0.051507225485318955,5.370118632878333e+16
p2_bulk_nta_1e18_common_primary,NTA 1e18 common-primary state,top_primary,interface_4x,T03_P2_BULK_TRAPS_FORMAL,enabled_symmetric_teaching_top_stack,0.0,0.01,0.0,0.3,channel,0.0008500000000000001,4.125e-06,8.5,41.25,0.05285244311054446,5.656952619760091e+16
p2_bulk_nta_1e18_common_primary,NTA 1e18 common-primary state,top_primary,interface_4x,T03_P2_BULK_TRAPS_FORMAL,enabled_symmetric_teaching_top_stack,0.0,0.01,0.0,0.3,channel,0.0008500000000000001,4.2000000000000004e-06,8.5,42.00000000000001,0.05426311752635514,5.974214730414578e+16
p2_bulk_nta_1e18_common_primary,NTA 1e18 common-primary state,top_primary,interface_4x,T03_P2_BULK_TRAPS_FORMAL,enabled_symmetric_teaching_top_stack,0.0,0.01,0.0,0.3,channel,0.0008500000000000001,4.2750000000000006e-06,8.5,42.75000000000001,0.05574279082738023,6.3261319426541144e+16
p2_bulk_nta_1e18_common_primary,NTA 1e18 common-primary state,top_primary,interface_4x,T03_P2_BULK_TRAPS_FORMAL,enabled_symmetric_teaching_top_stack,0.0,0.01,0.0,0.3,channel,0.0008500000000000001,4.350000000000001e-06,8.5,43.50000000000001,0.05729537862706816,6.717699497129767e+16
p2_bulk_nta_1e18_common_primary,NTA 1e18 common-primary state,top_primary,interface_4x,T03_P2_BULK_TRAPS_FORMAL,enabled_symmetric_teaching_top_stack,0.0,0.01,0.0,0.3,channel,0.0008500000000000001,4.425e-06,8.5,44.25,0.05892522267306097,7.154853528351095e+16
p2_bulk_nta_1e18_common_primary,NTA 1e18 common-primary state,top_primary,interface_4x,T03_P2_BULK_TRAPS_FORMAL,enabled_symmetric_teaching_top_stack,0.0,0.01,0.0,0.3,channel,0.0008500000000000001,4.5e-06,8.5,45.0,0.060637153265954244,7.644690643687285e+16
p2_bulk_nta_1e18_common_primary,NTA 1e18 common-primary state,top_primary,interface_4x,T03_P2_BULK_TRAPS_FORMAL,enabled_symmetric_teaching_top_stack,0.0,0.01,0.0,0.3,channel,0.0008500000000000001,4.575e-06,8.5,45.75,0.06243656375373255,8.195749601770546e+16
p2_bulk_nta_1e18_common_primary,NTA 1e18 common-primary state,top_primary,interface_4x,T03_P2_BULK_TRAPS_FORMAL,enabled_symmetric_teaching_top_stack,0.0,0.01,0.0,0.3,channel,0.0008500000000000001,4.65e-06,8.5,46.50000000000001,0.0643295000139873,8.818375966880922e+16
p2_bulk_nta_1e18_common_primary,NTA 1e18 common-primary state,top_primary,interface_4x,T03_P2_BULK_TRAPS_FORMAL,enabled_symmetric_teaching_top_stack,0.0,0.01,0.0,0.3,channel,0.0008500000000000001,4.7250000000000005e-06,8.5,47.25000000000001,0.06632276869027831,9.525198847492035e+16
p2_bulk_nta_1e18_common_primary,NTA 1e18 common-primary state,top_primary,interface_4x,T03_P2_BULK_TRAPS_FORMAL,enabled_symmetric_teaching_top_stack,0.0,0.01,0.0,0.3,channel,0.0008500000000000001,4.8e-06,8.5,48.0,0.06842406910205809,1.0331760826426534e+17
p2_bulk_nta_1e18_common_primary,NTA 1e18 common-primary state,top_primary,interface_4x,T03_P2_BULK_TRAPS_FORMAL,enabled_symmetric_teaching_top_stack,0.0,0.01,0.0,0.3,channel,0.0008500000000000001,4.875e-06,8.5,48.75,0.07064215532235539,1.1257359943210534e+17
p2_bulk_nta_1e18_common_primary,NTA 1e18 common-primary state,top_primary,interface_4x,T03_P2_BULK_TRAPS_FORMAL,enabled_symmetric_teaching_top_stack,0.0,0.01,0.0,0.3,channel,0.0008500000000000001,4.95e-06,8.5,49.5,0.07298703709567386,1.2326189281244147e+17
p2_bulk_nta_1e18_common_primary,NTA 1e18 common-primary state,top_primary,interface_4x,T03_P2_BULK_TRAPS_FORMAL,enabled_symmetric_teaching_top_stack,0.0,0.01,0.0,0.3,channel,0.0008500000000000001,5.025e-06,8.5,50.25,0.07547023132345082,1.3568900551922165e+17
p2_bulk_nta_1e18_common_primary,NTA 1e18 common-primary state,top_primary,interface_4x,T03_P2_BULK_TRAPS_FORMAL,enabled_symmetric_teaching_top_stack,0.0,0.01,0.0,0.3,channel,0.0008500000000000001,5.1e-06,8.5,51.0,0.07810508019365255,1.5024781756560835e+17
p2_bulk_nta_1e18_common_primary,NTA 1e18 common-primary state,top_primary,interface_4x,T03_P2_BULK_TRAPS_FORMAL,enabled_symmetric_teaching_top_stack,0.0,0.01,0.0,0.3,channel,0.0008500000000000001,5.1750000000000004e-06,8.5,51.75000000000001,0.08090715832576387,1.6744840425592554e+17
p2_bulk_nta_1e18_common_primary,NTA 1e18 common-primary state,top_primary,interface_4x,T03_P2_BULK_TRAPS_FORMAL,enabled_symmetric_teaching_top_stack,0.0,0.01,0.0,0.3,channel,0.0008500000000000001,5.2500000000000006e-06,8.5,52.50000000000001,0.08389480057890235,1.879624919026504e+17
p2_bulk_nta_1e18_common_primary,NTA 1e18 common-primary state,top_primary,interface_4x,T03_P2_BULK_TRAPS_FORMAL,enabled_symmetric_teaching_top_stack,0.0,0.01,0.0,0.3,channel,0.0008500000000000001,5.325e-06,8.5,53.25,0.0870897961169328,2.1268886650591514e+17
p2_bulk_nta_1e18_common_primary,NTA 1e18 common-primary state,top_primary,interface_4x,T03_P2_BULK_TRAPS_FORMAL,enabled_symmetric_teaching_top_stack,0.0,0.01,0.0,0.3,channel,0.0008500000000000001,5.4e-06,8.5,54.0,0.09051831576014778,2.4285181397629744e+17
p2_bulk_nta_1e18_common_primary,NTA 1e18 common-primary state,top_primary,interface_4x,T03_P2_BULK_TRAPS_FORMAL,enabled_symmetric_teaching_top_stack,0.0,0.01,0.0,0.3,channel,0.0008750000000000001,3e-06,8.750000000000002,30.0,0.0383167402921997,3.1957871355714668e+16
p2_bulk_nta_1e18_common_primary,NTA 1e18 common-primary state,top_primary,interface_4x,T03_P2_BULK_TRAPS_FORMAL,enabled_symmetric_teaching_top_stack,0.0,0.01,0.0,0.3,channel,0.0008750000000000001,3.075e-06,8.750000000000002,30.750000000000004,0.03898683563854856,3.279706273292872e+16
p2_bulk_nta_1e18_common_primary,NTA 1e18 common-primary state,top_primary,interface_4x,T03_P2_BULK_TRAPS_FORMAL,enabled_symmetric_teaching_top_stack,0.0,0.01,0.0,0.3,channel,0.0008750000000000001,3.1500000000000003e-06,8.750000000000002,31.500000000000004,0.03969533128037379,3.3708323517169508e+16
p2_bulk_nta_1e18_common_primary,NTA 1e18 common-primary state,top_primary,interface_4x,T03_P2_BULK_TRAPS_FORMAL,enabled_symmetric_teaching_top_stack,0.0,0.01,0.0,0.3,channel,0.0008750000000000001,3.225e-06,8.750000000000002,32.25,0.0404432875238183,3.4697826031961276e+16
p2_bulk_nta_1e18_common_primary,NTA 1e18 common-primary state,top_primary,interface_4x,T03_P2_BULK_TRAPS_FORMAL,enabled_symmetric_teaching_top_stack,0.0,0.01,0.0,0.3,channel,0.0008750000000000001,3.3e-06,8.750000000000002,33.0,0.04123185291840225,3.577252375231304e+16
p2_bulk_nta_1e18_common_primary,NTA 1e18 common-primary state,top_primary,interface_4x,T03_P2_BULK_TRAPS_FORMAL,enabled_symmetric_teaching_top_stack,0.0,0.01,0.0,0.3,channel,0.0008750000000000001,3.3750000000000003e-06,8.750000000000002,33.75,0.0420622717616462,3.69402647061839e+16
p2_bulk_nta_1e18_common_primary,NTA 1e18 common-primary state,top_primary,interface_4x,T03_P2_BULK_TRAPS_FORMAL,enabled_symmetric_teaching_top_stack,0.0,0.01,0.0,0.3,channel,0.0008750000000000001,3.45e-06,8.750000000000002,34.5,0.04293589255502877,3.820992510646399e+16
p2_bulk_nta_1e18_common_primary,NTA 1e18 common-primary state,top_primary,interface_4x,T03_P2_BULK_TRAPS_FORMAL,enabled_symmetric_teaching_top_stack,0.0,0.01,0.0,0.3,channel,0.0008750000000000001,3.525e-06,8.750000000000002,35.25,0.043854177551603236,3.959156738336889e+16
p2_bulk_nta_1e18_common_primary,NTA 1e18 common-primary state,top_primary,interface_4x,T03_P2_BULK_TRAPS_FORMAL,enabled_symmetric_teaching_top_stack,0.0,0.01,0.0,0.3,channel,0.0008750000000000001,3.6000000000000003e-06,8.750000000000002,36.0,0.04481871356104065,4.109662778355227e+16
p2_bulk_nta_1e18_common_primary,NTA 1e18 common-primary state,top_primary,interface_4x,T03_P2_BULK_TRAPS_FORMAL,enabled_symmetric_teaching_top_stack,0.0,0.01,0.0,0.3,channel,0.0008750000000000001,3.6750000000000004e-06,8.750000000000002,36.75000000000001,0.04583122420866787,4.273813996952297e+16
p2_bulk_nta_1e18_common_primary,NTA 1e18 common-primary state,top_primary,interface_4x,T03_P2_BULK_TRAPS_FORMAL,enabled_symmetric_teaching_top_stack,0.0,0.01,0.0,0.3,channel,0.0008750000000000001,3.7500000000000005e-06,8.750000000000002,37.50000000000001,0.046893583882537886,4.453100267436992e+16
p2_bulk_nta_1e18_common_primary,NTA 1e18 common-primary state,top_primary,interface_4x,T03_P2_BULK_TRAPS_FORMAL,enabled_symmetric_teaching_top_stack,0.0,0.01,0.0,0.3,channel,0.0008750000000000001,3.825000000000001e-06,8.750000000000002,38.25000000000001,0.04800783364838013,4.6492301554311976e+16
p2_bulk_nta_1e18_common_primary,NTA 1e18 common-primary state,top_primary,interface_4x,T03_P2_BULK_TRAPS_FORMAL,enabled_symmetric_teaching_top_stack,0.0,0.01,0.0,0.3,channel,0.0008750000000000001,3.9e-06,8.750000000000002,39.0,0.04917619946858599,4.864169808687449e+16
p2_bulk_nta_1e18_common_primary,NTA 1e18 common-primary state,top_primary,interface_4x,T03_P2_BULK_TRAPS_FORMAL,enabled_symmetric_teaching_top_stack,0.0,0.01,0.0,0.3,channel,0.0008750000000000001,3.975e-06,8.750000000000002,39.75,0.05040111313097777,5.100190189267242e+16
p2_bulk_nta_1e18_common_primary,NTA 1e18 common-primary state,top_primary,interface_4x,T03_P2_BULK_TRAPS_FORMAL,enabled_symmetric_teaching_top_stack,0.0,0.01,0.0,0.3,channel,0.0008750000000000001,4.05e-06,8.750000000000002,40.5,0.05168523637962749,5.3599247499044344e+16
p2_bulk_nta_1e18_common_primary,NTA 1e18 common-primary state,top_primary,interface_4x,T03_P2_BULK_TRAPS_FORMAL,enabled_symmetric_teaching_top_stack,0.0,0.01,0.0,0.3,channel,0.0008750000000000001,4.125e-06,8.750000000000002,41.25,0.05303148884821614,5.646440271030617e+16
p2_bulk_nta_1e18_common_primary,NTA 1e18 common-primary state,top_primary,interface_4x,T03_P2_BULK_TRAPS_FORMAL,enabled_symmetric_teaching_top_stack,0.0,0.01,0.0,0.3,channel,0.0008750000000000001,4.2000000000000004e-06,8.750000000000002,42.00000000000001,0.05444308053267898,5.963324395764283e+16
p2_bulk_nta_1e18_common_primary,NTA 1e18 common-primary state,top_primary,interface_4x,T03_P2_BULK_TRAPS_FORMAL,enabled_symmetric_teaching_top_stack,0.0,0.01,0.0,0.3,channel,0.0008750000000000001,4.2750000000000006e-06,8.750000000000002,42.75000000000001,0.05592354971261777,6.31479450581578e+16
p2_bulk_nta_1e18_common_primary,NTA 1e18 common-primary state,top_primary,interface_4x,T03_P2_BULK_TRAPS_FORMAL,enabled_symmetric_teaching_top_stack,0.0,0.01,0.0,0.3,channel,0.0008750000000000001,4.350000000000001e-06,8.750000000000002,43.50000000000001,0.05747680745154213,6.705834084272399e+16
p2_bulk_nta_1e18_common_primary,NTA 1e18 common-primary state,top_primary,interface_4x,T03_P2_BULK_TRAPS_FORMAL,enabled_symmetric_teaching_top_stack,0.0,0.01,0.0,0.3,channel,0.0008750000000000001,4.425e-06,8.750000000000002,44.25,0.05910719008987849,7.142364774419695e+16
p2_bulk_nta_1e18_common_primary,NTA 1e18 common-primary state,top_primary,interface_4x,T03_P2_BULK_TRAPS_FORMAL,enabled_symmetric_teaching_top_stack,0.0,0.01,0.0,0.3,channel,0.0008750000000000001,4.5e-06,8.750000000000002,45.0,0.06081952151304757,7.631465205484526e+16
p2_bulk_nta_1e18_common_primary,NTA 1e18 common-primary state,top_primary,interface_4x,T03_P2_BULK_TRAPS_FORMAL,enabled_symmetric_teaching_top_stack,0.0,0.01,0.0,0.3,channel,0.0008750000000000001,4.575e-06,8.750000000000002,45.75,0.06261918745913574,8.181651669825277e+16
p2_bulk_nta_1e18_common_primary,NTA 1e18 common-primary state,top_primary,interface_4x,T03_P2_BULK_TRAPS_FORMAL,enabled_symmetric_teaching_top_stack,0.0,0.01,0.0,0.3,channel,0.0008750000000000001,4.65e-06,8.750000000000002,46.50000000000001,0.06451222476795593,8.803241432636005e+16
p2_bulk_nta_1e18_common_primary,NTA 1e18 common-primary state,top_primary,interface_4x,T03_P2_BULK_TRAPS_FORMAL,enabled_symmetric_teaching_top_stack,0.0,0.01,0.0,0.3,channel,0.0008750000000000001,4.7250000000000005e-06,8.750000000000002,47.25000000000001,0.06650542932402016,9.508827644162149e+16
p2_bulk_nta_1e18_common_primary,NTA 1e18 common-primary state,top_primary,interface_4x,T03_P2_BULK_TRAPS_FORMAL,enabled_symmetric_teaching_top_stack,0.0,0.01,0.0,0.3,channel,0.0008750000000000001,4.8e-06,8.750000000000002,48.0,0.06860648759406078,1.0313906759100138e+17
p2_bulk_nta_1e18_common_primary,NTA 1e18 common-primary state,top_primary,interface_4x,T03_P2_BULK_TRAPS_FORMAL,enabled_symmetric_teaching_top_stack,0.0,0.01,0.0,0.3,channel,0.0008750000000000001,4.875e-06,8.750000000000002,48.75,0.0708241382274956,1.1237717021594346e+17
p2_bulk_nta_1e18_common_primary,NTA 1e18 common-primary state,top_primary,interface_4x,T03_P2_BULK_TRAPS_FORMAL,enabled_symmetric_teaching_top_stack,0.0,0.01,0.0,0.3,channel,0.0008750000000000001,4.95e-06,8.750000000000002,49.5,0.07316837235637819,1.2304373110577526e+17
p2_bulk_nta_1e18_common_primary,NTA 1e18 common-primary state,top_primary,interface_4x,T03_P2_BULK_TRAPS_FORMAL,enabled_symmetric_teaching_top_stack,0.0,0.01,0.0,0.3,channel,0.0008750000000000001,5.025e-06,8.750000000000002,50.25,0.07565068427146693,1.3544422631096158e+17
p2_bulk_nta_1e18_common_primary,NTA 1e18 common-primary state,top_primary,interface_4x,T03_P2_BULK_TRAPS_FORMAL,enabled_symmetric_teaching_top_stack,0.0,0.01,0.0,0.3,channel,0.0008750000000000001,5.1e-06,8.750000000000002,51.0,0.0782843884782557,1.4997013420532285e+17
p2_bulk_nta_1e18_common_primary,NTA 1e18 common-primary state,top_primary,interface_4x,T03_P2_BULK_TRAPS_FORMAL,enabled_symmetric_teaching_top_stack,0.0,0.01,0.0,0.3,channel,0.0008750000000000001,5.1750000000000004e-06,8.750000000000002,51.75000000000001,0.08108502539810342,1.6712961380610605e+17
p2_bulk_nta_1e18_common_primary,NTA 1e18 common-primary state,top_primary,interface_4x,T03_P2_BULK_TRAPS_FORMAL,enabled_symmetric_teaching_top_stack,0.0,0.01,0.0,0.3,channel,0.0008750000000000001,5.2500000000000006e-06,8.750000000000002,52.50000000000001,0.08407088720441232,1.8759172643662582e+17
p2_bulk_nta_1e18_common_primary,NTA 1e18 common-primary state,top_primary,interface_4x,T03_P2_BULK_TRAPS_FORMAL,enabled_symmetric_teaching_top_stack,0.0,0.01,0.0,0.3,channel,0.0008750000000000001,5.325e-06,8.750000000000002,53.25,0.08726370914819868,2.1225148051202765e+17
p2_bulk_nta_1e18_common_primary,NTA 1e18 common-primary state,top_primary,interface_4x,T03_P2_BULK_TRAPS_FORMAL,enabled_symmetric_teaching_top_stack,0.0,0.01,0.0,0.3,channel,0.0008750000000000001,5.4e-06,8.750000000000002,54.0,0.09068959303044825,2.4232769113926432e+17
p2_bulk_nta_1e18_common_primary,NTA 1e18 common-primary state,top_primary,interface_4x,T03_P2_BULK_TRAPS_FORMAL,enabled_symmetric_teaching_top_stack,0.0,0.01,0.0,0.3,channel,0.0009000000000000001,3e-06,9.0,30.0,0.038469141884259206,3.1865076494213132e+16
p2_bulk_nta_1e18_common_primary,NTA 1e18 common-primary state,top_primary,interface_4x,T03_P2_BULK_TRAPS_FORMAL,enabled_symmetric_teaching_top_stack,0.0,0.01,0.0,0.3,channel,0.0009000000000000001,3.075e-06,9.0,30.750000000000004,0.039141773875635846,3.2705040063495676e+16
p2_bulk_nta_1e18_common_primary,NTA 1e18 common-primary state,top_primary,interface_4x,T03_P2_BULK_TRAPS_FORMAL,enabled_symmetric_teaching_top_stack,0.0,0.01,0.0,0.3,channel,0.0009000000000000001,3.1500000000000003e-06,9.0,31.500000000000004,0.03985269894677573,3.3616902997521916e+16
p2_bulk_nta_1e18_common_primary,NTA 1e18 common-primary state,top_primary,interface_4x,T03_P2_BULK_TRAPS_FORMAL,enabled_symmetric_teaching_top_stack,0.0,0.01,0.0,0.3,channel,0.0009000000000000001,3.225e-06,9.0,32.25,0.0406029783597141,3.4606831653170044e+16
p2_bulk_nta_1e18_common_primary,NTA 1e18 common-primary state,top_primary,interface_4x,T03_P2_BULK_TRAPS_FORMAL,enabled_symmetric_teaching_top_stack,0.0,0.01,0.0,0.3,channel,0.0009000000000000001,3.3e-06,9.0,33.0,0.041393761421425035,3.5681771764559548e+16
p2_bulk_nta_1e18_common_primary,NTA 1e18 common-primary state,top_primary,interface_4x,T03_P2_BULK_TRAPS_FORMAL,enabled_symmetric_teaching_top_stack,0.0,0.01,0.0,0.3,channel,0.0009000000000000001,3.3750000000000003e-06,9.0,33.75,0.04222629298056772,3.684956160651497e+16
p2_bulk_nta_1e18_common_primary,NTA 1e18 common-primary state,top_primary,interface_4x,T03_P2_BULK_TRAPS_FORMAL,enabled_symmetric_teaching_top_stack,0.0,0.01,0.0,0.3,channel,0.0009000000000000001,3.45e-06,9.0,34.5,0.043101921873433736,3.811906533385903e+16
p2_bulk_nta_1e18_common_primary,NTA 1e18 common-primary state,top_primary,interface_4x,T03_P2_BULK_TRAPS_FORMAL,enabled_symmetric_teaching_top_stack,0.0,0.01,0.0,0.3,channel,0.0009000000000000001,3.525e-06,9.0,35.25,0.044022110459115686,3.95003306541666e+16
p2_bulk_nta_1e18_common_primary,NTA 1e18 common-primary state,top_primary,interface_4x,T03_P2_BULK_TRAPS_FORMAL,enabled_symmetric_teaching_top_stack,0.0,0.01,0.0,0.3,channel,0.0009000000000000001,3.6000000000000003e-06,9.0,36.0,0.044988445409290825,4.100477598466467e+16
p2_bulk_nta_1e18_common_primary,NTA 1e18 common-primary state,top_primary,interface_4x,T03_P2_BULK_TRAPS_FORMAL,enabled_symmetric_teaching_top_stack,0.0,0.01,0.0,0.3,channel,0.0009000000000000001,3.6750000000000004e-06,9.0,36.75000000000001,0.04600264994872862,4.264541350688348e+16
p2_bulk_nta_1e18_common_primary,NTA 1e18 common-primary state,top_primary,interface_4x,T03_P2_BULK_TRAPS_FORMAL,enabled_symmetric_teaching_top_stack,0.0,0.01,0.0,0.3,channel,0.0009000000000000001,3.7500000000000005e-06,9.0,37.50000000000001,0.04706659777999363,4.443711614836878e+16
p2_bulk_nta_1e18_common_primary,NTA 1e18 common-primary state,top_primary,interface_4x,T03_P2_BULK_TRAPS_FORMAL,enabled_symmetric_teaching_top_stack,0.0,0.01,0.0,0.3,channel,0.0009000000000000001,3.825000000000001e-06,9.0,38.25000000000001,0.048182328971492945,4.639693860074217e+16
p2_bulk_nta_1e18_common_primary,NTA 1e18 common-primary state,top_primary,interface_4x,T03_P2_BULK_TRAPS_FORMAL,enabled_symmetric_teaching_top_stack,0.0,0.01,0.0,0.3,channel,0.0009000000000000001,3.9e-06,9.0,39.0,0.049352068144157296,4.8544505178663336e+16
p2_bulk_nta_1e18_common_primary,NTA 1e18 common-primary state,top_primary,interface_4x,T03_P2_BULK_TRAPS_FORMAL,enabled_symmetric_teaching_top_stack,0.0,0.01,0.0,0.3,channel,0.0009000000000000001,3.975e-06,9.0,39.75,0.05057824536142661,5.0902480841007416e+16
p2_bulk_nta_1e18_common_primary,NTA 1e18 common-primary state,top_primary,interface_4x,T03_P2_BULK_TRAPS_FORMAL,enabled_symmetric_teaching_top_stack,0.0,0.01,0.0,0.3,channel,0.0009000000000000001,4.05e-06,9.0,40.5,0.051863520213458934,5.3497146317712296e+16
p2_bulk_nta_1e18_common_primary,NTA 1e18 common-primary state,top_primary,interface_4x,T03_P2_BULK_TRAPS_FORMAL,enabled_symmetric_teaching_top_stack,0.0,0.01,0.0,0.3,channel,0.0009000000000000001,4.125e-06,9.0,41.25,0.053210809694358166,5.635910440759164e+16
p2_bulk_nta_1e18_common_primary,NTA 1e18 common-primary state,top_primary,interface_4x,T03_P2_BULK_TRAPS_FORMAL,enabled_symmetric_teaching_top_stack,0.0,0.01,0.0,0.3,channel,0.0009000000000000001,4.2000000000000004e-06,9.0,42.00000000000001,0.054623320607022324,5.952415268673292e+16
p2_bulk_nta_1e18_common_primary,NTA 1e18 common-primary state,top_primary,interface_4x,T03_P2_BULK_TRAPS_FORMAL,enabled_symmetric_teaching_top_stack,0.0,0.01,0.0,0.3,channel,0.0009000000000000001,4.2750000000000006e-06,9.0,42.75000000000001,0.056104587402361836,6.303436887652644e+16
p2_bulk_nta_1e18_common_primary,NTA 1e18 common-primary state,top_primary,interface_4x,T03_P2_BULK_TRAPS_FORMAL,enabled_symmetric_teaching_top_stack,0.0,0.01,0.0,0.3,channel,0.0009000000000000001,4.350000000000001e-06,9.0,43.50000000000001,0.057658516579447046,6.69394700845121e+16
p2_bulk_nta_1e18_common_primary,NTA 1e18 common-primary state,top_primary,interface_4x,T03_P2_BULK_TRAPS_FORMAL,enabled_symmetric_teaching_top_stack,0.0,0.01,0.0,0.3,channel,0.0009000000000000001,4.425e-06,9.0,44.25,0.05928943905599462,7.129852766966101e+16
p2_bulk_nta_1e18_common_primary,NTA 1e18 common-primary state,top_primary,interface_4x,T03_P2_BULK_TRAPS_FORMAL,enabled_symmetric_teaching_top_stack,0.0,0.01,0.0,0.3,channel,0.0009000000000000001,4.5e-06,9.0,45.0,0.06100217228559022,7.618214796702344e+16
p2_bulk_nta_1e18_common_primary,NTA 1e18 common-primary state,top_primary,interface_4x,T03_P2_BULK_TRAPS_FORMAL,enabled_symmetric_teaching_top_stack,0.0,0.01,0.0,0.3,channel,0.0009000000000000001,4.575e-06,9.0,45.75,0.06280209437840902,8.167526904869723e+16
p2_bulk_nta_1e18_common_primary,NTA 1e18 common-primary state,top_primary,interface_4x,T03_P2_BULK_TRAPS_FORMAL,enabled_symmetric_teaching_top_stack,0.0,0.01,0.0,0.3,channel,0.0009000000000000001,4.65e-06,9.0,46.50000000000001,0.06469523311691854,8.788078037776552e+16
p2_bulk_nta_1e18_common_primary,NTA 1e18 common-primary state,top_primary,interface_4x,T03_P2_BULK_TRAPS_FORMAL,enabled_symmetric_teaching_top_stack,0.0,0.01,0.0,0.3,channel,0.0009000000000000001,4.7250000000000005e-06,9.0,47.25000000000001,0.06668837360525075,9.492425367522582e+16
p2_bulk_nta_1e18_common_primary,NTA 1e18 common-primary state,top_primary,interface_4x,T03_P2_BULK_TRAPS_FORMAL,enabled_symmetric_teaching_top_stack,0.0,0.01,0.0,0.3,channel,0.0009000000000000001,4.8e-06,9.0,48.0,0.06878918943410708,1.0296019202202949e+17
p2_bulk_nta_1e18_common_primary,NTA 1e18 common-primary state,top_primary,interface_4x,T03_P2_BULK_TRAPS_FORMAL,enabled_symmetric_teaching_top_stack,0.0,0.01,0.0,0.3,channel,0.0009000000000000001,4.875e-06,9.0,48.75,0.07100640380380507,1.1218037976399363e+17
p2_bulk_nta_1e18_common_primary,NTA 1e18 common-primary state,top_primary,interface_4x,T03_P2_BULK_TRAPS_FORMAL,enabled_symmetric_teaching_top_stack,0.0,0.01,0.0,0.3,channel,0.0009000000000000001,4.95e-06,9.0,49.5,0.07334998920612305,1.2282517959761912e+17
p2_bulk_nta_1e18_common_primary,NTA 1e18 common-primary state,top_primary,interface_4x,T03_P2_BULK_TRAPS_FORMAL,enabled_symmetric_teaching_top_stack,0.0,0.01,0.0,0.3,channel,0.0009000000000000001,5.025e-06,9.0,50.25,0.07583141729091618,1.3519902664450453e+17
p2_bulk_nta_1e18_common_primary,NTA 1e18 common-primary state,top_primary,interface_4x,T03_P2_BULK_TRAPS_FORMAL,enabled_symmetric_teaching_top_stack,0.0,0.01,0.0,0.3,channel,0.0009000000000000001,5.1e-06,9.0,51.0,0.07846397484870395,1.496919981127673e+17
p2_bulk_nta_1e18_common_primary,NTA 1e18 common-primary state,top_primary,interface_4x,T03_P2_BULK_TRAPS_FORMAL,enabled_symmetric_teaching_top_stack,0.0,0.01,0.0,0.3,channel,0.0009000000000000001,5.1750000000000004e-06,9.0,51.75000000000001,0.08126316806840508,1.6681033782058605e+17
p2_bulk_nta_1e18_common_primary,NTA 1e18 common-primary state,top_primary,interface_4x,T03_P2_BULK_TRAPS_FORMAL,enabled_symmetric_teaching_top_stack,0.0,0.01,0.0,0.3,channel,0.0009000000000000001,5.2500000000000006e-06,9.0,52.50000000000001,0.08424724640266938,1.8722044429495683e+17
p2_bulk_nta_1e18_common_primary,NTA 1e18 common-primary state,top_primary,interface_4x,T03_P2_BULK_TRAPS_FORMAL,enabled_symmetric_teaching_top_stack,0.0,0.01,0.0,0.3,channel,0.0009000000000000001,5.325e-06,9.0,53.25,0.08743789115611857,2.1181355255135766e+17
p2_bulk_nta_1e18_common_primary,NTA 1e18 common-primary state,top_primary,interface_4x,T03_P2_BULK_TRAPS_FORMAL,enabled_symmetric_teaching_top_stack,0.0,0.01,0.0,0.3,channel,0.0009000000000000001,5.4e-06,9.0,54.0,0.0908611350826191,2.4180301471115373e+17
p2_bulk_nta_1e18_common_primary,NTA 1e18 common-primary state,top_primary,interface_4x,T03_P2_BULK_TRAPS_FORMAL,enabled_symmetric_teaching_top_stack,0.0,0.01,0.0,0.3,channel,0.0009249999999999999,3e-06,9.25,30.0,0.03862177130121568,3.177228135575282e+16
p2_bulk_nta_1e18_common_primary,NTA 1e18 common-primary state,top_primary,interface_4x,T03_P2_BULK_TRAPS_FORMAL,enabled_symmetric_teaching_top_stack,0.0,0.01,0.0,0.3,channel,0.0009249999999999999,3.075e-06,9.25,30.750000000000004,0.03929694382618828,3.2613003639756756e+16
p2_bulk_nta_1e18_common_primary,NTA 1e18 common-primary state,top_primary,interface_4x,T03_P2_BULK_TRAPS_FORMAL,enabled_symmetric_teaching_top_stack,0.0,0.01,0.0,0.3,channel,0.0009249999999999999,3.1500000000000003e-06,9.25,31.500000000000004,0.04001030217452176,3.3525455847822776e+16
p2_bulk_nta_1e18_common_primary,NTA 1e18 common-primary state,top_primary,interface_4x,T03_P2_BULK_TRAPS_FORMAL,enabled_symmetric_teaching_top_stack,0.0,0.01,0.0,0.3,channel,0.0009249999999999999,3.225e-06,9.25,32.25,0.04076290855066769,3.4515798287502904e+16
p2_bulk_nta_1e18_common_primary,NTA 1e18 common-primary state,top_primary,interface_4x,T03_P2_BULK_TRAPS_FORMAL,enabled_symmetric_teaching_top_stack,0.0,0.01,0.0,0.3,channel,0.0009249999999999999,3.3e-06,9.25,33.0,0.04155591300613482,3.5590968872038896e+16
p2_bulk_nta_1e18_common_primary,NTA 1e18 common-primary state,top_primary,interface_4x,T03_P2_BULK_TRAPS_FORMAL,enabled_symmetric_teaching_top_stack,0.0,0.01,0.0,0.3,channel,0.0009249999999999999,3.3750000000000003e-06,9.25,33.75,0.04239056092827159,3.675879604499776e+16
p2_bulk_nta_1e18_common_primary,NTA 1e18 common-primary state,top_primary,interface_4x,T03_P2_BULK_TRAPS_FORMAL,enabled_symmetric_teaching_top_stack,0.0,0.01,0.0,0.3,channel,0.0009249999999999999,3.45e-06,9.25,34.5,0.04326820147611833,3.8028131826045624e+16
p2_bulk_nta_1e18_common_primary,NTA 1e18 common-primary state,top_primary,interface_4x,T03_P2_BULK_TRAPS_FORMAL,enabled_symmetric_teaching_top_stack,0.0,0.01,0.0,0.3,channel,0.0009249999999999999,3.525e-06,9.25,35.25,0.044190297103044326,3.940900912321201e+16
p2_bulk_nta_1e18_common_primary,NTA 1e18 common-primary state,top_primary,interface_4x,T03_P2_BULK_TRAPS_FORMAL,enabled_symmetric_teaching_top_stack,0.0,0.01,0.0,0.3,channel,0.0009249999999999999,3.6000000000000003e-06,9.25,36.0,0.045158434331188706,4.091282844669691e+16
p2_bulk_nta_1e18_common_primary,NTA 1e18 common-primary state,top_primary,interface_4x,T03_P2_BULK_TRAPS_FORMAL,enabled_symmetric_teaching_top_stack,0.0,0.01,0.0,0.3,channel,0.0009249999999999999,3.6750000000000004e-06,9.25,36.75000000000001,0.04617433597335361,4.255258041783115e+16
p2_bulk_nta_1e18_common_primary,NTA 1e18 common-primary state,top_primary,interface_4x,T03_P2_BULK_TRAPS_FORMAL,enabled_symmetric_teaching_top_stack,0.0,0.01,0.0,0.3,channel,0.0009249999999999999,3.7500000000000005e-06,9.25,37.50000000000001,0.0472398750352542,4.4343112076793464e+16
p2_bulk_nta_1e18_common_primary,NTA 1e18 common-primary state,top_primary,interface_4x,T03_P2_BULK_TRAPS_FORMAL,enabled_symmetric_teaching_top_stack,0.0,0.01,0.0,0.3,channel,0.0009249999999999999,3.825000000000001e-06,9.25,38.25000000000001,0.04835709057657501,4.630144706512791e+16
p2_bulk_nta_1e18_common_primary,NTA 1e18 common-primary state,top_primary,interface_4x,T03_P2_BULK_TRAPS_FORMAL,enabled_symmetric_teaching_top_stack,0.0,0.01,0.0,0.3,channel,0.0009249999999999999,3.9e-06,9.25,39.0,0.04952820586525466,4.844717244435701e+16
p2_bulk_nta_1e18_common_primary,NTA 1e18 common-primary state,top_primary,interface_4x,T03_P2_BULK_TRAPS_FORMAL,enabled_symmetric_teaching_top_stack,0.0,0.01,0.0,0.3,channel,0.0009249999999999999,3.975e-06,9.25,39.75,0.05075564922859125,5.080290841532896e+16
p2_bulk_nta_1e18_common_primary,NTA 1e18 common-primary state,top_primary,interface_4x,T03_P2_BULK_TRAPS_FORMAL,enabled_symmetric_teaching_top_stack,0.0,0.01,0.0,0.3,channel,0.0009249999999999999,4.05e-06,9.25,40.5,0.05204207809073807,5.339488180696437e+16
p2_bulk_nta_1e18_common_primary,NTA 1e18 common-primary state,top_primary,interface_4x,T03_P2_BULK_TRAPS_FORMAL,enabled_symmetric_teaching_top_stack,0.0,0.01,0.0,0.3,channel,0.0009249999999999999,4.125e-06,9.25,41.25,0.05339040679368907,5.62536303002362e+16
p2_bulk_nta_1e18_common_primary,NTA 1e18 common-primary state,top_primary,interface_4x,T03_P2_BULK_TRAPS_FORMAL,enabled_symmetric_teaching_top_stack,0.0,0.01,0.0,0.3,channel,0.0009249999999999999,4.2000000000000004e-06,9.25,42.00000000000001,0.05480383893421001,5.9414872493635816e+16
p2_bulk_nta_1e18_common_primary,NTA 1e18 common-primary state,top_primary,interface_4x,T03_P2_BULK_TRAPS_FORMAL,enabled_symmetric_teaching_top_stack,0.0,0.01,0.0,0.3,channel,0.0009249999999999999,4.2750000000000006e-06,9.25,42.75000000000001,0.05628590512073228,6.292058987876534e+16
p2_bulk_nta_1e18_common_primary,NTA 1e18 common-primary state,top_primary,interface_4x,T03_P2_BULK_TRAPS_FORMAL,enabled_symmetric_teaching_top_stack,0.0,0.01,0.0,0.3,channel,0.0009249999999999999,4.350000000000001e-06,9.25,43.50000000000001,0.05784050727326366,6.682038169291376e+16
p2_bulk_nta_1e18_common_primary,NTA 1e18 common-primary state,top_primary,interface_4x,T03_P2_BULK_TRAPS_FORMAL,enabled_symmetric_teaching_top_stack,0.0,0.01,0.0,0.3,channel,0.0009249999999999999,4.425e-06,9.25,44.25,0.05947197087119573,7.117317406051609e+16
p2_bulk_nta_1e18_common_primary,NTA 1e18 common-primary state,top_primary,interface_4x,T03_P2_BULK_TRAPS_FORMAL,enabled_symmetric_teaching_top_stack,0.0,0.01,0.0,0.3,channel,0.0009249999999999999,4.5e-06,9.25,45.0,0.06118510691950099,7.604939318489355e+16
p2_bulk_nta_1e18_common_primary,NTA 1e18 common-primary state,top_primary,interface_4x,T03_P2_BULK_TRAPS_FORMAL,enabled_symmetric_teaching_top_stack,0.0,0.01,0.0,0.3,channel,0.0009249999999999999,4.575e-06,9.25,45.75,0.06298528588231662,8.153375209959083e+16
p2_bulk_nta_1e18_common_primary,NTA 1e18 common-primary state,top_primary,interface_4x,T03_P2_BULK_TRAPS_FORMAL,enabled_symmetric_teaching_top_stack,0.0,0.01,0.0,0.3,channel,0.0009249999999999999,4.65e-06,9.25,46.50000000000001,0.0648785264650901,8.772885688305669e+16
p2_bulk_nta_1e18_common_primary,NTA 1e18 common-primary state,top_primary,interface_4x,T03_P2_BULK_TRAPS_FORMAL,enabled_symmetric_teaching_top_stack,0.0,0.01,0.0,0.3,channel,0.0009249999999999999,4.7250000000000005e-06,9.25,47.25000000000001,0.06687160297014201,9.47599192786191e+16
p2_bulk_nta_1e18_common_primary,NTA 1e18 common-primary state,top_primary,interface_4x,T03_P2_BULK_TRAPS_FORMAL,enabled_symmetric_teaching_top_stack,0.0,0.01,0.0,0.3,channel,0.0009249999999999999,4.8e-06,9.25,48.0,0.06897217608874404,1.0278098072045171e+17
p2_bulk_nta_1e18_common_primary,NTA 1e18 common-primary state,top_primary,interface_4x,T03_P2_BULK_TRAPS_FORMAL,enabled_symmetric_teaching_top_stack,0.0,0.01,0.0,0.3,channel,0.0009249999999999999,4.875e-06,9.25,48.75,0.07118895354655157,1.119832273223463e+17
p2_bulk_nta_1e18_common_primary,NTA 1e18 common-primary state,top_primary,interface_4x,T03_P2_BULK_TRAPS_FORMAL,enabled_symmetric_teaching_top_stack,0.0,0.01,0.0,0.3,channel,0.0009249999999999999,4.95e-06,9.25,49.5,0.07353188916719067,1.2260623764723133e+17
p2_bulk_nta_1e18_common_primary,NTA 1e18 common-primary state,top_primary,interface_4x,T03_P2_BULK_TRAPS_FORMAL,enabled_symmetric_teaching_top_stack,0.0,0.01,0.0,0.3,channel,0.0009249999999999999,5.025e-06,9.25,50.25,0.07601243192936517,1.3495340603268429e+17
p2_bulk_nta_1e18_common_primary,NTA 1e18 common-primary state,top_primary,interface_4x,T03_P2_BULK_TRAPS_FORMAL,enabled_symmetric_teaching_top_stack,0.0,0.01,0.0,0.3,channel,0.0009249999999999999,5.1e-06,9.25,51.0,0.07864384087613259,1.4941340900900224e+17
p2_bulk_nta_1e18_common_primary,NTA 1e18 common-primary state,top_primary,interface_4x,T03_P2_BULK_TRAPS_FORMAL,enabled_symmetric_teaching_top_stack,0.0,0.01,0.0,0.3,channel,0.0009249999999999999,5.1750000000000004e-06,9.25,51.75000000000001,0.08144158792972349,1.6649057630329936e+17
p2_bulk_nta_1e18_common_primary,NTA 1e18 common-primary state,top_primary,interface_4x,T03_P2_BULK_TRAPS_FORMAL,enabled_symmetric_teaching_top_stack,0.0,0.01,0.0,0.3,channel,0.0009249999999999999,5.2500000000000006e-06,9.25,52.50000000000001,0.0844238797871366,1.8684864586736944e+17
p2_bulk_nta_1e18_common_primary,NTA 1e18 common-primary state,top_primary,interface_4x,T03_P2_BULK_TRAPS_FORMAL,enabled_symmetric_teaching_top_stack,0.0,0.01,0.0,0.3,channel,0.0009249999999999999,5.325e-06,9.25,53.25,0.08761234377329129,2.113750835425301e+17
p2_bulk_nta_1e18_common_primary,NTA 1e18 common-primary state,top_primary,interface_4x,T03_P2_BULK_TRAPS_FORMAL,enabled_symmetric_teaching_top_stack,0.0,0.01,0.0,0.3,channel,0.0009249999999999999,5.4e-06,9.25,54.0,0.09103294356750015,2.4127778633980848e+17
p2_bulk_nta_1e18_common_primary,NTA 1e18 common-primary state,top_primary,interface_4x,T03_P2_BULK_TRAPS_FORMAL,enabled_symmetric_teaching_top_stack,0.0,0.01,0.0,0.3,channel,0.00095,3e-06,9.5,30.0,0.038774416387017306,3.1679225133549744e+16
p2_bulk_nta_1e18_common_primary,NTA 1e18 common-primary state,top_primary,interface_4x,T03_P2_BULK_TRAPS_FORMAL,enabled_symmetric_teaching_top_stack,0.0,0.01,0.0,0.3,channel,0.00095,3.075e-06,9.5,30.750000000000004,0.03945214048106919,3.2520694672420372e+16
p2_bulk_nta_1e18_common_primary,NTA 1e18 common-primary state,top_primary,interface_4x,T03_P2_BULK_TRAPS_FORMAL,enabled_symmetric_teaching_top_stack,0.0,0.01,0.0,0.3,channel,0.00095,3.1500000000000003e-06,9.5,31.500000000000004,0.04016794360578596,3.3433725857746044e+16
p2_bulk_nta_1e18_common_primary,NTA 1e18 common-primary state,top_primary,interface_4x,T03_P2_BULK_TRAPS_FORMAL,enabled_symmetric_teaching_top_stack,0.0,0.01,0.0,0.3,channel,0.00095,3.225e-06,9.5,32.25,0.0409228888825184,3.442447292101512e+16
p2_bulk_nta_1e18_common_primary,NTA 1e18 common-primary state,top_primary,interface_4x,T03_P2_BULK_TRAPS_FORMAL,enabled_symmetric_teaching_top_stack,0.0,0.01,0.0,0.3,channel,0.00095,3.3e-06,9.5,33.0,0.04171812708184386,3.549986593893477e+16
p2_bulk_nta_1e18_common_primary,NTA 1e18 common-primary state,top_primary,interface_4x,T03_P2_BULK_TRAPS_FORMAL,enabled_symmetric_teaching_top_stack,0.0,0.01,0.0,0.3,channel,0.00095,3.3750000000000003e-06,9.5,33.75,0.04255490410430861,3.6667723519711416e+16
p2_bulk_nta_1e18_common_primary,NTA 1e18 common-primary state,top_primary,interface_4x,T03_P2_BULK_TRAPS_FORMAL,enabled_symmetric_teaching_top_stack,0.0,0.01,0.0,0.3,channel,0.00095,3.45e-06,9.5,34.5,0.043434569406116674,3.793688555602616e+16
p2_bulk_nta_1e18_common_primary,NTA 1e18 common-primary state,top_primary,interface_4x,T03_P2_BULK_TRAPS_FORMAL,enabled_symmetric_teaching_top_stack,0.0,0.01,0.0,0.3,channel,0.00095,3.525e-06,9.5,35.25,0.04435858550917535,3.931737017782076e+16
p2_bulk_nta_1e18_common_primary,NTA 1e18 common-primary state,top_primary,interface_4x,T03_P2_BULK_TRAPS_FORMAL,enabled_symmetric_teaching_top_stack,0.0,0.01,0.0,0.3,channel,0.00095,3.6000000000000003e-06,9.5,36.0,0.04532853876014235,4.0820560024371304e+16
p2_bulk_nta_1e18_common_primary,NTA 1e18 common-primary state,top_primary,interface_4x,T03_P2_BULK_TRAPS_FORMAL,enabled_symmetric_teaching_top_stack,0.0,0.01,0.0,0.3,channel,0.00095,3.6750000000000004e-06,9.5,36.75000000000001,0.046346151533663546,4.245942420934172e+16
p2_bulk_nta_1e18_common_primary,NTA 1e18 common-primary state,top_primary,interface_4x,T03_P2_BULK_TRAPS_FORMAL,enabled_symmetric_teaching_top_stack,0.0,0.01,0.0,0.3,channel,0.00095,3.7500000000000005e-06,9.5,37.50000000000001,0.047413296112140214,4.424878395681423e+16
p2_bulk_nta_1e18_common_primary,NTA 1e18 common-primary state,top_primary,interface_4x,T03_P2_BULK_TRAPS_FORMAL,enabled_symmetric_teaching_top_stack,0.0,0.01,0.0,0.3,channel,0.00095,3.825000000000001e-06,9.5,38.25000000000001,0.04853201051977729,4.620563195123086e+16
p2_bulk_nta_1e18_common_primary,NTA 1e18 common-primary state,top_primary,interface_4x,T03_P2_BULK_TRAPS_FORMAL,enabled_symmetric_teaching_top_stack,0.0,0.01,0.0,0.3,channel,0.00095,3.9e-06,9.5,39.0,0.04970451664447019,4.834951811946024e+16
p2_bulk_nta_1e18_common_primary,NTA 1e18 common-primary state,top_primary,interface_4x,T03_P2_BULK_TRAPS_FORMAL,enabled_symmetric_teaching_top_stack,0.0,0.01,0.0,0.3,channel,0.00095,3.975e-06,9.5,39.75,0.05093324105004646,5.070301805319148e+16
p2_bulk_nta_1e18_common_primary,NTA 1e18 common-primary state,top_primary,interface_4x,T03_P2_BULK_TRAPS_FORMAL,enabled_symmetric_teaching_top_stack,0.0,0.01,0.0,0.3,channel,0.00095,4.05e-06,9.5,40.5,0.05222083896708728,5.3292304865851176e+16
p2_bulk_nta_1e18_common_primary,NTA 1e18 common-primary state,top_primary,interface_4x,T03_P2_BULK_TRAPS_FORMAL,enabled_symmetric_teaching_top_stack,0.0,0.01,0.0,0.3,channel,0.00095,4.125e-06,9.5,41.25,0.05357022205773705,5.6147851350851336e+16
p2_bulk_nta_1e18_common_primary,NTA 1e18 common-primary state,top_primary,interface_4x,T03_P2_BULK_TRAPS_FORMAL,enabled_symmetric_teaching_top_stack,0.0,0.01,0.0,0.3,channel,0.00095,4.2000000000000004e-06,9.5,42.00000000000001,0.054984590684818244,5.930529741465194e+16
p2_bulk_nta_1e18_common_primary,NTA 1e18 common-primary state,top_primary,interface_4x,T03_P2_BULK_TRAPS_FORMAL,enabled_symmetric_teaching_top_stack,0.0,0.01,0.0,0.3,channel,0.00095,4.2750000000000006e-06,9.5,42.75000000000001,0.05646747158654485,6.280652867369987e+16
p2_bulk_nta_1e18_common_primary,NTA 1e18 common-primary state,top_primary,interface_4x,T03_P2_BULK_TRAPS_FORMAL,enabled_symmetric_teaching_top_stack,0.0,0.01,0.0,0.3,channel,0.00095,4.350000000000001e-06,9.5,43.50000000000001,0.05802276207639629,6.670102693692925e+16
p2_bulk_nta_1e18_common_primary,NTA 1e18 common-primary state,top_primary,interface_4x,T03_P2_BULK_TRAPS_FORMAL,enabled_symmetric_teaching_top_stack,0.0,0.01,0.0,0.3,channel,0.00095,4.425e-06,9.5,44.25,0.059654782168517086,7.1047573647642584e+16
p2_bulk_nta_1e18_common_primary,NTA 1e18 common-primary state,top_primary,interface_4x,T03_P2_BULK_TRAPS_FORMAL,enabled_symmetric_teaching_top_stack,0.0,0.01,0.0,0.3,channel,0.00095,4.5e-06,9.5,45.0,0.061368336393253155,7.591641557498186e+16
p2_bulk_nta_1e18_common_primary,NTA 1e18 common-primary state,top_primary,interface_4x,T03_P2_BULK_TRAPS_FORMAL,enabled_symmetric_teaching_top_stack,0.0,0.01,0.0,0.3,channel,0.00095,4.575e-06,9.5,45.75,0.06316878754408665,8.139204160006984e+16
p2_bulk_nta_1e18_common_primary,NTA 1e18 common-primary state,top_primary,interface_4x,T03_P2_BULK_TRAPS_FORMAL,enabled_symmetric_teaching_top_stack,0.0,0.01,0.0,0.3,channel,0.00095,4.65e-06,9.5,46.50000000000001,0.06506214522687588,8.757677555267091e+16
p2_bulk_nta_1e18_common_primary,NTA 1e18 common-primary state,top_primary,interface_4x,T03_P2_BULK_TRAPS_FORMAL,enabled_symmetric_teaching_top_stack,0.0,0.01,0.0,0.3,channel,0.00095,4.7250000000000005e-06,9.5,47.25000000000001,0.06705517292248087,9.459547066972488e+16
p2_bulk_nta_1e18_common_primary,NTA 1e18 common-primary state,top_primary,interface_4x,T03_P2_BULK_TRAPS_FORMAL,enabled_symmetric_teaching_top_stack,0.0,0.01,0.0,0.3,channel,0.00095,4.8e-06,9.5,48.0,0.06915551840718746,1.0260170866636962e+17
p2_bulk_nta_1e18_common_primary,NTA 1e18 common-primary state,top_primary,interface_4x,T03_P2_BULK_TRAPS_FORMAL,enabled_symmetric_teaching_top_stack,0.0,0.01,0.0,0.3,channel,0.00095,4.875e-06,9.5,48.75,0.07137187392211379,1.1178607998282776e+17
p2_bulk_nta_1e18_common_primary,NTA 1e18 common-primary state,top_primary,interface_4x,T03_P2_BULK_TRAPS_FORMAL,enabled_symmetric_teaching_top_stack,0.0,0.01,0.0,0.3,channel,0.00095,4.95e-06,9.5,49.5,0.07371417462070899,1.223873824925466e+17
p2_bulk_nta_1e18_common_primary,NTA 1e18 common-primary state,top_primary,interface_4x,T03_P2_BULK_TRAPS_FORMAL,enabled_symmetric_teaching_top_stack,0.0,0.01,0.0,0.3,channel,0.00095,5.025e-06,9.5,50.25,0.07619384681934699,1.3470797445861256e+17
p2_bulk_nta_1e18_common_primary,NTA 1e18 common-primary state,top_primary,interface_4x,T03_P2_BULK_TRAPS_FORMAL,enabled_symmetric_teaching_top_stack,0.0,0.01,0.0,0.3,channel,0.00095,5.1e-06,9.5,51.0,0.07882412183748014,1.4913513828573584e+17
p2_bulk_nta_1e18_common_primary,NTA 1e18 common-primary state,top_primary,interface_4x,T03_P2_BULK_TRAPS_FORMAL,enabled_symmetric_teaching_top_stack,0.0,0.01,0.0,0.3,channel,0.00095,5.1750000000000004e-06,9.5,51.75000000000001,0.08162043737548871,1.661712989016884e+17
p2_bulk_nta_1e18_common_primary,NTA 1e18 common-primary state,top_primary,interface_4x,T03_P2_BULK_TRAPS_FORMAL,enabled_symmetric_teaching_top_stack,0.0,0.01,0.0,0.3,channel,0.00095,5.2500000000000006e-06,9.5,52.50000000000001,0.08460095744911947,1.8647754714141786e+17
p2_bulk_nta_1e18_common_primary,NTA 1e18 common-primary state,top_primary,interface_4x,T03_P2_BULK_TRAPS_FORMAL,enabled_symmetric_teaching_top_stack,0.0,0.01,0.0,0.3,channel,0.00095,5.325e-06,9.5,53.25,0.08778725552017186,2.1093759962970102e+17
p2_bulk_nta_1e18_common_primary,NTA 1e18 common-primary state,top_primary,interface_4x,T03_P2_BULK_TRAPS_FORMAL,enabled_symmetric_teaching_top_stack,0.0,0.01,0.0,0.3,channel,0.00095,5.4e-06,9.5,54.0,0.0912052263711436,2.4075392865197322e+17
p2_bulk_nta_1e18_common_primary,NTA 1e18 common-primary state,top_primary,interface_4x,T03_P2_BULK_TRAPS_FORMAL,enabled_symmetric_teaching_top_stack,0.0,0.01,0.0,0.3,channel,0.000975,3e-06,9.75,30.0,0.03883544926981592,3.1473912964399384e+16
p2_bulk_nta_1e18_common_primary,NTA 1e18 common-primary state,top_primary,interface_4x,T03_P2_BULK_TRAPS_FORMAL,enabled_symmetric_teaching_top_stack,0.0,0.01,0.0,0.3,channel,0.000975,3.075e-06,9.75,30.750000000000004,0.03951737148338414,3.2315177336470116e+16
p2_bulk_nta_1e18_common_primary,NTA 1e18 common-primary state,top_primary,interface_4x,T03_P2_BULK_TRAPS_FORMAL,enabled_symmetric_teaching_top_stack,0.0,0.01,0.0,0.3,channel,0.000975,3.1500000000000003e-06,9.75,31.500000000000004,0.04023739849719732,3.322787046242577e+16
p2_bulk_nta_1e18_common_primary,NTA 1e18 common-primary state,top_primary,interface_4x,T03_P2_BULK_TRAPS_FORMAL,enabled_symmetric_teaching_top_stack,0.0,0.01,0.0,0.3,channel,0.000975,3.225e-06,9.75,32.25,0.04099660015590938,3.4218156300735252e+16
p2_bulk_nta_1e18_common_primary,NTA 1e18 common-primary state,top_primary,interface_4x,T03_P2_BULK_TRAPS_FORMAL,enabled_symmetric_teaching_top_stack,0.0,0.01,0.0,0.3,channel,0.000975,3.3e-06,9.75,33.0,0.041796134186589395,3.5292976064692732e+16
p2_bulk_nta_1e18_common_primary,NTA 1e18 common-primary state,top_primary,interface_4x,T03_P2_BULK_TRAPS_FORMAL,enabled_symmetric_teaching_top_stack,0.0,0.01,0.0,0.3,channel,0.000975,3.3750000000000003e-06,9.75,33.75,0.04263725370337876,3.646016130273731e+16
p2_bulk_nta_1e18_common_primary,NTA 1e18 common-primary state,top_primary,interface_4x,T03_P2_BULK_TRAPS_FORMAL,enabled_symmetric_teaching_top_stack,0.0,0.01,0.0,0.3,channel,0.000975,3.45e-06,9.75,34.5,0.04352131565993563,3.772856713069672e+16
p2_bulk_nta_1e18_common_primary,NTA 1e18 common-primary state,top_primary,interface_4x,T03_P2_BULK_TRAPS_FORMAL,enabled_symmetric_teaching_top_stack,0.0,0.01,0.0,0.3,channel,0.000975,3.525e-06,9.75,35.25,0.04444979038966217,3.910822977103822e+16
p2_bulk_nta_1e18_common_primary,NTA 1e18 common-primary state,top_primary,interface_4x,T03_P2_BULK_TRAPS_FORMAL,enabled_symmetric_teaching_top_stack,0.0,0.01,0.0,0.3,channel,0.000975,3.6000000000000003e-06,9.75,36.0,0.04542427239906622,4.0610553546648696e+16
p2_bulk_nta_1e18_common_primary,NTA 1e18 common-primary state,top_primary,interface_4x,T03_P2_BULK_TRAPS_FORMAL,enabled_symmetric_teaching_top_stack,0.0,0.01,0.0,0.3,channel,0.000975,3.6750000000000004e-06,9.75,36.75000000000001,0.04644649261030603,4.224853373885109e+16
p2_bulk_nta_1e18_common_primary,NTA 1e18 common-primary state,top_primary,interface_4x,T03_P2_BULK_TRAPS_FORMAL,enabled_symmetric_teaching_top_stack,0.0,0.01,0.0,0.3,channel,0.000975,3.7500000000000005e-06,9.75,37.50000000000001,0.047518332286307766,4.403702333418398e+16
p2_bulk_nta_1e18_common_primary,NTA 1e18 common-primary state,top_primary,interface_4x,T03_P2_BULK_TRAPS_FORMAL,enabled_symmetric_teaching_top_stack,0.0,0.01,0.0,0.3,channel,0.000975,3.825000000000001e-06,9.75,38.25000000000001,0.04864183891750037,4.599305376336837e+16
p2_bulk_nta_1e18_common_primary,NTA 1e18 common-primary state,top_primary,interface_4x,T03_P2_BULK_TRAPS_FORMAL,enabled_symmetric_teaching_top_stack,0.0,0.01,0.0,0.3,channel,0.000975,3.9e-06,9.75,39.0,0.04981924440532494,4.8136222429828936e+16
p2_bulk_nta_1e18_common_primary,NTA 1e18 common-primary state,top_primary,interface_4x,T03_P2_BULK_TRAPS_FORMAL,enabled_symmetric_teaching_top_stack,0.0,0.01,0.0,0.3,channel,0.000975,3.975e-06,9.75,39.75,0.05105298594702685,5.048916334025546e+16
p2_bulk_nta_1e18_common_primary,NTA 1e18 common-primary state,top_primary,interface_4x,T03_P2_BULK_TRAPS_FORMAL,enabled_symmetric_teaching_top_stack,0.0,0.01,0.0,0.3,channel,0.000975,4.05e-06,9.75,40.5,0.052345730112450264,5.30781217697849e+16
p2_bulk_nta_1e18_common_primary,NTA 1e18 common-primary state,top_primary,interface_4x,T03_P2_BULK_TRAPS_FORMAL,enabled_symmetric_teaching_top_stack,0.0,0.01,0.0,0.3,channel,0.000975,4.125e-06,9.75,41.25,0.0537004007113888,5.593366001365052e+16
p2_bulk_nta_1e18_common_primary,NTA 1e18 common-primary state,top_primary,interface_4x,T03_P2_BULK_TRAPS_FORMAL,enabled_symmetric_teaching_top_stack,0.0,0.01,0.0,0.3,channel,0.000975,4.2000000000000004e-06,9.75,42.00000000000001,0.05512021118580124,5.909152944820338e+16
p2_bulk_nta_1e18_common_primary,NTA 1e18 common-primary state,top_primary,interface_4x,T03_P2_BULK_TRAPS_FORMAL,enabled_symmetric_teaching_top_stack,0.0,0.01,0.0,0.3,channel,0.000975,4.2750000000000006e-06,9.75,42.75000000000001,0.056608702433288006,6.259375512946526e+16
p2_bulk_nta_1e18_common_primary,NTA 1e18 common-primary state,top_primary,interface_4x,T03_P2_BULK_TRAPS_FORMAL,enabled_symmetric_teaching_top_stack,0.0,0.01,0.0,0.3,channel,0.000975,4.350000000000001e-06,9.75,43.50000000000001,0.05816978718795962,6.648999411613543e+16
p2_bulk_nta_1e18_common_primary,NTA 1e18 common-primary state,top_primary,interface_4x,T03_P2_BULK_TRAPS_FORMAL,enabled_symmetric_teaching_top_stack,0.0,0.01,0.0,0.3,channel,0.000975,4.425e-06,9.75,44.25,0.059807802367588786,7.083924923541038e+16
p2_bulk_nta_1e18_common_primary,NTA 1e18 common-primary state,top_primary,interface_4x,T03_P2_BULK_TRAPS_FORMAL,enabled_symmetric_teaching_top_stack,0.0,0.01,0.0,0.3,channel,0.000975,4.5e-06,9.75,45.0,0.06152757116281404,7.571204848411274e+16
p2_bulk_nta_1e18_common_primary,NTA 1e18 common-primary state,top_primary,interface_4x,T03_P2_BULK_TRAPS_FORMAL,enabled_symmetric_teaching_top_stack,0.0,0.01,0.0,0.3,channel,0.000975,4.575e-06,9.75,45.75,0.06333447712438936,8.119324018748414e+16
p2_bulk_nta_1e18_common_primary,NTA 1e18 common-primary state,top_primary,interface_4x,T03_P2_BULK_TRAPS_FORMAL,enabled_symmetric_teaching_top_stack,0.0,0.01,0.0,0.3,channel,0.000975,4.65e-06,9.75,46.50000000000001,0.0652345531390241,8.738561070139683e+16
p2_bulk_nta_1e18_common_primary,NTA 1e18 common-primary state,top_primary,interface_4x,T03_P2_BULK_TRAPS_FORMAL,enabled_symmetric_teaching_top_stack,0.0,0.01,0.0,0.3,channel,0.000975,4.7250000000000005e-06,9.75,47.25000000000001,0.06723458903134216,9.44146128850368e+16
p2_bulk_nta_1e18_common_primary,NTA 1e18 common-primary state,top_primary,interface_4x,T03_P2_BULK_TRAPS_FORMAL,enabled_symmetric_teaching_top_stack,0.0,0.01,0.0,0.3,channel,0.000975,4.8e-06,9.75,48.0,0.06934226267238686,1.0243461224292994e+17
p2_bulk_nta_1e18_common_primary,NTA 1e18 common-primary state,top_primary,interface_4x,T03_P2_BULK_TRAPS_FORMAL,enabled_symmetric_teaching_top_stack,0.0,0.01,0.0,0.3,channel,0.000975,4.875e-06,9.75,48.75,0.07156630103548507,1.1163723313874088e+17
p2_bulk_nta_1e18_common_primary,NTA 1e18 common-primary state,top_primary,interface_4x,T03_P2_BULK_TRAPS_FORMAL,enabled_symmetric_teaching_top_stack,0.0,0.01,0.0,0.3,channel,0.000975,4.95e-06,9.75,49.5,0.07391667979786277,1.2226265123419363e+17
p2_bulk_nta_1e18_common_primary,NTA 1e18 common-primary state,top_primary,interface_4x,T03_P2_BULK_TRAPS_FORMAL,enabled_symmetric_teaching_top_stack,0.0,0.01,0.0,0.3,channel,0.000975,5.025e-06,9.75,50.25,0.07640487311110376,1.34615081651073e+17
p2_bulk_nta_1e18_common_primary,NTA 1e18 common-primary state,top_primary,interface_4x,T03_P2_BULK_TRAPS_FORMAL,enabled_symmetric_teaching_top_stack,0.0,0.01,0.0,0.3,channel,0.000975,5.1e-06,9.75,51.0,0.07904416946794376,1.490843410209687e+17
p2_bulk_nta_1e18_common_primary,NTA 1e18 common-primary state,top_primary,interface_4x,T03_P2_BULK_TRAPS_FORMAL,enabled_symmetric_teaching_top_stack,0.0,0.01,0.0,0.3,channel,0.000975,5.1750000000000004e-06,9.75,51.75000000000001,0.08185007581974599,1.66176362079735e+17
p2_bulk_nta_1e18_common_primary,NTA 1e18 common-primary state,top_primary,interface_4x,T03_P2_BULK_TRAPS_FORMAL,enabled_symmetric_teaching_top_stack,0.0,0.01,0.0,0.3,channel,0.000975,5.2500000000000006e-06,9.75,52.50000000000001,0.08484084127073013,1.8655716862147587e+17
p2_bulk_nta_1e18_common_primary,NTA 1e18 common-primary state,top_primary,interface_4x,T03_P2_BULK_TRAPS_FORMAL,enabled_symmetric_teaching_top_stack,0.0,0.01,0.0,0.3,channel,0.000975,5.325e-06,9.75,53.25,0.08803814545571378,2.1111753958342768e+17
p2_bulk_nta_1e18_common_primary,NTA 1e18 common-primary state,top_primary,interface_4x,T03_P2_BULK_TRAPS_FORMAL,enabled_symmetric_teaching_top_stack,0.0,0.01,0.0,0.3,channel,0.000975,5.4e-06,9.75,54.0,0.09146801787581543,2.4107026538674675e+17
p2_bulk_nta_1e18_common_primary,NTA 1e18 common-primary state,top_primary,interface_4x,T03_P2_BULK_TRAPS_FORMAL,enabled_symmetric_teaching_top_stack,0.0,0.01,0.0,0.3,channel,0.001,3e-06,10.0,30.0,0.01,1e+16
p2_bulk_nta_1e18_common_primary,NTA 1e18 common-primary state,top_primary,interface_4x,T03_P2_BULK_TRAPS_FORMAL,enabled_symmetric_teaching_top_stack,0.0,0.01,0.0,0.3,channel,0.001,3.075e-06,10.0,30.750000000000004,0.01,1e+16
p2_bulk_nta_1e18_common_primary,NTA 1e18 common-primary state,top_primary,interface_4x,T03_P2_BULK_TRAPS_FORMAL,enabled_symmetric_teaching_top_stack,0.0,0.01,0.0,0.3,channel,0.001,3.1500000000000003e-06,10.0,31.500000000000004,0.01,1e+16
p2_bulk_nta_1e18_common_primary,NTA 1e18 common-primary state,top_primary,interface_4x,T03_P2_BULK_TRAPS_FORMAL,enabled_symmetric_teaching_top_stack,0.0,0.01,0.0,0.3,channel,0.001,3.225e-06,10.0,32.25,0.01,1e+16
p2_bulk_nta_1e18_common_primary,NTA 1e18 common-primary state,top_primary,interface_4x,T03_P2_BULK_TRAPS_FORMAL,enabled_symmetric_teaching_top_stack,0.0,0.01,0.0,0.3,channel,0.001,3.3e-06,10.0,33.0,0.01,1e+16
p2_bulk_nta_1e18_common_primary,NTA 1e18 common-primary state,top_primary,interface_4x,T03_P2_BULK_TRAPS_FORMAL,enabled_symmetric_teaching_top_stack,0.0,0.01,0.0,0.3,channel,0.001,3.3750000000000003e-06,10.0,33.75,0.01,1e+16
p2_bulk_nta_1e18_common_primary,NTA 1e18 common-primary state,top_primary,interface_4x,T03_P2_BULK_TRAPS_FORMAL,enabled_symmetric_teaching_top_stack,0.0,0.01,0.0,0.3,channel,0.001,3.45e-06,10.0,34.5,0.01,1e+16
p2_bulk_nta_1e18_common_primary,NTA 1e18 common-primary state,top_primary,interface_4x,T03_P2_BULK_TRAPS_FORMAL,enabled_symmetric_teaching_top_stack,0.0,0.01,0.0,0.3,channel,0.001,3.525e-06,10.0,35.25,0.01,1e+16
p2_bulk_nta_1e18_common_primary,NTA 1e18 common-primary state,top_primary,interface_4x,T03_P2_BULK_TRAPS_FORMAL,enabled_symmetric_teaching_top_stack,0.0,0.01,0.0,0.3,channel,0.001,3.6000000000000003e-06,10.0,36.0,0.01,1e+16
p2_bulk_nta_1e18_common_primary,NTA 1e18 common-primary state,top_primary,interface_4x,T03_P2_BULK_TRAPS_FORMAL,enabled_symmetric_teaching_top_stack,0.0,0.01,0.0,0.3,channel,0.001,3.6750000000000004e-06,10.0,36.75000000000001,0.01,1e+16
p2_bulk_nta_1e18_common_primary,NTA 1e18 common-primary state,top_primary,interface_4x,T03_P2_BULK_TRAPS_FORMAL,enabled_symmetric_teaching_top_stack,0.0,0.01,0.0,0.3,channel,0.001,3.7500000000000005e-06,10.0,37.50000000000001,0.01,1e+16
p2_bulk_nta_1e18_common_primary,NTA 1e18 common-primary state,top_primary,interface_4x,T03_P2_BULK_TRAPS_FORMAL,enabled_symmetric_teaching_top_stack,0.0,0.01,0.0,0.3,channel,0.001,3.825000000000001e-06,10.0,38.25000000000001,0.01,1e+16
p2_bulk_nta_1e18_common_primary,NTA 1e18 common-primary state,top_primary,interface_4x,T03_P2_BULK_TRAPS_FORMAL,enabled_symmetric_teaching_top_stack,0.0,0.01,0.0,0.3,channel,0.001,3.9e-06,10.0,39.0,0.01,1e+16
p2_bulk_nta_1e18_common_primary,NTA 1e18 common-primary state,top_primary,interface_4x,T03_P2_BULK_TRAPS_FORMAL,enabled_symmetric_teaching_top_stack,0.0,0.01,0.0,0.3,channel,0.001,3.975e-06,10.0,39.75,0.01,1e+16
p2_bulk_nta_1e18_common_primary,NTA 1e18 common-primary state,top_primary,interface_4x,T03_P2_BULK_TRAPS_FORMAL,enabled_symmetric_teaching_top_stack,0.0,0.01,0.0,0.3,channel,0.001,4.05e-06,10.0,40.5,0.01,1e+16
p2_bulk_nta_1e18_common_primary,NTA 1e18 common-primary state,top_primary,interface_4x,T03_P2_BULK_TRAPS_FORMAL,enabled_symmetric_teaching_top_stack,0.0,0.01,0.0,0.3,channel,0.001,4.125e-06,10.0,41.25,0.01,1e+16
p2_bulk_nta_1e18_common_primary,NTA 1e18 common-primary state,top_primary,interface_4x,T03_P2_BULK_TRAPS_FORMAL,enabled_symmetric_teaching_top_stack,0.0,0.01,0.0,0.3,channel,0.001,4.2000000000000004e-06,10.0,42.00000000000001,0.01,1e+16
p2_bulk_nta_1e18_common_primary,NTA 1e18 common-primary state,top_primary,interface_4x,T03_P2_BULK_TRAPS_FORMAL,enabled_symmetric_teaching_top_stack,0.0,0.01,0.0,0.3,channel,0.001,4.2750000000000006e-06,10.0,42.75000000000001,0.01,1e+16
p2_bulk_nta_1e18_common_primary,NTA 1e18 common-primary state,top_primary,interface_4x,T03_P2_BULK_TRAPS_FORMAL,enabled_symmetric_teaching_top_stack,0.0,0.01,0.0,0.3,channel,0.001,4.350000000000001e-06,10.0,43.50000000000001,0.01,1e+16
p2_bulk_nta_1e18_common_primary,NTA 1e18 common-primary state,top_primary,interface_4x,T03_P2_BULK_TRAPS_FORMAL,enabled_symmetric_teaching_top_stack,0.0,0.01,0.0,0.3,channel,0.001,4.425e-06,10.0,44.25,0.01,1e+16
p2_bulk_nta_1e18_common_primary,NTA 1e18 common-primary state,top_primary,interface_4x,T03_P2_BULK_TRAPS_FORMAL,enabled_symmetric_teaching_top_stack,0.0,0.01,0.0,0.3,channel,0.001,4.5e-06,10.0,45.0,0.01,1e+16
p2_bulk_nta_1e18_common_primary,NTA 1e18 common-primary state,top_primary,interface_4x,T03_P2_BULK_TRAPS_FORMAL,enabled_symmetric_teaching_top_stack,0.0,0.01,0.0,0.3,channel,0.001,4.575e-06,10.0,45.75,0.01,1e+16
p2_bulk_nta_1e18_common_primary,NTA 1e18 common-primary state,top_primary,interface_4x,T03_P2_BULK_TRAPS_FORMAL,enabled_symmetric_teaching_top_stack,0.0,0.01,0.0,0.3,channel,0.001,4.65e-06,10.0,46.50000000000001,0.01,1e+16
p2_bulk_nta_1e18_common_primary,NTA 1e18 common-primary state,top_primary,interface_4x,T03_P2_BULK_TRAPS_FORMAL,enabled_symmetric_teaching_top_stack,0.0,0.01,0.0,0.3,channel,0.001,4.7250000000000005e-06,10.0,47.25000000000001,0.01,1e+16
p2_bulk_nta_1e18_common_primary,NTA 1e18 common-primary state,top_primary,interface_4x,T03_P2_BULK_TRAPS_FORMAL,enabled_symmetric_teaching_top_stack,0.0,0.01,0.0,0.3,channel,0.001,4.8e-06,10.0,48.0,0.01,1e+16
p2_bulk_nta_1e18_common_primary,NTA 1e18 common-primary state,top_primary,interface_4x,T03_P2_BULK_TRAPS_FORMAL,enabled_symmetric_teaching_top_stack,0.0,0.01,0.0,0.3,channel,0.001,4.875e-06,10.0,48.75,0.01,1e+16
p2_bulk_nta_1e18_common_primary,NTA 1e18 common-primary state,top_primary,interface_4x,T03_P2_BULK_TRAPS_FORMAL,enabled_symmetric_teaching_top_stack,0.0,0.01,0.0,0.3,channel,0.001,4.95e-06,10.0,49.5,0.01,1e+16
p2_bulk_nta_1e18_common_primary,NTA 1e18 common-primary state,top_primary,interface_4x,T03_P2_BULK_TRAPS_FORMAL,enabled_symmetric_teaching_top_stack,0.0,0.01,0.0,0.3,channel,0.001,5.025e-06,10.0,50.25,0.01,1e+16
p2_bulk_nta_1e18_common_primary,NTA 1e18 common-primary state,top_primary,interface_4x,T03_P2_BULK_TRAPS_FORMAL,enabled_symmetric_teaching_top_stack,0.0,0.01,0.0,0.3,channel,0.001,5.1e-06,10.0,51.0,0.01,1e+16
p2_bulk_nta_1e18_common_primary,NTA 1e18 common-primary state,top_primary,interface_4x,T03_P2_BULK_TRAPS_FORMAL,enabled_symmetric_teaching_top_stack,0.0,0.01,0.0,0.3,channel,0.001,5.1750000000000004e-06,10.0,51.75000000000001,0.01,1e+16
p2_bulk_nta_1e18_common_primary,NTA 1e18 common-primary state,top_primary,interface_4x,T03_P2_BULK_TRAPS_FORMAL,enabled_symmetric_teaching_top_stack,0.0,0.01,0.0,0.3,channel,0.001,5.2500000000000006e-06,10.0,52.50000000000001,0.01,1e+16
p2_bulk_nta_1e18_common_primary,NTA 1e18 common-primary state,top_primary,interface_4x,T03_P2_BULK_TRAPS_FORMAL,enabled_symmetric_teaching_top_stack,0.0,0.01,0.0,0.3,channel,0.001,5.325e-06,10.0,53.25,0.01,1e+16
p2_bulk_nta_1e18_common_primary,NTA 1e18 common-primary state,top_primary,interface_4x,T03_P2_BULK_TRAPS_FORMAL,enabled_symmetric_teaching_top_stack,0.0,0.01,0.0,0.3,channel,0.001,5.4e-06,10.0,54.0,0.01,1e+16
p2_bulk_nta_1e18_common_primary,NTA 1e18 common-primary state,top_primary,interface_4x,T03_P2_BULK_TRAPS_FORMAL,enabled_symmetric_teaching_top_stack,0.0,0.01,0.0,0.3,top_oxide,0.0,5.4e-06,0.0,54.0,0.29794312421645835,
p2_bulk_nta_1e18_common_primary,NTA 1e18 common-primary state,top_primary,interface_4x,T03_P2_BULK_TRAPS_FORMAL,enabled_symmetric_teaching_top_stack,0.0,0.01,0.0,0.3,top_oxide,0.0,5.525e-06,0.0,55.24999999999999,0.29794844530369197,
p2_bulk_nta_1e18_common_primary,NTA 1e18 common-primary state,top_primary,interface_4x,T03_P2_BULK_TRAPS_FORMAL,enabled_symmetric_teaching_top_stack,0.0,0.01,0.0,0.3,top_oxide,2.5e-05,5.4e-06,0.25,54.0,0.085099634872211,
p2_bulk_nta_1e18_common_primary,NTA 1e18 common-primary state,top_primary,interface_4x,T03_P2_BULK_TRAPS_FORMAL,enabled_symmetric_teaching_top_stack,0.0,0.01,0.0,0.3,top_oxide,2.5e-05,5.525e-06,0.25,55.24999999999999,0.0940939801469356,
p2_bulk_nta_1e18_common_primary,NTA 1e18 common-primary state,top_primary,interface_4x,T03_P2_BULK_TRAPS_FORMAL,enabled_symmetric_teaching_top_stack,0.0,0.01,0.0,0.3,top_oxide,0.0,5.65e-06,0.0,56.5,0.29796395911418344,
p2_bulk_nta_1e18_common_primary,NTA 1e18 common-primary state,top_primary,interface_4x,T03_P2_BULK_TRAPS_FORMAL,enabled_symmetric_teaching_top_stack,0.0,0.01,0.0,0.3,top_oxide,2.5e-05,5.65e-06,0.25,56.5,0.10308322836095714,
p2_bulk_nta_1e18_common_primary,NTA 1e18 common-primary state,top_primary,interface_4x,T03_P2_BULK_TRAPS_FORMAL,enabled_symmetric_teaching_top_stack,0.0,0.01,0.0,0.3,top_oxide,0.0,5.775e-06,0.0,57.75,0.2979892169612125,
p2_bulk_nta_1e18_common_primary,NTA 1e18 common-primary state,top_primary,interface_4x,T03_P2_BULK_TRAPS_FORMAL,enabled_symmetric_teaching_top_stack,0.0,0.01,0.0,0.3,top_oxide,2.5e-05,5.775e-06,0.25,57.75,0.11206760480689913,
p2_bulk_nta_1e18_common_primary,NTA 1e18 common-primary state,top_primary,interface_4x,T03_P2_BULK_TRAPS_FORMAL,enabled_symmetric_teaching_top_stack,0.0,0.01,0.0,0.3,top_oxide,0.0,5.899999999999999e-06,0.0,58.99999999999999,0.29802377088884935,
p2_bulk_nta_1e18_common_primary,NTA 1e18 common-primary state,top_primary,interface_4x,T03_P2_BULK_TRAPS_FORMAL,enabled_symmetric_teaching_top_stack,0.0,0.01,0.0,0.3,top_oxide,2.5e-05,5.899999999999999e-06,0.25,58.99999999999999,0.12104733429029564,
p2_bulk_nta_1e18_common_primary,NTA 1e18 common-primary state,top_primary,interface_4x,T03_P2_BULK_TRAPS_FORMAL,enabled_symmetric_teaching_top_stack,0.0,0.01,0.0,0.3,top_oxide,0.0,6.025e-06,0.0,60.25,0.2980671736383161,
p2_bulk_nta_1e18_common_primary,NTA 1e18 common-primary state,top_primary,interface_4x,T03_P2_BULK_TRAPS_FORMAL,enabled_symmetric_teaching_top_stack,0.0,0.01,0.0,0.3,top_oxide,2.5e-05,6.025e-06,0.25,60.25,0.13002264115204662,
p2_bulk_nta_1e18_common_primary,NTA 1e18 common-primary state,top_primary,interface_4x,T03_P2_BULK_TRAPS_FORMAL,enabled_symmetric_teaching_top_stack,0.0,0.01,0.0,0.3,top_oxide,0.0,6.1499999999999996e-06,0.0,61.49999999999999,0.29811897861440717,
p2_bulk_nta_1e18_common_primary,NTA 1e18 common-primary state,top_primary,interface_4x,T03_P2_BULK_TRAPS_FORMAL,enabled_symmetric_teaching_top_stack,0.0,0.01,0.0,0.3,top_oxide,2.5e-05,6.1499999999999996e-06,0.25,61.49999999999999,0.1389937492908299,
p2_bulk_nta_1e18_common_primary,NTA 1e18 common-primary state,top_primary,interface_4x,T03_P2_BULK_TRAPS_FORMAL,enabled_symmetric_teaching_top_stack,0.0,0.01,0.0,0.3,top_oxide,0.0,6.275e-06,0.0,62.75,0.2981787398519644,
p2_bulk_nta_1e18_common_primary,NTA 1e18 common-primary state,top_primary,interface_4x,T03_P2_BULK_TRAPS_FORMAL,enabled_symmetric_teaching_top_stack,0.0,0.01,0.0,0.3,top_oxide,2.5e-05,6.275e-06,0.25,62.75,0.1479608821854719,
p2_bulk_nta_1e18_common_primary,NTA 1e18 common-primary state,top_primary,interface_4x,T03_P2_BULK_TRAPS_FORMAL,enabled_symmetric_teaching_top_stack,0.0,0.01,0.0,0.3,top_oxide,0.0,6.4e-06,0.0,64.0,0.29824601198240497,
p2_bulk_nta_1e18_common_primary,NTA 1e18 common-primary state,top_primary,interface_4x,T03_P2_BULK_TRAPS_FORMAL,enabled_symmetric_teaching_top_stack,0.0,0.01,0.0,0.3,top_oxide,2.5e-05,6.4e-06,0.25,64.0,0.15692426291727873,
p2_bulk_nta_1e18_common_primary,NTA 1e18 common-primary state,top_primary,interface_4x,T03_P2_BULK_TRAPS_FORMAL,enabled_symmetric_teaching_top_stack,0.0,0.01,0.0,0.3,top_oxide,0.0,6.9e-06,0.0,69.0,0.2985857613786998,
p2_bulk_nta_1e18_common_primary,NTA 1e18 common-primary state,top_primary,interface_4x,T03_P2_BULK_TRAPS_FORMAL,enabled_symmetric_teaching_top_stack,0.0,0.01,0.0,0.3,top_oxide,2.5e-05,6.9e-06,0.25,69.0,0.19274249127695287,
p2_bulk_nta_1e18_common_primary,NTA 1e18 common-primary state,top_primary,interface_4x,T03_P2_BULK_TRAPS_FORMAL,enabled_symmetric_teaching_top_stack,0.0,0.01,0.0,0.3,top_oxide,0.0,7.4e-06,0.0,74.0,0.299010185391076,
p2_bulk_nta_1e18_common_primary,NTA 1e18 common-primary state,top_primary,interface_4x,T03_P2_BULK_TRAPS_FORMAL,enabled_symmetric_teaching_top_stack,0.0,0.01,0.0,0.3,top_oxide,2.5e-05,7.4e-06,0.25,74.0,0.2285184450428381,
p2_bulk_nta_1e18_common_primary,NTA 1e18 common-primary state,top_primary,interface_4x,T03_P2_BULK_TRAPS_FORMAL,enabled_symmetric_teaching_top_stack,0.0,0.01,0.0,0.3,top_oxide,0.0,7.9e-06,0.0,79.0,0.2994910027957308,
p2_bulk_nta_1e18_common_primary,NTA 1e18 common-primary state,top_primary,interface_4x,T03_P2_BULK_TRAPS_FORMAL,enabled_symmetric_teaching_top_stack,0.0,0.01,0.0,0.3,top_oxide,2.5e-05,7.9e-06,0.25,79.0,0.2642662532777896,
p2_bulk_nta_1e18_common_primary,NTA 1e18 common-primary state,top_primary,interface_4x,T03_P2_BULK_TRAPS_FORMAL,enabled_symmetric_teaching_top_stack,0.0,0.01,0.0,0.3,top_oxide,0.0,8.400000000000001e-06,0.0,84.00000000000001,0.3,
p2_bulk_nta_1e18_common_primary,NTA 1e18 common-primary state,top_primary,interface_4x,T03_P2_BULK_TRAPS_FORMAL,enabled_symmetric_teaching_top_stack,0.0,0.01,0.0,0.3,top_oxide,2.5e-05,8.400000000000001e-06,0.25,84.00000000000001,0.3,
p2_bulk_nta_1e18_common_primary,NTA 1e18 common-primary state,top_primary,interface_4x,T03_P2_BULK_TRAPS_FORMAL,enabled_symmetric_teaching_top_stack,0.0,0.01,0.0,0.3,top_oxide,5e-05,5.4e-06,0.5,54.0,0.08517066223338318,
p2_bulk_nta_1e18_common_primary,NTA 1e18 common-primary state,top_primary,interface_4x,T03_P2_BULK_TRAPS_FORMAL,enabled_symmetric_teaching_top_stack,0.0,0.01,0.0,0.3,top_oxide,5e-05,5.525e-06,0.5,55.24999999999999,0.09412194311466629,
p2_bulk_nta_1e18_common_primary,NTA 1e18 common-primary state,top_primary,interface_4x,T03_P2_BULK_TRAPS_FORMAL,enabled_symmetric_teaching_top_stack,0.0,0.01,0.0,0.3,top_oxide,5e-05,5.65e-06,0.5,56.5,0.10307322078697836,
p2_bulk_nta_1e18_common_primary,NTA 1e18 common-primary state,top_primary,interface_4x,T03_P2_BULK_TRAPS_FORMAL,enabled_symmetric_teaching_top_stack,0.0,0.01,0.0,0.3,top_oxide,5e-05,5.775e-06,0.5,57.75,0.11202449447241215,
p2_bulk_nta_1e18_common_primary,NTA 1e18 common-primary state,top_primary,interface_4x,T03_P2_BULK_TRAPS_FORMAL,enabled_symmetric_teaching_top_stack,0.0,0.01,0.0,0.3,top_oxide,5e-05,5.899999999999999e-06,0.5,58.99999999999999,0.12097576351465571,
p2_bulk_nta_1e18_common_primary,NTA 1e18 common-primary state,top_primary,interface_4x,T03_P2_BULK_TRAPS_FORMAL,enabled_symmetric_teaching_top_stack,0.0,0.01,0.0,0.3,top_oxide,5e-05,6.025e-06,0.5,60.25,0.12992702737333936,
p2_bulk_nta_1e18_common_primary,NTA 1e18 common-primary state,top_primary,interface_4x,T03_P2_BULK_TRAPS_FORMAL,enabled_symmetric_teaching_top_stack,0.0,0.01,0.0,0.3,top_oxide,5e-05,6.1499999999999996e-06,0.5,61.49999999999999,0.13887828561840002,
p2_bulk_nta_1e18_common_primary,NTA 1e18 common-primary state,top_primary,interface_4x,T03_P2_BULK_TRAPS_FORMAL,enabled_symmetric_teaching_top_stack,0.0,0.01,0.0,0.3,top_oxide,5e-05,6.275e-06,0.5,62.75,0.14782953792446255,
p2_bulk_nta_1e18_common_primary,NTA 1e18 common-primary state,top_primary,interface_4x,T03_P2_BULK_TRAPS_FORMAL,enabled_symmetric_teaching_top_stack,0.0,0.01,0.0,0.3,top_oxide,5e-05,6.4e-06,0.5,64.0,0.15678078406523613,
p2_bulk_nta_1e18_common_primary,NTA 1e18 common-primary state,top_primary,interface_4x,T03_P2_BULK_TRAPS_FORMAL,enabled_symmetric_teaching_top_stack,0.0,0.01,0.0,0.3,top_oxide,5e-05,6.9e-06,0.5,69.0,0.192585705647497,
p2_bulk_nta_1e18_common_primary,NTA 1e18 common-primary state,top_primary,interface_4x,T03_P2_BULK_TRAPS_FORMAL,enabled_symmetric_teaching_top_stack,0.0,0.01,0.0,0.3,top_oxide,5e-05,7.4e-06,0.5,74.0,0.2283905320290828,
p2_bulk_nta_1e18_common_primary,NTA 1e18 common-primary state,top_primary,interface_4x,T03_P2_BULK_TRAPS_FORMAL,enabled_symmetric_teaching_top_stack,0.0,0.01,0.0,0.3,top_oxide,5e-05,7.9e-06,0.5,79.0,0.2641952856124245,
p2_bulk_nta_1e18_common_primary,NTA 1e18 common-primary state,top_primary,interface_4x,T03_P2_BULK_TRAPS_FORMAL,enabled_symmetric_teaching_top_stack,0.0,0.01,0.0,0.3,top_oxide,5e-05,8.400000000000001e-06,0.5,84.00000000000001,0.3,
p2_bulk_nta_1e18_common_primary,NTA 1e18 common-primary state,top_primary,interface_4x,T03_P2_BULK_TRAPS_FORMAL,enabled_symmetric_teaching_top_stack,0.0,0.01,0.0,0.3,top_oxide,7.500000000000001e-05,5.4e-06,0.7500000000000001,54.0,0.08533384149665124,
p2_bulk_nta_1e18_common_primary,NTA 1e18 common-primary state,top_primary,interface_4x,T03_P2_BULK_TRAPS_FORMAL,enabled_symmetric_teaching_top_stack,0.0,0.01,0.0,0.3,top_oxide,7.500000000000001e-05,5.525e-06,0.7500000000000001,55.24999999999999,0.09427826492577401,
p2_bulk_nta_1e18_common_primary,NTA 1e18 common-primary state,top_primary,interface_4x,T03_P2_BULK_TRAPS_FORMAL,enabled_symmetric_teaching_top_stack,0.0,0.01,0.0,0.3,top_oxide,7.500000000000001e-05,5.65e-06,0.7500000000000001,56.5,0.10322268834280507,
p2_bulk_nta_1e18_common_primary,NTA 1e18 common-primary state,top_primary,interface_4x,T03_P2_BULK_TRAPS_FORMAL,enabled_symmetric_teaching_top_stack,0.0,0.01,0.0,0.3,top_oxide,7.500000000000001e-05,5.775e-06,0.7500000000000001,57.75,0.11216711174683146,
p2_bulk_nta_1e18_common_primary,NTA 1e18 common-primary state,top_primary,interface_4x,T03_P2_BULK_TRAPS_FORMAL,enabled_symmetric_teaching_top_stack,0.0,0.01,0.0,0.3,top_oxide,7.500000000000001e-05,5.899999999999999e-06,0.7500000000000001,58.99999999999999,0.12111153513703955,
p2_bulk_nta_1e18_common_primary,NTA 1e18 common-primary state,top_primary,interface_4x,T03_P2_BULK_TRAPS_FORMAL,enabled_symmetric_teaching_top_stack,0.0,0.01,0.0,0.3,top_oxide,7.500000000000001e-05,6.025e-06,0.7500000000000001,60.25,0.13005595851273127,
p2_bulk_nta_1e18_common_primary,NTA 1e18 common-primary state,top_primary,interface_4x,T03_P2_BULK_TRAPS_FORMAL,enabled_symmetric_teaching_top_stack,0.0,0.01,0.0,0.3,top_oxide,7.500000000000001e-05,6.1499999999999996e-06,0.7500000000000001,61.49999999999999,0.1390003818733373,
p2_bulk_nta_1e18_common_primary,NTA 1e18 common-primary state,top_primary,interface_4x,T03_P2_BULK_TRAPS_FORMAL,enabled_symmetric_teaching_top_stack,0.0,0.01,0.0,0.3,top_oxide,7.500000000000001e-05,6.275e-06,0.7500000000000001,62.75,0.14794480521842832,
p2_bulk_nta_1e18_common_primary,NTA 1e18 common-primary state,top_primary,interface_4x,T03_P2_BULK_TRAPS_FORMAL,enabled_symmetric_teaching_top_stack,0.0,0.01,0.0,0.3,top_oxide,7.500000000000001e-05,6.4e-06,0.7500000000000001,64.0,0.15688922854772253,
p2_bulk_nta_1e18_common_primary,NTA 1e18 common-primary state,top_primary,interface_4x,T03_P2_BULK_TRAPS_FORMAL,enabled_symmetric_teaching_top_stack,0.0,0.01,0.0,0.3,top_oxide,7.500000000000001e-05,6.9e-06,0.7500000000000001,69.0,0.19266692170564984,
p2_bulk_nta_1e18_common_primary,NTA 1e18 common-primary state,top_primary,interface_4x,T03_P2_BULK_TRAPS_FORMAL,enabled_symmetric_teaching_top_stack,0.0,0.01,0.0,0.3,top_oxide,7.500000000000001e-05,7.4e-06,0.7500000000000001,74.0,0.22844461462565221,
p2_bulk_nta_1e18_common_primary,NTA 1e18 common-primary state,top_primary,interface_4x,T03_P2_BULK_TRAPS_FORMAL,enabled_symmetric_teaching_top_stack,0.0,0.01,0.0,0.3,top_oxide,7.500000000000001e-05,7.9e-06,0.7500000000000001,79.0,0.2642223073625128,
p2_bulk_nta_1e18_common_primary,NTA 1e18 common-primary state,top_primary,interface_4x,T03_P2_BULK_TRAPS_FORMAL,enabled_symmetric_teaching_top_stack,0.0,0.01,0.0,0.3,top_oxide,7.500000000000001e-05,8.400000000000001e-06,0.7500000000000001,84.00000000000001,0.3,
p2_bulk_nta_1e18_common_primary,NTA 1e18 common-primary state,top_primary,interface_4x,T03_P2_BULK_TRAPS_FORMAL,enabled_symmetric_teaching_top_stack,0.0,0.01,0.0,0.3,top_oxide,0.0001,5.4e-06,1.0,54.0,0.08549746472791118,
p2_bulk_nta_1e18_common_primary,NTA 1e18 common-primary state,top_primary,interface_4x,T03_P2_BULK_TRAPS_FORMAL,enabled_symmetric_teaching_top_stack,0.0,0.01,0.0,0.3,top_oxide,0.0001,5.525e-06,1.0,55.24999999999999,0.09443507040829931,
p2_bulk_nta_1e18_common_primary,NTA 1e18 common-primary state,top_primary,interface_4x,T03_P2_BULK_TRAPS_FORMAL,enabled_symmetric_teaching_top_stack,0.0,0.01,0.0,0.3,top_oxide,0.0001,5.65e-06,1.0,56.5,0.1033726760831312,
p2_bulk_nta_1e18_common_primary,NTA 1e18 common-primary state,top_primary,interface_4x,T03_P2_BULK_TRAPS_FORMAL,enabled_symmetric_teaching_top_stack,0.0,0.01,0.0,0.3,top_oxide,0.0001,5.775e-06,1.0,57.75,0.11231028175264553,
p2_bulk_nta_1e18_common_primary,NTA 1e18 common-primary state,top_primary,interface_4x,T03_P2_BULK_TRAPS_FORMAL,enabled_symmetric_teaching_top_stack,0.0,0.01,0.0,0.3,top_oxide,0.0001,5.899999999999999e-06,1.0,58.99999999999999,0.12124788741708131,
p2_bulk_nta_1e18_common_primary,NTA 1e18 common-primary state,top_primary,interface_4x,T03_P2_BULK_TRAPS_FORMAL,enabled_symmetric_teaching_top_stack,0.0,0.01,0.0,0.3,top_oxide,0.0001,6.025e-06,1.0,60.25,0.13018549307667776,
p2_bulk_nta_1e18_common_primary,NTA 1e18 common-primary state,top_primary,interface_4x,T03_P2_BULK_TRAPS_FORMAL,enabled_symmetric_teaching_top_stack,0.0,0.01,0.0,0.3,top_oxide,0.0001,6.1499999999999996e-06,1.0,61.49999999999999,0.13912309873167422,
p2_bulk_nta_1e18_common_primary,NTA 1e18 common-primary state,top_primary,interface_4x,T03_P2_BULK_TRAPS_FORMAL,enabled_symmetric_teaching_top_stack,0.0,0.01,0.0,0.3,top_oxide,0.0001,6.275e-06,1.0,62.75,0.14806070438231045,
p2_bulk_nta_1e18_common_primary,NTA 1e18 common-primary state,top_primary,interface_4x,T03_P2_BULK_TRAPS_FORMAL,enabled_symmetric_teaching_top_stack,0.0,0.01,0.0,0.3,top_oxide,0.0001,6.4e-06,1.0,64.0,0.1569983100288263,
p2_bulk_nta_1e18_common_primary,NTA 1e18 common-primary state,top_primary,interface_4x,T03_P2_BULK_TRAPS_FORMAL,enabled_symmetric_teaching_top_stack,0.0,0.01,0.0,0.3,top_oxide,0.0001,6.9e-06,1.0,69.0,0.19274873257608915,
p2_bulk_nta_1e18_common_primary,NTA 1e18 common-primary state,top_primary,interface_4x,T03_P2_BULK_TRAPS_FORMAL,enabled_symmetric_teaching_top_stack,0.0,0.01,0.0,0.3,top_oxide,0.0001,7.4e-06,1.0,74.0,0.2284991550766952,
p2_bulk_nta_1e18_common_primary,NTA 1e18 common-primary state,top_primary,interface_4x,T03_P2_BULK_TRAPS_FORMAL,enabled_symmetric_teaching_top_stack,0.0,0.01,0.0,0.3,top_oxide,0.0001,7.9e-06,1.0,79.0,0.264249577546145,
p2_bulk_nta_1e18_common_primary,NTA 1e18 common-primary state,top_primary,interface_4x,T03_P2_BULK_TRAPS_FORMAL,enabled_symmetric_teaching_top_stack,0.0,0.01,0.0,0.3,top_oxide,0.0001,8.400000000000001e-06,1.0,84.00000000000001,0.3,
p2_bulk_nta_1e18_common_primary,NTA 1e18 common-primary state,top_primary,interface_4x,T03_P2_BULK_TRAPS_FORMAL,enabled_symmetric_teaching_top_stack,0.0,0.01,0.0,0.3,top_oxide,0.000125,5.4e-06,1.25,54.0,0.08566131975428942,
p2_bulk_nta_1e18_common_primary,NTA 1e18 common-primary state,top_primary,interface_4x,T03_P2_BULK_TRAPS_FORMAL,enabled_symmetric_teaching_top_stack,0.0,0.01,0.0,0.3,top_oxide,0.000125,5.525e-06,1.25,55.24999999999999,0.09459209814185993,
p2_bulk_nta_1e18_common_primary,NTA 1e18 common-primary state,top_primary,interface_4x,T03_P2_BULK_TRAPS_FORMAL,enabled_symmetric_teaching_top_stack,0.0,0.01,0.0,0.3,top_oxide,0.000125,5.65e-06,1.25,56.5,0.10352287652386509,
p2_bulk_nta_1e18_common_primary,NTA 1e18 common-primary state,top_primary,interface_4x,T03_P2_BULK_TRAPS_FORMAL,enabled_symmetric_teaching_top_stack,0.0,0.01,0.0,0.3,top_oxide,0.000125,5.775e-06,1.25,57.75,0.11245365490054675,
p2_bulk_nta_1e18_common_primary,NTA 1e18 common-primary state,top_primary,interface_4x,T03_P2_BULK_TRAPS_FORMAL,enabled_symmetric_teaching_top_stack,0.0,0.01,0.0,0.3,top_oxide,0.000125,5.899999999999999e-06,1.25,58.99999999999999,0.12138443327214694,
p2_bulk_nta_1e18_common_primary,NTA 1e18 common-primary state,top_primary,interface_4x,T03_P2_BULK_TRAPS_FORMAL,enabled_symmetric_teaching_top_stack,0.0,0.01,0.0,0.3,top_oxide,0.000125,6.025e-06,1.25,60.25,0.1303152116389077,
p2_bulk_nta_1e18_common_primary,NTA 1e18 common-primary state,top_primary,interface_4x,T03_P2_BULK_TRAPS_FORMAL,enabled_symmetric_teaching_top_stack,0.0,0.01,0.0,0.3,top_oxide,0.000125,6.1499999999999996e-06,1.25,61.49999999999999,0.13924599000107082,
p2_bulk_nta_1e18_common_primary,NTA 1e18 common-primary state,top_primary,interface_4x,T03_P2_BULK_TRAPS_FORMAL,enabled_symmetric_teaching_top_stack,0.0,0.01,0.0,0.3,top_oxide,0.000125,6.275e-06,1.25,62.75,0.14817676835887847,
p2_bulk_nta_1e18_common_primary,NTA 1e18 common-primary state,top_primary,interface_4x,T03_P2_BULK_TRAPS_FORMAL,enabled_symmetric_teaching_top_stack,0.0,0.01,0.0,0.3,top_oxide,0.000125,6.4e-06,1.25,64.0,0.15710754671257246,
p2_bulk_nta_1e18_common_primary,NTA 1e18 common-primary state,top_primary,interface_4x,T03_P2_BULK_TRAPS_FORMAL,enabled_symmetric_teaching_top_stack,0.0,0.01,0.0,0.3,top_oxide,0.000125,6.9e-06,1.25,69.0,0.19283066008863234,
p2_bulk_nta_1e18_common_primary,NTA 1e18 common-primary state,top_primary,interface_4x,T03_P2_BULK_TRAPS_FORMAL,enabled_symmetric_teaching_top_stack,0.0,0.01,0.0,0.3,top_oxide,0.000125,7.4e-06,1.25,74.0,0.22855377341823258,
p2_bulk_nta_1e18_common_primary,NTA 1e18 common-primary state,top_primary,interface_4x,T03_P2_BULK_TRAPS_FORMAL,enabled_symmetric_teaching_top_stack,0.0,0.01,0.0,0.3,top_oxide,0.000125,7.9e-06,1.25,79.0,0.2642768867168596,
p2_bulk_nta_1e18_common_primary,NTA 1e18 common-primary state,top_primary,interface_4x,T03_P2_BULK_TRAPS_FORMAL,enabled_symmetric_teaching_top_stack,0.0,0.01,0.0,0.3,top_oxide,0.000125,8.400000000000001e-06,1.25,84.00000000000001,0.3,
p2_bulk_nta_1e18_common_primary,NTA 1e18 common-primary state,top_primary,interface_4x,T03_P2_BULK_TRAPS_FORMAL,enabled_symmetric_teaching_top_stack,0.0,0.01,0.0,0.3,top_oxide,0.00015000000000000001,5.4e-06,1.5000000000000002,54.0,0.08582540707585133,
p2_bulk_nta_1e18_common_primary,NTA 1e18 common-primary state,top_primary,interface_4x,T03_P2_BULK_TRAPS_FORMAL,enabled_symmetric_teaching_top_stack,0.0,0.01,0.0,0.3,top_oxide,0.00015000000000000001,5.525e-06,1.5000000000000002,55.24999999999999,0.09474934849187416,
p2_bulk_nta_1e18_common_primary,NTA 1e18 common-primary state,top_primary,interface_4x,T03_P2_BULK_TRAPS_FORMAL,enabled_symmetric_teaching_top_stack,0.0,0.01,0.0,0.3,top_oxide,0.00015000000000000001,5.65e-06,1.5000000000000002,56.5,0.10367328990230831,
p2_bulk_nta_1e18_common_primary,NTA 1e18 common-primary state,top_primary,interface_4x,T03_P2_BULK_TRAPS_FORMAL,enabled_symmetric_teaching_top_stack,0.0,0.01,0.0,0.3,top_oxide,0.00015000000000000001,5.775e-06,1.5000000000000002,57.75,0.11259723130739668,
p2_bulk_nta_1e18_common_primary,NTA 1e18 common-primary state,top_primary,interface_4x,T03_P2_BULK_TRAPS_FORMAL,enabled_symmetric_teaching_top_stack,0.0,0.01,0.0,0.3,top_oxide,0.00015000000000000001,5.899999999999999e-06,1.5000000000000002,58.99999999999999,0.12152117270738229,
p2_bulk_nta_1e18_common_primary,NTA 1e18 common-primary state,top_primary,interface_4x,T03_P2_BULK_TRAPS_FORMAL,enabled_symmetric_teaching_top_stack,0.0,0.01,0.0,0.3,top_oxide,0.00015000000000000001,6.025e-06,1.5000000000000002,60.25,0.1304451141025082,
p2_bulk_nta_1e18_common_primary,NTA 1e18 common-primary state,top_primary,interface_4x,T03_P2_BULK_TRAPS_FORMAL,enabled_symmetric_teaching_top_stack,0.0,0.01,0.0,0.3,top_oxide,0.00015000000000000001,6.1499999999999996e-06,1.5000000000000002,61.49999999999999,0.13936905549301729,
p2_bulk_nta_1e18_common_primary,NTA 1e18 common-primary state,top_primary,interface_4x,T03_P2_BULK_TRAPS_FORMAL,enabled_symmetric_teaching_top_stack,0.0,0.01,0.0,0.3,top_oxide,0.00015000000000000001,6.275e-06,1.5000000000000002,62.75,0.14829299687915265,
p2_bulk_nta_1e18_common_primary,NTA 1e18 common-primary state,top_primary,interface_4x,T03_P2_BULK_TRAPS_FORMAL,enabled_symmetric_teaching_top_stack,0.0,0.01,0.0,0.3,top_oxide,0.00015000000000000001,6.4e-06,1.5000000000000002,64.0,0.15721693826115715,
p2_bulk_nta_1e18_common_primary,NTA 1e18 common-primary state,top_primary,interface_4x,T03_P2_BULK_TRAPS_FORMAL,enabled_symmetric_teaching_top_stack,0.0,0.01,0.0,0.3,top_oxide,0.00015000000000000001,6.9e-06,1.5000000000000002,69.0,0.19291270375029718,
p2_bulk_nta_1e18_common_primary,NTA 1e18 common-primary state,top_primary,interface_4x,T03_P2_BULK_TRAPS_FORMAL,enabled_symmetric_teaching_top_stack,0.0,0.01,0.0,0.3,top_oxide,0.00015000000000000001,7.4e-06,1.5000000000000002,74.0,0.2286084691927835,
p2_bulk_nta_1e18_common_primary,NTA 1e18 common-primary state,top_primary,interface_4x,T03_P2_BULK_TRAPS_FORMAL,enabled_symmetric_teaching_top_stack,0.0,0.01,0.0,0.3,top_oxide,0.00015000000000000001,7.9e-06,1.5000000000000002,79.0,0.26430423460416735,
p2_bulk_nta_1e18_common_primary,NTA 1e18 common-primary state,top_primary,interface_4x,T03_P2_BULK_TRAPS_FORMAL,enabled_symmetric_teaching_top_stack,0.0,0.01,0.0,0.3,top_oxide,0.00015000000000000001,8.400000000000001e-06,1.5000000000000002,84.00000000000001,0.3,
p2_bulk_nta_1e18_common_primary,NTA 1e18 common-primary state,top_primary,interface_4x,T03_P2_BULK_TRAPS_FORMAL,enabled_symmetric_teaching_top_stack,0.0,0.01,0.0,0.3,top_oxide,0.000175,5.4e-06,1.75,54.0,0.08598972766590209,
p2_bulk_nta_1e18_common_primary,NTA 1e18 common-primary state,top_primary,interface_4x,T03_P2_BULK_TRAPS_FORMAL,enabled_symmetric_teaching_top_stack,0.0,0.01,0.0,0.3,top_oxide,0.000175,5.525e-06,1.75,55.24999999999999,0.09490682239085861,
p2_bulk_nta_1e18_common_primary,NTA 1e18 common-primary state,top_primary,interface_4x,T03_P2_BULK_TRAPS_FORMAL,enabled_symmetric_teaching_top_stack,0.0,0.01,0.0,0.3,top_oxide,0.000175,5.65e-06,1.75,56.5,0.10382391711020299,
p2_bulk_nta_1e18_common_primary,NTA 1e18 common-primary state,top_primary,interface_4x,T03_P2_BULK_TRAPS_FORMAL,enabled_symmetric_teaching_top_stack,0.0,0.01,0.0,0.3,top_oxide,0.000175,5.775e-06,1.75,57.75,0.11274101182417906,
p2_bulk_nta_1e18_common_primary,NTA 1e18 common-primary state,top_primary,interface_4x,T03_P2_BULK_TRAPS_FORMAL,enabled_symmetric_teaching_top_stack,0.0,0.01,0.0,0.3,top_oxide,0.000175,5.899999999999999e-06,1.75,58.99999999999999,0.12165810653303094,
p2_bulk_nta_1e18_common_primary,NTA 1e18 common-primary state,top_primary,interface_4x,T03_P2_BULK_TRAPS_FORMAL,enabled_symmetric_teaching_top_stack,0.0,0.01,0.0,0.3,top_oxide,0.000175,6.025e-06,1.75,60.25,0.13057520123700267,
p2_bulk_nta_1e18_common_primary,NTA 1e18 common-primary state,top_primary,interface_4x,T03_P2_BULK_TRAPS_FORMAL,enabled_symmetric_teaching_top_stack,0.0,0.01,0.0,0.3,top_oxide,0.000175,6.1499999999999996e-06,1.75,61.49999999999999,0.13949229593633816,
p2_bulk_nta_1e18_common_primary,NTA 1e18 common-primary state,top_primary,interface_4x,T03_P2_BULK_TRAPS_FORMAL,enabled_symmetric_teaching_top_stack,0.0,0.01,0.0,0.3,top_oxide,0.000175,6.275e-06,1.75,62.75,0.14840939063128153,
p2_bulk_nta_1e18_common_primary,NTA 1e18 common-primary state,top_primary,interface_4x,T03_P2_BULK_TRAPS_FORMAL,enabled_symmetric_teaching_top_stack,0.0,0.01,0.0,0.3,top_oxide,0.000175,6.4e-06,1.75,64.0,0.15732648532207666,
p2_bulk_nta_1e18_common_primary,NTA 1e18 common-primary state,top_primary,interface_4x,T03_P2_BULK_TRAPS_FORMAL,enabled_symmetric_teaching_top_stack,0.0,0.01,0.0,0.3,top_oxide,0.000175,6.9e-06,1.75,69.0,0.19299486404621574,
p2_bulk_nta_1e18_common_primary,NTA 1e18 common-primary state,top_primary,interface_4x,T03_P2_BULK_TRAPS_FORMAL,enabled_symmetric_teaching_top_stack,0.0,0.01,0.0,0.3,top_oxide,0.000175,7.4e-06,1.75,74.0,0.22866324272350488,
p2_bulk_nta_1e18_common_primary,NTA 1e18 common-primary state,top_primary,interface_4x,T03_P2_BULK_TRAPS_FORMAL,enabled_symmetric_teaching_top_stack,0.0,0.01,0.0,0.3,top_oxide,0.000175,7.9e-06,1.75,79.0,0.26433162136956073,
p2_bulk_nta_1e18_common_primary,NTA 1e18 common-primary state,top_primary,interface_4x,T03_P2_BULK_TRAPS_FORMAL,enabled_symmetric_teaching_top_stack,0.0,0.01,0.0,0.3,top_oxide,0.000175,8.400000000000001e-06,1.75,84.00000000000001,0.3,
p2_bulk_nta_1e18_common_primary,NTA 1e18 common-primary state,top_primary,interface_4x,T03_P2_BULK_TRAPS_FORMAL,enabled_symmetric_teaching_top_stack,0.0,0.01,0.0,0.3,top_oxide,0.0002,5.4e-06,2.0,54.0,0.08615428250552686,
p2_bulk_nta_1e18_common_primary,NTA 1e18 common-primary state,top_primary,interface_4x,T03_P2_BULK_TRAPS_FORMAL,enabled_symmetric_teaching_top_stack,0.0,0.01,0.0,0.3,top_oxide,0.0002,5.525e-06,2.0,55.24999999999999,0.09506452077901949,
p2_bulk_nta_1e18_common_primary,NTA 1e18 common-primary state,top_primary,interface_4x,T03_P2_BULK_TRAPS_FORMAL,enabled_symmetric_teaching_top_stack,0.0,0.01,0.0,0.3,top_oxide,0.0002,5.65e-06,2.0,56.5,0.10397475904687628,
p2_bulk_nta_1e18_common_primary,NTA 1e18 common-primary state,top_primary,interface_4x,T03_P2_BULK_TRAPS_FORMAL,enabled_symmetric_teaching_top_stack,0.0,0.01,0.0,0.3,top_oxide,0.0002,5.775e-06,2.0,57.75,0.11288499730934215,
p2_bulk_nta_1e18_common_primary,NTA 1e18 common-primary state,top_primary,interface_4x,T03_P2_BULK_TRAPS_FORMAL,enabled_symmetric_teaching_top_stack,0.0,0.01,0.0,0.3,top_oxide,0.0002,5.899999999999999e-06,2.0,58.99999999999999,0.1217952355666622,
p2_bulk_nta_1e18_common_primary,NTA 1e18 common-primary state,top_primary,interface_4x,T03_P2_BULK_TRAPS_FORMAL,enabled_symmetric_teaching_top_stack,0.0,0.01,0.0,0.3,top_oxide,0.0002,6.025e-06,2.0,60.25,0.1307054738190815,
p2_bulk_nta_1e18_common_primary,NTA 1e18 common-primary state,top_primary,interface_4x,T03_P2_BULK_TRAPS_FORMAL,enabled_symmetric_teaching_top_stack,0.0,0.01,0.0,0.3,top_oxide,0.0002,6.1499999999999996e-06,2.0,61.49999999999999,0.13961571206684506,
p2_bulk_nta_1e18_common_primary,NTA 1e18 common-primary state,top_primary,interface_4x,T03_P2_BULK_TRAPS_FORMAL,enabled_symmetric_teaching_top_stack,0.0,0.01,0.0,0.3,top_oxide,0.0002,6.275e-06,2.0,62.75,0.14852595031019794,
p2_bulk_nta_1e18_common_primary,NTA 1e18 common-primary state,top_primary,interface_4x,T03_P2_BULK_TRAPS_FORMAL,enabled_symmetric_teaching_top_stack,0.0,0.01,0.0,0.3,top_oxide,0.0002,6.4e-06,2.0,64.0,0.1574361885493851,
p2_bulk_nta_1e18_common_primary,NTA 1e18 common-primary state,top_primary,interface_4x,T03_P2_BULK_TRAPS_FORMAL,enabled_symmetric_teaching_top_stack,0.0,0.01,0.0,0.3,top_oxide,0.0002,6.9e-06,2.0,69.0,0.19307714146692756,
p2_bulk_nta_1e18_common_primary,NTA 1e18 common-primary state,top_primary,interface_4x,T03_P2_BULK_TRAPS_FORMAL,enabled_symmetric_teaching_top_stack,0.0,0.01,0.0,0.3,top_oxide,0.0002,7.4e-06,2.0,74.0,0.22871809433742255,
p2_bulk_nta_1e18_common_primary,NTA 1e18 common-primary state,top_primary,interface_4x,T03_P2_BULK_TRAPS_FORMAL,enabled_symmetric_teaching_top_stack,0.0,0.01,0.0,0.3,top_oxide,0.0002,7.9e-06,2.0,79.0,0.2643590471765525,
p2_bulk_nta_1e18_common_primary,NTA 1e18 common-primary state,top_primary,interface_4x,T03_P2_BULK_TRAPS_FORMAL,enabled_symmetric_teaching_top_stack,0.0,0.01,0.0,0.3,top_oxide,0.0002,8.400000000000001e-06,2.0,84.00000000000001,0.3,
p2_bulk_nta_1e18_common_primary,NTA 1e18 common-primary state,top_primary,interface_4x,T03_P2_BULK_TRAPS_FORMAL,enabled_symmetric_teaching_top_stack,0.0,0.01,0.0,0.3,top_oxide,0.00022500000000000002,5.4e-06,2.25,54.0,0.08631907258268903,
p2_bulk_nta_1e18_common_primary,NTA 1e18 common-primary state,top_primary,interface_4x,T03_P2_BULK_TRAPS_FORMAL,enabled_symmetric_teaching_top_stack,0.0,0.01,0.0,0.3,top_oxide,0.00022500000000000002,5.525e-06,2.25,55.24999999999999,0.09522244460315502,
p2_bulk_nta_1e18_common_primary,NTA 1e18 common-primary state,top_primary,interface_4x,T03_P2_BULK_TRAPS_FORMAL,enabled_symmetric_teaching_top_stack,0.0,0.01,0.0,0.3,top_oxide,0.00022500000000000002,5.65e-06,2.25,56.5,0.10412581661796133,
p2_bulk_nta_1e18_common_primary,NTA 1e18 common-primary state,top_primary,interface_4x,T03_P2_BULK_TRAPS_FORMAL,enabled_symmetric_teaching_top_stack,0.0,0.01,0.0,0.3,top_oxide,0.00022500000000000002,5.775e-06,2.25,57.75,0.11302918862735392,
p2_bulk_nta_1e18_common_primary,NTA 1e18 common-primary state,top_primary,interface_4x,T03_P2_BULK_TRAPS_FORMAL,enabled_symmetric_teaching_top_stack,0.0,0.01,0.0,0.3,top_oxide,0.00022500000000000002,5.899999999999999e-06,2.25,58.99999999999999,0.12193256063157892,
p2_bulk_nta_1e18_common_primary,NTA 1e18 common-primary state,top_primary,interface_4x,T03_P2_BULK_TRAPS_FORMAL,enabled_symmetric_teaching_top_stack,0.0,0.01,0.0,0.3,top_oxide,0.00022500000000000002,6.025e-06,2.25,60.25,0.13083593263088247,
p2_bulk_nta_1e18_common_primary,NTA 1e18 common-primary state,top_primary,interface_4x,T03_P2_BULK_TRAPS_FORMAL,enabled_symmetric_teaching_top_stack,0.0,0.01,0.0,0.3,top_oxide,0.00022500000000000002,6.1499999999999996e-06,2.25,61.49999999999999,0.13973930462551054,
p2_bulk_nta_1e18_common_primary,NTA 1e18 common-primary state,top_primary,interface_4x,T03_P2_BULK_TRAPS_FORMAL,enabled_symmetric_teaching_top_stack,0.0,0.01,0.0,0.3,top_oxide,0.00022500000000000002,6.275e-06,2.25,62.75,0.1486426766157093,
p2_bulk_nta_1e18_common_primary,NTA 1e18 common-primary state,top_primary,interface_4x,T03_P2_BULK_TRAPS_FORMAL,enabled_symmetric_teaching_top_stack,0.0,0.01,0.0,0.3,top_oxide,0.00022500000000000002,6.4e-06,2.25,64.0,0.15754604860172472,
p2_bulk_nta_1e18_common_primary,NTA 1e18 common-primary state,top_primary,interface_4x,T03_P2_BULK_TRAPS_FORMAL,enabled_symmetric_teaching_top_stack,0.0,0.01,0.0,0.3,top_oxide,0.00022500000000000002,6.9e-06,2.25,69.0,0.19315953650641446,
p2_bulk_nta_1e18_common_primary,NTA 1e18 common-primary state,top_primary,interface_4x,T03_P2_BULK_TRAPS_FORMAL,enabled_symmetric_teaching_top_stack,0.0,0.01,0.0,0.3,top_oxide,0.00022500000000000002,7.4e-06,2.25,74.0,0.22877302436385769,
p2_bulk_nta_1e18_common_primary,NTA 1e18 common-primary state,top_primary,interface_4x,T03_P2_BULK_TRAPS_FORMAL,enabled_symmetric_teaching_top_stack,0.0,0.01,0.0,0.3,top_oxide,0.00022500000000000002,7.9e-06,2.25,79.0,0.26438651218980325,
p2_bulk_nta_1e18_common_primary,NTA 1e18 common-primary state,top_primary,interface_4x,T03_P2_BULK_TRAPS_FORMAL,enabled_symmetric_teaching_top_stack,0.0,0.01,0.0,0.3,top_oxide,0.00022500000000000002,8.400000000000001e-06,2.25,84.00000000000001,0.3,
p2_bulk_nta_1e18_common_primary,NTA 1e18 common-primary state,top_primary,interface_4x,T03_P2_BULK_TRAPS_FORMAL,enabled_symmetric_teaching_top_stack,0.0,0.01,0.0,0.3,top_oxide,0.00025,5.4e-06,2.5,54.0,0.08648409889229625,
p2_bulk_nta_1e18_common_primary,NTA 1e18 common-primary state,top_primary,interface_4x,T03_P2_BULK_TRAPS_FORMAL,enabled_symmetric_teaching_top_stack,0.0,0.01,0.0,0.3,top_oxide,0.00025,5.525e-06,2.5,55.24999999999999,0.09538059481671837,
p2_bulk_nta_1e18_common_primary,NTA 1e18 common-primary state,top_primary,interface_4x,T03_P2_BULK_TRAPS_FORMAL,enabled_symmetric_teaching_top_stack,0.0,0.01,0.0,0.3,top_oxide,0.00025,5.65e-06,2.5,56.5,0.10427709073545681,
p2_bulk_nta_1e18_common_primary,NTA 1e18 common-primary state,top_primary,interface_4x,T03_P2_BULK_TRAPS_FORMAL,enabled_symmetric_teaching_top_stack,0.0,0.01,0.0,0.3,top_oxide,0.00025,5.775e-06,2.5,57.75,0.11317358664875858,
p2_bulk_nta_1e18_common_primary,NTA 1e18 common-primary state,top_primary,interface_4x,T03_P2_BULK_TRAPS_FORMAL,enabled_symmetric_teaching_top_stack,0.0,0.01,0.0,0.3,top_oxide,0.00025,5.899999999999999e-06,2.5,58.99999999999999,0.12207008255687084,
p2_bulk_nta_1e18_common_primary,NTA 1e18 common-primary state,top_primary,interface_4x,T03_P2_BULK_TRAPS_FORMAL,enabled_symmetric_teaching_top_stack,0.0,0.01,0.0,0.3,top_oxide,0.00025,6.025e-06,2.5,60.25,0.13096657846004078,
p2_bulk_nta_1e18_common_primary,NTA 1e18 common-primary state,top_primary,interface_4x,T03_P2_BULK_TRAPS_FORMAL,enabled_symmetric_teaching_top_stack,0.0,0.01,0.0,0.3,top_oxide,0.00025,6.1499999999999996e-06,2.5,61.49999999999999,0.1398630743585154,
p2_bulk_nta_1e18_common_primary,NTA 1e18 common-primary state,top_primary,interface_4x,T03_P2_BULK_TRAPS_FORMAL,enabled_symmetric_teaching_top_stack,0.0,0.01,0.0,0.3,top_oxide,0.00025,6.275e-06,2.5,62.75,0.14875957025254194,
p2_bulk_nta_1e18_common_primary,NTA 1e18 common-primary state,top_primary,interface_4x,T03_P2_BULK_TRAPS_FORMAL,enabled_symmetric_teaching_top_stack,0.0,0.01,0.0,0.3,top_oxide,0.00025,6.4e-06,2.5,64.0,0.15765606614236738,
p2_bulk_nta_1e18_common_primary,NTA 1e18 common-primary state,top_primary,interface_4x,T03_P2_BULK_TRAPS_FORMAL,enabled_symmetric_teaching_top_stack,0.0,0.01,0.0,0.3,top_oxide,0.00025,6.9e-06,2.5,69.0,0.1932420496621302,
p2_bulk_nta_1e18_common_primary,NTA 1e18 common-primary state,top_primary,interface_4x,T03_P2_BULK_TRAPS_FORMAL,enabled_symmetric_teaching_top_stack,0.0,0.01,0.0,0.3,top_oxide,0.00025,7.4e-06,2.5,74.0,0.2288280331344462,
p2_bulk_nta_1e18_common_primary,NTA 1e18 common-primary state,top_primary,interface_4x,T03_P2_BULK_TRAPS_FORMAL,enabled_symmetric_teaching_top_stack,0.0,0.01,0.0,0.3,top_oxide,0.00025,7.9e-06,2.5,79.0,0.2644140165751309,
p2_bulk_nta_1e18_common_primary,NTA 1e18 common-primary state,top_primary,interface_4x,T03_P2_BULK_TRAPS_FORMAL,enabled_symmetric_teaching_top_stack,0.0,0.01,0.0,0.3,top_oxide,0.00025,8.400000000000001e-06,2.5,84.00000000000001,0.3,
p2_bulk_nta_1e18_common_primary,NTA 1e18 common-primary state,top_primary,interface_4x,T03_P2_BULK_TRAPS_FORMAL,enabled_symmetric_teaching_top_stack,0.0,0.01,0.0,0.3,top_oxide,0.00027499999999999996,5.4e-06,2.7499999999999996,54.0,0.08664936243626863,
p2_bulk_nta_1e18_common_primary,NTA 1e18 common-primary state,top_primary,interface_4x,T03_P2_BULK_TRAPS_FORMAL,enabled_symmetric_teaching_top_stack,0.0,0.01,0.0,0.3,top_oxide,0.00027499999999999996,5.525e-06,2.7499999999999996,55.24999999999999,0.09553897237988301,
p2_bulk_nta_1e18_common_primary,NTA 1e18 common-primary state,top_primary,interface_4x,T03_P2_BULK_TRAPS_FORMAL,enabled_symmetric_teaching_top_stack,0.0,0.01,0.0,0.3,top_oxide,0.00027499999999999996,5.65e-06,2.7499999999999996,56.5,0.10442858231778955,
p2_bulk_nta_1e18_common_primary,NTA 1e18 common-primary state,top_primary,interface_4x,T03_P2_BULK_TRAPS_FORMAL,enabled_symmetric_teaching_top_stack,0.0,0.01,0.0,0.3,top_oxide,0.00027499999999999996,5.775e-06,2.7499999999999996,57.75,0.11331819225023629,
p2_bulk_nta_1e18_common_primary,NTA 1e18 common-primary state,top_primary,interface_4x,T03_P2_BULK_TRAPS_FORMAL,enabled_symmetric_teaching_top_stack,0.0,0.01,0.0,0.3,top_oxide,0.00027499999999999996,5.899999999999999e-06,2.7499999999999996,58.99999999999999,0.12220780217747144,
p2_bulk_nta_1e18_common_primary,NTA 1e18 common-primary state,top_primary,interface_4x,T03_P2_BULK_TRAPS_FORMAL,enabled_symmetric_teaching_top_stack,0.0,0.01,0.0,0.3,top_oxide,0.00027499999999999996,6.025e-06,2.7499999999999996,60.25,0.13109741209974327,
p2_bulk_nta_1e18_common_primary,NTA 1e18 common-primary state,top_primary,interface_4x,T03_P2_BULK_TRAPS_FORMAL,enabled_symmetric_teaching_top_stack,0.0,0.01,0.0,0.3,top_oxide,0.00027499999999999996,6.1499999999999996e-06,2.7499999999999996,61.49999999999999,0.1399870220172998,
p2_bulk_nta_1e18_common_primary,NTA 1e18 common-primary state,top_primary,interface_4x,T03_P2_BULK_TRAPS_FORMAL,enabled_symmetric_teaching_top_stack,0.0,0.01,0.0,0.3,top_oxide,0.00027499999999999996,6.275e-06,2.7499999999999996,62.75,0.1488766319303893,
p2_bulk_nta_1e18_common_primary,NTA 1e18 common-primary state,top_primary,interface_4x,T03_P2_BULK_TRAPS_FORMAL,enabled_symmetric_teaching_top_stack,0.0,0.01,0.0,0.3,top_oxide,0.00027499999999999996,6.4e-06,2.7499999999999996,64.0,0.15776624183925986,
p2_bulk_nta_1e18_common_primary,NTA 1e18 common-primary state,top_primary,interface_4x,T03_P2_BULK_TRAPS_FORMAL,enabled_symmetric_teaching_top_stack,0.0,0.01,0.0,0.3,top_oxide,0.00027499999999999996,6.9e-06,2.7499999999999996,69.0,0.19332468143503503,
p2_bulk_nta_1e18_common_primary,NTA 1e18 common-primary state,top_primary,interface_4x,T03_P2_BULK_TRAPS_FORMAL,enabled_symmetric_teaching_top_stack,0.0,0.01,0.0,0.3,top_oxide,0.00027499999999999996,7.4e-06,2.7499999999999996,74.0,0.2288831209831615,
p2_bulk_nta_1e18_common_primary,NTA 1e18 common-primary state,top_primary,interface_4x,T03_P2_BULK_TRAPS_FORMAL,enabled_symmetric_teaching_top_stack,0.0,0.01,0.0,0.3,top_oxide,0.00027499999999999996,7.9e-06,2.7499999999999996,79.0,0.26444156049952217,
p2_bulk_nta_1e18_common_primary,NTA 1e18 common-primary state,top_primary,interface_4x,T03_P2_BULK_TRAPS_FORMAL,enabled_symmetric_teaching_top_stack,0.0,0.01,0.0,0.3,top_oxide,0.00027499999999999996,8.400000000000001e-06,2.7499999999999996,84.00000000000001,0.3,
p2_bulk_nta_1e18_common_primary,NTA 1e18 common-primary state,top_primary,interface_4x,T03_P2_BULK_TRAPS_FORMAL,enabled_symmetric_teaching_top_stack,0.0,0.01,0.0,0.3,top_oxide,0.00030000000000000003,5.4e-06,3.0000000000000004,54.0,0.0868148642236083,
p2_bulk_nta_1e18_common_primary,NTA 1e18 common-primary state,top_primary,interface_4x,T03_P2_BULK_TRAPS_FORMAL,enabled_symmetric_teaching_top_stack,0.0,0.01,0.0,0.3,top_oxide,0.00030000000000000003,5.525e-06,3.0000000000000004,55.24999999999999,0.09569757825960934,
p2_bulk_nta_1e18_common_primary,NTA 1e18 common-primary state,top_primary,interface_4x,T03_P2_BULK_TRAPS_FORMAL,enabled_symmetric_teaching_top_stack,0.0,0.01,0.0,0.3,top_oxide,0.00030000000000000003,5.65e-06,3.0000000000000004,56.5,0.10458029228987818,
p2_bulk_nta_1e18_common_primary,NTA 1e18 common-primary state,top_primary,interface_4x,T03_P2_BULK_TRAPS_FORMAL,enabled_symmetric_teaching_top_stack,0.0,0.01,0.0,0.3,top_oxide,0.00030000000000000003,5.775e-06,3.0000000000000004,57.75,0.11346300631466394,
p2_bulk_nta_1e18_common_primary,NTA 1e18 common-primary state,top_primary,interface_4x,T03_P2_BULK_TRAPS_FORMAL,enabled_symmetric_teaching_top_stack,0.0,0.01,0.0,0.3,top_oxide,0.00030000000000000003,5.899999999999999e-06,3.0000000000000004,58.99999999999999,0.12234572033421588,
p2_bulk_nta_1e18_common_primary,NTA 1e18 common-primary state,top_primary,interface_4x,T03_P2_BULK_TRAPS_FORMAL,enabled_symmetric_teaching_top_stack,0.0,0.01,0.0,0.3,top_oxide,0.00030000000000000003,6.025e-06,3.0000000000000004,60.25,0.1312284343487833,
p2_bulk_nta_1e18_common_primary,NTA 1e18 common-primary state,top_primary,interface_4x,T03_P2_BULK_TRAPS_FORMAL,enabled_symmetric_teaching_top_stack,0.0,0.01,0.0,0.3,top_oxide,0.00030000000000000003,6.1499999999999996e-06,3.0000000000000004,61.49999999999999,0.14011114835861535,
p2_bulk_nta_1e18_common_primary,NTA 1e18 common-primary state,top_primary,interface_4x,T03_P2_BULK_TRAPS_FORMAL,enabled_symmetric_teaching_top_stack,0.0,0.01,0.0,0.3,top_oxide,0.00030000000000000003,6.275e-06,3.0000000000000004,62.75,0.1489938623639613,
p2_bulk_nta_1e18_common_primary,NTA 1e18 common-primary state,top_primary,interface_4x,T03_P2_BULK_TRAPS_FORMAL,enabled_symmetric_teaching_top_stack,0.0,0.01,0.0,0.3,top_oxide,0.00030000000000000003,6.4e-06,3.0000000000000004,64.0,0.15787657636507035,
p2_bulk_nta_1e18_common_primary,NTA 1e18 common-primary state,top_primary,interface_4x,T03_P2_BULK_TRAPS_FORMAL,enabled_symmetric_teaching_top_stack,0.0,0.01,0.0,0.3,top_oxide,0.00030000000000000003,6.9e-06,3.0000000000000004,69.0,0.19340743232962998,
p2_bulk_nta_1e18_common_primary,NTA 1e18 common-primary state,top_primary,interface_4x,T03_P2_BULK_TRAPS_FORMAL,enabled_symmetric_teaching_top_stack,0.0,0.01,0.0,0.3,top_oxide,0.00030000000000000003,7.4e-06,3.0000000000000004,74.0,0.22893828824633772,
p2_bulk_nta_1e18_common_primary,NTA 1e18 common-primary state,top_primary,interface_4x,T03_P2_BULK_TRAPS_FORMAL,enabled_symmetric_teaching_top_stack,0.0,0.01,0.0,0.3,top_oxide,0.00030000000000000003,7.9e-06,3.0000000000000004,79.0,0.26446914413114414,
p2_bulk_nta_1e18_common_primary,NTA 1e18 common-primary state,top_primary,interface_4x,T03_P2_BULK_TRAPS_FORMAL,enabled_symmetric_teaching_top_stack,0.0,0.01,0.0,0.3,top_oxide,0.00030000000000000003,8.400000000000001e-06,3.0000000000000004,84.00000000000001,0.3,
p2_bulk_nta_1e18_common_primary,NTA 1e18 common-primary state,top_primary,interface_4x,T03_P2_BULK_TRAPS_FORMAL,enabled_symmetric_teaching_top_stack,0.0,0.01,0.0,0.3,top_oxide,0.00032500000000000004,5.4e-06,3.2500000000000004,54.0,0.08698060527046958,
p2_bulk_nta_1e18_common_primary,NTA 1e18 common-primary state,top_primary,interface_4x,T03_P2_BULK_TRAPS_FORMAL,enabled_symmetric_teaching_top_stack,0.0,0.01,0.0,0.3,top_oxide,0.00032500000000000004,5.525e-06,3.2500000000000004,55.24999999999999,0.0958564134297119,
p2_bulk_nta_1e18_common_primary,NTA 1e18 common-primary state,top_primary,interface_4x,T03_P2_BULK_TRAPS_FORMAL,enabled_symmetric_teaching_top_stack,0.0,0.01,0.0,0.3,top_oxide,0.00032500000000000004,5.65e-06,3.2500000000000004,56.5,0.10473222158319752,
p2_bulk_nta_1e18_common_primary,NTA 1e18 common-primary state,top_primary,interface_4x,T03_P2_BULK_TRAPS_FORMAL,enabled_symmetric_teaching_top_stack,0.0,0.01,0.0,0.3,top_oxide,0.00032500000000000004,5.775e-06,3.2500000000000004,57.75,0.11360802973117658,
p2_bulk_nta_1e18_common_primary,NTA 1e18 common-primary state,top_primary,interface_4x,T03_P2_BULK_TRAPS_FORMAL,enabled_symmetric_teaching_top_stack,0.0,0.01,0.0,0.3,top_oxide,0.00032500000000000004,5.899999999999999e-06,3.2500000000000004,58.99999999999999,0.12248383787389945,
p2_bulk_nta_1e18_common_primary,NTA 1e18 common-primary state,top_primary,interface_4x,T03_P2_BULK_TRAPS_FORMAL,enabled_symmetric_teaching_top_stack,0.0,0.01,0.0,0.3,top_oxide,0.00032500000000000004,6.025e-06,3.2500000000000004,60.25,0.13135964601161648,
p2_bulk_nta_1e18_common_primary,NTA 1e18 common-primary state,top_primary,interface_4x,T03_P2_BULK_TRAPS_FORMAL,enabled_symmetric_teaching_top_stack,0.0,0.01,0.0,0.3,top_oxide,0.00032500000000000004,6.1499999999999996e-06,3.2500000000000004,61.49999999999999,0.1402354541445779,
p2_bulk_nta_1e18_common_primary,NTA 1e18 common-primary state,top_primary,interface_4x,T03_P2_BULK_TRAPS_FORMAL,enabled_symmetric_teaching_top_stack,0.0,0.01,0.0,0.3,top_oxide,0.00032500000000000004,6.275e-06,3.2500000000000004,62.75,0.149111262273034,
p2_bulk_nta_1e18_common_primary,NTA 1e18 common-primary state,top_primary,interface_4x,T03_P2_BULK_TRAPS_FORMAL,enabled_symmetric_teaching_top_stack,0.0,0.01,0.0,0.3,top_oxide,0.00032500000000000004,6.4e-06,3.2500000000000004,64.0,0.15798707039723509,
p2_bulk_nta_1e18_common_primary,NTA 1e18 common-primary state,top_primary,interface_4x,T03_P2_BULK_TRAPS_FORMAL,enabled_symmetric_teaching_top_stack,0.0,0.01,0.0,0.3,top_oxide,0.00032500000000000004,6.9e-06,3.2500000000000004,69.0,0.19349030285399232,
p2_bulk_nta_1e18_common_primary,NTA 1e18 common-primary state,top_primary,interface_4x,T03_P2_BULK_TRAPS_FORMAL,enabled_symmetric_teaching_top_stack,0.0,0.01,0.0,0.3,top_oxide,0.00032500000000000004,7.4e-06,3.2500000000000004,74.0,0.22899353526269298,
p2_bulk_nta_1e18_common_primary,NTA 1e18 common-primary state,top_primary,interface_4x,T03_P2_BULK_TRAPS_FORMAL,enabled_symmetric_teaching_top_stack,0.0,0.01,0.0,0.3,top_oxide,0.00032500000000000004,7.9e-06,3.2500000000000004,79.0,0.2644967676393559,
p2_bulk_nta_1e18_common_primary,NTA 1e18 common-primary state,top_primary,interface_4x,T03_P2_BULK_TRAPS_FORMAL,enabled_symmetric_teaching_top_stack,0.0,0.01,0.0,0.3,top_oxide,0.00032500000000000004,8.400000000000001e-06,3.2500000000000004,84.00000000000001,0.3,
p2_bulk_nta_1e18_common_primary,NTA 1e18 common-primary state,top_primary,interface_4x,T03_P2_BULK_TRAPS_FORMAL,enabled_symmetric_teaching_top_stack,0.0,0.01,0.0,0.3,top_oxide,0.00035,5.4e-06,3.5,54.0,0.08714658660023002,
p2_bulk_nta_1e18_common_primary,NTA 1e18 common-primary state,top_primary,interface_4x,T03_P2_BULK_TRAPS_FORMAL,enabled_symmetric_teaching_top_stack,0.0,0.01,0.0,0.3,top_oxide,0.00035,5.525e-06,3.5,55.24999999999999,0.09601547887092754,
p2_bulk_nta_1e18_common_primary,NTA 1e18 common-primary state,top_primary,interface_4x,T03_P2_BULK_TRAPS_FORMAL,enabled_symmetric_teaching_top_stack,0.0,0.01,0.0,0.3,top_oxide,0.00035,5.65e-06,3.5,56.5,0.10488437113584366,
p2_bulk_nta_1e18_common_primary,NTA 1e18 common-primary state,top_primary,interface_4x,T03_P2_BULK_TRAPS_FORMAL,enabled_symmetric_teaching_top_stack,0.0,0.01,0.0,0.3,top_oxide,0.00035,5.775e-06,3.5,57.75,0.1137532633952296,
p2_bulk_nta_1e18_common_primary,NTA 1e18 common-primary state,top_primary,interface_4x,T03_P2_BULK_TRAPS_FORMAL,enabled_symmetric_teaching_top_stack,0.0,0.01,0.0,0.3,top_oxide,0.00035,5.899999999999999e-06,3.5,58.99999999999999,0.12262215564933683,
p2_bulk_nta_1e18_common_primary,NTA 1e18 common-primary state,top_primary,interface_4x,T03_P2_BULK_TRAPS_FORMAL,enabled_symmetric_teaching_top_stack,0.0,0.01,0.0,0.3,top_oxide,0.00035,6.025e-06,3.5,60.25,0.13149104789841673,
p2_bulk_nta_1e18_common_primary,NTA 1e18 common-primary state,top_primary,interface_4x,T03_P2_BULK_TRAPS_FORMAL,enabled_symmetric_teaching_top_stack,0.0,0.01,0.0,0.3,top_oxide,0.00035,6.1499999999999996e-06,3.5,61.49999999999999,0.1403599401427206,
p2_bulk_nta_1e18_common_primary,NTA 1e18 common-primary state,top_primary,interface_4x,T03_P2_BULK_TRAPS_FORMAL,enabled_symmetric_teaching_top_stack,0.0,0.01,0.0,0.3,top_oxide,0.00035,6.275e-06,3.5,62.75,0.14922883238249987,
p2_bulk_nta_1e18_common_primary,NTA 1e18 common-primary state,top_primary,interface_4x,T03_P2_BULK_TRAPS_FORMAL,enabled_symmetric_teaching_top_stack,0.0,0.01,0.0,0.3,top_oxide,0.00035,6.4e-06,3.5,64.0,0.15809772461800584,
p2_bulk_nta_1e18_common_primary,NTA 1e18 common-primary state,top_primary,interface_4x,T03_P2_BULK_TRAPS_FORMAL,enabled_symmetric_teaching_top_stack,0.0,0.01,0.0,0.3,top_oxide,0.00035,6.9e-06,3.5,69.0,0.19357329351981087,
p2_bulk_nta_1e18_common_primary,NTA 1e18 common-primary state,top_primary,interface_4x,T03_P2_BULK_TRAPS_FORMAL,enabled_symmetric_teaching_top_stack,0.0,0.01,0.0,0.3,top_oxide,0.00035,7.4e-06,3.5,74.0,0.2290488623733532,
p2_bulk_nta_1e18_common_primary,NTA 1e18 common-primary state,top_primary,interface_4x,T03_P2_BULK_TRAPS_FORMAL,enabled_symmetric_teaching_top_stack,0.0,0.01,0.0,0.3,top_oxide,0.00035,7.9e-06,3.5,79.0,0.26452443119472036,
p2_bulk_nta_1e18_common_primary,NTA 1e18 common-primary state,top_primary,interface_4x,T03_P2_BULK_TRAPS_FORMAL,enabled_symmetric_teaching_top_stack,0.0,0.01,0.0,0.3,top_oxide,0.00035,8.400000000000001e-06,3.5,84.00000000000001,0.3,
p2_bulk_nta_1e18_common_primary,NTA 1e18 common-primary state,top_primary,interface_4x,T03_P2_BULK_TRAPS_FORMAL,enabled_symmetric_teaching_top_stack,0.0,0.01,0.0,0.3,top_oxide,0.000375,5.4e-06,3.75,54.0,0.0873128092435626,
p2_bulk_nta_1e18_common_primary,NTA 1e18 common-primary state,top_primary,interface_4x,T03_P2_BULK_TRAPS_FORMAL,enabled_symmetric_teaching_top_stack,0.0,0.01,0.0,0.3,top_oxide,0.000375,5.525e-06,3.75,55.24999999999999,0.09617477557098456,
p2_bulk_nta_1e18_common_primary,NTA 1e18 common-primary state,top_primary,interface_4x,T03_P2_BULK_TRAPS_FORMAL,enabled_symmetric_teaching_top_stack,0.0,0.01,0.0,0.3,top_oxide,0.000375,5.65e-06,3.75,56.5,0.10503674189260023,
p2_bulk_nta_1e18_common_primary,NTA 1e18 common-primary state,top_primary,interface_4x,T03_P2_BULK_TRAPS_FORMAL,enabled_symmetric_teaching_top_stack,0.0,0.01,0.0,0.3,top_oxide,0.000375,5.775e-06,3.75,57.75,0.11389870820866195,
p2_bulk_nta_1e18_common_primary,NTA 1e18 common-primary state,top_primary,interface_4x,T03_P2_BULK_TRAPS_FORMAL,enabled_symmetric_teaching_top_stack,0.0,0.01,0.0,0.3,top_oxide,0.000375,5.899999999999999e-06,3.75,58.99999999999999,0.12276067451942223,
p2_bulk_nta_1e18_common_primary,NTA 1e18 common-primary state,top_primary,interface_4x,T03_P2_BULK_TRAPS_FORMAL,enabled_symmetric_teaching_top_stack,0.0,0.01,0.0,0.3,top_oxide,0.000375,6.025e-06,3.75,60.25,0.13162264082513356,
p2_bulk_nta_1e18_common_primary,NTA 1e18 common-primary state,top_primary,interface_4x,T03_P2_BULK_TRAPS_FORMAL,enabled_symmetric_teaching_top_stack,0.0,0.01,0.0,0.3,top_oxide,0.000375,6.1499999999999996e-06,3.75,61.49999999999999,0.14048460712604832,
p2_bulk_nta_1e18_common_primary,NTA 1e18 common-primary state,top_primary,interface_4x,T03_P2_BULK_TRAPS_FORMAL,enabled_symmetric_teaching_top_stack,0.0,0.01,0.0,0.3,top_oxide,0.000375,6.275e-06,3.75,62.75,0.14934657342241903,
p2_bulk_nta_1e18_common_primary,NTA 1e18 common-primary state,top_primary,interface_4x,T03_P2_BULK_TRAPS_FORMAL,enabled_symmetric_teaching_top_stack,0.0,0.01,0.0,0.3,top_oxide,0.000375,6.4e-06,3.75,64.0,0.15820853971449803,
p2_bulk_nta_1e18_common_primary,NTA 1e18 common-primary state,top_primary,interface_4x,T03_P2_BULK_TRAPS_FORMAL,enabled_symmetric_teaching_top_stack,0.0,0.01,0.0,0.3,top_oxide,0.000375,6.9e-06,3.75,69.0,0.19365640484242222,
p2_bulk_nta_1e18_common_primary,NTA 1e18 common-primary state,top_primary,interface_4x,T03_P2_BULK_TRAPS_FORMAL,enabled_symmetric_teaching_top_stack,0.0,0.01,0.0,0.3,top_oxide,0.000375,7.4e-06,3.75,74.0,0.2291042699218761,
p2_bulk_nta_1e18_common_primary,NTA 1e18 common-primary state,top_primary,interface_4x,T03_P2_BULK_TRAPS_FORMAL,enabled_symmetric_teaching_top_stack,0.0,0.01,0.0,0.3,top_oxide,0.000375,7.9e-06,3.75,79.0,0.2645521349690164,
p2_bulk_nta_1e18_common_primary,NTA 1e18 common-primary state,top_primary,interface_4x,T03_P2_BULK_TRAPS_FORMAL,enabled_symmetric_teaching_top_stack,0.0,0.01,0.0,0.3,top_oxide,0.000375,8.400000000000001e-06,3.75,84.00000000000001,0.3,
p2_bulk_nta_1e18_common_primary,NTA 1e18 common-primary state,top_primary,interface_4x,T03_P2_BULK_TRAPS_FORMAL,enabled_symmetric_teaching_top_stack,0.0,0.01,0.0,0.3,top_oxide,0.0004,5.4e-06,4.0,54.0,0.08747927423850858,
p2_bulk_nta_1e18_common_primary,NTA 1e18 common-primary state,top_primary,interface_4x,T03_P2_BULK_TRAPS_FORMAL,enabled_symmetric_teaching_top_stack,0.0,0.01,0.0,0.3,top_oxide,0.0004,5.525e-06,4.0,55.24999999999999,0.09633430452467247,
p2_bulk_nta_1e18_common_primary,NTA 1e18 common-primary state,top_primary,interface_4x,T03_P2_BULK_TRAPS_FORMAL,enabled_symmetric_teaching_top_stack,0.0,0.01,0.0,0.3,top_oxide,0.0004,5.65e-06,4.0,56.5,0.10518933480500504,
p2_bulk_nta_1e18_common_primary,NTA 1e18 common-primary state,top_primary,interface_4x,T03_P2_BULK_TRAPS_FORMAL,enabled_symmetric_teaching_top_stack,0.0,0.01,0.0,0.3,top_oxide,0.0004,5.775e-06,4.0,57.75,0.1140443650797597,
p2_bulk_nta_1e18_common_primary,NTA 1e18 common-primary state,top_primary,interface_4x,T03_P2_BULK_TRAPS_FORMAL,enabled_symmetric_teaching_top_stack,0.0,0.01,0.0,0.3,top_oxide,0.0004,5.899999999999999e-06,4.0,58.99999999999999,0.12289939534919003,
p2_bulk_nta_1e18_common_primary,NTA 1e18 common-primary state,top_primary,interface_4x,T03_P2_BULK_TRAPS_FORMAL,enabled_symmetric_teaching_top_stack,0.0,0.01,0.0,0.3,top_oxide,0.0004,6.025e-06,4.0,60.25,0.13175442561354966,
p2_bulk_nta_1e18_common_primary,NTA 1e18 common-primary state,top_primary,interface_4x,T03_P2_BULK_TRAPS_FORMAL,enabled_symmetric_teaching_top_stack,0.0,0.01,0.0,0.3,top_oxide,0.0004,6.1499999999999996e-06,4.0,61.49999999999999,0.140609455873092,
p2_bulk_nta_1e18_common_primary,NTA 1e18 common-primary state,top_primary,interface_4x,T03_P2_BULK_TRAPS_FORMAL,enabled_symmetric_teaching_top_stack,0.0,0.01,0.0,0.3,top_oxide,0.0004,6.275e-06,4.0,62.75,0.1494644861280707,
p2_bulk_nta_1e18_common_primary,NTA 1e18 common-primary state,top_primary,interface_4x,T03_P2_BULK_TRAPS_FORMAL,enabled_symmetric_teaching_top_stack,0.0,0.01,0.0,0.3,top_oxide,0.0004,6.4e-06,4.0,64.0,0.15831951637873917,
p2_bulk_nta_1e18_common_primary,NTA 1e18 common-primary state,top_primary,interface_4x,T03_P2_BULK_TRAPS_FORMAL,enabled_symmetric_teaching_top_stack,0.0,0.01,0.0,0.3,top_oxide,0.0004,6.9e-06,4.0,69.0,0.19373963734084704,
p2_bulk_nta_1e18_common_primary,NTA 1e18 common-primary state,top_primary,interface_4x,T03_P2_BULK_TRAPS_FORMAL,enabled_symmetric_teaching_top_stack,0.0,0.01,0.0,0.3,top_oxide,0.0004,7.4e-06,4.0,74.0,0.22915975825427548,
p2_bulk_nta_1e18_common_primary,NTA 1e18 common-primary state,top_primary,interface_4x,T03_P2_BULK_TRAPS_FORMAL,enabled_symmetric_teaching_top_stack,0.0,0.01,0.0,0.3,top_oxide,0.0004,7.9e-06,4.0,79.0,0.264579879135251,
p2_bulk_nta_1e18_common_primary,NTA 1e18 common-primary state,top_primary,interface_4x,T03_P2_BULK_TRAPS_FORMAL,enabled_symmetric_teaching_top_stack,0.0,0.01,0.0,0.3,top_oxide,0.0004,8.400000000000001e-06,4.0,84.00000000000001,0.3,
p2_bulk_nta_1e18_common_primary,NTA 1e18 common-primary state,top_primary,interface_4x,T03_P2_BULK_TRAPS_FORMAL,enabled_symmetric_teaching_top_stack,0.0,0.01,0.0,0.3,top_oxide,0.00042500000000000003,5.4e-06,4.25,54.0,0.08764598263055137,
p2_bulk_nta_1e18_common_primary,NTA 1e18 common-primary state,top_primary,interface_4x,T03_P2_BULK_TRAPS_FORMAL,enabled_symmetric_teaching_top_stack,0.0,0.01,0.0,0.3,top_oxide,0.00042500000000000003,5.525e-06,4.25,55.24999999999999,0.09649406673391292,
p2_bulk_nta_1e18_common_primary,NTA 1e18 common-primary state,top_primary,interface_4x,T03_P2_BULK_TRAPS_FORMAL,enabled_symmetric_teaching_top_stack,0.0,0.01,0.0,0.3,top_oxide,0.00042500000000000003,5.65e-06,4.25,56.5,0.10534215083141793,
p2_bulk_nta_1e18_common_primary,NTA 1e18 common-primary state,top_primary,interface_4x,T03_P2_BULK_TRAPS_FORMAL,enabled_symmetric_teaching_top_stack,0.0,0.01,0.0,0.3,top_oxide,0.00042500000000000003,5.775e-06,4.25,57.75,0.11419023492332088,
p2_bulk_nta_1e18_common_primary,NTA 1e18 common-primary state,top_primary,interface_4x,T03_P2_BULK_TRAPS_FORMAL,enabled_symmetric_teaching_top_stack,0.0,0.01,0.0,0.3,top_oxide,0.00042500000000000003,5.899999999999999e-06,4.25,58.99999999999999,0.1230383190098765,
p2_bulk_nta_1e18_common_primary,NTA 1e18 common-primary state,top_primary,interface_4x,T03_P2_BULK_TRAPS_FORMAL,enabled_symmetric_teaching_top_stack,0.0,0.01,0.0,0.3,top_oxide,0.00042500000000000003,6.025e-06,4.25,60.25,0.13188640309133945,
p2_bulk_nta_1e18_common_primary,NTA 1e18 common-primary state,top_primary,interface_4x,T03_P2_BULK_TRAPS_FORMAL,enabled_symmetric_teaching_top_stack,0.0,0.01,0.0,0.3,top_oxide,0.00042500000000000003,6.1499999999999996e-06,4.25,61.49999999999999,0.1407344871679643,
p2_bulk_nta_1e18_common_primary,NTA 1e18 common-primary state,top_primary,interface_4x,T03_P2_BULK_TRAPS_FORMAL,enabled_symmetric_teaching_top_stack,0.0,0.01,0.0,0.3,top_oxide,0.00042500000000000003,6.275e-06,4.25,62.75,0.14958257124000574,
p2_bulk_nta_1e18_common_primary,NTA 1e18 common-primary state,top_primary,interface_4x,T03_P2_BULK_TRAPS_FORMAL,enabled_symmetric_teaching_top_stack,0.0,0.01,0.0,0.3,top_oxide,0.00042500000000000003,6.4e-06,4.25,64.0,0.15843065530771833,
p2_bulk_nta_1e18_common_primary,NTA 1e18 common-primary state,top_primary,interface_4x,T03_P2_BULK_TRAPS_FORMAL,enabled_symmetric_teaching_top_stack,0.0,0.01,0.0,0.3,top_oxide,0.00042500000000000003,6.9e-06,4.25,69.0,0.1938229915378271,
p2_bulk_nta_1e18_common_primary,NTA 1e18 common-primary state,top_primary,interface_4x,T03_P2_BULK_TRAPS_FORMAL,enabled_symmetric_teaching_top_stack,0.0,0.01,0.0,0.3,top_oxide,0.00042500000000000003,7.4e-06,4.25,74.0,0.22921532771904585,
p2_bulk_nta_1e18_common_primary,NTA 1e18 common-primary state,top_primary,interface_4x,T03_P2_BULK_TRAPS_FORMAL,enabled_symmetric_teaching_top_stack,0.0,0.01,0.0,0.3,top_oxide,0.00042500000000000003,7.9e-06,4.25,79.0,0.26460766386767126,
p2_bulk_nta_1e18_common_primary,NTA 1e18 common-primary state,top_primary,interface_4x,T03_P2_BULK_TRAPS_FORMAL,enabled_symmetric_teaching_top_stack,0.0,0.01,0.0,0.3,top_oxide,0.00042500000000000003,8.400000000000001e-06,4.25,84.00000000000001,0.3,
p2_bulk_nta_1e18_common_primary,NTA 1e18 common-primary state,top_primary,interface_4x,T03_P2_BULK_TRAPS_FORMAL,enabled_symmetric_teaching_top_stack,0.0,0.01,0.0,0.3,top_oxide,0.00045000000000000004,5.4e-06,4.5,54.0,0.0878129354726916,
p2_bulk_nta_1e18_common_primary,NTA 1e18 common-primary state,top_primary,interface_4x,T03_P2_BULK_TRAPS_FORMAL,enabled_symmetric_teaching_top_stack,0.0,0.01,0.0,0.3,top_oxide,0.00045000000000000004,5.525e-06,4.5,55.24999999999999,0.09665406320783154,
p2_bulk_nta_1e18_common_primary,NTA 1e18 common-primary state,top_primary,interface_4x,T03_P2_BULK_TRAPS_FORMAL,enabled_symmetric_teaching_top_stack,0.0,0.01,0.0,0.3,top_oxide,0.00045000000000000004,5.65e-06,4.5,56.5,0.1054951909370895,
p2_bulk_nta_1e18_common_primary,NTA 1e18 common-primary state,top_primary,interface_4x,T03_P2_BULK_TRAPS_FORMAL,enabled_symmetric_teaching_top_stack,0.0,0.01,0.0,0.3,top_oxide,0.00045000000000000004,5.775e-06,4.5,57.75,0.11433631866072114,
p2_bulk_nta_1e18_common_primary,NTA 1e18 common-primary state,top_primary,interface_4x,T03_P2_BULK_TRAPS_FORMAL,enabled_symmetric_teaching_top_stack,0.0,0.01,0.0,0.3,top_oxide,0.00045000000000000004,5.899999999999999e-06,4.5,58.99999999999999,0.12317744637898222,
p2_bulk_nta_1e18_common_primary,NTA 1e18 common-primary state,top_primary,interface_4x,T03_P2_BULK_TRAPS_FORMAL,enabled_symmetric_teaching_top_stack,0.0,0.01,0.0,0.3,top_oxide,0.00045000000000000004,6.025e-06,4.5,60.25,0.13201857409212853,
p2_bulk_nta_1e18_common_primary,NTA 1e18 common-primary state,top_primary,interface_4x,T03_P2_BULK_TRAPS_FORMAL,enabled_symmetric_teaching_top_stack,0.0,0.01,0.0,0.3,top_oxide,0.00045000000000000004,6.1499999999999996e-06,4.5,61.49999999999999,0.14085970180041574,
p2_bulk_nta_1e18_common_primary,NTA 1e18 common-primary state,top_primary,interface_4x,T03_P2_BULK_TRAPS_FORMAL,enabled_symmetric_teaching_top_stack,0.0,0.01,0.0,0.3,top_oxide,0.00045000000000000004,6.275e-06,4.5,62.75,0.1497008295040997,
p2_bulk_nta_1e18_common_primary,NTA 1e18 common-primary state,top_primary,interface_4x,T03_P2_BULK_TRAPS_FORMAL,enabled_symmetric_teaching_top_stack,0.0,0.01,0.0,0.3,top_oxide,0.00045000000000000004,6.4e-06,4.5,64.0,0.15854195720343597,
p2_bulk_nta_1e18_common_primary,NTA 1e18 common-primary state,top_primary,interface_4x,T03_P2_BULK_TRAPS_FORMAL,enabled_symmetric_teaching_top_stack,0.0,0.01,0.0,0.3,top_oxide,0.00045000000000000004,6.9e-06,4.5,69.0,0.1939064679598628,
p2_bulk_nta_1e18_common_primary,NTA 1e18 common-primary state,top_primary,interface_4x,T03_P2_BULK_TRAPS_FORMAL,enabled_symmetric_teaching_top_stack,0.0,0.01,0.0,0.3,top_oxide,0.00045000000000000004,7.4e-06,4.5,74.0,0.2292709786671875,
p2_bulk_nta_1e18_common_primary,NTA 1e18 common-primary state,top_primary,interface_4x,T03_P2_BULK_TRAPS_FORMAL,enabled_symmetric_teaching_top_stack,0.0,0.01,0.0,0.3,top_oxide,0.00045000000000000004,7.9e-06,4.5,79.0,0.26463548934177744,
p2_bulk_nta_1e18_common_primary,NTA 1e18 common-primary state,top_primary,interface_4x,T03_P2_BULK_TRAPS_FORMAL,enabled_symmetric_teaching_top_stack,0.0,0.01,0.0,0.3,top_oxide,0.00045000000000000004,8.400000000000001e-06,4.5,84.00000000000001,0.3,
p2_bulk_nta_1e18_common_primary,NTA 1e18 common-primary state,top_primary,interface_4x,T03_P2_BULK_TRAPS_FORMAL,enabled_symmetric_teaching_top_stack,0.0,0.01,0.0,0.3,top_oxide,0.000475,5.4e-06,4.75,54.0,0.08798013382552274,
p2_bulk_nta_1e18_common_primary,NTA 1e18 common-primary state,top_primary,interface_4x,T03_P2_BULK_TRAPS_FORMAL,enabled_symmetric_teaching_top_stack,0.0,0.01,0.0,0.3,top_oxide,0.000475,5.525e-06,4.75,55.24999999999999,0.09681429496283038,
p2_bulk_nta_1e18_common_primary,NTA 1e18 common-primary state,top_primary,interface_4x,T03_P2_BULK_TRAPS_FORMAL,enabled_symmetric_teaching_top_stack,0.0,0.01,0.0,0.3,top_oxide,0.000475,5.65e-06,4.75,56.5,0.10564845609423046,
p2_bulk_nta_1e18_common_primary,NTA 1e18 common-primary state,top_primary,interface_4x,T03_P2_BULK_TRAPS_FORMAL,enabled_symmetric_teaching_top_stack,0.0,0.01,0.0,0.3,top_oxide,0.000475,5.775e-06,4.75,57.75,0.11448261721997972,
p2_bulk_nta_1e18_common_primary,NTA 1e18 common-primary state,top_primary,interface_4x,T03_P2_BULK_TRAPS_FORMAL,enabled_symmetric_teaching_top_stack,0.0,0.01,0.0,0.3,top_oxide,0.000475,5.899999999999999e-06,4.75,58.99999999999999,0.12331677834033505,
p2_bulk_nta_1e18_common_primary,NTA 1e18 common-primary state,top_primary,interface_4x,T03_P2_BULK_TRAPS_FORMAL,enabled_symmetric_teaching_top_stack,0.0,0.01,0.0,0.3,top_oxide,0.000475,6.025e-06,4.75,60.25,0.1321509394555534,
p2_bulk_nta_1e18_common_primary,NTA 1e18 common-primary state,top_primary,interface_4x,T03_P2_BULK_TRAPS_FORMAL,enabled_symmetric_teaching_top_stack,0.0,0.01,0.0,0.3,top_oxide,0.000475,6.1499999999999996e-06,4.75,61.49999999999999,0.14098510056589147,
p2_bulk_nta_1e18_common_primary,NTA 1e18 common-primary state,top_primary,interface_4x,T03_P2_BULK_TRAPS_FORMAL,enabled_symmetric_teaching_top_stack,0.0,0.01,0.0,0.3,top_oxide,0.000475,6.275e-06,4.75,62.75,0.14981926167160625,
p2_bulk_nta_1e18_common_primary,NTA 1e18 common-primary state,top_primary,interface_4x,T03_P2_BULK_TRAPS_FORMAL,enabled_symmetric_teaching_top_stack,0.0,0.01,0.0,0.3,top_oxide,0.000475,6.4e-06,4.75,64.0,0.15865342277295447,
p2_bulk_nta_1e18_common_primary,NTA 1e18 common-primary state,top_primary,interface_4x,T03_P2_BULK_TRAPS_FORMAL,enabled_symmetric_teaching_top_stack,0.0,0.01,0.0,0.3,top_oxide,0.000475,6.9e-06,4.75,69.0,0.19399006713725092,
p2_bulk_nta_1e18_common_primary,NTA 1e18 common-primary state,top_primary,interface_4x,T03_P2_BULK_TRAPS_FORMAL,enabled_symmetric_teaching_top_stack,0.0,0.01,0.0,0.3,top_oxide,0.000475,7.4e-06,4.75,74.0,0.2293267114522316,
p2_bulk_nta_1e18_common_primary,NTA 1e18 common-primary state,top_primary,interface_4x,T03_P2_BULK_TRAPS_FORMAL,enabled_symmetric_teaching_top_stack,0.0,0.01,0.0,0.3,top_oxide,0.000475,7.9e-06,4.75,79.0,0.2646633557343351,
p2_bulk_nta_1e18_common_primary,NTA 1e18 common-primary state,top_primary,interface_4x,T03_P2_BULK_TRAPS_FORMAL,enabled_symmetric_teaching_top_stack,0.0,0.01,0.0,0.3,top_oxide,0.000475,8.400000000000001e-06,4.75,84.00000000000001,0.3,
p2_bulk_nta_1e18_common_primary,NTA 1e18 common-primary state,top_primary,interface_4x,T03_P2_BULK_TRAPS_FORMAL,enabled_symmetric_teaching_top_stack,0.0,0.01,0.0,0.3,top_oxide,0.0005,5.4e-06,5.0,54.0,0.08814757875730801,
p2_bulk_nta_1e18_common_primary,NTA 1e18 common-primary state,top_primary,interface_4x,T03_P2_BULK_TRAPS_FORMAL,enabled_symmetric_teaching_top_stack,0.0,0.01,0.0,0.3,top_oxide,0.0005,5.525e-06,5.0,55.24999999999999,0.09697476302266174,
p2_bulk_nta_1e18_common_primary,NTA 1e18 common-primary state,top_primary,interface_4x,T03_P2_BULK_TRAPS_FORMAL,enabled_symmetric_teaching_top_stack,0.0,0.01,0.0,0.3,top_oxide,0.0005,5.65e-06,5.0,56.5,0.10580194728208213,
p2_bulk_nta_1e18_common_primary,NTA 1e18 common-primary state,top_primary,interface_4x,T03_P2_BULK_TRAPS_FORMAL,enabled_symmetric_teaching_top_stack,0.0,0.01,0.0,0.3,top_oxide,0.0005,5.775e-06,5.0,57.75,0.11462913153582703,
p2_bulk_nta_1e18_common_primary,NTA 1e18 common-primary state,top_primary,interface_4x,T03_P2_BULK_TRAPS_FORMAL,enabled_symmetric_teaching_top_stack,0.0,0.01,0.0,0.3,top_oxide,0.0005,5.899999999999999e-06,5.0,58.99999999999999,0.12345631578415449,
p2_bulk_nta_1e18_common_primary,NTA 1e18 common-primary state,top_primary,interface_4x,T03_P2_BULK_TRAPS_FORMAL,enabled_symmetric_teaching_top_stack,0.0,0.01,0.0,0.3,top_oxide,0.0005,6.025e-06,5.0,60.25,0.13228350002732253,
p2_bulk_nta_1e18_common_primary,NTA 1e18 common-primary state,top_primary,interface_4x,T03_P2_BULK_TRAPS_FORMAL,enabled_symmetric_teaching_top_stack,0.0,0.01,0.0,0.3,top_oxide,0.0005,6.1499999999999996e-06,5.0,61.49999999999999,0.14111068426558898,
p2_bulk_nta_1e18_common_primary,NTA 1e18 common-primary state,top_primary,interface_4x,T03_P2_BULK_TRAPS_FORMAL,enabled_symmetric_teaching_top_stack,0.0,0.01,0.0,0.3,top_oxide,0.0005,6.275e-06,5.0,62.75,0.14993786849921198,
p2_bulk_nta_1e18_common_primary,NTA 1e18 common-primary state,top_primary,interface_4x,T03_P2_BULK_TRAPS_FORMAL,enabled_symmetric_teaching_top_stack,0.0,0.01,0.0,0.3,top_oxide,0.0005,6.4e-06,5.0,64.0,0.15876505272844937,
p2_bulk_nta_1e18_common_primary,NTA 1e18 common-primary state,top_primary,interface_4x,T03_P2_BULK_TRAPS_FORMAL,enabled_symmetric_teaching_top_stack,0.0,0.01,0.0,0.3,top_oxide,0.0005,6.9e-06,5.0,69.0,0.1940737896041232,
p2_bulk_nta_1e18_common_primary,NTA 1e18 common-primary state,top_primary,interface_4x,T03_P2_BULK_TRAPS_FORMAL,enabled_symmetric_teaching_top_stack,0.0,0.01,0.0,0.3,top_oxide,0.0005,7.4e-06,5.0,74.0,0.229382526430266,
p2_bulk_nta_1e18_common_primary,NTA 1e18 common-primary state,top_primary,interface_4x,T03_P2_BULK_TRAPS_FORMAL,enabled_symmetric_teaching_top_stack,0.0,0.01,0.0,0.3,top_oxide,0.0005,7.9e-06,5.0,79.0,0.26469126322338815,
p2_bulk_nta_1e18_common_primary,NTA 1e18 common-primary state,top_primary,interface_4x,T03_P2_BULK_TRAPS_FORMAL,enabled_symmetric_teaching_top_stack,0.0,0.01,0.0,0.3,top_oxide,0.0005,8.400000000000001e-06,5.0,84.00000000000001,0.3,
p2_bulk_nta_1e18_common_primary,NTA 1e18 common-primary state,top_primary,interface_4x,T03_P2_BULK_TRAPS_FORMAL,enabled_symmetric_teaching_top_stack,0.0,0.01,0.0,0.3,top_oxide,0.0005250000000000001,5.4e-06,5.250000000000001,54.0,0.08831527134405828,
p2_bulk_nta_1e18_common_primary,NTA 1e18 common-primary state,top_primary,interface_4x,T03_P2_BULK_TRAPS_FORMAL,enabled_symmetric_teaching_top_stack,0.0,0.01,0.0,0.3,top_oxide,0.0005250000000000001,5.525e-06,5.250000000000001,55.24999999999999,0.09713546841850272,
p2_bulk_nta_1e18_common_primary,NTA 1e18 common-primary state,top_primary,interface_4x,T03_P2_BULK_TRAPS_FORMAL,enabled_symmetric_teaching_top_stack,0.0,0.01,0.0,0.3,top_oxide,0.0005250000000000001,5.65e-06,5.250000000000001,56.5,0.10595566548698784,
p2_bulk_nta_1e18_common_primary,NTA 1e18 common-primary state,top_primary,interface_4x,T03_P2_BULK_TRAPS_FORMAL,enabled_symmetric_teaching_top_stack,0.0,0.01,0.0,0.3,top_oxide,0.0005250000000000001,5.775e-06,5.250000000000001,57.75,0.11477586254977264,
p2_bulk_nta_1e18_common_primary,NTA 1e18 common-primary state,top_primary,interface_4x,T03_P2_BULK_TRAPS_FORMAL,enabled_symmetric_teaching_top_stack,0.0,0.01,0.0,0.3,top_oxide,0.0005250000000000001,5.899999999999999e-06,5.250000000000001,58.99999999999999,0.12359605960711627,
p2_bulk_nta_1e18_common_primary,NTA 1e18 common-primary state,top_primary,interface_4x,T03_P2_BULK_TRAPS_FORMAL,enabled_symmetric_teaching_top_stack,0.0,0.01,0.0,0.3,top_oxide,0.0005250000000000001,6.025e-06,5.250000000000001,60.25,0.13241625665927792,
p2_bulk_nta_1e18_common_primary,NTA 1e18 common-primary state,top_primary,interface_4x,T03_P2_BULK_TRAPS_FORMAL,enabled_symmetric_teaching_top_stack,0.0,0.01,0.0,0.3,top_oxide,0.0005250000000000001,6.1499999999999996e-06,5.250000000000001,61.49999999999999,0.14123645370651652,
p2_bulk_nta_1e18_common_primary,NTA 1e18 common-primary state,top_primary,interface_4x,T03_P2_BULK_TRAPS_FORMAL,enabled_symmetric_teaching_top_stack,0.0,0.01,0.0,0.3,top_oxide,0.0005250000000000001,6.275e-06,5.250000000000001,62.75,0.15005665074909136,
p2_bulk_nta_1e18_common_primary,NTA 1e18 common-primary state,top_primary,interface_4x,T03_P2_BULK_TRAPS_FORMAL,enabled_symmetric_teaching_top_stack,0.0,0.01,0.0,0.3,top_oxide,0.0005250000000000001,6.4e-06,5.250000000000001,64.0,0.15887684778726138,
p2_bulk_nta_1e18_common_primary,NTA 1e18 common-primary state,top_primary,interface_4x,T03_P2_BULK_TRAPS_FORMAL,enabled_symmetric_teaching_top_stack,0.0,0.01,0.0,0.3,top_oxide,0.0005250000000000001,6.9e-06,5.250000000000001,69.0,0.1941576358984851,
p2_bulk_nta_1e18_common_primary,NTA 1e18 common-primary state,top_primary,interface_4x,T03_P2_BULK_TRAPS_FORMAL,enabled_symmetric_teaching_top_stack,0.0,0.01,0.0,0.3,top_oxide,0.0005250000000000001,7.4e-06,5.250000000000001,74.0,0.22943842395996103,
p2_bulk_nta_1e18_common_primary,NTA 1e18 common-primary state,top_primary,interface_4x,T03_P2_BULK_TRAPS_FORMAL,enabled_symmetric_teaching_top_stack,0.0,0.01,0.0,0.3,top_oxide,0.0005250000000000001,7.9e-06,5.250000000000001,79.0,0.2647192119882718,
p2_bulk_nta_1e18_common_primary,NTA 1e18 common-primary state,top_primary,interface_4x,T03_P2_BULK_TRAPS_FORMAL,enabled_symmetric_teaching_top_stack,0.0,0.01,0.0,0.3,top_oxide,0.0005250000000000001,8.400000000000001e-06,5.250000000000001,84.00000000000001,0.3,
p2_bulk_nta_1e18_common_primary,NTA 1e18 common-primary state,top_primary,interface_4x,T03_P2_BULK_TRAPS_FORMAL,enabled_symmetric_teaching_top_stack,0.0,0.01,0.0,0.3,top_oxide,0.0005499999999999999,5.4e-06,5.499999999999999,54.0,0.0884832126696107,
p2_bulk_nta_1e18_common_primary,NTA 1e18 common-primary state,top_primary,interface_4x,T03_P2_BULK_TRAPS_FORMAL,enabled_symmetric_teaching_top_stack,0.0,0.01,0.0,0.3,top_oxide,0.0005499999999999999,5.525e-06,5.499999999999999,55.24999999999999,0.09729641218903057,
p2_bulk_nta_1e18_common_primary,NTA 1e18 common-primary state,top_primary,interface_4x,T03_P2_BULK_TRAPS_FORMAL,enabled_symmetric_teaching_top_stack,0.0,0.01,0.0,0.3,top_oxide,0.0005499999999999999,5.65e-06,5.499999999999999,56.5,0.10610961170246498,
p2_bulk_nta_1e18_common_primary,NTA 1e18 common-primary state,top_primary,interface_4x,T03_P2_BULK_TRAPS_FORMAL,enabled_symmetric_teaching_top_stack,0.0,0.01,0.0,0.3,top_oxide,0.0005499999999999999,5.775e-06,5.499999999999999,57.75,0.11492281121017403,
p2_bulk_nta_1e18_common_primary,NTA 1e18 common-primary state,top_primary,interface_4x,T03_P2_BULK_TRAPS_FORMAL,enabled_symmetric_teaching_top_stack,0.0,0.01,0.0,0.3,top_oxide,0.0005499999999999999,5.899999999999999e-06,5.499999999999999,58.99999999999999,0.12373601071241805,
p2_bulk_nta_1e18_common_primary,NTA 1e18 common-primary state,top_primary,interface_4x,T03_P2_BULK_TRAPS_FORMAL,enabled_symmetric_teaching_top_stack,0.0,0.01,0.0,0.3,top_oxide,0.0005499999999999999,6.025e-06,5.499999999999999,60.25,0.1325492102094573,
p2_bulk_nta_1e18_common_primary,NTA 1e18 common-primary state,top_primary,interface_4x,T03_P2_BULK_TRAPS_FORMAL,enabled_symmetric_teaching_top_stack,0.0,0.01,0.0,0.3,top_oxide,0.0005499999999999999,6.1499999999999996e-06,5.499999999999999,61.49999999999999,0.14136240970155195,
p2_bulk_nta_1e18_common_primary,NTA 1e18 common-primary state,top_primary,interface_4x,T03_P2_BULK_TRAPS_FORMAL,enabled_symmetric_teaching_top_stack,0.0,0.01,0.0,0.3,top_oxide,0.0005499999999999999,6.275e-06,5.499999999999999,62.75,0.15017560918896233,
p2_bulk_nta_1e18_common_primary,NTA 1e18 common-primary state,top_primary,interface_4x,T03_P2_BULK_TRAPS_FORMAL,enabled_symmetric_teaching_top_stack,0.0,0.01,0.0,0.3,top_oxide,0.0005499999999999999,6.4e-06,5.499999999999999,64.0,0.1589888086719486,
p2_bulk_nta_1e18_common_primary,NTA 1e18 common-primary state,top_primary,interface_4x,T03_P2_BULK_TRAPS_FORMAL,enabled_symmetric_teaching_top_stack,0.0,0.01,0.0,0.3,top_oxide,0.0005499999999999999,6.9e-06,5.499999999999999,69.0,0.19424160656225523,
p2_bulk_nta_1e18_common_primary,NTA 1e18 common-primary state,top_primary,interface_4x,T03_P2_BULK_TRAPS_FORMAL,enabled_symmetric_teaching_top_stack,0.0,0.01,0.0,0.3,top_oxide,0.0005499999999999999,7.4e-06,5.499999999999999,74.0,0.22949440440259578,
p2_bulk_nta_1e18_common_primary,NTA 1e18 common-primary state,top_primary,interface_4x,T03_P2_BULK_TRAPS_FORMAL,enabled_symmetric_teaching_top_stack,0.0,0.01,0.0,0.3,top_oxide,0.0005499999999999999,7.9e-06,5.499999999999999,79.0,0.26474720220962555,
p2_bulk_nta_1e18_common_primary,NTA 1e18 common-primary state,top_primary,interface_4x,T03_P2_BULK_TRAPS_FORMAL,enabled_symmetric_teaching_top_stack,0.0,0.01,0.0,0.3,top_oxide,0.0005499999999999999,8.400000000000001e-06,5.499999999999999,84.00000000000001,0.3,
p2_bulk_nta_1e18_common_primary,NTA 1e18 common-primary state,top_primary,interface_4x,T03_P2_BULK_TRAPS_FORMAL,enabled_symmetric_teaching_top_stack,0.0,0.01,0.0,0.3,top_oxide,0.000575,5.4e-06,5.75,54.0,0.08865140382570884,
p2_bulk_nta_1e18_common_primary,NTA 1e18 common-primary state,top_primary,interface_4x,T03_P2_BULK_TRAPS_FORMAL,enabled_symmetric_teaching_top_stack,0.0,0.01,0.0,0.3,top_oxide,0.000575,5.525e-06,5.75,55.24999999999999,0.09745759538049957,
p2_bulk_nta_1e18_common_primary,NTA 1e18 common-primary state,top_primary,interface_4x,T03_P2_BULK_TRAPS_FORMAL,enabled_symmetric_teaching_top_stack,0.0,0.01,0.0,0.3,top_oxide,0.000575,5.65e-06,5.75,56.5,0.1062637869292785,
p2_bulk_nta_1e18_common_primary,NTA 1e18 common-primary state,top_primary,interface_4x,T03_P2_BULK_TRAPS_FORMAL,enabled_symmetric_teaching_top_stack,0.0,0.01,0.0,0.3,top_oxide,0.000575,5.775e-06,5.75,57.75,0.11506997847230688,
p2_bulk_nta_1e18_common_primary,NTA 1e18 common-primary state,top_primary,interface_4x,T03_P2_BULK_TRAPS_FORMAL,enabled_symmetric_teaching_top_stack,0.0,0.01,0.0,0.3,top_oxide,0.000575,5.899999999999999e-06,5.75,58.99999999999999,0.12387617000984616,
p2_bulk_nta_1e18_common_primary,NTA 1e18 common-primary state,top_primary,interface_4x,T03_P2_BULK_TRAPS_FORMAL,enabled_symmetric_teaching_top_stack,0.0,0.01,0.0,0.3,top_oxide,0.000575,6.025e-06,5.75,60.25,0.1326823615421578,
p2_bulk_nta_1e18_common_primary,NTA 1e18 common-primary state,top_primary,interface_4x,T03_P2_BULK_TRAPS_FORMAL,enabled_symmetric_teaching_top_stack,0.0,0.01,0.0,0.3,top_oxide,0.000575,6.1499999999999996e-06,5.75,61.49999999999999,0.14148855306950303,
p2_bulk_nta_1e18_common_primary,NTA 1e18 common-primary state,top_primary,interface_4x,T03_P2_BULK_TRAPS_FORMAL,enabled_symmetric_teaching_top_stack,0.0,0.01,0.0,0.3,top_oxide,0.000575,6.275e-06,5.75,62.75,0.1502947445921434,
p2_bulk_nta_1e18_common_primary,NTA 1e18 common-primary state,top_primary,interface_4x,T03_P2_BULK_TRAPS_FORMAL,enabled_symmetric_teaching_top_stack,0.0,0.01,0.0,0.3,top_oxide,0.000575,6.4e-06,5.75,64.0,0.15910093611034012,
p2_bulk_nta_1e18_common_primary,NTA 1e18 common-primary state,top_primary,interface_4x,T03_P2_BULK_TRAPS_FORMAL,enabled_symmetric_teaching_top_stack,0.0,0.01,0.0,0.3,top_oxide,0.000575,6.9e-06,5.75,69.0,0.19432570214130548,
p2_bulk_nta_1e18_common_primary,NTA 1e18 common-primary state,top_primary,interface_4x,T03_P2_BULK_TRAPS_FORMAL,enabled_symmetric_teaching_top_stack,0.0,0.01,0.0,0.3,top_oxide,0.000575,7.4e-06,5.75,74.0,0.2295504681220848,
p2_bulk_nta_1e18_common_primary,NTA 1e18 common-primary state,top_primary,interface_4x,T03_P2_BULK_TRAPS_FORMAL,enabled_symmetric_teaching_top_stack,0.0,0.01,0.0,0.3,top_oxide,0.000575,7.9e-06,5.75,79.0,0.26477523406940673,
p2_bulk_nta_1e18_common_primary,NTA 1e18 common-primary state,top_primary,interface_4x,T03_P2_BULK_TRAPS_FORMAL,enabled_symmetric_teaching_top_stack,0.0,0.01,0.0,0.3,top_oxide,0.000575,8.400000000000001e-06,5.75,84.00000000000001,0.3,
p2_bulk_nta_1e18_common_primary,NTA 1e18 common-primary state,top_primary,interface_4x,T03_P2_BULK_TRAPS_FORMAL,enabled_symmetric_teaching_top_stack,0.0,0.01,0.0,0.3,top_oxide,0.0006000000000000001,5.4e-06,6.000000000000001,54.0,0.08881984591208344,
p2_bulk_nta_1e18_common_primary,NTA 1e18 common-primary state,top_primary,interface_4x,T03_P2_BULK_TRAPS_FORMAL,enabled_symmetric_teaching_top_stack,0.0,0.01,0.0,0.3,top_oxide,0.0006000000000000001,5.525e-06,6.000000000000001,55.24999999999999,0.09761901904681841,
p2_bulk_nta_1e18_common_primary,NTA 1e18 common-primary state,top_primary,interface_4x,T03_P2_BULK_TRAPS_FORMAL,enabled_symmetric_teaching_top_stack,0.0,0.01,0.0,0.3,top_oxide,0.0006000000000000001,5.65e-06,6.000000000000001,56.5,0.10641819217551501,
p2_bulk_nta_1e18_common_primary,NTA 1e18 common-primary state,top_primary,interface_4x,T03_P2_BULK_TRAPS_FORMAL,enabled_symmetric_teaching_top_stack,0.0,0.01,0.0,0.3,top_oxide,0.0006000000000000001,5.775e-06,6.000000000000001,57.75,0.11521736529843568,
p2_bulk_nta_1e18_common_primary,NTA 1e18 common-primary state,top_primary,interface_4x,T03_P2_BULK_TRAPS_FORMAL,enabled_symmetric_teaching_top_stack,0.0,0.01,0.0,0.3,top_oxide,0.0006000000000000001,5.899999999999999e-06,6.000000000000001,58.99999999999999,0.12401653841584302,
p2_bulk_nta_1e18_common_primary,NTA 1e18 common-primary state,top_primary,interface_4x,T03_P2_BULK_TRAPS_FORMAL,enabled_symmetric_teaching_top_stack,0.0,0.01,0.0,0.3,top_oxide,0.0006000000000000001,6.025e-06,6.000000000000001,60.25,0.13281571152799962,
p2_bulk_nta_1e18_common_primary,NTA 1e18 common-primary state,top_primary,interface_4x,T03_P2_BULK_TRAPS_FORMAL,enabled_symmetric_teaching_top_stack,0.0,0.01,0.0,0.3,top_oxide,0.0006000000000000001,6.1499999999999996e-06,6.000000000000001,61.49999999999999,0.14161488463516791,
p2_bulk_nta_1e18_common_primary,NTA 1e18 common-primary state,top_primary,interface_4x,T03_P2_BULK_TRAPS_FORMAL,enabled_symmetric_teaching_top_stack,0.0,0.01,0.0,0.3,top_oxide,0.0006000000000000001,6.275e-06,6.000000000000001,62.75,0.15041405773761057,
p2_bulk_nta_1e18_common_primary,NTA 1e18 common-primary state,top_primary,interface_4x,T03_P2_BULK_TRAPS_FORMAL,enabled_symmetric_teaching_top_stack,0.0,0.01,0.0,0.3,top_oxide,0.0006000000000000001,6.4e-06,6.000000000000001,64.0,0.15921323083558997,
p2_bulk_nta_1e18_common_primary,NTA 1e18 common-primary state,top_primary,interface_4x,T03_P2_BULK_TRAPS_FORMAL,enabled_symmetric_teaching_top_stack,0.0,0.01,0.0,0.3,top_oxide,0.0006000000000000001,6.9e-06,6.000000000000001,69.0,0.19440992318550135,
p2_bulk_nta_1e18_common_primary,NTA 1e18 common-primary state,top_primary,interface_4x,T03_P2_BULK_TRAPS_FORMAL,enabled_symmetric_teaching_top_stack,0.0,0.01,0.0,0.3,top_oxide,0.0006000000000000001,7.4e-06,6.000000000000001,74.0,0.22960661548500513,
p2_bulk_nta_1e18_common_primary,NTA 1e18 common-primary state,top_primary,interface_4x,T03_P2_BULK_TRAPS_FORMAL,enabled_symmetric_teaching_top_stack,0.0,0.01,0.0,0.3,top_oxide,0.0006000000000000001,7.9e-06,6.000000000000001,79.0,0.2648033077509038,
p2_bulk_nta_1e18_common_primary,NTA 1e18 common-primary state,top_primary,interface_4x,T03_P2_BULK_TRAPS_FORMAL,enabled_symmetric_teaching_top_stack,0.0,0.01,0.0,0.3,top_oxide,0.0006000000000000001,8.400000000000001e-06,6.000000000000001,84.00000000000001,0.3,
p2_bulk_nta_1e18_common_primary,NTA 1e18 common-primary state,top_primary,interface_4x,T03_P2_BULK_TRAPS_FORMAL,enabled_symmetric_teaching_top_stack,0.0,0.01,0.0,0.3,top_oxide,0.000625,5.4e-06,6.25,54.0,0.0889885400365345,
p2_bulk_nta_1e18_common_primary,NTA 1e18 common-primary state,top_primary,interface_4x,T03_P2_BULK_TRAPS_FORMAL,enabled_symmetric_teaching_top_stack,0.0,0.01,0.0,0.3,top_oxide,0.000625,5.525e-06,6.25,55.24999999999999,0.0977806842496287,
p2_bulk_nta_1e18_common_primary,NTA 1e18 common-primary state,top_primary,interface_4x,T03_P2_BULK_TRAPS_FORMAL,enabled_symmetric_teaching_top_stack,0.0,0.01,0.0,0.3,top_oxide,0.000625,5.65e-06,6.25,56.5,0.10657282845665782,
p2_bulk_nta_1e18_common_primary,NTA 1e18 common-primary state,top_primary,interface_4x,T03_P2_BULK_TRAPS_FORMAL,enabled_symmetric_teaching_top_stack,0.0,0.01,0.0,0.3,top_oxide,0.000625,5.775e-06,6.25,57.75,0.11536497265788542,
p2_bulk_nta_1e18_common_primary,NTA 1e18 common-primary state,top_primary,interface_4x,T03_P2_BULK_TRAPS_FORMAL,enabled_symmetric_teaching_top_stack,0.0,0.01,0.0,0.3,top_oxide,0.000625,5.899999999999999e-06,6.25,58.99999999999999,0.12415711685357529,
p2_bulk_nta_1e18_common_primary,NTA 1e18 common-primary state,top_primary,interface_4x,T03_P2_BULK_TRAPS_FORMAL,enabled_symmetric_teaching_top_stack,0.0,0.01,0.0,0.3,top_oxide,0.000625,6.025e-06,6.25,60.25,0.13294926104399116,
p2_bulk_nta_1e18_common_primary,NTA 1e18 common-primary state,top_primary,interface_4x,T03_P2_BULK_TRAPS_FORMAL,enabled_symmetric_teaching_top_stack,0.0,0.01,0.0,0.3,top_oxide,0.000625,6.1499999999999996e-06,6.25,61.49999999999999,0.14174140522939666,
p2_bulk_nta_1e18_common_primary,NTA 1e18 common-primary state,top_primary,interface_4x,T03_P2_BULK_TRAPS_FORMAL,enabled_symmetric_teaching_top_stack,0.0,0.01,0.0,0.3,top_oxide,0.000625,6.275e-06,6.25,62.75,0.15053354941005556,
p2_bulk_nta_1e18_common_primary,NTA 1e18 common-primary state,top_primary,interface_4x,T03_P2_BULK_TRAPS_FORMAL,enabled_symmetric_teaching_top_stack,0.0,0.01,0.0,0.3,top_oxide,0.000625,6.4e-06,6.25,64.0,0.15932569358623147,
p2_bulk_nta_1e18_common_primary,NTA 1e18 common-primary state,top_primary,interface_4x,T03_P2_BULK_TRAPS_FORMAL,enabled_symmetric_teaching_top_stack,0.0,0.01,0.0,0.3,top_oxide,0.000625,6.9e-06,6.25,69.0,0.19449427024874288,
p2_bulk_nta_1e18_common_primary,NTA 1e18 common-primary state,top_primary,interface_4x,T03_P2_BULK_TRAPS_FORMAL,enabled_symmetric_teaching_top_stack,0.0,0.01,0.0,0.3,top_oxide,0.000625,7.4e-06,6.25,74.0,0.22966284686062347,
p2_bulk_nta_1e18_common_primary,NTA 1e18 common-primary state,top_primary,interface_4x,T03_P2_BULK_TRAPS_FORMAL,enabled_symmetric_teaching_top_stack,0.0,0.01,0.0,0.3,top_oxide,0.000625,7.9e-06,6.25,79.0,0.2648314234387502,
p2_bulk_nta_1e18_common_primary,NTA 1e18 common-primary state,top_primary,interface_4x,T03_P2_BULK_TRAPS_FORMAL,enabled_symmetric_teaching_top_stack,0.0,0.01,0.0,0.3,top_oxide,0.000625,8.400000000000001e-06,6.25,84.00000000000001,0.3,
p2_bulk_nta_1e18_common_primary,NTA 1e18 common-primary state,top_primary,interface_4x,T03_P2_BULK_TRAPS_FORMAL,enabled_symmetric_teaching_top_stack,0.0,0.01,0.0,0.3,top_oxide,0.0006500000000000001,5.4e-06,6.500000000000001,54.0,0.08915748731501426,
p2_bulk_nta_1e18_common_primary,NTA 1e18 common-primary state,top_primary,interface_4x,T03_P2_BULK_TRAPS_FORMAL,enabled_symmetric_teaching_top_stack,0.0,0.01,0.0,0.3,top_oxide,0.0006500000000000001,5.525e-06,6.500000000000001,55.24999999999999,0.09794259205838474,
p2_bulk_nta_1e18_common_primary,NTA 1e18 common-primary state,top_primary,interface_4x,T03_P2_BULK_TRAPS_FORMAL,enabled_symmetric_teaching_top_stack,0.0,0.01,0.0,0.3,top_oxide,0.0006500000000000001,5.65e-06,6.500000000000001,56.5,0.10672769679566319,
p2_bulk_nta_1e18_common_primary,NTA 1e18 common-primary state,top_primary,interface_4x,T03_P2_BULK_TRAPS_FORMAL,enabled_symmetric_teaching_top_stack,0.0,0.01,0.0,0.3,top_oxide,0.0006500000000000001,5.775e-06,6.500000000000001,57.75,0.11551280152711438,
p2_bulk_nta_1e18_common_primary,NTA 1e18 common-primary state,top_primary,interface_4x,T03_P2_BULK_TRAPS_FORMAL,enabled_symmetric_teaching_top_stack,0.0,0.01,0.0,0.3,top_oxide,0.0006500000000000001,5.899999999999999e-06,6.500000000000001,58.99999999999999,0.12429790625300323,
p2_bulk_nta_1e18_common_primary,NTA 1e18 common-primary state,top_primary,interface_4x,T03_P2_BULK_TRAPS_FORMAL,enabled_symmetric_teaching_top_stack,0.0,0.01,0.0,0.3,top_oxide,0.0006500000000000001,6.025e-06,6.500000000000001,60.25,0.13308301097359468,
p2_bulk_nta_1e18_common_primary,NTA 1e18 common-primary state,top_primary,interface_4x,T03_P2_BULK_TRAPS_FORMAL,enabled_symmetric_teaching_top_stack,0.0,0.01,0.0,0.3,top_oxide,0.0006500000000000001,6.1499999999999996e-06,6.500000000000001,61.49999999999999,0.14186811568915347,
p2_bulk_nta_1e18_common_primary,NTA 1e18 common-primary state,top_primary,interface_4x,T03_P2_BULK_TRAPS_FORMAL,enabled_symmetric_teaching_top_stack,0.0,0.01,0.0,0.3,top_oxide,0.0006500000000000001,6.275e-06,6.500000000000001,62.75,0.15065322039994464,
p2_bulk_nta_1e18_common_primary,NTA 1e18 common-primary state,top_primary,interface_4x,T03_P2_BULK_TRAPS_FORMAL,enabled_symmetric_teaching_top_stack,0.0,0.01,0.0,0.3,top_oxide,0.0006500000000000001,6.4e-06,6.500000000000001,64.0,0.15943832510623288,
p2_bulk_nta_1e18_common_primary,NTA 1e18 common-primary state,top_primary,interface_4x,T03_P2_BULK_TRAPS_FORMAL,enabled_symmetric_teaching_top_stack,0.0,0.01,0.0,0.3,top_oxide,0.0006500000000000001,6.9e-06,6.500000000000001,69.0,0.19457874388900623,
p2_bulk_nta_1e18_common_primary,NTA 1e18 common-primary state,top_primary,interface_4x,T03_P2_BULK_TRAPS_FORMAL,enabled_symmetric_teaching_top_stack,0.0,0.01,0.0,0.3,top_oxide,0.0006500000000000001,7.4e-06,6.500000000000001,74.0,0.22971916262092396,
p2_bulk_nta_1e18_common_primary,NTA 1e18 common-primary state,top_primary,interface_4x,T03_P2_BULK_TRAPS_FORMAL,enabled_symmetric_teaching_top_stack,0.0,0.01,0.0,0.3,top_oxide,0.0006500000000000001,7.9e-06,6.500000000000001,79.0,0.26485958131893794,
p2_bulk_nta_1e18_common_primary,NTA 1e18 common-primary state,top_primary,interface_4x,T03_P2_BULK_TRAPS_FORMAL,enabled_symmetric_teaching_top_stack,0.0,0.01,0.0,0.3,top_oxide,0.0006500000000000001,8.400000000000001e-06,6.500000000000001,84.00000000000001,0.3,
p2_bulk_nta_1e18_common_primary,NTA 1e18 common-primary state,top_primary,interface_4x,T03_P2_BULK_TRAPS_FORMAL,enabled_symmetric_teaching_top_stack,0.0,0.01,0.0,0.3,top_oxide,0.000675,5.4e-06,6.75,54.0,0.08932668887171154,
p2_bulk_nta_1e18_common_primary,NTA 1e18 common-primary state,top_primary,interface_4x,T03_P2_BULK_TRAPS_FORMAL,enabled_symmetric_teaching_top_stack,0.0,0.01,0.0,0.3,top_oxide,0.000675,5.525e-06,6.75,55.24999999999999,0.09810474355043414,
p2_bulk_nta_1e18_common_primary,NTA 1e18 common-primary state,top_primary,interface_4x,T03_P2_BULK_TRAPS_FORMAL,enabled_symmetric_teaching_top_stack,0.0,0.01,0.0,0.3,top_oxide,0.000675,5.65e-06,6.75,56.5,0.10688279822303759,
p2_bulk_nta_1e18_common_primary,NTA 1e18 common-primary state,top_primary,interface_4x,T03_P2_BULK_TRAPS_FORMAL,enabled_symmetric_teaching_top_stack,0.0,0.01,0.0,0.3,top_oxide,0.000675,5.775e-06,6.75,57.75,0.11566085288978781,
p2_bulk_nta_1e18_common_primary,NTA 1e18 common-primary state,top_primary,interface_4x,T03_P2_BULK_TRAPS_FORMAL,enabled_symmetric_teaching_top_stack,0.0,0.01,0.0,0.3,top_oxide,0.000675,5.899999999999999e-06,6.75,58.99999999999999,0.12443890755095093,
p2_bulk_nta_1e18_common_primary,NTA 1e18 common-primary state,top_primary,interface_4x,T03_P2_BULK_TRAPS_FORMAL,enabled_symmetric_teaching_top_stack,0.0,0.01,0.0,0.3,top_oxide,0.000675,6.025e-06,6.75,60.25,0.13321696220679305,
p2_bulk_nta_1e18_common_primary,NTA 1e18 common-primary state,top_primary,interface_4x,T03_P2_BULK_TRAPS_FORMAL,enabled_symmetric_teaching_top_stack,0.0,0.01,0.0,0.3,top_oxide,0.000675,6.1499999999999996e-06,6.75,61.49999999999999,0.1419950168575801,
p2_bulk_nta_1e18_common_primary,NTA 1e18 common-primary state,top_primary,interface_4x,T03_P2_BULK_TRAPS_FORMAL,enabled_symmetric_teaching_top_stack,0.0,0.01,0.0,0.3,top_oxide,0.000675,6.275e-06,6.75,62.75,0.15077307150357824,
p2_bulk_nta_1e18_common_primary,NTA 1e18 common-primary state,top_primary,interface_4x,T03_P2_BULK_TRAPS_FORMAL,enabled_symmetric_teaching_top_stack,0.0,0.01,0.0,0.3,top_oxide,0.000675,6.4e-06,6.75,64.0,0.15955112614505346,
p2_bulk_nta_1e18_common_primary,NTA 1e18 common-primary state,top_primary,interface_4x,T03_P2_BULK_TRAPS_FORMAL,enabled_symmetric_teaching_top_stack,0.0,0.01,0.0,0.3,top_oxide,0.000675,6.9e-06,6.75,69.0,0.19466334466838592,
p2_bulk_nta_1e18_common_primary,NTA 1e18 common-primary state,top_primary,interface_4x,T03_P2_BULK_TRAPS_FORMAL,enabled_symmetric_teaching_top_stack,0.0,0.01,0.0,0.3,top_oxide,0.000675,7.4e-06,6.75,74.0,0.22977556314063627,
p2_bulk_nta_1e18_common_primary,NTA 1e18 common-primary state,top_primary,interface_4x,T03_P2_BULK_TRAPS_FORMAL,enabled_symmetric_teaching_top_stack,0.0,0.01,0.0,0.3,top_oxide,0.000675,7.9e-06,6.75,79.0,0.2648877815788318,
p2_bulk_nta_1e18_common_primary,NTA 1e18 common-primary state,top_primary,interface_4x,T03_P2_BULK_TRAPS_FORMAL,enabled_symmetric_teaching_top_stack,0.0,0.01,0.0,0.3,top_oxide,0.000675,8.400000000000001e-06,6.75,84.00000000000001,0.3,
p2_bulk_nta_1e18_common_primary,NTA 1e18 common-primary state,top_primary,interface_4x,T03_P2_BULK_TRAPS_FORMAL,enabled_symmetric_teaching_top_stack,0.0,0.01,0.0,0.3,top_oxide,0.0007,5.4e-06,7.0,54.0,0.08949614583913686,
p2_bulk_nta_1e18_common_primary,NTA 1e18 common-primary state,top_primary,interface_4x,T03_P2_BULK_TRAPS_FORMAL,enabled_symmetric_teaching_top_stack,0.0,0.01,0.0,0.3,top_oxide,0.0007,5.525e-06,7.0,55.24999999999999,0.09826713981109951,
p2_bulk_nta_1e18_common_primary,NTA 1e18 common-primary state,top_primary,interface_4x,T03_P2_BULK_TRAPS_FORMAL,enabled_symmetric_teaching_top_stack,0.0,0.01,0.0,0.3,top_oxide,0.0007,5.65e-06,7.0,56.5,0.10703813377691566,
p2_bulk_nta_1e18_common_primary,NTA 1e18 common-primary state,top_primary,interface_4x,T03_P2_BULK_TRAPS_FORMAL,enabled_symmetric_teaching_top_stack,0.0,0.01,0.0,0.3,top_oxide,0.0007,5.775e-06,7.0,57.75,0.11580912773685245,
p2_bulk_nta_1e18_common_primary,NTA 1e18 common-primary state,top_primary,interface_4x,T03_P2_BULK_TRAPS_FORMAL,enabled_symmetric_teaching_top_stack,0.0,0.01,0.0,0.3,top_oxide,0.0007,5.899999999999999e-06,7.0,58.99999999999999,0.12458012169117719,
p2_bulk_nta_1e18_common_primary,NTA 1e18 common-primary state,top_primary,interface_4x,T03_P2_BULK_TRAPS_FORMAL,enabled_symmetric_teaching_top_stack,0.0,0.01,0.0,0.3,top_oxide,0.0007,6.025e-06,7.0,60.25,0.13335111564015714,
p2_bulk_nta_1e18_common_primary,NTA 1e18 common-primary state,top_primary,interface_4x,T03_P2_BULK_TRAPS_FORMAL,enabled_symmetric_teaching_top_stack,0.0,0.01,0.0,0.3,top_oxide,0.0007,6.1499999999999996e-06,7.0,61.49999999999999,0.14212210958405944,
p2_bulk_nta_1e18_common_primary,NTA 1e18 common-primary state,top_primary,interface_4x,T03_P2_BULK_TRAPS_FORMAL,enabled_symmetric_teaching_top_stack,0.0,0.01,0.0,0.3,top_oxide,0.0007,6.275e-06,7.0,62.75,0.15089310352315147,
p2_bulk_nta_1e18_common_primary,NTA 1e18 common-primary state,top_primary,interface_4x,T03_P2_BULK_TRAPS_FORMAL,enabled_symmetric_teaching_top_stack,0.0,0.01,0.0,0.3,top_oxide,0.0007,6.4e-06,7.0,64.0,0.15966409745770033,
p2_bulk_nta_1e18_common_primary,NTA 1e18 common-primary state,top_primary,interface_4x,T03_P2_BULK_TRAPS_FORMAL,enabled_symmetric_teaching_top_stack,0.0,0.01,0.0,0.3,top_oxide,0.0007,6.9e-06,7.0,69.0,0.1947480731531373,
p2_bulk_nta_1e18_common_primary,NTA 1e18 common-primary state,top_primary,interface_4x,T03_P2_BULK_TRAPS_FORMAL,enabled_symmetric_teaching_top_stack,0.0,0.01,0.0,0.3,top_oxide,0.0007,7.4e-06,7.0,74.0,0.22983204879726393,
p2_bulk_nta_1e18_common_primary,NTA 1e18 common-primary state,top_primary,interface_4x,T03_P2_BULK_TRAPS_FORMAL,enabled_symmetric_teaching_top_stack,0.0,0.01,0.0,0.3,top_oxide,0.0007,7.9e-06,7.0,79.0,0.2649160244071837,
p2_bulk_nta_1e18_common_primary,NTA 1e18 common-primary state,top_primary,interface_4x,T03_P2_BULK_TRAPS_FORMAL,enabled_symmetric_teaching_top_stack,0.0,0.01,0.0,0.3,top_oxide,0.0007,8.400000000000001e-06,7.0,84.00000000000001,0.3,
p2_bulk_nta_1e18_common_primary,NTA 1e18 common-primary state,top_primary,interface_4x,T03_P2_BULK_TRAPS_FORMAL,enabled_symmetric_teaching_top_stack,0.0,0.01,0.0,0.3,top_oxide,0.0007250000000000001,5.4e-06,7.250000000000001,54.0,0.08966585935820907,
p2_bulk_nta_1e18_common_primary,NTA 1e18 common-primary state,top_primary,interface_4x,T03_P2_BULK_TRAPS_FORMAL,enabled_symmetric_teaching_top_stack,0.0,0.01,0.0,0.3,top_oxide,0.0007250000000000001,5.525e-06,7.250000000000001,55.24999999999999,0.09842978193376142,
p2_bulk_nta_1e18_common_primary,NTA 1e18 common-primary state,top_primary,interface_4x,T03_P2_BULK_TRAPS_FORMAL,enabled_symmetric_teaching_top_stack,0.0,0.01,0.0,0.3,top_oxide,0.0007250000000000001,5.65e-06,7.250000000000001,56.5,0.10719370450313975,
p2_bulk_nta_1e18_common_primary,NTA 1e18 common-primary state,top_primary,interface_4x,T03_P2_BULK_TRAPS_FORMAL,enabled_symmetric_teaching_top_stack,0.0,0.01,0.0,0.3,top_oxide,0.0007250000000000001,5.775e-06,7.250000000000001,57.75,0.11595762706661236,
p2_bulk_nta_1e18_common_primary,NTA 1e18 common-primary state,top_primary,interface_4x,T03_P2_BULK_TRAPS_FORMAL,enabled_symmetric_teaching_top_stack,0.0,0.01,0.0,0.3,top_oxide,0.0007250000000000001,5.899999999999999e-06,7.250000000000001,58.99999999999999,0.12472154962444776,
p2_bulk_nta_1e18_common_primary,NTA 1e18 common-primary state,top_primary,interface_4x,T03_P2_BULK_TRAPS_FORMAL,enabled_symmetric_teaching_top_stack,0.0,0.01,0.0,0.3,top_oxide,0.0007250000000000001,6.025e-06,7.250000000000001,60.25,0.13348547217691445,
p2_bulk_nta_1e18_common_primary,NTA 1e18 common-primary state,top_primary,interface_4x,T03_P2_BULK_TRAPS_FORMAL,enabled_symmetric_teaching_top_stack,0.0,0.01,0.0,0.3,top_oxide,0.0007250000000000001,6.1499999999999996e-06,7.250000000000001,61.49999999999999,0.14224939472428075,
p2_bulk_nta_1e18_common_primary,NTA 1e18 common-primary state,top_primary,interface_4x,T03_P2_BULK_TRAPS_FORMAL,enabled_symmetric_teaching_top_stack,0.0,0.01,0.0,0.3,top_oxide,0.0007250000000000001,6.275e-06,7.250000000000001,62.75,0.1510133172668152,
p2_bulk_nta_1e18_common_primary,NTA 1e18 common-primary state,top_primary,interface_4x,T03_P2_BULK_TRAPS_FORMAL,enabled_symmetric_teaching_top_stack,0.0,0.01,0.0,0.3,top_oxide,0.0007250000000000001,6.4e-06,7.250000000000001,64.0,0.15977723980478614,
p2_bulk_nta_1e18_common_primary,NTA 1e18 common-primary state,top_primary,interface_4x,T03_P2_BULK_TRAPS_FORMAL,enabled_symmetric_teaching_top_stack,0.0,0.01,0.0,0.3,top_oxide,0.0007250000000000001,6.9e-06,7.250000000000001,69.0,0.19483292991371987,
p2_bulk_nta_1e18_common_primary,NTA 1e18 common-primary state,top_primary,interface_4x,T03_P2_BULK_TRAPS_FORMAL,enabled_symmetric_teaching_top_stack,0.0,0.01,0.0,0.3,top_oxide,0.0007250000000000001,7.4e-06,7.250000000000001,74.0,0.22988861997111334,
p2_bulk_nta_1e18_common_primary,NTA 1e18 common-primary state,top_primary,interface_4x,T03_P2_BULK_TRAPS_FORMAL,enabled_symmetric_teaching_top_stack,0.0,0.01,0.0,0.3,top_oxide,0.0007250000000000001,7.9e-06,7.250000000000001,79.0,0.2649443099941467,
p2_bulk_nta_1e18_common_primary,NTA 1e18 common-primary state,top_primary,interface_4x,T03_P2_BULK_TRAPS_FORMAL,enabled_symmetric_teaching_top_stack,0.0,0.01,0.0,0.3,top_oxide,0.0007250000000000001,8.400000000000001e-06,7.250000000000001,84.00000000000001,0.3,
p2_bulk_nta_1e18_common_primary,NTA 1e18 common-primary state,top_primary,interface_4x,T03_P2_BULK_TRAPS_FORMAL,enabled_symmetric_teaching_top_stack,0.0,0.01,0.0,0.3,top_oxide,0.00075,5.4e-06,7.5,54.0,0.08983583057834287,
p2_bulk_nta_1e18_common_primary,NTA 1e18 common-primary state,top_primary,interface_4x,T03_P2_BULK_TRAPS_FORMAL,enabled_symmetric_teaching_top_stack,0.0,0.01,0.0,0.3,top_oxide,0.00075,5.525e-06,7.5,55.24999999999999,0.09859267101994232,
p2_bulk_nta_1e18_common_primary,NTA 1e18 common-primary state,top_primary,interface_4x,T03_P2_BULK_TRAPS_FORMAL,enabled_symmetric_teaching_top_stack,0.0,0.01,0.0,0.3,top_oxide,0.00075,5.65e-06,7.5,56.5,0.10734951145533998,
p2_bulk_nta_1e18_common_primary,NTA 1e18 common-primary state,top_primary,interface_4x,T03_P2_BULK_TRAPS_FORMAL,enabled_symmetric_teaching_top_stack,0.0,0.01,0.0,0.3,top_oxide,0.00075,5.775e-06,7.5,57.75,0.1161063518848054,
p2_bulk_nta_1e18_common_primary,NTA 1e18 common-primary state,top_primary,interface_4x,T03_P2_BULK_TRAPS_FORMAL,enabled_symmetric_teaching_top_stack,0.0,0.01,0.0,0.3,top_oxide,0.00075,5.899999999999999e-06,7.5,58.99999999999999,0.12486319230860829,
p2_bulk_nta_1e18_common_primary,NTA 1e18 common-primary state,top_primary,interface_4x,T03_P2_BULK_TRAPS_FORMAL,enabled_symmetric_teaching_top_stack,0.0,0.01,0.0,0.3,top_oxide,0.00075,6.025e-06,7.5,60.25,0.13362003272701833,
p2_bulk_nta_1e18_common_primary,NTA 1e18 common-primary state,top_primary,interface_4x,T03_P2_BULK_TRAPS_FORMAL,enabled_symmetric_teaching_top_stack,0.0,0.01,0.0,0.3,top_oxide,0.00075,6.1499999999999996e-06,7.5,61.49999999999999,0.14237687314030506,
p2_bulk_nta_1e18_common_primary,NTA 1e18 common-primary state,top_primary,interface_4x,T03_P2_BULK_TRAPS_FORMAL,enabled_symmetric_teaching_top_stack,0.0,0.01,0.0,0.3,top_oxide,0.00075,6.275e-06,7.5,62.75,0.15113371354873825,
p2_bulk_nta_1e18_common_primary,NTA 1e18 common-primary state,top_primary,interface_4x,T03_P2_BULK_TRAPS_FORMAL,enabled_symmetric_teaching_top_stack,0.0,0.01,0.0,0.3,top_oxide,0.00075,6.4e-06,7.5,64.0,0.15989055395258742,
p2_bulk_nta_1e18_common_primary,NTA 1e18 common-primary state,top_primary,interface_4x,T03_P2_BULK_TRAPS_FORMAL,enabled_symmetric_teaching_top_stack,0.0,0.01,0.0,0.3,top_oxide,0.00075,6.9e-06,7.5,69.0,0.194917915524841,
p2_bulk_nta_1e18_common_primary,NTA 1e18 common-primary state,top_primary,interface_4x,T03_P2_BULK_TRAPS_FORMAL,enabled_symmetric_teaching_top_stack,0.0,0.01,0.0,0.3,top_oxide,0.00075,7.4e-06,7.5,74.0,0.2299452770453228,
p2_bulk_nta_1e18_common_primary,NTA 1e18 common-primary state,top_primary,interface_4x,T03_P2_BULK_TRAPS_FORMAL,enabled_symmetric_teaching_top_stack,0.0,0.01,0.0,0.3,top_oxide,0.00075,7.9e-06,7.5,79.0,0.26497263853129005,
p2_bulk_nta_1e18_common_primary,NTA 1e18 common-primary state,top_primary,interface_4x,T03_P2_BULK_TRAPS_FORMAL,enabled_symmetric_teaching_top_stack,0.0,0.01,0.0,0.3,top_oxide,0.00075,8.400000000000001e-06,7.5,84.00000000000001,0.3,
p2_bulk_nta_1e18_common_primary,NTA 1e18 common-primary state,top_primary,interface_4x,T03_P2_BULK_TRAPS_FORMAL,enabled_symmetric_teaching_top_stack,0.0,0.01,0.0,0.3,top_oxide,0.000775,5.4e-06,7.75,54.0,0.09000606065753752,
p2_bulk_nta_1e18_common_primary,NTA 1e18 common-primary state,top_primary,interface_4x,T03_P2_BULK_TRAPS_FORMAL,enabled_symmetric_teaching_top_stack,0.0,0.01,0.0,0.3,top_oxide,0.000775,5.525e-06,7.75,55.24999999999999,0.0987558081793915,
p2_bulk_nta_1e18_common_primary,NTA 1e18 common-primary state,top_primary,interface_4x,T03_P2_BULK_TRAPS_FORMAL,enabled_symmetric_teaching_top_stack,0.0,0.01,0.0,0.3,top_oxide,0.000775,5.65e-06,7.75,56.5,0.10750555569501576,
p2_bulk_nta_1e18_common_primary,NTA 1e18 common-primary state,top_primary,interface_4x,T03_P2_BULK_TRAPS_FORMAL,enabled_symmetric_teaching_top_stack,0.0,0.01,0.0,0.3,top_oxide,0.000775,5.775e-06,7.75,57.75,0.11625530320468104,
p2_bulk_nta_1e18_common_primary,NTA 1e18 common-primary state,top_primary,interface_4x,T03_P2_BULK_TRAPS_FORMAL,enabled_symmetric_teaching_top_stack,0.0,0.01,0.0,0.3,top_oxide,0.000775,5.899999999999999e-06,7.75,58.99999999999999,0.12500505070865825,
p2_bulk_nta_1e18_common_primary,NTA 1e18 common-primary state,top_primary,interface_4x,T03_P2_BULK_TRAPS_FORMAL,enabled_symmetric_teaching_top_stack,0.0,0.01,0.0,0.3,top_oxide,0.000775,6.025e-06,7.75,60.25,0.1337547982072183,
p2_bulk_nta_1e18_common_primary,NTA 1e18 common-primary state,top_primary,interface_4x,T03_P2_BULK_TRAPS_FORMAL,enabled_symmetric_teaching_top_stack,0.0,0.01,0.0,0.3,top_oxide,0.000775,6.1499999999999996e-06,7.75,61.49999999999999,0.14250454570063198,
p2_bulk_nta_1e18_common_primary,NTA 1e18 common-primary state,top_primary,interface_4x,T03_P2_BULK_TRAPS_FORMAL,enabled_symmetric_teaching_top_stack,0.0,0.01,0.0,0.3,top_oxide,0.000775,6.275e-06,7.75,62.75,0.15125429318917022,
p2_bulk_nta_1e18_common_primary,NTA 1e18 common-primary state,top_primary,interface_4x,T03_P2_BULK_TRAPS_FORMAL,enabled_symmetric_teaching_top_stack,0.0,0.01,0.0,0.3,top_oxide,0.000775,6.4e-06,7.75,64.0,0.16000404067310378,
p2_bulk_nta_1e18_common_primary,NTA 1e18 common-primary state,top_primary,interface_4x,T03_P2_BULK_TRAPS_FORMAL,enabled_symmetric_teaching_top_stack,0.0,0.01,0.0,0.3,top_oxide,0.000775,6.9e-06,7.75,69.0,0.1950030305655005,
p2_bulk_nta_1e18_common_primary,NTA 1e18 common-primary state,top_primary,interface_4x,T03_P2_BULK_TRAPS_FORMAL,enabled_symmetric_teaching_top_stack,0.0,0.01,0.0,0.3,top_oxide,0.000775,7.4e-06,7.75,74.0,0.23000202040589207,
p2_bulk_nta_1e18_common_primary,NTA 1e18 common-primary state,top_primary,interface_4x,T03_P2_BULK_TRAPS_FORMAL,enabled_symmetric_teaching_top_stack,0.0,0.01,0.0,0.3,top_oxide,0.000775,7.9e-06,7.75,79.0,0.26500101021161354,
p2_bulk_nta_1e18_common_primary,NTA 1e18 common-primary state,top_primary,interface_4x,T03_P2_BULK_TRAPS_FORMAL,enabled_symmetric_teaching_top_stack,0.0,0.01,0.0,0.3,top_oxide,0.000775,8.400000000000001e-06,7.75,84.00000000000001,0.3,
p2_bulk_nta_1e18_common_primary,NTA 1e18 common-primary state,top_primary,interface_4x,T03_P2_BULK_TRAPS_FORMAL,enabled_symmetric_teaching_top_stack,0.0,0.01,0.0,0.3,top_oxide,0.0008,5.4e-06,8.0,54.0,0.09017655076246706,
p2_bulk_nta_1e18_common_primary,NTA 1e18 common-primary state,top_primary,interface_4x,T03_P2_BULK_TRAPS_FORMAL,enabled_symmetric_teaching_top_stack,0.0,0.01,0.0,0.3,top_oxide,0.0008,5.525e-06,8.0,55.24999999999999,0.09891919453017162,
p2_bulk_nta_1e18_common_primary,NTA 1e18 common-primary state,top_primary,interface_4x,T03_P2_BULK_TRAPS_FORMAL,enabled_symmetric_teaching_top_stack,0.0,0.01,0.0,0.3,top_oxide,0.0008,5.65e-06,8.0,56.5,0.1076618382916183,
p2_bulk_nta_1e18_common_primary,NTA 1e18 common-primary state,top_primary,interface_4x,T03_P2_BULK_TRAPS_FORMAL,enabled_symmetric_teaching_top_stack,0.0,0.01,0.0,0.3,top_oxide,0.0008,5.775e-06,8.0,57.75,0.11640448204707904,
p2_bulk_nta_1e18_common_primary,NTA 1e18 common-primary state,top_primary,interface_4x,T03_P2_BULK_TRAPS_FORMAL,enabled_symmetric_teaching_top_stack,0.0,0.01,0.0,0.3,top_oxide,0.0008,5.899999999999999e-06,8.0,58.99999999999999,0.12514712579682602,
p2_bulk_nta_1e18_common_primary,NTA 1e18 common-primary state,top_primary,interface_4x,T03_P2_BULK_TRAPS_FORMAL,enabled_symmetric_teaching_top_stack,0.0,0.01,0.0,0.3,top_oxide,0.0008,6.025e-06,8.0,60.25,0.13388976954113135,
p2_bulk_nta_1e18_common_primary,NTA 1e18 common-primary state,top_primary,interface_4x,T03_P2_BULK_TRAPS_FORMAL,enabled_symmetric_teaching_top_stack,0.0,0.01,0.0,0.3,top_oxide,0.0008,6.1499999999999996e-06,8.0,61.49999999999999,0.14263241328026705,
p2_bulk_nta_1e18_common_primary,NTA 1e18 common-primary state,top_primary,interface_4x,T03_P2_BULK_TRAPS_FORMAL,enabled_symmetric_teaching_top_stack,0.0,0.01,0.0,0.3,top_oxide,0.0008,6.275e-06,8.0,62.75,0.15137505701450524,
p2_bulk_nta_1e18_common_primary,NTA 1e18 common-primary state,top_primary,interface_4x,T03_P2_BULK_TRAPS_FORMAL,enabled_symmetric_teaching_top_stack,0.0,0.01,0.0,0.3,top_oxide,0.0008,6.4e-06,8.0,64.0,0.16011770074411796,
p2_bulk_nta_1e18_common_primary,NTA 1e18 common-primary state,top_primary,interface_4x,T03_P2_BULK_TRAPS_FORMAL,enabled_symmetric_teaching_top_stack,0.0,0.01,0.0,0.3,top_oxide,0.0008,6.9e-06,8.0,69.0,0.1950882756190354,
p2_bulk_nta_1e18_common_primary,NTA 1e18 common-primary state,top_primary,interface_4x,T03_P2_BULK_TRAPS_FORMAL,enabled_symmetric_teaching_top_stack,0.0,0.01,0.0,0.3,top_oxide,0.0008,7.4e-06,8.0,74.0,0.23005885044171262,
p2_bulk_nta_1e18_common_primary,NTA 1e18 common-primary state,top_primary,interface_4x,T03_P2_BULK_TRAPS_FORMAL,enabled_symmetric_teaching_top_stack,0.0,0.01,0.0,0.3,top_oxide,0.0008,7.9e-06,8.0,79.0,0.265029425229563,
p2_bulk_nta_1e18_common_primary,NTA 1e18 common-primary state,top_primary,interface_4x,T03_P2_BULK_TRAPS_FORMAL,enabled_symmetric_teaching_top_stack,0.0,0.01,0.0,0.3,top_oxide,0.0008,8.400000000000001e-06,8.0,84.00000000000001,0.3,
p2_bulk_nta_1e18_common_primary,NTA 1e18 common-primary state,top_primary,interface_4x,T03_P2_BULK_TRAPS_FORMAL,enabled_symmetric_teaching_top_stack,0.0,0.01,0.0,0.3,top_oxide,0.000825,5.4e-06,8.25,54.0,0.09034730206857113,
p2_bulk_nta_1e18_common_primary,NTA 1e18 common-primary state,top_primary,interface_4x,T03_P2_BULK_TRAPS_FORMAL,enabled_symmetric_teaching_top_stack,0.0,0.01,0.0,0.3,top_oxide,0.000825,5.525e-06,8.25,55.24999999999999,0.09908283119874567,
p2_bulk_nta_1e18_common_primary,NTA 1e18 common-primary state,top_primary,interface_4x,T03_P2_BULK_TRAPS_FORMAL,enabled_symmetric_teaching_top_stack,0.0,0.01,0.0,0.3,top_oxide,0.000825,5.65e-06,8.25,56.5,0.10781836032263394,
p2_bulk_nta_1e18_common_primary,NTA 1e18 common-primary state,top_primary,interface_4x,T03_P2_BULK_TRAPS_FORMAL,enabled_symmetric_teaching_top_stack,0.0,0.01,0.0,0.3,top_oxide,0.000825,5.775e-06,8.25,57.75,0.11655388944050915,
p2_bulk_nta_1e18_common_primary,NTA 1e18 common-primary state,top_primary,interface_4x,T03_P2_BULK_TRAPS_FORMAL,enabled_symmetric_teaching_top_stack,0.0,0.01,0.0,0.3,top_oxide,0.000825,5.899999999999999e-06,8.25,58.99999999999999,0.1252894185526447,
p2_bulk_nta_1e18_common_primary,NTA 1e18 common-primary state,top_primary,interface_4x,T03_P2_BULK_TRAPS_FORMAL,enabled_symmetric_teaching_top_stack,0.0,0.01,0.0,0.3,top_oxide,0.000825,6.025e-06,8.25,60.25,0.13402494765931391,
p2_bulk_nta_1e18_common_primary,NTA 1e18 common-primary state,top_primary,interface_4x,T03_P2_BULK_TRAPS_FORMAL,enabled_symmetric_teaching_top_stack,0.0,0.01,0.0,0.3,top_oxide,0.000825,6.1499999999999996e-06,8.25,61.49999999999999,0.14276047676079004,
p2_bulk_nta_1e18_common_primary,NTA 1e18 common-primary state,top_primary,interface_4x,T03_P2_BULK_TRAPS_FORMAL,enabled_symmetric_teaching_top_stack,0.0,0.01,0.0,0.3,top_oxide,0.000825,6.275e-06,8.25,62.75,0.1514960058573465,
p2_bulk_nta_1e18_common_primary,NTA 1e18 common-primary state,top_primary,interface_4x,T03_P2_BULK_TRAPS_FORMAL,enabled_symmetric_teaching_top_stack,0.0,0.01,0.0,0.3,top_oxide,0.000825,6.4e-06,8.25,64.0,0.1602315349492565,
p2_bulk_nta_1e18_common_primary,NTA 1e18 common-primary state,top_primary,interface_4x,T03_P2_BULK_TRAPS_FORMAL,enabled_symmetric_teaching_top_stack,0.0,0.01,0.0,0.3,top_oxide,0.000825,6.9e-06,8.25,69.0,0.19517365127316563,
p2_bulk_nta_1e18_common_primary,NTA 1e18 common-primary state,top_primary,interface_4x,T03_P2_BULK_TRAPS_FORMAL,enabled_symmetric_teaching_top_stack,0.0,0.01,0.0,0.3,top_oxide,0.000825,7.4e-06,8.25,74.0,0.2301157675445977,
p2_bulk_nta_1e18_common_primary,NTA 1e18 common-primary state,top_primary,interface_4x,T03_P2_BULK_TRAPS_FORMAL,enabled_symmetric_teaching_top_stack,0.0,0.01,0.0,0.3,top_oxide,0.000825,7.9e-06,8.25,79.0,0.26505788378104506,
p2_bulk_nta_1e18_common_primary,NTA 1e18 common-primary state,top_primary,interface_4x,T03_P2_BULK_TRAPS_FORMAL,enabled_symmetric_teaching_top_stack,0.0,0.01,0.0,0.3,top_oxide,0.000825,8.400000000000001e-06,8.25,84.00000000000001,0.3,
p2_bulk_nta_1e18_common_primary,NTA 1e18 common-primary state,top_primary,interface_4x,T03_P2_BULK_TRAPS_FORMAL,enabled_symmetric_teaching_top_stack,0.0,0.01,0.0,0.3,top_oxide,0.0008500000000000001,5.4e-06,8.5,54.0,0.09051831576014778,
p2_bulk_nta_1e18_common_primary,NTA 1e18 common-primary state,top_primary,interface_4x,T03_P2_BULK_TRAPS_FORMAL,enabled_symmetric_teaching_top_stack,0.0,0.01,0.0,0.3,top_oxide,0.0008500000000000001,5.525e-06,8.5,55.24999999999999,0.09924671932006597,
p2_bulk_nta_1e18_common_primary,NTA 1e18 common-primary state,top_primary,interface_4x,T03_P2_BULK_TRAPS_FORMAL,enabled_symmetric_teaching_top_stack,0.0,0.01,0.0,0.3,top_oxide,0.0008500000000000001,5.65e-06,8.5,56.5,0.10797512287366931,
p2_bulk_nta_1e18_common_primary,NTA 1e18 common-primary state,top_primary,interface_4x,T03_P2_BULK_TRAPS_FORMAL,enabled_symmetric_teaching_top_stack,0.0,0.01,0.0,0.3,top_oxide,0.0008500000000000001,5.775e-06,8.5,57.75,0.11670352642123226,
p2_bulk_nta_1e18_common_primary,NTA 1e18 common-primary state,top_primary,interface_4x,T03_P2_BULK_TRAPS_FORMAL,enabled_symmetric_teaching_top_stack,0.0,0.01,0.0,0.3,top_oxide,0.0008500000000000001,5.899999999999999e-06,8.5,58.99999999999999,0.1254319299630294,
p2_bulk_nta_1e18_common_primary,NTA 1e18 common-primary state,top_primary,interface_4x,T03_P2_BULK_TRAPS_FORMAL,enabled_symmetric_teaching_top_stack,0.0,0.01,0.0,0.3,top_oxide,0.0008500000000000001,6.025e-06,8.5,60.25,0.1341603334993354,
p2_bulk_nta_1e18_common_primary,NTA 1e18 common-primary state,top_primary,interface_4x,T03_P2_BULK_TRAPS_FORMAL,enabled_symmetric_teaching_top_stack,0.0,0.01,0.0,0.3,top_oxide,0.0008500000000000001,6.1499999999999996e-06,8.5,61.49999999999999,0.14288873703042465,
p2_bulk_nta_1e18_common_primary,NTA 1e18 common-primary state,top_primary,interface_4x,T03_P2_BULK_TRAPS_FORMAL,enabled_symmetric_teaching_top_stack,0.0,0.01,0.0,0.3,top_oxide,0.0008500000000000001,6.275e-06,8.5,62.75,0.15161714055657188,
p2_bulk_nta_1e18_common_primary,NTA 1e18 common-primary state,top_primary,interface_4x,T03_P2_BULK_TRAPS_FORMAL,enabled_symmetric_teaching_top_stack,0.0,0.01,0.0,0.3,top_oxide,0.0008500000000000001,6.4e-06,8.5,64.0,0.16034554407805152,
p2_bulk_nta_1e18_common_primary,NTA 1e18 common-primary state,top_primary,interface_4x,T03_P2_BULK_TRAPS_FORMAL,enabled_symmetric_teaching_top_stack,0.0,0.01,0.0,0.3,top_oxide,0.0008500000000000001,6.9e-06,8.5,69.0,0.19525915812004033,
p2_bulk_nta_1e18_common_primary,NTA 1e18 common-primary state,top_primary,interface_4x,T03_P2_BULK_TRAPS_FORMAL,enabled_symmetric_teaching_top_stack,0.0,0.01,0.0,0.3,top_oxide,0.0008500000000000001,7.4e-06,8.5,74.0,0.23017277210931342,
p2_bulk_nta_1e18_common_primary,NTA 1e18 common-primary state,top_primary,interface_4x,T03_P2_BULK_TRAPS_FORMAL,enabled_symmetric_teaching_top_stack,0.0,0.01,0.0,0.3,top_oxide,0.0008500000000000001,7.9e-06,8.5,79.0,0.26508638606344265,
p2_bulk_nta_1e18_common_primary,NTA 1e18 common-primary state,top_primary,interface_4x,T03_P2_BULK_TRAPS_FORMAL,enabled_symmetric_teaching_top_stack,0.0,0.01,0.0,0.3,top_oxide,0.0008500000000000001,8.400000000000001e-06,8.5,84.00000000000001,0.3,
p2_bulk_nta_1e18_common_primary,NTA 1e18 common-primary state,top_primary,interface_4x,T03_P2_BULK_TRAPS_FORMAL,enabled_symmetric_teaching_top_stack,0.0,0.01,0.0,0.3,top_oxide,0.0008750000000000001,5.4e-06,8.750000000000002,54.0,0.09068959303044825,
p2_bulk_nta_1e18_common_primary,NTA 1e18 common-primary state,top_primary,interface_4x,T03_P2_BULK_TRAPS_FORMAL,enabled_symmetric_teaching_top_stack,0.0,0.01,0.0,0.3,top_oxide,0.0008750000000000001,5.525e-06,8.750000000000002,55.24999999999999,0.09941086003766543,
p2_bulk_nta_1e18_common_primary,NTA 1e18 common-primary state,top_primary,interface_4x,T03_P2_BULK_TRAPS_FORMAL,enabled_symmetric_teaching_top_stack,0.0,0.01,0.0,0.3,top_oxide,0.0008750000000000001,5.65e-06,8.750000000000002,56.5,0.10813212703853893,
p2_bulk_nta_1e18_common_primary,NTA 1e18 common-primary state,top_primary,interface_4x,T03_P2_BULK_TRAPS_FORMAL,enabled_symmetric_teaching_top_stack,0.0,0.01,0.0,0.3,top_oxide,0.0008750000000000001,5.775e-06,8.750000000000002,57.75,0.11685339403334444,
p2_bulk_nta_1e18_common_primary,NTA 1e18 common-primary state,top_primary,interface_4x,T03_P2_BULK_TRAPS_FORMAL,enabled_symmetric_teaching_top_stack,0.0,0.01,0.0,0.3,top_oxide,0.0008750000000000001,5.899999999999999e-06,8.750000000000002,58.99999999999999,0.12557466102235784,
p2_bulk_nta_1e18_common_primary,NTA 1e18 common-primary state,top_primary,interface_4x,T03_P2_BULK_TRAPS_FORMAL,enabled_symmetric_teaching_top_stack,0.0,0.01,0.0,0.3,top_oxide,0.0008750000000000001,6.025e-06,8.750000000000002,60.25,0.134295928005855,
p2_bulk_nta_1e18_common_primary,NTA 1e18 common-primary state,top_primary,interface_4x,T03_P2_BULK_TRAPS_FORMAL,enabled_symmetric_teaching_top_stack,0.0,0.01,0.0,0.3,top_oxide,0.0008750000000000001,6.1499999999999996e-06,8.750000000000002,61.49999999999999,0.14301719498411156,
p2_bulk_nta_1e18_common_primary,NTA 1e18 common-primary state,top_primary,interface_4x,T03_P2_BULK_TRAPS_FORMAL,enabled_symmetric_teaching_top_stack,0.0,0.01,0.0,0.3,top_oxide,0.0008750000000000001,6.275e-06,8.750000000000002,62.75,0.1517384619574035,
p2_bulk_nta_1e18_common_primary,NTA 1e18 common-primary state,top_primary,interface_4x,T03_P2_BULK_TRAPS_FORMAL,enabled_symmetric_teaching_top_stack,0.0,0.01,0.0,0.3,top_oxide,0.0008750000000000001,6.4e-06,8.750000000000002,64.0,0.16045972892600655,
p2_bulk_nta_1e18_common_primary,NTA 1e18 common-primary state,top_primary,interface_4x,T03_P2_BULK_TRAPS_FORMAL,enabled_symmetric_teaching_top_stack,0.0,0.01,0.0,0.3,top_oxide,0.0008750000000000001,6.9e-06,8.750000000000002,69.0,0.1953447967562881,
p2_bulk_nta_1e18_common_primary,NTA 1e18 common-primary state,top_primary,interface_4x,T03_P2_BULK_TRAPS_FORMAL,enabled_symmetric_teaching_top_stack,0.0,0.01,0.0,0.3,top_oxide,0.0008750000000000001,7.4e-06,8.750000000000002,74.0,0.2302298645336127,
p2_bulk_nta_1e18_common_primary,NTA 1e18 common-primary state,top_primary,interface_4x,T03_P2_BULK_TRAPS_FORMAL,enabled_symmetric_teaching_top_stack,0.0,0.01,0.0,0.3,top_oxide,0.0008750000000000001,7.9e-06,8.750000000000002,79.0,0.26511493227563254,
p2_bulk_nta_1e18_common_primary,NTA 1e18 common-primary state,top_primary,interface_4x,T03_P2_BULK_TRAPS_FORMAL,enabled_symmetric_teaching_top_stack,0.0,0.01,0.0,0.3,top_oxide,0.0008750000000000001,8.400000000000001e-06,8.750000000000002,84.00000000000001,0.3,
p2_bulk_nta_1e18_common_primary,NTA 1e18 common-primary state,top_primary,interface_4x,T03_P2_BULK_TRAPS_FORMAL,enabled_symmetric_teaching_top_stack,0.0,0.01,0.0,0.3,top_oxide,0.0009000000000000001,5.4e-06,9.0,54.0,0.0908611350826191,
p2_bulk_nta_1e18_common_primary,NTA 1e18 common-primary state,top_primary,interface_4x,T03_P2_BULK_TRAPS_FORMAL,enabled_symmetric_teaching_top_stack,0.0,0.01,0.0,0.3,top_oxide,0.0009000000000000001,5.525e-06,9.0,55.24999999999999,0.09957525450478419,
p2_bulk_nta_1e18_common_primary,NTA 1e18 common-primary state,top_primary,interface_4x,T03_P2_BULK_TRAPS_FORMAL,enabled_symmetric_teaching_top_stack,0.0,0.01,0.0,0.3,top_oxide,0.0009000000000000001,5.65e-06,9.0,56.5,0.10828937392056329,
p2_bulk_nta_1e18_common_primary,NTA 1e18 common-primary state,top_primary,interface_4x,T03_P2_BULK_TRAPS_FORMAL,enabled_symmetric_teaching_top_stack,0.0,0.01,0.0,0.3,top_oxide,0.0009000000000000001,5.775e-06,9.0,57.75,0.11700349333023119,
p2_bulk_nta_1e18_common_primary,NTA 1e18 common-primary state,top_primary,interface_4x,T03_P2_BULK_TRAPS_FORMAL,enabled_symmetric_teaching_top_stack,0.0,0.01,0.0,0.3,top_oxide,0.0009000000000000001,5.899999999999999e-06,9.0,58.99999999999999,0.12571761273406307,
p2_bulk_nta_1e18_common_primary,NTA 1e18 common-primary state,top_primary,interface_4x,T03_P2_BULK_TRAPS_FORMAL,enabled_symmetric_teaching_top_stack,0.0,0.01,0.0,0.3,top_oxide,0.0009000000000000001,6.025e-06,9.0,60.25,0.13443173213233434,
p2_bulk_nta_1e18_common_primary,NTA 1e18 common-primary state,top_primary,interface_4x,T03_P2_BULK_TRAPS_FORMAL,enabled_symmetric_teaching_top_stack,0.0,0.01,0.0,0.3,top_oxide,0.0009000000000000001,6.1499999999999996e-06,9.0,61.49999999999999,0.1431458515253204,
p2_bulk_nta_1e18_common_primary,NTA 1e18 common-primary state,top_primary,interface_4x,T03_P2_BULK_TRAPS_FORMAL,enabled_symmetric_teaching_top_stack,0.0,0.01,0.0,0.3,top_oxide,0.0009000000000000001,6.275e-06,9.0,62.75,0.15185997091329717,
p2_bulk_nta_1e18_common_primary,NTA 1e18 common-primary state,top_primary,interface_4x,T03_P2_BULK_TRAPS_FORMAL,enabled_symmetric_teaching_top_stack,0.0,0.01,0.0,0.3,top_oxide,0.0009000000000000001,6.4e-06,9.0,64.0,0.16057409029654066,
p2_bulk_nta_1e18_common_primary,NTA 1e18 common-primary state,top_primary,interface_4x,T03_P2_BULK_TRAPS_FORMAL,enabled_symmetric_teaching_top_stack,0.0,0.01,0.0,0.3,top_oxide,0.0009000000000000001,6.9e-06,9.0,69.0,0.195430567784946,
p2_bulk_nta_1e18_common_primary,NTA 1e18 common-primary state,top_primary,interface_4x,T03_P2_BULK_TRAPS_FORMAL,enabled_symmetric_teaching_top_stack,0.0,0.01,0.0,0.3,top_oxide,0.0009000000000000001,7.4e-06,9.0,74.0,0.23028704521977553,
p2_bulk_nta_1e18_common_primary,NTA 1e18 common-primary state,top_primary,interface_4x,T03_P2_BULK_TRAPS_FORMAL,enabled_symmetric_teaching_top_stack,0.0,0.01,0.0,0.3,top_oxide,0.0009000000000000001,7.9e-06,9.0,79.0,0.2651435226188377,
p2_bulk_nta_1e18_common_primary,NTA 1e18 common-primary state,top_primary,interface_4x,T03_P2_BULK_TRAPS_FORMAL,enabled_symmetric_teaching_top_stack,0.0,0.01,0.0,0.3,top_oxide,0.0009000000000000001,8.400000000000001e-06,9.0,84.00000000000001,0.3,
p2_bulk_nta_1e18_common_primary,NTA 1e18 common-primary state,top_primary,interface_4x,T03_P2_BULK_TRAPS_FORMAL,enabled_symmetric_teaching_top_stack,0.0,0.01,0.0,0.3,top_oxide,0.0009249999999999999,5.4e-06,9.25,54.0,0.09103294356750015,
p2_bulk_nta_1e18_common_primary,NTA 1e18 common-primary state,top_primary,interface_4x,T03_P2_BULK_TRAPS_FORMAL,enabled_symmetric_teaching_top_stack,0.0,0.01,0.0,0.3,top_oxide,0.0009249999999999999,5.525e-06,9.25,55.24999999999999,0.09973990441400507,
p2_bulk_nta_1e18_common_primary,NTA 1e18 common-primary state,top_primary,interface_4x,T03_P2_BULK_TRAPS_FORMAL,enabled_symmetric_teaching_top_stack,0.0,0.01,0.0,0.3,top_oxide,0.0009249999999999999,5.65e-06,9.25,56.5,0.1084468652477309,
p2_bulk_nta_1e18_common_primary,NTA 1e18 common-primary state,top_primary,interface_4x,T03_P2_BULK_TRAPS_FORMAL,enabled_symmetric_teaching_top_stack,0.0,0.01,0.0,0.3,top_oxide,0.0009249999999999999,5.775e-06,9.25,57.75,0.11715382606783435,
p2_bulk_nta_1e18_common_primary,NTA 1e18 common-primary state,top_primary,interface_4x,T03_P2_BULK_TRAPS_FORMAL,enabled_symmetric_teaching_top_stack,0.0,0.01,0.0,0.3,top_oxide,0.0009249999999999999,5.899999999999999e-06,9.25,58.99999999999999,0.12586078687356902,
p2_bulk_nta_1e18_common_primary,NTA 1e18 common-primary state,top_primary,interface_4x,T03_P2_BULK_TRAPS_FORMAL,enabled_symmetric_teaching_top_stack,0.0,0.01,0.0,0.3,top_oxide,0.0009249999999999999,6.025e-06,9.25,60.25,0.13456774766430113,
p2_bulk_nta_1e18_common_primary,NTA 1e18 common-primary state,top_primary,interface_4x,T03_P2_BULK_TRAPS_FORMAL,enabled_symmetric_teaching_top_stack,0.0,0.01,0.0,0.3,top_oxide,0.0009249999999999999,6.1499999999999996e-06,9.25,61.49999999999999,0.14327470843952217,
p2_bulk_nta_1e18_common_primary,NTA 1e18 common-primary state,top_primary,interface_4x,T03_P2_BULK_TRAPS_FORMAL,enabled_symmetric_teaching_top_stack,0.0,0.01,0.0,0.3,top_oxide,0.0009249999999999999,6.275e-06,9.25,62.75,0.15198166919885994,
p2_bulk_nta_1e18_common_primary,NTA 1e18 common-primary state,top_primary,interface_4x,T03_P2_BULK_TRAPS_FORMAL,enabled_symmetric_teaching_top_stack,0.0,0.01,0.0,0.3,top_oxide,0.0009249999999999999,6.4e-06,9.25,64.0,0.16068862994208563,
p2_bulk_nta_1e18_common_primary,NTA 1e18 common-primary state,top_primary,interface_4x,T03_P2_BULK_TRAPS_FORMAL,enabled_symmetric_teaching_top_stack,0.0,0.01,0.0,0.3,top_oxide,0.0009249999999999999,6.9e-06,9.25,69.0,0.19551647275307413,
p2_bulk_nta_1e18_common_primary,NTA 1e18 common-primary state,top_primary,interface_4x,T03_P2_BULK_TRAPS_FORMAL,enabled_symmetric_teaching_top_stack,0.0,0.01,0.0,0.3,top_oxide,0.0009249999999999999,7.4e-06,9.25,74.0,0.230344315324291,
p2_bulk_nta_1e18_common_primary,NTA 1e18 common-primary state,top_primary,interface_4x,T03_P2_BULK_TRAPS_FORMAL,enabled_symmetric_teaching_top_stack,0.0,0.01,0.0,0.3,top_oxide,0.0009249999999999999,7.9e-06,9.25,79.0,0.2651721577118479,
p2_bulk_nta_1e18_common_primary,NTA 1e18 common-primary state,top_primary,interface_4x,T03_P2_BULK_TRAPS_FORMAL,enabled_symmetric_teaching_top_stack,0.0,0.01,0.0,0.3,top_oxide,0.0009249999999999999,8.400000000000001e-06,9.25,84.00000000000001,0.3,
p2_bulk_nta_1e18_common_primary,NTA 1e18 common-primary state,top_primary,interface_4x,T03_P2_BULK_TRAPS_FORMAL,enabled_symmetric_teaching_top_stack,0.0,0.01,0.0,0.3,top_oxide,0.00095,5.4e-06,9.5,54.0,0.0912052263711436,
p2_bulk_nta_1e18_common_primary,NTA 1e18 common-primary state,top_primary,interface_4x,T03_P2_BULK_TRAPS_FORMAL,enabled_symmetric_teaching_top_stack,0.0,0.01,0.0,0.3,top_oxide,0.00095,5.525e-06,9.5,55.24999999999999,0.09990506548864136,
p2_bulk_nta_1e18_common_primary,NTA 1e18 common-primary state,top_primary,interface_4x,T03_P2_BULK_TRAPS_FORMAL,enabled_symmetric_teaching_top_stack,0.0,0.01,0.0,0.3,top_oxide,0.00095,5.65e-06,9.5,56.5,0.10860490146777951,
p2_bulk_nta_1e18_common_primary,NTA 1e18 common-primary state,top_primary,interface_4x,T03_P2_BULK_TRAPS_FORMAL,enabled_symmetric_teaching_top_stack,0.0,0.01,0.0,0.3,top_oxide,0.00095,5.775e-06,9.5,57.75,0.11730473355621095,
p2_bulk_nta_1e18_common_primary,NTA 1e18 common-primary state,top_primary,interface_4x,T03_P2_BULK_TRAPS_FORMAL,enabled_symmetric_teaching_top_stack,0.0,0.01,0.0,0.3,top_oxide,0.00095,5.899999999999999e-06,9.5,58.99999999999999,0.12600456111938954,
p2_bulk_nta_1e18_common_primary,NTA 1e18 common-primary state,top_primary,interface_4x,T03_P2_BULK_TRAPS_FORMAL,enabled_symmetric_teaching_top_stack,0.0,0.01,0.0,0.3,top_oxide,0.00095,6.025e-06,9.5,60.25,0.13470438363509343,
p2_bulk_nta_1e18_common_primary,NTA 1e18 common-primary state,top_primary,interface_4x,T03_P2_BULK_TRAPS_FORMAL,enabled_symmetric_teaching_top_stack,0.0,0.01,0.0,0.3,top_oxide,0.00095,6.1499999999999996e-06,9.5,61.49999999999999,0.14340420068796514,
p2_bulk_nta_1e18_common_primary,NTA 1e18 common-primary state,top_primary,interface_4x,T03_P2_BULK_TRAPS_FORMAL,enabled_symmetric_teaching_top_stack,0.0,0.01,0.0,0.3,top_oxide,0.00095,6.275e-06,9.5,62.75,0.15210401196406817,
p2_bulk_nta_1e18_common_primary,NTA 1e18 common-primary state,top_primary,interface_4x,T03_P2_BULK_TRAPS_FORMAL,enabled_symmetric_teaching_top_stack,0.0,0.01,0.0,0.3,top_oxide,0.00095,6.4e-06,9.5,64.0,0.16080381724545834,
p2_bulk_nta_1e18_common_primary,NTA 1e18 common-primary state,top_primary,interface_4x,T03_P2_BULK_TRAPS_FORMAL,enabled_symmetric_teaching_top_stack,0.0,0.01,0.0,0.3,top_oxide,0.00095,6.9e-06,9.5,69.0,0.19560297715023403,
p2_bulk_nta_1e18_common_primary,NTA 1e18 common-primary state,top_primary,interface_4x,T03_P2_BULK_TRAPS_FORMAL,enabled_symmetric_teaching_top_stack,0.0,0.01,0.0,0.3,top_oxide,0.00095,7.4e-06,9.5,74.0,0.23040204457884078,
p2_bulk_nta_1e18_common_primary,NTA 1e18 common-primary state,top_primary,interface_4x,T03_P2_BULK_TRAPS_FORMAL,enabled_symmetric_teaching_top_stack,0.0,0.01,0.0,0.3,top_oxide,0.00095,7.9e-06,9.5,79.0,0.26520104131676914,
p2_bulk_nta_1e18_common_primary,NTA 1e18 common-primary state,top_primary,interface_4x,T03_P2_BULK_TRAPS_FORMAL,enabled_symmetric_teaching_top_stack,0.0,0.01,0.0,0.3,top_oxide,0.00095,8.400000000000001e-06,9.5,84.00000000000001,0.3,
p2_bulk_nta_1e18_common_primary,NTA 1e18 common-primary state,top_primary,interface_4x,T03_P2_BULK_TRAPS_FORMAL,enabled_symmetric_teaching_top_stack,0.0,0.01,0.0,0.3,top_oxide,0.000975,5.4e-06,9.75,54.0,0.09146801787581543,
p2_bulk_nta_1e18_common_primary,NTA 1e18 common-primary state,top_primary,interface_4x,T03_P2_BULK_TRAPS_FORMAL,enabled_symmetric_teaching_top_stack,0.0,0.01,0.0,0.3,top_oxide,0.000975,5.525e-06,9.75,55.24999999999999,0.100195760950051,
p2_bulk_nta_1e18_common_primary,NTA 1e18 common-primary state,top_primary,interface_4x,T03_P2_BULK_TRAPS_FORMAL,enabled_symmetric_teaching_top_stack,0.0,0.01,0.0,0.3,top_oxide,0.000975,5.65e-06,9.75,56.5,0.10891856595474016,
p2_bulk_nta_1e18_common_primary,NTA 1e18 common-primary state,top_primary,interface_4x,T03_P2_BULK_TRAPS_FORMAL,enabled_symmetric_teaching_top_stack,0.0,0.01,0.0,0.3,top_oxide,0.000975,5.775e-06,9.75,57.75,0.11763665115788165,
p2_bulk_nta_1e18_common_primary,NTA 1e18 common-primary state,top_primary,interface_4x,T03_P2_BULK_TRAPS_FORMAL,enabled_symmetric_teaching_top_stack,0.0,0.01,0.0,0.3,top_oxide,0.000975,5.899999999999999e-06,9.75,58.99999999999999,0.12635023435519946,
p2_bulk_nta_1e18_common_primary,NTA 1e18 common-primary state,top_primary,interface_4x,T03_P2_BULK_TRAPS_FORMAL,enabled_symmetric_teaching_top_stack,0.0,0.01,0.0,0.3,top_oxide,0.000975,6.025e-06,9.75,60.25,0.13505953289191516,
p2_bulk_nta_1e18_common_primary,NTA 1e18 common-primary state,top_primary,interface_4x,T03_P2_BULK_TRAPS_FORMAL,enabled_symmetric_teaching_top_stack,0.0,0.01,0.0,0.3,top_oxide,0.000975,6.1499999999999996e-06,9.75,61.49999999999999,0.14376476368447827,
p2_bulk_nta_1e18_common_primary,NTA 1e18 common-primary state,top_primary,interface_4x,T03_P2_BULK_TRAPS_FORMAL,enabled_symmetric_teaching_top_stack,0.0,0.01,0.0,0.3,top_oxide,0.000975,6.275e-06,9.75,62.75,0.1524661432422567,
p2_bulk_nta_1e18_common_primary,NTA 1e18 common-primary state,top_primary,interface_4x,T03_P2_BULK_TRAPS_FORMAL,enabled_symmetric_teaching_top_stack,0.0,0.01,0.0,0.3,top_oxide,0.000975,6.4e-06,9.75,64.0,0.1611638876891884,
p2_bulk_nta_1e18_common_primary,NTA 1e18 common-primary state,top_primary,interface_4x,T03_P2_BULK_TRAPS_FORMAL,enabled_symmetric_teaching_top_stack,0.0,0.01,0.0,0.3,top_oxide,0.000975,6.9e-06,9.75,69.0,0.19592067196969012,
p2_bulk_nta_1e18_common_primary,NTA 1e18 common-primary state,top_primary,interface_4x,T03_P2_BULK_TRAPS_FORMAL,enabled_symmetric_teaching_top_stack,0.0,0.01,0.0,0.3,top_oxide,0.000975,7.4e-06,9.75,74.0,0.230636500529441,
p2_bulk_nta_1e18_common_primary,NTA 1e18 common-primary state,top_primary,interface_4x,T03_P2_BULK_TRAPS_FORMAL,enabled_symmetric_teaching_top_stack,0.0,0.01,0.0,0.3,top_oxide,0.000975,7.9e-06,9.75,79.0,0.2653250616654254,
p2_bulk_nta_1e18_common_primary,NTA 1e18 common-primary state,top_primary,interface_4x,T03_P2_BULK_TRAPS_FORMAL,enabled_symmetric_teaching_top_stack,0.0,0.01,0.0,0.3,top_oxide,0.000975,8.400000000000001e-06,9.75,84.00000000000001,0.3,
p2_bulk_nta_1e18_common_primary,NTA 1e18 common-primary state,top_primary,interface_4x,T03_P2_BULK_TRAPS_FORMAL,enabled_symmetric_teaching_top_stack,0.0,0.01,0.0,0.3,top_oxide,0.001,5.4e-06,10.0,54.0,0.29800407486909924,
p2_bulk_nta_1e18_common_primary,NTA 1e18 common-primary state,top_primary,interface_4x,T03_P2_BULK_TRAPS_FORMAL,enabled_symmetric_teaching_top_stack,0.0,0.01,0.0,0.3,top_oxide,0.001,5.525e-06,10.0,55.24999999999999,0.29800923827052406,
p2_bulk_nta_1e18_common_primary,NTA 1e18 common-primary state,top_primary,interface_4x,T03_P2_BULK_TRAPS_FORMAL,enabled_symmetric_teaching_top_stack,0.0,0.01,0.0,0.3,top_oxide,0.001,5.65e-06,10.0,56.5,0.2980242923458149,
p2_bulk_nta_1e18_common_primary,NTA 1e18 common-primary state,top_primary,interface_4x,T03_P2_BULK_TRAPS_FORMAL,enabled_symmetric_teaching_top_stack,0.0,0.01,0.0,0.3,top_oxide,0.001,5.775e-06,10.0,57.75,0.2980488017074253,
p2_bulk_nta_1e18_common_primary,NTA 1e18 common-primary state,top_primary,interface_4x,T03_P2_BULK_TRAPS_FORMAL,enabled_symmetric_teaching_top_stack,0.0,0.01,0.0,0.3,top_oxide,0.001,5.899999999999999e-06,10.0,58.99999999999999,0.29808233167656323,
p2_bulk_nta_1e18_common_primary,NTA 1e18 common-primary state,top_primary,interface_4x,T03_P2_BULK_TRAPS_FORMAL,enabled_symmetric_teaching_top_stack,0.0,0.01,0.0,0.3,top_oxide,0.001,6.025e-06,10.0,60.25,0.29812444825056716,
p2_bulk_nta_1e18_common_primary,NTA 1e18 common-primary state,top_primary,interface_4x,T03_P2_BULK_TRAPS_FORMAL,enabled_symmetric_teaching_top_stack,0.0,0.01,0.0,0.3,top_oxide,0.001,6.1499999999999996e-06,10.0,61.49999999999999,0.2981747180703391,
p2_bulk_nta_1e18_common_primary,NTA 1e18 common-primary state,top_primary,interface_4x,T03_P2_BULK_TRAPS_FORMAL,enabled_symmetric_teaching_top_stack,0.0,0.01,0.0,0.3,top_oxide,0.001,6.275e-06,10.0,62.75,0.2982327083878302,
p2_bulk_nta_1e18_common_primary,NTA 1e18 common-primary state,top_primary,interface_4x,T03_P2_BULK_TRAPS_FORMAL,enabled_symmetric_teaching_top_stack,0.0,0.01,0.0,0.3,top_oxide,0.001,6.4e-06,10.0,64.0,0.2982979870335787,
p2_bulk_nta_1e18_common_primary,NTA 1e18 common-primary state,top_primary,interface_4x,T03_P2_BULK_TRAPS_FORMAL,enabled_symmetric_teaching_top_stack,0.0,0.01,0.0,0.3,top_oxide,0.001,6.9e-06,10.0,69.0,0.29862766866624474,
p2_bulk_nta_1e18_common_primary,NTA 1e18 common-primary state,top_primary,interface_4x,T03_P2_BULK_TRAPS_FORMAL,enabled_symmetric_teaching_top_stack,0.0,0.01,0.0,0.3,top_oxide,0.001,7.4e-06,10.0,74.0,0.299039515896268,
p2_bulk_nta_1e18_common_primary,NTA 1e18 common-primary state,top_primary,interface_4x,T03_P2_BULK_TRAPS_FORMAL,enabled_symmetric_teaching_top_stack,0.0,0.01,0.0,0.3,top_oxide,0.001,7.9e-06,10.0,79.0,0.2995060855385847,
p2_bulk_nta_1e18_common_primary,NTA 1e18 common-primary state,top_primary,interface_4x,T03_P2_BULK_TRAPS_FORMAL,enabled_symmetric_teaching_top_stack,0.0,0.01,0.0,0.3,top_oxide,0.001,8.400000000000001e-06,10.0,84.00000000000001,0.3,
