case_id,nta_cm3_ev,nga_cm3_ev,active_family,solve_mode,source_v,drain_v,vbg_v,vtg_v,region,x_cm,y_cm,x_um,y_nm,potential_v,electron_density_cm3,tail_occupied_density_cm3,deep_occupied_density_cm3,occupied_bulk_traps_cm3,occupied_bulk_traps_derivative,physical_trap_charge_c_per_cm3,poisson_trap_source_c_per_cm3,potential_node_charge_c_per_cm3
nta_5e19,5e+19,0.0,tail,coupled_final,0.0,0.01,0.0,0.3,bottom_oxide,0.0,0.0,0.0,0.0,0.0,,,,,,,,
nta_5e19,5e+19,0.0,tail,coupled_final,0.0,0.01,0.0,0.3,bottom_oxide,0.0,5.000000000000001e-07,0.0,5.000000000000001,-0.00018594959290490665,,,,,,,,
nta_5e19,5e+19,0.0,tail,coupled_final,0.0,0.01,0.0,0.3,bottom_oxide,2.5e-05,0.0,0.25,0.0,0.0,,,,,,,,
nta_5e19,5e+19,0.0,tail,coupled_final,0.0,0.01,0.0,0.3,bottom_oxide,2.5e-05,5.000000000000001e-07,0.25,5.000000000000001,-0.013054488761143979,,,,,,,,
nta_5e19,5e+19,0.0,tail,coupled_final,0.0,0.01,0.0,0.3,bottom_oxide,0.0,1.0000000000000002e-06,0.0,10.000000000000002,-0.00036160435447522203,,,,,,,,
nta_5e19,5e+19,0.0,tail,coupled_final,0.0,0.01,0.0,0.3,bottom_oxide,2.5e-05,1.0000000000000002e-06,0.25,10.000000000000002,-0.0261140991715985,,,,,,,,
nta_5e19,5e+19,0.0,tail,coupled_final,0.0,0.01,0.0,0.3,bottom_oxide,0.0,1.5000000000000002e-06,0.0,15.000000000000002,-0.0005166571201918388,,,,,,,,
nta_5e19,5e+19,0.0,tail,coupled_final,0.0,0.01,0.0,0.3,bottom_oxide,2.5e-05,1.5000000000000002e-06,0.25,15.000000000000002,-0.03918396108128639,,,,,,,,
nta_5e19,5e+19,0.0,tail,coupled_final,0.0,0.01,0.0,0.3,bottom_oxide,0.0,2.0000000000000003e-06,0.0,20.000000000000004,-0.0006407760427395799,,,,,,,,
nta_5e19,5e+19,0.0,tail,coupled_final,0.0,0.01,0.0,0.3,bottom_oxide,2.5e-05,2.0000000000000003e-06,0.25,20.000000000000004,-0.0522692207536566,,,,,,,,
nta_5e19,5e+19,0.0,tail,coupled_final,0.0,0.01,0.0,0.3,bottom_oxide,0.0,2.1250000000000004e-06,0.0,21.250000000000004,-0.0006653522177876506,,,,,,,,
nta_5e19,5e+19,0.0,tail,coupled_final,0.0,0.01,0.0,0.3,bottom_oxide,2.5e-05,2.1250000000000004e-06,0.25,21.250000000000004,-0.055543749527560506,,,,,,,,
nta_5e19,5e+19,0.0,tail,coupled_final,0.0,0.01,0.0,0.3,bottom_oxide,0.0,2.2500000000000005e-06,0.0,22.500000000000004,-0.0006871844729702326,,,,,,,,
nta_5e19,5e+19,0.0,tail,coupled_final,0.0,0.01,0.0,0.3,bottom_oxide,2.5e-05,2.2500000000000005e-06,0.25,22.500000000000004,-0.05881964496086699,,,,,,,,
nta_5e19,5e+19,0.0,tail,coupled_final,0.0,0.01,0.0,0.3,bottom_oxide,0.0,2.375e-06,0.0,23.75,-0.0007061101051284198,,,,,,,,
nta_5e19,5e+19,0.0,tail,coupled_final,0.0,0.01,0.0,0.3,bottom_oxide,2.5e-05,2.375e-06,0.25,23.75,-0.06209698830738034,,,,,,,,
nta_5e19,5e+19,0.0,tail,coupled_final,0.0,0.01,0.0,0.3,bottom_oxide,0.0,2.5e-06,0.0,25.000000000000004,-0.0007219661933764943,,,,,,,,
nta_5e19,5e+19,0.0,tail,coupled_final,0.0,0.01,0.0,0.3,bottom_oxide,2.5e-05,2.5e-06,0.25,25.000000000000004,-0.06537586096575466,,,,,,,,
nta_5e19,5e+19,0.0,tail,coupled_final,0.0,0.01,0.0,0.3,bottom_oxide,0.0,2.6250000000000003e-06,0.0,26.250000000000004,-0.00073458958688595,,,,,,,,
nta_5e19,5e+19,0.0,tail,coupled_final,0.0,0.01,0.0,0.3,bottom_oxide,2.5e-05,2.6250000000000003e-06,0.25,26.250000000000004,-0.06865634448763096,,,,,,,,
nta_5e19,5e+19,0.0,tail,coupled_final,0.0,0.01,0.0,0.3,bottom_oxide,0.0,2.75e-06,0.0,27.5,-0.0007438168926503685,,,,,,,,
nta_5e19,5e+19,0.0,tail,coupled_final,0.0,0.01,0.0,0.3,bottom_oxide,2.5e-05,2.75e-06,0.25,27.5,-0.0719385205857886,,,,,,,,
nta_5e19,5e+19,0.0,tail,coupled_final,0.0,0.01,0.0,0.3,bottom_oxide,0.0,2.875e-06,0.0,28.75,-0.00074948446323013,,,,,,,,
nta_5e19,5e+19,0.0,tail,coupled_final,0.0,0.01,0.0,0.3,bottom_oxide,2.5e-05,2.875e-06,0.25,28.75,-0.07522247114231197,,,,,,,,
nta_5e19,5e+19,0.0,tail,coupled_final,0.0,0.01,0.0,0.3,bottom_oxide,0.0,3e-06,0.0,30.0,-0.0007514283844759374,,,,,,,,
nta_5e19,5e+19,0.0,tail,coupled_final,0.0,0.01,0.0,0.3,bottom_oxide,2.5e-05,3e-06,0.25,30.0,-0.0785082782167728,,,,,,,,
nta_5e19,5e+19,0.0,tail,coupled_final,0.0,0.01,0.0,0.3,bottom_oxide,5e-05,0.0,0.5,0.0,0.0,,,,,,,,
nta_5e19,5e+19,0.0,tail,coupled_final,0.0,0.01,0.0,0.3,bottom_oxide,5e-05,5.000000000000001e-07,0.5,5.000000000000001,-0.01311890465302027,,,,,,,,
nta_5e19,5e+19,0.0,tail,coupled_final,0.0,0.01,0.0,0.3,bottom_oxide,5e-05,1.0000000000000002e-06,0.5,10.000000000000002,-0.026237845905294547,,,,,,,,
nta_5e19,5e+19,0.0,tail,coupled_final,0.0,0.01,0.0,0.3,bottom_oxide,5e-05,1.5000000000000002e-06,0.5,15.000000000000002,-0.03935685833660975,,,,,,,,
nta_5e19,5e+19,0.0,tail,coupled_final,0.0,0.01,0.0,0.3,bottom_oxide,5e-05,2.0000000000000003e-06,0.5,20.000000000000004,-0.05247597248292856,,,,,,,,
nta_5e19,5e+19,0.0,tail,coupled_final,0.0,0.01,0.0,0.3,bottom_oxide,5e-05,2.1250000000000004e-06,0.5,21.250000000000004,-0.055755770734038854,,,,,,,,
nta_5e19,5e+19,0.0,tail,coupled_final,0.0,0.01,0.0,0.3,bottom_oxide,5e-05,2.2500000000000005e-06,0.5,22.500000000000004,-0.059035577173753996,,,,,,,,
nta_5e19,5e+19,0.0,tail,coupled_final,0.0,0.01,0.0,0.3,bottom_oxide,5e-05,2.375e-06,0.5,23.75,-0.06231539207110836,,,,,,,,
nta_5e19,5e+19,0.0,tail,coupled_final,0.0,0.01,0.0,0.3,bottom_oxide,5e-05,2.5e-06,0.5,25.000000000000004,-0.06559521565936019,,,,,,,,
nta_5e19,5e+19,0.0,tail,coupled_final,0.0,0.01,0.0,0.3,bottom_oxide,5e-05,2.6250000000000003e-06,0.5,26.250000000000004,-0.06887504813396822,,,,,,,,
nta_5e19,5e+19,0.0,tail,coupled_final,0.0,0.01,0.0,0.3,bottom_oxide,5e-05,2.75e-06,0.5,27.5,-0.0721548896505626,,,,,,,,
nta_5e19,5e+19,0.0,tail,coupled_final,0.0,0.01,0.0,0.3,bottom_oxide,5e-05,2.875e-06,0.5,28.75,-0.07543474032290998,,,,,,,,
nta_5e19,5e+19,0.0,tail,coupled_final,0.0,0.01,0.0,0.3,bottom_oxide,5e-05,3e-06,0.5,30.0,-0.07871460022087196,,,,,,,,
nta_5e19,5e+19,0.0,tail,coupled_final,0.0,0.01,0.0,0.3,bottom_oxide,7.500000000000001e-05,0.0,0.7500000000000001,0.0,0.0,,,,,,,,
nta_5e19,5e+19,0.0,tail,coupled_final,0.0,0.01,0.0,0.3,bottom_oxide,7.500000000000001e-05,5.000000000000001e-07,0.7500000000000001,5.000000000000001,-0.013091822409876734,,,,,,,,
nta_5e19,5e+19,0.0,tail,coupled_final,0.0,0.01,0.0,0.3,bottom_oxide,7.500000000000001e-05,1.0000000000000002e-06,0.7500000000000001,10.000000000000002,-0.026183645036689317,,,,,,,,
nta_5e19,5e+19,0.0,tail,coupled_final,0.0,0.01,0.0,0.3,bottom_oxide,7.500000000000001e-05,1.5000000000000002e-06,0.7500000000000001,15.000000000000002,-0.03927546808289696,,,,,,,,
nta_5e19,5e+19,0.0,tail,coupled_final,0.0,0.01,0.0,0.3,bottom_oxide,7.500000000000001e-05,2.0000000000000003e-06,0.7500000000000001,20.000000000000004,-0.05236729172280183,,,,,,,,
nta_5e19,5e+19,0.0,tail,coupled_final,0.0,0.01,0.0,0.3,bottom_oxide,7.500000000000001e-05,2.1250000000000004e-06,0.7500000000000001,21.250000000000004,-0.05564024774649008,,,,,,,,
nta_5e19,5e+19,0.0,tail,coupled_final,0.0,0.01,0.0,0.3,bottom_oxide,7.500000000000001e-05,2.2500000000000005e-06,0.7500000000000001,22.500000000000004,-0.05891320381727025,,,,,,,,
nta_5e19,5e+19,0.0,tail,coupled_final,0.0,0.01,0.0,0.3,bottom_oxide,7.500000000000001e-05,2.375e-06,0.7500000000000001,23.75,-0.062186159936546886,,,,,,,,
nta_5e19,5e+19,0.0,tail,coupled_final,0.0,0.01,0.0,0.3,bottom_oxide,7.500000000000001e-05,2.5e-06,0.7500000000000001,25.000000000000004,-0.06545911610551539,,,,,,,,
nta_5e19,5e+19,0.0,tail,coupled_final,0.0,0.01,0.0,0.3,bottom_oxide,7.500000000000001e-05,2.6250000000000003e-06,0.7500000000000001,26.250000000000004,-0.06873207232515612,,,,,,,,
nta_5e19,5e+19,0.0,tail,coupled_final,0.0,0.01,0.0,0.3,bottom_oxide,7.500000000000001e-05,2.75e-06,0.7500000000000001,27.5,-0.07200502859622963,,,,,,,,
nta_5e19,5e+19,0.0,tail,coupled_final,0.0,0.01,0.0,0.3,bottom_oxide,7.500000000000001e-05,2.875e-06,0.7500000000000001,28.75,-0.07527798491927282,,,,,,,,
nta_5e19,5e+19,0.0,tail,coupled_final,0.0,0.01,0.0,0.3,bottom_oxide,7.500000000000001e-05,3e-06,0.7500000000000001,30.0,-0.07855094129459603,,,,,,,,
nta_5e19,5e+19,0.0,tail,coupled_final,0.0,0.01,0.0,0.3,bottom_oxide,0.0001,0.0,1.0,0.0,0.0,,,,,,,,
nta_5e19,5e+19,0.0,tail,coupled_final,0.0,0.01,0.0,0.3,bottom_oxide,0.0001,5.000000000000001e-07,1.0,5.000000000000001,-0.013064197827113303,,,,,,,,
nta_5e19,5e+19,0.0,tail,coupled_final,0.0,0.01,0.0,0.3,bottom_oxide,0.0001,1.0000000000000002e-06,1.0,10.000000000000002,-0.026128395680438135,,,,,,,,
nta_5e19,5e+19,0.0,tail,coupled_final,0.0,0.01,0.0,0.3,bottom_oxide,0.0001,1.5000000000000002e-06,1.0,15.000000000000002,-0.039192593586110026,,,,,,,,
nta_5e19,5e+19,0.0,tail,coupled_final,0.0,0.01,0.0,0.3,bottom_oxide,0.0001,2.0000000000000003e-06,1.0,20.000000000000004,-0.0522567915701183,,,,,,,,
nta_5e19,5e+19,0.0,tail,coupled_final,0.0,0.01,0.0,0.3,bottom_oxide,0.0001,2.1250000000000004e-06,1.0,21.250000000000004,-0.05552284108238916,,,,,,,,
nta_5e19,5e+19,0.0,tail,coupled_final,0.0,0.01,0.0,0.3,bottom_oxide,0.0001,2.2500000000000005e-06,1.0,22.500000000000004,-0.05878889060156799,,,,,,,,
nta_5e19,5e+19,0.0,tail,coupled_final,0.0,0.01,0.0,0.3,bottom_oxide,0.0001,2.375e-06,1.0,23.75,-0.06205494012805422,,,,,,,,
nta_5e19,5e+19,0.0,tail,coupled_final,0.0,0.01,0.0,0.3,bottom_oxide,0.0001,2.5e-06,1.0,25.000000000000004,-0.0653209896622463,,,,,,,,
nta_5e19,5e+19,0.0,tail,coupled_final,0.0,0.01,0.0,0.3,bottom_oxide,0.0001,2.6250000000000003e-06,1.0,26.250000000000004,-0.06858703920454158,,,,,,,,
nta_5e19,5e+19,0.0,tail,coupled_final,0.0,0.01,0.0,0.3,bottom_oxide,0.0001,2.75e-06,1.0,27.5,-0.07185308875533637,,,,,,,,
nta_5e19,5e+19,0.0,tail,coupled_final,0.0,0.01,0.0,0.3,bottom_oxide,0.0001,2.875e-06,1.0,28.75,-0.07511913831502595,,,,,,,,
nta_5e19,5e+19,0.0,tail,coupled_final,0.0,0.01,0.0,0.3,bottom_oxide,0.0001,3e-06,1.0,30.0,-0.07838518788400445,,,,,,,,
nta_5e19,5e+19,0.0,tail,coupled_final,0.0,0.01,0.0,0.3,bottom_oxide,0.000125,0.0,1.25,0.0,0.0,,,,,,,,
nta_5e19,5e+19,0.0,tail,coupled_final,0.0,0.01,0.0,0.3,bottom_oxide,0.000125,5.000000000000001e-07,1.25,5.000000000000001,-0.013036507715531824,,,,,,,,
nta_5e19,5e+19,0.0,tail,coupled_final,0.0,0.01,0.0,0.3,bottom_oxide,0.000125,1.0000000000000002e-06,1.25,10.000000000000002,-0.026073015456517645,,,,,,,,
nta_5e19,5e+19,0.0,tail,coupled_final,0.0,0.01,0.0,0.3,bottom_oxide,0.000125,1.5000000000000002e-06,1.25,15.000000000000002,-0.0391095232484111,,,,,,,,
nta_5e19,5e+19,0.0,tail,coupled_final,0.0,0.01,0.0,0.3,bottom_oxide,0.000125,2.0000000000000003e-06,1.25,20.000000000000004,-0.05214603111666514,,,,,,,,
nta_5e19,5e+19,0.0,tail,coupled_final,0.0,0.01,0.0,0.3,bottom_oxide,0.000125,2.1250000000000004e-06,1.25,21.250000000000004,-0.05540515809963687,,,,,,,,
nta_5e19,5e+19,0.0,tail,coupled_final,0.0,0.01,0.0,0.3,bottom_oxide,0.000125,2.2500000000000005e-06,1.25,22.500000000000004,-0.058664285089369564,,,,,,,,
nta_5e19,5e+19,0.0,tail,coupled_final,0.0,0.01,0.0,0.3,bottom_oxide,0.000125,2.375e-06,1.25,23.75,-0.061923412086260884,,,,,,,,
nta_5e19,5e+19,0.0,tail,coupled_final,0.0,0.01,0.0,0.3,bottom_oxide,0.000125,2.5e-06,1.25,25.000000000000004,-0.06518253909070852,,,,,,,,
nta_5e19,5e+19,0.0,tail,coupled_final,0.0,0.01,0.0,0.3,bottom_oxide,0.000125,2.6250000000000003e-06,1.25,26.250000000000004,-0.06844166610311012,,,,,,,,
nta_5e19,5e+19,0.0,tail,coupled_final,0.0,0.01,0.0,0.3,bottom_oxide,0.000125,2.75e-06,1.25,27.5,-0.07170079312386334,,,,,,,,
nta_5e19,5e+19,0.0,tail,coupled_final,0.0,0.01,0.0,0.3,bottom_oxide,0.000125,2.875e-06,1.25,28.75,-0.07495992015336583,,,,,,,,
nta_5e19,5e+19,0.0,tail,coupled_final,0.0,0.01,0.0,0.3,bottom_oxide,0.000125,3e-06,1.25,30.0,-0.07821904719201526,,,,,,,,
nta_5e19,5e+19,0.0,tail,coupled_final,0.0,0.01,0.0,0.3,bottom_oxide,0.00015000000000000001,0.0,1.5000000000000002,0.0,0.0,,,,,,,,
nta_5e19,5e+19,0.0,tail,coupled_final,0.0,0.01,0.0,0.3,bottom_oxide,0.00015000000000000001,5.000000000000001e-07,1.5000000000000002,5.000000000000001,-0.0130087539689625,,,,,,,,
nta_5e19,5e+19,0.0,tail,coupled_final,0.0,0.01,0.0,0.3,bottom_oxide,0.00015000000000000001,1.0000000000000002e-06,1.5000000000000002,10.000000000000002,-0.026017507963511374,,,,,,,,
nta_5e19,5e+19,0.0,tail,coupled_final,0.0,0.01,0.0,0.3,bottom_oxide,0.00015000000000000001,1.5000000000000002e-06,1.5000000000000002,15.000000000000002,-0.039026262009232995,,,,,,,,
nta_5e19,5e+19,0.0,tail,coupled_final,0.0,0.01,0.0,0.3,bottom_oxide,0.00015000000000000001,2.0000000000000003e-06,1.5000000000000002,20.000000000000004,-0.052035016131713734,,,,,,,,
nta_5e19,5e+19,0.0,tail,coupled_final,0.0,0.01,0.0,0.3,bottom_oxide,0.00015000000000000001,2.1250000000000004e-06,1.5000000000000002,21.250000000000004,-0.0552872046783254,,,,,,,,
nta_5e19,5e+19,0.0,tail,coupled_final,0.0,0.01,0.0,0.3,bottom_oxide,0.00015000000000000001,2.2500000000000005e-06,1.5000000000000002,22.500000000000004,-0.05853939323173345,,,,,,,,
nta_5e19,5e+19,0.0,tail,coupled_final,0.0,0.01,0.0,0.3,bottom_oxide,0.00015000000000000001,2.375e-06,1.5000000000000002,23.75,-0.06179158179233765,,,,,,,,
nta_5e19,5e+19,0.0,tail,coupled_final,0.0,0.01,0.0,0.3,bottom_oxide,0.00015000000000000001,2.5e-06,1.5000000000000002,25.000000000000004,-0.06504377036053782,,,,,,,,
nta_5e19,5e+19,0.0,tail,coupled_final,0.0,0.01,0.0,0.3,bottom_oxide,0.00015000000000000001,2.6250000000000003e-06,1.5000000000000002,26.250000000000004,-0.06829595893673372,,,,,,,,
nta_5e19,5e+19,0.0,tail,coupled_final,0.0,0.01,0.0,0.3,bottom_oxide,0.00015000000000000001,2.75e-06,1.5000000000000002,27.5,-0.07154814752132514,,,,,,,,
nta_5e19,5e+19,0.0,tail,coupled_final,0.0,0.01,0.0,0.3,bottom_oxide,0.00015000000000000001,2.875e-06,1.5000000000000002,28.75,-0.07480033611471189,,,,,,,,
nta_5e19,5e+19,0.0,tail,coupled_final,0.0,0.01,0.0,0.3,bottom_oxide,0.00015000000000000001,3e-06,1.5000000000000002,30.0,-0.07805252471729374,,,,,,,,
nta_5e19,5e+19,0.0,tail,coupled_final,0.0,0.01,0.0,0.3,bottom_oxide,0.000175,0.0,1.75,0.0,0.0,,,,,,,,
nta_5e19,5e+19,0.0,tail,coupled_final,0.0,0.01,0.0,0.3,bottom_oxide,0.000175,5.000000000000001e-07,1.75,5.000000000000001,-0.012980936256455711,,,,,,,,
nta_5e19,5e+19,0.0,tail,coupled_final,0.0,0.01,0.0,0.3,bottom_oxide,0.000175,1.0000000000000002e-06,1.75,10.000000000000002,-0.02596187253863526,,,,,,,,
nta_5e19,5e+19,0.0,tail,coupled_final,0.0,0.01,0.0,0.3,bottom_oxide,0.000175,1.5000000000000002e-06,1.75,15.000000000000002,-0.03894280887226248,,,,,,,,
nta_5e19,5e+19,0.0,tail,coupled_final,0.0,0.01,0.0,0.3,bottom_oxide,0.000175,2.0000000000000003e-06,1.75,20.000000000000004,-0.05192374528306121,,,,,,,,
nta_5e19,5e+19,0.0,tail,coupled_final,0.0,0.01,0.0,0.3,bottom_oxide,0.000175,2.1250000000000004e-06,1.75,21.250000000000004,-0.05516897940183829,,,,,,,,
nta_5e19,5e+19,0.0,tail,coupled_final,0.0,0.01,0.0,0.3,bottom_oxide,0.000175,2.2500000000000005e-06,1.75,22.500000000000004,-0.058414213527448265,,,,,,,,
nta_5e19,5e+19,0.0,tail,coupled_final,0.0,0.01,0.0,0.3,bottom_oxide,0.000175,2.375e-06,1.75,23.75,-0.061659447660293056,,,,,,,,
nta_5e19,5e+19,0.0,tail,coupled_final,0.0,0.01,0.0,0.3,bottom_oxide,0.000175,2.5e-06,1.75,25.000000000000004,-0.06490468180077462,,,,,,,,
nta_5e19,5e+19,0.0,tail,coupled_final,0.0,0.01,0.0,0.3,bottom_oxide,0.000175,2.6250000000000003e-06,1.75,26.250000000000004,-0.06814991594929488,,,,,,,,
nta_5e19,5e+19,0.0,tail,coupled_final,0.0,0.01,0.0,0.3,bottom_oxide,0.000175,2.75e-06,1.75,27.5,-0.07139515010625577,,,,,,,,
nta_5e19,5e+19,0.0,tail,coupled_final,0.0,0.01,0.0,0.3,bottom_oxide,0.000175,2.875e-06,1.75,28.75,-0.07464038427205924,,,,,,,,
nta_5e19,5e+19,0.0,tail,coupled_final,0.0,0.01,0.0,0.3,bottom_oxide,0.000175,3e-06,1.75,30.0,-0.07788561844710722,,,,,,,,
nta_5e19,5e+19,0.0,tail,coupled_final,0.0,0.01,0.0,0.3,bottom_oxide,0.0002,0.0,2.0,0.0,0.0,,,,,,,,
nta_5e19,5e+19,0.0,tail,coupled_final,0.0,0.01,0.0,0.3,bottom_oxide,0.0002,5.000000000000001e-07,2.0,5.000000000000001,-0.012953054234356859,,,,,,,,
nta_5e19,5e+19,0.0,tail,coupled_final,0.0,0.01,0.0,0.3,bottom_oxide,0.0002,1.0000000000000002e-06,2.0,10.000000000000002,-0.0259061084945762,,,,,,,,
nta_5e19,5e+19,0.0,tail,coupled_final,0.0,0.01,0.0,0.3,bottom_oxide,0.0002,1.5000000000000002e-06,2.0,15.000000000000002,-0.0388591628065205,,,,,,,,
nta_5e19,5e+19,0.0,tail,coupled_final,0.0,0.01,0.0,0.3,bottom_oxide,0.0002,2.0000000000000003e-06,2.0,20.000000000000004,-0.05181221719605224,,,,,,,,
nta_5e19,5e+19,0.0,tail,coupled_final,0.0,0.01,0.0,0.3,bottom_oxide,0.0002,2.1250000000000004e-06,2.0,21.250000000000004,-0.05505048080959922,,,,,,,,
nta_5e19,5e+19,0.0,tail,coupled_final,0.0,0.01,0.0,0.3,bottom_oxide,0.0002,2.2500000000000005e-06,2.0,22.500000000000004,-0.05828874443001593,,,,,,,,
nta_5e19,5e+19,0.0,tail,coupled_final,0.0,0.01,0.0,0.3,bottom_oxide,0.0002,2.375e-06,2.0,23.75,-0.061527008057706445,,,,,,,,
nta_5e19,5e+19,0.0,tail,coupled_final,0.0,0.01,0.0,0.3,bottom_oxide,0.0002,2.5e-06,2.0,25.000000000000004,-0.0647652716930749,,,,,,,,
nta_5e19,5e+19,0.0,tail,coupled_final,0.0,0.01,0.0,0.3,bottom_oxide,0.0002,2.6250000000000003e-06,2.0,26.250000000000004,-0.06800353533652537,,,,,,,,
nta_5e19,5e+19,0.0,tail,coupled_final,0.0,0.01,0.0,0.3,bottom_oxide,0.0002,2.75e-06,2.0,27.5,-0.07124179898846196,,,,,,,,
nta_5e19,5e+19,0.0,tail,coupled_final,0.0,0.01,0.0,0.3,bottom_oxide,0.0002,2.875e-06,2.0,28.75,-0.07448006264928879,,,,,,,,
nta_5e19,5e+19,0.0,tail,coupled_final,0.0,0.01,0.0,0.3,bottom_oxide,0.0002,3e-06,2.0,30.0,-0.07771832631940995,,,,,,,,
nta_5e19,5e+19,0.0,tail,coupled_final,0.0,0.01,0.0,0.3,bottom_oxide,0.00022500000000000002,0.0,2.25,0.0,0.0,,,,,,,,
nta_5e19,5e+19,0.0,tail,coupled_final,0.0,0.01,0.0,0.3,bottom_oxide,0.00022500000000000002,5.000000000000001e-07,2.25,5.000000000000001,-0.012925107556058656,,,,,,,,
nta_5e19,5e+19,0.0,tail,coupled_final,0.0,0.01,0.0,0.3,bottom_oxide,0.00022500000000000002,1.0000000000000002e-06,2.25,10.000000000000002,-0.025850215138119612,,,,,,,,
nta_5e19,5e+19,0.0,tail,coupled_final,0.0,0.01,0.0,0.3,bottom_oxide,0.00022500000000000002,1.5000000000000002e-06,2.25,15.000000000000002,-0.038775322772185164,,,,,,,,
nta_5e19,5e+19,0.0,tail,coupled_final,0.0,0.01,0.0,0.3,bottom_oxide,0.00022500000000000002,2.0000000000000003e-06,2.25,20.000000000000004,-0.05170043048425762,,,,,,,,
nta_5e19,5e+19,0.0,tail,coupled_final,0.0,0.01,0.0,0.3,bottom_oxide,0.00022500000000000002,2.1250000000000004e-06,2.25,21.250000000000004,-0.054931707428527175,,,,,,,,
nta_5e19,5e+19,0.0,tail,coupled_final,0.0,0.01,0.0,0.3,bottom_oxide,0.00022500000000000002,2.2500000000000005e-06,2.25,22.500000000000004,-0.05816298437970359,,,,,,,,
nta_5e19,5e+19,0.0,tail,coupled_final,0.0,0.01,0.0,0.3,bottom_oxide,0.00022500000000000002,2.375e-06,2.25,23.75,-0.06139426133819313,,,,,,,,
nta_5e19,5e+19,0.0,tail,coupled_final,0.0,0.01,0.0,0.3,bottom_oxide,0.00022500000000000002,2.5e-06,2.25,25.000000000000004,-0.06462553830440212,,,,,,,,
nta_5e19,5e+19,0.0,tail,coupled_final,0.0,0.01,0.0,0.3,bottom_oxide,0.00022500000000000002,2.6250000000000003e-06,2.25,26.250000000000004,-0.06785681527873684,,,,,,,,
nta_5e19,5e+19,0.0,tail,coupled_final,0.0,0.01,0.0,0.3,bottom_oxide,0.00022500000000000002,2.75e-06,2.25,27.5,-0.07108809226160354,,,,,,,,
nta_5e19,5e+19,0.0,tail,coupled_final,0.0,0.01,0.0,0.3,bottom_oxide,0.00022500000000000002,2.875e-06,2.25,28.75,-0.07431936925340854,,,,,,,,
nta_5e19,5e+19,0.0,tail,coupled_final,0.0,0.01,0.0,0.3,bottom_oxide,0.00022500000000000002,3e-06,2.25,30.0,-0.07755064625455813,,,,,,,,
nta_5e19,5e+19,0.0,tail,coupled_final,0.0,0.01,0.0,0.3,bottom_oxide,0.00025,0.0,2.5,0.0,0.0,,,,,,,,
nta_5e19,5e+19,0.0,tail,coupled_final,0.0,0.01,0.0,0.3,bottom_oxide,0.00025,5.000000000000001e-07,2.5,5.000000000000001,-0.012897095872009408,,,,,,,,
nta_5e19,5e+19,0.0,tail,coupled_final,0.0,0.01,0.0,0.3,bottom_oxide,0.00025,1.0000000000000002e-06,2.5,10.000000000000002,-0.02579419177016213,,,,,,,,
nta_5e19,5e+19,0.0,tail,coupled_final,0.0,0.01,0.0,0.3,bottom_oxide,0.00025,1.5000000000000002e-06,2.5,15.000000000000002,-0.03869128772060147,,,,,,,,
nta_5e19,5e+19,0.0,tail,coupled_final,0.0,0.01,0.0,0.3,bottom_oxide,0.00025,2.0000000000000003e-06,2.5,20.000000000000004,-0.05158838374947075,,,,,,,,
nta_5e19,5e+19,0.0,tail,coupled_final,0.0,0.01,0.0,0.3,bottom_oxide,0.00025,2.1250000000000004e-06,2.5,21.250000000000004,-0.05481265777302764,,,,,,,,
nta_5e19,5e+19,0.0,tail,coupled_final,0.0,0.01,0.0,0.3,bottom_oxide,0.00025,2.2500000000000005e-06,2.5,22.500000000000004,-0.058036931803528855,,,,,,,,
nta_5e19,5e+19,0.0,tail,coupled_final,0.0,0.01,0.0,0.3,bottom_oxide,0.00025,2.375e-06,2.5,23.75,-0.06126120584138286,,,,,,,,
nta_5e19,5e+19,0.0,tail,coupled_final,0.0,0.01,0.0,0.3,bottom_oxide,0.00025,2.5e-06,2.5,25.000000000000004,-0.06448547988699817,,,,,,,,
nta_5e19,5e+19,0.0,tail,coupled_final,0.0,0.01,0.0,0.3,bottom_oxide,0.00025,2.6250000000000003e-06,2.5,26.250000000000004,-0.06770975394078325,,,,,,,,
nta_5e19,5e+19,0.0,tail,coupled_final,0.0,0.01,0.0,0.3,bottom_oxide,0.00025,2.75e-06,2.5,27.5,-0.07093402800314662,,,,,,,,
nta_5e19,5e+19,0.0,tail,coupled_final,0.0,0.01,0.0,0.3,bottom_oxide,0.00025,2.875e-06,2.5,28.75,-0.07415830207449675,,,,,,,,
nta_5e19,5e+19,0.0,tail,coupled_final,0.0,0.01,0.0,0.3,bottom_oxide,0.00025,3e-06,2.5,30.0,-0.07738257615524213,,,,,,,,
nta_5e19,5e+19,0.0,tail,coupled_final,0.0,0.01,0.0,0.3,bottom_oxide,0.00027499999999999996,0.0,2.7499999999999996,0.0,0.0,,,,,,,,
nta_5e19,5e+19,0.0,tail,coupled_final,0.0,0.01,0.0,0.3,bottom_oxide,0.00027499999999999996,5.000000000000001e-07,2.7499999999999996,5.000000000000001,-0.012869018829679007,,,,,,,,
nta_5e19,5e+19,0.0,tail,coupled_final,0.0,0.01,0.0,0.3,bottom_oxide,0.00027499999999999996,1.0000000000000002e-06,2.7499999999999996,10.000000000000002,-0.025738037685643547,,,,,,,,
nta_5e19,5e+19,0.0,tail,coupled_final,0.0,0.01,0.0,0.3,bottom_oxide,0.00027499999999999996,1.5000000000000002e-06,2.7499999999999996,15.000000000000002,-0.038607056594179144,,,,,,,,
nta_5e19,5e+19,0.0,tail,coupled_final,0.0,0.01,0.0,0.3,bottom_oxide,0.00027499999999999996,2.0000000000000003e-06,2.7499999999999996,20.000000000000004,-0.051476075581571336,,,,,,,,
nta_5e19,5e+19,0.0,tail,coupled_final,0.0,0.01,0.0,0.3,bottom_oxide,0.00027499999999999996,2.1250000000000004e-06,2.7499999999999996,21.250000000000004,-0.054693330344847836,,,,,,,,
nta_5e19,5e+19,0.0,tail,coupled_final,0.0,0.01,0.0,0.3,bottom_oxide,0.00027499999999999996,2.2500000000000005e-06,2.7499999999999996,22.500000000000004,-0.05791058511510643,,,,,,,,
nta_5e19,5e+19,0.0,tail,coupled_final,0.0,0.01,0.0,0.3,bottom_oxide,0.00027499999999999996,2.375e-06,2.7499999999999996,23.75,-0.06112783989275782,,,,,,,,
nta_5e19,5e+19,0.0,tail,coupled_final,0.0,0.01,0.0,0.3,bottom_oxide,0.00027499999999999996,2.5e-06,2.7499999999999996,25.000000000000004,-0.06434509467821274,,,,,,,,
nta_5e19,5e+19,0.0,tail,coupled_final,0.0,0.01,0.0,0.3,bottom_oxide,0.00027499999999999996,2.6250000000000003e-06,2.7499999999999996,26.250000000000004,-0.06756234947188189,,,,,,,,
nta_5e19,5e+19,0.0,tail,coupled_final,0.0,0.01,0.0,0.3,bottom_oxide,0.00027499999999999996,2.75e-06,2.7499999999999996,27.5,-0.07077960427417596,,,,,,,,
nta_5e19,5e+19,0.0,tail,coupled_final,0.0,0.01,0.0,0.3,bottom_oxide,0.00027499999999999996,2.875e-06,2.7499999999999996,28.75,-0.0739968590855057,,,,,,,,
nta_5e19,5e+19,0.0,tail,coupled_final,0.0,0.01,0.0,0.3,bottom_oxide,0.00027499999999999996,3e-06,2.7499999999999996,30.0,-0.07721411390628179,,,,,,,,
nta_5e19,5e+19,0.0,tail,coupled_final,0.0,0.01,0.0,0.3,bottom_oxide,0.00030000000000000003,0.0,3.0000000000000004,0.0,0.0,,,,,,,,
nta_5e19,5e+19,0.0,tail,coupled_final,0.0,0.01,0.0,0.3,bottom_oxide,0.00030000000000000003,5.000000000000001e-07,3.0000000000000004,5.000000000000001,-0.012840876073524203,,,,,,,,
nta_5e19,5e+19,0.0,tail,coupled_final,0.0,0.01,0.0,0.3,bottom_oxide,0.00030000000000000003,1.0000000000000002e-06,3.0000000000000004,10.000000000000002,-0.025681752173477373,,,,,,,,
nta_5e19,5e+19,0.0,tail,coupled_final,0.0,0.01,0.0,0.3,bottom_oxide,0.00030000000000000003,1.5000000000000002e-06,3.0000000000000004,15.000000000000002,-0.03852262832628848,,,,,,,,
nta_5e19,5e+19,0.0,tail,coupled_final,0.0,0.01,0.0,0.3,bottom_oxide,0.00030000000000000003,2.0000000000000003e-06,3.0000000000000004,20.000000000000004,-0.05136350455838647,,,,,,,,
nta_5e19,5e+19,0.0,tail,coupled_final,0.0,0.01,0.0,0.3,bottom_oxide,0.00030000000000000003,2.1250000000000004e-06,3.0000000000000004,21.250000000000004,-0.05457372363292908,,,,,,,,
nta_5e19,5e+19,0.0,tail,coupled_final,0.0,0.01,0.0,0.3,bottom_oxide,0.00030000000000000003,2.2500000000000005e-06,3.0000000000000004,22.500000000000004,-0.05778394271449188,,,,,,,,
nta_5e19,5e+19,0.0,tail,coupled_final,0.0,0.01,0.0,0.3,bottom_oxide,0.00030000000000000003,2.375e-06,3.0000000000000004,23.75,-0.060994161803487816,,,,,,,,
nta_5e19,5e+19,0.0,tail,coupled_final,0.0,0.01,0.0,0.3,bottom_oxide,0.00030000000000000003,2.5e-06,3.0000000000000004,25.000000000000004,-0.06420438090032986,,,,,,,,
nta_5e19,5e+19,0.0,tail,coupled_final,0.0,0.01,0.0,0.3,bottom_oxide,0.00030000000000000003,2.6250000000000003e-06,3.0000000000000004,26.250000000000004,-0.06741460000543095,,,,,,,,
nta_5e19,5e+19,0.0,tail,coupled_final,0.0,0.01,0.0,0.3,bottom_oxide,0.00030000000000000003,2.75e-06,3.0000000000000004,27.5,-0.07062481911920404,,,,,,,,
nta_5e19,5e+19,0.0,tail,coupled_final,0.0,0.01,0.0,0.3,bottom_oxide,0.00030000000000000003,2.875e-06,3.0000000000000004,28.75,-0.0738350382420621,,,,,,,,
nta_5e19,5e+19,0.0,tail,coupled_final,0.0,0.01,0.0,0.3,bottom_oxide,0.00030000000000000003,3e-06,3.0000000000000004,30.0,-0.07704525737441806,,,,,,,,
nta_5e19,5e+19,0.0,tail,coupled_final,0.0,0.01,0.0,0.3,bottom_oxide,0.00032500000000000004,0.0,3.2500000000000004,0.0,0.0,,,,,,,,
nta_5e19,5e+19,0.0,tail,coupled_final,0.0,0.01,0.0,0.3,bottom_oxide,0.00032500000000000004,5.000000000000001e-07,3.2500000000000004,5.000000000000001,-0.012812667244953363,,,,,,,,
nta_5e19,5e+19,0.0,tail,coupled_final,0.0,0.01,0.0,0.3,bottom_oxide,0.00032500000000000004,1.0000000000000002e-06,3.2500000000000004,10.000000000000002,-0.025625334516480365,,,,,,,,
nta_5e19,5e+19,0.0,tail,coupled_final,0.0,0.01,0.0,0.3,bottom_oxide,0.00032500000000000004,1.5000000000000002e-06,3.2500000000000004,15.000000000000002,-0.03843800184115464,,,,,,,,
nta_5e19,5e+19,0.0,tail,coupled_final,0.0,0.01,0.0,0.3,bottom_oxide,0.00032500000000000004,2.0000000000000003e-06,3.2500000000000004,20.000000000000004,-0.05125066924554982,,,,,,,,
nta_5e19,5e+19,0.0,tail,coupled_final,0.0,0.01,0.0,0.3,bottom_oxide,0.00032500000000000004,2.1250000000000004e-06,3.2500000000000004,21.250000000000004,-0.054453836113257145,,,,,,,,
nta_5e19,5e+19,0.0,tail,coupled_final,0.0,0.01,0.0,0.3,bottom_oxide,0.00032500000000000004,2.2500000000000005e-06,3.2500000000000004,22.500000000000004,-0.057657002988023086,,,,,,,,
nta_5e19,5e+19,0.0,tail,coupled_final,0.0,0.01,0.0,0.3,bottom_oxide,0.00032500000000000004,2.375e-06,3.2500000000000004,23.75,-0.06086016987026285,,,,,,,,
nta_5e19,5e+19,0.0,tail,coupled_final,0.0,0.01,0.0,0.3,bottom_oxide,0.00032500000000000004,2.5e-06,3.2500000000000004,25.000000000000004,-0.06406333676039168,,,,,,,,
nta_5e19,5e+19,0.0,tail,coupled_final,0.0,0.01,0.0,0.3,bottom_oxide,0.00032500000000000004,2.6250000000000003e-06,3.2500000000000004,26.250000000000004,-0.06726650365882476,,,,,,,,
nta_5e19,5e+19,0.0,tail,coupled_final,0.0,0.01,0.0,0.3,bottom_oxide,0.00032500000000000004,2.75e-06,3.2500000000000004,27.5,-0.0704696705659773,,,,,,,,
nta_5e19,5e+19,0.0,tail,coupled_final,0.0,0.01,0.0,0.3,bottom_oxide,0.00032500000000000004,2.875e-06,3.2500000000000004,28.75,-0.07367283748226455,,,,,,,,
nta_5e19,5e+19,0.0,tail,coupled_final,0.0,0.01,0.0,0.3,bottom_oxide,0.00032500000000000004,3e-06,3.2500000000000004,30.0,-0.0768760044081017,,,,,,,,
nta_5e19,5e+19,0.0,tail,coupled_final,0.0,0.01,0.0,0.3,bottom_oxide,0.00035,0.0,3.5,0.0,0.0,,,,,,,,
nta_5e19,5e+19,0.0,tail,coupled_final,0.0,0.01,0.0,0.3,bottom_oxide,0.00035,5.000000000000001e-07,3.5,5.000000000000001,-0.01278439198229073,,,,,,,,
nta_5e19,5e+19,0.0,tail,coupled_final,0.0,0.01,0.0,0.3,bottom_oxide,0.00035,1.0000000000000002e-06,3.5,10.000000000000002,-0.025568783991301018,,,,,,,,
nta_5e19,5e+19,0.0,tail,coupled_final,0.0,0.01,0.0,0.3,bottom_oxide,0.00035,1.5000000000000002e-06,3.5,15.000000000000002,-0.03835317605375042,,,,,,,,
nta_5e19,5e+19,0.0,tail,coupled_final,0.0,0.01,0.0,0.3,bottom_oxide,0.00035,2.0000000000000003e-06,3.5,20.000000000000004,-0.05113756819635848,,,,,,,,
nta_5e19,5e+19,0.0,tail,coupled_final,0.0,0.01,0.0,0.3,bottom_oxide,0.00035,2.1250000000000004e-06,3.5,21.250000000000004,-0.054333666248710215,,,,,,,,
nta_5e19,5e+19,0.0,tail,coupled_final,0.0,0.01,0.0,0.3,bottom_oxide,0.00035,2.2500000000000005e-06,3.5,22.500000000000004,-0.057529764308159335,,,,,,,,
nta_5e19,5e+19,0.0,tail,coupled_final,0.0,0.01,0.0,0.3,bottom_oxide,0.00035,2.375e-06,3.5,23.75,-0.06072586237512331,,,,,,,,
nta_5e19,5e+19,0.0,tail,coupled_final,0.0,0.01,0.0,0.3,bottom_oxide,0.00035,2.5e-06,3.5,25.000000000000004,-0.06392196045001967,,,,,,,,
nta_5e19,5e+19,0.0,tail,coupled_final,0.0,0.01,0.0,0.3,bottom_oxide,0.00035,2.6250000000000003e-06,3.5,26.250000000000004,-0.0671180585332659,,,,,,,,
nta_5e19,5e+19,0.0,tail,coupled_final,0.0,0.01,0.0,0.3,bottom_oxide,0.00035,2.75e-06,3.5,27.5,-0.07031415662527946,,,,,,,,
nta_5e19,5e+19,0.0,tail,coupled_final,0.0,0.01,0.0,0.3,bottom_oxide,0.00035,2.875e-06,3.5,28.75,-0.07351025472647787,,,,,,,,
nta_5e19,5e+19,0.0,tail,coupled_final,0.0,0.01,0.0,0.3,bottom_oxide,0.00035,3e-06,3.5,30.0,-0.07670635283727864,,,,,,,,
nta_5e19,5e+19,0.0,tail,coupled_final,0.0,0.01,0.0,0.3,bottom_oxide,0.000375,0.0,3.75,0.0,0.0,,,,,,,,
nta_5e19,5e+19,0.0,tail,coupled_final,0.0,0.01,0.0,0.3,bottom_oxide,0.000375,5.000000000000001e-07,3.75,5.000000000000001,-0.012756049920740113,,,,,,,,
nta_5e19,5e+19,0.0,tail,coupled_final,0.0,0.01,0.0,0.3,bottom_oxide,0.000375,1.0000000000000002e-06,3.75,10.000000000000002,-0.025512099868346964,,,,,,,,
nta_5e19,5e+19,0.0,tail,coupled_final,0.0,0.01,0.0,0.3,bottom_oxide,0.000375,1.5000000000000002e-06,3.75,15.000000000000002,-0.03826814986968729,,,,,,,,
nta_5e19,5e+19,0.0,tail,coupled_final,0.0,0.01,0.0,0.3,bottom_oxide,0.000375,2.0000000000000003e-06,3.75,20.000000000000004,-0.05102419995162782,,,,,,,,
nta_5e19,5e+19,0.0,tail,coupled_final,0.0,0.01,0.0,0.3,bottom_oxide,0.000375,2.1250000000000004e-06,3.75,21.250000000000004,-0.054213212488904663,,,,,,,,
nta_5e19,5e+19,0.0,tail,coupled_final,0.0,0.01,0.0,0.3,bottom_oxide,0.000375,2.2500000000000005e-06,3.75,22.500000000000004,-0.05740222503331798,,,,,,,,
nta_5e19,5e+19,0.0,tail,coupled_final,0.0,0.01,0.0,0.3,bottom_oxide,0.000375,2.375e-06,3.75,23.75,-0.06059123758528756,,,,,,,,
nta_5e19,5e+19,0.0,tail,coupled_final,0.0,0.01,0.0,0.3,bottom_oxide,0.000375,2.5e-06,3.75,25.000000000000004,-0.06378025014523321,,,,,,,,
nta_5e19,5e+19,0.0,tail,coupled_final,0.0,0.01,0.0,0.3,bottom_oxide,0.000375,2.6250000000000003e-06,3.75,26.250000000000004,-0.06696926271357471,,,,,,,,
nta_5e19,5e+19,0.0,tail,coupled_final,0.0,0.01,0.0,0.3,bottom_oxide,0.000375,2.75e-06,3.75,27.5,-0.07015827529073186,,,,,,,,
nta_5e19,5e+19,0.0,tail,coupled_final,0.0,0.01,0.0,0.3,bottom_oxide,0.000375,2.875e-06,3.75,28.75,-0.07334728787712445,,,,,,,,
nta_5e19,5e+19,0.0,tail,coupled_final,0.0,0.01,0.0,0.3,bottom_oxide,0.000375,3e-06,3.75,30.0,-0.07653630047317228,,,,,,,,
nta_5e19,5e+19,0.0,tail,coupled_final,0.0,0.01,0.0,0.3,bottom_oxide,0.0004,0.0,4.0,0.0,0.0,,,,,,,,
nta_5e19,5e+19,0.0,tail,coupled_final,0.0,0.01,0.0,0.3,bottom_oxide,0.0004,5.000000000000001e-07,4.0,5.000000000000001,-0.012727640692348087,,,,,,,,
nta_5e19,5e+19,0.0,tail,coupled_final,0.0,0.01,0.0,0.3,bottom_oxide,0.0004,1.0000000000000002e-06,4.0,10.000000000000002,-0.025455281411711373,,,,,,,,
nta_5e19,5e+19,0.0,tail,coupled_final,0.0,0.01,0.0,0.3,bottom_oxide,0.0004,1.5000000000000002e-06,4.0,15.000000000000002,-0.038182922185105043,,,,,,,,
nta_5e19,5e+19,0.0,tail,coupled_final,0.0,0.01,0.0,0.3,bottom_oxide,0.0004,2.0000000000000003e-06,4.0,20.000000000000004,-0.050910563039544304,,,,,,,,
nta_5e19,5e+19,0.0,tail,coupled_final,0.0,0.01,0.0,0.3,bottom_oxide,0.0004,2.1250000000000004e-06,4.0,21.250000000000004,-0.05409247327003862,,,,,,,,
nta_5e19,5e+19,0.0,tail,coupled_final,0.0,0.01,0.0,0.3,bottom_oxide,0.0004,2.2500000000000005e-06,4.0,22.500000000000004,-0.05727438350770884,,,,,,,,
nta_5e19,5e+19,0.0,tail,coupled_final,0.0,0.01,0.0,0.3,bottom_oxide,0.0004,2.375e-06,4.0,23.75,-0.06045629375297708,,,,,,,,
nta_5e19,5e+19,0.0,tail,coupled_final,0.0,0.01,0.0,0.3,bottom_oxide,0.0004,2.5e-06,4.0,25.000000000000004,-0.06363820400626546,,,,,,,,
nta_5e19,5e+19,0.0,tail,coupled_final,0.0,0.01,0.0,0.3,bottom_oxide,0.0004,2.6250000000000003e-06,4.0,26.250000000000004,-0.0668201142679961,,,,,,,,
nta_5e19,5e+19,0.0,tail,coupled_final,0.0,0.01,0.0,0.3,bottom_oxide,0.0004,2.75e-06,4.0,27.5,-0.07000202453859107,,,,,,,,
nta_5e19,5e+19,0.0,tail,coupled_final,0.0,0.01,0.0,0.3,bottom_oxide,0.0004,2.875e-06,4.0,28.75,-0.07318393481847253,,,,,,,,
nta_5e19,5e+19,0.0,tail,coupled_final,0.0,0.01,0.0,0.3,bottom_oxide,0.0004,3e-06,4.0,30.0,-0.07636584510806259,,,,,,,,
nta_5e19,5e+19,0.0,tail,coupled_final,0.0,0.01,0.0,0.3,bottom_oxide,0.00042500000000000003,0.0,4.25,0.0,0.0,,,,,,,,
nta_5e19,5e+19,0.0,tail,coupled_final,0.0,0.01,0.0,0.3,bottom_oxide,0.00042500000000000003,5.000000000000001e-07,4.25,5.000000000000001,-0.012699163925966579,,,,,,,,
nta_5e19,5e+19,0.0,tail,coupled_final,0.0,0.01,0.0,0.3,bottom_oxide,0.00042500000000000003,1.0000000000000002e-06,4.25,10.000000000000002,-0.025398327879098105,,,,,,,,
nta_5e19,5e+19,0.0,tail,coupled_final,0.0,0.01,0.0,0.3,bottom_oxide,0.00042500000000000003,1.5000000000000002e-06,4.25,15.000000000000002,-0.03809749188655953,,,,,,,,
nta_5e19,5e+19,0.0,tail,coupled_final,0.0,0.01,0.0,0.3,bottom_oxide,0.00042500000000000003,2.0000000000000003e-06,4.25,20.000000000000004,-0.050796655975515796,,,,,,,,
nta_5e19,5e+19,0.0,tail,coupled_final,0.0,0.01,0.0,0.3,bottom_oxide,0.00042500000000000003,2.1250000000000004e-06,4.25,21.250000000000004,-0.05397144701473296,,,,,,,,
nta_5e19,5e+19,0.0,tail,coupled_final,0.0,0.01,0.0,0.3,bottom_oxide,0.00042500000000000003,2.2500000000000005e-06,4.25,22.500000000000004,-0.057146238061165804,,,,,,,,
nta_5e19,5e+19,0.0,tail,coupled_final,0.0,0.01,0.0,0.3,bottom_oxide,0.00042500000000000003,2.375e-06,4.25,23.75,-0.06032102911523878,,,,,,,,
nta_5e19,5e+19,0.0,tail,coupled_final,0.0,0.01,0.0,0.3,bottom_oxide,0.00042500000000000003,2.5e-06,4.25,25.000000000000004,-0.06349582017737636,,,,,,,,
nta_5e19,5e+19,0.0,tail,coupled_final,0.0,0.01,0.0,0.3,bottom_oxide,0.00042500000000000003,2.6250000000000003e-06,4.25,26.250000000000004,-0.066670611248003,,,,,,,,
nta_5e19,5e+19,0.0,tail,coupled_final,0.0,0.01,0.0,0.3,bottom_oxide,0.00042500000000000003,2.75e-06,4.25,27.5,-0.0698454023275431,,,,,,,,
nta_5e19,5e+19,0.0,tail,coupled_final,0.0,0.01,0.0,0.3,bottom_oxide,0.00042500000000000003,2.875e-06,4.25,28.75,-0.07302019341642119,,,,,,,,
nta_5e19,5e+19,0.0,tail,coupled_final,0.0,0.01,0.0,0.3,bottom_oxide,0.00042500000000000003,3e-06,4.25,30.0,-0.07619498451506167,,,,,,,,
nta_5e19,5e+19,0.0,tail,coupled_final,0.0,0.01,0.0,0.3,bottom_oxide,0.00045000000000000004,0.0,4.5,0.0,0.0,,,,,,,,
nta_5e19,5e+19,0.0,tail,coupled_final,0.0,0.01,0.0,0.3,bottom_oxide,0.00045000000000000004,5.000000000000001e-07,4.5,5.000000000000001,-0.012670619247214932,,,,,,,,
nta_5e19,5e+19,0.0,tail,coupled_final,0.0,0.01,0.0,0.3,bottom_oxide,0.00045000000000000004,1.0000000000000002e-06,4.5,10.000000000000002,-0.025341238521745874,,,,,,,,
nta_5e19,5e+19,0.0,tail,coupled_final,0.0,0.01,0.0,0.3,bottom_oxide,0.00045000000000000004,1.5000000000000002e-06,4.5,15.000000000000002,-0.03801185785090883,,,,,,,,
nta_5e19,5e+19,0.0,tail,coupled_final,0.0,0.01,0.0,0.3,bottom_oxide,0.00045000000000000004,2.0000000000000003e-06,4.5,20.000000000000004,-0.05068247726201982,,,,,,,,
nta_5e19,5e+19,0.0,tail,coupled_final,0.0,0.01,0.0,0.3,bottom_oxide,0.00045000000000000004,2.1250000000000004e-06,4.5,21.250000000000004,-0.05385013213187007,,,,,,,,
nta_5e19,5e+19,0.0,tail,coupled_final,0.0,0.01,0.0,0.3,bottom_oxide,0.00045000000000000004,2.2500000000000005e-06,4.5,22.500000000000004,-0.05701778700897613,,,,,,,,
nta_5e19,5e+19,0.0,tail,coupled_final,0.0,0.01,0.0,0.3,bottom_oxide,0.00045000000000000004,2.375e-06,4.5,23.75,-0.06018544189376482,,,,,,,,
nta_5e19,5e+19,0.0,tail,coupled_final,0.0,0.01,0.0,0.3,bottom_oxide,0.00045000000000000004,2.5e-06,4.5,25.000000000000004,-0.06335309678666295,,,,,,,,
nta_5e19,5e+19,0.0,tail,coupled_final,0.0,0.01,0.0,0.3,bottom_oxide,0.00045000000000000004,2.6250000000000003e-06,4.5,26.250000000000004,-0.06652075168809733,,,,,,,,
nta_5e19,5e+19,0.0,tail,coupled_final,0.0,0.01,0.0,0.3,bottom_oxide,0.00045000000000000004,2.75e-06,4.5,27.5,-0.06968840659849478,,,,,,,,
nta_5e19,5e+19,0.0,tail,coupled_final,0.0,0.01,0.0,0.3,bottom_oxide,0.00045000000000000004,2.875e-06,4.5,28.75,-0.0728560615182821,,,,,,,,
nta_5e19,5e+19,0.0,tail,coupled_final,0.0,0.01,0.0,0.3,bottom_oxide,0.00045000000000000004,3e-06,4.5,30.0,-0.07602371644788612,,,,,,,,
nta_5e19,5e+19,0.0,tail,coupled_final,0.0,0.01,0.0,0.3,bottom_oxide,0.000475,0.0,4.75,0.0,0.0,,,,,,,,
nta_5e19,5e+19,0.0,tail,coupled_final,0.0,0.01,0.0,0.3,bottom_oxide,0.000475,5.000000000000001e-07,4.75,5.000000000000001,-0.012642006278441396,,,,,,,,
nta_5e19,5e+19,0.0,tail,coupled_final,0.0,0.01,0.0,0.3,bottom_oxide,0.000475,1.0000000000000002e-06,4.75,10.000000000000002,-0.025284012584351187,,,,,,,,
nta_5e19,5e+19,0.0,tail,coupled_final,0.0,0.01,0.0,0.3,bottom_oxide,0.000475,1.5000000000000002e-06,4.75,15.000000000000002,-0.037926018945197766,,,,,,,,
nta_5e19,5e+19,0.0,tail,coupled_final,0.0,0.01,0.0,0.3,bottom_oxide,0.000475,2.0000000000000003e-06,4.75,20.000000000000004,-0.050568025388449525,,,,,,,,
nta_5e19,5e+19,0.0,tail,coupled_final,0.0,0.01,0.0,0.3,bottom_oxide,0.000475,2.1250000000000004e-06,4.75,21.250000000000004,-0.05372852701643021,,,,,,,,
nta_5e19,5e+19,0.0,tail,coupled_final,0.0,0.01,0.0,0.3,bottom_oxide,0.000475,2.2500000000000005e-06,4.75,22.500000000000004,-0.05688902865170718,,,,,,,,
nta_5e19,5e+19,0.0,tail,coupled_final,0.0,0.01,0.0,0.3,bottom_oxide,0.000475,2.375e-06,4.75,23.75,-0.060049530294709635,,,,,,,,
nta_5e19,5e+19,0.0,tail,coupled_final,0.0,0.01,0.0,0.3,bottom_oxide,0.000475,2.5e-06,4.75,25.000000000000004,-0.06321003194586677,,,,,,,,
nta_5e19,5e+19,0.0,tail,coupled_final,0.0,0.01,0.0,0.3,bottom_oxide,0.000475,2.6250000000000003e-06,4.75,26.250000000000004,-0.0663705336056078,,,,,,,,
nta_5e19,5e+19,0.0,tail,coupled_final,0.0,0.01,0.0,0.3,bottom_oxide,0.000475,2.75e-06,4.75,27.5,-0.06953103527436186,,,,,,,,
nta_5e19,5e+19,0.0,tail,coupled_final,0.0,0.01,0.0,0.3,bottom_oxide,0.000475,2.875e-06,4.75,28.75,-0.0726915369525582,,,,,,,,
nta_5e19,5e+19,0.0,tail,coupled_final,0.0,0.01,0.0,0.3,bottom_oxide,0.000475,3e-06,4.75,30.0,-0.075852038640626,,,,,,,,
nta_5e19,5e+19,0.0,tail,coupled_final,0.0,0.01,0.0,0.3,bottom_oxide,0.0005,0.0,5.0,0.0,0.0,,,,,,,,
nta_5e19,5e+19,0.0,tail,coupled_final,0.0,0.01,0.0,0.3,bottom_oxide,0.0005,5.000000000000001e-07,5.0,5.000000000000001,-0.012613324638684012,,,,,,,,
nta_5e19,5e+19,0.0,tail,coupled_final,0.0,0.01,0.0,0.3,bottom_oxide,0.0005,1.0000000000000002e-06,5.0,10.000000000000002,-0.02522664930499014,,,,,,,,
nta_5e19,5e+19,0.0,tail,coupled_final,0.0,0.01,0.0,0.3,bottom_oxide,0.0005,1.5000000000000002e-06,5.0,15.000000000000002,-0.03783997402654051,,,,,,,,
nta_5e19,5e+19,0.0,tail,coupled_final,0.0,0.01,0.0,0.3,bottom_oxide,0.0005,2.0000000000000003e-06,5.0,20.000000000000004,-0.05045329883095723,,,,,,,,
nta_5e19,5e+19,0.0,tail,coupled_final,0.0,0.01,0.0,0.3,bottom_oxide,0.0005,2.1250000000000004e-06,5.0,21.250000000000004,-0.053606630049325234,,,,,,,,
nta_5e19,5e+19,0.0,tail,coupled_final,0.0,0.01,0.0,0.3,bottom_oxide,0.0005,2.2500000000000005e-06,5.0,22.500000000000004,-0.056759961275030364,,,,,,,,
nta_5e19,5e+19,0.0,tail,coupled_final,0.0,0.01,0.0,0.3,bottom_oxide,0.0005,2.375e-06,5.0,23.75,-0.0599132925085042,,,,,,,,
nta_5e19,5e+19,0.0,tail,coupled_final,0.0,0.01,0.0,0.3,bottom_oxide,0.0005,2.5e-06,5.0,25.000000000000004,-0.06306662375017837,,,,,,,,
nta_5e19,5e+19,0.0,tail,coupled_final,0.0,0.01,0.0,0.3,bottom_oxide,0.0005,2.6250000000000003e-06,5.0,26.250000000000004,-0.06621995500048444,,,,,,,,
nta_5e19,5e+19,0.0,tail,coupled_final,0.0,0.01,0.0,0.3,bottom_oxide,0.0005,2.75e-06,5.0,27.5,-0.06937328625985402,,,,,,,,
nta_5e19,5e+19,0.0,tail,coupled_final,0.0,0.01,0.0,0.3,bottom_oxide,0.0005,2.875e-06,5.0,28.75,-0.0725266175287187,,,,,,,,
nta_5e19,5e+19,0.0,tail,coupled_final,0.0,0.01,0.0,0.3,bottom_oxide,0.0005,3e-06,5.0,30.0,-0.07567994880751008,,,,,,,,
nta_5e19,5e+19,0.0,tail,coupled_final,0.0,0.01,0.0,0.3,bottom_oxide,0.0005250000000000001,0.0,5.250000000000001,0.0,0.0,,,,,,,,
nta_5e19,5e+19,0.0,tail,coupled_final,0.0,0.01,0.0,0.3,bottom_oxide,0.0005250000000000001,5.000000000000001e-07,5.250000000000001,5.000000000000001,-0.012584573943630918,,,,,,,,
nta_5e19,5e+19,0.0,tail,coupled_final,0.0,0.01,0.0,0.3,bottom_oxide,0.0005250000000000001,1.0000000000000002e-06,5.250000000000001,10.000000000000002,-0.025169147915039033,,,,,,,,
nta_5e19,5e+19,0.0,tail,coupled_final,0.0,0.01,0.0,0.3,bottom_oxide,0.0005250000000000001,1.5000000000000002e-06,5.250000000000001,15.000000000000002,-0.03775372194200154,,,,,,,,
nta_5e19,5e+19,0.0,tail,coupled_final,0.0,0.01,0.0,0.3,bottom_oxide,0.0005250000000000001,2.0000000000000003e-06,5.250000000000001,20.000000000000004,-0.05033829605229566,,,,,,,,
nta_5e19,5e+19,0.0,tail,coupled_final,0.0,0.01,0.0,0.3,bottom_oxide,0.0005250000000000001,2.1250000000000004e-06,5.250000000000001,21.250000000000004,-0.053484439597229934,,,,,,,,
nta_5e19,5e+19,0.0,tail,coupled_final,0.0,0.01,0.0,0.3,bottom_oxide,0.0005250000000000001,2.2500000000000005e-06,5.250000000000001,22.500000000000004,-0.05663058314954253,,,,,,,,
nta_5e19,5e+19,0.0,tail,coupled_final,0.0,0.01,0.0,0.3,bottom_oxide,0.0005250000000000001,2.375e-06,5.250000000000001,23.75,-0.05977672670966745,,,,,,,,
nta_5e19,5e+19,0.0,tail,coupled_final,0.0,0.01,0.0,0.3,bottom_oxide,0.0005250000000000001,2.5e-06,5.250000000000001,25.000000000000004,-0.06292287027803874,,,,,,,,
nta_5e19,5e+19,0.0,tail,coupled_final,0.0,0.01,0.0,0.3,bottom_oxide,0.0005250000000000001,2.6250000000000003e-06,5.250000000000001,26.250000000000004,-0.0660690138550904,,,,,,,,
nta_5e19,5e+19,0.0,tail,coupled_final,0.0,0.01,0.0,0.3,bottom_oxide,0.0005250000000000001,2.75e-06,5.250000000000001,27.5,-0.06921515744125645,,,,,,,,
nta_5e19,5e+19,0.0,tail,coupled_final,0.0,0.01,0.0,0.3,bottom_oxide,0.0005250000000000001,2.875e-06,5.250000000000001,28.75,-0.07236130103697092,,,,,,,,
nta_5e19,5e+19,0.0,tail,coupled_final,0.0,0.01,0.0,0.3,bottom_oxide,0.0005250000000000001,3e-06,5.250000000000001,30.0,-0.0755074446426678,,,,,,,,
nta_5e19,5e+19,0.0,tail,coupled_final,0.0,0.01,0.0,0.3,bottom_oxide,0.0005499999999999999,0.0,5.499999999999999,0.0,0.0,,,,,,,,
nta_5e19,5e+19,0.0,tail,coupled_final,0.0,0.01,0.0,0.3,bottom_oxide,0.0005499999999999999,5.000000000000001e-07,5.499999999999999,5.000000000000001,-0.012555753805580052,,,,,,,,
nta_5e19,5e+19,0.0,tail,coupled_final,0.0,0.01,0.0,0.3,bottom_oxide,0.0005499999999999999,1.0000000000000002e-06,5.499999999999999,10.000000000000002,-0.025111507639093755,,,,,,,,
nta_5e19,5e+19,0.0,tail,coupled_final,0.0,0.01,0.0,0.3,bottom_oxide,0.0005499999999999999,1.5000000000000002e-06,5.499999999999999,15.000000000000002,-0.037667261528474764,,,,,,,,
nta_5e19,5e+19,0.0,tail,coupled_final,0.0,0.01,0.0,0.3,bottom_oxide,0.0005499999999999999,2.0000000000000003e-06,5.499999999999999,20.000000000000004,-0.050223015501656726,,,,,,,,
nta_5e19,5e+19,0.0,tail,coupled_final,0.0,0.01,0.0,0.3,bottom_oxide,0.0005499999999999999,2.1250000000000004e-06,5.499999999999999,21.250000000000004,-0.05336195401241075,,,,,,,,
nta_5e19,5e+19,0.0,tail,coupled_final,0.0,0.01,0.0,0.3,bottom_oxide,0.0005499999999999999,2.2500000000000005e-06,5.499999999999999,22.500000000000004,-0.05650089253058465,,,,,,,,
nta_5e19,5e+19,0.0,tail,coupled_final,0.0,0.01,0.0,0.3,bottom_oxide,0.0005499999999999999,2.375e-06,5.499999999999999,23.75,-0.059639831056614884,,,,,,,,
nta_5e19,5e+19,0.0,tail,coupled_final,0.0,0.01,0.0,0.3,bottom_oxide,0.0005499999999999999,2.5e-06,5.499999999999999,25.000000000000004,-0.06277876959093792,,,,,,,,
nta_5e19,5e+19,0.0,tail,coupled_final,0.0,0.01,0.0,0.3,bottom_oxide,0.0005499999999999999,2.6250000000000003e-06,5.499999999999999,26.250000000000004,-0.06591770813399023,,,,,,,,
nta_5e19,5e+19,0.0,tail,coupled_final,0.0,0.01,0.0,0.3,bottom_oxide,0.0005499999999999999,2.75e-06,5.499999999999999,27.5,-0.06905664668620826,,,,,,,,
nta_5e19,5e+19,0.0,tail,coupled_final,0.0,0.01,0.0,0.3,bottom_oxide,0.0005499999999999999,2.875e-06,5.499999999999999,28.75,-0.07219558524802848,,,,,,,,
nta_5e19,5e+19,0.0,tail,coupled_final,0.0,0.01,0.0,0.3,bottom_oxide,0.0005499999999999999,3e-06,5.499999999999999,30.0,-0.07533452381988737,,,,,,,,
nta_5e19,5e+19,0.0,tail,coupled_final,0.0,0.01,0.0,0.3,bottom_oxide,0.000575,0.0,5.75,0.0,0.0,,,,,,,,
nta_5e19,5e+19,0.0,tail,coupled_final,0.0,0.01,0.0,0.3,bottom_oxide,0.000575,5.000000000000001e-07,5.75,5.000000000000001,-0.012526863833398226,,,,,,,,
nta_5e19,5e+19,0.0,tail,coupled_final,0.0,0.01,0.0,0.3,bottom_oxide,0.000575,1.0000000000000002e-06,5.75,10.000000000000002,-0.025053727694887947,,,,,,,,
nta_5e19,5e+19,0.0,tail,coupled_final,0.0,0.01,0.0,0.3,bottom_oxide,0.000575,1.5000000000000002e-06,5.75,15.000000000000002,-0.03758059161256066,,,,,,,,
nta_5e19,5e+19,0.0,tail,coupled_final,0.0,0.01,0.0,0.3,bottom_oxide,0.000575,2.0000000000000003e-06,5.75,20.000000000000004,-0.05010745561450785,,,,,,,,
nta_5e19,5e+19,0.0,tail,coupled_final,0.0,0.01,0.0,0.3,bottom_oxide,0.000575,2.1250000000000004e-06,5.75,21.250000000000004,-0.05323917163255183,,,,,,,,
nta_5e19,5e+19,0.0,tail,coupled_final,0.0,0.01,0.0,0.3,bottom_oxide,0.000575,2.2500000000000005e-06,5.75,22.500000000000004,-0.056370887658057624,,,,,,,,
nta_5e19,5e+19,0.0,tail,coupled_final,0.0,0.01,0.0,0.3,bottom_oxide,0.000575,2.375e-06,5.75,23.75,-0.05950260369146413,,,,,,,,
nta_5e19,5e+19,0.0,tail,coupled_final,0.0,0.01,0.0,0.3,bottom_oxide,0.000575,2.5e-06,5.75,25.000000000000004,-0.0626343197332103,,,,,,,,
nta_5e19,5e+19,0.0,tail,coupled_final,0.0,0.01,0.0,0.3,bottom_oxide,0.000575,2.6250000000000003e-06,5.75,26.250000000000004,-0.06576603578373508,,,,,,,,
nta_5e19,5e+19,0.0,tail,coupled_final,0.0,0.01,0.0,0.3,bottom_oxide,0.000575,2.75e-06,5.75,27.5,-0.06889775184347736,,,,,,,,
nta_5e19,5e+19,0.0,tail,coupled_final,0.0,0.01,0.0,0.3,bottom_oxide,0.000575,2.875e-06,5.75,28.75,-0.07202946791287611,,,,,,,,
nta_5e19,5e+19,0.0,tail,coupled_final,0.0,0.01,0.0,0.3,bottom_oxide,0.000575,3e-06,5.75,30.0,-0.07516118399237023,,,,,,,,
nta_5e19,5e+19,0.0,tail,coupled_final,0.0,0.01,0.0,0.3,bottom_oxide,0.0006000000000000001,0.0,6.000000000000001,0.0,0.0,,,,,,,,
nta_5e19,5e+19,0.0,tail,coupled_final,0.0,0.01,0.0,0.3,bottom_oxide,0.0006000000000000001,5.000000000000001e-07,6.000000000000001,5.000000000000001,-0.012497903632479598,,,,,,,,
nta_5e19,5e+19,0.0,tail,coupled_final,0.0,0.01,0.0,0.3,bottom_oxide,0.0006000000000000001,1.0000000000000002e-06,6.000000000000001,10.000000000000002,-0.024995807293209937,,,,,,,,
nta_5e19,5e+19,0.0,tail,coupled_final,0.0,0.01,0.0,0.3,bottom_oxide,0.0006000000000000001,1.5000000000000002e-06,6.000000000000001,15.000000000000002,-0.037493711010441765,,,,,,,,
nta_5e19,5e+19,0.0,tail,coupled_final,0.0,0.01,0.0,0.3,bottom_oxide,0.0006000000000000001,2.0000000000000003e-06,6.000000000000001,20.000000000000004,-0.04999161481242582,,,,,,,,
nta_5e19,5e+19,0.0,tail,coupled_final,0.0,0.01,0.0,0.3,bottom_oxide,0.0006000000000000001,2.1250000000000004e-06,6.000000000000001,21.250000000000004,-0.053116090780578544,,,,,,,,
nta_5e19,5e+19,0.0,tail,coupled_final,0.0,0.01,0.0,0.3,bottom_oxide,0.0006000000000000001,2.2500000000000005e-06,6.000000000000001,22.500000000000004,-0.05624056675623538,,,,,,,,
nta_5e19,5e+19,0.0,tail,coupled_final,0.0,0.01,0.0,0.3,bottom_oxide,0.0006000000000000001,2.375e-06,6.000000000000001,23.75,-0.05936504273983772,,,,,,,,
nta_5e19,5e+19,0.0,tail,coupled_final,0.0,0.01,0.0,0.3,bottom_oxide,0.0006000000000000001,2.5e-06,6.000000000000001,25.000000000000004,-0.06248951873182701,,,,,,,,
nta_5e19,5e+19,0.0,tail,coupled_final,0.0,0.01,0.0,0.3,bottom_oxide,0.0006000000000000001,2.6250000000000003e-06,6.000000000000001,26.250000000000004,-0.06561399473264466,,,,,,,,
nta_5e19,5e+19,0.0,tail,coupled_final,0.0,0.01,0.0,0.3,bottom_oxide,0.0006000000000000001,2.75e-06,6.000000000000001,27.5,-0.06873847074273207,,,,,,,,
nta_5e19,5e+19,0.0,tail,coupled_final,0.0,0.01,0.0,0.3,bottom_oxide,0.0006000000000000001,2.875e-06,6.000000000000001,28.75,-0.07186294676253067,,,,,,,,
nta_5e19,5e+19,0.0,tail,coupled_final,0.0,0.01,0.0,0.3,bottom_oxide,0.0006000000000000001,3e-06,6.000000000000001,30.0,-0.0749874227924819,,,,,,,,
nta_5e19,5e+19,0.0,tail,coupled_final,0.0,0.01,0.0,0.3,bottom_oxide,0.000625,0.0,6.25,0.0,0.0,,,,,,,,
nta_5e19,5e+19,0.0,tail,coupled_final,0.0,0.01,0.0,0.3,bottom_oxide,0.000625,5.000000000000001e-07,6.25,5.000000000000001,-0.012468872804703459,,,,,,,,
nta_5e19,5e+19,0.0,tail,coupled_final,0.0,0.01,0.0,0.3,bottom_oxide,0.000625,1.0000000000000002e-06,6.25,10.000000000000002,-0.024937745637818334,,,,,,,,
nta_5e19,5e+19,0.0,tail,coupled_final,0.0,0.01,0.0,0.3,bottom_oxide,0.000625,1.5000000000000002e-06,6.25,15.000000000000002,-0.037406618527756036,,,,,,,,
nta_5e19,5e+19,0.0,tail,coupled_final,0.0,0.01,0.0,0.3,bottom_oxide,0.000625,2.0000000000000003e-06,6.25,20.000000000000004,-0.04987549150292798,,,,,,,,
nta_5e19,5e+19,0.0,tail,coupled_final,0.0,0.01,0.0,0.3,bottom_oxide,0.000625,2.1250000000000004e-06,6.25,21.250000000000004,-0.0529927097644781,,,,,,,,
nta_5e19,5e+19,0.0,tail,coupled_final,0.0,0.01,0.0,0.3,bottom_oxide,0.000625,2.2500000000000005e-06,6.25,22.500000000000004,-0.056109928033575,,,,,,,,
nta_5e19,5e+19,0.0,tail,coupled_final,0.0,0.01,0.0,0.3,bottom_oxide,0.000625,2.375e-06,6.25,23.75,-0.0592271463106626,,,,,,,,
nta_5e19,5e+19,0.0,tail,coupled_final,0.0,0.01,0.0,0.3,bottom_oxide,0.000625,2.5e-06,6.25,25.000000000000004,-0.062344364596184844,,,,,,,,
nta_5e19,5e+19,0.0,tail,coupled_final,0.0,0.01,0.0,0.3,bottom_oxide,0.000625,2.6250000000000003e-06,6.25,26.250000000000004,-0.06546158289058567,,,,,,,,
nta_5e19,5e+19,0.0,tail,coupled_final,0.0,0.01,0.0,0.3,bottom_oxide,0.000625,2.75e-06,6.25,27.5,-0.06857880119430897,,,,,,,,
nta_5e19,5e+19,0.0,tail,coupled_final,0.0,0.01,0.0,0.3,bottom_oxide,0.000625,2.875e-06,6.25,28.75,-0.07169601950779869,,,,,,,,
nta_5e19,5e+19,0.0,tail,coupled_final,0.0,0.01,0.0,0.3,bottom_oxide,0.000625,3e-06,6.25,30.0,-0.07481323783149878,,,,,,,,
nta_5e19,5e+19,0.0,tail,coupled_final,0.0,0.01,0.0,0.3,bottom_oxide,0.0006500000000000001,0.0,6.500000000000001,0.0,0.0,,,,,,,,
nta_5e19,5e+19,0.0,tail,coupled_final,0.0,0.01,0.0,0.3,bottom_oxide,0.0006500000000000001,5.000000000000001e-07,6.500000000000001,5.000000000000001,-0.012439770948391417,,,,,,,,
nta_5e19,5e+19,0.0,tail,coupled_final,0.0,0.01,0.0,0.3,bottom_oxide,0.0006500000000000001,1.0000000000000002e-06,6.500000000000001,10.000000000000002,-0.02487954192535636,,,,,,,,
nta_5e19,5e+19,0.0,tail,coupled_final,0.0,0.01,0.0,0.3,bottom_oxide,0.0006500000000000001,1.5000000000000002e-06,6.500000000000001,15.000000000000002,-0.03731931295946835,,,,,,,,
nta_5e19,5e+19,0.0,tail,coupled_final,0.0,0.01,0.0,0.3,bottom_oxide,0.0006500000000000001,2.0000000000000003e-06,6.500000000000001,20.000000000000004,-0.04975908407930093,,,,,,,,
nta_5e19,5e+19,0.0,tail,coupled_final,0.0,0.01,0.0,0.3,bottom_oxide,0.0006500000000000001,2.1250000000000004e-06,6.500000000000001,21.250000000000004,-0.052869026877117524,,,,,,,,
nta_5e19,5e+19,0.0,tail,coupled_final,0.0,0.01,0.0,0.3,bottom_oxide,0.0006500000000000001,2.2500000000000005e-06,6.500000000000001,22.500000000000004,-0.055978969682523964,,,,,,,,
nta_5e19,5e+19,0.0,tail,coupled_final,0.0,0.01,0.0,0.3,bottom_oxide,0.0006500000000000001,2.375e-06,6.500000000000001,23.75,-0.0590889124959667,,,,,,,,
nta_5e19,5e+19,0.0,tail,coupled_final,0.0,0.01,0.0,0.3,bottom_oxide,0.0006500000000000001,2.5e-06,6.500000000000001,25.000000000000004,-0.06219885531789221,,,,,,,,
nta_5e19,5e+19,0.0,tail,coupled_final,0.0,0.01,0.0,0.3,bottom_oxide,0.0006500000000000001,2.6250000000000003e-06,6.500000000000001,26.250000000000004,-0.06530879814874695,,,,,,,,
nta_5e19,5e+19,0.0,tail,coupled_final,0.0,0.01,0.0,0.3,bottom_oxide,0.0006500000000000001,2.75e-06,6.500000000000001,27.5,-0.06841874098897735,,,,,,,,
nta_5e19,5e+19,0.0,tail,coupled_final,0.0,0.01,0.0,0.3,bottom_oxide,0.0006500000000000001,2.875e-06,6.500000000000001,28.75,-0.07152868383902992,,,,,,,,
nta_5e19,5e+19,0.0,tail,coupled_final,0.0,0.01,0.0,0.3,bottom_oxide,0.0006500000000000001,3e-06,6.500000000000001,30.0,-0.0746386266993511,,,,,,,,
nta_5e19,5e+19,0.0,tail,coupled_final,0.0,0.01,0.0,0.3,bottom_oxide,0.000675,0.0,6.75,0.0,0.0,,,,,,,,
nta_5e19,5e+19,0.0,tail,coupled_final,0.0,0.01,0.0,0.3,bottom_oxide,0.000675,5.000000000000001e-07,6.75,5.000000000000001,-0.012410597658263902,,,,,,,,
nta_5e19,5e+19,0.0,tail,coupled_final,0.0,0.01,0.0,0.3,bottom_oxide,0.000675,1.0000000000000002e-06,6.75,10.000000000000002,-0.024821195345264904,,,,,,,,
nta_5e19,5e+19,0.0,tail,coupled_final,0.0,0.01,0.0,0.3,bottom_oxide,0.000675,1.5000000000000002e-06,6.75,15.000000000000002,-0.037231793089740096,,,,,,,,
nta_5e19,5e+19,0.0,tail,coupled_final,0.0,0.01,0.0,0.3,bottom_oxide,0.000675,2.0000000000000003e-06,6.75,20.000000000000004,-0.04964239092042658,,,,,,,,
nta_5e19,5e+19,0.0,tail,coupled_final,0.0,0.01,0.0,0.3,bottom_oxide,0.000675,2.1250000000000004e-06,6.75,21.250000000000004,-0.05274504039605888,,,,,,,,
nta_5e19,5e+19,0.0,tail,coupled_final,0.0,0.01,0.0,0.3,bottom_oxide,0.000675,2.2500000000000005e-06,6.75,22.500000000000004,-0.05584768987932447,,,,,,,,
nta_5e19,5e+19,0.0,tail,coupled_final,0.0,0.01,0.0,0.3,bottom_oxide,0.000675,2.375e-06,6.75,23.75,-0.05895033937067237,,,,,,,,
nta_5e19,5e+19,0.0,tail,coupled_final,0.0,0.01,0.0,0.3,bottom_oxide,0.000675,2.5e-06,6.75,25.000000000000004,-0.0620529888705516,,,,,,,,
nta_5e19,5e+19,0.0,tail,coupled_final,0.0,0.01,0.0,0.3,bottom_oxide,0.000675,2.6250000000000003e-06,6.75,26.250000000000004,-0.06515563837941117,,,,,,,,
nta_5e19,5e+19,0.0,tail,coupled_final,0.0,0.01,0.0,0.3,bottom_oxide,0.000675,2.75e-06,6.75,27.5,-0.06825828789770008,,,,,,,,
nta_5e19,5e+19,0.0,tail,coupled_final,0.0,0.01,0.0,0.3,bottom_oxide,0.000675,2.875e-06,6.75,28.75,-0.0713609374258674,,,,,,,,
nta_5e19,5e+19,0.0,tail,coupled_final,0.0,0.01,0.0,0.3,bottom_oxide,0.000675,3e-06,6.75,30.0,-0.07446358696436209,,,,,,,,
nta_5e19,5e+19,0.0,tail,coupled_final,0.0,0.01,0.0,0.3,bottom_oxide,0.0007,0.0,7.0,0.0,0.0,,,,,,,,
nta_5e19,5e+19,0.0,tail,coupled_final,0.0,0.01,0.0,0.3,bottom_oxide,0.0007,5.000000000000001e-07,7.0,5.000000000000001,-0.012381352525395973,,,,,,,,
nta_5e19,5e+19,0.0,tail,coupled_final,0.0,0.01,0.0,0.3,bottom_oxide,0.0007,1.0000000000000002e-06,7.0,10.000000000000002,-0.024762705079694088,,,,,,,,
nta_5e19,5e+19,0.0,tail,coupled_final,0.0,0.01,0.0,0.3,bottom_oxide,0.0007,1.5000000000000002e-06,7.0,15.000000000000002,-0.03714405769179648,,,,,,,,
nta_5e19,5e+19,0.0,tail,coupled_final,0.0,0.01,0.0,0.3,bottom_oxide,0.0007,2.0000000000000003e-06,7.0,20.000000000000004,-0.04952541039060531,,,,,,,,
nta_5e19,5e+19,0.0,tail,coupled_final,0.0,0.01,0.0,0.3,bottom_oxide,0.0007,2.1250000000000004e-06,7.0,21.250000000000004,-0.05262074858337135,,,,,,,,
nta_5e19,5e+19,0.0,tail,coupled_final,0.0,0.01,0.0,0.3,bottom_oxide,0.0007,2.2500000000000005e-06,7.0,22.500000000000004,-0.05571608678381453,,,,,,,,
nta_5e19,5e+19,0.0,tail,coupled_final,0.0,0.01,0.0,0.3,bottom_oxide,0.0007,2.375e-06,7.0,23.75,-0.058811424992386424,,,,,,,,
nta_5e19,5e+19,0.0,tail,coupled_final,0.0,0.01,0.0,0.3,bottom_oxide,0.0007,2.5e-06,7.0,25.000000000000004,-0.06190676320953865,,,,,,,,
nta_5e19,5e+19,0.0,tail,coupled_final,0.0,0.01,0.0,0.3,bottom_oxide,0.0007,2.6250000000000003e-06,7.0,26.250000000000004,-0.0650021014357228,,,,,,,,
nta_5e19,5e+19,0.0,tail,coupled_final,0.0,0.01,0.0,0.3,bottom_oxide,0.0007,2.75e-06,7.0,27.5,-0.06809743967139044,,,,,,,,
nta_5e19,5e+19,0.0,tail,coupled_final,0.0,0.01,0.0,0.3,bottom_oxide,0.0007,2.875e-06,7.0,28.75,-0.07119277791699322,,,,,,,,
nta_5e19,5e+19,0.0,tail,coupled_final,0.0,0.01,0.0,0.3,bottom_oxide,0.0007,3e-06,7.0,30.0,-0.07428811617298268,,,,,,,,
nta_5e19,5e+19,0.0,tail,coupled_final,0.0,0.01,0.0,0.3,bottom_oxide,0.0007250000000000001,0.0,7.250000000000001,0.0,0.0,,,,,,,,
nta_5e19,5e+19,0.0,tail,coupled_final,0.0,0.01,0.0,0.3,bottom_oxide,0.0007250000000000001,5.000000000000001e-07,7.250000000000001,5.000000000000001,-0.012352035137172453,,,,,,,,
nta_5e19,5e+19,0.0,tail,coupled_final,0.0,0.01,0.0,0.3,bottom_oxide,0.0007250000000000001,1.0000000000000002e-06,7.250000000000001,10.000000000000002,-0.02470407030341359,,,,,,,,
nta_5e19,5e+19,0.0,tail,coupled_final,0.0,0.01,0.0,0.3,bottom_oxide,0.0007250000000000001,1.5000000000000002e-06,7.250000000000001,15.000000000000002,-0.03705610552779209,,,,,,,,
nta_5e19,5e+19,0.0,tail,coupled_final,0.0,0.01,0.0,0.3,bottom_oxide,0.0007250000000000001,2.0000000000000003e-06,7.250000000000001,20.000000000000004,-0.049408140839376634,,,,,,,,
nta_5e19,5e+19,0.0,tail,coupled_final,0.0,0.01,0.0,0.3,bottom_oxide,0.0007250000000000001,2.1250000000000004e-06,7.250000000000001,21.250000000000004,-0.052496149685440696,,,,,,,,
nta_5e19,5e+19,0.0,tail,coupled_final,0.0,0.01,0.0,0.3,bottom_oxide,0.0007250000000000001,2.2500000000000005e-06,7.250000000000001,22.500000000000004,-0.05558415853922613,,,,,,,,
nta_5e19,5e+19,0.0,tail,coupled_final,0.0,0.01,0.0,0.3,bottom_oxide,0.0007250000000000001,2.375e-06,7.250000000000001,23.75,-0.058672167401187116,,,,,,,,
nta_5e19,5e+19,0.0,tail,coupled_final,0.0,0.01,0.0,0.3,bottom_oxide,0.0007250000000000001,2.5e-06,7.250000000000001,25.000000000000004,-0.061760176271777885,,,,,,,,
nta_5e19,5e+19,0.0,tail,coupled_final,0.0,0.01,0.0,0.3,bottom_oxide,0.0007250000000000001,2.6250000000000003e-06,7.250000000000001,26.250000000000004,-0.0648481851514526,,,,,,,,
nta_5e19,5e+19,0.0,tail,coupled_final,0.0,0.01,0.0,0.3,bottom_oxide,0.0007250000000000001,2.75e-06,7.250000000000001,27.5,-0.06793619404066549,,,,,,,,
nta_5e19,5e+19,0.0,tail,coupled_final,0.0,0.01,0.0,0.3,bottom_oxide,0.0007250000000000001,2.875e-06,7.250000000000001,28.75,-0.07102420293987073,,,,,,,,
nta_5e19,5e+19,0.0,tail,coupled_final,0.0,0.01,0.0,0.3,bottom_oxide,0.0007250000000000001,3e-06,7.250000000000001,30.0,-0.07411221184952253,,,,,,,,
nta_5e19,5e+19,0.0,tail,coupled_final,0.0,0.01,0.0,0.3,bottom_oxide,0.00075,0.0,7.5,0.0,0.0,,,,,,,,
nta_5e19,5e+19,0.0,tail,coupled_final,0.0,0.01,0.0,0.3,bottom_oxide,0.00075,5.000000000000001e-07,7.5,5.000000000000001,-0.01232264507724239,,,,,,,,
nta_5e19,5e+19,0.0,tail,coupled_final,0.0,0.01,0.0,0.3,bottom_oxide,0.00075,1.0000000000000002e-06,7.5,10.000000000000002,-0.024645290183721514,,,,,,,,
nta_5e19,5e+19,0.0,tail,coupled_final,0.0,0.01,0.0,0.3,bottom_oxide,0.00075,1.5000000000000002e-06,7.5,15.000000000000002,-0.03696793534867411,,,,,,,,
nta_5e19,5e+19,0.0,tail,coupled_final,0.0,0.01,0.0,0.3,bottom_oxide,0.00075,2.0000000000000003e-06,7.5,20.000000000000004,-0.04929058060133691,,,,,,,,
nta_5e19,5e+19,0.0,tail,coupled_final,0.0,0.01,0.0,0.3,bottom_oxide,0.00075,2.1250000000000004e-06,7.5,21.250000000000004,-0.05237124193277557,,,,,,,,
nta_5e19,5e+19,0.0,tail,coupled_final,0.0,0.01,0.0,0.3,bottom_oxide,0.00075,2.2500000000000005e-06,7.5,22.500000000000004,-0.05545190327198024,,,,,,,,
nta_5e19,5e+19,0.0,tail,coupled_final,0.0,0.01,0.0,0.3,bottom_oxide,0.00075,2.375e-06,7.5,23.75,-0.05853256461940773,,,,,,,,
nta_5e19,5e+19,0.0,tail,coupled_final,0.0,0.01,0.0,0.3,bottom_oxide,0.00075,2.5e-06,7.5,25.000000000000004,-0.061613225975514885,,,,,,,,
nta_5e19,5e+19,0.0,tail,coupled_final,0.0,0.01,0.0,0.3,bottom_oxide,0.00075,2.6250000000000003e-06,7.5,26.250000000000004,-0.06469388734075852,,,,,,,,
nta_5e19,5e+19,0.0,tail,coupled_final,0.0,0.01,0.0,0.3,bottom_oxide,0.00075,2.75e-06,7.5,27.5,-0.06777454871559545,,,,,,,,
nta_5e19,5e+19,0.0,tail,coupled_final,0.0,0.01,0.0,0.3,bottom_oxide,0.00075,2.875e-06,7.5,28.75,-0.07085521010048251,,,,,,,,
nta_5e19,5e+19,0.0,tail,coupled_final,0.0,0.01,0.0,0.3,bottom_oxide,0.00075,3e-06,7.5,30.0,-0.07393587149587652,,,,,,,,
nta_5e19,5e+19,0.0,tail,coupled_final,0.0,0.01,0.0,0.3,bottom_oxide,0.000775,0.0,7.75,0.0,0.0,,,,,,,,
nta_5e19,5e+19,0.0,tail,coupled_final,0.0,0.01,0.0,0.3,bottom_oxide,0.000775,5.000000000000001e-07,7.75,5.000000000000001,-0.012293181925472735,,,,,,,,
nta_5e19,5e+19,0.0,tail,coupled_final,0.0,0.01,0.0,0.3,bottom_oxide,0.000775,1.0000000000000002e-06,7.75,10.000000000000002,-0.02458636388035179,,,,,,,,
nta_5e19,5e+19,0.0,tail,coupled_final,0.0,0.01,0.0,0.3,bottom_oxide,0.000775,1.5000000000000002e-06,7.75,15.000000000000002,-0.03687954589404349,,,,,,,,
nta_5e19,5e+19,0.0,tail,coupled_final,0.0,0.01,0.0,0.3,bottom_oxide,0.000775,2.0000000000000003e-06,7.75,20.000000000000004,-0.049172727995954145,,,,,,,,
nta_5e19,5e+19,0.0,tail,coupled_final,0.0,0.01,0.0,0.3,bottom_oxide,0.000775,2.1250000000000004e-06,7.75,21.250000000000004,-0.05224602353981076,,,,,,,,
nta_5e19,5e+19,0.0,tail,coupled_final,0.0,0.01,0.0,0.3,bottom_oxide,0.000775,2.2500000000000005e-06,7.75,22.500000000000004,-0.05531931909147843,,,,,,,,
nta_5e19,5e+19,0.0,tail,coupled_final,0.0,0.01,0.0,0.3,bottom_oxide,0.000775,2.375e-06,7.75,23.75,-0.05839261465141661,,,,,,,,
nta_5e19,5e+19,0.0,tail,coupled_final,0.0,0.01,0.0,0.3,bottom_oxide,0.000775,2.5e-06,7.75,25.000000000000004,-0.06146591022008481,,,,,,,,
nta_5e19,5e+19,0.0,tail,coupled_final,0.0,0.01,0.0,0.3,bottom_oxide,0.000775,2.6250000000000003e-06,7.75,26.250000000000004,-0.06453920579794248,,,,,,,,
nta_5e19,5e+19,0.0,tail,coupled_final,0.0,0.01,0.0,0.3,bottom_oxide,0.000775,2.75e-06,7.75,27.5,-0.0676125013854491,,,,,,,,
nta_5e19,5e+19,0.0,tail,coupled_final,0.0,0.01,0.0,0.3,bottom_oxide,0.000775,2.875e-06,7.75,28.75,-0.07068579698306413,,,,,,,,
nta_5e19,5e+19,0.0,tail,coupled_final,0.0,0.01,0.0,0.3,bottom_oxide,0.000775,3e-06,7.75,30.0,-0.07375909259124706,,,,,,,,
nta_5e19,5e+19,0.0,tail,coupled_final,0.0,0.01,0.0,0.3,bottom_oxide,0.0008,0.0,8.0,0.0,0.0,,,,,,,,
nta_5e19,5e+19,0.0,tail,coupled_final,0.0,0.01,0.0,0.3,bottom_oxide,0.0008,5.000000000000001e-07,8.0,5.000000000000001,-0.012263645257901374,,,,,,,,
nta_5e19,5e+19,0.0,tail,coupled_final,0.0,0.01,0.0,0.3,bottom_oxide,0.0008,1.0000000000000002e-06,8.0,10.000000000000002,-0.024527290545380206,,,,,,,,
nta_5e19,5e+19,0.0,tail,coupled_final,0.0,0.01,0.0,0.3,bottom_oxide,0.0008,1.5000000000000002e-06,8.0,15.000000000000002,-0.036790935892013946,,,,,,,,
nta_5e19,5e+19,0.0,tail,coupled_final,0.0,0.01,0.0,0.3,bottom_oxide,0.0008,2.0000000000000003e-06,8.0,20.000000000000004,-0.049054581327380054,,,,,,,,
nta_5e19,5e+19,0.0,tail,coupled_final,0.0,0.01,0.0,0.3,bottom_oxide,0.0008,2.1250000000000004e-06,8.0,21.250000000000004,-0.05212049270470749,,,,,,,,
nta_5e19,5e+19,0.0,tail,coupled_final,0.0,0.01,0.0,0.3,bottom_oxide,0.0008,2.2500000000000005e-06,8.0,22.500000000000004,-0.05518640408989144,,,,,,,,
nta_5e19,5e+19,0.0,tail,coupled_final,0.0,0.01,0.0,0.3,bottom_oxide,0.0008,2.375e-06,8.0,23.75,-0.05825231548339404,,,,,,,,
nta_5e19,5e+19,0.0,tail,coupled_final,0.0,0.01,0.0,0.3,bottom_oxide,0.0008,2.5e-06,8.0,25.000000000000004,-0.06131822688567746,,,,,,,,
nta_5e19,5e+19,0.0,tail,coupled_final,0.0,0.01,0.0,0.3,bottom_oxide,0.0008,2.6250000000000003e-06,8.0,26.250000000000004,-0.06438413829720382,,,,,,,,
nta_5e19,5e+19,0.0,tail,coupled_final,0.0,0.01,0.0,0.3,bottom_oxide,0.0008,2.75e-06,8.0,27.5,-0.06745004971843528,,,,,,,,
nta_5e19,5e+19,0.0,tail,coupled_final,0.0,0.01,0.0,0.3,bottom_oxide,0.0008,2.875e-06,8.0,28.75,-0.07051596114983401,,,,,,,,
nta_5e19,5e+19,0.0,tail,coupled_final,0.0,0.01,0.0,0.3,bottom_oxide,0.0008,3e-06,8.0,30.0,-0.07358187259186212,,,,,,,,
nta_5e19,5e+19,0.0,tail,coupled_final,0.0,0.01,0.0,0.3,bottom_oxide,0.000825,0.0,8.25,0.0,0.0,,,,,,,,
nta_5e19,5e+19,0.0,tail,coupled_final,0.0,0.01,0.0,0.3,bottom_oxide,0.000825,5.000000000000001e-07,8.25,5.000000000000001,-0.012234034646689337,,,,,,,,
nta_5e19,5e+19,0.0,tail,coupled_final,0.0,0.01,0.0,0.3,bottom_oxide,0.000825,1.0000000000000002e-06,8.25,10.000000000000002,-0.024468069323128835,,,,,,,,
nta_5e19,5e+19,0.0,tail,coupled_final,0.0,0.01,0.0,0.3,bottom_oxide,0.000825,1.5000000000000002e-06,8.25,15.000000000000002,-0.03670210405906866,,,,,,,,
nta_5e19,5e+19,0.0,tail,coupled_final,0.0,0.01,0.0,0.3,bottom_oxide,0.000825,2.0000000000000003e-06,8.25,20.000000000000004,-0.04893613888425896,,,,,,,,
nta_5e19,5e+19,0.0,tail,coupled_final,0.0,0.01,0.0,0.3,bottom_oxide,0.000825,2.1250000000000004e-06,8.25,21.250000000000004,-0.05199464760915039,,,,,,,,
nta_5e19,5e+19,0.0,tail,coupled_final,0.0,0.01,0.0,0.3,bottom_oxide,0.000825,2.2500000000000005e-06,8.25,22.500000000000004,-0.0550531563419442,,,,,,,,
nta_5e19,5e+19,0.0,tail,coupled_final,0.0,0.01,0.0,0.3,bottom_oxide,0.000825,2.375e-06,8.25,23.75,-0.05811166508310524,,,,,,,,
nta_5e19,5e+19,0.0,tail,coupled_final,0.0,0.01,0.0,0.3,bottom_oxide,0.000825,2.5e-06,8.25,25.000000000000004,-0.06117017383309836,,,,,,,,
nta_5e19,5e+19,0.0,tail,coupled_final,0.0,0.01,0.0,0.3,bottom_oxide,0.000825,2.6250000000000003e-06,8.25,26.250000000000004,-0.06422868259238841,,,,,,,,
nta_5e19,5e+19,0.0,tail,coupled_final,0.0,0.01,0.0,0.3,bottom_oxide,0.000825,2.75e-06,8.25,27.5,-0.06728719136144022,,,,,,,,
nta_5e19,5e+19,0.0,tail,coupled_final,0.0,0.01,0.0,0.3,bottom_oxide,0.000825,2.875e-06,8.25,28.75,-0.07034570014071867,,,,,,,,
nta_5e19,5e+19,0.0,tail,coupled_final,0.0,0.01,0.0,0.3,bottom_oxide,0.000825,3e-06,8.25,30.0,-0.07340420893068857,,,,,,,,
nta_5e19,5e+19,0.0,tail,coupled_final,0.0,0.01,0.0,0.3,bottom_oxide,0.0008500000000000001,0.0,8.5,0.0,0.0,,,,,,,,
nta_5e19,5e+19,0.0,tail,coupled_final,0.0,0.01,0.0,0.3,bottom_oxide,0.0008500000000000001,5.000000000000001e-07,8.5,5.000000000000001,-0.012204349660072123,,,,,,,,
nta_5e19,5e+19,0.0,tail,coupled_final,0.0,0.01,0.0,0.3,bottom_oxide,0.0008500000000000001,1.0000000000000002e-06,8.5,10.000000000000002,-0.024408699350068723,,,,,,,,
nta_5e19,5e+19,0.0,tail,coupled_final,0.0,0.01,0.0,0.3,bottom_oxide,0.0008500000000000001,1.5000000000000002e-06,8.5,15.000000000000002,-0.036613049099914266,,,,,,,,
nta_5e19,5e+19,0.0,tail,coupled_final,0.0,0.01,0.0,0.3,bottom_oxide,0.0008500000000000001,2.0000000000000003e-06,8.5,20.000000000000004,-0.048817398939533234,,,,,,,,
nta_5e19,5e+19,0.0,tail,coupled_final,0.0,0.01,0.0,0.3,bottom_oxide,0.0008500000000000001,2.1250000000000004e-06,8.5,21.250000000000004,-0.05186848641814077,,,,,,,,
nta_5e19,5e+19,0.0,tail,coupled_final,0.0,0.01,0.0,0.3,bottom_oxide,0.0008500000000000001,2.2500000000000005e-06,8.5,22.500000000000004,-0.05491957390469699,,,,,,,,
nta_5e19,5e+19,0.0,tail,coupled_final,0.0,0.01,0.0,0.3,bottom_oxide,0.0008500000000000001,2.375e-06,8.5,23.75,-0.057970661399669464,,,,,,,,
nta_5e19,5e+19,0.0,tail,coupled_final,0.0,0.01,0.0,0.3,bottom_oxide,0.0008500000000000001,2.5e-06,8.5,25.000000000000004,-0.06102174890352577,,,,,,,,
nta_5e19,5e+19,0.0,tail,coupled_final,0.0,0.01,0.0,0.3,bottom_oxide,0.0008500000000000001,2.6250000000000003e-06,8.5,26.250000000000004,-0.06407283641673348,,,,,,,,
nta_5e19,5e+19,0.0,tail,coupled_final,0.0,0.01,0.0,0.3,bottom_oxide,0.0008500000000000001,2.75e-06,8.5,27.5,-0.06712392393976013,,,,,,,,
nta_5e19,5e+19,0.0,tail,coupled_final,0.0,0.01,0.0,0.3,bottom_oxide,0.0008500000000000001,2.875e-06,8.5,28.75,-0.07017501147307333,,,,,,,,
nta_5e19,5e+19,0.0,tail,coupled_final,0.0,0.01,0.0,0.3,bottom_oxide,0.0008500000000000001,3e-06,8.5,30.0,-0.07322609901714064,,,,,,,,
nta_5e19,5e+19,0.0,tail,coupled_final,0.0,0.01,0.0,0.3,bottom_oxide,0.0008750000000000001,0.0,8.750000000000002,0.0,0.0,,,,,,,,
nta_5e19,5e+19,0.0,tail,coupled_final,0.0,0.01,0.0,0.3,bottom_oxide,0.0008750000000000001,5.000000000000001e-07,8.750000000000002,5.000000000000001,-0.012174589862266879,,,,,,,,
nta_5e19,5e+19,0.0,tail,coupled_final,0.0,0.01,0.0,0.3,bottom_oxide,0.0008750000000000001,1.0000000000000002e-06,8.750000000000002,10.000000000000002,-0.02434917975463819,,,,,,,,
nta_5e19,5e+19,0.0,tail,coupled_final,0.0,0.01,0.0,0.3,bottom_oxide,0.0008750000000000001,1.5000000000000002e-06,8.750000000000002,15.000000000000002,-0.036523769707218004,,,,,,,,
nta_5e19,5e+19,0.0,tail,coupled_final,0.0,0.01,0.0,0.3,bottom_oxide,0.0008750000000000001,2.0000000000000003e-06,8.750000000000002,20.000000000000004,-0.0486983597501097,,,,,,,,
nta_5e19,5e+19,0.0,tail,coupled_final,0.0,0.01,0.0,0.3,bottom_oxide,0.0008750000000000001,2.1250000000000004e-06,8.750000000000002,21.250000000000004,-0.05174200727964736,,,,,,,,
nta_5e19,5e+19,0.0,tail,coupled_final,0.0,0.01,0.0,0.3,bottom_oxide,0.0008750000000000001,2.2500000000000005e-06,8.750000000000002,22.500000000000004,-0.05478565481718125,,,,,,,,
nta_5e19,5e+19,0.0,tail,coupled_final,0.0,0.01,0.0,0.3,bottom_oxide,0.0008750000000000001,2.375e-06,8.750000000000002,23.75,-0.0578293023631817,,,,,,,,
nta_5e19,5e+19,0.0,tail,coupled_final,0.0,0.01,0.0,0.3,bottom_oxide,0.0008750000000000001,2.5e-06,8.750000000000002,25.000000000000004,-0.060872949918119056,,,,,,,,
nta_5e19,5e+19,0.0,tail,coupled_final,0.0,0.01,0.0,0.3,bottom_oxide,0.0008750000000000001,2.6250000000000003e-06,8.750000000000002,26.250000000000004,-0.06391659748246363,,,,,,,,
nta_5e19,5e+19,0.0,tail,coupled_final,0.0,0.01,0.0,0.3,bottom_oxide,0.0008750000000000001,2.75e-06,8.750000000000002,27.5,-0.06696024505668573,,,,,,,,
nta_5e19,5e+19,0.0,tail,coupled_final,0.0,0.01,0.0,0.3,bottom_oxide,0.0008750000000000001,2.875e-06,8.750000000000002,28.75,-0.0700038926412557,,,,,,,,
nta_5e19,5e+19,0.0,tail,coupled_final,0.0,0.01,0.0,0.3,bottom_oxide,0.0008750000000000001,3e-06,8.750000000000002,30.0,-0.07304754023664384,,,,,,,,
nta_5e19,5e+19,0.0,tail,coupled_final,0.0,0.01,0.0,0.3,bottom_oxide,0.0009000000000000001,0.0,9.0,0.0,0.0,,,,,,,,
nta_5e19,5e+19,0.0,tail,coupled_final,0.0,0.01,0.0,0.3,bottom_oxide,0.0009000000000000001,5.000000000000001e-07,9.0,5.000000000000001,-0.012144754803381357,,,,,,,,
nta_5e19,5e+19,0.0,tail,coupled_final,0.0,0.01,0.0,0.3,bottom_oxide,0.0009000000000000001,1.0000000000000002e-06,9.0,10.000000000000002,-0.024289509637950363,,,,,,,,
nta_5e19,5e+19,0.0,tail,coupled_final,0.0,0.01,0.0,0.3,bottom_oxide,0.0009000000000000001,1.5000000000000002e-06,9.0,15.000000000000002,-0.03643426453481877,,,,,,,,
nta_5e19,5e+19,0.0,tail,coupled_final,0.0,0.01,0.0,0.3,bottom_oxide,0.0009000000000000001,2.0000000000000003e-06,9.0,20.000000000000004,-0.04857901952495207,,,,,,,,
nta_5e19,5e+19,0.0,tail,coupled_final,0.0,0.01,0.0,0.3,bottom_oxide,0.0009000000000000001,2.1250000000000004e-06,9.0,21.250000000000004,-0.05161520829186425,,,,,,,,
nta_5e19,5e+19,0.0,tail,coupled_final,0.0,0.01,0.0,0.3,bottom_oxide,0.0009000000000000001,2.2500000000000005e-06,9.0,22.500000000000004,-0.05465139706700616,,,,,,,,
nta_5e19,5e+19,0.0,tail,coupled_final,0.0,0.01,0.0,0.3,bottom_oxide,0.0009000000000000001,2.375e-06,9.0,23.75,-0.05768758585085496,,,,,,,,
nta_5e19,5e+19,0.0,tail,coupled_final,0.0,0.01,0.0,0.3,bottom_oxide,0.0009000000000000001,2.5e-06,9.0,25.000000000000004,-0.06072377464388682,,,,,,,,
nta_5e19,5e+19,0.0,tail,coupled_final,0.0,0.01,0.0,0.3,bottom_oxide,0.0009000000000000001,2.6250000000000003e-06,9.0,26.250000000000004,-0.06375996344657682,,,,,,,,
nta_5e19,5e+19,0.0,tail,coupled_final,0.0,0.01,0.0,0.3,bottom_oxide,0.0009000000000000001,2.75e-06,9.0,27.5,-0.06679615225939896,,,,,,,,
nta_5e19,5e+19,0.0,tail,coupled_final,0.0,0.01,0.0,0.3,bottom_oxide,0.0009000000000000001,2.875e-06,9.0,28.75,-0.06983234108282622,,,,,,,,
nta_5e19,5e+19,0.0,tail,coupled_final,0.0,0.01,0.0,0.3,bottom_oxide,0.0009000000000000001,3e-06,9.0,30.0,-0.07286852991733044,,,,,,,,
nta_5e19,5e+19,0.0,tail,coupled_final,0.0,0.01,0.0,0.3,bottom_oxide,0.0009249999999999999,0.0,9.25,0.0,0.0,,,,,,,,
nta_5e19,5e+19,0.0,tail,coupled_final,0.0,0.01,0.0,0.3,bottom_oxide,0.0009249999999999999,5.000000000000001e-07,9.25,5.000000000000001,-0.012114841775368927,,,,,,,,
nta_5e19,5e+19,0.0,tail,coupled_final,0.0,0.01,0.0,0.3,bottom_oxide,0.0009249999999999999,1.0000000000000002e-06,9.25,10.000000000000002,-0.024229683772769416,,,,,,,,
nta_5e19,5e+19,0.0,tail,coupled_final,0.0,0.01,0.0,0.3,bottom_oxide,0.0009249999999999999,1.5000000000000002e-06,9.25,15.000000000000002,-0.03634452620016491,,,,,,,,
nta_5e19,5e+19,0.0,tail,coupled_final,0.0,0.01,0.0,0.3,bottom_oxide,0.0009249999999999999,2.0000000000000003e-06,9.25,20.000000000000004,-0.04845936923810722,,,,,,,,
nta_5e19,5e+19,0.0,tail,coupled_final,0.0,0.01,0.0,0.3,bottom_oxide,0.0009249999999999999,2.1250000000000004e-06,9.25,21.250000000000004,-0.05148808011506078,,,,,,,,
nta_5e19,5e+19,0.0,tail,coupled_final,0.0,0.01,0.0,0.3,bottom_oxide,0.0009249999999999999,2.2500000000000005e-06,9.25,22.500000000000004,-0.05451679104072992,,,,,,,,
nta_5e19,5e+19,0.0,tail,coupled_final,0.0,0.01,0.0,0.3,bottom_oxide,0.0009249999999999999,2.375e-06,9.25,23.75,-0.05754550201664383,,,,,,,,
nta_5e19,5e+19,0.0,tail,coupled_final,0.0,0.01,0.0,0.3,bottom_oxide,0.0009249999999999999,2.5e-06,9.25,25.000000000000004,-0.060574213044125684,,,,,,,,
nta_5e19,5e+19,0.0,tail,coupled_final,0.0,0.01,0.0,0.3,bottom_oxide,0.0009249999999999999,2.6250000000000003e-06,9.25,26.250000000000004,-0.06360292412428636,,,,,,,,
nta_5e19,5e+19,0.0,tail,coupled_final,0.0,0.01,0.0,0.3,bottom_oxide,0.0009249999999999999,2.75e-06,9.25,27.5,-0.06663163525801927,,,,,,,,
nta_5e19,5e+19,0.0,tail,coupled_final,0.0,0.01,0.0,0.3,bottom_oxide,0.0009249999999999999,2.875e-06,9.25,28.75,-0.06966034644599592,,,,,,,,
nta_5e19,5e+19,0.0,tail,coupled_final,0.0,0.01,0.0,0.3,bottom_oxide,0.0009249999999999999,3e-06,9.25,30.0,-0.07268905768866248,,,,,,,,
nta_5e19,5e+19,0.0,tail,coupled_final,0.0,0.01,0.0,0.3,bottom_oxide,0.00095,0.0,9.5,0.0,0.0,,,,,,,,
nta_5e19,5e+19,0.0,tail,coupled_final,0.0,0.01,0.0,0.3,bottom_oxide,0.00095,5.000000000000001e-07,9.5,5.000000000000001,-0.012084373668448143,,,,,,,,
nta_5e19,5e+19,0.0,tail,coupled_final,0.0,0.01,0.0,0.3,bottom_oxide,0.00095,1.0000000000000002e-06,9.5,10.000000000000002,-0.024168782920087534,,,,,,,,
nta_5e19,5e+19,0.0,tail,coupled_final,0.0,0.01,0.0,0.3,bottom_oxide,0.00095,1.5000000000000002e-06,9.5,15.000000000000002,-0.03625326149847236,,,,,,,,
nta_5e19,5e+19,0.0,tail,coupled_final,0.0,0.01,0.0,0.3,bottom_oxide,0.00095,2.0000000000000003e-06,9.5,20.000000000000004,-0.04833783946341822,,,,,,,,
nta_5e19,5e+19,0.0,tail,coupled_final,0.0,0.01,0.0,0.3,bottom_oxide,0.00095,2.1250000000000004e-06,9.5,21.250000000000004,-0.051359003315529554,,,,,,,,
nta_5e19,5e+19,0.0,tail,coupled_final,0.0,0.01,0.0,0.3,bottom_oxide,0.00095,2.2500000000000005e-06,9.5,22.500000000000004,-0.054380175222866,,,,,,,,
nta_5e19,5e+19,0.0,tail,coupled_final,0.0,0.01,0.0,0.3,bottom_oxide,0.00095,2.375e-06,9.5,23.75,-0.05740135546555013,,,,,,,,
nta_5e19,5e+19,0.0,tail,coupled_final,0.0,0.01,0.0,0.3,bottom_oxide,0.00095,2.5e-06,9.5,25.000000000000004,-0.060422544291113635,,,,,,,,
nta_5e19,5e+19,0.0,tail,coupled_final,0.0,0.01,0.0,0.3,bottom_oxide,0.00095,2.6250000000000003e-06,9.5,26.250000000000004,-0.06344374191265398,,,,,,,,
nta_5e19,5e+19,0.0,tail,coupled_final,0.0,0.01,0.0,0.3,bottom_oxide,0.00095,2.75e-06,9.5,27.5,-0.06646494850698596,,,,,,,,
nta_5e19,5e+19,0.0,tail,coupled_final,0.0,0.01,0.0,0.3,bottom_oxide,0.00095,2.875e-06,9.5,28.75,-0.06948616421278782,,,,,,,,
nta_5e19,5e+19,0.0,tail,coupled_final,0.0,0.01,0.0,0.3,bottom_oxide,0.00095,3e-06,9.5,30.0,-0.07250738912874137,,,,,,,,
nta_5e19,5e+19,0.0,tail,coupled_final,0.0,0.01,0.0,0.3,bottom_oxide,0.000975,0.0,9.75,0.0,0.0,,,,,,,,
nta_5e19,5e+19,0.0,tail,coupled_final,0.0,0.01,0.0,0.3,bottom_oxide,0.000975,5.000000000000001e-07,9.75,5.000000000000001,-0.01196494758341416,,,,,,,,
nta_5e19,5e+19,0.0,tail,coupled_final,0.0,0.01,0.0,0.3,bottom_oxide,0.000975,1.0000000000000002e-06,9.75,10.000000000000002,-0.02393456520380604,,,,,,,,
nta_5e19,5e+19,0.0,tail,coupled_final,0.0,0.01,0.0,0.3,bottom_oxide,0.000975,1.5000000000000002e-06,9.75,15.000000000000002,-0.03591353039419559,,,,,,,,
nta_5e19,5e+19,0.0,tail,coupled_final,0.0,0.01,0.0,0.3,bottom_oxide,0.000975,2.0000000000000003e-06,9.75,20.000000000000004,-0.047906535690933734,,,,,,,,
nta_5e19,5e+19,0.0,tail,coupled_final,0.0,0.01,0.0,0.3,bottom_oxide,0.000975,2.1250000000000004e-06,9.75,21.250000000000004,-0.05090771751134155,,,,,,,,
nta_5e19,5e+19,0.0,tail,coupled_final,0.0,0.01,0.0,0.3,bottom_oxide,0.000975,2.2500000000000005e-06,9.75,22.500000000000004,-0.05391014549711274,,,,,,,,
nta_5e19,5e+19,0.0,tail,coupled_final,0.0,0.01,0.0,0.3,bottom_oxide,0.000975,2.375e-06,9.75,23.75,-0.056913893740100606,,,,,,,,
nta_5e19,5e+19,0.0,tail,coupled_final,0.0,0.01,0.0,0.3,bottom_oxide,0.000975,2.5e-06,9.75,25.000000000000004,-0.05991903646456336,,,,,,,,
nta_5e19,5e+19,0.0,tail,coupled_final,0.0,0.01,0.0,0.3,bottom_oxide,0.000975,2.6250000000000003e-06,9.75,26.250000000000004,-0.0629256480346021,,,,,,,,
nta_5e19,5e+19,0.0,tail,coupled_final,0.0,0.01,0.0,0.3,bottom_oxide,0.000975,2.75e-06,9.75,27.5,-0.06593380296161194,,,,,,,,
nta_5e19,5e+19,0.0,tail,coupled_final,0.0,0.01,0.0,0.3,bottom_oxide,0.000975,2.875e-06,9.75,28.75,-0.06894357591174706,,,,,,,,
nta_5e19,5e+19,0.0,tail,coupled_final,0.0,0.01,0.0,0.3,bottom_oxide,0.000975,3e-06,9.75,30.0,-0.07195504171340002,,,,,,,,
nta_5e19,5e+19,0.0,tail,coupled_final,0.0,0.01,0.0,0.3,bottom_oxide,0.001,0.0,10.0,0.0,0.0,,,,,,,,
nta_5e19,5e+19,0.0,tail,coupled_final,0.0,0.01,0.0,0.3,bottom_oxide,0.001,5.000000000000001e-07,10.0,5.000000000000001,-0.00017042905408311786,,,,,,,,
nta_5e19,5e+19,0.0,tail,coupled_final,0.0,0.01,0.0,0.3,bottom_oxide,0.001,1.0000000000000002e-06,10.0,10.000000000000002,-0.00033142249334277093,,,,,,,,
nta_5e19,5e+19,0.0,tail,coupled_final,0.0,0.01,0.0,0.3,bottom_oxide,0.001,1.5000000000000002e-06,10.0,15.000000000000002,-0.00047353341843405357,,,,,,,,
nta_5e19,5e+19,0.0,tail,coupled_final,0.0,0.01,0.0,0.3,bottom_oxide,0.001,2.0000000000000003e-06,10.0,20.000000000000004,-0.0005872923459447271,,,,,,,,
nta_5e19,5e+19,0.0,tail,coupled_final,0.0,0.01,0.0,0.3,bottom_oxide,0.001,2.1250000000000004e-06,10.0,21.250000000000004,-0.0006098171724042719,,,,,,,,
nta_5e19,5e+19,0.0,tail,coupled_final,0.0,0.01,0.0,0.3,bottom_oxide,0.001,2.2500000000000005e-06,10.0,22.500000000000004,-0.0006298271038468697,,,,,,,,
nta_5e19,5e+19,0.0,tail,coupled_final,0.0,0.01,0.0,0.3,bottom_oxide,0.001,2.375e-06,10.0,23.75,-0.0006471730193698044,,,,,,,,
nta_5e19,5e+19,0.0,tail,coupled_final,0.0,0.01,0.0,0.3,bottom_oxide,0.001,2.5e-06,10.0,25.000000000000004,-0.0006617055988567025,,,,,,,,
nta_5e19,5e+19,0.0,tail,coupled_final,0.0,0.01,0.0,0.3,bottom_oxide,0.001,2.6250000000000003e-06,10.0,26.250000000000004,-0.0006732753118003153,,,,,,,,
nta_5e19,5e+19,0.0,tail,coupled_final,0.0,0.01,0.0,0.3,bottom_oxide,0.001,2.75e-06,10.0,27.5,-0.000681732406107788,,,,,,,,
nta_5e19,5e+19,0.0,tail,coupled_final,0.0,0.01,0.0,0.3,bottom_oxide,0.001,2.875e-06,10.0,28.75,-0.0006869268968874855,,,,,,,,
nta_5e19,5e+19,0.0,tail,coupled_final,0.0,0.01,0.0,0.3,bottom_oxide,0.001,3e-06,10.0,30.0,-0.0006887085552164401,,,,,,,,
nta_5e19,5e+19,0.0,tail,coupled_final,0.0,0.01,0.0,0.3,channel,0.0,3e-06,0.0,30.0,0.0,1e+16,5.108994365903968e+17,0.0,5.108994365903968e+17,16.38058381615413,-0.08185511396288983,0.08185511396288983,0.08185511396288983
nta_5e19,5e+19,0.0,tail,coupled_final,0.0,0.01,0.0,0.3,channel,0.0,3.075e-06,0.0,30.750000000000004,0.0,1e+16,5.108994365903968e+17,0.0,5.108994365903968e+17,16.38058381615413,-0.08185511396288983,0.08185511396288983,0.08185511396288983
nta_5e19,5e+19,0.0,tail,coupled_final,0.0,0.01,0.0,0.3,channel,2.5e-05,3e-06,0.25,30.0,-0.0785082782167728,478046867950038.06,1.9187546051116835e+17,0.0,1.9187546051116835e+17,129.5745944357831,-0.03074183794689836,0.03074183794689836,0.029216252865077005
nta_5e19,5e+19,0.0,tail,coupled_final,0.0,0.01,0.0,0.3,channel,2.5e-05,3.075e-06,0.25,30.750000000000004,-0.07975683102336509,455507684060441.8,1.8890701583567846e+17,0.0,1.8890701583567846e+17,133.88663636746992,-0.0302662406770592,0.0302662406770592,0.028737044419860112
nta_5e19,5e+19,0.0,tail,coupled_final,0.0,0.01,0.0,0.3,channel,0.0,3.1500000000000003e-06,0.0,31.500000000000004,0.0,1e+16,5.108994365903968e+17,0.0,5.108994365903968e+17,16.38058381615413,-0.08185511396288983,0.08185511396288983,0.08185511396288983
nta_5e19,5e+19,0.0,tail,coupled_final,0.0,0.01,0.0,0.3,channel,2.5e-05,3.1500000000000003e-06,0.25,31.500000000000004,-0.08082353549133903,437095005124165.0,1.864072477760585e+17,0.0,1.864072477760585e+17,137.68397015968694,-0.029865733679504937,0.029865733679504937,0.028333587385909742
nta_5e19,5e+19,0.0,tail,coupled_final,0.0,0.01,0.0,0.3,channel,0.0,3.225e-06,0.0,32.25,0.0,1e+16,5.108994365903968e+17,0.0,5.108994365903968e+17,16.38058381615413,-0.08185511396288983,0.08185511396288983,0.08185511396288983
nta_5e19,5e+19,0.0,tail,coupled_final,0.0,0.01,0.0,0.3,channel,2.5e-05,3.225e-06,0.25,32.25,-0.08171096437398792,422345298515828.2,1.8435277725400835e+17,0.0,1.8435277725400835e+17,140.92493750282614,-0.029536571212937884,0.029536571212937884,0.02800206175581407
nta_5e19,5e+19,0.0,tail,coupled_final,0.0,0.01,0.0,0.3,channel,0.0,3.3e-06,0.0,33.0,0.0,1e+16,5.108994365903968e+17,0.0,5.108994365903968e+17,16.38058381615413,-0.08185511396288983,0.08185511396288983,0.08185511396288983
nta_5e19,5e+19,0.0,tail,coupled_final,0.0,0.01,0.0,0.3,channel,2.5e-05,3.3e-06,0.25,33.0,-0.08242123183320174,410899536830641.94,1.827247418118407e+17,0.0,1.827247418118407e+17,143.57370588223156,-0.029275731178461398,0.029275731178461398,0.027739387908144546
nta_5e19,5e+19,0.0,tail,coupled_final,0.0,0.01,0.0,0.3,channel,0.0,3.3750000000000003e-06,0.0,33.75,0.0,1e+16,5.108994365903968e+17,0.0,5.108994365903968e+17,16.38058381615413,-0.08185511396288983,0.08185511396288983,0.08185511396288983
nta_5e19,5e+19,0.0,tail,coupled_final,0.0,0.01,0.0,0.3,channel,2.5e-05,3.3750000000000003e-06,0.25,33.75,-0.08295601302332042,402486821412865.75,1.8150841966564522e+17,0.0,1.8150841966564522e+17,145.60080715296138,-0.029080854886256283,0.029080854886256283,0.027543163750332347
nta_5e19,5e+19,0.0,tail,coupled_final,0.0,0.01,0.0,0.3,channel,0.0,3.45e-06,0.0,34.5,0.0,1e+16,5.108994365903968e+17,0.0,5.108994365903968e+17,16.38058381615413,-0.08185511396288983,0.08185511396288983,0.08185511396288983
nta_5e19,5e+19,0.0,tail,coupled_final,0.0,0.01,0.0,0.3,channel,2.5e-05,3.45e-06,0.25,34.5,-0.08331655936670189,396912412225005.4,1.80692942136181e+17,0.0,1.80692942136181e+17,146.98358138452286,-0.02895020098193032,0.02895020098193032,0.027411616727191467
nta_5e19,5e+19,0.0,tail,coupled_final,0.0,0.01,0.0,0.3,channel,0.0,3.525e-06,0.0,35.25,0.0,1e+16,5.108994365903968e+17,0.0,5.108994365903968e+17,16.38058381615413,-0.08185511396288983,0.08185511396288983,0.08185511396288983
nta_5e19,5e+19,0.0,tail,coupled_final,0.0,0.01,0.0,0.3,channel,2.5e-05,3.525e-06,0.25,35.25,-0.08350370982602988,394049339886364.3,1.8027108469308566e+17,0.0,1.8027108469308566e+17,147.70651869978096,-0.02888261196810969,0.02888261196810969,0.027343568998610596
nta_5e19,5e+19,0.0,tail,coupled_final,0.0,0.01,0.0,0.3,channel,0.0,3.6000000000000003e-06,0.0,36.0,0.0,1e+16,5.108994365903968e+17,0.0,5.108994365903968e+17,16.38058381615413,-0.08185511396288983,0.08185511396288983,0.08185511396288983
nta_5e19,5e+19,0.0,tail,coupled_final,0.0,0.01,0.0,0.3,channel,2.5e-05,3.6000000000000003e-06,0.25,36.0,-0.08351789839468804,393833038704339.75,1.8023912965385206e+17,0.0,1.8023912965385206e+17,147.76149351255125,-0.028877492206389827,0.028877492206389827,0.02733841458162076
nta_5e19,5e+19,0.0,tail,coupled_final,0.0,0.01,0.0,0.3,channel,0.0,3.6750000000000004e-06,0.0,36.75000000000001,0.0,1e+16,5.108994365903968e+17,0.0,5.108994365903968e+17,16.38058381615413,-0.08185511396288983,0.08185511396288983,0.08185511396288983
nta_5e19,5e+19,0.0,tail,coupled_final,0.0,0.01,0.0,0.3,channel,2.5e-05,3.6750000000000004e-06,0.25,36.75000000000001,-0.08335915795048338,396258649257157.56,1.8059679602996323e+17,0.0,1.8059679602996323e+17,147.1478873297674,-0.028934796677447104,0.028934796677447104,0.027396107678333125
nta_5e19,5e+19,0.0,tail,coupled_final,0.0,0.01,0.0,0.3,channel,0.0,3.7500000000000005e-06,0.0,37.50000000000001,0.0,1e+16,5.108994365903968e+17,0.0,5.108994365903968e+17,16.38058381615413,-0.08185511396288983,0.08185511396288983,0.08185511396288983
nta_5e19,5e+19,0.0,tail,coupled_final,0.0,0.01,0.0,0.3,channel,2.5e-05,3.7500000000000005e-06,0.25,37.50000000000001,-0.08302712054690584,401380816261104.25,1.8134723423732384e+17,0.0,1.8134723423732384e+17,145.87259810717265,-0.029055030133556505,0.029055030133556505,0.027517161796071447
nta_5e19,5e+19,0.0,tail,coupled_final,0.0,0.01,0.0,0.3,channel,0.0,3.825000000000001e-06,0.0,38.25000000000001,0.0,1e+16,5.108994365903968e+17,0.0,5.108994365903968e+17,16.38058381615413,-0.08185511396288983,0.08185511396288983,0.08185511396288983
nta_5e19,5e+19,0.0,tail,coupled_final,0.0,0.01,0.0,0.3,channel,2.5e-05,3.825000000000001e-06,0.25,38.25000000000001,-0.08252101414751674,409315968729033.44,1.8249708549944147e+17,0.0,1.8249708549944147e+17,143.94993600491668,-0.029239256616030534,0.029239256616030534,0.027702659630132603
nta_5e19,5e+19,0.0,tail,coupled_final,0.0,0.01,0.0,0.3,channel,0.0,3.9e-06,0.0,39.0,0.0,1e+16,5.108994365903968e+17,0.0,5.108994365903968e+17,16.38058381615413,-0.08185511396288983,0.08185511396288983,0.08185511396288983
nta_5e19,5e+19,0.0,tail,coupled_final,0.0,0.01,0.0,0.3,channel,2.5e-05,3.9e-06,0.25,39.0,-0.08183965574065157,420247229521908.9,1.8405660787464e+17,0.0,1.8405660787464e+17,141.40140724957917,-0.02948911964700486,0.02948911964700486,0.027954274042169186
nta_5e19,5e+19,0.0,tail,coupled_final,0.0,0.01,0.0,0.3,channel,0.0,3.975e-06,0.0,39.75,0.0,1e+16,5.108994365903968e+17,0.0,5.108994365903968e+17,16.38058381615413,-0.08185511396288983,0.08185511396288983,0.08185511396288983
nta_5e19,5e+19,0.0,tail,coupled_final,0.0,0.01,0.0,0.3,channel,2.5e-05,3.975e-06,0.25,39.75,-0.0809814407011009,434432274890481.1,1.8603987303726938e+17,0.0,1.8603987303726938e+17,138.25538963998835,-0.029806873757263957,0.029806873757263957,0.02827430084725246
nta_5e19,5e+19,0.0,tail,coupled_final,0.0,0.01,0.0,0.3,channel,0.0,4.05e-06,0.0,40.5,0.0,1e+16,5.108994365903968e+17,0.0,5.108994365903968e+17,16.38058381615413,-0.08185511396288983,0.08185511396288983,0.08185511396288983
nta_5e19,5e+19,0.0,tail,coupled_final,0.0,0.01,0.0,0.3,channel,2.5e-05,4.05e-06,0.25,40.5,-0.07994432819037849,452214667709666.44,1.8846504034837808e+17,0.0,1.8846504034837808e+17,134.54670500745513,-0.030195428397203856,0.030195428397203856,0.028665704540619504
nta_5e19,5e+19,0.0,tail,coupled_final,0.0,0.01,0.0,0.3,channel,0.0,4.125e-06,0.0,41.25,0.0,1e+16,5.108994365903968e+17,0.0,5.108994365903968e+17,16.38058381615413,-0.08185511396288983,0.08185511396288983,0.08185511396288983
nta_5e19,5e+19,0.0,tail,coupled_final,0.0,0.01,0.0,0.3,channel,2.5e-05,4.125e-06,0.25,41.25,-0.07872582230494526,474039440692960.5,1.9135471748912256e+17,0.0,1.9135471748912256e+17,130.31609563581438,-0.03065840571667433,0.03065840571667433,0.0291321785742216
nta_5e19,5e+19,0.0,tail,coupled_final,0.0,0.01,0.0,0.3,channel,0.0,4.2000000000000004e-06,0.0,42.00000000000001,0.0,1e+16,5.108994365903968e+17,0.0,5.108994365903968e+17,16.38058381615413,-0.08185511396288983,0.08185511396288983,0.08185511396288983
nta_5e19,5e+19,0.0,tail,coupled_final,0.0,0.01,0.0,0.3,channel,2.5e-05,4.2000000000000004e-06,0.25,42.00000000000001,-0.07732294858928507,500474034078176.25,1.947364201498024e+17,0.0,1.947364201498024e+17,125.60961325158904,-0.031200214215282015,0.031200214215282015,0.029678222361614395
nta_5e19,5e+19,0.0,tail,coupled_final,0.0,0.01,0.0,0.3,channel,0.0,4.2750000000000006e-06,0.0,42.75000000000001,0.0,1e+16,5.108994365903968e+17,0.0,5.108994365903968e+17,16.38058381615413,-0.08185511396288983,0.08185511396288983,0.08185511396288983
nta_5e19,5e+19,0.0,tail,coupled_final,0.0,0.01,0.0,0.3,channel,2.5e-05,4.2750000000000006e-06,0.25,42.75000000000001,-0.07573222542441194,532236132147550.1,1.9864314715469472e+17,0.0,1.9864314715469472e+17,120.4779307056029,-0.031826140887547545,0.031826140887547545,0.03030923788301728
nta_5e19,5e+19,0.0,tail,coupled_final,0.0,0.01,0.0,0.3,channel,0.0,4.350000000000001e-06,0.0,43.50000000000001,0.0,1e+16,5.108994365903968e+17,0.0,5.108994365903968e+17,16.38058381615413,-0.08185511396288983,0.08185511396288983,0.08185511396288983
nta_5e19,5e+19,0.0,tail,coupled_final,0.0,0.01,0.0,0.3,channel,2.5e-05,4.350000000000001e-06,0.25,43.50000000000001,-0.07394962967782383,570230545761373.5,2.0311409219663846e+17,0.0,2.0311409219663846e+17,114.97558787697521,-0.03254246525535759,0.03254246525535759,0.03103164962699878
nta_5e19,5e+19,0.0,tail,coupled_final,0.0,0.01,0.0,0.3,channel,0.0,4.425e-06,0.0,44.25,0.0,1e+16,5.108994365903968e+17,0.0,5.108994365903968e+17,16.38058381615413,-0.08185511396288983,0.08185511396288983,0.08185511396288983
nta_5e19,5e+19,0.0,tail,coupled_final,0.0,0.01,0.0,0.3,channel,2.5e-05,4.425e-06,0.25,44.25,-0.07197055585260898,615598128364485.9,2.0819551937024614e+17,0.0,2.0819551937024614e+17,109.1601846059869,-0.03335659964385027,0.03335659964385027,0.031853052703570243
nta_5e19,5e+19,0.0,tail,coupled_final,0.0,0.01,0.0,0.3,channel,0.0,4.5e-06,0.0,45.0,0.0,1e+16,5.108994365903968e+17,0.0,5.108994365903968e+17,16.38058381615413,-0.08185511396288983,0.08185511396288983,0.08185511396288983
nta_5e19,5e+19,0.0,tail,coupled_final,0.0,0.01,0.0,0.3,channel,2.5e-05,4.5e-06,0.25,45.0,-0.06978976779438141,669780900759779.0,2.1394183735011715e+17,0.0,2.1394183735011715e+17,103.09153451797516,-0.03427726128373861,0.03427726128373861,0.032782395380648297
nta_5e19,5e+19,0.0,tail,coupled_final,0.0,0.01,0.0,0.3,channel,0.0,4.575e-06,0.0,45.75,0.0,1e+16,5.108994365903968e+17,0.0,5.108994365903968e+17,16.38058381615413,-0.08185511396288983,0.08185511396288983,0.08185511396288983
nta_5e19,5e+19,0.0,tail,coupled_final,0.0,0.01,0.0,0.3,channel,2.5e-05,4.575e-06,0.25,45.75,-0.0674013417959651,734609260262885.6,2.2041691692926512e+17,0.0,2.2041691692926512e+17,96.83079428289211,-0.03531468340423876,0.03531468340423876,0.03383020414943008
nta_5e19,5e+19,0.0,tail,coupled_final,0.0,0.01,0.0,0.3,channel,0.0,4.65e-06,0.0,46.50000000000001,0.0,1e+16,5.108994365903968e+17,0.0,5.108994365903968e+17,16.38058381615413,-0.08185511396288983,0.08185511396288983,0.08185511396288983
nta_5e19,5e+19,0.0,tail,coupled_final,0.0,0.01,0.0,0.3,channel,2.5e-05,4.65e-06,0.25,46.50000000000001,-0.0647985996694843,812419612982601.4,2.2769570948097123e+17,0.0,2.2769570948097123e+17,90.43958298178904,-0.036480874539246436,0.036480874539246436,0.035008861877338836
nta_5e19,5e+19,0.0,tail,coupled_final,0.0,0.01,0.0,0.3,channel,0.0,4.7250000000000005e-06,0.0,47.25000000000001,0.0,1e+16,5.108994365903968e+17,0.0,5.108994365903968e+17,16.38058381615413,-0.08185511396288983,0.08185511396288983,0.08185511396288983
nta_5e19,5e+19,0.0,tail,coupled_final,0.0,0.01,0.0,0.3,channel,2.5e-05,4.7250000000000005e-06,0.25,47.25000000000001,-0.06197403001816497,906214378759076.0,2.358662407679227e+17,0.0,2.358662407679227e+17,83.97910573951921,-0.03778993797077839,0.03778993797077839,0.03633295288708265
nta_5e19,5e+19,0.0,tail,coupled_final,0.0,0.01,0.0,0.3,channel,0.0,4.8e-06,0.0,48.0,0.0,1e+16,5.108994365903968e+17,0.0,5.108994365903968e+17,16.38058381615413,-0.08185511396288983,0.08185511396288983,0.08185511396288983
nta_5e19,5e+19,0.0,tail,coupled_final,0.0,0.01,0.0,0.3,channel,2.5e-05,4.8e-06,0.25,48.0,-0.05891919551486772,1019881676216331.5,2.450320767908939e+17,0.0,2.450320767908939e+17,77.50929485513252,-0.03925846680148639,0.03925846680148639,0.03781969322659424
nta_5e19,5e+19,0.0,tail,coupled_final,0.0,0.01,0.0,0.3,channel,0.0,4.875e-06,0.0,48.75,0.0,1e+16,5.108994365903968e+17,0.0,5.108994365903968e+17,16.38058381615413,-0.08185511396288983,0.08185511396288983,0.08185511396288983
nta_5e19,5e+19,0.0,tail,coupled_final,0.0,0.01,0.0,0.3,channel,2.5e-05,4.875e-06,0.25,48.75,-0.055624623453033165,1158500047125769.0,2.5531538796533072e+17,0.0,2.5531538796533072e+17,71.08798097990767,-0.04090603488986976,0.04090603488986976,0.039489470426469046
nta_5e19,5e+19,0.0,tail,coupled_final,0.0,0.01,0.0,0.3,channel,0.0,4.95e-06,0.0,49.5,0.0,1e+16,5.108994365903968e+17,0.0,5.108994365903968e+17,16.38058381615413,-0.08185511396288983,0.08185511396288983,0.08185511396288983
nta_5e19,5e+19,0.0,tail,coupled_final,0.0,0.01,0.0,0.3,channel,2.5e-05,4.95e-06,0.25,49.5,-0.05207967614000234,1328765841487054.0,2.668607775856394e+17,0.0,2.668607775856394e+17,64.77010732389301,-0.042755810237878236,0.042755810237878236,0.04136652536220702
nta_5e19,5e+19,0.0,tail,coupled_final,0.0,0.01,0.0,0.3,channel,0.0,5.025e-06,0.0,50.25,0.0,1e+16,5.108994365903968e+17,0.0,5.108994365903968e+17,16.38058381615413,-0.08185511396288983,0.08185511396288983,0.08185511396288983
nta_5e19,5e+19,0.0,tail,coupled_final,0.0,0.01,0.0,0.3,channel,2.5e-05,5.025e-06,0.25,50.25,-0.04827239679970796,1539599824591112.5,2.7984009438620595e+17,0.0,2.7984009438620595e+17,58.607001647612414,-0.044835326048193375,0.044835326048193375,0.04347982050066041
nta_5e19,5e+19,0.0,tail,coupled_final,0.0,0.01,0.0,0.3,channel,0.0,5.1e-06,0.0,51.0,0.0,1e+16,5.108994365903968e+17,0.0,5.108994365903968e+17,16.38058381615413,-0.08185511396288983,0.08185511396288983,0.08185511396288983
nta_5e19,5e+19,0.0,tail,coupled_final,0.0,0.01,0.0,0.3,channel,2.5e-05,5.1e-06,0.25,51.0,-0.044189325467424274,1803019264017630.8,2.9445852325801926e+17,0.0,2.9445852325801926e+17,52.64572243616454,-0.047177456564614396,0.047177456564614396,0.04586415546416049
nta_5e19,5e+19,0.0,tail,coupled_final,0.0,0.01,0.0,0.3,channel,0.0,5.1750000000000004e-06,0.0,51.75000000000001,0.0,1e+16,5.108994365903968e+17,0.0,5.108994365903968e+17,16.38058381615413,-0.08185511396288983,0.08185511396288983,0.08185511396288983
nta_5e19,5e+19,0.0,tail,coupled_final,0.0,0.01,0.0,0.3,channel,2.5e-05,5.1750000000000004e-06,0.25,51.75000000000001,-0.03981527778779659,2135409070592526.0,3.109623520175035e+17,0.0,3.109623520175035e+17,46.92849403924415,-0.04982166144561268,0.04982166144561268,0.04856161506330618
nta_5e19,5e+19,0.0,tail,coupled_final,0.0,0.01,0.0,0.3,channel,0.0,5.2500000000000006e-06,0.0,52.50000000000001,0.0,1e+16,5.108994365903968e+17,0.0,5.108994365903968e+17,16.38058381615413,-0.08185511396288983,0.08185511396288983,0.08185511396288983
nta_5e19,5e+19,0.0,tail,coupled_final,0.0,0.01,0.0,0.3,channel,2.5e-05,5.2500000000000006e-06,0.25,52.50000000000001,-0.035133077514883135,2559402264761103.0,3.296489584143619e+17,0.0,3.296489584143619e+17,41.49223875789935,-0.05281558585939283,0.05281558585939283,0.05162347067595352
nta_5e19,5e+19,0.0,tail,coupled_final,0.0,0.01,0.0,0.3,channel,0.0,5.325e-06,0.0,53.25,0.0,1e+16,5.108994365903968e+17,0.0,5.108994365903968e+17,16.38058381615413,-0.08185511396288983,0.08185511396288983,0.08185511396288983
nta_5e19,5e+19,0.0,tail,coupled_final,0.0,0.01,0.0,0.3,channel,2.5e-05,5.325e-06,0.25,53.25,-0.030123230632442186,3106706685163367.5,3.508797679084757e+17,0.0,3.508797679084757e+17,36.36820554377885,-0.05621713654863028,0.05621713654863028,0.05511270920059632
nta_5e19,5e+19,0.0,tail,coupled_final,0.0,0.01,0.0,0.3,channel,0.0,5.4e-06,0.0,54.0,0.0,1e+16,5.108994365903968e+17,0.0,5.108994365903968e+17,16.38058381615413,-0.08185511396288983,0.08185511396288983,0.08185511396288983
nta_5e19,5e+19,0.0,tail,coupled_final,0.0,0.01,0.0,0.3,channel,2.5e-05,5.4e-06,0.25,54.0,-0.024763525025227277,3822428195480007.0,3.750972250843796e+17,0.0,3.750972250843796e+17,31.581694148054517,-0.06009720095084316,0.06009720095084316,0.05910744483083725
nta_5e19,5e+19,0.0,tail,coupled_final,0.0,0.01,0.0,0.3,channel,5e-05,3e-06,0.5,30.0,-0.07871460022087196,469795041500273.0,1.9079991703270803e+17,0.0,1.9079991703270803e+17,131.11299349444752,-0.03056951688389434,0.03056951688389434,0.029042609713720424
nta_5e19,5e+19,0.0,tail,coupled_final,0.0,0.01,0.0,0.3,channel,5e-05,3.075e-06,0.5,30.750000000000004,-0.07996053383582061,447690279816917.3,1.8785422316021117e+17,0.0,1.8785422316021117e+17,135.46685367009934,-0.030097564694551195,0.030097564694551195,0.028567115951110354
nta_5e19,5e+19,0.0,tail,coupled_final,0.0,0.01,0.0,0.3,channel,5e-05,3.1500000000000003e-06,0.5,31.500000000000004,-0.08102498600771328,429631044901134.6,1.8537357548619622e+17,0.0,1.8537357548619622e+17,139.3007143676968,-0.029700121120501875,0.029700121120501875,0.028166778968640033
nta_5e19,5e+19,0.0,tail,coupled_final,0.0,0.01,0.0,0.3,channel,5e-05,3.225e-06,0.5,32.25,-0.0819105000502777,415163987494232.3,1.8333486388970992e+17,0.0,1.8333486388970992e+17,142.5725230077483,-0.029373483512166357,0.029373483512166357,0.02783782348217051
nta_5e19,5e+19,0.0,tail,coupled_final,0.0,0.01,0.0,0.3,channel,5e-05,3.3e-06,0.5,33.0,-0.08261916579729311,403937909912069.4,1.8171944171412048e+17,0.0,1.8171944171412048e+17,145.24610870597232,-0.02911466434578887,0.02911466434578887,0.027577205699873663
nta_5e19,5e+19,0.0,tail,coupled_final,0.0,0.01,0.0,0.3,channel,5e-05,3.3750000000000003e-06,0.5,33.75,-0.08315263893942366,395687799581834.8,1.8051275566726595e+17,0.0,1.8051275566726595e+17,147.2917274123154,-0.028921331926904457,0.028921331926904457,0.027382551467589344
nta_5e19,5e+19,0.0,tail,coupled_final,0.0,0.01,0.0,0.3,channel,5e-05,3.45e-06,0.5,34.5,-0.08351215610692858,390223156097444.4,1.797040627025535e+17,0.0,1.797040627025535e+17,148.68651120392897,-0.02879176502969021,0.02879176502969021,0.027252109037964715
nta_5e19,5e+19,0.0,tail,coupled_final,0.0,0.01,0.0,0.3,channel,5e-05,3.525e-06,0.5,35.25,-0.08369854599830248,387419810943911.3,1.7928622430649072e+17,0.0,1.7928622430649072e+17,149.41481430288482,-0.028724819938194226,0.028724819938194226,0.027184714801058527
nta_5e19,5e+19,0.0,tail,coupled_final,0.0,0.01,0.0,0.3,channel,5e-05,3.6000000000000003e-06,0.5,36.0,-0.08371223677255583,387214694487141.8,1.7925557136921376e+17,0.0,1.7925557136921376e+17,149.46845010096493,-0.028719908796207366,0.028719908796207366,0.02717977079579224
nta_5e19,5e+19,0.0,tail,coupled_final,0.0,0.01,0.0,0.3,channel,5e-05,3.6750000000000004e-06,0.5,36.75000000000001,-0.08355325984800338,389603208700430.5,1.7961183521899667e+17,0.0,1.7961183521899667e+17,148.84681527289996,-0.028776988557773473,0.028776988557773473,0.027237233239524594
nta_5e19,5e+19,0.0,tail,coupled_final,0.0,0.01,0.0,0.3,channel,5e-05,3.7500000000000005e-06,0.5,37.50000000000001,-0.08322125018043104,394639036444456.56,1.803581425852006e+17,0.0,1.803581425852006e+17,147.5568989246982,-0.028896560180164874,0.028896560180164874,0.02735761169047043
nta_5e19,5e+19,0.0,tail,coupled_final,0.0,0.01,0.0,0.3,channel,5e-05,3.825000000000001e-06,0.5,38.25000000000001,-0.0827154430259626,402436375080262.44,1.8150107432691392e+17,0.0,1.8150107432691392e+17,145.61317662568732,-0.029079678033247874,0.029079678033247874,0.0275419788149304
nta_5e19,5e+19,0.0,tail,coupled_final,0.0,0.01,0.0,0.3,channel,5e-05,3.9e-06,0.5,39.0,-0.08203466712657624,413174738052529.25,1.830507898292956e+17,0.0,1.830507898292956e+17,143.0373910776293,-0.029327969829974227,0.029327969829974227,0.027791991087080914
nta_5e19,5e+19,0.0,tail,coupled_final,0.0,0.01,0.0,0.3,channel,5e-05,3.975e-06,0.5,39.75,-0.08117733418676723,427106636978111.5,1.850212211284745e+17,0.0,1.850212211284745e+17,139.85822304748942,-0.029643667728618893,0.029643667728618893,0.02810992112201816
nta_5e19,5e+19,0.0,tail,coupled_final,0.0,0.01,0.0,0.3,channel,5e-05,4.05e-06,0.5,40.5,-0.08014142443594882,444568654438002.0,1.8743034318733437e+17,0.0,1.8743034318733437e+17,136.11085800164685,-0.03002965163573482,0.03002965163573482,0.02849870275276976
nta_5e19,5e+19,0.0,tail,coupled_final,0.0,0.01,0.0,0.3,channel,5e-05,4.125e-06,0.5,41.25,-0.07892446799022133,465996663367504.25,1.9030052943131507e+17,0.0,1.9030052943131507e+17,131.83645560575158,-0.03048950616926823,0.03048950616926823,0.028961990431825166
nta_5e19,5e+19,0.0,tail,coupled_final,0.0,0.01,0.0,0.3,channel,5e-05,4.2000000000000004e-06,0.5,42.00000000000001,-0.07752352163613829,491946268002203.4,1.936590048115297e+17,0.0,1.936590048115297e+17,127.08153088363888,-0.031027593247272642,0.031027593247272642,0.02950423509485031
nta_5e19,5e+19,0.0,tail,coupled_final,0.0,0.01,0.0,0.3,channel,5e-05,4.2750000000000006e-06,0.5,42.75000000000001,-0.07593514055451486,523119968676067.4,1.975384124733827e+17,0.0,1.975384124733827e+17,121.89725735718612,-0.031649142878230785,0.031649142878230785,0.03013077930328995
nta_5e19,5e+19,0.0,tail,coupled_final,0.0,0.01,0.0,0.3,channel,5e-05,4.350000000000001e-06,0.5,43.50000000000001,-0.07415534437984775,560403137999891.75,2.01977514805284e+17,0.0,2.01977514805284e+17,116.33870391221325,-0.03236036548144151,0.03236036548144151,0.03084797532877388
nta_5e19,5e+19,0.0,tail,coupled_final,0.0,0.01,0.0,0.3,channel,5e-05,4.425e-06,0.5,44.25,-0.07217957684516817,604911711121738.8,2.0702205553056966e+17,0.0,2.0702205553056966e+17,110.46401842623776,-0.03316859000937292,0.03316859000937292,0.031663330916292136
nta_5e19,5e+19,0.0,tail,coupled_final,0.0,0.01,0.0,0.3,channel,5e-05,4.5e-06,0.5,45.0,-0.0700026580863093,658055644233765.2,2.1272581699700307e+17,0.0,2.1272581699700307e+17,104.33357227198611,-0.034082433344115835,0.034082433344115835,0.03258568884782215
nta_5e19,5e+19,0.0,tail,coupled_final,0.0,0.01,0.0,0.3,channel,5e-05,4.575e-06,0.5,45.75,-0.06761872846483875,721623842421245.0,2.1915191646696186e+17,0.0,2.1915191646696186e+17,98.00908052348542,-0.03511200798596861,0.03511200798596861,0.03362544823785507
nta_5e19,5e+19,0.0,tail,coupled_final,0.0,0.01,0.0,0.3,channel,5e-05,4.65e-06,0.5,46.50000000000001,-0.06502118250378724,797898641716171.8,2.26374397767122e+17,0.0,2.26374397767122e+17,91.55271284433765,-0.03626917706383046,0.03626917706383046,0.034794837885836254
nta_5e19,5e+19,0.0,tail,coupled_final,0.0,0.01,0.0,0.3,channel,5e-05,4.7250000000000005e-06,0.5,47.25000000000001,-0.0622025911995929,889811421520487.8,2.3448019112817354e+17,0.0,2.3448019112817354e+17,85.0262095167883,-0.03756786833614137,0.03756786833614137,0.03610825520896402
nta_5e19,5e+19,0.0,tail,coupled_final,0.0,0.01,0.0,0.3,channel,5e-05,4.8e-06,0.5,48.0,-0.05915461055705436,1001156099231817.0,2.435715357925039e+17,0.0,2.435715357925039e+17,78.49001605668374,-0.03902446233542444,0.03902446233542444,0.03758268859234202
nta_5e19,5e+19,0.0,tail,coupled_final,0.0,0.01,0.0,0.3,channel,5e-05,4.875e-06,0.5,48.75,-0.05586787366414295,1136885028813128.2,2.5376898885417507e+17,0.0,2.5376898885417507e+17,72.00244899675063,-0.04065827443759657,0.04065827443759657,0.03923824686646745
nta_5e19,5e+19,0.0,tail,coupled_final,0.0,0.01,0.0,0.3,channel,5e-05,4.95e-06,0.5,49.5,-0.05233186294295545,1303523645124834.5,2.6521518247377734e+17,0.0,2.6521518247377734e+17,65.61890563302067,-0.042492156834153236,0.042492156834153236,0.041098827712761785
nta_5e19,5e+19,0.0,tail,coupled_final,0.0,0.01,0.0,0.3,channel,5e-05,5.025e-06,0.5,50.25,-0.04853475833049029,1509758431410420.0,2.780795440317119e+17,0.0,2.780795440317119e+17,59.39113221254318,-0.044553254784098294,0.044553254784098294,0.043192968118277324
nta_5e19,5e+19,0.0,tail,coupled_final,0.0,0.01,0.0,0.3,channel,5e-05,5.1e-06,0.5,51.0,-0.04446325598638988,1767281343744006.0,2.925642659548644e+17,0.0,2.925642659548644e+17,53.36656690021676,-0.04687396308562454,0.04687396308562454,0.04555493613908961
nta_5e19,5e+19,0.0,tail,coupled_final,0.0,0.01,0.0,0.3,channel,5e-05,5.1750000000000004e-06,0.5,51.75000000000001,-0.040102350591778885,2092019263814745.0,3.089119127987224e+17,0.0,3.089119127987224e+17,47.58777274829831,-0.04949314486503586,0.04949314486503586,0.048226146669272045
nta_5e19,5e+19,0.0,tail,coupled_final,0.0,0.01,0.0,0.3,channel,5e-05,5.2500000000000006e-06,0.5,52.50000000000001,-0.03543507224495051,2505950595982922.5,3.274151952510627e+17,0.0,3.274151952510627e+17,42.09196940065421,-0.052457697544780045,0.052457697544780045,0.05125701845986426
nta_5e19,5e+19,0.0,tail,coupled_final,0.0,0.01,0.0,0.3,channel,5e-05,5.325e-06,0.5,53.25,-0.03044216615643121,3039832371075614.5,3.4842964116818515e+17,0.0,3.4842964116818515e+17,36.91066340979202,-0.05582458296726707,0.05582458296726707,0.05470944117288848
nta_5e19,5e+19,0.0,tail,coupled_final,0.0,0.01,0.0,0.3,channel,5e-05,5.4e-06,0.5,54.0,-0.025101699470455555,3737365112133703.5,3.723901774448058e+17,0.0,3.723901774448058e+17,32.069374913102465,-0.05966348410331817,0.05966348410331817,0.05866009937485691
nta_5e19,5e+19,0.0,tail,coupled_final,0.0,0.01,0.0,0.3,channel,7.500000000000001e-05,3e-06,0.7500000000000001,30.0,-0.07855094129459603,468294769632137.7,1.906029986178998e+17,0.0,1.906029986178998e+17,131.39756851661423,-0.030537967075593336,0.030537967075593336,0.029010819535366234
nta_5e19,5e+19,0.0,tail,coupled_final,0.0,0.01,0.0,0.3,channel,7.500000000000001e-05,3.075e-06,0.7500000000000001,30.750000000000004,-0.07979415572092355,446307540075508.4,1.8766671134863843e+17,0.0,1.8766671134863843e+17,135.75118672896423,-0.03006752199024111,0.03006752199024111,0.02853685170746981
nta_5e19,5e+19,0.0,tail,coupled_final,0.0,0.01,0.0,0.3,channel,7.500000000000001e-05,3.1500000000000003e-06,0.7500000000000001,31.500000000000004,-0.080856077658815,428346004827330.8,1.851943867348994e+17,0.0,1.851943867348994e+17,139.58382353352414,-0.029671411917461536,0.029671411917461536,0.028137863879481695
nta_5e19,5e+19,0.0,tail,coupled_final,0.0,0.01,0.0,0.3,channel,7.500000000000001e-05,3.225e-06,0.7500000000000001,32.25,-0.08173924184841937,413959844524850.44,1.831630171744644e+17,0.0,1.831630171744644e+17,142.85347195945062,-0.029345950632986752,0.029345950632986752,0.027810097678017953
nta_5e19,5e+19,0.0,tail,coupled_final,0.0,0.01,0.0,0.3,channel,7.500000000000001e-05,3.3e-06,0.7500000000000001,33.0,-0.0824457305641657,402800245927226.9,1.8155404249078922e+17,0.0,1.8155404249078922e+17,145.52401347659443,-0.029088164468698562,0.029088164468698562,0.02755052354891797
nta_5e19,5e+19,0.0,tail,coupled_final,0.0,0.01,0.0,0.3,channel,7.500000000000001e-05,3.3750000000000003e-06,0.7500000000000001,33.75,-0.08297719286129596,394604063650518.94,1.803529819532031e+17,0.0,1.803529819532031e+17,147.5657618790926,-0.028895733355764567,0.028895733355764567,0.0273567792628108
nta_5e19,5e+19,0.0,tail,coupled_final,0.0,0.01,0.0,0.3,channel,7.500000000000001e-05,3.45e-06,0.7500000000000001,34.5,-0.08333485958293313,389182243027665.6,1.795491528633596e+17,0.0,1.795491528633596e+17,148.95591131675553,-0.028766945737216894,0.028766945737216894,0.02722712297283156
nta_5e19,5e+19,0.0,tail,coupled_final,0.0,0.01,0.0,0.3,channel,7.500000000000001e-05,3.525e-06,0.7500000000000001,35.25,-0.08351955442590502,386411710776881.7,1.7913546620127958e+17,0.0,1.7913546620127958e+17,149.67888107326996,-0.028700665826838688,0.028700665826838688,0.02716039917424976
nta_5e19,5e+19,0.0,tail,coupled_final,0.0,0.01,0.0,0.3,channel,7.500000000000001e-05,3.6000000000000003e-06,0.7500000000000001,36.0,-0.08353170128158012,386230193413282.06,1.791082925594728e+17,0.0,1.791082925594728e+17,149.7265513991578,-0.028696312129442337,0.028696312129442337,0.02715601639456554
nta_5e19,5e+19,0.0,tail,coupled_final,0.0,0.01,0.0,0.3,channel,7.500000000000001e-05,3.6750000000000004e-06,0.7500000000000001,36.75000000000001,-0.08337132799344847,388633625582649.9,1.7946739398509462e+17,0.0,1.7946739398509462e+17,149.0983865038195,-0.028753846520779072,0.028753846520779072,0.027213935858188598
nta_5e19,5e+19,0.0,tail,coupled_final,0.0,0.01,0.0,0.3,channel,7.500000000000001e-05,3.7500000000000005e-06,0.7500000000000001,37.50000000000001,-0.08303806660345994,393675981586601.94,1.8021591952276803e+17,0.0,1.8021591952276803e+17,147.80144267347166,-0.028873773533420334,0.028873773533420334,0.02733467074532684
nta_5e19,5e+19,0.0,tail,coupled_final,0.0,0.01,0.0,0.3,channel,7.500000000000001e-05,3.825000000000001e-06,0.7500000000000001,38.25000000000001,-0.08253115009182838,401471519313630.44,1.8136046431418352e+17,0.0,1.8136046431418352e+17,145.8502613807342,-0.029057149825557564,0.029057149825557564,0.027519296020303643
nta_5e19,5e+19,0.0,tail,coupled_final,0.0,0.01,0.0,0.3,channel,7.500000000000001e-05,3.9e-06,0.7500000000000001,39.0,-0.08184940554786278,412199580761483.1,1.8291119416697194e+17,0.0,1.8291119416697194e+17,143.2666491530186,-0.029305604139135952,0.029305604139135952,0.027769469158820014
nta_5e19,5e+19,0.0,tail,coupled_final,0.0,0.01,0.0,0.3,channel,7.500000000000001e-05,3.975e-06,0.7500000000000001,39.75,-0.08099124364014694,426112261386496.0,1.8488203965626198e+17,0.0,1.8488203965626198e+17,140.0793478364265,-0.029621368398352433,0.029621368398352433,0.028087462475217866
nta_5e19,5e+19,0.0,tail,coupled_final,0.0,0.01,0.0,0.3,channel,7.500000000000001e-05,4.05e-06,0.7500000000000001,40.5,-0.07995464418069471,443545457282830.0,1.8729096617586755e+17,0.0,1.8729096617586755e+17,136.32360069908486,-0.03000732097662593,0.03000732097662593,0.02847620815940347
nta_5e19,5e+19,0.0,tail,coupled_final,0.0,0.01,0.0,0.3,channel,7.500000000000001e-05,4.125e-06,0.7500000000000001,41.25,-0.0787371374969648,464934043850702.2,1.9016032903441974e+17,0.0,1.9016032903441974e+17,132.0406215399898,-0.030467043589269906,0.030467043589269906,0.028939357601410778
nta_5e19,5e+19,0.0,tail,coupled_final,0.0,0.01,0.0,0.3,channel,7.500000000000001e-05,4.2000000000000004e-06,0.7500000000000001,42.00000000000001,-0.07733578123485033,490832257372018.1,1.9351732584045843e+17,0.0,1.9351732584045843e+17,127.27697559418523,-0.03100489377357469,0.03100489377357469,0.029481357136972183
nta_5e19,5e+19,0.0,tail,coupled_final,0.0,0.01,0.0,0.3,channel,7.500000000000001e-05,4.2750000000000006e-06,0.7500000000000001,42.75000000000001,-0.07574713211143737,521940776525387.4,1.9739456222023485e+17,0.0,1.9739456222023485e+17,122.08388254921482,-0.03162609552679194,0.03162609552679194,0.03010754302444002
nta_5e19,5e+19,0.0,tail,coupled_final,0.0,0.01,0.0,0.3,channel,7.500000000000001e-05,4.350000000000001e-06,0.7500000000000001,43.50000000000001,-0.07396721201415095,559142583732904.6,2.0183075159471712e+17,0.0,2.0183075159471712e+17,116.51645340724959,-0.0323368514227714,0.0323368514227714,0.03082425930704452
nta_5e19,5e+19,0.0,tail,coupled_final,0.0,0.01,0.0,0.3,channel,7.500000000000001e-05,4.425e-06,0.7500000000000001,44.25,-0.07199146769751842,603550498057207.6,2.068715756135307e+17,0.0,2.068715756135307e+17,110.63287421563669,-0.0331444804686763,0.0331444804686763,0.03163900328521894
nta_5e19,5e+19,0.0,tail,coupled_final,0.0,0.01,0.0,0.3,channel,7.500000000000001e-05,4.5e-06,0.7500000000000001,45.0,-0.06981472315337517,656570418011746.5,2.125707393125217e+17,0.0,2.125707393125217e+17,104.49355076654619,-0.03405758715986275,0.03405758715986275,0.03256060470409415
nta_5e19,5e+19,0.0,tail,coupled_final,0.0,0.01,0.0,0.3,channel,7.500000000000001e-05,4.575e-06,0.7500000000000001,45.75,-0.06743112351614802,719985952531712.4,2.1899126468115e+17,0.0,2.1899126468115e+17,98.16022908160768,-0.0350862687322248,0.0350862687322248,0.03359944656522025
nta_5e19,5e+19,0.0,tail,coupled_final,0.0,0.01,0.0,0.3,channel,7.500000000000001e-05,4.65e-06,0.7500000000000001,46.50000000000001,-0.06483406910041553,796072491667046.9,2.2620707884309e+17,0.0,2.2620707884309e+17,91.69510665365416,-0.03624236961677945,0.03624236961677945,0.034767737857291356
nta_5e19,5e+19,0.0,tail,coupled_final,0.0,0.01,0.0,0.3,channel,7.500000000000001e-05,4.7250000000000005e-06,0.7500000000000001,47.25000000000001,-0.06201613783810719,887752244147951.8,2.3430496947406877e+17,0.0,2.3430496947406877e+17,85.15994889766138,-0.037539794732143625,0.037539794732143625,0.036079851688379114
nta_5e19,5e+19,0.0,tail,coupled_final,0.0,0.01,0.0,0.3,channel,7.500000000000001e-05,4.8e-06,0.7500000000000001,48.0,-0.05896899396721259,998806920699680.2,2.433870017601625e+17,0.0,2.433870017601625e+17,78.61522424265078,-0.03899489672394492,0.03899489672394492,0.03755274660096717
nta_5e19,5e+19,0.0,tail,coupled_final,0.0,0.01,0.0,0.3,channel,7.500000000000001e-05,4.875e-06,0.7500000000000001,48.75,-0.055683280295417095,1134172474908693.5,2.5357351999359987e+17,0.0,2.5357351999359987e+17,72.11927041599577,-0.04062695687348775,0.04062695687348775,0.03920649470331022
nta_5e19,5e+19,0.0,tail,coupled_final,0.0,0.01,0.0,0.3,channel,7.500000000000001e-05,4.95e-06,0.7500000000000001,49.5,-0.05214849068348497,1300352075561556.5,2.6500689545245654e+17,0.0,2.6500689545245654e+17,65.72750466128365,-0.04245878557428067,0.04245878557428067,0.04106494831142449
nta_5e19,5e+19,0.0,tail,coupled_final,0.0,0.01,0.0,0.3,channel,7.500000000000001e-05,5.025e-06,0.7500000000000001,50.25,-0.04835281851326234,1506001627731398.5,2.7785623444697613e+17,0.0,2.7785623444697613e+17,59.49169230600764,-0.044517476644217104,0.044517476644217104,0.043156588072088824
nta_5e19,5e+19,0.0,tail,coupled_final,0.0,0.01,0.0,0.3,channel,7.500000000000001e-05,5.1e-06,0.7500000000000001,51.0,-0.044282975752237615,1762770567180397.0,2.92323332318416e+17,0.0,2.92323332318416e+17,53.45928998594908,-0.046835361261358316,0.046835361261358316,0.04551561160874225
nta_5e19,5e+19,0.0,tail,coupled_final,0.0,0.01,0.0,0.3,channel,7.500000000000001e-05,5.1750000000000004e-06,0.7500000000000001,51.75000000000001,-0.039923975698572554,2086525844875686.5,3.0865025963684666e+17,0.0,3.0865025963684666e+17,47.67287878924918,-0.0494512234068189,0.0494512234068189,0.0481833450683086
nta_5e19,5e+19,0.0,tail,coupled_final,0.0,0.01,0.0,0.3,channel,7.500000000000001e-05,5.2500000000000006e-06,0.7500000000000001,52.50000000000001,-0.035258870439151414,2499160151816437.0,3.271291083835496e+17,0.0,3.271291083835496e+17,42.16969614613871,-0.05241186137533766,0.05241186137533766,0.05121009434132408
nta_5e19,5e+19,0.0,tail,coupled_final,0.0,0.01,0.0,0.3,channel,7.500000000000001e-05,5.325e-06,0.7500000000000001,53.25,-0.03026843125998397,3031305978005689.5,3.481146255853987e+17,0.0,3.481146255853987e+17,36.9812663859625,-0.05577411190665844,0.05577411190665844,0.05465760403350496
nta_5e19,5e+19,0.0,tail,coupled_final,0.0,0.01,0.0,0.3,channel,7.500000000000001e-05,5.4e-06,0.7500000000000001,54.0,-0.0249307563872976,3726479764444629.0,3.7204074444652397e+17,0.0,3.7204074444652397e+17,32.13312759201508,-0.05960749876481859,0.05960749876481859,0.05860237001138529
nta_5e19,5e+19,0.0,tail,coupled_final,0.0,0.01,0.0,0.3,channel,0.0001,3e-06,1.0,30.0,-0.07838518788400445,466825809174874.7,1.904097752229073e+17,0.0,1.904097752229073e+17,131.67768948898234,-0.030507009274733418,0.030507009274733418,0.028979626381094234
nta_5e19,5e+19,0.0,tail,coupled_final,0.0,0.01,0.0,0.3,channel,0.0001,3.075e-06,1.0,30.750000000000004,-0.07962568340085464,444954344118470.0,1.874828243132961e+17,0.0,1.874828243132961e+17,136.0308785164257,-0.03003806003910901,0.03003806003910901,0.028507172950443346
nta_5e19,5e+19,0.0,tail,coupled_final,0.0,0.01,0.0,0.3,channel,0.0001,3.1500000000000003e-06,1.0,31.500000000000004,-0.08068507496090968,427089069072206.7,1.8501876407812214e+17,0.0,1.8501876407812214e+17,139.8621222272813,-0.029643274065752585,0.029643274065752585,0.02810952464446301
nta_5e19,5e+19,0.0,tail,coupled_final,0.0,0.01,0.0,0.3,channel,0.0001,3.225e-06,1.0,32.25,-0.08156588879448566,412782650196829.8,1.82994688560345e+17,0.0,1.82994688560345e+17,143.1294611954473,-0.029318981415749183,0.029318981415749183,0.027782939853455778
nta_5e19,5e+19,0.0,tail,coupled_final,0.0,0.01,0.0,0.3,channel,0.0001,3.3e-06,1.0,33.0,-0.0822701996706432,401688624467258.75,1.8139212335670077e+17,0.0,1.8139212335670077e+17,145.79683095684678,-0.02906222216337516,0.02906222216337516,0.027524403142201666
nta_5e19,5e+19,0.0,tail,coupled_final,0.0,0.01,0.0,0.3,channel,0.0001,3.3750000000000003e-06,1.0,33.75,-0.08279965005402425,393545687696559.25,1.8019665973764925e+17,0.0,1.8019665973764925e+17,147.834604608484,-0.028870687775651018,0.028870687775651018,0.027331564112174904
nta_5e19,5e+19,0.0,tail,coupled_final,0.0,0.01,0.0,0.3,channel,0.0001,3.45e-06,1.0,34.5,-0.08315546503676016,388166211805057.8,1.793976749234325e+17,0.0,1.793976749234325e+17,149.22003955355146,-0.02874267629562513,0.02874267629562513,0.027202690745091365
nta_5e19,5e+19,0.0,tail,coupled_final,0.0,0.01,0.0,0.3,channel,0.0001,3.525e-06,1.0,35.25,-0.08333846334185564,385428205434911.9,1.789881290767266e+17,0.0,1.789881290767266e+17,149.93762102034827,-0.02867705981701073,0.02867705981701073,0.02713663558949397
nta_5e19,5e+19,0.0,tail,coupled_final,0.0,0.01,0.0,0.3,channel,0.0001,3.6000000000000003e-06,1.0,36.0,-0.08334906461286302,385270183103132.7,1.7896443229176573e+17,0.0,1.7896443229176573e+17,149.97929668896518,-0.02867326317349421,0.02867326317349421,0.027132813628008685
nta_5e19,5e+19,0.0,tail,coupled_final,0.0,0.01,0.0,0.3,channel,0.0001,3.6750000000000004e-06,1.0,36.75000000000001,-0.0831872931304544,387688608726351.0,1.793263772384908e+17,0.0,1.793263772384908e+17,149.34459855332992,-0.028731253147137942,0.028731253147137942,0.02719119107615487
nta_5e19,5e+19,0.0,tail,coupled_final,0.0,0.01,0.0,0.3,channel,0.0001,3.7500000000000005e-06,1.0,37.50000000000001,-0.08285277802705195,392737749206863.06,1.8007713528228016e+17,0.0,1.8007713528228016e+17,148.04065000577788,-0.028851537846692626,0.028851537846692626,0.027312284737199526
nta_5e19,5e+19,0.0,tail,coupled_final,0.0,0.01,0.0,0.3,channel,0.0001,3.825000000000001e-06,1.0,38.25000000000001,-0.08234475000361499,400531928714897.25,1.8122331595410358e+17,0.0,1.8122331595410358e+17,146.08205802708684,-0.029035176235766416,0.029035176235766416,0.027497171891502213
nta_5e19,5e+19,0.0,tail,coupled_final,0.0,0.01,0.0,0.3,channel,0.0001,3.9e-06,1.0,39.0,-0.08166203448575768,411250328402251.6,1.8277509169405734e+17,0.0,1.8277509169405734e+17,143.49069226283592,-0.029283798118942612,0.029283798118942612,0.0277475110516317
nta_5e19,5e+19,0.0,tail,coupled_final,0.0,0.01,0.0,0.3,channel,0.0001,3.975e-06,1.0,39.75,-0.08080304108734125,425144643501308.56,1.8474639193432986e+17,0.0,1.8474639193432986e+17,140.29535463270534,-0.029599635237298933,0.029599635237298933,0.02806557428468774
nta_5e19,5e+19,0.0,tail,coupled_final,0.0,0.01,0.0,0.3,channel,0.0001,4.05e-06,1.0,40.5,-0.07976574917620001,442550105652890.94,1.8715517293335302e+17,0.0,1.8715517293335302e+17,136.5313449224426,-0.029985564500604744,0.029985564500604744,0.028454292210469873
nta_5e19,5e+19,0.0,tail,coupled_final,0.0,0.01,0.0,0.3,channel,0.0001,4.125e-06,1.0,41.25,-0.07854768925613047,463900621943845.25,1.900237724429519e+17,0.0,1.900237724429519e+17,132.23992952598647,-0.03044516481126306,0.03044516481126306,0.02891731325096071
nta_5e19,5e+19,0.0,tail,coupled_final,0.0,0.01,0.0,0.3,channel,0.0001,4.2000000000000004e-06,1.0,42.00000000000001,-0.07714591978873647,489749098619014.75,1.933793614296837e+17,0.0,1.933793614296837e+17,127.46772212545143,-0.030982789438048004,0.030982789438048004,0.029459079260281
nta_5e19,5e+19,0.0,tail,coupled_final,0.0,0.01,0.0,0.3,channel,0.0001,4.2750000000000006e-06,1.0,42.75000000000001,-0.07555699897465862,520794441358208.8,1.9725450886031318e+17,0.0,1.9725450886031318e+17,122.26598661635136,-0.03160365650471397,0.03160365650471397,0.030084920339220094
nta_5e19,5e+19,0.0,tail,coupled_final,0.0,0.01,0.0,0.3,channel,0.0001,4.350000000000001e-06,1.0,43.50000000000001,-0.07377695089183833,557917304549660.8,2.01687880230669e+17,0.0,2.01687880230669e+17,116.6898740010733,-0.032313960906656836,0.032313960906656836,0.03080117247956221
nta_5e19,5e+19,0.0,tail,coupled_final,0.0,0.01,0.0,0.3,channel,0.0001,4.425e-06,1.0,44.25,-0.0718012252434308,602227470543738.2,2.0672509637136918e+17,0.0,2.0672509637136918e+17,110.79760625949366,-0.03312101190676059,0.03312101190676059,0.0316153227509264
nta_5e19,5e+19,0.0,tail,coupled_final,0.0,0.01,0.0,0.3,channel,0.0001,4.5e-06,1.0,45.0,-0.0696246497930056,655126881802469.0,2.1241978651092512e+17,0.0,2.1241978651092512e+17,104.64962128328114,-0.03403340185470726,0.03403340185470726,0.03253618811894018
nta_5e19,5e+19,0.0,tail,coupled_final,0.0,0.01,0.0,0.3,channel,0.0001,4.575e-06,1.0,45.75,-0.06724137435101651,718393981852283.9,2.1883487916752378e+17,0.0,2.1883487916752378e+17,98.30769367780607,-0.035061213010641995,0.035061213010641995,0.03357413578181499
nta_5e19,5e+19,0.0,tail,coupled_final,0.0,0.01,0.0,0.3,channel,0.0001,4.65e-06,1.0,46.50000000000001,-0.06464480491275827,794297384036965.8,2.2604418692006387e+17,0.0,2.2604418692006387e+17,91.83404639517636,-0.03621627145348547,0.03621627145348547,0.03474135529040061
nta_5e19,5e+19,0.0,tail,coupled_final,0.0,0.01,0.0,0.3,channel,0.0001,4.7250000000000005e-06,1.0,47.25000000000001,-0.06182752621905186,885750347285267.4,2.3413435747943667e+17,0.0,2.3413435747943667e+17,85.29046764295678,-0.03751245967701566,0.03751245967701566,0.03605219589401344
nta_5e19,5e+19,0.0,tail,coupled_final,0.0,0.01,0.0,0.3,channel,0.0001,4.8e-06,1.0,48.0,-0.0587812105965253,996522666412596.5,2.4320728509313773e+17,0.0,2.4320728509313773e+17,78.73744648639926,-0.03896610293948018,0.03896610293948018,0.037523586838617944
nta_5e19,5e+19,0.0,tail,coupled_final,0.0,0.01,0.0,0.3,channel,0.0001,4.875e-06,1.0,48.75,-0.055496510407366514,1131534281219870.8,2.533831050190917e+17,0.0,2.533831050190917e+17,72.23333966464156,-0.040596449031195685,0.040596449031195685,0.03917556417578973
nta_5e19,5e+19,0.0,tail,coupled_final,0.0,0.01,0.0,0.3,channel,0.0001,4.95e-06,1.0,49.5,-0.051962930761770235,1297266614068407.0,2.6480393222718637e+17,0.0,2.6480393222718637e+17,65.8335823088762,-0.04242626728057176,0.04242626728057176,0.04103193567228463
nta_5e19,5e+19,0.0,tail,coupled_final,0.0,0.01,0.0,0.3,channel,0.0001,5.025e-06,1.0,50.25,-0.04816867826895717,1502345698737723.5,2.776385575419856e+17,0.0,2.776385575419856e+17,59.58995691719019,-0.044482600959123375,0.044482600959123375,0.043121126642594175
nta_5e19,5e+19,0.0,tail,coupled_final,0.0,0.01,0.0,0.3,channel,0.0001,5.1e-06,1.0,51.0,-0.04410048045325425,1758379424765783.8,2.920883860797636e+17,0.0,2.920883860797636e+17,53.549936860933315,-0.046797718723976804,0.046797718723976804,0.04547726553278342
nta_5e19,5e+19,0.0,tail,coupled_final,0.0,0.01,0.0,0.3,channel,0.0001,5.1750000000000004e-06,1.0,51.75000000000001,-0.039743368938601864,2081176173666628.5,3.0839500291367123e+17,0.0,3.0839500291367123e+17,47.75611972240301,-0.04941032677106459,0.04941032677106459,0.048141591320733215
nta_5e19,5e+19,0.0,tail,coupled_final,0.0,0.01,0.0,0.3,channel,0.0001,5.2500000000000006e-06,1.0,52.50000000000001,-0.03508041746037865,2492544854560880.5,3.2684989190427725e+17,0.0,3.2684989190427725e+17,42.245759381226385,-0.05236712596344587,0.05236712596344587,0.05116429904196331
nta_5e19,5e+19,0.0,tail,coupled_final,0.0,0.01,0.0,0.3,channel,0.0001,5.325e-06,1.0,53.25,-0.030092422980054778,3022996202740622.5,3.478070325639043e+17,0.0,3.478070325639043e+17,37.050396815615024,-0.05572483007147646,0.05572483007147646,0.05460699082554663
nta_5e19,5e+19,0.0,tail,coupled_final,0.0,0.01,0.0,0.3,channel,0.0001,5.4e-06,1.0,54.0,-0.024757514331423747,3715866668750848.5,3.716993813080712e+17,0.0,3.716993813080712e+17,32.19558713810571,-0.059552806360404796,0.059552806360404796,0.058545977201577996
nta_5e19,5e+19,0.0,tail,coupled_final,0.0,0.01,0.0,0.3,channel,0.000125,3e-06,1.25,30.0,-0.07821904719201526,465357258003050.2,1.9021619326330627e+17,0.0,1.9021619326330627e+17,131.95921380116363,-0.03047599402548975,0.03047599402548975,0.02894837584401323
nta_5e19,5e+19,0.0,tail,coupled_final,0.0,0.01,0.0,0.3,channel,0.000125,3.075e-06,1.25,30.750000000000004,-0.07945681758261323,443601355398480.56,1.8729858608282742e+17,0.0,1.8729858608282742e+17,136.31195714138212,-0.030008541820314368,0.030008541820314368,0.028477437958957387
nta_5e19,5e+19,0.0,tail,coupled_final,0.0,0.01,0.0,0.3,channel,0.000125,3.1500000000000003e-06,1.25,31.500000000000004,-0.08051367292056792,425832178346902.56,1.8484279706416803e+17,0.0,1.8484279706416803e+17,140.14178770771815,-0.02961508104194138,0.02961508104194138,0.028081130244556655
nta_5e19,5e+19,0.0,tail,coupled_final,0.0,0.01,0.0,0.3,channel,0.000125,3.225e-06,1.25,32.25,-0.08139213091951701,411605369139592.94,1.8282602183798154e+17,0.0,1.8282602183798154e+17,143.40679391048678,-0.029291958027598774,0.029291958027598774,0.027755727844085212
nta_5e19,5e+19,0.0,tail,coupled_final,0.0,0.01,0.0,0.3,channel,0.000125,3.3e-06,1.25,33.0,-0.08209425883688215,400576807765801.06,1.8122987172930646e+17,0.0,1.8122987172930646e+17,146.0709656507036,-0.029036226586751198,0.029036226586751198,0.027498229432903663
nta_5e19,5e+19,0.0,tail,coupled_final,0.0,0.01,0.0,0.3,channel,0.000125,3.3750000000000003e-06,1.25,33.75,-0.0826216925410624,392487025662651.0,1.8004000997336973e+17,0.0,1.8004000997336973e+17,148.1047356301974,-0.02884558971644599,0.02884558971644599,0.02730629643661248
nta_5e19,5e+19,0.0,tail,coupled_final,0.0,0.01,0.0,0.3,channel,0.000125,3.45e-06,1.25,34.5,-0.08297565136822438,387149816980082.9,1.7924587367817475e+17,0.0,1.7924587367817475e+17,149.4854248064147,-0.02871835505480872,0.02871835505480872,0.02717820665987101
nta_5e19,5e+19,0.0,tail,coupled_final,0.0,0.01,0.0,0.3,channel,0.000125,3.525e-06,1.25,35.25,-0.08315694906328189,384444268835585.56,1.7884047216128864e+17,0.0,1.7884047216128864e+17,150.1975846484251,-0.028653402571034412,0.028653402571034412,0.02711282069949477
nta_5e19,5e+19,0.0,tail,coupled_final,0.0,0.01,0.0,0.3,channel,0.000125,3.6000000000000003e-06,1.25,36.0,-0.08316600101844004,384309680980011.5,1.7882025499194013e+17,0.0,1.7882025499194013e+17,150.23323055410947,-0.02865016342340083,0.02865016342340083,0.027109559988509446
nta_5e19,5e+19,0.0,tail,coupled_final,0.0,0.01,0.0,0.3,channel,0.000125,3.6750000000000004e-06,1.25,36.75000000000001,-0.08300282794878852,386743044340941.6,1.791850454354536e+17,0.0,1.791850454354536e+17,149.59196257940346,-0.02870860929589121,0.02870860929589121,0.027168395728791716
nta_5e19,5e+19,0.0,tail,coupled_final,0.0,0.01,0.0,0.3,channel,0.000125,3.7500000000000005e-06,1.25,37.50000000000001,-0.0826670560752539,391798916538287.94,1.799380371484066e+17,0.0,1.799380371484066e+17,148.28097148712985,-0.0288292518687001,0.0288292518687001,0.02728984834163052
nta_5e19,5e+19,0.0,tail,coupled_final,0.0,0.01,0.0,0.3,channel,0.000125,3.825000000000001e-06,1.25,38.25000000000001,-0.08215791381840175,399591686416697.75,1.810858540180015e+17,0.0,1.810858540180015e+17,146.31493001555413,-0.0290131524055577,0.0290131524055577,0.027474997417869452
nta_5e19,5e+19,0.0,tail,coupled_final,0.0,0.01,0.0,0.3,channel,0.000125,3.9e-06,1.25,39.0,-0.08147422493987592,410300372871853.4,1.8263867507900605e+17,0.0,1.8263867507900605e+17,143.71577116123765,-0.029261941767630157,0.029261941767630157,0.027725502500663832
nta_5e19,5e+19,0.0,tail,coupled_final,0.0,0.01,0.0,0.3,channel,0.000125,3.975e-06,1.25,39.75,-0.08061439799944363,424176269637610.44,1.8461042857689274e+17,0.0,1.8461042857689274e+17,140.51235713271186,-0.02957785150586234,0.02957785150586234,0.028043635402653404
nta_5e19,5e+19,0.0,tail,coupled_final,0.0,0.01,0.0,0.3,channel,0.000125,4.05e-06,1.25,40.5,-0.07957641192233789,441553942714296.75,1.8701906158369536e+17,0.0,1.8701906158369536e+17,136.7400444304947,-0.029963757058200372,0.029963757058200372,0.028432325165167114
nta_5e19,5e+19,0.0,tail,coupled_final,0.0,0.01,0.0,0.3,channel,0.000125,4.125e-06,1.25,41.25,-0.07835779739127467,462866329738728.9,1.8988689423484326e+17,0.0,1.8988689423484326e+17,132.44015222234154,-0.030423234504589516,0.030423234504589516,0.02889521723240679
nta_5e19,5e+19,0.0,tail,coupled_final,0.0,0.01,0.0,0.3,channel,0.000125,4.2000000000000004e-06,1.25,42.00000000000001,-0.07695561368721562,488665005806237.0,1.9324107078529773e+17,0.0,1.9324107078529773e+17,127.65934279828768,-0.030960632834134402,0.030960632834134402,0.029436748965550028
nta_5e19,5e+19,0.0,tail,coupled_final,0.0,0.01,0.0,0.3,channel,0.000125,4.2750000000000006e-06,1.25,42.75000000000001,-0.07536642049914079,519647102495017.2,1.9711412346109162e+17,0.0,1.9711412346109162e+17,122.44892440525398,-0.03158116428407522,0.03158116428407522,0.03006224429462955
nta_5e19,5e+19,0.0,tail,coupled_final,0.0,0.01,0.0,0.3,channel,0.000125,4.350000000000001e-06,1.25,43.50000000000001,-0.07358624410151503,556690945066726.8,2.0154466973822138e+17,0.0,2.0154466973822138e+17,116.86408817276863,-0.032291016056182516,0.032291016056182516,0.030778031144637043
nta_5e19,5e+19,0.0,tail,coupled_final,0.0,0.01,0.0,0.3,channel,0.000125,4.425e-06,1.25,44.25,-0.07161053715344877,600903278098913.6,2.0657826951809475e+17,0.0,2.0657826951809475e+17,110.96309212475587,-0.033097487651404585,0.033097487651404585,0.03159158633655099
nta_5e19,5e+19,0.0,tail,coupled_final,0.0,0.01,0.0,0.3,channel,0.000125,4.5e-06,1.25,45.0,-0.06943413119900739,653682087029013.5,2.1226847609381334e+17,0.0,2.1226847609381334e+17,104.80640634969392,-0.03400915925322953,0.03400915925322953,0.032511714035819754
nta_5e19,5e+19,0.0,tail,coupled_final,0.0,0.01,0.0,0.3,channel,0.000125,4.575e-06,1.25,45.75,-0.0670511807349997,716800649196755.2,2.1867812436362858e+17,0.0,2.1867812436362858e+17,98.45583412100356,-0.03503609812223518,0.03503609812223518,0.03354876561337309
nta_5e19,5e+19,0.0,tail,coupled_final,0.0,0.01,0.0,0.3,channel,0.000125,4.65e-06,1.25,46.50000000000001,-0.06445509744948416,792520800849888.8,2.2588091218928115e+17,0.0,2.2588091218928115e+17,91.97362392256262,-0.036190111957627204,0.036190111957627204,0.03471491115453527
nta_5e19,5e+19,0.0,tail,coupled_final,0.0,0.01,0.0,0.3,channel,0.000125,4.7250000000000005e-06,1.25,47.25000000000001,-0.06163847290611724,883746851445333.2,2.3396334711709376e+17,0.0,2.3396334711709376e+17,85.42158681646566,-0.03748506079634389,0.03748506079634389,0.03602447601791957
nta_5e19,5e+19,0.0,tail,coupled_final,0.0,0.01,0.0,0.3,channel,0.000125,4.8e-06,1.25,48.0,-0.05859298753621018,994236681496818.8,2.4302715222468832e+17,0.0,2.4302715222468832e+17,78.86023255712549,-0.038937242472195675,0.038937242472195675,0.03749436011617167
nta_5e19,5e+19,0.0,tail,coupled_final,0.0,0.01,0.0,0.3,channel,0.000125,4.875e-06,1.25,48.75,-0.05530930327483404,1128894220842109.0,2.531922534679792e+17,0.0,2.531922534679792e+17,72.34793694142364,-0.04056587124162017,0.04056587124162017,0.039144563401909256
nta_5e19,5e+19,0.0,tail,coupled_final,0.0,0.01,0.0,0.3,channel,0.000125,4.95e-06,1.25,49.5,-0.05177693650260078,1294179153017729.0,2.6460050919906458e+17,0.0,2.6460050919906458e+17,65.94015302976398,-0.04239367531832433,0.04239367531832433,0.04099884904424182
nta_5e19,5e+19,0.0,tail,coupled_final,0.0,0.01,0.0,0.3,channel,0.000125,5.025e-06,1.25,50.25,-0.04798410708000793,1498687654509702.5,2.7742039439938963e+17,0.0,2.7742039439938963e+17,59.68868053067194,-0.04444764737017665,0.04444764737017665,0.04308558697034862
nta_5e19,5e+19,0.0,tail,coupled_final,0.0,0.01,0.0,0.3,channel,0.000125,5.1e-06,1.25,51.0,-0.04391755811539024,1753986093454060.8,2.9185292354894214e+17,0.0,2.9185292354894214e+17,53.64100959085206,-0.04675999346747034,0.04675999346747034,0.045438836386999644
nta_5e19,5e+19,0.0,tail,coupled_final,0.0,0.01,0.0,0.3,channel,0.000125,5.1750000000000004e-06,1.25,51.75000000000001,-0.03956233958929913,2075824325084172.2,3.081391957532104e+17,0.0,3.081391957532104e+17,47.839754326525444,-0.049369341945534564,0.049369341945534564,0.04809974903452843
nta_5e19,5e+19,0.0,tail,coupled_final,0.0,0.01,0.0,0.3,channel,0.000125,5.2500000000000006e-06,1.25,52.50000000000001,-0.03490154692054108,2485927551125722.5,3.265700862173653e+17,0.0,3.265700862173653e+17,42.3221851053393,-0.05232229615008281,0.05232229615008281,0.05111840901970585
nta_5e19,5e+19,0.0,tail,coupled_final,0.0,0.01,0.0,0.3,channel,0.000125,5.325e-06,1.25,53.25,-0.029916002785553092,3014684880577387.5,3.4749880633804845e+17,0.0,3.4749880633804845e+17,37.119859591592665,-0.05567544678577123,0.05567544678577123,0.05455627591922465
nta_5e19,5e+19,0.0,tail,coupled_final,0.0,0.01,0.0,0.3,channel,0.000125,5.4e-06,1.25,54.0,-0.024583866670259098,3705252996000910.0,3.7135733507640416e+17,0.0,3.7135733507640416e+17,32.25834996515781,-0.05949800451239233,0.05949800451239233,0.05848947485571744
nta_5e19,5e+19,0.0,tail,coupled_final,0.0,0.01,0.0,0.3,channel,0.00015000000000000001,3e-06,1.5000000000000002,30.0,-0.07805252471729374,463888980741753.3,1.9002223299811504e+17,0.0,1.9002223299811504e+17,132.2421789136794,-0.030444918165008366,0.030444918165008366,0.02891706473957982
nta_5e19,5e+19,0.0,tail,coupled_final,0.0,0.01,0.0,0.3,channel,0.00015000000000000001,3.075e-06,1.5000000000000002,30.750000000000004,-0.07928756368456023,442248445330769.0,1.8711397732593568e+17,0.0,1.8711397732593568e+17,136.59446056462704,-0.029978964236641995,0.029978964236641995,0.028447643615195167
nta_5e19,5e+19,0.0,tail,coupled_final,0.0,0.01,0.0,0.3,channel,0.00015000000000000001,3.1500000000000003e-06,1.5000000000000002,31.500000000000004,-0.08034187688046314,424575209617119.94,1.8466646671674867e+17,0.0,1.8466646671674867e+17,140.42285831075054,-0.02958682980569134,0.02958682980569134,0.02805267761971376
nta_5e19,5e+19,0.0,tail,coupled_final,0.0,0.01,0.0,0.3,channel,0.00015000000000000001,3.225e-06,1.5000000000000002,32.25,-0.0812179734947994,410427882785088.0,1.8265699833496694e+17,0.0,1.8265699833496694e+17,143.68550868614093,-0.02926487747688609,0.02926487747688609,0.02772845863926013
nta_5e19,5e+19,0.0,tail,coupled_final,0.0,0.01,0.0,0.3,channel,0.00015000000000000001,3.3e-06,1.5000000000000002,33.0,-0.08191791326681112,399464680756318.06,1.810672691918641e+17,0.0,1.810672691918641e+17,146.34645625276465,-0.02901017478813927,0.02901017478813927,0.027471999451900875
nta_5e19,5e+19,0.0,tail,coupled_final,0.0,0.01,0.0,0.3,channel,0.00015000000000000001,3.3750000000000003e-06,1.5000000000000002,33.75,-0.0824433254627856,391427965109208.3,1.7988301445341098e+17,0.0,1.7988301445341098e+17,148.37619361729958,-0.02882043626107393,0.02882043626107393,0.02728097330103315
nta_5e19,5e+19,0.0,tail,coupled_final,0.0,0.01,0.0,0.3,channel,0.00015000000000000001,3.45e-06,1.5000000000000002,34.5,-0.0827954236577678,386132947931147.5,1.7909373108636618e+17,0.0,1.7909373108636618e+17,149.7521055916701,-0.028693979124245532,0.028693979124245532,0.027153667808924812
nta_5e19,5e+19,0.0,tail,coupled_final,0.0,0.01,0.0,0.3,channel,0.00015000000000000001,3.525e-06,1.5000000000000002,35.25,-0.0829750166141695,383459791410759.06,1.786924775367623e+17,0.0,1.786924775367623e+17,150.4588101825445,-0.028629691218097043,0.028629691218097043,0.027088951615884725
nta_5e19,5e+19,0.0,tail,coupled_final,0.0,0.01,0.0,0.3,channel,0.00015000000000000001,3.6000000000000003e-06,1.5000000000000002,36.0,-0.08298251546921372,383348577790134.8,1.7867574282297686e+17,0.0,1.7867574282297686e+17,150.48839079581546,-0.02862701002135667,0.02862701002135667,0.02708625260075792
nta_5e19,5e+19,0.0,tail,coupled_final,0.0,0.01,0.0,0.3,channel,0.00015000000000000001,3.6750000000000004e-06,1.5000000000000002,36.75000000000001,-0.08281793736957806,385796822755690.0,1.7904338077876195e+17,0.0,1.7904338077876195e+17,149.8405158302271,-0.02868591211560971,0.02868591211560971,0.02714554694709877
nta_5e19,5e+19,0.0,tail,coupled_final,0.0,0.01,0.0,0.3,channel,0.00015000000000000001,3.7500000000000005e-06,1.5000000000000002,37.50000000000001,-0.08248090562269894,390859372752457.7,1.7979860732235222e+17,0.0,1.7979860732235222e+17,148.5224436880648,-0.028806912747761402,0.028806912747761402,0.02726735868918179
nta_5e19,5e+19,0.0,tail,coupled_final,0.0,0.01,0.0,0.3,channel,0.00015000000000000001,3.825000000000001e-06,1.5000000000000002,38.25000000000001,-0.08197064636762057,398650679665215.7,1.809480606637147e+17,0.0,1.809480606637147e+17,146.54891312024958,-0.02899107547630182,0.02899107547630182,0.0274527697227106
nta_5e19,5e+19,0.0,tail,coupled_final,0.0,0.01,0.0,0.3,channel,0.00015000000000000001,3.9e-06,1.5000000000000002,39.0,-0.08128598170179165,409349598677724.56,1.8250192639362336e+17,0.0,1.8250192639362336e+17,143.94192071413133,-0.029240032212785122,0.029240032212785122,0.027703440614998995
nta_5e19,5e+19,0.0,tail,coupled_final,0.0,0.01,0.0,0.3,channel,0.00015000000000000001,3.975e-06,1.5000000000000002,39.75,-0.08042531913160407,423207020684430.7,1.8447413152571677e+17,0.0,1.8447413152571677e+17,140.73038919041593,-0.029556014310794614,0.029556014310794614,0.02802164291678315
nta_5e19,5e+19,0.0,tail,coupled_final,0.0,0.01,0.0,0.3,channel,0.00015000000000000001,4.05e-06,1.5000000000000002,40.5,-0.07938663714139921,440556844768024.4,1.868826138927632e+17,0.0,1.868826138927632e+17,136.94973197053517,-0.029941895727982896,0.029941895727982896,0.028410304082246506
nta_5e19,5e+19,0.0,tail,coupled_final,0.0,0.01,0.0,0.3,channel,0.00015000000000000001,4.125e-06,1.5000000000000002,41.25,-0.07816746659556804,461831037860739.25,1.8974967595179984e+17,0.0,1.8974967595179984e+17,132.6413211847445,-0.03040124971190454,0.03040124971190454,0.028873066567676183
nta_5e19,5e+19,0.0,tail,coupled_final,0.0,0.01,0.0,0.3,channel,0.00015000000000000001,4.2000000000000004e-06,1.5000000000000002,42.00000000000001,-0.07676486759829597,487579842644377.44,1.9310243517355414e+17,0.0,1.9310243517355414e+17,127.85186790233227,-0.030938420960356816,0.030938420960356816,0.02941436322946624
nta_5e19,5e+19,0.0,tail,coupled_final,0.0,0.01,0.0,0.3,channel,0.00015000000000000001,4.2750000000000006e-06,1.5000000000000002,42.75000000000001,-0.07517540133195398,518498615299723.06,1.9697338695835744e+17,0.0,1.9697338695835744e+17,122.6327248760663,-0.03155861581045206,0.03155861581045206,0.030039511813071514
nta_5e19,5e+19,0.0,tail,coupled_final,0.0,0.01,0.0,0.3,channel,0.00015000000000000001,4.350000000000001e-06,1.5000000000000002,43.50000000000001,-0.0733950962738553,555463350624379.8,2.0140110066315782e+17,0.0,2.0140110066315782e+17,117.039123500909,-0.032268013754439336,0.032268013754439336,0.030754832160580708
nta_5e19,5e+19,0.0,tail,coupled_final,0.0,0.01,0.0,0.3,channel,0.00015000000000000001,4.425e-06,1.5000000000000002,44.25,-0.07141940804676626,599577754052123.0,2.0643107514449962e+17,0.0,2.0643107514449962e+17,111.12935796791851,-0.033073904512801545,0.033073904512801545,0.03156779082558239
nta_5e19,5e+19,0.0,tail,coupled_final,0.0,0.01,0.0,0.3,channel,0.00015000000000000001,4.5e-06,1.5000000000000002,45.0,-0.06924317198444356,652235852627970.6,2.121167876254641e+17,0.0,2.121167876254641e+17,104.96393067129954,-0.03398485608126589,0.03398485608126589,0.03248717915155965
nta_5e19,5e+19,0.0,tail,coupled_final,0.0,0.01,0.0,0.3,channel,0.00015000000000000001,4.575e-06,1.5000000000000002,45.75,-0.0668605472808798,715205756222942.1,2.1852097922788806e+17,0.0,2.1852097922788806e+17,98.60467364831389,-0.035010920695772156,0.035010920695772156,0.03352333265688443
nta_5e19,5e+19,0.0,tail,coupled_final,0.0,0.01,0.0,0.3,channel,0.00015000000000000001,4.65e-06,1.5000000000000002,46.50000000000001,-0.06426495132951979,790742522951130.4,2.2571723291462403e+17,0.0,2.2571723291462403e+17,92.11386099830395,-0.036163887646694634,0.036163887646694634,0.034688401932072885
nta_5e19,5e+19,0.0,tail,coupled_final,0.0,0.01,0.0,0.3,channel,0.00015000000000000001,4.7250000000000005e-06,1.5000000000000002,47.25000000000001,-0.06144898253145809,881741512288687.9,2.337919158565062e+17,0.0,2.337919158565062e+17,85.55332671060252,-0.037457594480338835,0.037457594480338835,0.03599668841116051
nta_5e19,5e+19,0.0,tail,coupled_final,0.0,0.01,0.0,0.3,channel,0.00015000000000000001,4.8e-06,1.5000000000000002,48.0,-0.05840432943948666,991948690961015.0,2.4284657971657062e+17,0.0,2.4284657971657062e+17,78.98360129191569,-0.03890831156687078,0.03890831156687078,0.03746506263434924
nta_5e19,5e+19,0.0,tail,coupled_final,0.0,0.01,0.0,0.3,channel,0.00015000000000000001,4.875e-06,1.5000000000000002,48.75,-0.05512166358080103,1126251981222026.5,2.53000940864866e+17,0.0,2.53000940864866e+17,72.46307965236797,-0.0405352195833704,0.0405352195833704,0.03911348841020141
nta_5e19,5e+19,0.0,tail,coupled_final,0.0,0.01,0.0,0.3,channel,0.00015000000000000001,4.95e-06,1.5000000000000002,49.5,-0.051590512628401815,1291089333461655.8,2.643966007065828e+17,0.0,2.643966007065828e+17,66.04723283192659,-0.04236100557611148,0.04236100557611148,0.04096568425835937
nta_5e19,5e+19,0.0,tail,coupled_final,0.0,0.01,0.0,0.3,channel,0.00015000000000000001,5.025e-06,1.5000000000000002,50.25,-0.04779910971909414,1495027078282335.8,2.7720171799890742e+17,0.0,2.7720171799890742e+17,59.78787779730518,-0.04441261154825067,0.04441261154825067,0.043049964659452794
nta_5e19,5e+19,0.0,tail,coupled_final,0.0,0.01,0.0,0.3,channel,0.00015000000000000001,5.1e-06,1.5000000000000002,51.0,-0.04373421357368716,1749590083705996.2,2.9161691614529165e+17,0.0,2.9161691614529165e+17,53.732521517365264,-0.04672218091271236,0.04672218091271236,0.04540031951383154
nta_5e19,5e+19,0.0,tail,coupled_final,0.0,0.01,0.0,0.3,channel,0.00015000000000000001,5.1750000000000004e-06,1.5000000000000002,51.75000000000001,-0.039380892561672036,2070469716968279.8,3.078828077772446e+17,0.0,3.078828077772446e+17,47.92379468810405,-0.04932826406310147,0.04932826406310147,0.04805781324929459
nta_5e19,5e+19,0.0,tail,coupled_final,0.0,0.01,0.0,0.3,channel,0.00015000000000000001,5.2500000000000006e-06,1.5000000000000002,52.50000000000001,-0.03472226382195039,2479307540017675.5,3.2628965886583354e+17,0.0,3.2628965886583354e+17,42.3989842089239,-0.05227736673506694,0.05227736673506694,0.051072418961978575
nta_5e19,5e+19,0.0,tail,coupled_final,0.0,0.01,0.0,0.3,channel,0.00015000000000000001,5.325e-06,1.5000000000000002,53.25,-0.029739175787452114,3006371154177008.0,3.471899120359958e+17,0.0,3.471899120359958e+17,37.18966447153677,-0.05562595646245878,0.05562595646245878,0.05450545359009418
nta_5e19,5e+19,0.0,tail,coupled_final,0.0,0.01,0.0,0.3,channel,0.00015000000000000001,5.4e-06,1.5000000000000002,54.0,-0.024409818643163522,3694637682256758.5,3.710145680597008e+17,0.0,3.710145680597008e+17,32.3214247643503,-0.05944308718188553,0.05944308718188553,0.0584328567644463
nta_5e19,5e+19,0.0,tail,coupled_final,0.0,0.01,0.0,0.3,channel,0.000175,3e-06,1.75,30.0,-0.07788561844710722,462420977143244.7,1.8982789242534262e+17,0.0,1.8982789242534262e+17,132.52659672037757,-0.03041378137253495,0.03041378137253495,0.028885692746999987
nta_5e19,5e+19,0.0,tail,coupled_final,0.0,0.01,0.0,0.3,channel,0.000175,3.075e-06,1.75,30.750000000000004,-0.07911791965993342,440895613307268.9,1.8692899606838698e+17,0.0,1.8692899606838698e+17,136.87840049316725,-0.029949326971784745,0.029949326971784745,0.028417789602752146
nta_5e19,5e+19,0.0,tail,coupled_final,0.0,0.01,0.0,0.3,channel,0.000175,3.1500000000000003e-06,1.75,31.500000000000004,-0.08016968476174686,423318161945923.94,1.844897710869079e+17,0.0,1.844897710869079e+17,140.70534553241038,-0.02955852004474526,0.02955852004474526,0.02802416645752702
nta_5e19,5e+19,0.0,tail,coupled_final,0.0,0.01,0.0,0.3,channel,0.000175,3.225e-06,1.75,32.25,-0.08104341441131648,409250189895969.3,1.824876161249228e+17,0.0,1.824876161249228e+17,143.96561678558572,-0.029237739454971295,0.029237739454971295,0.027701131930142432
nta_5e19,5e+19,0.0,tail,coupled_final,0.0,0.01,0.0,0.3,channel,0.000175,3.3e-06,1.75,33.0,-0.08174116082314194,398352241925568.5,1.8090431383767757e+17,0.0,1.8090431383767757e+17,146.62331377371694,-0.028984066462052985,0.028984066462052985,0.027445712893464452
nta_5e19,5e+19,0.0,tail,coupled_final,0.0,0.01,0.0,0.3,channel,0.000175,3.3750000000000003e-06,1.75,33.75,-0.08226454665551047,390368504267281.25,1.797256712876834e+17,0.0,1.797256712876834e+17,148.64898931057772,-0.0287952271067091,0.0287952271067091,0.02725559440232776
nta_5e19,5e+19,0.0,tail,coupled_final,0.0,0.01,0.0,0.3,channel,0.000175,3.45e-06,1.75,34.5,-0.0826147797171722,385115602649376.56,1.789412452712761e+17,0.0,1.789412452712761e+17,150.02009236497173,-0.028669548203250152,0.028669548203250152,0.02712907389124552
nta_5e19,5e+19,0.0,tail,coupled_final,0.0,0.01,0.0,0.3,channel,0.000175,3.525e-06,1.75,35.25,-0.08279266378361272,382474770923096.56,1.7854414333636064e+17,0.0,1.7854414333636064e+17,150.7213077801104,-0.02860592545910638,0.02860592545910638,0.02706502803921313
nta_5e19,5e+19,0.0,tail,coupled_final,0.0,0.01,0.0,0.3,channel,0.000175,3.6000000000000003e-06,1.75,36.0,-0.08279860573342844,382386871075000.2,1.7853089392444672e+17,0.0,1.7853089392444672e+17,150.74478726215915,-0.02860380266928811,0.02860380266928811,0.027062891166286584
nta_5e19,5e+19,0.0,tail,coupled_final,0.0,0.01,0.0,0.3,channel,0.000175,3.6750000000000004e-06,1.75,36.75000000000001,-0.08263261914204938,384849941294210.7,1.7890138141057872e+17,0.0,1.7890138141057872e+17,150.09026783542043,-0.028663161308635117,0.028663161308635117,0.027122644432988903
nta_5e19,5e+19,0.0,tail,coupled_final,0.0,0.01,0.0,0.3,channel,0.000175,3.7500000000000005e-06,1.75,37.50000000000001,-0.08229432440142498,389919114954513.44,1.7965884394491376e+17,0.0,1.7965884394491376e+17,148.76507581246503,-0.028784520185999318,0.028784520185999318,0.02724481548151233
nta_5e19,5e+19,0.0,tail,coupled_final,0.0,0.01,0.0,0.3,channel,0.000175,3.825000000000001e-06,1.75,38.25000000000001,-0.08178294536795241,397708905342748.9,1.8080993402650416e+17,0.0,1.8080993402650416e+17,146.78401621377424,-0.02896894514923465,0.02896894514923465,0.027430488506762035
nta_5e19,5e+19,0.0,tail,coupled_final,0.0,0.01,0.0,0.3,channel,0.000175,3.9e-06,1.75,39.0,-0.08109730247466648,408398002471211.4,1.8236484376323104e+17,0.0,1.8236484376323104e+17,144.16914945891318,-0.029218069154050938,0.029218069154050938,0.027681325093744102
nta_5e19,5e+19,0.0,tail,coupled_final,0.0,0.01,0.0,0.3,channel,0.000175,3.975e-06,1.75,39.75,-0.08023580217531309,422236893050305.3,1.8433749889151747e+17,0.0,1.8433749889151747e+17,140.94945900558352,-0.02953412334939902,0.02953412334939902,0.027999596523804814
nta_5e19,5e+19,0.0,tail,coupled_final,0.0,0.01,0.0,0.3,channel,0.000175,4.05e-06,1.75,40.5,-0.07919642251506687,439558807964121.0,1.8674582795170176e+17,0.0,1.8674582795170176e+17,137.16041540364972,-0.029919980204120063,0.029919980204120063,0.028388228655258963
nta_5e19,5e+19,0.0,tail,coupled_final,0.0,0.01,0.0,0.3,channel,0.000175,4.125e-06,1.75,41.25,-0.07797669454276983,460794742181820.3,1.896121156600951e+17,0.0,1.896121156600951e+17,132.84344393580216,-0.030379210123390985,0.030379210123390985,0.02885086094629036
nta_5e19,5e+19,0.0,tail,coupled_final,0.0,0.01,0.0,0.3,channel,0.000175,4.2000000000000004e-06,1.75,42.00000000000001,-0.07657367918972277,486493604703571.7,1.9296345263016902e+17,0.0,1.9296345263016902e+17,128.04530462304572,-0.030916153502002264,0.030916153502002264,0.029391921736606916
nta_5e19,5e+19,0.0,tail,coupled_final,0.0,0.01,0.0,0.3,channel,0.000175,4.2750000000000006e-06,1.75,42.75000000000001,-0.07498393913677079,517348975012686.06,1.968322973511456e+17,0.0,1.968322973511456e+17,122.81739487945129,-0.03153601076325455,0.03153601076325455,0.03001672257319347
nta_5e19,5e+19,0.0,tail,coupled_final,0.0,0.01,0.0,0.3,channel,0.000175,4.350000000000001e-06,1.75,43.50000000000001,-0.07320350507043823,554234516100811.2,2.012571709612076e+17,0.0,2.012571709612076e+17,117.21498650461541,-0.03224495367389901,0.03224495367389901,0.030731575199044313
nta_5e19,5e+19,0.0,tail,coupled_final,0.0,0.01,0.0,0.3,channel,0.000175,4.425e-06,1.75,44.25,-0.07122783558489248,598250892882475.4,2.0628351115580982e+17,0.0,2.0628351115580982e+17,111.29640998062561,-0.03305026215533168,0.03305026215533168,0.03154393588151627
nta_5e19,5e+19,0.0,tail,coupled_final,0.0,0.01,0.0,0.3,channel,0.000175,4.5e-06,1.75,45.0,-0.06905176981282905,650788172637975.6,2.1196471895274803e+17,0.0,2.1196471895274803e+17,105.12220011704855,-0.03396049199384698,0.03396049199384698,0.032462583120235394
nta_5e19,5e+19,0.0,tail,coupled_final,0.0,0.01,0.0,0.3,channel,0.000175,4.575e-06,1.75,45.75,-0.06666947165631303,713609296483445.1,2.183634415402145e+17,0.0,2.183634415402145e+17,98.75421781141539,-0.03498568037555566,0.03498568037555566,0.033497836555618755
nta_5e19,5e+19,0.0,tail,coupled_final,0.0,0.01,0.0,0.3,channel,0.000175,4.65e-06,1.75,46.50000000000001,-0.06407436422686691,788962543358298.2,2.255531467995868e+17,0.0,2.255531467995868e+17,92.2547628627891,-0.03613759815274699,0.03613759815274699,0.034661827253953975
nta_5e19,5e+19,0.0,tail,coupled_final,0.0,0.01,0.0,0.3,channel,0.000175,4.7250000000000005e-06,1.75,47.25000000000001,-0.06125905277770413,879734322247115.6,2.3362006131431062e+17,0.0,2.3362006131431062e+17,85.68569226093716,-0.03743006034714358,0.03743006034714358,0.035968832690666794
nta_5e19,5e+19,0.0,tail,coupled_final,0.0,0.01,0.0,0.3,channel,0.000175,4.8e-06,1.75,48.0,-0.05821523399998399,989658686601204.6,2.4266556508700448e+17,0.0,2.4266556508700448e+17,79.10755732840491,-0.038879309825880476,0.038879309825880476,0.03743569399421123
nta_5e19,5e+19,0.0,tail,coupled_final,0.0,0.01,0.0,0.3,channel,0.000175,4.875e-06,1.75,48.75,-0.05493358903236848,1123607553475532.8,2.5280916461671712e+17,0.0,2.5280916461671712e+17,72.57877214440109,-0.04050449364099637,0.04050449364099637,0.03908233878379281
nta_5e19,5e+19,0.0,tail,coupled_final,0.0,0.01,0.0,0.3,channel,0.000175,4.95e-06,1.75,49.5,-0.05140365686233208,1287997145805004.0,2.6419220403115216e+17,0.0,2.6419220403115216e+17,66.1548257790913,-0.042328257618367254,0.042328257618367254,0.040932440877534004
nta_5e19,5e+19,0.0,tail,coupled_final,0.0,0.01,0.0,0.3,channel,0.000175,5.025e-06,1.75,50.25,-0.04761368392814664,1491363959744245.5,2.769825254804256e+17,0.0,2.769825254804256e+17,59.88755250537666,-0.04437749303510475,0.04437749303510475,0.043014259250013946
nta_5e19,5e+19,0.0,tail,coupled_final,0.0,0.01,0.0,0.3,channel,0.000175,5.1e-06,1.75,51.0,-0.04355044459170676,1745191384534638.5,2.9138036084929075e+17,0.0,2.9138036084929075e+17,53.8244761613257,-0.0466842805759222,0.0466842805759222,0.04536171442773815
nta_5e19,5e+19,0.0,tail,coupled_final,0.0,0.01,0.0,0.3,channel,0.000175,5.1750000000000004e-06,1.75,51.75000000000001,-0.03919902564393462,2065112337773762.2,3.0762583578677965e+17,0.0,3.0762583578677965e+17,48.00824406883027,-0.04928709261122993,0.04928709261122993,0.048015783450646554
nta_5e19,5e+19,0.0,tail,coupled_final,0.0,0.01,0.0,0.3,channel,0.000175,5.2500000000000006e-06,1.75,52.50000000000001,-0.03454256598067705,2472684809375115.5,3.260086064486809e+17,0.0,3.260086064486809e+17,42.47615970305484,-0.052232337173497824,0.052232337173497824,0.05102632832198058
nta_5e19,5e+19,0.0,tail,coupled_final,0.0,0.01,0.0,0.3,channel,0.000175,5.325e-06,1.75,53.25,-0.02956193983308833,2998055011799976.5,3.468803460294388e+17,0.0,3.468803460294388e+17,37.25981422468936,-0.055576358520220144,0.055576358520220144,0.0544545232549554
nta_5e19,5e+19,0.0,tail,coupled_final,0.0,0.01,0.0,0.3,channel,0.000175,5.4e-06,1.75,54.0,-0.024235368132379583,3684020716642947.0,3.7067107637397395e+17,0.0,3.7067107637397395e+17,32.38481407206546,-0.05938805374660105,0.05938805374660105,0.05837612230373877
nta_5e19,5e+19,0.0,tail,coupled_final,0.0,0.01,0.0,0.3,channel,0.0002,3e-06,2.0,30.0,-0.07771832631940995,460953247536933.25,1.8963316960307158e+17,0.0,1.8963316960307158e+17,132.8124791377228,-0.030382583336940033,0.030382583336940033,0.02885425955519704
nta_5e19,5e+19,0.0,tail,coupled_final,0.0,0.01,0.0,0.3,channel,0.0002,3.075e-06,2.0,30.750000000000004,-0.07894788341261677,439542859263768.8,1.8674364039443712e+17,0.0,1.8674364039443712e+17,137.16378865129553,-0.029919629718806566,0.029919629718806566,0.028387875614681965
nta_5e19,5e+19,0.0,tail,coupled_final,0.0,0.01,0.0,0.3,channel,0.0002,3.1500000000000003e-06,2.0,31.500000000000004,-0.07999709443618255,422061034912516.25,1.843127082828e+17,0.0,1.843127082828e+17,140.989260880918,-0.02953015145599604,0.02953015145599604,0.02799559645482191
nta_5e19,5e+19,0.0,tail,coupled_final,0.0,0.01,0.0,0.3,channel,0.0002,3.225e-06,2.0,32.25,-0.08086845151063693,408072289728184.5,1.8231787333738957e+17,0.0,1.8231787333738957e+17,144.2471294793718,-0.029210543662173714,0.029210543662173714,0.027673747416932255
nta_5e19,5e+19,0.0,tail,coupled_final,0.0,0.01,0.0,0.3,channel,0.0002,3.3e-06,2.0,33.0,-0.08156399931915286,397239490235083.5,1.807410038149486e+17,0.0,1.807410038149486e+17,146.90154922713597,-0.02895790131180155,0.02895790131180155,0.02741936946073722
nta_5e19,5e+19,0.0,tail,coupled_final,0.0,0.01,0.0,0.3,channel,0.0002,3.3750000000000003e-06,2.0,33.75,-0.08208535390611049,389308641828061.8,1.7956797864013245e+17,0.0,1.7956797864013245e+17,148.9231334495872,-0.02876996195918313,0.02876996195918313,0.027230159446118247
nta_5e19,5e+19,0.0,tail,coupled_final,0.0,0.01,0.0,0.3,channel,0.0002,3.45e-06,2.0,34.5,-0.08243371730877612,384097779574968.75,1.7878841440949526e+17,0.0,1.7878841440949526e+17,150.28939557701844,-0.02864506199968022,0.02864506199968022,0.02710442461444085
nta_5e19,5e+19,0.0,tail,coupled_final,0.0,0.01,0.0,0.3,channel,0.0002,3.525e-06,2.0,35.25,-0.08260988831127244,381489205576589.4,1.7839546774604397e+17,0.0,1.7839546774604397e+17,150.98508759026922,-0.02858210500342123,0.02858210500342123,0.02704104967855103
nta_5e19,5e+19,0.0,tail,coupled_final,0.0,0.01,0.0,0.3,channel,0.0002,3.6000000000000003e-06,2.0,36.0,-0.08261426952991548,381424558812849.3,1.7838570648822627e+17,0.0,1.7838570648822627e+17,151.00242979009505,-0.028580541077501832,0.028580541077501832,0.027039475395078203
nta_5e19,5e+19,0.0,tail,coupled_final,0.0,0.01,0.0,0.3,channel,0.0002,3.6750000000000004e-06,2.0,36.75000000000001,-0.08244687096604622,383902397715358.9,1.7875904552505936e+17,0.0,1.7875904552505936e+17,150.3412281110649,-0.028640356585639234,0.028640356585639234,0.027099687896774846
nta_5e19,5e+19,0.0,tail,coupled_final,0.0,0.01,0.0,0.3,channel,0.0002,3.7500000000000005e-06,2.0,37.50000000000001,-0.08210731009412842,388978140686400.9,1.7951874520869213e+17,0.0,1.7951874520869213e+17,149.00887704870817,-0.028762073893836598,0.028762073893836598,0.027222218428651048
nta_5e19,5e+19,0.0,tail,coupled_final,0.0,0.01,0.0,0.3,channel,0.0002,3.825000000000001e-06,2.0,38.25000000000001,-0.08159480848678818,396766360773090.44,1.8067147229337024e+17,0.0,1.8067147229337024e+17,147.02024815170392,-0.028946761133881616,0.028946761133881616,0.027408153479120404
nta_5e19,5e+19,0.0,tail,coupled_final,0.0,0.01,0.0,0.3,channel,0.0002,3.9e-06,2.0,39.0,-0.08090818491243369,407445581353110.3,1.8222742536494816e+17,0.0,1.8222742536494816e+17,144.397465914868,-0.029196052299369883,0.029196052299369883,0.027659155644376935
nta_5e19,5e+19,0.0,tail,coupled_final,0.0,0.01,0.0,0.3,channel,0.0002,3.975e-06,2.0,39.75,-0.08004584477290438,421265883604657.75,1.842005288369903e+17,0.0,1.842005288369903e+17,141.16957475920088,-0.029512178327306904,0.029512178327306904,0.02797749592884818
nta_5e19,5e+19,0.0,tail,coupled_final,0.0,0.01,0.0,0.3,channel,0.0002,4.05e-06,2.0,40.5,-0.07900576567594805,438559828928756.7,1.8660870190394656e+17,0.0,1.8660870190394656e+17,137.3721025718701,-0.029898010189157446,0.029898010189157446,0.028366098586209518
nta_5e19,5e+19,0.0,tail,coupled_final,0.0,0.01,0.0,0.3,channel,0.0002,4.125e-06,2.0,41.25,-0.07778547885765354,459757439069498.3,1.89474211478736e+17,0.0,1.89474211478736e+17,133.04652797915986,-0.030357115437680538,0.030357115437680538,0.02882860006629902
nta_5e19,5e+19,0.0,tail,coupled_final,0.0,0.01,0.0,0.3,channel,0.0002,4.2000000000000004e-06,2.0,42.00000000000001,-0.07638204608035393,485406288073780.44,1.9282412124417488e+17,0.0,1.9282412124417488e+17,128.23966012735394,-0.0308938301529,0.0308938301529,0.02936942418017485
nta_5e19,5e+19,0.0,tail,coupled_final,0.0,0.01,0.0,0.3,channel,0.0002,4.2750000000000006e-06,2.0,42.75000000000001,-0.0747920315284823,516198177423838.2,1.966908526925389e+17,0.0,1.966908526925389e+17,123.00294124826233,-0.03151334883055218,0.03151334883055218,0.02999387626239037
nta_5e19,5e+19,0.0,tail,coupled_final,0.0,0.01,0.0,0.3,channel,0.0002,4.350000000000001e-06,2.0,43.50000000000001,-0.07301146810417372,553004436959966.5,2.0111287864303936e+17,0.0,2.0111287864303936e+17,117.39168368618566,-0.03222183549583553,0.03222183549583553,0.030708259940575085
nta_5e19,5e+19,0.0,tail,coupled_final,0.0,0.01,0.0,0.3,channel,0.0002,4.425e-06,2.0,44.25,-0.07103581738078546,596922689698640.0,2.0613557551325718e+17,0.0,2.0613557551325718e+17,111.46425433890415,-0.03302656025234832,0.03302656025234832,0.031520021176922285
nta_5e19,5e+19,0.0,tail,coupled_final,0.0,0.01,0.0,0.3,channel,0.0002,4.5e-06,2.0,45.0,-0.06885992229924986,649339041780178.2,2.1181226797979997e+17,0.0,2.1181226797979997e+17,105.28122054166016,-0.03393606665517819,0.03393606665517819,0.032437925605206606
nta_5e19,5e+19,0.0,tail,coupled_final,0.0,0.01,0.0,0.3,channel,0.0002,4.575e-06,2.0,45.75,-0.06647795148065173,712011264277446.8,2.182055091392581e+17,0.0,2.182055091392581e+17,98.90447214927889,-0.03496037681529928,0.03496037681529928,0.03347227696237629
nta_5e19,5e+19,0.0,tail,coupled_final,0.0,0.01,0.0,0.3,channel,0.0002,4.65e-06,2.0,46.50000000000001,-0.0638833337673497,787180855913299.8,2.25388651608116e+17,0.0,2.25388651608116e+17,92.39633474532162,-0.036111243117528995,0.036111243117528995,0.03463518676093664
nta_5e19,5e+19,0.0,tail,coupled_final,0.0,0.01,0.0,0.3,channel,0.0002,4.7250000000000005e-06,2.0,47.25000000000001,-0.061068681279433386,877725274671385.9,2.334477811695837e+17,0.0,2.334477811695837e+17,85.81868839363597,-0.037402458024905216,0.037402458024905216,0.03594090848352019
nta_5e19,5e+19,0.0,tail,coupled_final,0.0,0.01,0.0,0.3,channel,0.0002,4.8e-06,2.0,48.0,-0.05802569886340291,987366661248400.4,2.4248410591895133e+17,0.0,2.4248410591895133e+17,79.23210529652917,-0.03885023686197249,0.03885023686197249,0.03740625380735677
nta_5e19,5e+19,0.0,tail,coupled_final,0.0,0.01,0.0,0.3,channel,0.0002,4.875e-06,2.0,48.75,-0.05474507728882706,1120960929896638.1,2.5261692219790342e+17,0.0,2.5261692219790342e+17,72.69501875844337,-0.040473693009847676,0.040473693009847676,0.03905111411679841
nta_5e19,5e+19,0.0,tail,coupled_final,0.0,0.01,0.0,0.3,channel,0.0002,4.95e-06,2.0,49.5,-0.05121636687985048,1284902581808646.2,2.6398731652467738e+17,0.0,2.6398731652467738e+17,66.26293593062891,-0.042295431020820014,0.042295431020820014,0.04089911847617402
nta_5e19,5e+19,0.0,tail,coupled_final,0.0,0.01,0.0,0.3,channel,0.0002,5.025e-06,2.0,50.25,-0.04742782740149608,1487698290163410.2,2.767628140579091e+17,0.0,2.767628140579091e+17,59.98770844039397,-0.044342291384366864,0.044342291384366864,0.04297847029426102
nta_5e19,5e+19,0.0,tail,coupled_final,0.0,0.01,0.0,0.3,channel,0.0002,5.1e-06,2.0,51.0,-0.043366248885495826,1740789986815441.0,2.911432547196718e+17,0.0,2.911432547196718e+17,53.91687704228711,-0.04664629198585683,0.04664629198585683,0.045323020656014526
nta_5e19,5e+19,0.0,tail,coupled_final,0.0,0.01,0.0,0.3,channel,0.0002,5.1750000000000004e-06,2.0,51.75000000000001,-0.039016736576852604,2059752178180663.2,3.0736827666595706e+17,0.0,3.0736827666595706e+17,48.09310573045889,-0.04924582709070438,0.04924582709070438,0.047973659137875546
nta_5e19,5e+19,0.0,tail,coupled_final,0.0,0.01,0.0,0.3,channel,0.0002,5.2500000000000006e-06,2.0,52.50000000000001,-0.03436245116538648,2466059350032487.5,3.2572692565377754e+17,0.0,3.2572692565377754e+17,42.553714600099035,-0.05218720693471375,0.05218720693471375,0.050980136567581685
nta_5e19,5e+19,0.0,tail,coupled_final,0.0,0.01,0.0,0.3,channel,0.0002,5.325e-06,2.0,53.25,-0.02938429272240713,2989736445022096.5,3.465701047857148e+17,0.0,3.465701047857148e+17,37.33031162266904,-0.05552665239306038,0.05552665239306038,0.054403484346463644
nta_5e19,5e+19,0.0,tail,coupled_final,0.0,0.01,0.0,0.3,channel,0.0002,5.4e-06,2.0,54.0,-0.024060512972736703,3673402092425768.5,3.7032685623893216e+17,0.0,3.7032685623893216e+17,32.44852042799428,-0.059332903600869416,0.059332903600869416,0.05831927086684655
nta_5e19,5e+19,0.0,tail,coupled_final,0.0,0.01,0.0,0.3,channel,0.00022500000000000002,3e-06,2.25,30.0,-0.07755064625455813,459485792255560.56,1.8943806257372294e+17,0.0,1.8943806257372294e+17,133.09983821640603,-0.03035132374458488,0.03035132374458488,0.02882276485058556
nta_5e19,5e+19,0.0,tail,coupled_final,0.0,0.01,0.0,0.3,channel,0.00022500000000000002,3.075e-06,2.25,30.750000000000004,-0.07877745282860864,438190183137158.5,1.8655790837282752e+17,0.0,1.8655790837282752e+17,137.45063689491138,-0.02988987216828572,0.02988987216828572,0.028357901341552774
nta_5e19,5e+19,0.0,tail,coupled_final,0.0,0.01,0.0,0.3,channel,0.00022500000000000002,3.1500000000000003e-06,2.25,31.500000000000004,-0.07982410375737652,420803828095125.0,1.84135276397197e+17,0.0,1.84135276397197e+17,141.27461599326378,-0.02950172373387207,0.02950172373387207,0.02796696730595925
nta_5e19,5e+19,0.0,tail,coupled_final,0.0,0.01,0.0,0.3,channel,0.00022500000000000002,3.225e-06,2.25,32.25,-0.08069308261591675,406894181534775.75,1.8214776808663926e+17,0.0,1.8214776808663926e+17,144.53005816379,-0.02918328979636643,0.02918328979636643,0.02764630479738299
nta_5e19,5e+19,0.0,tail,coupled_final,0.0,0.01,0.0,0.3,channel,0.00022500000000000002,3.3e-06,2.25,33.0,-0.08138642654946962,396126424641681.5,1.805773372567062e+17,0.0,1.805773372567062e+17,147.18117374913876,-0.02893167903826323,0.02893167903826323,0.027392968854430322
nta_5e19,5e+19,0.0,tail,coupled_final,0.0,0.01,0.0,0.3,channel,0.00022500000000000002,3.3750000000000003e-06,2.25,33.75,-0.08190574498258257,388248376476328.6,1.7940993465960618e+17,0.0,1.7940993465960618e+17,149.1986368930797,-0.028744640521908775,0.028744640521908775,0.027204668135606652
nta_5e19,5e+19,0.0,tail,coupled_final,0.0,0.01,0.0,0.3,channel,0.00022500000000000002,3.45e-06,2.25,34.5,-0.08225223417583317,383079477140094.75,1.7863523666256954e+17,0.0,1.7863523666256954e+17,150.56002579423688,-0.028620520218982905,0.028620520218982905,0.027079719683706784
nta_5e19,5e+19,0.0,tail,coupled_final,0.0,0.01,0.0,0.3,channel,0.00022500000000000002,3.525e-06,2.25,35.25,-0.08242668791753187,380503093565654.2,1.7824644893675702e+17,0.0,1.7824644893675702e+17,151.25015987432454,-0.028558229557994624,0.028558229557994624,0.027017016240562186
nta_5e19,5e+19,0.0,tail,coupled_final,0.0,0.01,0.0,0.3,channel,0.00022500000000000002,3.6000000000000003e-06,2.25,36.0,-0.0824295045580511,380461638970849.5,1.7824017869118054e+17,0.0,1.7824017869118054e+17,151.26132832508222,-0.028557224953899413,0.028557224953899413,0.02701600499470866
nta_5e19,5e+19,0.0,tail,coupled_final,0.0,0.01,0.0,0.3,channel,0.00022500000000000002,3.6750000000000004e-06,2.25,36.75000000000001,-0.0822606905217958,382954189765443.9,1.7861637130132502e+17,0.0,1.7861637130132502e+17,150.59340627803192,-0.02861749765488511,0.02861749765488511,0.02707667704635857
nta_5e19,5e+19,0.0,tail,coupled_final,0.0,0.01,0.0,0.3,channel,0.00022500000000000002,3.7500000000000005e-06,2.25,37.50000000000001,-0.08191986036374295,388036447476056.9,1.7937830929120266e+17,0.0,1.7937830929120266e+17,149.25385668620285,-0.028739573579278997,0.028739573579278997,0.02719956723820765
nta_5e19,5e+19,0.0,tail,coupled_final,0.0,0.01,0.0,0.3,channel,0.00022500000000000002,3.825000000000001e-06,2.25,38.25000000000001,-0.0814062333716257,395823043264552.1,1.805326736361458e+17,0.0,1.805326736361458e+17,147.25761788685884,-0.028924523137338058,0.028924523137338058,0.027385764346449782
nta_5e19,5e+19,0.0,tail,coupled_final,0.0,0.01,0.0,0.3,channel,0.00022500000000000002,3.9e-06,2.25,39.0,-0.08071862664901866,406492332407235.75,1.8208966936061203e+17,0.0,1.8208966936061203e+17,144.6268786947265,-0.02917398135423583,0.02917398135423583,0.02763693197192413
nta_5e19,5e+19,0.0,tail,coupled_final,0.0,0.01,0.0,0.3,channel,0.00022500000000000002,3.975e-06,2.25,39.75,-0.07985544454660493,420293989198383.8,1.8406321950940016e+17,0.0,1.8406321950940016e+17,141.39074472190282,-0.029490178947677387,0.029490178947677387,0.027955340834567813
nta_5e19,5e+19,0.0,tail,coupled_final,0.0,0.01,0.0,0.3,channel,0.00022500000000000002,4.05e-06,2.25,40.5,-0.07881466423646034,437559904267964.7,1.86471233877317e+17,0.0,1.86471233877317e+17,137.58480140309405,-0.02987598538313865,0.02987598538313865,0.02834391357459799
nta_5e19,5e+19,0.0,tail,coupled_final,0.0,0.01,0.0,0.3,channel,0.00022500000000000002,4.125e-06,2.25,41.25,-0.07759381714473639,458719124869471.94,1.8933596151088774e+17,0.0,1.8933596151088774e+17,133.250580900572,-0.030334965350866765,0.030334965350866765,0.028806283623210246
nta_5e19,5e+19,0.0,tail,coupled_final,0.0,0.01,0.0,0.3,channel,0.00022500000000000002,4.2000000000000004e-06,2.25,42.00000000000001,-0.0761899658687407,484317888821346.9,1.9268443908849405e+17,0.0,1.9268443908849405e+17,128.43494166057076,-0.03087145060429814,0.03087145060429814,0.029346870250787915
nta_5e19,5e+19,0.0,tail,coupled_final,0.0,0.01,0.0,0.3,channel,0.00022500000000000002,4.2750000000000006e-06,2.25,42.75000000000001,-0.07459967610163928,515046218297590.5,1.9654905101919568e+17,0.0,1.9654905101919568e+17,123.18937089006455,-0.03149062969778292,0.03149062969778292,0.029970972565421566
nta_5e19,5e+19,0.0,tail,coupled_final,0.0,0.01,0.0,0.3,channel,0.00022500000000000002,4.350000000000001e-06,2.25,43.50000000000001,-0.07281898296761481,551773108638237.25,2.0096822170253296e+17,0.0,2.0096822170253296e+17,117.56922161900455,-0.032198658898833,0.032198658898833,0.03068488606302597
nta_5e19,5e+19,0.0,tail,coupled_final,0.0,0.01,0.0,0.3,channel,0.00022500000000000002,4.425e-06,2.25,44.25,-0.07084335102704702,595593139579556.9,2.0598726616086672e+17,0.0,2.0598726616086672e+17,111.63289728630257,-0.03300279847444795,0.03300279847444795,0.03149604638160846
nta_5e19,5e+19,0.0,tail,coupled_final,0.0,0.01,0.0,0.3,channel,0.00022500000000000002,4.5e-06,2.25,45.0,-0.06866762703845432,647888454743675.1,2.1165943259307034e+17,0.0,2.1165943259307034e+17,105.44099786387362,-0.03391157972663153,0.03391157972663153,0.0324132062669944
nta_5e19,5e+19,0.0,tail,coupled_final,0.0,0.01,0.0,0.3,channel,0.00022500000000000002,4.575e-06,2.25,45.75,-0.06628598435294743,710411653869602.0,2.1804717984544214e+17,0.0,2.1804717984544214e+17,99.05544226146368,-0.03493500966579631,0.03493500966579631,0.033446653527031425
nta_5e19,5e+19,0.0,tail,coupled_final,0.0,0.01,0.0,0.3,channel,0.00022500000000000002,4.65e-06,2.25,46.50000000000001,-0.06369185755654716,785397454420904.6,2.2522374508531862e+17,0.0,2.2522374508531862e+17,92.53858193243595,-0.03608482217976698,0.03608482217976698,0.0346084800907546
nta_5e19,5e+19,0.0,tail,coupled_final,0.0,0.01,0.0,0.3,channel,0.00022500000000000002,4.7250000000000005e-06,2.25,47.25000000000001,-0.060877865651053825,875714362872411.9,2.33275073081872e+17,0.0,2.33275073081872e+17,85.95232008881626,-0.037374787138641764,0.037374787138641764,0.03591291541366701
nta_5e19,5e+19,0.0,tail,coupled_final,0.0,0.01,0.0,0.3,channel,0.00022500000000000002,4.8e-06,2.25,48.0,-0.057835721655369376,985072607690987.8,2.4230219977506576e+17,0.0,2.4230219977506576e+17,79.357249876977,-0.03882109228464104,0.03882109228464104,0.03737674168212463
nta_5e19,5e+19,0.0,tail,coupled_final,0.0,0.01,0.0,0.3,channel,0.00022500000000000002,4.875e-06,2.25,48.75,-0.05455612598950892,1118312102734003.9,2.5242421106161827e+17,0.0,2.5242421106161827e+17,72.81182388305338,-0.04044281728188091,0.04044281728188091,0.039019813999932894
nta_5e19,5e+19,0.0,tail,coupled_final,0.0,0.01,0.0,0.3,channel,0.00022500000000000002,4.95e-06,2.25,49.5,-0.05102864033659553,1281805633185591.8,2.6378193551690963e+17,0.0,2.6378193551690963e+17,66.3715673905196,-0.04226252535564873,0.04226252535564873,0.04086571662513069
nta_5e19,5e+19,0.0,tail,coupled_final,0.0,0.01,0.0,0.3,channel,0.00022500000000000002,5.025e-06,2.25,50.25,-0.04724153781381367,1484030060757897.8,2.7654258092207856e+17,0.0,2.7654258092207856e+17,60.08834942953252,-0.04430700614594084,0.04430700614594084,0.04294259734069083
nta_5e19,5e+19,0.0,tail,coupled_final,0.0,0.01,0.0,0.3,channel,0.00022500000000000002,5.1e-06,2.25,51.0,-0.04318162415162664,1736385881372765.5,2.9090559479070304e+17,0.0,2.9090559479070304e+17,54.00972771861723,-0.046608214667353653,0.046608214667353653,0.04528423772202794
nta_5e19,5e+19,0.0,tail,coupled_final,0.0,0.01,0.0,0.3,channel,0.00022500000000000002,5.1750000000000004e-06,2.25,51.75000000000001,-0.03883402308192738,2054389228818219.2,3.071101272730918e+17,0.0,3.071101272730918e+17,48.17838297079405,-0.049204466998171374,0.049204466998171374,0.04793143980612676
nta_5e19,5e+19,0.0,tail,coupled_final,0.0,0.01,0.0,0.3,channel,0.00022500000000000002,5.2500000000000006e-06,2.25,52.50000000000001,-0.03418191712571643,2459431152776089.0,3.254446131416455e+17,0.0,3.254446131416455e+17,42.63165194579944,-0.052141975483671374,0.052141975483671374,0.05093384316226232
nta_5e19,5e+19,0.0,tail,coupled_final,0.0,0.01,0.0,0.3,channel,0.00022500000000000002,5.325e-06,2.25,53.25,-0.029206232236591155,2981415445377418.5,3.462591847431151e+17,0.0,3.462591847431151e+17,37.40115946789067,-0.05547683751033082,0.05547683751033082,0.05435233629261386
nta_5e19,5e+19,0.0,tail,coupled_final,0.0,0.01,0.0,0.3,channel,0.00022500000000000002,5.4e-06,2.25,54.0,-0.023885250980596295,3662781802841884.0,3.6998190384334464e+17,0.0,3.6998190384334464e+17,32.51254640013915,-0.05927763613406416,0.05927763613406416,0.058262301842059515
nta_5e19,5e+19,0.0,tail,coupled_final,0.0,0.01,0.0,0.3,channel,0.00025,3e-06,2.5,30.0,-0.07738257615524213,458018611632790.6,1.8924256936355686e+17,0.0,1.8924256936355686e+17,133.3886861437517,-0.030320002279241504,0.030320002279241504,0.028791208316991022
nta_5e19,5e+19,0.0,tail,coupled_final,0.0,0.01,0.0,0.3,channel,0.00025,3.075e-06,2.5,30.750000000000004,-0.07860662577594947,436837584863132.25,1.8637179805629427e+17,0.0,1.8637179805629427e+17,137.73895721389758,-0.029860054008236128,0.029860054008236128,0.028327866471368198
nta_5e19,5e+19,0.0,tail,coupled_final,0.0,0.01,0.0,0.3,channel,0.00025,3.1500000000000003e-06,2.5,31.500000000000004,-0.07965071056070135,419546541068800.44,1.8395747350700464e+17,0.0,1.8395747350700464e+17,141.56142263754904,-0.029473236570259687,0.029473236570259687,0.02793827870275728
nta_5e19,5e+19,0.0,tail,coupled_final,0.0,0.01,0.0,0.3,channel,0.00025,3.225e-06,2.5,32.25,-0.08051730553181853,405715864563748.25,1.8197729847119923e+17,0.0,1.8197729847119923e+17,144.8144143631725,-0.02915597755289993,0.02915597755289993,0.027618803766724646
nta_5e19,5e+19,0.0,tail,coupled_final,0.0,0.01,0.0,0.3,channel,0.00025,3.3e-06,2.5,33.0,-0.08120844028998109,395013044095393.7,1.8041331228033578e+17,0.0,1.8041331228033578e+17,147.4621986006405,-0.02890539933980992,0.02890539933980992,0.027366510772747408
nta_5e19,5e+19,0.0,tail,coupled_final,0.0,0.01,0.0,0.3,channel,0.00025,3.3750000000000003e-06,2.5,33.75,-0.08172571763395904,387187706888413.44,1.7925153747938848e+17,0.0,1.7925153747938848e+17,149.4755106212127,-0.028719262495805146,0.028719262495805146,0.027179120171500013
nta_5e19,5e+19,0.0,tail,coupled_final,0.0,0.01,0.0,0.3,channel,0.00025,3.45e-06,2.5,34.5,-0.0820703280424206,382060693766891.25,1.7848171017653738e+17,0.0,1.7848171017653738e+17,150.83199370093962,-0.02859592256412082,0.02859592256412082,0.02705495880175313
nta_5e19,5e+19,0.0,tail,coupled_final,0.0,0.01,0.0,0.3,channel,0.00025,3.525e-06,2.5,35.25,-0.08224306030340175,379516433073139.3,1.7809708506396893e+17,0.0,1.7809708506396893e+17,151.51653500784056,-0.028534298827300138,0.028534298827300138,0.026992927429429023
nta_5e19,5e+19,0.0,tail,coupled_final,0.0,0.01,0.0,0.3,channel,0.00025,3.6000000000000003e-06,2.5,36.0,-0.08224430849765897,379498109503100.7,1.7809430869470493e+17,0.0,1.7809430869470493e+17,151.5214929231305,-0.028533854003903927,0.028533854003903927,0.02699247967027323
nta_5e19,5e+19,0.0,tail,coupled_final,0.0,0.01,0.0,0.3,channel,0.00025,3.6750000000000004e-06,2.5,36.75000000000001,-0.08207407546980806,382005315176223.0,1.7847335690300512e+17,0.0,1.7847335690300512e+17,150.84681206396857,-0.02859458422215374,0.02859458422215374,0.027053611587157654
nta_5e19,5e+19,0.0,tail,coupled_final,0.0,0.01,0.0,0.3,channel,0.00025,3.7500000000000005e-06,2.5,37.50000000000001,-0.0817319728533364,387094032835378.56,1.7923753435441754e+17,0.0,1.7923753435441754e+17,149.50002411731148,-0.028717018947842003,0.028717018947842003,0.02717686161529897
nta_5e19,5e+19,0.0,tail,coupled_final,0.0,0.01,0.0,0.3,channel,0.00025,3.825000000000001e-06,2.5,38.25000000000001,-0.08121721764996392,394878950107895.8,1.8039353621103795e+17,0.0,1.8039353621103795e+17,147.49613447116147,-0.02890223086419579,0.02890223086419579,0.02736332081290792
nta_5e19,5e+19,0.0,tail,coupled_final,0.0,0.01,0.0,0.3,channel,0.00025,3.9e-06,2.5,39.0,-0.08052862529823109,405538252698300.3,1.819515738963182e+17,0.0,1.819515738963182e+17,144.85739650645564,-0.029151856021620536,0.029151856021620536,0.027614653778887176
nta_5e19,5e+19,0.0,tail,coupled_final,0.0,0.01,0.0,0.3,channel,0.00025,3.975e-06,2.5,39.75,-0.07966459909842506,419321206661663.94,1.8392556904011866e+17,0.0,1.8392556904011866e+17,141.61297725569543,-0.02946812491112319,0.02946812491112319,0.02793313094106859
nta_5e19,5e+19,0.0,tail,coupled_final,0.0,0.01,0.0,0.3,channel,0.00025,4.05e-06,2.5,40.5,-0.0786231157887199,436559030565369.25,1.8633342198354896e+17,0.0,1.8633342198354896e+17,137.79851991273864,-0.029853905483530407,0.029853905483530407,0.02832167331734376
nta_5e19,5e+19,0.0,tail,coupled_final,0.0,0.01,0.0,0.3,channel,0.00025,4.125e-06,2.5,41.25,-0.07740170698816588,457679795903237.0,1.891973638434015e+17,0.0,1.891973638434015e+17,133.45561036948527,-0.030312759556429432,0.030312759556429432,0.028783911309914437
nta_5e19,5e+19,0.0,tail,coupled_final,0.0,0.01,0.0,0.3,channel,0.00025,4.2000000000000004e-06,2.5,42.00000000000001,-0.07599743613301296,483228402986499.06,1.925444042194602e+17,0.0,1.925444042194602e+17,128.6311565479104,-0.03084901454478701,0.03084901454478701,0.02932425963640202
nta_5e19,5e+19,0.0,tail,coupled_final,0.0,0.01,0.0,0.3,channel,0.00025,4.2750000000000006e-06,2.5,42.75000000000001,-0.07440687043033639,513893093370187.1,1.964068903508634e+17,0.0,1.964068903508634e+17,123.3766907885755,-0.03146785304767534,0.03146785304767534,0.029948011164332506
nta_5e19,5e+19,0.0,tail,coupled_final,0.0,0.01,0.0,0.3,channel,0.00025,4.350000000000001e-06,2.5,43.50000000000001,-0.07262604723284086,550540526541639.0,2.0082319811628445e+17,0.0,2.0082319811628445e+17,117.74760694891383,-0.032175423558706374,0.032175423558706374,0.03066145324147588
nta_5e19,5e+19,0.0,tail,coupled_final,0.0,0.01,0.0,0.3,channel,0.00025,4.425e-06,2.5,44.25,-0.07065043409580539,594262237571406.9,2.058385810249498e+17,0.0,2.058385810249498e+17,111.80234513518955,-0.03297897648938903,0.03297897648938903,0.03147201116253957
nta_5e19,5e+19,0.0,tail,coupled_final,0.0,0.01,0.0,0.3,channel,0.00025,4.5e-06,2.5,45.0,-0.06847488160473532,646436406182231.6,2.1150621066080653e+17,0.0,2.1150621066080653e+17,105.60153806767735,-0.03388703086666259,0.03388703086666259,0.0323884247631978
nta_5e19,5e+19,0.0,tail,coupled_final,0.0,0.01,0.0,0.3,channel,0.00025,4.575e-06,2.5,45.75,-0.06609356785183296,708810459486467.6,2.1788845146043094e+17,0.0,2.1788845146043094e+17,99.20713380927718,-0.03490957857483456,0.03490957857483456,0.03342096589644696
nta_5e19,5e+19,0.0,tail,coupled_final,0.0,0.01,0.0,0.3,channel,0.00025,4.65e-06,2.5,46.50000000000001,-0.06349993317967549,783612332644821.1,2.250584249569132e+17,0.0,2.250584249569132e+17,92.68150976898842,-0.03605833497508088,0.03605833497508088,0.03458170687802866
nta_5e19,5e+19,0.0,tail,coupled_final,0.0,0.01,0.0,0.3,channel,0.00025,4.7250000000000005e-06,2.5,47.25000000000001,-0.060686603486686225,873701580116902.6,2.3310193469062483e+17,0.0,2.3310193469062483e+17,86.08659238157077,-0.03734704731015131,0.03734704731015131,0.03588485310182653
nta_5e19,5e+19,0.0,tail,coupled_final,0.0,0.01,0.0,0.3,channel,0.00025,4.8e-06,2.5,48.0,-0.05764529998131831,982776518669867.5,2.4211984419710816e+17,0.0,2.4211984419710816e+17,79.48299580214852,-0.038791875700032716,0.038791875700032716,0.037347157223498385
nta_5e19,5e+19,0.0,tail,coupled_final,0.0,0.01,0.0,0.3,channel,0.00025,4.875e-06,2.5,48.75,-0.05436673275367265,1115661064185464.0,2.522310286392657e+17,0.0,2.522310286392657e+17,72.92919195532289,-0.04041186604556163,0.04041186604556163,0.038988438020411784
nta_5e19,5e+19,0.0,tail,coupled_final,0.0,0.01,0.0,0.3,channel,0.00025,4.95e-06,2.5,49.5,-0.050840474868271854,1278706291594751.2,2.6357605831480806e+17,0.0,2.6357605831480806e+17,66.4807243081864,-0.042229540191380685,0.042229540191380685,0.040832234891594876
nta_5e19,5e+19,0.0,tail,coupled_final,0.0,0.01,0.0,0.3,channel,0.00025,5.025e-06,2.5,50.25,-0.04705481281999969,1480359262688694.0,2.763218232397394e+17,0.0,2.763218232397394e+17,60.189479342408916,-0.04427163686589886,0.04427163686589886,0.04290663993395939
nta_5e19,5e+19,0.0,tail,coupled_final,0.0,0.01,0.0,0.3,channel,0.00025,5.1e-06,2.5,51.0,-0.04299656806708789,1731979058971536.8,2.9066737807148224e+17,0.0,2.9066737807148224e+17,54.103031788213535,-0.04657004814121728,0.04657004814121728,0.04524536514510343
nta_5e19,5e+19,0.0,tail,coupled_final,0.0,0.01,0.0,0.3,channel,0.00025,5.1750000000000004e-06,2.5,51.75000000000001,-0.038650882861289745,2049023480255039.2,3.0685138443992557e+17,0.0,3.0685138443992557e+17,48.26407912434947,-0.04916301182601999,0.04916301182601999,0.047889124946278186
nta_5e19,5e+19,0.0,tail,coupled_final,0.0,0.01,0.0,0.3,channel,0.00025,5.2500000000000006e-06,2.5,52.50000000000001,-0.03400096159217425,2452800208332369.5,3.2516166554466624e+17,0.0,3.2516166554466624e+17,42.70997481988177,-0.05209664228081871,0.05209664228081871,0.050887447564984756
nta_5e19,5e+19,0.0,tail,coupled_final,0.0,0.01,0.0,0.3,channel,0.00025,5.325e-06,2.5,53.25,-0.029027756137961446,2973092004344100.0,3.4594758231004e+17,0.0,3.4594758231004e+17,37.472360594120794,-0.05542691329659378,0.05542691329659378,0.05430107851660302
nta_5e19,5e+19,0.0,tail,coupled_final,0.0,0.01,0.0,0.3,channel,0.00025,5.4e-06,2.5,54.0,-0.02370957995375749,3652159841080979.5,3.696362153441351e+17,0.0,3.696362153441351e+17,32.5768945853208,-0.059222250730456547,0.059222250730456547,0.05820521461255786
nta_5e19,5e+19,0.0,tail,coupled_final,0.0,0.01,0.0,0.3,channel,0.00027499999999999996,3e-06,2.7499999999999996,30.0,-0.07721411390628179,456551706003202.75,1.8904668798248646e+17,0.0,1.8904668798248646e+17,133.67903524569687,-0.03028861862206284,0.03028861862206284,0.028759589635619955
nta_5e19,5e+19,0.0,tail,coupled_final,0.0,0.01,0.0,0.3,channel,0.00027499999999999996,3.075e-06,2.7499999999999996,30.750000000000004,-0.07843540010451369,435485064376164.8,1.8618530748138397e+17,0.0,1.8618530748138397e+17,138.02876173405613,-0.029830174924077878,0.029830174924077878,0.028297770689537823
nta_5e19,5e+19,0.0,tail,coupled_final,0.0,0.01,0.0,0.3,channel,0.00027499999999999996,3.1500000000000003e-06,2.7499999999999996,31.500000000000004,-0.07947691266308464,418289173405374.0,1.8377929767307987e+17,0.0,1.8377929767307987e+17,141.84969271487688,-0.029444689654473912,0.029444689654473912,0.02790953033446244
nta_5e19,5e+19,0.0,tail,coupled_final,0.0,0.01,0.0,0.3,channel,0.00027499999999999996,3.225e-06,2.7499999999999996,32.25,-0.08034111804429721,404537338058013.25,1.8180646257366973e+17,0.0,1.8180646257366973e+17,145.10020973173573,-0.029128606624572912,0.029128606624572912,0.027591244017634624
nta_5e19,5e+19,0.0,tail,coupled_final,0.0,0.01,0.0,0.3,channel,0.00027499999999999996,3.3e-06,2.7499999999999996,33.0,-0.08103003829762193,393899347539390.75,1.8024892698739738e+17,0.0,1.8024892698739738e+17,147.74463516914804,-0.028879061912278008,0.028879061912278008,0.027339994911355553
nta_5e19,5e+19,0.0,tail,coupled_final,0.0,0.01,0.0,0.3,channel,0.00027499999999999996,3.3750000000000003e-06,2.7499999999999996,33.75,-0.08154526959008775,386126631732112.7,1.7909278521701853e+17,0.0,1.7909278521701853e+17,149.75376573729054,-0.02869382757926877,0.02869382757926877,0.027153515251981404
nta_5e19,5e+19,0.0,tail,coupled_final,0.0,0.01,0.0,0.3,channel,0.00027499999999999996,3.45e-06,2.7499999999999996,34.5,-0.08188799661321683,381041427867357.8,1.7832783308174934e+17,0.0,1.7832783308174934e+17,151.10531010101317,-0.0285712687355431,0.0285712687355431,0.027030141668774606
nta_5e19,5e+19,0.0,tail,coupled_final,0.0,0.01,0.0,0.3,channel,0.00027499999999999996,3.525e-06,2.7499999999999996,35.25,-0.08205900315029577,378529222270208.4,1.7794737426749315e+17,0.0,1.7794737426749315e+17,151.78422348227588,-0.02851031251330304,0.02851031251330304,0.02696878294682379
nta_5e19,5e+19,0.0,tail,coupled_final,0.0,0.01,0.0,0.3,channel,0.00027499999999999996,3.6000000000000003e-06,2.7499999999999996,36.0,-0.08205867900878322,378533968350503.94,1.7794809464454483e+17,0.0,1.7794809464454483e+17,151.78293375237905,-0.028510427930431025,0.028510427930431025,0.02696889912435767
nta_5e19,5e+19,0.0,tail,coupled_final,0.0,0.01,0.0,0.3,channel,0.00027499999999999996,3.6750000000000004e-06,2.7499999999999996,36.75000000000001,-0.0818870234506471,381055771664757.06,1.783300004780569e+17,0.0,1.783300004780569e+17,151.10145530482052,-0.028571615990715157,0.028571615990715157,0.02703049122207637
nta_5e19,5e+19,0.0,tail,coupled_final,0.0,0.01,0.0,0.3,channel,0.00027499999999999996,3.7500000000000005e-06,2.7499999999999996,37.50000000000001,-0.08154364518588023,386150894260064.2,1.7909641854458435e+17,0.0,1.7909641854458435e+17,149.7473888388174,-0.028694409702521732,0.028694409702521732,0.027154101262519898
nta_5e19,5e+19,0.0,tail,coupled_final,0.0,0.01,0.0,0.3,channel,0.00027499999999999996,3.825000000000001e-06,2.7499999999999996,38.25000000000001,-0.08102775892907113,393934078576158.7,1.8025405815844522e+17,0.0,1.8025405815844522e+17,147.73580705704742,-0.0288798840165138,0.0288798840165138,0.027340822580116903
nta_5e19,5e+19,0.0,tail,coupled_final,0.0,0.01,0.0,0.3,channel,0.00027499999999999996,3.9e-06,2.7499999999999996,39.0,-0.08033817845353151,404583339271723.94,1.8181313710223584e+17,0.0,1.8181313710223584e+17,145.08902815461414,-0.02912967600194407,0.02912967600194407,0.027592320765212754
nta_5e19,5e+19,0.0,tail,coupled_final,0.0,0.01,0.0,0.3,channel,0.00027499999999999996,3.975e-06,2.7499999999999996,39.75,-0.0794733060099239,418347532803757.1,1.837875755444371e+17,0.0,1.837875755444371e+17,141.8362808152551,-0.02944601591568069,0.02944601591568069,0.027910865945875662
nta_5e19,5e+19,0.0,tail,coupled_final,0.0,0.01,0.0,0.3,channel,0.00027499999999999996,4.05e-06,2.7499999999999996,40.5,-0.07843111790430603,435557204381962.3,1.8619526431810605e+17,0.0,1.8619526431810605e+17,138.01326620498364,-0.029831770185192345,0.029831770185192345,0.028299377508755455
nta_5e19,5e+19,0.0,tail,coupled_final,0.0,0.01,0.0,0.3,channel,0.00027499999999999996,4.125e-06,2.7499999999999996,41.25,-0.07720914595148351,456639448467846.44,1.8905841654662243e+17,0.0,1.8905841654662243e+17,133.66162414022696,-0.030290497745203742,0.030290497745203742,0.028761482816653524
nta_5e19,5e+19,0.0,tail,coupled_final,0.0,0.01,0.0,0.3,channel,0.00027499999999999996,4.2000000000000004e-06,2.7499999999999996,42.00000000000001,-0.07580445443064227,482137826583089.7,1.9240401467662317e+17,0.0,1.9240401467662317e+17,128.8283121956217,-0.030826521660267867,0.030826521660267867,0.02930159202227977
nta_5e19,5e+19,0.0,tail,coupled_final,0.0,0.01,0.0,0.3,channel,0.00027499999999999996,4.2750000000000006e-06,2.7499999999999996,42.75000000000001,-0.07421361206797475,512738798349424.75,1.9626436869017994e+17,0.0,1.9626436869017994e+17,123.56490800474619,-0.031445018560216746,0.031445018560216746,0.02992499173842281
nta_5e19,5e+19,0.0,tail,coupled_final,0.0,0.01,0.0,0.3,channel,0.00027499999999999996,4.350000000000001e-06,2.7499999999999996,43.50000000000001,-0.07243265845121993,549306686045508.4,2.0067780584340195e+17,0.0,2.0067780584340195e+17,117.92684639524083,-0.032152129148468725,0.032152129148468725,0.030637961148196932
nta_5e19,5e+19,0.0,tail,coupled_final,0.0,0.01,0.0,0.3,channel,0.00027499999999999996,4.425e-06,2.7499999999999996,44.25,-0.0704570641384777,592929978687283.5,2.056895180138962e+17,0.0,2.056895180138962e+17,111.97260426773154,-0.03295509396205865,0.03295509396205865,0.03144791518380374
nta_5e19,5e+19,0.0,tail,coupled_final,0.0,0.01,0.0,0.3,channel,0.00027499999999999996,4.5e-06,2.7499999999999996,45.0,-0.06828168355169296,644982890713928.6,2.113526000328385e+17,0.0,2.113526000328385e+17,105.7628472032353,-0.033862419730776146,0.033862419730776146,0.032363580748459304
nta_5e19,5e+19,0.0,tail,coupled_final,0.0,0.01,0.0,0.3,channel,0.00027499999999999996,4.575e-06,2.7499999999999996,45.75,-0.06590069953528545,707207675316119.1,2.1772932176690854e+17,0.0,2.1772932176690854e+17,99.35955251665185,-0.034884083187160846,0.034884083187160846,0.03339521371443854
nta_5e19,5e+19,0.0,tail,coupled_final,0.0,0.01,0.0,0.3,channel,0.00027499999999999996,4.65e-06,2.7499999999999996,46.50000000000001,-0.06330755820135173,781825484307283.0,2.2489268892900205e+17,0.0,2.2489268892900205e+17,92.82512365898634,-0.03603178113594775,0.03603178113594775,0.03455486675423004
nta_5e19,5e+19,0.0,tail,coupled_final,0.0,0.01,0.0,0.3,channel,0.00027499999999999996,4.7250000000000005e-06,2.7499999999999996,47.25000000000001,-0.06049489235992874,871686919626919.9,2.3292836361495738e+17,0.0,2.3292836361495738e+17,86.22151036274917,-0.03731923815797405,0.03731923815797405,0.035856721165453014
nta_5e19,5e+19,0.0,tail,coupled_final,0.0,0.01,0.0,0.3,channel,0.00027499999999999996,4.8e-06,2.7499999999999996,48.0,-0.05745443142625926,980478386877979.8,2.4193703670569795e+17,0.0,2.4193703670569795e+17,79.60934785689089,-0.03876258671090696,0.03876258671090696,0.03731750003306675
nta_5e19,5e+19,0.0,tail,coupled_final,0.0,0.01,0.0,0.3,channel,0.00027499999999999996,4.875e-06,2.7499999999999996,48.75,-0.054176895180270246,1113007806397515.6,2.5203737234020368e+17,0.0,2.5203737234020368e+17,73.04712746156784,-0.04038083888582322,0.04038083888582322,0.03895698576191019
nta_5e19,5e+19,0.0,tail,coupled_final,0.0,0.01,0.0,0.3,channel,0.00027499999999999996,4.95e-06,2.7499999999999996,49.5,-0.050651868090418814,1275604548640394.5,2.6336968220227203e+17,0.0,2.6336968220227203e+17,66.59041087914233,-0.04219647509284859,0.04219647509284859,0.04079867283905416
nta_5e19,5e+19,0.0,tail,coupled_final,0.0,0.01,0.0,0.3,channel,0.00027499999999999996,5.025e-06,2.7499999999999996,50.25,-0.04686765005495398,1476685887059129.5,2.7610053815350298e+17,0.0,2.7610053815350298e+17,60.29110209168618,-0.044236183086436794,0.044236183086436794,0.042870597614837164
nta_5e19,5e+19,0.0,tail,coupled_final,0.0,0.01,0.0,0.3,channel,0.00027499999999999996,5.1e-06,2.7499999999999996,51.0,-0.04281107828905739,1727569510316648.5,2.9042860154564416e+17,0.0,2.9042860154564416e+17,54.19679288906748,-0.046531791924172734,0.046531791924172734,0.045206402440476745
nta_5e19,5e+19,0.0,tail,coupled_final,0.0,0.01,0.0,0.3,channel,0.00027499999999999996,5.1750000000000004e-06,2.7499999999999996,51.75000000000001,-0.03846731359747513,2043654922998493.5,3.0659204497131846e+17,0.0,3.0659204497131846e+17,48.35019756287319,-0.04912146106233236,0.04912146106233236,0.04784671404489108
nta_5e19,5e+19,0.0,tail,coupled_final,0.0,0.01,0.0,0.3,channel,0.00027499999999999996,5.2500000000000006e-06,2.7499999999999996,52.50000000000001,-0.03381958227591482,2446166507367317.5,3.248780794667544e+17,0.0,3.248780794667544e+17,42.78868633654105,-0.05205120678204291,0.05205120678204291,0.05084094923014064
nta_5e19,5e+19,0.0,tail,coupled_final,0.0,0.01,0.0,0.3,channel,0.00027499999999999996,5.325e-06,2.7499999999999996,53.25,-0.028848862169758547,2964766113343815.0,3.4563529386465235e+17,0.0,3.4563529386465235e+17,37.543917866927586,-0.05537687917156695,0.05537687917156695,0.054249710436774394
nta_5e19,5e+19,0.0,tail,coupled_final,0.0,0.01,0.0,0.3,channel,0.00027499999999999996,5.4e-06,2.7499999999999996,54.0,-0.02353349767124173,3641536200285234.5,3.692897868660146e+17,0.0,3.692897868660146e+17,32.64156760959273,-0.05916674676915686,0.05916674676915686,0.05814800855635308
nta_5e19,5e+19,0.0,tail,coupled_final,0.0,0.01,0.0,0.3,channel,0.00030000000000000003,3e-06,3.0000000000000004,30.0,-0.07704525737441806,455085075702294.8,1.8885041642389152e+17,0.0,1.8885041642389152e+17,133.9708979888035,-0.03025717245155288,0.03025717245155288,0.028727908485030117
nta_5e19,5e+19,0.0,tail,coupled_final,0.0,0.01,0.0,0.3,channel,0.00030000000000000003,3.075e-06,3.0000000000000004,30.750000000000004,-0.07826377364579791,434132621609495.75,1.8599843466826822e+17,0.0,1.8599843466826822e+17,138.3200627190773,-0.02980023459860749,0.02980023459860749,0.02826761367884748
nta_5e19,5e+19,0.0,tail,coupled_final,0.0,0.01,0.0,0.3,channel,0.00030000000000000003,3.1500000000000003e-06,3.0000000000000004,31.500000000000004,-0.07930270786279392,417031724673425.2,1.836007469400463e+17,0.0,1.836007469400463e+17,142.13943826127388,-0.029416082673228917,0.029416082673228917,0.027880721887719766
nta_5e19,5e+19,0.0,tail,coupled_final,0.0,0.01,0.0,0.3,channel,0.00030000000000000003,3.225e-06,3.0000000000000004,32.25,-0.08016451792038198,403358601255338.1,1.816352584605409e+17,0.0,1.816352584605409e+17,145.38745605545364,-0.029101176701602942,0.029101176701602942,0.02756362524020836
nta_5e19,5e+19,0.0,tail,coupled_final,0.0,0.01,0.0,0.3,channel,0.00030000000000000003,3.3e-06,3.0000000000000004,33.0,-0.08085121831015175,392785333909917.25,1.8008417946344397e+17,0.0,1.8008417946344397e+17,148.0284949705819,-0.028852666448939256,0.028852666448939256,0.027313420963356094
nta_5e19,5e+19,0.0,tail,coupled_final,0.0,0.01,0.0,0.3,channel,0.00030000000000000003,3.3750000000000003e-06,3.0000000000000004,33.75,-0.08136439856140844,385065149666606.2,1.7893367597410838e+17,0.0,1.7893367597410838e+17,150.0334134695347,-0.028668335468144363,0.028668335468144363,0.027127853072680716
nta_5e19,5e+19,0.0,tail,coupled_final,0.0,0.01,0.0,0.3,channel,0.00030000000000000003,3.45e-06,3.0000000000000004,34.5,-0.08170523757327537,380021677843260.4,1.7817360349268624e+17,0.0,1.7817360349268624e+17,151.37998591963407,-0.028546558431156267,0.028546558431156267,0.02700526798242166
nta_5e19,5e+19,0.0,tail,coupled_final,0.0,0.01,0.0,0.3,channel,0.00030000000000000003,3.525e-06,3.0000000000000004,35.25,-0.08187451411980202,377541459316227.8,1.7779731467130528e+17,0.0,1.7779731467130528e+17,152.05323590664472,-0.028486270315431068,0.028486270315431068,0.02694458249187934
nta_5e19,5e+19,0.0,tail,coupled_final,0.0,0.01,0.0,0.3,channel,0.00030000000000000003,3.6000000000000003e-06,3.0000000000000004,36.0,-0.08187261373145795,377569213440635.25,1.778015346706129e+17,0.0,1.778015346706129e+17,152.04566109470167,-0.028486946433859683,0.028486946433859683,0.02694526305700892
nta_5e19,5e+19,0.0,tail,coupled_final,0.0,0.01,0.0,0.3,channel,0.00030000000000000003,3.6750000000000004e-06,3.0000000000000004,36.75000000000001,-0.0816995320846986,380105556933267.9,1.7818630015858176e+17,0.0,1.7818630015858176e+17,151.35734594638078,-0.028548592661299017,0.028548592661299017,0.027007315651476224
nta_5e19,5e+19,0.0,tail,coupled_final,0.0,0.01,0.0,0.3,channel,0.00030000000000000003,3.7500000000000005e-06,3.0000000000000004,37.50000000000001,-0.08135487496401521,385207029229455.94,1.78954959992042e+17,0.0,1.78954959992042e+17,149.99596045341622,-0.028671745543765448,0.028671745543765448,0.027131285879913845
nta_5e19,5e+19,0.0,tail,coupled_final,0.0,0.01,0.0,0.3,channel,0.00030000000000000003,3.825000000000001e-06,3.0000000000000004,38.25000000000001,-0.08083785479574883,392988425924481.6,1.801142376027721e+17,0.0,1.801142376027721e+17,147.97664489889974,-0.02885748229378856,0.02885748229378856,0.027318269347133425
nta_5e19,5e+19,0.0,tail,coupled_final,0.0,0.01,0.0,0.3,channel,0.00030000000000000003,3.9e-06,3.0000000000000004,39.0,-0.08014728368779411,403627589153447.1,1.8167435709242083e+17,0.0,1.8167435709242083e+17,145.32178254172936,-0.02910744099304488,0.02910744099304488,0.027569932628262822
nta_5e19,5e+19,0.0,tail,coupled_final,0.0,0.01,0.0,0.3,channel,0.00030000000000000003,3.975e-06,3.0000000000000004,39.75,-0.07928156284197084,417372964412796.7,1.8364923712137776e+17,0.0,1.8364923712137776e+17,142.0606639492492,-0.029423851656779684,0.029423851656779684,0.027888545543904235
nta_5e19,5e+19,0.0,tail,coupled_final,0.0,0.01,0.0,0.3,channel,0.00030000000000000003,4.05e-06,3.0000000000000004,40.5,-0.07823866813402157,434554422255883.0,1.860567589599881e+17,0.0,1.860567589599881e+17,138.22904847403606,-0.029809579180346307,0.029809579180346307,0.028277025840500278
nta_5e19,5e+19,0.0,tail,coupled_final,0.0,0.01,0.0,0.3,channel,0.00030000000000000003,4.125e-06,3.0000000000000004,41.25,-0.07701613157738435,455598078835670.06,1.8891911767419552e+17,0.0,1.8891911767419552e+17,133.86863005321376,-0.030268179605349246,0.030268179605349246,0.028738997830989828
nta_5e19,5e+19,0.0,tail,coupled_final,0.0,0.01,0.0,0.3,channel,0.00030000000000000003,4.2000000000000004e-06,3.0000000000000004,42.00000000000001,-0.07561101829820085,481046155598337.5,1.9226326848255107e+17,0.0,1.9226326848255107e+17,129.02641609214123,-0.030803971633921193,0.030803971633921193,0.029278867090958713
nta_5e19,5e+19,0.0,tail,coupled_final,0.0,0.01,0.0,0.3,channel,0.00030000000000000003,4.2750000000000006e-06,3.0000000000000004,42.75000000000001,-0.07401989854702057,511583328914372.94,1.9612148402247142e+17,0.0,1.9612148402247142e+17,123.75402967786033,-0.0314221259126208,0.0314221259126208,0.029901913964213857
nta_5e19,5e+19,0.0,tail,coupled_final,0.0,0.01,0.0,0.3,channel,0.00030000000000000003,4.350000000000001e-06,3.0000000000000004,43.50000000000001,-0.07223881415316727,548071582494201.6,2.0053204282529978e+17,0.0,2.0053204282529978e+17,118.10694675184384,-0.03212877533829826,0.03212877533829826,0.030614409452621425
nta_5e19,5e+19,0.0,tail,coupled_final,0.0,0.01,0.0,0.3,channel,0.00030000000000000003,4.425e-06,3.0000000000000004,44.25,-0.07026323868552822,591596357906870.2,2.0554007501796253e+17,0.0,2.0554007501796253e+17,112.14368113688519,-0.03293115055443867,0.03293115055443867,0.03142375810657846
nta_5e19,5e+19,0.0,tail,coupled_final,0.0,0.01,0.0,0.3,channel,0.00030000000000000003,4.5e-06,3.0000000000000004,45.0,-0.06808803041199318,643527902920813.8,2.1119859854036157e+17,0.0,2.1119859854036157e+17,105.92493138782842,-0.033837745971491376,0.033837745971491376,0.032338673874430054
nta_5e19,5e+19,0.0,tail,coupled_final,0.0,0.01,0.0,0.3,channel,0.00030000000000000003,4.575e-06,3.0000000000000004,45.75,-0.06570737694038545,705603295507775.9,2.1756978852835517e+17,0.0,2.1756978852835517e+17,99.51270417103623,-0.03485852314444519,0.03485852314444519,0.03336939662173878
nta_5e19,5e+19,0.0,tail,coupled_final,0.0,0.01,0.0,0.3,channel,0.00030000000000000003,4.65e-06,3.0000000000000004,46.50000000000001,-0.06311473016535343,780036903088646.2,2.2472653468784003e+17,0.0,2.2472653468784003e+17,92.96942906642964,-0.03600516029166478,0.03600516029166478,0.03452795934764341
nta_5e19,5e+19,0.0,tail,coupled_final,0.0,0.01,0.0,0.3,channel,0.00030000000000000003,4.7250000000000005e-06,3.0000000000000004,47.25000000000001,-0.06030272982361745,869670374579443.6,2.3275435745341245e+17,0.0,2.3275435745341245e+17,86.35707917975192,-0.03729135929735412,0.03729135929735412,0.03582851921869744
nta_5e19,5e+19,0.0,tail,coupled_final,0.0,0.01,0.0,0.3,channel,0.00030000000000000003,4.8e-06,3.0000000000000004,48.0,-0.05726311355453809,978178204959838.5,2.4175377480006678e+17,0.0,2.4175377480006678e+17,79.73631087924548,-0.0387332249165965,0.0387332249165965,0.037287769708983974
nta_5e19,5e+19,0.0,tail,coupled_final,0.0,0.01,0.0,0.3,channel,0.00030000000000000003,4.875e-06,3.0000000000000004,48.75,-0.05398661084771028,1110352321464821.6,2.5184323955148714e+17,0.0,2.5184323955148714e+17,73.16563493803001,-0.04034973538402573,0.04034973538402573,0.03892545680452159
nta_5e19,5e+19,0.0,tail,coupled_final,0.0,0.01,0.0,0.3,channel,0.00030000000000000003,4.95e-06,3.0000000000000004,49.5,-0.05046281759817531,1272500395871621.8,2.631628044398718e+17,0.0,2.631628044398718e+17,66.70063134564836,-0.042163329621147404,0.042163329621147404,0.04076503002724953
nta_5e19,5e+19,0.0,tail,coupled_final,0.0,0.01,0.0,0.3,channel,0.00030000000000000003,5.025e-06,3.0000000000000004,50.25,-0.04668004713334273,1473009924914322.8,2.7587872278150336e+17,0.0,2.7587872278150336e+17,60.39322163368873,-0.044200644345828814,0.044200644345828814,0.0428344699201636
nta_5e19,5e+19,0.0,tail,coupled_final,0.0,0.01,0.0,0.3,channel,0.00030000000000000003,5.1e-06,3.0000000000000004,51.0,-0.04262515245467099,1723157226052381.0,2.901892621710628e+17,0.0,2.901892621710628e+17,54.29101469983817,-0.046493445528817685,0.046493445528817685,0.04516734911924663
nta_5e19,5e+19,0.0,tail,coupled_final,0.0,0.01,0.0,0.3,channel,0.00030000000000000003,5.1750000000000004e-06,3.0000000000000004,51.75000000000001,-0.03828331295319501,2038283547494122.0,3.0633210564493536e+17,0.0,3.0633210564493536e+17,48.43674169588097,-0.04907981419083349,0.04907981419083349,0.04780420658415967
nta_5e19,5e+19,0.0,tail,coupled_final,0.0,0.01,0.0,0.3,channel,0.00030000000000000003,5.2500000000000006e-06,3.0000000000000004,52.50000000000001,-0.03363777686851485,2439530040485872.0,3.2459385148302746e+17,0.0,3.2459385148302746e+17,42.86778964493641,-0.05200566843861728,0.05200566843861728,0.050794347607498035
nta_5e19,5e+19,0.0,tail,coupled_final,0.0,0.01,0.0,0.3,channel,0.00030000000000000003,5.325e-06,3.0000000000000004,53.25,-0.02866954805591999,2956437763741205.0,3.4532231575452845e+17,0.0,3.4532231575452845e+17,37.61583418413805,-0.05532673455006755,0.05532673455006755,0.054198231466561685
nta_5e19,5e+19,0.0,tail,coupled_final,0.0,0.01,0.0,0.3,channel,0.00030000000000000003,5.4e-06,3.0000000000000004,54.0,-0.02335700189307377,3630910873548851.5,3.689426145011096e+17,0.0,3.689426145011096e+17,32.70656812866233,-0.05911112362405474,0.05911112362405474,0.05809068304622839
nta_5e19,5e+19,0.0,tail,coupled_final,0.0,0.01,0.0,0.3,channel,0.00032500000000000004,3e-06,3.2500000000000004,30.0,-0.0768760044081017,453618721066483.94,1.886537526644284e+17,0.0,1.886537526644284e+17,134.26428698230697,-0.030225663443536242,0.030225663443536242,0.028696164541100015
nta_5e19,5e+19,0.0,tail,coupled_final,0.0,0.01,0.0,0.3,channel,0.00032500000000000004,3.075e-06,3.2500000000000004,30.750000000000004,-0.07809174421270614,432780256495112.06,1.8581117762055507e+17,0.0,1.8581117762055507e+17,138.6128725725429,-0.029770232711967704,0.029770232711967704,0.028237395119429003
nta_5e19,5e+19,0.0,tail,coupled_final,0.0,0.01,0.0,0.3,channel,0.00032500000000000004,3.1500000000000003e-06,3.2500000000000004,31.500000000000004,-0.0791280939392185,415774194438246.25,1.8342181933610678e+17,0.0,1.8342181933610678e+17,142.43067144964726,-0.029387415310607966,0.029387415310607966,0.02785185304654288
nta_5e19,5e+19,0.0,tail,coupled_final,0.0,0.01,0.0,0.3,channel,0.00032500000000000004,3.225e-06,3.2500000000000004,32.25,-0.07998750290795491,402179653388294.44,1.8146368418200608e+17,0.0,1.8146368418200608e+17,145.67616525396429,-0.02907368747159655,0.02907368747159655,0.027535947121929447
nta_5e19,5e+19,0.0,tail,coupled_final,0.0,0.01,0.0,0.3,channel,0.00032500000000000004,3.3e-06,3.2500000000000004,33.0,-0.08067197804593083,391671002136223.5,1.7991906777783485e+17,0.0,1.7991906777783485e+17,148.31378965113143,-0.028826212640470927,0.028826212640470927,0.02728678861925473
nta_5e19,5e+19,0.0,tail,coupled_final,0.0,0.01,0.0,0.3,channel,0.00032500000000000004,3.3750000000000003e-06,3.2500000000000004,33.75,-0.08118310223872577,384003259342373.8,1.7877420783615824e+17,0.0,1.7877420783615824e+17,150.31446517288467,-0.02864278585569524,0.02864278585569524,0.02710213332664506
nta_5e19,5e+19,0.0,tail,coupled_final,0.0,0.01,0.0,0.3,channel,0.00032500000000000004,3.45e-06,3.2500000000000004,34.5,-0.08152204858779531,379001442086032.56,1.7801901950777414e+17,0.0,1.7801901950777414e+17,151.65603220501498,-0.028521791346294588,0.028521791346294588,0.02698033743777084
nta_5e19,5e+19,0.0,tail,coupled_final,0.0,0.01,0.0,0.3,channel,0.00032500000000000004,3.525e-06,3.2500000000000004,35.25,-0.08168959085345118,376553142358654.4,1.7764690438335853e+17,0.0,1.7764690438335853e+17,152.3235830092063,-0.02846217193054492,0.02846217193054492,0.02692032576115955
nta_5e19,5e+19,0.0,tail,coupled_final,0.0,0.01,0.0,0.3,channel,0.00032500000000000004,3.6000000000000003e-06,3.2500000000000004,36.0,-0.08168611028547307,376603842687617.3,1.776546268868046e+17,0.0,1.776546268868046e+17,152.30968534733927,-0.02846340921200265,0.02846340921200265,0.02692157116570552
nta_5e19,5e+19,0.0,tail,coupled_final,0.0,0.01,0.0,0.3,channel,0.00032500000000000004,3.6750000000000004e-06,3.2500000000000004,36.75000000000001,-0.08151159897193366,379154668668996.75,1.7804225406064026e+17,0.0,1.7804225406064026e+17,151.61449404586455,-0.02852551393206494,0.02852551393206494,0.02698408457314629
nta_5e19,5e+19,0.0,tail,coupled_final,0.0,0.01,0.0,0.3,channel,0.00032500000000000004,3.7500000000000005e-06,3.2500000000000004,37.50000000000001,-0.0811656597698136,384262435206383.0,1.7881315681103402e+17,0.0,1.7881315681103402e+17,150.24574867123317,-0.028649026169441663,0.028649026169441663,0.02710841516494282
nta_5e19,5e+19,0.0,tail,coupled_final,0.0,0.01,0.0,0.3,channel,0.00032500000000000004,3.825000000000001e-06,3.2500000000000004,38.25000000000001,-0.08064750281609238,392041989389936.44,1.7997407265224144e+17,0.0,1.7997407265224144e+17,148.21865735450837,-0.02883502539292396,0.02883502539292396,0.027295660810418704
nta_5e19,5e+19,0.0,tail,coupled_final,0.0,0.01,0.0,0.3,channel,0.00032500000000000004,3.9e-06,3.2500000000000004,39.0,-0.07995593855306574,402670999349741.8,1.815352319646263e+17,0.0,1.815352319646263e+17,145.55566866969875,-0.029085150690149417,0.029085150690149417,0.02754748906278417
nta_5e19,5e+19,0.0,tail,coupled_final,0.0,0.01,0.0,0.3,channel,0.00032500000000000004,3.975e-06,3.2500000000000004,39.75,-0.07908936713450349,416397498255585.4,1.8351055185350237e+17,0.0,1.8351055185350237e+17,142.28613530167934,-0.029401631827212688,0.029401631827212688,0.0278661694274288
nta_5e19,5e+19,0.0,tail,coupled_final,0.0,0.01,0.0,0.3,channel,0.00032500000000000004,4.05e-06,3.2500000000000004,40.5,-0.0780457640076498,433550680702194.6,1.8591790397153718e+17,0.0,1.8591790397153718e+17,138.44587500541593,-0.029787332158545267,0.029787332158545267,0.02825461800157285
nta_5e19,5e+19,0.0,tail,coupled_final,0.0,0.01,0.0,0.3,channel,0.00032500000000000004,4.125e-06,3.2500000000000004,41.25,-0.0768226613874732,454555683254154.9,1.8877946526286858e+17,0.0,1.8877946526286858e+17,134.0766360361808,-0.030245804822318267,0.030245804822318267,0.028716456037774438
nta_5e19,5e+19,0.0,tail,coupled_final,0.0,0.01,0.0,0.3,channel,0.00032500000000000004,4.2000000000000004e-06,3.2500000000000004,42.00000000000001,-0.07541712525111713,479953385992567.7,1.921221636426301e+17,0.0,1.921221636426301e+17,129.22547580926684,-0.030781364146174627,0.030781364146174627,0.029256084522219276
nta_5e19,5e+19,0.0,tail,coupled_final,0.0,0.01,0.0,0.3,channel,0.00032500000000000004,4.2750000000000006e-06,3.2500000000000004,42.75000000000001,-0.0738257273787602,510426680715094.7,1.9597823431554848e+17,0.0,1.9597823431554848e+17,123.94406302665162,-0.031399174779294874,0.031399174779294874,0.029878777515416066
nta_5e19,5e+19,0.0,tail,coupled_final,0.0,0.01,0.0,0.3,channel,0.00032500000000000004,4.350000000000001e-06,3.2500000000000004,43.50000000000001,-0.07204451184790005,546835211200793.0,2.0038590698548995e+17,0.0,2.0038590698548995e+17,118.28791488817541,-0.03210536179550494,0.03210536179550494,0.030590797821308375
nta_5e19,5e+19,0.0,tail,coupled_final,0.0,0.01,0.0,0.3,channel,0.00032500000000000004,4.425e-06,3.2500000000000004,44.25,-0.07006895524622332,590261370176112.5,2.0539024990905834e+17,0.0,2.0539024990905834e+17,112.31558226740778,-0.03290714592557139,0.03290714592557139,0.03139953958909628
nta_5e19,5e+19,0.0,tail,coupled_final,0.0,0.01,0.0,0.3,channel,0.00032500000000000004,4.5e-06,3.2500000000000004,45.0,-0.06789391969712272,642071437348548.2,2.1104420399571715e+17,0.0,2.1104420399571715e+17,106.08779680681255,-0.03381300923830674,0.03381300923830674,0.03231370378973461
nta_5e19,5e+19,0.0,tail,coupled_final,0.0,0.01,0.0,0.3,channel,0.00032500000000000004,4.575e-06,3.2500000000000004,45.75,-0.06551359758307237,703997314171420.9,2.1740984948882125e+17,0.0,2.1740984948882125e+17,99.66659462430191,-0.034832898085244625,0.034832898085244625,0.03334351425596104
nta_5e19,5e+19,0.0,tail,coupled_final,0.0,0.01,0.0,0.3,channel,0.00032500000000000004,4.65e-06,3.2500000000000004,46.50000000000001,-0.0629214465943749,778246582626980.2,2.2455995989960096e+17,0.0,2.2455995989960096e+17,93.11443151616757,-0.03597847206831176,0.03597847206831176,0.03450098428332929
nta_5e19,5e+19,0.0,tail,coupled_final,0.0,0.01,0.0,0.3,channel,0.00032500000000000004,4.7250000000000005e-06,3.2500000000000004,47.25000000000001,-0.060110113409583485,867651938105933.2,2.325799137837177e+17,0.0,2.325799137837177e+17,86.49330403733823,-0.0372634103402007,0.0372634103402007,0.03580024687236851
nta_5e19,5e+19,0.0,tail,coupled_final,0.0,0.01,0.0,0.3,channel,0.00032500000000000004,4.8e-06,3.2500000000000004,48.0,-0.057071343909595285,975875965511060.2,2.4157005595780605e+17,0.0,2.4157005595780605e+17,79.86388976120831,-0.038703789912966934,0.038703789912966934,0.03725796584592934
nta_5e19,5e+19,0.0,tail,coupled_final,0.0,0.01,0.0,0.3,channel,0.00032500000000000004,4.875e-06,3.2500000000000004,48.75,-0.053795877313617554,1107694601429709.4,2.516486276376051e+17,0.0,2.516486276376051e+17,73.28471897159122,-0.04031855511791375,0.04031855511791375,0.03889385072471561
nta_5e19,5e+19,0.0,tail,coupled_final,0.0,0.01,0.0,0.3,channel,0.00032500000000000004,4.95e-06,3.2500000000000004,49.5,-0.050273320966041105,1269393824781829.8,2.6295542226457475e+17,0.0,2.6295542226457475e+17,66.8113899973825,-0.0421301033335905,0.0421301033335905,0.04073130601213144
nta_5e19,5e+19,0.0,tail,coupled_final,0.0,0.01,0.0,0.3,channel,0.00032500000000000004,5.025e-06,3.2500000000000004,50.25,-0.04649200164936168,1469331367240618.5,2.7565637421711117e+17,0.0,2.7565637421711117e+17,60.49584196902815,-0.04416502017838155,0.04416502017838155,0.04279825638280117
nta_5e19,5e+19,0.0,tail,coupled_final,0.0,0.01,0.0,0.3,channel,0.00032500000000000004,5.1e-06,3.2500000000000004,51.0,-0.04243878818078813,1718742196761818.2,2.899493568795506e+17,0.0,2.899493568795506e+17,54.3857009404359,-0.04645500846357431,0.04645500846357431,0.04512820468832647
nta_5e19,5e+19,0.0,tail,coupled_final,0.0,0.01,0.0,0.3,channel,0.00032500000000000004,5.1750000000000004e-06,3.2500000000000004,51.75000000000001,-0.03809887857110508,2032909344125037.2,3.060715632109296e+17,0.0,3.060715632109296e+17,48.52371497119924,-0.04903807069084054,0.04903807069084054,0.04776160204186028
nta_5e19,5e+19,0.0,tail,coupled_final,0.0,0.01,0.0,0.3,channel,0.00032500000000000004,5.2500000000000006e-06,3.2500000000000004,52.50000000000001,-0.03345554304174392,2432890798231337.0,3.243089781394706e+17,0.0,3.243089781394706e+17,42.947287929694376,-0.05196002669714765,0.05196002669714765,0.05074764214214764
nta_5e19,5e+19,0.0,tail,coupled_final,0.0,0.01,0.0,0.3,channel,0.00032500000000000004,5.325e-06,3.2500000000000004,53.25,-0.028489811500854535,2948106946843317.0,3.4500864429630304e+17,0.0,3.4500864429630304e+17,37.68811247630333,-0.055276478841955405,0.055276478841955405,0.05414664101443195
nta_5e19,5e+19,0.0,tail,coupled_final,0.0,0.01,0.0,0.3,channel,0.00032500000000000004,5.4e-06,3.2500000000000004,54.0,-0.02318009036005952,3620283853917563.0,3.6859469430858566e+17,0.0,3.6859469430858566e+17,32.77189882831979,-0.05905538066375887,0.05905538066375887,0.05803323744967829
nta_5e19,5e+19,0.0,tail,coupled_final,0.0,0.01,0.0,0.3,channel,0.00035,3e-06,3.5,30.0,-0.07670635283727864,452152642433108.8,1.8845669466383773e+17,0.0,1.8845669466383773e+17,134.55921498020015,-0.030194091271127328,0.030194091271127328,0.0286643574769981
nta_5e19,5e+19,0.0,tail,coupled_final,0.0,0.01,0.0,0.3,channel,0.00035,3.075e-06,3.5,30.750000000000004,-0.07791930959933156,431427968963731.56,1.8562353432509808e+17,0.0,1.8562353432509808e+17,138.90720383996543,-0.029740168941616907,0.029740168941616907,0.028207114688729686
nta_5e19,5e+19,0.0,tail,coupled_final,0.0,0.01,0.0,0.3,channel,0.00035,3.1500000000000003e-06,3.5,31.500000000000004,-0.07895306865264805,414516582261808.25,1.832425128728537e+17,0.0,1.832425128728537e+17,142.7234045917745,-0.02935868724803304,0.02935868724803304,0.02782292349228358
nta_5e19,5e+19,0.0,tail,coupled_final,0.0,0.01,0.0,0.3,channel,0.00035,3.225e-06,3.5,32.25,-0.07981007073552644,401000493684206.56,1.8129173777177302e+17,0.0,1.8129173777177302e+17,145.9663493825097,-0.029046138619518994,0.029046138619518994,0.027508209347639322
nta_5e19,5e+19,0.0,tail,coupled_final,0.0,0.01,0.0,0.3,channel,0.00035,3.3e-06,3.5,33.0,-0.08049231520369254,390556351140497.56,1.7975358998354813e+17,0.0,1.7975358998354813e+17,148.60053098914162,-0.028799700174925724,0.028799700174925724,0.027260097566931485
nta_5e19,5e+19,0.0,tail,coupled_final,0.0,0.01,0.0,0.3,channel,0.00035,3.3750000000000003e-06,3.5,33.75,-0.08100137829297892,382940959401111.0,1.786143788723685e+17,0.0,1.786143788723685e+17,150.5969323308308,-0.028617178432573206,0.028617178432573206,0.02707635570430861
nta_5e19,5e+19,0.0,tail,coupled_final,0.0,0.01,0.0,0.3,channel,0.00035,3.45e-06,3.5,34.5,-0.08133842730188832,377980718976675.94,1.7786407920919728e+17,0.0,1.7786407920919728e+17,151.93346013018163,-0.028496967173690105,0.028496967173690105,0.0269553497272948
nta_5e19,5e+19,0.0,tail,coupled_final,0.0,0.01,0.0,0.3,channel,0.00035,3.525e-06,3.5,35.25,-0.08150423097248108,375564269532919.44,1.7749614149539597e+17,0.0,1.7749614149539597e+17,152.5952756391852,-0.028438017052908122,0.028438017052908122,0.026896012448629214
nta_5e19,5e+19,0.0,tail,coupled_final,0.0,0.01,0.0,0.3,channel,0.00035,3.6000000000000003e-06,3.5,36.0,-0.08149916627013688,375637853991989.9,1.7750736939081018e+17,0.0,1.7750736939081018e+17,152.57501702456187,-0.028439815960076286,0.028439815960076286,0.026897823145327474
nta_5e19,5e+19,0.0,tail,coupled_final,0.0,0.01,0.0,0.3,channel,0.00035,3.6750000000000004e-06,3.5,36.75000000000001,-0.08132322169166938,378203104544058.75,1.7789786028406333e+17,0.0,1.7789786028406333e+17,151.87290977351253,-0.028502379498572285,0.028502379498572285,0.026960797682272962
nta_5e19,5e+19,0.0,tail,coupled_final,0.0,0.01,0.0,0.3,channel,0.00035,3.7500000000000005e-06,3.5,37.50000000000001,-0.08097599716453777,383317109637001.44,1.7867100709951978e+17,0.0,1.7867100709951978e+17,150.49676331136715,-0.028626251274809868,0.028626251274809868,0.027085488812457148
nta_5e19,5e+19,0.0,tail,coupled_final,0.0,0.01,0.0,0.3,channel,0.00035,3.825000000000001e-06,3.5,38.25000000000001,-0.08045670053524802,391094766191350.25,1.7983356139870384e+17,0.0,1.7983356139870384e+17,148.46185388655462,-0.028812513008200764,0.028812513008200764,0.027272996663807912
nta_5e19,5e+19,0.0,tail,coupled_final,0.0,0.01,0.0,0.3,channel,0.00035,3.9e-06,3.5,39.0,-0.0797641405803215,401713566847020.4,1.8139575980011053e+17,0.0,1.8139575980011053e+17,145.7906956412152,-0.02906280478584136,0.02906280478584136,0.027524989760877666
nta_5e19,5e+19,0.0,tail,coupled_final,0.0,0.01,0.0,0.3,channel,0.00035,3.975e-06,3.5,39.75,-0.07889671640628194,415421131077387.94,1.8337151780671805e+17,0.0,1.8337151780671805e+17,142.51270361324808,-0.029379356117103857,0.029379356117103857,0.027843737286052057
nta_5e19,5e+19,0.0,tail,coupled_final,0.0,0.01,0.0,0.3,channel,0.00035,4.05e-06,3.5,40.5,-0.07785240303370775,432545976212660.5,1.8577869739824102e+17,0.0,1.8577869739824102e+17,138.66375417726454,-0.029765028806641836,0.029765028806641836,0.0282321536782637
nta_5e19,5e+19,0.0,tail,coupled_final,0.0,0.01,0.0,0.3,channel,0.00035,4.125e-06,3.5,41.25,-0.07662873288201698,453512257945581.3,1.8863945733229277e+17,0.0,1.8863945733229277e+17,134.28565010543187,-0.03022337307882394,0.03022337307882394,0.028693857119115238
nta_5e19,5e+19,0.0,tail,coupled_final,0.0,0.01,0.0,0.3,channel,0.00035,4.2000000000000004e-06,3.5,42.00000000000001,-0.07522277278342741,478859513698948.7,1.919806981448614e+17,0.0,1.919806981448614e+17,129.42549900335055,-0.030758698874670407,0.030758698874670407,0.029233243993052112
nta_5e19,5e+19,0.0,tail,coupled_final,0.0,0.01,0.0,0.3,channel,0.00035,4.2750000000000006e-06,3.5,42.75000000000001,-0.07363109605305143,509268849372361.7,1.9583461751949862e+17,0.0,1.9583461751949862e+17,124.13501535044156,-0.031376164831806774,0.031376164831806774,0.029855582062895618
nta_5e19,5e+19,0.0,tail,coupled_final,0.0,0.01,0.0,0.3,channel,0.00035,4.350000000000001e-06,3.5,43.50000000000001,-0.07184974902318854,545597567446767.8,2.0023939622936973e+17,0.0,2.0023939622936973e+17,118.46975775036445,-0.032081888184496386,0.032081888184496386,0.030567125917909433
nta_5e19,5e+19,0.0,tail,coupled_final,0.0,0.01,0.0,0.3,channel,0.00035,4.425e-06,3.5,44.25,-0.06987421130838252,588925010406888.4,2.052400405405292e+17,0.0,2.052400405405292e+17,112.4883142568846,-0.032883079731524864,0.032883079731524864,0.03137525928661007
nta_5e19,5e+19,0.0,tail,coupled_final,0.0,0.01,0.0,0.3,channel,0.00035,4.5e-06,3.5,45.0,-0.06769934889714048,640613488506051.6,2.1088941419216896e+17,0.0,2.1088941419216896e+17,106.25144971459262,-0.033788209177664105,0.033788209177664105,0.03228867013993507
nta_5e19,5e+19,0.0,tail,coupled_final,0.0,0.01,0.0,0.3,channel,0.00035,4.575e-06,3.5,45.75,-0.06531935895789627,702389725377418.2,2.1724950237269718e+17,0.0,2.1724950237269718e+17,99.82122979366525,-0.034807207644966295,0.034807207644966295,0.03331756625156243
nta_5e19,5e+19,0.0,tail,coupled_final,0.0,0.01,0.0,0.3,channel,0.00035,4.65e-06,3.5,46.50000000000001,-0.06272770498977956,776454516517654.9,2.2439296221014003e+17,0.0,2.2439296221014003e+17,93.2601365947701,-0.035951716088713136,0.035951716088713136,0.03447394118308597
nta_5e19,5e+19,0.0,tail,coupled_final,0.0,0.01,0.0,0.3,channel,0.00035,4.7250000000000005e-06,3.5,47.25000000000001,-0.05991704062840637,865631603291883.4,2.3240503016254016e+17,0.0,2.3240503016254016e+17,86.63019019844778,-0.0372353908950487,0.0372353908950487,0.03577190373389332
nta_5e19,5e+19,0.0,tail,coupled_final,0.0,0.01,0.0,0.3,channel,0.00035,4.8e-06,3.5,48.0,-0.05687912001372044,973571661077889.1,2.4138587763461197e+17,0.0,2.4138587763461197e+17,79.99208944950345,-0.038674281292375844,0.038674281292375844,0.0372280880350662
nta_5e19,5e+19,0.0,tail,coupled_final,0.0,0.01,0.0,0.3,channel,0.00035,4.875e-06,3.5,48.75,-0.05360469211458905,1105034638281660.6,2.5145353394021498e+17,0.0,2.5145353394021498e+17,73.40438420049983,-0.04028729766157384,0.04028729766157384,0.038862167095295386
nta_5e19,5e+19,0.0,tail,coupled_final,0.0,0.01,0.0,0.3,channel,0.00035,4.95e-06,3.5,49.5,-0.05008337574763455,1266284826808174.2,2.627475328894674e+17,0.0,2.627475328894674e+17,66.9226911721207,-0.04209679578366511,0.04209679578366511,0.040697500345815193
nta_5e19,5e+19,0.0,tail,coupled_final,0.0,0.01,0.0,0.3,channel,0.00035,5.025e-06,3.5,50.25,-0.04630351117649589,1465650204965021.0,2.7543348952864243e+17,0.0,2.7543348952864243e+17,60.59896714323978,-0.044129310114387456,0.044129310114387456,0.04276195653158868
nta_5e19,5e+19,0.0,tail,coupled_final,0.0,0.01,0.0,0.3,channel,0.00035,5.1e-06,3.5,51.0,-0.042251983063753856,1714324412966259.5,2.897088825765533e+17,0.0,2.897088825765533e+17,54.48085537261585,-0.046416480232640334,0.046416480232640334,0.04508896865039537
nta_5e19,5e+19,0.0,tail,coupled_final,0.0,0.01,0.0,0.3,channel,0.00035,5.1750000000000004e-06,3.5,51.75000000000001,-0.037914008073569795,2027532303211325.5,3.058104143916209e+17,0.0,3.058104143916209e+17,48.6111208755172,-0.048996230037211236,0.048996230037211236,0.04771889989129977
nta_5e19,5e+19,0.0,tail,coupled_final,0.0,0.01,0.0,0.3,channel,0.00035,5.2500000000000006e-06,3.5,52.50000000000001,-0.03327287844733193,2426248771084783.0,3.2402345595259725e+17,0.0,3.2402345595259725e+17,43.027184411421004,-0.05191428099951795,0.05191428099951795,0.05070083227444828
nta_5e19,5e+19,0.0,tail,coupled_final,0.0,0.01,0.0,0.3,channel,0.00035,5.325e-06,3.5,53.25,-0.02830965018921291,2939773653899048.5,3.446942757753091e+17,0.0,3.446942757753091e+17,37.76075570717219,-0.05522611145207525,0.05522611145207525,0.054094938483827834
nta_5e19,5e+19,0.0,tail,coupled_final,0.0,0.01,0.0,0.3,channel,0.00035,5.4e-06,3.5,54.0,-0.023002760793560426,3609655134388163.0,3.682460223142643e+17,0.0,3.682460223142643e+17,32.837562424874015,-0.05899951725153568,0.05899951725153568,0.05797567112884717
nta_5e19,5e+19,0.0,tail,coupled_final,0.0,0.01,0.0,0.3,channel,0.000375,3e-06,3.75,30.0,-0.07653630047317228,450686840140435.1,1.882592403647493e+17,0.0,1.882592403647493e+17,134.8556948833543,-0.030162455604699098,0.030162455604699098,0.02863248696315153
nta_5e19,5e+19,0.0,tail,coupled_final,0.0,0.01,0.0,0.3,channel,0.000375,3.075e-06,3.75,30.750000000000004,-0.07774646758073529,430075758944788.75,1.854355027518025e+17,0.0,1.854355027518025e+17,139.20306921086245,-0.029710042962298063,0.029710042962298063,0.02817677206148118
nta_5e19,5e+19,0.0,tail,coupled_final,0.0,0.01,0.0,0.3,channel,0.000375,3.1500000000000003e-06,3.75,31.500000000000004,-0.07877762974404773,413258887702727.94,1.8306282554507635e+17,0.0,1.8306282554507635e+17,143.01765014032978,-0.029329898164233963,0.029329898164233963,0.027793932903600976
nta_5e19,5e+19,0.0,tail,coupled_final,0.0,0.01,0.0,0.3,channel,0.000375,3.225e-06,3.75,32.25,-0.07963221911200731,399821121365101.25,1.8111941724687248e+17,0.0,1.8111941724687248e+17,146.25802063391015,-0.029018529827663567,0.029018529827663567,0.02748041159950665
nta_5e19,5e+19,0.0,tail,coupled_final,0.0,0.01,0.0,0.3,channel,0.000375,3.3e-06,3.75,33.0,-0.08031222746231234,389441379837798.25,1.795877441169895e+17,0.0,1.795877441169895e+17,148.88873089703372,-0.028773128737701152,0.028773128737701152,0.027233347491610035
nta_5e19,5e+19,0.0,tail,coupled_final,0.0,0.01,0.0,0.3,channel,0.000375,3.3750000000000003e-06,3.75,33.75,-0.08081922437500785,381878248475646.2,1.7845418713544986e+17,0.0,1.7845418713544986e+17,150.88082655727894,-0.028591512886788115,0.028591512886788115,0.027050519893462167
nta_5e19,5e+19,0.0,tail,coupled_final,0.0,0.01,0.0,0.3,channel,0.000375,3.45e-06,3.75,34.5,-0.08115437134034227,376959506885661.7,1.7770878066270794e+17,0.0,1.7770878066270794e+17,152.21228099477997,-0.028472085603442165,0.028472085603442165,0.026930304540831805
nta_5e19,5e+19,0.0,tail,coupled_final,0.0,0.01,0.0,0.3,channel,0.000375,3.525e-06,3.75,35.25,-0.08131843207759797,374574838962315.5,1.773450240827609e+17,0.0,1.773450240827609e+17,152.86832476852015,-0.028413805374156678,0.028413805374156678,0.026871642245623648
nta_5e19,5e+19,0.0,tail,coupled_final,0.0,0.01,0.0,0.3,channel,0.000375,3.6000000000000003e-06,3.75,36.0,-0.08131177926403486,374671245240580.06,1.7735976026392422e+17,0.0,1.7735976026392422e+17,152.84166675935856,-0.028416166370670105,0.028416166370670105,0.02687401868812572
nta_5e19,5e+19,0.0,tail,coupled_final,0.0,0.01,0.0,0.3,channel,0.000375,3.6750000000000004e-06,3.75,36.75000000000001,-0.08113439780232562,377250862215298.25,1.777531169122617e+17,0.0,1.777531169122617e+17,152.13260341422134,-0.02847918905374959,0.02847918905374959,0.02693745467140936
nta_5e19,5e+19,0.0,tail,coupled_final,0.0,0.01,0.0,0.3,channel,0.000375,3.7500000000000005e-06,3.75,37.50000000000001,-0.08078588468839516,382371049950633.7,1.7852850893898198e+17,0.0,1.7852850893898198e+17,150.7490143034609,-0.028603420552489704,0.028603420552489704,0.0270625065146646
nta_5e19,5e+19,0.0,tail,coupled_final,0.0,0.01,0.0,0.3,channel,0.000375,3.825000000000001e-06,3.75,38.25000000000001,-0.08026544547716617,390146753529129.7,1.7969270191744445e+17,0.0,1.7969270191744445e+17,148.70624406412145,-0.028789944831245647,0.028789944831245647,0.02725027659847918
nta_5e19,5e+19,0.0,tail,coupled_final,0.0,0.01,0.0,0.3,channel,0.000375,3.9e-06,3.75,39.0,-0.07957188727921673,400755288611643.4,1.8125593866344192e+17,0.0,1.8125593866344192e+17,146.02687266121762,-0.029040402970030382,0.029040402970030382,0.027502434411966932
nta_5e19,5e+19,0.0,tail,coupled_final,0.0,0.01,0.0,0.3,channel,0.000375,3.975e-06,3.75,39.75,-0.07870360815463948,414443859601721.44,1.8323213303007978e+17,0.0,1.8323213303007978e+17,142.7403777227496,-0.029357024213877342,0.029357024213877342,0.027821248806673207
nta_5e19,5e+19,0.0,tail,coupled_final,0.0,0.01,0.0,0.3,channel,0.000375,4.05e-06,3.75,40.5,-0.07765858269919572,431540305255515.94,1.8563913726853306e+17,0.0,1.8563913726853306e+17,138.8826944616759,-0.02974266880875622,0.02974266880875622,0.028209632554127183
nta_5e19,5e+19,0.0,tail,coupled_final,0.0,0.01,0.0,0.3,channel,0.000375,4.125e-06,3.75,41.25,-0.07643434353969339,452467799106817.25,1.8849909188481936e+17,0.0,1.8849909188481936e+17,134.49568036711239,-0.03020088405480766,0.03020088405480766,0.028671200754344293
nta_5e19,5e+19,0.0,tail,coupled_final,0.0,0.01,0.0,0.3,channel,0.000375,4.2000000000000004e-06,3.75,42.00000000000001,-0.07502795836752407,477764534623226.0,1.918388699596547e+17,0.0,1.918388699596547e+17,129.62649341651354,-0.030735975494232324,0.030735975494232324,0.02921034517762505
nta_5e19,5e+19,0.0,tail,coupled_final,0.0,0.01,0.0,0.3,channel,0.000375,4.2750000000000006e-06,3.75,42.75000000000001,-0.07343600203807125,508109830477367.0,1.956906315664761e+17,0.0,1.956906315664761e+17,124.32689403029592,-0.03135309573885108,0.03135309573885108,0.029832327274640736
nta_5e19,5e+19,0.0,tail,coupled_final,0.0,0.01,0.0,0.3,channel,0.000375,4.350000000000001e-06,3.75,43.50000000000001,-0.07165452314510352,544358646481711.7,2.000925084440069e+17,0.0,2.000925084440069e+17,118.65248236231712,-0.032058354166743554,0.032058354166743554,0.030543393403134445
nta_5e19,5e+19,0.0,tail,coupled_final,0.0,0.01,0.0,0.3,channel,0.000375,4.425e-06,3.75,44.25,-0.06967900433812595,587587273476672.8,2.0508944474693587e+17,0.0,2.0508944474693587e+17,112.66188377677479,-0.032858951625357465,0.032858951625357465,0.03135091685135748
nta_5e19,5e+19,0.0,tail,coupled_final,0.0,0.01,0.0,0.3,channel,0.000375,4.5e-06,3.75,45.0,-0.06750431548042524,639154050865140.5,2.107342269036772e+17,0.0,2.107342269036772e+17,106.4158964356143,-0.033763345432912574,0.033763345432912574,0.03226357256749483
nta_5e19,5e+19,0.0,tail,coupled_final,0.0,0.01,0.0,0.3,channel,0.000375,4.575e-06,3.75,45.75,-0.06512465853776596,700780523156122.1,2.1708874488448022e+17,0.0,2.1708874488448022e+17,99.97661566262663,-0.03478145145583012,0.03478145145583012,0.03329155223980643
nta_5e19,5e+19,0.0,tail,coupled_final,0.0,0.01,0.0,0.3,channel,0.000375,4.65e-06,3.75,46.50000000000001,-0.06253350283134887,774660698312921.4,2.242255392447533e+17,0.0,2.242255392447533e+17,93.40654995141495,-0.03592489197239938,0.03592489197239938,0.034446829665410884
nta_5e19,5e+19,0.0,tail,coupled_final,0.0,0.01,0.0,0.3,channel,0.000375,4.7250000000000005e-06,3.75,47.25000000000001,-0.05972350896916381,863609363176374.2,2.3222970412523648e+17,0.0,2.3222970412523648e+17,86.76774298503703,-0.03720730056701873,0.03720730056701873,0.03574348940727721
nta_5e19,5e+19,0.0,tail,coupled_final,0.0,0.01,0.0,0.3,channel,0.000375,4.8e-06,3.75,48.0,-0.05668643936780326,971265284156713.5,2.4120123726402637e+17,0.0,2.4120123726402637e+17,80.12091494637029,-0.03864469864363131,0.03864469864363131,0.037198135864000434
nta_5e19,5e+19,0.0,tail,coupled_final,0.0,0.01,0.0,0.3,channel,0.000375,4.875e-06,3.75,48.75,-0.05341305276594637,1102372423956797.8,2.5125795577787274e+17,0.0,2.5125795577787274e+17,73.52463531511009,-0.0402559625853913,0.0402559625853913,0.03883040548535425
nta_5e19,5e+19,0.0,tail,coupled_final,0.0,0.01,0.0,0.3,channel,0.000375,4.95e-06,3.75,49.5,-0.04989297947544665,1263173393331020.0,2.625391335034743e+17,0.0,2.625391335034743e+17,67.03453925642984,-0.042063406520987306,0.042063406520987306,0.04066361257653585
nta_5e19,5e+19,0.0,tail,coupled_final,0.0,0.01,0.0,0.3,channel,0.000375,5.025e-06,3.75,50.25,-0.04611457326727585,1461966428954617.0,2.7521006575906355e+17,0.0,2.7521006575906355e+17,60.70260124743061,-0.04409351368007751,0.04409351368007751,0.042725569891293856
nta_5e19,5e+19,0.0,tail,coupled_final,0.0,0.01,0.0,0.3,channel,0.000375,5.1e-06,3.75,51.0,-0.042064734679157216,1709903865124618.2,2.894678361408398e+17,0.0,2.894678361408398e+17,54.57648180058248,-0.04637786033593942,0.04637786033593942,0.04504964050384832
nta_5e19,5e+19,0.0,tail,coupled_final,0.0,0.01,0.0,0.3,channel,0.000375,5.1750000000000004e-06,3.75,51.75000000000001,-0.03772869906242345,2022152415009434.8,3.055486558811689e+17,0.0,3.055486558811689e+17,48.698962934948916,-0.048954291700291544,0.048954291700291544,0.04767609960126302
nta_5e19,5e+19,0.0,tail,coupled_final,0.0,0.01,0.0,0.3,channel,0.000375,5.2500000000000006e-06,3.75,52.50000000000001,-0.0330897807167332,2419603949464444.5,3.237372814091042e+17,0.0,3.237372814091042e+17,43.10748234722309,-0.05186843078283493,0.05186843078283493,0.05065391743997154
nta_5e19,5e+19,0.0,tail,coupled_final,0.0,0.01,0.0,0.3,channel,0.000375,5.325e-06,3.75,53.25,-0.028129061785655225,2931437876098576.0,3.4437920644521306e+17,0.0,3.4437920644521306e+17,37.833766874172824,-0.05517563178019825,0.05517563178019825,0.05404312327310902
nta_5e19,5e+19,0.0,tail,coupled_final,0.0,0.01,0.0,0.3,channel,0.000375,5.4e-06,3.75,54.0,-0.022825010895264557,3599024707908008.0,3.678965945102358e+17,0.0,3.678965945102358e+17,32.90356166559679,-0.05894353274524724,0.05894353274524724,0.057917983440467134
nta_5e19,5e+19,0.0,tail,coupled_final,0.0,0.01,0.0,0.3,channel,0.0004,3e-06,4.0,30.0,-0.07636584510806259,449221314527653.1,1.8806138769248368e+17,0.0,1.8806138769248368e+17,135.15373974167935,-0.030130756111851252,0.030130756111851252,0.028600552667214348
nta_5e19,5e+19,0.0,tail,coupled_final,0.0,0.01,0.0,0.3,channel,0.0004,3.075e-06,4.0,30.750000000000004,-0.07757321591272173,428723626366414.25,1.8524708085342838e+17,0.0,1.8524708085342838e+17,139.50048152086958,-0.02967985444600717,0.02967985444600717,0.028146366909667972
nta_5e19,5e+19,0.0,tail,coupled_final,0.0,0.01,0.0,0.3,channel,0.0004,3.1500000000000003e-06,4.0,31.500000000000004,-0.07860177493483031,412001110316229.25,1.8288275533056528e+17,0.0,1.8288275533056528e+17,143.31342069094615,-0.02930104773521706,0.02930104773521706,0.027764880956430132
nta_5e19,5e+19,0.0,tail,coupled_final,0.0,0.01,0.0,0.3,channel,0.0004,3.225e-06,4.0,32.25,-0.07945394572647733,398641535647651.7,1.8094672060746314e+17,0.0,1.8094672060746314e+17,146.55119134057384,-0.02899086077562037,0.02899086077562037,0.027452553556996023
nta_5e19,5e+19,0.0,tail,coupled_final,0.0,0.01,0.0,0.3,channel,0.0004,3.3e-06,4.0,33.0,-0.08013171248057349,388326087135982.06,1.794215281977987e+17,0.0,1.794215281977987e+17,149.17840142326037,-0.02874649801150852,0.02874649801150852,0.027206538075826705
nta_5e19,5e+19,0.0,tail,coupled_final,0.0,0.01,0.0,0.3,channel,0.0004,3.3750000000000003e-06,4.0,33.75,-0.08063663811531607,380815125189851.44,1.7829363066142912e+17,0.0,1.7829363066142912e+17,151.16615959844918,-0.028565788903676767,0.028565788903676767,0.027024625579222066
nta_5e19,5e+19,0.0,tail,coupled_final,0.0,0.01,0.0,0.3,channel,0.0004,3.45e-06,4.0,34.5,-0.08096987830738134,375937804172825.4,1.7755312191743283e+17,0.0,1.7755312191743283e+17,152.49250622691738,-0.028447146322986415,0.028447146322986415,0.02690520156555471
nta_5e19,5e+19,0.0,tail,coupled_final,0.0,0.01,0.0,0.3,channel,0.0004,3.525e-06,4.0,35.25,-0.08113219174873405,373584848757875.56,1.7719355020420314e+17,0.0,1.7719355020420314e+17,153.14274149364593,-0.028389536583268017,0.028389536583268017,0.02684721484081765
nta_5e19,5e+19,0.0,tail,coupled_final,0.0,0.01,0.0,0.3,channel,0.0004,3.6000000000000003e-06,4.0,36.0,-0.08112394682478516,373704014306366.94,1.7721179757085222e+17,0.0,1.7721179757085222e+17,153.10964530515912,-0.028392460133715738,0.028392460133715738,0.026850157483691104
nta_5e19,5e+19,0.0,tail,coupled_final,0.0,0.01,0.0,0.3,channel,0.0004,3.6750000000000004e-06,4.0,36.75000000000001,-0.08094512484117843,376297939324138.25,1.7760802201203133e+17,0.0,1.7760802201203133e+17,152.39358536920403,-0.028455942287863425,0.028455942287863425,0.02691405523044417
nta_5e19,5e+19,0.0,tail,coupled_final,0.0,0.01,0.0,0.3,channel,0.0004,3.7500000000000005e-06,4.0,37.50000000000001,-0.08059531986028982,381424253559602.4,1.7838566039423178e+17,0.0,1.7838566039423178e+17,151.00251168930097,-0.028580533692429737,0.028580533692429737,0.027039467961099146
nta_5e19,5e+19,0.0,tail,coupled_final,0.0,0.01,0.0,0.3,channel,0.0004,3.825000000000001e-06,4.0,38.25000000000001,-0.08007373514435125,389197948585078.44,1.7955149226698614e+17,0.0,1.7955149226698614e+17,148.95183756423214,-0.028767320550999686,0.028767320550999686,0.027227500302922064
nta_5e19,5e+19,0.0,tail,coupled_final,0.0,0.01,0.0,0.3,channel,0.0004,3.9e-06,4.0,39.0,-0.0793791761378352,399796161589720.25,1.8111576660230054e+17,0.0,1.8111576660230054e+17,146.26420903836765,-0.02901794492992035,0.02901794492992035,0.027479822702766544
nta_5e19,5e+19,0.0,tail,coupled_final,0.0,0.01,0.0,0.3,channel,0.0004,3.975e-06,4.0,39.75,-0.07851003985522953,413465680530139.2,1.830923955555902e+17,0.0,1.830923955555902e+17,142.96916656848538,-0.029334635802225208,0.029334635802225208,0.027798703673455837
nta_5e19,5e+19,0.0,tail,coupled_final,0.0,0.01,0.0,0.3,channel,0.0004,4.05e-06,4.0,40.5,-0.07746430046934336,430533664275234.56,1.8549922159358954e+17,0.0,1.8549922159358954e+17,139.10270442605184,-0.029720251846243738,0.029720251846243738,0.028187054309948955
nta_5e19,5e+19,0.0,tail,coupled_final,0.0,0.01,0.0,0.3,channel,0.0004,4.125e-06,4.0,41.25,-0.07623949081733618,451422302909064.9,1.8835836690529418e+17,0.0,1.8835836690529418e+17,134.70673501850442,-0.03017833742740612,0.03017833742740612,0.028648486619984856
nta_5e19,5e+19,0.0,tail,coupled_final,0.0,0.01,0.0,0.3,channel,0.0004,4.2000000000000004e-06,4.0,42.00000000000001,-0.07483267945389993,476668444643449.44,1.9169667703961827e+17,0.0,1.9169667703961827e+17,129.82846687788177,-0.030713193676832066,0.030713193676832066,0.029187387747249355
nta_5e19,5e+19,0.0,tail,coupled_final,0.0,0.01,0.0,0.3,channel,0.0004,4.2750000000000006e-06,4.0,42.75000000000001,-0.07324044278005976,506949619591430.75,1.955462743704875e+17,0.0,1.955462743704875e+17,124.51970653020325,-0.031329967166214806,0.031329967166214806,0.029809012815727266
nta_5e19,5e+19,0.0,tail,coupled_final,0.0,0.01,0.0,0.3,channel,0.0004,4.350000000000001e-06,4.0,43.50000000000001,-0.07145883165776014,543118443522993.6,1.9994524149792102e+17,0.0,1.9994524149792102e+17,118.8360958268373,-0.03203475940074562,0.03203475940074562,0.030519599934716323
nta_5e19,5e+19,0.0,tail,coupled_final,0.0,0.01,0.0,0.3,channel,0.0004,4.425e-06,4.0,44.25,-0.06948333177961812,586248154228195.9,2.0493846034383037e+17,0.0,2.0493846034383037e+17,112.83629757347548,-0.03283476125708206,0.03283476125708206,0.031326511932525065
nta_5e19,5e+19,0.0,tail,coupled_final,0.0,0.01,0.0,0.3,channel,0.0004,4.5e-06,4.0,45.0,-0.06730881689341965,637693118860159.0,2.105786398846676e+17,0.0,2.105786398846676e+17,106.58114336537344,-0.03373841764427148,0.03373841764427148,0.032238410711741515
nta_5e19,5e+19,0.0,tail,coupled_final,0.0,0.01,0.0,0.3,channel,0.0004,4.575e-06,4.0,45.75,-0.0649294937736935,699169701497480.8,2.1692757470853696e+17,0.0,2.1692757470853696e+17,100.1327582819252,-0.034755629146830724,0.034755629146830724,0.03326547184872473
nta_5e19,5e+19,0.0,tail,coupled_final,0.0,0.01,0.0,0.3,channel,0.0004,4.65e-06,4.0,46.50000000000001,-0.0623388375770274,772865121521483.9,2.2405768860793168e+17,0.0,2.2405768860793168e+17,93.55367729878995,-0.03589799933556761,0.03589799933556761,0.034419649345461135
nta_5e19,5e+19,0.0,tail,coupled_final,0.0,0.01,0.0,0.3,channel,0.0004,4.7250000000000005e-06,4.0,47.25000000000001,-0.05952951589917781,861585210751610.2,2.320539331855992e+17,0.0,2.320539331855992e+17,86.90596777893072,-0.03717913895777642,0.03717913895777642,0.035715003493063044
nta_5e19,5e+19,0.0,tail,coupled_final,0.0,0.01,0.0,0.3,channel,0.0004,4.8e-06,4.0,48.0,-0.056493299451080864,968956827193572.6,2.410161322571732e+17,0.0,2.410161322571732e+17,80.25037131036461,-0.038615041551949655,0.038615041551949655,0.03716810891673809
nta_5e19,5e+19,0.0,tail,coupled_final,0.0,0.01,0.0,0.3,channel,0.0004,4.875e-06,4.0,48.75,-0.053220956761484556,1099707950337355.4,2.510618904457584e+17,0.0,2.510618904457584e+17,73.64547705863465,-0.04022454945600619,0.04022454945600619,0.038798565460231645
nta_5e19,5e+19,0.0,tail,coupled_final,0.0,0.01,0.0,0.3,channel,0.0004,4.95e-06,4.0,49.5,-0.04970212966059174,1260059515673382.8,2.6233022127107046e+17,0.0,2.6233022127107046e+17,67.14693868637299,-0.04202993509125588,0.04202993509125588,0.04062964224860201
nta_5e19,5e+19,0.0,tail,coupled_final,0.0,0.01,0.0,0.3,channel,0.0004,5.025e-06,4.0,50.25,-0.04592518545303012,1458280030015985.2,2.7498609992569162e+17,0.0,2.7498609992569162e+17,60.806748418938795,-0.044057630397573225,0.044057630397573225,0.04268909598256527
nta_5e19,5e+19,0.0,tail,coupled_final,0.0,0.01,0.0,0.3,channel,0.0004,5.1e-06,4.0,51.0,-0.04187704058158632,1705480543632810.8,2.892262144241869e+17,0.0,2.892262144241869e+17,54.67258407160444,-0.046339148269070596,0.046339148269070596,0.045010219742745605
nta_5e19,5e+19,0.0,tail,coupled_final,0.0,0.01,0.0,0.3,channel,0.0004,5.1750000000000004e-06,4.0,51.75000000000001,-0.03754294911872789,2016769669711548.8,3.052862843452415e+17,0.0,3.052862843452415e+17,48.787244715605425,-0.04891225514586259,0.04891225514586259,0.04763320063595976
nta_5e19,5e+19,0.0,tail,coupled_final,0.0,0.01,0.0,0.3,channel,0.0004,5.2500000000000006e-06,4.0,52.50000000000001,-0.03290624746088715,2412956323725100.5,3.2345045096552064e+17,0.0,3.2345045096552064e+17,43.18818503123878,-0.051822475479371986,0.051822475479371986,0.05060689706944548
nta_5e19,5e+19,0.0,tail,coupled_final,0.0,0.01,0.0,0.3,channel,0.0004,5.325e-06,4.0,53.25,-0.027948043934615002,2923099604572766.5,3.440634325276429e+17,0.0,3.440634325276429e+17,37.9071490089033,-0.05512503922096249,0.05512503922096249,0.0539911947754926
nta_5e19,5e+19,0.0,tail,coupled_final,0.0,0.01,0.0,0.3,channel,0.0004,5.4e-06,4.0,54.0,-0.0226468383469544,3588392567374505.5,3.675464068544647e+17,0.0,3.675464068544647e+17,32.96989932917454,-0.05888742649728807,0.05888742649728807,0.057860173735794745
nta_5e19,5e+19,0.0,tail,coupled_final,0.0,0.01,0.0,0.3,channel,0.00042500000000000003,3e-06,4.25,30.0,-0.07619498451506167,447756065934883.9,1.878631345548516e+17,0.0,1.878631345548516e+17,135.45336275632107,-0.03009899245737812,0.03009899245737812,0.028568554254035382
nta_5e19,5e+19,0.0,tail,coupled_final,0.0,0.01,0.0,0.3,channel,0.00042500000000000003,3.075e-06,4.25,30.750000000000004,-0.07739955233161054,427371571155420.25,1.8505826656539104e+17,0.0,1.8505826656539104e+17,139.7994537538898,-0.029649603061961294,0.029649603061961294,0.0281158989024954
nta_5e19,5e+19,0.0,tail,coupled_final,0.0,0.01,0.0,0.3,channel,0.00042500000000000003,3.1500000000000003e-06,4.25,31.500000000000004,-0.07842550192662444,410743249654110.6,1.8270230018991373e+17,0.0,1.8270230018991373e+17,143.6107289843138,-0.02927213563423335,0.02927213563423335,0.027735767323950257
nta_5e19,5e+19,0.0,tail,coupled_final,0.0,0.01,0.0,0.3,channel,0.00042500000000000003,3.225e-06,4.25,32.25,-0.07927524824795051,397461735743126.75,1.807736458366347e+17,0.0,1.807736458366347e+17,146.84587397654195,-0.028963131140244746,0.028963131140244746,0.02742463489683642
nta_5e19,5e+19,0.0,tail,coupled_final,0.0,0.01,0.0,0.3,channel,0.00042500000000000003,3.3e-06,4.25,33.0,-0.07995076789692901,387210471935636.1,1.7925494022865254e+17,0.0,1.7925494022865254e+17,149.46955475429448,-0.028719807676341372,0.028719807676341372,0.02717966899939891
nta_5e19,5e+19,0.0,tail,coupled_final,0.0,0.01,0.0,0.3,channel,0.00042500000000000003,3.3750000000000003e-06,4.25,33.75,-0.0804536171238297,379751588158558.25,1.7813270746945405e+17,0.0,1.7813270746945405e+17,151.45294333480717,-0.028540006165871653,0.028540006165871653,0.026998672443998856
nta_5e19,5e+19,0.0,tail,coupled_final,0.0,0.01,0.0,0.3,channel,0.00042500000000000003,3.45e-06,4.25,34.5,-0.08078494578642244,374915609187266.9,1.773971010056781e+17,0.0,1.773971010056781e+17,152.77414738503455,-0.028422149017063535,0.028422149017063535,0.026880040485939706
nta_5e19,5e+19,0.0,tail,coupled_final,0.0,0.01,0.0,0.3,channel,0.00042500000000000003,3.525e-06,4.25,35.25,-0.08094550754480151,372594297018257.44,1.7704171790168374e+17,0.0,1.7704171790168374e+17,153.41853703730462,-0.028365210366529718,0.028365210366529718,0.02682272992019415
nta_5e19,5e+19,0.0,tail,coupled_final,0.0,0.01,0.0,0.3,channel,0.00042500000000000003,3.6000000000000003e-06,4.25,36.0,-0.08093566648879008,372736159048349.9,1.7706347935951446e+17,0.0,1.7706347935951446e+17,153.37896353758424,-0.028368696936455533,0.028368696936455533,0.02682623921892295
nta_5e19,5e+19,0.0,tail,coupled_final,0.0,0.01,0.0,0.3,channel,0.00042500000000000003,3.6750000000000004e-06,4.25,36.75000000000001,-0.08075540032410938,375344333496432.6,1.7746257363335686e+17,0.0,1.7746257363335686e+17,152.65586615767862,-0.028432638888486884,0.028432638888486884,0.026890599046570113
nta_5e19,5e+19,0.0,tail,coupled_final,0.0,0.01,0.0,0.3,channel,0.00042500000000000003,3.7500000000000005e-06,4.25,37.50000000000001,-0.08040430017756987,380476717859067.1,1.7824245951321114e+17,0.0,1.7824245951321114e+17,151.25726562444342,-0.02855759038187579,0.02855759038187579,0.027016372838589268
nta_5e19,5e+19,0.0,tail,coupled_final,0.0,0.01,0.0,0.3,channel,0.00042500000000000003,3.825000000000001e-06,4.25,38.25000000000001,-0.07988156701760746,388248348522218.0,1.7940993048889088e+17,0.0,1.7940993048889088e+17,149.19864417341327,-0.028744639853686516,0.028744639853686516,0.027204667462905653
nta_5e19,5e+19,0.0,tail,coupled_final,0.0,0.01,0.0,0.3,channel,0.00042500000000000003,3.9e-06,4.25,39.0,-0.07918600462243353,398836182706914.0,1.809752416472776e+17,0.0,1.809752416472776e+17,146.50271418655117,-0.028995430349977182,0.028995430349977182,0.02745715431724986
nta_5e19,5e+19,0.0,tail,coupled_final,0.0,0.01,0.0,0.3,channel,0.00042500000000000003,3.975e-06,4.25,39.75,-0.0783160089617688,412486590542017.94,1.8295230339799683e+17,0.0,1.8295230339799683e+17,143.19907918970415,-0.02931219056407493,0.02931219056407493,0.027776101567795405
nta_5e19,5e+19,0.0,tail,coupled_final,0.0,0.01,0.0,0.3,channel,0.00042500000000000003,4.05e-06,4.25,40.5,-0.07726955378735148,429526049692297.44,1.8535894836712387e+17,0.0,1.8535894836712387e+17,139.32379273448035,-0.02969777759766183,0.02969777759766183,0.02816441862371296
nta_5e19,5e+19,0.0,tail,coupled_final,0.0,0.01,0.0,0.3,channel,0.00042500000000000003,4.125e-06,4.25,41.25,-0.07604417214967607,450375765497610.7,1.8821728036084832e+17,0.0,1.8821728036084832e+17,134.918822349344,-0.030155732870917825,0.030155732870917825,0.028625714389717838
nta_5e19,5e+19,0.0,tail,coupled_final,0.0,0.01,0.0,0.3,channel,0.00042500000000000003,4.2000000000000004e-06,4.25,42.00000000000001,-0.0746369334708887,475571239609702.1,1.91554117319347e+17,0.0,1.91554117319347e+17,130.0314273048435,-0.030690353091555246,0.030690353091555246,0.029164371370345755
nta_5e19,5e+19,0.0,tail,coupled_final,0.0,0.01,0.0,0.3,channel,0.00042500000000000003,4.2750000000000006e-06,4.25,42.75000000000001,-0.07304441570306011,505788212245707.4,1.954015438271759e+17,0.0,1.954015438271759e+17,124.7134603982727,-0.031306778776742816,0.031306778776742816,0.029785638348284082
nta_5e19,5e+19,0.0,tail,coupled_final,0.0,0.01,0.0,0.3,channel,0.00042500000000000003,4.350000000000001e-06,4.25,43.50000000000001,-0.07126267198305751,541876953755449.8,1.9979759324086198e+17,0.0,1.9979759324086198e+17,119.02060532676639,-0.03201110354199454,0.03201110354199454,0.03049574516737555
nta_5e19,5e+19,0.0,tail,coupled_final,0.0,0.01,0.0,0.3,channel,0.00042500000000000003,4.425e-06,4.25,44.25,-0.06928719105480767,584907647469101.6,2.0478708512752902e+17,0.0,2.0478708512752902e+17,113.01156246940467,-0.032810508273629586,0.032810508273629586,0.03130204417621188
nta_5e19,5e+19,0.0,tail,coupled_final,0.0,0.01,0.0,0.3,channel,0.00042500000000000003,4.5e-06,4.25,45.0,-0.06711285056037013,636230686887611.6,2.1042265086979894e+17,0.0,2.1042265086979894e+17,106.74719697144202,-0.03371342544879316,0.03371342544879316,0.032213184208829675
nta_5e19,5e+19,0.0,tail,coupled_final,0.0,0.01,0.0,0.3,channel,0.00042500000000000003,4.575e-06,4.25,45.75,-0.06473386209453463,697557254350639.6,2.1676598950886374e+17,0.0,2.1676598950886374e+17,100.28966377051093,-0.03472974034369906,0.03472974034369906,0.03323932470307884
nta_5e19,5e+19,0.0,tail,coupled_final,0.0,0.01,0.0,0.3,channel,0.00042500000000000003,4.65e-06,4.25,46.50000000000001,-0.06214370666266402,771067779608074.2,2.2388940788311418e+17,0.0,2.2388940788311418e+17,93.70152441401116,-0.035871037791042094,0.035871037791042094,0.03439239983501392
nta_5e19,5e+19,0.0,tail,coupled_final,0.0,0.01,0.0,0.3,channel,0.00042500000000000003,4.7250000000000005e-06,4.25,47.25000000000001,-0.05933505886375672,859559138962464.0,2.318777148356e+17,0.0,2.318777148356e+17,87.04487002268729,-0.03715090566549135,0.03715090566549135,0.035686445588290025
nta_5e19,5e+19,0.0,tail,coupled_final,0.0,0.01,0.0,0.3,channel,0.00042500000000000003,4.8e-06,4.25,48.0,-0.05629969772088111,966646282583667.0,2.408305600024916e+17,0.0,2.408305600024916e+17,80.38046365717362,-0.038585309598912695,0.038585309598912695,0.037138006773642554
nta_5e19,5e+19,0.0,tail,coupled_final,0.0,0.01,0.0,0.3,channel,0.00042500000000000003,4.875e-06,4.25,48.75,-0.05302840157321686,1097041209251157.6,2.5086533521539875e+17,0.0,2.5086533521539875e+17,73.76691422791008,-0.04019305783626892,0.04019305783626892,0.03876664658146865
nta_5e19,5e+19,0.0,tail,coupled_final,0.0,0.01,0.0,0.3,channel,0.00042500000000000003,4.95e-06,4.25,49.5,-0.04951082379255396,1256943185100373.5,2.6212079333199277e+17,0.0,2.6212079333199277e+17,67.25989394822676,-0.041996381036206176,0.041996381036206176,0.040595588902349516
nta_5e19,5e+19,0.0,tail,coupled_final,0.0,0.01,0.0,0.3,channel,0.00042500000000000003,5.025e-06,4.25,50.25,-0.04573534524363399,1454590998894613.8,2.7476158901989005e+17,0.0,2.7476158901989005e+17,60.91141284200435,-0.04402165978483788,0.04402165978483788,0.04265253432188344
nta_5e19,5e+19,0.0,tail,coupled_final,0.0,0.01,0.0,0.3,channel,0.00042500000000000003,5.1e-06,4.25,51.0,-0.04168889830437933,1701054438823146.8,2.889840142510605e+17,0.0,2.889840142510605e+17,54.76916607664038,-0.04630034352325721,0.04630034352325721,0.04497070585676165
nta_5e19,5e+19,0.0,tail,coupled_final,0.0,0.01,0.0,0.3,channel,0.00042500000000000003,5.1750000000000004e-06,4.25,51.75000000000001,-0.037356755802526224,2011384057444967.5,3.050232964206787e+17,0.0,3.050232964206787e+17,48.87596982417667,-0.048870119835086726,0.048870119835086726,0.04759020245497057
nta_5e19,5e+19,0.0,tail,coupled_final,0.0,0.01,0.0,0.3,channel,0.00042500000000000003,5.2500000000000006e-06,4.25,52.50000000000001,-0.03272227626997509,2406305884157456.0,3.23162961047854e+17,0.0,3.23162961047854e+17,43.26929579517724,-0.05177641451651238,0.05177641451651238,0.05055977058869776
nta_5e19,5e+19,0.0,tail,coupled_final,0.0,0.01,0.0,0.3,channel,0.00042500000000000003,5.325e-06,4.25,53.25,-0.027766594260059445,2914758830392598.5,3.4374695021181306e+17,0.0,3.4374695021181306e+17,37.980905177630675,-0.05507433316381282,0.05507433316381282,0.053939152378992834
nta_5e19,5e+19,0.0,tail,coupled_final,0.0,0.01,0.0,0.3,channel,0.00042500000000000003,5.4e-06,4.25,54.0,-0.022468240810270948,3577758705634614.0,3.671954552703904e+17,0.0,3.671954552703904e+17,33.03657822616821,-0.058831197854521164,0.058831197854521164,0.05780224136054695
nta_5e19,5e+19,0.0,tail,coupled_final,0.0,0.01,0.0,0.3,channel,0.00045000000000000004,3e-06,4.5,30.0,-0.07602371644788612,446291094703179.2,1.876644788419494e+17,0.0,1.876644788419494e+17,135.75457728189886,-0.03006716430323587,0.03006716430323587,0.02853649138562544
nta_5e19,5e+19,0.0,tail,coupled_final,0.0,0.01,0.0,0.3,channel,0.00045000000000000004,3.075e-06,4.5,30.750000000000004,-0.07722547455400511,426019593237281.94,1.848690578055584e+17,0.0,1.848690578055584e+17,140.09999904428196,-0.029619288476566096,0.029619288476566096,0.02808536770635719
nta_5e19,5e+19,0.0,tail,coupled_final,0.0,0.01,0.0,0.3,channel,0.00045000000000000004,3.1500000000000003e-06,4.5,31.500000000000004,-0.07824880840103973,409485305264706.6,1.8252145806631654e+17,0.0,1.8252145806631654e+17,143.90958790831704,-0.029243161531746317,0.029243161531746317,0.027706591676552463
nta_5e19,5e+19,0.0,tail,coupled_final,0.0,0.01,0.0,0.3,channel,0.00045000000000000004,3.225e-06,4.5,32.25,-0.07909612432513663,396281720857335.25,1.8060019090020682e+17,0.0,1.8060019090020682e+17,147.14208115957038,-0.028935340595625077,0.028935340595625077,0.027396655292988972
nta_5e19,5e+19,0.0,tail,coupled_final,0.0,0.01,0.0,0.3,channel,0.00045000000000000004,3.3e-06,4.5,33.0,-0.07976939132926014,386094533130004.2,1.7908797819506538e+17,0.0,1.7908797819506538e+17,149.76220321665448,-0.02869305740944352,0.02869305740944352,0.027152739939393128
nta_5e19,5e+19,0.0,tail,coupled_final,0.0,0.01,0.0,0.3,channel,0.00045000000000000004,3.3750000000000003e-06,4.5,33.75,-0.08027015898965305,378687635987467.75,1.7797141556159357e+17,0.0,1.7797141556159357e+17,151.74118978303062,-0.02851416435326892,0.02851416435326892,0.026972660167465298
nta_5e19,5e+19,0.0,tail,coupled_final,0.0,0.01,0.0,0.3,channel,0.00045000000000000004,3.45e-06,4.5,34.5,-0.0805995713398279,373892920267244.3,1.772407159427297e+17,0.0,1.772407159427297e+17,153.0572161598117,-0.028397093367687278,0.028397093367687278,0.026854820983734297
nta_5e19,5e+19,0.0,tail,coupled_final,0.0,0.01,0.0,0.3,channel,0.00045000000000000004,3.525e-06,4.5,35.25,-0.0807583770034426,371603181829621.1,1.7688952520017565e+17,0.0,1.7688952520017565e+17,153.695722750391,-0.02834082640750756,0.02834082640750756,0.026798187167012308
nta_5e19,5e+19,0.0,tail,coupled_final,0.0,0.01,0.0,0.3,channel,0.00045000000000000004,3.6000000000000003e-06,4.5,36.0,-0.08074693577098405,371767677311410.6,1.7691480366084704e+17,0.0,1.7691480366084704e+17,153.64963245622815,-0.028344876463410676,0.028344876463410676,0.026802263577997157
nta_5e19,5e+19,0.0,tail,coupled_final,0.0,0.01,0.0,0.3,channel,0.00045000000000000004,3.6750000000000004e-06,4.5,36.75000000000001,-0.08056522174535148,374390042342312.94,1.7731676980921174e+17,0.0,1.7731676980921174e+17,152.9194564185879,-0.028409278540467566,0.028409278540467566,0.02686708580425188
nta_5e19,5e+19,0.0,tail,coupled_final,0.0,0.01,0.0,0.3,channel,0.00045000000000000004,3.7500000000000005e-06,4.5,37.50000000000001,-0.08021282311577141,379528440226854.8,1.7809890432679165e+17,0.0,1.7809890432679165e+17,151.51328637987027,-0.028534590305338704,0.028534590305338704,0.026993220831225698
nta_5e19,5e+19,0.0,tail,coupled_final,0.0,0.01,0.0,0.3,channel,0.00045000000000000004,3.825000000000001e-06,4.5,38.25000000000001,-0.07968893855578098,387297950484601.7,1.7926801460755696e+17,0.0,1.7926801460755696e+17,149.4466737892883,-0.028721902422779843,0.028721902422779843,0.027181777761446094
nta_5e19,5e+19,0.0,tail,coupled_final,0.0,0.01,0.0,0.3,channel,0.00045000000000000004,3.9e-06,4.5,39.0,-0.07899237017718173,397875348868238.5,1.8083436181167107e+17,0.0,1.8083436181167107e+17,146.74239762640755,-0.02897285891189613,0.02897285891189613,0.027434428936616254
nta_5e19,5e+19,0.0,tail,coupled_final,0.0,0.01,0.0,0.3,channel,0.00045000000000000004,3.975e-06,4.5,39.75,-0.07812151290577646,411506586294337.8,1.828118545545852e+17,0.0,1.828118545545852e+17,143.43012472806728,-0.02928968817855629,0.02928968817855629,0.02775344216828608
nta_5e19,5e+19,0.0,tail,coupled_final,0.0,0.01,0.0,0.3,channel,0.00045000000000000004,4.05e-06,4.5,40.5,-0.0770743400741303,428517457902954.1,1.8521831556517747e+17,0.0,1.8521831556517747e+17,139.5459681491384,-0.02967524573873658,0.02967524573873658,0.0281417251705679
nta_5e19,5e+19,0.0,tail,coupled_final,0.0,0.01,0.0,0.3,channel,0.00045000000000000004,4.125e-06,4.5,41.25,-0.07584838494907807,449328182991567.3,1.8807583020068634e+17,0.0,1.8807583020068634e+17,135.1319507431625,-0.030133070056769115,0.030133070056769115,0.02860288373434779
nta_5e19,5e+19,0.0,tail,coupled_final,0.0,0.01,0.0,0.3,channel,0.00045000000000000004,4.2000000000000004e-06,4.5,42.00000000000001,-0.07444071782440156,474472915343821.9,1.9141118871520634e+17,0.0,1.9141118871520634e+17,130.23538270432928,-0.030667453404566804,0.030667453404566804,0.029141295712409775
nta_5e19,5e+19,0.0,tail,coupled_final,0.0,0.01,0.0,0.3,channel,0.00045000000000000004,4.2750000000000006e-06,4.5,42.75000000000001,-0.07284791820865474,504625603940884.6,1.9525643781360006e+17,0.0,1.9525643781360006e+17,124.90816326795343,-0.031283530230302406,0.031283530230302406,0.02976220353145763
nta_5e19,5e+19,0.0,tail,coupled_final,0.0,0.01,0.0,0.3,channel,0.00045000000000000004,4.350000000000001e-06,4.5,43.50000000000001,-0.07106604152041472,540634172331059.06,1.9964956150358474e+17,0.0,1.9964956150358474e+17,119.20601812614365,-0.03198738624293893,0.03198738624293893,0.03047182875278401
nta_5e19,5e+19,0.0,tail,coupled_final,0.0,0.01,0.0,0.3,channel,0.00045000000000000004,4.425e-06,4.5,44.25,-0.06909057956316325,583565747971598.4,2.0463531687488192e+17,0.0,2.0463531687488192e+17,113.1876853641029,-0.03278619231881217,0.03278619231881217,0.03127751322539245
nta_5e19,5e+19,0.0,tail,coupled_final,0.0,0.01,0.0,0.3,channel,0.00045000000000000004,4.5e-06,4.5,45.0,-0.06691641388306305,634766749305786.4,2.1026625757372557e+17,0.0,2.1026625757372557e+17,106.91406379451375,-0.03368836848032486,0.03368836848032486,0.03218789269170265
nta_5e19,5e+19,0.0,tail,coupled_final,0.0,0.01,0.0,0.3,channel,0.00045000000000000004,4.575e-06,4.5,45.75,-0.06453776090672532,695943175623536.2,2.1660398692884214e+17,0.0,2.1660398692884214e+17,100.44733831653335,-0.03470378466886323,0.03470378466886323,0.033213110424320805
nta_5e19,5e+19,0.0,tail,coupled_final,0.0,0.01,0.0,0.3,channel,0.00045000000000000004,4.65e-06,4.5,46.50000000000001,-0.06194810750174921,769268665993015.0,2.2372069463243504e+17,0.0,2.2372069463243504e+17,93.85009713955762,-0.03584400694823366,0.03584400694823366,0.0343650807424259
nta_5e19,5e+19,0.0,tail,coupled_final,0.0,0.01,0.0,0.3,channel,0.00045000000000000004,4.7250000000000005e-06,4.5,47.25000000000001,-0.0591401352859336,857531140706005.9,2.3170104654512874e+17,0.0,2.3170104654512874e+17,87.18445522048054,-0.037122600284795165,0.037122600284795165,0.03565781528645182
nta_5e19,5e+19,0.0,tail,coupled_final,0.0,0.01,0.0,0.3,channel,0.00045000000000000004,4.8e-06,4.5,48.0,-0.05610563161236213,964333642670855.1,2.4064451786546563e+17,0.0,2.4064451786546563e+17,80.51119716044538,-0.03855550236242446,0.03855550236242446,0.03710782901139119
nta_5e19,5e+19,0.0,tail,coupled_final,0.0,0.01,0.0,0.3,channel,0.00045000000000000004,4.875e-06,4.5,48.75,-0.052835384651115855,1094372192471082.9,2.506682873343847e+17,0.0,2.506682873343847e+17,73.88895167417581,-0.040161487285194926,0.040161487285194926,0.03873464840676258
nta_5e19,5e+19,0.0,tail,coupled_final,0.0,0.01,0.0,0.3,channel,0.00045000000000000004,4.95e-06,4.5,49.5,-0.04931905933893026,1253824392818629.2,2.6191084680094413e+17,0.0,2.6191084680094413e+17,67.37340957921153,-0.04196274389356263,0.04196274389356263,0.04056145207409395
nta_5e19,5e+19,0.0,tail,coupled_final,0.0,0.01,0.0,0.3,channel,0.00045000000000000004,5.025e-06,4.5,50.25,-0.04554505012725449,1450899326274301.0,2.7453653000676067e+17,0.0,2.7453653000676067e+17,61.016598748452,-0.04398560135562718,0.04398560135562718,0.04261588442151148
nta_5e19,5e+19,0.0,tail,coupled_final,0.0,0.01,0.0,0.3,channel,0.00045000000000000004,5.1e-06,4.5,51.0,-0.04150030535937196,1696625540963710.2,2.8874123241829165e+17,0.0,2.8874123241829165e+17,54.86623175097564,-0.04626144558529502,0.04626144558529502,0.044931098331132985
nta_5e19,5e+19,0.0,tail,coupled_final,0.0,0.01,0.0,0.3,channel,0.00045000000000000004,5.1750000000000004e-06,4.5,51.75000000000001,-0.03717011665259309,2005995568271475.8,3.047596887151516e+17,0.0,3.047596887151516e+17,48.965141908523904,-0.04882788522445294,0.04882788522445294,0.04754710451319215
nta_5e19,5e+19,0.0,tail,coupled_final,0.0,0.01,0.0,0.3,channel,0.00045000000000000004,5.2500000000000006e-06,4.5,52.50000000000001,-0.03253786471317357,2399652620987526.0,3.228748080512293e+17,0.0,3.228748080512293e+17,43.350818008868124,-0.051730247316691465,0.051730247316691465,0.05051253741859777
nta_5e19,5e+19,0.0,tail,coupled_final,0.0,0.01,0.0,0.3,channel,0.00045000000000000004,5.325e-06,4.5,53.25,-0.027584710365246193,2906415544568581.5,3.434297556541425e+17,0.0,3.434297556541425e+17,38.0550384817988,-0.05502351299293965,0.05502351299293965,0.05388699546635987
nta_5e19,5e+19,0.0,tail,coupled_final,0.0,0.01,0.0,0.3,channel,0.00045000000000000004,5.4e-06,4.5,54.0,-0.022289215926474277,3567123115484352.0,3.668437356465222e+17,0.0,3.668437356465222e+17,33.10360119948126,-0.058774846158213066,0.058774846158213066,0.0577441856548361
nta_5e19,5e+19,0.0,tail,coupled_final,0.0,0.01,0.0,0.3,channel,0.000475,3e-06,4.75,30.0,-0.075852038640626,444826401174524.6,1.8746541842595213e+17,0.0,1.8746541842595213e+17,136.05739682878345,-0.030035271308509352,0.030035271308509352,0.02850436372112417
nta_5e19,5e+19,0.0,tail,coupled_final,0.0,0.01,0.0,0.3,channel,0.000475,3.075e-06,4.75,30.750000000000004,-0.07705098027655778,424667692536119.6,1.8467945247404525e+17,0.0,1.8467945247404525e+17,140.40213067908851,-0.029588910353382878,0.029588910353382878,0.028054772984802485
nta_5e19,5e+19,0.0,tail,coupled_final,0.0,0.01,0.0,0.3,channel,0.000475,3.1500000000000003e-06,4.75,31.500000000000004,-0.07807169201942826,408227276692851.94,1.823402268853653e+17,0.0,1.823402268853653e+17,144.21001050020888,-0.02921412509539909,0.02921412509539909,0.027677353681806963
nta_5e19,5e+19,0.0,tail,coupled_final,0.0,0.01,0.0,0.3,channel,0.000475,3.225e-06,4.75,32.25,-0.07891657158619936,395101490190571.0,1.8042635374652637e+17,0.0,1.8042635374652637e+17,147.4398256532492,-0.02890748881305029,0.02890748881305029,0.02736861441661448
nta_5e19,5e+19,0.0,tail,coupled_final,0.0,0.01,0.0,0.3,channel,0.000475,3.3e-06,4.75,33.0,-0.07958758037463132,384978269604914.8,1.7892064006518653e+17,0.0,1.7892064006518653e+17,150.0563592789658,-0.02866624688527661,0.02866624688527661,0.027125750570092484
nta_5e19,5e+19,0.0,tail,coupled_final,0.0,0.01,0.0,0.3,channel,0.000475,3.3750000000000003e-06,4.75,33.75,-0.08008626128082053,377623267273061.5,1.7780975292263597e+17,0.0,1.7780975292263597e+17,152.03091109801082,-0.028488263142996052,0.028488263142996052,0.026946588426524018
nta_5e19,5e+19,0.0,tail,coupled_final,0.0,0.01,0.0,0.3,channel,0.000475,3.45e-06,4.75,34.5,-0.08041375250865476,372869735740068.0,1.7708396472665197e+17,0.0,1.7708396472665197e+17,153.341724376109,-0.028371979054112196,0.028371979054112196,0.026829542737925045
nta_5e19,5e+19,0.0,tail,coupled_final,0.0,0.01,0.0,0.3,channel,0.000475,3.525e-06,4.75,35.25,-0.08057079764077632,370611501265507.5,1.767369701074621e+17,0.0,1.767369701074621e+17,153.97431011382977,-0.028316384387013224,0.028316384387013224,0.02677358626177515
nta_5e19,5e+19,0.0,tail,coupled_final,0.0,0.01,0.0,0.3,channel,0.000475,3.6000000000000003e-06,4.75,36.0,-0.08055775216457776,370798566926175.3,1.7676576848859885e+17,0.0,1.7676576848859885e+17,153.92166318647264,-0.028320998396348655,0.028320998396348655,0.026778230242333636
nta_5e19,5e+19,0.0,tail,coupled_final,0.0,0.01,0.0,0.3,channel,0.000475,3.6750000000000004e-06,4.75,36.75000000000001,-0.08037458657723105,373435063456033.8,1.7717060855535504e+17,0.0,1.7717060855535504e+17,153.18436691234888,-0.028385860925895033,0.028385860925895033,0.026843515185193588
nta_5e19,5e+19,0.0,tail,coupled_final,0.0,0.01,0.0,0.3,channel,0.000475,3.7500000000000005e-06,4.75,37.50000000000001,-0.08002088612835853,378579418023289.8,1.7795499284857062e+17,0.0,1.7795499284857062e+17,151.77058434367467,-0.028511533144561695,0.028511533144561695,0.026970011620328718
nta_5e19,5e+19,0.0,tail,coupled_final,0.0,0.01,0.0,0.3,channel,0.000475,3.825000000000001e-06,4.75,38.25000000000001,-0.07949584719549822,386346751597127.94,1.791257426300139e+17,0.0,1.791257426300139e+17,149.69593642219752,-0.028699107938970594,0.028699107938970594,0.027158830878773663
nta_5e19,5e+19,0.0,tail,coupled_final,0.0,0.01,0.0,0.3,channel,0.000475,3.9e-06,4.75,39.0,-0.0787982702239,396913656957853.8,1.806931250912785e+17,0.0,1.806931250912785e+17,146.983268986886,-0.02895023029456855,0.02895023029456855,0.027411646239257886
nta_5e19,5e+19,0.0,tail,coupled_final,0.0,0.01,0.0,0.3,channel,0.000475,3.975e-06,4.75,39.75,-0.07792654909630965,410525664421459.94,1.8267104700496973e+17,0.0,1.8267104700496973e+17,143.66231242914148,-0.029267128321967817,0.029267128321967817,0.02773072515068716
nta_5e19,5e+19,0.0,tail,coupled_final,0.0,0.01,0.0,0.3,channel,0.000475,4.05e-06,4.75,40.5,-0.07687865672803376,427507885278982.0,1.8507732114590774e+17,0.0,1.8507732114590774e+17,139.76923953172096,-0.029652655942328746,0.029652655942328746,0.028118973622793222
nta_5e19,5e+19,0.0,tail,coupled_final,0.0,0.01,0.0,0.3,channel,0.000475,4.125e-06,4.75,41.25,-0.07565212660527493,448279551483612.9,1.8793401435587056e+17,0.0,1.8793401435587056e+17,135.34612867865152,-0.030110348653479634,0.030110348653479634,0.02857999432176834
nta_5e19,5e+19,0.0,tail,coupled_final,0.0,0.01,0.0,0.3,channel,0.000475,4.2000000000000004e-06,4.75,42.00000000000001,-0.0742440298976599,473373467639119.9,1.912678891251128e+17,0.0,1.912678891251128e+17,130.44034117411454,-0.03064449427907584,0.03064449427907584,0.02911816043597654
nta_5e19,5e+19,0.0,tail,coupled_final,0.0,0.01,0.0,0.3,channel,0.000475,4.2750000000000006e-06,4.75,42.75000000000001,-0.07265094767569757,503461790146880.3,1.9511095418801114e+17,0.0,1.9511095418801114e+17,125.10382285927611,-0.031260221183747584,0.031260221183747584,0.0297387080213761
nta_5e19,5e+19,0.0,tail,coupled_final,0.0,0.01,0.0,0.3,channel,0.000475,4.350000000000001e-06,4.75,43.50000000000001,-0.07086893764650282,539390094368615.3,1.9950114409762106e+17,0.0,1.9950114409762106e+17,119.39234157138708,-0.03196360715294754,0.03196360715294754,0.03044785033952839
nta_5e19,5e+19,0.0,tail,coupled_final,0.0,0.01,0.0,0.3,channel,0.000475,4.425e-06,4.75,44.25,-0.06889349468140554,582222450472104.5,2.044831533430383e+17,0.0,2.044831533430383e+17,113.3646732353551,-0.03276181303328549,0.03276181303328549,0.031252918719879154
nta_5e19,5e+19,0.0,tail,coupled_final,0.0,0.01,0.0,0.3,channel,0.000475,4.5e-06,4.75,45.0,-0.06671950424055698,633301300434371.9,2.101094576908567e+17,0.0,2.101094576908567e+17,107.08175044946735,-0.03366324636947022,0.03366324636947022,0.032162535790053993
nta_5e19,5e+19,0.0,tail,coupled_final,0.0,0.01,0.0,0.3,channel,0.000475,4.575e-06,4.75,45.75,-0.06434118759401454,694327459182486.5,2.164415645909909e+17,0.0,2.164415645909909e+17,100.60578817834886,-0.03467776174140874,0.03467776174140874,0.03318682863055342
nta_5e19,5e+19,0.0,tail,coupled_final,0.0,0.01,0.0,0.3,channel,0.000475,4.65e-06,4.75,46.50000000000001,-0.06175203748514854,767467774051774.2,2.2355154639646765e+17,0.0,2.2355154639646765e+17,93.99940138422258,-0.03581690641309873,0.03581690641309873,0.03433769167259211
nta_5e19,5e+19,0.0,tail,coupled_final,0.0,0.01,0.0,0.3,channel,0.000475,4.7250000000000005e-06,4.75,47.25000000000001,-0.0589447425662007,855501208831026.0,2.315239257617278e+17,0.0,2.315239257617278e+17,87.32472893899691,-0.03709422240673909,0.03709422240673909,0.035629112177453875
nta_5e19,5e+19,0.0,tail,coupled_final,0.0,0.01,0.0,0.3,channel,0.000475,4.8e-06,4.75,48.0,-0.05591109853824815,962018899747139.4,2.404580031883476e+17,0.0,2.404580031883476e+17,80.64257705263363,-0.038525619416666795,0.038525619416666795,0.037077575202930924
nta_5e19,5e+19,0.0,tail,coupled_final,0.0,0.01,0.0,0.3,channel,0.000475,4.875e-06,4.75,48.75,-0.052641903422850765,1091700891714511.6,2.504707440260842e+17,0.0,2.504707440260842e+17,74.01159430386781,-0.04012983735791872,0.04012983735791872,0.038702570489920915
nta_5e19,5e+19,0.0,tail,coupled_final,0.0,0.01,0.0,0.3,channel,0.000475,4.95e-06,4.75,49.5,-0.04912683374516947,1250703129975728.2,2.6170037876729366e+17,0.0,2.6170037876729366e+17,67.48749016823515,-0.04192902319699076,0.04192902319699076,0.04052723129608254
nta_5e19,5e+19,0.0,tail,coupled_final,0.0,0.01,0.0,0.3,channel,0.000475,5.025e-06,4.75,50.25,-0.045354297570091705,1447205002776537.8,2.7431091982482893e+17,0.0,2.7431091982482893e+17,61.122310418386576,-0.043949454619438826,0.043949454619438826,0.042579145789444474
nta_5e19,5e+19,0.0,tail,coupled_final,0.0,0.01,0.0,0.3,channel,0.000475,5.1e-06,4.75,51.0,-0.04131125923664118,1692193840257715.5,2.884978656947461e+17,0.0,2.884978656947461e+17,54.96378507487101,-0.046222453937499235,0.046222453937499235,0.0448913966466052
nta_5e19,5e+19,0.0,tail,coupled_final,0.0,0.01,0.0,0.3,channel,0.000475,5.1750000000000004e-06,4.75,51.75000000000001,-0.03698302918618115,2000604192186684.5,3.0449545780681446e+17,0.0,3.0449545780681446e+17,49.05476465828302,-0.0487855507657211,0.0487855507657211,0.04750390626078149
nta_5e19,5e+19,0.0,tail,coupled_final,0.0,0.01,0.0,0.3,channel,0.000475,5.2500000000000006e-06,4.75,52.50000000000001,-0.032353010338404084,2392996524375972.5,3.225859883395218e+17,0.0,3.225859883395218e+17,43.43275508082104,-0.05168397329733782,0.05168397329733782,0.05046519697499767
nta_5e19,5e+19,0.0,tail,coupled_final,0.0,0.01,0.0,0.3,channel,0.000475,5.325e-06,4.75,53.25,-0.027402389832476597,2898069738050126.5,3.431118449778657e+17,0.0,3.431118449778657e+17,38.129552058545706,-0.054972578087216666,0.054972578087216666,0.053834723415017306
nta_5e19,5e+19,0.0,tail,coupled_final,0.0,0.01,0.0,0.3,channel,0.000475,5.4e-06,4.75,54.0,-0.022109761316200783,3556485789668237.0,3.6649124383602605e+17,0.0,3.6649124383602605e+17,33.17097112483631,-0.05871837074396774,0.05871837074396774,0.05768600595310369
nta_5e19,5e+19,0.0,tail,coupled_final,0.0,0.01,0.0,0.3,channel,0.0005,3e-06,5.0,30.0,-0.07567994880751008,443361985691841.9,1.8726595116090365e+17,0.0,1.8726595116090365e+17,136.36183506541605,-0.030003313129378498,0.030003313129378498,0.028472170916766428
nta_5e19,5e+19,0.0,tail,coupled_final,0.0,0.01,0.0,0.3,channel,0.0005,3.075e-06,5.0,30.750000000000004,-0.0768760671757312,423315868974681.7,1.8448944845300474e+17,0.0,1.8448944845300474e+17,140.7058621003038,-0.02955846835309516,0.02955846835309516,0.028024114398502428
nta_5e19,5e+19,0.0,tail,coupled_final,0.0,0.01,0.0,0.3,channel,0.0005,3.1500000000000003e-06,5.0,31.500000000000004,-0.07789415042264226,406969163479844.4,1.8215860455484128e+17,0.0,1.8215860455484128e+17,144.51200994882475,-0.029185025989981263,0.029185025989981263,0.027648053004429858
nta_5e19,5e+19,0.0,tail,coupled_final,0.0,0.01,0.0,0.3,channel,0.0005,3.225e-06,5.0,32.25,-0.0787365876385106,393921042937557.9,1.8025213230626064e+17,0.0,1.8025213230626064e+17,147.73912036915948,-0.02887957546097673,0.02887957546097673,0.027340511936040278
nta_5e19,5e+19,0.0,tail,coupled_final,0.0,0.01,0.0,0.3,channel,0.0005,3.3e-06,5.0,33.0,-0.07940533260904115,383861680238708.56,1.787529237895948e+17,0.0,1.787529237895948e+17,150.35203555405872,-0.028639375775487152,0.028639375775487152,0.027098700562963797
nta_5e19,5e+19,0.0,tail,coupled_final,0.0,0.01,0.0,0.3,channel,0.0005,3.3750000000000003e-06,5.0,33.75,-0.07990192154404464,376558480602511.56,1.776477175198837e+17,0.0,1.776477175198837e+17,152.32211957488985,-0.02846230220937901,0.02846230220937901,0.026920456895274596
nta_5e19,5e+19,0.0,tail,coupled_final,0.0,0.01,0.0,0.3,channel,0.0005,3.45e-06,5.0,34.5,-0.08022748681239984,371846053921994.56,1.7692684533808272e+17,0.0,1.7692684533808272e+17,153.62768399494098,-0.028346805752800793,0.028346805752800793,0.026804205424704686
nta_5e19,5e+19,0.0,tail,coupled_final,0.0,0.01,0.0,0.3,channel,0.0005,3.525e-06,5.0,35.25,-0.0803827669511409,369619253386715.2,1.7658405061393168e+17,0.0,1.7658405061393168e+17,154.2543107404865,-0.02829188398307147,0.02829188398307147,0.026748926882196742
nta_5e19,5e+19,0.0,tail,coupled_final,0.0,0.01,0.0,0.3,channel,0.0005,3.6000000000000003e-06,5.0,36.0,-0.08036811314079836,369828825708875.7,1.7661637183912733e+17,0.0,1.7661637183912733e+17,154.19506698133324,-0.028297062414250538,0.028297062414250538,0.026754138890563578
nta_5e19,5e+19,0.0,tail,coupled_final,0.0,0.01,0.0,0.3,channel,0.0005,3.6750000000000004e-06,5.0,36.75000000000001,-0.08018349226990577,372479394415818.56,1.7702408787012605e+17,0.0,1.7702408787012605e+17,153.4506085226339,-0.028362385724067875,0.028362385724067875,0.026819886868305824
nta_5e19,5e+19,0.0,tail,coupled_final,0.0,0.01,0.0,0.3,channel,0.0005,3.7500000000000005e-06,5.0,37.50000000000001,-0.07982848664645929,377629648591021.7,1.7781072307466426e+17,0.0,1.7781072307466426e+17,152.02917002277624,-0.02848841857848717,0.02848841857848717,0.026946744884414984
nta_5e19,5e+19,0.0,tail,coupled_final,0.0,0.01,0.0,0.3,channel,0.0005,3.825000000000001e-06,5.0,38.25000000000001,-0.07930229035089996,385394748965352.06,1.789831125457139e+17,0.0,1.789831125457139e+17,149.94644219684756,-0.0286762560801335,0.0286762560801335,0.02713582649229936
nta_5e19,5e+19,0.0,tail,coupled_final,0.0,0.01,0.0,0.3,channel,0.0005,3.9e-06,5.0,39.0,-0.07860370216179124,395951103838861.6,1.8055152946418694e+17,0.0,1.8055152946418694e+17,147.22533800682857,-0.028927544174048286,0.028927544174048286,0.027388805900725996
nta_5e19,5e+19,0.0,tail,coupled_final,0.0,0.01,0.0,0.3,channel,0.0005,3.975e-06,5.0,39.75,-0.0777311149196946,409543821534903.06,1.825298787108811e+17,0.0,1.825298787108811e+17,143.89565164391612,-0.02924451066774277,0.02924451066774277,0.027707950187889
nta_5e19,5e+19,0.0,tail,coupled_final,0.0,0.01,0.0,0.3,channel,0.0005,4.05e-06,5.0,40.5,-0.07668250112458957,426497328167444.1,1.8493596304937274e+17,0.0,1.8493596304937274e+17,139.9936158448931,-0.029630007878399235,0.029630007878399235,0.02809616364976457
nta_5e19,5e+19,0.0,tail,coupled_final,0.0,0.01,0.0,0.3,channel,0.0005,4.125e-06,5.0,41.25,-0.07545539448509621,447229867039728.9,1.8779183073910262e+17,0.0,1.8779183073910262e+17,135.56136473105204,-0.030087568326627314,0.030087568326627314,0.028557045816927112
nta_5e19,5e+19,0.0,tail,coupled_final,0.0,0.01,0.0,0.3,channel,0.0005,4.2000000000000004e-06,5.0,42.00000000000001,-0.07404686705092371,472272892260096.5,1.9112421642831187e+17,0.0,1.9112421642831187e+17,130.6463109041451,-0.03062147537530002,0.03062147537530002,0.02909496520058509
nta_5e19,5e+19,0.0,tail,coupled_final,0.0,0.01,0.0,0.3,channel,0.0005,4.2750000000000006e-06,5.0,42.75000000000001,-0.07245350146004198,502296766302535.1,1.949650907896255e+17,0.0,1.949650907896255e+17,125.30044698011599,-0.031236851290882658,0.031236851290882658,0.029715151471113026
nta_5e19,5e+19,0.0,tail,coupled_final,0.0,0.01,0.0,0.3,channel,0.0005,4.350000000000001e-06,5.0,43.50000000000001,-0.07067135771497257,538144714953396.2,1.9935233881504723e+17,0.0,1.9935233881504723e+17,119.57958309249494,-0.03193976591827199,0.03193976591827199,0.030423809573072884
nta_5e19,5e+19,0.0,tail,coupled_final,0.0,0.01,0.0,0.3,channel,0.0005,4.425e-06,5.0,44.25,-0.068695933763235,580877749670892.6,2.043305922692095e+17,0.0,2.043305922692095e+17,113.54253314033203,-0.03273737005451085,0.03273737005451085,0.031228260296284168
nta_5e19,5e+19,0.0,tail,coupled_final,0.0,0.01,0.0,0.3,channel,0.0005,4.5e-06,5.0,45.0,-0.06652211898891068,631834334554075.5,2.0995224889511296e+17,0.0,2.0995224889511296e+17,107.25026362644859,-0.03363805874355023,0.03363805874355023,0.03213711313028838
nta_5e19,5e+19,0.0,tail,coupled_final,0.0,0.01,0.0,0.3,channel,0.0005,4.575e-06,5.0,45.75,-0.06414413951719279,692710098851774.1,2.1627872009671517e+17,0.0,2.1627872009671517e+17,100.76501968554476,-0.03465167117703832,0.03465167117703832,0.03316047893648994
nta_5e19,5e+19,0.0,tail,coupled_final,0.0,0.01,0.0,0.3,channel,0.0005,4.65e-06,5.0,46.50000000000001,-0.06155549398083191,765665097114523.9,2.2338196069396538e+17,0.0,2.2338196069396538e+17,94.14944312408143,-0.03578973578809777,0.03578973578809777,0.034310232226904394
nta_5e19,5e+19,0.0,tail,coupled_final,0.0,0.01,0.0,0.3,channel,0.0005,4.7250000000000005e-06,5.0,47.25000000000001,-0.05874887808223966,853469336137559.9,2.3134634991032384e+17,0.0,2.3134634991032384e+17,87.4656968083479,-0.03706577161875088,0.03706577161875088,0.03560033584757039
nta_5e19,5e+19,0.0,tail,coupled_final,0.0,0.01,0.0,0.3,channel,0.0005,4.8e-06,5.0,48.0,-0.05571609588856091,959702046052159.2,2.4027101328987978e+17,0.0,2.4027101328987978e+17,80.77460862585643,-0.038495660332054885,0.038495660332054885,0.03704724491743356
nta_5e19,5e+19,0.0,tail,coupled_final,0.0,0.01,0.0,0.3,channel,0.0005,4.875e-06,5.0,48.75,-0.05244795529352048,1089027298642787.2,2.5027270248935206e+17,0.0,2.5027270248935206e+17,74.13484707942519,-0.040098107605647346,0.040098107605647346,0.03867041238081471
nta_5e19,5e+19,0.0,tail,coupled_final,0.0,0.01,0.0,0.3,channel,0.0005,4.95e-06,5.0,49.5,-0.04893414443430727,1247579387659616.2,2.6148938629477424e+17,0.0,2.6148938629477424e+17,67.60214035664903,-0.04189521847604871,0.04189521847604871,0.04049292609644554
nta_5e19,5e+19,0.0,tail,coupled_final,0.0,0.01,0.0,0.3,channel,0.0005,5.025e-06,5.0,50.25,-0.045163085016115836,1443508018959905.8,2.7408475538572733e+17,0.0,2.7408475538572733e+17,61.22855218090006,-0.04391321908146179,0.04391321908146179,0.04254231792935871
nta_5e19,5e+19,0.0,tail,coupled_final,0.0,0.01,0.0,0.3,channel,0.0005,5.1e-06,5.0,51.0,-0.04112175740424486,1687759326842881.8,2.882539108209921e+17,0.0,2.882539108209921e+17,55.06183007422211,-0.04618336805765133,0.04618336805765133,0.04485160027937966
nta_5e19,5e+19,0.0,tail,coupled_final,0.0,0.01,0.0,0.3,channel,0.0005,5.1750000000000004e-06,5.0,51.75000000000001,-0.03679549089876358,1995209919119395.5,3.042306002439546e+17,0.0,3.042306002439546e+17,49.14484180547805,-0.04874311590586588,0.04874311590586588,0.047460607143099694
nta_5e19,5e+19,0.0,tail,coupled_final,0.0,0.01,0.0,0.3,channel,0.0005,5.2500000000000006e-06,5.0,52.50000000000001,-0.03216771067207866,2386337584417483.0,3.2229649824498675e+17,0.0,3.2229649824498675e+17,43.51511045879471,-0.05163759187081397,0.05163759187081397,0.05041774866867294
nta_5e19,5e+19,0.0,tail,coupled_final,0.0,0.01,0.0,0.3,channel,0.0005,5.325e-06,5.0,53.25,-0.027219630222844883,2889721401724963.5,3.427932142726408e+17,0.0,3.427932142726408e+17,38.204449081229775,-0.05492152782013803,0.05492152782013803,0.05378233559699938
nta_5e19,5e+19,0.0,tail,coupled_final,0.0,0.01,0.0,0.3,channel,0.0005,5.4e-06,5.0,54.0,-0.021929874579216295,3545846720878795.5,3.661379756563085e+17,0.0,3.661379756563085e+17,33.238690911260036,-0.05866177094165982,0.05866177094165982,0.05762770158405357
nta_5e19,5e+19,0.0,tail,coupled_final,0.0,0.01,0.0,0.3,channel,0.0005250000000000001,3e-06,5.250000000000001,30.0,-0.0755074446426678,441897848598989.8,1.870660748825029e+17,0.0,1.870660748825029e+17,136.66790582066912,-0.029971289419084043,0.029971289419084043,0.02843991262584806
nta_5e19,5e+19,0.0,tail,coupled_final,0.0,0.01,0.0,0.3,channel,0.0005250000000000001,3.075e-06,5.250000000000001,30.750000000000004,-0.07670073290755632,421964122474324.7,1.84299043606416e+17,0.0,1.84299043606416e+17,141.01120690718272,-0.029527962133474677,0.029527962133474677,0.027993391605216147
nta_5e19,5e+19,0.0,tail,coupled_final,0.0,0.01,0.0,0.3,channel,0.0005250000000000001,3.1500000000000003e-06,5.250000000000001,31.500000000000004,-0.07771618123078844,405710965163406.06,1.8197658896450448e+17,0.0,1.8197658896450448e+17,144.8155995968369,-0.029155863877395133,0.029155863877395133,0.027618689306249368
nta_5e19,5e+19,0.0,tail,coupled_final,0.0,0.01,0.0,0.3,channel,0.0005250000000000001,3.225e-06,5.250000000000001,32.25,-0.07855617006840118,392740378287391.94,1.8007752449218768e+17,0.0,1.8007752449218768e+17,148.03997836907013,-0.02885160020499458,0.02885160020499458,0.027312347516726617
nta_5e19,5e+19,0.0,tail,coupled_final,0.0,0.01,0.0,0.3,channel,0.0005250000000000001,3.3e-06,5.250000000000001,33.0,-0.07922264558716988,382744763902162.3,1.7858482730108915e+17,0.0,1.7858482730108915e+17,150.6492448011048,-0.02861244374887303,0.02861244374887303,0.02707158958662402
nta_5e19,5e+19,0.0,tail,coupled_final,0.0,0.01,0.0,0.3,channel,0.0005250000000000001,3.3750000000000003e-06,5.250000000000001,33.75,-0.07971713730446034,375493274553587.75,1.7748530730294518e+17,0.0,1.7748530730294518e+17,152.61482765113482,-0.02843628122390883,0.02843628122390883,0.026894265244980224
nta_5e19,5e+19,0.0,tail,coupled_final,0.0,0.01,0.0,0.3,channel,0.0005250000000000001,3.45e-06,5.250000000000001,34.5,-0.08004077174874119,370821873118116.7,1.7676935574002512e+17,0.0,1.7676935574002512e+17,153.9151071154873,-0.0283215731373902,0.0283215731373902,0.026778808717438797
nta_5e19,5e+19,0.0,tail,coupled_final,0.0,0.01,0.0,0.3,channel,0.0005250000000000001,3.525e-06,5.250000000000001,35.25,-0.08019428240683264,368626436241174.5,1.764307646923702e+17,0.0,1.764307646923702e+17,154.53573637711338,-0.028267324870886772,0.028267324870886772,0.026724208703168804
nta_5e19,5e+19,0.0,tail,coupled_final,0.0,0.01,0.0,0.3,channel,0.0005250000000000001,3.6000000000000003e-06,5.250000000000001,36.0,-0.08017801614862576,368858451461206.3,1.7646661169118934e+17,0.0,1.7646661169118934e+17,154.46985522333893,-0.028273068193277476,0.028273068193277476,0.026729989198495934
nta_5e19,5e+19,0.0,tail,coupled_final,0.0,0.01,0.0,0.3,channel,0.0005250000000000001,3.6750000000000004e-06,5.250000000000001,36.75000000000001,-0.0799919362510987,371523032783699.6,1.768772057342345e+17,0.0,1.768772057342345e+17,153.71819225818373,-0.02833885261146013,0.02833885261146013,0.026796200529672017
nta_5e19,5e+19,0.0,tail,coupled_final,0.0,0.01,0.0,0.3,channel,0.0005250000000000001,3.7500000000000005e-06,5.250000000000001,37.50000000000001,-0.07963562207859777,376679129254850.06,1.7766609298349734e+17,0.0,1.7766609298349734e+17,152.2890540446672,-0.028465246283223077,0.028465246283223077,0.026923420299163836
nta_5e19,5e+19,0.0,tail,coupled_final,0.0,0.01,0.0,0.3,channel,0.0005250000000000001,3.825000000000001e-06,5.250000000000001,38.25000000000001,-0.07910826541337168,384441939675293.06,1.7884012232632026e+17,0.0,1.7884012232632026e+17,150.19820135399073,-0.028653346521293203,0.028653346521293203,0.027112764276580943
nta_5e19,5e+19,0.0,tail,coupled_final,0.0,0.01,0.0,0.3,channel,0.0005250000000000001,3.9e-06,5.250000000000001,39.0,-0.07840866336716984,394987686353093.7,1.8040957289055926e+17,0.0,1.8040957289055926e+17,147.46861453658312,-0.028904800223517386,0.028904800223517386,0.027365907593696653
nta_5e19,5e+19,0.0,tail,coupled_final,0.0,0.01,0.0,0.3,channel,0.0005250000000000001,3.975e-06,5.250000000000001,39.75,-0.07753520773925407,408561054223115.06,1.8238834761595027e+17,0.0,1.8238834761595027e+17,144.13015183034963,-0.02922183488641451,0.02922183488641451,0.027685116949878377
nta_5e19,5e+19,0.0,tail,coupled_final,0.0,0.01,0.0,0.3,channel,0.0005250000000000001,4.05e-06,5.250000000000001,40.5,-0.07648587061622536,425485782890441.06,1.8479423919731216e+17,0.0,1.8479423919731216e+17,140.2191061537707,-0.029607301213974042,0.029607301213974042,0.02807329491791867
nta_5e19,5e+19,0.0,tail,coupled_final,0.0,0.01,0.0,0.3,channel,0.0005250000000000001,4.125e-06,5.250000000000001,41.25,-0.07525818593219358,446179125698931.8,1.8764927724450128e+17,0.0,1.8764927724450128e+17,135.77766757356846,-0.030064728738812784,0.030064728738812784,0.028534037881790122
nta_5e19,5e+19,0.0,tail,coupled_final,0.0,0.01,0.0,0.3,channel,0.0005250000000000001,4.2000000000000004e-06,5.250000000000001,42.00000000000001,-0.07384922662121622,471171184942152.2,1.9098016848515187e+17,0.0,1.9098016848515187e+17,130.8533001778871,-0.03059839635042935,0.03059839635042935,0.02907170966274219
nta_5e19,5e+19,0.0,tail,coupled_final,0.0,0.01,0.0,0.3,channel,0.0005250000000000001,4.2750000000000006e-06,5.250000000000001,42.75000000000001,-0.0722555768942649,501130527815300.5,1.9481884543839494e+17,0.0,1.9481884543839494e+17,125.4980435274788,-0.031213420202425384,0.031213420202425384,0.02969153353065036
nta_5e19,5e+19,0.0,tail,coupled_final,0.0,0.01,0.0,0.3,channel,0.0005250000000000001,4.350000000000001e-06,5.250000000000001,43.50000000000001,-0.07047329905617823,536898029136826.25,1.9920314342824893e+17,0.0,1.9920314342824893e+17,119.76775020426949,-0.031915862182009105,0.031915862182009105,0.030399706095721474
nta_5e19,5e+19,0.0,tail,coupled_final,0.0,0.01,0.0,0.3,channel,0.0005250000000000001,4.425e-06,5.250000000000001,44.25,-0.06849789413905572,579531640231724.5,2.041776313704268e+17,0.0,2.041776313704268e+17,113.7212722167521,-0.032712863016716325,0.032712863016716325,0.031203537587980616
nta_5e19,5e+19,0.0,tail,coupled_final,0.0,0.01,0.0,0.3,channel,0.0005250000000000001,4.5e-06,5.250000000000001,45.0,-0.06632425546090714,630365845906227.9,2.0979462883967725e+17,0.0,2.0979462883967725e+17,107.41961009197281,-0.03361280522656334,0.03361280522656334,0.0321116243354816
nta_5e19,5e+19,0.0,tail,coupled_final,0.0,0.01,0.0,0.3,channel,0.0005250000000000001,4.575e-06,5.250000000000001,45.75,-0.06394661401381656,691091088413224.6,2.161154510260497e+17,0.0,2.161154510260497e+17,100.92503923998244,-0.034625512588030816,0.034625512588030816,0.03313406095341294
nta_5e19,5e+19,0.0,tail,coupled_final,0.0,0.01,0.0,0.3,channel,0.0005250000000000001,4.65e-06,5.250000000000001,46.50000000000001,-0.061358474333598825,763860628465680.8,2.2321193502159677e+17,0.0,2.2321193502159677e+17,94.30022840347729,-0.03576249467215286,0.03576249467215286,0.03428270200320889
nta_5e19,5e+19,0.0,tail,coupled_final,0.0,0.01,0.0,0.3,channel,0.0005250000000000001,4.7250000000000005e-06,5.250000000000001,47.25000000000001,-0.05855253918864783,851435515376395.0,2.3116831639295386e+17,0.0,2.3116831639295386e+17,87.6073645230001,-0.03703724750459098,0.03703724750459098,0.03557148587940036
nta_5e19,5e+19,0.0,tail,coupled_final,0.0,0.01,0.0,0.3,channel,0.0005250000000000001,4.8e-06,5.250000000000001,48.0,-0.05552062103034737,957383073772661.5,2.4008354546501037e+17,0.0,2.4008354546501037e+17,80.9072972327717,-0.03846562467519162,0.03846562467519162,0.03701683772025019
nta_5e19,5e+19,0.0,tail,coupled_final,0.0,0.01,0.0,0.3,channel,0.0005250000000000001,4.875e-06,5.250000000000001,48.75,-0.05225353764538282,1086351404860650.9,2.5007415989823437e+17,0.0,2.5007415989823437e+17,74.25871502011216,-0.04006629757561309,0.04006629757561309,0.03863817362533117
nta_5e19,5e+19,0.0,tail,coupled_final,0.0,0.01,0.0,0.3,channel,0.0005250000000000001,4.95e-06,5.250000000000001,49.5,-0.048740988806697305,1244453156898007.8,2.6127786642117322e+17,0.0,2.6127786642117322e+17,67.71736483901854,-0.04186132925613769,0.04186132925613769,0.040458535999146644
nta_5e19,5e+19,0.0,tail,coupled_final,0.0,0.01,0.0,0.3,channel,0.0005250000000000001,5.025e-06,5.250000000000001,50.25,-0.04497140988680058,1439808365319446.2,2.738580335738712e+17,0.0,2.738580335738712e+17,61.335328414791924,-0.04387689424252439,0.04387689424252439,0.04250540034055965
nta_5e19,5e+19,0.0,tail,coupled_final,0.0,0.01,0.0,0.3,channel,0.0005250000000000001,5.1e-06,5.250000000000001,51.0,-0.04093179730795761,1683321990790777.8,2.880093645089595e+17,0.0,2.880093645089595e+17,55.16037082123139,-0.046144187418944375,0.046144187418944375,0.04481170870105871
nta_5e19,5e+19,0.0,tail,coupled_final,0.0,0.01,0.0,0.3,channel,0.0005250000000000001,5.1750000000000004e-06,5.250000000000001,51.75000000000001,-0.036607499263772776,1989812738930931.2,3.0396511254463366e+17,0.0,3.0396511254463366e+17,49.235377125146144,-0.04870058008701923,0.04870058008701923,0.0474172066006543
nta_5e19,5e+19,0.0,tail,coupled_final,0.0,0.01,0.0,0.3,channel,0.0005250000000000001,5.2500000000000006e-06,5.250000000000001,52.50000000000001,-0.03198196321884195,2379675791140105.5,3.220063340678821e+17,0.0,3.220063340678821e+17,43.597887630376576,-0.051591102444355885,0.051591102444355885,0.050370191905261895
nta_5e19,5e+19,0.0,tail,coupled_final,0.0,0.01,0.0,0.3,channel,0.0005250000000000001,5.325e-06,5.250000000000001,53.25,-0.027036429075983845,2881370526418510.5,3.424738595941488e+17,0.0,3.424738595941488e+17,38.279732759965654,-0.05487036155975419,0.05487036155975419,0.05372983137888659
nta_5e19,5e+19,0.0,tail,coupled_final,0.0,0.01,0.0,0.3,channel,0.0005250000000000001,5.4e-06,5.250000000000001,54.0,-0.02174955329416584,3535205901756008.0,3.6578392688859085e+17,0.0,3.6578392688859085e+17,33.306763501576974,-0.05860504607536646,0.05860504607536646,0.057569271870583694
nta_5e19,5e+19,0.0,tail,coupled_final,0.0,0.01,0.0,0.3,channel,0.0005499999999999999,3e-06,5.499999999999999,30.0,-0.07533452381988737,440433990240768.25,1.8686578740788768e+17,0.0,1.8686578740788768e+17,136.97562308625066,-0.029939199827892903,0.029939199827892903,0.028407588498691218
nta_5e19,5e+19,0.0,tail,coupled_final,0.0,0.01,0.0,0.3,channel,0.0005499999999999999,3.075e-06,5.499999999999999,30.750000000000004,-0.07652497510738648,420612452954996.4,1.841082357798699e+17,0.0,1.841082357798699e+17,141.3181788585921,-0.02949739134934703,0.02949739134934703,0.027962604259756423
nta_5e19,5e+19,0.0,tail,coupled_final,0.0,0.01,0.0,0.3,channel,0.0005499999999999999,3.1500000000000003e-06,5.499999999999999,31.500000000000004,-0.07753778204297825,404452681277646.25,1.817941779858801e+17,0.0,1.817941779858801e+17,145.1207929430489,-0.029126638416621425,0.029126638416621425,0.027589262246171593
nta_5e19,5e+19,0.0,tail,coupled_final,0.0,0.01,0.0,0.3,channel,0.0005499999999999999,3.225e-06,5.499999999999999,32.25,-0.07837531644090762,391559495423485.7,1.799025281989838e+17,0.0,1.799025281989838e+17,148.34241286717312,-0.028823562707793793,0.028823562707793793,0.02728412082123263
nta_5e19,5e+19,0.0,tail,coupled_final,0.0,0.01,0.0,0.3,channel,0.0005499999999999999,3.3e-06,5.499999999999999,33.0,-0.07903951684212286,381627519458415.06,1.7841634851447728e+17,0.0,1.7841634851447728e+17,150.94799992779159,-0.02858545047134961,0.02858545047134961,0.027044417306806373
nta_5e19,5e+19,0.0,tail,coupled_final,0.0,0.01,0.0,0.3,channel,0.0005499999999999999,3.3750000000000003e-06,5.499999999999999,33.75,-0.0795319060653653,374427647694565.4,1.7732252020352326e+17,0.0,1.7732252020352326e+17,152.90904790864923,-0.028410199855207787,0.028410199855207787,0.026868013144033767
nta_5e19,5e+19,0.0,tail,coupled_final,0.0,0.01,0.0,0.3,channel,0.0005499999999999999,3.45e-06,5.499999999999999,34.5,-0.07985360479327558,369797191622254.0,1.7661149387763667e+17,0.0,1.7661149387763667e+17,154.20400597713927,-0.02829628087865835,0.02829628087865835,0.02675335228663195
nta_5e19,5e+19,0.0,tail,coupled_final,0.0,0.01,0.0,0.3,channel,0.0005499999999999999,3.525e-06,5.499999999999999,35.25,-0.0800053414578406,367633047863820.8,1.7627711029774947e+17,0.0,1.7627711029774947e+17,154.81859890632967,-0.028242706722809496,0.028242706722809496,0.026699431396726855
nta_5e19,5e+19,0.0,tail,coupled_final,0.0,0.01,0.0,0.3,channel,0.0005499999999999999,3.6000000000000003e-06,5.499999999999999,36.0,-0.07998745861452486,367887441970181.6,1.7631648600573e+17,0.0,1.7631648600573e+17,154.74603942644563,-0.028249015406736855,0.028249015406736855,0.02670578083908352
nta_5e19,5e+19,0.0,tail,coupled_final,0.0,0.01,0.0,0.3,channel,0.0005499999999999999,3.6750000000000004e-06,5.499999999999999,36.75000000000001,-0.07979991592582833,370565976105358.9,1.767299601105487e+17,0.0,1.767299601105487e+17,153.98712925465324,-0.028315261261687315,0.028315261261687315,0.026772455842514455
nta_5e19,5e+19,0.0,tail,coupled_final,0.0,0.01,0.0,0.3,channel,0.0005499999999999999,3.7500000000000005e-06,5.499999999999999,37.50000000000001,-0.07944228981042199,375727857321547.9,1.7752110053558995e+17,0.0,1.7752110053558995e+17,152.5502471591898,-0.028442015932008707,0.028442015932008707,0.026900037537383053
nta_5e19,5e+19,0.0,tail,coupled_final,0.0,0.01,0.0,0.3,channel,0.0005499999999999999,3.825000000000001e-06,5.499999999999999,38.25000000000001,-0.07891376975126958,383488320793240.56,1.7869676992549254e+17,0.0,1.7869676992549254e+17,150.4512242521341,-0.028630378934589806,0.028630378934589806,0.02708964390328849
nta_5e19,5e+19,0.0,tail,coupled_final,0.0,0.01,0.0,0.3,channel,0.0005499999999999999,3.9e-06,5.499999999999999,39.0,-0.07821315119318603,394023401320901.7,1.802672533124172e+17,0.0,1.802672533124172e+17,147.71310853964377,-0.028881998113251393,0.028881998113251393,0.02734295098793595
nta_5e19,5e+19,0.0,tail,coupled_final,0.0,0.01,0.0,0.3,channel,0.0005499999999999999,3.975e-06,5.499999999999999,39.75,-0.0773388248950303,407577359051243.1,1.8224645164548963e+17,0.0,1.8224645164548963e+17,144.36582255494218,-0.02919910064558143,0.02919910064558143,0.027662225103703364
nta_5e19,5e+19,0.0,tail,coupled_final,0.0,0.01,0.0,0.3,channel,0.0005499999999999999,4.05e-06,5.499999999999999,40.5,-0.0762887625319906,424473245744861.8,1.8465214749292582e+17,0.0,1.8465214749292582e+17,140.44571962742555,-0.029584535613108743,0.029584535613108743,0.028050367090717798
nta_5e19,5e+19,0.0,tail,coupled_final,0.0,0.01,0.0,0.3,channel,0.0005499999999999999,4.125e-06,5.499999999999999,41.25,-0.07506049826676174,445127323473003.6,1.8750635174737725e+17,0.0,1.8750635174737725e+17,135.99504597880787,-0.030041829549623287,0.030041829549623287,0.028510970175305628
nta_5e19,5e+19,0.0,tail,coupled_final,0.0,0.01,0.0,0.3,channel,0.0005499999999999999,4.2000000000000004e-06,5.499999999999999,42.00000000000001,-0.073651105922044,470068341391295.7,1.9083574313685485e+17,0.0,1.9083574313685485e+17,131.0613173737,-0.03057525685858947,0.03057525685858947,0.029048393475885496
nta_5e19,5e+19,0.0,tail,coupled_final,0.0,0.01,0.0,0.3,channel,0.0005499999999999999,4.2750000000000006e-06,5.499999999999999,42.75000000000001,-0.07205717128738649,499963070060923.5,1.94672215934772e+17,0.0,1.94672215934772e+17,125.69662048880963,-0.031189927565969413,0.031189927565969413,0.029667853846840866
nta_5e19,5e+19,0.0,tail,coupled_final,0.0,0.01,0.0,0.3,channel,0.0005499999999999999,4.350000000000001e-06,5.499999999999999,43.50000000000001,-0.0702747589768971,535650031936137.1,1.9905355568968166e+17,0.0,1.9905355568968166e+17,119.95685050756161,-0.03189189558406257,0.03189189558406257,0.03037553954657951
nta_5e19,5e+19,0.0,tail,coupled_final,0.0,0.01,0.0,0.3,channel,0.0005499999999999999,4.425e-06,5.499999999999999,44.25,-0.0682993731156948,578184116781486.0,2.0402426834329702e+17,0.0,2.0402426834329702e+17,113.90089768406419,-0.03268829155085764,0.03268829155085764,0.031178750225063355
nta_5e19,5e+19,0.0,tail,coupled_final,0.0,0.01,0.0,0.3,channel,0.0005499999999999999,4.5e-06,5.499999999999999,45.0,-0.06612591096577332,628895828692390.9,2.09636595156744e+17,0.0,2.09636595156744e+17,107.58979669004559,-0.033587485439145276,0.033587485439145276,0.03208606902534038
nta_5e19,5e+19,0.0,tail,coupled_final,0.0,0.01,0.0,0.3,channel,0.0005499999999999999,4.575e-06,5.499999999999999,45.75,-0.06374860839792862,689470421605782.1,2.1595175493740102e+17,0.0,2.1595175493740102e+17,101.08585331685877,-0.0345992855831998,0.0345992855831998,0.0331075742891329
nta_5e19,5e+19,0.0,tail,coupled_final,0.0,0.01,0.0,0.3,channel,0.0005499999999999999,4.65e-06,5.499999999999999,46.50000000000001,-0.061160975864799405,762054361343451.4,2.2304146685367866e+17,0.0,2.2304146685367866e+17,94.45176333602392,-0.03573518266060494,0.03573518266060494,0.03425510059576317
nta_5e19,5e+19,0.0,tail,coupled_final,0.0,0.01,0.0,0.3,channel,0.0005499999999999999,4.7250000000000005e-06,5.499999999999999,47.25000000000001,-0.05835572321666037,849399739248581.0,2.309898225884882e+17,0.0,2.309898225884882e+17,87.7497378427207,-0.03700864964430812,0.03700864964430812,0.03554256185182309
nta_5e19,5e+19,0.0,tail,coupled_final,0.0,0.01,0.0,0.3,channel,0.0005499999999999999,4.8e-06,5.499999999999999,48.0,-0.055324671307403026,955061975041976.2,2.398955969846053e+17,0.0,2.398955969846053e+17,81.04064828746695,-0.038435512008821546,0.038435512008821546,0.036986353172864965
nta_5e19,5e+19,0.0,tail,coupled_final,0.0,0.01,0.0,0.3,channel,0.0005499999999999999,4.875e-06,5.499999999999999,48.75,-0.05205864783757952,1083673201915678.9,2.49875113401668e+17,0.0,2.49875113401668e+17,74.38320320285447,-0.04003440681102527,0.04003440681102527,0.038605853765325396
nta_5e19,5e+19,0.0,tail,coupled_final,0.0,0.01,0.0,0.3,channel,0.0005499999999999999,4.95e-06,5.499999999999999,49.5,-0.04854736423973811,1241324428657788.2,2.6106581615801936e+17,0.0,2.6106581615801936e+17,67.83316836390689,-0.04182735505845182,0.04182735505845182,0.040424060523932714
nta_5e19,5e+19,0.0,tail,coupled_final,0.0,0.01,0.0,0.3,channel,0.0005499999999999999,5.025e-06,5.499999999999999,50.25,-0.04477926958085227,1436106032286030.8,2.7363075124613146e+17,0.0,2.7363075124613146e+17,61.44264354930213,-0.04384047959904182,0.04384047959904182,0.042468392517929325
nta_5e19,5e+19,0.0,tail,coupled_final,0.0,0.01,0.0,0.3,channel,0.0005499999999999999,5.1e-06,5.499999999999999,51.0,-0.04074137637100256,1678881822106167.5,2.8776422344159667e+17,0.0,2.8776422344159667e+17,55.25941143509179,-0.046104911489928124,0.046104911489928124,0.04477172137859071
nta_5e19,5e+19,0.0,tail,coupled_final,0.0,0.01,0.0,0.3,channel,0.0005499999999999999,5.1750000000000004e-06,5.499999999999999,51.75000000000001,-0.0364190517323351,1984412641414468.0,3.036989911963259e+17,0.0,3.036989911963259e+17,49.3263744359737,-0.048657942746412504,0.048657942746412504,0.04737370406904135
nta_5e19,5e+19,0.0,tail,coupled_final,0.0,0.01,0.0,0.3,channel,0.0005499999999999999,5.2500000000000006e-06,5.499999999999999,52.50000000000001,-0.03179576546130912,2373011134504584.5,3.217154920760847e+17,0.0,3.217154920760847e+17,43.68109012357277,-0.051544504420011496,0.051544504420011496,0.050322526085204
nta_5e19,5e+19,0.0,tail,coupled_final,0.0,0.01,0.0,0.3,channel,0.0005499999999999999,5.325e-06,5.499999999999999,53.25,-0.026852783909806475,2873017102893248.5,3.42153776963689e+17,0.0,3.42153776963689e+17,38.355406342169786,-0.054819078668606996,0.054819078668606996,0.053677210121740794
nta_5e19,5e+19,0.0,tail,coupled_final,0.0,0.01,0.0,0.3,channel,0.0005499999999999999,5.4e-06,5.499999999999999,54.0,-0.02156879501831934,3524563324886774.5,3.654290932774799e+17,0.0,3.654290932774799e+17,33.37519187291236,-0.058548195463298466,0.058548195463298466,0.057510716129717164
nta_5e19,5e+19,0.0,tail,coupled_final,0.0,0.01,0.0,0.3,channel,0.000575,3e-06,5.75,30.0,-0.07516118399237023,438970410962918.3,1.8666508653541485e+17,0.0,1.8666508653541485e+17,137.2850010191519,-0.029907044003062967,0.029907044003062967,0.028375198182609182
nta_5e19,5e+19,0.0,tail,coupled_final,0.0,0.01,0.0,0.3,channel,0.000575,3.075e-06,5.75,30.750000000000004,-0.07634879138964791,419260860335215.75,1.839170228003499e+17,0.0,1.839170228003499e+17,141.6267918754042,-0.029466755652556582,0.029466755652556582,0.027931752013954567
nta_5e19,5e+19,0.0,tail,coupled_final,0.0,0.01,0.0,0.3,channel,0.000575,3.1500000000000003e-06,5.75,31.500000000000004,-0.07735895043707453,403194311353021.5,1.816113694720412e+17,0.0,1.816113694720412e+17,145.4276036447326,-0.029097349263684534,0.029097349263684534,0.027559771480145687
nta_5e19,5e+19,0.0,tail,coupled_final,0.0,0.01,0.0,0.3,channel,0.000575,3.225e-06,5.75,32.25,-0.07819402429951512,390378393523509.1,1.7972714130300752e+17,0.0,1.7972714130300752e+17,148.64643723236082,-0.028795462629129496,0.028795462629129496,0.027255831509181677
nta_5e19,5e+19,0.0,tail,coupled_final,0.0,0.01,0.0,0.3,channel,0.000575,3.3e-06,5.75,33.0,-0.07885594388517005,380509945762890.9,1.782474853263604e+17,0.0,1.782474853263604e+17,151.24831399253665,-0.028558395605915245,0.028558395605915245,0.027017183386325836
nta_5e19,5e+19,0.0,tail,coupled_final,0.0,0.01,0.0,0.3,channel,0.000575,3.3750000000000003e-06,5.75,33.75,-0.07934622530795639,373361598584131.06,1.7715935413520086e+17,0.0,1.7715935413520086e+17,153.2047930759228,-0.028384057768995007,0.028384057768995007,0.026841700257923446
nta_5e19,5e+19,0.0,tail,coupled_final,0.0,0.01,0.0,0.3,channel,0.000575,3.45e-06,5.75,34.5,-0.07966598339925184,368772007716841.9,1.764532576780149e+17,0.0,1.764532576780149e+17,154.49439296158326,-0.028270928644489657,0.028270928644489657,0.026727835799893376
nta_5e19,5e+19,0.0,tail,coupled_final,0.0,0.01,0.0,0.3,channel,0.000575,3.525e-06,5.75,35.25,-0.07981594153157728,366639086276467.2,1.761230853670132e+17,0.0,1.761230853670132e+17,155.10291034863766,-0.028218029208301583,0.028218029208301583,0.02667459463201591
nta_5e19,5e+19,0.0,tail,coupled_final,0.0,0.01,0.0,0.3,channel,0.000575,3.6000000000000003e-06,5.75,36.0,-0.07979643794217371,366915795007991.06,1.7616599272566768e+17,0.0,1.7616599272566768e+17,155.0236312379838,-0.02822490372504787,0.02822490372504787,0.026681513482388605
nta_5e19,5e+19,0.0,tail,coupled_final,0.0,0.01,0.0,0.3,channel,0.000575,3.6750000000000004e-06,5.75,36.75000000000001,-0.07960742867613432,369608221909966.06,1.7658234894388016e+17,0.0,1.7658234894388016e+17,154.25743077649008,-0.028291611345471934,0.028291611345471934,0.026748652477159775
nta_5e19,5e+19,0.0,tail,coupled_final,0.0,0.01,0.0,0.3,channel,0.000575,3.7500000000000005e-06,5.75,37.50000000000001,-0.07924848720442765,374775830079682.7,1.773757436733407e+17,0.0,1.773757436733407e+17,152.81276024034565,-0.028418727195179978,0.028418727195179978,0.02687659626897414
nta_5e19,5e+19,0.0,tail,coupled_final,0.0,0.01,0.0,0.3,channel,0.000575,3.825000000000001e-06,5.75,38.25000000000001,-0.07871880070964249,382533889365558.1,1.785530532786682e+17,0.0,1.785530532786682e+17,150.70552136927935,-0.028607352989243925,0.028607352989243925,0.02706646504116939
nta_5e19,5e+19,0.0,tail,coupled_final,0.0,0.01,0.0,0.3,channel,0.000575,3.9e-06,5.75,39.0,-0.0780171629695462,393058245540942.0,1.8012456865342173e+17,0.0,1.8012456865342173e+17,147.95883009432168,-0.028859137510584113,0.028859137510584113,0.027319935750264784
nta_5e19,5e+19,0.0,tail,coupled_final,0.0,0.01,0.0,0.3,channel,0.000575,3.975e-06,5.75,39.75,-0.07714196370350385,406592732560900.4,1.8210418870627024e+17,0.0,1.8210418870627024e+17,144.6026734943373,-0.029176307609871284,0.029176307609871284,0.027639274313437615
nta_5e19,5e+19,0.0,tail,coupled_final,0.0,0.01,0.0,0.3,channel,0.000575,4.05e-06,5.75,40.5,-0.0760911741772742,423459713002131.2,1.8450968582064787e+17,0.0,1.8450968582064787e+17,140.67346554041856,-0.029561710736852313,0.029561710736852313,0.02802737982861355
nta_5e19,5e+19,0.0,tail,coupled_final,0.0,0.01,0.0,0.3,channel,0.000575,4.125e-06,5.75,41.25,-0.07486232878525503,444074456346218.06,1.873630521040043e+17,0.0,1.873630521040043e+17,136.21350882024524,-0.03001887041559602,0.03001887041559602,0.028487842353367435
nta_5e19,5e+19,0.0,tail,coupled_final,0.0,0.01,0.0,0.3,channel,0.000575,4.2000000000000004e-06,5.75,42.00000000000001,-0.07345250224311295,468964357283848.5,1.906909382052835e+17,0.0,1.906909382052835e+17,131.27037096623528,-0.03055205655080431,0.03055205655080431,0.029025016290346206
nta_5e19,5e+19,0.0,tail,coupled_final,0.0,0.01,0.0,0.3,channel,0.000575,4.2750000000000006e-06,5.75,42.75000000000001,-0.0718582819245856,498794388383127.94,1.9452520005947328e+17,0.0,1.9452520005947328e+17,125.89618594332501,-0.031166373025946346,0.031166373025946346,0.029644112063370125
nta_5e19,5e+19,0.0,tail,coupled_final,0.0,0.01,0.0,0.3,channel,0.000575,4.350000000000001e-06,5.75,43.50000000000001,-0.07007573476004464,534400718334023.06,1.9890357333162858e+17,0.0,1.9890357333162858e+17,120.14689169053877,-0.031867865761104085,0.031867865761104085,0.030351309561514838
nta_5e19,5e+19,0.0,tail,coupled_final,0.0,0.01,0.0,0.3,channel,0.000575,4.425e-06,5.75,44.25,-0.0681003679761176,576835173909814.5,2.0387050086375325e+17,0.0,2.0387050086375325e+17,114.08141684465116,-0.03266365528457822,0.03266365528457822,0.03115389783430899
nta_5e19,5e+19,0.0,tail,coupled_final,0.0,0.01,0.0,0.3,channel,0.000575,4.5e-06,5.75,45.0,-0.06592708278889557,627424277073955.1,2.094781454572629e+17,0.0,2.094781454572629e+17,107.76083034330479,-0.03356209899852799,0.03356209899852799,0.03206044681616121
nta_5e19,5e+19,0.0,tail,coupled_final,0.0,0.01,0.0,0.3,channel,0.000575,4.575e-06,5.75,45.75,-0.06355011995977392,687848092125076.5,2.1578762936728326e+17,0.0,2.1578762936728326e+17,101.24746846578687,-0.03457298976785134,0.03457298976785134,0.03308101854794577
nta_5e19,5e+19,0.0,tail,coupled_final,0.0,0.01,0.0,0.3,channel,0.000575,4.65e-06,5.75,46.50000000000001,-0.06096299587205111,760246288939366.1,2.228705536419039e+17,0.0,2.228705536419039e+17,94.60405410562679,-0.0357077993451702,0.0357077993451702,0.03422742759519259
nta_5e19,5e+19,0.0,tail,coupled_final,0.0,0.01,0.0,0.3,channel,0.000575,4.7250000000000005e-06,5.75,47.25000000000001,-0.058158427473867944,847362000404930.5,2.3081086585234925e+17,0.0,2.3081086585234925e+17,87.89282259354064,-0.03697997761419424,0.03697997761419424,0.03551356333995307
nta_5e19,5e+19,0.0,tail,coupled_final,0.0,0.01,0.0,0.3,channel,0.000575,4.8e-06,5.75,48.0,-0.05512824403999106,952738741939480.1,2.397071650951564e+17,0.0,2.397071650951564e+17,81.17466726636603,-0.038405321891784,0.038405321891784,0.036955790832848195
nta_5e19,5e+19,0.0,tail,coupled_final,0.0,0.01,0.0,0.3,channel,0.000575,4.875e-06,5.75,48.75,-0.05186328320585697,1080992681297714.5,2.4967556012317728e+17,0.0,2.4967556012317728e+17,74.50831676309053,-0.04000243485102168,0.04000243485102168,0.0385734523385717
nta_5e19,5e+19,0.0,tail,coupled_final,0.0,0.01,0.0,0.3,channel,0.000575,4.95e-06,5.75,49.5,-0.04835326808759576,1238193193844410.8,2.608532324902655e+17,0.0,2.608532324902655e+17,67.94955573467298,-0.0417932953999273,0.0417932953999273,0.04038949918628283
nta_5e19,5e+19,0.0,tail,coupled_final,0.0,0.01,0.0,0.3,channel,0.000575,5.025e-06,5.75,50.25,-0.04458666147393485,1432401010225726.5,2.7340290523150176e+17,0.0,2.7340290523150176e+17,61.550502064857305,-0.043803974642962845,0.043803974642962845,0.04243129395187301
nta_5e19,5e+19,0.0,tail,coupled_final,0.0,0.01,0.0,0.3,channel,0.000575,5.1e-06,5.75,51.0,-0.04055049199377889,1674438810726349.8,2.8751848427252035e+17,0.0,2.8751848427252035e+17,55.3589560826829,-0.046065539734452855,0.046065539734452855,0.044731637774213705
nta_5e19,5e+19,0.0,tail,coupled_final,0.0,0.01,0.0,0.3,channel,0.000575,5.1750000000000004e-06,5.75,51.75000000000001,-0.03623014573300137,1979009616294363.0,3.034322326555503e+17,0.0,3.034322326555503e+17,49.417837600943805,-0.04861520331631744,0.04861520331631744,0.04733009897888625
nta_5e19,5e+19,0.0,tail,coupled_final,0.0,0.01,0.0,0.3,channel,0.000575,5.2500000000000006e-06,5.75,52.50000000000001,-0.03160911485979983,2366343604403700.0,3.214239685047027e+17,0.0,3.214239685047027e+17,43.76472150740878,-0.05149779719457866,0.05149779719457866,0.050274750603677754
nta_5e19,5e+19,0.0,tail,coupled_final,0.0,0.01,0.0,0.3,channel,0.000575,5.325e-06,5.75,53.25,-0.02666869222024362,2864661121848100.0,3.4183296236776736e+17,0.0,3.4183296236776736e+17,38.43147311311575,-0.05476767850366381,0.05476767850366381,0.05362447118103914
nta_5e19,5e+19,0.0,tail,coupled_final,0.0,0.01,0.0,0.3,channel,0.000575,5.4e-06,5.75,54.0,-0.02138759728731347,3513918982804374.0,3.650734705305302e+17,0.0,3.650734705305302e+17,33.44397903720379,-0.0584912184177303,0.0584912184177303,0.05745203367253212
nta_5e19,5e+19,0.0,tail,coupled_final,0.0,0.01,0.0,0.3,channel,0.0006000000000000001,3e-06,6.000000000000001,30.0,-0.0749874227924819,437507111112126.0,1.864639700444369e+17,0.0,1.864639700444369e+17,137.59605394414012,-0.029874821588807273,0.029874821588807273,0.028342741321870542
nta_5e19,5e+19,0.0,tail,coupled_final,0.0,0.01,0.0,0.3,channel,0.0006000000000000001,3.075e-06,6.000000000000001,30.750000000000004,-0.07617217934758631,417909344532054.9,1.837254024760112e+17,0.0,1.837254024760112e+17,141.93706004293466,-0.02943605469193109,0.02943605469193109,0.02790083451662504
nta_5e19,5e+19,0.0,tail,coupled_final,0.0,0.01,0.0,0.3,channel,0.0006000000000000001,3.1500000000000003e-06,6.000000000000001,31.500000000000004,-0.07717968396943427,401935854916297.44,1.814281612573891e+17,0.0,1.814281612573891e+17,145.73604552000717,-0.029067996071617284,0.029067996071617284,0.02753021666112865
nta_5e19,5e+19,0.0,tail,coupled_final,0.0,0.01,0.0,0.3,channel,0.0006000000000000001,3.225e-06,6.000000000000001,32.25,-0.07801229116589667,389197071759331.9,1.795513616620803e+17,0.0,1.795513616620803e+17,148.95206499054348,-0.028767299625786842,0.028767299625786842,0.027227479237226244
nta_5e19,5e+19,0.0,tail,coupled_final,0.0,0.01,0.0,0.3,channel,0.0006000000000000001,3.3e-06,6.000000000000001,33.0,-0.07867192420548169,379392041663222.0,1.780782356149146e+17,0.0,1.780782356149146e+17,151.55020020674212,-0.028531278812616277,0.028531278812616277,0.026989887485044113
nta_5e19,5e+19,0.0,tail,coupled_final,0.0,0.01,0.0,0.3,channel,0.0006000000000000001,3.3750000000000003e-06,6.000000000000001,33.75,-0.07916009249106196,372295125771287.3,1.7699580699322288e+17,0.0,1.7699580699322288e+17,153.50207603022022,-0.028357854628051547,0.028357854628051547,0.026815326249197833
nta_5e19,5e+19,0.0,tail,coupled_final,0.0,0.01,0.0,0.3,channel,0.0006000000000000001,3.45e-06,6.000000000000001,34.5,-0.07947790499730029,367746319672817.8,1.762946450499796e+17,0.0,1.762946450499796e+17,154.7862805949227,-0.028245516099840103,0.028245516099840103,0.026702258921902033
nta_5e19,5e+19,0.0,tail,coupled_final,0.0,0.01,0.0,0.3,channel,0.0006000000000000001,3.525e-06,6.000000000000001,35.25,-0.07962608003260524,365644549487672.7,1.7596868781885898e+17,0.0,1.7596868781885898e+17,155.3886828644759,-0.028193291993901626,0.028193291993901626,0.02664969807525549
nta_5e19,5e+19,0.0,tail,coupled_final,0.0,0.01,0.0,0.3,channel,0.0006000000000000001,3.6000000000000003e-06,6.000000000000001,36.0,-0.07960495151218758,365943508331850.9,1.7601512977567603e+17,0.0,1.7601512977567603e+17,155.30264244064213,-0.028200732815706578,0.028200732815706578,0.026657186795547905
nta_5e19,5e+19,0.0,tail,coupled_final,0.0,0.01,0.0,0.3,channel,0.0006000000000000001,3.6750000000000004e-06,6.000000000000001,36.75000000000001,-0.07941447186079932,368649767710013.4,1.7643437016076426e+17,0.0,1.7643437016076426e+17,154.52910821884788,-0.02826790253060833,0.02826790253060833,0.02672479010100378
nta_5e19,5e+19,0.0,tail,coupled_final,0.0,0.01,0.0,0.3,channel,0.0006000000000000001,3.7500000000000005e-06,6.000000000000001,37.50000000000001,-0.07905421159967775,373823044799433.75,1.7723002032080688e+17,0.0,1.7723002032080688e+17,153.07660428813836,-0.028395379740134195,0.028395379740134195,0.02685309616089703
nta_5e19,5e+19,0.0,tail,coupled_final,0.0,0.01,0.0,0.3,channel,0.0006000000000000001,3.825000000000001e-06,6.000000000000001,38.25000000000001,-0.07852335560994957,381578642418482.75,1.7840897030284144e+17,0.0,1.7840897030284144e+17,150.96110330469446,-0.028584268351521246,0.028584268351521246,0.02704322735601288
nta_5e19,5e+19,0.0,tail,coupled_final,0.0,0.01,0.0,0.3,channel,0.0006000000000000001,3.9e-06,6.000000000000001,39.0,-0.07782069600222885,392092215789957.5,1.7998151681864915e+17,0.0,1.7998151681864915e+17,148.20578939544583,-0.028836218079871766,0.028836218079871766,0.02729686154452296
nta_5e19,5e+19,0.0,tail,coupled_final,0.0,0.01,0.0,0.3,channel,0.0006000000000000001,3.975e-06,6.000000000000001,39.75,-0.07694462145730824,405607171269928.4,1.8196155668629574e+17,0.0,1.8196155668629574e+17,144.84071443695254,-0.02915345544090495,0.02915345544090495,0.0276162642401441
nta_5e19,5e+19,0.0,tail,coupled_final,0.0,0.01,0.0,0.3,channel,0.0006000000000000001,4.05e-06,6.000000000000001,40.5,-0.07589310283351788,422445180907951.9,1.843668520459181e+17,0.0,1.843668520459181e+17,140.90235327436045,-0.029538826243210508,0.029538826243210508,0.028004332789010166
nta_5e19,5e+19,0.0,tail,coupled_final,0.0,0.01,0.0,0.3,channel,0.0006000000000000001,4.125e-06,6.000000000000001,41.25,-0.0746636747600999,443020520275062.06,1.8721937615138662e+17,0.0,1.8721937615138662e+17,136.43306507371523,-0.029995850990180848,0.029995850990180848,0.028464654068777573
nta_5e19,5e+19,0.0,tail,coupled_final,0.0,0.01,0.0,0.3,channel,0.0006000000000000001,4.2000000000000004e-06,6.000000000000001,42.00000000000001,-0.07325341285003993,467859228266143.4,1.9054575149270477e+17,0.0,1.9054575149270477e+17,131.48046952785984,-0.030528795074958218,0.030528795074958218,0.029001577753311147
nta_5e19,5e+19,0.0,tail,coupled_final,0.0,0.01,0.0,0.3,channel,0.0006000000000000001,4.2750000000000006e-06,6.000000000000001,42.75000000000001,-0.07165890606691096,497624478093288.56,1.9437779557323763e+17,0.0,1.9437779557323763e+17,126.0967480633696,-0.031142756223586993,0.031142756223586993,0.029620307820717746
nta_5e19,5e+19,0.0,tail,coupled_final,0.0,0.01,0.0,0.3,channel,0.0006000000000000001,4.350000000000001e-06,6.000000000000001,43.50000000000001,-0.06987622366438538,533150083278289.56,1.987531940659531e+17,0.0,1.987531940659531e+17,120.33788152997526,-0.031843772346533745,0.031843772346533745,0.030327015773118114
nta_5e19,5e+19,0.0,tail,coupled_final,0.0,0.01,0.0,0.3,channel,0.0006000000000000001,4.425e-06,6.000000000000001,44.25,-0.06790087597913869,575484806168720.6,2.037163265868025e+17,0.0,2.037163265868025e+17,114.26283708505608,-0.03263895384216879,0.03263895384216879,0.03112898003913534
nta_5e19,5e+19,0.0,tail,coupled_final,0.0,0.01,0.0,0.3,channel,0.0006000000000000001,4.5e-06,6.000000000000001,45.0,-0.06572776819153077,625951185171732.2,2.0931927733067968e+17,0.0,2.0931927733067968e+17,107.9327180541826,-0.03353664551849809,0.03353664551849809,0.03203475732078876
nta_5e19,5e+19,0.0,tail,coupled_final,0.0,0.01,0.0,0.3,channel,0.0006000000000000001,4.575e-06,6.000000000000001,45.75,-0.06335114596551131,686224093622984.1,2.1562307183005085e+17,0.0,2.1562307183005085e+17,101.40989131189609,-0.03454662474374111,0.03454662474374111,0.03305439333059016
nta_5e19,5e+19,0.0,tail,coupled_final,0.0,0.01,0.0,0.3,channel,0.0006000000000000001,4.65e-06,6.000000000000001,46.50000000000001,-0.06076453162895121,758436404397806.5,2.2269919281506493e+17,0.0,2.2269919281506493e+17,94.75710696752273,-0.035680344313895766,0.035680344313895766,0.03419968258844588
nta_5e19,5e+19,0.0,tail,coupled_final,0.0,0.01,0.0,0.3,channel,0.0006000000000000001,4.7250000000000005e-06,6.000000000000001,47.25000000000001,-0.05796064924393035,845322291445510.1,2.3063144351622474e+17,0.0,2.3063144351622474e+17,88.03662466873499,-0.0369512309867386,0.0369512309867386,0.03548448991509394
nta_5e19,5e+19,0.0,tail,coupled_final,0.0,0.01,0.0,0.3,channel,0.0006000000000000001,4.8e-06,6.000000000000001,48.0,-0.05493133652455724,950413366490052.2,2.395182470184838e+17,0.0,2.395182470184838e+17,81.30935970915202,-0.03837505387896549,0.03837505387896549,0.03692515025380865
nta_5e19,5e+19,0.0,tail,coupled_final,0.0,0.01,0.0,0.3,channel,0.0006000000000000001,4.875e-06,6.000000000000001,48.75,-0.05166744106228285,1078309834438282.4,2.4947549716056368e+17,0.0,2.4947549716056368e+17,74.63406089563854,-0.03997038123061884,0.03997038123061884,0.038540968878713784
nta_5e19,5e+19,0.0,tail,coupled_final,0.0,0.01,0.0,0.3,channel,0.0006000000000000001,4.95e-06,6.000000000000001,49.5,-0.04815869768092256,1235059443301274.2,2.606401123759646e+17,0.0,2.606401123759646e+17,68.0665318102841,-0.04175914979319047,0.04175914979319047,0.040354851497356306
nta_5e19,5e+19,0.0,tail,coupled_final,0.0,0.01,0.0,0.3,channel,0.0006000000000000001,5.025e-06,6.000000000000001,50.25,-0.044393582918390774,1428693289439141.8,2.7317449233076e+17,0.0,2.7317449233076e+17,61.65890849383072,-0.04376737886171558,0.04376737886171558,0.04239410412826478
nta_5e19,5e+19,0.0,tail,coupled_final,0.0,0.01,0.0,0.3,channel,0.0006000000000000001,5.1e-06,6.000000000000001,51.0,-0.040359141553585456,1669992946520479.8,2.872721436256608e+17,0.0,2.872721436256608e+17,55.459008979279616,-0.046026071611612575,0.046026071611612575,0.04469145734539857
nta_5e19,5e+19,0.0,tail,coupled_final,0.0,0.01,0.0,0.3,channel,0.0006000000000000001,5.1750000000000004e-06,6.000000000000001,51.75000000000001,-0.036040778671473477,1973603653225461.2,3.031648333474958e+17,0.0,3.031648333474958e+17,49.50977052799576,-0.04857236122398618,0.04857236122398618,0.04728639075578366
nta_5e19,5e+19,0.0,tail,coupled_final,0.0,0.01,0.0,0.3,channel,0.0006000000000000001,5.2500000000000006e-06,6.000000000000001,52.50000000000001,-0.03142200885206816,2359673190661576.5,3.2113175955567994e+17,0.0,3.2113175955567994e+17,43.84878539254106,-0.05145098015954166,0.05145098015954166,0.050226864850537074
nta_5e19,5e+19,0.0,tail,coupled_final,0.0,0.01,0.0,0.3,channel,0.0006000000000000001,5.325e-06,6.000000000000001,53.25,-0.02648415148097779,2856302573917771.5,3.415114117576779e+17,0.0,3.415114117576779e+17,38.5079363964999,-0.05471616041625044,0.05471616041625044,0.053571613906606946
nta_5e19,5e+19,0.0,tail,coupled_final,0.0,0.01,0.0,0.3,channel,0.0006000000000000001,5.4e-06,6.000000000000001,54.0,-0.021205957614889658,3503272867987895.0,3.6471705431780026e+17,0.0,3.6471705431780026e+17,33.51312804172254,-0.058434114244928836,0.058434114244928836,0.057393223804090475
nta_5e19,5e+19,0.0,tail,coupled_final,0.0,0.01,0.0,0.3,channel,0.000625,3e-06,6.25,30.0,-0.07481323783149878,436044091036023.5,1.8626243569507603e+17,0.0,1.8626243569507603e+17,137.90879635629724,-0.029842532226257833,0.029842532226257833,0.028310217557663005
nta_5e19,5e+19,0.0,tail,coupled_final,0.0,0.01,0.0,0.3,channel,0.000625,3.075e-06,6.25,30.750000000000004,-0.07599513655300955,416557905461118.7,1.8353337259595526e+17,0.0,1.8353337259595526e+17,142.24899761342454,-0.029405288113245543,0.029405288113245543,0.027869851413529323
nta_5e19,5e+19,0.0,tail,coupled_final,0.0,0.01,0.0,0.3,channel,0.000625,3.1500000000000003e-06,6.25,31.500000000000004,-0.07699998017464725,400677311490507.75,1.8124455115742883e+17,0.0,1.8124455115742883e+17,146.04613255026192,-0.029038578490425012,0.029038578490425012,0.027500597439049413
nta_5e19,5e+19,0.0,tail,coupled_final,0.0,0.01,0.0,0.3,channel,0.000625,3.225e-06,6.25,32.25,-0.07783011453964796,388015529296962.75,1.7937518711526394e+17,0.0,1.7937518711526394e+17,149.25930982701007,-0.028739073351545373,0.028739073351545373,0.027199063659012247
nta_5e19,5e+19,0.0,tail,coupled_final,0.0,0.01,0.0,0.3,channel,0.000625,3.3e-06,6.25,33.0,-0.07848745526985973,378273805999170.25,1.779085972396693e+17,0.0,1.779085972396693e+17,151.85367193709038,-0.028504099748511504,0.028504099748511504,0.02696252925983412
nta_5e19,5e+19,0.0,tail,coupled_final,0.0,0.01,0.0,0.3,channel,0.000625,3.3750000000000003e-06,6.25,33.75,-0.07897350505087013,371228227795255.94,1.768318766542753e+17,0.0,1.768318766542753e+17,153.80090979980994,-0.028331590092184996,0.028331590092184996,0.026788890777430477
nta_5e19,5e+19,0.0,tail,coupled_final,0.0,0.01,0.0,0.3,channel,0.000625,3.45e-06,6.25,34.5,-0.07928936699515789,366720125749507.56,1.7613565388385197e+17,0.0,1.7613565388385197e+17,155.07968154983763,-0.028220042906701895,0.028220042906701895,0.026676621314371235
nta_5e19,5e+19,0.0,tail,coupled_final,0.0,0.01,0.0,0.3,channel,0.000625,3.525e-06,6.25,35.25,-0.07943575434235936,364649435492611.56,1.758139155535174e+17,0.0,1.758139155535174e+17,155.67592875630928,-0.028168494743189474,0.028168494743189474,0.02662474138970423
nta_5e19,5e+19,0.0,tail,coupled_final,0.0,0.01,0.0,0.3,channel,0.000625,3.6000000000000003e-06,6.25,36.0,-0.07941299668183861,364970579683856.2,1.7586389506196256e+17,0.0,1.7586389506196256e+17,155.58308495448617,-0.028176502343250438,0.028176502343250438,0.026632800442737126
nta_5e19,5e+19,0.0,tail,coupled_final,0.0,0.01,0.0,0.3,channel,0.000625,3.6750000000000004e-06,6.25,36.75000000000001,-0.07922104281506619,367690611001150.25,1.762860216692386e+17,0.0,1.762860216692386e+17,154.8021731095336,-0.028244134481927172,0.028244134481927172,0.026700868378475896
nta_5e19,5e+19,0.0,tail,coupled_final,0.0,0.01,0.0,0.3,channel,0.000625,3.7500000000000005e-06,6.25,37.50000000000001,-0.07885946031151773,372869498732409.44,1.770839283834811e+17,0.0,1.770839283834811e+17,153.34179043044864,-0.028371973231294277,0.028371973231294277,0.026829536877134314
nta_5e19,5e+19,0.0,tail,coupled_final,0.0,0.01,0.0,0.3,channel,0.000625,3.825000000000001e-06,6.25,38.25000000000001,-0.0783274317497735,380622576957924.44,1.782645188963379e+17,0.0,1.782645188963379e+17,151.21798078071689,-0.0285611246846964,0.0285611246846964,0.027019930510613886
nta_5e19,5e+19,0.0,tail,coupled_final,0.0,0.01,0.0,0.3,channel,0.000625,3.9e-06,6.25,39.0,-0.07762374757319623,391125308822557.8,1.798380956943642e+17,0.0,1.798380956943642e+17,148.45399675609468,-0.02881323948245663,0.02881323948245663,0.027273728031532784
nta_5e19,5e+19,0.0,tail,coupled_final,0.0,0.01,0.0,0.3,channel,0.000625,3.975e-06,6.25,39.75,-0.07674679542493998,404620671672158.44,1.8181855345457322e+17,0.0,1.8181855345457322e+17,145.0799552846391,-0.02913054379725972,0.02913054379725972,0.027593194541838367
nta_5e19,5e+19,0.0,tail,coupled_final,0.0,0.01,0.0,0.3,channel,0.000625,4.05e-06,6.25,40.5,-0.07569454575792507,421429645682045.3,1.8422364401494928e+17,0.0,1.8422364401494928e+17,141.13239231950104,-0.029515881787108567,0.029515881787108567,0.027981225626227235
nta_5e19,5e+19,0.0,tail,coupled_final,0.0,0.01,0.0,0.3,channel,0.000625,4.125e-06,6.25,41.25,-0.07446453343940274,441965511187954.7,1.8707532170702314e+17,0.0,1.8707532170702314e+17,136.65372381893084,-0.029972770923702544,0.029972770923702544,0.028441404971208468
nta_5e19,5e+19,0.0,tail,coupled_final,0.0,0.01,0.0,0.3,channel,0.000625,4.2000000000000004e-06,6.25,42.00000000000001,-0.07305383498405994,466752949954221.25,1.9040018078154973e+17,0.0,1.9040018078154973e+17,131.6916217301053,-0.030505472075757482,0.030505472075757482,0.0289780775087842
nta_5e19,5e+19,0.0,tail,coupled_final,0.0,0.01,0.0,0.3,channel,0.000625,4.2750000000000006e-06,6.25,42.75000000000001,-0.07145904095098775,496453334470104.06,1.9423000021658144e+17,0.0,1.9423000021658144e+17,126.29831511579711,-0.03111907679688217,0.03111907679688217,0.02959644075611811
nta_5e19,5e+19,0.0,tail,coupled_final,0.0,0.01,0.0,0.3,channel,0.000625,4.350000000000001e-06,6.25,43.50000000000001,-0.06967622292423936,531898121681500.5,1.9860241558384925e+17,0.0,1.9860241558384925e+17,120.5298278925659,-0.03181961497044007,0.03181961497044007,0.03030265781066273
nta_5e19,5e+19,0.0,tail,coupled_final,0.0,0.01,0.0,0.3,channel,0.000625,4.425e-06,6.25,44.25,-0.06770089435912806,574133008072207.2,2.0356174314626902e+17,0.0,2.0356174314626902e+17,114.4451658772298,-0.03261418684452619,0.03261418684452619,0.03110399645956033
nta_5e19,5e+19,0.0,tail,coupled_final,0.0,0.01,0.0,0.3,channel,0.000625,4.5e-06,6.25,45.0,-0.06552796441051302,624476547065543.8,2.0915998834467203e+17,0.0,2.0915998834467203e+17,108.10546690608886,-0.033511124609354584,0.033511124609354584,0.032009000148573524
nta_5e19,5e+19,0.0,tail,coupled_final,0.0,0.01,0.0,0.3,channel,0.000625,4.575e-06,6.25,45.75,-0.06315168365692067,684598419707184.1,2.1545807981762704e+17,0.0,2.1545807981762704e+17,101.57312855695228,-0.0345201901090309,0.0345201901090309,0.03302769823420371
nta_5e19,5e+19,0.0,tail,coupled_final,0.0,0.01,0.0,0.3,channel,0.000625,4.65e-06,6.25,46.50000000000001,-0.06056558038478475,756624700815527.9,2.225273817787738e+17,0.0,2.225273817787738e+17,94.91092824933811,-0.03565281715111487,0.03565281715111487,0.03417186515875026
nta_5e19,5e+19,0.0,tail,coupled_final,0.0,0.01,0.0,0.3,channel,0.000625,4.7250000000000005e-06,6.25,47.25000000000001,-0.05776238578628551,843280604919127.8,2.304515528877779e+17,0.0,2.304515528877779e+17,88.18115002982108,-0.036922409330581295,0.036922409330581295,0.035455341144691975
nta_5e19,5e+19,0.0,tail,coupled_final,0.0,0.01,0.0,0.3,channel,0.000625,4.8e-06,6.25,48.0,-0.05473394603344039,948085840663524.5,2.3932883995143472e+17,0.0,2.3932883995143472e+17,81.44473121970651,-0.03834470752125144,0.03834470752125144,0.03689443098534517
nta_5e19,5e+19,0.0,tail,coupled_final,0.0,0.01,0.0,0.3,channel,0.000625,4.875e-06,6.25,48.75,-0.05147111869495819,1075624652710004.1,2.492749215855925e+17,0.0,2.492749215855925e+17,74.76044085557889,-0.039938245480661855,0.039938245480661855,0.038508402915214485
nta_5e19,5e+19,0.0,tail,coupled_final,0.0,0.01,0.0,0.3,channel,0.000625,4.95e-06,6.25,49.5,-0.047963650326571086,1231923167809103.8,2.6042645274594304e+17,0.0,2.6042645274594304e+17,68.18410150614312,-0.041724917746505504,0.041724917746505504,0.0403201169639402
nta_5e19,5e+19,0.0,tail,coupled_final,0.0,0.01,0.0,0.3,channel,0.000625,5.025e-06,6.25,50.25,-0.0442000312429575,1424982860160772.8,2.7294550931612544e+17,0.0,2.7294550931612544e+17,61.76786742131572,-0.04373069173815255,0.04373069173815255,0.042356822528392554
nta_5e19,5e+19,0.0,tail,coupled_final,0.0,0.01,0.0,0.3,channel,0.000625,5.1e-06,6.25,51.0,-0.040167322404339956,1665544219288888.0,2.8702519809490122e+17,0.0,2.8702519809490122e+17,55.559574389273884,-0.0459865065756872,0.0459865065756872,0.044651179544791045
nta_5e19,5e+19,0.0,tail,coupled_final,0.0,0.01,0.0,0.3,channel,0.000625,5.1750000000000004e-06,6.25,51.75000000000001,-0.035850947930326636,1968194741792402.2,3.028967896656428e+17,0.0,3.028967896656428e+17,49.602177170696216,-0.04852941589159056,0.04852941589159056,0.0472425788202367
nta_5e19,5e+19,0.0,tail,coupled_final,0.0,0.01,0.0,0.3,channel,0.000625,5.2500000000000006e-06,6.25,52.50000000000001,-0.031234444853028356,2352999883032999.5,3.2083886139739603e+17,0.0,3.2083886139739603e+17,43.93328543187975,-0.05140405270100725,0.05140405270100725,0.05017886821024727
nta_5e19,5e+19,0.0,tail,coupled_final,0.0,0.01,0.0,0.3,channel,0.000625,5.325e-06,6.25,53.25,-0.026299159143172705,2847941449672112.5,3.411891210490787e+17,0.0,3.411891210490787e+17,38.58479955501712,-0.05466452375198315,0.05466452375198315,0.053518637642549625
nta_5e19,5e+19,0.0,tail,coupled_final,0.0,0.01,0.0,0.3,channel,0.000625,5.4e-06,6.25,54.0,-0.021023873492627958,3492624972861680.0,3.643598402714021e+17,0.0,3.643598402714021e+17,33.582641969604204,-0.058376882245081266,0.058376882245081266,0.05733428582336565
nta_5e19,5e+19,0.0,tail,coupled_final,0.0,0.01,0.0,0.3,channel,0.0006500000000000001,3e-06,6.500000000000001,30.0,-0.0746386266993511,434581351083190.5,1.860604812279936e+17,0.0,1.860604812279936e+17,138.22324292360514,-0.029810175553428696,0.029810175553428696,0.02827762652805646
nta_5e19,5e+19,0.0,tail,coupled_final,0.0,0.01,0.0,0.3,channel,0.0006500000000000001,3.075e-06,6.500000000000001,30.750000000000004,-0.07581766055602637,415206543036525.3,1.8334093093000154e+17,0.0,1.8334093093000154e+17,142.56261900856862,-0.029374455559185633,0.029374455559185633,0.027838802347339334
nta_5e19,5e+19,0.0,tail,coupled_final,0.0,0.01,0.0,0.3,channel,0.0006500000000000001,3.1500000000000003e-06,6.500000000000001,31.500000000000004,-0.07681983656527082,399418680594914.1,1.810605369685426e+17,0.0,1.810605369685426e+17,146.35787888262388,-0.029009096167049213,0.029009096167049213,0.02747091346077244
nta_5e19,5e+19,0.0,tail,coupled_final,0.0,0.01,0.0,0.3,channel,0.0006500000000000001,3.225e-06,6.500000000000001,32.25,-0.07764749189801834,386833765296489.4,1.7919861548263475e+17,0.0,1.7919861548263475e+17,149.5681855888321,-0.028710783457142803,0.028710783457142803,0.02717058442514283
nta_5e19,5e+19,0.0,tail,coupled_final,0.0,0.01,0.0,0.3,channel,0.0006500000000000001,3.3e-06,6.500000000000001,33.0,-0.07830253452246527,377155237602546.75,1.77738568041282e+17,0.0,1.77738568041282e+17,152.15874270788197,-0.028476858067636113,0.028476858067636113,0.026935108364543867
nta_5e19,5e+19,0.0,tail,coupled_final,0.0,0.01,0.0,0.3,channel,0.0006500000000000001,3.3750000000000003e-06,6.500000000000001,33.75,-0.07878646040065278,370160903185379.3,1.7666756097625987e+17,0.0,1.7666756097625987e+17,154.10130756623383,-0.02830526381819338,0.02830526381819338,0.026762393499183773
nta_5e19,5e+19,0.0,tail,coupled_final,0.0,0.01,0.0,0.3,channel,0.0006500000000000001,3.45e-06,6.500000000000001,34.5,-0.07910036677738913,365693424194508.44,1.7597628205123014e+17,0.0,1.7597628205123014e+17,155.374608647785,-0.028194508724067452,0.028194508724067452,0.02665092263601264
nta_5e19,5e+19,0.0,tail,coupled_final,0.0,0.01,0.0,0.3,channel,0.0006500000000000001,3.525e-06,6.500000000000001,35.25,-0.07924496181886496,363653742272939.0,1.7565876645252778e+17,0.0,1.7565876645252778e+17,155.96466047075734,-0.028143637116750306,0.028143637116750306,0.02659972423562394
nta_5e19,5e+19,0.0,tail,coupled_final,0.0,0.01,0.0,0.3,channel,0.0006500000000000001,3.6000000000000003e-06,6.500000000000001,36.0,-0.07922057078477128,363997006790828.4,1.7571228647204378e+17,0.0,1.7571228647204378e+17,155.86497083901511,-0.028152211969222282,0.028152211969222282,0.0266083540851349
nta_5e19,5e+19,0.0,tail,coupled_final,0.0,0.01,0.0,0.3,channel,0.0006500000000000001,3.6750000000000004e-06,6.500000000000001,36.75000000000001,-0.07902713885035102,366730749262013.06,1.761373013586168e+17,0.0,1.761373013586168e+17,155.076637110991,-0.028220306861259228,0.028220306861259228,0.026676886971002917
nta_5e19,5e+19,0.0,tail,coupled_final,0.0,0.01,0.0,0.3,channel,0.0006500000000000001,3.7500000000000005e-06,6.500000000000001,37.50000000000001,-0.07866423063128632,371915189111459.2,1.7693746574806432e+17,0.0,1.7693746574806432e+17,153.6083299249448,-0.028348507330072395,0.028348507330072395,0.026805918078654803
nta_5e19,5e+19,0.0,tail,coupled_final,0.0,0.01,0.0,0.3,channel,0.0006500000000000001,3.825000000000001e-06,6.500000000000001,38.25000000000001,-0.07813102640252947,379665689969259.8,1.781196969385865e+17,0.0,1.781196969385865e+17,151.47616464459034,-0.02853792164901646,0.02853792164901646,0.02699657416473648
nta_5e19,5e+19,0.0,tail,coupled_final,0.0,0.01,0.0,0.3,channel,0.0006500000000000001,3.9e-06,6.500000000000001,39.0,-0.07742631494010144,390157521370994.94,1.7969430314778966e+17,0.0,1.7969430314778966e+17,148.7034626093591,-0.028790201376630124,0.028790201376630124,0.02725053486906212
nta_5e19,5e+19,0.0,tail,coupled_final,0.0,0.01,0.0,0.3,channel,0.0006500000000000001,3.975e-06,6.500000000000001,39.75,-0.07654848285046428,403633230237167.3,1.8167517686088003e+17,0.0,1.8167517686088003e+17,145.3204060543725,-0.029107572334431942,0.029107572334431942,0.027570064873451136
nta_5e19,5e+19,0.0,tail,coupled_final,0.0,0.01,0.0,0.3,channel,0.0006500000000000001,4.05e-06,6.500000000000001,40.5,-0.07549550018316525,420413103517887.94,1.8408005955449133e+17,0.0,1.8408005955449133e+17,141.36359227634642,-0.029492877020353445,0.029492877020353445,0.02795805799146182
nta_5e19,5e+19,0.0,tail,coupled_final,0.0,0.01,0.0,0.3,channel,0.0006500000000000001,4.125e-06,6.500000000000001,41.25,-0.0742649020466533,440909424984962.1,1.869308865686675e+17,0.0,1.869308865686675e+17,136.87549424102957,-0.029949629863322346,0.029949629863322346,0.028418094707164474
nta_5e19,5e+19,0.0,tail,coupled_final,0.0,0.01,0.0,0.3,channel,0.0006500000000000001,4.2000000000000004e-06,6.500000000000001,42.00000000000001,-0.07285376586172869,465645517933522.5,1.902542238341696e+17,0.0,1.902542238341696e+17,131.90383634514347,-0.03048208719469124,0.03048208719469124,0.028954515197547236
nta_5e19,5e+19,0.0,tail,coupled_final,0.0,0.01,0.0,0.3,channel,0.0006500000000000001,4.2750000000000006e-06,6.500000000000001,42.75000000000001,-0.07125868378871973,495280952759263.5,1.9408181170955005e+17,0.0,1.9408181170955005e+17,126.50089546337621,-0.031095334380542867,0.031095334380542867,0.029572510503520482
nta_5e19,5e+19,0.0,tail,coupled_final,0.0,0.01,0.0,0.3,channel,0.0006500000000000001,4.350000000000001e-06,6.500000000000001,43.50000000000001,-0.06947572974918391,530644828420618.0,1.984512355555871e+17,0.0,1.984512355555871e+17,120.72273873626388,-0.031795393259559164,0.031795393259559164,0.03027823530006401
nta_5e19,5e+19,0.0,tail,coupled_final,0.0,0.01,0.0,0.3,channel,0.0006500000000000001,4.425e-06,6.500000000000001,44.25,-0.06750042032571317,572779774095881.1,2.0340674815453338e+17,0.0,2.0340674815453338e+17,114.62841077980119,-0.0325893539091116,0.0325893539091116,0.031078946712160018
nta_5e19,5e+19,0.0,tail,coupled_final,0.0,0.01,0.0,0.3,channel,0.0006500000000000001,4.5e-06,6.500000000000001,45.0,-0.0653276686579557,623000356793803.8,2.0900027604488246e+17,0.0,2.0900027604488246e+17,108.27908406461576,-0.03348553587786606,0.03348553587786606,0.031983174905328926
nta_5e19,5e+19,0.0,tail,coupled_final,0.0,0.01,0.0,0.3,channel,0.0006500000000000001,4.575e-06,6.500000000000001,45.75,-0.06295173025110558,682971063940709.6,2.152926507992281e+17,0.0,2.152926507992281e+17,101.737186980498,-0.034493685458244466,0.034493685458244466,0.033000932852278855
nta_5e19,5e+19,0.0,tail,coupled_final,0.0,0.01,0.0,0.3,channel,0.0006500000000000001,4.65e-06,6.500000000000001,46.50000000000001,-0.060366139364228,754811171241175.1,2.223551179151768e+17,0.0,2.223551179151768e+17,95.0655243521666,-0.0356252174374011,0.0356252174374011,0.03414397488556559
nta_5e19,5e+19,0.0,tail,coupled_final,0.0,0.01,0.0,0.3,channel,0.0006500000000000001,4.7250000000000005e-06,6.500000000000001,47.25000000000001,-0.05756363433585409,841236933322812.6,2.302711912503522e+17,0.0,2.302711912503522e+17,88.32640470757477,-0.036893512210465954,0.036893512210465954,0.03542611659228871
nta_5e19,5e+19,0.0,tail,coupled_final,0.0,0.01,0.0,0.3,channel,0.0006500000000000001,4.8e-06,6.500000000000001,48.0,-0.054536069814578314,945756156374123.6,2.3913894106557744e+17,0.0,2.3913894106557744e+17,81.58078746706644,-0.03831428236547712,0.03831428236547712,0.036863632572997546
nta_5e19,5e+19,0.0,tail,coupled_final,0.0,0.01,0.0,0.3,channel,0.0006500000000000001,4.875e-06,6.500000000000001,48.75,-0.051274313367725144,1072937127426003.0,2.4907383044367386e+17,0.0,2.4907383044367386e+17,74.88746195915277,-0.039906027127773205,0.039906027127773205,0.038475753973304515
nta_5e19,5e+19,0.0,tail,coupled_final,0.0,0.01,0.0,0.3,channel,0.0006500000000000001,4.95e-06,6.500000000000001,49.5,-0.04776812330730397,1228784358085317.8,2.6021225050346726e+17,0.0,2.6021225050346726e+17,68.30226979493062,-0.041690598763721,0.041690598763721,0.040285295088395894
nta_5e19,5e+19,0.0,tail,coupled_final,0.0,0.01,0.0,0.3,channel,0.0006500000000000001,5.025e-06,6.500000000000001,50.25,-0.04400600375247965,1421269712558339.5,2.727159529309101e+17,0.0,2.727159529309101e+17,61.87738348591338,-0.0436939127504948,0.0436939127504948,0.042319448628902086
nta_5e19,5e+19,0.0,tail,coupled_final,0.0,0.01,0.0,0.3,channel,0.0006500000000000001,5.1e-06,6.500000000000001,51.0,-0.039975031876293775,1661092618762391.0,2.867776442437121e+17,0.0,2.867776442437121e+17,55.66065662690941,-0.04594684407608401,0.04594684407608401,0.04461080382015311
nta_5e19,5e+19,0.0,tail,coupled_final,0.0,0.01,0.0,0.3,channel,0.0006500000000000001,5.1750000000000004e-06,6.500000000000001,51.75000000000001,-0.035660650868727356,1962782871508917.5,3.0262809797137734e+17,0.0,3.0262809797137734e+17,49.69506152892289,-0.04848636673616036,0.04848636673616036,0.04719866258759506
nta_5e19,5e+19,0.0,tail,coupled_final,0.0,0.01,0.0,0.3,channel,0.0006500000000000001,5.2500000000000006e-06,6.500000000000001,52.50000000000001,-0.03104642025447631,2346323671202717.0,3.205452701642586e+17,0.0,3.205452701642586e+17,44.01822532122277,-0.05135701419963925,0.05135701419963925,0.05013076006181945
nta_5e19,5e+19,0.0,tail,coupled_final,0.0,0.01,0.0,0.3,channel,0.0006500000000000001,5.325e-06,6.500000000000001,53.25,-0.02611371263519872,2839577739615454.5,3.4086608612156134e+17,0.0,3.4086608612156134e+17,38.662065990947156,-0.054612767850699726,0.054612767850699726,0.05346554172718356
nta_5e19,5e+19,0.0,tail,coupled_final,0.0,0.01,0.0,0.3,channel,0.0006500000000000001,5.4e-06,6.500000000000001,54.0,-0.020841342389676824,3481975289794757.0,3.64001823985044e+17,0.0,3.64001823985044e+17,33.652523940389074,-0.058319521712221815,0.058319521712221815,0.05727521902316927
nta_5e19,5e+19,0.0,tail,coupled_final,0.0,0.01,0.0,0.3,channel,0.000675,3e-06,6.75,30.0,-0.07446358696436209,433118891603157.2,1.8585810436415725e+17,0.0,1.8585810436415725e+17,138.53940848957882,-0.029777751205178615,0.029777751205178615,0.02824496786796567
nta_5e19,5e+19,0.0,tail,coupled_final,0.0,0.01,0.0,0.3,channel,0.000675,3.075e-06,6.75,30.750000000000004,-0.07563974888478117,413855257170886.06,1.8314807522845565e+17,0.0,1.8314807522845565e+17,142.87793882209013,-0.029343556669310582,0.029343556669310582,0.027807686957600306
nta_5e19,5e+19,0.0,tail,coupled_final,0.0,0.01,0.0,0.3,channel,0.000675,3.1500000000000003e-06,6.75,31.500000000000004,-0.07663925063156049,398159961744964.9,1.80876116467759e+17,0.0,1.80876116467759e+17,146.6712988324705,-0.028979548745330607,0.028979548745330607,0.02744116437006082
nta_5e19,5e+19,0.0,tail,coupled_final,0.0,0.01,0.0,0.3,channel,0.000675,3.225e-06,6.75,32.25,-0.07746442069563764,385651778912017.6,1.7902164456505382e+17,0.0,1.7902164456505382e+17,149.8787062873114,-0.028682429590238232,0.028682429590238232,0.02714204118314157
nta_5e19,5e+19,0.0,tail,coupled_final,0.0,0.01,0.0,0.3,channel,0.000675,3.3e-06,6.75,33.0,-0.07811715938454167,376036335297132.6,1.7756814584130954e+17,0.0,1.7756814584130954e+17,152.46542620341583,-0.02844955342096504,0.02844955342096504,0.02690762444995984
nta_5e19,5e+19,0.0,tail,coupled_final,0.0,0.01,0.0,0.3,channel,0.000675,3.3750000000000003e-06,6.75,33.75,-0.07859895593048534,369093150461022.2,1.7650285779806694e+17,0.0,1.7650285779806694e+17,154.40328266661808,-0.028278875459828753,0.028278875459828753,0.02673583406797256
nta_5e19,5e+19,0.0,tail,coupled_final,0.0,0.01,0.0,0.3,channel,0.000675,3.45e-06,6.75,34.5,-0.07891090170510275,364666213243572.56,1.7581652740476147e+17,0.0,1.7581652740476147e+17,155.67107486123808,-0.028168913207892946,0.028168913207892946,0.02662516254249976
nta_5e19,5e+19,0.0,tail,coupled_final,0.0,0.01,0.0,0.3,channel,0.000675,3.525e-06,6.75,35.25,-0.07905369979645153,362657467796655.7,1.7550323837850973e+17,0.0,1.7550323837850973e+17,156.25489060076174,-0.02811871877213803,0.02811871877213803,0.02657464627024297
nta_5e19,5e+19,0.0,tail,coupled_final,0.0,0.01,0.0,0.3,channel,0.000675,3.6000000000000003e-06,6.75,36.0,-0.07902767113071342,363022787364162.44,1.755603018745167e+17,0.0,1.755603018745167e+17,156.14831229525524,-0.028127861352133705,0.028127861352133705,0.026583847380886146
nta_5e19,5e+19,0.0,tail,coupled_final,0.0,0.01,0.0,0.3,channel,0.000675,3.6750000000000004e-06,6.75,36.75000000000001,-0.07883275725395186,365770179954055.06,1.7598820709925974e+17,0.0,1.7598820709925974e+17,155.35251202231996,-0.028196419327398685,0.028196419327398685,0.026652845536972322
nta_5e19,5e+19,0.0,tail,coupled_final,0.0,0.01,0.0,0.3,channel,0.000675,3.7500000000000005e-06,6.75,37.50000000000001,-0.0784685198260219,370960113150485.5,1.767906302822357e+17,0.0,1.767906302822357e+17,153.87623416102693,-0.028324981694833086,0.028324981694833086,0.02678223942337666
nta_5e19,5e+19,0.0,tail,coupled_final,0.0,0.01,0.0,0.3,channel,0.000675,3.825000000000001e-06,6.75,38.25000000000001,-0.07793413681716949,378707978417126.0,1.7797450228988726e+17,0.0,1.7797450228988726e+17,151.73566587033454,-0.028514658901663686,0.028514658901663686,0.026973157975076614
nta_5e19,5e+19,0.0,tail,coupled_final,0.0,0.01,0.0,0.3,channel,0.000675,3.9e-06,6.75,39.0,-0.07722839533599105,389188850144937.94,1.7955013702687242e+17,0.0,1.7955013702687242e+17,148.9541975101376,-0.028767103417595318,0.028767103417595318,0.02722728171178687
nta_5e19,5e+19,0.0,tail,coupled_final,0.0,0.01,0.0,0.3,channel,0.000675,3.975e-06,6.75,39.75,-0.07634968095321616,402644843410032.2,1.8153142473552733e+17,0.0,1.8153142473552733e+17,145.562076879973,-0.02908454070479915,0.02908454070479915,0.027546874886790362
nta_5e19,5e+19,0.0,tail,coupled_final,0.0,0.01,0.0,0.3,channel,0.000675,4.05e-06,6.75,40.5,-0.07529596331707394,419395550582444.06,1.8393609647159136e+17,0.0,1.8393609647159136e+17,141.59596285730683,-0.02946981159159535,0.02946981159159535,0.027934829532750022
nta_5e19,5e+19,0.0,tail,coupled_final,0.0,0.01,0.0,0.3,channel,0.000675,4.125e-06,6.75,41.25,-0.07406477778042353,439852257537508.6,1.8678606851408506e+17,0.0,1.8678606851408506e+17,137.09838563214765,-0.029926427452999015,0.029926427452999015,0.02839472291994289
nta_5e19,5e+19,0.0,tail,coupled_final,0.0,0.01,0.0,0.3,channel,0.000675,4.2000000000000004e-06,6.75,42.00000000000001,-0.0726532026746207,464536927758575.1,1.9010787839258838e+17,0.0,1.9010787839258838e+17,132.117122247289,-0.030458640069991858,0.030458640069991858,0.02893089045712035
nta_5e19,5e+19,0.0,tail,coupled_final,0.0,0.01,0.0,0.3,channel,0.000675,4.2750000000000006e-06,6.75,42.75000000000001,-0.07105783176698682,494107328173109.6,1.9393322775146496e+17,0.0,1.9393322775146496e+17,126.70449756622196,-0.03107152860595975,0.03107152860595975,0.029548516693548466
nta_5e19,5e+19,0.0,tail,coupled_final,0.0,0.01,0.0,0.3,channel,0.000675,4.350000000000001e-06,6.75,43.50000000000001,-0.06927474132375093,529390198336639.5,1.9829965163025427e+17,0.0,1.9829965163025427e+17,120.91662211164214,-0.03177110683723334,0.03177110683723334,0.030253747863837697
nta_5e19,5e+19,0.0,tail,coupled_final,0.0,0.01,0.0,0.3,channel,0.000675,4.425e-06,6.75,44.25,-0.06729945106347607,571425098676561.5,2.0325133920226835e+17,0.0,2.0325133920226835e+17,114.8125794393711,-0.03256445464990825,0.03256445464990825,0.03105383041002633
nta_5e19,5e+19,0.0,tail,coupled_final,0.0,0.01,0.0,0.3,channel,0.000675,4.5e-06,6.75,45.0,-0.06512687812094897,621522608353095.4,2.088401379546458e+17,0.0,2.088401379546458e+17,108.45357677876434,-0.033459878927227,0.033459878927227,0.031957281193287605
nta_5e19,5e+19,0.0,tail,coupled_final,0.0,0.01,0.0,0.3,channel,0.000675,4.575e-06,6.75,45.75,-0.06275128294019136,681342019841491.0,2.1512678222108333e+17,0.0,2.1512678222108333e+17,101.90207344101364,-0.03446711038222263,0.03446711038222263,0.03297409677461787
nta_5e19,5e+19,0.0,tail,coupled_final,0.0,0.01,0.0,0.3,channel,0.000675,4.65e-06,6.75,46.50000000000001,-0.0601662057670474,752995808674792.9,2.2218239858266595e+17,0.0,2.2218239858266595e+17,95.22090175166616,-0.03559754474952221,0.03559754474952221,0.03411601134453807
nta_5e19,5e+19,0.0,tail,coupled_final,0.0,0.01,0.0,0.3,channel,0.000675,4.7250000000000005e-06,6.75,47.25000000000001,-0.05736439210273949,839191269101288.6,2.3009035586267248e+17,0.0,2.3009035586267248e+17,88.47239480306537,-0.036864539187191875,0.036864539187191875,0.03539681581747296
nta_5e19,5e+19,0.0,tail,coupled_final,0.0,0.01,0.0,0.3,channel,0.000675,4.8e-06,6.75,48.0,-0.05433770509120932,943424305479907.4,2.3894854750688986e+17,0.0,2.3894854750688986e+17,81.71753418639796,-0.03828377795437778,0.03828377795437778,0.03683275455819655
nta_5e19,5e+19,0.0,tail,coupled_final,0.0,0.01,0.0,0.3,channel,0.000675,4.875e-06,6.75,48.75,-0.05107702231987014,1070247249839299.8,2.4887222075353914e+17,0.0,2.4887222075353914e+17,75.01512958467723,-0.039873725694301025,0.039873725694301025,0.03844302157393055
nta_5e19,5e+19,0.0,tail,coupled_final,0.0,0.01,0.0,0.3,channel,0.000675,4.95e-06,6.75,49.5,-0.047572113881499185,1225643004783388.0,2.5999750252390547e+17,0.0,2.5999750252390547e+17,68.42104170746265,-0.041656192344215734,0.041656192344215734,0.04025038536860469
nta_5e19,5e+19,0.0,tail,coupled_final,0.0,0.01,0.0,0.3,channel,0.000675,5.025e-06,6.75,50.25,-0.04381149772761664,1417553836732110.0,2.7248581988916486e+17,0.0,2.7248581988916486e+17,61.98746138053457,-0.04365704137227524,0.04365704137227524,0.04228198190174016
nta_5e19,5e+19,0.0,tail,coupled_final,0.0,0.01,0.0,0.3,channel,0.000675,5.1e-06,6.75,51.0,-0.0397822672757425,1656638134601589.0,2.8652947860477955e+17,0.0,2.8652947860477955e+17,55.762260057029735,-0.04590708355727807,0.04590708355727807,0.044570329614303274
nta_5e19,5e+19,0.0,tail,coupled_final,0.0,0.01,0.0,0.3,channel,0.000675,5.1750000000000004e-06,6.75,51.75000000000001,-0.035469884822147114,1957368031817111.0,3.023587545935998e+17,0.0,3.023587545935998e+17,49.78842764956062,-0.04844321316952058,0.04844321316952058,0.04715464146799216
nta_5e19,5e+19,0.0,tail,coupled_final,0.0,0.01,0.0,0.3,channel,0.000675,5.2500000000000006e-06,6.75,52.50000000000001,-0.030857932424806743,2339644544784728.5,3.2025098195629094e+17,0.0,3.2025098195629094e+17,44.103608799901515,-0.05130986403059249,0.05130986403059249,0.05008253977874445
nta_5e19,5e+19,0.0,tail,coupled_final,0.0,0.01,0.0,0.3,channel,0.000675,5.325e-06,6.75,53.25,-0.025927809362353997,2831211434185939.0,3.40542302818213e+17,0.0,3.40542302818213e+17,38.739739146751845,-0.054560892046389316,0.054560892046389316,0.05341232549296595
nta_5e19,5e+19,0.0,tail,coupled_final,0.0,0.01,0.0,0.3,channel,0.000675,5.4e-06,6.75,54.0,-0.020658361752478694,3471323811100251.5,3.636430010135655e+17,0.0,3.636430010135655e+17,33.72277711057262,-0.05826203193415729,0.05826203193415729,0.05721602269007656
nta_5e19,5e+19,0.0,tail,coupled_final,0.0,0.01,0.0,0.3,channel,0.0007,3e-06,7.0,30.0,-0.07428811617298268,431656712946405.5,1.8565530280460323e+17,0.0,1.8565530280460323e+17,138.85730807594842,-0.029745258813172994,0.029745258813172994,0.028212241209112192
nta_5e19,5e+19,0.0,tail,coupled_final,0.0,0.01,0.0,0.3,channel,0.0007,3.075e-06,7.0,30.750000000000004,-0.07546139904518444,412504047775285.44,1.829548032218739e+17,0.0,1.829548032218739e+17,143.1949718223628,-0.029312591080015424,0.029312591080015424,0.027776504880693022
nta_5e19,5e+19,0.0,tail,coupled_final,0.0,0.01,0.0,0.3,channel,0.0007,3.1500000000000003e-06,7.0,31.500000000000004,-0.0764582198411963,396901154452253.94,1.8069128741251926e+17,0.0,1.8069128741251926e+17,146.98640688598914,-0.028949935865971665,0.028949935865971665,0.02741134980753877
nta_5e19,5e+19,0.0,tail,coupled_final,0.0,0.01,0.0,0.3,channel,0.0007,3.225e-06,7.0,32.25,-0.07728089836423854,384469569291609.3,1.788442721439342e+17,0.0,1.788442721439342e+17,150.1908861004737,-0.028654011395374844,0.028654011395374844,0.027113433577415153
nta_5e19,5e+19,0.0,tail,coupled_final,0.0,0.01,0.0,0.3,channel,0.0007,3.3e-06,7.0,33.0,-0.07793132725413332,374917097898596.75,1.773973284419762e+17,0.0,1.773973284419762e+17,152.77373627041425,-0.028422185456375787,0.028422185456375787,0.02688007716376981
nta_5e19,5e+19,0.0,tail,coupled_final,0.0,0.01,0.0,0.3,channel,0.0007,3.3750000000000003e-06,7.0,33.75,-0.07841098900696214,368024968131470.7,1.7633776493934333e+17,0.0,1.7633776493934333e+17,154.70684859602719,-0.02825242466776003,0.02825242466776003,0.02670921213422691
nta_5e19,5e+19,0.0,tail,coupled_final,0.0,0.01,0.0,0.3,channel,0.0007,3.45e-06,7.0,34.5,-0.07872096911566379,363638491120487.7,1.7565638777791133e+17,0.0,1.7565638777791133e+17,155.9690933159678,-0.02814325601106127,0.02814325601106127,0.026599340686430894
nta_5e19,5e+19,0.0,tail,coupled_final,0.0,0.01,0.0,0.3,channel,0.0007,3.525e-06,7.0,35.25,-0.0788619655854619,361660610017971.5,1.7534732917493235e+17,0.0,1.7534732917493235e+17,156.5466318877932,-0.02809373936383831,0.02809373936383831,0.02654950714771921
nta_5e19,5e+19,0.0,tail,coupled_final,0.0,0.01,0.0,0.3,channel,0.0007,3.6000000000000003e-06,7.0,36.0,-0.0788342950051827,362047919099672.7,1.754079391188272e+17,0.0,1.754079391188272e+17,156.4331216678917,-0.028103450147427947,0.028103450147427947,0.02655927998506493
nta_5e19,5e+19,0.0,tail,coupled_final,0.0,0.01,0.0,0.3,channel,0.0007,3.6750000000000004e-06,7.0,36.75000000000001,-0.07863789528875248,364808900521373.44,1.7583873674234294e+17,0.0,1.7583873674234294e+17,155.62980978133257,-0.02817247153606591,0.02817247153606591,0.026628743731694972
nta_5e19,5e+19,0.0,tail,coupled_final,0.0,0.01,0.0,0.3,channel,0.0007,3.7500000000000005e-06,7.0,37.50000000000001,-0.07827232513816422,370004268044252.2,1.7664341983441856e+17,0.0,1.7664341983441856e+17,154.14551466180734,-0.028301395980855754,0.028301395980855754,0.02675850056612983
nta_5e19,5e+19,0.0,tail,coupled_final,0.0,0.01,0.0,0.3,channel,0.0007,3.825000000000001e-06,7.0,38.25000000000001,-0.07773676021788203,377749439245210.0,1.778289327911759e+17,0.0,1.778289327911759e+17,151.9964955606491,-0.02849133609671784,0.02849133609671784,0.02694968159522437
nta_5e19,5e+19,0.0,tail,coupled_final,0.0,0.01,0.0,0.3,channel,0.0007,3.9e-06,7.0,39.0,-0.0770299859690031,388219291831242.5,1.7940559516004547e+17,0.0,1.7940559516004547e+17,149.20621213696452,-0.02874394525742883,0.02874394525742883,0.027203968211252837
nta_5e19,5e+19,0.0,tail,coupled_final,0.0,0.01,0.0,0.3,channel,0.0007,3.975e-06,7.0,39.75,-0.07615038692749684,401655507611080.75,1.8138729488911942e+17,0.0,1.8138729488911942e+17,145.8049780138584,-0.029061448557581474,0.029061448557581474,0.027523624230502662
nta_5e19,5e+19,0.0,tail,coupled_final,0.0,0.01,0.0,0.3,channel,0.0007,4.05e-06,7.0,40.5,-0.07509593234234767,418376983015895.9,1.8379175255335043e+17,0.0,1.8379175255335043e+17,141.82951388837364,-0.029446685146288787,0.029446685146288787,0.027911539894927936
nta_5e19,5e+19,0.0,tail,coupled_final,0.0,0.01,0.0,0.3,channel,0.0007,4.125e-06,7.0,41.25,-0.07386415781406164,438794004688083.94,1.866408653008055e+17,0.0,1.866408653008055e+17,137.3224073930235,-0.029903163333449195,0.029903163333449195,0.02837128924959425
nta_5e19,5e+19,0.0,tail,coupled_final,0.0,0.01,0.0,0.3,channel,0.0007,4.2000000000000004e-06,7.0,42.00000000000001,-0.07245214258902258,463427174952677.94,1.8996114217825088e+17,0.0,1.8996114217825088e+17,132.331488414529,-0.03043513033659454,0.03043513033659454,0.028907202921721522
nta_5e19,5e+19,0.0,tail,coupled_final,0.0,0.01,0.0,0.3,channel,0.0007,4.2750000000000006e-06,7.0,42.75000000000001,-0.07085648204733781,492932455890296.94,1.937842460206674e+17,0.0,1.937842460206674e+17,126.90912998325389,-0.031047659101162077,0.031047659101162077,0.029524458953458843
nta_5e19,5e+19,0.0,tail,coupled_final,0.0,0.01,0.0,0.3,channel,0.0007,4.350000000000001e-06,7.0,43.50000000000001,-0.06907325480711943,528134226234228.06,1.9814766143549418e+17,0.0,1.9814766143549418e+17,121.11148616328099,-0.031746755323369166,0.031746755323369166,0.03022919512105798
nta_5e19,5e+19,0.0,tail,coupled_final,0.0,0.01,0.0,0.3,channel,0.0007,4.425e-06,7.0,44.25,-0.06709798373164592,570068976211881.1,2.030955138581697e+17,0.0,2.030955138581697e+17,114.99767959182935,-0.03253948867737826,0.03253948867737826,0.03102864716272376
nta_5e19,5e+19,0.0,tail,coupled_final,0.0,0.01,0.0,0.3,channel,0.0007,4.5e-06,7.0,45.0,-0.06492558996125267,620043295697741.9,2.0867957157471344e+17,0.0,2.0867957157471344e+17,108.62895238219373,-0.03343415335701364,0.03343415335701364,0.03193131861105717
nta_5e19,5e+19,0.0,tail,coupled_final,0.0,0.01,0.0,0.3,channel,0.0007,4.575e-06,7.0,45.75,-0.06255033889101844,679711280881894.1,2.1496047150615056e+17,0.0,2.1496047150615056e+17,102.06779487709996,-0.03444046446807772,0.03444046446807772,0.032947189587287234
nta_5e19,5e+19,0.0,tail,coupled_final,0.0,0.01,0.0,0.3,channel,0.0007,4.65e-06,7.0,46.50000000000001,-0.05996577676779366,751178606067327.2,2.2200922111558445e+17,0.0,2.2200922111558445e+17,95.37706699917621,-0.03556979866039288,0.03556979866039288,0.03408797410745305
nta_5e19,5e+19,0.0,tail,coupled_final,0.0,0.01,0.0,0.3,channel,0.0007,4.7250000000000005e-06,7.0,47.25000000000001,-0.057164656271923166,837143604646439.4,2.2990904395854e+17,0.0,2.2990904395854e+17,88.61912648870899,-0.03683548981756516,0.03683548981756516,0.03536743837583187
nta_5e19,5e+19,0.0,tail,coupled_final,0.0,0.01,0.0,0.3,channel,0.0007,4.8e-06,7.0,48.0,-0.054138849061568906,941090279782191.0,2.3875765639544416e+17,0.0,2.3875765639544416e+17,81.85497717998825,-0.03825319382653813,0.03825319382653813,0.036801796478213286
nta_5e19,5e+19,0.0,tail,coupled_final,0.0,0.01,0.0,0.3,channel,0.0007,4.875e-06,7.0,48.75,-0.05087924276582244,1067555011142202.6,2.4867008950691187e+17,0.0,2.4867008950691187e+17,75.14344917347664,-0.039841340698266274,0.039841340698266274,0.03841020523370244
nta_5e19,5e+19,0.0,tail,coupled_final,0.0,0.01,0.0,0.3,channel,0.0007,4.95e-06,7.0,49.5,-0.04737561928285068,1222499098492190.5,2.5978220565438518e+17,0.0,2.5978220565438518e+17,68.54042233356392,-0.04162169798284386,0.04162169798284386,0.04021538729791289
nta_5e19,5e+19,0.0,tail,coupled_final,0.0,0.01,0.0,0.3,channel,0.0007,5.025e-06,7.0,50.25,-0.04361651042454584,1413835222714218.5,2.7225510687531974e+17,0.0,2.7225510687531974e+17,62.09810585321676,-0.043620077072281,0.043620077072281,0.04224442181409689
nta_5e19,5e+19,0.0,tail,coupled_final,0.0,0.01,0.0,0.3,channel,0.0007,5.1e-06,7.0,51.0,-0.03958902588473183,1652180756396158.5,2.8628069767962762e+17,0.0,2.8628069767962762e+17,55.86438909584031,-0.045867224458751736,0.045867224458751736,0.044529756365055975
nta_5e19,5e+19,0.0,tail,coupled_final,0.0,0.01,0.0,0.3,channel,0.0007,5.1750000000000004e-06,7.0,51.75000000000001,-0.03527864710207146,1951950212086741.8,3.0208875582832755e+17,0.0,3.0208875582832755e+17,49.88227962721007,-0.04839995459822777,0.04839995459822777,0.047110514866281435
nta_5e19,5e+19,0.0,tail,coupled_final,0.0,0.01,0.0,0.3,channel,0.0007,5.2500000000000006e-06,7.0,52.50000000000001,-0.03066897870872599,2332962493321576.5,3.199559928387119e+17,0.0,3.199559928387119e+17,44.18943965143842,-0.051262601563445545,0.051262601563445545,0.05003420672892537
nta_5e19,5e+19,0.0,tail,coupled_final,0.0,0.01,0.0,0.3,channel,0.0007,5.325e-06,7.0,53.25,-0.025741446706581312,2822842523754851.0,3.402177669451728e+17,0.0,3.402177669451728e+17,38.817822505683075,-0.05450889566712134,0.05450889566712134,0.053358988266423504
nta_5e19,5e+19,0.0,tail,coupled_final,0.0,0.01,0.0,0.3,channel,0.0007,5.4e-06,7.0,54.0,-0.020474929004491334,3460670529034817.5,3.632833668724667e+17,0.0,3.632833668724667e+17,33.793404674165785,-0.05820441219239157,0.05820441219239157,0.05715669610435078
nta_5e19,5e+19,0.0,tail,coupled_final,0.0,0.01,0.0,0.3,channel,0.0007250000000000001,3e-06,7.250000000000001,30.0,-0.07411221184952253,430194815464371.25,1.8545207423019635e+17,0.0,1.8545207423019635e+17,139.17695688539132,-0.02971269800584541,0.02971269800584541,0.02817944617998591
nta_5e19,5e+19,0.0,tail,coupled_final,0.0,0.01,0.0,0.3,channel,0.0007250000000000001,3.075e-06,7.250000000000001,30.750000000000004,-0.07528260852063916,411152914759259.9,1.8276111262082406e+17,0.0,1.8276111262082406e+17,143.51373295508228,-0.02928155842449268,0.02928155842449268,0.027745255749795507
nta_5e19,5e+19,0.0,tail,coupled_final,0.0,0.01,0.0,0.3,channel,0.0007250000000000001,3.1500000000000003e-06,7.250000000000001,31.500000000000004,-0.07627674163900504,395642258224477.94,1.8050604754043885e+17,0.0,1.8050604754043885e+17,147.30321770278363,-0.028920257166498427,0.028920257166498427,0.027381469410653454
nta_5e19,5e+19,0.0,tail,coupled_final,0.0,0.01,0.0,0.3,channel,0.0007250000000000001,3.225e-06,7.250000000000001,32.25,-0.07709692231237489,383287135577219.2,1.786664959810043e+17,0.0,1.786664959810043e+17,150.50473937560758,-0.028625528513941997,0.028625528513941997,0.027084761249215456
nta_5e19,5e+19,0.0,tail,coupled_final,0.0,0.01,0.0,0.3,channel,0.0007250000000000001,3.3e-06,7.250000000000001,33.0,-0.07774503550580021,373797524214413.0,1.7722611362593773e+17,0.0,1.7722611362593773e+17,153.08368692049208,-0.028394753818610643,0.028394753818610643,0.02685246615052498
nta_5e19,5e+19,0.0,tail,coupled_final,0.0,0.01,0.0,0.3,channel,0.0007250000000000001,3.3750000000000003e-06,7.250000000000001,33.75,-0.07822255697290746,366956354695830.2,1.761722802002569e+17,0.0,1.761722802002569e+17,155.01201900986118,-0.028225911089535243,0.028225911089535243,0.026682527345254392
nta_5e19,5e+19,0.0,tail,coupled_final,0.0,0.01,0.0,0.3,channel,0.0007250000000000001,3.45e-06,7.250000000000001,34.5,-0.07853056632240145,362610256036956.06,1.7549586098472765e+17,0.0,1.7549586098472765e+17,156.26867729336604,-0.028117536783344284,0.028117536783344284,0.026573456717291402
nta_5e19,5e+19,0.0,tail,coupled_final,0.0,0.01,0.0,0.3,channel,0.0007250000000000001,3.525e-06,7.250000000000001,35.25,-0.07866975647195693,360663166877165.1,1.7519103666587888e+17,0.0,1.7519103666587888e+17,156.83989722409973,-0.02806869854323084,0.02806869854323084,0.026524306519102342
nta_5e19,5e+19,0.0,tail,coupled_final,0.0,0.01,0.0,0.3,channel,0.0007250000000000001,3.6000000000000003e-06,7.250000000000001,36.0,-0.0786404396691886,361072399677434.06,1.7525519603503443e+17,0.0,1.7525519603503443e+17,156.71941144744065,-0.02807897800744216,0.02807897800744216,0.02653465154963671
nta_5e19,5e+19,0.0,tail,coupled_final,0.0,0.01,0.0,0.3,channel,0.0007250000000000001,3.6750000000000004e-06,7.250000000000001,36.75000000000001,-0.078442550192922,363846908390532.6,1.7568888811961984e+17,0.0,1.7568888811961984e+17,155.9085424666479,-0.028148463139869507,0.028148463139869507,0.026604581207367153
nta_5e19,5e+19,0.0,tail,coupled_final,0.0,0.01,0.0,0.3,channel,0.0007250000000000001,3.7500000000000005e-06,7.250000000000001,37.50000000000001,-0.07807564378525156,369047650968189.94,1.7649583223354282e+17,0.0,1.7649583223354282e+17,154.41618308612735,-0.028277749840296632,0.028277749840296632,0.026734701158618014
nta_5e19,5e+19,0.0,tail,coupled_final,0.0,0.01,0.0,0.3,channel,0.0007250000000000001,3.825000000000001e-06,7.250000000000001,38.25000000000001,-0.07753889380378733,376790069376035.2,1.7768298626378454e+17,0.0,1.7768298626378454e+17,152.25866494885298,-0.028467952885117855,0.028467952885117855,0.026926144675625607
nta_5e19,5e+19,0.0,tail,coupled_final,0.0,0.01,0.0,0.3,channel,0.0007250000000000001,3.9e-06,7.250000000000001,39.0,-0.07683108402206035,387248843093718.9,1.7926067535598672e+17,0.0,1.7926067535598672e+17,149.45951729387164,-0.028720726545042152,0.028720726545042152,0.027180594015836983
nta_5e19,5e+19,0.0,tail,coupled_final,0.0,0.01,0.0,0.3,channel,0.0007250000000000001,3.975e-06,7.250000000000001,39.75,-0.07595059794226551,400665219235637.8,1.8124278511230992e+17,0.0,1.8124278511230992e+17,146.0491198288283,-0.0290382955388026,0.0290382955388026,0.027500312550034184
nta_5e19,5e+19,0.0,tail,coupled_final,0.0,0.01,0.0,0.3,channel,0.0007250000000000001,4.05e-06,7.250000000000001,40.5,-0.0748954044162345,417357396931368.1,1.8364702556667603e+17,0.0,1.8364702556667603e+17,142.06425531082783,-0.029423497326652892,0.029423497326652892,0.027888188719591943
nta_5e19,5e+19,0.0,tail,coupled_final,0.0,0.01,0.0,0.3,channel,0.0007250000000000001,4.125e-06,7.250000000000001,41.25,-0.07366303929538148,437734662249945.56,1.8649527466587158e+17,0.0,1.8649527466587158e+17,137.54756903463013,-0.02987983714210716,0.02987983714210716,0.028347793332882034
nta_5e19,5e+19,0.0,tail,coupled_final,0.0,0.01,0.0,0.3,channel,0.0007250000000000001,4.2000000000000004e-06,7.250000000000001,42.00000000000001,-0.07225058274562161,462316255007579.6,1.8981401289176746e+17,0.0,1.8981401289176746e+17,132.54694393008126,-0.030411557626096458,0.030411557626096458,0.02888345222222561
nta_5e19,5e+19,0.0,tail,coupled_final,0.0,0.01,0.0,0.3,channel,0.0007250000000000001,4.2750000000000006e-06,7.250000000000001,42.75000000000001,-0.07065463176567842,491756331055444.75,1.9363486417425763e+17,0.0,1.9363486417425763e+17,127.11480137368022,-0.031023725490775925,0.031023725490775925,0.02950033690709979
nta_5e19,5e+19,0.0,tail,coupled_final,0.0,0.01,0.0,0.3,channel,0.0007250000000000001,4.350000000000001e-06,7.250000000000001,43.50000000000001,-0.06887126733280322,526876906881338.9,1.9799526257723914e+17,0.0,1.9799526257723914e+17,121.30733913117957,-0.031722338334394716,0.031722338334394716,0.030204576687314664
nta_5e19,5e+19,0.0,tail,coupled_final,0.0,0.01,0.0,0.3,channel,0.0007250000000000001,4.425e-06,7.250000000000001,44.25,-0.06689601546378685,568711401059884.1,2.0293926966868342e+17,0.0,2.0293926966868342e+17,115.18371906369616,-0.03251445559841895,0.03251445559841895,0.031003396576245703
nta_5e19,5e+19,0.0,tail,coupled_final,0.0,0.01,0.0,0.3,channel,0.0007250000000000001,4.5e-06,7.250000000000001,45.0,-0.06472380131498418,618562412739372.1,2.0851857438297293e+17,0.0,2.0851857438297293e+17,108.80521829449283,-0.033408358763139016,0.033408358763139016,0.031905286753575186
nta_5e19,5e+19,0.0,tail,coupled_final,0.0,0.01,0.0,0.3,channel,0.0007250000000000001,4.575e-06,7.250000000000001,45.75,-0.062348895244830886,678078840488251.5,2.1479371605382746e+17,0.0,2.1479371605382746e+17,102.2343583086819,-0.0344137472991473,0.0344137472991473,0.03292021087257131
nta_5e19,5e+19,0.0,tail,coupled_final,0.0,0.01,0.0,0.3,channel,0.0007250000000000001,4.65e-06,7.250000000000001,46.50000000000001,-0.05976484951549129,749359556320122.4,2.2183558282392918e+17,0.0,2.2183558282392918e+17,95.53402672285544,-0.035541978739027105,0.035541978739027105,0.034059862742187176
nta_5e19,5e+19,0.0,tail,coupled_final,0.0,0.01,0.0,0.3,channel,0.0007250000000000001,4.7250000000000005e-06,7.250000000000001,47.25000000000001,-0.05696442400295527,835093932296766.1,2.297272527465238e+17,0.0,2.297272527465238e+17,88.766606009342,-0.03680636365434928,0.03680636365434928,0.03533798381890138
nta_5e19,5e+19,0.0,tail,coupled_final,0.0,0.01,0.0,0.3,channel,0.0007250000000000001,4.8e-06,7.250000000000001,48.0,-0.05393949889858193,938754071024965.9,2.385662648250856e+17,0.0,2.385662648250856e+17,81.99312231825586,-0.03822252951634082,0.03822252951634082,0.03677075786610768
nta_5e19,5e+19,0.0,tail,coupled_final,0.0,0.01,0.0,0.3,channel,0.0007250000000000001,4.875e-06,7.250000000000001,48.75,-0.050680971894848034,1064860402465685.8,2.4846743366817382e+17,0.0,2.4846743366817382e+17,75.27242623083184,-0.0398088716533093,0.0398088716533093,0.038377304464839536
nta_5e19,5e+19,0.0,tail,coupled_final,0.0,0.01,0.0,0.3,channel,0.0007250000000000001,4.95e-06,7.250000000000001,49.5,-0.047178636720064435,1219352629735346.5,2.595663567134434e+17,0.0,2.595663567134434e+17,68.66041682295744,-0.0415871151698788,0.0415871151698788,0.040180300365075645
nta_5e19,5e+19,0.0,tail,coupled_final,0.0,0.01,0.0,0.3,channel,0.0007250000000000001,5.025e-06,7.250000000000001,50.25,-0.04342103907466112,1410113860467973.0,2.7202381054381926e+17,0.0,2.7202381054381926e+17,62.20932170795564,-0.043583019314495,0.043583019314495,0.04220676782834713
nta_5e19,5e+19,0.0,tail,coupled_final,0.0,0.01,0.0,0.3,channel,0.0007250000000000001,5.1e-06,7.250000000000001,51.0,-0.039395304960759006,1647720473664129.8,2.8603129793823533e+17,0.0,2.8603129793823533e+17,55.96704821168435,-0.0458272662149333,0.0458272662149333,0.04448908350516011
nta_5e19,5e+19,0.0,tail,coupled_final,0.0,0.01,0.0,0.3,channel,0.0007250000000000001,5.1750000000000004e-06,7.250000000000001,51.75000000000001,-0.03508693499570472,1946529401614484.8,3.018180979382916e+17,0.0,3.018180979382916e+17,49.976621604909916,-0.04835659042350543,0.04835659042350543,0.0470662821819715
nta_5e19,5e+19,0.0,tail,coupled_final,0.0,0.01,0.0,0.3,channel,0.0007250000000000001,5.2500000000000006e-06,7.250000000000001,52.50000000000001,-0.030479556426960357,2326277506283609.0,3.1966029884151e+17,0.0,3.1966029884151e+17,44.275721704216835,-0.051215226162132456,0.051215226162132456,0.049985760274609194
nta_5e19,5e+19,0.0,tail,coupled_final,0.0,0.01,0.0,0.3,channel,0.0007250000000000001,5.325e-06,7.250000000000001,53.25,-0.02555462202618054,2814470998625919.5,3.3989247427117965e+17,0.0,3.3989247427117965e+17,38.89631959240237,-0.054456778034973015,0.054456778034973015,0.053305529368079925
nta_5e19,5e+19,0.0,tail,coupled_final,0.0,0.01,0.0,0.3,channel,0.0007250000000000001,5.4e-06,7.250000000000001,54.0,-0.020291041545904845,3450015435798020.5,3.6292291703742803e+17,0.0,3.6292291703742803e+17,33.86440986326612,-0.05814666176204877,0.05814666176204877,0.05709723853986626
nta_5e19,5e+19,0.0,tail,coupled_final,0.0,0.01,0.0,0.3,channel,0.00075,3e-06,7.5,30.0,-0.07393587149587652,428733199509445.9,1.8524841630138538e+17,0.0,1.8524841630138538e+17,139.49837030431485,-0.029680068408358434,0.029680068408358434,0.02814658240580584
nta_5e19,5e+19,0.0,tail,coupled_final,0.0,0.01,0.0,0.3,channel,0.00075,3.075e-06,7.5,30.750000000000004,-0.07510337477176296,409801858030777.5,1.825670011156429e+17,0.0,1.825670011156429e+17,143.834237345987,-0.029250458332693498,0.029250458332693498,0.02771393919484417
nta_5e19,5e+19,0.0,tail,coupled_final,0.0,0.01,0.0,0.3,channel,0.00075,3.1500000000000003e-06,7.5,31.500000000000004,-0.07609481344667803,394383272565394.2,1.8032039456906685e+17,0.0,1.8032039456906685e+17,147.6217461185297,-0.028890512281221938,0.028890512281221938,0.027351522813636415
nta_5e19,5e+19,0.0,tail,coupled_final,0.0,0.01,0.0,0.3,channel,0.00075,3.225e-06,7.5,32.25,-0.07691248992513539,382104476904631.7,1.7848831381806762e+17,0.0,1.7848831381806762e+17,150.82028063185163,-0.028596980584136723,0.028596980584136723,0.027056023836601065
nta_5e19,5e+19,0.0,tail,coupled_final,0.0,0.01,0.0,0.3,channel,0.00075,3.3e-06,7.5,33.0,-0.07755828149032785,372677613043776.9,1.7705449915604192e+17,0.0,1.7705449915604192e+17,153.39529233267206,-0.028367258149238305,0.028367258149238305,0.02682479105160167
nta_5e19,5e+19,0.0,tail,coupled_final,0.0,0.01,0.0,0.3,channel,0.00075,3.3750000000000003e-06,7.5,33.75,-0.07803365714708192,365887308642922.44,1.7600640136125856e+17,0.0,1.7600640136125856e+17,155.31880772629702,-0.028199334369543423,0.028199334369543423,0.026655779345201906
nta_5e19,5e+19,0.0,tail,coupled_final,0.0,0.01,0.0,0.3,channel,0.00075,3.45e-06,7.5,34.5,-0.07833969061431216,361581506192472.9,1.753349448196028e+17,0.0,1.753349448196028e+17,156.5698402328118,-0.028091755171364696,0.028091755171364696,0.02654751028141551
nta_5e19,5e+19,0.0,tail,coupled_final,0.0,0.01,0.0,0.3,channel,0.00075,3.525e-06,7.5,35.25,-0.0784770697174157,359665136300444.44,1.750343586558079e+17,0.0,1.750343586558079e+17,157.1346996549956,-0.028043595958551104,0.028043595958551104,0.026499044032295607
nta_5e19,5e+19,0.0,tail,coupled_final,0.0,0.01,0.0,0.3,channel,0.00075,3.6000000000000003e-06,7.5,36.0,-0.07844610235892968,360096226761623.5,1.7510207043357165e+17,0.0,1.7510207043357165e+17,157.00719427246014,-0.028054444581369072,0.028054444581369072,0.02650996172341998
nta_5e19,5e+19,0.0,tail,coupled_final,0.0,0.01,0.0,0.3,channel,0.00075,3.6750000000000004e-06,7.5,36.75000000000001,-0.07824671917960949,362884200970387.44,1.7553865904318205e+17,0.0,1.7553865904318205e+17,156.1887222998246,-0.028124393788267907,0.028124393788267907,0.02658035761303216
nta_5e19,5e+19,0.0,tail,coupled_final,0.0,0.01,0.0,0.3,channel,0.00075,3.7500000000000005e-06,7.5,37.50000000000001,-0.0778784729596131,368090259078200.44,1.763478652888038e+17,0.0,1.763478652888038e+17,154.6882512306112,-0.02825404292215011,0.02825404292215011,0.02671084084937992
nta_5e19,5e+19,0.0,tail,coupled_final,0.0,0.01,0.0,0.3,channel,0.00075,3.825000000000001e-06,7.5,38.25000000000001,-0.07734053474862747,375829865710746.56,1.7753666050919856e+17,0.0,1.7753666050919856e+17,152.522185400859,-0.028444508914622847,0.028444508914622847,0.02690254686354296
nta_5e19,5e+19,0.0,tail,coupled_final,0.0,0.01,0.0,0.3,channel,0.00075,3.9e-06,7.5,39.0,-0.07663168665255876,386277500572896.2,1.7911537540337366e+17,0.0,1.7911537540337366e+17,149.71412391228407,-0.02869744692614236,0.02869744692614236,0.02715715877070814
nta_5e19,5e+19,0.0,tail,coupled_final,0.0,0.01,0.0,0.3,channel,0.00075,3.975e-06,7.5,39.75,-0.0757503111408262,399673974653769.75,1.81097893175554e+17,0.0,1.81097893175554e+17,146.294512819882,-0.029015081291250064,0.029015081291250064,0.02747693948759088
nta_5e19,5e+19,0.0,tail,coupled_final,0.0,0.01,0.0,0.3,channel,0.00075,4.05e-06,7.5,40.5,-0.07469437667021962,416336788414651.3,1.8350191325803123e+17,0.0,1.8350191325803123e+17,142.30019718297942,-0.029400247771631242,0.029400247771631242,0.0278647756450585
nta_5e19,5e+19,0.0,tail,coupled_final,0.0,0.01,0.0,0.3,channel,0.00075,4.125e-06,7.5,41.25,-0.07346141934634709,436674226006819.1,1.8634929432558432e+17,0.0,1.8634929432558432e+17,137.77388017983782,-0.029856448513083996,0.029856448513083996,0.028324234803241814
nta_5e19,5e+19,0.0,tail,coupled_final,0.0,0.01,0.0,0.3,channel,0.00075,4.2000000000000004e-06,7.5,42.00000000000001,-0.07204852025918942,461204163383153.94,1.8966648821265462e+17,0.0,1.8966648821265462e+17,132.76349798398067,-0.030387921566715163,0.030387921566715163,0.028859637986122767
nta_5e19,5e+19,0.0,tail,coupled_final,0.0,0.01,0.0,0.3,channel,0.00075,4.2750000000000006e-06,7.5,42.75000000000001,-0.07045227803195445,490578948778787.25,1.9348507984783043e+17,0.0,1.9348507984783043e+17,127.32152049850961,-0.030999727395981818,0.030999727395981818,0.029476150174868383
nta_5e19,5e+19,0.0,tail,coupled_final,0.0,0.01,0.0,0.3,channel,0.00075,4.350000000000001e-06,7.5,43.50000000000001,-0.06866877600833385,525618235008841.0,1.9784245263944035e+17,0.0,1.9784245263944035e+17,121.50418935219444,-0.03169785548321629,0.03169785548321629,0.03017989217466984
nta_5e19,5e+19,0.0,tail,coupled_final,0.0,0.01,0.0,0.3,channel,0.00075,4.425e-06,7.5,44.25,-0.06669354336748062,567352367538616.6,2.0278260415772822e+17,0.0,2.0278260415772822e+17,115.37070577348811,-0.03248935501631834,0.03248935501631834,0.030978078252969835
nta_5e19,5e+19,0.0,tail,coupled_final,0.0,0.01,0.0,0.3,channel,0.00075,4.5e-06,7.5,45.0,-0.06452150929230169,617079953346480.0,2.0835714383416266e+17,0.0,2.0835714383416266e+17,108.98238202247589,-0.03338249473780726,0.03338249473780726,0.031879185212063406
nta_5e19,5e+19,0.0,tail,coupled_final,0.0,0.01,0.0,0.3,channel,0.00075,4.575e-06,7.5,45.75,-0.062146949116960185,676444692040389.1,2.146265132396574e+17,0.0,2.146265132396574e+17,102.40177083823487,-0.034386958454947075,0.034386958454947075,0.03289316020892512
nta_5e19,5e+19,0.0,tail,coupled_final,0.0,0.01,0.0,0.3,channel,0.00075,4.65e-06,7.5,46.50000000000001,-0.05956342113332309,747538652284409.5,2.2166148099304698e+17,0.0,2.2166148099304698e+17,95.69178762884056,-0.035514084550489496,0.035514084550489496,0.03403167681265969
nta_5e19,5e+19,0.0,tail,coupled_final,0.0,0.01,0.0,0.3,channel,0.00075,4.7250000000000005e-06,7.5,47.25000000000001,-0.056763692429640314,833042244336840.8,2.2954497940964742e+17,0.0,2.2954497940964742e+17,88.91483968331346,-0.03677716024621482,0.03677716024621482,0.03530845169411596
nta_5e19,5e+19,0.0,tail,coupled_final,0.0,0.01,0.0,0.3,channel,0.00075,4.8e-06,7.5,48.0,-0.05373965174954977,936415670894314.4,2.3837436986310742e+17,0.0,2.3837436986310742e+17,82.131975540779,-0.03819178455391445,0.03819178455391445,0.036739638250676276
nta_5e19,5e+19,0.0,tail,coupled_final,0.0,0.01,0.0,0.3,channel,0.00075,4.875e-06,7.5,48.75,-0.050482206870738684,1062163414878763.9,2.4826425017402605e+17,0.0,2.4826425017402605e+17,75.40206632694618,-0.03977631806863549,0.03977631806863549,0.038344318775116334
nta_5e19,5e+19,0.0,tail,coupled_final,0.0,0.01,0.0,0.3,channel,0.00075,4.95e-06,7.5,49.5,-0.04698116337654965,1216203588970559.2,2.593499524906733e+17,0.0,2.593499524906733e+17,68.78103038617007,-0.041552443390956685,0.041552443390956685,0.040145124054200246
nta_5e19,5e+19,0.0,tail,coupled_final,0.0,0.01,0.0,0.3,channel,0.00075,5.025e-06,7.5,50.25,-0.04322508088426657,1406389739887153.5,2.7179192751875126e+17,0.0,2.7179192751875126e+17,62.32111380555234,-0.04354586755803649,0.04354586755803649,0.04216901940199094
nta_5e19,5e+19,0.0,tail,coupled_final,0.0,0.01,0.0,0.3,channel,0.00075,5.1e-06,7.5,51.0,-0.039201101736469464,1643257275851160.2,2.857812758186471e+17,0.0,2.857812758186471e+17,56.07024192583318,-0.045787208255134555,0.045787208255134555,0.04444831046223648
nta_5e19,5e+19,0.0,tail,coupled_final,0.0,0.01,0.0,0.3,channel,0.00075,5.1750000000000004e-06,7.5,51.75000000000001,-0.03489474576566997,1941105589623190.2,3.015467771525264e+17,0.0,3.015467771525264e+17,50.071457774872,-0.048313120041178284,0.048313120041178284,0.04702194280916039
nta_5e19,5e+19,0.0,tail,coupled_final,0.0,0.01,0.0,0.3,channel,0.00075,5.2500000000000006e-06,7.5,52.50000000000001,-0.030289662875959796,2319589573068250.5,3.193638959590109e+17,0.0,3.193638959590109e+17,44.36245883216298,-0.05116773718487342,0.05116773718487342,0.04993719977231742
nta_5e19,5e+19,0.0,tail,coupled_final,0.0,0.01,0.0,0.3,channel,0.00075,5.325e-06,7.5,53.25,-0.025367332655516488,2806096849034631.0,3.395664205271156e+17,0.0,3.395664205271156e+17,38.975233973611594,-0.054404538465956255,0.054404538465956255,0.05325194811238268
nta_5e19,5e+19,0.0,tail,coupled_final,0.0,0.01,0.0,0.3,channel,0.00075,5.4e-06,7.5,54.0,-0.02010669675335416,3439358523531750.5,3.625616469438254e+17,0.0,3.625616469438254e+17,33.93579594863908,-0.05808877991179545,0.05808877991179545,0.05703764926403059
nta_5e19,5e+19,0.0,tail,coupled_final,0.0,0.01,0.0,0.3,channel,0.000775,3e-06,7.75,30.0,-0.07375909259124706,427271865434978.94,1.8504432665795478e+17,0.0,1.8504432665795478e+17,139.82156390569165,-0.029647369642563846,0.029647369642563846,0.028113649508480394
nta_5e19,5e+19,0.0,tail,coupled_final,0.0,0.01,0.0,0.3,channel,0.000775,3.075e-06,7.75,30.750000000000004,-0.0749236952361057,408450877496216.4,1.823724663761893e+17,0.0,1.823724663761893e+17,144.15650030363,-0.029219290431288115,0.029219290431288115,0.02768255484249424
nta_5e19,5e+19,0.0,tail,coupled_final,0.0,0.01,0.0,0.3,channel,0.000775,3.1500000000000003e-06,7.75,31.500000000000004,-0.0759124326624844,393124196974776.9,1.8013432619564026e+17,0.0,1.8013432619564026e+17,147.94200714767973,-0.02886070084119889,0.02886070084119889,0.027321509647464194
nta_5e19,5e+19,0.0,tail,coupled_final,0.0,0.01,0.0,0.3,channel,0.000775,3.225e-06,7.75,32.25,-0.07672759856385288,380921592403396.2,1.7830972337675853e+17,0.0,1.7830972337675853e+17,151.13752456282876,-0.028568367240924607,0.028568367240924607,0.027027220974398088
nta_5e19,5e+19,0.0,tail,coupled_final,0.0,0.01,0.0,0.3,channel,0.000775,3.3e-06,7.75,33.0,-0.0773710625344327,371557363177520.44,1.7688248277508592e+17,0.0,1.7688248277508592e+17,153.70856685594688,-0.02833969808661501,0.02833969808661501,0.026797051505162376
nta_5e19,5e+19,0.0,tail,coupled_final,0.0,0.01,0.0,0.3,channel,0.000775,3.3750000000000003e-06,7.75,33.75,-0.07784428682388429,364817828451181.25,1.758401261828389e+17,0.0,1.758401261828389e+17,155.6272287287759,-0.02817269414897561,0.02817269414897561,0.026628967775016717
nta_5e19,5e+19,0.0,tail,coupled_final,0.0,0.01,0.0,0.3,channel,0.000775,3.45e-06,7.75,34.5,-0.07814833925575808,360552239774202.5,1.7517363705703123e+17,0.0,1.7517363705703123e+17,156.8725957340813,-0.028065910818557194,0.028065910818557194,0.026521501021947454
nta_5e19,5e+19,0.0,tail,coupled_final,0.0,0.01,0.0,0.3,channel,0.000775,3.525e-06,7.75,35.25,-0.07828390255843083,358666516199803.4,1.7487729292931123e+17,0.0,1.7487729292931123e+17,157.4310523811932,-0.028018431254851584,0.028018431254851584,0.026473719332016938
nta_5e19,5e+19,0.0,tail,coupled_final,0.0,0.01,0.0,0.3,channel,0.000775,3.6000000000000003e-06,7.75,36.0,-0.07825128028548606,359119398000359.2,1.7494856010500326e+17,0.0,1.7494856010500326e+17,157.29648293180279,-0.02802984951521808,0.02802984951521808,0.02648521015204731
nta_5e19,5e+19,0.0,tail,coupled_final,0.0,0.01,0.0,0.3,channel,0.000775,3.6750000000000004e-06,7.75,36.75000000000001,-0.07805039943663385,361920775651902.8,1.753880473052156e+17,0.0,1.753880473052156e+17,156.47036164753317,-0.02810026312753031,0.02810026312753031,0.026556072594541173
nta_5e19,5e+19,0.0,tail,coupled_final,0.0,0.01,0.0,0.3,channel,0.000775,3.7500000000000005e-06,7.75,37.50000000000001,-0.07768080982805649,367132089510456.5,1.7619951678941693e+17,0.0,1.7619951678941693e+17,154.96173103175786,-0.028230274872209447,0.028230274872209447,0.026686919283749975
nta_5e19,5e+19,0.0,tail,coupled_final,0.0,0.01,0.0,0.3,channel,0.000775,3.825000000000001e-06,7.75,38.25000000000001,-0.07714168020045194,374868825128891.0,1.7738995330880992e+17,0.0,1.7738995330880992e+17,152.7870684171855,-0.028421003829772622,0.028421003829772622,0.026878887803016276
nta_5e19,5e+19,0.0,tail,coupled_final,0.0,0.01,0.0,0.3,channel,0.000775,3.9e-06,7.75,39.0,-0.07643179099205107,385305260885783.7,1.789696930706345e+17,0.0,1.789696930706345e+17,149.9700430529511,-0.02867410604319223,0.02867410604319223,0.027133662117787078
nta_5e19,5e+19,0.0,tail,coupled_final,0.0,0.01,0.0,0.3,channel,0.000775,3.975e-06,7.75,39.75,-0.07554952364050975,398681770210024.6,1.80952616828856e+17,0.0,1.80952616828856e+17,146.54116760606888,-0.028991805454434826,0.028991805454434826,0.02745350468209805
nta_5e19,5e+19,0.0,tail,coupled_final,0.0,0.01,0.0,0.3,channel,0.000775,4.05e-06,7.75,40.5,-0.0744928462097058,415315153523919.75,1.83356413353179e+17,0.0,1.83356413353179e+17,142.53734968193896,-0.029376936116850896,0.029376936116850896,0.02784130030632311
nta_5e19,5e+19,0.0,tail,coupled_final,0.0,0.01,0.0,0.3,channel,0.000775,4.125e-06,7.75,41.25,-0.0732592950627521,435612691712593.44,1.8620292197524413e+17,0.0,1.8620292197524413e+17,138.00135056510717,-0.029832997077126125,0.029832997077126125,0.028300613290739702
nta_5e19,5e+19,0.0,tail,coupled_final,0.0,0.01,0.0,0.3,channel,0.000775,4.2000000000000004e-06,7.75,42.00000000000001,-0.07184595221826066,460090895507070.6,1.8951856579907126e+17,0.0,1.8951856579907126e+17,132.98115987469507,-0.03036422178324635,0.03036422178324635,0.028835759837476105
nta_5e19,5e+19,0.0,tail,coupled_final,0.0,0.01,0.0,0.3,channel,0.000775,4.2750000000000006e-06,7.75,42.75000000000001,-0.07024941792982982,489400304135817.25,1.9333489065520614e+17,0.0,1.9333489065520614e+17,127.52929622209079,-0.030975664434471622,0.030975664434471622,0.02945189837366751
nta_5e19,5e+19,0.0,tail,coupled_final,0.0,0.01,0.0,0.3,channel,0.000775,4.350000000000001e-06,7.75,43.50000000000001,-0.06846577791493834,524358205310132.8,1.9768922918379235e+17,0.0,1.9768922918379235e+17,121.70204526150415,-0.031673306379174294,0.031673306379174294,0.030155141191613707
nta_5e19,5e+19,0.0,tail,coupled_final,0.0,0.01,0.0,0.3,channel,0.000775,4.425e-06,7.75,44.25,-0.06649056452400462,565991869925713.5,2.026255148264142e+17,0.0,2.026255148264142e+17,115.55864773310935,-0.03246418653071014,0.03246418653071014,0.030952691791613036
nta_5e19,5e+19,0.0,tail,coupled_final,0.0,0.01,0.0,0.3,channel,0.000775,4.5e-06,7.75,45.0,-0.06431871097708221,615595911343978.5,2.0819527735958282e+17,0.0,2.0819527735958282e+17,109.16045116150151,-0.033356560869467276,0.033356560869467276,0.031853013573981404
nta_5e19,5e+19,0.0,tail,coupled_final,0.0,0.01,0.0,0.3,channel,0.000775,4.575e-06,7.75,45.75,-0.06194449759650384,674808828871144.1,2.1445886041503258e+17,0.0,2.1445886041503258e+17,102.57003965203343,-0.03436009751112327,0.03436009751112327,0.0328660371709267
nta_5e19,5e+19,0.0,tail,coupled_final,0.0,0.01,0.0,0.3,channel,0.000775,4.65e-06,7.75,46.50000000000001,-0.05936148871830972,745715886760790.1,2.214869128833272e+17,0.0,2.214869128833272e+17,95.850356502426,-0.035486115655846036,0.035486115655846036,0.03400341587878311
nta_5e19,5e+19,0.0,tail,coupled_final,0.0,0.01,0.0,0.3,channel,0.000775,4.7250000000000005e-06,7.75,47.25000000000001,-0.056562458659718026,830988532996748.4,2.2936222110506934e+17,0.0,2.2936222110506934e+17,89.06383390359818,-0.03674787913768837,0.03674787913768837,0.03527884154475731
nta_5e19,5e+19,0.0,tail,coupled_final,0.0,0.01,0.0,0.3,channel,0.000775,4.8e-06,7.75,48.0,-0.053539304735832655,934075071017811.8,2.3818196854991904e+17,0.0,2.3818196854991904e+17,82.2715428573433,-0.03816095846508031,0.03816095846508031,0.03670843715639898
nta_5e19,5e+19,0.0,tail,coupled_final,0.0,0.01,0.0,0.3,channel,0.000775,4.875e-06,7.75,48.75,-0.050282944831496076,1059464039387855.5,2.4806053593314422e+17,0.0,2.4806053593314422e+17,75.53237509792982,-0.0397436794489601,0.0397436794489601,0.038311247667807156
nta_5e19,5e+19,0.0,tail,coupled_final,0.0,0.01,0.0,0.3,channel,0.000775,4.95e-06,7.75,49.5,-0.04678319641010516,1213051966588937.5,2.591329897463646e+17,0.0,2.591329897463646e+17,68.90226829545503,-0.041517682127018694,0.041517682127018694,0.040109857844688346
nta_5e19,5e+19,0.0,tail,coupled_final,0.0,0.01,0.0,0.3,channel,0.000775,5.025e-06,7.75,50.25,-0.04302863303426547,1402662850795304.0,2.715594543934707e+17,0.0,2.715594543934707e+17,62.43348706447611,-0.043508621257100734,0.043508621257100734,0.04213117598759314
nta_5e19,5e+19,0.0,tail,coupled_final,0.0,0.01,0.0,0.3,channel,0.000775,5.1e-06,7.75,51.0,-0.03900641341934876,1638791152329797.2,2.855306277265778e+17,0.0,2.855306277265778e+17,56.173974813291004,-0.04574705000348755,0.04574705000348755,0.04440743665871442
nta_5e19,5e+19,0.0,tail,coupled_final,0.0,0.01,0.0,0.3,channel,0.000775,5.1750000000000004e-06,7.75,51.75000000000001,-0.03470207664970431,1935678765261132.2,3.012747896659542e+17,0.0,3.012747896659542e+17,50.16679237923019,-0.04826954284160564,0.04826954284160564,0.046977496136468774
nta_5e19,5e+19,0.0,tail,coupled_final,0.0,0.01,0.0,0.3,channel,0.000775,5.2500000000000006e-06,7.75,52.50000000000001,-0.030099295327596996,2312898682999258.5,3.1906678014943763e+17,0.0,3.1906678014943763e+17,44.44965495544077,-0.0511201339841044,0.0511201339841044,0.04988852457277547
nta_5e19,5e+19,0.0,tail,coupled_final,0.0,0.01,0.0,0.3,channel,0.000775,5.325e-06,7.75,53.25,-0.025179575904722248,2797720065147528.0,3.392396014055396e+17,0.0,3.392396014055396e+17,39.054569258695494,-0.0543521762699429,0.0543521762699429,0.05319824380762814
nta_5e19,5e+19,0.0,tail,coupled_final,0.0,0.01,0.0,0.3,channel,0.000775,5.4e-06,7.75,54.0,-0.019921891979627106,3428699784319615.0,3.621995519862352e+17,0.0,3.621995519862352e+17,34.007566240310425,-0.05803076590376143,0.05803076590376143,0.056977927537705204
nta_5e19,5e+19,0.0,tail,coupled_final,0.0,0.01,0.0,0.3,channel,0.0008,3e-06,8.0,30.0,-0.07358187259186212,425810813595277.06,1.8483980291877254e+17,0.0,1.8483980291877254e+17,140.14655345194836,-0.029614601326962236,0.029614601326962236,0.028080647106566922
nta_5e19,5e+19,0.0,tail,coupled_final,0.0,0.01,0.0,0.3,channel,0.0008,3.075e-06,8.0,30.750000000000004,-0.0747435673278629,407099973060341.7,1.8217750605159408e+17,0.0,1.8217750605159408e+17,144.480537322203,-0.02918805434362576,0.02918805434362576,0.027651102316079694
nta_5e19,5e+19,0.0,tail,coupled_final,0.0,0.01,0.0,0.3,channel,0.0008,3.1500000000000003e-06,8.0,31.500000000000004,-0.07572959666098016,391865030948371.8,1.799478400968352e+17,0.0,1.799478400968352e+17,148.2640159862191,-0.028830822474191765,0.028830822474191765,0.027291429539818484
nta_5e19,5e+19,0.0,tail,coupled_final,0.0,0.01,0.0,0.3,channel,0.0008,3.225e-06,8.0,32.25,-0.0765422455658091,379738481196760.25,1.781307223582948e+17,0.0,1.781307223582948e+17,151.45648603933108,-0.028539688116000127,0.028539688116000127,0.026998352294160536
nta_5e19,5e+19,0.0,tail,coupled_final,0.0,0.01,0.0,0.3,channel,0.0008,3.3e-06,8.0,33.0,-0.07718337594046297,370436773398024.8,1.7671006220556835e+17,0.0,1.7671006220556835e+17,154.0235250118895,-0.02831207326584481,0.02831207326584481,0.026769247146116077
nta_5e19,5e+19,0.0,tail,coupled_final,0.0,0.01,0.0,0.3,channel,0.0008,3.3750000000000003e-06,8.0,33.75,-0.07765444327304873,363747912588544.3,1.7567345240528182e+17,0.0,1.7567345240528182e+17,155.93729616853696,-0.028145990065785362,0.028145990065785362,0.026602092272406924
nta_5e19,5e+19,0.0,tail,coupled_final,0.0,0.01,0.0,0.3,channel,0.0008,3.45e-06,8.0,34.5,-0.07795650948616085,359522454956851.06,1.7501193545136294e+17,0.0,1.7501193545136294e+17,157.17695755980364,-0.028040003365128994,0.028040003365128994,0.026495428578802015
nta_5e19,5e+19,0.0,tail,coupled_final,0.0,0.01,0.0,0.3,channel,0.0008,3.525e-06,8.0,35.25,-0.07809025220639906,357667304472875.75,1.747198372508671e+17,0.0,1.747198372508671e+17,157.72896876117943,-0.027993204073962205,0.027993204073962205,0.026448332059759425
nta_5e19,5e+19,0.0,tail,coupled_final,0.0,0.01,0.0,0.3,channel,0.0008,3.6000000000000003e-06,8.0,36.0,-0.07805597063450719,358141911025534.06,1.7479466281977808e+17,0.0,1.7479466281977808e+17,157.5872903669107,-0.0280051924517757,0.0280051924517757,0.02646039647792582
nta_5e19,5e+19,0.0,tail,coupled_final,0.0,0.01,0.0,0.3,channel,0.0008,3.6750000000000004e-06,8.0,36.75000000000001,-0.07785358812616901,360956629807969.1,1.7523705067775315e+17,0.0,1.7523705067775315e+17,156.75347302376957,-0.028076070800696993,0.028076070800696993,0.026531725794513565
nta_5e19,5e+19,0.0,tail,coupled_final,0.0,0.01,0.0,0.3,channel,0.0008,3.7500000000000005e-06,8.0,37.50000000000001,-0.07748265153155046,366173139381199.0,1.7605078450436902e+17,0.0,1.7605078450436902e+17,155.2366345680723,-0.02820644533302693,0.02820644533302693,0.026662936103818428
nta_5e19,5e+19,0.0,tail,coupled_final,0.0,0.01,0.0,0.3,channel,0.0008,3.825000000000001e-06,8.0,38.25000000000001,-0.07694232728129813,373906944488195.1,1.7724286242366618e+17,0.0,1.7724286242366618e+17,153.05332563500497,-0.028397437271847455,0.028397437271847455,0.026855167134822385
nta_5e19,5e+19,0.0,tail,coupled_final,0.0,0.01,0.0,0.3,channel,0.0008,3.9e-06,8.0,39.0,-0.07623139414592542,384332120625627.56,1.7882362610569456e+17,0.0,1.7882362610569456e+17,150.22728590791343,-0.028650703535369623,0.028650703535369623,0.027110103695705826
nta_5e19,5e+19,0.0,tail,coupled_final,0.0,0.01,0.0,0.3,channel,0.0008,3.975e-06,8.0,39.75,-0.07534823253235082,397688602223167.44,1.808069538015141e+17,0.0,1.808069538015141e+17,146.78909493237472,-0.028968467664550336,0.028968467664550336,0.027430007769159343
nta_5e19,5e+19,0.0,tail,coupled_final,0.0,0.01,0.0,0.3,channel,0.0008,4.05e-06,8.0,40.5,-0.07429081011368921,414292488289444.3,1.832105235569236e+17,0.0,1.832105235569236e+17,142.77572310542277,-0.029353561994580953,0.029353561994580953,0.02781776233501886
nta_5e19,5e+19,0.0,tail,coupled_final,0.0,0.01,0.0,0.3,channel,0.0008,4.125e-06,8.0,41.25,-0.07305666351389438,434550055091009.2,1.860561552888871e+17,0.0,1.860561552888871e+17,138.2299900422142,-0.029809482461573042,0.029809482461573042,0.028276928422030063
nta_5e19,5e+19,0.0,tail,coupled_final,0.0,0.01,0.0,0.3,channel,0.0008,4.2000000000000004e-06,8.0,42.00000000000001,-0.07164287568480673,458976446774459.1,1.8937024328755075e+17,0.0,1.8937024328755075e+17,133.19993901077132,-0.030340457897020914,0.030340457897020914,0.028811817396878752
nta_5e19,5e+19,0.0,tail,coupled_final,0.0,0.01,0.0,0.3,channel,0.0008,4.2750000000000006e-06,8.0,42.75000000000001,-0.07004604851635986,488220392166923.4,1.9318429418815744e+17,0.0,1.9318429418815744e+17,127.73813751368108,-0.030951536220404783,0.030951536220404783,0.029427581116861997
nta_5e19,5e+19,0.0,tail,coupled_final,0.0,0.01,0.0,0.3,channel,0.0008,4.350000000000001e-06,8.0,43.50000000000001,-0.06826227010721216,523096812440751.1,1.975355897494542e+17,0.0,1.975355897494542e+17,121.90091539410142,-0.03164869062799854,0.03164869062799854,0.03013032334301979
nta_5e19,5e+19,0.0,tail,coupled_final,0.0,0.01,0.0,0.3,channel,0.0008,4.425e-06,8.0,44.25,-0.06628707598800468,564629902457976.1,2.0246799915275616e+17,0.0,2.0246799915275616e+17,115.74755304926887,-0.03243894973752777,0.03243894973752777,0.03092723678718536
nta_5e19,5e+19,0.0,tail,coupled_final,0.0,0.01,0.0,0.3,channel,0.0008,4.5e-06,8.0,45.0,-0.0641154034265948,614110280512744.2,2.0803297236680106e+17,0.0,2.0803297236680106e+17,109.33943339681664,-0.03333055674276563,0.03333055674276563,0.0318267714229793
nta_5e19,5e+19,0.0,tail,coupled_final,0.0,0.01,0.0,0.3,channel,0.0008,4.575e-06,8.0,45.75,-0.06174153774599922,673171244265875.5,2.142907549068896e+17,0.0,2.142907549068896e+17,102.73917202142356,-0.03433316403940393,0.03433316403940393,0.032838841329228284
nta_5e19,5e+19,0.0,tail,coupled_final,0.0,0.01,0.0,0.3,channel,0.0008,4.65e-06,8.0,46.50000000000001,-0.05915904934098448,743891252498707.4,2.2131187572988864e+17,0.0,2.2131187572988864e+17,96.00974020926637,-0.03545807161211392,0.03545807161211392,0.03397507949641297
nta_5e19,5e+19,0.0,tail,coupled_final,0.0,0.01,0.0,0.3,channel,0.0008,4.7250000000000005e-06,8.0,47.25000000000001,-0.056360719774539186,828932790451521.1,2.2917897496375946e+17,0.0,2.2917897496375946e+17,89.21359513893061,-0.03671851986910064,0.03671851986910064,0.03524915290990242
nta_5e19,5e+19,0.0,tail,coupled_final,0.0,0.01,0.0,0.3,channel,0.0008,4.8e-06,8.0,48.0,-0.05333845495252712,931732262963918.6,2.379890578987102e+17,0.0,2.379890578987102e+17,82.41183034900926,-0.03813005077129866,0.03813005077129866,0.03667715410338513
nta_5e19,5e+19,0.0,tail,coupled_final,0.0,0.01,0.0,0.3,channel,0.0008,4.875e-06,8.0,48.75,-0.05008318288901121,1056762266936132.4,2.4785628782582813e+17,0.0,2.4785628782582813e+17,75.66335824680223,-0.039710955294452045,0.039710955294452045,0.03827809064162984
nta_5e19,5e+19,0.0,tail,coupled_final,0.0,0.01,0.0,0.3,channel,0.0008,4.95e-06,8.0,49.5,-0.046584732952601,1209897752914305.0,2.5891546521113728e+17,0.0,2.5891546521113728e+17,69.02413588573191,-0.0414828308542524,0.0414828308542524,0.04007450121117724
nta_5e19,5e+19,0.0,tail,coupled_final,0.0,0.01,0.0,0.3,channel,0.0008,5.025e-06,8.0,50.25,-0.04283169267984451,1398933182945003.8,2.7132638773021667e+17,0.0,2.7132638773021667e+17,62.5464464617434,-0.043471279860897744,0.043471279860897744,0.042093237032721914
nta_5e19,5e+19,0.0,tail,coupled_final,0.0,0.01,0.0,0.3,channel,0.0008,5.1e-06,8.0,51.0,-0.03881123719140982,1634322092398721.2,2.8527935003501056e+17,0.0,2.8527935003501056e+17,56.278251503615095,-0.0457067908788801,0.0457067908788801,0.04436646151176722
nta_5e19,5e+19,0.0,tail,coupled_final,0.0,0.01,0.0,0.3,channel,0.0008,5.1750000000000004e-06,8.0,51.75000000000001,-0.034508924860349524,1930248917601236.2,3.01002131638961e+17,0.0,3.01002131638961e+17,50.26262971080344,-0.048225858209613545,0.048225858209613545,0.04693294154697199
nta_5e19,5e+19,0.0,tail,coupled_final,0.0,0.01,0.0,0.3,channel,0.0008,5.2500000000000006e-06,8.0,52.50000000000001,-0.029908451028861895,2306204825325951.0,3.1876894733446426e+17,0.0,3.1876894733446426e+17,44.53731404115981,-0.051072415906405516,0.051072415906405516,0.04983973402084105
nta_5e19,5e+19,0.0,tail,coupled_final,0.0,0.01,0.0,0.3,channel,0.0008,5.325e-06,8.0,53.25,-0.02499134905939797,2789340637061476.5,3.389120125602145e+17,0.0,3.389120125602145e+17,39.13432910037649,-0.05429969075058902,0.05429969075058902,0.05314441575588568
nta_5e19,5e+19,0.0,tail,coupled_final,0.0,0.01,0.0,0.3,channel,0.0008,5.4e-06,8.0,54.0,-0.01973662455336796,3418039210186295.0,3.618366275179326e+17,0.0,3.618366275179326e+17,34.07972408816967,-0.0579726189934593,0.0579726189934593,0.05691807261512493
nta_5e19,5e+19,0.0,tail,coupled_final,0.0,0.01,0.0,0.3,channel,0.000825,3e-06,8.25,30.0,-0.07340420893068857,424350044345609.6,1.8463484268153488e+17,0.0,1.8463484268153488e+17,140.47335489790808,-0.029581763076662108,0.029581763076662108,0.028047574815230847
nta_5e19,5e+19,0.0,tail,coupled_final,0.0,0.01,0.0,0.3,channel,0.000825,3.075e-06,8.25,30.750000000000004,-0.07456298843758428,405749144626286.1,1.8198211777000563e+17,0.0,1.8198211777000563e+17,144.80636408441308,-0.02915674968969392,0.02915674968969392,0.02761958123557249
nta_5e19,5e+19,0.0,tail,coupled_final,0.0,0.01,0.0,0.3,channel,0.000825,3.1500000000000003e-06,8.25,31.500000000000004,-0.07554630279271221,390605773977854.06,1.797609339285141e+17,0.0,1.797609339285141e+17,148.58778801447266,-0.02880087680462831,0.02880087680462831,0.027261282115045592
nta_5e19,5e+19,0.0,tail,coupled_final,0.0,0.01,0.0,0.3,channel,0.000825,3.225e-06,8.25,32.25,-0.07635642824393467,378555142401605.6,1.7795130844322554e+17,0.0,1.7795130844322554e+17,151.77718011205366,-0.028510942837746286,0.028510942837746286,0.026969417424129925
nta_5e19,5e+19,0.0,tail,coupled_final,0.0,0.01,0.0,0.3,channel,0.000825,3.3e-06,8.25,33.0,-0.0769952189860947,369315842479135.5,1.7653723514943958e+17,0.0,1.7653723514943958e+17,154.3401814973113,-0.02828438331873956,0.02828438331873956,0.026741377606078167
nta_5e19,5e+19,0.0,tail,coupled_final,0.0,0.01,0.0,0.3,channel,0.000825,3.3750000000000003e-06,8.25,33.75,-0.07746412373933698,362677559512348.6,1.7550637774841504e+17,0.0,1.7550637774841504e+17,156.2490243671976,-0.02811922175464881,0.02811922175464881,0.02657515247180149
nta_5e19,5e+19,0.0,tail,coupled_final,0.0,0.01,0.0,0.3,channel,0.000825,3.45e-06,8.25,34.5,-0.07776419851969046,358492149902542.1,1.748498377365539e+17,0.0,1.748498377365539e+17,157.48293963796107,-0.028014032448019806,0.028014032448019806,0.026469292588624432
nta_5e19,5e+19,0.0,tail,coupled_final,0.0,0.01,0.0,0.3,channel,0.000825,3.525e-06,8.25,35.25,-0.07789611584720697,356667499002791.2,1.7456198936459072e+17,0.0,1.7456198936459072e+17,158.02846231363364,-0.027967914054450375,0.027967914054450375,0.026422881853751322
nta_5e19,5e+19,0.0,tail,coupled_final,0.0,0.01,0.0,0.3,channel,0.000825,3.6000000000000003e-06,8.25,36.0,-0.07786017056589449,357163763452653.44,1.7464037632797878e+17,0.0,1.7464037632797878e+17,157.87962967415186,-0.02798047303056543,0.02798047303056543,0.026435520340196965
nta_5e19,5e+19,0.0,tail,coupled_final,0.0,0.01,0.0,0.3,channel,0.000825,3.6750000000000004e-06,8.25,36.75000000000001,-0.07765628238442376,359991760793219.75,1.7508566691242243e+17,0.0,1.7508566691242243e+17,157.0380690921082,-0.028051816447539013,0.028051816447539013,0.026507316852296552
nta_5e19,5e+19,0.0,tail,coupled_final,0.0,0.01,0.0,0.3,channel,0.000825,3.7500000000000005e-06,8.25,37.50000000000001,-0.07728399518490242,365213405786534.44,1.7590166618216506e+17,0.0,1.7590166618216506e+17,155.5129740622353,-0.02818255394387328,0.02818255394387328,0.026638890948390757
nta_5e19,5e+19,0.0,tail,coupled_final,0.0,0.01,0.0,0.3,channel,0.000825,3.825000000000001e-06,8.25,38.25000000000001,-0.0767424730868667,372944220624342.06,1.7709538559421613e+17,0.0,1.7709538559421613e+17,153.32096883023064,-0.028373808878827327,0.028373808878827327,0.026831384496434296
nta_5e19,5e+19,0.0,tail,coupled_final,0.0,0.01,0.0,0.3,channel,0.000825,3.9e-06,8.25,39.0,-0.07603049319307884,383358076361667.3,1.7867717223572016e+17,0.0,1.7867717223572016e+17,150.48586380250606,-0.028627239038526438,0.028627239038526438,0.02708648313976662
nta_5e19,5e+19,0.0,tail,coupled_final,0.0,0.01,0.0,0.3,channel,0.000825,3.975e-06,8.25,39.75,-0.07514643488075964,396694466985915.94,1.806609018018604e+17,0.0,1.806609018018604e+17,147.03830567164084,-0.028945067554430923,0.028945067554430923,0.027406448381015115
nta_5e19,5e+19,0.0,tail,coupled_final,0.0,0.01,0.0,0.3,channel,0.000825,4.05e-06,8.25,40.5,-0.07408826543442971,413268788713305.94,1.8306424155284675e+17,0.0,1.8306424155284675e+17,143.01532787359028,-0.029330125033690292,0.029330125033690292,0.027794161359374087
nta_5e19,5e+19,0.0,tail,coupled_final,0.0,0.01,0.0,0.3,channel,0.000825,4.125e-06,8.25,41.25,-0.07285352174224521,433486311835349.1,1.8590899191901802e+17,0.0,1.8590899191901802e+17,138.4598085800065,-0.029785904290314545,0.029785904290314545,0.028253179820312693
nta_5e19,5e+19,0.0,tail,coupled_final,0.0,0.01,0.0,0.3,channel,0.000825,4.2000000000000004e-06,8.25,42.00000000000001,-0.07143928769390417,457860812547573.2,1.8922151829272918e+17,0.0,1.8922151829272918e+17,133.41984491251122,-0.030316629525861425,0.030316629525861425,0.028787810281410225
nta_5e19,5e+19,0.0,tail,coupled_final,0.0,0.01,0.0,0.3,channel,0.000825,4.2750000000000006e-06,8.25,42.75000000000001,-0.06984216682165896,487039207877028.1,1.9303328801613206e+17,0.0,1.9303328801613206e+17,127.94805344904306,-0.0309273423643639,0.0309273423643639,0.029403198014234144
nta_5e19,5e+19,0.0,tail,coupled_final,0.0,0.01,0.0,0.3,channel,0.000825,4.350000000000001e-06,8.25,43.50000000000001,-0.06805824961278666,521834051017980.06,1.9738153185276586e+17,0.0,1.9738153185276586e+17,122.10080838631201,-0.031624007831762814,0.031624007831762814,0.030105438230099472
nta_5e19,5e+19,0.0,tail,coupled_final,0.0,0.01,0.0,0.3,channel,0.000825,4.425e-06,8.25,44.25,-0.06608307478716254,563266459330949.8,2.0231005459138323e+17,0.0,2.0231005459138323e+17,115.93742992492326,-0.03241364422895786,0.03241364422895786,0.030901712830943458
nta_5e19,5e+19,0.0,tail,coupled_final,0.0,0.01,0.0,0.3,channel,0.000825,4.5e-06,8.25,45.0,-0.06391158367116836,612623054589163.5,2.078702262393543e+17,0.0,2.078702262393543e+17,109.5193365049245,-0.03330448193849871,0.03330448193849871,0.03180045833884996
nta_5e19,5e+19,0.0,tail,coupled_final,0.0,0.01,0.0,0.3,channel,0.000825,4.575e-06,8.25,45.75,-0.061538066601091866,671531931461974.5,2.141221940174036e+17,0.0,2.141221940174036e+17,102.90917530411768,-0.03430615760754986,0.03430615760754986,0.03281157225050719
nta_5e19,5e+19,0.0,tail,coupled_final,0.0,0.01,0.0,0.3,channel,0.000825,4.65e-06,8.25,46.50000000000001,-0.05895610004506244,742064742195920.8,2.2113636674226214e+17,0.0,2.2113636674226214e+17,96.16994569659985,-0.03542995197221071,0.03542995197221071,0.03394666721729686
nta_5e19,5e+19,0.0,tail,coupled_final,0.0,0.01,0.0,0.3,channel,0.000825,4.7250000000000005e-06,8.25,47.25000000000001,-0.05615847282873614,826875008820572.5,2.2899523809017056e+17,0.0,2.2899523809017056e+17,89.3641299349589,-0.036689081976533804,0.036689081976533804,0.03521938532437089
nta_5e19,5e+19,0.0,tail,coupled_final,0.0,0.01,0.0,0.3,channel,0.000825,4.8e-06,8.25,48.0,-0.05313709946813803,929387238241376.4,2.3779563489510998e+17,0.0,2.3779563489510998e+17,82.55284416919848,-0.03809906098961402,0.03809906098961402,0.03664578860731883
nta_5e19,5e+19,0.0,tail,coupled_final,0.0,0.01,0.0,0.3,channel,0.000825,4.875e-06,8.25,48.75,-0.049882918128738275,1054058088402875.5,2.476515027036472e+17,0.0,2.476515027036472e+17,75.79502154451299,-0.03967814510067713,0.03967814510067713,0.038244847190688915
nta_5e19,5e+19,0.0,tail,coupled_final,0.0,0.01,0.0,0.3,channel,0.000825,4.95e-06,8.25,49.5,-0.046385770109654646,1206740938202517.2,2.586973755855713e+17,0.0,2.586973755855713e+17,69.14663855554332,-0.04144788904403244,0.04144788904403244,0.04003905362348037
nta_5e19,5e+19,0.0,tail,coupled_final,0.0,0.01,0.0,0.3,channel,0.000825,5.025e-06,8.25,50.25,-0.04263425695015268,1395200726017148.2,2.710927240597244e+17,0.0,2.710927240597244e+17,62.659997033812616,-0.04343384281359001,0.04343384281359001,0.04205520197988646
nta_5e19,5e+19,0.0,tail,coupled_final,0.0,0.01,0.0,0.3,channel,0.000825,5.1e-06,8.25,51.0,-0.0386155702088748,1629850085281999.0,2.8502743908378915e+17,0.0,2.8502743908378915e+17,56.38307668175054,-0.04566643029489053,0.04566643029489053,0.044325384433246705
nta_5e19,5e+19,0.0,tail,coupled_final,0.0,0.01,0.0,0.3,channel,0.000825,5.1750000000000004e-06,8.25,51.75000000000001,-0.034315287584637456,1924816035640317.8,3.007287991969688e+17,0.0,3.007287991969688e+17,50.35897411387265,-0.04818206552442614,0.04818206552442614,0.046888278418131285
nta_5e19,5e+19,0.0,tail,coupled_final,0.0,0.01,0.0,0.3,channel,0.000825,5.2500000000000006e-06,8.25,52.50000000000001,-0.029717127201550956,2299507989222461.0,3.184703933987625e+17,0.0,3.184703933987625e+17,44.625440104096015,-0.05102458229242851,0.05102458229242851,0.04979082745543136
nta_5e19,5e+19,0.0,tail,coupled_final,0.0,0.01,0.0,0.3,channel,0.000825,5.325e-06,8.25,53.25,-0.024802649380304548,2780958554802964.5,3.385836496056285e+17,0.0,3.385836496056285e+17,39.21451719538126,-0.054247081205258126,0.054247081205258126,0.05309046325292089
nta_5e19,5e+19,0.0,tail,coupled_final,0.0,0.01,0.0,0.3,channel,0.000825,5.4e-06,8.25,54.0,-0.019550891778776003,3407376793096947.0,3.6147286885038285e+17,0.0,3.6147286885038285e+17,34.15227288258469,-0.05791433842970298,0.05791433842970298,0.05685808374381636
nta_5e19,5e+19,0.0,tail,coupled_final,0.0,0.01,0.0,0.3,channel,0.0008500000000000001,3e-06,8.5,30.0,-0.07322609901714064,422889558042217.8,1.8442944352250694e+17,0.0,1.8442944352250694e+17,140.8019843937872,-0.029548854503338325,0.029548854503338325,0.028014432246204108
nta_5e19,5e+19,0.0,tail,coupled_final,0.0,0.01,0.0,0.3,channel,0.0008500000000000001,3.075e-06,8.5,30.750000000000004,-0.07438195593187749,404398392095535.44,1.8178629913833315e+17,0.0,1.8178629913833315e+17,145.13399646441215,-0.029125376086077168,0.029125376086077168,0.027587991217541432
nta_5e19,5e+19,0.0,tail,coupled_final,0.0,0.01,0.0,0.3,channel,0.0008500000000000001,3.1500000000000003e-06,8.5,31.500000000000004,-0.07536254838391751,389346425550790.5,1.795736053254704e+17,0.0,1.795736053254704e+17,148.91333879996333,-0.028770863453560662,0.028770863453560662,0.027231066994115552
nta_5e19,5e+19,0.0,tail,coupled_final,0.0,0.01,0.0,0.3,channel,0.0008500000000000001,3.225e-06,8.5,32.25,-0.07617014388650381,377371575128387.94,1.7777147929117738e+17,0.0,1.7777147929117738e+17,152.09962201437864,-0.028482131031193927,0.028482131031193927,0.026940415989194572
nta_5e19,5e+19,0.0,tail,coupled_final,0.0,0.01,0.0,0.3,channel,0.0008500000000000001,3.3e-06,8.5,33.0,-0.07680658892402245,368194569186080.3,1.7636399928784736e+17,0.0,1.7636399928784736e+17,154.6585511869693,-0.028256627873778167,0.028256627873778167,0.02671344251332973
nta_5e19,5e+19,0.0,tail,coupled_final,0.0,0.01,0.0,0.3,channel,0.0008500000000000001,3.3750000000000003e-06,8.5,33.75,-0.07727332544222545,361606767669227.94,1.753388999113563e+17,0.0,1.753388999113563e+17,156.56242781938107,-0.02809238884692397,0.02809238884692397,0.026548148004309557
nta_5e19,5e+19,0.0,tail,coupled_final,0.0,0.01,0.0,0.3,channel,0.0008500000000000001,3.45e-06,8.5,34.5,-0.07757140354494867,357461322760693.44,1.7468734162591302e+17,0.0,1.7468734162591302e+17,157.7905560644352,-0.02798799770086134,0.02798799770086134,0.026443092684749932
nta_5e19,5e+19,0.0,tail,coupled_final,0.0,0.01,0.0,0.3,channel,0.0008500000000000001,3.525e-06,8.5,35.25,-0.07770149064091107,355667097658032.44,1.7440374699398102e+17,0.0,1.7440374699398102e+17,158.32954671989185,-0.02794256083158041,0.02794256083158041,0.02639736834891544
nta_5e19,5e+19,0.0,tail,coupled_final,0.0,0.01,0.0,0.3,channel,0.0008500000000000001,3.6000000000000003e-06,8.5,36.0,-0.0776638772134786,356184952880672.25,1.7448569835906835e+17,0.0,1.7448569835906835e+17,158.1735141071994,-0.027955690887807142,0.027955690887807142,0.026410581374695923
nta_5e19,5e+19,0.0,tail,coupled_final,0.0,0.01,0.0,0.3,channel,0.0008500000000000001,3.6750000000000004e-06,8.5,36.75000000000001,-0.07745847932131637,359026165943849.3,1.7493389374019203e+17,0.0,1.7493389374019203e+17,157.32416266799652,-0.028027499704517452,0.028027499704517452,0.026482845403924433
nta_5e19,5e+19,0.0,tail,coupled_final,0.0,0.01,0.0,0.3,channel,0.0008500000000000001,3.7500000000000005e-06,8.5,37.50000000000001,-0.0770848378764305,364252885802233.06,1.7575215955057296e+17,0.0,1.7575215955057296e+17,155.7907618833126,-0.028158600340696793,0.028158600340696793,0.026614783452946735
nta_5e19,5e+19,0.0,tail,coupled_final,0.0,0.01,0.0,0.3,channel,0.0008500000000000001,3.825000000000001e-06,8.5,38.25000000000001,-0.07654211468619138,371980650350750.25,1.76947520540052e+17,0.0,1.76947520540052e+17,153.59000991964038,-0.028350118285350636,0.028350118285350636,0.026807539521979847
nta_5e19,5e+19,0.0,tail,coupled_final,0.0,0.01,0.0,0.3,channel,0.0008500000000000001,3.9e-06,8.5,39.0,-0.07582908518558501,382383124638893.7,1.7853032916685792e+17,0.0,1.7853032916685792e+17,150.745788197397,-0.028603712185146842,0.028603712185146842,0.027062800081900075
nta_5e19,5e+19,0.0,tail,coupled_final,0.0,0.01,0.0,0.3,channel,0.0008500000000000001,3.975e-06,8.5,39.75,-0.07494412772318829,395699360764676.0,1.8051445851699782e+17,0.0,1.8051445851699782e+17,147.28881082651918,-0.02892160475350962,0.02892160475350962,0.027382826146500207
nta_5e19,5e+19,0.0,tail,coupled_final,0.0,0.01,0.0,0.3,channel,0.0008500000000000001,4.05e-06,8.5,40.5,-0.07388520919711564,412244050769108.56,1.8291756500304195e+17,0.0,1.8291756500304195e+17,143.25617453091468,-0.029306624859604995,0.029306624859604995,0.027770497004169774
nta_5e19,5e+19,0.0,tail,coupled_final,0.0,0.01,0.0,0.3,channel,0.0008500000000000001,4.125e-06,8.5,41.25,-0.07264986676311298,432421457608127.0,1.857614294963403e+17,0.0,1.857614294963403e+17,138.69081626619104,-0.029762262183747477,0.029762262183747477,0.028229367105289473
nta_5e19,5e+19,0.0,tail,coupled_final,0.0,0.01,0.0,0.3,channel,0.0008500000000000001,4.2000000000000004e-06,8.5,42.00000000000001,-0.0712351852533974,456743988155454.56,1.8907238840706998e+17,0.0,1.8907238840706998e+17,133.64088721367764,-0.030292736284038,0.030292736284038,0.028763738104592262
nta_5e19,5e+19,0.0,tail,coupled_final,0.0,0.01,0.0,0.3,channel,0.0008500000000000001,4.2750000000000006e-06,8.5,42.75000000000001,-0.06963776984856292,485856746235224.2,1.9288186968597216e+17,0.0,1.9288186968597216e+17,128.15905321207015,-0.03090308247330975,0.03090308247330975,0.029378748671938685
nta_5e19,5e+19,0.0,tail,coupled_final,0.0,0.01,0.0,0.3,channel,0.0008500000000000001,4.350000000000001e-06,8.5,43.50000000000001,-0.06785371343199101,520569915620458.56,1.97227052986961e+17,0.0,1.97227052986961e+17,122.30173297734166,-0.03159925758883888,0.03159925758883888,0.030080485450355923
nta_5e19,5e+19,0.0,tail,coupled_final,0.0,0.01,0.0,0.3,channel,0.0008500000000000001,4.425e-06,8.5,44.25,-0.06587855792185783,561901534698501.6,2.021516785732449e+17,0.0,2.021516785732449e+17,116.12828666074566,-0.03238826959339314,0.03238826959339314,0.030876119510343407
nta_5e19,5e+19,0.0,tail,coupled_final,0.0,0.01,0.0,0.3,channel,0.0008500000000000001,4.5e-06,8.5,45.0,-0.06370724871385382,611134227264674.4,2.0770703633644618e+17,0.0,2.0770703633644618e+17,109.70016835497799,-0.0332783360335643,0.0332783360335643,0.03177407389748041
nta_5e19,5e+19,0.0,tail,coupled_final,0.0,0.01,0.0,0.3,channel,0.0008500000000000001,4.575e-06,8.5,45.75,-0.06133408117019837,669890883648372.0,2.1395317502367562e+17,0.0,2.1395317502367562e+17,103.08005694551339,-0.03427907777930454,0.03427907777930454,0.03278422949741565
nta_5e19,5e+19,0.0,tail,coupled_final,0.0,0.01,0.0,0.3,channel,0.0008500000000000001,4.65e-06,8.5,46.50000000000001,-0.05875263784710431,740236348497974.5,2.2096038310406944e+17,0.0,2.2096038310406944e+17,96.33097999449457,-0.035401756284902844,0.035401756284902844,0.033918178589022935
nta_5e19,5e+19,0.0,tail,coupled_final,0.0,0.01,0.0,0.3,channel,0.0008500000000000001,4.7250000000000005e-06,8.5,47.25000000000001,-0.05595571484988786,824815180167128.2,2.2881100756190518e+17,0.0,2.2881100756190518e+17,89.51544491542035,-0.03665956499176818,0.03665956499176818,0.03518953831867141
nta_5e19,5e+19,0.0,tail,coupled_final,0.0,0.01,0.0,0.3,channel,0.0008500000000000001,4.8e-06,8.5,48.0,-0.05293523532424523,927039988298597.2,2.3760169649684064e+17,0.0,2.3760169649684064e+17,82.69459054480028,-0.03806798863259977,0.03806798863259977,0.036614340179403335
nta_5e19,5e+19,0.0,tail,coupled_final,0.0,0.01,0.0,0.3,channel,0.0008500000000000001,4.875e-06,8.5,48.75,-0.049682147609363334,1051351494602824.6,2.474461773890799e+17,0.0,2.474461773890799e+17,75.92737083098119,-0.039645248358540296,0.039645248358540296,0.03821151680441765
nta_5e19,5e+19,0.0,tail,coupled_final,0.0,0.01,0.0,0.3,channel,0.0008500000000000001,4.95e-06,8.5,49.5,-0.04618630496030193,1203581512640773.0,2.5847871753983094e+17,0.0,2.5847871753983094e+17,69.26978176802939,-0.041412856162860306,0.041412856162860306,0.04000351454652705
nta_5e19,5e+19,0.0,tail,coupled_final,0.0,0.01,0.0,0.3,channel,0.0008500000000000001,5.025e-06,8.5,50.25,-0.04243632294797487,1391465469620228.2,2.7085845988083146e+17,0.0,2.7085845988083146e+17,62.774143877495526,-0.043396309554229455,0.043396309554229455,0.04201707026647379
nta_5e19,5e+19,0.0,tail,coupled_final,0.0,0.01,0.0,0.3,channel,0.0008500000000000001,5.1e-06,8.5,51.0,-0.038419409601851924,1625375120128335.5,2.8477489117920557e+17,0.0,2.8477489117920557e+17,56.48845508888068,-0.045625967659721586,0.045625967659721586,0.044284204829617035
nta_5e19,5e+19,0.0,tail,coupled_final,0.0,0.01,0.0,0.3,channel,0.0008500000000000001,5.1750000000000004e-06,8.5,51.75000000000001,-0.03412116198377031,1919380108298325.2,3.0045478842999974e+17,0.0,3.0045478842999974e+17,50.45582998497183,-0.04813816415959591,0.04813816415959591,0.0468435061217239
nta_5e19,5e+19,0.0,tail,coupled_final,0.0,0.01,0.0,0.3,channel,0.0008500000000000001,5.2500000000000006e-06,8.5,52.50000000000001,-0.029525321041951432,2292808163786991.0,3.1817111418954355e+17,0.0,3.1817111418954355e+17,44.714037207425754,-0.05097663247682325,0.05097663247682325,0.049741804209449646
nta_5e19,5e+19,0.0,tail,coupled_final,0.0,0.01,0.0,0.3,channel,0.0008500000000000001,5.325e-06,8.5,53.25,-0.02461347410305231,2772573808327407.5,3.3825450811650854e+17,0.0,3.3825450811650854e+17,39.29513728511981,-0.05419434692494333,0.05419434692494333,0.05303638558811759
nta_5e19,5e+19,0.0,tail,coupled_final,0.0,0.01,0.0,0.3,channel,0.0008500000000000001,5.4e-06,8.5,54.0,-0.019364690935299123,3396712524956614.0,3.6110827125272557e+17,0.0,3.6110827125272557e+17,34.2252160550276,-0.05785592345452508,0.05785592345452508,0.05679796016451514
nta_5e19,5e+19,0.0,tail,coupled_final,0.0,0.01,0.0,0.3,channel,0.0008750000000000001,3e-06,8.750000000000002,30.0,-0.07304754023664384,421429355044613.6,1.8422360299658365e+17,0.0,1.8422360299658365e+17,141.1324582877292,-0.02951587521524187,0.02951587521524187,0.027981219007795283
nta_5e19,5e+19,0.0,tail,coupled_final,0.0,0.01,0.0,0.3,channel,0.0008750000000000001,3.075e-06,8.750000000000002,30.750000000000004,-0.07420046715296823,403047715370084.94,1.8159004774230115e+17,0.0,1.8159004774230115e+17,145.46345053025058,-0.029093933145965933,0.029093933145965933,0.027556331875161235
nta_5e19,5e+19,0.0,tail,coupled_final,0.0,0.01,0.0,0.3,channel,0.0008750000000000001,3.1500000000000003e-06,8.750000000000002,31.500000000000004,-0.07517833073607967,388086985152675.1,1.7938585190147776e+17,0.0,1.7938585190147776e+17,149.24068409978375,-0.028740782038673213,0.028740782038673213,0.027200783794630323
nta_5e19,5e+19,0.0,tail,coupled_final,0.0,0.01,0.0,0.3,channel,0.0008750000000000001,3.225e-06,8.750000000000002,32.25,-0.07598338975668772,376187778483071.1,1.7759123254089933e+17,0.0,1.7759123254089933e+17,152.42382716466423,-0.028453252318028935,0.028453252318028935,0.026911347610897127
nta_5e19,5e+19,0.0,tail,coupled_final,0.0,0.01,0.0,0.3,channel,0.0008750000000000001,3.3e-06,8.750000000000002,33.0,-0.07661748298150964,367072952277319.1,1.7619035228117914e+17,0.0,1.7619035228117914e+17,154.97864913577118,-0.02822880655611338,0.02822880655611338,0.02668544149282459
nta_5e19,5e+19,0.0,tail,coupled_final,0.0,0.01,0.0,0.3,channel,0.0008750000000000001,3.3750000000000003e-06,8.750000000000002,33.75,-0.07708204557545269,360535535496892.5,1.7517101657255216e+17,0.0,1.7517101657255216e+17,156.87752119483767,-0.02806549097065698,0.02806549097065698,0.026521078497726964
nta_5e19,5e+19,0.0,tail,coupled_final,0.0,0.01,0.0,0.3,channel,0.0008750000000000001,3.45e-06,8.750000000000002,34.5,-0.07737812172451401,356429971669741.7,1.7452444481213766e+17,0.0,1.7452444481213766e+17,158.099821105045,-0.027961898753982948,0.027961898753982948,0.0264168284972096
nta_5e19,5e+19,0.0,tail,coupled_final,0.0,0.01,0.0,0.3,channel,0.0008750000000000001,3.525e-06,8.750000000000002,35.25,-0.07750637372128058,354666098294117.4,1.7424510784195302e+17,0.0,1.7424510784195302e+17,158.63223582590186,-0.02791714403731873,0.02791714403731873,0.026371791176874607
nta_5e19,5e+19,0.0,tail,coupled_final,0.0,0.01,0.0,0.3,channel,0.0008750000000000001,3.6000000000000003e-06,8.750000000000002,36.0,-0.07746708768455998,355205476893646.8,1.743306266219204e+17,0.0,1.743306266219204e+17,158.46895707890644,-0.027930845656421916,0.027930845656421916,0.0263855792139567
nta_5e19,5e+19,0.0,tail,coupled_final,0.0,0.01,0.0,0.3,channel,0.0008750000000000001,3.6750000000000004e-06,8.750000000000002,36.75000000000001,-0.07726017602001327,358059842579246.3,1.7478172887139917e+17,0.0,1.7478172887139917e+17,157.6117667205504,-0.02800312020478789,0.02800312020478789,0.02645831108212331
nta_5e19,5e+19,0.0,tail,coupled_final,0.0,0.01,0.0,0.3,channel,0.0008750000000000001,3.7500000000000005e-06,8.750000000000002,37.50000000000001,-0.07688517666750065,363291576485355.56,1.7560226231664867e+17,0.0,1.7560226231664867e+17,156.07001054847296,-0.02813458415612732,0.02813458415612732,0.026590613249644703
nta_5e19,5e+19,0.0,tail,coupled_final,0.0,0.01,0.0,0.3,channel,0.0008750000000000001,3.825000000000001e-06,8.750000000000002,38.25000000000001,-0.07634124912117485,371016230460204.5,1.7679926495993306e+17,0.0,1.7679926495993306e+17,153.86046096251886,-0.028326365122717967,0.028326365122717967,0.026783631842245775
nta_5e19,5e+19,0.0,tail,coupled_final,0.0,0.01,0.0,0.3,channel,0.0008750000000000001,3.9e-06,8.750000000000002,39.0,-0.07562716714822923,381407261979697.6,1.7838309458425677e+17,0.0,1.7838309458425677e+17,151.00707069015652,-0.028580122604350812,0.028580122604350812,0.027039054150668995
nta_5e19,5e+19,0.0,tail,coupled_final,0.0,0.01,0.0,0.3,channel,0.0008750000000000001,3.975e-06,8.750000000000002,39.75,-0.07474130806966454,394703279801221.56,1.8036762161282035e+17,0.0,1.8036762161282035e+17,147.5406215309699,-0.028898078887821414,0.028898078887821414,0.02735914069104748
nta_5e19,5e+19,0.0,tail,coupled_final,0.0,0.01,0.0,0.3,channel,0.0008750000000000001,4.05e-06,8.750000000000002,40.5,-0.07368163839939723,411218270403703.56,1.8277049154813222e+17,0.0,1.8277049154813222e+17,143.49827374761242,-0.02928306109431119,0.02928306109431119,0.027746768890742665
nta_5e19,5e+19,0.0,tail,coupled_final,0.0,0.01,0.0,0.3,channel,0.0008750000000000001,4.125e-06,8.750000000000002,41.25,-0.07244569556417628,431355488042872.56,1.8561346562977187e+17,0.0,1.8561346562977187e+17,138.92302330869717,-0.029738555758778255,0.029738555758778255,0.028205489893167252
nta_5e19,5e+19,0.0,tail,coupled_final,0.0,0.01,0.0,0.3,channel,0.0008750000000000001,4.2000000000000004e-06,8.750000000000002,42.00000000000001,-0.07103056534343183,455625968895796.8,1.889228512008793e+17,0.0,1.889228512008793e+17,133.8630756627935,-0.030268777782270762,0.030268777782270762,0.02873960047639161
nta_5e19,5e+19,0.0,tail,coupled_final,0.0,0.01,0.0,0.3,channel,0.0008750000000000001,4.2750000000000006e-06,8.750000000000002,42.75000000000001,-0.06943285457216203,484673002176737.5,1.9273003672192765e+17,0.0,1.9273003672192765e+17,128.37114609602446,-0.030878756150583442,0.030878756150583442,0.029354232692505262
nta_5e19,5e+19,0.0,tail,coupled_final,0.0,0.01,0.0,0.3,channel,0.0008750000000000001,4.350000000000001e-06,8.750000000000002,43.50000000000001,-0.0676486585373858,519304400790266.4,1.970721506221795e+17,0.0,1.970721506221795e+17,122.50369801045397,-0.03157443949389845,0.03157443949389845,0.030055464597586408
nta_5e19,5e+19,0.0,tail,coupled_final,0.0,0.01,0.0,0.3,channel,0.0008750000000000001,4.425e-06,8.750000000000002,44.25,-0.0656735223647023,560535122675057.06,2.0199286850562173e+17,0.0,2.0199286850562173e+17,116.32013165624723,-0.032362825415434164,0.032362825415434164,0.030850456409042794
nta_5e19,5e+19,0.0,tail,coupled_final,0.0,0.01,0.0,0.3,channel,0.0008750000000000001,4.5e-06,8.750000000000002,45.0,-0.0635023955299593,609643792188192.1,2.075433999929571e+17,0.0,2.075433999929571e+17,109.88193690984563,-0.03325211860096316,0.03325211860096316,0.031747617670853864
nta_5e19,5e+19,0.0,tail,coupled_final,0.0,0.01,0.0,0.3,channel,0.0008750000000000001,4.575e-06,8.750000000000002,45.75,-0.06112957843404272,668248093968190.5,2.13783695177742e+17,0.0,2.13783695177742e+17,103.25182447970677,-0.03425192411439567,0.03425192411439567,0.03275681262858276
nta_5e19,5e+19,0.0,tail,coupled_final,0.0,0.01,0.0,0.3,channel,0.0008750000000000001,4.65e-06,8.750000000000002,46.50000000000001,-0.05854865973605417,738406064001131.1,2.2078392197302998e+17,0.0,2.2078392197302998e+17,96.4928502168109,-0.03537348409480678,0.03537348409480678,0.03388961315502143
nta_5e19,5e+19,0.0,tail,coupled_final,0.0,0.01,0.0,0.3,channel,0.0008750000000000001,4.7250000000000005e-06,8.750000000000002,47.25000000000001,-0.05575244283805932,822753296501501.8,2.286262804297221e+17,0.0,2.286262804297221e+17,89.66754678305408,-0.03662996844228322,0.03662996844228322,0.03515961141900334
nta_5e19,5e+19,0.0,tail,coupled_final,0.0,0.01,0.0,0.3,channel,0.0008750000000000001,4.8e-06,8.750000000000002,48.0,-0.05273285953504494,924690504527365.2,2.3740723963372374e+17,0.0,2.3740723963372374e+17,82.83707577703643,-0.038036833208359086,0.038036833208359086,0.036582808326362626
nta_5e19,5e+19,0.0,tail,coupled_final,0.0,0.01,0.0,0.3,channel,0.0008750000000000001,4.875e-06,8.750000000000002,48.75,-0.0494808683623478,1048642476290410.0,2.472403086755199e+17,0.0,2.472403086755199e+17,76.06041201591368,-0.03961226455428655,0.03961226455428655,0.03817809896757978
nta_5e19,5e+19,0.0,tail,coupled_final,0.0,0.01,0.0,0.3,channel,0.0008750000000000001,4.95e-06,8.750000000000002,49.5,-0.04598633455654303,1200419466352509.8,2.582594877136702e+17,0.0,2.582594877136702e+17,69.39357105170097,-0.04137773167236525,0.04137773167236525,0.03996788344036412
nta_5e19,5e+19,0.0,tail,coupled_final,0.0,0.01,0.0,0.3,channel,0.0008750000000000001,5.025e-06,8.750000000000002,50.25,-0.04223788774928053,1387727403296066.0,2.7062359166048538e+17,0.0,2.7062359166048538e+17,62.888892150686715,-0.04335867951675869,0.04335867951675869,0.04197884132475094
nta_5e19,5e+19,0.0,tail,coupled_final,0.0,0.01,0.0,0.3,channel,0.0008750000000000001,5.1e-06,8.750000000000002,51.0,-0.03822275247388694,1620897186017889.5,2.8452170259400813e+17,0.0,2.8452170259400813e+17,56.5943915231137,-0.0455854023762017,0.0455854023762017,0.04424292210195712
nta_5e19,5e+19,0.0,tail,coupled_final,0.0,0.01,0.0,0.3,channel,0.0008750000000000001,5.1750000000000004e-06,8.750000000000002,51.75000000000001,-0.033926545192675336,1913941124426542.0,3.0018009539268806e+17,0.0,3.0018009539268806e+17,50.55320177353324,-0.04809415348300558,0.04809415348300558,0.04679862402384637
nta_5e19,5e+19,0.0,tail,coupled_final,0.0,0.01,0.0,0.3,channel,0.0008750000000000001,5.2500000000000006e-06,8.750000000000002,52.50000000000001,-0.029333029720399466,2286105338051825.5,3.178711055165733e+17,0.0,3.178711055165733e+17,44.803109463330294,-0.050928565788240225,0.050928565788240225,0.049692663609789155
nta_5e19,5e+19,0.0,tail,coupled_final,0.0,0.01,0.0,0.3,channel,0.0008750000000000001,5.325e-06,8.750000000000002,53.25,-0.024423820437662756,2764186387531558.5,3.379245836278433e+17,0.0,3.379245836278433e+17,39.37619315625004,-0.05414148719427095,0.05414148719427095,0.05298218204448335
nta_5e19,5e+19,0.0,tail,coupled_final,0.0,0.01,0.0,0.3,channel,0.0008750000000000001,5.4e-06,8.750000000000002,54.0,-0.019178019277199455,3386046397625841.5,3.607428299518065e+17,0.0,3.607428299518065e+17,34.298557078600815,-0.05779737330318197,0.05779737330318197,0.05673770111117357
nta_5e19,5e+19,0.0,tail,coupled_final,0.0,0.01,0.0,0.3,channel,0.0009000000000000001,3e-06,9.0,30.0,-0.07286852991733044,419969436254264.7,1.840173187132295e+17,0.0,1.840173187132295e+17,141.46479300592105,-0.029482824829366722,0.029482824829366722,0.027947934717142797
nta_5e19,5e+19,0.0,tail,coupled_final,0.0,0.01,0.0,0.3,channel,0.0009000000000000001,3.075e-06,9.0,30.750000000000004,-0.07401851938563155,401697114863921.75,1.8139336122076147e+17,0.0,1.8139336122076147e+17,145.79474242108435,-0.02906242049106257,0.02906242049106257,0.027524602830200594
nta_5e19,5e+19,0.0,tail,coupled_final,0.0,0.01,0.0,0.3,channel,0.0009000000000000001,3.1500000000000003e-06,9.0,31.500000000000004,-0.07499364709308787,386827452755981.0,1.7919767132218352e+17,0.0,1.7919767132218352e+17,149.56983973538624,-0.02871063218596143,0.02871063218596143,0.027170432142580966
nta_5e19,5e+19,0.0,tail,coupled_final,0.0,0.01,0.0,0.3,channel,0.0009000000000000001,3.225e-06,9.0,32.25,-0.07579616305993365,375003752037949.5,1.774105658819313e+17,0.0,1.774105658819313e+17,152.7498110391343,-0.02842430632807479,0.02842430632807479,0.026882211918992545
nta_5e19,5e+19,0.0,tail,coupled_final,0.0,0.01,0.0,0.3,channel,0.0009000000000000001,3.3e-06,9.0,33.0,-0.07642789832798137,365950990960892.4,1.760162918396872e+17,0.0,1.760162918396872e+17,155.30049045030435,-0.02820091899888717,0.02820091899888717,0.02665737417757784
nta_5e19,5e+19,0.0,tail,coupled_final,0.0,0.01,0.0,0.3,channel,0.0009000000000000001,3.3750000000000003e-06,9.0,33.75,-0.0768902812748204,359463861869417.6,1.75002725459533e+17,0.0,1.75002725459533e+17,157.19431920916657,-0.028038527761758067,0.028038527761758067,0.026493943587783522
nta_5e19,5e+19,0.0,tail,coupled_final,0.0,0.01,0.0,0.3,channel,0.0009000000000000001,3.45e-06,9.0,34.5,-0.07718435016294596,355398095194531.44,1.7436114503636227e+17,0.0,1.7436114503636227e+17,158.41074906602245,-0.02793573524547447,0.02793573524547447,0.026390499663863348
nta_5e19,5e+19,0.0,tail,coupled_final,0.0,0.01,0.0,0.3,channel,0.0009000000000000001,3.525e-06,9.0,35.25,-0.07731076216400003,353664499186072.7,1.7408606965933898e+17,0.0,1.7408606965933898e+17,158.93654351301583,-0.027891663311308924,0.027891663311308924,0.02634614997699605
nta_5e19,5e+19,0.0,tail,coupled_final,0.0,0.01,0.0,0.3,channel,0.0009000000000000001,3.6000000000000003e-06,9.0,36.0,-0.07726979902830561,354225333491173.56,1.741751588729252e+17,0.0,1.741751588729252e+17,158.7659720329729,-0.027905936976943848,0.027905936976943848,0.02636051349819289
nta_5e19,5e+19,0.0,tail,coupled_final,0.0,0.01,0.0,0.3,channel,0.0009000000000000001,3.6750000000000004e-06,9.0,36.75000000000001,-0.07706136950551572,357092788433237.5,1.7462917006361245e+17,0.0,1.7462917006361245e+17,157.90089424564232,-0.027978677589073214,0.027978677589073214,0.02643371352725298
nta_5e19,5e+19,0.0,tail,coupled_final,0.0,0.01,0.0,0.3,channel,0.0009000000000000001,3.7500000000000005e-06,9.0,37.50000000000001,-0.07668500856129899,362329475309167.25,1.7545197223450643e+17,0.0,1.7545197223450643e+17,156.35073259802664,-0.028110505030334295,0.028110505030334295,0.02656637997824928
nta_5e19,5e+19,0.0,tail,coupled_final,0.0,0.01,0.0,0.3,channel,0.0009000000000000001,3.825000000000001e-06,9.0,38.25000000000001,-0.07613987337554212,370050958166397.8,1.76650616599613e+17,0.0,1.76650616599613e+17,154.13233403815246,-0.028302549029759243,0.028302549029759243,0.026759661095615596
nta_5e19,5e+19,0.0,tail,coupled_final,0.0,0.01,0.0,0.3,channel,0.0009000000000000001,3.9e-06,9.0,39.0,-0.075424736047638,380430485335156.2,1.7823546622010573e+17,0.0,1.7823546622010573e+17,151.26972289568457,-0.028556469932794967,0.028556469932794967,0.027015244982241497
nta_5e19,5e+19,0.0,tail,coupled_final,0.0,0.01,0.0,0.3,channel,0.0009000000000000001,3.975e-06,9.0,39.75,-0.07453797287209292,393706220777082.44,1.8022038880241757e+17,0.0,1.8022038880241757e+17,147.79374893406415,-0.028874489590962865,0.028874489590962865,0.027335391647721814
nta_5e19,5e+19,0.0,tail,coupled_final,0.0,0.01,0.0,0.3,channel,0.0009000000000000001,4.05e-06,9.0,40.5,-0.07347754998085293,410191444018363.56,1.826230188762047e+17,0.0,1.826230188762047e+17,143.74163620722487,-0.02925943336739961,0.02925943336739961,0.027722976648106905
nta_5e19,5e+19,0.0,tail,coupled_final,0.0,0.01,0.0,0.3,channel,0.0009000000000000001,4.125e-06,9.0,41.25,-0.07224100507510893,430288399246206.9,1.8546509797608048e+17,0.0,1.8546509797608048e+17,139.1564399273996,-0.02971478463997968,0.02971478463997968,0.028181547807895037
nta_5e19,5e+19,0.0,tail,coupled_final,0.0,0.01,0.0,0.3,channel,0.0009000000000000001,4.2000000000000004e-06,9.0,42.00000000000001,-0.07082542488623013,454506750562594.6,1.887729042928209e+17,0.0,1.887729042928209e+17,134.0864200193225,-0.03024475363902759,0.03024475363902759,0.028715397014602257
nta_5e19,5e+19,0.0,tail,coupled_final,0.0,0.01,0.0,0.3,channel,0.0009000000000000001,4.2750000000000006e-06,9.0,42.75000000000001,-0.06922741790972024,483487971161534.25,1.9257778669724547e+17,0.0,1.9257778669724547e+17,128.5843414044438,-0.03085436300737627,0.03085436300737627,0.029329649686397778
nta_5e19,5e+19,0.0,tail,coupled_final,0.0,0.01,0.0,0.3,channel,0.0009000000000000001,4.350000000000001e-06,9.0,43.50000000000001,-0.06744308184381508,518037501628776.44,1.9691682227833802e+17,0.0,1.9691682227833802e+17,122.70671233882479,-0.03154955314958838,0.03154955314958838,0.030030375273652914
nta_5e19,5e+19,0.0,tail,coupled_final,0.0,0.01,0.0,0.3,channel,0.0009000000000000001,4.425e-06,9.0,44.25,-0.06546796503071332,559167217976130.94,2.0183362184650506e+17,0.0,2.0183362184650506e+17,116.51297332074776,-0.03233731128780623,0.03233731128780623,0.030824723118920243
nta_5e19,5e+19,0.0,tail,coupled_final,0.0,0.01,0.0,0.3,channel,0.0009000000000000001,4.5e-06,9.0,45.0,-0.06329702103733223,608151743660207.0,2.0737931459558182e+17,0.0,2.0737931459558182e+17,110.06465014231979,-0.033225829221997634,0.033225829221997634,0.03172108923935951
nta_5e19,5e+19,0.0,tail,coupled_final,0.0,0.01,0.0,0.3,channel,0.0009000000000000001,4.575e-06,9.0,45.75,-0.06092455531603187,666603556277167.1,2.1361375178474694e+17,0.0,2.1361375178474694e+17,103.42448545100902,-0.034224696181059736,0.034224696181059736,0.03272932121126059
nta_5e19,5e+19,0.0,tail,coupled_final,0.0,0.01,0.0,0.3,channel,0.0009000000000000001,4.65e-06,9.0,46.50000000000001,-0.0583441626436915,736573882088263.0,2.206069805614787e+17,0.0,2.206069805614787e+17,96.6555634880502,-0.035345134955289334,0.035345134955289334,0.03386097046759898
nta_5e19,5e+19,0.0,tail,coupled_final,0.0,0.01,0.0,0.3,channel,0.0009000000000000001,4.7250000000000005e-06,9.0,47.25000000000001,-0.05554865373631046,820689350710701.6,2.2844105380074618e+17,0.0,2.2844105380074618e+17,89.82044225176166,-0.03660029186458924,0.03660029186458924,0.03512960416073737
nta_5e19,5e+19,0.0,tail,coupled_final,0.0,0.01,0.0,0.3,channel,0.0009000000000000001,4.8e-06,9.0,48.0,-0.052529969057893026,922338779306441.5,2.372122612939772e+17,0.0,2.372122612939772e+17,82.98030617886968,-0.038005594234351285,0.038005594234351285,0.036551192564434974
nta_5e19,5e+19,0.0,tail,coupled_final,0.0,0.01,0.0,0.3,channel,0.0009000000000000001,4.875e-06,9.0,48.75,-0.04927907736248069,1045931025342958.4,2.4703389341711194e+17,0.0,2.4703389341711194e+17,76.19415102135873,-0.039579193183894315,0.039579193183894315,0.038144593174852325
nta_5e19,5e+19,0.0,tail,coupled_final,0.0,0.01,0.0,0.3,channel,0.0009000000000000001,4.95e-06,9.0,49.5,-0.04578585589387437,1197254790752898.0,2.5803968281032944e+17,0.0,2.5803968281032944e+17,69.51801194799963,-0.041342515044348126,0.041342515044348126,0.03993215977541701
nta_5e19,5e+19,0.0,tail,coupled_final,0.0,0.01,0.0,0.3,channel,0.0009000000000000001,5.025e-06,9.0,50.25,-0.042038948373702076,1383986518089805.5,2.7038811593230314e+17,0.0,2.7038811593230314e+17,63.00424702475972,-0.043320952145801915,0.043320952145801915,0.04194051459790737
nta_5e19,5e+19,0.0,tail,coupled_final,0.0,0.01,0.0,0.3,channel,0.0009000000000000001,5.1e-06,9.0,51.0,-0.03802559587235013,1616416273801939.2,2.8426786967133376e+17,0.0,2.8426786967133376e+17,56.70089079651719,-0.04554473385843682,0.04554473385843682,0.044201535662907104
nta_5e19,5e+19,0.0,tail,coupled_final,0.0,0.01,0.0,0.3,channel,0.0009000000000000001,5.1750000000000004e-06,9.0,51.75000000000001,-0.03373143429025694,1908499074990020.2,2.999047162144183e+17,0.0,2.999047162144183e+17,50.651093943338964,-0.04805003287451419,0.04805003287451419,0.046753631502910155
nta_5e19,5e+19,0.0,tail,coupled_final,0.0,0.01,0.0,0.3,channel,0.0009000000000000001,5.2500000000000006e-06,9.0,52.50000000000001,-0.029140250351347822,2279399503606676.0,3.175703632695075e+17,0.0,3.175703632695075e+17,44.892660998624734,-0.05088038156812968,0.05088038156812968,0.049643404996552655
nta_5e19,5e+19,0.0,tail,coupled_final,0.0,0.01,0.0,0.3,channel,0.0009000000000000001,5.325e-06,9.0,53.25,-0.024233685538395146,2755796285451528.5,3.375938717606017e+17,0.0,3.375938717606017e+17,39.45768861022996,-0.05408850131164285,0.05408850131164285,0.05292785191930429
nta_5e19,5e+19,0.0,tail,coupled_final,0.0,0.01,0.0,0.3,channel,0.0009000000000000001,5.4e-06,9.0,54.0,-0.018990874003073588,3375378406878634.0,3.603765402677165e+17,0.0,3.603765402677165e+17,34.37229944124788,-0.05773868722586954,0.05773868722586954,0.05667730583331045
nta_5e19,5e+19,0.0,tail,coupled_final,0.0,0.01,0.0,0.3,channel,0.0009249999999999999,3e-06,9.25,30.0,-0.07268905768866248,418509927442504.2,1.838106059666825e+17,0.0,1.838106059666825e+17,141.7989765015799,-0.029449705796119965,0.029449705796119965,0.027914581844804505
nta_5e19,5e+19,0.0,tail,coupled_final,0.0,0.01,0.0,0.3,channel,0.0009249999999999999,3.075e-06,9.25,30.750000000000004,-0.07383610226030927,400346709746305.06,1.8119625454492096e+17,0.0,1.8119625454492096e+17,146.1278590960673,-0.029030840520018864,0.029030840520018864,0.027492806500404296
nta_5e19,5e+19,0.0,tail,coupled_final,0.0,0.01,0.0,0.3,channel,0.0009249999999999999,3.1500000000000003e-06,9.25,31.500000000000004,-0.07480848708640125,385567942071480.1,1.7900907828212333e+17,0.0,1.7900907828212333e+17,149.9007917523841,-0.028680416249749485,0.028680416249749485,0.027140014410510123
nta_5e19,5e+19,0.0,tail,coupled_final,0.0,0.01,0.0,0.3,channel,0.0009249999999999999,3.225e-06,9.25,32.25,-0.0756084534289997,373819605055628.7,1.7722949377486387e+17,0.0,1.7722949377486387e+17,153.07755886007314,-0.02839529537817353,0.02839529537817353,0.026853011247828656
nta_5e19,5e+19,0.0,tail,coupled_final,0.0,0.01,0.0,0.3,channel,0.0009249999999999999,3.3e-06,9.25,33.0,-0.07623782459798148,364828790956133.2,1.7584183222973366e+17,0.0,1.7584183222973366e+17,155.62405962813855,-0.028172967487822737,0.028172967487822737,0.026629242870250775
nta_5e19,5e+19,0.0,tail,coupled_final,0.0,0.01,0.0,0.3,channel,0.0009249999999999999,3.3750000000000003e-06,9.25,33.75,-0.07669802217731435,358391849786043.25,1.7483404068169197e+17,0.0,1.7483404068169197e+17,157.5128057408408,-0.02801150148080123,0.02801150148080123,0.026466745551555555
nta_5e19,5e+19,0.0,tail,coupled_final,0.0,0.01,0.0,0.3,channel,0.0009249999999999999,3.45e-06,9.25,34.5,-0.07699007850046403,354365794376256.4,1.7419745628630794e+17,0.0,1.7419745628630794e+17,158.72332331786868,-0.027909509416415897,0.027909509416415897,0.026364108441979745
nta_5e19,5e+19,0.0,tail,coupled_final,0.0,0.01,0.0,0.3,channel,0.0009249999999999999,3.525e-06,9.25,35.25,-0.07711464561341803,352662400136264.0,1.739266463459713e+17,0.0,1.739266463459713e+17,159.24245275883214,-0.027866120880549666,0.027866120880549666,0.026320446992268536
nta_5e19,5e+19,0.0,tail,coupled_final,0.0,0.01,0.0,0.3,channel,0.0009249999999999999,3.6000000000000003e-06,9.25,36.0,-0.07707200089416134,353244621929939.4,1.7401930895671286e+17,0.0,1.7401930895671286e+17,159.06454167150318,-0.027880967067527226,0.027880967067527226,0.026335386461461458
nta_5e19,5e+19,0.0,tail,coupled_final,0.0,0.01,0.0,0.3,channel,0.0009249999999999999,3.6750000000000004e-06,9.25,36.75000000000001,-0.07686204943337795,356125102899809.25,1.744762311382421e+17,0.0,1.744762311382421e+17,158.19152778801472,-0.02795417407180747,0.02795417407180747,0.026409054969672163
nta_5e19,5e+19,0.0,tail,coupled_final,0.0,0.01,0.0,0.3,channel,0.0009249999999999999,3.7500000000000005e-06,9.25,37.50000000000001,-0.07648432322051303,361366682493430.5,1.7530130313399274e+17,0.0,1.7530130313399274e+17,156.6329105366091,-0.02808636517910341,0.02808636517910341,0.02654208587060312
nta_5e19,5e+19,0.0,tail,coupled_final,0.0,0.01,0.0,0.3,channel,0.0009249999999999999,3.825000000000001e-06,9.25,38.25000000000001,-0.07593797712012386,369084935224933.9,1.7650158932908022e+17,0.0,1.7650158932908022e+17,154.40561172589184,-0.028278672228691605,0.028278672228691605,0.026735629520609483
nta_5e19,5e+19,0.0,tail,coupled_final,0.0,0.01,0.0,0.3,channel,0.0009249999999999999,3.9e-06,9.25,39.0,-0.07522178156375095,379452898745568.2,1.7808745801666762e+17,0.0,1.7808745801666762e+17,151.5337275789511,-0.02853275640427608,0.02853275640427608,0.026991374827083452
nta_5e19,5e+19,0.0,tail,coupled_final,0.0,0.01,0.0,0.3,channel,0.0009249999999999999,3.975e-06,9.25,39.75,-0.07433411182041444,392708290823979.9,1.8007277413327917e+17,0.0,1.8007277413327917e+17,148.04817609198935,-0.028850839113589946,0.028850839113589946,0.02731158128434357
nta_5e19,5e+19,0.0,tail,coupled_final,0.0,0.01,0.0,0.3,channel,0.0009249999999999999,4.05e-06,9.25,40.5,-0.07327293364221418,409163682722724.5,1.8247516117416333e+17,0.0,1.8247516117416333e+17,143.98624535618063,-0.029235743951862847,0.029235743951862847,0.02769912256705682
nta_5e19,5e+19,0.0,tail,coupled_final,0.0,0.01,0.0,0.3,channel,0.0009249999999999999,4.125e-06,9.25,41.25,-0.07203578500808737,429220307297766.8,1.8531634089745786e+17,0.0,1.8531634089745786e+17,139.39105005028853,-0.029690951128428556,0.029690951128428556,0.028157543169147634
nta_5e19,5e+19,0.0,tail,coupled_final,0.0,0.01,0.0,0.3,channel,0.0009249999999999999,4.2000000000000004e-06,9.25,42.00000000000001,-0.07061975360590124,453386455334369.0,1.8862256225843254e+17,0.0,1.8862256225843254e+17,134.31090477546195,-0.030220666189567088,0.030220666189567088,0.028691130074057967
nta_5e19,5e+19,0.0,tail,coupled_final,0.0,0.01,0.0,0.3,channel,0.0009249999999999999,4.2750000000000006e-06,9.25,42.75000000000001,-0.06902144959756489,482301782771144.2,1.924251344416132e+17,0.0,1.924251344416132e+17,128.7986242669051,-0.030829905419666126,0.030829905419666126,0.029305002050355373
nta_5e19,5e+19,0.0,tail,coupled_final,0.0,0.01,0.0,0.3,channel,0.0009249999999999999,4.350000000000001e-06,9.25,43.50000000000001,-0.06723697309987182,516769356648047.0,1.9676108308346486e+17,0.0,1.9676108308346486e+17,122.9107617924954,-0.031524600979686006,0.031524600979686006,0.030005219924524873
nta_5e19,5e+19,0.0,tail,coupled_final,0.0,0.01,0.0,0.3,channel,0.0009249999999999999,4.425e-06,9.25,44.25,-0.06526187568051832,557797969856412.94,2.0167395407058608e+17,0.0,2.0167395407058608e+17,116.70679823732765,-0.03231172968982822,0.03231172968982822,0.030798922143207876
nta_5e19,5e+19,0.0,tail,coupled_final,0.0,0.01,0.0,0.3,channel,0.0009249999999999999,4.5e-06,9.25,45.0,-0.06309111500808068,606658243853470.8,2.0721479601900246e+17,0.0,2.0721479601900246e+17,110.24829543035676,-0.033199470440072196,0.033199470440072196,0.031694491172384744
nta_5e19,5e+19,0.0,tail,coupled_final,0.0,0.01,0.0,0.3,channel,0.0009249999999999999,4.575e-06,9.25,45.75,-0.060719001598829994,664957448307411.8,2.1344336117873616e+17,0.0,2.1344336117873616e+17,103.59802806331682,-0.034197396596299376,0.034197396596299376,0.032701757890927614
nta_5e19,5e+19,0.0,tail,coupled_final,0.0,0.01,0.0,0.3,channel,0.0009249999999999999,4.65e-06,9.25,46.50000000000001,-0.05813913636188691,734739999293041.5,2.2042957572949037e+17,0.0,2.2042957572949037e+17,96.81910885848752,-0.035316711567632296,0.035316711567632296,0.033832253259525547
nta_5e19,5e+19,0.0,tail,coupled_final,0.0,0.01,0.0,0.3,channel,0.0009249999999999999,4.7250000000000005e-06,9.25,47.25000000000001,-0.05534433734388257,818623562152891.0,2.2825534513655466e+17,0.0,2.2825534513655466e+17,89.97412122831676,-0.036570538056339336,0.036570538056339336,0.03509951937667166
nta_5e19,5e+19,0.0,tail,coupled_final,0.0,0.01,0.0,0.3,channel,0.0009249999999999999,4.8e-06,9.25,48.0,-0.05232655369701008,919985059864280.0,2.370167796268153e+17,0.0,2.370167796268153e+17,83.12427251382415,-0.03797427461840107,0.03797427461840107,0.03651949584105543
nta_5e19,5e+19,0.0,tail,coupled_final,0.0,0.01,0.0,0.3,channel,0.0009249999999999999,4.875e-06,9.25,48.75,-0.04907676441593465,1043217423257686.4,2.468269505497923e+17,0.0,2.468269505497923e+17,76.32857945854227,-0.03954603728123506,0.03954603728123506,0.03811100250520758
nta_5e19,5e+19,0.0,tail,coupled_final,0.0,0.01,0.0,0.3,channel,0.0009249999999999999,4.95e-06,9.25,49.5,-0.04558485877666465,1194087809813610.8,2.5781932266734893e+17,0.0,2.5781932266734893e+17,69.6430968981825,-0.0413072094571333,0.0413072094571333,0.03989634678191606
nta_5e19,5e+19,0.0,tail,coupled_final,0.0,0.01,0.0,0.3,channel,0.0009249999999999999,5.025e-06,9.25,50.25,-0.04183949461921036,1380243191094769.2,2.701520535696722e+17,0.0,2.701520535696722e+17,63.12020174550498,-0.043283130785644504,0.043283130785644504,0.04190209349064547
nta_5e19,5e+19,0.0,tail,coupled_final,0.0,0.01,0.0,0.3,channel,0.0009249999999999999,5.1e-06,9.25,51.0,-0.03782792958325349,1611932827680798.8,2.8401341447852474e+17,0.0,2.8401341447852474e+17,56.80794692700828,-0.045503965642004957,0.045503965642004957,0.04416004911921373
nta_5e19,5e+19,0.0,tail,coupled_final,0.0,0.01,0.0,0.3,channel,0.0009249999999999999,5.1750000000000004e-06,9.25,51.75000000000001,-0.03353581904388577,1903054489904635.5,2.996286743442026e+17,0.0,2.996286743442026e+17,50.74950124614343,-0.048005806091067665,0.048005806091067665,0.046708532400763066
nta_5e19,5e+19,0.0,tail,coupled_final,0.0,0.01,0.0,0.3,channel,0.0009249999999999999,5.2500000000000006e-06,9.25,52.50000000000001,-0.02894697267553524,2272691301183540.5,3.17268912503758e+17,0.0,3.17268912503758e+17,44.982687255798204,-0.05083208383081115,0.05083208383081115,0.04959403248671628
nta_5e19,5e+19,0.0,tail,coupled_final,0.0,0.01,0.0,0.3,channel,0.0009249999999999999,5.325e-06,9.25,53.25,-0.024043059109830206,2747404287987781.0,3.372623994479974e+17,0.0,3.372623994479974e+17,39.539619733392804,-0.05403539359223559,0.05403539359223559,0.052873399653672125
nta_5e19,5e+19,0.0,tail,coupled_final,0.0,0.01,0.0,0.3,channel,0.0009249999999999999,5.4e-06,9.25,54.0,-0.018803244770001903,3364709531531161.0,3.600094313422468e+17,0.0,3.600094313422468e+17,34.44643982340792,-0.057679869891617504,0.057679869891617504,0.05661677915677913
nta_5e19,5e+19,0.0,tail,coupled_final,0.0,0.01,0.0,0.3,channel,0.00095,3e-06,9.5,30.0,-0.07250738912874137,417078923221099.6,1.836074554578097e+17,0.0,1.836074554578097e+17,142.12853615828914,-0.029417157496269844,0.029417157496269844,0.027881804272801715
nta_5e19,5e+19,0.0,tail,coupled_final,0.0,0.01,0.0,0.3,channel,0.00095,3.075e-06,9.5,30.750000000000004,-0.07365148693326626,399023291200811.6,1.810026491928109e+17,0.0,1.810026491928109e+17,146.45615190689776,-0.02899982152288206,0.02899982152288206,0.027461575468240428
nta_5e19,5e+19,0.0,tail,coupled_final,0.0,0.01,0.0,0.3,channel,0.00095,3.1500000000000003e-06,9.5,31.500000000000004,-0.07462112672280669,384334184874945.75,1.7882393621170272e+17,0.0,1.7882393621170272e+17,150.22673908217047,-0.028650753219829656,0.028650753219829656,0.027110153710895063
nta_5e19,5e+19,0.0,tail,coupled_final,0.0,0.01,0.0,0.3,channel,0.00095,3.225e-06,9.5,32.25,-0.07541854106074841,372660226329870.8,1.770518320738167e+17,0.0,1.770518320738167e+17,153.4001424089744,-0.028366830835556085,0.028366830835556085,0.026824360952260772
nta_5e19,5e+19,0.0,tail,coupled_final,0.0,0.01,0.0,0.3,channel,0.00095,3.3e-06,9.5,33.0,-0.07604554557530518,363730593262877.44,1.7567075163289267e+17,0.0,1.7567075163289267e+17,155.94232798033715,-0.028145557354343795,0.028145557354343795,0.026601656786103472
nta_5e19,5e+19,0.0,tail,coupled_final,0.0,0.01,0.0,0.3,channel,0.00095,3.3750000000000003e-06,9.5,33.75,-0.07650355509840871,357343271752582.75,1.7466871220691142e+17,0.0,1.7466871220691142e+17,157.82587944480474,-0.027985012938878402,0.027985012938878402,0.026440089008910313
nta_5e19,5e+19,0.0,tail,coupled_final,0.0,0.01,0.0,0.3,channel,0.00095,3.45e-06,9.5,34.5,-0.07679359606782285,353356541257597.3,1.740371094424622e+17,0.0,1.740371094424622e+17,159.03039851415525,-0.02788381901976137,0.02788381901976137,0.026338256345148768
nta_5e19,5e+19,0.0,tail,coupled_final,0.0,0.01,0.0,0.3,channel,0.00095,3.525e-06,9.5,35.25,-0.07691631542928493,351683133599682.44,1.7377055859339942e+17,0.0,1.7377055859339942e+17,159.54280340089488,-0.027841112865547246,0.027841112865547246,0.026295282081469775
nta_5e19,5e+19,0.0,tail,coupled_final,0.0,0.01,0.0,0.3,channel,0.00095,3.6000000000000003e-06,9.5,36.0,-0.07687198620617358,352286692594809.56,1.7386679614609693e+17,0.0,1.7386679614609693e+17,159.35752041186015,-0.027856531821371773,0.027856531821371773,0.02631079773810623
nta_5e19,5e+19,0.0,tail,coupled_final,0.0,0.01,0.0,0.3,channel,0.00095,3.6750000000000004e-06,9.5,36.75000000000001,-0.07666050984043735,355180312103008.25,1.7432663868806093e+17,0.0,1.7432663868806093e+17,158.47656562627273,-0.02793020671897716,0.02793020671897716,0.02638493624466799
nta_5e19,5e+19,0.0,tail,coupled_final,0.0,0.01,0.0,0.3,channel,0.00095,3.7500000000000005e-06,9.5,37.50000000000001,-0.07628141534813783,360427061662182.75,1.7515399773113018e+17,0.0,1.7515399773113018e+17,156.90951534690564,-0.028062764251650576,0.028062764251650576,0.02651833439929622
nta_5e19,5e+19,0.0,tail,coupled_final,0.0,0.01,0.0,0.3,channel,0.00095,3.825000000000001e-06,9.5,38.25000000000001,-0.07573385527398457,368142532300759.6,1.7635595095311747e+17,0.0,1.7635595095311747e+17,154.6733657989458,-0.028255338388393482,0.028255338388393482,0.02671214469071687
nta_5e19,5e+19,0.0,tail,coupled_final,0.0,0.01,0.0,0.3,channel,0.00095,3.9e-06,9.5,39.0,-0.075016598369758,378499561405295.25,1.7794287209660128e+17,0.0,1.7794287209660128e+17,151.7922843277429,-0.028509591186002513,0.028509591186002513,0.0269680568673288
nta_5e19,5e+19,0.0,tail,coupled_final,0.0,0.01,0.0,0.3,channel,0.00095,3.975e-06,9.5,39.75,-0.07412801885959408,391735435801218.0,1.7992862364618752e+17,0.0,1.7992862364618752e+17,148.29725607979566,-0.02882774365937015,0.02882774365937015,0.027288329961565203
nta_5e19,5e+19,0.0,tail,coupled_final,0.0,0.01,0.0,0.3,channel,0.00095,4.05e-06,9.5,40.5,-0.07306608208868365,408162039285117.4,1.8233081848858678e+17,0.0,1.8233081848858678e+17,144.22563181095796,-0.029212617704050894,0.029212617704050894,0.027675835838273734
nta_5e19,5e+19,0.0,tail,coupled_final,0.0,0.01,0.0,0.3,channel,0.00095,4.125e-06,9.5,41.25,-0.07182832627872816,428179620736017.3,1.8517115914940986e+17,0.0,1.8517115914940986e+17,139.6205840299336,-0.029667690447987977,0.029667690447987977,0.0281341157523378
nta_5e19,5e+19,0.0,tail,coupled_final,0.0,0.01,0.0,0.3,channel,0.00095,4.2000000000000004e-06,9.5,42.00000000000001,-0.07041184003084733,452295132916034.56,1.8847586602396173e+17,0.0,1.8847586602396173e+17,134.53048014400864,-0.030197162861650594,0.030197162861650594,0.028667451897013592
nta_5e19,5e+19,0.0,tail,coupled_final,0.0,0.01,0.0,0.3,channel,0.00095,4.2750000000000006e-06,9.5,42.75000000000001,-0.0688132351213995,481146459608645.56,1.9227620943502294e+17,0.0,1.9227620943502294e+17,129.00818263216112,-0.03080604500308841,0.03080604500308841,0.02928095653060009
nta_5e19,5e+19,0.0,tail,coupled_final,0.0,0.01,0.0,0.3,channel,0.00095,4.350000000000001e-06,9.5,43.50000000000001,-0.06702861402450239,515534351724129.56,1.9660916456219827e+17,0.0,1.9660916456219827e+17,123.11028754132694,-0.031500260949181486,0.031500260949181486,0.029980682024417164
nta_5e19,5e+19,0.0,tail,coupled_final,0.0,0.01,0.0,0.3,channel,0.00095,4.425e-06,9.5,44.25,-0.06505353146213076,556464592138401.75,2.015182135628809e+17,0.0,2.015182135628809e+17,116.89631378697362,-0.03228677730958696,0.03228677730958696,0.030773756132304212
nta_5e19,5e+19,0.0,tail,coupled_final,0.0,0.01,0.0,0.3,channel,0.00095,4.5e-06,9.5,45.0,-0.0628829491224376,605203893655821.6,2.07054325903787e+17,0.0,2.07054325903787e+17,110.42785679516187,-0.03317376029316685,0.03317376029316685,0.03166854801288896
nta_5e19,5e+19,0.0,tail,coupled_final,0.0,0.01,0.0,0.3,channel,0.00095,4.575e-06,9.5,45.75,-0.06051118249157642,663354437788127.9,2.1327715653208064e+17,0.0,2.1327715653208064e+17,103.76772081947608,-0.034170767676166,0.034170767676166,0.03267487214019444
nta_5e19,5e+19,0.0,tail,coupled_final,0.0,0.01,0.0,0.3,channel,0.00095,4.65e-06,9.5,46.50000000000001,-0.057931838503601056,732953985086952.2,2.2025651269905923e+17,0.0,2.2025651269905923e+17,96.97904457785779,-0.03528898381327569,0.03528898381327569,0.033804239354146046
nta_5e19,5e+19,0.0,tail,coupled_final,0.0,0.01,0.0,0.3,channel,0.00095,4.7250000000000005e-06,9.5,47.25000000000001,-0.05513774241354393,816611437877030.9,2.2807415490260205e+17,0.0,2.2807415490260205e+17,90.12443444614023,-0.03654150818042455,0.03654150818042455,0.03507016712290692
nta_5e19,5e+19,0.0,tail,coupled_final,0.0,0.01,0.0,0.3,channel,0.00095,4.8e-06,9.5,48.0,-0.05212085192260746,917692089144309.8,2.368260167388229e+17,0.0,2.368260167388229e+17,83.26511828817227,-0.03794371103422349,0.03794371103422349,0.03648856488246686
nta_5e19,5e+19,0.0,tail,coupled_final,0.0,0.01,0.0,0.3,channel,0.00095,4.875e-06,9.5,48.75,-0.04887215610744338,1040573293298359.4,2.4662495406902282e+17,0.0,2.4662495406902282e+17,76.46013155832344,-0.03951367387707116,0.03951367387707116,0.038078215464719865
nta_5e19,5e+19,0.0,tail,coupled_final,0.0,0.01,0.0,0.3,channel,0.00095,4.95e-06,9.5,49.5,-0.04538155609505517,1191001132625150.2,2.5760416806416045e+17,0.0,2.5760416806416045e+17,69.76554660817851,-0.04127273788934069,0.04127273788934069,0.03986138067391664
nta_5e19,5e+19,0.0,tail,coupled_final,0.0,0.01,0.0,0.3,channel,0.00095,5.025e-06,9.5,50.25,-0.04163772363615406,1376593743853338.2,2.6992149266952765e+17,0.0,2.6992149266952765e+17,63.2337572029987,-0.043246190856951944,0.043246190856951944,0.041864568856043186
nta_5e19,5e+19,0.0,tail,coupled_final,0.0,0.01,0.0,0.3,channel,0.00095,5.1e-06,9.5,51.0,-0.03762793270067447,1607560455116748.0,2.8376479984388406e+17,0.0,2.8376479984388406e+17,56.912832838552916,-0.04546413318615579,0.04546413318615579,0.04411951613204883
nta_5e19,5e+19,0.0,tail,coupled_final,0.0,0.01,0.0,0.3,channel,0.00095,5.1750000000000004e-06,9.5,51.75000000000001,-0.03333785786176713,1897743005740206.5,2.9935886320560544e+17,0.0,2.9935886320560544e+17,50.84595883217881,-0.047962577580882335,0.047962577580882335,0.04666445289699572
nta_5e19,5e+19,0.0,tail,coupled_final,0.0,0.01,0.0,0.3,channel,0.00095,5.2500000000000006e-06,9.5,52.50000000000001,-0.02875133142231998,2266144778219659.5,3.169741435548524e+17,0.0,3.169741435548524e+17,45.070974362817964,-0.05078485663857462,0.05078485663857462,0.04954575642586708
nta_5e19,5e+19,0.0,tail,coupled_final,0.0,0.01,0.0,0.3,channel,0.00095,5.325e-06,9.5,53.25,-0.023850048785156498,2739211565722169.0,3.369381332875556e+17,0.0,3.369381332875556e+17,39.62001116454298,-0.053983440425689914,0.053983440425689914,0.052820133868308174
nta_5e19,5e+19,0.0,tail,coupled_final,0.0,0.01,0.0,0.3,channel,0.00095,5.4e-06,9.5,54.0,-0.018613208198546952,3354290147314669.0,3.5965014177600083e+17,0.0,3.5965014177600083e+17,34.519227910814195,-0.05762230535682958,0.05762230535682958,0.05655754525259798
nta_5e19,5e+19,0.0,tail,coupled_final,0.0,0.01,0.0,0.3,channel,0.000975,3e-06,9.75,30.0,-0.07195504171340002,421678280416686.7,1.8425872741638496e+17,0.0,1.8425872741638496e+17,141.07598570259847,-0.029521502767710716,0.029521502767710716,0.027986886442505604
nta_5e19,5e+19,0.0,tail,coupled_final,0.0,0.01,0.0,0.3,channel,0.000975,3.075e-06,9.75,30.750000000000004,-0.07309554740460063,403479604076060.56,1.8165284896473514e+17,0.0,1.8165284896473514e+17,145.35790407865986,-0.029103995011082972,0.029103995011082972,0.027566462936477593
nta_5e19,5e+19,0.0,tail,coupled_final,0.0,0.01,0.0,0.3,channel,0.000975,3.1500000000000003e-06,9.75,31.500000000000004,-0.07406166825304542,388679369360696.9,1.794742140365815e+17,0.0,1.794742140365815e+17,149.0864940225465,-0.028754939213492568,0.028754939213492568,0.027215035879863327
nta_5e19,5e+19,0.0,tail,coupled_final,0.0,0.01,0.0,0.3,channel,0.000975,3.225e-06,9.75,32.25,-0.074855645512238,376923566601249.4,1.7770330993329152e+17,0.0,1.7770330993329152e+17,152.22211681840443,-0.028471209095957975,0.028471209095957975,0.02692942227507922
nta_5e19,5e+19,0.0,tail,coupled_final,0.0,0.01,0.0,0.3,channel,0.000975,3.3e-06,9.75,33.0,-0.07547930077913693,367939482130508.94,1.7632453862846656e+17,0.0,1.7632453862846656e+17,154.7312066530484,-0.02825030557913595,0.02825030557913595,0.026707079349235507
nta_5e19,5e+19,0.0,tail,coupled_final,0.0,0.01,0.0,0.3,channel,0.000975,3.3750000000000003e-06,9.75,33.75,-0.07593405216465178,361523863105841.7,1.7532591916317686e+17,0.0,1.7532591916317686e+17,156.58675755491052,-0.02809030910178148,0.02809030910178148,0.02654605497639164
nta_5e19,5e+19,0.0,tail,coupled_final,0.0,0.01,0.0,0.3,channel,0.000975,3.45e-06,9.75,34.5,-0.07622092670814727,357534345547757.44,1.7469886313462813e+17,0.0,1.7469886313462813e+17,157.76871587928397,-0.027989843650066515,0.027989843650066515,0.026444950333495424
nta_5e19,5e+19,0.0,tail,coupled_final,0.0,0.01,0.0,0.3,channel,0.000975,3.525e-06,9.75,35.25,-0.07634056927331147,355883583126077.0,1.7443801597330874e+17,0.0,1.7443801597330874e+17,158.26427215235944,-0.0279480513273754,0.0279480513273754,0.02640289352950628
nta_5e19,5e+19,0.0,tail,coupled_final,0.0,0.01,0.0,0.3,channel,0.000975,3.6000000000000003e-06,9.75,36.0,-0.07629324809299999,356535701071542.1,1.7454115893181514e+17,0.0,1.7454115893181514e+17,158.06804766409553,-0.02796457665118346,0.02796457665118346,0.026419523334127823
nta_5e19,5e+19,0.0,tail,coupled_final,0.0,0.01,0.0,0.3,channel,0.000975,3.6750000000000004e-06,9.75,36.75000000000001,-0.07607885706647635,359504852391474.7,1.750091686877912e+17,0.0,1.750091686877912e+17,157.1821728567938,-0.028039560080734348,0.028039560080734348,0.026494982474165475
nta_5e19,5e+19,0.0,tail,coupled_final,0.0,0.01,0.0,0.3,channel,0.000975,3.7500000000000005e-06,9.75,37.50000000000001,-0.07569691485165642,364855786578342.7,1.7584603329272365e+17,0.0,1.7584603329272365e+17,155.61625626736924,-0.02817364057231879,0.02817364057231879,0.02662992027992234
nta_5e19,5e+19,0.0,tail,coupled_final,0.0,0.01,0.0,0.3,channel,0.000975,3.825000000000001e-06,9.75,38.25000000000001,-0.07514656073553563,372706466124498.75,1.770589249666893e+17,0.0,1.770589249666893e+17,153.38724451597875,-0.028367967242278882,0.028367967242278882,0.026825504767415423
nta_5e19,5e+19,0.0,tail,coupled_final,0.0,0.01,0.0,0.3,channel,0.000975,3.9e-06,9.75,39.0,-0.074426547206004,383232894375073.3,1.7865833203150944e+17,0.0,1.7865833203150944e+17,150.51917555891475,-0.028624220505029815,0.028624220505029815,0.02708344454990461
nta_5e19,5e+19,0.0,tail,coupled_final,0.0,0.01,0.0,0.3,channel,0.000975,3.975e-06,9.75,39.75,-0.07353522908577848,396676460906090.06,1.8065825417766685e+17,0.0,1.8065825417766685e+17,147.0428291073976,-0.02894464335826907,0.02894464335826907,0.02740602129996122
nta_5e19,5e+19,0.0,tail,coupled_final,0.0,0.01,0.0,0.3,channel,0.000975,4.05e-06,9.75,40.5,-0.0724705490221248,413354280751252.6,1.830764673676563e+17,0.0,1.830764673676563e+17,142.9952797281442,-0.029332083825172238,0.029332083825172238,0.02779613384819059
nta_5e19,5e+19,0.0,tail,coupled_final,0.0,0.01,0.0,0.3,channel,0.000975,4.125e-06,9.75,41.25,-0.07123001905208064,433673217765608.25,1.859348670978179e+17,0.0,1.859348670978179e+17,138.4193596664705,-0.02979004995100192,0.02979004995100192,0.02825735542663148
nta_5e19,5e+19,0.0,tail,coupled_final,0.0,0.01,0.0,0.3,channel,0.000975,4.2000000000000004e-06,9.75,42.00000000000001,-0.06981069787934953,458148561967479.56,1.8925990160146128e+17,0.0,1.8925990160146128e+17,133.36303986025743,-0.030322779209900043,0.030322779209900043,0.028794006067988542
nta_5e19,5e+19,0.0,tail,coupled_final,0.0,0.01,0.0,0.3,channel,0.000975,4.2750000000000006e-06,9.75,42.75000000000001,-0.0682091634027121,487428705989422.56,1.930831100394856e+17,0.0,1.930831100394856e+17,127.87873894856585,-0.030935324732531463,0.030935324732531463,0.02941124278687917
nta_5e19,5e+19,0.0,tail,coupled_final,0.0,0.01,0.0,0.3,channel,0.000975,4.350000000000001e-06,9.75,43.50000000000001,-0.06642147992278988,522327679694390.0,1.974417849980692e+17,0.0,1.974417849980692e+17,122.02257133370122,-0.03163366144991581,0.03163366144991581,0.030115170936285598
nta_5e19,5e+19,0.0,tail,coupled_final,0.0,0.01,0.0,0.3,channel,0.000975,4.425e-06,9.75,44.25,-0.06444315931942485,563868116796692.9,2.0237978396959152e+17,0.0,2.0237978396959152e+17,115.85354652818722,-0.03242481610700473,0.03242481610700473,0.030912981105143653
nta_5e19,5e+19,0.0,tail,coupled_final,0.0,0.01,0.0,0.3,channel,0.000975,4.5e-06,9.75,45.0,-0.062269115329621184,613338234585794.6,2.0794852129944253e+17,0.0,2.0794852129944253e+17,109.43273305786194,-0.03331702619008181,0.03331702619008181,0.031813117174901026
nta_5e19,5e+19,0.0,tail,coupled_final,0.0,0.01,0.0,0.3,channel,0.000975,4.575e-06,9.75,45.75,-0.05989360985798347,672367844273156.6,2.1420818083492784e+17,0.0,2.1420818083492784e+17,102.82240096348272,-0.034319934214536794,0.034319934214536794,0.032825482785491536
nta_5e19,5e+19,0.0,tail,coupled_final,0.0,0.01,0.0,0.3,channel,0.000975,4.65e-06,9.75,46.50000000000001,-0.05731019000749985,743030481561859.8,2.2122920088797744e+17,0.0,2.2122920088797744e+17,96.08515722404316,-0.035444825642120946,0.035444825642120946,0.033961695615711766
nta_5e19,5e+19,0.0,tail,coupled_final,0.0,0.01,0.0,0.3,channel,0.000975,4.7250000000000005e-06,9.75,47.25000000000001,-0.054511614214673765,827981770622202.1,2.2909409803179456e+17,0.0,2.2909409803179456e+17,89.28308799953226,-0.03670492108538466,0.03670492108538466,0.035235401756011545
nta_5e19,5e+19,0.0,tail,coupled_final,0.0,0.01,0.0,0.3,channel,0.000975,4.8e-06,9.75,48.0,-0.05148976549114564,930648599052985.9,2.3789971591589117e+17,0.0,2.3789971591589117e+17,82.47692046768468,-0.03811573660756787,0.03811573660756787,0.036662666317554625
nta_5e19,5e+19,0.0,tail,coupled_final,0.0,0.01,0.0,0.3,channel,0.000975,4.875e-06,9.75,48.75,-0.04823554928950523,1055490354804188.5,2.4776001135714355e+17,0.0,2.4776001135714355e+17,75.72521570748076,-0.039695530103599,0.039695530103599,0.03826246166798696
nta_5e19,5e+19,0.0,tail,coupled_final,0.0,0.01,0.0,0.3,channel,0.000975,4.95e-06,9.75,49.5,-0.04473877289064048,1208363581450631.5,2.5880952475091072e+17,0.0,2.5880952475091072e+17,69.08360358280547,-0.04146585732125538,0.04146585732125538,0.04005728187681305
nta_5e19,5e+19,0.0,tail,coupled_final,0.0,0.01,0.0,0.3,channel,0.000975,5.025e-06,9.75,50.25,-0.04098800240799921,1397036921890983.8,2.712077287240551e+17,0.0,2.712077287240551e+17,62.60407184074745,-0.04345226859218917,0.04345226859218917,0.04207392194949807
nta_5e19,5e+19,0.0,tail,coupled_final,0.0,0.01,0.0,0.3,channel,0.000975,5.1e-06,9.75,51.0,-0.03697039245704646,1631927386679061.5,2.8514451307293853e+17,0.0,2.8514451307293853e+17,56.33432421191029,-0.04568518761587696,0.04568518761587696,0.044344474574609154
nta_5e19,5e+19,0.0,tail,coupled_final,0.0,0.01,0.0,0.3,channel,0.000975,5.1750000000000004e-06,9.75,51.75000000000001,-0.03267148215610606,1927167217789298.5,3.008471532193834e+17,0.0,3.008471532193834e+17,50.31722335662827,-0.048201027929351395,0.048201027929351395,0.04690761752396668
nta_5e19,5e+19,0.0,tail,coupled_final,0.0,0.01,0.0,0.3,channel,0.000975,5.2500000000000006e-06,9.75,52.50000000000001,-0.028074949277971273,2302172127943056.5,3.185892349777883e+17,0.0,3.185892349777883e+17,44.590330262189994,-0.051043622812534786,0.051043622812534786,0.04981029481761843
nta_5e19,5e+19,0.0,tail,coupled_final,0.0,0.01,0.0,0.3,channel,0.000975,5.325e-06,9.75,53.25,-0.02316231186972833,2783982434514010.0,3.3870218576686586e+17,0.0,3.3870218576686586e+17,39.18554224478123,-0.05426607279203998,0.05426607279203998,0.05310993931864445
nta_5e19,5e+19,0.0,tail,coupled_final,0.0,0.01,0.0,0.3,channel,0.000975,5.4e-06,9.75,54.0,-0.017912563218093057,3410816808176269.0,3.6159031284203923e+17,0.0,3.6159031284203923e+17,34.12882491609668,-0.057933155031626535,0.057933155031626535,0.05687745149691798
nta_5e19,5e+19,0.0,tail,coupled_final,0.0,0.01,0.0,0.3,channel,0.001,3e-06,10.0,30.0,0.01,1e+16,5.108994365903968e+17,0.0,5.108994365903968e+17,16.38058381615413,-0.08185511396288983,0.08185511396288983,0.08185511396288983
nta_5e19,5e+19,0.0,tail,coupled_final,0.0,0.01,0.0,0.3,channel,0.001,3.075e-06,10.0,30.750000000000004,0.01,1e+16,5.108994365903968e+17,0.0,5.108994365903968e+17,16.38058381615413,-0.08185511396288983,0.08185511396288983,0.08185511396288983
nta_5e19,5e+19,0.0,tail,coupled_final,0.0,0.01,0.0,0.3,channel,0.001,3.1500000000000003e-06,10.0,31.500000000000004,0.01,1e+16,5.108994365903968e+17,0.0,5.108994365903968e+17,16.38058381615413,-0.08185511396288983,0.08185511396288983,0.08185511396288983
nta_5e19,5e+19,0.0,tail,coupled_final,0.0,0.01,0.0,0.3,channel,0.001,3.225e-06,10.0,32.25,0.01,1e+16,5.108994365903968e+17,0.0,5.108994365903968e+17,16.38058381615413,-0.08185511396288983,0.08185511396288983,0.08185511396288983
nta_5e19,5e+19,0.0,tail,coupled_final,0.0,0.01,0.0,0.3,channel,0.001,3.3e-06,10.0,33.0,0.01,1e+16,5.108994365903968e+17,0.0,5.108994365903968e+17,16.38058381615413,-0.08185511396288983,0.08185511396288983,0.08185511396288983
nta_5e19,5e+19,0.0,tail,coupled_final,0.0,0.01,0.0,0.3,channel,0.001,3.3750000000000003e-06,10.0,33.75,0.01,1e+16,5.108994365903968e+17,0.0,5.108994365903968e+17,16.38058381615413,-0.08185511396288983,0.08185511396288983,0.08185511396288983
nta_5e19,5e+19,0.0,tail,coupled_final,0.0,0.01,0.0,0.3,channel,0.001,3.45e-06,10.0,34.5,0.01,1e+16,5.108994365903968e+17,0.0,5.108994365903968e+17,16.38058381615413,-0.08185511396288983,0.08185511396288983,0.08185511396288983
nta_5e19,5e+19,0.0,tail,coupled_final,0.0,0.01,0.0,0.3,channel,0.001,3.525e-06,10.0,35.25,0.01,1e+16,5.108994365903968e+17,0.0,5.108994365903968e+17,16.38058381615413,-0.08185511396288983,0.08185511396288983,0.08185511396288983
nta_5e19,5e+19,0.0,tail,coupled_final,0.0,0.01,0.0,0.3,channel,0.001,3.6000000000000003e-06,10.0,36.0,0.01,1e+16,5.108994365903968e+17,0.0,5.108994365903968e+17,16.38058381615413,-0.08185511396288983,0.08185511396288983,0.08185511396288983
nta_5e19,5e+19,0.0,tail,coupled_final,0.0,0.01,0.0,0.3,channel,0.001,3.6750000000000004e-06,10.0,36.75000000000001,0.01,1e+16,5.108994365903968e+17,0.0,5.108994365903968e+17,16.38058381615413,-0.08185511396288983,0.08185511396288983,0.08185511396288983
nta_5e19,5e+19,0.0,tail,coupled_final,0.0,0.01,0.0,0.3,channel,0.001,3.7500000000000005e-06,10.0,37.50000000000001,0.01,1e+16,5.108994365903968e+17,0.0,5.108994365903968e+17,16.38058381615413,-0.08185511396288983,0.08185511396288983,0.08185511396288983
nta_5e19,5e+19,0.0,tail,coupled_final,0.0,0.01,0.0,0.3,channel,0.001,3.825000000000001e-06,10.0,38.25000000000001,0.01,1e+16,5.108994365903968e+17,0.0,5.108994365903968e+17,16.38058381615413,-0.08185511396288983,0.08185511396288983,0.08185511396288983
nta_5e19,5e+19,0.0,tail,coupled_final,0.0,0.01,0.0,0.3,channel,0.001,3.9e-06,10.0,39.0,0.01,1e+16,5.108994365903968e+17,0.0,5.108994365903968e+17,16.38058381615413,-0.08185511396288983,0.08185511396288983,0.08185511396288983
nta_5e19,5e+19,0.0,tail,coupled_final,0.0,0.01,0.0,0.3,channel,0.001,3.975e-06,10.0,39.75,0.01,1e+16,5.108994365903968e+17,0.0,5.108994365903968e+17,16.38058381615413,-0.08185511396288983,0.08185511396288983,0.08185511396288983
nta_5e19,5e+19,0.0,tail,coupled_final,0.0,0.01,0.0,0.3,channel,0.001,4.05e-06,10.0,40.5,0.01,1e+16,5.108994365903968e+17,0.0,5.108994365903968e+17,16.38058381615413,-0.08185511396288983,0.08185511396288983,0.08185511396288983
nta_5e19,5e+19,0.0,tail,coupled_final,0.0,0.01,0.0,0.3,channel,0.001,4.125e-06,10.0,41.25,0.01,1e+16,5.108994365903968e+17,0.0,5.108994365903968e+17,16.38058381615413,-0.08185511396288983,0.08185511396288983,0.08185511396288983
nta_5e19,5e+19,0.0,tail,coupled_final,0.0,0.01,0.0,0.3,channel,0.001,4.2000000000000004e-06,10.0,42.00000000000001,0.01,1e+16,5.108994365903968e+17,0.0,5.108994365903968e+17,16.38058381615413,-0.08185511396288983,0.08185511396288983,0.08185511396288983
nta_5e19,5e+19,0.0,tail,coupled_final,0.0,0.01,0.0,0.3,channel,0.001,4.2750000000000006e-06,10.0,42.75000000000001,0.01,1e+16,5.108994365903968e+17,0.0,5.108994365903968e+17,16.38058381615413,-0.08185511396288983,0.08185511396288983,0.08185511396288983
nta_5e19,5e+19,0.0,tail,coupled_final,0.0,0.01,0.0,0.3,channel,0.001,4.350000000000001e-06,10.0,43.50000000000001,0.01,1e+16,5.108994365903968e+17,0.0,5.108994365903968e+17,16.38058381615413,-0.08185511396288983,0.08185511396288983,0.08185511396288983
nta_5e19,5e+19,0.0,tail,coupled_final,0.0,0.01,0.0,0.3,channel,0.001,4.425e-06,10.0,44.25,0.01,1e+16,5.108994365903968e+17,0.0,5.108994365903968e+17,16.38058381615413,-0.08185511396288983,0.08185511396288983,0.08185511396288983
nta_5e19,5e+19,0.0,tail,coupled_final,0.0,0.01,0.0,0.3,channel,0.001,4.5e-06,10.0,45.0,0.01,1e+16,5.108994365903968e+17,0.0,5.108994365903968e+17,16.38058381615413,-0.08185511396288983,0.08185511396288983,0.08185511396288983
nta_5e19,5e+19,0.0,tail,coupled_final,0.0,0.01,0.0,0.3,channel,0.001,4.575e-06,10.0,45.75,0.01,1e+16,5.108994365903968e+17,0.0,5.108994365903968e+17,16.38058381615413,-0.08185511396288983,0.08185511396288983,0.08185511396288983
nta_5e19,5e+19,0.0,tail,coupled_final,0.0,0.01,0.0,0.3,channel,0.001,4.65e-06,10.0,46.50000000000001,0.01,1e+16,5.108994365903968e+17,0.0,5.108994365903968e+17,16.38058381615413,-0.08185511396288983,0.08185511396288983,0.08185511396288983
nta_5e19,5e+19,0.0,tail,coupled_final,0.0,0.01,0.0,0.3,channel,0.001,4.7250000000000005e-06,10.0,47.25000000000001,0.01,1e+16,5.108994365903968e+17,0.0,5.108994365903968e+17,16.38058381615413,-0.08185511396288983,0.08185511396288983,0.08185511396288983
nta_5e19,5e+19,0.0,tail,coupled_final,0.0,0.01,0.0,0.3,channel,0.001,4.8e-06,10.0,48.0,0.01,1e+16,5.108994365903968e+17,0.0,5.108994365903968e+17,16.38058381615413,-0.08185511396288983,0.08185511396288983,0.08185511396288983
nta_5e19,5e+19,0.0,tail,coupled_final,0.0,0.01,0.0,0.3,channel,0.001,4.875e-06,10.0,48.75,0.01,1e+16,5.108994365903968e+17,0.0,5.108994365903968e+17,16.38058381615413,-0.08185511396288983,0.08185511396288983,0.08185511396288983
nta_5e19,5e+19,0.0,tail,coupled_final,0.0,0.01,0.0,0.3,channel,0.001,4.95e-06,10.0,49.5,0.01,1e+16,5.108994365903968e+17,0.0,5.108994365903968e+17,16.38058381615413,-0.08185511396288983,0.08185511396288983,0.08185511396288983
nta_5e19,5e+19,0.0,tail,coupled_final,0.0,0.01,0.0,0.3,channel,0.001,5.025e-06,10.0,50.25,0.01,1e+16,5.108994365903968e+17,0.0,5.108994365903968e+17,16.38058381615413,-0.08185511396288983,0.08185511396288983,0.08185511396288983
nta_5e19,5e+19,0.0,tail,coupled_final,0.0,0.01,0.0,0.3,channel,0.001,5.1e-06,10.0,51.0,0.01,1e+16,5.108994365903968e+17,0.0,5.108994365903968e+17,16.38058381615413,-0.08185511396288983,0.08185511396288983,0.08185511396288983
nta_5e19,5e+19,0.0,tail,coupled_final,0.0,0.01,0.0,0.3,channel,0.001,5.1750000000000004e-06,10.0,51.75000000000001,0.01,1e+16,5.108994365903968e+17,0.0,5.108994365903968e+17,16.38058381615413,-0.08185511396288983,0.08185511396288983,0.08185511396288983
nta_5e19,5e+19,0.0,tail,coupled_final,0.0,0.01,0.0,0.3,channel,0.001,5.2500000000000006e-06,10.0,52.50000000000001,0.01,1e+16,5.108994365903968e+17,0.0,5.108994365903968e+17,16.38058381615413,-0.08185511396288983,0.08185511396288983,0.08185511396288983
nta_5e19,5e+19,0.0,tail,coupled_final,0.0,0.01,0.0,0.3,channel,0.001,5.325e-06,10.0,53.25,0.01,1e+16,5.108994365903968e+17,0.0,5.108994365903968e+17,16.38058381615413,-0.08185511396288983,0.08185511396288983,0.08185511396288983
nta_5e19,5e+19,0.0,tail,coupled_final,0.0,0.01,0.0,0.3,channel,0.001,5.4e-06,10.0,54.0,0.01,1e+16,5.108994365903968e+17,0.0,5.108994365903968e+17,16.38058381615413,-0.08185511396288983,0.08185511396288983,0.08185511396288983
nta_5e19,5e+19,0.0,tail,coupled_final,0.0,0.01,0.0,0.3,top_oxide,0.0,5.4e-06,0.0,54.0,0.2968915869050342,,,,,,,,
nta_5e19,5e+19,0.0,tail,coupled_final,0.0,0.01,0.0,0.3,top_oxide,0.0,5.525e-06,0.0,55.24999999999999,0.29689962828283245,,,,,,,,
nta_5e19,5e+19,0.0,tail,coupled_final,0.0,0.01,0.0,0.3,top_oxide,2.5e-05,5.4e-06,0.25,54.0,-0.024763525025227277,,,,,,,,
nta_5e19,5e+19,0.0,tail,coupled_final,0.0,0.01,0.0,0.3,top_oxide,2.5e-05,5.525e-06,0.25,55.24999999999999,-0.011171099563454677,,,,,,,,
nta_5e19,5e+19,0.0,tail,coupled_final,0.0,0.01,0.0,0.3,top_oxide,0.0,5.65e-06,0.0,56.5,0.29692307319702305,,,,,,,,
nta_5e19,5e+19,0.0,tail,coupled_final,0.0,0.01,0.0,0.3,top_oxide,2.5e-05,5.65e-06,0.25,56.5,0.0024136337435610887,,,,,,,,
nta_5e19,5e+19,0.0,tail,coupled_final,0.0,0.01,0.0,0.3,top_oxide,0.0,5.775e-06,0.0,57.75,0.29696124358318626,,,,,,,,
nta_5e19,5e+19,0.0,tail,coupled_final,0.0,0.01,0.0,0.3,top_oxide,2.5e-05,5.775e-06,0.25,57.75,0.015991014895146514,,,,,,,,
nta_5e19,5e+19,0.0,tail,coupled_final,0.0,0.01,0.0,0.3,top_oxide,0.0,5.899999999999999e-06,0.0,58.99999999999999,0.2970134624807839,,,,,,,,
nta_5e19,5e+19,0.0,tail,coupled_final,0.0,0.01,0.0,0.3,top_oxide,2.5e-05,5.899999999999999e-06,0.25,58.99999999999999,0.02956138315524606,,,,,,,,
nta_5e19,5e+19,0.0,tail,coupled_final,0.0,0.01,0.0,0.3,top_oxide,0.0,6.025e-06,0.0,60.25,0.29707905398234785,,,,,,,,
nta_5e19,5e+19,0.0,tail,coupled_final,0.0,0.01,0.0,0.3,top_oxide,2.5e-05,6.025e-06,0.25,60.25,0.04312507708632415,,,,,,,,
nta_5e19,5e+19,0.0,tail,coupled_final,0.0,0.01,0.0,0.3,top_oxide,0.0,6.1499999999999996e-06,0.0,61.49999999999999,0.2971573431827566,,,,,,,,
nta_5e19,5e+19,0.0,tail,coupled_final,0.0,0.01,0.0,0.3,top_oxide,2.5e-05,6.1499999999999996e-06,0.25,61.49999999999999,0.05668243458320138,,,,,,,,
nta_5e19,5e+19,0.0,tail,coupled_final,0.0,0.01,0.0,0.3,top_oxide,0.0,6.275e-06,0.0,62.75,0.2972476561285953,,,,,,,,
nta_5e19,5e+19,0.0,tail,coupled_final,0.0,0.01,0.0,0.3,top_oxide,2.5e-05,6.275e-06,0.25,62.75,0.07023379290682913,,,,,,,,
nta_5e19,5e+19,0.0,tail,coupled_final,0.0,0.01,0.0,0.3,top_oxide,0.0,6.4e-06,0.0,64.0,0.2973493197675951,,,,,,,,
nta_5e19,5e+19,0.0,tail,coupled_final,0.0,0.01,0.0,0.3,top_oxide,2.5e-05,6.4e-06,0.25,64.0,0.08377948871800323,,,,,,,,
nta_5e19,5e+19,0.0,tail,coupled_final,0.0,0.01,0.0,0.3,top_oxide,0.0,6.9e-06,0.0,69.0,0.29786275923911903,,,,,,,,
nta_5e19,5e+19,0.0,tail,coupled_final,0.0,0.01,0.0,0.3,top_oxide,2.5e-05,6.9e-06,0.25,69.0,0.1379090077811555,,,,,,,,
nta_5e19,5e+19,0.0,tail,coupled_final,0.0,0.01,0.0,0.3,top_oxide,0.0,7.4e-06,0.0,74.0,0.2985041617118094,,,,,,,,
nta_5e19,5e+19,0.0,tail,coupled_final,0.0,0.01,0.0,0.3,top_oxide,2.5e-05,7.4e-06,0.25,74.0,0.191974728926291,,,,,,,,
nta_5e19,5e+19,0.0,tail,coupled_final,0.0,0.01,0.0,0.3,top_oxide,0.0,7.9e-06,0.0,79.0,0.2992307877307281,,,,,,,,
nta_5e19,5e+19,0.0,tail,coupled_final,0.0,0.01,0.0,0.3,top_oxide,2.5e-05,7.9e-06,0.25,79.0,0.24599797478929378,,,,,,,,
nta_5e19,5e+19,0.0,tail,coupled_final,0.0,0.01,0.0,0.3,top_oxide,0.0,8.400000000000001e-06,0.0,84.00000000000001,0.3,,,,,,,,
nta_5e19,5e+19,0.0,tail,coupled_final,0.0,0.01,0.0,0.3,top_oxide,2.5e-05,8.400000000000001e-06,0.25,84.00000000000001,0.3,,,,,,,,
nta_5e19,5e+19,0.0,tail,coupled_final,0.0,0.01,0.0,0.3,top_oxide,5e-05,5.4e-06,0.5,54.0,-0.025101699470455555,,,,,,,,
nta_5e19,5e+19,0.0,tail,coupled_final,0.0,0.01,0.0,0.3,top_oxide,5e-05,5.525e-06,0.5,55.24999999999999,-0.011555637132699548,,,,,,,,
nta_5e19,5e+19,0.0,tail,coupled_final,0.0,0.01,0.0,0.3,top_oxide,5e-05,5.65e-06,0.5,56.5,0.0019904115000453308,,,,,,,,
nta_5e19,5e+19,0.0,tail,coupled_final,0.0,0.01,0.0,0.3,top_oxide,5e-05,5.775e-06,0.5,57.75,0.015536445642325975,,,,,,,,
nta_5e19,5e+19,0.0,tail,coupled_final,0.0,0.01,0.0,0.3,top_oxide,5e-05,5.899999999999999e-06,0.5,58.99999999999999,0.029082464691770425,,,,,,,,
nta_5e19,5e+19,0.0,tail,coupled_final,0.0,0.01,0.0,0.3,top_oxide,5e-05,6.025e-06,0.5,60.25,0.04262846822057589,,,,,,,,
nta_5e19,5e+19,0.0,tail,coupled_final,0.0,0.01,0.0,0.3,top_oxide,5e-05,6.1499999999999996e-06,0.5,61.49999999999999,0.05617445596702303,,,,,,,,
nta_5e19,5e+19,0.0,tail,coupled_final,0.0,0.01,0.0,0.3,top_oxide,5e-05,6.275e-06,0.5,62.75,0.06972042782701617,,,,,,,,
nta_5e19,5e+19,0.0,tail,coupled_final,0.0,0.01,0.0,0.3,top_oxide,5e-05,6.4e-06,0.5,64.0,0.08326638384564576,,,,,,,,
nta_5e19,5e+19,0.0,tail,coupled_final,0.0,0.01,0.0,0.3,top_oxide,5e-05,6.9e-06,0.5,69.0,0.1374500513651592,,,,,,,,
nta_5e19,5e+19,0.0,tail,coupled_final,0.0,0.01,0.0,0.3,top_oxide,5e-05,7.4e-06,0.5,74.0,0.19163350147255756,,,,,,,,
nta_5e19,5e+19,0.0,tail,coupled_final,0.0,0.01,0.0,0.3,top_oxide,5e-05,7.9e-06,0.5,79.0,0.24581679258929867,,,,,,,,
nta_5e19,5e+19,0.0,tail,coupled_final,0.0,0.01,0.0,0.3,top_oxide,5e-05,8.400000000000001e-06,0.5,84.00000000000001,0.3,,,,,,,,
nta_5e19,5e+19,0.0,tail,coupled_final,0.0,0.01,0.0,0.3,top_oxide,7.500000000000001e-05,5.4e-06,0.7500000000000001,54.0,-0.0249307563872976,,,,,,,,
nta_5e19,5e+19,0.0,tail,coupled_final,0.0,0.01,0.0,0.3,top_oxide,7.500000000000001e-05,5.525e-06,0.7500000000000001,55.24999999999999,-0.011391974253017922,,,,,,,,
nta_5e19,5e+19,0.0,tail,coupled_final,0.0,0.01,0.0,0.3,top_oxide,7.500000000000001e-05,5.65e-06,0.7500000000000001,56.5,0.0021468078222564298,,,,,,,,
nta_5e19,5e+19,0.0,tail,coupled_final,0.0,0.01,0.0,0.3,top_oxide,7.500000000000001e-05,5.775e-06,0.7500000000000001,57.75,0.0156855898373341,,,,,,,,
nta_5e19,5e+19,0.0,tail,coupled_final,0.0,0.01,0.0,0.3,top_oxide,7.500000000000001e-05,5.899999999999999e-06,0.7500000000000001,58.99999999999999,0.029224371791383492,,,,,,,,
nta_5e19,5e+19,0.0,tail,coupled_final,0.0,0.01,0.0,0.3,top_oxide,7.500000000000001e-05,6.025e-06,0.7500000000000001,60.25,0.042763153683947494,,,,,,,,
nta_5e19,5e+19,0.0,tail,coupled_final,0.0,0.01,0.0,0.3,top_oxide,7.500000000000001e-05,6.1499999999999996e-06,0.7500000000000001,61.49999999999999,0.05630193551495388,,,,,,,,
nta_5e19,5e+19,0.0,tail,coupled_final,0.0,0.01,0.0,0.3,top_oxide,7.500000000000001e-05,6.275e-06,0.7500000000000001,62.75,0.06984071728472246,,,,,,,,
nta_5e19,5e+19,0.0,tail,coupled_final,0.0,0.01,0.0,0.3,top_oxide,7.500000000000001e-05,6.4e-06,0.7500000000000001,64.0,0.083379498993967,,,,,,,,
nta_5e19,5e+19,0.0,tail,coupled_final,0.0,0.01,0.0,0.3,top_oxide,7.500000000000001e-05,6.9e-06,0.7500000000000001,69.0,0.13753462523677693,,,,,,,,
nta_5e19,5e+19,0.0,tail,coupled_final,0.0,0.01,0.0,0.3,top_oxide,7.500000000000001e-05,7.4e-06,0.7500000000000001,74.0,0.191689750661947,,,,,,,,
nta_5e19,5e+19,0.0,tail,coupled_final,0.0,0.01,0.0,0.3,top_oxide,7.500000000000001e-05,7.9e-06,0.7500000000000001,79.0,0.24584487548885037,,,,,,,,
nta_5e19,5e+19,0.0,tail,coupled_final,0.0,0.01,0.0,0.3,top_oxide,7.500000000000001e-05,8.400000000000001e-06,0.7500000000000001,84.00000000000001,0.3,,,,,,,,
nta_5e19,5e+19,0.0,tail,coupled_final,0.0,0.01,0.0,0.3,top_oxide,0.0001,5.4e-06,1.0,54.0,-0.024757514331423747,,,,,,,,
nta_5e19,5e+19,0.0,tail,coupled_final,0.0,0.01,0.0,0.3,top_oxide,0.0001,5.525e-06,1.0,55.24999999999999,-0.01122595115683266,,,,,,,,
nta_5e19,5e+19,0.0,tail,coupled_final,0.0,0.01,0.0,0.3,top_oxide,0.0001,5.65e-06,1.0,56.5,0.0023056120080274167,,,,,,,,
nta_5e19,5e+19,0.0,tail,coupled_final,0.0,0.01,0.0,0.3,top_oxide,0.0001,5.775e-06,1.0,57.75,0.015837175163566555,,,,,,,,
nta_5e19,5e+19,0.0,tail,coupled_final,0.0,0.01,0.0,0.3,top_oxide,0.0001,5.899999999999999e-06,1.0,58.99999999999999,0.02936873831019637,,,,,,,,
nta_5e19,5e+19,0.0,tail,coupled_final,0.0,0.01,0.0,0.3,top_oxide,0.0001,6.025e-06,1.0,60.25,0.04290030144832978,,,,,,,,
nta_5e19,5e+19,0.0,tail,coupled_final,0.0,0.01,0.0,0.3,top_oxide,0.0001,6.1499999999999996e-06,1.0,61.49999999999999,0.056431864578380744,,,,,,,,
nta_5e19,5e+19,0.0,tail,coupled_final,0.0,0.01,0.0,0.3,top_oxide,0.0001,6.275e-06,1.0,62.75,0.06996342770076493,,,,,,,,
nta_5e19,5e+19,0.0,tail,coupled_final,0.0,0.01,0.0,0.3,top_oxide,0.0001,6.4e-06,1.0,64.0,0.08349499081589895,,,,,,,,
nta_5e19,5e+19,0.0,tail,coupled_final,0.0,0.01,0.0,0.3,top_oxide,0.0001,6.9e-06,1.0,69.0,0.13762124320811606,,,,,,,,
nta_5e19,5e+19,0.0,tail,coupled_final,0.0,0.01,0.0,0.3,top_oxide,0.0001,7.4e-06,1.0,74.0,0.1917474955179932,,,,,,,,
nta_5e19,5e+19,0.0,tail,coupled_final,0.0,0.01,0.0,0.3,top_oxide,0.0001,7.9e-06,1.0,79.0,0.24587374777279433,,,,,,,,
nta_5e19,5e+19,0.0,tail,coupled_final,0.0,0.01,0.0,0.3,top_oxide,0.0001,8.400000000000001e-06,1.0,84.00000000000001,0.3,,,,,,,,
nta_5e19,5e+19,0.0,tail,coupled_final,0.0,0.01,0.0,0.3,top_oxide,0.000125,5.4e-06,1.25,54.0,-0.024583866670259098,,,,,,,,
nta_5e19,5e+19,0.0,tail,coupled_final,0.0,0.01,0.0,0.3,top_oxide,0.000125,5.525e-06,1.25,55.24999999999999,-0.011059538816496175,,,,,,,,
nta_5e19,5e+19,0.0,tail,coupled_final,0.0,0.01,0.0,0.3,top_oxide,0.000125,5.65e-06,1.25,56.5,0.0024647890276746844,,,,,,,,
nta_5e19,5e+19,0.0,tail,coupled_final,0.0,0.01,0.0,0.3,top_oxide,0.000125,5.775e-06,1.25,57.75,0.015989116862670308,,,,,,,,
nta_5e19,5e+19,0.0,tail,coupled_final,0.0,0.01,0.0,0.3,top_oxide,0.000125,5.899999999999999e-06,1.25,58.99999999999999,0.029513444688907788,,,,,,,,
nta_5e19,5e+19,0.0,tail,coupled_final,0.0,0.01,0.0,0.3,top_oxide,0.000125,6.025e-06,1.25,60.25,0.04303777250680423,,,,,,,,
nta_5e19,5e+19,0.0,tail,coupled_final,0.0,0.01,0.0,0.3,top_oxide,0.000125,6.1499999999999996e-06,1.25,61.49999999999999,0.05656210031677647,,,,,,,,
nta_5e19,5e+19,0.0,tail,coupled_final,0.0,0.01,0.0,0.3,top_oxide,0.000125,6.275e-06,1.25,62.75,0.07008642811924172,,,,,,,,
nta_5e19,5e+19,0.0,tail,coupled_final,0.0,0.01,0.0,0.3,top_oxide,0.000125,6.4e-06,1.25,64.0,0.08361075591461681,,,,,,,,
nta_5e19,5e+19,0.0,tail,coupled_final,0.0,0.01,0.0,0.3,top_oxide,0.000125,6.9e-06,1.25,69.0,0.137708067029387,,,,,,,,
nta_5e19,5e+19,0.0,tail,coupled_final,0.0,0.01,0.0,0.3,top_oxide,0.000125,7.4e-06,1.25,74.0,0.19180537806407957,,,,,,,,
nta_5e19,5e+19,0.0,tail,coupled_final,0.0,0.01,0.0,0.3,top_oxide,0.000125,7.9e-06,1.25,79.0,0.24590268904538634,,,,,,,,
nta_5e19,5e+19,0.0,tail,coupled_final,0.0,0.01,0.0,0.3,top_oxide,0.000125,8.400000000000001e-06,1.25,84.00000000000001,0.3,,,,,,,,
nta_5e19,5e+19,0.0,tail,coupled_final,0.0,0.01,0.0,0.3,top_oxide,0.00015000000000000001,5.4e-06,1.5000000000000002,54.0,-0.024409818643163522,,,,,,,,
nta_5e19,5e+19,0.0,tail,coupled_final,0.0,0.01,0.0,0.3,top_oxide,0.00015000000000000001,5.525e-06,1.5000000000000002,55.24999999999999,-0.01089274279013075,,,,,,,,
nta_5e19,5e+19,0.0,tail,coupled_final,0.0,0.01,0.0,0.3,top_oxide,0.00015000000000000001,5.65e-06,1.5000000000000002,56.5,0.002624333053259277,,,,,,,,
nta_5e19,5e+19,0.0,tail,coupled_final,0.0,0.01,0.0,0.3,top_oxide,0.00015000000000000001,5.775e-06,1.5000000000000002,57.75,0.01614140888742563,,,,,,,,
nta_5e19,5e+19,0.0,tail,coupled_final,0.0,0.01,0.0,0.3,top_oxide,0.00015000000000000001,5.899999999999999e-06,1.5000000000000002,58.99999999999999,0.029658484712787647,,,,,,,,
nta_5e19,5e+19,0.0,tail,coupled_final,0.0,0.01,0.0,0.3,top_oxide,0.00015000000000000001,6.025e-06,1.5000000000000002,60.25,0.043175560529764685,,,,,,,,
nta_5e19,5e+19,0.0,tail,coupled_final,0.0,0.01,0.0,0.3,top_oxide,0.00015000000000000001,6.1499999999999996e-06,1.5000000000000002,61.49999999999999,0.056692636338775804,,,,,,,,
nta_5e19,5e+19,0.0,tail,coupled_final,0.0,0.01,0.0,0.3,top_oxide,0.00015000000000000001,6.275e-06,1.5000000000000002,62.75,0.07020971214024044,,,,,,,,
nta_5e19,5e+19,0.0,tail,coupled_final,0.0,0.01,0.0,0.3,top_oxide,0.00015000000000000001,6.4e-06,1.5000000000000002,64.0,0.08372678793457768,,,,,,,,
nta_5e19,5e+19,0.0,tail,coupled_final,0.0,0.01,0.0,0.3,top_oxide,0.00015000000000000001,6.9e-06,1.5000000000000002,69.0,0.13779509104484614,,,,,,,,
nta_5e19,5e+19,0.0,tail,coupled_final,0.0,0.01,0.0,0.3,top_oxide,0.00015000000000000001,7.4e-06,1.5000000000000002,74.0,0.19186339407461786,,,,,,,,
nta_5e19,5e+19,0.0,tail,coupled_final,0.0,0.01,0.0,0.3,top_oxide,0.00015000000000000001,7.9e-06,1.5000000000000002,79.0,0.24593169705072504,,,,,,,,
nta_5e19,5e+19,0.0,tail,coupled_final,0.0,0.01,0.0,0.3,top_oxide,0.00015000000000000001,8.400000000000001e-06,1.5000000000000002,84.00000000000001,0.3,,,,,,,,
nta_5e19,5e+19,0.0,tail,coupled_final,0.0,0.01,0.0,0.3,top_oxide,0.000175,5.4e-06,1.75,54.0,-0.024235368132379583,,,,,,,,
nta_5e19,5e+19,0.0,tail,coupled_final,0.0,0.01,0.0,0.3,top_oxide,0.000175,5.525e-06,1.75,55.24999999999999,-0.010725561050219379,,,,,,,,
nta_5e19,5e+19,0.0,tail,coupled_final,0.0,0.01,0.0,0.3,top_oxide,0.000175,5.65e-06,1.75,56.5,0.0027842460222462094,,,,,,,,
nta_5e19,5e+19,0.0,tail,coupled_final,0.0,0.01,0.0,0.3,top_oxide,0.000175,5.775e-06,1.75,57.75,0.016294053085438503,,,,,,,,
nta_5e19,5e+19,0.0,tail,coupled_final,0.0,0.01,0.0,0.3,top_oxide,0.000175,5.899999999999999e-06,1.75,58.99999999999999,0.029803860139779096,,,,,,,,
nta_5e19,5e+19,0.0,tail,coupled_final,0.0,0.01,0.0,0.3,top_oxide,0.000175,6.025e-06,1.75,60.25,0.043313667185689596,,,,,,,,
nta_5e19,5e+19,0.0,tail,coupled_final,0.0,0.01,0.0,0.3,top_oxide,0.000175,6.1499999999999996e-06,1.75,61.49999999999999,0.05682347422359133,,,,,,,,
nta_5e19,5e+19,0.0,tail,coupled_final,0.0,0.01,0.0,0.3,top_oxide,0.000175,6.275e-06,1.75,62.75,0.070333281253906,,,,,,,,
nta_5e19,5e+19,0.0,tail,coupled_final,0.0,0.01,0.0,0.3,top_oxide,0.000175,6.4e-06,1.75,64.0,0.08384308827705492,,,,,,,,
nta_5e19,5e+19,0.0,tail,coupled_final,0.0,0.01,0.0,0.3,top_oxide,0.000175,6.9e-06,1.75,69.0,0.13788231630220926,,,,,,,,
nta_5e19,5e+19,0.0,tail,coupled_final,0.0,0.01,0.0,0.3,top_oxide,0.000175,7.4e-06,1.75,74.0,0.19192154424643382,,,,,,,,
nta_5e19,5e+19,0.0,tail,coupled_final,0.0,0.01,0.0,0.3,top_oxide,0.000175,7.9e-06,1.75,79.0,0.2459607721367052,,,,,,,,
nta_5e19,5e+19,0.0,tail,coupled_final,0.0,0.01,0.0,0.3,top_oxide,0.000175,8.400000000000001e-06,1.75,84.00000000000001,0.3,,,,,,,,
nta_5e19,5e+19,0.0,tail,coupled_final,0.0,0.01,0.0,0.3,top_oxide,0.0002,5.4e-06,2.0,54.0,-0.024060512972736703,,,,,,,,
nta_5e19,5e+19,0.0,tail,coupled_final,0.0,0.01,0.0,0.3,top_oxide,0.0002,5.525e-06,2.0,55.24999999999999,-0.010557991521814681,,,,,,,,
nta_5e19,5e+19,0.0,tail,coupled_final,0.0,0.01,0.0,0.3,top_oxide,0.0002,5.65e-06,2.0,56.5,0.0029445299193604033,,,,,,,,
nta_5e19,5e+19,0.0,tail,coupled_final,0.0,0.01,0.0,0.3,top_oxide,0.0002,5.775e-06,2.0,57.75,0.01644705135121215,,,,,,,,
nta_5e19,5e+19,0.0,tail,coupled_final,0.0,0.01,0.0,0.3,top_oxide,0.0002,5.899999999999999e-06,2.0,58.99999999999999,0.029949572774164435,,,,,,,,
nta_5e19,5e+19,0.0,tail,coupled_final,0.0,0.01,0.0,0.3,top_oxide,0.0002,6.025e-06,2.0,60.25,0.043452094188641134,,,,,,,,
nta_5e19,5e+19,0.0,tail,coupled_final,0.0,0.01,0.0,0.3,top_oxide,0.0002,6.1499999999999996e-06,2.0,61.49999999999999,0.05695461559506585,,,,,,,,
nta_5e19,5e+19,0.0,tail,coupled_final,0.0,0.01,0.0,0.3,top_oxide,0.0002,6.275e-06,2.0,62.75,0.07045713699386255,,,,,,,,
nta_5e19,5e+19,0.0,tail,coupled_final,0.0,0.01,0.0,0.3,top_oxide,0.0002,6.4e-06,2.0,64.0,0.08395965838545483,,,,,,,,
nta_5e19,5e+19,0.0,tail,coupled_final,0.0,0.01,0.0,0.3,top_oxide,0.0002,6.9e-06,2.0,69.0,0.1379697438840187,,,,,,,,
nta_5e19,5e+19,0.0,tail,coupled_final,0.0,0.01,0.0,0.3,top_oxide,0.0002,7.4e-06,2.0,74.0,0.19197982930121607,,,,,,,,
nta_5e19,5e+19,0.0,tail,coupled_final,0.0,0.01,0.0,0.3,top_oxide,0.0002,7.9e-06,2.0,79.0,0.2459899146641691,,,,,,,,
nta_5e19,5e+19,0.0,tail,coupled_final,0.0,0.01,0.0,0.3,top_oxide,0.0002,8.400000000000001e-06,2.0,84.00000000000001,0.3,,,,,,,,
nta_5e19,5e+19,0.0,tail,coupled_final,0.0,0.01,0.0,0.3,top_oxide,0.00022500000000000002,5.4e-06,2.25,54.0,-0.023885250980596295,,,,,,,,
nta_5e19,5e+19,0.0,tail,coupled_final,0.0,0.01,0.0,0.3,top_oxide,0.00022500000000000002,5.525e-06,2.25,55.24999999999999,-0.010390032112263007,,,,,,,,
nta_5e19,5e+19,0.0,tail,coupled_final,0.0,0.01,0.0,0.3,top_oxide,0.00022500000000000002,5.65e-06,2.25,56.5,0.0031051867462705855,,,,,,,,
nta_5e19,5e+19,0.0,tail,coupled_final,0.0,0.01,0.0,0.3,top_oxide,0.00022500000000000002,5.775e-06,2.25,57.75,0.016600405595430374,,,,,,,,
nta_5e19,5e+19,0.0,tail,coupled_final,0.0,0.01,0.0,0.3,top_oxide,0.00022500000000000002,5.899999999999999e-06,2.25,58.99999999999999,0.030095624435642527,,,,,,,,
nta_5e19,5e+19,0.0,tail,coupled_final,0.0,0.01,0.0,0.3,top_oxide,0.00022500000000000002,6.025e-06,2.25,60.25,0.043590843267333215,,,,,,,,
nta_5e19,5e+19,0.0,tail,coupled_final,0.0,0.01,0.0,0.3,top_oxide,0.00022500000000000002,6.1499999999999996e-06,2.25,61.49999999999999,0.057086062090928334,,,,,,,,
nta_5e19,5e+19,0.0,tail,coupled_final,0.0,0.01,0.0,0.3,top_oxide,0.00022500000000000002,6.275e-06,2.25,62.75,0.07058128090685414,,,,,,,,
nta_5e19,5e+19,0.0,tail,coupled_final,0.0,0.01,0.0,0.3,top_oxide,0.00022500000000000002,6.4e-06,2.25,64.0,0.08407649971553653,,,,,,,,
nta_5e19,5e+19,0.0,tail,coupled_final,0.0,0.01,0.0,0.3,top_oxide,0.00022500000000000002,6.9e-06,2.25,69.0,0.13805737488209383,,,,,,,,
nta_5e19,5e+19,0.0,tail,coupled_final,0.0,0.01,0.0,0.3,top_oxide,0.00022500000000000002,7.4e-06,2.25,74.0,0.19203824996684418,,,,,,,,
nta_5e19,5e+19,0.0,tail,coupled_final,0.0,0.01,0.0,0.3,top_oxide,0.00022500000000000002,7.9e-06,2.25,79.0,0.24601912499705658,,,,,,,,
nta_5e19,5e+19,0.0,tail,coupled_final,0.0,0.01,0.0,0.3,top_oxide,0.00022500000000000002,8.400000000000001e-06,2.25,84.00000000000001,0.3,,,,,,,,
nta_5e19,5e+19,0.0,tail,coupled_final,0.0,0.01,0.0,0.3,top_oxide,0.00025,5.4e-06,2.5,54.0,-0.02370957995375749,,,,,,,,
nta_5e19,5e+19,0.0,tail,coupled_final,0.0,0.01,0.0,0.3,top_oxide,0.00025,5.525e-06,2.5,55.24999999999999,-0.010221680711121811,,,,,,,,
nta_5e19,5e+19,0.0,tail,coupled_final,0.0,0.01,0.0,0.3,top_oxide,0.00025,5.65e-06,2.5,56.5,0.003266218521660958,,,,,,,,
nta_5e19,5e+19,0.0,tail,coupled_final,0.0,0.01,0.0,0.3,top_oxide,0.00025,5.775e-06,2.5,57.75,0.01675411774501903,,,,,,,,
nta_5e19,5e+19,0.0,tail,coupled_final,0.0,0.01,0.0,0.3,top_oxide,0.00025,5.899999999999999e-06,2.5,58.99999999999999,0.03024201695938088,,,,,,,,
nta_5e19,5e+19,0.0,tail,coupled_final,0.0,0.01,0.0,0.3,top_oxide,0.00025,6.025e-06,2.5,60.25,0.04372991616517499,,,,,,,,
nta_5e19,5e+19,0.0,tail,coupled_final,0.0,0.01,0.0,0.3,top_oxide,0.00025,6.1499999999999996e-06,2.5,61.49999999999999,0.057217815362829584,,,,,,,,
nta_5e19,5e+19,0.0,tail,coupled_final,0.0,0.01,0.0,0.3,top_oxide,0.00025,6.275e-06,2.5,62.75,0.07070571455277322,,,,,,,,
nta_5e19,5e+19,0.0,tail,coupled_final,0.0,0.01,0.0,0.3,top_oxide,0.00025,6.4e-06,2.5,64.0,0.08419361373543412,,,,,,,,
nta_5e19,5e+19,0.0,tail,coupled_final,0.0,0.01,0.0,0.3,top_oxide,0.00025,6.9e-06,2.5,69.0,0.13814521039753525,,,,,,,,
nta_5e19,5e+19,0.0,tail,coupled_final,0.0,0.01,0.0,0.3,top_oxide,0.00025,7.4e-06,2.5,74.0,0.19209680697738524,,,,,,,,
nta_5e19,5e+19,0.0,tail,coupled_final,0.0,0.01,0.0,0.3,top_oxide,0.00025,7.9e-06,2.5,79.0,0.24604840350240115,,,,,,,,
nta_5e19,5e+19,0.0,tail,coupled_final,0.0,0.01,0.0,0.3,top_oxide,0.00025,8.400000000000001e-06,2.5,84.00000000000001,0.3,,,,,,,,
nta_5e19,5e+19,0.0,tail,coupled_final,0.0,0.01,0.0,0.3,top_oxide,0.00027499999999999996,5.4e-06,2.7499999999999996,54.0,-0.02353349767124173,,,,,,,,
nta_5e19,5e+19,0.0,tail,coupled_final,0.0,0.01,0.0,0.3,top_oxide,0.00027499999999999996,5.525e-06,2.7499999999999996,55.24999999999999,-0.010052935189953266,,,,,,,,
nta_5e19,5e+19,0.0,tail,coupled_final,0.0,0.01,0.0,0.3,top_oxide,0.00027499999999999996,5.65e-06,2.7499999999999996,56.5,0.003427627281428624,,,,,,,,
nta_5e19,5e+19,0.0,tail,coupled_final,0.0,0.01,0.0,0.3,top_oxide,0.00027499999999999996,5.775e-06,2.7499999999999996,57.75,0.016908189743334478,,,,,,,,
nta_5e19,5e+19,0.0,tail,coupled_final,0.0,0.01,0.0,0.3,top_oxide,0.00027499999999999996,5.899999999999999e-06,2.7499999999999996,58.99999999999999,0.030388752196195117,,,,,,,,
nta_5e19,5e+19,0.0,tail,coupled_final,0.0,0.01,0.0,0.3,top_oxide,0.00027499999999999996,6.025e-06,2.7499999999999996,60.25,0.04386931464044135,,,,,,,,
nta_5e19,5e+19,0.0,tail,coupled_final,0.0,0.01,0.0,0.3,top_oxide,0.00027499999999999996,6.1499999999999996e-06,2.7499999999999996,61.49999999999999,0.05734987707650373,,,,,,,,
nta_5e19,5e+19,0.0,tail,coupled_final,0.0,0.01,0.0,0.3,top_oxide,0.00027499999999999996,6.275e-06,2.7499999999999996,62.75,0.07083043950481314,,,,,,,,
nta_5e19,5e+19,0.0,tail,coupled_final,0.0,0.01,0.0,0.3,top_oxide,0.00027499999999999996,6.4e-06,2.7499999999999996,64.0,0.08431100192580016,,,,,,,,
nta_5e19,5e+19,0.0,tail,coupled_final,0.0,0.01,0.0,0.3,top_oxide,0.00027499999999999996,6.9e-06,2.7499999999999996,69.0,0.13823325154083244,,,,,,,,
nta_5e19,5e+19,0.0,tail,coupled_final,0.0,0.01,0.0,0.3,top_oxide,0.00027499999999999996,7.4e-06,2.7499999999999996,74.0,0.1921555010731656,,,,,,,,
nta_5e19,5e+19,0.0,tail,coupled_final,0.0,0.01,0.0,0.3,top_oxide,0.00027499999999999996,7.9e-06,2.7499999999999996,79.0,0.246077750550366,,,,,,,,
nta_5e19,5e+19,0.0,tail,coupled_final,0.0,0.01,0.0,0.3,top_oxide,0.00027499999999999996,8.400000000000001e-06,2.7499999999999996,84.00000000000001,0.3,,,,,,,,
nta_5e19,5e+19,0.0,tail,coupled_final,0.0,0.01,0.0,0.3,top_oxide,0.00030000000000000003,5.4e-06,3.0000000000000004,54.0,-0.02335700189307377,,,,,,,,
nta_5e19,5e+19,0.0,tail,coupled_final,0.0,0.01,0.0,0.3,top_oxide,0.00030000000000000003,5.525e-06,3.0000000000000004,55.24999999999999,-0.00988379340211439,,,,,,,,
nta_5e19,5e+19,0.0,tail,coupled_final,0.0,0.01,0.0,0.3,top_oxide,0.00030000000000000003,5.65e-06,3.0000000000000004,56.5,0.0035894150788842853,,,,,,,,
nta_5e19,5e+19,0.0,tail,coupled_final,0.0,0.01,0.0,0.3,top_oxide,0.00030000000000000003,5.775e-06,3.0000000000000004,57.75,0.017062623550355156,,,,,,,,
nta_5e19,5e+19,0.0,tail,coupled_final,0.0,0.01,0.0,0.3,top_oxide,0.00030000000000000003,5.899999999999999e-06,3.0000000000000004,58.99999999999999,0.03053583201273139,,,,,,,,
nta_5e19,5e+19,0.0,tail,coupled_final,0.0,0.01,0.0,0.3,top_oxide,0.00030000000000000003,6.025e-06,3.0000000000000004,60.25,0.04400904046644616,,,,,,,,
nta_5e19,5e+19,0.0,tail,coupled_final,0.0,0.01,0.0,0.3,top_oxide,0.00030000000000000003,6.1499999999999996e-06,3.0000000000000004,61.49999999999999,0.05748224891193235,,,,,,,,
nta_5e19,5e+19,0.0,tail,coupled_final,0.0,0.01,0.0,0.3,top_oxide,0.00030000000000000003,6.275e-06,3.0000000000000004,62.75,0.07095545734962323,,,,,,,,
nta_5e19,5e+19,0.0,tail,coupled_final,0.0,0.01,0.0,0.3,top_oxide,0.00030000000000000003,6.4e-06,3.0000000000000004,64.0,0.08442866577995169,,,,,,,,
nta_5e19,5e+19,0.0,tail,coupled_final,0.0,0.01,0.0,0.3,top_oxide,0.00030000000000000003,6.9e-06,3.0000000000000004,69.0,0.13832149943197325,,,,,,,,
nta_5e19,5e+19,0.0,tail,coupled_final,0.0,0.01,0.0,0.3,top_oxide,0.00030000000000000003,7.4e-06,3.0000000000000004,74.0,0.1922143330008438,,,,,,,,
nta_5e19,5e+19,0.0,tail,coupled_final,0.0,0.01,0.0,0.3,top_oxide,0.00030000000000000003,7.9e-06,3.0000000000000004,79.0,0.24610716651428038,,,,,,,,
nta_5e19,5e+19,0.0,tail,coupled_final,0.0,0.01,0.0,0.3,top_oxide,0.00030000000000000003,8.400000000000001e-06,3.0000000000000004,84.00000000000001,0.3,,,,,,,,
nta_5e19,5e+19,0.0,tail,coupled_final,0.0,0.01,0.0,0.3,top_oxide,0.00032500000000000004,5.4e-06,3.2500000000000004,54.0,-0.02318009036005952,,,,,,,,
nta_5e19,5e+19,0.0,tail,coupled_final,0.0,0.01,0.0,0.3,top_oxide,0.00032500000000000004,5.525e-06,3.2500000000000004,55.24999999999999,-0.009714253182544137,,,,,,,,
nta_5e19,5e+19,0.0,tail,coupled_final,0.0,0.01,0.0,0.3,top_oxide,0.00032500000000000004,5.65e-06,3.2500000000000004,56.5,0.00375158398495595,,,,,,,,
nta_5e19,5e+19,0.0,tail,coupled_final,0.0,0.01,0.0,0.3,top_oxide,0.00032500000000000004,5.775e-06,3.2500000000000004,57.75,0.017217421142876013,,,,,,,,
nta_5e19,5e+19,0.0,tail,coupled_final,0.0,0.01,0.0,0.3,top_oxide,0.00032500000000000004,5.899999999999999e-06,3.2500000000000004,58.99999999999999,0.030683258291651593,,,,,,,,
nta_5e19,5e+19,0.0,tail,coupled_final,0.0,0.01,0.0,0.3,top_oxide,0.00032500000000000004,6.025e-06,3.2500000000000004,60.25,0.04414909543171823,,,,,,,,
nta_5e19,5e+19,0.0,tail,coupled_final,0.0,0.01,0.0,0.3,top_oxide,0.00032500000000000004,6.1499999999999996e-06,3.2500000000000004,61.49999999999999,0.0576149325635112,,,,,,,,
nta_5e19,5e+19,0.0,tail,coupled_final,0.0,0.01,0.0,0.3,top_oxide,0.00032500000000000004,6.275e-06,3.2500000000000004,62.75,0.07108076968746613,,,,,,,,
nta_5e19,5e+19,0.0,tail,coupled_final,0.0,0.01,0.0,0.3,top_oxide,0.00032500000000000004,6.4e-06,3.2500000000000004,64.0,0.08454660680401829,,,,,,,,
nta_5e19,5e+19,0.0,tail,coupled_final,0.0,0.01,0.0,0.3,top_oxide,0.00032500000000000004,6.9e-06,3.2500000000000004,69.0,0.13840995520055488,,,,,,,,
nta_5e19,5e+19,0.0,tail,coupled_final,0.0,0.01,0.0,0.3,top_oxide,0.00032500000000000004,7.4e-06,3.2500000000000004,74.0,0.19227330351348473,,,,,,,,
nta_5e19,5e+19,0.0,tail,coupled_final,0.0,0.01,0.0,0.3,top_oxide,0.00032500000000000004,7.9e-06,3.2500000000000004,79.0,0.2461366517706768,,,,,,,,
nta_5e19,5e+19,0.0,tail,coupled_final,0.0,0.01,0.0,0.3,top_oxide,0.00032500000000000004,8.400000000000001e-06,3.2500000000000004,84.00000000000001,0.3,,,,,,,,
nta_5e19,5e+19,0.0,tail,coupled_final,0.0,0.01,0.0,0.3,top_oxide,0.00035,5.4e-06,3.5,54.0,-0.023002760793560426,,,,,,,,
nta_5e19,5e+19,0.0,tail,coupled_final,0.0,0.01,0.0,0.3,top_oxide,0.00035,5.525e-06,3.5,55.24999999999999,-0.009544312347547186,,,,,,,,
nta_5e19,5e+19,0.0,tail,coupled_final,0.0,0.01,0.0,0.3,top_oxide,0.00035,5.65e-06,3.5,56.5,0.003914136088395697,,,,,,,,
nta_5e19,5e+19,0.0,tail,coupled_final,0.0,0.01,0.0,0.3,top_oxide,0.00035,5.775e-06,3.5,57.75,0.017372584514705885,,,,,,,,
nta_5e19,5e+19,0.0,tail,coupled_final,0.0,0.01,0.0,0.3,top_oxide,0.00035,5.899999999999999e-06,3.5,58.99999999999999,0.030831032931821316,,,,,,,,
nta_5e19,5e+19,0.0,tail,coupled_final,0.0,0.01,0.0,0.3,top_oxide,0.00035,6.025e-06,3.5,60.25,0.044289481340179924,,,,,,,,
nta_5e19,5e+19,0.0,tail,coupled_final,0.0,0.01,0.0,0.3,top_oxide,0.00035,6.1499999999999996e-06,3.5,61.49999999999999,0.057747929740219375,,,,,,,,
nta_5e19,5e+19,0.0,tail,coupled_final,0.0,0.01,0.0,0.3,top_oxide,0.00035,6.275e-06,3.5,62.75,0.07120637813237769,,,,,,,,
nta_5e19,5e+19,0.0,tail,coupled_final,0.0,0.01,0.0,0.3,top_oxide,0.00035,6.4e-06,3.5,64.0,0.08466482651709255,,,,,,,,
nta_5e19,5e+19,0.0,tail,coupled_final,0.0,0.01,0.0,0.3,top_oxide,0.00035,6.9e-06,3.5,69.0,0.13849861998589683,,,,,,,,
nta_5e19,5e+19,0.0,tail,coupled_final,0.0,0.01,0.0,0.3,top_oxide,0.00035,7.4e-06,3.5,74.0,0.19233241337063475,,,,,,,,
nta_5e19,5e+19,0.0,tail,coupled_final,0.0,0.01,0.0,0.3,top_oxide,0.00035,7.9e-06,3.5,79.0,0.24616620669932843,,,,,,,,
nta_5e19,5e+19,0.0,tail,coupled_final,0.0,0.01,0.0,0.3,top_oxide,0.00035,8.400000000000001e-06,3.5,84.00000000000001,0.3,,,,,,,,
nta_5e19,5e+19,0.0,tail,coupled_final,0.0,0.01,0.0,0.3,top_oxide,0.000375,5.4e-06,3.75,54.0,-0.022825010895264557,,,,,,,,
nta_5e19,5e+19,0.0,tail,coupled_final,0.0,0.01,0.0,0.3,top_oxide,0.000375,5.525e-06,3.75,55.24999999999999,-0.00937396869457455,,,,,,,,
nta_5e19,5e+19,0.0,tail,coupled_final,0.0,0.01,0.0,0.3,top_oxide,0.000375,5.65e-06,3.75,56.5,0.00407707349598956,,,,,,,,
nta_5e19,5e+19,0.0,tail,coupled_final,0.0,0.01,0.0,0.3,top_oxide,0.000375,5.775e-06,3.75,57.75,0.017528115676867847,,,,,,,,
nta_5e19,5e+19,0.0,tail,coupled_final,0.0,0.01,0.0,0.3,top_oxide,0.000375,5.899999999999999e-06,3.75,58.99999999999999,0.030979157848500662,,,,,,,,
nta_5e19,5e+19,0.0,tail,coupled_final,0.0,0.01,0.0,0.3,top_oxide,0.000375,6.025e-06,3.75,60.25,0.04443020001132836,,,,,,,,
nta_5e19,5e+19,0.0,tail,coupled_final,0.0,0.01,0.0,0.3,top_oxide,0.000375,6.1499999999999996e-06,3.75,61.49999999999999,0.05788124216579102,,,,,,,,
nta_5e19,5e+19,0.0,tail,coupled_final,0.0,0.01,0.0,0.3,top_oxide,0.000375,6.275e-06,3.75,62.75,0.07133228431232909,,,,,,,,
nta_5e19,5e+19,0.0,tail,coupled_final,0.0,0.01,0.0,0.3,top_oxide,0.000375,6.4e-06,3.75,64.0,0.08478332645138263,,,,,,,,
nta_5e19,5e+19,0.0,tail,coupled_final,0.0,0.01,0.0,0.3,top_oxide,0.000375,6.9e-06,3.75,69.0,0.13858749493715533,,,,,,,,
nta_5e19,5e+19,0.0,tail,coupled_final,0.0,0.01,0.0,0.3,top_oxide,0.000375,7.4e-06,3.75,74.0,0.192391663338398,,,,,,,,
nta_5e19,5e+19,0.0,tail,coupled_final,0.0,0.01,0.0,0.3,top_oxide,0.000375,7.9e-06,3.75,79.0,0.24619583168328732,,,,,,,,
nta_5e19,5e+19,0.0,tail,coupled_final,0.0,0.01,0.0,0.3,top_oxide,0.000375,8.400000000000001e-06,3.75,84.00000000000001,0.3,,,,,,,,
nta_5e19,5e+19,0.0,tail,coupled_final,0.0,0.01,0.0,0.3,top_oxide,0.0004,5.4e-06,4.0,54.0,-0.0226468383469544,,,,,,,,
nta_5e19,5e+19,0.0,tail,coupled_final,0.0,0.01,0.0,0.3,top_oxide,0.0004,5.525e-06,4.0,55.24999999999999,-0.009203220002001078,,,,,,,,
nta_5e19,5e+19,0.0,tail,coupled_final,0.0,0.01,0.0,0.3,top_oxide,0.0004,5.65e-06,4.0,56.5,0.004240398332770327,,,,,,,,
nta_5e19,5e+19,0.0,tail,coupled_final,0.0,0.01,0.0,0.3,top_oxide,0.0004,5.775e-06,4.0,57.75,0.01768401665780232,,,,,,,,
nta_5e19,5e+19,0.0,tail,coupled_final,0.0,0.01,0.0,0.3,top_oxide,0.0004,5.899999999999999e-06,4.0,58.99999999999999,0.031127634973537693,,,,,,,,
nta_5e19,5e+19,0.0,tail,coupled_final,0.0,0.01,0.0,0.3,top_oxide,0.0004,6.025e-06,4.0,60.25,0.044571253280419235,,,,,,,,
nta_5e19,5e+19,0.0,tail,coupled_final,0.0,0.01,0.0,0.3,top_oxide,0.0004,6.1499999999999996e-06,4.0,61.49999999999999,0.05801487157888946,,,,,,,,
nta_5e19,5e+19,0.0,tail,coupled_final,0.0,0.01,0.0,0.3,top_oxide,0.0004,6.275e-06,4.0,62.75,0.07145848986939124,,,,,,,,
nta_5e19,5e+19,0.0,tail,coupled_final,0.0,0.01,0.0,0.3,top_oxide,0.0004,6.4e-06,4.0,64.0,0.0849021081523671,,,,,,,,
nta_5e19,5e+19,0.0,tail,coupled_final,0.0,0.01,0.0,0.3,top_oxide,0.0004,6.9e-06,4.0,69.0,0.1386765812134393,,,,,,,,
nta_5e19,5e+19,0.0,tail,coupled_final,0.0,0.01,0.0,0.3,top_oxide,0.0004,7.4e-06,4.0,74.0,0.19245105418951378,,,,,,,,
nta_5e19,5e+19,0.0,tail,coupled_final,0.0,0.01,0.0,0.3,top_oxide,0.0004,7.9e-06,4.0,79.0,0.24622552710892318,,,,,,,,
nta_5e19,5e+19,0.0,tail,coupled_final,0.0,0.01,0.0,0.3,top_oxide,0.0004,8.400000000000001e-06,4.0,84.00000000000001,0.3,,,,,,,,
nta_5e19,5e+19,0.0,tail,coupled_final,0.0,0.01,0.0,0.3,top_oxide,0.00042500000000000003,5.4e-06,4.25,54.0,-0.022468240810270948,,,,,,,,
nta_5e19,5e+19,0.0,tail,coupled_final,0.0,0.01,0.0,0.3,top_oxide,0.00042500000000000003,5.525e-06,4.25,55.24999999999999,-0.009032064028899332,,,,,,,,
nta_5e19,5e+19,0.0,tail,coupled_final,0.0,0.01,0.0,0.3,top_oxide,0.00042500000000000003,5.65e-06,4.25,56.5,0.004404112742233852,,,,,,,,
nta_5e19,5e+19,0.0,tail,coupled_final,0.0,0.01,0.0,0.3,top_oxide,0.00042500000000000003,5.775e-06,4.25,57.75,0.01784028950357357,,,,,,,,
nta_5e19,5e+19,0.0,tail,coupled_final,0.0,0.01,0.0,0.3,top_oxide,0.00042500000000000003,5.899999999999999e-06,4.25,58.99999999999999,0.03127646625556507,,,,,,,,
nta_5e19,5e+19,0.0,tail,coupled_final,0.0,0.01,0.0,0.3,top_oxide,0.00042500000000000003,6.025e-06,4.25,60.25,0.044712642998653594,,,,,,,,
nta_5e19,5e+19,0.0,tail,coupled_final,0.0,0.01,0.0,0.3,top_oxide,0.00042500000000000003,6.1499999999999996e-06,4.25,61.49999999999999,0.05814881973328412,,,,,,,,
nta_5e19,5e+19,0.0,tail,coupled_final,0.0,0.01,0.0,0.3,top_oxide,0.00042500000000000003,6.275e-06,4.25,62.75,0.07158499645990198,,,,,,,,
nta_5e19,5e+19,0.0,tail,coupled_final,0.0,0.01,0.0,0.3,top_oxide,0.00042500000000000003,6.4e-06,4.25,64.0,0.08502117317895214,,,,,,,,
nta_5e19,5e+19,0.0,tail,coupled_final,0.0,0.01,0.0,0.3,top_oxide,0.00042500000000000003,6.9e-06,4.25,69.0,0.13876587998392842,,,,,,,,
nta_5e19,5e+19,0.0,tail,coupled_final,0.0,0.01,0.0,0.3,top_oxide,0.00042500000000000003,7.4e-06,4.25,74.0,0.1925105867034353,,,,,,,,
nta_5e19,5e+19,0.0,tail,coupled_final,0.0,0.01,0.0,0.3,top_oxide,0.00042500000000000003,7.9e-06,4.25,79.0,0.24625529336596255,,,,,,,,
nta_5e19,5e+19,0.0,tail,coupled_final,0.0,0.01,0.0,0.3,top_oxide,0.00042500000000000003,8.400000000000001e-06,4.25,84.00000000000001,0.3,,,,,,,,
nta_5e19,5e+19,0.0,tail,coupled_final,0.0,0.01,0.0,0.3,top_oxide,0.00045000000000000004,5.4e-06,4.5,54.0,-0.022289215926474277,,,,,,,,
nta_5e19,5e+19,0.0,tail,coupled_final,0.0,0.01,0.0,0.3,top_oxide,0.00045000000000000004,5.525e-06,4.5,55.24999999999999,-0.008860498514810178,,,,,,,,
nta_5e19,5e+19,0.0,tail,coupled_final,0.0,0.01,0.0,0.3,top_oxide,0.00045000000000000004,5.65e-06,4.5,56.5,0.0045682188865584766,,,,,,,,
nta_5e19,5e+19,0.0,tail,coupled_final,0.0,0.01,0.0,0.3,top_oxide,0.00045000000000000004,5.775e-06,4.5,57.75,0.01799693627807914,,,,,,,,
nta_5e19,5e+19,0.0,tail,coupled_final,0.0,0.01,0.0,0.3,top_oxide,0.00045000000000000004,5.899999999999999e-06,4.5,58.99999999999999,0.031425653660199546,,,,,,,,
nta_5e19,5e+19,0.0,tail,coupled_final,0.0,0.01,0.0,0.3,top_oxide,0.00045000000000000004,6.025e-06,4.5,60.25,0.0448543710333674,,,,,,,,
nta_5e19,5e+19,0.0,tail,coupled_final,0.0,0.01,0.0,0.3,top_oxide,0.00045000000000000004,6.1499999999999996e-06,4.5,61.49999999999999,0.05828308839803016,,,,,,,,
nta_5e19,5e+19,0.0,tail,coupled_final,0.0,0.01,0.0,0.3,top_oxide,0.00045000000000000004,6.275e-06,4.5,62.75,0.07171180575463564,,,,,,,,
nta_5e19,5e+19,0.0,tail,coupled_final,0.0,0.01,0.0,0.3,top_oxide,0.00045000000000000004,6.4e-06,4.5,64.0,0.0851405231036313,,,,,,,,
nta_5e19,5e+19,0.0,tail,coupled_final,0.0,0.01,0.0,0.3,top_oxide,0.00045000000000000004,6.9e-06,4.5,69.0,0.13885539242799297,,,,,,,,
nta_5e19,5e+19,0.0,tail,coupled_final,0.0,0.01,0.0,0.3,top_oxide,0.00045000000000000004,7.4e-06,4.5,74.0,0.19257026166640936,,,,,,,,
nta_5e19,5e+19,0.0,tail,coupled_final,0.0,0.01,0.0,0.3,top_oxide,0.00045000000000000004,7.9e-06,4.5,79.0,0.2462851308475289,,,,,,,,
nta_5e19,5e+19,0.0,tail,coupled_final,0.0,0.01,0.0,0.3,top_oxide,0.00045000000000000004,8.400000000000001e-06,4.5,84.00000000000001,0.3,,,,,,,,
nta_5e19,5e+19,0.0,tail,coupled_final,0.0,0.01,0.0,0.3,top_oxide,0.000475,5.4e-06,4.75,54.0,-0.022109761316200783,,,,,,,,
nta_5e19,5e+19,0.0,tail,coupled_final,0.0,0.01,0.0,0.3,top_oxide,0.000475,5.525e-06,4.75,55.24999999999999,-0.00868852117951012,,,,,,,,
nta_5e19,5e+19,0.0,tail,coupled_final,0.0,0.01,0.0,0.3,top_oxide,0.000475,5.65e-06,4.75,56.5,0.004732718946827598,,,,,,,,
nta_5e19,5e+19,0.0,tail,coupled_final,0.0,0.01,0.0,0.3,top_oxide,0.000475,5.775e-06,4.75,57.75,0.01815395906326232,,,,,,,,
nta_5e19,5e+19,0.0,tail,coupled_final,0.0,0.01,0.0,0.3,top_oxide,0.000475,5.899999999999999e-06,4.75,58.99999999999999,0.03157519917024427,,,,,,,,
nta_5e19,5e+19,0.0,tail,coupled_final,0.0,0.01,0.0,0.3,top_oxide,0.000475,6.025e-06,4.75,60.25,0.04499643926822367,,,,,,,,
nta_5e19,5e+19,0.0,tail,coupled_final,0.0,0.01,0.0,0.3,top_oxide,0.000475,6.1499999999999996e-06,4.75,61.49999999999999,0.05841767935765048,,,,,,,,
nta_5e19,5e+19,0.0,tail,coupled_final,0.0,0.01,0.0,0.3,top_oxide,0.000475,6.275e-06,4.75,62.75,0.071838919438975,,,,,,,,
nta_5e19,5e+19,0.0,tail,coupled_final,0.0,0.01,0.0,0.3,top_oxide,0.000475,6.4e-06,4.75,64.0,0.08526015951264718,,,,,,,,
nta_5e19,5e+19,0.0,tail,coupled_final,0.0,0.01,0.0,0.3,top_oxide,0.000475,6.9e-06,4.75,69.0,0.13894511973531495,,,,,,,,
nta_5e19,5e+19,0.0,tail,coupled_final,0.0,0.01,0.0,0.3,top_oxide,0.000475,7.4e-06,4.75,74.0,0.1926300798715574,,,,,,,,
nta_5e19,5e+19,0.0,tail,coupled_final,0.0,0.01,0.0,0.3,top_oxide,0.000475,7.9e-06,4.75,79.0,0.24631503995018292,,,,,,,,
nta_5e19,5e+19,0.0,tail,coupled_final,0.0,0.01,0.0,0.3,top_oxide,0.000475,8.400000000000001e-06,4.75,84.00000000000001,0.3,,,,,,,,
nta_5e19,5e+19,0.0,tail,coupled_final,0.0,0.01,0.0,0.3,top_oxide,0.0005,5.4e-06,5.0,54.0,-0.021929874579216295,,,,,,,,
nta_5e19,5e+19,0.0,tail,coupled_final,0.0,0.01,0.0,0.3,top_oxide,0.0005,5.525e-06,5.0,55.24999999999999,-0.008516129722774692,,,,,,,,
nta_5e19,5e+19,0.0,tail,coupled_final,0.0,0.01,0.0,0.3,top_oxide,0.0005,5.65e-06,5.0,56.5,0.004897615123255958,,,,,,,,
nta_5e19,5e+19,0.0,tail,coupled_final,0.0,0.01,0.0,0.3,top_oxide,0.0005,5.775e-06,5.0,57.75,0.018311359959328123,,,,,,,,
nta_5e19,5e+19,0.0,tail,coupled_final,0.0,0.01,0.0,0.3,top_oxide,0.0005,5.899999999999999e-06,5.0,58.99999999999999,0.03172510478589455,,,,,,,,
nta_5e19,5e+19,0.0,tail,coupled_final,0.0,0.01,0.0,0.3,top_oxide,0.0005,6.025e-06,5.0,60.25,0.04513884960340797,,,,,,,,
nta_5e19,5e+19,0.0,tail,coupled_final,0.0,0.01,0.0,0.3,top_oxide,0.0005,6.1499999999999996e-06,5.0,61.49999999999999,0.058552594412320885,,,,,,,,
nta_5e19,5e+19,0.0,tail,coupled_final,0.0,0.01,0.0,0.3,top_oxide,0.0005,6.275e-06,5.0,62.75,0.07196633921308611,,,,,,,,
nta_5e19,5e+19,0.0,tail,coupled_final,0.0,0.01,0.0,0.3,top_oxide,0.0005,6.4e-06,5.0,64.0,0.08538008400615611,,,,,,,,
nta_5e19,5e+19,0.0,tail,coupled_final,0.0,0.01,0.0,0.3,top_oxide,0.0005,6.9e-06,5.0,69.0,0.13903506310601163,,,,,,,,
nta_5e19,5e+19,0.0,tail,coupled_final,0.0,0.01,0.0,0.3,top_oxide,0.0005,7.4e-06,5.0,74.0,0.19269004211895754,,,,,,,,
nta_5e19,5e+19,0.0,tail,coupled_final,0.0,0.01,0.0,0.3,top_oxide,0.0005,7.9e-06,5.0,79.0,0.2463450210739637,,,,,,,,
nta_5e19,5e+19,0.0,tail,coupled_final,0.0,0.01,0.0,0.3,top_oxide,0.0005,8.400000000000001e-06,5.0,84.00000000000001,0.3,,,,,,,,
nta_5e19,5e+19,0.0,tail,coupled_final,0.0,0.01,0.0,0.3,top_oxide,0.0005250000000000001,5.4e-06,5.250000000000001,54.0,-0.02174955329416584,,,,,,,,
nta_5e19,5e+19,0.0,tail,coupled_final,0.0,0.01,0.0,0.3,top_oxide,0.0005250000000000001,5.525e-06,5.250000000000001,55.24999999999999,-0.008343321824138663,,,,,,,,
nta_5e19,5e+19,0.0,tail,coupled_final,0.0,0.01,0.0,0.3,top_oxide,0.0005250000000000001,5.65e-06,5.250000000000001,56.5,0.005062909635419032,,,,,,,,
nta_5e19,5e+19,0.0,tail,coupled_final,0.0,0.01,0.0,0.3,top_oxide,0.0005250000000000001,5.775e-06,5.250000000000001,57.75,0.018469141084962264,,,,,,,,
nta_5e19,5e+19,0.0,tail,coupled_final,0.0,0.01,0.0,0.3,top_oxide,0.0005250000000000001,5.899999999999999e-06,5.250000000000001,58.99999999999999,0.03187537252494632,,,,,,,,
nta_5e19,5e+19,0.0,tail,coupled_final,0.0,0.01,0.0,0.3,top_oxide,0.0005250000000000001,6.025e-06,5.250000000000001,60.25,0.0452816039558265,,,,,,,,
nta_5e19,5e+19,0.0,tail,coupled_final,0.0,0.01,0.0,0.3,top_oxide,0.0005250000000000001,6.1499999999999996e-06,5.250000000000001,61.49999999999999,0.0586878353780578,,,,,,,,
nta_5e19,5e+19,0.0,tail,coupled_final,0.0,0.01,0.0,0.3,top_oxide,0.0005250000000000001,6.275e-06,5.250000000000001,62.75,0.07209406679209562,,,,,,,,
nta_5e19,5e+19,0.0,tail,coupled_final,0.0,0.01,0.0,0.3,top_oxide,0.0005250000000000001,6.4e-06,5.250000000000001,64.0,0.08550029819839498,,,,,,,,
nta_5e19,5e+19,0.0,tail,coupled_final,0.0,0.01,0.0,0.3,top_oxide,0.0005250000000000001,6.9e-06,5.250000000000001,69.0,0.13912522375076075,,,,,,,,
nta_5e19,5e+19,0.0,tail,coupled_final,0.0,0.01,0.0,0.3,top_oxide,0.0005250000000000001,7.4e-06,5.250000000000001,74.0,0.1927501492157284,,,,,,,,
nta_5e19,5e+19,0.0,tail,coupled_final,0.0,0.01,0.0,0.3,top_oxide,0.0005250000000000001,7.9e-06,5.250000000000001,79.0,0.24637507462243055,,,,,,,,
nta_5e19,5e+19,0.0,tail,coupled_final,0.0,0.01,0.0,0.3,top_oxide,0.0005250000000000001,8.400000000000001e-06,5.250000000000001,84.00000000000001,0.3,,,,,,,,
nta_5e19,5e+19,0.0,tail,coupled_final,0.0,0.01,0.0,0.3,top_oxide,0.0005499999999999999,5.4e-06,5.499999999999999,54.0,-0.02156879501831934,,,,,,,,
nta_5e19,5e+19,0.0,tail,coupled_final,0.0,0.01,0.0,0.3,top_oxide,0.0005499999999999999,5.525e-06,5.499999999999999,55.24999999999999,-0.008170095142652328,,,,,,,,
nta_5e19,5e+19,0.0,tail,coupled_final,0.0,0.01,0.0,0.3,top_oxide,0.0005499999999999999,5.65e-06,5.499999999999999,56.5,0.005228604722486164,,,,,,,,
nta_5e19,5e+19,0.0,tail,coupled_final,0.0,0.01,0.0,0.3,top_oxide,0.0005499999999999999,5.775e-06,5.499999999999999,57.75,0.01862730457755372,,,,,,,,
nta_5e19,5e+19,0.0,tail,coupled_final,0.0,0.01,0.0,0.3,top_oxide,0.0005499999999999999,5.899999999999999e-06,5.499999999999999,58.99999999999999,0.032026004423008195,,,,,,,,
nta_5e19,5e+19,0.0,tail,coupled_final,0.0,0.01,0.0,0.3,top_oxide,0.0005499999999999999,6.025e-06,5.499999999999999,60.25,0.04542470425930745,,,,,,,,
nta_5e19,5e+19,0.0,tail,coupled_final,0.0,0.01,0.0,0.3,top_oxide,0.0005499999999999999,6.1499999999999996e-06,5.499999999999999,61.49999999999999,0.05882340408690905,,,,,,,,
nta_5e19,5e+19,0.0,tail,coupled_final,0.0,0.01,0.0,0.3,top_oxide,0.0005499999999999999,6.275e-06,5.499999999999999,62.75,0.07222210390627097,,,,,,,,
nta_5e19,5e+19,0.0,tail,coupled_final,0.0,0.01,0.0,0.3,top_oxide,0.0005499999999999999,6.4e-06,5.499999999999999,64.0,0.08562080371785076,,,,,,,,
nta_5e19,5e+19,0.0,tail,coupled_final,0.0,0.01,0.0,0.3,top_oxide,0.0005499999999999999,6.9e-06,5.499999999999999,69.0,0.13921560289092763,,,,,,,,
nta_5e19,5e+19,0.0,tail,coupled_final,0.0,0.01,0.0,0.3,top_oxide,0.0005499999999999999,7.4e-06,5.499999999999999,74.0,0.19281040197611343,,,,,,,,
nta_5e19,5e+19,0.0,tail,coupled_final,0.0,0.01,0.0,0.3,top_oxide,0.0005499999999999999,7.9e-06,5.499999999999999,79.0,0.24640520100270522,,,,,,,,
nta_5e19,5e+19,0.0,tail,coupled_final,0.0,0.01,0.0,0.3,top_oxide,0.0005499999999999999,8.400000000000001e-06,5.499999999999999,84.00000000000001,0.3,,,,,,,,
nta_5e19,5e+19,0.0,tail,coupled_final,0.0,0.01,0.0,0.3,top_oxide,0.000575,5.4e-06,5.75,54.0,-0.02138759728731347,,,,,,,,
nta_5e19,5e+19,0.0,tail,coupled_final,0.0,0.01,0.0,0.3,top_oxide,0.000575,5.525e-06,5.75,55.24999999999999,-0.007996447316634112,,,,,,,,
nta_5e19,5e+19,0.0,tail,coupled_final,0.0,0.01,0.0,0.3,top_oxide,0.000575,5.65e-06,5.75,56.5,0.005394702643457155,,,,,,,,
nta_5e19,5e+19,0.0,tail,coupled_final,0.0,0.01,0.0,0.3,top_oxide,0.000575,5.775e-06,5.75,57.75,0.018785852593420506,,,,,,,,
nta_5e19,5e+19,0.0,tail,coupled_final,0.0,0.01,0.0,0.3,top_oxide,0.000575,5.899999999999999e-06,5.75,58.99999999999999,0.032177002533716394,,,,,,,,
nta_5e19,5e+19,0.0,tail,coupled_final,0.0,0.01,0.0,0.3,top_oxide,0.000575,6.025e-06,5.75,60.25,0.04556815246480525,,,,,,,,
nta_5e19,5e+19,0.0,tail,coupled_final,0.0,0.01,0.0,0.3,top_oxide,0.000575,6.1499999999999996e-06,5.75,61.49999999999999,0.05895930238714727,,,,,,,,
nta_5e19,5e+19,0.0,tail,coupled_final,0.0,0.01,0.0,0.3,top_oxide,0.000575,6.275e-06,5.75,62.75,0.07235045230120297,,,,,,,,
nta_5e19,5e+19,0.0,tail,coupled_final,0.0,0.01,0.0,0.3,top_oxide,0.000575,6.4e-06,5.75,64.0,0.08574160220743254,,,,,,,,
nta_5e19,5e+19,0.0,tail,coupled_final,0.0,0.01,0.0,0.3,top_oxide,0.000575,6.9e-06,5.75,69.0,0.13930620175869407,,,,,,,,
nta_5e19,5e+19,0.0,tail,coupled_final,0.0,0.01,0.0,0.3,top_oxide,0.000575,7.4e-06,5.75,74.0,0.1928708012215673,,,,,,,,
nta_5e19,5e+19,0.0,tail,coupled_final,0.0,0.01,0.0,0.3,top_oxide,0.000575,7.9e-06,5.75,79.0,0.24643540062551503,,,,,,,,
nta_5e19,5e+19,0.0,tail,coupled_final,0.0,0.01,0.0,0.3,top_oxide,0.000575,8.400000000000001e-06,5.75,84.00000000000001,0.3,,,,,,,,
nta_5e19,5e+19,0.0,tail,coupled_final,0.0,0.01,0.0,0.3,top_oxide,0.0006000000000000001,5.4e-06,6.000000000000001,54.0,-0.021205957614889658,,,,,,,,
nta_5e19,5e+19,0.0,tail,coupled_final,0.0,0.01,0.0,0.3,top_oxide,0.0006000000000000001,5.525e-06,6.000000000000001,55.24999999999999,-0.007822375963419507,,,,,,,,
nta_5e19,5e+19,0.0,tail,coupled_final,0.0,0.01,0.0,0.3,top_oxide,0.0006000000000000001,5.65e-06,6.000000000000001,56.5,0.005561205677402457,,,,,,,,
nta_5e19,5e+19,0.0,tail,coupled_final,0.0,0.01,0.0,0.3,top_oxide,0.0006000000000000001,5.775e-06,6.000000000000001,57.75,0.018944787308039022,,,,,,,,
nta_5e19,5e+19,0.0,tail,coupled_final,0.0,0.01,0.0,0.3,top_oxide,0.0006000000000000001,5.899999999999999e-06,6.000000000000001,58.99999999999999,0.03232836892895325,,,,,,,,
nta_5e19,5e+19,0.0,tail,coupled_final,0.0,0.01,0.0,0.3,top_oxide,0.0006000000000000001,6.025e-06,6.000000000000001,60.25,0.04571195054060819,,,,,,,,
nta_5e19,5e+19,0.0,tail,coupled_final,0.0,0.01,0.0,0.3,top_oxide,0.0006000000000000001,6.1499999999999996e-06,6.000000000000001,61.49999999999999,0.05909553214346664,,,,,,,,
nta_5e19,5e+19,0.0,tail,coupled_final,0.0,0.01,0.0,0.3,top_oxide,0.0006000000000000001,6.275e-06,6.000000000000001,62.75,0.07247911373799175,,,,,,,,
nta_5e19,5e+19,0.0,tail,coupled_final,0.0,0.01,0.0,0.3,top_oxide,0.0006000000000000001,6.4e-06,6.000000000000001,64.0,0.0858626953246463,,,,,,,,
nta_5e19,5e+19,0.0,tail,coupled_final,0.0,0.01,0.0,0.3,top_oxide,0.0006000000000000001,6.9e-06,6.000000000000001,69.0,0.1393970215971897,,,,,,,,
nta_5e19,5e+19,0.0,tail,coupled_final,0.0,0.01,0.0,0.3,top_oxide,0.0006000000000000001,7.4e-06,6.000000000000001,74.0,0.19293134778084312,,,,,,,,
nta_5e19,5e+19,0.0,tail,coupled_final,0.0,0.01,0.0,0.3,top_oxide,0.0006000000000000001,7.9e-06,6.000000000000001,79.0,0.24646567390523655,,,,,,,,
nta_5e19,5e+19,0.0,tail,coupled_final,0.0,0.01,0.0,0.3,top_oxide,0.0006000000000000001,8.400000000000001e-06,6.000000000000001,84.00000000000001,0.3,,,,,,,,
nta_5e19,5e+19,0.0,tail,coupled_final,0.0,0.01,0.0,0.3,top_oxide,0.000625,5.4e-06,6.25,54.0,-0.021023873492627958,,,,,,,,
nta_5e19,5e+19,0.0,tail,coupled_final,0.0,0.01,0.0,0.3,top_oxide,0.000625,5.525e-06,6.25,55.24999999999999,-0.0076478786791060105,,,,,,,,
nta_5e19,5e+19,0.0,tail,coupled_final,0.0,0.01,0.0,0.3,top_oxide,0.000625,5.65e-06,6.25,56.5,0.005728116123707116,,,,,,,,
nta_5e19,5e+19,0.0,tail,coupled_final,0.0,0.01,0.0,0.3,top_oxide,0.000625,5.775e-06,6.25,57.75,0.019104110916276847,,,,,,,,
nta_5e19,5e+19,0.0,tail,coupled_final,0.0,0.01,0.0,0.3,top_oxide,0.000625,5.899999999999999e-06,6.25,58.99999999999999,0.032480105699068874,,,,,,,,
nta_5e19,5e+19,0.0,tail,coupled_final,0.0,0.01,0.0,0.3,top_oxide,0.000625,6.025e-06,6.25,60.25,0.04585610047254889,,,,,,,,
nta_5e19,5e+19,0.0,tail,coupled_final,0.0,0.01,0.0,0.3,top_oxide,0.000625,6.1499999999999996e-06,6.25,61.49999999999999,0.05923209523718233,,,,,,,,
nta_5e19,5e+19,0.0,tail,coupled_final,0.0,0.01,0.0,0.3,top_oxide,0.000625,6.275e-06,6.25,62.75,0.07260808999343496,,,,,,,,
nta_5e19,5e+19,0.0,tail,coupled_final,0.0,0.01,0.0,0.3,top_oxide,0.000625,6.4e-06,6.25,64.0,0.08598408474177223,,,,,,,,
nta_5e19,5e+19,0.0,tail,coupled_final,0.0,0.01,0.0,0.3,top_oxide,0.000625,6.9e-06,6.25,69.0,0.1394880636606247,,,,,,,,
nta_5e19,5e+19,0.0,tail,coupled_final,0.0,0.01,0.0,0.3,top_oxide,0.000625,7.4e-06,6.25,74.0,0.19299204249008098,,,,,,,,
nta_5e19,5e+19,0.0,tail,coupled_final,0.0,0.01,0.0,0.3,top_oxide,0.000625,7.9e-06,6.25,79.0,0.24649602125993983,,,,,,,,
nta_5e19,5e+19,0.0,tail,coupled_final,0.0,0.01,0.0,0.3,top_oxide,0.000625,8.400000000000001e-06,6.25,84.00000000000001,0.3,,,,,,,,
nta_5e19,5e+19,0.0,tail,coupled_final,0.0,0.01,0.0,0.3,top_oxide,0.0006500000000000001,5.4e-06,6.500000000000001,54.0,-0.020841342389676824,,,,,,,,
nta_5e19,5e+19,0.0,tail,coupled_final,0.0,0.01,0.0,0.3,top_oxide,0.0006500000000000001,5.525e-06,6.500000000000001,55.24999999999999,-0.007472953038294169,,,,,,,,
nta_5e19,5e+19,0.0,tail,coupled_final,0.0,0.01,0.0,0.3,top_oxide,0.0006500000000000001,5.65e-06,6.500000000000001,56.5,0.005895436302318483,,,,,,,,
nta_5e19,5e+19,0.0,tail,coupled_final,0.0,0.01,0.0,0.3,top_oxide,0.0006500000000000001,5.775e-06,6.500000000000001,57.75,0.019263825632629218,,,,,,,,
nta_5e19,5e+19,0.0,tail,coupled_final,0.0,0.01,0.0,0.3,top_oxide,0.0006500000000000001,5.899999999999999e-06,6.500000000000001,58.99999999999999,0.03263221495310639,,,,,,,,
nta_5e19,5e+19,0.0,tail,coupled_final,0.0,0.01,0.0,0.3,top_oxide,0.0006500000000000001,6.025e-06,6.500000000000001,60.25,0.04600060426421836,,,,,,,,
nta_5e19,5e+19,0.0,tail,coupled_final,0.0,0.01,0.0,0.3,top_oxide,0.0006500000000000001,6.1499999999999996e-06,6.500000000000001,61.49999999999999,0.0593689935664332,,,,,,,,
nta_5e19,5e+19,0.0,tail,coupled_final,0.0,0.01,0.0,0.3,top_oxide,0.0006500000000000001,6.275e-06,6.500000000000001,62.75,0.07273738286021937,,,,,,,,
nta_5e19,5e+19,0.0,tail,coupled_final,0.0,0.01,0.0,0.3,top_oxide,0.0006500000000000001,6.4e-06,6.500000000000001,64.0,0.08610577214604494,,,,,,,,
nta_5e19,5e+19,0.0,tail,coupled_final,0.0,0.01,0.0,0.3,top_oxide,0.0006500000000000001,6.9e-06,6.500000000000001,69.0,0.13957932921442504,,,,,,,,
nta_5e19,5e+19,0.0,tail,coupled_final,0.0,0.01,0.0,0.3,top_oxide,0.0006500000000000001,7.4e-06,6.500000000000001,74.0,0.1930528861928983,,,,,,,,
nta_5e19,5e+19,0.0,tail,coupled_final,0.0,0.01,0.0,0.3,top_oxide,0.0006500000000000001,7.9e-06,6.500000000000001,79.0,0.2465264431114336,,,,,,,,
nta_5e19,5e+19,0.0,tail,coupled_final,0.0,0.01,0.0,0.3,top_oxide,0.0006500000000000001,8.400000000000001e-06,6.500000000000001,84.00000000000001,0.3,,,,,,,,
nta_5e19,5e+19,0.0,tail,coupled_final,0.0,0.01,0.0,0.3,top_oxide,0.000675,5.4e-06,6.75,54.0,-0.020658361752478694,,,,,,,,
nta_5e19,5e+19,0.0,tail,coupled_final,0.0,0.01,0.0,0.3,top_oxide,0.000675,5.525e-06,6.75,55.24999999999999,-0.0072975965938246075,,,,,,,,
nta_5e19,5e+19,0.0,tail,coupled_final,0.0,0.01,0.0,0.3,top_oxide,0.000675,5.65e-06,6.75,56.5,0.006063168553997751,,,,,,,,
nta_5e19,5e+19,0.0,tail,coupled_final,0.0,0.01,0.0,0.3,top_oxide,0.000675,5.775e-06,6.75,57.75,0.019423933691459144,,,,,,,,
nta_5e19,5e+19,0.0,tail,coupled_final,0.0,0.01,0.0,0.3,top_oxide,0.000675,5.899999999999999e-06,6.75,58.99999999999999,0.03278469881903061,,,,,,,,
nta_5e19,5e+19,0.0,tail,coupled_final,0.0,0.01,0.0,0.3,top_oxide,0.000675,6.025e-06,6.75,60.25,0.0461454639371832,,,,,,,,
nta_5e19,5e+19,0.0,tail,coupled_final,0.0,0.01,0.0,0.3,top_oxide,0.000675,6.1499999999999996e-06,6.75,61.49999999999999,0.059506229046387665,,,,,,,,
nta_5e19,5e+19,0.0,tail,coupled_final,0.0,0.01,0.0,0.3,top_oxide,0.000675,6.275e-06,6.75,62.75,0.07286699414711514,,,,,,,,
nta_5e19,5e+19,0.0,tail,coupled_final,0.0,0.01,0.0,0.3,top_oxide,0.000675,6.4e-06,6.75,64.0,0.0862277592398364,,,,,,,,
nta_5e19,5e+19,0.0,tail,coupled_final,0.0,0.01,0.0,0.3,top_oxide,0.000675,6.9e-06,6.75,69.0,0.13967081953536983,,,,,,,,
nta_5e19,5e+19,0.0,tail,coupled_final,0.0,0.01,0.0,0.3,top_oxide,0.000675,7.4e-06,6.75,74.0,0.19311387974048108,,,,,,,,
nta_5e19,5e+19,0.0,tail,coupled_final,0.0,0.01,0.0,0.3,top_oxide,0.000675,7.9e-06,6.75,79.0,0.2465569398853109,,,,,,,,
nta_5e19,5e+19,0.0,tail,coupled_final,0.0,0.01,0.0,0.3,top_oxide,0.000675,8.400000000000001e-06,6.75,84.00000000000001,0.3,,,,,,,,
nta_5e19,5e+19,0.0,tail,coupled_final,0.0,0.01,0.0,0.3,top_oxide,0.0007,5.4e-06,7.0,54.0,-0.020474929004491334,,,,,,,,
nta_5e19,5e+19,0.0,tail,coupled_final,0.0,0.01,0.0,0.3,top_oxide,0.0007,5.525e-06,7.0,55.24999999999999,-0.007121806876510956,,,,,,,,
nta_5e19,5e+19,0.0,tail,coupled_final,0.0,0.01,0.0,0.3,top_oxide,0.0007,5.65e-06,7.0,56.5,0.006231315240575403,,,,,,,,
nta_5e19,5e+19,0.0,tail,coupled_final,0.0,0.01,0.0,0.3,top_oxide,0.0007,5.775e-06,7.0,57.75,0.019584437347241218,,,,,,,,
nta_5e19,5e+19,0.0,tail,coupled_final,0.0,0.01,0.0,0.3,top_oxide,0.0007,5.899999999999999e-06,7.0,58.99999999999999,0.03293755944396024,,,,,,,,
nta_5e19,5e+19,0.0,tail,coupled_final,0.0,0.01,0.0,0.3,top_oxide,0.0007,6.025e-06,7.0,60.25,0.04629068153120622,,,,,,,,
nta_5e19,5e+19,0.0,tail,coupled_final,0.0,0.01,0.0,0.3,top_oxide,0.0007,6.1499999999999996e-06,7.0,61.49999999999999,0.05964380360945262,,,,,,,,
nta_5e19,5e+19,0.0,tail,coupled_final,0.0,0.01,0.0,0.3,top_oxide,0.0007,6.275e-06,7.0,62.75,0.07299692567917329,,,,,,,,
nta_5e19,5e+19,0.0,tail,coupled_final,0.0,0.01,0.0,0.3,top_oxide,0.0007,6.4e-06,7.0,64.0,0.0863500477408417,,,,,,,,
nta_5e19,5e+19,0.0,tail,coupled_final,0.0,0.01,0.0,0.3,top_oxide,0.0007,6.9e-06,7.0,69.0,0.13976253591173043,,,,,,,,
nta_5e19,5e+19,0.0,tail,coupled_final,0.0,0.01,0.0,0.3,top_oxide,0.0007,7.4e-06,7.0,74.0,0.19317502399167702,,,,,,,,
nta_5e19,5e+19,0.0,tail,coupled_final,0.0,0.01,0.0,0.3,top_oxide,0.0007,7.9e-06,7.0,79.0,0.24658751201099552,,,,,,,,
nta_5e19,5e+19,0.0,tail,coupled_final,0.0,0.01,0.0,0.3,top_oxide,0.0007,8.400000000000001e-06,7.0,84.00000000000001,0.3,,,,,,,,
nta_5e19,5e+19,0.0,tail,coupled_final,0.0,0.01,0.0,0.3,top_oxide,0.0007250000000000001,5.4e-06,7.250000000000001,54.0,-0.020291041545904845,,,,,,,,
nta_5e19,5e+19,0.0,tail,coupled_final,0.0,0.01,0.0,0.3,top_oxide,0.0007250000000000001,5.525e-06,7.250000000000001,55.24999999999999,-0.006945581394868679,,,,,,,,
nta_5e19,5e+19,0.0,tail,coupled_final,0.0,0.01,0.0,0.3,top_oxide,0.0007250000000000001,5.65e-06,7.250000000000001,56.5,0.006399878745210614,,,,,,,,
nta_5e19,5e+19,0.0,tail,coupled_final,0.0,0.01,0.0,0.3,top_oxide,0.0007250000000000001,5.775e-06,7.250000000000001,57.75,0.019745338874809247,,,,,,,,
nta_5e19,5e+19,0.0,tail,coupled_final,0.0,0.01,0.0,0.3,top_oxide,0.0007250000000000001,5.899999999999999e-06,7.250000000000001,58.99999999999999,0.033090798994403696,,,,,,,,
nta_5e19,5e+19,0.0,tail,coupled_final,0.0,0.01,0.0,0.3,top_oxide,0.0007250000000000001,6.025e-06,7.250000000000001,60.25,0.04643625910447045,,,,,,,,
nta_5e19,5e+19,0.0,tail,coupled_final,0.0,0.01,0.0,0.3,top_oxide,0.0007250000000000001,6.1499999999999996e-06,7.250000000000001,61.49999999999999,0.05978171920548571,,,,,,,,
nta_5e19,5e+19,0.0,tail,coupled_final,0.0,0.01,0.0,0.3,top_oxide,0.0007250000000000001,6.275e-06,7.250000000000001,62.75,0.07312717929792605,,,,,,,,
nta_5e19,5e+19,0.0,tail,coupled_final,0.0,0.01,0.0,0.3,top_oxide,0.0007250000000000001,6.4e-06,7.250000000000001,64.0,0.08647263938226768,,,,,,,,
nta_5e19,5e+19,0.0,tail,coupled_final,0.0,0.01,0.0,0.3,top_oxide,0.0007250000000000001,6.9e-06,7.250000000000001,69.0,0.13985447964341202,,,,,,,,
nta_5e19,5e+19,0.0,tail,coupled_final,0.0,0.01,0.0,0.3,top_oxide,0.0007250000000000001,7.4e-06,7.250000000000001,74.0,0.19323631981308959,,,,,,,,
nta_5e19,5e+19,0.0,tail,coupled_final,0.0,0.01,0.0,0.3,top_oxide,0.0007250000000000001,7.9e-06,7.250000000000001,79.0,0.24661815992178926,,,,,,,,
nta_5e19,5e+19,0.0,tail,coupled_final,0.0,0.01,0.0,0.3,top_oxide,0.0007250000000000001,8.400000000000001e-06,7.250000000000001,84.00000000000001,0.3,,,,,,,,
nta_5e19,5e+19,0.0,tail,coupled_final,0.0,0.01,0.0,0.3,top_oxide,0.00075,5.4e-06,7.5,54.0,-0.02010669675335416,,,,,,,,
nta_5e19,5e+19,0.0,tail,coupled_final,0.0,0.01,0.0,0.3,top_oxide,0.00075,5.525e-06,7.5,55.24999999999999,-0.006768917634839534,,,,,,,,
nta_5e19,5e+19,0.0,tail,coupled_final,0.0,0.01,0.0,0.3,top_oxide,0.00075,5.65e-06,7.5,56.5,0.0065688614726547995,,,,,,,,
nta_5e19,5e+19,0.0,tail,coupled_final,0.0,0.01,0.0,0.3,top_oxide,0.00075,5.775e-06,7.5,57.75,0.01990664056960781,,,,,,,,
nta_5e19,5e+19,0.0,tail,coupled_final,0.0,0.01,0.0,0.3,top_oxide,0.00075,5.899999999999999e-06,7.5,58.99999999999999,0.03324441965649873,,,,,,,,
nta_5e19,5e+19,0.0,tail,coupled_final,0.0,0.01,0.0,0.3,top_oxide,0.00075,6.025e-06,7.5,60.25,0.04658219873380679,,,,,,,,
nta_5e19,5e+19,0.0,tail,coupled_final,0.0,0.01,0.0,0.3,top_oxide,0.00075,6.1499999999999996e-06,7.5,61.49999999999999,0.05991997780201098,,,,,,,,
nta_5e19,5e+19,0.0,tail,coupled_final,0.0,0.01,0.0,0.3,top_oxide,0.00075,6.275e-06,7.5,62.75,0.0732577568615906,,,,,,,,
nta_5e19,5e+19,0.0,tail,coupled_final,0.0,0.01,0.0,0.3,top_oxide,0.00075,6.4e-06,7.5,64.0,0.08659553591302464,,,,,,,,
nta_5e19,5e+19,0.0,tail,coupled_final,0.0,0.01,0.0,0.3,top_oxide,0.00075,6.9e-06,7.5,69.0,0.1399466520420974,,,,,,,,
nta_5e19,5e+19,0.0,tail,coupled_final,0.0,0.01,0.0,0.3,top_oxide,0.00075,7.4e-06,7.5,74.0,0.19329776807917398,,,,,,,,
nta_5e19,5e+19,0.0,tail,coupled_final,0.0,0.01,0.0,0.3,top_oxide,0.00075,7.9e-06,7.5,79.0,0.2466488840549197,,,,,,,,
nta_5e19,5e+19,0.0,tail,coupled_final,0.0,0.01,0.0,0.3,top_oxide,0.00075,8.400000000000001e-06,7.5,84.00000000000001,0.3,,,,,,,,
nta_5e19,5e+19,0.0,tail,coupled_final,0.0,0.01,0.0,0.3,top_oxide,0.000775,5.4e-06,7.75,54.0,-0.019921891979627106,,,,,,,,
nta_5e19,5e+19,0.0,tail,coupled_final,0.0,0.01,0.0,0.3,top_oxide,0.000775,5.525e-06,7.75,55.24999999999999,-0.00659181305951179,,,,,,,,
nta_5e19,5e+19,0.0,tail,coupled_final,0.0,0.01,0.0,0.3,top_oxide,0.000775,5.65e-06,7.75,56.5,0.00673826584951923,,,,,,,,
nta_5e19,5e+19,0.0,tail,coupled_final,0.0,0.01,0.0,0.3,top_oxide,0.000775,5.775e-06,7.75,57.75,0.020068344747947706,,,,,,,,
nta_5e19,5e+19,0.0,tail,coupled_final,0.0,0.01,0.0,0.3,top_oxide,0.000775,5.899999999999999e-06,7.75,58.99999999999999,0.033398423636255656,,,,,,,,
nta_5e19,5e+19,0.0,tail,coupled_final,0.0,0.01,0.0,0.3,top_oxide,0.000775,6.025e-06,7.75,60.25,0.0467285025149251,,,,,,,,
nta_5e19,5e+19,0.0,tail,coupled_final,0.0,0.01,0.0,0.3,top_oxide,0.000775,6.1499999999999996e-06,7.75,61.49999999999999,0.060058581384437794,,,,,,,,
nta_5e19,5e+19,0.0,tail,coupled_final,0.0,0.01,0.0,0.3,top_oxide,0.000775,6.275e-06,7.75,62.75,0.07338866024527584,,,,,,,,
nta_5e19,5e+19,0.0,tail,coupled_final,0.0,0.01,0.0,0.3,top_oxide,0.000775,6.4e-06,7.75,64.0,0.08671873909792098,,,,,,,,
nta_5e19,5e+19,0.0,tail,coupled_final,0.0,0.01,0.0,0.3,top_oxide,0.000775,6.9e-06,7.75,69.0,0.140039054431393,,,,,,,,
nta_5e19,5e+19,0.0,tail,coupled_final,0.0,0.01,0.0,0.3,top_oxide,0.000775,7.4e-06,7.75,74.0,0.19335936967233452,,,,,,,,
nta_5e19,5e+19,0.0,tail,coupled_final,0.0,0.01,0.0,0.3,top_oxide,0.000775,7.9e-06,7.75,79.0,0.246679684851589,,,,,,,,
nta_5e19,5e+19,0.0,tail,coupled_final,0.0,0.01,0.0,0.3,top_oxide,0.000775,8.400000000000001e-06,7.75,84.00000000000001,0.3,,,,,,,,
nta_5e19,5e+19,0.0,tail,coupled_final,0.0,0.01,0.0,0.3,top_oxide,0.0008,5.4e-06,8.0,54.0,-0.01973662455336796,,,,,,,,
nta_5e19,5e+19,0.0,tail,coupled_final,0.0,0.01,0.0,0.3,top_oxide,0.0008,5.525e-06,8.0,55.24999999999999,-0.006414265108836169,,,,,,,,
nta_5e19,5e+19,0.0,tail,coupled_final,0.0,0.01,0.0,0.3,top_oxide,0.0008,5.65e-06,8.0,56.5,0.006908094324546742,,,,,,,,
nta_5e19,5e+19,0.0,tail,coupled_final,0.0,0.01,0.0,0.3,top_oxide,0.0008,5.775e-06,8.0,57.75,0.02023045374726533,,,,,,,,
nta_5e19,5e+19,0.0,tail,coupled_final,0.0,0.01,0.0,0.3,top_oxide,0.0008,5.899999999999999e-06,8.0,58.99999999999999,0.03355281315980443,,,,,,,,
nta_5e19,5e+19,0.0,tail,coupled_final,0.0,0.01,0.0,0.3,top_oxide,0.0008,6.025e-06,8.0,60.25,0.04687517256264885,,,,,,,,
nta_5e19,5e+19,0.0,tail,coupled_final,0.0,0.01,0.0,0.3,top_oxide,0.0008,6.1499999999999996e-06,8.0,61.49999999999999,0.06019753195628317,,,,,,,,
nta_5e19,5e+19,0.0,tail,coupled_final,0.0,0.01,0.0,0.3,top_oxide,0.0008,6.275e-06,8.0,62.75,0.0735198913411923,,,,,,,,
nta_5e19,5e+19,0.0,tail,coupled_final,0.0,0.01,0.0,0.3,top_oxide,0.0008,6.4e-06,8.0,64.0,0.0868422507178608,,,,,,,,
nta_5e19,5e+19,0.0,tail,coupled_final,0.0,0.01,0.0,0.3,top_oxide,0.0008,6.9e-06,8.0,69.0,0.14013168814697688,,,,,,,,
nta_5e19,5e+19,0.0,tail,coupled_final,0.0,0.01,0.0,0.3,top_oxide,0.0008,7.4e-06,8.0,74.0,0.1934211254830233,,,,,,,,
nta_5e19,5e+19,0.0,tail,coupled_final,0.0,0.01,0.0,0.3,top_oxide,0.0008,7.9e-06,8.0,79.0,0.24671056275702324,,,,,,,,
nta_5e19,5e+19,0.0,tail,coupled_final,0.0,0.01,0.0,0.3,top_oxide,0.0008,8.400000000000001e-06,8.0,84.00000000000001,0.3,,,,,,,,
nta_5e19,5e+19,0.0,tail,coupled_final,0.0,0.01,0.0,0.3,top_oxide,0.000825,5.4e-06,8.25,54.0,-0.019550891778776003,,,,,,,,
nta_5e19,5e+19,0.0,tail,coupled_final,0.0,0.01,0.0,0.3,top_oxide,0.000825,5.525e-06,8.25,55.24999999999999,-0.0062362711993369044,,,,,,,,
nta_5e19,5e+19,0.0,tail,coupled_final,0.0,0.01,0.0,0.3,top_oxide,0.000825,5.65e-06,8.25,56.5,0.0070783493688881295,,,,,,,,
nta_5e19,5e+19,0.0,tail,coupled_final,0.0,0.01,0.0,0.3,top_oxide,0.000825,5.775e-06,8.25,57.75,0.020392969926386496,,,,,,,,
nta_5e19,5e+19,0.0,tail,coupled_final,0.0,0.01,0.0,0.3,top_oxide,0.000825,5.899999999999999e-06,8.25,58.99999999999999,0.033707590473645854,,,,,,,,
nta_5e19,5e+19,0.0,tail,coupled_final,0.0,0.01,0.0,0.3,top_oxide,0.000825,6.025e-06,8.25,60.25,0.04702221101115387,,,,,,,,
nta_5e19,5e+19,0.0,tail,coupled_final,0.0,0.01,0.0,0.3,top_oxide,0.000825,6.1499999999999996e-06,8.25,61.49999999999999,0.06033683153939792,,,,,,,,
nta_5e19,5e+19,0.0,tail,coupled_final,0.0,0.01,0.0,0.3,top_oxide,0.000825,6.275e-06,8.25,62.75,0.07365145205886578,,,,,,,,
nta_5e19,5e+19,0.0,tail,coupled_final,0.0,0.01,0.0,0.3,top_oxide,0.000825,6.4e-06,8.25,64.0,0.08696607257004482,,,,,,,,
nta_5e19,5e+19,0.0,tail,coupled_final,0.0,0.01,0.0,0.3,top_oxide,0.000825,6.9e-06,8.25,69.0,0.1402245545367497,,,,,,,,
nta_5e19,5e+19,0.0,tail,coupled_final,0.0,0.01,0.0,0.3,top_oxide,0.000825,7.4e-06,8.25,74.0,0.1934830364098408,,,,,,,,
nta_5e19,5e+19,0.0,tail,coupled_final,0.0,0.01,0.0,0.3,top_oxide,0.000825,7.9e-06,8.25,79.0,0.24674151822052268,,,,,,,,
nta_5e19,5e+19,0.0,tail,coupled_final,0.0,0.01,0.0,0.3,top_oxide,0.000825,8.400000000000001e-06,8.25,84.00000000000001,0.3,,,,,,,,
nta_5e19,5e+19,0.0,tail,coupled_final,0.0,0.01,0.0,0.3,top_oxide,0.0008500000000000001,5.4e-06,8.5,54.0,-0.019364690935299123,,,,,,,,
nta_5e19,5e+19,0.0,tail,coupled_final,0.0,0.01,0.0,0.3,top_oxide,0.0008500000000000001,5.525e-06,8.5,55.24999999999999,-0.006057828723818156,,,,,,,,
nta_5e19,5e+19,0.0,tail,coupled_final,0.0,0.01,0.0,0.3,top_oxide,0.0008500000000000001,5.65e-06,8.5,56.5,0.00724903347638297,,,,,,,,
nta_5e19,5e+19,0.0,tail,coupled_final,0.0,0.01,0.0,0.3,top_oxide,0.0008500000000000001,5.775e-06,8.5,57.75,0.020555895665794504,,,,,,,,
nta_5e19,5e+19,0.0,tail,coupled_final,0.0,0.01,0.0,0.3,top_oxide,0.0008500000000000001,5.899999999999999e-06,8.5,58.99999999999999,0.033862757844906964,,,,,,,,
nta_5e19,5e+19,0.0,tail,coupled_final,0.0,0.01,0.0,0.3,top_oxide,0.0008500000000000001,6.025e-06,8.5,60.25,0.04716962001421088,,,,,,,,
nta_5e19,5e+19,0.0,tail,coupled_final,0.0,0.01,0.0,0.3,top_oxide,0.0008500000000000001,6.1499999999999996e-06,8.5,61.49999999999999,0.060476482174196496,,,,,,,,
nta_5e19,5e+19,0.0,tail,coupled_final,0.0,0.01,0.0,0.3,top_oxide,0.0008500000000000001,6.275e-06,8.5,62.75,0.07378334432535442,,,,,,,,
nta_5e19,5e+19,0.0,tail,coupled_final,0.0,0.01,0.0,0.3,top_oxide,0.0008500000000000001,6.4e-06,8.5,64.0,0.08709020646817492,,,,,,,,
nta_5e19,5e+19,0.0,tail,coupled_final,0.0,0.01,0.0,0.3,top_oxide,0.0008500000000000001,6.9e-06,8.5,69.0,0.14031765496098797,,,,,,,,
nta_5e19,5e+19,0.0,tail,coupled_final,0.0,0.01,0.0,0.3,top_oxide,0.0008500000000000001,7.4e-06,8.5,74.0,0.19354510335963807,,,,,,,,
nta_5e19,5e+19,0.0,tail,coupled_final,0.0,0.01,0.0,0.3,top_oxide,0.0008500000000000001,7.9e-06,8.5,79.0,0.24677255169551285,,,,,,,,
nta_5e19,5e+19,0.0,tail,coupled_final,0.0,0.01,0.0,0.3,top_oxide,0.0008500000000000001,8.400000000000001e-06,8.5,84.00000000000001,0.3,,,,,,,,
nta_5e19,5e+19,0.0,tail,coupled_final,0.0,0.01,0.0,0.3,top_oxide,0.0008750000000000001,5.4e-06,8.750000000000002,54.0,-0.019178019277199455,,,,,,,,
nta_5e19,5e+19,0.0,tail,coupled_final,0.0,0.01,0.0,0.3,top_oxide,0.0008750000000000001,5.525e-06,8.750000000000002,55.24999999999999,-0.0058789350509397,,,,,,,,
nta_5e19,5e+19,0.0,tail,coupled_final,0.0,0.01,0.0,0.3,top_oxide,0.0008750000000000001,5.65e-06,8.750000000000002,56.5,0.007420149163973044,,,,,,,,
nta_5e19,5e+19,0.0,tail,coupled_final,0.0,0.01,0.0,0.3,top_oxide,0.0008750000000000001,5.775e-06,8.750000000000002,57.75,0.020719233368031904,,,,,,,,
nta_5e19,5e+19,0.0,tail,coupled_final,0.0,0.01,0.0,0.3,top_oxide,0.0008750000000000001,5.899999999999999e-06,8.750000000000002,58.99999999999999,0.03401831756173027,,,,,,,,
nta_5e19,5e+19,0.0,tail,coupled_final,0.0,0.01,0.0,0.3,top_oxide,0.0008750000000000001,6.025e-06,8.750000000000002,60.25,0.04731740174556155,,,,,,,,
nta_5e19,5e+19,0.0,tail,coupled_final,0.0,0.01,0.0,0.3,top_oxide,0.0008750000000000001,6.1499999999999996e-06,8.750000000000002,61.49999999999999,0.060616485920018885,,,,,,,,
nta_5e19,5e+19,0.0,tail,coupled_final,0.0,0.01,0.0,0.3,top_oxide,0.0008750000000000001,6.275e-06,8.750000000000002,62.75,0.07391557008559578,,,,,,,,
nta_5e19,5e+19,0.0,tail,coupled_final,0.0,0.01,0.0,0.3,top_oxide,0.0008750000000000001,6.4e-06,8.750000000000002,64.0,0.08721465424278536,,,,,,,,
nta_5e19,5e+19,0.0,tail,coupled_final,0.0,0.01,0.0,0.3,top_oxide,0.0008750000000000001,6.9e-06,8.750000000000002,69.0,0.14041099079260522,,,,,,,,
nta_5e19,5e+19,0.0,tail,coupled_final,0.0,0.01,0.0,0.3,top_oxide,0.0008750000000000001,7.4e-06,8.750000000000002,74.0,0.19360732724769733,,,,,,,,
nta_5e19,5e+19,0.0,tail,coupled_final,0.0,0.01,0.0,0.3,top_oxide,0.0008750000000000001,7.9e-06,8.750000000000002,79.0,0.24680366363963688,,,,,,,,
nta_5e19,5e+19,0.0,tail,coupled_final,0.0,0.01,0.0,0.3,top_oxide,0.0008750000000000001,8.400000000000001e-06,8.750000000000002,84.00000000000001,0.3,,,,,,,,
nta_5e19,5e+19,0.0,tail,coupled_final,0.0,0.01,0.0,0.3,top_oxide,0.0009000000000000001,5.4e-06,9.0,54.0,-0.018990874003073588,,,,,,,,
nta_5e19,5e+19,0.0,tail,coupled_final,0.0,0.01,0.0,0.3,top_oxide,0.0009000000000000001,5.525e-06,9.0,55.24999999999999,-0.005699587493987021,,,,,,,,
nta_5e19,5e+19,0.0,tail,coupled_final,0.0,0.01,0.0,0.3,top_oxide,0.0009000000000000001,5.65e-06,9.0,56.5,0.00759169900349123,,,,,,,,
nta_5e19,5e+19,0.0,tail,coupled_final,0.0,0.01,0.0,0.3,top_oxide,0.0009000000000000001,5.775e-06,9.0,57.75,0.020882985489852804,,,,,,,,
nta_5e19,5e+19,0.0,tail,coupled_final,0.0,0.01,0.0,0.3,top_oxide,0.0009000000000000001,5.899999999999999e-06,9.0,58.99999999999999,0.03417427196559088,,,,,,,,
nta_5e19,5e+19,0.0,tail,coupled_final,0.0,0.01,0.0,0.3,top_oxide,0.0009000000000000001,6.025e-06,9.0,60.25,0.04746555843119995,,,,,,,,
nta_5e19,5e+19,0.0,tail,coupled_final,0.0,0.01,0.0,0.3,top_oxide,0.0009000000000000001,6.1499999999999996e-06,9.0,61.49999999999999,0.060756844887175566,,,,,,,,
nta_5e19,5e+19,0.0,tail,coupled_final,0.0,0.01,0.0,0.3,top_oxide,0.0009000000000000001,6.275e-06,9.0,62.75,0.074048131334015,,,,,,,,
nta_5e19,5e+19,0.0,tail,coupled_final,0.0,0.01,0.0,0.3,top_oxide,0.0009000000000000001,6.4e-06,9.0,64.0,0.08733941777221647,,,,,,,,
nta_5e19,5e+19,0.0,tail,coupled_final,0.0,0.01,0.0,0.3,top_oxide,0.0009000000000000001,6.9e-06,9.0,69.0,0.1405045634436415,,,,,,,,
nta_5e19,5e+19,0.0,tail,coupled_final,0.0,0.01,0.0,0.3,top_oxide,0.0009000000000000001,7.4e-06,9.0,74.0,0.19366970901705183,,,,,,,,
nta_5e19,5e+19,0.0,tail,coupled_final,0.0,0.01,0.0,0.3,top_oxide,0.0009000000000000001,7.9e-06,9.0,79.0,0.24683485452493611,,,,,,,,
nta_5e19,5e+19,0.0,tail,coupled_final,0.0,0.01,0.0,0.3,top_oxide,0.0009000000000000001,8.400000000000001e-06,9.0,84.00000000000001,0.3,,,,,,,,
nta_5e19,5e+19,0.0,tail,coupled_final,0.0,0.01,0.0,0.3,top_oxide,0.0009249999999999999,5.4e-06,9.25,54.0,-0.018803244770001903,,,,,,,,
nta_5e19,5e+19,0.0,tail,coupled_final,0.0,0.01,0.0,0.3,top_oxide,0.0009249999999999999,5.525e-06,9.25,55.24999999999999,-0.005519775600881828,,,,,,,,
nta_5e19,5e+19,0.0,tail,coupled_final,0.0,0.01,0.0,0.3,top_oxide,0.0009249999999999999,5.65e-06,9.25,56.5,0.007763693506664651,,,,,,,,
nta_5e19,5e+19,0.0,tail,coupled_final,0.0,0.01,0.0,0.3,top_oxide,0.0009249999999999999,5.775e-06,9.25,57.75,0.02104716255158702,,,,,,,,
nta_5e19,5e+19,0.0,tail,coupled_final,0.0,0.01,0.0,0.3,top_oxide,0.0009249999999999999,5.899999999999999e-06,9.25,58.99999999999999,0.034330631533193726,,,,,,,,
nta_5e19,5e+19,0.0,tail,coupled_final,0.0,0.01,0.0,0.3,top_oxide,0.0009249999999999999,6.025e-06,9.25,60.25,0.04761410045116623,,,,,,,,
nta_5e19,5e+19,0.0,tail,coupled_final,0.0,0.01,0.0,0.3,top_oxide,0.0009249999999999999,6.1499999999999996e-06,9.25,61.49999999999999,0.060897569305568854,,,,,,,,
nta_5e19,5e+19,0.0,tail,coupled_final,0.0,0.01,0.0,0.3,top_oxide,0.0009249999999999999,6.275e-06,9.25,62.75,0.07418103809685546,,,,,,,,
nta_5e19,5e+19,0.0,tail,coupled_final,0.0,0.01,0.0,0.3,top_oxide,0.0009249999999999999,6.4e-06,9.25,64.0,0.08746450682587092,,,,,,,,
nta_5e19,5e+19,0.0,tail,coupled_final,0.0,0.01,0.0,0.3,top_oxide,0.0009249999999999999,6.9e-06,9.25,69.0,0.14059838113157302,,,,,,,,
nta_5e19,5e+19,0.0,tail,coupled_final,0.0,0.01,0.0,0.3,top_oxide,0.0009249999999999999,7.4e-06,9.25,74.0,0.1937322546013679,,,,,,,,
nta_5e19,5e+19,0.0,tail,coupled_final,0.0,0.01,0.0,0.3,top_oxide,0.0009249999999999999,7.9e-06,9.25,79.0,0.24686612746134645,,,,,,,,
nta_5e19,5e+19,0.0,tail,coupled_final,0.0,0.01,0.0,0.3,top_oxide,0.0009249999999999999,8.400000000000001e-06,9.25,84.00000000000001,0.3,,,,,,,,
nta_5e19,5e+19,0.0,tail,coupled_final,0.0,0.01,0.0,0.3,top_oxide,0.00095,5.4e-06,9.5,54.0,-0.018613208198546952,,,,,,,,
nta_5e19,5e+19,0.0,tail,coupled_final,0.0,0.01,0.0,0.3,top_oxide,0.00095,5.525e-06,9.5,55.24999999999999,-0.005337500760441913,,,,,,,,
nta_5e19,5e+19,0.0,tail,coupled_final,0.0,0.01,0.0,0.3,top_oxide,0.00095,5.65e-06,9.5,56.5,0.007938192970589782,,,,,,,,
nta_5e19,5e+19,0.0,tail,coupled_final,0.0,0.01,0.0,0.3,top_oxide,0.00095,5.775e-06,9.5,57.75,0.021213872240026813,,,,,,,,
nta_5e19,5e+19,0.0,tail,coupled_final,0.0,0.01,0.0,0.3,top_oxide,0.00095,5.899999999999999e-06,9.5,58.99999999999999,0.034489536472341535,,,,,,,,
nta_5e19,5e+19,0.0,tail,coupled_final,0.0,0.01,0.0,0.3,top_oxide,0.00095,6.025e-06,9.5,60.25,0.04776518526267794,,,,,,,,
nta_5e19,5e+19,0.0,tail,coupled_final,0.0,0.01,0.0,0.3,top_oxide,0.00095,6.1499999999999996e-06,9.5,61.49999999999999,0.06104081836855535,,,,,,,,
nta_5e19,5e+19,0.0,tail,coupled_final,0.0,0.01,0.0,0.3,top_oxide,0.00095,6.275e-06,9.5,62.75,0.07431643570159742,,,,,,,,
nta_5e19,5e+19,0.0,tail,coupled_final,0.0,0.01,0.0,0.3,top_oxide,0.00095,6.4e-06,9.5,64.0,0.08759203731928296,,,,,,,,
nta_5e19,5e+19,0.0,tail,coupled_final,0.0,0.01,0.0,0.3,top_oxide,0.00095,6.9e-06,9.5,69.0,0.14069428858754177,,,,,,,,
nta_5e19,5e+19,0.0,tail,coupled_final,0.0,0.01,0.0,0.3,top_oxide,0.00095,7.4e-06,9.5,74.0,0.19379632472647743,,,,,,,,
nta_5e19,5e+19,0.0,tail,coupled_final,0.0,0.01,0.0,0.3,top_oxide,0.00095,7.9e-06,9.5,79.0,0.24689820371034615,,,,,,,,
nta_5e19,5e+19,0.0,tail,coupled_final,0.0,0.01,0.0,0.3,top_oxide,0.00095,8.400000000000001e-06,9.5,84.00000000000001,0.3,,,,,,,,
nta_5e19,5e+19,0.0,tail,coupled_final,0.0,0.01,0.0,0.3,top_oxide,0.000975,5.4e-06,9.75,54.0,-0.017912563218093057,,,,,,,,
nta_5e19,5e+19,0.0,tail,coupled_final,0.0,0.01,0.0,0.3,top_oxide,0.000975,5.525e-06,9.75,55.24999999999999,-0.004606942982674476,,,,,,,,
nta_5e19,5e+19,0.0,tail,coupled_final,0.0,0.01,0.0,0.3,top_oxide,0.000975,5.65e-06,9.75,56.5,0.008691156217415447,,,,,,,,
nta_5e19,5e+19,0.0,tail,coupled_final,0.0,0.01,0.0,0.3,top_oxide,0.000975,5.775e-06,9.75,57.75,0.02198206682103472,,,,,,,,
nta_5e19,5e+19,0.0,tail,coupled_final,0.0,0.01,0.0,0.3,top_oxide,0.000975,5.899999999999999e-06,9.75,58.99999999999999,0.03526612054760231,,,,,,,,
nta_5e19,5e+19,0.0,tail,coupled_final,0.0,0.01,0.0,0.3,top_oxide,0.000975,6.025e-06,9.75,60.25,0.04854364843026517,,,,,,,,
nta_5e19,5e+19,0.0,tail,coupled_final,0.0,0.01,0.0,0.3,top_oxide,0.000975,6.1499999999999996e-06,9.75,61.49999999999999,0.0618149808490009,,,,,,,,
nta_5e19,5e+19,0.0,tail,coupled_final,0.0,0.01,0.0,0.3,top_oxide,0.000975,6.275e-06,9.75,62.75,0.07508044756366013,,,,,,,,
nta_5e19,5e+19,0.0,tail,coupled_final,0.0,0.01,0.0,0.3,top_oxide,0.000975,6.4e-06,9.75,64.0,0.08834037774694928,,,,,,,,
nta_5e19,5e+19,0.0,tail,coupled_final,0.0,0.01,0.0,0.3,top_oxide,0.000975,6.9e-06,9.75,69.0,0.1413280193513201,,,,,,,,
nta_5e19,5e+19,0.0,tail,coupled_final,0.0,0.01,0.0,0.3,top_oxide,0.000975,7.4e-06,9.75,74.0,0.19425328251888785,,,,,,,,
nta_5e19,5e+19,0.0,tail,coupled_final,0.0,0.01,0.0,0.3,top_oxide,0.000975,7.9e-06,9.75,79.0,0.247137015496666,,,,,,,,
nta_5e19,5e+19,0.0,tail,coupled_final,0.0,0.01,0.0,0.3,top_oxide,0.000975,8.400000000000001e-06,9.75,84.00000000000001,0.3,,,,,,,,
nta_5e19,5e+19,0.0,tail,coupled_final,0.0,0.01,0.0,0.3,top_oxide,0.001,5.4e-06,10.0,54.0,0.29695715620212904,,,,,,,,
nta_5e19,5e+19,0.0,tail,coupled_final,0.0,0.01,0.0,0.3,top_oxide,0.001,5.525e-06,10.0,55.24999999999999,0.2969650279451146,,,,,,,,
nta_5e19,5e+19,0.0,tail,coupled_final,0.0,0.01,0.0,0.3,top_oxide,0.001,5.65e-06,10.0,56.5,0.29698797828664647,,,,,,,,
nta_5e19,5e+19,0.0,tail,coupled_final,0.0,0.01,0.0,0.3,top_oxide,0.001,5.775e-06,10.0,57.75,0.29702534346928183,,,,,,,,
nta_5e19,5e+19,0.0,tail,coupled_final,0.0,0.01,0.0,0.3,top_oxide,0.001,5.899999999999999e-06,10.0,58.99999999999999,0.29707646081574957,,,,,,,,
nta_5e19,5e+19,0.0,tail,coupled_final,0.0,0.01,0.0,0.3,top_oxide,0.001,6.025e-06,10.0,60.25,0.2971406686792308,,,,,,,,
nta_5e19,5e+19,0.0,tail,coupled_final,0.0,0.01,0.0,0.3,top_oxide,0.001,6.1499999999999996e-06,10.0,61.49999999999999,0.2972173063937244,,,,,,,,
nta_5e19,5e+19,0.0,tail,coupled_final,0.0,0.01,0.0,0.3,top_oxide,0.001,6.275e-06,10.0,62.75,0.29730571422449525,,,,,,,,
nta_5e19,5e+19,0.0,tail,coupled_final,0.0,0.01,0.0,0.3,top_oxide,0.001,6.4e-06,10.0,64.0,0.29740523331859914,,,,,,,,
nta_5e19,5e+19,0.0,tail,coupled_final,0.0,0.01,0.0,0.3,top_oxide,0.001,6.9e-06,10.0,69.0,0.2979078421228006,,,,,,,,
nta_5e19,5e+19,0.0,tail,coupled_final,0.0,0.01,0.0,0.3,top_oxide,0.001,7.4e-06,10.0,74.0,0.2985357147852192,,,,,,,,
nta_5e19,5e+19,0.0,tail,coupled_final,0.0,0.01,0.0,0.3,top_oxide,0.001,7.9e-06,10.0,79.0,0.2992470133934509,,,,,,,,
nta_5e19,5e+19,0.0,tail,coupled_final,0.0,0.01,0.0,0.3,top_oxide,0.001,8.400000000000001e-06,10.0,84.00000000000001,0.3,,,,,,,,
