state_id,state_label,source_family,mesh_level,stage_id,mode_id,source_v,drain_v,vbg_v,vtg_v,region,x_cm,y_cm,x_um,y_nm,potential_v,electron_density_cm3
p2_bulk_nga_5e17_common_primary,NGA 5e17 common-primary state,top_primary,interface_4x,T03_P2_BULK_TRAPS_FORMAL,enabled_symmetric_teaching_top_stack,0.0,0.01,0.0,0.3,bottom_oxide,0.0,0.0,0.0,0.0,0.0,
p2_bulk_nga_5e17_common_primary,NGA 5e17 common-primary state,top_primary,interface_4x,T03_P2_BULK_TRAPS_FORMAL,enabled_symmetric_teaching_top_stack,0.0,0.01,0.0,0.3,bottom_oxide,0.0,5.000000000000001e-07,0.0,5.000000000000001,-9.89175281329254e-05,
p2_bulk_nga_5e17_common_primary,NGA 5e17 common-primary state,top_primary,interface_4x,T03_P2_BULK_TRAPS_FORMAL,enabled_symmetric_teaching_top_stack,0.0,0.01,0.0,0.3,bottom_oxide,2.5e-05,0.0,0.25,0.0,0.0,
p2_bulk_nga_5e17_common_primary,NGA 5e17 common-primary state,top_primary,interface_4x,T03_P2_BULK_TRAPS_FORMAL,enabled_symmetric_teaching_top_stack,0.0,0.01,0.0,0.3,bottom_oxide,2.5e-05,5.000000000000001e-07,0.25,5.000000000000001,-0.006944549530448227,
p2_bulk_nga_5e17_common_primary,NGA 5e17 common-primary state,top_primary,interface_4x,T03_P2_BULK_TRAPS_FORMAL,enabled_symmetric_teaching_top_stack,0.0,0.01,0.0,0.3,bottom_oxide,0.0,1.0000000000000002e-06,0.0,10.000000000000002,-0.00019235855066399856,
p2_bulk_nga_5e17_common_primary,NGA 5e17 common-primary state,top_primary,interface_4x,T03_P2_BULK_TRAPS_FORMAL,enabled_symmetric_teaching_top_stack,0.0,0.01,0.0,0.3,bottom_oxide,2.5e-05,1.0000000000000002e-06,0.25,10.000000000000002,-0.013891789330537946,
p2_bulk_nga_5e17_common_primary,NGA 5e17 common-primary state,top_primary,interface_4x,T03_P2_BULK_TRAPS_FORMAL,enabled_symmetric_teaching_top_stack,0.0,0.01,0.0,0.3,bottom_oxide,0.0,1.5000000000000002e-06,0.0,15.000000000000002,-0.00027484002857117255,
p2_bulk_nga_5e17_common_primary,NGA 5e17 common-primary state,top_primary,interface_4x,T03_P2_BULK_TRAPS_FORMAL,enabled_symmetric_teaching_top_stack,0.0,0.01,0.0,0.3,bottom_oxide,2.5e-05,1.5000000000000002e-06,0.25,15.000000000000002,-0.020844413992703356,
p2_bulk_nga_5e17_common_primary,NGA 5e17 common-primary state,top_primary,interface_4x,T03_P2_BULK_TRAPS_FORMAL,enabled_symmetric_teaching_top_stack,0.0,0.01,0.0,0.3,bottom_oxide,0.0,2.0000000000000003e-06,0.0,20.000000000000004,-0.0003408658473070408,
p2_bulk_nga_5e17_common_primary,NGA 5e17 common-primary state,top_primary,interface_4x,T03_P2_BULK_TRAPS_FORMAL,enabled_symmetric_teaching_top_stack,0.0,0.01,0.0,0.3,bottom_oxide,2.5e-05,2.0000000000000003e-06,0.25,20.000000000000004,-0.027805126761450215,
p2_bulk_nga_5e17_common_primary,NGA 5e17 common-primary state,top_primary,interface_4x,T03_P2_BULK_TRAPS_FORMAL,enabled_symmetric_teaching_top_stack,0.0,0.01,0.0,0.3,bottom_oxide,0.0,2.1250000000000004e-06,0.0,21.250000000000004,-0.00035393926937674,
p2_bulk_nga_5e17_common_primary,NGA 5e17 common-primary state,top_primary,interface_4x,T03_P2_BULK_TRAPS_FORMAL,enabled_symmetric_teaching_top_stack,0.0,0.01,0.0,0.3,bottom_oxide,2.5e-05,2.1250000000000004e-06,0.25,21.250000000000004,-0.02954699313260873,
p2_bulk_nga_5e17_common_primary,NGA 5e17 common-primary state,top_primary,interface_4x,T03_P2_BULK_TRAPS_FORMAL,enabled_symmetric_teaching_top_stack,0.0,0.01,0.0,0.3,bottom_oxide,0.0,2.2500000000000005e-06,0.0,22.500000000000004,-0.00036555303875327757,
p2_bulk_nga_5e17_common_primary,NGA 5e17 common-primary state,top_primary,interface_4x,T03_P2_BULK_TRAPS_FORMAL,enabled_symmetric_teaching_top_stack,0.0,0.01,0.0,0.3,bottom_oxide,2.5e-05,2.2500000000000005e-06,0.25,22.500000000000004,-0.03128957738608089,
p2_bulk_nga_5e17_common_primary,NGA 5e17 common-primary state,top_primary,interface_4x,T03_P2_BULK_TRAPS_FORMAL,enabled_symmetric_teaching_top_stack,0.0,0.01,0.0,0.3,bottom_oxide,0.0,2.375e-06,0.0,23.75,-0.0003756206069124487,
p2_bulk_nga_5e17_common_primary,NGA 5e17 common-primary state,top_primary,interface_4x,T03_P2_BULK_TRAPS_FORMAL,enabled_symmetric_teaching_top_stack,0.0,0.01,0.0,0.3,bottom_oxide,2.5e-05,2.375e-06,0.25,23.75,-0.033032922204664236,
p2_bulk_nga_5e17_common_primary,NGA 5e17 common-primary state,top_primary,interface_4x,T03_P2_BULK_TRAPS_FORMAL,enabled_symmetric_teaching_top_stack,0.0,0.01,0.0,0.3,bottom_oxide,0.0,2.5e-06,0.0,25.000000000000004,-0.00038405530999173227,
p2_bulk_nga_5e17_common_primary,NGA 5e17 common-primary state,top_primary,interface_4x,T03_P2_BULK_TRAPS_FORMAL,enabled_symmetric_teaching_top_stack,0.0,0.01,0.0,0.3,bottom_oxide,2.5e-05,2.5e-06,0.25,25.000000000000004,-0.034777070347511194,
p2_bulk_nga_5e17_common_primary,NGA 5e17 common-primary state,top_primary,interface_4x,T03_P2_BULK_TRAPS_FORMAL,enabled_symmetric_teaching_top_stack,0.0,0.01,0.0,0.3,bottom_oxide,0.0,2.6250000000000003e-06,0.0,26.250000000000004,-0.00039077036231913994,
p2_bulk_nga_5e17_common_primary,NGA 5e17 common-primary state,top_primary,interface_4x,T03_P2_BULK_TRAPS_FORMAL,enabled_symmetric_teaching_top_stack,0.0,0.01,0.0,0.3,bottom_oxide,2.5e-05,2.6250000000000003e-06,0.25,26.250000000000004,-0.036522064654418325,
p2_bulk_nga_5e17_common_primary,NGA 5e17 common-primary state,top_primary,interface_4x,T03_P2_BULK_TRAPS_FORMAL,enabled_symmetric_teaching_top_stack,0.0,0.01,0.0,0.3,bottom_oxide,0.0,2.75e-06,0.0,27.5,-0.0003956788499319426,
p2_bulk_nga_5e17_common_primary,NGA 5e17 common-primary state,top_primary,interface_4x,T03_P2_BULK_TRAPS_FORMAL,enabled_symmetric_teaching_top_stack,0.0,0.01,0.0,0.3,bottom_oxide,2.5e-05,2.75e-06,0.25,27.5,-0.038267948050123284,
p2_bulk_nga_5e17_common_primary,NGA 5e17 common-primary state,top_primary,interface_4x,T03_P2_BULK_TRAPS_FORMAL,enabled_symmetric_teaching_top_stack,0.0,0.01,0.0,0.3,bottom_oxide,0.0,2.875e-06,0.0,28.75,-0.0003986937240847357,
p2_bulk_nga_5e17_common_primary,NGA 5e17 common-primary state,top_primary,interface_4x,T03_P2_BULK_TRAPS_FORMAL,enabled_symmetric_teaching_top_stack,0.0,0.01,0.0,0.3,bottom_oxide,2.5e-05,2.875e-06,0.25,28.75,-0.04001476354860969,
p2_bulk_nga_5e17_common_primary,NGA 5e17 common-primary state,top_primary,interface_4x,T03_P2_BULK_TRAPS_FORMAL,enabled_symmetric_teaching_top_stack,0.0,0.01,0.0,0.3,bottom_oxide,0.0,3e-06,0.0,30.0,-0.0003997277947463025,
p2_bulk_nga_5e17_common_primary,NGA 5e17 common-primary state,top_primary,interface_4x,T03_P2_BULK_TRAPS_FORMAL,enabled_symmetric_teaching_top_stack,0.0,0.01,0.0,0.3,bottom_oxide,2.5e-05,3e-06,0.25,30.0,-0.041762554257420335,
p2_bulk_nga_5e17_common_primary,NGA 5e17 common-primary state,top_primary,interface_4x,T03_P2_BULK_TRAPS_FORMAL,enabled_symmetric_teaching_top_stack,0.0,0.01,0.0,0.3,bottom_oxide,5e-05,0.0,0.5,0.0,0.0,
p2_bulk_nga_5e17_common_primary,NGA 5e17 common-primary state,top_primary,interface_4x,T03_P2_BULK_TRAPS_FORMAL,enabled_symmetric_teaching_top_stack,0.0,0.01,0.0,0.3,bottom_oxide,5e-05,5.000000000000001e-07,0.5,5.000000000000001,-0.007064507429036032,
p2_bulk_nga_5e17_common_primary,NGA 5e17 common-primary state,top_primary,interface_4x,T03_P2_BULK_TRAPS_FORMAL,enabled_symmetric_teaching_top_stack,0.0,0.01,0.0,0.3,bottom_oxide,5e-05,1.0000000000000002e-06,0.5,10.000000000000002,-0.0141290649211805,
p2_bulk_nga_5e17_common_primary,NGA 5e17 common-primary state,top_primary,interface_4x,T03_P2_BULK_TRAPS_FORMAL,enabled_symmetric_teaching_top_stack,0.0,0.01,0.0,0.3,bottom_oxide,5e-05,1.5000000000000002e-06,0.5,15.000000000000002,-0.02119372150321845,
p2_bulk_nga_5e17_common_primary,NGA 5e17 common-primary state,top_primary,interface_4x,T03_P2_BULK_TRAPS_FORMAL,enabled_symmetric_teaching_top_stack,0.0,0.01,0.0,0.3,bottom_oxide,5e-05,2.0000000000000003e-06,0.5,20.000000000000004,-0.028258524126737745,
p2_bulk_nga_5e17_common_primary,NGA 5e17 common-primary state,top_primary,interface_4x,T03_P2_BULK_TRAPS_FORMAL,enabled_symmetric_teaching_top_stack,0.0,0.01,0.0,0.3,bottom_oxide,5e-05,2.1250000000000004e-06,0.5,21.250000000000004,-0.030024754450413308,
p2_bulk_nga_5e17_common_primary,NGA 5e17 common-primary state,top_primary,interface_4x,T03_P2_BULK_TRAPS_FORMAL,enabled_symmetric_teaching_top_stack,0.0,0.01,0.0,0.3,bottom_oxide,5e-05,2.2500000000000005e-06,0.5,22.500000000000004,-0.03179099728535787,
p2_bulk_nga_5e17_common_primary,NGA 5e17 common-primary state,top_primary,interface_4x,T03_P2_BULK_TRAPS_FORMAL,enabled_symmetric_teaching_top_stack,0.0,0.01,0.0,0.3,bottom_oxide,5e-05,2.375e-06,0.5,23.75,-0.033557253258396584,
p2_bulk_nga_5e17_common_primary,NGA 5e17 common-primary state,top_primary,interface_4x,T03_P2_BULK_TRAPS_FORMAL,enabled_symmetric_teaching_top_stack,0.0,0.01,0.0,0.3,bottom_oxide,5e-05,2.5e-06,0.5,25.000000000000004,-0.03532352297799315,
p2_bulk_nga_5e17_common_primary,NGA 5e17 common-primary state,top_primary,interface_4x,T03_P2_BULK_TRAPS_FORMAL,enabled_symmetric_teaching_top_stack,0.0,0.01,0.0,0.3,bottom_oxide,5e-05,2.6250000000000003e-06,0.5,26.250000000000004,-0.03708980703321105,
p2_bulk_nga_5e17_common_primary,NGA 5e17 common-primary state,top_primary,interface_4x,T03_P2_BULK_TRAPS_FORMAL,enabled_symmetric_teaching_top_stack,0.0,0.01,0.0,0.3,bottom_oxide,5e-05,2.75e-06,0.5,27.5,-0.038856105992671856,
p2_bulk_nga_5e17_common_primary,NGA 5e17 common-primary state,top_primary,interface_4x,T03_P2_BULK_TRAPS_FORMAL,enabled_symmetric_teaching_top_stack,0.0,0.01,0.0,0.3,bottom_oxide,5e-05,2.875e-06,0.5,28.75,-0.04062242040351039,
p2_bulk_nga_5e17_common_primary,NGA 5e17 common-primary state,top_primary,interface_4x,T03_P2_BULK_TRAPS_FORMAL,enabled_symmetric_teaching_top_stack,0.0,0.01,0.0,0.3,bottom_oxide,5e-05,3e-06,0.5,30.0,-0.042388750790326536,
p2_bulk_nga_5e17_common_primary,NGA 5e17 common-primary state,top_primary,interface_4x,T03_P2_BULK_TRAPS_FORMAL,enabled_symmetric_teaching_top_stack,0.0,0.01,0.0,0.3,bottom_oxide,7.500000000000001e-05,0.0,0.7500000000000001,0.0,0.0,
p2_bulk_nga_5e17_common_primary,NGA 5e17 common-primary state,top_primary,interface_4x,T03_P2_BULK_TRAPS_FORMAL,enabled_symmetric_teaching_top_stack,0.0,0.01,0.0,0.3,bottom_oxide,7.500000000000001e-05,5.000000000000001e-07,0.7500000000000001,5.000000000000001,-0.007059307556526272,
p2_bulk_nga_5e17_common_primary,NGA 5e17 common-primary state,top_primary,interface_4x,T03_P2_BULK_TRAPS_FORMAL,enabled_symmetric_teaching_top_stack,0.0,0.01,0.0,0.3,bottom_oxide,7.500000000000001e-05,1.0000000000000002e-06,0.7500000000000001,10.000000000000002,-0.014118615778124607,
p2_bulk_nga_5e17_common_primary,NGA 5e17 common-primary state,top_primary,interface_4x,T03_P2_BULK_TRAPS_FORMAL,enabled_symmetric_teaching_top_stack,0.0,0.01,0.0,0.3,bottom_oxide,7.500000000000001e-05,1.5000000000000002e-06,0.7500000000000001,15.000000000000002,-0.021177925310366927,
p2_bulk_nga_5e17_common_primary,NGA 5e17 common-primary state,top_primary,interface_4x,T03_P2_BULK_TRAPS_FORMAL,enabled_symmetric_teaching_top_stack,0.0,0.01,0.0,0.3,bottom_oxide,7.500000000000001e-05,2.0000000000000003e-06,0.7500000000000001,20.000000000000004,-0.02823723676022391,
p2_bulk_nga_5e17_common_primary,NGA 5e17 common-primary state,top_primary,interface_4x,T03_P2_BULK_TRAPS_FORMAL,enabled_symmetric_teaching_top_stack,0.0,0.01,0.0,0.3,bottom_oxide,7.500000000000001e-05,2.1250000000000004e-06,0.7500000000000001,21.250000000000004,-0.030002065008263534,
p2_bulk_nga_5e17_common_primary,NGA 5e17 common-primary state,top_primary,interface_4x,T03_P2_BULK_TRAPS_FORMAL,enabled_symmetric_teaching_top_stack,0.0,0.01,0.0,0.3,bottom_oxide,7.500000000000001e-05,2.2500000000000005e-06,0.7500000000000001,22.500000000000004,-0.03176689341840543,
p2_bulk_nga_5e17_common_primary,NGA 5e17 common-primary state,top_primary,interface_4x,T03_P2_BULK_TRAPS_FORMAL,enabled_symmetric_teaching_top_stack,0.0,0.01,0.0,0.3,bottom_oxide,7.500000000000001e-05,2.375e-06,0.7500000000000001,23.75,-0.033531721998216954,
p2_bulk_nga_5e17_common_primary,NGA 5e17 common-primary state,top_primary,interface_4x,T03_P2_BULK_TRAPS_FORMAL,enabled_symmetric_teaching_top_stack,0.0,0.01,0.0,0.3,bottom_oxide,7.500000000000001e-05,2.5e-06,0.7500000000000001,25.000000000000004,-0.03529655075494536,
p2_bulk_nga_5e17_common_primary,NGA 5e17 common-primary state,top_primary,interface_4x,T03_P2_BULK_TRAPS_FORMAL,enabled_symmetric_teaching_top_stack,0.0,0.01,0.0,0.3,bottom_oxide,7.500000000000001e-05,2.6250000000000003e-06,0.7500000000000001,26.250000000000004,-0.037061379695502966,
p2_bulk_nga_5e17_common_primary,NGA 5e17 common-primary state,top_primary,interface_4x,T03_P2_BULK_TRAPS_FORMAL,enabled_symmetric_teaching_top_stack,0.0,0.01,0.0,0.3,bottom_oxide,7.500000000000001e-05,2.75e-06,0.7500000000000001,27.5,-0.038826208826452754,
p2_bulk_nga_5e17_common_primary,NGA 5e17 common-primary state,top_primary,interface_4x,T03_P2_BULK_TRAPS_FORMAL,enabled_symmetric_teaching_top_stack,0.0,0.01,0.0,0.3,bottom_oxide,7.500000000000001e-05,2.875e-06,0.7500000000000001,28.75,-0.0405910381539945,
p2_bulk_nga_5e17_common_primary,NGA 5e17 common-primary state,top_primary,interface_4x,T03_P2_BULK_TRAPS_FORMAL,enabled_symmetric_teaching_top_stack,0.0,0.01,0.0,0.3,bottom_oxide,7.500000000000001e-05,3e-06,0.7500000000000001,30.0,-0.042355867683951394,
p2_bulk_nga_5e17_common_primary,NGA 5e17 common-primary state,top_primary,interface_4x,T03_P2_BULK_TRAPS_FORMAL,enabled_symmetric_teaching_top_stack,0.0,0.01,0.0,0.3,bottom_oxide,0.0001,0.0,1.0,0.0,0.0,
p2_bulk_nga_5e17_common_primary,NGA 5e17 common-primary state,top_primary,interface_4x,T03_P2_BULK_TRAPS_FORMAL,enabled_symmetric_teaching_top_stack,0.0,0.01,0.0,0.3,bottom_oxide,0.0001,5.000000000000001e-07,1.0,5.000000000000001,-0.007052445003863434,
p2_bulk_nga_5e17_common_primary,NGA 5e17 common-primary state,top_primary,interface_4x,T03_P2_BULK_TRAPS_FORMAL,enabled_symmetric_teaching_top_stack,0.0,0.01,0.0,0.3,bottom_oxide,0.0001,1.0000000000000002e-06,1.0,10.000000000000002,-0.0141048900251064,
p2_bulk_nga_5e17_common_primary,NGA 5e17 common-primary state,top_primary,interface_4x,T03_P2_BULK_TRAPS_FORMAL,enabled_symmetric_teaching_top_stack,0.0,0.01,0.0,0.3,bottom_oxide,0.0001,1.5000000000000002e-06,1.0,15.000000000000002,-0.021157335080852307,
p2_bulk_nga_5e17_common_primary,NGA 5e17 common-primary state,top_primary,interface_4x,T03_P2_BULK_TRAPS_FORMAL,enabled_symmetric_teaching_top_stack,0.0,0.01,0.0,0.3,bottom_oxide,0.0001,2.0000000000000003e-06,1.0,20.000000000000004,-0.02820978018771991,
p2_bulk_nga_5e17_common_primary,NGA 5e17 common-primary state,top_primary,interface_4x,T03_P2_BULK_TRAPS_FORMAL,enabled_symmetric_teaching_top_stack,0.0,0.01,0.0,0.3,bottom_oxide,0.0001,2.1250000000000004e-06,1.0,21.250000000000004,-0.02997289147490592,
p2_bulk_nga_5e17_common_primary,NGA 5e17 common-primary state,top_primary,interface_4x,T03_P2_BULK_TRAPS_FORMAL,enabled_symmetric_teaching_top_stack,0.0,0.01,0.0,0.3,bottom_oxide,0.0001,2.2500000000000005e-06,1.0,22.500000000000004,-0.031736002766518445,
p2_bulk_nga_5e17_common_primary,NGA 5e17 common-primary state,top_primary,interface_4x,T03_P2_BULK_TRAPS_FORMAL,enabled_symmetric_teaching_top_stack,0.0,0.01,0.0,0.3,bottom_oxide,0.0001,2.375e-06,1.0,23.75,-0.033499114062792434,
p2_bulk_nga_5e17_common_primary,NGA 5e17 common-primary state,top_primary,interface_4x,T03_P2_BULK_TRAPS_FORMAL,enabled_symmetric_teaching_top_stack,0.0,0.01,0.0,0.3,bottom_oxide,0.0001,2.5e-06,1.0,25.000000000000004,-0.03526222536395879,
p2_bulk_nga_5e17_common_primary,NGA 5e17 common-primary state,top_primary,interface_4x,T03_P2_BULK_TRAPS_FORMAL,enabled_symmetric_teaching_top_stack,0.0,0.01,0.0,0.3,bottom_oxide,0.0001,2.6250000000000003e-06,1.0,26.250000000000004,-0.03702533667024413,
p2_bulk_nga_5e17_common_primary,NGA 5e17 common-primary state,top_primary,interface_4x,T03_P2_BULK_TRAPS_FORMAL,enabled_symmetric_teaching_top_stack,0.0,0.01,0.0,0.3,bottom_oxide,0.0001,2.75e-06,1.0,27.5,-0.03878844798187068,
p2_bulk_nga_5e17_common_primary,NGA 5e17 common-primary state,top_primary,interface_4x,T03_P2_BULK_TRAPS_FORMAL,enabled_symmetric_teaching_top_stack,0.0,0.01,0.0,0.3,bottom_oxide,0.0001,2.875e-06,1.0,28.75,-0.040551559299056086,
p2_bulk_nga_5e17_common_primary,NGA 5e17 common-primary state,top_primary,interface_4x,T03_P2_BULK_TRAPS_FORMAL,enabled_symmetric_teaching_top_stack,0.0,0.01,0.0,0.3,bottom_oxide,0.0001,3e-06,1.0,30.0,-0.04231467062201326,
p2_bulk_nga_5e17_common_primary,NGA 5e17 common-primary state,top_primary,interface_4x,T03_P2_BULK_TRAPS_FORMAL,enabled_symmetric_teaching_top_stack,0.0,0.01,0.0,0.3,bottom_oxide,0.000125,0.0,1.25,0.0,0.0,
p2_bulk_nga_5e17_common_primary,NGA 5e17 common-primary state,top_primary,interface_4x,T03_P2_BULK_TRAPS_FORMAL,enabled_symmetric_teaching_top_stack,0.0,0.01,0.0,0.3,bottom_oxide,0.000125,5.000000000000001e-07,1.25,5.000000000000001,-0.007045539002371685,
p2_bulk_nga_5e17_common_primary,NGA 5e17 common-primary state,top_primary,interface_4x,T03_P2_BULK_TRAPS_FORMAL,enabled_symmetric_teaching_top_stack,0.0,0.01,0.0,0.3,bottom_oxide,0.000125,1.0000000000000002e-06,1.25,10.000000000000002,-0.014091078014738682,
p2_bulk_nga_5e17_common_primary,NGA 5e17 common-primary state,top_primary,interface_4x,T03_P2_BULK_TRAPS_FORMAL,enabled_symmetric_teaching_top_stack,0.0,0.01,0.0,0.3,bottom_oxide,0.000125,1.5000000000000002e-06,1.25,15.000000000000002,-0.02113661704709333,
p2_bulk_nga_5e17_common_primary,NGA 5e17 common-primary state,top_primary,interface_4x,T03_P2_BULK_TRAPS_FORMAL,enabled_symmetric_teaching_top_stack,0.0,0.01,0.0,0.3,bottom_oxide,0.000125,2.0000000000000003e-06,1.25,20.000000000000004,-0.028182156109422107,
p2_bulk_nga_5e17_common_primary,NGA 5e17 common-primary state,top_primary,interface_4x,T03_P2_BULK_TRAPS_FORMAL,enabled_symmetric_teaching_top_stack,0.0,0.01,0.0,0.3,bottom_oxide,0.000125,2.1250000000000004e-06,1.25,21.250000000000004,-0.029943540881246813,
p2_bulk_nga_5e17_common_primary,NGA 5e17 common-primary state,top_primary,interface_4x,T03_P2_BULK_TRAPS_FORMAL,enabled_symmetric_teaching_top_stack,0.0,0.01,0.0,0.3,bottom_oxide,0.000125,2.2500000000000005e-06,1.25,22.500000000000004,-0.031704925655724324,
p2_bulk_nga_5e17_common_primary,NGA 5e17 common-primary state,top_primary,interface_4x,T03_P2_BULK_TRAPS_FORMAL,enabled_symmetric_teaching_top_stack,0.0,0.01,0.0,0.3,bottom_oxide,0.000125,2.375e-06,1.25,23.75,-0.03346631043301039,
p2_bulk_nga_5e17_common_primary,NGA 5e17 common-primary state,top_primary,interface_4x,T03_P2_BULK_TRAPS_FORMAL,enabled_symmetric_teaching_top_stack,0.0,0.01,0.0,0.3,bottom_oxide,0.000125,2.5e-06,1.25,25.000000000000004,-0.035227695213260725,
p2_bulk_nga_5e17_common_primary,NGA 5e17 common-primary state,top_primary,interface_4x,T03_P2_BULK_TRAPS_FORMAL,enabled_symmetric_teaching_top_stack,0.0,0.01,0.0,0.3,bottom_oxide,0.000125,2.6250000000000003e-06,1.25,26.250000000000004,-0.03698907999663098,
p2_bulk_nga_5e17_common_primary,NGA 5e17 common-primary state,top_primary,interface_4x,T03_P2_BULK_TRAPS_FORMAL,enabled_symmetric_teaching_top_stack,0.0,0.01,0.0,0.3,bottom_oxide,0.000125,2.75e-06,1.25,27.5,-0.03875046478327677,
p2_bulk_nga_5e17_common_primary,NGA 5e17 common-primary state,top_primary,interface_4x,T03_P2_BULK_TRAPS_FORMAL,enabled_symmetric_teaching_top_stack,0.0,0.01,0.0,0.3,bottom_oxide,0.000125,2.875e-06,1.25,28.75,-0.040511849573353645,
p2_bulk_nga_5e17_common_primary,NGA 5e17 common-primary state,top_primary,interface_4x,T03_P2_BULK_TRAPS_FORMAL,enabled_symmetric_teaching_top_stack,0.0,0.01,0.0,0.3,bottom_oxide,0.000125,3e-06,1.25,30.0,-0.04227323436701711,
p2_bulk_nga_5e17_common_primary,NGA 5e17 common-primary state,top_primary,interface_4x,T03_P2_BULK_TRAPS_FORMAL,enabled_symmetric_teaching_top_stack,0.0,0.01,0.0,0.3,bottom_oxide,0.00015000000000000001,0.0,1.5000000000000002,0.0,0.0,
p2_bulk_nga_5e17_common_primary,NGA 5e17 common-primary state,top_primary,interface_4x,T03_P2_BULK_TRAPS_FORMAL,enabled_symmetric_teaching_top_stack,0.0,0.01,0.0,0.3,bottom_oxide,0.00015000000000000001,5.000000000000001e-07,1.5000000000000002,5.000000000000001,-0.007038608012597264,
p2_bulk_nga_5e17_common_primary,NGA 5e17 common-primary state,top_primary,interface_4x,T03_P2_BULK_TRAPS_FORMAL,enabled_symmetric_teaching_top_stack,0.0,0.01,0.0,0.3,bottom_oxide,0.00015000000000000001,1.0000000000000002e-06,1.5000000000000002,10.000000000000002,-0.014077216035247834,
p2_bulk_nga_5e17_common_primary,NGA 5e17 common-primary state,top_primary,interface_4x,T03_P2_BULK_TRAPS_FORMAL,enabled_symmetric_teaching_top_stack,0.0,0.01,0.0,0.3,bottom_oxide,0.00015000000000000001,1.5000000000000002e-06,1.5000000000000002,15.000000000000002,-0.02111582407800498,
p2_bulk_nga_5e17_common_primary,NGA 5e17 common-primary state,top_primary,interface_4x,T03_P2_BULK_TRAPS_FORMAL,enabled_symmetric_teaching_top_stack,0.0,0.01,0.0,0.3,bottom_oxide,0.00015000000000000001,2.0000000000000003e-06,1.5000000000000002,20.000000000000004,-0.0281544321509219,
p2_bulk_nga_5e17_common_primary,NGA 5e17 common-primary state,top_primary,interface_4x,T03_P2_BULK_TRAPS_FORMAL,enabled_symmetric_teaching_top_stack,0.0,0.01,0.0,0.3,bottom_oxide,0.00015000000000000001,2.1250000000000004e-06,1.5000000000000002,21.250000000000004,-0.029914084175434397,
p2_bulk_nga_5e17_common_primary,NGA 5e17 common-primary state,top_primary,interface_4x,T03_P2_BULK_TRAPS_FORMAL,enabled_symmetric_teaching_top_stack,0.0,0.01,0.0,0.3,bottom_oxide,0.00015000000000000001,2.2500000000000005e-06,1.5000000000000002,22.500000000000004,-0.03167373620261727,
p2_bulk_nga_5e17_common_primary,NGA 5e17 common-primary state,top_primary,interface_4x,T03_P2_BULK_TRAPS_FORMAL,enabled_symmetric_teaching_top_stack,0.0,0.01,0.0,0.3,bottom_oxide,0.00015000000000000001,2.375e-06,1.5000000000000002,23.75,-0.033433388232627606,
p2_bulk_nga_5e17_common_primary,NGA 5e17 common-primary state,top_primary,interface_4x,T03_P2_BULK_TRAPS_FORMAL,enabled_symmetric_teaching_top_stack,0.0,0.01,0.0,0.3,bottom_oxide,0.00015000000000000001,2.5e-06,1.5000000000000002,25.000000000000004,-0.035193040265622484,
p2_bulk_nga_5e17_common_primary,NGA 5e17 common-primary state,top_primary,interface_4x,T03_P2_BULK_TRAPS_FORMAL,enabled_symmetric_teaching_top_stack,0.0,0.01,0.0,0.3,bottom_oxide,0.00015000000000000001,2.6250000000000003e-06,1.5000000000000002,26.250000000000004,-0.03695269230175898,
p2_bulk_nga_5e17_common_primary,NGA 5e17 common-primary state,top_primary,interface_4x,T03_P2_BULK_TRAPS_FORMAL,enabled_symmetric_teaching_top_stack,0.0,0.01,0.0,0.3,bottom_oxide,0.00015000000000000001,2.75e-06,1.5000000000000002,27.5,-0.03871234434119416,
p2_bulk_nga_5e17_common_primary,NGA 5e17 common-primary state,top_primary,interface_4x,T03_P2_BULK_TRAPS_FORMAL,enabled_symmetric_teaching_top_stack,0.0,0.01,0.0,0.3,bottom_oxide,0.00015000000000000001,2.875e-06,1.5000000000000002,28.75,-0.040471996384085114,
p2_bulk_nga_5e17_common_primary,NGA 5e17 common-primary state,top_primary,interface_4x,T03_P2_BULK_TRAPS_FORMAL,enabled_symmetric_teaching_top_stack,0.0,0.01,0.0,0.3,bottom_oxide,0.00015000000000000001,3e-06,1.5000000000000002,30.0,-0.04223164843058891,
p2_bulk_nga_5e17_common_primary,NGA 5e17 common-primary state,top_primary,interface_4x,T03_P2_BULK_TRAPS_FORMAL,enabled_symmetric_teaching_top_stack,0.0,0.01,0.0,0.3,bottom_oxide,0.000175,0.0,1.75,0.0,0.0,
p2_bulk_nga_5e17_common_primary,NGA 5e17 common-primary state,top_primary,interface_4x,T03_P2_BULK_TRAPS_FORMAL,enabled_symmetric_teaching_top_stack,0.0,0.01,0.0,0.3,bottom_oxide,0.000175,5.000000000000001e-07,1.75,5.000000000000001,-0.007031651889560139,
p2_bulk_nga_5e17_common_primary,NGA 5e17 common-primary state,top_primary,interface_4x,T03_P2_BULK_TRAPS_FORMAL,enabled_symmetric_teaching_top_stack,0.0,0.01,0.0,0.3,bottom_oxide,0.000175,1.0000000000000002e-06,1.75,10.000000000000002,-0.014063303789318278,
p2_bulk_nga_5e17_common_primary,NGA 5e17 common-primary state,top_primary,interface_4x,T03_P2_BULK_TRAPS_FORMAL,enabled_symmetric_teaching_top_stack,0.0,0.01,0.0,0.3,bottom_oxide,0.000175,1.5000000000000002e-06,1.75,15.000000000000002,-0.021094955709472417,
p2_bulk_nga_5e17_common_primary,NGA 5e17 common-primary state,top_primary,interface_4x,T03_P2_BULK_TRAPS_FORMAL,enabled_symmetric_teaching_top_stack,0.0,0.01,0.0,0.3,bottom_oxide,0.000175,2.0000000000000003e-06,1.75,20.000000000000004,-0.028126607660220546,
p2_bulk_nga_5e17_common_primary,NGA 5e17 common-primary state,top_primary,interface_4x,T03_P2_BULK_TRAPS_FORMAL,enabled_symmetric_teaching_top_stack,0.0,0.01,0.0,0.3,bottom_oxide,0.000175,2.1250000000000004e-06,1.75,21.250000000000004,-0.029884520654281328,
p2_bulk_nga_5e17_common_primary,NGA 5e17 common-primary state,top_primary,interface_4x,T03_P2_BULK_TRAPS_FORMAL,enabled_symmetric_teaching_top_stack,0.0,0.01,0.0,0.3,bottom_oxide,0.000175,2.2500000000000005e-06,1.75,22.500000000000004,-0.031642433651050954,
p2_bulk_nga_5e17_common_primary,NGA 5e17 common-primary state,top_primary,interface_4x,T03_P2_BULK_TRAPS_FORMAL,enabled_symmetric_teaching_top_stack,0.0,0.01,0.0,0.3,bottom_oxide,0.000175,2.375e-06,1.75,23.75,-0.03340034665068876,
p2_bulk_nga_5e17_common_primary,NGA 5e17 common-primary state,top_primary,interface_4x,T03_P2_BULK_TRAPS_FORMAL,enabled_symmetric_teaching_top_stack,0.0,0.01,0.0,0.3,bottom_oxide,0.000175,2.5e-06,1.75,25.000000000000004,-0.03515825965335409,
p2_bulk_nga_5e17_common_primary,NGA 5e17 common-primary state,top_primary,interface_4x,T03_P2_BULK_TRAPS_FORMAL,enabled_symmetric_teaching_top_stack,0.0,0.01,0.0,0.3,bottom_oxide,0.000175,2.6250000000000003e-06,1.75,26.250000000000004,-0.036916172659206305,
p2_bulk_nga_5e17_common_primary,NGA 5e17 common-primary state,top_primary,interface_4x,T03_P2_BULK_TRAPS_FORMAL,enabled_symmetric_teaching_top_stack,0.0,0.01,0.0,0.3,bottom_oxide,0.000175,2.75e-06,1.75,27.5,-0.038674085668404724,
p2_bulk_nga_5e17_common_primary,NGA 5e17 common-primary state,top_primary,interface_4x,T03_P2_BULK_TRAPS_FORMAL,enabled_symmetric_teaching_top_stack,0.0,0.01,0.0,0.3,bottom_oxide,0.000175,2.875e-06,1.75,28.75,-0.04043199868110871,
p2_bulk_nga_5e17_common_primary,NGA 5e17 common-primary state,top_primary,interface_4x,T03_P2_BULK_TRAPS_FORMAL,enabled_symmetric_teaching_top_stack,0.0,0.01,0.0,0.3,bottom_oxide,0.000175,3e-06,1.75,30.0,-0.0421899116974776,
p2_bulk_nga_5e17_common_primary,NGA 5e17 common-primary state,top_primary,interface_4x,T03_P2_BULK_TRAPS_FORMAL,enabled_symmetric_teaching_top_stack,0.0,0.01,0.0,0.3,bottom_oxide,0.0002,0.0,2.0,0.0,0.0,
p2_bulk_nga_5e17_common_primary,NGA 5e17 common-primary state,top_primary,interface_4x,T03_P2_BULK_TRAPS_FORMAL,enabled_symmetric_teaching_top_stack,0.0,0.01,0.0,0.3,bottom_oxide,0.0002,5.000000000000001e-07,2.0,5.000000000000001,-0.007024670271523269,
p2_bulk_nga_5e17_common_primary,NGA 5e17 common-primary state,top_primary,interface_4x,T03_P2_BULK_TRAPS_FORMAL,enabled_symmetric_teaching_top_stack,0.0,0.01,0.0,0.3,bottom_oxide,0.0002,1.0000000000000002e-06,2.0,10.000000000000002,-0.014049340553393665,
p2_bulk_nga_5e17_common_primary,NGA 5e17 common-primary state,top_primary,interface_4x,T03_P2_BULK_TRAPS_FORMAL,enabled_symmetric_teaching_top_stack,0.0,0.01,0.0,0.3,bottom_oxide,0.0002,1.5000000000000002e-06,2.0,15.000000000000002,-0.02107401085595831,
p2_bulk_nga_5e17_common_primary,NGA 5e17 common-primary state,top_primary,interface_4x,T03_P2_BULK_TRAPS_FORMAL,enabled_symmetric_teaching_top_stack,0.0,0.01,0.0,0.3,bottom_oxide,0.0002,2.0000000000000003e-06,2.0,20.000000000000004,-0.02809868118956432,
p2_bulk_nga_5e17_common_primary,NGA 5e17 common-primary state,top_primary,interface_4x,T03_P2_BULK_TRAPS_FORMAL,enabled_symmetric_teaching_top_stack,0.0,0.01,0.0,0.3,bottom_oxide,0.0002,2.1250000000000004e-06,2.0,21.250000000000004,-0.02985484877943277,
p2_bulk_nga_5e17_common_primary,NGA 5e17 common-primary state,top_primary,interface_4x,T03_P2_BULK_TRAPS_FORMAL,enabled_symmetric_teaching_top_stack,0.0,0.01,0.0,0.3,bottom_oxide,0.0002,2.2500000000000005e-06,2.0,22.500000000000004,-0.03161101637204968,
p2_bulk_nga_5e17_common_primary,NGA 5e17 common-primary state,top_primary,interface_4x,T03_P2_BULK_TRAPS_FORMAL,enabled_symmetric_teaching_top_stack,0.0,0.01,0.0,0.3,bottom_oxide,0.0002,2.375e-06,2.0,23.75,-0.03336718396757671,
p2_bulk_nga_5e17_common_primary,NGA 5e17 common-primary state,top_primary,interface_4x,T03_P2_BULK_TRAPS_FORMAL,enabled_symmetric_teaching_top_stack,0.0,0.01,0.0,0.3,bottom_oxide,0.0002,2.5e-06,2.0,25.000000000000004,-0.03512335156617555,
p2_bulk_nga_5e17_common_primary,NGA 5e17 common-primary state,top_primary,interface_4x,T03_P2_BULK_TRAPS_FORMAL,enabled_symmetric_teaching_top_stack,0.0,0.01,0.0,0.3,bottom_oxide,0.0002,2.6250000000000003e-06,2.0,26.250000000000004,-0.03687951916800786,
p2_bulk_nga_5e17_common_primary,NGA 5e17 common-primary state,top_primary,interface_4x,T03_P2_BULK_TRAPS_FORMAL,enabled_symmetric_teaching_top_stack,0.0,0.01,0.0,0.3,bottom_oxide,0.0002,2.75e-06,2.0,27.5,-0.03863568677323531,
p2_bulk_nga_5e17_common_primary,NGA 5e17 common-primary state,top_primary,interface_4x,T03_P2_BULK_TRAPS_FORMAL,enabled_symmetric_teaching_top_stack,0.0,0.01,0.0,0.3,bottom_oxide,0.0002,2.875e-06,2.0,28.75,-0.040391854382019594,
p2_bulk_nga_5e17_common_primary,NGA 5e17 common-primary state,top_primary,interface_4x,T03_P2_BULK_TRAPS_FORMAL,enabled_symmetric_teaching_top_stack,0.0,0.01,0.0,0.3,bottom_oxide,0.0002,3e-06,2.0,30.0,-0.04214802199452237,
p2_bulk_nga_5e17_common_primary,NGA 5e17 common-primary state,top_primary,interface_4x,T03_P2_BULK_TRAPS_FORMAL,enabled_symmetric_teaching_top_stack,0.0,0.01,0.0,0.3,bottom_oxide,0.00022500000000000002,0.0,2.25,0.0,0.0,
p2_bulk_nga_5e17_common_primary,NGA 5e17 common-primary state,top_primary,interface_4x,T03_P2_BULK_TRAPS_FORMAL,enabled_symmetric_teaching_top_stack,0.0,0.01,0.0,0.3,bottom_oxide,0.00022500000000000002,5.000000000000001e-07,2.25,5.000000000000001,-0.007017662785674968,
p2_bulk_nga_5e17_common_primary,NGA 5e17 common-primary state,top_primary,interface_4x,T03_P2_BULK_TRAPS_FORMAL,enabled_symmetric_teaching_top_stack,0.0,0.01,0.0,0.3,bottom_oxide,0.00022500000000000002,1.0000000000000002e-06,2.25,10.000000000000002,-0.014035325581849814,
p2_bulk_nga_5e17_common_primary,NGA 5e17 common-primary state,top_primary,interface_4x,T03_P2_BULK_TRAPS_FORMAL,enabled_symmetric_teaching_top_stack,0.0,0.01,0.0,0.3,bottom_oxide,0.00022500000000000002,1.5000000000000002e-06,2.25,15.000000000000002,-0.02105298839902442,
p2_bulk_nga_5e17_common_primary,NGA 5e17 common-primary state,top_primary,interface_4x,T03_P2_BULK_TRAPS_FORMAL,enabled_symmetric_teaching_top_stack,0.0,0.01,0.0,0.3,bottom_oxide,0.00022500000000000002,2.0000000000000003e-06,2.25,20.000000000000004,-0.02807065124769865,
p2_bulk_nga_5e17_common_primary,NGA 5e17 common-primary state,top_primary,interface_4x,T03_P2_BULK_TRAPS_FORMAL,enabled_symmetric_teaching_top_stack,0.0,0.01,0.0,0.3,bottom_oxide,0.00022500000000000002,2.1250000000000004e-06,2.25,21.250000000000004,-0.029825066966429628,
p2_bulk_nga_5e17_common_primary,NGA 5e17 common-primary state,top_primary,interface_4x,T03_P2_BULK_TRAPS_FORMAL,enabled_symmetric_teaching_top_stack,0.0,0.01,0.0,0.3,bottom_oxide,0.00022500000000000002,2.2500000000000005e-06,2.25,22.500000000000004,-0.03157948268794964,
p2_bulk_nga_5e17_common_primary,NGA 5e17 common-primary state,top_primary,interface_4x,T03_P2_BULK_TRAPS_FORMAL,enabled_symmetric_teaching_top_stack,0.0,0.01,0.0,0.3,bottom_oxide,0.00022500000000000002,2.375e-06,2.25,23.75,-0.03333389841242273,
p2_bulk_nga_5e17_common_primary,NGA 5e17 common-primary state,top_primary,interface_4x,T03_P2_BULK_TRAPS_FORMAL,enabled_symmetric_teaching_top_stack,0.0,0.01,0.0,0.3,bottom_oxide,0.00022500000000000002,2.5e-06,2.25,25.000000000000004,-0.03508831414001298,
p2_bulk_nga_5e17_common_primary,NGA 5e17 common-primary state,top_primary,interface_4x,T03_P2_BULK_TRAPS_FORMAL,enabled_symmetric_teaching_top_stack,0.0,0.01,0.0,0.3,bottom_oxide,0.00022500000000000002,2.6250000000000003e-06,2.25,26.250000000000004,-0.03684272987088444,
p2_bulk_nga_5e17_common_primary,NGA 5e17 common-primary state,top_primary,interface_4x,T03_P2_BULK_TRAPS_FORMAL,enabled_symmetric_teaching_top_stack,0.0,0.01,0.0,0.3,bottom_oxide,0.00022500000000000002,2.75e-06,2.25,27.5,-0.03859714560520116,
p2_bulk_nga_5e17_common_primary,NGA 5e17 common-primary state,top_primary,interface_4x,T03_P2_BULK_TRAPS_FORMAL,enabled_symmetric_teaching_top_stack,0.0,0.01,0.0,0.3,bottom_oxide,0.00022500000000000002,2.875e-06,2.25,28.75,-0.04035156134312722,
p2_bulk_nga_5e17_common_primary,NGA 5e17 common-primary state,top_primary,interface_4x,T03_P2_BULK_TRAPS_FORMAL,enabled_symmetric_teaching_top_stack,0.0,0.01,0.0,0.3,bottom_oxide,0.00022500000000000002,3e-06,2.25,30.0,-0.04210597708482667,
p2_bulk_nga_5e17_common_primary,NGA 5e17 common-primary state,top_primary,interface_4x,T03_P2_BULK_TRAPS_FORMAL,enabled_symmetric_teaching_top_stack,0.0,0.01,0.0,0.3,bottom_oxide,0.00025,0.0,2.5,0.0,0.0,
p2_bulk_nga_5e17_common_primary,NGA 5e17 common-primary state,top_primary,interface_4x,T03_P2_BULK_TRAPS_FORMAL,enabled_symmetric_teaching_top_stack,0.0,0.01,0.0,0.3,bottom_oxide,0.00025,5.000000000000001e-07,2.5,5.000000000000001,-0.007010629050130759,
p2_bulk_nga_5e17_common_primary,NGA 5e17 common-primary state,top_primary,interface_4x,T03_P2_BULK_TRAPS_FORMAL,enabled_symmetric_teaching_top_stack,0.0,0.01,0.0,0.3,bottom_oxide,0.00025,1.0000000000000002e-06,2.5,10.000000000000002,-0.014021258110917888,
p2_bulk_nga_5e17_common_primary,NGA 5e17 common-primary state,top_primary,interface_4x,T03_P2_BULK_TRAPS_FORMAL,enabled_symmetric_teaching_top_stack,0.0,0.01,0.0,0.3,bottom_oxide,0.00025,1.5000000000000002e-06,2.5,15.000000000000002,-0.021031887193017754,
p2_bulk_nga_5e17_common_primary,NGA 5e17 common-primary state,top_primary,interface_4x,T03_P2_BULK_TRAPS_FORMAL,enabled_symmetric_teaching_top_stack,0.0,0.01,0.0,0.3,bottom_oxide,0.00025,2.0000000000000003e-06,2.5,20.000000000000004,-0.028042516307086717,
p2_bulk_nga_5e17_common_primary,NGA 5e17 common-primary state,top_primary,interface_4x,T03_P2_BULK_TRAPS_FORMAL,enabled_symmetric_teaching_top_stack,0.0,0.01,0.0,0.3,bottom_oxide,0.00025,2.1250000000000004e-06,2.5,21.250000000000004,-0.029795173592264187,
p2_bulk_nga_5e17_common_primary,NGA 5e17 common-primary state,top_primary,interface_4x,T03_P2_BULK_TRAPS_FORMAL,enabled_symmetric_teaching_top_stack,0.0,0.01,0.0,0.3,bottom_oxide,0.00025,2.2500000000000005e-06,2.5,22.500000000000004,-0.03154783088027226,
p2_bulk_nga_5e17_common_primary,NGA 5e17 common-primary state,top_primary,interface_4x,T03_P2_BULK_TRAPS_FORMAL,enabled_symmetric_teaching_top_stack,0.0,0.01,0.0,0.3,bottom_oxide,0.00025,2.375e-06,2.5,23.75,-0.03330048817127742,
p2_bulk_nga_5e17_common_primary,NGA 5e17 common-primary state,top_primary,interface_4x,T03_P2_BULK_TRAPS_FORMAL,enabled_symmetric_teaching_top_stack,0.0,0.01,0.0,0.3,bottom_oxide,0.00025,2.5e-06,2.5,25.000000000000004,-0.035053145465446196,
p2_bulk_nga_5e17_common_primary,NGA 5e17 common-primary state,top_primary,interface_4x,T03_P2_BULK_TRAPS_FORMAL,enabled_symmetric_teaching_top_stack,0.0,0.01,0.0,0.3,bottom_oxide,0.00025,2.6250000000000003e-06,2.5,26.250000000000004,-0.03680580276294509,
p2_bulk_nga_5e17_common_primary,NGA 5e17 common-primary state,top_primary,interface_4x,T03_P2_BULK_TRAPS_FORMAL,enabled_symmetric_teaching_top_stack,0.0,0.01,0.0,0.3,bottom_oxide,0.00025,2.75e-06,2.5,27.5,-0.03855846006394059,
p2_bulk_nga_5e17_common_primary,NGA 5e17 common-primary state,top_primary,interface_4x,T03_P2_BULK_TRAPS_FORMAL,enabled_symmetric_teaching_top_stack,0.0,0.01,0.0,0.3,bottom_oxide,0.00025,2.875e-06,2.5,28.75,-0.04031111736859923,
p2_bulk_nga_5e17_common_primary,NGA 5e17 common-primary state,top_primary,interface_4x,T03_P2_BULK_TRAPS_FORMAL,enabled_symmetric_teaching_top_stack,0.0,0.01,0.0,0.3,bottom_oxide,0.00025,3e-06,2.5,30.0,-0.04206377467708749,
p2_bulk_nga_5e17_common_primary,NGA 5e17 common-primary state,top_primary,interface_4x,T03_P2_BULK_TRAPS_FORMAL,enabled_symmetric_teaching_top_stack,0.0,0.01,0.0,0.3,bottom_oxide,0.00027499999999999996,0.0,2.7499999999999996,0.0,0.0,
p2_bulk_nga_5e17_common_primary,NGA 5e17 common-primary state,top_primary,interface_4x,T03_P2_BULK_TRAPS_FORMAL,enabled_symmetric_teaching_top_stack,0.0,0.01,0.0,0.3,bottom_oxide,0.00027499999999999996,5.000000000000001e-07,2.7499999999999996,5.000000000000001,-0.007003568673663974,
p2_bulk_nga_5e17_common_primary,NGA 5e17 common-primary state,top_primary,interface_4x,T03_P2_BULK_TRAPS_FORMAL,enabled_symmetric_teaching_top_stack,0.0,0.01,0.0,0.3,bottom_oxide,0.00027499999999999996,1.0000000000000002e-06,2.7499999999999996,10.000000000000002,-0.014007137358144668,
p2_bulk_nga_5e17_common_primary,NGA 5e17 common-primary state,top_primary,interface_4x,T03_P2_BULK_TRAPS_FORMAL,enabled_symmetric_teaching_top_stack,0.0,0.01,0.0,0.3,bottom_oxide,0.00027499999999999996,1.5000000000000002e-06,2.7499999999999996,15.000000000000002,-0.0210107060642588,
p2_bulk_nga_5e17_common_primary,NGA 5e17 common-primary state,top_primary,interface_4x,T03_P2_BULK_TRAPS_FORMAL,enabled_symmetric_teaching_top_stack,0.0,0.01,0.0,0.3,bottom_oxide,0.00027499999999999996,2.0000000000000003e-06,2.7499999999999996,20.000000000000004,-0.02801427480282308,
p2_bulk_nga_5e17_common_primary,NGA 5e17 common-primary state,top_primary,interface_4x,T03_P2_BULK_TRAPS_FORMAL,enabled_symmetric_teaching_top_stack,0.0,0.01,0.0,0.3,bottom_oxide,0.00027499999999999996,2.1250000000000004e-06,2.7499999999999996,21.250000000000004,-0.029765166994224598,
p2_bulk_nga_5e17_common_primary,NGA 5e17 common-primary state,top_primary,interface_4x,T03_P2_BULK_TRAPS_FORMAL,enabled_symmetric_teaching_top_stack,0.0,0.01,0.0,0.3,bottom_oxide,0.00027499999999999996,2.2500000000000005e-06,2.7499999999999996,22.500000000000004,-0.031516059188499305,
p2_bulk_nga_5e17_common_primary,NGA 5e17 common-primary state,top_primary,interface_4x,T03_P2_BULK_TRAPS_FORMAL,enabled_symmetric_teaching_top_stack,0.0,0.01,0.0,0.3,bottom_oxide,0.00027499999999999996,2.375e-06,2.7499999999999996,23.75,-0.03326695138581621,
p2_bulk_nga_5e17_common_primary,NGA 5e17 common-primary state,top_primary,interface_4x,T03_P2_BULK_TRAPS_FORMAL,enabled_symmetric_teaching_top_stack,0.0,0.01,0.0,0.3,bottom_oxide,0.00027499999999999996,2.5e-06,2.7499999999999996,25.000000000000004,-0.03501784358634433,
p2_bulk_nga_5e17_common_primary,NGA 5e17 common-primary state,top_primary,interface_4x,T03_P2_BULK_TRAPS_FORMAL,enabled_symmetric_teaching_top_stack,0.0,0.01,0.0,0.3,bottom_oxide,0.00027499999999999996,2.6250000000000003e-06,2.7499999999999996,26.250000000000004,-0.03676873579025267,
p2_bulk_nga_5e17_common_primary,NGA 5e17 common-primary state,top_primary,interface_4x,T03_P2_BULK_TRAPS_FORMAL,enabled_symmetric_teaching_top_stack,0.0,0.01,0.0,0.3,bottom_oxide,0.00027499999999999996,2.75e-06,2.7499999999999996,27.5,-0.03851962799771024,
p2_bulk_nga_5e17_common_primary,NGA 5e17 common-primary state,top_primary,interface_4x,T03_P2_BULK_TRAPS_FORMAL,enabled_symmetric_teaching_top_stack,0.0,0.01,0.0,0.3,bottom_oxide,0.00027499999999999996,2.875e-06,2.7499999999999996,28.75,-0.040270520208886065,
p2_bulk_nga_5e17_common_primary,NGA 5e17 common-primary state,top_primary,interface_4x,T03_P2_BULK_TRAPS_FORMAL,enabled_symmetric_teaching_top_stack,0.0,0.01,0.0,0.3,bottom_oxide,0.00027499999999999996,3e-06,2.7499999999999996,30.0,-0.04202141242394914,
p2_bulk_nga_5e17_common_primary,NGA 5e17 common-primary state,top_primary,interface_4x,T03_P2_BULK_TRAPS_FORMAL,enabled_symmetric_teaching_top_stack,0.0,0.01,0.0,0.3,bottom_oxide,0.00030000000000000003,0.0,3.0000000000000004,0.0,0.0,
p2_bulk_nga_5e17_common_primary,NGA 5e17 common-primary state,top_primary,interface_4x,T03_P2_BULK_TRAPS_FORMAL,enabled_symmetric_teaching_top_stack,0.0,0.01,0.0,0.3,bottom_oxide,0.00030000000000000003,5.000000000000001e-07,3.0000000000000004,5.000000000000001,-0.006996481255399502,
p2_bulk_nga_5e17_common_primary,NGA 5e17 common-primary state,top_primary,interface_4x,T03_P2_BULK_TRAPS_FORMAL,enabled_symmetric_teaching_top_stack,0.0,0.01,0.0,0.3,bottom_oxide,0.00030000000000000003,1.0000000000000002e-06,3.0000000000000004,10.000000000000002,-0.013992962521780058,
p2_bulk_nga_5e17_common_primary,NGA 5e17 common-primary state,top_primary,interface_4x,T03_P2_BULK_TRAPS_FORMAL,enabled_symmetric_teaching_top_stack,0.0,0.01,0.0,0.3,bottom_oxide,0.00030000000000000003,1.5000000000000002e-06,3.0000000000000004,15.000000000000002,-0.020989443810122726,
p2_bulk_nga_5e17_common_primary,NGA 5e17 common-primary state,top_primary,interface_4x,T03_P2_BULK_TRAPS_FORMAL,enabled_symmetric_teaching_top_stack,0.0,0.01,0.0,0.3,bottom_oxide,0.00030000000000000003,2.0000000000000003e-06,3.0000000000000004,20.000000000000004,-0.027985925131408556,
p2_bulk_nga_5e17_common_primary,NGA 5e17 common-primary state,top_primary,interface_4x,T03_P2_BULK_TRAPS_FORMAL,enabled_symmetric_teaching_top_stack,0.0,0.01,0.0,0.3,bottom_oxide,0.00030000000000000003,2.1250000000000004e-06,3.0000000000000004,21.250000000000004,-0.029735045468593173,
p2_bulk_nga_5e17_common_primary,NGA 5e17 common-primary state,top_primary,interface_4x,T03_P2_BULK_TRAPS_FORMAL,enabled_symmetric_teaching_top_stack,0.0,0.01,0.0,0.3,bottom_oxide,0.00030000000000000003,2.2500000000000005e-06,3.0000000000000004,22.500000000000004,-0.031484165808694634,
p2_bulk_nga_5e17_common_primary,NGA 5e17 common-primary state,top_primary,interface_4x,T03_P2_BULK_TRAPS_FORMAL,enabled_symmetric_teaching_top_stack,0.0,0.01,0.0,0.3,bottom_oxide,0.00030000000000000003,2.375e-06,3.0000000000000004,23.75,-0.033233286151884506,
p2_bulk_nga_5e17_common_primary,NGA 5e17 common-primary state,top_primary,interface_4x,T03_P2_BULK_TRAPS_FORMAL,enabled_symmetric_teaching_top_stack,0.0,0.01,0.0,0.3,bottom_oxide,0.00030000000000000003,2.5e-06,3.0000000000000004,25.000000000000004,-0.03498240649833438,
p2_bulk_nga_5e17_common_primary,NGA 5e17 common-primary state,top_primary,interface_4x,T03_P2_BULK_TRAPS_FORMAL,enabled_symmetric_teaching_top_stack,0.0,0.01,0.0,0.3,bottom_oxide,0.00030000000000000003,2.6250000000000003e-06,3.0000000000000004,26.250000000000004,-0.03673152684821584,
p2_bulk_nga_5e17_common_primary,NGA 5e17 common-primary state,top_primary,interface_4x,T03_P2_BULK_TRAPS_FORMAL,enabled_symmetric_teaching_top_stack,0.0,0.01,0.0,0.3,bottom_oxide,0.00030000000000000003,2.75e-06,3.0000000000000004,27.5,-0.03848064720170044,
p2_bulk_nga_5e17_common_primary,NGA 5e17 common-primary state,top_primary,interface_4x,T03_P2_BULK_TRAPS_FORMAL,enabled_symmetric_teaching_top_stack,0.0,0.01,0.0,0.3,bottom_oxide,0.00030000000000000003,2.875e-06,3.0000000000000004,28.75,-0.04022976755895979,
p2_bulk_nga_5e17_common_primary,NGA 5e17 common-primary state,top_primary,interface_4x,T03_P2_BULK_TRAPS_FORMAL,enabled_symmetric_teaching_top_stack,0.0,0.01,0.0,0.3,bottom_oxide,0.00030000000000000003,3e-06,3.0000000000000004,30.0,-0.04197888792016545,
p2_bulk_nga_5e17_common_primary,NGA 5e17 common-primary state,top_primary,interface_4x,T03_P2_BULK_TRAPS_FORMAL,enabled_symmetric_teaching_top_stack,0.0,0.01,0.0,0.3,bottom_oxide,0.00032500000000000004,0.0,3.2500000000000004,0.0,0.0,
p2_bulk_nga_5e17_common_primary,NGA 5e17 common-primary state,top_primary,interface_4x,T03_P2_BULK_TRAPS_FORMAL,enabled_symmetric_teaching_top_stack,0.0,0.01,0.0,0.3,bottom_oxide,0.00032500000000000004,5.000000000000001e-07,3.2500000000000004,5.000000000000001,-0.006989366384494665,
p2_bulk_nga_5e17_common_primary,NGA 5e17 common-primary state,top_primary,interface_4x,T03_P2_BULK_TRAPS_FORMAL,enabled_symmetric_teaching_top_stack,0.0,0.01,0.0,0.3,bottom_oxide,0.00032500000000000004,1.0000000000000002e-06,3.2500000000000004,10.000000000000002,-0.013978732780138843,
p2_bulk_nga_5e17_common_primary,NGA 5e17 common-primary state,top_primary,interface_4x,T03_P2_BULK_TRAPS_FORMAL,enabled_symmetric_teaching_top_stack,0.0,0.01,0.0,0.3,bottom_oxide,0.00032500000000000004,1.5000000000000002e-06,3.2500000000000004,15.000000000000002,-0.020968099198082044,
p2_bulk_nga_5e17_common_primary,NGA 5e17 common-primary state,top_primary,interface_4x,T03_P2_BULK_TRAPS_FORMAL,enabled_symmetric_teaching_top_stack,0.0,0.01,0.0,0.3,bottom_oxide,0.00032500000000000004,2.0000000000000003e-06,3.2500000000000004,20.000000000000004,-0.02795746564947378,
p2_bulk_nga_5e17_common_primary,NGA 5e17 common-primary state,top_primary,interface_4x,T03_P2_BULK_TRAPS_FORMAL,enabled_symmetric_teaching_top_stack,0.0,0.01,0.0,0.3,bottom_oxide,0.00032500000000000004,2.1250000000000004e-06,3.2500000000000004,21.250000000000004,-0.02970480726929016,
p2_bulk_nga_5e17_common_primary,NGA 5e17 common-primary state,top_primary,interface_4x,T03_P2_BULK_TRAPS_FORMAL,enabled_symmetric_teaching_top_stack,0.0,0.01,0.0,0.3,bottom_oxide,0.00032500000000000004,2.2500000000000005e-06,3.2500000000000004,22.500000000000004,-0.03145214889206813,
p2_bulk_nga_5e17_common_primary,NGA 5e17 common-primary state,top_primary,interface_4x,T03_P2_BULK_TRAPS_FORMAL,enabled_symmetric_teaching_top_stack,0.0,0.01,0.0,0.3,bottom_oxide,0.00032500000000000004,2.375e-06,3.2500000000000004,23.75,-0.033199490517981885,
p2_bulk_nga_5e17_common_primary,NGA 5e17 common-primary state,top_primary,interface_4x,T03_P2_BULK_TRAPS_FORMAL,enabled_symmetric_teaching_top_stack,0.0,0.01,0.0,0.3,bottom_oxide,0.00032500000000000004,2.5e-06,3.2500000000000004,25.000000000000004,-0.034946832147205655,
p2_bulk_nga_5e17_common_primary,NGA 5e17 common-primary state,top_primary,interface_4x,T03_P2_BULK_TRAPS_FORMAL,enabled_symmetric_teaching_top_stack,0.0,0.01,0.0,0.3,bottom_oxide,0.00032500000000000004,2.6250000000000003e-06,3.2500000000000004,26.250000000000004,-0.03669417377991365,
p2_bulk_nga_5e17_common_primary,NGA 5e17 common-primary state,top_primary,interface_4x,T03_P2_BULK_TRAPS_FORMAL,enabled_symmetric_teaching_top_stack,0.0,0.01,0.0,0.3,bottom_oxide,0.00032500000000000004,2.75e-06,3.2500000000000004,27.5,-0.038441515416280075,
p2_bulk_nga_5e17_common_primary,NGA 5e17 common-primary state,top_primary,interface_4x,T03_P2_BULK_TRAPS_FORMAL,enabled_symmetric_teaching_top_stack,0.0,0.01,0.0,0.3,bottom_oxide,0.00032500000000000004,2.875e-06,3.2500000000000004,28.75,-0.04018885705647914,
p2_bulk_nga_5e17_common_primary,NGA 5e17 common-primary state,top_primary,interface_4x,T03_P2_BULK_TRAPS_FORMAL,enabled_symmetric_teaching_top_stack,0.0,0.01,0.0,0.3,bottom_oxide,0.00032500000000000004,3e-06,3.2500000000000004,30.0,-0.041936198700685066,
p2_bulk_nga_5e17_common_primary,NGA 5e17 common-primary state,top_primary,interface_4x,T03_P2_BULK_TRAPS_FORMAL,enabled_symmetric_teaching_top_stack,0.0,0.01,0.0,0.3,bottom_oxide,0.00035,0.0,3.5,0.0,0.0,
p2_bulk_nga_5e17_common_primary,NGA 5e17 common-primary state,top_primary,interface_4x,T03_P2_BULK_TRAPS_FORMAL,enabled_symmetric_teaching_top_stack,0.0,0.01,0.0,0.3,bottom_oxide,0.00035,5.000000000000001e-07,3.5,5.000000000000001,-0.006982223639807006,
p2_bulk_nga_5e17_common_primary,NGA 5e17 common-primary state,top_primary,interface_4x,T03_P2_BULK_TRAPS_FORMAL,enabled_symmetric_teaching_top_stack,0.0,0.01,0.0,0.3,bottom_oxide,0.00035,1.0000000000000002e-06,3.5,10.000000000000002,-0.01396444729093624,
p2_bulk_nga_5e17_common_primary,NGA 5e17 common-primary state,top_primary,interface_4x,T03_P2_BULK_TRAPS_FORMAL,enabled_symmetric_teaching_top_stack,0.0,0.01,0.0,0.3,bottom_oxide,0.00035,1.5000000000000002e-06,3.5,15.000000000000002,-0.02094667096470993,
p2_bulk_nga_5e17_common_primary,NGA 5e17 common-primary state,top_primary,interface_4x,T03_P2_BULK_TRAPS_FORMAL,enabled_symmetric_teaching_top_stack,0.0,0.01,0.0,0.3,bottom_oxide,0.00035,2.0000000000000003e-06,3.5,20.000000000000004,-0.027928894672450296,
p2_bulk_nga_5e17_common_primary,NGA 5e17 common-primary state,top_primary,interface_4x,T03_P2_BULK_TRAPS_FORMAL,enabled_symmetric_teaching_top_stack,0.0,0.01,0.0,0.3,bottom_oxide,0.00035,2.1250000000000004e-06,3.5,21.250000000000004,-0.02967445060646178,
p2_bulk_nga_5e17_common_primary,NGA 5e17 common-primary state,top_primary,interface_4x,T03_P2_BULK_TRAPS_FORMAL,enabled_symmetric_teaching_top_stack,0.0,0.01,0.0,0.3,bottom_oxide,0.00035,2.2500000000000005e-06,3.5,22.500000000000004,-0.031420006543480726,
p2_bulk_nga_5e17_common_primary,NGA 5e17 common-primary state,top_primary,interface_4x,T03_P2_BULK_TRAPS_FORMAL,enabled_symmetric_teaching_top_stack,0.0,0.01,0.0,0.3,bottom_oxide,0.00035,2.375e-06,3.5,23.75,-0.03316556248368405,
p2_bulk_nga_5e17_common_primary,NGA 5e17 common-primary state,top_primary,interface_4x,T03_P2_BULK_TRAPS_FORMAL,enabled_symmetric_teaching_top_stack,0.0,0.01,0.0,0.3,bottom_oxide,0.00035,2.5e-06,3.5,25.000000000000004,-0.03491111842724865,
p2_bulk_nga_5e17_common_primary,NGA 5e17 common-primary state,top_primary,interface_4x,T03_P2_BULK_TRAPS_FORMAL,enabled_symmetric_teaching_top_stack,0.0,0.01,0.0,0.3,bottom_oxide,0.00035,2.6250000000000003e-06,3.5,26.250000000000004,-0.03665667437435146,
p2_bulk_nga_5e17_common_primary,NGA 5e17 common-primary state,top_primary,interface_4x,T03_P2_BULK_TRAPS_FORMAL,enabled_symmetric_teaching_top_stack,0.0,0.01,0.0,0.3,bottom_oxide,0.00035,2.75e-06,3.5,27.5,-0.03840223032516936,
p2_bulk_nga_5e17_common_primary,NGA 5e17 common-primary state,top_primary,interface_4x,T03_P2_BULK_TRAPS_FORMAL,enabled_symmetric_teaching_top_stack,0.0,0.01,0.0,0.3,bottom_oxide,0.00035,2.875e-06,3.5,28.75,-0.04014778627987928,
p2_bulk_nga_5e17_common_primary,NGA 5e17 common-primary state,top_primary,interface_4x,T03_P2_BULK_TRAPS_FORMAL,enabled_symmetric_teaching_top_stack,0.0,0.01,0.0,0.3,bottom_oxide,0.00035,3e-06,3.5,30.0,-0.041893342238658114,
p2_bulk_nga_5e17_common_primary,NGA 5e17 common-primary state,top_primary,interface_4x,T03_P2_BULK_TRAPS_FORMAL,enabled_symmetric_teaching_top_stack,0.0,0.01,0.0,0.3,bottom_oxide,0.000375,0.0,3.75,0.0,0.0,
p2_bulk_nga_5e17_common_primary,NGA 5e17 common-primary state,top_primary,interface_4x,T03_P2_BULK_TRAPS_FORMAL,enabled_symmetric_teaching_top_stack,0.0,0.01,0.0,0.3,bottom_oxide,0.000375,5.000000000000001e-07,3.75,5.000000000000001,-0.006975052589548299,
p2_bulk_nga_5e17_common_primary,NGA 5e17 common-primary state,top_primary,interface_4x,T03_P2_BULK_TRAPS_FORMAL,enabled_symmetric_teaching_top_stack,0.0,0.01,0.0,0.3,bottom_oxide,0.000375,1.0000000000000002e-06,3.75,10.000000000000002,-0.013950105190595944,
p2_bulk_nga_5e17_common_primary,NGA 5e17 common-primary state,top_primary,interface_4x,T03_P2_BULK_TRAPS_FORMAL,enabled_symmetric_teaching_top_stack,0.0,0.01,0.0,0.3,bottom_oxide,0.000375,1.5000000000000002e-06,3.75,15.000000000000002,-0.02092515781464228,
p2_bulk_nga_5e17_common_primary,NGA 5e17 common-primary state,top_primary,interface_4x,T03_P2_BULK_TRAPS_FORMAL,enabled_symmetric_teaching_top_stack,0.0,0.01,0.0,0.3,bottom_oxide,0.000375,2.0000000000000003e-06,3.75,20.000000000000004,-0.027900210473186644,
p2_bulk_nga_5e17_common_primary,NGA 5e17 common-primary state,top_primary,interface_4x,T03_P2_BULK_TRAPS_FORMAL,enabled_symmetric_teaching_top_stack,0.0,0.01,0.0,0.3,bottom_oxide,0.000375,2.1250000000000004e-06,3.75,21.250000000000004,-0.029643973645009827,
p2_bulk_nga_5e17_common_primary,NGA 5e17 common-primary state,top_primary,interface_4x,T03_P2_BULK_TRAPS_FORMAL,enabled_symmetric_teaching_top_stack,0.0,0.01,0.0,0.3,bottom_oxide,0.000375,2.2500000000000005e-06,3.75,22.500000000000004,-0.03138773681988752,
p2_bulk_nga_5e17_common_primary,NGA 5e17 common-primary state,top_primary,interface_4x,T03_P2_BULK_TRAPS_FORMAL,enabled_symmetric_teaching_top_stack,0.0,0.01,0.0,0.3,bottom_oxide,0.000375,2.375e-06,3.75,23.75,-0.0331314999979994,
p2_bulk_nga_5e17_common_primary,NGA 5e17 common-primary state,top_primary,interface_4x,T03_P2_BULK_TRAPS_FORMAL,enabled_symmetric_teaching_top_stack,0.0,0.01,0.0,0.3,bottom_oxide,0.000375,2.5e-06,3.75,25.000000000000004,-0.03487526317952515,
p2_bulk_nga_5e17_common_primary,NGA 5e17 common-primary state,top_primary,interface_4x,T03_P2_BULK_TRAPS_FORMAL,enabled_symmetric_teaching_top_stack,0.0,0.01,0.0,0.3,bottom_oxide,0.000375,2.6250000000000003e-06,3.75,26.250000000000004,-0.03661902636464444,
p2_bulk_nga_5e17_common_primary,NGA 5e17 common-primary state,top_primary,interface_4x,T03_P2_BULK_TRAPS_FORMAL,enabled_symmetric_teaching_top_stack,0.0,0.01,0.0,0.3,bottom_oxide,0.000375,2.75e-06,3.75,27.5,-0.03836278955353695,
p2_bulk_nga_5e17_common_primary,NGA 5e17 common-primary state,top_primary,interface_4x,T03_P2_BULK_TRAPS_FORMAL,enabled_symmetric_teaching_top_stack,0.0,0.01,0.0,0.3,bottom_oxide,0.000375,2.875e-06,3.75,28.75,-0.040106552746382355,
p2_bulk_nga_5e17_common_primary,NGA 5e17 common-primary state,top_primary,interface_4x,T03_P2_BULK_TRAPS_FORMAL,enabled_symmetric_teaching_top_stack,0.0,0.01,0.0,0.3,bottom_oxide,0.000375,3e-06,3.75,30.0,-0.04185031594336034,
p2_bulk_nga_5e17_common_primary,NGA 5e17 common-primary state,top_primary,interface_4x,T03_P2_BULK_TRAPS_FORMAL,enabled_symmetric_teaching_top_stack,0.0,0.01,0.0,0.3,bottom_oxide,0.0004,0.0,4.0,0.0,0.0,
p2_bulk_nga_5e17_common_primary,NGA 5e17 common-primary state,top_primary,interface_4x,T03_P2_BULK_TRAPS_FORMAL,enabled_symmetric_teaching_top_stack,0.0,0.01,0.0,0.3,bottom_oxide,0.0004,5.000000000000001e-07,4.0,5.000000000000001,-0.006967852790924025,
p2_bulk_nga_5e17_common_primary,NGA 5e17 common-primary state,top_primary,interface_4x,T03_P2_BULK_TRAPS_FORMAL,enabled_symmetric_teaching_top_stack,0.0,0.01,0.0,0.3,bottom_oxide,0.0004,1.0000000000000002e-06,4.0,10.000000000000002,-0.013935705593529066,
p2_bulk_nga_5e17_common_primary,NGA 5e17 common-primary state,top_primary,interface_4x,T03_P2_BULK_TRAPS_FORMAL,enabled_symmetric_teaching_top_stack,0.0,0.01,0.0,0.3,bottom_oxide,0.0004,1.5000000000000002e-06,4.0,15.000000000000002,-0.02090355841949614,
p2_bulk_nga_5e17_common_primary,NGA 5e17 common-primary state,top_primary,interface_4x,T03_P2_BULK_TRAPS_FORMAL,enabled_symmetric_teaching_top_stack,0.0,0.01,0.0,0.3,bottom_oxide,0.0004,2.0000000000000003e-06,4.0,20.000000000000004,-0.027871411280506256,
p2_bulk_nga_5e17_common_primary,NGA 5e17 common-primary state,top_primary,interface_4x,T03_P2_BULK_TRAPS_FORMAL,enabled_symmetric_teaching_top_stack,0.0,0.01,0.0,0.3,bottom_oxide,0.0004,2.1250000000000004e-06,4.0,21.250000000000004,-0.02961337450305942,
p2_bulk_nga_5e17_common_primary,NGA 5e17 common-primary state,top_primary,interface_4x,T03_P2_BULK_TRAPS_FORMAL,enabled_symmetric_teaching_top_stack,0.0,0.01,0.0,0.3,bottom_oxide,0.0004,2.2500000000000005e-06,4.0,22.500000000000004,-0.03135533772871535,
p2_bulk_nga_5e17_common_primary,NGA 5e17 common-primary state,top_primary,interface_4x,T03_P2_BULK_TRAPS_FORMAL,enabled_symmetric_teaching_top_stack,0.0,0.01,0.0,0.3,bottom_oxide,0.0004,2.375e-06,4.0,23.75,-0.03309730095765656,
p2_bulk_nga_5e17_common_primary,NGA 5e17 common-primary state,top_primary,interface_4x,T03_P2_BULK_TRAPS_FORMAL,enabled_symmetric_teaching_top_stack,0.0,0.01,0.0,0.3,bottom_oxide,0.0004,2.5e-06,4.0,25.000000000000004,-0.034839264190065576,
p2_bulk_nga_5e17_common_primary,NGA 5e17 common-primary state,top_primary,interface_4x,T03_P2_BULK_TRAPS_FORMAL,enabled_symmetric_teaching_top_stack,0.0,0.01,0.0,0.3,bottom_oxide,0.0004,2.6250000000000003e-06,4.0,26.250000000000004,-0.03658122742612491,
p2_bulk_nga_5e17_common_primary,NGA 5e17 common-primary state,top_primary,interface_4x,T03_P2_BULK_TRAPS_FORMAL,enabled_symmetric_teaching_top_stack,0.0,0.01,0.0,0.3,bottom_oxide,0.0004,2.75e-06,4.0,27.5,-0.03832319066601706,
p2_bulk_nga_5e17_common_primary,NGA 5e17 common-primary state,top_primary,interface_4x,T03_P2_BULK_TRAPS_FORMAL,enabled_symmetric_teaching_top_stack,0.0,0.01,0.0,0.3,bottom_oxide,0.0004,2.875e-06,4.0,28.75,-0.040065153909924565,
p2_bulk_nga_5e17_common_primary,NGA 5e17 common-primary state,top_primary,interface_4x,T03_P2_BULK_TRAPS_FORMAL,enabled_symmetric_teaching_top_stack,0.0,0.01,0.0,0.3,bottom_oxide,0.0004,3e-06,4.0,30.0,-0.04180711715802994,
p2_bulk_nga_5e17_common_primary,NGA 5e17 common-primary state,top_primary,interface_4x,T03_P2_BULK_TRAPS_FORMAL,enabled_symmetric_teaching_top_stack,0.0,0.01,0.0,0.3,bottom_oxide,0.00042500000000000003,0.0,4.25,0.0,0.0,
p2_bulk_nga_5e17_common_primary,NGA 5e17 common-primary state,top_primary,interface_4x,T03_P2_BULK_TRAPS_FORMAL,enabled_symmetric_teaching_top_stack,0.0,0.01,0.0,0.3,bottom_oxide,0.00042500000000000003,5.000000000000001e-07,4.25,5.000000000000001,-0.006960623789757803,
p2_bulk_nga_5e17_common_primary,NGA 5e17 common-primary state,top_primary,interface_4x,T03_P2_BULK_TRAPS_FORMAL,enabled_symmetric_teaching_top_stack,0.0,0.01,0.0,0.3,bottom_oxide,0.00042500000000000003,1.0000000000000002e-06,4.25,10.000000000000002,-0.013921247591383003,
p2_bulk_nga_5e17_common_primary,NGA 5e17 common-primary state,top_primary,interface_4x,T03_P2_BULK_TRAPS_FORMAL,enabled_symmetric_teaching_top_stack,0.0,0.01,0.0,0.3,bottom_oxide,0.00042500000000000003,1.5000000000000002e-06,4.25,15.000000000000002,-0.020881871416742994,
p2_bulk_nga_5e17_common_primary,NGA 5e17 common-primary state,top_primary,interface_4x,T03_P2_BULK_TRAPS_FORMAL,enabled_symmetric_teaching_top_stack,0.0,0.01,0.0,0.3,bottom_oxide,0.00042500000000000003,2.0000000000000003e-06,4.25,20.000000000000004,-0.02784249527770517,
p2_bulk_nga_5e17_common_primary,NGA 5e17 common-primary state,top_primary,interface_4x,T03_P2_BULK_TRAPS_FORMAL,enabled_symmetric_teaching_top_stack,0.0,0.01,0.0,0.3,bottom_oxide,0.00042500000000000003,2.1250000000000004e-06,4.25,21.250000000000004,-0.029582651250362833,
p2_bulk_nga_5e17_common_primary,NGA 5e17 common-primary state,top_primary,interface_4x,T03_P2_BULK_TRAPS_FORMAL,enabled_symmetric_teaching_top_stack,0.0,0.01,0.0,0.3,bottom_oxide,0.00042500000000000003,2.2500000000000005e-06,4.25,22.500000000000004,-0.031322807226172776,
p2_bulk_nga_5e17_common_primary,NGA 5e17 common-primary state,top_primary,interface_4x,T03_P2_BULK_TRAPS_FORMAL,enabled_symmetric_teaching_top_stack,0.0,0.01,0.0,0.3,bottom_oxide,0.00042500000000000003,2.375e-06,4.25,23.75,-0.03306296320532041,
p2_bulk_nga_5e17_common_primary,NGA 5e17 common-primary state,top_primary,interface_4x,T03_P2_BULK_TRAPS_FORMAL,enabled_symmetric_teaching_top_stack,0.0,0.01,0.0,0.3,bottom_oxide,0.00042500000000000003,2.5e-06,4.25,25.000000000000004,-0.034803119187991186,
p2_bulk_nga_5e17_common_primary,NGA 5e17 common-primary state,top_primary,interface_4x,T03_P2_BULK_TRAPS_FORMAL,enabled_symmetric_teaching_top_stack,0.0,0.01,0.0,0.3,bottom_oxide,0.00042500000000000003,2.6250000000000003e-06,4.25,26.250000000000004,-0.03654327517437052,
p2_bulk_nga_5e17_common_primary,NGA 5e17 common-primary state,top_primary,interface_4x,T03_P2_BULK_TRAPS_FORMAL,enabled_symmetric_teaching_top_stack,0.0,0.01,0.0,0.3,bottom_oxide,0.00042500000000000003,2.75e-06,4.25,27.5,-0.03828343116464383,
p2_bulk_nga_5e17_common_primary,NGA 5e17 common-primary state,top_primary,interface_4x,T03_P2_BULK_TRAPS_FORMAL,enabled_symmetric_teaching_top_stack,0.0,0.01,0.0,0.3,bottom_oxide,0.00042500000000000003,2.875e-06,4.25,28.75,-0.04002358715899657,
p2_bulk_nga_5e17_common_primary,NGA 5e17 common-primary state,top_primary,interface_4x,T03_P2_BULK_TRAPS_FORMAL,enabled_symmetric_teaching_top_stack,0.0,0.01,0.0,0.3,bottom_oxide,0.00042500000000000003,3e-06,4.25,30.0,-0.04176374315761414,
p2_bulk_nga_5e17_common_primary,NGA 5e17 common-primary state,top_primary,interface_4x,T03_P2_BULK_TRAPS_FORMAL,enabled_symmetric_teaching_top_stack,0.0,0.01,0.0,0.3,bottom_oxide,0.00045000000000000004,0.0,4.5,0.0,0.0,
p2_bulk_nga_5e17_common_primary,NGA 5e17 common-primary state,top_primary,interface_4x,T03_P2_BULK_TRAPS_FORMAL,enabled_symmetric_teaching_top_stack,0.0,0.01,0.0,0.3,bottom_oxide,0.00045000000000000004,5.000000000000001e-07,4.5,5.000000000000001,-0.006953365120099706,
p2_bulk_nga_5e17_common_primary,NGA 5e17 common-primary state,top_primary,interface_4x,T03_P2_BULK_TRAPS_FORMAL,enabled_symmetric_teaching_top_stack,0.0,0.01,0.0,0.3,bottom_oxide,0.00045000000000000004,1.0000000000000002e-06,4.5,10.000000000000002,-0.01390673025225806,
p2_bulk_nga_5e17_common_primary,NGA 5e17 common-primary state,top_primary,interface_4x,T03_P2_BULK_TRAPS_FORMAL,enabled_symmetric_teaching_top_stack,0.0,0.01,0.0,0.3,bottom_oxide,0.00045000000000000004,1.5000000000000002e-06,4.5,15.000000000000002,-0.020860095408533712,
p2_bulk_nga_5e17_common_primary,NGA 5e17 common-primary state,top_primary,interface_4x,T03_P2_BULK_TRAPS_FORMAL,enabled_symmetric_teaching_top_stack,0.0,0.01,0.0,0.3,bottom_oxide,0.00045000000000000004,2.0000000000000003e-06,4.5,20.000000000000004,-0.027813460600985305,
p2_bulk_nga_5e17_common_primary,NGA 5e17 common-primary state,top_primary,interface_4x,T03_P2_BULK_TRAPS_FORMAL,enabled_symmetric_teaching_top_stack,0.0,0.01,0.0,0.3,bottom_oxide,0.00045000000000000004,2.1250000000000004e-06,4.5,21.250000000000004,-0.029551801906634857,
p2_bulk_nga_5e17_common_primary,NGA 5e17 common-primary state,top_primary,interface_4x,T03_P2_BULK_TRAPS_FORMAL,enabled_symmetric_teaching_top_stack,0.0,0.01,0.0,0.3,bottom_oxide,0.00045000000000000004,2.2500000000000005e-06,4.5,22.500000000000004,-0.03129014321548749,
p2_bulk_nga_5e17_common_primary,NGA 5e17 common-primary state,top_primary,interface_4x,T03_P2_BULK_TRAPS_FORMAL,enabled_symmetric_teaching_top_stack,0.0,0.01,0.0,0.3,bottom_oxide,0.00045000000000000004,2.375e-06,4.5,23.75,-0.0330284845277316,
p2_bulk_nga_5e17_common_primary,NGA 5e17 common-primary state,top_primary,interface_4x,T03_P2_BULK_TRAPS_FORMAL,enabled_symmetric_teaching_top_stack,0.0,0.01,0.0,0.3,bottom_oxide,0.00045000000000000004,2.5e-06,4.5,25.000000000000004,-0.034766825843555636,
p2_bulk_nga_5e17_common_primary,NGA 5e17 common-primary state,top_primary,interface_4x,T03_P2_BULK_TRAPS_FORMAL,enabled_symmetric_teaching_top_stack,0.0,0.01,0.0,0.3,bottom_oxide,0.00045000000000000004,2.6250000000000003e-06,4.5,26.250000000000004,-0.03650516716314799,
p2_bulk_nga_5e17_common_primary,NGA 5e17 common-primary state,top_primary,interface_4x,T03_P2_BULK_TRAPS_FORMAL,enabled_symmetric_teaching_top_stack,0.0,0.01,0.0,0.3,bottom_oxide,0.00045000000000000004,2.75e-06,4.5,27.5,-0.03824350848669708,
p2_bulk_nga_5e17_common_primary,NGA 5e17 common-primary state,top_primary,interface_4x,T03_P2_BULK_TRAPS_FORMAL,enabled_symmetric_teaching_top_stack,0.0,0.01,0.0,0.3,bottom_oxide,0.00045000000000000004,2.875e-06,4.5,28.75,-0.03998184981439134,
p2_bulk_nga_5e17_common_primary,NGA 5e17 common-primary state,top_primary,interface_4x,T03_P2_BULK_TRAPS_FORMAL,enabled_symmetric_teaching_top_stack,0.0,0.01,0.0,0.3,bottom_oxide,0.00045000000000000004,3e-06,4.5,30.0,-0.041720191146419165,
p2_bulk_nga_5e17_common_primary,NGA 5e17 common-primary state,top_primary,interface_4x,T03_P2_BULK_TRAPS_FORMAL,enabled_symmetric_teaching_top_stack,0.0,0.01,0.0,0.3,bottom_oxide,0.000475,0.0,4.75,0.0,0.0,
p2_bulk_nga_5e17_common_primary,NGA 5e17 common-primary state,top_primary,interface_4x,T03_P2_BULK_TRAPS_FORMAL,enabled_symmetric_teaching_top_stack,0.0,0.01,0.0,0.3,bottom_oxide,0.000475,5.000000000000001e-07,4.75,5.000000000000001,-0.006946076303817943,
p2_bulk_nga_5e17_common_primary,NGA 5e17 common-primary state,top_primary,interface_4x,T03_P2_BULK_TRAPS_FORMAL,enabled_symmetric_teaching_top_stack,0.0,0.01,0.0,0.3,bottom_oxide,0.000475,1.0000000000000002e-06,4.75,10.000000000000002,-0.013892152619890831,
p2_bulk_nga_5e17_common_primary,NGA 5e17 common-primary state,top_primary,interface_4x,T03_P2_BULK_TRAPS_FORMAL,enabled_symmetric_teaching_top_stack,0.0,0.01,0.0,0.3,bottom_oxide,0.000475,1.5000000000000002e-06,4.75,15.000000000000002,-0.020838228960473607,
p2_bulk_nga_5e17_common_primary,NGA 5e17 common-primary state,top_primary,interface_4x,T03_P2_BULK_TRAPS_FORMAL,enabled_symmetric_teaching_top_stack,0.0,0.01,0.0,0.3,bottom_oxide,0.000475,2.0000000000000003e-06,4.75,20.000000000000004,-0.02778430533782121,
p2_bulk_nga_5e17_common_primary,NGA 5e17 common-primary state,top_primary,interface_4x,T03_P2_BULK_TRAPS_FORMAL,enabled_symmetric_teaching_top_stack,0.0,0.01,0.0,0.3,bottom_oxide,0.000475,2.1250000000000004e-06,4.75,21.250000000000004,-0.02952082443981745,
p2_bulk_nga_5e17_common_primary,NGA 5e17 common-primary state,top_primary,interface_4x,T03_P2_BULK_TRAPS_FORMAL,enabled_symmetric_teaching_top_stack,0.0,0.01,0.0,0.3,bottom_oxide,0.000475,2.2500000000000005e-06,4.75,22.500000000000004,-0.03125734354506891,
p2_bulk_nga_5e17_common_primary,NGA 5e17 common-primary state,top_primary,interface_4x,T03_P2_BULK_TRAPS_FORMAL,enabled_symmetric_teaching_top_stack,0.0,0.01,0.0,0.3,bottom_oxide,0.000475,2.375e-06,4.75,23.75,-0.03299386265376706,
p2_bulk_nga_5e17_common_primary,NGA 5e17 common-primary state,top_primary,interface_4x,T03_P2_BULK_TRAPS_FORMAL,enabled_symmetric_teaching_top_stack,0.0,0.01,0.0,0.3,bottom_oxide,0.000475,2.5e-06,4.75,25.000000000000004,-0.03473038176610341,
p2_bulk_nga_5e17_common_primary,NGA 5e17 common-primary state,top_primary,interface_4x,T03_P2_BULK_TRAPS_FORMAL,enabled_symmetric_teaching_top_stack,0.0,0.01,0.0,0.3,bottom_oxide,0.000475,2.6250000000000003e-06,4.75,26.250000000000004,-0.036466900882269414,
p2_bulk_nga_5e17_common_primary,NGA 5e17 common-primary state,top_primary,interface_4x,T03_P2_BULK_TRAPS_FORMAL,enabled_symmetric_teaching_top_stack,0.0,0.01,0.0,0.3,bottom_oxide,0.000475,2.75e-06,4.75,27.5,-0.03820342000245657,
p2_bulk_nga_5e17_common_primary,NGA 5e17 common-primary state,top_primary,interface_4x,T03_P2_BULK_TRAPS_FORMAL,enabled_symmetric_teaching_top_stack,0.0,0.01,0.0,0.3,bottom_oxide,0.000475,2.875e-06,4.75,28.75,-0.039939939126856366,
p2_bulk_nga_5e17_common_primary,NGA 5e17 common-primary state,top_primary,interface_4x,T03_P2_BULK_TRAPS_FORMAL,enabled_symmetric_teaching_top_stack,0.0,0.01,0.0,0.3,bottom_oxide,0.000475,3e-06,4.75,30.0,-0.041676458255660284,
p2_bulk_nga_5e17_common_primary,NGA 5e17 common-primary state,top_primary,interface_4x,T03_P2_BULK_TRAPS_FORMAL,enabled_symmetric_teaching_top_stack,0.0,0.01,0.0,0.3,bottom_oxide,0.0005,0.0,5.0,0.0,0.0,
p2_bulk_nga_5e17_common_primary,NGA 5e17 common-primary state,top_primary,interface_4x,T03_P2_BULK_TRAPS_FORMAL,enabled_symmetric_teaching_top_stack,0.0,0.01,0.0,0.3,bottom_oxide,0.0005,5.000000000000001e-07,5.0,5.000000000000001,-0.006938756850172899,
p2_bulk_nga_5e17_common_primary,NGA 5e17 common-primary state,top_primary,interface_4x,T03_P2_BULK_TRAPS_FORMAL,enabled_symmetric_teaching_top_stack,0.0,0.01,0.0,0.3,bottom_oxide,0.0005,1.0000000000000002e-06,5.0,10.000000000000002,-0.013877513712802261,
p2_bulk_nga_5e17_common_primary,NGA 5e17 common-primary state,top_primary,interface_4x,T03_P2_BULK_TRAPS_FORMAL,enabled_symmetric_teaching_top_stack,0.0,0.01,0.0,0.3,bottom_oxide,0.0005,1.5000000000000002e-06,5.0,15.000000000000002,-0.020816270600344546,
p2_bulk_nga_5e17_common_primary,NGA 5e17 common-primary state,top_primary,interface_4x,T03_P2_BULK_TRAPS_FORMAL,enabled_symmetric_teaching_top_stack,0.0,0.01,0.0,0.3,bottom_oxide,0.0005,2.0000000000000003e-06,5.0,20.000000000000004,-0.027755027525256205,
p2_bulk_nga_5e17_common_primary,NGA 5e17 common-primary state,top_primary,interface_4x,T03_P2_BULK_TRAPS_FORMAL,enabled_symmetric_teaching_top_stack,0.0,0.01,0.0,0.3,bottom_oxide,0.0005,2.1250000000000004e-06,5.0,21.250000000000004,-0.029489716764269407,
p2_bulk_nga_5e17_common_primary,NGA 5e17 common-primary state,top_primary,interface_4x,T03_P2_BULK_TRAPS_FORMAL,enabled_symmetric_teaching_top_stack,0.0,0.01,0.0,0.3,bottom_oxide,0.0005,2.2500000000000005e-06,5.0,22.500000000000004,-0.031224406006591356,
p2_bulk_nga_5e17_common_primary,NGA 5e17 common-primary state,top_primary,interface_4x,T03_P2_BULK_TRAPS_FORMAL,enabled_symmetric_teaching_top_stack,0.0,0.01,0.0,0.3,bottom_oxide,0.0005,2.375e-06,5.0,23.75,-0.03295909525241667,
p2_bulk_nga_5e17_common_primary,NGA 5e17 common-primary state,top_primary,interface_4x,T03_P2_BULK_TRAPS_FORMAL,enabled_symmetric_teaching_top_stack,0.0,0.01,0.0,0.3,bottom_oxide,0.0005,2.5e-06,5.0,25.000000000000004,-0.03469378450194001,
p2_bulk_nga_5e17_common_primary,NGA 5e17 common-primary state,top_primary,interface_4x,T03_P2_BULK_TRAPS_FORMAL,enabled_symmetric_teaching_top_stack,0.0,0.01,0.0,0.3,bottom_oxide,0.0005,2.6250000000000003e-06,5.0,26.250000000000004,-0.03642847375535599,
p2_bulk_nga_5e17_common_primary,NGA 5e17 common-primary state,top_primary,interface_4x,T03_P2_BULK_TRAPS_FORMAL,enabled_symmetric_teaching_top_stack,0.0,0.01,0.0,0.3,bottom_oxide,0.0005,2.75e-06,5.0,27.5,-0.038163163012859234,
p2_bulk_nga_5e17_common_primary,NGA 5e17 common-primary state,top_primary,interface_4x,T03_P2_BULK_TRAPS_FORMAL,enabled_symmetric_teaching_top_stack,0.0,0.01,0.0,0.3,bottom_oxide,0.0005,2.875e-06,5.0,28.75,-0.03989785227464439,
p2_bulk_nga_5e17_common_primary,NGA 5e17 common-primary state,top_primary,interface_4x,T03_P2_BULK_TRAPS_FORMAL,enabled_symmetric_teaching_top_stack,0.0,0.01,0.0,0.3,bottom_oxide,0.0005,3e-06,5.0,30.0,-0.04163254154090608,
p2_bulk_nga_5e17_common_primary,NGA 5e17 common-primary state,top_primary,interface_4x,T03_P2_BULK_TRAPS_FORMAL,enabled_symmetric_teaching_top_stack,0.0,0.01,0.0,0.3,bottom_oxide,0.0005250000000000001,0.0,5.250000000000001,0.0,0.0,
p2_bulk_nga_5e17_common_primary,NGA 5e17 common-primary state,top_primary,interface_4x,T03_P2_BULK_TRAPS_FORMAL,enabled_symmetric_teaching_top_stack,0.0,0.01,0.0,0.3,bottom_oxide,0.0005250000000000001,5.000000000000001e-07,5.250000000000001,5.000000000000001,-0.006931406255372584,
p2_bulk_nga_5e17_common_primary,NGA 5e17 common-primary state,top_primary,interface_4x,T03_P2_BULK_TRAPS_FORMAL,enabled_symmetric_teaching_top_stack,0.0,0.01,0.0,0.3,bottom_oxide,0.0005250000000000001,1.0000000000000002e-06,5.250000000000001,10.000000000000002,-0.013862812523408553,
p2_bulk_nga_5e17_common_primary,NGA 5e17 common-primary state,top_primary,interface_4x,T03_P2_BULK_TRAPS_FORMAL,enabled_symmetric_teaching_top_stack,0.0,0.01,0.0,0.3,bottom_oxide,0.0005250000000000001,1.5000000000000002e-06,5.250000000000001,15.000000000000002,-0.02079421881677129,
p2_bulk_nga_5e17_common_primary,NGA 5e17 common-primary state,top_primary,interface_4x,T03_P2_BULK_TRAPS_FORMAL,enabled_symmetric_teaching_top_stack,0.0,0.01,0.0,0.3,bottom_oxide,0.0005250000000000001,2.0000000000000003e-06,5.250000000000001,20.000000000000004,-0.027725625148124173,
p2_bulk_nga_5e17_common_primary,NGA 5e17 common-primary state,top_primary,interface_4x,T03_P2_BULK_TRAPS_FORMAL,enabled_symmetric_teaching_top_stack,0.0,0.01,0.0,0.3,bottom_oxide,0.0005250000000000001,2.1250000000000004e-06,5.250000000000001,21.250000000000004,-0.02945847673887701,
p2_bulk_nga_5e17_common_primary,NGA 5e17 common-primary state,top_primary,interface_4x,T03_P2_BULK_TRAPS_FORMAL,enabled_symmetric_teaching_top_stack,0.0,0.01,0.0,0.3,bottom_oxide,0.0005250000000000001,2.2500000000000005e-06,5.250000000000001,22.500000000000004,-0.03119132833299355,
p2_bulk_nga_5e17_common_primary,NGA 5e17 common-primary state,top_primary,interface_4x,T03_P2_BULK_TRAPS_FORMAL,enabled_symmetric_teaching_top_stack,0.0,0.01,0.0,0.3,bottom_oxide,0.0005250000000000001,2.375e-06,5.250000000000001,23.75,-0.03292417993067166,
p2_bulk_nga_5e17_common_primary,NGA 5e17 common-primary state,top_primary,interface_4x,T03_P2_BULK_TRAPS_FORMAL,enabled_symmetric_teaching_top_stack,0.0,0.01,0.0,0.3,bottom_oxide,0.0005250000000000001,2.5e-06,5.250000000000001,25.000000000000004,-0.03465703153210922,
p2_bulk_nga_5e17_common_primary,NGA 5e17 common-primary state,top_primary,interface_4x,T03_P2_BULK_TRAPS_FORMAL,enabled_symmetric_teaching_top_stack,0.0,0.01,0.0,0.3,bottom_oxide,0.0005250000000000001,2.6250000000000003e-06,5.250000000000001,26.250000000000004,-0.03638988313750409,
p2_bulk_nga_5e17_common_primary,NGA 5e17 common-primary state,top_primary,interface_4x,T03_P2_BULK_TRAPS_FORMAL,enabled_symmetric_teaching_top_stack,0.0,0.01,0.0,0.3,bottom_oxide,0.0005250000000000001,2.75e-06,5.250000000000001,27.5,-0.03812273474705412,
p2_bulk_nga_5e17_common_primary,NGA 5e17 common-primary state,top_primary,interface_4x,T03_P2_BULK_TRAPS_FORMAL,enabled_symmetric_teaching_top_stack,0.0,0.01,0.0,0.3,bottom_oxide,0.0005250000000000001,2.875e-06,5.250000000000001,28.75,-0.03985558636095719,
p2_bulk_nga_5e17_common_primary,NGA 5e17 common-primary state,top_primary,interface_4x,T03_P2_BULK_TRAPS_FORMAL,enabled_symmetric_teaching_top_stack,0.0,0.01,0.0,0.3,bottom_oxide,0.0005250000000000001,3e-06,5.250000000000001,30.0,-0.04158843797941116,
p2_bulk_nga_5e17_common_primary,NGA 5e17 common-primary state,top_primary,interface_4x,T03_P2_BULK_TRAPS_FORMAL,enabled_symmetric_teaching_top_stack,0.0,0.01,0.0,0.3,bottom_oxide,0.0005499999999999999,0.0,5.499999999999999,0.0,0.0,
p2_bulk_nga_5e17_common_primary,NGA 5e17 common-primary state,top_primary,interface_4x,T03_P2_BULK_TRAPS_FORMAL,enabled_symmetric_teaching_top_stack,0.0,0.01,0.0,0.3,bottom_oxide,0.0005499999999999999,5.000000000000001e-07,5.499999999999999,5.000000000000001,-0.00692402400210865,
p2_bulk_nga_5e17_common_primary,NGA 5e17 common-primary state,top_primary,interface_4x,T03_P2_BULK_TRAPS_FORMAL,enabled_symmetric_teaching_top_stack,0.0,0.01,0.0,0.3,bottom_oxide,0.0005499999999999999,1.0000000000000002e-06,5.499999999999999,10.000000000000002,-0.013848048017093212,
p2_bulk_nga_5e17_common_primary,NGA 5e17 common-primary state,top_primary,interface_4x,T03_P2_BULK_TRAPS_FORMAL,enabled_symmetric_teaching_top_stack,0.0,0.01,0.0,0.3,bottom_oxide,0.0005499999999999999,1.5000000000000002e-06,5.499999999999999,15.000000000000002,-0.020772072057829587,
p2_bulk_nga_5e17_common_primary,NGA 5e17 common-primary state,top_primary,interface_4x,T03_P2_BULK_TRAPS_FORMAL,enabled_symmetric_teaching_top_stack,0.0,0.01,0.0,0.3,bottom_oxide,0.0005499999999999999,2.0000000000000003e-06,5.499999999999999,20.000000000000004,-0.027696096137193683,
p2_bulk_nga_5e17_common_primary,NGA 5e17 common-primary state,top_primary,interface_4x,T03_P2_BULK_TRAPS_FORMAL,enabled_symmetric_teaching_top_stack,0.0,0.01,0.0,0.3,bottom_oxide,0.0005499999999999999,2.1250000000000004e-06,5.499999999999999,21.250000000000004,-0.02942710216508215,
p2_bulk_nga_5e17_common_primary,NGA 5e17 common-primary state,top_primary,interface_4x,T03_P2_BULK_TRAPS_FORMAL,enabled_symmetric_teaching_top_stack,0.0,0.01,0.0,0.3,bottom_oxide,0.0005499999999999999,2.2500000000000005e-06,5.499999999999999,22.500000000000004,-0.031158108196390772,
p2_bulk_nga_5e17_common_primary,NGA 5e17 common-primary state,top_primary,interface_4x,T03_P2_BULK_TRAPS_FORMAL,enabled_symmetric_teaching_top_stack,0.0,0.01,0.0,0.3,bottom_oxide,0.0005499999999999999,2.375e-06,5.499999999999999,23.75,-0.03288911423132074,
p2_bulk_nga_5e17_common_primary,NGA 5e17 common-primary state,top_primary,interface_4x,T03_P2_BULK_TRAPS_FORMAL,enabled_symmetric_teaching_top_stack,0.0,0.01,0.0,0.3,bottom_oxide,0.0005499999999999999,2.5e-06,5.499999999999999,25.000000000000004,-0.034620120270073246,
p2_bulk_nga_5e17_common_primary,NGA 5e17 common-primary state,top_primary,interface_4x,T03_P2_BULK_TRAPS_FORMAL,enabled_symmetric_teaching_top_stack,0.0,0.01,0.0,0.3,bottom_oxide,0.0005499999999999999,2.6250000000000003e-06,5.499999999999999,26.250000000000004,-0.03635112631284947,
p2_bulk_nga_5e17_common_primary,NGA 5e17 common-primary state,top_primary,interface_4x,T03_P2_BULK_TRAPS_FORMAL,enabled_symmetric_teaching_top_stack,0.0,0.01,0.0,0.3,bottom_oxide,0.0005499999999999999,2.75e-06,5.499999999999999,27.5,-0.03808213235985059,
p2_bulk_nga_5e17_common_primary,NGA 5e17 common-primary state,top_primary,interface_4x,T03_P2_BULK_TRAPS_FORMAL,enabled_symmetric_teaching_top_stack,0.0,0.01,0.0,0.3,bottom_oxide,0.0005499999999999999,2.875e-06,5.499999999999999,28.75,-0.039813138411277815,
p2_bulk_nga_5e17_common_primary,NGA 5e17 common-primary state,top_primary,interface_4x,T03_P2_BULK_TRAPS_FORMAL,enabled_symmetric_teaching_top_stack,0.0,0.01,0.0,0.3,bottom_oxide,0.0005499999999999999,3e-06,5.499999999999999,30.0,-0.04154414446733231,
p2_bulk_nga_5e17_common_primary,NGA 5e17 common-primary state,top_primary,interface_4x,T03_P2_BULK_TRAPS_FORMAL,enabled_symmetric_teaching_top_stack,0.0,0.01,0.0,0.3,bottom_oxide,0.000575,0.0,5.75,0.0,0.0,
p2_bulk_nga_5e17_common_primary,NGA 5e17 common-primary state,top_primary,interface_4x,T03_P2_BULK_TRAPS_FORMAL,enabled_symmetric_teaching_top_stack,0.0,0.01,0.0,0.3,bottom_oxide,0.000575,5.000000000000001e-07,5.75,5.000000000000001,-0.006916609559071887,
p2_bulk_nga_5e17_common_primary,NGA 5e17 common-primary state,top_primary,interface_4x,T03_P2_BULK_TRAPS_FORMAL,enabled_symmetric_teaching_top_stack,0.0,0.01,0.0,0.3,bottom_oxide,0.000575,1.0000000000000002e-06,5.75,10.000000000000002,-0.013833219131238009,
p2_bulk_nga_5e17_common_primary,NGA 5e17 common-primary state,top_primary,interface_4x,T03_P2_BULK_TRAPS_FORMAL,enabled_symmetric_teaching_top_stack,0.0,0.01,0.0,0.3,bottom_oxide,0.000575,1.5000000000000002e-06,5.75,15.000000000000002,-0.0207498287295926,
p2_bulk_nga_5e17_common_primary,NGA 5e17 common-primary state,top_primary,interface_4x,T03_P2_BULK_TRAPS_FORMAL,enabled_symmetric_teaching_top_stack,0.0,0.01,0.0,0.3,bottom_oxide,0.000575,2.0000000000000003e-06,5.75,20.000000000000004,-0.027666438367229887,
p2_bulk_nga_5e17_common_primary,NGA 5e17 common-primary state,top_primary,interface_4x,T03_P2_BULK_TRAPS_FORMAL,enabled_symmetric_teaching_top_stack,0.0,0.01,0.0,0.3,bottom_oxide,0.000575,2.1250000000000004e-06,5.75,21.250000000000004,-0.029395590784823105,
p2_bulk_nga_5e17_common_primary,NGA 5e17 common-primary state,top_primary,interface_4x,T03_P2_BULK_TRAPS_FORMAL,enabled_symmetric_teaching_top_stack,0.0,0.01,0.0,0.3,bottom_oxide,0.000575,2.2500000000000005e-06,5.75,22.500000000000004,-0.031124743205894475,
p2_bulk_nga_5e17_common_primary,NGA 5e17 common-primary state,top_primary,interface_4x,T03_P2_BULK_TRAPS_FORMAL,enabled_symmetric_teaching_top_stack,0.0,0.01,0.0,0.3,bottom_oxide,0.000575,2.375e-06,5.75,23.75,-0.03285389563064859,
p2_bulk_nga_5e17_common_primary,NGA 5e17 common-primary state,top_primary,interface_4x,T03_P2_BULK_TRAPS_FORMAL,enabled_symmetric_teaching_top_stack,0.0,0.01,0.0,0.3,bottom_oxide,0.000575,2.5e-06,5.75,25.000000000000004,-0.034583048059290064,
p2_bulk_nga_5e17_common_primary,NGA 5e17 common-primary state,top_primary,interface_4x,T03_P2_BULK_TRAPS_FORMAL,enabled_symmetric_teaching_top_stack,0.0,0.01,0.0,0.3,bottom_oxide,0.000575,2.6250000000000003e-06,5.75,26.250000000000004,-0.03631220049202348,
p2_bulk_nga_5e17_common_primary,NGA 5e17 common-primary state,top_primary,interface_4x,T03_P2_BULK_TRAPS_FORMAL,enabled_symmetric_teaching_top_stack,0.0,0.01,0.0,0.3,bottom_oxide,0.000575,2.75e-06,5.75,27.5,-0.03804135292905343,
p2_bulk_nga_5e17_common_primary,NGA 5e17 common-primary state,top_primary,interface_4x,T03_P2_BULK_TRAPS_FORMAL,enabled_symmetric_teaching_top_stack,0.0,0.01,0.0,0.3,bottom_oxide,0.000575,2.875e-06,5.75,28.75,-0.03977050537058453,
p2_bulk_nga_5e17_common_primary,NGA 5e17 common-primary state,top_primary,interface_4x,T03_P2_BULK_TRAPS_FORMAL,enabled_symmetric_teaching_top_stack,0.0,0.01,0.0,0.3,bottom_oxide,0.000575,3e-06,5.75,30.0,-0.04149965781682137,
p2_bulk_nga_5e17_common_primary,NGA 5e17 common-primary state,top_primary,interface_4x,T03_P2_BULK_TRAPS_FORMAL,enabled_symmetric_teaching_top_stack,0.0,0.01,0.0,0.3,bottom_oxide,0.0006000000000000001,0.0,6.000000000000001,0.0,0.0,
p2_bulk_nga_5e17_common_primary,NGA 5e17 common-primary state,top_primary,interface_4x,T03_P2_BULK_TRAPS_FORMAL,enabled_symmetric_teaching_top_stack,0.0,0.01,0.0,0.3,bottom_oxide,0.0006000000000000001,5.000000000000001e-07,6.000000000000001,5.000000000000001,-0.006909162380446078,
p2_bulk_nga_5e17_common_primary,NGA 5e17 common-primary state,top_primary,interface_4x,T03_P2_BULK_TRAPS_FORMAL,enabled_symmetric_teaching_top_stack,0.0,0.01,0.0,0.3,bottom_oxide,0.0006000000000000001,1.0000000000000002e-06,6.000000000000001,10.000000000000002,-0.013818324774210734,
p2_bulk_nga_5e17_common_primary,NGA 5e17 common-primary state,top_primary,interface_4x,T03_P2_BULK_TRAPS_FORMAL,enabled_symmetric_teaching_top_stack,0.0,0.01,0.0,0.3,bottom_oxide,0.0006000000000000001,1.5000000000000002e-06,6.000000000000001,15.000000000000002,-0.02072748719461254,
p2_bulk_nga_5e17_common_primary,NGA 5e17 common-primary state,top_primary,interface_4x,T03_P2_BULK_TRAPS_FORMAL,enabled_symmetric_teaching_top_stack,0.0,0.01,0.0,0.3,bottom_oxide,0.0006000000000000001,2.0000000000000003e-06,6.000000000000001,20.000000000000004,-0.027636649654970064,
p2_bulk_nga_5e17_common_primary,NGA 5e17 common-primary state,top_primary,interface_4x,T03_P2_BULK_TRAPS_FORMAL,enabled_symmetric_teaching_top_stack,0.0,0.01,0.0,0.3,bottom_oxide,0.0006000000000000001,2.1250000000000004e-06,6.000000000000001,21.250000000000004,-0.029363940278383554,
p2_bulk_nga_5e17_common_primary,NGA 5e17 common-primary state,top_primary,interface_4x,T03_P2_BULK_TRAPS_FORMAL,enabled_symmetric_teaching_top_stack,0.0,0.01,0.0,0.3,bottom_oxide,0.0006000000000000001,2.2500000000000005e-06,6.000000000000001,22.500000000000004,-0.031091230905334787,
p2_bulk_nga_5e17_common_primary,NGA 5e17 common-primary state,top_primary,interface_4x,T03_P2_BULK_TRAPS_FORMAL,enabled_symmetric_teaching_top_stack,0.0,0.01,0.0,0.3,bottom_oxide,0.0006000000000000001,2.375e-06,6.000000000000001,23.75,-0.03281852153603186,
p2_bulk_nga_5e17_common_primary,NGA 5e17 common-primary state,top_primary,interface_4x,T03_P2_BULK_TRAPS_FORMAL,enabled_symmetric_teaching_top_stack,0.0,0.01,0.0,0.3,bottom_oxide,0.0006000000000000001,2.5e-06,6.000000000000001,25.000000000000004,-0.034545812170682894,
p2_bulk_nga_5e17_common_primary,NGA 5e17 common-primary state,top_primary,interface_4x,T03_P2_BULK_TRAPS_FORMAL,enabled_symmetric_teaching_top_stack,0.0,0.01,0.0,0.3,bottom_oxide,0.0006000000000000001,2.6250000000000003e-06,6.000000000000001,26.250000000000004,-0.03627310280949597,
p2_bulk_nga_5e17_common_primary,NGA 5e17 common-primary state,top_primary,interface_4x,T03_P2_BULK_TRAPS_FORMAL,enabled_symmetric_teaching_top_stack,0.0,0.01,0.0,0.3,bottom_oxide,0.0006000000000000001,2.75e-06,6.000000000000001,27.5,-0.03800039345267921,
p2_bulk_nga_5e17_common_primary,NGA 5e17 common-primary state,top_primary,interface_4x,T03_P2_BULK_TRAPS_FORMAL,enabled_symmetric_teaching_top_stack,0.0,0.01,0.0,0.3,bottom_oxide,0.0006000000000000001,2.875e-06,6.000000000000001,28.75,-0.0397276841004407,
p2_bulk_nga_5e17_common_primary,NGA 5e17 common-primary state,top_primary,interface_4x,T03_P2_BULK_TRAPS_FORMAL,enabled_symmetric_teaching_top_stack,0.0,0.01,0.0,0.3,bottom_oxide,0.0006000000000000001,3e-06,6.000000000000001,30.0,-0.041454974752988545,
p2_bulk_nga_5e17_common_primary,NGA 5e17 common-primary state,top_primary,interface_4x,T03_P2_BULK_TRAPS_FORMAL,enabled_symmetric_teaching_top_stack,0.0,0.01,0.0,0.3,bottom_oxide,0.000625,0.0,6.25,0.0,0.0,
p2_bulk_nga_5e17_common_primary,NGA 5e17 common-primary state,top_primary,interface_4x,T03_P2_BULK_TRAPS_FORMAL,enabled_symmetric_teaching_top_stack,0.0,0.01,0.0,0.3,bottom_oxide,0.000625,5.000000000000001e-07,6.25,5.000000000000001,-0.006901681905379139,
p2_bulk_nga_5e17_common_primary,NGA 5e17 common-primary state,top_primary,interface_4x,T03_P2_BULK_TRAPS_FORMAL,enabled_symmetric_teaching_top_stack,0.0,0.01,0.0,0.3,bottom_oxide,0.000625,1.0000000000000002e-06,6.25,10.000000000000002,-0.01380336382430743,
p2_bulk_nga_5e17_common_primary,NGA 5e17 common-primary state,top_primary,interface_4x,T03_P2_BULK_TRAPS_FORMAL,enabled_symmetric_teaching_top_stack,0.0,0.01,0.0,0.3,bottom_oxide,0.000625,1.5000000000000002e-06,6.25,15.000000000000002,-0.020705045770334024,
p2_bulk_nga_5e17_common_primary,NGA 5e17 common-primary state,top_primary,interface_4x,T03_P2_BULK_TRAPS_FORMAL,enabled_symmetric_teaching_top_stack,0.0,0.01,0.0,0.3,bottom_oxide,0.000625,2.0000000000000003e-06,6.25,20.000000000000004,-0.02760672775700807,
p2_bulk_nga_5e17_common_primary,NGA 5e17 common-primary state,top_primary,interface_4x,T03_P2_BULK_TRAPS_FORMAL,enabled_symmetric_teaching_top_stack,0.0,0.01,0.0,0.3,bottom_oxide,0.000625,2.1250000000000004e-06,6.25,21.250000000000004,-0.029332148262144798,
p2_bulk_nga_5e17_common_primary,NGA 5e17 common-primary state,top_primary,interface_4x,T03_P2_BULK_TRAPS_FORMAL,enabled_symmetric_teaching_top_stack,0.0,0.01,0.0,0.3,bottom_oxide,0.000625,2.2500000000000005e-06,6.25,22.500000000000004,-0.031057568770880516,
p2_bulk_nga_5e17_common_primary,NGA 5e17 common-primary state,top_primary,interface_4x,T03_P2_BULK_TRAPS_FORMAL,enabled_symmetric_teaching_top_stack,0.0,0.01,0.0,0.3,bottom_oxide,0.000625,2.375e-06,6.25,23.75,-0.032782989283426926,
p2_bulk_nga_5e17_common_primary,NGA 5e17 common-primary state,top_primary,interface_4x,T03_P2_BULK_TRAPS_FORMAL,enabled_symmetric_teaching_top_stack,0.0,0.01,0.0,0.3,bottom_oxide,0.000625,2.5e-06,6.25,25.000000000000004,-0.03450840979999575,
p2_bulk_nga_5e17_common_primary,NGA 5e17 common-primary state,top_primary,interface_4x,T03_P2_BULK_TRAPS_FORMAL,enabled_symmetric_teaching_top_stack,0.0,0.01,0.0,0.3,bottom_oxide,0.000625,2.6250000000000003e-06,6.25,26.250000000000004,-0.036233830320798674,
p2_bulk_nga_5e17_common_primary,NGA 5e17 common-primary state,top_primary,interface_4x,T03_P2_BULK_TRAPS_FORMAL,enabled_symmetric_teaching_top_stack,0.0,0.01,0.0,0.3,bottom_oxide,0.000625,2.75e-06,6.25,27.5,-0.0379592508460474,
p2_bulk_nga_5e17_common_primary,NGA 5e17 common-primary state,top_primary,interface_4x,T03_P2_BULK_TRAPS_FORMAL,enabled_symmetric_teaching_top_stack,0.0,0.01,0.0,0.3,bottom_oxide,0.000625,2.875e-06,6.25,28.75,-0.039684671375953655,
p2_bulk_nga_5e17_common_primary,NGA 5e17 common-primary state,top_primary,interface_4x,T03_P2_BULK_TRAPS_FORMAL,enabled_symmetric_teaching_top_stack,0.0,0.01,0.0,0.3,bottom_oxide,0.000625,3e-06,6.25,30.0,-0.041410091910729134,
p2_bulk_nga_5e17_common_primary,NGA 5e17 common-primary state,top_primary,interface_4x,T03_P2_BULK_TRAPS_FORMAL,enabled_symmetric_teaching_top_stack,0.0,0.01,0.0,0.3,bottom_oxide,0.0006500000000000001,0.0,6.500000000000001,0.0,0.0,
p2_bulk_nga_5e17_common_primary,NGA 5e17 common-primary state,top_primary,interface_4x,T03_P2_BULK_TRAPS_FORMAL,enabled_symmetric_teaching_top_stack,0.0,0.01,0.0,0.3,bottom_oxide,0.0006500000000000001,5.000000000000001e-07,6.500000000000001,5.000000000000001,-0.00689416755743027,
p2_bulk_nga_5e17_common_primary,NGA 5e17 common-primary state,top_primary,interface_4x,T03_P2_BULK_TRAPS_FORMAL,enabled_symmetric_teaching_top_stack,0.0,0.01,0.0,0.3,bottom_oxide,0.0006500000000000001,1.0000000000000002e-06,6.500000000000001,10.000000000000002,-0.013788335128646736,
p2_bulk_nga_5e17_common_primary,NGA 5e17 common-primary state,top_primary,interface_4x,T03_P2_BULK_TRAPS_FORMAL,enabled_symmetric_teaching_top_stack,0.0,0.01,0.0,0.3,bottom_oxide,0.0006500000000000001,1.5000000000000002e-06,6.500000000000001,15.000000000000002,-0.020682502727435593,
p2_bulk_nga_5e17_common_primary,NGA 5e17 common-primary state,top_primary,interface_4x,T03_P2_BULK_TRAPS_FORMAL,enabled_symmetric_teaching_top_stack,0.0,0.01,0.0,0.3,bottom_oxide,0.0006500000000000001,2.0000000000000003e-06,6.500000000000001,20.000000000000004,-0.027576670367583024,
p2_bulk_nga_5e17_common_primary,NGA 5e17 common-primary state,top_primary,interface_4x,T03_P2_BULK_TRAPS_FORMAL,enabled_symmetric_teaching_top_stack,0.0,0.01,0.0,0.3,bottom_oxide,0.0006500000000000001,2.1250000000000004e-06,6.500000000000001,21.250000000000004,-0.029300212286236253,
p2_bulk_nga_5e17_common_primary,NGA 5e17 common-primary state,top_primary,interface_4x,T03_P2_BULK_TRAPS_FORMAL,enabled_symmetric_teaching_top_stack,0.0,0.01,0.0,0.3,bottom_oxide,0.0006500000000000001,2.2500000000000005e-06,6.500000000000001,22.500000000000004,-0.031023754208551437,
p2_bulk_nga_5e17_common_primary,NGA 5e17 common-primary state,top_primary,interface_4x,T03_P2_BULK_TRAPS_FORMAL,enabled_symmetric_teaching_top_stack,0.0,0.01,0.0,0.3,bottom_oxide,0.0006500000000000001,2.375e-06,6.500000000000001,23.75,-0.032747296134743975,
p2_bulk_nga_5e17_common_primary,NGA 5e17 common-primary state,top_primary,interface_4x,T03_P2_BULK_TRAPS_FORMAL,enabled_symmetric_teaching_top_stack,0.0,0.01,0.0,0.3,bottom_oxide,0.0006500000000000001,2.5e-06,6.500000000000001,25.000000000000004,-0.0344708380650293,
p2_bulk_nga_5e17_common_primary,NGA 5e17 common-primary state,top_primary,interface_4x,T03_P2_BULK_TRAPS_FORMAL,enabled_symmetric_teaching_top_stack,0.0,0.01,0.0,0.3,bottom_oxide,0.0006500000000000001,2.6250000000000003e-06,6.500000000000001,26.250000000000004,-0.03619437999962281,
p2_bulk_nga_5e17_common_primary,NGA 5e17 common-primary state,top_primary,interface_4x,T03_P2_BULK_TRAPS_FORMAL,enabled_symmetric_teaching_top_stack,0.0,0.01,0.0,0.3,bottom_oxide,0.0006500000000000001,2.75e-06,6.500000000000001,27.5,-0.0379179219387399,
p2_bulk_nga_5e17_common_primary,NGA 5e17 common-primary state,top_primary,interface_4x,T03_P2_BULK_TRAPS_FORMAL,enabled_symmetric_teaching_top_stack,0.0,0.01,0.0,0.3,bottom_oxide,0.0006500000000000001,2.875e-06,6.500000000000001,28.75,-0.03964146388259599,
p2_bulk_nga_5e17_common_primary,NGA 5e17 common-primary state,top_primary,interface_4x,T03_P2_BULK_TRAPS_FORMAL,enabled_symmetric_teaching_top_stack,0.0,0.01,0.0,0.3,bottom_oxide,0.0006500000000000001,3e-06,6.500000000000001,30.0,-0.0413650058314065,
p2_bulk_nga_5e17_common_primary,NGA 5e17 common-primary state,top_primary,interface_4x,T03_P2_BULK_TRAPS_FORMAL,enabled_symmetric_teaching_top_stack,0.0,0.01,0.0,0.3,bottom_oxide,0.000675,0.0,6.75,0.0,0.0,
p2_bulk_nga_5e17_common_primary,NGA 5e17 common-primary state,top_primary,interface_4x,T03_P2_BULK_TRAPS_FORMAL,enabled_symmetric_teaching_top_stack,0.0,0.01,0.0,0.3,bottom_oxide,0.000675,5.000000000000001e-07,6.75,5.000000000000001,-0.006886618743991796,
p2_bulk_nga_5e17_common_primary,NGA 5e17 common-primary state,top_primary,interface_4x,T03_P2_BULK_TRAPS_FORMAL,enabled_symmetric_teaching_top_stack,0.0,0.01,0.0,0.3,bottom_oxide,0.000675,1.0000000000000002e-06,6.75,10.000000000000002,-0.013773237502013539,
p2_bulk_nga_5e17_common_primary,NGA 5e17 common-primary state,top_primary,interface_4x,T03_P2_BULK_TRAPS_FORMAL,enabled_symmetric_teaching_top_stack,0.0,0.01,0.0,0.3,bottom_oxide,0.000675,1.5000000000000002e-06,6.75,15.000000000000002,-0.020659856288095173,
p2_bulk_nga_5e17_common_primary,NGA 5e17 common-primary state,top_primary,interface_4x,T03_P2_BULK_TRAPS_FORMAL,enabled_symmetric_teaching_top_stack,0.0,0.01,0.0,0.3,bottom_oxide,0.000675,2.0000000000000003e-06,6.75,20.000000000000004,-0.027546475116266643,
p2_bulk_nga_5e17_common_primary,NGA 5e17 common-primary state,top_primary,interface_4x,T03_P2_BULK_TRAPS_FORMAL,enabled_symmetric_teaching_top_stack,0.0,0.01,0.0,0.3,bottom_oxide,0.000675,2.1250000000000004e-06,6.75,21.250000000000004,-0.029268129832078223,
p2_bulk_nga_5e17_common_primary,NGA 5e17 common-primary state,top_primary,interface_4x,T03_P2_BULK_TRAPS_FORMAL,enabled_symmetric_teaching_top_stack,0.0,0.01,0.0,0.3,bottom_oxide,0.000675,2.2500000000000005e-06,6.75,22.500000000000004,-0.030989784551616505,
p2_bulk_nga_5e17_common_primary,NGA 5e17 common-primary state,top_primary,interface_4x,T03_P2_BULK_TRAPS_FORMAL,enabled_symmetric_teaching_top_stack,0.0,0.01,0.0,0.3,bottom_oxide,0.000675,2.375e-06,6.75,23.75,-0.0327114392751007,
p2_bulk_nga_5e17_common_primary,NGA 5e17 common-primary state,top_primary,interface_4x,T03_P2_BULK_TRAPS_FORMAL,enabled_symmetric_teaching_top_stack,0.0,0.01,0.0,0.3,bottom_oxide,0.000675,2.5e-06,6.75,25.000000000000004,-0.03443309400275004,
p2_bulk_nga_5e17_common_primary,NGA 5e17 common-primary state,top_primary,interface_4x,T03_P2_BULK_TRAPS_FORMAL,enabled_symmetric_teaching_top_stack,0.0,0.01,0.0,0.3,bottom_oxide,0.000675,2.6250000000000003e-06,6.75,26.250000000000004,-0.03615474873478374,
p2_bulk_nga_5e17_common_primary,NGA 5e17 common-primary state,top_primary,interface_4x,T03_P2_BULK_TRAPS_FORMAL,enabled_symmetric_teaching_top_stack,0.0,0.01,0.0,0.3,bottom_oxide,0.000675,2.75e-06,6.75,27.5,-0.037876403471421,
p2_bulk_nga_5e17_common_primary,NGA 5e17 common-primary state,top_primary,interface_4x,T03_P2_BULK_TRAPS_FORMAL,enabled_symmetric_teaching_top_stack,0.0,0.01,0.0,0.3,bottom_oxide,0.000675,2.875e-06,6.75,28.75,-0.03959805821288106,
p2_bulk_nga_5e17_common_primary,NGA 5e17 common-primary state,top_primary,interface_4x,T03_P2_BULK_TRAPS_FORMAL,enabled_symmetric_teaching_top_stack,0.0,0.01,0.0,0.3,bottom_oxide,0.000675,3e-06,6.75,30.0,-0.04131971295938312,
p2_bulk_nga_5e17_common_primary,NGA 5e17 common-primary state,top_primary,interface_4x,T03_P2_BULK_TRAPS_FORMAL,enabled_symmetric_teaching_top_stack,0.0,0.01,0.0,0.3,bottom_oxide,0.0007,0.0,7.0,0.0,0.0,
p2_bulk_nga_5e17_common_primary,NGA 5e17 common-primary state,top_primary,interface_4x,T03_P2_BULK_TRAPS_FORMAL,enabled_symmetric_teaching_top_stack,0.0,0.01,0.0,0.3,bottom_oxide,0.0007,5.000000000000001e-07,7.0,5.000000000000001,-0.00687903485568437,
p2_bulk_nga_5e17_common_primary,NGA 5e17 common-primary state,top_primary,interface_4x,T03_P2_BULK_TRAPS_FORMAL,enabled_symmetric_teaching_top_stack,0.0,0.01,0.0,0.3,bottom_oxide,0.0007,1.0000000000000002e-06,7.0,10.000000000000002,-0.013758069725649401,
p2_bulk_nga_5e17_common_primary,NGA 5e17 common-primary state,top_primary,interface_4x,T03_P2_BULK_TRAPS_FORMAL,enabled_symmetric_teaching_top_stack,0.0,0.01,0.0,0.3,bottom_oxide,0.0007,1.5000000000000002e-06,7.0,15.000000000000002,-0.020637104624175753,
p2_bulk_nga_5e17_common_primary,NGA 5e17 common-primary state,top_primary,interface_4x,T03_P2_BULK_TRAPS_FORMAL,enabled_symmetric_teaching_top_stack,0.0,0.01,0.0,0.3,bottom_oxide,0.0007,2.0000000000000003e-06,7.0,20.000000000000004,-0.027516139565544075,
p2_bulk_nga_5e17_common_primary,NGA 5e17 common-primary state,top_primary,interface_4x,T03_P2_BULK_TRAPS_FORMAL,enabled_symmetric_teaching_top_stack,0.0,0.01,0.0,0.3,bottom_oxide,0.0007,2.1250000000000004e-06,7.0,21.250000000000004,-0.029235898309811565,
p2_bulk_nga_5e17_common_primary,NGA 5e17 common-primary state,top_primary,interface_4x,T03_P2_BULK_TRAPS_FORMAL,enabled_symmetric_teaching_top_stack,0.0,0.01,0.0,0.3,bottom_oxide,0.0007,2.2500000000000005e-06,7.0,22.500000000000004,-0.030955657057872354,
p2_bulk_nga_5e17_common_primary,NGA 5e17 common-primary state,top_primary,interface_4x,T03_P2_BULK_TRAPS_FORMAL,enabled_symmetric_teaching_top_stack,0.0,0.01,0.0,0.3,bottom_oxide,0.0007,2.375e-06,7.0,23.75,-0.03267541580994957,
p2_bulk_nga_5e17_common_primary,NGA 5e17 common-primary state,top_primary,interface_4x,T03_P2_BULK_TRAPS_FORMAL,enabled_symmetric_teaching_top_stack,0.0,0.01,0.0,0.3,bottom_oxide,0.0007,2.5e-06,7.0,25.000000000000004,-0.03439517456626636,
p2_bulk_nga_5e17_common_primary,NGA 5e17 common-primary state,top_primary,interface_4x,T03_P2_BULK_TRAPS_FORMAL,enabled_symmetric_teaching_top_stack,0.0,0.01,0.0,0.3,bottom_oxide,0.0007,2.6250000000000003e-06,7.0,26.250000000000004,-0.03611493332704585,
p2_bulk_nga_5e17_common_primary,NGA 5e17 common-primary state,top_primary,interface_4x,T03_P2_BULK_TRAPS_FORMAL,enabled_symmetric_teaching_top_stack,0.0,0.01,0.0,0.3,bottom_oxide,0.0007,2.75e-06,7.0,27.5,-0.037834692092511175,
p2_bulk_nga_5e17_common_primary,NGA 5e17 common-primary state,top_primary,interface_4x,T03_P2_BULK_TRAPS_FORMAL,enabled_symmetric_teaching_top_stack,0.0,0.01,0.0,0.3,bottom_oxide,0.0007,2.875e-06,7.0,28.75,-0.03955445086288548,
p2_bulk_nga_5e17_common_primary,NGA 5e17 common-primary state,top_primary,interface_4x,T03_P2_BULK_TRAPS_FORMAL,enabled_symmetric_teaching_top_stack,0.0,0.01,0.0,0.3,bottom_oxide,0.0007,3e-06,7.0,30.0,-0.041274209638391894,
p2_bulk_nga_5e17_common_primary,NGA 5e17 common-primary state,top_primary,interface_4x,T03_P2_BULK_TRAPS_FORMAL,enabled_symmetric_teaching_top_stack,0.0,0.01,0.0,0.3,bottom_oxide,0.0007250000000000001,0.0,7.250000000000001,0.0,0.0,
p2_bulk_nga_5e17_common_primary,NGA 5e17 common-primary state,top_primary,interface_4x,T03_P2_BULK_TRAPS_FORMAL,enabled_symmetric_teaching_top_stack,0.0,0.01,0.0,0.3,bottom_oxide,0.0007250000000000001,5.000000000000001e-07,7.250000000000001,5.000000000000001,-0.006871415265724046,
p2_bulk_nga_5e17_common_primary,NGA 5e17 common-primary state,top_primary,interface_4x,T03_P2_BULK_TRAPS_FORMAL,enabled_symmetric_teaching_top_stack,0.0,0.01,0.0,0.3,bottom_oxide,0.0007250000000000001,1.0000000000000002e-06,7.250000000000001,10.000000000000002,-0.013742830545986694,
p2_bulk_nga_5e17_common_primary,NGA 5e17 common-primary state,top_primary,interface_4x,T03_P2_BULK_TRAPS_FORMAL,enabled_symmetric_teaching_top_stack,0.0,0.01,0.0,0.3,bottom_oxide,0.0007250000000000001,1.5000000000000002e-06,7.250000000000001,15.000000000000002,-0.020614245855326542,
p2_bulk_nga_5e17_common_primary,NGA 5e17 common-primary state,top_primary,interface_4x,T03_P2_BULK_TRAPS_FORMAL,enabled_symmetric_teaching_top_stack,0.0,0.01,0.0,0.3,bottom_oxide,0.0007250000000000001,2.0000000000000003e-06,7.250000000000001,20.000000000000004,-0.02748566120828218,
p2_bulk_nga_5e17_common_primary,NGA 5e17 common-primary state,top_primary,interface_4x,T03_P2_BULK_TRAPS_FORMAL,enabled_symmetric_teaching_top_stack,0.0,0.01,0.0,0.3,bottom_oxide,0.0007250000000000001,2.1250000000000004e-06,7.250000000000001,21.250000000000004,-0.029203515055607712,
p2_bulk_nga_5e17_common_primary,NGA 5e17 common-primary state,top_primary,interface_4x,T03_P2_BULK_TRAPS_FORMAL,enabled_symmetric_teaching_top_stack,0.0,0.01,0.0,0.3,bottom_oxide,0.0007250000000000001,2.2500000000000005e-06,7.250000000000001,22.500000000000004,-0.03092136890679506,
p2_bulk_nga_5e17_common_primary,NGA 5e17 common-primary state,top_primary,interface_4x,T03_P2_BULK_TRAPS_FORMAL,enabled_symmetric_teaching_top_stack,0.0,0.01,0.0,0.3,bottom_oxide,0.0007250000000000001,2.375e-06,7.250000000000001,23.75,-0.03263922276207138,
p2_bulk_nga_5e17_common_primary,NGA 5e17 common-primary state,top_primary,interface_4x,T03_P2_BULK_TRAPS_FORMAL,enabled_symmetric_teaching_top_stack,0.0,0.01,0.0,0.3,bottom_oxide,0.0007250000000000001,2.5e-06,7.250000000000001,25.000000000000004,-0.034357076621663846,
p2_bulk_nga_5e17_common_primary,NGA 5e17 common-primary state,top_primary,interface_4x,T03_P2_BULK_TRAPS_FORMAL,enabled_symmetric_teaching_top_stack,0.0,0.01,0.0,0.3,bottom_oxide,0.0007250000000000001,2.6250000000000003e-06,7.250000000000001,26.250000000000004,-0.03607493048579963,
p2_bulk_nga_5e17_common_primary,NGA 5e17 common-primary state,top_primary,interface_4x,T03_P2_BULK_TRAPS_FORMAL,enabled_symmetric_teaching_top_stack,0.0,0.01,0.0,0.3,bottom_oxide,0.0007250000000000001,2.75e-06,7.250000000000001,27.5,-0.03779278435470587,
p2_bulk_nga_5e17_common_primary,NGA 5e17 common-primary state,top_primary,interface_4x,T03_P2_BULK_TRAPS_FORMAL,enabled_symmetric_teaching_top_stack,0.0,0.01,0.0,0.3,bottom_oxide,0.0007250000000000001,2.875e-06,7.250000000000001,28.75,-0.039510638228609764,
p2_bulk_nga_5e17_common_primary,NGA 5e17 common-primary state,top_primary,interface_4x,T03_P2_BULK_TRAPS_FORMAL,enabled_symmetric_teaching_top_stack,0.0,0.01,0.0,0.3,bottom_oxide,0.0007250000000000001,3e-06,7.250000000000001,30.0,-0.04122849210773846,
p2_bulk_nga_5e17_common_primary,NGA 5e17 common-primary state,top_primary,interface_4x,T03_P2_BULK_TRAPS_FORMAL,enabled_symmetric_teaching_top_stack,0.0,0.01,0.0,0.3,bottom_oxide,0.00075,0.0,7.5,0.0,0.0,
p2_bulk_nga_5e17_common_primary,NGA 5e17 common-primary state,top_primary,interface_4x,T03_P2_BULK_TRAPS_FORMAL,enabled_symmetric_teaching_top_stack,0.0,0.01,0.0,0.3,bottom_oxide,0.00075,5.000000000000001e-07,7.5,5.000000000000001,-0.006863759329259599,
p2_bulk_nga_5e17_common_primary,NGA 5e17 common-primary state,top_primary,interface_4x,T03_P2_BULK_TRAPS_FORMAL,enabled_symmetric_teaching_top_stack,0.0,0.01,0.0,0.3,bottom_oxide,0.00075,1.0000000000000002e-06,7.5,10.000000000000002,-0.013727518673323244,
p2_bulk_nga_5e17_common_primary,NGA 5e17 common-primary state,top_primary,interface_4x,T03_P2_BULK_TRAPS_FORMAL,enabled_symmetric_teaching_top_stack,0.0,0.01,0.0,0.3,bottom_oxide,0.00075,1.5000000000000002e-06,7.5,15.000000000000002,-0.02059127804699498,
p2_bulk_nga_5e17_common_primary,NGA 5e17 common-primary state,top_primary,interface_4x,T03_P2_BULK_TRAPS_FORMAL,enabled_symmetric_teaching_top_stack,0.0,0.01,0.0,0.3,bottom_oxide,0.00075,2.0000000000000003e-06,7.5,20.000000000000004,-0.02745503746507884,
p2_bulk_nga_5e17_common_primary,NGA 5e17 common-primary state,top_primary,interface_4x,T03_P2_BULK_TRAPS_FORMAL,enabled_symmetric_teaching_top_stack,0.0,0.01,0.0,0.3,bottom_oxide,0.00075,2.1250000000000004e-06,7.5,21.250000000000004,-0.02917097732885233,
p2_bulk_nga_5e17_common_primary,NGA 5e17 common-primary state,top_primary,interface_4x,T03_P2_BULK_TRAPS_FORMAL,enabled_symmetric_teaching_top_stack,0.0,0.01,0.0,0.3,bottom_oxide,0.00075,2.2500000000000005e-06,7.5,22.500000000000004,-0.030886917196558145,
p2_bulk_nga_5e17_common_primary,NGA 5e17 common-primary state,top_primary,interface_4x,T03_P2_BULK_TRAPS_FORMAL,enabled_symmetric_teaching_top_stack,0.0,0.01,0.0,0.3,bottom_oxide,0.00075,2.375e-06,7.5,23.75,-0.03260285706842759,
p2_bulk_nga_5e17_common_primary,NGA 5e17 common-primary state,top_primary,interface_4x,T03_P2_BULK_TRAPS_FORMAL,enabled_symmetric_teaching_top_stack,0.0,0.01,0.0,0.3,bottom_oxide,0.00075,2.5e-06,7.5,25.000000000000004,-0.03431879694469199,
p2_bulk_nga_5e17_common_primary,NGA 5e17 common-primary state,top_primary,interface_4x,T03_P2_BULK_TRAPS_FORMAL,enabled_symmetric_teaching_top_stack,0.0,0.01,0.0,0.3,bottom_oxide,0.00075,2.6250000000000003e-06,7.5,26.250000000000004,-0.03603473682558264,
p2_bulk_nga_5e17_common_primary,NGA 5e17 common-primary state,top_primary,interface_4x,T03_P2_BULK_TRAPS_FORMAL,enabled_symmetric_teaching_top_stack,0.0,0.01,0.0,0.3,bottom_oxide,0.00075,2.75e-06,7.5,27.5,-0.037750676711330866,
p2_bulk_nga_5e17_common_primary,NGA 5e17 common-primary state,top_primary,interface_4x,T03_P2_BULK_TRAPS_FORMAL,enabled_symmetric_teaching_top_stack,0.0,0.01,0.0,0.3,bottom_oxide,0.00075,2.875e-06,7.5,28.75,-0.039466616602167985,
p2_bulk_nga_5e17_common_primary,NGA 5e17 common-primary state,top_primary,interface_4x,T03_P2_BULK_TRAPS_FORMAL,enabled_symmetric_teaching_top_stack,0.0,0.01,0.0,0.3,bottom_oxide,0.00075,3e-06,7.5,30.0,-0.0411825564983253,
p2_bulk_nga_5e17_common_primary,NGA 5e17 common-primary state,top_primary,interface_4x,T03_P2_BULK_TRAPS_FORMAL,enabled_symmetric_teaching_top_stack,0.0,0.01,0.0,0.3,bottom_oxide,0.000775,0.0,7.75,0.0,0.0,
p2_bulk_nga_5e17_common_primary,NGA 5e17 common-primary state,top_primary,interface_4x,T03_P2_BULK_TRAPS_FORMAL,enabled_symmetric_teaching_top_stack,0.0,0.01,0.0,0.3,bottom_oxide,0.000775,5.000000000000001e-07,7.75,5.000000000000001,-0.006856066382678494,
p2_bulk_nga_5e17_common_primary,NGA 5e17 common-primary state,top_primary,interface_4x,T03_P2_BULK_TRAPS_FORMAL,enabled_symmetric_teaching_top_stack,0.0,0.01,0.0,0.3,bottom_oxide,0.000775,1.0000000000000002e-06,7.75,10.000000000000002,-0.013712132780434276,
p2_bulk_nga_5e17_common_primary,NGA 5e17 common-primary state,top_primary,interface_4x,T03_P2_BULK_TRAPS_FORMAL,enabled_symmetric_teaching_top_stack,0.0,0.01,0.0,0.3,bottom_oxide,0.000775,1.5000000000000002e-06,7.75,15.000000000000002,-0.02056819920834463,
p2_bulk_nga_5e17_common_primary,NGA 5e17 common-primary state,top_primary,interface_4x,T03_P2_BULK_TRAPS_FORMAL,enabled_symmetric_teaching_top_stack,0.0,0.01,0.0,0.3,bottom_oxide,0.000775,2.0000000000000003e-06,7.75,20.000000000000004,-0.02742426568148683,
p2_bulk_nga_5e17_common_primary,NGA 5e17 common-primary state,top_primary,interface_4x,T03_P2_BULK_TRAPS_FORMAL,enabled_symmetric_teaching_top_stack,0.0,0.01,0.0,0.3,bottom_oxide,0.000775,2.1250000000000004e-06,7.75,21.250000000000004,-0.02913828230919568,
p2_bulk_nga_5e17_common_primary,NGA 5e17 common-primary state,top_primary,interface_4x,T03_P2_BULK_TRAPS_FORMAL,enabled_symmetric_teaching_top_stack,0.0,0.01,0.0,0.3,bottom_oxide,0.000775,2.2500000000000005e-06,7.75,22.500000000000004,-0.030852298940909434,
p2_bulk_nga_5e17_common_primary,NGA 5e17 common-primary state,top_primary,interface_4x,T03_P2_BULK_TRAPS_FORMAL,enabled_symmetric_teaching_top_stack,0.0,0.01,0.0,0.3,bottom_oxide,0.000775,2.375e-06,7.75,23.75,-0.032566315576863666,
p2_bulk_nga_5e17_common_primary,NGA 5e17 common-primary state,top_primary,interface_4x,T03_P2_BULK_TRAPS_FORMAL,enabled_symmetric_teaching_top_stack,0.0,0.01,0.0,0.3,bottom_oxide,0.000775,2.5e-06,7.75,25.000000000000004,-0.034280332217293964,
p2_bulk_nga_5e17_common_primary,NGA 5e17 common-primary state,top_primary,interface_4x,T03_P2_BULK_TRAPS_FORMAL,enabled_symmetric_teaching_top_stack,0.0,0.01,0.0,0.3,bottom_oxide,0.000775,2.6250000000000003e-06,7.75,26.250000000000004,-0.03599434886243592,
p2_bulk_nga_5e17_common_primary,NGA 5e17 common-primary state,top_primary,interface_4x,T03_P2_BULK_TRAPS_FORMAL,enabled_symmetric_teaching_top_stack,0.0,0.01,0.0,0.3,bottom_oxide,0.000775,2.75e-06,7.75,27.5,-0.03770836551252509,
p2_bulk_nga_5e17_common_primary,NGA 5e17 common-primary state,top_primary,interface_4x,T03_P2_BULK_TRAPS_FORMAL,enabled_symmetric_teaching_top_stack,0.0,0.01,0.0,0.3,bottom_oxide,0.000775,2.875e-06,7.75,28.75,-0.03942238216779708,
p2_bulk_nga_5e17_common_primary,NGA 5e17 common-primary state,top_primary,interface_4x,T03_P2_BULK_TRAPS_FORMAL,enabled_symmetric_teaching_top_stack,0.0,0.01,0.0,0.3,bottom_oxide,0.000775,3e-06,7.75,30.0,-0.04113639882848747,
p2_bulk_nga_5e17_common_primary,NGA 5e17 common-primary state,top_primary,interface_4x,T03_P2_BULK_TRAPS_FORMAL,enabled_symmetric_teaching_top_stack,0.0,0.01,0.0,0.3,bottom_oxide,0.0008,0.0,8.0,0.0,0.0,
p2_bulk_nga_5e17_common_primary,NGA 5e17 common-primary state,top_primary,interface_4x,T03_P2_BULK_TRAPS_FORMAL,enabled_symmetric_teaching_top_stack,0.0,0.01,0.0,0.3,bottom_oxide,0.0008,5.000000000000001e-07,8.0,5.000000000000001,-0.006848335742879715,
p2_bulk_nga_5e17_common_primary,NGA 5e17 common-primary state,top_primary,interface_4x,T03_P2_BULK_TRAPS_FORMAL,enabled_symmetric_teaching_top_stack,0.0,0.01,0.0,0.3,bottom_oxide,0.0008,1.0000000000000002e-06,8.0,10.000000000000002,-0.013696671501118057,
p2_bulk_nga_5e17_common_primary,NGA 5e17 common-primary state,top_primary,interface_4x,T03_P2_BULK_TRAPS_FORMAL,enabled_symmetric_teaching_top_stack,0.0,0.01,0.0,0.3,bottom_oxide,0.0008,1.5000000000000002e-06,8.0,15.000000000000002,-0.020545007290073653,
p2_bulk_nga_5e17_common_primary,NGA 5e17 common-primary state,top_primary,interface_4x,T03_P2_BULK_TRAPS_FORMAL,enabled_symmetric_teaching_top_stack,0.0,0.01,0.0,0.3,bottom_oxide,0.0008,2.0000000000000003e-06,8.0,20.000000000000004,-0.027393343125105118,
p2_bulk_nga_5e17_common_primary,NGA 5e17 common-primary state,top_primary,interface_4x,T03_P2_BULK_TRAPS_FORMAL,enabled_symmetric_teaching_top_stack,0.0,0.01,0.0,0.3,bottom_oxide,0.0008,2.1250000000000004e-06,8.0,21.250000000000004,-0.02910542709346212,
p2_bulk_nga_5e17_common_primary,NGA 5e17 common-primary state,top_primary,interface_4x,T03_P2_BULK_TRAPS_FORMAL,enabled_symmetric_teaching_top_stack,0.0,0.01,0.0,0.3,bottom_oxide,0.0008,2.2500000000000005e-06,8.0,22.500000000000004,-0.030817511065898757,
p2_bulk_nga_5e17_common_primary,NGA 5e17 common-primary state,top_primary,interface_4x,T03_P2_BULK_TRAPS_FORMAL,enabled_symmetric_teaching_top_stack,0.0,0.01,0.0,0.3,bottom_oxide,0.0008,2.375e-06,8.0,23.75,-0.032529595042655,
p2_bulk_nga_5e17_common_primary,NGA 5e17 common-primary state,top_primary,interface_4x,T03_P2_BULK_TRAPS_FORMAL,enabled_symmetric_teaching_top_stack,0.0,0.01,0.0,0.3,bottom_oxide,0.0008,2.5e-06,8.0,25.000000000000004,-0.034241679023970836,
p2_bulk_nga_5e17_common_primary,NGA 5e17 common-primary state,top_primary,interface_4x,T03_P2_BULK_TRAPS_FORMAL,enabled_symmetric_teaching_top_stack,0.0,0.01,0.0,0.3,bottom_oxide,0.0008,2.6250000000000003e-06,8.0,26.250000000000004,-0.035953763010086244,
p2_bulk_nga_5e17_common_primary,NGA 5e17 common-primary state,top_primary,interface_4x,T03_P2_BULK_TRAPS_FORMAL,enabled_symmetric_teaching_top_stack,0.0,0.01,0.0,0.3,bottom_oxide,0.0008,2.75e-06,8.0,27.5,-0.03766584700124118,
p2_bulk_nga_5e17_common_primary,NGA 5e17 common-primary state,top_primary,interface_4x,T03_P2_BULK_TRAPS_FORMAL,enabled_symmetric_teaching_top_stack,0.0,0.01,0.0,0.3,bottom_oxide,0.0008,2.875e-06,8.0,28.75,-0.039377930997675656,
p2_bulk_nga_5e17_common_primary,NGA 5e17 common-primary state,top_primary,interface_4x,T03_P2_BULK_TRAPS_FORMAL,enabled_symmetric_teaching_top_stack,0.0,0.01,0.0,0.3,bottom_oxide,0.0008,3e-06,8.0,30.0,-0.04109001499962963,
p2_bulk_nga_5e17_common_primary,NGA 5e17 common-primary state,top_primary,interface_4x,T03_P2_BULK_TRAPS_FORMAL,enabled_symmetric_teaching_top_stack,0.0,0.01,0.0,0.3,bottom_oxide,0.000825,0.0,8.25,0.0,0.0,
p2_bulk_nga_5e17_common_primary,NGA 5e17 common-primary state,top_primary,interface_4x,T03_P2_BULK_TRAPS_FORMAL,enabled_symmetric_teaching_top_stack,0.0,0.01,0.0,0.3,bottom_oxide,0.000825,5.000000000000001e-07,8.25,5.000000000000001,-0.006840566706511166,
p2_bulk_nga_5e17_common_primary,NGA 5e17 common-primary state,top_primary,interface_4x,T03_P2_BULK_TRAPS_FORMAL,enabled_symmetric_teaching_top_stack,0.0,0.01,0.0,0.3,bottom_oxide,0.000825,1.0000000000000002e-06,8.25,10.000000000000002,-0.013681133428670732,
p2_bulk_nga_5e17_common_primary,NGA 5e17 common-primary state,top_primary,interface_4x,T03_P2_BULK_TRAPS_FORMAL,enabled_symmetric_teaching_top_stack,0.0,0.01,0.0,0.3,bottom_oxide,0.000825,1.5000000000000002e-06,8.25,15.000000000000002,-0.0205217001821271,
p2_bulk_nga_5e17_common_primary,NGA 5e17 common-primary state,top_primary,interface_4x,T03_P2_BULK_TRAPS_FORMAL,enabled_symmetric_teaching_top_stack,0.0,0.01,0.0,0.3,bottom_oxide,0.000825,2.0000000000000003e-06,8.25,20.000000000000004,-0.027362266982528652,
p2_bulk_nga_5e17_common_primary,NGA 5e17 common-primary state,top_primary,interface_4x,T03_P2_BULK_TRAPS_FORMAL,enabled_symmetric_teaching_top_stack,0.0,0.01,0.0,0.3,bottom_oxide,0.000825,2.1250000000000004e-06,8.25,21.250000000000004,-0.029072408692409287,
p2_bulk_nga_5e17_common_primary,NGA 5e17 common-primary state,top_primary,interface_4x,T03_P2_BULK_TRAPS_FORMAL,enabled_symmetric_teaching_top_stack,0.0,0.01,0.0,0.3,bottom_oxide,0.000825,2.2500000000000005e-06,8.25,22.500000000000004,-0.030782550406446525,
p2_bulk_nga_5e17_common_primary,NGA 5e17 common-primary state,top_primary,interface_4x,T03_P2_BULK_TRAPS_FORMAL,enabled_symmetric_teaching_top_stack,0.0,0.01,0.0,0.3,bottom_oxide,0.000825,2.375e-06,8.25,23.75,-0.03249269212488486,
p2_bulk_nga_5e17_common_primary,NGA 5e17 common-primary state,top_primary,interface_4x,T03_P2_BULK_TRAPS_FORMAL,enabled_symmetric_teaching_top_stack,0.0,0.01,0.0,0.3,bottom_oxide,0.000825,2.5e-06,8.25,25.000000000000004,-0.03420283384796883,
p2_bulk_nga_5e17_common_primary,NGA 5e17 common-primary state,top_primary,interface_4x,T03_P2_BULK_TRAPS_FORMAL,enabled_symmetric_teaching_top_stack,0.0,0.01,0.0,0.3,bottom_oxide,0.000825,2.6250000000000003e-06,8.25,26.250000000000004,-0.03591297557594291,
p2_bulk_nga_5e17_common_primary,NGA 5e17 common-primary state,top_primary,interface_4x,T03_P2_BULK_TRAPS_FORMAL,enabled_symmetric_teaching_top_stack,0.0,0.01,0.0,0.3,bottom_oxide,0.000825,2.75e-06,8.25,27.5,-0.037623117309051615,
p2_bulk_nga_5e17_common_primary,NGA 5e17 common-primary state,top_primary,interface_4x,T03_P2_BULK_TRAPS_FORMAL,enabled_symmetric_teaching_top_stack,0.0,0.01,0.0,0.3,bottom_oxide,0.000825,2.875e-06,8.25,28.75,-0.039333259047539454,
p2_bulk_nga_5e17_common_primary,NGA 5e17 common-primary state,top_primary,interface_4x,T03_P2_BULK_TRAPS_FORMAL,enabled_symmetric_teaching_top_stack,0.0,0.01,0.0,0.3,bottom_oxide,0.000825,3e-06,8.25,30.0,-0.04104340079165093,
p2_bulk_nga_5e17_common_primary,NGA 5e17 common-primary state,top_primary,interface_4x,T03_P2_BULK_TRAPS_FORMAL,enabled_symmetric_teaching_top_stack,0.0,0.01,0.0,0.3,bottom_oxide,0.0008500000000000001,0.0,8.5,0.0,0.0,
p2_bulk_nga_5e17_common_primary,NGA 5e17 common-primary state,top_primary,interface_4x,T03_P2_BULK_TRAPS_FORMAL,enabled_symmetric_teaching_top_stack,0.0,0.01,0.0,0.3,bottom_oxide,0.0008500000000000001,5.000000000000001e-07,8.5,5.000000000000001,-0.006832758549139192,
p2_bulk_nga_5e17_common_primary,NGA 5e17 common-primary state,top_primary,interface_4x,T03_P2_BULK_TRAPS_FORMAL,enabled_symmetric_teaching_top_stack,0.0,0.01,0.0,0.3,bottom_oxide,0.0008500000000000001,1.0000000000000002e-06,8.5,10.000000000000002,-0.013665517114226425,
p2_bulk_nga_5e17_common_primary,NGA 5e17 common-primary state,top_primary,interface_4x,T03_P2_BULK_TRAPS_FORMAL,enabled_symmetric_teaching_top_stack,0.0,0.01,0.0,0.3,bottom_oxide,0.0008500000000000001,1.5000000000000002e-06,8.5,15.000000000000002,-0.0204982757112097,
p2_bulk_nga_5e17_common_primary,NGA 5e17 common-primary state,top_primary,interface_4x,T03_P2_BULK_TRAPS_FORMAL,enabled_symmetric_teaching_top_stack,0.0,0.01,0.0,0.3,bottom_oxide,0.0008500000000000001,2.0000000000000003e-06,8.5,20.000000000000004,-0.027331034356036926,
p2_bulk_nga_5e17_common_primary,NGA 5e17 common-primary state,top_primary,interface_4x,T03_P2_BULK_TRAPS_FORMAL,enabled_symmetric_teaching_top_stack,0.0,0.01,0.0,0.3,bottom_oxide,0.0008500000000000001,2.1250000000000004e-06,8.5,21.250000000000004,-0.029039224027211194,
p2_bulk_nga_5e17_common_primary,NGA 5e17 common-primary state,top_primary,interface_4x,T03_P2_BULK_TRAPS_FORMAL,enabled_symmetric_teaching_top_stack,0.0,0.01,0.0,0.3,bottom_oxide,0.0008500000000000001,2.2500000000000005e-06,8.5,22.500000000000004,-0.030747413702621632,
p2_bulk_nga_5e17_common_primary,NGA 5e17 common-primary state,top_primary,interface_4x,T03_P2_BULK_TRAPS_FORMAL,enabled_symmetric_teaching_top_stack,0.0,0.01,0.0,0.3,bottom_oxide,0.0008500000000000001,2.375e-06,8.5,23.75,-0.032455603382517406,
p2_bulk_nga_5e17_common_primary,NGA 5e17 common-primary state,top_primary,interface_4x,T03_P2_BULK_TRAPS_FORMAL,enabled_symmetric_teaching_top_stack,0.0,0.01,0.0,0.3,bottom_oxide,0.0008500000000000001,2.5e-06,8.5,25.000000000000004,-0.03416379306714772,
p2_bulk_nga_5e17_common_primary,NGA 5e17 common-primary state,top_primary,interface_4x,T03_P2_BULK_TRAPS_FORMAL,enabled_symmetric_teaching_top_stack,0.0,0.01,0.0,0.3,bottom_oxide,0.0008500000000000001,2.6250000000000003e-06,8.5,26.250000000000004,-0.03587198275676175,
p2_bulk_nga_5e17_common_primary,NGA 5e17 common-primary state,top_primary,interface_4x,T03_P2_BULK_TRAPS_FORMAL,enabled_symmetric_teaching_top_stack,0.0,0.01,0.0,0.3,bottom_oxide,0.0008500000000000001,2.75e-06,8.5,27.5,-0.03758017245160866,
p2_bulk_nga_5e17_common_primary,NGA 5e17 common-primary state,top_primary,interface_4x,T03_P2_BULK_TRAPS_FORMAL,enabled_symmetric_teaching_top_stack,0.0,0.01,0.0,0.3,bottom_oxide,0.0008500000000000001,2.875e-06,8.5,28.75,-0.03928836215193764,
p2_bulk_nga_5e17_common_primary,NGA 5e17 common-primary state,top_primary,interface_4x,T03_P2_BULK_TRAPS_FORMAL,enabled_symmetric_teaching_top_stack,0.0,0.01,0.0,0.3,bottom_oxide,0.0008500000000000001,3e-06,8.5,30.0,-0.04099655185799788,
p2_bulk_nga_5e17_common_primary,NGA 5e17 common-primary state,top_primary,interface_4x,T03_P2_BULK_TRAPS_FORMAL,enabled_symmetric_teaching_top_stack,0.0,0.01,0.0,0.3,bottom_oxide,0.0008750000000000001,0.0,8.750000000000002,0.0,0.0,
p2_bulk_nga_5e17_common_primary,NGA 5e17 common-primary state,top_primary,interface_4x,T03_P2_BULK_TRAPS_FORMAL,enabled_symmetric_teaching_top_stack,0.0,0.01,0.0,0.3,bottom_oxide,0.0008750000000000001,5.000000000000001e-07,8.750000000000002,5.000000000000001,-0.006824910521663474,
p2_bulk_nga_5e17_common_primary,NGA 5e17 common-primary state,top_primary,interface_4x,T03_P2_BULK_TRAPS_FORMAL,enabled_symmetric_teaching_top_stack,0.0,0.01,0.0,0.3,bottom_oxide,0.0008750000000000001,1.0000000000000002e-06,8.750000000000002,10.000000000000002,-0.013649821059681502,
p2_bulk_nga_5e17_common_primary,NGA 5e17 common-primary state,top_primary,interface_4x,T03_P2_BULK_TRAPS_FORMAL,enabled_symmetric_teaching_top_stack,0.0,0.01,0.0,0.3,bottom_oxide,0.0008750000000000001,1.5000000000000002e-06,8.750000000000002,15.000000000000002,-0.020474731630405228,
p2_bulk_nga_5e17_common_primary,NGA 5e17 common-primary state,top_primary,interface_4x,T03_P2_BULK_TRAPS_FORMAL,enabled_symmetric_teaching_top_stack,0.0,0.01,0.0,0.3,bottom_oxide,0.0008750000000000001,2.0000000000000003e-06,8.750000000000002,20.000000000000004,-0.027299642250179085,
p2_bulk_nga_5e17_common_primary,NGA 5e17 common-primary state,top_primary,interface_4x,T03_P2_BULK_TRAPS_FORMAL,enabled_symmetric_teaching_top_stack,0.0,0.01,0.0,0.3,bottom_oxide,0.0008750000000000001,2.1250000000000004e-06,8.750000000000002,21.250000000000004,-0.029005869915338923,
p2_bulk_nga_5e17_common_primary,NGA 5e17 common-primary state,top_primary,interface_4x,T03_P2_BULK_TRAPS_FORMAL,enabled_symmetric_teaching_top_stack,0.0,0.01,0.0,0.3,bottom_oxide,0.0008750000000000001,2.2500000000000005e-06,8.750000000000002,22.500000000000004,-0.030712097584840416,
p2_bulk_nga_5e17_common_primary,NGA 5e17 common-primary state,top_primary,interface_4x,T03_P2_BULK_TRAPS_FORMAL,enabled_symmetric_teaching_top_stack,0.0,0.01,0.0,0.3,bottom_oxide,0.0008750000000000001,2.375e-06,8.750000000000002,23.75,-0.03241832525893861,
p2_bulk_nga_5e17_common_primary,NGA 5e17 common-primary state,top_primary,interface_4x,T03_P2_BULK_TRAPS_FORMAL,enabled_symmetric_teaching_top_stack,0.0,0.01,0.0,0.3,bottom_oxide,0.0008750000000000001,2.5e-06,8.750000000000002,25.000000000000004,-0.034124552937888526,
p2_bulk_nga_5e17_common_primary,NGA 5e17 common-primary state,top_primary,interface_4x,T03_P2_BULK_TRAPS_FORMAL,enabled_symmetric_teaching_top_stack,0.0,0.01,0.0,0.3,bottom_oxide,0.0008750000000000001,2.6250000000000003e-06,8.750000000000002,26.250000000000004,-0.0358307806219451,
p2_bulk_nga_5e17_common_primary,NGA 5e17 common-primary state,top_primary,interface_4x,T03_P2_BULK_TRAPS_FORMAL,enabled_symmetric_teaching_top_stack,0.0,0.01,0.0,0.3,bottom_oxide,0.0008750000000000001,2.75e-06,8.750000000000002,27.5,-0.03753700831136321,
p2_bulk_nga_5e17_common_primary,NGA 5e17 common-primary state,top_primary,interface_4x,T03_P2_BULK_TRAPS_FORMAL,enabled_symmetric_teaching_top_stack,0.0,0.01,0.0,0.3,bottom_oxide,0.0008750000000000001,2.875e-06,8.750000000000002,28.75,-0.039243236006397696,
p2_bulk_nga_5e17_common_primary,NGA 5e17 common-primary state,top_primary,interface_4x,T03_P2_BULK_TRAPS_FORMAL,enabled_symmetric_teaching_top_stack,0.0,0.01,0.0,0.3,bottom_oxide,0.0008750000000000001,3e-06,8.750000000000002,30.0,-0.04094946370730332,
p2_bulk_nga_5e17_common_primary,NGA 5e17 common-primary state,top_primary,interface_4x,T03_P2_BULK_TRAPS_FORMAL,enabled_symmetric_teaching_top_stack,0.0,0.01,0.0,0.3,bottom_oxide,0.0009000000000000001,0.0,9.0,0.0,0.0,
p2_bulk_nga_5e17_common_primary,NGA 5e17 common-primary state,top_primary,interface_4x,T03_P2_BULK_TRAPS_FORMAL,enabled_symmetric_teaching_top_stack,0.0,0.01,0.0,0.3,bottom_oxide,0.0009000000000000001,5.000000000000001e-07,9.0,5.000000000000001,-0.006817021607804287,
p2_bulk_nga_5e17_common_primary,NGA 5e17 common-primary state,top_primary,interface_4x,T03_P2_BULK_TRAPS_FORMAL,enabled_symmetric_teaching_top_stack,0.0,0.01,0.0,0.3,bottom_oxide,0.0009000000000000001,1.0000000000000002e-06,9.0,10.000000000000002,-0.013634043240893994,
p2_bulk_nga_5e17_common_primary,NGA 5e17 common-primary state,top_primary,interface_4x,T03_P2_BULK_TRAPS_FORMAL,enabled_symmetric_teaching_top_stack,0.0,0.01,0.0,0.3,bottom_oxide,0.0009000000000000001,1.5000000000000002e-06,9.0,15.000000000000002,-0.020451064924268555,
p2_bulk_nga_5e17_common_primary,NGA 5e17 common-primary state,top_primary,interface_4x,T03_P2_BULK_TRAPS_FORMAL,enabled_symmetric_teaching_top_stack,0.0,0.01,0.0,0.3,bottom_oxide,0.0009000000000000001,2.0000000000000003e-06,9.0,20.000000000000004,-0.027268086682363663,
p2_bulk_nga_5e17_common_primary,NGA 5e17 common-primary state,top_primary,interface_4x,T03_P2_BULK_TRAPS_FORMAL,enabled_symmetric_teaching_top_stack,0.0,0.01,0.0,0.3,bottom_oxide,0.0009000000000000001,2.1250000000000004e-06,9.0,21.250000000000004,-0.02897234213725166,
p2_bulk_nga_5e17_common_primary,NGA 5e17 common-primary state,top_primary,interface_4x,T03_P2_BULK_TRAPS_FORMAL,enabled_symmetric_teaching_top_stack,0.0,0.01,0.0,0.3,bottom_oxide,0.0009000000000000001,2.2500000000000005e-06,9.0,22.500000000000004,-0.03067659759864388,
p2_bulk_nga_5e17_common_primary,NGA 5e17 common-primary state,top_primary,interface_4x,T03_P2_BULK_TRAPS_FORMAL,enabled_symmetric_teaching_top_stack,0.0,0.01,0.0,0.3,bottom_oxide,0.0009000000000000001,2.375e-06,9.0,23.75,-0.03238085306689449,
p2_bulk_nga_5e17_common_primary,NGA 5e17 common-primary state,top_primary,interface_4x,T03_P2_BULK_TRAPS_FORMAL,enabled_symmetric_teaching_top_stack,0.0,0.01,0.0,0.3,bottom_oxide,0.0009000000000000001,2.5e-06,9.0,25.000000000000004,-0.03408510854235311,
p2_bulk_nga_5e17_common_primary,NGA 5e17 common-primary state,top_primary,interface_4x,T03_P2_BULK_TRAPS_FORMAL,enabled_symmetric_teaching_top_stack,0.0,0.01,0.0,0.3,bottom_oxide,0.0009000000000000001,2.6250000000000003e-06,9.0,26.250000000000004,-0.03578936402536457,
p2_bulk_nga_5e17_common_primary,NGA 5e17 common-primary state,top_primary,interface_4x,T03_P2_BULK_TRAPS_FORMAL,enabled_symmetric_teaching_top_stack,0.0,0.01,0.0,0.3,bottom_oxide,0.0009000000000000001,2.75e-06,9.0,27.5,-0.037493619516268756,
p2_bulk_nga_5e17_common_primary,NGA 5e17 common-primary state,top_primary,interface_4x,T03_P2_BULK_TRAPS_FORMAL,enabled_symmetric_teaching_top_stack,0.0,0.01,0.0,0.3,bottom_oxide,0.0009000000000000001,2.875e-06,9.0,28.75,-0.03919787501540044,
p2_bulk_nga_5e17_common_primary,NGA 5e17 common-primary state,top_primary,interface_4x,T03_P2_BULK_TRAPS_FORMAL,enabled_symmetric_teaching_top_stack,0.0,0.01,0.0,0.3,bottom_oxide,0.0009000000000000001,3e-06,9.0,30.0,-0.04090213052308907,
p2_bulk_nga_5e17_common_primary,NGA 5e17 common-primary state,top_primary,interface_4x,T03_P2_BULK_TRAPS_FORMAL,enabled_symmetric_teaching_top_stack,0.0,0.01,0.0,0.3,bottom_oxide,0.0009249999999999999,0.0,9.25,0.0,0.0,
p2_bulk_nga_5e17_common_primary,NGA 5e17 common-primary state,top_primary,interface_4x,T03_P2_BULK_TRAPS_FORMAL,enabled_symmetric_teaching_top_stack,0.0,0.01,0.0,0.3,bottom_oxide,0.0009249999999999999,5.000000000000001e-07,9.25,5.000000000000001,-0.006809069480398846,
p2_bulk_nga_5e17_common_primary,NGA 5e17 common-primary state,top_primary,interface_4x,T03_P2_BULK_TRAPS_FORMAL,enabled_symmetric_teaching_top_stack,0.0,0.01,0.0,0.3,bottom_oxide,0.0009249999999999999,1.0000000000000002e-06,9.25,10.000000000000002,-0.013618139709967616,
p2_bulk_nga_5e17_common_primary,NGA 5e17 common-primary state,top_primary,interface_4x,T03_P2_BULK_TRAPS_FORMAL,enabled_symmetric_teaching_top_stack,0.0,0.01,0.0,0.3,bottom_oxide,0.0009249999999999999,1.5000000000000002e-06,9.25,15.000000000000002,-0.020427211416769328,
p2_bulk_nga_5e17_common_primary,NGA 5e17 common-primary state,top_primary,interface_4x,T03_P2_BULK_TRAPS_FORMAL,enabled_symmetric_teaching_top_stack,0.0,0.01,0.0,0.3,bottom_oxide,0.0009249999999999999,2.0000000000000003e-06,9.25,20.000000000000004,-0.027236285287029646,
p2_bulk_nga_5e17_common_primary,NGA 5e17 common-primary state,top_primary,interface_4x,T03_P2_BULK_TRAPS_FORMAL,enabled_symmetric_teaching_top_stack,0.0,0.01,0.0,0.3,bottom_oxide,0.0009249999999999999,2.1250000000000004e-06,9.25,21.250000000000004,-0.028938554190199518,
p2_bulk_nga_5e17_common_primary,NGA 5e17 common-primary state,top_primary,interface_4x,T03_P2_BULK_TRAPS_FORMAL,enabled_symmetric_teaching_top_stack,0.0,0.01,0.0,0.3,bottom_oxide,0.0009249999999999999,2.2500000000000005e-06,9.25,22.500000000000004,-0.030640823276580093,
p2_bulk_nga_5e17_common_primary,NGA 5e17 common-primary state,top_primary,interface_4x,T03_P2_BULK_TRAPS_FORMAL,enabled_symmetric_teaching_top_stack,0.0,0.01,0.0,0.3,bottom_oxide,0.0009249999999999999,2.375e-06,9.25,23.75,-0.03234309255480763,
p2_bulk_nga_5e17_common_primary,NGA 5e17 common-primary state,top_primary,interface_4x,T03_P2_BULK_TRAPS_FORMAL,enabled_symmetric_teaching_top_stack,0.0,0.01,0.0,0.3,bottom_oxide,0.0009249999999999999,2.5e-06,9.25,25.000000000000004,-0.03404536203316876,
p2_bulk_nga_5e17_common_primary,NGA 5e17 common-primary state,top_primary,interface_4x,T03_P2_BULK_TRAPS_FORMAL,enabled_symmetric_teaching_top_stack,0.0,0.01,0.0,0.3,bottom_oxide,0.0009249999999999999,2.6250000000000003e-06,9.25,26.250000000000004,-0.03574763171958388,
p2_bulk_nga_5e17_common_primary,NGA 5e17 common-primary state,top_primary,interface_4x,T03_P2_BULK_TRAPS_FORMAL,enabled_symmetric_teaching_top_stack,0.0,0.01,0.0,0.3,bottom_oxide,0.0009249999999999999,2.75e-06,9.25,27.5,-0.037449901621590835,
p2_bulk_nga_5e17_common_primary,NGA 5e17 common-primary state,top_primary,interface_4x,T03_P2_BULK_TRAPS_FORMAL,enabled_symmetric_teaching_top_stack,0.0,0.01,0.0,0.3,bottom_oxide,0.0009249999999999999,2.875e-06,9.25,28.75,-0.039152171746329276,
p2_bulk_nga_5e17_common_primary,NGA 5e17 common-primary state,top_primary,interface_4x,T03_P2_BULK_TRAPS_FORMAL,enabled_symmetric_teaching_top_stack,0.0,0.01,0.0,0.3,bottom_oxide,0.0009249999999999999,3e-06,9.25,30.0,-0.04085444210052533,
p2_bulk_nga_5e17_common_primary,NGA 5e17 common-primary state,top_primary,interface_4x,T03_P2_BULK_TRAPS_FORMAL,enabled_symmetric_teaching_top_stack,0.0,0.01,0.0,0.3,bottom_oxide,0.00095,0.0,9.5,0.0,0.0,
p2_bulk_nga_5e17_common_primary,NGA 5e17 common-primary state,top_primary,interface_4x,T03_P2_BULK_TRAPS_FORMAL,enabled_symmetric_teaching_top_stack,0.0,0.01,0.0,0.3,bottom_oxide,0.00095,5.000000000000001e-07,9.5,5.000000000000001,-0.006799244428181496,
p2_bulk_nga_5e17_common_primary,NGA 5e17 common-primary state,top_primary,interface_4x,T03_P2_BULK_TRAPS_FORMAL,enabled_symmetric_teaching_top_stack,0.0,0.01,0.0,0.3,bottom_oxide,0.00095,1.0000000000000002e-06,9.5,10.000000000000002,-0.013598543096687263,
p2_bulk_nga_5e17_common_primary,NGA 5e17 common-primary state,top_primary,interface_4x,T03_P2_BULK_TRAPS_FORMAL,enabled_symmetric_teaching_top_stack,0.0,0.01,0.0,0.3,bottom_oxide,0.00095,1.5000000000000002e-06,9.5,15.000000000000002,-0.020397949262755476,
p2_bulk_nga_5e17_common_primary,NGA 5e17 common-primary state,top_primary,interface_4x,T03_P2_BULK_TRAPS_FORMAL,enabled_symmetric_teaching_top_stack,0.0,0.01,0.0,0.3,bottom_oxide,0.00095,2.0000000000000003e-06,9.5,20.000000000000004,-0.027197514215022252,
p2_bulk_nga_5e17_common_primary,NGA 5e17 common-primary state,top_primary,interface_4x,T03_P2_BULK_TRAPS_FORMAL,enabled_symmetric_teaching_top_stack,0.0,0.01,0.0,0.3,bottom_oxide,0.00095,2.1250000000000004e-06,9.5,21.250000000000004,-0.02889743781494089,
p2_bulk_nga_5e17_common_primary,NGA 5e17 common-primary state,top_primary,interface_4x,T03_P2_BULK_TRAPS_FORMAL,enabled_symmetric_teaching_top_stack,0.0,0.01,0.0,0.3,bottom_oxide,0.00095,2.2500000000000005e-06,9.5,22.500000000000004,-0.030597375076111787,
p2_bulk_nga_5e17_common_primary,NGA 5e17 common-primary state,top_primary,interface_4x,T03_P2_BULK_TRAPS_FORMAL,enabled_symmetric_teaching_top_stack,0.0,0.01,0.0,0.3,bottom_oxide,0.00095,2.375e-06,9.5,23.75,-0.032297326698610414,
p2_bulk_nga_5e17_common_primary,NGA 5e17 common-primary state,top_primary,interface_4x,T03_P2_BULK_TRAPS_FORMAL,enabled_symmetric_teaching_top_stack,0.0,0.01,0.0,0.3,bottom_oxide,0.00095,2.5e-06,9.5,25.000000000000004,-0.033997293365093446,
p2_bulk_nga_5e17_common_primary,NGA 5e17 common-primary state,top_primary,interface_4x,T03_P2_BULK_TRAPS_FORMAL,enabled_symmetric_teaching_top_stack,0.0,0.01,0.0,0.3,bottom_oxide,0.00095,2.6250000000000003e-06,9.5,26.250000000000004,-0.035697275739813246,
p2_bulk_nga_5e17_common_primary,NGA 5e17 common-primary state,top_primary,interface_4x,T03_P2_BULK_TRAPS_FORMAL,enabled_symmetric_teaching_top_stack,0.0,0.01,0.0,0.3,bottom_oxide,0.00095,2.75e-06,9.5,27.5,-0.037397274467629575,
p2_bulk_nga_5e17_common_primary,NGA 5e17 common-primary state,top_primary,interface_4x,T03_P2_BULK_TRAPS_FORMAL,enabled_symmetric_teaching_top_stack,0.0,0.01,0.0,0.3,bottom_oxide,0.00095,2.875e-06,9.5,28.75,-0.039097290173018266,
p2_bulk_nga_5e17_common_primary,NGA 5e17 common-primary state,top_primary,interface_4x,T03_P2_BULK_TRAPS_FORMAL,enabled_symmetric_teaching_top_stack,0.0,0.01,0.0,0.3,bottom_oxide,0.00095,3e-06,9.5,30.0,-0.04079732345907677,
p2_bulk_nga_5e17_common_primary,NGA 5e17 common-primary state,top_primary,interface_4x,T03_P2_BULK_TRAPS_FORMAL,enabled_symmetric_teaching_top_stack,0.0,0.01,0.0,0.3,bottom_oxide,0.000975,0.0,9.75,0.0,0.0,
p2_bulk_nga_5e17_common_primary,NGA 5e17 common-primary state,top_primary,interface_4x,T03_P2_BULK_TRAPS_FORMAL,enabled_symmetric_teaching_top_stack,0.0,0.01,0.0,0.3,bottom_oxide,0.000975,5.000000000000001e-07,9.75,5.000000000000001,-0.006653818565284654,
p2_bulk_nga_5e17_common_primary,NGA 5e17 common-primary state,top_primary,interface_4x,T03_P2_BULK_TRAPS_FORMAL,enabled_symmetric_teaching_top_stack,0.0,0.01,0.0,0.3,bottom_oxide,0.000975,1.0000000000000002e-06,9.75,10.000000000000002,-0.013310202577297673,
p2_bulk_nga_5e17_common_primary,NGA 5e17 common-primary state,top_primary,interface_4x,T03_P2_BULK_TRAPS_FORMAL,enabled_symmetric_teaching_top_stack,0.0,0.01,0.0,0.3,bottom_oxide,0.000975,1.5000000000000002e-06,9.75,15.000000000000002,-0.019971721612322343,
p2_bulk_nga_5e17_common_primary,NGA 5e17 common-primary state,top_primary,interface_4x,T03_P2_BULK_TRAPS_FORMAL,enabled_symmetric_teaching_top_stack,0.0,0.01,0.0,0.3,bottom_oxide,0.000975,2.0000000000000003e-06,9.75,20.000000000000004,-0.026640953511948697,
p2_bulk_nga_5e17_common_primary,NGA 5e17 common-primary state,top_primary,interface_4x,T03_P2_BULK_TRAPS_FORMAL,enabled_symmetric_teaching_top_stack,0.0,0.01,0.0,0.3,bottom_oxide,0.000975,2.1250000000000004e-06,9.75,21.250000000000004,-0.02830987134930114,
p2_bulk_nga_5e17_common_primary,NGA 5e17 common-primary state,top_primary,interface_4x,T03_P2_BULK_TRAPS_FORMAL,enabled_symmetric_teaching_top_stack,0.0,0.01,0.0,0.3,bottom_oxide,0.000975,2.2500000000000005e-06,9.75,22.500000000000004,-0.02997947376628356,
p2_bulk_nga_5e17_common_primary,NGA 5e17 common-primary state,top_primary,interface_4x,T03_P2_BULK_TRAPS_FORMAL,enabled_symmetric_teaching_top_stack,0.0,0.01,0.0,0.3,bottom_oxide,0.000975,2.375e-06,9.75,23.75,-0.031649801466398474,
p2_bulk_nga_5e17_common_primary,NGA 5e17 common-primary state,top_primary,interface_4x,T03_P2_BULK_TRAPS_FORMAL,enabled_symmetric_teaching_top_stack,0.0,0.01,0.0,0.3,bottom_oxide,0.000975,2.5e-06,9.75,25.000000000000004,-0.03332089522609007,
p2_bulk_nga_5e17_common_primary,NGA 5e17 common-primary state,top_primary,interface_4x,T03_P2_BULK_TRAPS_FORMAL,enabled_symmetric_teaching_top_stack,0.0,0.01,0.0,0.3,bottom_oxide,0.000975,2.6250000000000003e-06,9.75,26.250000000000004,-0.03499279589884179,
p2_bulk_nga_5e17_common_primary,NGA 5e17 common-primary state,top_primary,interface_4x,T03_P2_BULK_TRAPS_FORMAL,enabled_symmetric_teaching_top_stack,0.0,0.01,0.0,0.3,bottom_oxide,0.000975,2.75e-06,9.75,27.5,-0.03666554441928118,
p2_bulk_nga_5e17_common_primary,NGA 5e17 common-primary state,top_primary,interface_4x,T03_P2_BULK_TRAPS_FORMAL,enabled_symmetric_teaching_top_stack,0.0,0.01,0.0,0.3,bottom_oxide,0.000975,2.875e-06,9.75,28.75,-0.03833918180729233,
p2_bulk_nga_5e17_common_primary,NGA 5e17 common-primary state,top_primary,interface_4x,T03_P2_BULK_TRAPS_FORMAL,enabled_symmetric_teaching_top_stack,0.0,0.01,0.0,0.3,bottom_oxide,0.000975,3e-06,9.75,30.0,-0.0400137491721363,
p2_bulk_nga_5e17_common_primary,NGA 5e17 common-primary state,top_primary,interface_4x,T03_P2_BULK_TRAPS_FORMAL,enabled_symmetric_teaching_top_stack,0.0,0.01,0.0,0.3,bottom_oxide,0.001,0.0,10.0,0.0,0.0,
p2_bulk_nga_5e17_common_primary,NGA 5e17 common-primary state,top_primary,interface_4x,T03_P2_BULK_TRAPS_FORMAL,enabled_symmetric_teaching_top_stack,0.0,0.01,0.0,0.3,bottom_oxide,0.001,5.000000000000001e-07,10.0,5.000000000000001,-9.477588146791068e-05,
p2_bulk_nga_5e17_common_primary,NGA 5e17 common-primary state,top_primary,interface_4x,T03_P2_BULK_TRAPS_FORMAL,enabled_symmetric_teaching_top_stack,0.0,0.01,0.0,0.3,bottom_oxide,0.001,1.0000000000000002e-06,10.0,10.000000000000002,-0.000184304528788768,
p2_bulk_nga_5e17_common_primary,NGA 5e17 common-primary state,top_primary,interface_4x,T03_P2_BULK_TRAPS_FORMAL,enabled_symmetric_teaching_top_stack,0.0,0.01,0.0,0.3,bottom_oxide,0.001,1.5000000000000002e-06,10.0,15.000000000000002,-0.00026333245767081825,
p2_bulk_nga_5e17_common_primary,NGA 5e17 common-primary state,top_primary,interface_4x,T03_P2_BULK_TRAPS_FORMAL,enabled_symmetric_teaching_top_stack,0.0,0.01,0.0,0.3,bottom_oxide,0.001,2.0000000000000003e-06,10.0,20.000000000000004,-0.0003265936752291473,
p2_bulk_nga_5e17_common_primary,NGA 5e17 common-primary state,top_primary,interface_4x,T03_P2_BULK_TRAPS_FORMAL,enabled_symmetric_teaching_top_stack,0.0,0.01,0.0,0.3,bottom_oxide,0.001,2.1250000000000004e-06,10.0,21.250000000000004,-0.0003391196846391397,
p2_bulk_nga_5e17_common_primary,NGA 5e17 common-primary state,top_primary,interface_4x,T03_P2_BULK_TRAPS_FORMAL,enabled_symmetric_teaching_top_stack,0.0,0.01,0.0,0.3,bottom_oxide,0.001,2.2500000000000005e-06,10.0,22.500000000000004,-0.0003502471564658989,
p2_bulk_nga_5e17_common_primary,NGA 5e17 common-primary state,top_primary,interface_4x,T03_P2_BULK_TRAPS_FORMAL,enabled_symmetric_teaching_top_stack,0.0,0.01,0.0,0.3,bottom_oxide,0.001,2.375e-06,10.0,23.75,-0.00035989316696216725,
p2_bulk_nga_5e17_common_primary,NGA 5e17 common-primary state,top_primary,interface_4x,T03_P2_BULK_TRAPS_FORMAL,enabled_symmetric_teaching_top_stack,0.0,0.01,0.0,0.3,bottom_oxide,0.001,2.5e-06,10.0,25.000000000000004,-0.00036797468204346383,
p2_bulk_nga_5e17_common_primary,NGA 5e17 common-primary state,top_primary,interface_4x,T03_P2_BULK_TRAPS_FORMAL,enabled_symmetric_teaching_top_stack,0.0,0.01,0.0,0.3,bottom_oxide,0.001,2.6250000000000003e-06,10.0,26.250000000000004,-0.0003744085510975581,
p2_bulk_nga_5e17_common_primary,NGA 5e17 common-primary state,top_primary,interface_4x,T03_P2_BULK_TRAPS_FORMAL,enabled_symmetric_teaching_top_stack,0.0,0.01,0.0,0.3,bottom_oxide,0.001,2.75e-06,10.0,27.5,-0.00037911150078426514,
p2_bulk_nga_5e17_common_primary,NGA 5e17 common-primary state,top_primary,interface_4x,T03_P2_BULK_TRAPS_FORMAL,enabled_symmetric_teaching_top_stack,0.0,0.01,0.0,0.3,bottom_oxide,0.001,2.875e-06,10.0,28.75,-0.0003820001288250473,
p2_bulk_nga_5e17_common_primary,NGA 5e17 common-primary state,top_primary,interface_4x,T03_P2_BULK_TRAPS_FORMAL,enabled_symmetric_teaching_top_stack,0.0,0.01,0.0,0.3,bottom_oxide,0.001,3e-06,10.0,30.0,-0.0003829908977819062,
p2_bulk_nga_5e17_common_primary,NGA 5e17 common-primary state,top_primary,interface_4x,T03_P2_BULK_TRAPS_FORMAL,enabled_symmetric_teaching_top_stack,0.0,0.01,0.0,0.3,channel,0.0,3e-06,0.0,30.0,0.0,1e+16
p2_bulk_nga_5e17_common_primary,NGA 5e17 common-primary state,top_primary,interface_4x,T03_P2_BULK_TRAPS_FORMAL,enabled_symmetric_teaching_top_stack,0.0,0.01,0.0,0.3,channel,0.0,3.075e-06,0.0,30.750000000000004,0.0,1e+16
p2_bulk_nga_5e17_common_primary,NGA 5e17 common-primary state,top_primary,interface_4x,T03_P2_BULK_TRAPS_FORMAL,enabled_symmetric_teaching_top_stack,0.0,0.01,0.0,0.3,channel,2.5e-05,3e-06,0.25,30.0,-0.041762554257420335,1974580761559904.8
p2_bulk_nga_5e17_common_primary,NGA 5e17 common-primary state,top_primary,interface_4x,T03_P2_BULK_TRAPS_FORMAL,enabled_symmetric_teaching_top_stack,0.0,0.01,0.0,0.3,channel,2.5e-05,3.075e-06,0.25,30.750000000000004,-0.042392664467837286,1927034566214831.0
p2_bulk_nga_5e17_common_primary,NGA 5e17 common-primary state,top_primary,interface_4x,T03_P2_BULK_TRAPS_FORMAL,enabled_symmetric_teaching_top_stack,0.0,0.01,0.0,0.3,channel,0.0,3.1500000000000003e-06,0.0,31.500000000000004,0.0,1e+16
p2_bulk_nga_5e17_common_primary,NGA 5e17 common-primary state,top_primary,interface_4x,T03_P2_BULK_TRAPS_FORMAL,enabled_symmetric_teaching_top_stack,0.0,0.01,0.0,0.3,channel,2.5e-05,3.1500000000000003e-06,0.25,31.500000000000004,-0.04285648883216109,1892768786459628.5
p2_bulk_nga_5e17_common_primary,NGA 5e17 common-primary state,top_primary,interface_4x,T03_P2_BULK_TRAPS_FORMAL,enabled_symmetric_teaching_top_stack,0.0,0.01,0.0,0.3,channel,0.0,3.225e-06,0.0,32.25,0.0,1e+16
p2_bulk_nga_5e17_common_primary,NGA 5e17 common-primary state,top_primary,interface_4x,T03_P2_BULK_TRAPS_FORMAL,enabled_symmetric_teaching_top_stack,0.0,0.01,0.0,0.3,channel,2.5e-05,3.225e-06,0.25,32.25,-0.0431541052244265,1871103340612854.2
p2_bulk_nga_5e17_common_primary,NGA 5e17 common-primary state,top_primary,interface_4x,T03_P2_BULK_TRAPS_FORMAL,enabled_symmetric_teaching_top_stack,0.0,0.01,0.0,0.3,channel,0.0,3.3e-06,0.0,33.0,0.0,1e+16
p2_bulk_nga_5e17_common_primary,NGA 5e17 common-primary state,top_primary,interface_4x,T03_P2_BULK_TRAPS_FORMAL,enabled_symmetric_teaching_top_stack,0.0,0.01,0.0,0.3,channel,2.5e-05,3.3e-06,0.25,33.0,-0.0432855633849603,1861612538293266.2
p2_bulk_nga_5e17_common_primary,NGA 5e17 common-primary state,top_primary,interface_4x,T03_P2_BULK_TRAPS_FORMAL,enabled_symmetric_teaching_top_stack,0.0,0.01,0.0,0.3,channel,0.0,3.3750000000000003e-06,0.0,33.75,0.0,1e+16
p2_bulk_nga_5e17_common_primary,NGA 5e17 common-primary state,top_primary,interface_4x,T03_P2_BULK_TRAPS_FORMAL,enabled_symmetric_teaching_top_stack,0.0,0.01,0.0,0.3,channel,2.5e-05,3.3750000000000003e-06,0.25,33.75,-0.04325088520212203,1864110967211466.2
p2_bulk_nga_5e17_common_primary,NGA 5e17 common-primary state,top_primary,interface_4x,T03_P2_BULK_TRAPS_FORMAL,enabled_symmetric_teaching_top_stack,0.0,0.01,0.0,0.3,channel,0.0,3.45e-06,0.0,34.5,0.0,1e+16
p2_bulk_nga_5e17_common_primary,NGA 5e17 common-primary state,top_primary,interface_4x,T03_P2_BULK_TRAPS_FORMAL,enabled_symmetric_teaching_top_stack,0.0,0.01,0.0,0.3,channel,2.5e-05,3.45e-06,0.25,34.5,-0.0430500648338679,1878647382191126.0
p2_bulk_nga_5e17_common_primary,NGA 5e17 common-primary state,top_primary,interface_4x,T03_P2_BULK_TRAPS_FORMAL,enabled_symmetric_teaching_top_stack,0.0,0.01,0.0,0.3,channel,0.0,3.525e-06,0.0,35.25,0.0,1e+16
p2_bulk_nga_5e17_common_primary,NGA 5e17 common-primary state,top_primary,interface_4x,T03_P2_BULK_TRAPS_FORMAL,enabled_symmetric_teaching_top_stack,0.0,0.01,0.0,0.3,channel,2.5e-05,3.525e-06,0.25,35.25,-0.042683068675827024,1905506310142283.5
p2_bulk_nga_5e17_common_primary,NGA 5e17 common-primary state,top_primary,interface_4x,T03_P2_BULK_TRAPS_FORMAL,enabled_symmetric_teaching_top_stack,0.0,0.01,0.0,0.3,channel,0.0,3.6000000000000003e-06,0.0,36.0,0.0,1e+16
p2_bulk_nga_5e17_common_primary,NGA 5e17 common-primary state,top_primary,interface_4x,T03_P2_BULK_TRAPS_FORMAL,enabled_symmetric_teaching_top_stack,0.0,0.01,0.0,0.3,channel,2.5e-05,3.6000000000000003e-06,0.25,36.0,-0.04214983517413303,1945217446077385.8
p2_bulk_nga_5e17_common_primary,NGA 5e17 common-primary state,top_primary,interface_4x,T03_P2_BULK_TRAPS_FORMAL,enabled_symmetric_teaching_top_stack,0.0,0.01,0.0,0.3,channel,0.0,3.6750000000000004e-06,0.0,36.75000000000001,0.0,1e+16
p2_bulk_nga_5e17_common_primary,NGA 5e17 common-primary state,top_primary,interface_4x,T03_P2_BULK_TRAPS_FORMAL,enabled_symmetric_teaching_top_stack,0.0,0.01,0.0,0.3,channel,2.5e-05,3.6750000000000004e-06,0.25,36.75000000000001,-0.041450274472730565,1998573281239838.2
p2_bulk_nga_5e17_common_primary,NGA 5e17 common-primary state,top_primary,interface_4x,T03_P2_BULK_TRAPS_FORMAL,enabled_symmetric_teaching_top_stack,0.0,0.01,0.0,0.3,channel,0.0,3.7500000000000005e-06,0.0,37.50000000000001,0.0,1e+16
p2_bulk_nga_5e17_common_primary,NGA 5e17 common-primary state,top_primary,interface_4x,T03_P2_BULK_TRAPS_FORMAL,enabled_symmetric_teaching_top_stack,0.0,0.01,0.0,0.3,channel,2.5e-05,3.7500000000000005e-06,0.25,37.50000000000001,-0.04058426787590527,2066655797575688.2
p2_bulk_nga_5e17_common_primary,NGA 5e17 common-primary state,top_primary,interface_4x,T03_P2_BULK_TRAPS_FORMAL,enabled_symmetric_teaching_top_stack,0.0,0.01,0.0,0.3,channel,0.0,3.825000000000001e-06,0.0,38.25000000000001,0.0,1e+16
p2_bulk_nga_5e17_common_primary,NGA 5e17 common-primary state,top_primary,interface_4x,T03_P2_BULK_TRAPS_FORMAL,enabled_symmetric_teaching_top_stack,0.0,0.01,0.0,0.3,channel,2.5e-05,3.825000000000001e-06,0.25,38.25000000000001,-0.03955166709696612,2150873507803483.0
p2_bulk_nga_5e17_common_primary,NGA 5e17 common-primary state,top_primary,interface_4x,T03_P2_BULK_TRAPS_FORMAL,enabled_symmetric_teaching_top_stack,0.0,0.01,0.0,0.3,channel,0.0,3.9e-06,0.0,39.0,0.0,1e+16
p2_bulk_nga_5e17_common_primary,NGA 5e17 common-primary state,top_primary,interface_4x,T03_P2_BULK_TRAPS_FORMAL,enabled_symmetric_teaching_top_stack,0.0,0.01,0.0,0.3,channel,2.5e-05,3.9e-06,0.25,39.0,-0.03835229325288982,2253010645974592.0
p2_bulk_nga_5e17_common_primary,NGA 5e17 common-primary state,top_primary,interface_4x,T03_P2_BULK_TRAPS_FORMAL,enabled_symmetric_teaching_top_stack,0.0,0.01,0.0,0.3,channel,0.0,3.975e-06,0.0,39.75,0.0,1e+16
p2_bulk_nga_5e17_common_primary,NGA 5e17 common-primary state,top_primary,interface_4x,T03_P2_BULK_TRAPS_FORMAL,enabled_symmetric_teaching_top_stack,0.0,0.01,0.0,0.3,channel,2.5e-05,3.975e-06,0.25,39.75,-0.036985935551783984,2375290954835669.5
p2_bulk_nga_5e17_common_primary,NGA 5e17 common-primary state,top_primary,interface_4x,T03_P2_BULK_TRAPS_FORMAL,enabled_symmetric_teaching_top_stack,0.0,0.01,0.0,0.3,channel,0.0,4.05e-06,0.0,40.5,0.0,1e+16
p2_bulk_nga_5e17_common_primary,NGA 5e17 common-primary state,top_primary,interface_4x,T03_P2_BULK_TRAPS_FORMAL,enabled_symmetric_teaching_top_stack,0.0,0.01,0.0,0.3,channel,2.5e-05,4.05e-06,0.25,40.5,-0.03545234960458817,2520459318083394.5
p2_bulk_nga_5e17_common_primary,NGA 5e17 common-primary state,top_primary,interface_4x,T03_P2_BULK_TRAPS_FORMAL,enabled_symmetric_teaching_top_stack,0.0,0.01,0.0,0.3,channel,0.0,4.125e-06,0.0,41.25,0.0,1e+16
p2_bulk_nga_5e17_common_primary,NGA 5e17 common-primary state,top_primary,interface_4x,T03_P2_BULK_TRAPS_FORMAL,enabled_symmetric_teaching_top_stack,0.0,0.01,0.0,0.3,channel,2.5e-05,4.125e-06,0.25,41.25,-0.03375125527369587,2691885505665609.0
p2_bulk_nga_5e17_common_primary,NGA 5e17 common-primary state,top_primary,interface_4x,T03_P2_BULK_TRAPS_FORMAL,enabled_symmetric_teaching_top_stack,0.0,0.01,0.0,0.3,channel,0.0,4.2000000000000004e-06,0.0,42.00000000000001,0.0,1e+16
p2_bulk_nga_5e17_common_primary,NGA 5e17 common-primary state,top_primary,interface_4x,T03_P2_BULK_TRAPS_FORMAL,enabled_symmetric_teaching_top_stack,0.0,0.01,0.0,0.3,channel,2.5e-05,4.2000000000000004e-06,0.25,42.00000000000001,-0.03188233394811093,2893695615242602.5
p2_bulk_nga_5e17_common_primary,NGA 5e17 common-primary state,top_primary,interface_4x,T03_P2_BULK_TRAPS_FORMAL,enabled_symmetric_teaching_top_stack,0.0,0.01,0.0,0.3,channel,0.0,4.2750000000000006e-06,0.0,42.75000000000001,0.0,1e+16
p2_bulk_nga_5e17_common_primary,NGA 5e17 common-primary state,top_primary,interface_4x,T03_P2_BULK_TRAPS_FORMAL,enabled_symmetric_teaching_top_stack,0.0,0.01,0.0,0.3,channel,2.5e-05,4.2750000000000006e-06,0.25,42.75000000000001,-0.029845225106014412,3130938505421085.0
p2_bulk_nga_5e17_common_primary,NGA 5e17 common-primary state,top_primary,interface_4x,T03_P2_BULK_TRAPS_FORMAL,enabled_symmetric_teaching_top_stack,0.0,0.01,0.0,0.3,channel,0.0,4.350000000000001e-06,0.0,43.50000000000001,0.0,1e+16
p2_bulk_nga_5e17_common_primary,NGA 5e17 common-primary state,top_primary,interface_4x,T03_P2_BULK_TRAPS_FORMAL,enabled_symmetric_teaching_top_stack,0.0,0.01,0.0,0.3,channel,2.5e-05,4.350000000000001e-06,0.25,43.50000000000001,-0.027639521989472858,3409796765348037.0
p2_bulk_nga_5e17_common_primary,NGA 5e17 common-primary state,top_primary,interface_4x,T03_P2_BULK_TRAPS_FORMAL,enabled_symmetric_teaching_top_stack,0.0,0.01,0.0,0.3,channel,0.0,4.425e-06,0.0,44.25,0.0,1e+16
p2_bulk_nga_5e17_common_primary,NGA 5e17 common-primary state,top_primary,interface_4x,T03_P2_BULK_TRAPS_FORMAL,enabled_symmetric_teaching_top_stack,0.0,0.01,0.0,0.3,channel,2.5e-05,4.425e-06,0.25,44.25,-0.025264766170183563,3737854740415496.0
p2_bulk_nga_5e17_common_primary,NGA 5e17 common-primary state,top_primary,interface_4x,T03_P2_BULK_TRAPS_FORMAL,enabled_symmetric_teaching_top_stack,0.0,0.01,0.0,0.3,channel,0.0,4.5e-06,0.0,45.0,0.0,1e+16
p2_bulk_nga_5e17_common_primary,NGA 5e17 common-primary state,top_primary,interface_4x,T03_P2_BULK_TRAPS_FORMAL,enabled_symmetric_teaching_top_stack,0.0,0.01,0.0,0.3,channel,2.5e-05,4.5e-06,0.25,45.0,-0.022720440726603435,4124440096318005.0
p2_bulk_nga_5e17_common_primary,NGA 5e17 common-primary state,top_primary,interface_4x,T03_P2_BULK_TRAPS_FORMAL,enabled_symmetric_teaching_top_stack,0.0,0.01,0.0,0.3,channel,0.0,4.575e-06,0.0,45.75,0.0,1e+16
p2_bulk_nga_5e17_common_primary,NGA 5e17 common-primary state,top_primary,interface_4x,T03_P2_BULK_TRAPS_FORMAL,enabled_symmetric_teaching_top_stack,0.0,0.01,0.0,0.3,channel,2.5e-05,4.575e-06,0.25,45.75,-0.02000596167752037,4581060715806933.0
p2_bulk_nga_5e17_common_primary,NGA 5e17 common-primary state,top_primary,interface_4x,T03_P2_BULK_TRAPS_FORMAL,enabled_symmetric_teaching_top_stack,0.0,0.01,0.0,0.3,channel,0.0,4.65e-06,0.0,46.50000000000001,0.0,1e+16
p2_bulk_nga_5e17_common_primary,NGA 5e17 common-primary state,top_primary,interface_4x,T03_P2_BULK_TRAPS_FORMAL,enabled_symmetric_teaching_top_stack,0.0,0.01,0.0,0.3,channel,2.5e-05,4.65e-06,0.25,46.50000000000001,-0.017120667219698276,5121965890845573.0
p2_bulk_nga_5e17_common_primary,NGA 5e17 common-primary state,top_primary,interface_4x,T03_P2_BULK_TRAPS_FORMAL,enabled_symmetric_teaching_top_stack,0.0,0.01,0.0,0.3,channel,0.0,4.7250000000000005e-06,0.0,47.25000000000001,0.0,1e+16
p2_bulk_nga_5e17_common_primary,NGA 5e17 common-primary state,top_primary,interface_4x,T03_P2_BULK_TRAPS_FORMAL,enabled_symmetric_teaching_top_stack,0.0,0.01,0.0,0.3,channel,2.5e-05,4.7250000000000005e-06,0.25,47.25000000000001,-0.014063804190374002,5764870511968831.0
p2_bulk_nga_5e17_common_primary,NGA 5e17 common-primary state,top_primary,interface_4x,T03_P2_BULK_TRAPS_FORMAL,enabled_symmetric_teaching_top_stack,0.0,0.01,0.0,0.3,channel,0.0,4.8e-06,0.0,48.0,0.0,1e+16
p2_bulk_nga_5e17_common_primary,NGA 5e17 common-primary state,top_primary,interface_4x,T03_P2_BULK_TRAPS_FORMAL,enabled_symmetric_teaching_top_stack,0.0,0.01,0.0,0.3,channel,2.5e-05,4.8e-06,0.25,48.0,-0.010834511009197644,6531894283099256.0
p2_bulk_nga_5e17_common_primary,NGA 5e17 common-primary state,top_primary,interface_4x,T03_P2_BULK_TRAPS_FORMAL,enabled_symmetric_teaching_top_stack,0.0,0.01,0.0,0.3,channel,0.0,4.875e-06,0.0,48.75,0.0,1e+16
p2_bulk_nga_5e17_common_primary,NGA 5e17 common-primary state,top_primary,interface_4x,T03_P2_BULK_TRAPS_FORMAL,enabled_symmetric_teaching_top_stack,0.0,0.01,0.0,0.3,channel,2.5e-05,4.875e-06,0.25,48.75,-0.007431796135131293,7450786364316513.0
p2_bulk_nga_5e17_common_primary,NGA 5e17 common-primary state,top_primary,interface_4x,T03_P2_BULK_TRAPS_FORMAL,enabled_symmetric_teaching_top_stack,0.0,0.01,0.0,0.3,channel,0.0,4.95e-06,0.0,49.5,0.0,1e+16
p2_bulk_nga_5e17_common_primary,NGA 5e17 common-primary state,top_primary,interface_4x,T03_P2_BULK_TRAPS_FORMAL,enabled_symmetric_teaching_top_stack,0.0,0.01,0.0,0.3,channel,2.5e-05,4.95e-06,0.25,49.5,-0.0038545107831572454,8556531387172254.0
p2_bulk_nga_5e17_common_primary,NGA 5e17 common-primary state,top_primary,interface_4x,T03_P2_BULK_TRAPS_FORMAL,enabled_symmetric_teaching_top_stack,0.0,0.01,0.0,0.3,channel,0.0,5.025e-06,0.0,50.25,0.0,1e+16
p2_bulk_nga_5e17_common_primary,NGA 5e17 common-primary state,top_primary,interface_4x,T03_P2_BULK_TRAPS_FORMAL,enabled_symmetric_teaching_top_stack,0.0,0.01,0.0,0.3,channel,2.5e-05,5.025e-06,0.25,50.25,-0.00010131425739839824,9893468609809338.0
p2_bulk_nga_5e17_common_primary,NGA 5e17 common-primary state,top_primary,interface_4x,T03_P2_BULK_TRAPS_FORMAL,enabled_symmetric_teaching_top_stack,0.0,0.01,0.0,0.3,channel,0.0,5.1e-06,0.0,51.0,0.0,1e+16
p2_bulk_nga_5e17_common_primary,NGA 5e17 common-primary state,top_primary,interface_4x,T03_P2_BULK_TRAPS_FORMAL,enabled_symmetric_teaching_top_stack,0.0,0.01,0.0,0.3,channel,2.5e-05,5.1e-06,0.25,51.0,0.003829370265033237,1.1518106709667892e+16
p2_bulk_nga_5e17_common_primary,NGA 5e17 common-primary state,top_primary,interface_4x,T03_P2_BULK_TRAPS_FORMAL,enabled_symmetric_teaching_top_stack,0.0,0.01,0.0,0.3,channel,0.0,5.1750000000000004e-06,0.0,51.75000000000001,0.0,1e+16
p2_bulk_nga_5e17_common_primary,NGA 5e17 common-primary state,top_primary,interface_4x,T03_P2_BULK_TRAPS_FORMAL,enabled_symmetric_teaching_top_stack,0.0,0.01,0.0,0.3,channel,2.5e-05,5.1750000000000004e-06,0.25,51.75000000000001,0.007939412373106195,1.3502889322864186e+16
p2_bulk_nga_5e17_common_primary,NGA 5e17 common-primary state,top_primary,interface_4x,T03_P2_BULK_TRAPS_FORMAL,enabled_symmetric_teaching_top_stack,0.0,0.01,0.0,0.3,channel,0.0,5.2500000000000006e-06,0.0,52.50000000000001,0.0,1e+16
p2_bulk_nga_5e17_common_primary,NGA 5e17 common-primary state,top_primary,interface_4x,T03_P2_BULK_TRAPS_FORMAL,enabled_symmetric_teaching_top_stack,0.0,0.01,0.0,0.3,channel,2.5e-05,5.2500000000000006e-06,0.25,52.50000000000001,0.012231047325044599,1.5941271596590888e+16
p2_bulk_nga_5e17_common_primary,NGA 5e17 common-primary state,top_primary,interface_4x,T03_P2_BULK_TRAPS_FORMAL,enabled_symmetric_teaching_top_stack,0.0,0.01,0.0,0.3,channel,0.0,5.325e-06,0.0,53.25,0.0,1e+16
p2_bulk_nga_5e17_common_primary,NGA 5e17 common-primary state,top_primary,interface_4x,T03_P2_BULK_TRAPS_FORMAL,enabled_symmetric_teaching_top_stack,0.0,0.01,0.0,0.3,channel,2.5e-05,5.325e-06,0.25,53.25,0.01670697039095715,1.8954622304741124e+16
p2_bulk_nga_5e17_common_primary,NGA 5e17 common-primary state,top_primary,interface_4x,T03_P2_BULK_TRAPS_FORMAL,enabled_symmetric_teaching_top_stack,0.0,0.01,0.0,0.3,channel,0.0,5.4e-06,0.0,54.0,0.0,1e+16
p2_bulk_nga_5e17_common_primary,NGA 5e17 common-primary state,top_primary,interface_4x,T03_P2_BULK_TRAPS_FORMAL,enabled_symmetric_teaching_top_stack,0.0,0.01,0.0,0.3,channel,2.5e-05,5.4e-06,0.25,54.0,0.021370459668104396,2.2701695728487212e+16
p2_bulk_nga_5e17_common_primary,NGA 5e17 common-primary state,top_primary,interface_4x,T03_P2_BULK_TRAPS_FORMAL,enabled_symmetric_teaching_top_stack,0.0,0.01,0.0,0.3,channel,5e-05,3e-06,0.5,30.0,-0.042388750790326536,1911224251580967.2
p2_bulk_nga_5e17_common_primary,NGA 5e17 common-primary state,top_primary,interface_4x,T03_P2_BULK_TRAPS_FORMAL,enabled_symmetric_teaching_top_stack,0.0,0.01,0.0,0.3,channel,5e-05,3.075e-06,0.5,30.750000000000004,-0.043026106035541425,1864681021730058.2
p2_bulk_nga_5e17_common_primary,NGA 5e17 common-primary state,top_primary,interface_4x,T03_P2_BULK_TRAPS_FORMAL,enabled_symmetric_teaching_top_stack,0.0,0.01,0.0,0.3,channel,5e-05,3.1500000000000003e-06,0.5,31.500000000000004,-0.04349694053203595,1831027552166879.0
p2_bulk_nga_5e17_common_primary,NGA 5e17 common-primary state,top_primary,interface_4x,T03_P2_BULK_TRAPS_FORMAL,enabled_symmetric_teaching_top_stack,0.0,0.01,0.0,0.3,channel,5e-05,3.225e-06,0.5,32.25,-0.043801328499491206,1809594995980519.0
p2_bulk_nga_5e17_common_primary,NGA 5e17 common-primary state,top_primary,interface_4x,T03_P2_BULK_TRAPS_FORMAL,enabled_symmetric_teaching_top_stack,0.0,0.01,0.0,0.3,channel,5e-05,3.3e-06,0.5,33.0,-0.04393931773718724,1799961722429755.2
p2_bulk_nga_5e17_common_primary,NGA 5e17 common-primary state,top_primary,interface_4x,T03_P2_BULK_TRAPS_FORMAL,enabled_symmetric_teaching_top_stack,0.0,0.01,0.0,0.3,channel,5e-05,3.3750000000000003e-06,0.5,33.75,-0.043910929895999234,1801939329907752.5
p2_bulk_nga_5e17_common_primary,NGA 5e17 common-primary state,top_primary,interface_4x,T03_P2_BULK_TRAPS_FORMAL,enabled_symmetric_teaching_top_stack,0.0,0.01,0.0,0.3,channel,5e-05,3.45e-06,0.5,34.5,-0.043716160598700184,1815566433516455.0
p2_bulk_nga_5e17_common_primary,NGA 5e17 common-primary state,top_primary,interface_4x,T03_P2_BULK_TRAPS_FORMAL,enabled_symmetric_teaching_top_stack,0.0,0.01,0.0,0.3,channel,5e-05,3.525e-06,0.5,35.25,-0.04335497941539014,1841109936291989.2
p2_bulk_nga_5e17_common_primary,NGA 5e17 common-primary state,top_primary,interface_4x,T03_P2_BULK_TRAPS_FORMAL,enabled_symmetric_teaching_top_stack,0.0,0.01,0.0,0.3,channel,5e-05,3.6000000000000003e-06,0.5,36.0,-0.04282732969265581,1879073843517316.2
p2_bulk_nga_5e17_common_primary,NGA 5e17 common-primary state,top_primary,interface_4x,T03_P2_BULK_TRAPS_FORMAL,enabled_symmetric_teaching_top_stack,0.0,0.01,0.0,0.3,channel,5e-05,3.6750000000000004e-06,0.5,36.75000000000001,-0.04213312822678761,1930216033597396.8
p2_bulk_nga_5e17_common_primary,NGA 5e17 common-primary state,top_primary,interface_4x,T03_P2_BULK_TRAPS_FORMAL,enabled_symmetric_teaching_top_stack,0.0,0.01,0.0,0.3,channel,5e-05,3.7500000000000005e-06,0.5,37.50000000000001,-0.04127226476268424,1995573778452071.5
p2_bulk_nga_5e17_common_primary,NGA 5e17 common-primary state,top_primary,interface_4x,T03_P2_BULK_TRAPS_FORMAL,enabled_symmetric_teaching_top_stack,0.0,0.01,0.0,0.3,channel,5e-05,3.825000000000001e-06,0.5,38.25000000000001,-0.04024460129057219,2076499235069794.5
p2_bulk_nga_5e17_common_primary,NGA 5e17 common-primary state,top_primary,interface_4x,T03_P2_BULK_TRAPS_FORMAL,enabled_symmetric_teaching_top_stack,0.0,0.01,0.0,0.3,channel,5e-05,3.9e-06,0.5,39.0,-0.039049971101923826,2174706635376359.2
p2_bulk_nga_5e17_common_primary,NGA 5e17 common-primary state,top_primary,interface_4x,T03_P2_BULK_TRAPS_FORMAL,enabled_symmetric_teaching_top_stack,0.0,0.01,0.0,0.3,channel,5e-05,3.975e-06,0.5,39.75,-0.03768817755345959,2292333517619839.5
p2_bulk_nga_5e17_common_primary,NGA 5e17 common-primary state,top_primary,interface_4x,T03_P2_BULK_TRAPS_FORMAL,enabled_symmetric_teaching_top_stack,0.0,0.01,0.0,0.3,channel,5e-05,4.05e-06,0.5,40.5,-0.036158992473243244,2432019111717958.5
p2_bulk_nga_5e17_common_primary,NGA 5e17 common-primary state,top_primary,interface_4x,T03_P2_BULK_TRAPS_FORMAL,enabled_symmetric_teaching_top_stack,0.0,0.01,0.0,0.3,channel,5e-05,4.125e-06,0.5,41.25,-0.03446215412484174,2597003968821287.0
p2_bulk_nga_5e17_common_primary,NGA 5e17 common-primary state,top_primary,interface_4x,T03_P2_BULK_TRAPS_FORMAL,enabled_symmetric_teaching_top_stack,0.0,0.01,0.0,0.3,channel,5e-05,4.2000000000000004e-06,0.5,42.00000000000001,-0.03259736462333375,2791256184852709.5
p2_bulk_nga_5e17_common_primary,NGA 5e17 common-primary state,top_primary,interface_4x,T03_P2_BULK_TRAPS_FORMAL,enabled_symmetric_teaching_top_stack,0.0,0.01,0.0,0.3,channel,5e-05,4.2750000000000006e-06,0.5,42.75000000000001,-0.030564286669332672,3019631206878235.0
p2_bulk_nga_5e17_common_primary,NGA 5e17 common-primary state,top_primary,interface_4x,T03_P2_BULK_TRAPS_FORMAL,enabled_symmetric_teaching_top_stack,0.0,0.01,0.0,0.3,channel,5e-05,4.350000000000001e-06,0.5,43.50000000000001,-0.028362539432479402,3288074362209401.5
p2_bulk_nga_5e17_common_primary,NGA 5e17 common-primary state,top_primary,interface_4x,T03_P2_BULK_TRAPS_FORMAL,enabled_symmetric_teaching_top_stack,0.0,0.01,0.0,0.3,channel,5e-05,4.425e-06,0.5,44.25,-0.02599169337187176,3603878093680013.0
p2_bulk_nga_5e17_common_primary,NGA 5e17 common-primary state,top_primary,interface_4x,T03_P2_BULK_TRAPS_FORMAL,enabled_symmetric_teaching_top_stack,0.0,0.01,0.0,0.3,channel,5e-05,4.5e-06,0.5,45.0,-0.023451263724744417,3976009668824427.5
p2_bulk_nga_5e17_common_primary,NGA 5e17 common-primary state,top_primary,interface_4x,T03_P2_BULK_TRAPS_FORMAL,enabled_symmetric_teaching_top_stack,0.0,0.01,0.0,0.3,channel,5e-05,4.575e-06,0.5,45.75,-0.02074070232255136,4415530199700223.5
p2_bulk_nga_5e17_common_primary,NGA 5e17 common-primary state,top_primary,interface_4x,T03_P2_BULK_TRAPS_FORMAL,enabled_symmetric_teaching_top_stack,0.0,0.01,0.0,0.3,channel,5e-05,4.65e-06,0.5,46.50000000000001,-0.017859387300279073,4936132644284293.0
p2_bulk_nga_5e17_common_primary,NGA 5e17 common-primary state,top_primary,interface_4x,T03_P2_BULK_TRAPS_FORMAL,enabled_symmetric_teaching_top_stack,0.0,0.01,0.0,0.3,channel,5e-05,4.7250000000000005e-06,0.5,47.25000000000001,-0.014806610143389742,5554835736303460.0
p2_bulk_nga_5e17_common_primary,NGA 5e17 common-primary state,top_primary,interface_4x,T03_P2_BULK_TRAPS_FORMAL,enabled_symmetric_teaching_top_stack,0.0,0.01,0.0,0.3,channel,5e-05,4.8e-06,0.5,48.0,-0.011581559357823427,6292883469229661.0
p2_bulk_nga_5e17_common_primary,NGA 5e17 common-primary state,top_primary,interface_4x,T03_P2_BULK_TRAPS_FORMAL,enabled_symmetric_teaching_top_stack,0.0,0.01,0.0,0.3,channel,5e-05,4.875e-06,0.5,48.75,-0.008183299839081974,7176917220488969.0
p2_bulk_nga_5e17_common_primary,NGA 5e17 common-primary state,top_primary,interface_4x,T03_P2_BULK_TRAPS_FORMAL,enabled_symmetric_teaching_top_stack,0.0,0.01,0.0,0.3,channel,5e-05,4.95e-06,0.5,49.5,-0.004610746738810199,8240511841122533.0
p2_bulk_nga_5e17_common_primary,NGA 5e17 common-primary state,top_primary,interface_4x,T03_P2_BULK_TRAPS_FORMAL,enabled_symmetric_teaching_top_stack,0.0,0.01,0.0,0.3,channel,5e-05,5.025e-06,0.5,50.25,-0.000862632256813331,9526200980942206.0
p2_bulk_nga_5e17_common_primary,NGA 5e17 common-primary state,top_primary,interface_4x,T03_P2_BULK_TRAPS_FORMAL,enabled_symmetric_teaching_top_stack,0.0,0.01,0.0,0.3,channel,5e-05,5.1e-06,0.5,51.0,0.0030625367114356155,1.1088164910853112e+16
p2_bulk_nga_5e17_common_primary,NGA 5e17 common-primary state,top_primary,interface_4x,T03_P2_BULK_TRAPS_FORMAL,enabled_symmetric_teaching_top_stack,0.0,0.01,0.0,0.3,channel,5e-05,5.1750000000000004e-06,0.5,51.75000000000001,0.007166532815883137,1.299582266852958e+16
p2_bulk_nga_5e17_common_primary,NGA 5e17 common-primary state,top_primary,interface_4x,T03_P2_BULK_TRAPS_FORMAL,enabled_symmetric_teaching_top_stack,0.0,0.01,0.0,0.3,channel,5e-05,5.2500000000000006e-06,0.5,52.50000000000001,0.011451478045830172,1.5338669446504752e+16
p2_bulk_nga_5e17_common_primary,NGA 5e17 common-primary state,top_primary,interface_4x,T03_P2_BULK_TRAPS_FORMAL,enabled_symmetric_teaching_top_stack,0.0,0.01,0.0,0.3,channel,5e-05,5.325e-06,0.5,53.25,0.01591993400802421,1.823284519604986e+16
p2_bulk_nga_5e17_common_primary,NGA 5e17 common-primary state,top_primary,interface_4x,T03_P2_BULK_TRAPS_FORMAL,enabled_symmetric_teaching_top_stack,0.0,0.01,0.0,0.3,channel,5e-05,5.4e-06,0.5,54.0,0.02057501938180901,2.1830135785182972e+16
p2_bulk_nga_5e17_common_primary,NGA 5e17 common-primary state,top_primary,interface_4x,T03_P2_BULK_TRAPS_FORMAL,enabled_symmetric_teaching_top_stack,0.0,0.01,0.0,0.3,channel,7.500000000000001e-05,3e-06,0.7500000000000001,30.0,-0.042355867683951394,1897328801019079.8
p2_bulk_nga_5e17_common_primary,NGA 5e17 common-primary state,top_primary,interface_4x,T03_P2_BULK_TRAPS_FORMAL,enabled_symmetric_teaching_top_stack,0.0,0.01,0.0,0.3,channel,7.500000000000001e-05,3.075e-06,0.7500000000000001,30.750000000000004,-0.042992619318920365,1851167182867742.2
p2_bulk_nga_5e17_common_primary,NGA 5e17 common-primary state,top_primary,interface_4x,T03_P2_BULK_TRAPS_FORMAL,enabled_symmetric_teaching_top_stack,0.0,0.01,0.0,0.3,channel,7.500000000000001e-05,3.1500000000000003e-06,0.7500000000000001,31.500000000000004,-0.04346287393913232,1817798382530417.0
p2_bulk_nga_5e17_common_primary,NGA 5e17 common-primary state,top_primary,interface_4x,T03_P2_BULK_TRAPS_FORMAL,enabled_symmetric_teaching_top_stack,0.0,0.01,0.0,0.3,channel,7.500000000000001e-05,3.225e-06,0.7500000000000001,32.25,-0.043766705451410655,1796559345945382.5
p2_bulk_nga_5e17_common_primary,NGA 5e17 common-primary state,top_primary,interface_4x,T03_P2_BULK_TRAPS_FORMAL,enabled_symmetric_teaching_top_stack,0.0,0.01,0.0,0.3,channel,7.500000000000001e-05,3.3e-06,0.7500000000000001,33.0,-0.04390416140591392,1787032329402448.5
p2_bulk_nga_5e17_common_primary,NGA 5e17 common-primary state,top_primary,interface_4x,T03_P2_BULK_TRAPS_FORMAL,enabled_symmetric_teaching_top_stack,0.0,0.01,0.0,0.3,channel,7.500000000000001e-05,3.3750000000000003e-06,0.7500000000000001,33.75,-0.043875263264225424,1789031044580450.0
p2_bulk_nga_5e17_common_primary,NGA 5e17 common-primary state,top_primary,interface_4x,T03_P2_BULK_TRAPS_FORMAL,enabled_symmetric_teaching_top_stack,0.0,0.01,0.0,0.3,channel,7.500000000000001e-05,3.45e-06,0.7500000000000001,34.5,-0.043680006517664606,1802594517164369.5
p2_bulk_nga_5e17_common_primary,NGA 5e17 common-primary state,top_primary,interface_4x,T03_P2_BULK_TRAPS_FORMAL,enabled_symmetric_teaching_top_stack,0.0,0.01,0.0,0.3,channel,7.500000000000001e-05,3.525e-06,0.7500000000000001,35.25,-0.04331836066256605,1827988371490996.2
p2_bulk_nga_5e17_common_primary,NGA 5e17 common-primary state,top_primary,interface_4x,T03_P2_BULK_TRAPS_FORMAL,enabled_symmetric_teaching_top_stack,0.0,0.01,0.0,0.3,channel,7.500000000000001e-05,3.6000000000000003e-06,0.7500000000000001,36.0,-0.04279026903111464,1865713601278662.0
p2_bulk_nga_5e17_common_primary,NGA 5e17 common-primary state,top_primary,interface_4x,T03_P2_BULK_TRAPS_FORMAL,enabled_symmetric_teaching_top_stack,0.0,0.01,0.0,0.3,channel,7.500000000000001e-05,3.6750000000000004e-06,0.7500000000000001,36.75000000000001,-0.0420956484681063,1916523237784441.2
p2_bulk_nga_5e17_common_primary,NGA 5e17 common-primary state,top_primary,interface_4x,T03_P2_BULK_TRAPS_FORMAL,enabled_symmetric_teaching_top_stack,0.0,0.01,0.0,0.3,channel,7.500000000000001e-05,3.7500000000000005e-06,0.7500000000000001,37.50000000000001,-0.0412343888353673,1981447703321922.0
p2_bulk_nga_5e17_common_primary,NGA 5e17 common-primary state,top_primary,interface_4x,T03_P2_BULK_TRAPS_FORMAL,enabled_symmetric_teaching_top_stack,0.0,0.01,0.0,0.3,channel,7.500000000000001e-05,3.825000000000001e-06,0.7500000000000001,38.25000000000001,-0.04020635231612716,2061830063543573.0
p2_bulk_nga_5e17_common_primary,NGA 5e17 common-primary state,top_primary,interface_4x,T03_P2_BULK_TRAPS_FORMAL,enabled_symmetric_teaching_top_stack,0.0,0.01,0.0,0.3,channel,7.500000000000001e-05,3.9e-06,0.7500000000000001,39.0,-0.03901137248097048,2159372893643713.5
p2_bulk_nga_5e17_common_primary,NGA 5e17 common-primary state,top_primary,interface_4x,T03_P2_BULK_TRAPS_FORMAL,enabled_symmetric_teaching_top_stack,0.0,0.01,0.0,0.3,channel,7.500000000000001e-05,3.975e-06,0.7500000000000001,39.75,-0.03764925306458022,2276199085123131.5
p2_bulk_nga_5e17_common_primary,NGA 5e17 common-primary state,top_primary,interface_4x,T03_P2_BULK_TRAPS_FORMAL,enabled_symmetric_teaching_top_stack,0.0,0.01,0.0,0.3,channel,7.500000000000001e-05,4.05e-06,0.7500000000000001,40.5,-0.036119766387710875,2414929683305714.0
p2_bulk_nga_5e17_common_primary,NGA 5e17 common-primary state,top_primary,interface_4x,T03_P2_BULK_TRAPS_FORMAL,enabled_symmetric_teaching_top_stack,0.0,0.01,0.0,0.3,channel,7.500000000000001e-05,4.125e-06,0.7500000000000001,41.25,-0.03442265134091771,2578782816344142.5
p2_bulk_nga_5e17_common_primary,NGA 5e17 common-primary state,top_primary,interface_4x,T03_P2_BULK_TRAPS_FORMAL,enabled_symmetric_teaching_top_stack,0.0,0.01,0.0,0.3,channel,7.500000000000001e-05,4.2000000000000004e-06,0.7500000000000001,42.00000000000001,-0.0325576108245354,2771699026558722.0
p2_bulk_nga_5e17_common_primary,NGA 5e17 common-primary state,top_primary,interface_4x,T03_P2_BULK_TRAPS_FORMAL,enabled_symmetric_teaching_top_stack,0.0,0.01,0.0,0.3,channel,7.500000000000001e-05,4.2750000000000006e-06,0.7500000000000001,42.75000000000001,-0.0305243085119759,2998499941730704.0
p2_bulk_nga_5e17_common_primary,NGA 5e17 common-primary state,top_primary,interface_4x,T03_P2_BULK_TRAPS_FORMAL,enabled_symmetric_teaching_top_stack,0.0,0.01,0.0,0.3,channel,7.500000000000001e-05,4.350000000000001e-06,0.7500000000000001,43.50000000000001,-0.02832236476895077,3265089358716059.5
p2_bulk_nga_5e17_common_primary,NGA 5e17 common-primary state,top_primary,interface_4x,T03_P2_BULK_TRAPS_FORMAL,enabled_symmetric_teaching_top_stack,0.0,0.01,0.0,0.3,channel,7.500000000000001e-05,4.425e-06,0.7500000000000001,44.25,-0.025951351517550354,3578708633528281.5
p2_bulk_nga_5e17_common_primary,NGA 5e17 common-primary state,top_primary,interface_4x,T03_P2_BULK_TRAPS_FORMAL,enabled_symmetric_teaching_top_stack,0.0,0.01,0.0,0.3,channel,7.500000000000001e-05,4.5e-06,0.7500000000000001,45.0,-0.023410785778364415,3948262027039924.5
p2_bulk_nga_5e17_common_primary,NGA 5e17 common-primary state,top_primary,interface_4x,T03_P2_BULK_TRAPS_FORMAL,enabled_symmetric_teaching_top_stack,0.0,0.01,0.0,0.3,channel,7.500000000000001e-05,4.575e-06,0.7500000000000001,45.75,-0.020700121552193394,4384732684746693.0
p2_bulk_nga_5e17_common_primary,NGA 5e17 common-primary state,top_primary,interface_4x,T03_P2_BULK_TRAPS_FORMAL,enabled_symmetric_teaching_top_stack,0.0,0.01,0.0,0.3,channel,7.500000000000001e-05,4.65e-06,0.7500000000000001,46.50000000000001,-0.017818739610262722,4901716708908936.0
p2_bulk_nga_5e17_common_primary,NGA 5e17 common-primary state,top_primary,interface_4x,T03_P2_BULK_TRAPS_FORMAL,enabled_symmetric_teaching_top_stack,0.0,0.01,0.0,0.3,channel,7.500000000000001e-05,4.7250000000000005e-06,0.7500000000000001,47.25000000000001,-0.014765934641326884,5516111982422298.0
p2_bulk_nga_5e17_common_primary,NGA 5e17 common-primary state,top_primary,interface_4x,T03_P2_BULK_TRAPS_FORMAL,enabled_symmetric_teaching_top_stack,0.0,0.01,0.0,0.3,channel,7.500000000000001e-05,4.8e-06,0.7500000000000001,48.0,-0.011540899046275426,6249010978445564.0
p2_bulk_nga_5e17_common_primary,NGA 5e17 common-primary state,top_primary,interface_4x,T03_P2_BULK_TRAPS_FORMAL,enabled_symmetric_teaching_top_stack,0.0,0.01,0.0,0.3,channel,7.500000000000001e-05,4.875e-06,0.7500000000000001,48.75,-0.008142702463041053,7126864103799234.0
p2_bulk_nga_5e17_common_primary,NGA 5e17 common-primary state,top_primary,interface_4x,T03_P2_BULK_TRAPS_FORMAL,enabled_symmetric_teaching_top_stack,0.0,0.01,0.0,0.3,channel,7.500000000000001e-05,4.95e-06,0.7500000000000001,49.5,-0.004570265829144478,8183004155701605.0
p2_bulk_nga_5e17_common_primary,NGA 5e17 common-primary state,top_primary,interface_4x,T03_P2_BULK_TRAPS_FORMAL,enabled_symmetric_teaching_top_stack,0.0,0.01,0.0,0.3,channel,7.500000000000001e-05,5.025e-06,0.7500000000000001,50.25,-0.0008223284216344831,9459656118304348.0
p2_bulk_nga_5e17_common_primary,NGA 5e17 common-primary state,top_primary,interface_4x,T03_P2_BULK_TRAPS_FORMAL,enabled_symmetric_teaching_top_stack,0.0,0.01,0.0,0.3,channel,7.500000000000001e-05,5.1e-06,0.7500000000000001,51.0,0.003102594179741684,1.1010604084488008e+16
p2_bulk_nga_5e17_common_primary,NGA 5e17 common-primary state,top_primary,interface_4x,T03_P2_BULK_TRAPS_FORMAL,enabled_symmetric_teaching_top_stack,0.0,0.01,0.0,0.3,channel,7.500000000000001e-05,5.1750000000000004e-06,0.7500000000000001,51.75000000000001,0.007206263928976944,1.2904755016276558e+16
p2_bulk_nga_5e17_common_primary,NGA 5e17 common-primary state,top_primary,interface_4x,T03_P2_BULK_TRAPS_FORMAL,enabled_symmetric_teaching_top_stack,0.0,0.01,0.0,0.3,channel,7.500000000000001e-05,5.2500000000000006e-06,0.7500000000000001,52.50000000000001,0.011490789585246386,1.5230937199740166e+16
p2_bulk_nga_5e17_common_primary,NGA 5e17 common-primary state,top_primary,interface_4x,T03_P2_BULK_TRAPS_FORMAL,enabled_symmetric_teaching_top_stack,0.0,0.01,0.0,0.3,channel,7.500000000000001e-05,5.325e-06,0.7500000000000001,53.25,0.015958716311073345,1.810441486333118e+16
p2_bulk_nga_5e17_common_primary,NGA 5e17 common-primary state,top_primary,interface_4x,T03_P2_BULK_TRAPS_FORMAL,enabled_symmetric_teaching_top_stack,0.0,0.01,0.0,0.3,channel,7.500000000000001e-05,5.4e-06,0.7500000000000001,54.0,0.02061314223521758,2.1675813569980464e+16
p2_bulk_nga_5e17_common_primary,NGA 5e17 common-primary state,top_primary,interface_4x,T03_P2_BULK_TRAPS_FORMAL,enabled_symmetric_teaching_top_stack,0.0,0.01,0.0,0.3,channel,0.0001,3e-06,1.0,30.0,-0.04231467062201326,1884028233242233.5
p2_bulk_nga_5e17_common_primary,NGA 5e17 common-primary state,top_primary,interface_4x,T03_P2_BULK_TRAPS_FORMAL,enabled_symmetric_teaching_top_stack,0.0,0.01,0.0,0.3,channel,0.0001,3.075e-06,1.0,30.750000000000004,-0.042950735568337825,1838239042372430.5
p2_bulk_nga_5e17_common_primary,NGA 5e17 common-primary state,top_primary,interface_4x,T03_P2_BULK_TRAPS_FORMAL,enabled_symmetric_teaching_top_stack,0.0,0.01,0.0,0.3,channel,0.0001,3.1500000000000003e-06,1.0,31.500000000000004,-0.04342033194621988,1805149244358602.0
p2_bulk_nga_5e17_common_primary,NGA 5e17 common-primary state,top_primary,interface_4x,T03_P2_BULK_TRAPS_FORMAL,enabled_symmetric_teaching_top_stack,0.0,0.01,0.0,0.3,channel,0.0001,3.225e-06,1.0,32.25,-0.043723533412129235,1784101479777163.5
p2_bulk_nga_5e17_common_primary,NGA 5e17 common-primary state,top_primary,interface_4x,T03_P2_BULK_TRAPS_FORMAL,enabled_symmetric_teaching_top_stack,0.0,0.01,0.0,0.3,channel,0.0001,3.3e-06,1.0,33.0,-0.04386038732537035,1774681854641569.2
p2_bulk_nga_5e17_common_primary,NGA 5e17 common-primary state,top_primary,interface_4x,T03_P2_BULK_TRAPS_FORMAL,enabled_symmetric_teaching_top_stack,0.0,0.01,0.0,0.3,channel,0.0001,3.3750000000000003e-06,1.0,33.75,-0.04383091501234821,1776706216462512.5
p2_bulk_nga_5e17_common_primary,NGA 5e17 common-primary state,top_primary,interface_4x,T03_P2_BULK_TRAPS_FORMAL,enabled_symmetric_teaching_top_stack,0.0,0.01,0.0,0.3,channel,0.0001,3.45e-06,1.0,34.5,-0.04363511188291454,1790214084646871.5
p2_bulk_nga_5e17_common_primary,NGA 5e17 common-primary state,top_primary,interface_4x,T03_P2_BULK_TRAPS_FORMAL,enabled_symmetric_teaching_top_stack,0.0,0.01,0.0,0.3,channel,0.0001,3.525e-06,1.0,35.25,-0.04327294740546496,1815469951125103.8
p2_bulk_nga_5e17_common_primary,NGA 5e17 common-primary state,top_primary,interface_4x,T03_P2_BULK_TRAPS_FORMAL,enabled_symmetric_teaching_top_stack,0.0,0.01,0.0,0.3,channel,0.0001,3.6000000000000003e-06,1.0,36.0,-0.0427443649393574,1852972011993815.2
p2_bulk_nga_5e17_common_primary,NGA 5e17 common-primary state,top_primary,interface_4x,T03_P2_BULK_TRAPS_FORMAL,enabled_symmetric_teaching_top_stack,0.0,0.01,0.0,0.3,channel,0.0001,3.6750000000000004e-06,1.0,36.75000000000001,-0.04204928141505885,1903468739581949.2
p2_bulk_nga_5e17_common_primary,NGA 5e17 common-primary state,top_primary,interface_4x,T03_P2_BULK_TRAPS_FORMAL,enabled_symmetric_teaching_top_stack,0.0,0.01,0.0,0.3,channel,0.0001,3.7500000000000005e-06,1.0,37.50000000000001,-0.041187586843849454,1967984078145024.2
p2_bulk_nga_5e17_common_primary,NGA 5e17 common-primary state,top_primary,interface_4x,T03_P2_BULK_TRAPS_FORMAL,enabled_symmetric_teaching_top_stack,0.0,0.01,0.0,0.3,channel,0.0001,3.825000000000001e-06,1.0,38.25000000000001,-0.04015914362953803,2047852468759558.0
p2_bulk_nga_5e17_common_primary,NGA 5e17 common-primary state,top_primary,interface_4x,T03_P2_BULK_TRAPS_FORMAL,enabled_symmetric_teaching_top_stack,0.0,0.01,0.0,0.3,channel,0.0001,3.9e-06,1.0,39.0,-0.03896378564404367,2144765407121087.8
p2_bulk_nga_5e17_common_primary,NGA 5e17 common-primary state,top_primary,interface_4x,T03_P2_BULK_TRAPS_FORMAL,enabled_symmetric_teaching_top_stack,0.0,0.01,0.0,0.3,channel,0.0001,3.975e-06,1.0,39.75,-0.03760131701636841,2260831845044143.5
p2_bulk_nga_5e17_common_primary,NGA 5e17 common-primary state,top_primary,interface_4x,T03_P2_BULK_TRAPS_FORMAL,enabled_symmetric_teaching_top_stack,0.0,0.01,0.0,0.3,channel,0.0001,4.05e-06,1.0,40.5,-0.03607151056980966,2398655504533671.0
p2_bulk_nga_5e17_common_primary,NGA 5e17 common-primary state,top_primary,interface_4x,T03_P2_BULK_TRAPS_FORMAL,enabled_symmetric_teaching_top_stack,0.0,0.01,0.0,0.3,channel,0.0001,4.125e-06,1.0,41.25,-0.034374105824469404,2561433136862252.5
p2_bulk_nga_5e17_common_primary,NGA 5e17 common-primary state,top_primary,interface_4x,T03_P2_BULK_TRAPS_FORMAL,enabled_symmetric_teaching_top_stack,0.0,0.01,0.0,0.3,channel,0.0001,4.2000000000000004e-06,1.0,42.00000000000001,-0.03250880646023282,2753079000155376.0
p2_bulk_nga_5e17_common_primary,NGA 5e17 common-primary state,top_primary,interface_4x,T03_P2_BULK_TRAPS_FORMAL,enabled_symmetric_teaching_top_stack,0.0,0.01,0.0,0.3,channel,0.0001,4.2750000000000006e-06,1.0,42.75000000000001,-0.030475277108152333,2978382443918654.0
p2_bulk_nga_5e17_common_primary,NGA 5e17 common-primary state,top_primary,interface_4x,T03_P2_BULK_TRAPS_FORMAL,enabled_symmetric_teaching_top_stack,0.0,0.01,0.0,0.3,channel,0.0001,4.350000000000001e-06,1.0,43.50000000000001,-0.028273139303945267,3243207608006458.0
p2_bulk_nga_5e17_common_primary,NGA 5e17 common-primary state,top_primary,interface_4x,T03_P2_BULK_TRAPS_FORMAL,enabled_symmetric_teaching_top_stack,0.0,0.01,0.0,0.3,channel,0.0001,4.425e-06,1.0,44.25,-0.025901966393942745,3554747044379801.5
p2_bulk_nga_5e17_common_primary,NGA 5e17 common-primary state,top_primary,interface_4x,T03_P2_BULK_TRAPS_FORMAL,enabled_symmetric_teaching_top_stack,0.0,0.01,0.0,0.3,channel,0.0001,4.5e-06,1.0,45.0,-0.023361277128469936,3921844796824253.5
p2_bulk_nga_5e17_common_primary,NGA 5e17 common-primary state,top_primary,interface_4x,T03_P2_BULK_TRAPS_FORMAL,enabled_symmetric_teaching_top_stack,0.0,0.01,0.0,0.3,channel,0.0001,4.575e-06,1.0,45.75,-0.020650527606507697,4355409464863102.0
p2_bulk_nga_5e17_common_primary,NGA 5e17 common-primary state,top_primary,interface_4x,T03_P2_BULK_TRAPS_FORMAL,enabled_symmetric_teaching_top_stack,0.0,0.01,0.0,0.3,channel,0.0001,4.65e-06,1.0,46.50000000000001,-0.017769101143509602,4868944505687703.0
p2_bulk_nga_5e17_common_primary,NGA 5e17 common-primary state,top_primary,interface_4x,T03_P2_BULK_TRAPS_FORMAL,enabled_symmetric_teaching_top_stack,0.0,0.01,0.0,0.3,channel,0.0001,4.7250000000000005e-06,1.0,47.25000000000001,-0.014716295514591143,5479232156858985.0
p2_bulk_nga_5e17_common_primary,NGA 5e17 common-primary state,top_primary,interface_4x,T03_P2_BULK_TRAPS_FORMAL,enabled_symmetric_teaching_top_stack,0.0,0.01,0.0,0.3,channel,0.0001,4.8e-06,1.0,48.0,-0.011491306868683403,6207219836889632.0
p2_bulk_nga_5e17_common_primary,NGA 5e17 common-primary state,top_primary,interface_4x,T03_P2_BULK_TRAPS_FORMAL,enabled_symmetric_teaching_top_stack,0.0,0.01,0.0,0.3,channel,0.0001,4.875e-06,1.0,48.75,-0.008093209402965306,7079175053898836.0
p2_bulk_nga_5e17_common_primary,NGA 5e17 common-primary state,top_primary,interface_4x,T03_P2_BULK_TRAPS_FORMAL,enabled_symmetric_teaching_top_stack,0.0,0.01,0.0,0.3,channel,0.0001,4.95e-06,1.0,49.5,-0.004520929613483922,8128198684155378.0
p2_bulk_nga_5e17_common_primary,NGA 5e17 common-primary state,top_primary,interface_4x,T03_P2_BULK_TRAPS_FORMAL,enabled_symmetric_teaching_top_stack,0.0,0.01,0.0,0.3,channel,0.0001,5.025e-06,1.0,50.25,-0.0007732135730876296,9396219842385026.0
p2_bulk_nga_5e17_common_primary,NGA 5e17 common-primary state,top_primary,interface_4x,T03_P2_BULK_TRAPS_FORMAL,enabled_symmetric_teaching_top_stack,0.0,0.01,0.0,0.3,channel,0.0001,5.1e-06,1.0,51.0,0.0031514148023122964,1.093664270822146e+16
p2_bulk_nga_5e17_common_primary,NGA 5e17 common-primary state,top_primary,interface_4x,T03_P2_BULK_TRAPS_FORMAL,enabled_symmetric_teaching_top_stack,0.0,0.01,0.0,0.3,channel,0.0001,5.1750000000000004e-06,1.0,51.75000000000001,0.007254707201550285,1.2817882988327524e+16
p2_bulk_nga_5e17_common_primary,NGA 5e17 common-primary state,top_primary,interface_4x,T03_P2_BULK_TRAPS_FORMAL,enabled_symmetric_teaching_top_stack,0.0,0.01,0.0,0.3,channel,0.0001,5.2500000000000006e-06,1.0,52.50000000000001,0.011538759687708244,1.5128128921731424e+16
p2_bulk_nga_5e17_common_primary,NGA 5e17 common-primary state,top_primary,interface_4x,T03_P2_BULK_TRAPS_FORMAL,enabled_symmetric_teaching_top_stack,0.0,0.01,0.0,0.3,channel,0.0001,5.325e-06,1.0,53.25,0.016006101642928268,1.7981803962632996e+16
p2_bulk_nga_5e17_common_primary,NGA 5e17 common-primary state,top_primary,interface_4x,T03_P2_BULK_TRAPS_FORMAL,enabled_symmetric_teaching_top_stack,0.0,0.01,0.0,0.3,channel,0.0001,5.4e-06,1.0,54.0,0.02065981147368707,2.1528419278288428e+16
p2_bulk_nga_5e17_common_primary,NGA 5e17 common-primary state,top_primary,interface_4x,T03_P2_BULK_TRAPS_FORMAL,enabled_symmetric_teaching_top_stack,0.0,0.01,0.0,0.3,channel,0.000125,3e-06,1.25,30.0,-0.04227323436701711,1870728153755288.0
p2_bulk_nga_5e17_common_primary,NGA 5e17 common-primary state,top_primary,interface_4x,T03_P2_BULK_TRAPS_FORMAL,enabled_symmetric_teaching_top_stack,0.0,0.01,0.0,0.3,channel,0.000125,3.075e-06,1.25,30.750000000000004,-0.042908609377143685,1825310919492794.2
p2_bulk_nga_5e17_common_primary,NGA 5e17 common-primary state,top_primary,interface_4x,T03_P2_BULK_TRAPS_FORMAL,enabled_symmetric_teaching_top_stack,0.0,0.01,0.0,0.3,channel,0.000125,3.1500000000000003e-06,1.25,31.500000000000004,-0.04337754448128945,1792499688346167.8
p2_bulk_nga_5e17_common_primary,NGA 5e17 common-primary state,top_primary,interface_4x,T03_P2_BULK_TRAPS_FORMAL,enabled_symmetric_teaching_top_stack,0.0,0.01,0.0,0.3,channel,0.000125,3.225e-06,1.25,32.25,-0.04368011308695695,1771642785165639.2
p2_bulk_nga_5e17_common_primary,NGA 5e17 common-primary state,top_primary,interface_4x,T03_P2_BULK_TRAPS_FORMAL,enabled_symmetric_teaching_top_stack,0.0,0.01,0.0,0.3,channel,0.000125,3.3e-06,1.25,33.0,-0.04381636236366732,1762330156503870.8
p2_bulk_nga_5e17_common_primary,NGA 5e17 common-primary state,top_primary,interface_4x,T03_P2_BULK_TRAPS_FORMAL,enabled_symmetric_teaching_top_stack,0.0,0.01,0.0,0.3,channel,0.000125,3.3750000000000003e-06,1.25,33.75,-0.043786313503412215,1764379777346897.8
p2_bulk_nga_5e17_common_primary,NGA 5e17 common-primary state,top_primary,interface_4x,T03_P2_BULK_TRAPS_FORMAL,enabled_symmetric_teaching_top_stack,0.0,0.01,0.0,0.3,channel,0.000125,3.45e-06,1.25,34.5,-0.04358996183504443,1777831652993264.2
p2_bulk_nga_5e17_common_primary,NGA 5e17 common-primary state,top_primary,interface_4x,T03_P2_BULK_TRAPS_FORMAL,enabled_symmetric_teaching_top_stack,0.0,0.01,0.0,0.3,channel,0.000125,3.525e-06,1.25,35.25,-0.04322727679920323,1802949135396100.0
p2_bulk_nga_5e17_common_primary,NGA 5e17 common-primary state,top_primary,interface_4x,T03_P2_BULK_TRAPS_FORMAL,enabled_symmetric_teaching_top_stack,0.0,0.01,0.0,0.3,channel,0.000125,3.6000000000000003e-06,1.25,36.0,-0.04269820178232607,1840227615473067.2
p2_bulk_nga_5e17_common_primary,NGA 5e17 common-primary state,top_primary,interface_4x,T03_P2_BULK_TRAPS_FORMAL,enabled_symmetric_teaching_top_stack,0.0,0.01,0.0,0.3,channel,0.000125,3.6750000000000004e-06,1.25,36.75000000000001,-0.042002653800192455,1890410998846622.8
p2_bulk_nga_5e17_common_primary,NGA 5e17 common-primary state,top_primary,interface_4x,T03_P2_BULK_TRAPS_FORMAL,enabled_symmetric_teaching_top_stack,0.0,0.01,0.0,0.3,channel,0.000125,3.7500000000000005e-06,1.25,37.50000000000001,-0.04114052301292478,1954516743480656.0
p2_bulk_nga_5e17_common_primary,NGA 5e17 common-primary state,top_primary,interface_4x,T03_P2_BULK_TRAPS_FORMAL,enabled_symmetric_teaching_top_stack,0.0,0.01,0.0,0.3,channel,0.000125,3.825000000000001e-06,1.25,38.25000000000001,-0.040111672044059424,2033870656944867.2
p2_bulk_nga_5e17_common_primary,NGA 5e17 common-primary state,top_primary,interface_4x,T03_P2_BULK_TRAPS_FORMAL,enabled_symmetric_teaching_top_stack,0.0,0.01,0.0,0.3,channel,0.000125,3.9e-06,1.25,39.0,-0.038915935065772844,2130153145549430.2
p2_bulk_nga_5e17_common_primary,NGA 5e17 common-primary state,top_primary,interface_4x,T03_P2_BULK_TRAPS_FORMAL,enabled_symmetric_teaching_top_stack,0.0,0.01,0.0,0.3,channel,0.000125,3.975e-06,1.25,39.75,-0.03755311660009969,2245459210297722.2
p2_bulk_nga_5e17_common_primary,NGA 5e17 common-primary state,top_primary,interface_4x,T03_P2_BULK_TRAPS_FORMAL,enabled_symmetric_teaching_top_stack,0.0,0.01,0.0,0.3,channel,0.000125,4.05e-06,1.25,40.5,-0.03602298997140291,2382375237198358.5
p2_bulk_nga_5e17_common_primary,NGA 5e17 common-primary state,top_primary,interface_4x,T03_P2_BULK_TRAPS_FORMAL,enabled_symmetric_teaching_top_stack,0.0,0.01,0.0,0.3,channel,0.000125,4.125e-06,1.25,41.25,-0.034325295327683435,2544076586061600.0
p2_bulk_nga_5e17_common_primary,NGA 5e17 common-primary state,top_primary,interface_4x,T03_P2_BULK_TRAPS_FORMAL,enabled_symmetric_teaching_top_stack,0.0,0.01,0.0,0.3,channel,0.000125,4.2000000000000004e-06,1.25,42.00000000000001,-0.03245973712658217,2734451213935644.0
p2_bulk_nga_5e17_common_primary,NGA 5e17 common-primary state,top_primary,interface_4x,T03_P2_BULK_TRAPS_FORMAL,enabled_symmetric_teaching_top_stack,0.0,0.01,0.0,0.3,channel,0.000125,4.2750000000000006e-06,1.25,42.75000000000001,-0.03042598095487677,2958256172427373.5
p2_bulk_nga_5e17_common_primary,NGA 5e17 common-primary state,top_primary,interface_4x,T03_P2_BULK_TRAPS_FORMAL,enabled_symmetric_teaching_top_stack,0.0,0.01,0.0,0.3,channel,0.000125,4.350000000000001e-06,1.25,43.50000000000001,-0.028223649516284595,3221315921544457.5
p2_bulk_nga_5e17_common_primary,NGA 5e17 common-primary state,top_primary,interface_4x,T03_P2_BULK_TRAPS_FORMAL,enabled_symmetric_teaching_top_stack,0.0,0.01,0.0,0.3,channel,0.000125,4.425e-06,1.25,44.25,-0.02585231757931567,3530774182619923.0
p2_bulk_nga_5e17_common_primary,NGA 5e17 common-primary state,top_primary,interface_4x,T03_P2_BULK_TRAPS_FORMAL,enabled_symmetric_teaching_top_stack,0.0,0.01,0.0,0.3,channel,0.000125,4.5e-06,1.25,45.0,-0.023311505621951376,3895414751542679.5
p2_bulk_nga_5e17_common_primary,NGA 5e17 common-primary state,top_primary,interface_4x,T03_P2_BULK_TRAPS_FORMAL,enabled_symmetric_teaching_top_stack,0.0,0.01,0.0,0.3,channel,0.000125,4.575e-06,1.25,45.75,-0.020600671839300515,4326071646381967.5
p2_bulk_nga_5e17_common_primary,NGA 5e17 common-primary state,top_primary,interface_4x,T03_P2_BULK_TRAPS_FORMAL,enabled_symmetric_teaching_top_stack,0.0,0.01,0.0,0.3,channel,0.000125,4.65e-06,1.25,46.50000000000001,-0.017719202089068766,4836155638845865.0
p2_bulk_nga_5e17_common_primary,NGA 5e17 common-primary state,top_primary,interface_4x,T03_P2_BULK_TRAPS_FORMAL,enabled_symmetric_teaching_top_stack,0.0,0.01,0.0,0.3,channel,0.000125,4.7250000000000005e-06,1.25,47.25000000000001,-0.014666397230888573,5442333275923905.0
p2_bulk_nga_5e17_common_primary,NGA 5e17 common-primary state,top_primary,interface_4x,T03_P2_BULK_TRAPS_FORMAL,enabled_symmetric_teaching_top_stack,0.0,0.01,0.0,0.3,channel,0.000125,4.8e-06,1.25,48.0,-0.0114414571600819,6165406872235435.0
p2_bulk_nga_5e17_common_primary,NGA 5e17 common-primary state,top_primary,interface_4x,T03_P2_BULK_TRAPS_FORMAL,enabled_symmetric_teaching_top_stack,0.0,0.01,0.0,0.3,channel,0.000125,4.875e-06,1.25,48.75,-0.008043460631682953,7031460986010807.0
p2_bulk_nga_5e17_common_primary,NGA 5e17 common-primary state,top_primary,interface_4x,T03_P2_BULK_TRAPS_FORMAL,enabled_symmetric_teaching_top_stack,0.0,0.01,0.0,0.3,channel,0.000125,4.95e-06,1.25,49.5,-0.004471339699203114,8073364523701384.0
p2_bulk_nga_5e17_common_primary,NGA 5e17 common-primary state,top_primary,interface_4x,T03_P2_BULK_TRAPS_FORMAL,enabled_symmetric_teaching_top_stack,0.0,0.01,0.0,0.3,channel,0.000125,5.025e-06,1.25,50.25,-0.0007238472306248825,9332750692061914.0
p2_bulk_nga_5e17_common_primary,NGA 5e17 common-primary state,top_primary,interface_4x,T03_P2_BULK_TRAPS_FORMAL,enabled_symmetric_teaching_top_stack,0.0,0.01,0.0,0.3,channel,0.000125,5.1e-06,1.25,51.0,0.003200484522187324,1.0862643743596594e+16
p2_bulk_nga_5e17_common_primary,NGA 5e17 common-primary state,top_primary,interface_4x,T03_P2_BULK_TRAPS_FORMAL,enabled_symmetric_teaching_top_stack,0.0,0.01,0.0,0.3,channel,0.000125,5.1750000000000004e-06,1.25,51.75000000000001,0.007303396982631912,1.27309681654073e+16
p2_bulk_nga_5e17_common_primary,NGA 5e17 common-primary state,top_primary,interface_4x,T03_P2_BULK_TRAPS_FORMAL,enabled_symmetric_teaching_top_stack,0.0,0.01,0.0,0.3,channel,0.000125,5.2500000000000006e-06,1.25,52.50000000000001,0.011586973516947494,1.502527227798228e+16
p2_bulk_nga_5e17_common_primary,NGA 5e17 common-primary state,top_primary,interface_4x,T03_P2_BULK_TRAPS_FORMAL,enabled_symmetric_teaching_top_stack,0.0,0.01,0.0,0.3,channel,0.000125,5.325e-06,1.25,53.25,0.016053727725781394,1.7859139055918038e+16
p2_bulk_nga_5e17_common_primary,NGA 5e17 common-primary state,top_primary,interface_4x,T03_P2_BULK_TRAPS_FORMAL,enabled_symmetric_teaching_top_stack,0.0,0.01,0.0,0.3,channel,0.000125,5.4e-06,1.25,54.0,0.020706718292127547,2.1380965856780588e+16
p2_bulk_nga_5e17_common_primary,NGA 5e17 common-primary state,top_primary,interface_4x,T03_P2_BULK_TRAPS_FORMAL,enabled_symmetric_teaching_top_stack,0.0,0.01,0.0,0.3,channel,0.00015000000000000001,3e-06,1.5000000000000002,30.0,-0.04223164843058891,1857421863797649.2
p2_bulk_nga_5e17_common_primary,NGA 5e17 common-primary state,top_primary,interface_4x,T03_P2_BULK_TRAPS_FORMAL,enabled_symmetric_teaching_top_stack,0.0,0.01,0.0,0.3,channel,0.00015000000000000001,3.075e-06,1.5000000000000002,30.750000000000004,-0.042866331048307324,1812376217584183.8
p2_bulk_nga_5e17_common_primary,NGA 5e17 common-primary state,top_primary,interface_4x,T03_P2_BULK_TRAPS_FORMAL,enabled_symmetric_teaching_top_stack,0.0,0.01,0.0,0.3,channel,0.00015000000000000001,3.1500000000000003e-06,1.5000000000000002,31.500000000000004,-0.043334602583986186,1779843181067651.5
p2_bulk_nga_5e17_common_primary,NGA 5e17 common-primary state,top_primary,interface_4x,T03_P2_BULK_TRAPS_FORMAL,enabled_symmetric_teaching_top_stack,0.0,0.01,0.0,0.3,channel,0.00015000000000000001,3.225e-06,1.5000000000000002,32.25,-0.04363653619693554,1759176754055576.8
p2_bulk_nga_5e17_common_primary,NGA 5e17 common-primary state,top_primary,interface_4x,T03_P2_BULK_TRAPS_FORMAL,enabled_symmetric_teaching_top_stack,0.0,0.01,0.0,0.3,channel,0.00015000000000000001,3.3e-06,1.5000000000000002,33.0,-0.04377217886740604,1749970714844429.0
p2_bulk_nga_5e17_common_primary,NGA 5e17 common-primary state,top_primary,interface_4x,T03_P2_BULK_TRAPS_FORMAL,enabled_symmetric_teaching_top_stack,0.0,0.01,0.0,0.3,channel,0.00015000000000000001,3.3750000000000003e-06,1.5000000000000002,33.75,-0.04374155165323607,1752045157279028.2
p2_bulk_nga_5e17_common_primary,NGA 5e17 common-primary state,top_primary,interface_4x,T03_P2_BULK_TRAPS_FORMAL,enabled_symmetric_teaching_top_stack,0.0,0.01,0.0,0.3,channel,0.00015000000000000001,3.45e-06,1.5000000000000002,34.5,-0.04354464980229695,1765440563801053.0
p2_bulk_nga_5e17_common_primary,NGA 5e17 common-primary state,top_primary,interface_4x,T03_P2_BULK_TRAPS_FORMAL,enabled_symmetric_teaching_top_stack,0.0,0.01,0.0,0.3,channel,0.00015000000000000001,3.525e-06,1.5000000000000002,35.25,-0.043181442727256984,1790419137210233.8
p2_bulk_nga_5e17_common_primary,NGA 5e17 common-primary state,top_primary,interface_4x,T03_P2_BULK_TRAPS_FORMAL,enabled_symmetric_teaching_top_stack,0.0,0.01,0.0,0.3,channel,0.00015000000000000001,3.6000000000000003e-06,1.5000000000000002,36.0,-0.04265187384119897,1827473453347104.8
p2_bulk_nga_5e17_common_primary,NGA 5e17 common-primary state,top_primary,interface_4x,T03_P2_BULK_TRAPS_FORMAL,enabled_symmetric_teaching_top_stack,0.0,0.01,0.0,0.3,channel,0.00015000000000000001,3.6750000000000004e-06,1.5000000000000002,36.75000000000001,-0.04195586024457472,1877342840200610.0
p2_bulk_nga_5e17_common_primary,NGA 5e17 common-primary state,top_primary,interface_4x,T03_P2_BULK_TRAPS_FORMAL,enabled_symmetric_teaching_top_stack,0.0,0.01,0.0,0.3,channel,0.00015000000000000001,3.7500000000000005e-06,1.5000000000000002,37.50000000000001,-0.041093292245518304,1941038257155355.8
p2_bulk_nga_5e17_common_primary,NGA 5e17 common-primary state,top_primary,interface_4x,T03_P2_BULK_TRAPS_FORMAL,enabled_symmetric_teaching_top_stack,0.0,0.01,0.0,0.3,channel,0.00015000000000000001,3.825000000000001e-06,1.5000000000000002,38.25000000000001,-0.04006403268629062,2019876864255947.5
p2_bulk_nga_5e17_common_primary,NGA 5e17 common-primary state,top_primary,interface_4x,T03_P2_BULK_TRAPS_FORMAL,enabled_symmetric_teaching_top_stack,0.0,0.01,0.0,0.3,channel,0.00015000000000000001,3.9e-06,1.5000000000000002,39.0,-0.03886791603817024,2115527962255987.0
p2_bulk_nga_5e17_common_primary,NGA 5e17 common-primary state,top_primary,interface_4x,T03_P2_BULK_TRAPS_FORMAL,enabled_symmetric_teaching_top_stack,0.0,0.01,0.0,0.3,channel,0.00015000000000000001,3.975e-06,1.5000000000000002,39.75,-0.03750474721494067,2230072582533516.8
p2_bulk_nga_5e17_common_primary,NGA 5e17 common-primary state,top_primary,interface_4x,T03_P2_BULK_TRAPS_FORMAL,enabled_symmetric_teaching_top_stack,0.0,0.01,0.0,0.3,channel,0.00015000000000000001,4.05e-06,1.5000000000000002,40.5,-0.03597430004064499,2366079753068641.5
p2_bulk_nga_5e17_common_primary,NGA 5e17 common-primary state,top_primary,interface_4x,T03_P2_BULK_TRAPS_FORMAL,enabled_symmetric_teaching_top_stack,0.0,0.01,0.0,0.3,channel,0.00015000000000000001,4.125e-06,1.5000000000000002,41.25,-0.034276315289727285,2526703416279830.0
p2_bulk_nga_5e17_common_primary,NGA 5e17 common-primary state,top_primary,interface_4x,T03_P2_BULK_TRAPS_FORMAL,enabled_symmetric_teaching_top_stack,0.0,0.01,0.0,0.3,channel,0.00015000000000000001,4.2000000000000004e-06,1.5000000000000002,42.00000000000001,-0.03241049819609401,2715805197506243.5
p2_bulk_nga_5e17_common_primary,NGA 5e17 common-primary state,top_primary,interface_4x,T03_P2_BULK_TRAPS_FORMAL,enabled_symmetric_teaching_top_stack,0.0,0.01,0.0,0.3,channel,0.00015000000000000001,4.2750000000000006e-06,1.5000000000000002,42.75000000000001,-0.03037651530076507,2938109814168186.0
p2_bulk_nga_5e17_common_primary,NGA 5e17 common-primary state,top_primary,interface_4x,T03_P2_BULK_TRAPS_FORMAL,enabled_symmetric_teaching_top_stack,0.0,0.01,0.0,0.3,channel,0.00015000000000000001,4.350000000000001e-06,1.5000000000000002,43.50000000000001,-0.028173990474030523,3199402003356171.5
p2_bulk_nga_5e17_common_primary,NGA 5e17 common-primary state,top_primary,interface_4x,T03_P2_BULK_TRAPS_FORMAL,enabled_symmetric_teaching_top_stack,0.0,0.01,0.0,0.3,channel,0.00015000000000000001,4.425e-06,1.5000000000000002,44.25,-0.025802499905263548,3506776604600924.0
p2_bulk_nga_5e17_common_primary,NGA 5e17 common-primary state,top_primary,interface_4x,T03_P2_BULK_TRAPS_FORMAL,enabled_symmetric_teaching_top_stack,0.0,0.01,0.0,0.3,channel,0.00015000000000000001,4.5e-06,1.5000000000000002,45.0,-0.023261565798962793,3868957105084698.0
p2_bulk_nga_5e17_common_primary,NGA 5e17 common-primary state,top_primary,interface_4x,T03_P2_BULK_TRAPS_FORMAL,enabled_symmetric_teaching_top_stack,0.0,0.01,0.0,0.3,channel,0.00015000000000000001,4.575e-06,1.5000000000000002,45.75,-0.020550648445478693,4296702869233498.0
p2_bulk_nga_5e17_common_primary,NGA 5e17 common-primary state,top_primary,interface_4x,T03_P2_BULK_TRAPS_FORMAL,enabled_symmetric_teaching_top_stack,0.0,0.01,0.0,0.3,channel,0.00015000000000000001,4.65e-06,1.5000000000000002,46.50000000000001,-0.01766913624422354,4803331897776770.0
p2_bulk_nga_5e17_common_primary,NGA 5e17 common-primary state,top_primary,interface_4x,T03_P2_BULK_TRAPS_FORMAL,enabled_symmetric_teaching_top_stack,0.0,0.01,0.0,0.3,channel,0.00015000000000000001,4.7250000000000005e-06,1.5000000000000002,47.25000000000001,-0.014616333139244615,5405394946303661.0
p2_bulk_nga_5e17_common_primary,NGA 5e17 common-primary state,top_primary,interface_4x,T03_P2_BULK_TRAPS_FORMAL,enabled_symmetric_teaching_top_stack,0.0,0.01,0.0,0.3,channel,0.00015000000000000001,4.8e-06,1.5000000000000002,48.0,-0.011391442772714895,6123549107430981.0
p2_bulk_nga_5e17_common_primary,NGA 5e17 common-primary state,top_primary,interface_4x,T03_P2_BULK_TRAPS_FORMAL,enabled_symmetric_teaching_top_stack,0.0,0.01,0.0,0.3,channel,0.00015000000000000001,4.875e-06,1.5000000000000002,48.75,-0.00799354845868336,6983695852599102.0
p2_bulk_nga_5e17_common_primary,NGA 5e17 common-primary state,top_primary,interface_4x,T03_P2_BULK_TRAPS_FORMAL,enabled_symmetric_teaching_top_stack,0.0,0.01,0.0,0.3,channel,0.00015000000000000001,4.95e-06,1.5000000000000002,49.5,-0.004421587810141359,8018471962325068.0
p2_bulk_nga_5e17_common_primary,NGA 5e17 common-primary state,top_primary,interface_4x,T03_P2_BULK_TRAPS_FORMAL,enabled_symmetric_teaching_top_stack,0.0,0.01,0.0,0.3,channel,0.00015000000000000001,5.025e-06,1.5000000000000002,50.25,-0.0006743204932541917,9269214561891724.0
p2_bulk_nga_5e17_common_primary,NGA 5e17 common-primary state,top_primary,interface_4x,T03_P2_BULK_TRAPS_FORMAL,enabled_symmetric_teaching_top_stack,0.0,0.01,0.0,0.3,channel,0.00015000000000000001,5.1e-06,1.5000000000000002,51.0,0.0032497128998839595,1.0788567791928716e+16
p2_bulk_nga_5e17_common_primary,NGA 5e17 common-primary state,top_primary,interface_4x,T03_P2_BULK_TRAPS_FORMAL,enabled_symmetric_teaching_top_stack,0.0,0.01,0.0,0.3,channel,0.00015000000000000001,5.1750000000000004e-06,1.5000000000000002,51.75000000000001,0.007352243521524272,1.264396473801076e+16
p2_bulk_nga_5e17_common_primary,NGA 5e17 common-primary state,top_primary,interface_4x,T03_P2_BULK_TRAPS_FORMAL,enabled_symmetric_teaching_top_stack,0.0,0.01,0.0,0.3,channel,0.00015000000000000001,5.2500000000000006e-06,1.5000000000000002,52.50000000000001,0.011635342033712302,1.4922313651015854e+16
p2_bulk_nga_5e17_common_primary,NGA 5e17 common-primary state,top_primary,interface_4x,T03_P2_BULK_TRAPS_FORMAL,enabled_symmetric_teaching_top_stack,0.0,0.01,0.0,0.3,channel,0.00015000000000000001,5.325e-06,1.5000000000000002,53.25,0.01610150624643974,1.7736356958779578e+16
p2_bulk_nga_5e17_common_primary,NGA 5e17 common-primary state,top_primary,interface_4x,T03_P2_BULK_TRAPS_FORMAL,enabled_symmetric_teaching_top_stack,0.0,0.01,0.0,0.3,channel,0.00015000000000000001,5.4e-06,1.5000000000000002,54.0,0.02075377510815879,2.123337832275069e+16
p2_bulk_nga_5e17_common_primary,NGA 5e17 common-primary state,top_primary,interface_4x,T03_P2_BULK_TRAPS_FORMAL,enabled_symmetric_teaching_top_stack,0.0,0.01,0.0,0.3,channel,0.000175,3e-06,1.75,30.0,-0.0421899116974776,1844109284691719.0
p2_bulk_nga_5e17_common_primary,NGA 5e17 common-primary state,top_primary,interface_4x,T03_P2_BULK_TRAPS_FORMAL,enabled_symmetric_teaching_top_stack,0.0,0.01,0.0,0.3,channel,0.000175,3.075e-06,1.75,30.750000000000004,-0.04282389944055323,1799434857484842.2
p2_bulk_nga_5e17_common_primary,NGA 5e17 common-primary state,top_primary,interface_4x,T03_P2_BULK_TRAPS_FORMAL,enabled_symmetric_teaching_top_stack,0.0,0.01,0.0,0.3,channel,0.000175,3.1500000000000003e-06,1.75,31.500000000000004,-0.0432915050890092,1767179642529676.8
p2_bulk_nga_5e17_common_primary,NGA 5e17 common-primary state,top_primary,interface_4x,T03_P2_BULK_TRAPS_FORMAL,enabled_symmetric_teaching_top_stack,0.0,0.01,0.0,0.3,channel,0.000175,3.225e-06,1.75,32.25,-0.04359280155473923,1746703305254824.5
p2_bulk_nga_5e17_common_primary,NGA 5e17 common-primary state,top_primary,interface_4x,T03_P2_BULK_TRAPS_FORMAL,enabled_symmetric_teaching_top_stack,0.0,0.01,0.0,0.3,channel,0.000175,3.3e-06,1.75,33.0,-0.04372783562923391,1737603446880886.0
p2_bulk_nga_5e17_common_primary,NGA 5e17 common-primary state,top_primary,interface_4x,T03_P2_BULK_TRAPS_FORMAL,enabled_symmetric_teaching_top_stack,0.0,0.01,0.0,0.3,channel,0.000175,3.3750000000000003e-06,1.75,33.75,-0.0436966282364324,1739702271465281.0
p2_bulk_nga_5e17_common_primary,NGA 5e17 common-primary state,top_primary,interface_4x,T03_P2_BULK_TRAPS_FORMAL,enabled_symmetric_teaching_top_stack,0.0,0.01,0.0,0.3,channel,0.000175,3.45e-06,1.75,34.5,-0.043499174543231975,1753040729808428.0
p2_bulk_nga_5e17_common_primary,NGA 5e17 common-primary state,top_primary,interface_4x,T03_P2_BULK_TRAPS_FORMAL,enabled_symmetric_teaching_top_stack,0.0,0.01,0.0,0.3,channel,0.000175,3.525e-06,1.75,35.25,-0.043135443934102,1777879866337444.0
p2_bulk_nga_5e17_common_primary,NGA 5e17 common-primary state,top_primary,interface_4x,T03_P2_BULK_TRAPS_FORMAL,enabled_symmetric_teaching_top_stack,0.0,0.01,0.0,0.3,channel,0.000175,3.6000000000000003e-06,1.75,36.0,-0.042605379848319296,1814709431865921.2
p2_bulk_nga_5e17_common_primary,NGA 5e17 common-primary state,top_primary,interface_4x,T03_P2_BULK_TRAPS_FORMAL,enabled_symmetric_teaching_top_stack,0.0,0.01,0.0,0.3,channel,0.000175,3.6750000000000004e-06,1.75,36.75000000000001,-0.04190889947034728,1864264165760674.2
p2_bulk_nga_5e17_common_primary,NGA 5e17 common-primary state,top_primary,interface_4x,T03_P2_BULK_TRAPS_FORMAL,enabled_symmetric_teaching_top_stack,0.0,0.01,0.0,0.3,channel,0.000175,3.7500000000000005e-06,1.75,37.50000000000001,-0.041045893255477306,1927548516466091.5
p2_bulk_nga_5e17_common_primary,NGA 5e17 common-primary state,top_primary,interface_4x,T03_P2_BULK_TRAPS_FORMAL,enabled_symmetric_teaching_top_stack,0.0,0.01,0.0,0.3,channel,0.000175,3.825000000000001e-06,1.75,38.25000000000001,-0.04001622426366463,2005870982396326.0
p2_bulk_nga_5e17_common_primary,NGA 5e17 common-primary state,top_primary,interface_4x,T03_P2_BULK_TRAPS_FORMAL,enabled_symmetric_teaching_top_stack,0.0,0.01,0.0,0.3,channel,0.000175,3.9e-06,1.75,39.0,-0.038819727264104785,2100889742473805.2
p2_bulk_nga_5e17_common_primary,NGA 5e17 common-primary state,top_primary,interface_4x,T03_P2_BULK_TRAPS_FORMAL,enabled_symmetric_teaching_top_stack,0.0,0.01,0.0,0.3,channel,0.000175,3.975e-06,1.75,39.75,-0.037456207561013546,2214671839514289.5
p2_bulk_nga_5e17_common_primary,NGA 5e17 common-primary state,top_primary,interface_4x,T03_P2_BULK_TRAPS_FORMAL,enabled_symmetric_teaching_top_stack,0.0,0.01,0.0,0.3,channel,0.000175,4.05e-06,1.75,40.5,-0.03592543947669343,2349768921291369.5
p2_bulk_nga_5e17_common_primary,NGA 5e17 common-primary state,top_primary,interface_4x,T03_P2_BULK_TRAPS_FORMAL,enabled_symmetric_teaching_top_stack,0.0,0.01,0.0,0.3,channel,0.000175,4.125e-06,1.75,41.25,-0.03422716441053833,2509313486728907.0
p2_bulk_nga_5e17_common_primary,NGA 5e17 common-primary state,top_primary,interface_4x,T03_P2_BULK_TRAPS_FORMAL,enabled_symmetric_teaching_top_stack,0.0,0.01,0.0,0.3,channel,0.000175,4.2000000000000004e-06,1.75,42.00000000000001,-0.03236108837119054,2697140798619009.5
p2_bulk_nga_5e17_common_primary,NGA 5e17 common-primary state,top_primary,interface_4x,T03_P2_BULK_TRAPS_FORMAL,enabled_symmetric_teaching_top_stack,0.0,0.01,0.0,0.3,channel,0.000175,4.2750000000000006e-06,1.75,42.75000000000001,-0.030326878852388266,2917943203661809.0
p2_bulk_nga_5e17_common_primary,NGA 5e17 common-primary state,top_primary,interface_4x,T03_P2_BULK_TRAPS_FORMAL,enabled_symmetric_teaching_top_stack,0.0,0.01,0.0,0.3,channel,0.000175,4.350000000000001e-06,1.75,43.50000000000001,-0.028124160889524703,3177465672667083.5
p2_bulk_nga_5e17_common_primary,NGA 5e17 common-primary state,top_primary,interface_4x,T03_P2_BULK_TRAPS_FORMAL,enabled_symmetric_teaching_top_stack,0.0,0.01,0.0,0.3,channel,0.000175,4.425e-06,1.75,44.25,-0.025752512091477657,3482754111838833.5
p2_bulk_nga_5e17_common_primary,NGA 5e17 common-primary state,top_primary,interface_4x,T03_P2_BULK_TRAPS_FORMAL,enabled_symmetric_teaching_top_stack,0.0,0.01,0.0,0.3,channel,0.000175,4.5e-06,1.75,45.0,-0.0232114563880812,3842471638424039.0
p2_bulk_nga_5e17_common_primary,NGA 5e17 common-primary state,top_primary,interface_4x,T03_P2_BULK_TRAPS_FORMAL,enabled_symmetric_teaching_top_stack,0.0,0.01,0.0,0.3,channel,0.000175,4.575e-06,1.75,45.75,-0.020500456163998763,4267302890515254.0
p2_bulk_nga_5e17_common_primary,NGA 5e17 common-primary state,top_primary,interface_4x,T03_P2_BULK_TRAPS_FORMAL,enabled_symmetric_teaching_top_stack,0.0,0.01,0.0,0.3,channel,0.000175,4.65e-06,1.75,46.50000000000001,-0.017618902359762732,4770473011767861.0
p2_bulk_nga_5e17_common_primary,NGA 5e17 common-primary state,top_primary,interface_4x,T03_P2_BULK_TRAPS_FORMAL,enabled_symmetric_teaching_top_stack,0.0,0.01,0.0,0.3,channel,0.000175,4.7250000000000005e-06,1.75,47.25000000000001,-0.014566102003694261,5368416864822741.0
p2_bulk_nga_5e17_common_primary,NGA 5e17 common-primary state,top_primary,interface_4x,T03_P2_BULK_TRAPS_FORMAL,enabled_symmetric_teaching_top_stack,0.0,0.01,0.0,0.3,channel,0.000175,4.8e-06,1.75,48.0,-0.011341262485241718,6081646201323969.0
p2_bulk_nga_5e17_common_primary,NGA 5e17 common-primary state,top_primary,interface_4x,T03_P2_BULK_TRAPS_FORMAL,enabled_symmetric_teaching_top_stack,0.0,0.01,0.0,0.3,channel,0.000175,4.875e-06,1.75,48.75,-0.00794347167859689,6935879267990643.0
p2_bulk_nga_5e17_common_primary,NGA 5e17 common-primary state,top_primary,interface_4x,T03_P2_BULK_TRAPS_FORMAL,enabled_symmetric_teaching_top_stack,0.0,0.01,0.0,0.3,channel,0.000175,4.95e-06,1.75,49.5,-0.004371672758220893,7963520562058343.0
p2_bulk_nga_5e17_common_primary,NGA 5e17 common-primary state,top_primary,interface_4x,T03_P2_BULK_TRAPS_FORMAL,enabled_symmetric_teaching_top_stack,0.0,0.01,0.0,0.3,channel,0.000175,5.025e-06,1.75,50.25,-0.0006246321914917705,9205610952372534.0
p2_bulk_nga_5e17_common_primary,NGA 5e17 common-primary state,top_primary,interface_4x,T03_P2_BULK_TRAPS_FORMAL,enabled_symmetric_teaching_top_stack,0.0,0.01,0.0,0.3,channel,0.000175,5.1e-06,1.75,51.0,0.0032991010849997542,1.0714414281207636e+16
p2_bulk_nga_5e17_common_primary,NGA 5e17 common-primary state,top_primary,interface_4x,T03_P2_BULK_TRAPS_FORMAL,enabled_symmetric_teaching_top_stack,0.0,0.01,0.0,0.3,channel,0.000175,5.1750000000000004e-06,1.75,51.75000000000001,0.007401247946645325,1.2556872048601672e+16
p2_bulk_nga_5e17_common_primary,NGA 5e17 common-primary state,top_primary,interface_4x,T03_P2_BULK_TRAPS_FORMAL,enabled_symmetric_teaching_top_stack,0.0,0.01,0.0,0.3,channel,0.000175,5.2500000000000006e-06,1.75,52.50000000000001,0.01168386634393329,1.4819252282367714e+16
p2_bulk_nga_5e17_common_primary,NGA 5e17 common-primary state,top_primary,interface_4x,T03_P2_BULK_TRAPS_FORMAL,enabled_symmetric_teaching_top_stack,0.0,0.01,0.0,0.3,channel,0.000175,5.325e-06,1.75,53.25,0.016149438287008468,1.7613456793672812e+16
p2_bulk_nga_5e17_common_primary,NGA 5e17 common-primary state,top_primary,interface_4x,T03_P2_BULK_TRAPS_FORMAL,enabled_symmetric_teaching_top_stack,0.0,0.01,0.0,0.3,channel,0.000175,5.4e-06,1.75,54.0,0.020800982978672965,2.1085655658295244e+16
p2_bulk_nga_5e17_common_primary,NGA 5e17 common-primary state,top_primary,interface_4x,T03_P2_BULK_TRAPS_FORMAL,enabled_symmetric_teaching_top_stack,0.0,0.01,0.0,0.3,channel,0.0002,3e-06,2.0,30.0,-0.04214802199452237,1830790411094198.5
p2_bulk_nga_5e17_common_primary,NGA 5e17 common-primary state,top_primary,interface_4x,T03_P2_BULK_TRAPS_FORMAL,enabled_symmetric_teaching_top_stack,0.0,0.01,0.0,0.3,channel,0.0002,3.075e-06,2.0,30.750000000000004,-0.04278131234503542,1786486832196034.5
p2_bulk_nga_5e17_common_primary,NGA 5e17 common-primary state,top_primary,interface_4x,T03_P2_BULK_TRAPS_FORMAL,enabled_symmetric_teaching_top_stack,0.0,0.01,0.0,0.3,channel,0.0002,3.1500000000000003e-06,2.0,31.500000000000004,-0.04324824975453641,1754509064158739.5
p2_bulk_nga_5e17_common_primary,NGA 5e17 common-primary state,top_primary,interface_4x,T03_P2_BULK_TRAPS_FORMAL,enabled_symmetric_teaching_top_stack,0.0,0.01,0.0,0.3,channel,0.0002,3.225e-06,2.0,32.25,-0.043548906888286734,1734222428663645.8
p2_bulk_nga_5e17_common_primary,NGA 5e17 common-primary state,top_primary,interface_4x,T03_P2_BULK_TRAPS_FORMAL,enabled_symmetric_teaching_top_stack,0.0,0.01,0.0,0.3,channel,0.0002,3.3e-06,2.0,33.0,-0.04368333034953054,1725228341006365.5
p2_bulk_nga_5e17_common_primary,NGA 5e17 common-primary state,top_primary,interface_4x,T03_P2_BULK_TRAPS_FORMAL,enabled_symmetric_teaching_top_stack,0.0,0.01,0.0,0.3,channel,0.0002,3.3750000000000003e-06,2.0,33.75,-0.04365154092856039,1727351106783081.0
p2_bulk_nga_5e17_common_primary,NGA 5e17 common-primary state,top_primary,interface_4x,T03_P2_BULK_TRAPS_FORMAL,enabled_symmetric_teaching_top_stack,0.0,0.01,0.0,0.3,channel,0.0002,3.45e-06,2.0,34.5,-0.04345353371130113,1740632136341875.8
p2_bulk_nga_5e17_common_primary,NGA 5e17 common-primary state,top_primary,interface_4x,T03_P2_BULK_TRAPS_FORMAL,enabled_symmetric_teaching_top_stack,0.0,0.01,0.0,0.3,channel,0.0002,3.525e-06,2.0,35.25,-0.04308927805378484,1765331306491593.2
p2_bulk_nga_5e17_common_primary,NGA 5e17 common-primary state,top_primary,interface_4x,T03_P2_BULK_TRAPS_FORMAL,enabled_symmetric_teaching_top_stack,0.0,0.01,0.0,0.3,channel,0.0002,3.6000000000000003e-06,2.0,36.0,-0.04255871742101638,1801935533042136.2
p2_bulk_nga_5e17_common_primary,NGA 5e17 common-primary state,top_primary,interface_4x,T03_P2_BULK_TRAPS_FORMAL,enabled_symmetric_teaching_top_stack,0.0,0.01,0.0,0.3,channel,0.0002,3.6750000000000004e-06,2.0,36.75000000000001,-0.04186176908079102,1851174955721467.5
p2_bulk_nga_5e17_common_primary,NGA 5e17 common-primary state,top_primary,interface_4x,T03_P2_BULK_TRAPS_FORMAL,enabled_symmetric_teaching_top_stack,0.0,0.01,0.0,0.3,channel,0.0002,3.7500000000000005e-06,2.0,37.50000000000001,-0.040998323634679756,1914047499642835.0
p2_bulk_nga_5e17_common_primary,NGA 5e17 common-primary state,top_primary,interface_4x,T03_P2_BULK_TRAPS_FORMAL,enabled_symmetric_teaching_top_stack,0.0,0.01,0.0,0.3,channel,0.0002,3.825000000000001e-06,2.0,38.25000000000001,-0.0399682443592748,1991852987451991.2
p2_bulk_nga_5e17_common_primary,NGA 5e17 common-primary state,top_primary,interface_4x,T03_P2_BULK_TRAPS_FORMAL,enabled_symmetric_teaching_top_stack,0.0,0.01,0.0,0.3,channel,0.0002,3.9e-06,2.0,39.0,-0.03877136632047214,2086238459929617.8
p2_bulk_nga_5e17_common_primary,NGA 5e17 common-primary state,top_primary,interface_4x,T03_P2_BULK_TRAPS_FORMAL,enabled_symmetric_teaching_top_stack,0.0,0.01,0.0,0.3,channel,0.0002,3.975e-06,2.0,39.75,-0.03740749521156808,2199256952352083.8
p2_bulk_nga_5e17_common_primary,NGA 5e17 common-primary state,top_primary,interface_4x,T03_P2_BULK_TRAPS_FORMAL,enabled_symmetric_teaching_top_stack,0.0,0.01,0.0,0.3,channel,0.0002,4.05e-06,2.0,40.5,-0.03587640585166506,2333442710063230.5
p2_bulk_nga_5e17_common_primary,NGA 5e17 common-primary state,top_primary,interface_4x,T03_P2_BULK_TRAPS_FORMAL,enabled_symmetric_teaching_top_stack,0.0,0.01,0.0,0.3,channel,0.0002,4.125e-06,2.0,41.25,-0.03417784026357107,2491906762338242.5
p2_bulk_nga_5e17_common_primary,NGA 5e17 common-primary state,top_primary,interface_4x,T03_P2_BULK_TRAPS_FORMAL,enabled_symmetric_teaching_top_stack,0.0,0.01,0.0,0.3,channel,0.0002,4.2000000000000004e-06,2.0,42.00000000000001,-0.0323115052290889,2678457978525906.0
p2_bulk_nga_5e17_common_primary,NGA 5e17 common-primary state,top_primary,interface_4x,T03_P2_BULK_TRAPS_FORMAL,enabled_symmetric_teaching_top_stack,0.0,0.01,0.0,0.3,channel,0.0002,4.2750000000000006e-06,2.0,42.75000000000001,-0.03027706919310233,2897756298006335.0
p2_bulk_nga_5e17_common_primary,NGA 5e17 common-primary state,top_primary,interface_4x,T03_P2_BULK_TRAPS_FORMAL,enabled_symmetric_teaching_top_stack,0.0,0.01,0.0,0.3,channel,0.0002,4.350000000000001e-06,2.0,43.50000000000001,-0.02807415835458654,3155506881869763.0
p2_bulk_nga_5e17_common_primary,NGA 5e17 common-primary state,top_primary,interface_4x,T03_P2_BULK_TRAPS_FORMAL,enabled_symmetric_teaching_top_stack,0.0,0.01,0.0,0.3,channel,0.0002,4.425e-06,2.0,44.25,-0.02570235174051116,3458706651384086.0
p2_bulk_nga_5e17_common_primary,NGA 5e17 common-primary state,top_primary,interface_4x,T03_P2_BULK_TRAPS_FORMAL,enabled_symmetric_teaching_top_stack,0.0,0.01,0.0,0.3,channel,0.0002,4.5e-06,2.0,45.0,-0.023161175004807348,3815958292537240.5
p2_bulk_nga_5e17_common_primary,NGA 5e17 common-primary state,top_primary,interface_4x,T03_P2_BULK_TRAPS_FORMAL,enabled_symmetric_teaching_top_stack,0.0,0.01,0.0,0.3,channel,0.0002,4.575e-06,2.0,45.75,-0.02045009262546431,4237871644293022.0
p2_bulk_nga_5e17_common_primary,NGA 5e17 common-primary state,top_primary,interface_4x,T03_P2_BULK_TRAPS_FORMAL,enabled_symmetric_teaching_top_stack,0.0,0.01,0.0,0.3,channel,0.0002,4.65e-06,2.0,46.50000000000001,-0.01756849808348781,4737578907023703.0
p2_bulk_nga_5e17_common_primary,NGA 5e17 common-primary state,top_primary,interface_4x,T03_P2_BULK_TRAPS_FORMAL,enabled_symmetric_teaching_top_stack,0.0,0.01,0.0,0.3,channel,0.0002,4.7250000000000005e-06,2.0,47.25000000000001,-0.014515701491270325,5331398948755297.0
p2_bulk_nga_5e17_common_primary,NGA 5e17 common-primary state,top_primary,interface_4x,T03_P2_BULK_TRAPS_FORMAL,enabled_symmetric_teaching_top_stack,0.0,0.01,0.0,0.3,channel,0.0002,4.8e-06,2.0,48.0,-0.01129091398589756,6039698061071769.0
p2_bulk_nga_5e17_common_primary,NGA 5e17 common-primary state,top_primary,interface_4x,T03_P2_BULK_TRAPS_FORMAL,enabled_symmetric_teaching_top_stack,0.0,0.01,0.0,0.3,channel,0.0002,4.875e-06,2.0,48.75,-0.007893228002769094,6888011127935842.0
p2_bulk_nga_5e17_common_primary,NGA 5e17 common-primary state,top_primary,interface_4x,T03_P2_BULK_TRAPS_FORMAL,enabled_symmetric_teaching_top_stack,0.0,0.01,0.0,0.3,channel,0.0002,4.95e-06,2.0,49.5,-0.004321592279742416,7908510205884160.0
p2_bulk_nga_5e17_common_primary,NGA 5e17 common-primary state,top_primary,interface_4x,T03_P2_BULK_TRAPS_FORMAL,enabled_symmetric_teaching_top_stack,0.0,0.01,0.0,0.3,channel,0.0002,5.025e-06,2.0,50.25,-0.0005747800883752509,9141939732355352.0
p2_bulk_nga_5e17_common_primary,NGA 5e17 common-primary state,top_primary,interface_4x,T03_P2_BULK_TRAPS_FORMAL,enabled_symmetric_teaching_top_stack,0.0,0.01,0.0,0.3,channel,0.0002,5.1e-06,2.0,51.0,0.0033486512860408497,1.0640183064903136e+16
p2_bulk_nga_5e17_common_primary,NGA 5e17 common-primary state,top_primary,interface_4x,T03_P2_BULK_TRAPS_FORMAL,enabled_symmetric_teaching_top_stack,0.0,0.01,0.0,0.3,channel,0.0002,5.1750000000000004e-06,2.0,51.75000000000001,0.007450412436387501,1.2469689934336962e+16
p2_bulk_nga_5e17_common_primary,NGA 5e17 common-primary state,top_primary,interface_4x,T03_P2_BULK_TRAPS_FORMAL,enabled_symmetric_teaching_top_stack,0.0,0.01,0.0,0.3,channel,0.0002,5.2500000000000006e-06,2.0,52.50000000000001,0.011732548594292812,1.4716087992600036e+16
p2_bulk_nga_5e17_common_primary,NGA 5e17 common-primary state,top_primary,interface_4x,T03_P2_BULK_TRAPS_FORMAL,enabled_symmetric_teaching_top_stack,0.0,0.01,0.0,0.3,channel,0.0002,5.325e-06,2.0,53.25,0.016197525960924282,1.7490438365463844e+16
p2_bulk_nga_5e17_common_primary,NGA 5e17 common-primary state,top_primary,interface_4x,T03_P2_BULK_TRAPS_FORMAL,enabled_symmetric_teaching_top_stack,0.0,0.01,0.0,0.3,channel,0.0002,5.4e-06,2.0,54.0,0.02084834398238688,2.093779765549444e+16
p2_bulk_nga_5e17_common_primary,NGA 5e17 common-primary state,top_primary,interface_4x,T03_P2_BULK_TRAPS_FORMAL,enabled_symmetric_teaching_top_stack,0.0,0.01,0.0,0.3,channel,0.00022500000000000002,3e-06,2.25,30.0,-0.04210597708482667,1817465238728620.2
p2_bulk_nga_5e17_common_primary,NGA 5e17 common-primary state,top_primary,interface_4x,T03_P2_BULK_TRAPS_FORMAL,enabled_symmetric_teaching_top_stack,0.0,0.01,0.0,0.3,channel,0.00022500000000000002,3.075e-06,2.25,30.750000000000004,-0.042738567488214405,1773532135749767.2
p2_bulk_nga_5e17_common_primary,NGA 5e17 common-primary state,top_primary,interface_4x,T03_P2_BULK_TRAPS_FORMAL,enabled_symmetric_teaching_top_stack,0.0,0.01,0.0,0.3,channel,0.00022500000000000002,3.1500000000000003e-06,2.25,31.500000000000004,-0.04320483427316843,1741831438383951.2
p2_bulk_nga_5e17_common_primary,NGA 5e17 common-primary state,top_primary,interface_4x,T03_P2_BULK_TRAPS_FORMAL,enabled_symmetric_teaching_top_stack,0.0,0.01,0.0,0.3,channel,0.00022500000000000002,3.225e-06,2.25,32.25,-0.043504849859109795,1721734115164190.0
p2_bulk_nga_5e17_common_primary,NGA 5e17 common-primary state,top_primary,interface_4x,T03_P2_BULK_TRAPS_FORMAL,enabled_symmetric_teaching_top_stack,0.0,0.01,0.0,0.3,channel,0.00022500000000000002,3.3e-06,2.25,33.0,-0.043638660661553176,1712845386582144.8
p2_bulk_nga_5e17_common_primary,NGA 5e17 common-primary state,top_primary,interface_4x,T03_P2_BULK_TRAPS_FORMAL,enabled_symmetric_teaching_top_stack,0.0,0.01,0.0,0.3,channel,0.00022500000000000002,3.3750000000000003e-06,2.25,33.75,-0.043606287337395744,1714991651071009.2
p2_bulk_nga_5e17_common_primary,NGA 5e17 common-primary state,top_primary,interface_4x,T03_P2_BULK_TRAPS_FORMAL,enabled_symmetric_teaching_top_stack,0.0,0.01,0.0,0.3,channel,0.00022500000000000002,3.45e-06,2.25,34.5,-0.04340772489158557,1728214769688664.0
p2_bulk_nga_5e17_common_primary,NGA 5e17 common-primary state,top_primary,interface_4x,T03_P2_BULK_TRAPS_FORMAL,enabled_symmetric_teaching_top_stack,0.0,0.01,0.0,0.3,channel,0.00022500000000000002,3.525e-06,2.25,35.25,-0.043042942651468526,1752773442353587.5
p2_bulk_nga_5e17_common_primary,NGA 5e17 common-primary state,top_primary,interface_4x,T03_P2_BULK_TRAPS_FORMAL,enabled_symmetric_teaching_top_stack,0.0,0.01,0.0,0.3,channel,0.00022500000000000002,3.6000000000000003e-06,2.25,36.0,-0.04251188410729643,1789151739868474.8
p2_bulk_nga_5e17_common_primary,NGA 5e17 common-primary state,top_primary,interface_4x,T03_P2_BULK_TRAPS_FORMAL,enabled_symmetric_teaching_top_stack,0.0,0.01,0.0,0.3,channel,0.00022500000000000002,3.6750000000000004e-06,2.25,36.75000000000001,-0.04181446660949721,1838075191277908.8
p2_bulk_nga_5e17_common_primary,NGA 5e17 common-primary state,top_primary,interface_4x,T03_P2_BULK_TRAPS_FORMAL,enabled_symmetric_teaching_top_stack,0.0,0.01,0.0,0.3,channel,0.00022500000000000002,3.7500000000000005e-06,2.25,37.50000000000001,-0.040950580905020045,1900535185943545.0
p2_bulk_nga_5e17_common_primary,NGA 5e17 common-primary state,top_primary,interface_4x,T03_P2_BULK_TRAPS_FORMAL,enabled_symmetric_teaching_top_stack,0.0,0.01,0.0,0.3,channel,0.00022500000000000002,3.825000000000001e-06,2.25,38.25000000000001,-0.03992009048600864,1977822856572825.0
p2_bulk_nga_5e17_common_primary,NGA 5e17 common-primary state,top_primary,interface_4x,T03_P2_BULK_TRAPS_FORMAL,enabled_symmetric_teaching_top_stack,0.0,0.01,0.0,0.3,channel,0.00022500000000000002,3.9e-06,2.25,39.0,-0.03872283071381085,2071574089458975.0
p2_bulk_nga_5e17_common_primary,NGA 5e17 common-primary state,top_primary,interface_4x,T03_P2_BULK_TRAPS_FORMAL,enabled_symmetric_teaching_top_stack,0.0,0.01,0.0,0.3,channel,0.00022500000000000002,3.975e-06,2.25,39.75,-0.03735860766941571,2183827893322763.5
p2_bulk_nga_5e17_common_primary,NGA 5e17 common-primary state,top_primary,interface_4x,T03_P2_BULK_TRAPS_FORMAL,enabled_symmetric_teaching_top_stack,0.0,0.01,0.0,0.3,channel,0.00022500000000000002,4.05e-06,2.25,40.5,-0.03582719666722619,2317101088811140.5
p2_bulk_nga_5e17_common_primary,NGA 5e17 common-primary state,top_primary,interface_4x,T03_P2_BULK_TRAPS_FORMAL,enabled_symmetric_teaching_top_stack,0.0,0.01,0.0,0.3,channel,0.00022500000000000002,4.125e-06,2.25,41.25,-0.03412834035188522,2474483209346959.0
p2_bulk_nga_5e17_common_primary,NGA 5e17 common-primary state,top_primary,interface_4x,T03_P2_BULK_TRAPS_FORMAL,enabled_symmetric_teaching_top_stack,0.0,0.01,0.0,0.3,channel,0.00022500000000000002,4.2000000000000004e-06,2.25,42.00000000000001,-0.032261746276733845,2659756699883218.0
p2_bulk_nga_5e17_common_primary,NGA 5e17 common-primary state,top_primary,interface_4x,T03_P2_BULK_TRAPS_FORMAL,enabled_symmetric_teaching_top_stack,0.0,0.01,0.0,0.3,channel,0.00022500000000000002,4.2750000000000006e-06,2.25,42.75000000000001,-0.030227083836178583,2877549055816453.5
p2_bulk_nga_5e17_common_primary,NGA 5e17 common-primary state,top_primary,interface_4x,T03_P2_BULK_TRAPS_FORMAL,enabled_symmetric_teaching_top_stack,0.0,0.01,0.0,0.3,channel,0.00022500000000000002,4.350000000000001e-06,2.25,43.50000000000001,-0.02802398039120236,3133525585006488.5
p2_bulk_nga_5e17_common_primary,NGA 5e17 common-primary state,top_primary,interface_4x,T03_P2_BULK_TRAPS_FORMAL,enabled_symmetric_teaching_top_stack,0.0,0.01,0.0,0.3,channel,0.00022500000000000002,4.425e-06,2.25,44.25,-0.025652016385398105,3434634172094667.5
p2_bulk_nga_5e17_common_primary,NGA 5e17 common-primary state,top_primary,interface_4x,T03_P2_BULK_TRAPS_FORMAL,enabled_symmetric_teaching_top_stack,0.0,0.01,0.0,0.3,channel,0.00022500000000000002,4.5e-06,2.25,45.0,-0.02311071919549748,3789417010395824.5
p2_bulk_nga_5e17_common_primary,NGA 5e17 common-primary state,top_primary,interface_4x,T03_P2_BULK_TRAPS_FORMAL,enabled_symmetric_teaching_top_stack,0.0,0.01,0.0,0.3,channel,0.00022500000000000002,4.575e-06,2.25,45.75,-0.020399555391767993,4208409066850650.5
p2_bulk_nga_5e17_common_primary,NGA 5e17 common-primary state,top_primary,interface_4x,T03_P2_BULK_TRAPS_FORMAL,enabled_symmetric_teaching_top_stack,0.0,0.01,0.0,0.3,channel,0.00022500000000000002,4.65e-06,2.25,46.50000000000001,-0.01751792099497996,4704649512233247.0
p2_bulk_nga_5e17_common_primary,NGA 5e17 common-primary state,top_primary,interface_4x,T03_P2_BULK_TRAPS_FORMAL,enabled_symmetric_teaching_top_stack,0.0,0.01,0.0,0.3,channel,0.00022500000000000002,4.7250000000000005e-06,2.25,47.25000000000001,-0.014465129201331176,5294341118178982.0
p2_bulk_nga_5e17_common_primary,NGA 5e17 common-primary state,top_primary,interface_4x,T03_P2_BULK_TRAPS_FORMAL,enabled_symmetric_teaching_top_stack,0.0,0.01,0.0,0.3,channel,0.00022500000000000002,4.8e-06,2.25,48.0,-0.01124039489584203,5997704597019232.0
p2_bulk_nga_5e17_common_primary,NGA 5e17 common-primary state,top_primary,interface_4x,T03_P2_BULK_TRAPS_FORMAL,enabled_symmetric_teaching_top_stack,0.0,0.01,0.0,0.3,channel,0.00022500000000000002,4.875e-06,2.25,48.75,-0.007842815076119693,6840091331836837.0
p2_bulk_nga_5e17_common_primary,NGA 5e17 common-primary state,top_primary,interface_4x,T03_P2_BULK_TRAPS_FORMAL,enabled_symmetric_teaching_top_stack,0.0,0.01,0.0,0.3,channel,0.00022500000000000002,4.95e-06,2.25,49.5,-0.004271344045279118,7853440781001364.0
p2_bulk_nga_5e17_common_primary,NGA 5e17 common-primary state,top_primary,interface_4x,T03_P2_BULK_TRAPS_FORMAL,enabled_symmetric_teaching_top_stack,0.0,0.01,0.0,0.3,channel,0.00022500000000000002,5.025e-06,2.25,50.25,-0.0005247618819592141,9078200775596518.0
p2_bulk_nga_5e17_common_primary,NGA 5e17 common-primary state,top_primary,interface_4x,T03_P2_BULK_TRAPS_FORMAL,enabled_symmetric_teaching_top_stack,0.0,0.01,0.0,0.3,channel,0.00022500000000000002,5.1e-06,2.25,51.0,0.003398365775708461,1.0565874002237876e+16
p2_bulk_nga_5e17_common_primary,NGA 5e17 common-primary state,top_primary,interface_4x,T03_P2_BULK_TRAPS_FORMAL,enabled_symmetric_teaching_top_stack,0.0,0.01,0.0,0.3,channel,0.00022500000000000002,5.1750000000000004e-06,2.25,51.75000000000001,0.007499739232509584,1.238241823917495e+16
p2_bulk_nga_5e17_common_primary,NGA 5e17 common-primary state,top_primary,interface_4x,T03_P2_BULK_TRAPS_FORMAL,enabled_symmetric_teaching_top_stack,0.0,0.01,0.0,0.3,channel,0.00022500000000000002,5.2500000000000006e-06,2.25,52.50000000000001,0.011781390993973129,1.461282061038217e+16
p2_bulk_nga_5e17_common_primary,NGA 5e17 common-primary state,top_primary,interface_4x,T03_P2_BULK_TRAPS_FORMAL,enabled_symmetric_teaching_top_stack,0.0,0.01,0.0,0.3,channel,0.00022500000000000002,5.325e-06,2.25,53.25,0.016245771443222885,1.7367301488763516e+16
p2_bulk_nga_5e17_common_primary,NGA 5e17 common-primary state,top_primary,interface_4x,T03_P2_BULK_TRAPS_FORMAL,enabled_symmetric_teaching_top_stack,0.0,0.01,0.0,0.3,channel,0.00022500000000000002,5.4e-06,2.25,54.0,0.020895860258684593,2.0789804118241764e+16
p2_bulk_nga_5e17_common_primary,NGA 5e17 common-primary state,top_primary,interface_4x,T03_P2_BULK_TRAPS_FORMAL,enabled_symmetric_teaching_top_stack,0.0,0.01,0.0,0.3,channel,0.00025,3e-06,2.5,30.0,-0.04206377467708749,1804133763599307.8
p2_bulk_nga_5e17_common_primary,NGA 5e17 common-primary state,top_primary,interface_4x,T03_P2_BULK_TRAPS_FORMAL,enabled_symmetric_teaching_top_stack,0.0,0.01,0.0,0.3,channel,0.00025,3.075e-06,2.5,30.750000000000004,-0.04269566254125465,1760570762434722.5
p2_bulk_nga_5e17_common_primary,NGA 5e17 common-primary state,top_primary,interface_4x,T03_P2_BULK_TRAPS_FORMAL,enabled_symmetric_teaching_top_stack,0.0,0.01,0.0,0.3,channel,0.00025,3.1500000000000003e-06,2.5,31.500000000000004,-0.04316125628138925,1729146757870420.0
p2_bulk_nga_5e17_common_primary,NGA 5e17 common-primary state,top_primary,interface_4x,T03_P2_BULK_TRAPS_FORMAL,enabled_symmetric_teaching_top_stack,0.0,0.01,0.0,0.3,channel,0.00025,3.225e-06,2.5,32.25,-0.043460628071872176,1709238355856918.0
p2_bulk_nga_5e17_common_primary,NGA 5e17 common-primary state,top_primary,interface_4x,T03_P2_BULK_TRAPS_FORMAL,enabled_symmetric_teaching_top_stack,0.0,0.01,0.0,0.3,channel,0.00025,3.3e-06,2.5,33.0,-0.04359382414100889,1700454573172760.5
p2_bulk_nga_5e17_common_primary,NGA 5e17 common-primary state,top_primary,interface_4x,T03_P2_BULK_TRAPS_FORMAL,enabled_symmetric_teaching_top_stack,0.0,0.01,0.0,0.3,channel,0.00025,3.3750000000000003e-06,2.5,33.75,-0.04356086501255099,1702623892358206.2
p2_bulk_nga_5e17_common_primary,NGA 5e17 common-primary state,top_primary,interface_4x,T03_P2_BULK_TRAPS_FORMAL,enabled_symmetric_teaching_top_stack,0.0,0.01,0.0,0.3,channel,0.00025,3.45e-06,2.5,34.5,-0.043361745610459225,1715788616316045.5
p2_bulk_nga_5e17_common_primary,NGA 5e17 common-primary state,top_primary,interface_4x,T03_P2_BULK_TRAPS_FORMAL,enabled_symmetric_teaching_top_stack,0.0,0.01,0.0,0.3,channel,0.00025,3.525e-06,2.5,35.25,-0.04299643523313347,1740206258775706.5
p2_bulk_nga_5e17_common_primary,NGA 5e17 common-primary state,top_primary,interface_4x,T03_P2_BULK_TRAPS_FORMAL,enabled_symmetric_teaching_top_stack,0.0,0.01,0.0,0.3,channel,0.00025,3.6000000000000003e-06,2.5,36.0,-0.04246487739557599,1776358035502272.2
p2_bulk_nga_5e17_common_primary,NGA 5e17 common-primary state,top_primary,interface_4x,T03_P2_BULK_TRAPS_FORMAL,enabled_symmetric_teaching_top_stack,0.0,0.01,0.0,0.3,channel,0.00025,3.6750000000000004e-06,2.5,36.75000000000001,-0.04176698953012812,1824964853784551.5
p2_bulk_nga_5e17_common_primary,NGA 5e17 common-primary state,top_primary,interface_4x,T03_P2_BULK_TRAPS_FORMAL,enabled_symmetric_teaching_top_stack,0.0,0.01,0.0,0.3,channel,0.00025,3.7500000000000005e-06,2.5,37.50000000000001,-0.040902662528191386,1887011554782618.8
p2_bulk_nga_5e17_common_primary,NGA 5e17 common-primary state,top_primary,interface_4x,T03_P2_BULK_TRAPS_FORMAL,enabled_symmetric_teaching_top_stack,0.0,0.01,0.0,0.3,channel,0.00025,3.825000000000001e-06,2.5,38.25000000000001,-0.03987176009634679,1963780567063775.2
p2_bulk_nga_5e17_common_primary,NGA 5e17 common-primary state,top_primary,interface_4x,T03_P2_BULK_TRAPS_FORMAL,enabled_symmetric_teaching_top_stack,0.0,0.01,0.0,0.3,channel,0.00025,3.9e-06,2.5,39.0,-0.03867411789011249,2056896606053053.0
p2_bulk_nga_5e17_common_primary,NGA 5e17 common-primary state,top_primary,interface_4x,T03_P2_BULK_TRAPS_FORMAL,enabled_symmetric_teaching_top_stack,0.0,0.01,0.0,0.3,channel,0.00025,3.975e-06,2.5,39.75,-0.03730954237674548,2168384634860481.0
p2_bulk_nga_5e17_common_primary,NGA 5e17 common-primary state,top_primary,interface_4x,T03_P2_BULK_TRAPS_FORMAL,enabled_symmetric_teaching_top_stack,0.0,0.01,0.0,0.3,channel,0.00025,4.05e-06,2.5,40.5,-0.03577780936440902,2300744027125329.5
p2_bulk_nga_5e17_common_primary,NGA 5e17 common-primary state,top_primary,interface_4x,T03_P2_BULK_TRAPS_FORMAL,enabled_symmetric_teaching_top_stack,0.0,0.01,0.0,0.3,channel,0.00025,4.125e-06,2.5,41.25,-0.034078662117957174,2457042794165228.5
p2_bulk_nga_5e17_common_primary,NGA 5e17 common-primary state,top_primary,interface_4x,T03_P2_BULK_TRAPS_FORMAL,enabled_symmetric_teaching_top_stack,0.0,0.01,0.0,0.3,channel,0.00025,4.2000000000000004e-06,2.5,42.00000000000001,-0.03221180896059892,2641036925529209.0
p2_bulk_nga_5e17_common_primary,NGA 5e17 common-primary state,top_primary,interface_4x,T03_P2_BULK_TRAPS_FORMAL,enabled_symmetric_teaching_top_stack,0.0,0.01,0.0,0.3,channel,0.00025,4.2750000000000006e-06,2.5,42.75000000000001,-0.030176920234589264,2857321435903588.5
p2_bulk_nga_5e17_common_primary,NGA 5e17 common-primary state,top_primary,interface_4x,T03_P2_BULK_TRAPS_FORMAL,enabled_symmetric_teaching_top_stack,0.0,0.01,0.0,0.3,channel,0.00025,4.350000000000001e-06,2.5,43.50000000000001,-0.0279736244612902,3111521736335676.0
p2_bulk_nga_5e17_common_primary,NGA 5e17 common-primary state,top_primary,interface_4x,T03_P2_BULK_TRAPS_FORMAL,enabled_symmetric_teaching_top_stack,0.0,0.01,0.0,0.3,channel,0.00025,4.425e-06,2.5,44.25,-0.025601503499392157,3410536623069843.5
p2_bulk_nga_5e17_common_primary,NGA 5e17 common-primary state,top_primary,interface_4x,T03_P2_BULK_TRAPS_FORMAL,enabled_symmetric_teaching_top_stack,0.0,0.01,0.0,0.3,channel,0.00025,4.5e-06,2.5,45.0,-0.023060086447071,3762847735244882.0
p2_bulk_nga_5e17_common_primary,NGA 5e17 common-primary state,top_primary,interface_4x,T03_P2_BULK_TRAPS_FORMAL,enabled_symmetric_teaching_top_stack,0.0,0.01,0.0,0.3,channel,0.00025,4.575e-06,2.5,45.75,-0.02034884196576309,4178915094786848.5
p2_bulk_nga_5e17_common_primary,NGA 5e17 common-primary state,top_primary,interface_4x,T03_P2_BULK_TRAPS_FORMAL,enabled_symmetric_teaching_top_stack,0.0,0.01,0.0,0.3,channel,0.00025,4.65e-06,2.5,46.50000000000001,-0.017467168615230722,4671684756453005.0
p2_bulk_nga_5e17_common_primary,NGA 5e17 common-primary state,top_primary,interface_4x,T03_P2_BULK_TRAPS_FORMAL,enabled_symmetric_teaching_top_stack,0.0,0.01,0.0,0.3,channel,0.00025,4.7250000000000005e-06,2.5,47.25000000000001,-0.014414382675145694,5257243293606311.0
p2_bulk_nga_5e17_common_primary,NGA 5e17 common-primary state,top_primary,interface_4x,T03_P2_BULK_TRAPS_FORMAL,enabled_symmetric_teaching_top_stack,0.0,0.01,0.0,0.3,channel,0.00025,4.8e-06,2.5,48.0,-0.011189702778694056,5955665720032177.0
p2_bulk_nga_5e17_common_primary,NGA 5e17 common-primary state,top_primary,interface_4x,T03_P2_BULK_TRAPS_FORMAL,enabled_symmetric_teaching_top_stack,0.0,0.01,0.0,0.3,channel,0.00025,4.875e-06,2.5,48.75,-0.0077922304866232224,6792119779727184.0
p2_bulk_nga_5e17_common_primary,NGA 5e17 common-primary state,top_primary,interface_4x,T03_P2_BULK_TRAPS_FORMAL,enabled_symmetric_teaching_top_stack,0.0,0.01,0.0,0.3,channel,0.00025,4.95e-06,2.5,49.5,-0.004220925669099215,7798312175382435.0
p2_bulk_nga_5e17_common_primary,NGA 5e17 common-primary state,top_primary,interface_4x,T03_P2_BULK_TRAPS_FORMAL,enabled_symmetric_teaching_top_stack,0.0,0.01,0.0,0.3,channel,0.00025,5.025e-06,2.5,50.25,-0.0004745752146761371,9014393956809888.0
p2_bulk_nga_5e17_common_primary,NGA 5e17 common-primary state,top_primary,interface_4x,T03_P2_BULK_TRAPS_FORMAL,enabled_symmetric_teaching_top_stack,0.0,0.01,0.0,0.3,channel,0.00025,5.1e-06,2.5,51.0,0.00344824688160248,1.0491486953630856e+16
p2_bulk_nga_5e17_common_primary,NGA 5e17 common-primary state,top_primary,interface_4x,T03_P2_BULK_TRAPS_FORMAL,enabled_symmetric_teaching_top_stack,0.0,0.01,0.0,0.3,channel,0.00025,5.1750000000000004e-06,2.5,51.75000000000001,0.007549230630907253,1.2295056808582016e+16
p2_bulk_nga_5e17_common_primary,NGA 5e17 common-primary state,top_primary,interface_4x,T03_P2_BULK_TRAPS_FORMAL,enabled_symmetric_teaching_top_stack,0.0,0.01,0.0,0.3,channel,0.00025,5.2500000000000006e-06,2.5,52.50000000000001,0.011830395805495525,1.450944996630046e+16
p2_bulk_nga_5e17_common_primary,NGA 5e17 common-primary state,top_primary,interface_4x,T03_P2_BULK_TRAPS_FORMAL,enabled_symmetric_teaching_top_stack,0.0,0.01,0.0,0.3,channel,0.00025,5.325e-06,2.5,53.25,0.01629417696144744,1.724404598063886e+16
p2_bulk_nga_5e17_common_primary,NGA 5e17 common-primary state,top_primary,interface_4x,T03_P2_BULK_TRAPS_FORMAL,enabled_symmetric_teaching_top_stack,0.0,0.01,0.0,0.3,channel,0.00025,5.4e-06,2.5,54.0,0.020943533998594884,2.06416748536014e+16
p2_bulk_nga_5e17_common_primary,NGA 5e17 common-primary state,top_primary,interface_4x,T03_P2_BULK_TRAPS_FORMAL,enabled_symmetric_teaching_top_stack,0.0,0.01,0.0,0.3,channel,0.00027499999999999996,3e-06,2.7499999999999996,30.0,-0.04202141242394914,1790795981991721.0
p2_bulk_nga_5e17_common_primary,NGA 5e17 common-primary state,top_primary,interface_4x,T03_P2_BULK_TRAPS_FORMAL,enabled_symmetric_teaching_top_stack,0.0,0.01,0.0,0.3,channel,0.00027499999999999996,3.075e-06,2.7499999999999996,30.750000000000004,-0.042652595118350525,1747602706796182.2
p2_bulk_nga_5e17_common_primary,NGA 5e17 common-primary state,top_primary,interface_4x,T03_P2_BULK_TRAPS_FORMAL,enabled_symmetric_teaching_top_stack,0.0,0.01,0.0,0.3,channel,0.00027499999999999996,3.1500000000000003e-06,2.7499999999999996,31.500000000000004,-0.04311751335786653,1716455015518801.0
p2_bulk_nga_5e17_common_primary,NGA 5e17 common-primary state,top_primary,interface_4x,T03_P2_BULK_TRAPS_FORMAL,enabled_symmetric_teaching_top_stack,0.0,0.01,0.0,0.3,channel,0.00027499999999999996,3.225e-06,2.7499999999999996,32.25,-0.04341623907264635,1696735142059818.5
p2_bulk_nga_5e17_common_primary,NGA 5e17 common-primary state,top_primary,interface_4x,T03_P2_BULK_TRAPS_FORMAL,enabled_symmetric_teaching_top_stack,0.0,0.01,0.0,0.3,channel,0.00027499999999999996,3.3e-06,2.7499999999999996,33.0,-0.04354881830430993,1688055890544924.0
p2_bulk_nga_5e17_common_primary,NGA 5e17 common-primary state,top_primary,interface_4x,T03_P2_BULK_TRAPS_FORMAL,enabled_symmetric_teaching_top_stack,0.0,0.01,0.0,0.3,channel,0.00027499999999999996,3.3750000000000003e-06,2.7499999999999996,33.75,-0.0435152714437116,1690247818863005.5
p2_bulk_nga_5e17_common_primary,NGA 5e17 common-primary state,top_primary,interface_4x,T03_P2_BULK_TRAPS_FORMAL,enabled_symmetric_teaching_top_stack,0.0,0.01,0.0,0.3,channel,0.00027499999999999996,3.45e-06,2.7499999999999996,34.5,-0.04331559333380786,1703353662869632.0
p2_bulk_nga_5e17_common_primary,NGA 5e17 common-primary state,top_primary,interface_4x,T03_P2_BULK_TRAPS_FORMAL,enabled_symmetric_teaching_top_stack,0.0,0.01,0.0,0.3,channel,0.00027499999999999996,3.525e-06,2.7499999999999996,35.25,-0.04294975324378167,1727629740779730.2
p2_bulk_nga_5e17_common_primary,NGA 5e17 common-primary state,top_primary,interface_4x,T03_P2_BULK_TRAPS_FORMAL,enabled_symmetric_teaching_top_stack,0.0,0.01,0.0,0.3,channel,0.00027499999999999996,3.6000000000000003e-06,2.7499999999999996,36.0,-0.042417694712873294,1763554403263367.2
p2_bulk_nga_5e17_common_primary,NGA 5e17 common-primary state,top_primary,interface_4x,T03_P2_BULK_TRAPS_FORMAL,enabled_symmetric_teaching_top_stack,0.0,0.01,0.0,0.3,channel,0.00027499999999999996,3.6750000000000004e-06,2.7499999999999996,36.75000000000001,-0.04171933525459778,1811843924753253.2
p2_bulk_nga_5e17_common_primary,NGA 5e17 common-primary state,top_primary,interface_4x,T03_P2_BULK_TRAPS_FORMAL,enabled_symmetric_teaching_top_stack,0.0,0.01,0.0,0.3,channel,0.00027499999999999996,3.7500000000000005e-06,2.7499999999999996,37.50000000000001,-0.04085456590385806,1873476585728342.5
p2_bulk_nga_5e17_common_primary,NGA 5e17 common-primary state,top_primary,interface_4x,T03_P2_BULK_TRAPS_FORMAL,enabled_symmetric_teaching_top_stack,0.0,0.01,0.0,0.3,channel,0.00027499999999999996,3.825000000000001e-06,2.7499999999999996,38.25000000000001,-0.03982325058052875,1949726096382097.5
p2_bulk_nga_5e17_common_primary,NGA 5e17 common-primary state,top_primary,interface_4x,T03_P2_BULK_TRAPS_FORMAL,enabled_symmetric_teaching_top_stack,0.0,0.01,0.0,0.3,channel,0.00027499999999999996,3.9e-06,2.7499999999999996,39.0,-0.03862522523298296,2042205984855686.5
p2_bulk_nga_5e17_common_primary,NGA 5e17 common-primary state,top_primary,interface_4x,T03_P2_BULK_TRAPS_FORMAL,enabled_symmetric_teaching_top_stack,0.0,0.01,0.0,0.3,channel,0.00027499999999999996,3.975e-06,2.7499999999999996,39.75,-0.03726029671328296,2152927149554509.5
p2_bulk_nga_5e17_common_primary,NGA 5e17 common-primary state,top_primary,interface_4x,T03_P2_BULK_TRAPS_FORMAL,enabled_symmetric_teaching_top_stack,0.0,0.01,0.0,0.3,channel,0.00027499999999999996,4.05e-06,2.7499999999999996,40.5,-0.035728241321770056,2284371494755978.5
p2_bulk_nga_5e17_common_primary,NGA 5e17 common-primary state,top_primary,interface_4x,T03_P2_BULK_TRAPS_FORMAL,enabled_symmetric_teaching_top_stack,0.0,0.01,0.0,0.3,channel,0.00027499999999999996,4.125e-06,2.7499999999999996,41.25,-0.034028802941839985,2439585483370726.5
p2_bulk_nga_5e17_common_primary,NGA 5e17 common-primary state,top_primary,interface_4x,T03_P2_BULK_TRAPS_FORMAL,enabled_symmetric_teaching_top_stack,0.0,0.01,0.0,0.3,channel,0.00027499999999999996,4.2000000000000004e-06,2.7499999999999996,42.00000000000001,-0.032161690664849904,2622298618480403.5
p2_bulk_nga_5e17_common_primary,NGA 5e17 common-primary state,top_primary,interface_4x,T03_P2_BULK_TRAPS_FORMAL,enabled_symmetric_teaching_top_stack,0.0,0.01,0.0,0.3,channel,0.00027499999999999996,4.2750000000000006e-06,2.7499999999999996,42.75000000000001,-0.03012657577917632,2837073397272024.0
p2_bulk_nga_5e17_common_primary,NGA 5e17 common-primary state,top_primary,interface_4x,T03_P2_BULK_TRAPS_FORMAL,enabled_symmetric_teaching_top_stack,0.0,0.01,0.0,0.3,channel,0.00027499999999999996,4.350000000000001e-06,2.7499999999999996,43.50000000000001,-0.027923087964875724,3089495290327880.0
p2_bulk_nga_5e17_common_primary,NGA 5e17 common-primary state,top_primary,interface_4x,T03_P2_BULK_TRAPS_FORMAL,enabled_symmetric_teaching_top_stack,0.0,0.01,0.0,0.3,channel,0.00027499999999999996,4.425e-06,2.7499999999999996,44.25,-0.025550810494151473,3386413953646069.0
p2_bulk_nga_5e17_common_primary,NGA 5e17 common-primary state,top_primary,interface_4x,T03_P2_BULK_TRAPS_FORMAL,enabled_symmetric_teaching_top_stack,0.0,0.01,0.0,0.3,channel,0.00027499999999999996,4.5e-06,2.7499999999999996,45.0,-0.02300927418520597,3736250410598946.0
p2_bulk_nga_5e17_common_primary,NGA 5e17 common-primary state,top_primary,interface_4x,T03_P2_BULK_TRAPS_FORMAL,enabled_symmetric_teaching_top_stack,0.0,0.01,0.0,0.3,channel,0.00027499999999999996,4.575e-06,2.7499999999999996,45.75,-0.02029794978947139,4149389665011094.0
p2_bulk_nga_5e17_common_primary,NGA 5e17 common-primary state,top_primary,interface_4x,T03_P2_BULK_TRAPS_FORMAL,enabled_symmetric_teaching_top_stack,0.0,0.01,0.0,0.3,channel,0.00027499999999999996,4.65e-06,2.7499999999999996,46.50000000000001,-0.017416238404863834,4638684569103114.0
p2_bulk_nga_5e17_common_primary,NGA 5e17 common-primary state,top_primary,interface_4x,T03_P2_BULK_TRAPS_FORMAL,enabled_symmetric_teaching_top_stack,0.0,0.01,0.0,0.3,channel,0.00027499999999999996,4.7250000000000005e-06,2.7499999999999996,47.25000000000001,-0.014363459394130711,5220105395981026.0
p2_bulk_nga_5e17_common_primary,NGA 5e17 common-primary state,top_primary,interface_4x,T03_P2_BULK_TRAPS_FORMAL,enabled_symmetric_teaching_top_stack,0.0,0.01,0.0,0.3,channel,0.00027499999999999996,4.8e-06,2.7499999999999996,48.0,-0.011138835138786388,5913581341494243.0
p2_bulk_nga_5e17_common_primary,NGA 5e17 common-primary state,top_primary,interface_4x,T03_P2_BULK_TRAPS_FORMAL,enabled_symmetric_teaching_top_stack,0.0,0.01,0.0,0.3,channel,0.00027499999999999996,4.875e-06,2.7499999999999996,48.75,-0.007741471763582069,6744096372269498.0
p2_bulk_nga_5e17_common_primary,NGA 5e17 common-primary state,top_primary,interface_4x,T03_P2_BULK_TRAPS_FORMAL,enabled_symmetric_teaching_top_stack,0.0,0.01,0.0,0.3,channel,0.00027499999999999996,4.95e-06,2.7499999999999996,49.5,-0.004170334707458931,7743124277772265.0
p2_bulk_nga_5e17_common_primary,NGA 5e17 common-primary state,top_primary,interface_4x,T03_P2_BULK_TRAPS_FORMAL,enabled_symmetric_teaching_top_stack,0.0,0.01,0.0,0.3,channel,0.00027499999999999996,5.025e-06,2.7499999999999996,50.25,-0.0004242176716506721,8950519151667225.0
p2_bulk_nga_5e17_common_primary,NGA 5e17 common-primary state,top_primary,interface_4x,T03_P2_BULK_TRAPS_FORMAL,enabled_symmetric_teaching_top_stack,0.0,0.01,0.0,0.3,channel,0.00027499999999999996,5.1e-06,2.7499999999999996,51.0,0.003498296987884636,1.0417021780700116e+16
p2_bulk_nga_5e17_common_primary,NGA 5e17 common-primary state,top_primary,interface_4x,T03_P2_BULK_TRAPS_FORMAL,enabled_symmetric_teaching_top_stack,0.0,0.01,0.0,0.3,channel,0.00027499999999999996,5.1750000000000004e-06,2.7499999999999996,51.75000000000001,0.007598888983252467,1.22076054895385e+16
p2_bulk_nga_5e17_common_primary,NGA 5e17 common-primary state,top_primary,interface_4x,T03_P2_BULK_TRAPS_FORMAL,enabled_symmetric_teaching_top_stack,0.0,0.01,0.0,0.3,channel,0.00027499999999999996,5.2500000000000006e-06,2.7499999999999996,52.50000000000001,0.011879565346334798,1.4405975892868532e+16
p2_bulk_nga_5e17_common_primary,NGA 5e17 common-primary state,top_primary,interface_4x,T03_P2_BULK_TRAPS_FORMAL,enabled_symmetric_teaching_top_stack,0.0,0.01,0.0,0.3,channel,0.00027499999999999996,5.325e-06,2.7499999999999996,53.25,0.016342744797237064,1.7120671660629404e+16
p2_bulk_nga_5e17_common_primary,NGA 5e17 common-primary state,top_primary,interface_4x,T03_P2_BULK_TRAPS_FORMAL,enabled_symmetric_teaching_top_stack,0.0,0.01,0.0,0.3,channel,0.00027499999999999996,5.4e-06,2.7499999999999996,54.0,0.020991367446352716,2.049340967183282e+16
p2_bulk_nga_5e17_common_primary,NGA 5e17 common-primary state,top_primary,interface_4x,T03_P2_BULK_TRAPS_FORMAL,enabled_symmetric_teaching_top_stack,0.0,0.01,0.0,0.3,channel,0.00030000000000000003,3e-06,3.0000000000000004,30.0,-0.04197888792016545,1777451890481697.5
p2_bulk_nga_5e17_common_primary,NGA 5e17 common-primary state,top_primary,interface_4x,T03_P2_BULK_TRAPS_FORMAL,enabled_symmetric_teaching_top_stack,0.0,0.01,0.0,0.3,channel,0.00030000000000000003,3.075e-06,3.0000000000000004,30.750000000000004,-0.0426093627748584,1734627963644701.2
p2_bulk_nga_5e17_common_primary,NGA 5e17 common-primary state,top_primary,interface_4x,T03_P2_BULK_TRAPS_FORMAL,enabled_symmetric_teaching_top_stack,0.0,0.01,0.0,0.3,channel,0.00030000000000000003,3.1500000000000003e-06,3.0000000000000004,31.500000000000004,-0.043073603021555884,1703756204473498.5
p2_bulk_nga_5e17_common_primary,NGA 5e17 common-primary state,top_primary,interface_4x,T03_P2_BULK_TRAPS_FORMAL,enabled_symmetric_teaching_top_stack,0.0,0.01,0.0,0.3,channel,0.00030000000000000003,3.225e-06,3.0000000000000004,32.25,-0.04337168034699242,1684224465316224.8
p2_bulk_nga_5e17_common_primary,NGA 5e17 common-primary state,top_primary,interface_4x,T03_P2_BULK_TRAPS_FORMAL,enabled_symmetric_teaching_top_stack,0.0,0.01,0.0,0.3,channel,0.00030000000000000003,3.3e-06,3.0000000000000004,33.0,-0.043503640606629555,1675649328675033.2
p2_bulk_nga_5e17_common_primary,NGA 5e17 common-primary state,top_primary,interface_4x,T03_P2_BULK_TRAPS_FORMAL,enabled_symmetric_teaching_top_stack,0.0,0.01,0.0,0.3,channel,0.00030000000000000003,3.3750000000000003e-06,3.0000000000000004,33.75,-0.043469504058671074,1677863419000218.5
p2_bulk_nga_5e17_common_primary,NGA 5e17 common-primary state,top_primary,interface_4x,T03_P2_BULK_TRAPS_FORMAL,enabled_symmetric_teaching_top_stack,0.0,0.01,0.0,0.3,channel,0.00030000000000000003,3.45e-06,3.0000000000000004,34.5,-0.04326926546504575,1690909896180519.5
p2_bulk_nga_5e17_common_primary,NGA 5e17 common-primary state,top_primary,interface_4x,T03_P2_BULK_TRAPS_FORMAL,enabled_symmetric_teaching_top_stack,0.0,0.01,0.0,0.3,channel,0.00030000000000000003,3.525e-06,3.0000000000000004,35.25,-0.04290289406543724,1715043873563976.5
p2_bulk_nga_5e17_common_primary,NGA 5e17 common-primary state,top_primary,interface_4x,T03_P2_BULK_TRAPS_FORMAL,enabled_symmetric_teaching_top_stack,0.0,0.01,0.0,0.3,channel,0.00030000000000000003,3.6000000000000003e-06,3.0000000000000004,36.0,-0.04237033342279508,1750740826641117.5
p2_bulk_nga_5e17_common_primary,NGA 5e17 common-primary state,top_primary,interface_4x,T03_P2_BULK_TRAPS_FORMAL,enabled_symmetric_teaching_top_stack,0.0,0.01,0.0,0.3,channel,0.00030000000000000003,3.6750000000000004e-06,3.0000000000000004,36.75000000000001,-0.041671501131047235,1798712385860239.0
p2_bulk_nga_5e17_common_primary,NGA 5e17 common-primary state,top_primary,interface_4x,T03_P2_BULK_TRAPS_FORMAL,enabled_symmetric_teaching_top_stack,0.0,0.01,0.0,0.3,channel,0.00030000000000000003,3.7500000000000005e-06,3.0000000000000004,37.50000000000001,-0.04080628836762142,1859930258510079.8
p2_bulk_nga_5e17_common_primary,NGA 5e17 common-primary state,top_primary,interface_4x,T03_P2_BULK_TRAPS_FORMAL,enabled_symmetric_teaching_top_stack,0.0,0.01,0.0,0.3,channel,0.00030000000000000003,3.825000000000001e-06,3.0000000000000004,38.25000000000001,-0.039774559264511906,1935659422144740.2
p2_bulk_nga_5e17_common_primary,NGA 5e17 common-primary state,top_primary,interface_4x,T03_P2_BULK_TRAPS_FORMAL,enabled_symmetric_teaching_top_stack,0.0,0.01,0.0,0.3,channel,0.00030000000000000003,3.9e-06,3.0000000000000004,39.0,-0.03857615006159679,2027502201171041.0
p2_bulk_nga_5e17_common_primary,NGA 5e17 common-primary state,top_primary,interface_4x,T03_P2_BULK_TRAPS_FORMAL,enabled_symmetric_teaching_top_stack,0.0,0.01,0.0,0.3,channel,0.00030000000000000003,3.975e-06,3.0000000000000004,39.75,-0.037210867994241933,2137455410157295.2
p2_bulk_nga_5e17_common_primary,NGA 5e17 common-primary state,top_primary,interface_4x,T03_P2_BULK_TRAPS_FORMAL,enabled_symmetric_teaching_top_stack,0.0,0.01,0.0,0.3,channel,0.00030000000000000003,4.05e-06,3.0000000000000004,40.5,-0.03567848985334148,2267983461621757.0
p2_bulk_nga_5e17_common_primary,NGA 5e17 common-primary state,top_primary,interface_4x,T03_P2_BULK_TRAPS_FORMAL,enabled_symmetric_teaching_top_stack,0.0,0.01,0.0,0.3,channel,0.00030000000000000003,4.125e-06,3.0000000000000004,41.25,-0.033978760139116354,2422111243717789.5
p2_bulk_nga_5e17_common_primary,NGA 5e17 common-primary state,top_primary,interface_4x,T03_P2_BULK_TRAPS_FORMAL,enabled_symmetric_teaching_top_stack,0.0,0.01,0.0,0.3,channel,0.00030000000000000003,4.2000000000000004e-06,3.0000000000000004,42.00000000000001,-0.03211138870930155,2603541741941507.5
p2_bulk_nga_5e17_common_primary,NGA 5e17 common-primary state,top_primary,interface_4x,T03_P2_BULK_TRAPS_FORMAL,enabled_symmetric_teaching_top_stack,0.0,0.01,0.0,0.3,channel,0.00030000000000000003,4.2750000000000006e-06,3.0000000000000004,42.75000000000001,-0.03007604779661395,2816804899129765.5
p2_bulk_nga_5e17_common_primary,NGA 5e17 common-primary state,top_primary,interface_4x,T03_P2_BULK_TRAPS_FORMAL,enabled_symmetric_teaching_top_stack,0.0,0.01,0.0,0.3,channel,0.00030000000000000003,4.350000000000001e-06,3.0000000000000004,43.50000000000001,-0.027872368238062543,3067446201677805.0
p2_bulk_nga_5e17_common_primary,NGA 5e17 common-primary state,top_primary,interface_4x,T03_P2_BULK_TRAPS_FORMAL,enabled_symmetric_teaching_top_stack,0.0,0.01,0.0,0.3,channel,0.00030000000000000003,4.425e-06,3.0000000000000004,44.25,-0.025499934717718727,3362266113410402.0
p2_bulk_nga_5e17_common_primary,NGA 5e17 common-primary state,top_primary,interface_4x,T03_P2_BULK_TRAPS_FORMAL,enabled_symmetric_teaching_top_stack,0.0,0.01,0.0,0.3,channel,0.00030000000000000003,4.5e-06,3.0000000000000004,45.0,-0.02295827977233076,3709624980257128.0
p2_bulk_nga_5e17_common_primary,NGA 5e17 common-primary state,top_primary,interface_4x,T03_P2_BULK_TRAPS_FORMAL,enabled_symmetric_teaching_top_stack,0.0,0.01,0.0,0.3,channel,0.00030000000000000003,4.575e-06,3.0000000000000004,45.75,-0.02024687624208821,4119832714760865.5
p2_bulk_nga_5e17_common_primary,NGA 5e17 common-primary state,top_primary,interface_4x,T03_P2_BULK_TRAPS_FORMAL,enabled_symmetric_teaching_top_stack,0.0,0.01,0.0,0.3,channel,0.00030000000000000003,4.65e-06,3.0000000000000004,46.50000000000001,-0.017365127762155486,4605648879987129.0
p2_bulk_nga_5e17_common_primary,NGA 5e17 common-primary state,top_primary,interface_4x,T03_P2_BULK_TRAPS_FORMAL,enabled_symmetric_teaching_top_stack,0.0,0.01,0.0,0.3,channel,0.00030000000000000003,4.7250000000000005e-06,3.0000000000000004,47.25000000000001,-0.014312356777888145,5182927346701031.0
p2_bulk_nga_5e17_common_primary,NGA 5e17 common-primary state,top_primary,interface_4x,T03_P2_BULK_TRAPS_FORMAL,enabled_symmetric_teaching_top_stack,0.0,0.01,0.0,0.3,channel,0.00030000000000000003,4.8e-06,3.0000000000000004,48.0,-0.011087789419221292,5871451373333704.0
p2_bulk_nga_5e17_common_primary,NGA 5e17 common-primary state,top_primary,interface_4x,T03_P2_BULK_TRAPS_FORMAL,enabled_symmetric_teaching_top_stack,0.0,0.01,0.0,0.3,channel,0.00030000000000000003,4.875e-06,3.0000000000000004,48.75,-0.0076905363757023126,6696021010787032.0
p2_bulk_nga_5e17_common_primary,NGA 5e17 common-primary state,top_primary,interface_4x,T03_P2_BULK_TRAPS_FORMAL,enabled_symmetric_teaching_top_stack,0.0,0.01,0.0,0.3,channel,0.00030000000000000003,4.95e-06,3.0000000000000004,49.5,-0.004119568656699983,7687876977725678.0
p2_bulk_nga_5e17_common_primary,NGA 5e17 common-primary state,top_primary,interface_4x,T03_P2_BULK_TRAPS_FORMAL,enabled_symmetric_teaching_top_stack,0.0,0.01,0.0,0.3,channel,0.00030000000000000003,5.025e-06,3.0000000000000004,50.25,-0.00037368677882021484,8886576236843135.0
p2_bulk_nga_5e17_common_primary,NGA 5e17 common-primary state,top_primary,interface_4x,T03_P2_BULK_TRAPS_FORMAL,enabled_symmetric_teaching_top_stack,0.0,0.01,0.0,0.3,channel,0.00030000000000000003,5.1e-06,3.0000000000000004,51.0,0.00354851853713346,1.0342478346316914e+16
p2_bulk_nga_5e17_common_primary,NGA 5e17 common-primary state,top_primary,interface_4x,T03_P2_BULK_TRAPS_FORMAL,enabled_symmetric_teaching_top_stack,0.0,0.01,0.0,0.3,channel,0.00030000000000000003,5.1750000000000004e-06,3.0000000000000004,51.75000000000001,0.007648716698822661,1.2120064130604524e+16
p2_bulk_nga_5e17_common_primary,NGA 5e17 common-primary state,top_primary,interface_4x,T03_P2_BULK_TRAPS_FORMAL,enabled_symmetric_teaching_top_stack,0.0,0.01,0.0,0.3,channel,0.00030000000000000003,5.2500000000000006e-06,3.0000000000000004,52.50000000000001,0.011928901990721429,1.4302398224607842e+16
p2_bulk_nga_5e17_common_primary,NGA 5e17 common-primary state,top_primary,interface_4x,T03_P2_BULK_TRAPS_FORMAL,enabled_symmetric_teaching_top_stack,0.0,0.01,0.0,0.3,channel,0.00030000000000000003,5.325e-06,3.0000000000000004,53.25,0.016391477288100868,1.6997178350846406e+16
p2_bulk_nga_5e17_common_primary,NGA 5e17 common-primary state,top_primary,interface_4x,T03_P2_BULK_TRAPS_FORMAL,enabled_symmetric_teaching_top_stack,0.0,0.01,0.0,0.3,channel,0.00030000000000000003,5.4e-06,3.0000000000000004,54.0,0.02103936290114408,2.034500838651376e+16
p2_bulk_nga_5e17_common_primary,NGA 5e17 common-primary state,top_primary,interface_4x,T03_P2_BULK_TRAPS_FORMAL,enabled_symmetric_teaching_top_stack,0.0,0.01,0.0,0.3,channel,0.00032500000000000004,3e-06,3.2500000000000004,30.0,-0.041936198700685066,1764101485945140.2
p2_bulk_nga_5e17_common_primary,NGA 5e17 common-primary state,top_primary,interface_4x,T03_P2_BULK_TRAPS_FORMAL,enabled_symmetric_teaching_top_stack,0.0,0.01,0.0,0.3,channel,0.00032500000000000004,3.075e-06,3.2500000000000004,30.750000000000004,-0.04256596300535058,1721646528065201.2
p2_bulk_nga_5e17_common_primary,NGA 5e17 common-primary state,top_primary,interface_4x,T03_P2_BULK_TRAPS_FORMAL,enabled_symmetric_teaching_top_stack,0.0,0.01,0.0,0.3,channel,0.00032500000000000004,3.1500000000000003e-06,3.2500000000000004,31.500000000000004,-0.04302952272972594,1691050318131272.0
p2_bulk_nga_5e17_common_primary,NGA 5e17 common-primary state,top_primary,interface_4x,T03_P2_BULK_TRAPS_FORMAL,enabled_symmetric_teaching_top_stack,0.0,0.01,0.0,0.3,channel,0.00032500000000000004,3.225e-06,3.2500000000000004,32.25,-0.04332694931795667,1671706317403024.0
p2_bulk_nga_5e17_common_primary,NGA 5e17 common-primary state,top_primary,interface_4x,T03_P2_BULK_TRAPS_FORMAL,enabled_symmetric_teaching_top_stack,0.0,0.01,0.0,0.3,channel,0.00032500000000000004,3.3e-06,3.2500000000000004,33.0,-0.043458288439876536,1663234877757069.8
p2_bulk_nga_5e17_common_primary,NGA 5e17 common-primary state,top_primary,interface_4x,T03_P2_BULK_TRAPS_FORMAL,enabled_symmetric_teaching_top_stack,0.0,0.01,0.0,0.3,channel,0.00032500000000000004,3.3750000000000003e-06,3.2500000000000004,33.75,-0.043423560221283845,1665470681388796.8
p2_bulk_nga_5e17_common_primary,NGA 5e17 common-primary state,top_primary,interface_4x,T03_P2_BULK_TRAPS_FORMAL,enabled_symmetric_teaching_top_stack,0.0,0.01,0.0,0.3,channel,0.00032500000000000004,3.45e-06,3.2500000000000004,34.5,-0.043222759343049415,1678457303272794.0
p2_bulk_nga_5e17_common_primary,NGA 5e17 common-primary state,top_primary,interface_4x,T03_P2_BULK_TRAPS_FORMAL,enabled_symmetric_teaching_top_stack,0.0,0.01,0.0,0.3,channel,0.00032500000000000004,3.525e-06,3.2500000000000004,35.25,-0.04285585501506341,1702448642510717.2
p2_bulk_nga_5e17_common_primary,NGA 5e17 common-primary state,top_primary,interface_4x,T03_P2_BULK_TRAPS_FORMAL,enabled_symmetric_teaching_top_stack,0.0,0.01,0.0,0.3,channel,0.00032500000000000004,3.6000000000000003e-06,3.2500000000000004,36.0,-0.042322790823439184,1737917289301803.0
p2_bulk_nga_5e17_common_primary,NGA 5e17 common-primary state,top_primary,interface_4x,T03_P2_BULK_TRAPS_FORMAL,enabled_symmetric_teaching_top_stack,0.0,0.01,0.0,0.3,channel,0.00032500000000000004,3.6750000000000004e-06,3.2500000000000004,36.75000000000001,-0.041623484441735206,1785570218953563.8
p2_bulk_nga_5e17_common_primary,NGA 5e17 common-primary state,top_primary,interface_4x,T03_P2_BULK_TRAPS_FORMAL,enabled_symmetric_teaching_top_stack,0.0,0.01,0.0,0.3,channel,0.00032500000000000004,3.7500000000000005e-06,3.2500000000000004,37.50000000000001,-0.04075782718890093,1846372553025864.5
p2_bulk_nga_5e17_common_primary,NGA 5e17 common-primary state,top_primary,interface_4x,T03_P2_BULK_TRAPS_FORMAL,enabled_symmetric_teaching_top_stack,0.0,0.01,0.0,0.3,channel,0.00032500000000000004,3.825000000000001e-06,3.2500000000000004,38.25000000000001,-0.03972568340784532,1921580522136154.0
p2_bulk_nga_5e17_common_primary,NGA 5e17 common-primary state,top_primary,interface_4x,T03_P2_BULK_TRAPS_FORMAL,enabled_symmetric_teaching_top_stack,0.0,0.01,0.0,0.3,channel,0.00032500000000000004,3.9e-06,3.2500000000000004,39.0,-0.03852688962856587,2012785230471727.2
p2_bulk_nga_5e17_common_primary,NGA 5e17 common-primary state,top_primary,interface_4x,T03_P2_BULK_TRAPS_FORMAL,enabled_symmetric_teaching_top_stack,0.0,0.01,0.0,0.3,channel,0.00032500000000000004,3.975e-06,3.2500000000000004,39.75,-0.03716125346819044,2121969389592980.0
p2_bulk_nga_5e17_common_primary,NGA 5e17 common-primary state,top_primary,interface_4x,T03_P2_BULK_TRAPS_FORMAL,enabled_symmetric_teaching_top_stack,0.0,0.01,0.0,0.3,channel,0.00032500000000000004,4.05e-06,3.2500000000000004,40.5,-0.035628552206496654,2251579897818872.8
p2_bulk_nga_5e17_common_primary,NGA 5e17 common-primary state,top_primary,interface_4x,T03_P2_BULK_TRAPS_FORMAL,enabled_symmetric_teaching_top_stack,0.0,0.01,0.0,0.3,channel,0.00032500000000000004,4.125e-06,3.2500000000000004,41.25,-0.033928530958765954,2404620042147110.5
p2_bulk_nga_5e17_common_primary,NGA 5e17 common-primary state,top_primary,interface_4x,T03_P2_BULK_TRAPS_FORMAL,enabled_symmetric_teaching_top_stack,0.0,0.01,0.0,0.3,channel,0.00032500000000000004,4.2000000000000004e-06,3.2500000000000004,42.00000000000001,-0.03206090034728882,2584766259315914.5
p2_bulk_nga_5e17_common_primary,NGA 5e17 common-primary state,top_primary,interface_4x,T03_P2_BULK_TRAPS_FORMAL,enabled_symmetric_teaching_top_stack,0.0,0.01,0.0,0.3,channel,0.00032500000000000004,4.2750000000000006e-06,3.2500000000000004,42.75000000000001,-0.030025333547285787,2796515900900035.5
p2_bulk_nga_5e17_common_primary,NGA 5e17 common-primary state,top_primary,interface_4x,T03_P2_BULK_TRAPS_FORMAL,enabled_symmetric_teaching_top_stack,0.0,0.01,0.0,0.3,channel,0.00032500000000000004,4.350000000000001e-06,3.2500000000000004,43.50000000000001,-0.027821462550917494,3045374425317013.5
p2_bulk_nga_5e17_common_primary,NGA 5e17 common-primary state,top_primary,interface_4x,T03_P2_BULK_TRAPS_FORMAL,enabled_symmetric_teaching_top_stack,0.0,0.01,0.0,0.3,channel,0.00032500000000000004,4.425e-06,3.2500000000000004,44.25,-0.025448873452416487,3338093052214698.5
p2_bulk_nga_5e17_common_primary,NGA 5e17 common-primary state,top_primary,interface_4x,T03_P2_BULK_TRAPS_FORMAL,enabled_symmetric_teaching_top_stack,0.0,0.01,0.0,0.3,channel,0.00032500000000000004,4.5e-06,3.2500000000000004,45.0,-0.022907100505531467,3682971388319105.5
p2_bulk_nga_5e17_common_primary,NGA 5e17 common-primary state,top_primary,interface_4x,T03_P2_BULK_TRAPS_FORMAL,enabled_symmetric_teaching_top_stack,0.0,0.01,0.0,0.3,channel,0.00032500000000000004,4.575e-06,3.2500000000000004,45.75,-0.020195618637903815,4090244181619837.0
p2_bulk_nga_5e17_common_primary,NGA 5e17 common-primary state,top_primary,interface_4x,T03_P2_BULK_TRAPS_FORMAL,enabled_symmetric_teaching_top_stack,0.0,0.01,0.0,0.3,channel,0.00032500000000000004,4.65e-06,3.2500000000000004,46.50000000000001,-0.017313834020971475,4572577619312911.0
p2_bulk_nga_5e17_common_primary,NGA 5e17 common-primary state,top_primary,interface_4x,T03_P2_BULK_TRAPS_FORMAL,enabled_symmetric_teaching_top_stack,0.0,0.01,0.0,0.3,channel,0.00032500000000000004,4.7250000000000005e-06,3.2500000000000004,47.25000000000001,-0.014261072182159775,5145709067642586.0
p2_bulk_nga_5e17_common_primary,NGA 5e17 common-primary state,top_primary,interface_4x,T03_P2_BULK_TRAPS_FORMAL,enabled_symmetric_teaching_top_stack,0.0,0.01,0.0,0.3,channel,0.00032500000000000004,4.8e-06,3.2500000000000004,48.0,-0.011036562999844625,5829275728051725.0
p2_bulk_nga_5e17_common_primary,NGA 5e17 common-primary state,top_primary,interface_4x,T03_P2_BULK_TRAPS_FORMAL,enabled_symmetric_teaching_top_stack,0.0,0.01,0.0,0.3,channel,0.00032500000000000004,4.875e-06,3.2500000000000004,48.75,-0.007639421729088746,6647893597296967.0
p2_bulk_nga_5e17_common_primary,NGA 5e17 common-primary state,top_primary,interface_4x,T03_P2_BULK_TRAPS_FORMAL,enabled_symmetric_teaching_top_stack,0.0,0.01,0.0,0.3,channel,0.00032500000000000004,4.95e-06,3.2500000000000004,49.5,-0.004068624951267138,7632570165646944.0
p2_bulk_nga_5e17_common_primary,NGA 5e17 common-primary state,top_primary,interface_4x,T03_P2_BULK_TRAPS_FORMAL,enabled_symmetric_teaching_top_stack,0.0,0.01,0.0,0.3,channel,0.00032500000000000004,5.025e-06,3.2500000000000004,50.25,-0.00032298000097651124,8822565090062337.0
p2_bulk_nga_5e17_common_primary,NGA 5e17 common-primary state,top_primary,interface_4x,T03_P2_BULK_TRAPS_FORMAL,enabled_symmetric_teaching_top_stack,0.0,0.01,0.0,0.3,channel,0.00032500000000000004,5.1e-06,3.2500000000000004,51.0,0.003598914032277197,1.0267856514662726e+16
p2_bulk_nga_5e17_common_primary,NGA 5e17 common-primary state,top_primary,interface_4x,T03_P2_BULK_TRAPS_FORMAL,enabled_symmetric_teaching_top_stack,0.0,0.01,0.0,0.3,channel,0.00032500000000000004,5.1750000000000004e-06,3.2500000000000004,51.75000000000001,0.007698716246406819,1.2032432581989174e+16
p2_bulk_nga_5e17_common_primary,NGA 5e17 common-primary state,top_primary,interface_4x,T03_P2_BULK_TRAPS_FORMAL,enabled_symmetric_teaching_top_stack,0.0,0.01,0.0,0.3,channel,0.00032500000000000004,5.2500000000000006e-06,3.2500000000000004,52.50000000000001,0.011978408171519572,1.4198716798132228e+16
p2_bulk_nga_5e17_common_primary,NGA 5e17 common-primary state,top_primary,interface_4x,T03_P2_BULK_TRAPS_FORMAL,enabled_symmetric_teaching_top_stack,0.0,0.01,0.0,0.3,channel,0.00032500000000000004,5.325e-06,3.2500000000000004,53.25,0.016440376829266624,1.6873565876076876e+16
p2_bulk_nga_5e17_common_primary,NGA 5e17 common-primary state,top_primary,interface_4x,T03_P2_BULK_TRAPS_FORMAL,enabled_symmetric_teaching_top_stack,0.0,0.01,0.0,0.3,channel,0.00032500000000000004,5.4e-06,3.2500000000000004,54.0,0.021087522718924296,2.0196470814669104e+16
p2_bulk_nga_5e17_common_primary,NGA 5e17 common-primary state,top_primary,interface_4x,T03_P2_BULK_TRAPS_FORMAL,enabled_symmetric_teaching_top_stack,0.0,0.01,0.0,0.3,channel,0.00035,3e-06,3.5,30.0,-0.041893342238658114,1750744765568023.0
p2_bulk_nga_5e17_common_primary,NGA 5e17 common-primary state,top_primary,interface_4x,T03_P2_BULK_TRAPS_FORMAL,enabled_symmetric_teaching_top_stack,0.0,0.01,0.0,0.3,channel,0.00035,3.075e-06,3.5,30.750000000000004,-0.042522393241589386,1708658395426365.5
p2_bulk_nga_5e17_common_primary,NGA 5e17 common-primary state,top_primary,interface_4x,T03_P2_BULK_TRAPS_FORMAL,enabled_symmetric_teaching_top_stack,0.0,0.01,0.0,0.3,channel,0.00035,3.1500000000000003e-06,3.5,31.500000000000004,-0.042985269875902316,1678337350150122.8
p2_bulk_nga_5e17_common_primary,NGA 5e17 common-primary state,top_primary,interface_4x,T03_P2_BULK_TRAPS_FORMAL,enabled_symmetric_teaching_top_stack,0.0,0.01,0.0,0.3,channel,0.00035,3.225e-06,3.5,32.25,-0.04328204334398799,1659180690339137.5
p2_bulk_nga_5e17_common_primary,NGA 5e17 common-primary state,top_primary,interface_4x,T03_P2_BULK_TRAPS_FORMAL,enabled_symmetric_teaching_top_stack,0.0,0.01,0.0,0.3,channel,0.00035,3.3e-06,3.5,33.0,-0.04341275913058655,1650812528210759.5
p2_bulk_nga_5e17_common_primary,NGA 5e17 common-primary state,top_primary,interface_4x,T03_P2_BULK_TRAPS_FORMAL,enabled_symmetric_teaching_top_stack,0.0,0.01,0.0,0.3,channel,0.00035,3.3750000000000003e-06,3.5,33.75,-0.04337743722933416,1653069594859753.8
p2_bulk_nga_5e17_common_primary,NGA 5e17 common-primary state,top_primary,interface_4x,T03_P2_BULK_TRAPS_FORMAL,enabled_symmetric_teaching_top_stack,0.0,0.01,0.0,0.3,channel,0.00035,3.45e-06,3.5,34.5,-0.04317607224000651,1665995871371286.5
p2_bulk_nga_5e17_common_primary,NGA 5e17 common-primary state,top_primary,interface_4x,T03_P2_BULK_TRAPS_FORMAL,enabled_symmetric_teaching_top_stack,0.0,0.01,0.0,0.3,channel,0.00035,3.525e-06,3.5,35.25,-0.042808633342393966,1689844033193846.5
p2_bulk_nga_5e17_common_primary,NGA 5e17 common-primary state,top_primary,interface_4x,T03_P2_BULK_TRAPS_FORMAL,enabled_symmetric_teaching_top_stack,0.0,0.01,0.0,0.3,channel,0.00035,3.6000000000000003e-06,3.5,36.0,-0.04227506414521104,1725083775096274.8
p2_bulk_nga_5e17_common_primary,NGA 5e17 common-primary state,top_primary,interface_4x,T03_P2_BULK_TRAPS_FORMAL,enabled_symmetric_teaching_top_stack,0.0,0.01,0.0,0.3,channel,0.00035,3.6750000000000004e-06,3.5,36.75000000000001,-0.041575282400842066,1772417406060817.8
p2_bulk_nga_5e17_common_primary,NGA 5e17 common-primary state,top_primary,interface_4x,T03_P2_BULK_TRAPS_FORMAL,enabled_symmetric_teaching_top_stack,0.0,0.01,0.0,0.3,channel,0.00035,3.7500000000000005e-06,3.5,37.50000000000001,-0.04070917956872816,1832803449350247.8
p2_bulk_nga_5e17_common_primary,NGA 5e17 common-primary state,top_primary,interface_4x,T03_P2_BULK_TRAPS_FORMAL,enabled_symmetric_teaching_top_stack,0.0,0.01,0.0,0.3,channel,0.00035,3.825000000000001e-06,3.5,38.25000000000001,-0.03967662020145608,1907489374316362.0
p2_bulk_nga_5e17_common_primary,NGA 5e17 common-primary state,top_primary,interface_4x,T03_P2_BULK_TRAPS_FORMAL,enabled_symmetric_teaching_top_stack,0.0,0.01,0.0,0.3,channel,0.00035,3.9e-06,3.5,39.0,-0.03847744111772068,1998055048407186.5
p2_bulk_nga_5e17_common_primary,NGA 5e17 common-primary state,top_primary,interface_4x,T03_P2_BULK_TRAPS_FORMAL,enabled_symmetric_teaching_top_stack,0.0,0.01,0.0,0.3,channel,0.00035,3.975e-06,3.5,39.75,-0.03711145031482922,2106469060966202.5
p2_bulk_nga_5e17_common_primary,NGA 5e17 common-primary state,top_primary,interface_4x,T03_P2_BULK_TRAPS_FORMAL,enabled_symmetric_teaching_top_stack,0.0,0.01,0.0,0.3,channel,0.00035,4.05e-06,3.5,40.5,-0.03557842555972807,2235160773630405.8
p2_bulk_nga_5e17_common_primary,NGA 5e17 common-primary state,top_primary,interface_4x,T03_P2_BULK_TRAPS_FORMAL,enabled_symmetric_teaching_top_stack,0.0,0.01,0.0,0.3,channel,0.00035,4.125e-06,3.5,41.25,-0.03387811258094515,2387111845795752.5
p2_bulk_nga_5e17_common_primary,NGA 5e17 common-primary state,top_primary,interface_4x,T03_P2_BULK_TRAPS_FORMAL,enabled_symmetric_teaching_top_stack,0.0,0.01,0.0,0.3,channel,0.00035,4.2000000000000004e-06,3.5,42.00000000000001,-0.03201022276345065,2565972134216551.0
p2_bulk_nga_5e17_common_primary,NGA 5e17 common-primary state,top_primary,interface_4x,T03_P2_BULK_TRAPS_FORMAL,enabled_symmetric_teaching_top_stack,0.0,0.01,0.0,0.3,channel,0.00035,4.2750000000000006e-06,3.5,42.75000000000001,-0.02997443022307501,2776206362233147.0
p2_bulk_nga_5e17_common_primary,NGA 5e17 common-primary state,top_primary,interface_4x,T03_P2_BULK_TRAPS_FORMAL,enabled_symmetric_teaching_top_stack,0.0,0.01,0.0,0.3,channel,0.00035,4.350000000000001e-06,3.5,43.50000000000001,-0.027770368105269144,3023279916427054.0
p2_bulk_nga_5e17_common_primary,NGA 5e17 common-primary state,top_primary,interface_4x,T03_P2_BULK_TRAPS_FORMAL,enabled_symmetric_teaching_top_stack,0.0,0.01,0.0,0.3,channel,0.00035,4.425e-06,3.5,44.25,-0.02539762391265621,3313894720190265.0
p2_bulk_nga_5e17_common_primary,NGA 5e17 common-primary state,top_primary,interface_4x,T03_P2_BULK_TRAPS_FORMAL,enabled_symmetric_teaching_top_stack,0.0,0.01,0.0,0.3,channel,0.00035,4.5e-06,3.5,45.0,-0.022855733614373458,3656289579201649.5
p2_bulk_nga_5e17_common_primary,NGA 5e17 common-primary state,top_primary,interface_4x,T03_P2_BULK_TRAPS_FORMAL,enabled_symmetric_teaching_top_stack,0.0,0.01,0.0,0.3,channel,0.00035,4.575e-06,3.5,45.75,-0.02014417422413948,4060624003536680.0
p2_bulk_nga_5e17_common_primary,NGA 5e17 common-primary state,top_primary,interface_4x,T03_P2_BULK_TRAPS_FORMAL,enabled_symmetric_teaching_top_stack,0.0,0.01,0.0,0.3,channel,0.00035,4.65e-06,3.5,46.50000000000001,-0.017262354448619788,4539470717714219.0
p2_bulk_nga_5e17_common_primary,NGA 5e17 common-primary state,top_primary,interface_4x,T03_P2_BULK_TRAPS_FORMAL,enabled_symmetric_teaching_top_stack,0.0,0.01,0.0,0.3,channel,0.00035,4.7250000000000005e-06,3.5,47.25000000000001,-0.014209602896698096,5108450481185318.0
p2_bulk_nga_5e17_common_primary,NGA 5e17 common-primary state,top_primary,interface_4x,T03_P2_BULK_TRAPS_FORMAL,enabled_symmetric_teaching_top_stack,0.0,0.01,0.0,0.3,channel,0.00035,4.8e-06,3.5,48.0,-0.010985153195136793,5787054318751578.0
p2_bulk_nga_5e17_common_primary,NGA 5e17 common-primary state,top_primary,interface_4x,T03_P2_BULK_TRAPS_FORMAL,enabled_symmetric_teaching_top_stack,0.0,0.01,0.0,0.3,channel,0.00035,4.875e-06,3.5,48.75,-0.0075881251651576526,6599714034544820.0
p2_bulk_nga_5e17_common_primary,NGA 5e17 common-primary state,top_primary,interface_4x,T03_P2_BULK_TRAPS_FORMAL,enabled_symmetric_teaching_top_stack,0.0,0.01,0.0,0.3,channel,0.00035,4.95e-06,3.5,49.5,-0.0040175009616444535,7577203732830631.0
p2_bulk_nga_5e17_common_primary,NGA 5e17 common-primary state,top_primary,interface_4x,T03_P2_BULK_TRAPS_FORMAL,enabled_symmetric_teaching_top_stack,0.0,0.01,0.0,0.3,channel,0.00035,5.025e-06,3.5,50.25,-0.0002720947397269349,8758485590148511.0
p2_bulk_nga_5e17_common_primary,NGA 5e17 common-primary state,top_primary,interface_4x,T03_P2_BULK_TRAPS_FORMAL,enabled_symmetric_teaching_top_stack,0.0,0.01,0.0,0.3,channel,0.00035,5.1e-06,3.5,51.0,0.0036494860386060033,1.0193156151288082e+16
p2_bulk_nga_5e17_common_primary,NGA 5e17 common-primary state,top_primary,interface_4x,T03_P2_BULK_TRAPS_FORMAL,enabled_symmetric_teaching_top_stack,0.0,0.01,0.0,0.3,channel,0.00035,5.1750000000000004e-06,3.5,51.75000000000001,0.0077488901562897455,1.1944710695621932e+16
p2_bulk_nga_5e17_common_primary,NGA 5e17 common-primary state,top_primary,interface_4x,T03_P2_BULK_TRAPS_FORMAL,enabled_symmetric_teaching_top_stack,0.0,0.01,0.0,0.3,channel,0.00035,5.2500000000000006e-06,3.5,52.50000000000001,0.012028086382182048,1.4094931452235238e+16
p2_bulk_nga_5e17_common_primary,NGA 5e17 common-primary state,top_primary,interface_4x,T03_P2_BULK_TRAPS_FORMAL,enabled_symmetric_teaching_top_stack,0.0,0.01,0.0,0.3,channel,0.00035,5.325e-06,3.5,53.25,0.016489445875605288,1.6749834063891096e+16
p2_bulk_nga_5e17_common_primary,NGA 5e17 common-primary state,top_primary,interface_4x,T03_P2_BULK_TRAPS_FORMAL,enabled_symmetric_teaching_top_stack,0.0,0.01,0.0,0.3,channel,0.00035,5.4e-06,3.5,54.0,0.02113584931431085,2.004779677690405e+16
p2_bulk_nga_5e17_common_primary,NGA 5e17 common-primary state,top_primary,interface_4x,T03_P2_BULK_TRAPS_FORMAL,enabled_symmetric_teaching_top_stack,0.0,0.01,0.0,0.3,channel,0.000375,3e-06,3.75,30.0,-0.04185031594336034,1737381726856732.0
p2_bulk_nga_5e17_common_primary,NGA 5e17 common-primary state,top_primary,interface_4x,T03_P2_BULK_TRAPS_FORMAL,enabled_symmetric_teaching_top_stack,0.0,0.01,0.0,0.3,channel,0.000375,3.075e-06,3.75,30.750000000000004,-0.04247865085041727,1695663561390348.8
p2_bulk_nga_5e17_common_primary,NGA 5e17 common-primary state,top_primary,interface_4x,T03_P2_BULK_TRAPS_FORMAL,enabled_symmetric_teaching_top_stack,0.0,0.01,0.0,0.3,channel,0.000375,3.1500000000000003e-06,3.75,31.500000000000004,-0.042940841787726385,1665617294458488.5
p2_bulk_nga_5e17_common_primary,NGA 5e17 common-primary state,top_primary,interface_4x,T03_P2_BULK_TRAPS_FORMAL,enabled_symmetric_teaching_top_stack,0.0,0.01,0.0,0.3,channel,0.000375,3.225e-06,3.75,32.25,-0.04323695971676794,1646647576394291.8
p2_bulk_nga_5e17_common_primary,NGA 5e17 common-primary state,top_primary,interface_4x,T03_P2_BULK_TRAPS_FORMAL,enabled_symmetric_teaching_top_stack,0.0,0.01,0.0,0.3,channel,0.000375,3.3e-06,3.75,33.0,-0.04336704993772619,1638382270690009.0
p2_bulk_nga_5e17_common_primary,NGA 5e17 common-primary state,top_primary,interface_4x,T03_P2_BULK_TRAPS_FORMAL,enabled_symmetric_teaching_top_stack,0.0,0.01,0.0,0.3,channel,0.000375,3.3750000000000003e-06,3.75,33.75,-0.04333113231231669,1640660148464350.0
p2_bulk_nga_5e17_common_primary,NGA 5e17 common-primary state,top_primary,interface_4x,T03_P2_BULK_TRAPS_FORMAL,enabled_symmetric_teaching_top_stack,0.0,0.01,0.0,0.3,channel,0.000375,3.45e-06,3.75,34.5,-0.043129201359175647,1653525587909589.8
p2_bulk_nga_5e17_common_primary,NGA 5e17 common-primary state,top_primary,interface_4x,T03_P2_BULK_TRAPS_FORMAL,enabled_symmetric_teaching_top_stack,0.0,0.01,0.0,0.3,channel,0.000375,3.525e-06,3.75,35.25,-0.04276122622767487,1677230031386803.2
p2_bulk_nga_5e17_common_primary,NGA 5e17 common-primary state,top_primary,interface_4x,T03_P2_BULK_TRAPS_FORMAL,enabled_symmetric_teaching_top_stack,0.0,0.01,0.0,0.3,channel,0.000375,3.6000000000000003e-06,3.75,36.0,-0.042227150548549676,1712240268067863.2
p2_bulk_nga_5e17_common_primary,NGA 5e17 common-primary state,top_primary,interface_4x,T03_P2_BULK_TRAPS_FORMAL,enabled_symmetric_teaching_top_stack,0.0,0.01,0.0,0.3,channel,0.000375,3.6750000000000004e-06,3.75,36.75000000000001,-0.041526892152182894,1759253929397100.0
p2_bulk_nga_5e17_common_primary,NGA 5e17 common-primary state,top_primary,interface_4x,T03_P2_BULK_TRAPS_FORMAL,enabled_symmetric_teaching_top_stack,0.0,0.01,0.0,0.3,channel,0.000375,3.7500000000000005e-06,3.75,37.50000000000001,-0.04066034263744934,1819222927742411.8
p2_bulk_nga_5e17_common_primary,NGA 5e17 common-primary state,top_primary,interface_4x,T03_P2_BULK_TRAPS_FORMAL,enabled_symmetric_teaching_top_stack,0.0,0.01,0.0,0.3,channel,0.000375,3.825000000000001e-06,3.75,38.25000000000001,-0.03962736676534402,1893385956829305.2
p2_bulk_nga_5e17_common_primary,NGA 5e17 common-primary state,top_primary,interface_4x,T03_P2_BULK_TRAPS_FORMAL,enabled_symmetric_teaching_top_stack,0.0,0.01,0.0,0.3,channel,0.000375,3.9e-06,3.75,39.0,-0.03842780164179959,1983311630812364.0
p2_bulk_nga_5e17_common_primary,NGA 5e17 common-primary state,top_primary,interface_4x,T03_P2_BULK_TRAPS_FORMAL,enabled_symmetric_teaching_top_stack,0.0,0.01,0.0,0.3,channel,0.000375,3.975e-06,3.75,39.75,-0.037061455642678036,2090954397571210.8
p2_bulk_nga_5e17_common_primary,NGA 5e17 common-primary state,top_primary,interface_4x,T03_P2_BULK_TRAPS_FORMAL,enabled_symmetric_teaching_top_stack,0.0,0.01,0.0,0.3,channel,0.000375,4.05e-06,3.75,40.5,-0.03552810702033324,2218726059535980.2
p2_bulk_nga_5e17_common_primary,NGA 5e17 common-primary state,top_primary,interface_4x,T03_P2_BULK_TRAPS_FORMAL,enabled_symmetric_teaching_top_stack,0.0,0.01,0.0,0.3,channel,0.000375,4.125e-06,3.75,41.25,-0.03382750211467473,2369586622007516.5
p2_bulk_nga_5e17_common_primary,NGA 5e17 common-primary state,top_primary,interface_4x,T03_P2_BULK_TRAPS_FORMAL,enabled_symmetric_teaching_top_stack,0.0,0.01,0.0,0.3,channel,0.000375,4.2000000000000004e-06,3.75,42.00000000000001,-0.03195935307142193,2547159330477114.5
p2_bulk_nga_5e17_common_primary,NGA 5e17 common-primary state,top_primary,interface_4x,T03_P2_BULK_TRAPS_FORMAL,enabled_symmetric_teaching_top_stack,0.0,0.01,0.0,0.3,channel,0.000375,4.2750000000000006e-06,3.75,42.75000000000001,-0.02992333494506278,2755876243018803.5
p2_bulk_nga_5e17_common_primary,NGA 5e17 common-primary state,top_primary,interface_4x,T03_P2_BULK_TRAPS_FORMAL,enabled_symmetric_teaching_top_stack,0.0,0.01,0.0,0.3,channel,0.000375,4.350000000000001e-06,3.75,43.50000000000001,-0.027719082032414983,3001162630453060.5
p2_bulk_nga_5e17_common_primary,NGA 5e17 common-primary state,top_primary,interface_4x,T03_P2_BULK_TRAPS_FORMAL,enabled_symmetric_teaching_top_stack,0.0,0.01,0.0,0.3,channel,0.000375,4.425e-06,3.75,44.25,-0.0253461832426564,3289671067763043.5
p2_bulk_nga_5e17_common_primary,NGA 5e17 common-primary state,top_primary,interface_4x,T03_P2_BULK_TRAPS_FORMAL,enabled_symmetric_teaching_top_stack,0.0,0.01,0.0,0.3,channel,0.000375,4.5e-06,3.75,45.0,-0.022804176258632604,3629579497655741.5
p2_bulk_nga_5e17_common_primary,NGA 5e17 common-primary state,top_primary,interface_4x,T03_P2_BULK_TRAPS_FORMAL,enabled_symmetric_teaching_top_stack,0.0,0.01,0.0,0.3,channel,0.000375,4.575e-06,3.75,45.75,-0.020092540178693843,4030972118844537.5
p2_bulk_nga_5e17_common_primary,NGA 5e17 common-primary state,top_primary,interface_4x,T03_P2_BULK_TRAPS_FORMAL,enabled_symmetric_teaching_top_stack,0.0,0.01,0.0,0.3,channel,0.000375,4.65e-06,3.75,46.50000000000001,-0.017210686243614062,4506328106273061.0
p2_bulk_nga_5e17_common_primary,NGA 5e17 common-primary state,top_primary,interface_4x,T03_P2_BULK_TRAPS_FORMAL,enabled_symmetric_teaching_top_stack,0.0,0.01,0.0,0.3,channel,0.000375,4.7250000000000005e-06,3.75,47.25000000000001,-0.014157946143048852,5071151510238112.0
p2_bulk_nga_5e17_common_primary,NGA 5e17 common-primary state,top_primary,interface_4x,T03_P2_BULK_TRAPS_FORMAL,enabled_symmetric_teaching_top_stack,0.0,0.01,0.0,0.3,channel,0.000375,4.8e-06,3.75,48.0,-0.0109335572520162,5744787059168890.0
p2_bulk_nga_5e17_common_primary,NGA 5e17 common-primary state,top_primary,interface_4x,T03_P2_BULK_TRAPS_FORMAL,enabled_symmetric_teaching_top_stack,0.0,0.01,0.0,0.3,channel,0.000375,4.875e-06,3.75,48.75,-0.007536643958462966,6551482226040066.0
p2_bulk_nga_5e17_common_primary,NGA 5e17 common-primary state,top_primary,interface_4x,T03_P2_BULK_TRAPS_FORMAL,enabled_symmetric_teaching_top_stack,0.0,0.01,0.0,0.3,channel,0.000375,4.95e-06,3.75,49.5,-0.003966193992205866,7521777571503880.0
p2_bulk_nga_5e17_common_primary,NGA 5e17 common-primary state,top_primary,interface_4x,T03_P2_BULK_TRAPS_FORMAL,enabled_symmetric_teaching_top_stack,0.0,0.01,0.0,0.3,channel,0.000375,5.025e-06,3.75,50.25,-0.00022102833137112622,8694337617074895.0
p2_bulk_nga_5e17_common_primary,NGA 5e17 common-primary state,top_primary,interface_4x,T03_P2_BULK_TRAPS_FORMAL,enabled_symmetric_teaching_top_stack,0.0,0.01,0.0,0.3,channel,0.000375,5.1e-06,3.75,51.0,0.0037002371858676918,1.011837712317357e+16
p2_bulk_nga_5e17_common_primary,NGA 5e17 common-primary state,top_primary,interface_4x,T03_P2_BULK_TRAPS_FORMAL,enabled_symmetric_teaching_top_stack,0.0,0.01,0.0,0.3,channel,0.000375,5.1750000000000004e-06,3.75,51.75000000000001,0.007799241022318705,1.185689832522671e+16
p2_bulk_nga_5e17_common_primary,NGA 5e17 common-primary state,top_primary,interface_4x,T03_P2_BULK_TRAPS_FORMAL,enabled_symmetric_teaching_top_stack,0.0,0.01,0.0,0.3,channel,0.000375,5.2500000000000006e-06,3.75,52.50000000000001,0.012077939178786518,1.39910420279806e+16
p2_bulk_nga_5e17_common_primary,NGA 5e17 common-primary state,top_primary,interface_4x,T03_P2_BULK_TRAPS_FORMAL,enabled_symmetric_teaching_top_stack,0.0,0.01,0.0,0.3,channel,0.000375,5.325e-06,3.75,53.25,0.01653868694363537,1.6625982744753878e+16
p2_bulk_nga_5e17_common_primary,NGA 5e17 common-primary state,top_primary,interface_4x,T03_P2_BULK_TRAPS_FORMAL,enabled_symmetric_teaching_top_stack,0.0,0.01,0.0,0.3,channel,0.000375,5.4e-06,3.75,54.0,0.021184345162554796,1.98989860975419e+16
p2_bulk_nga_5e17_common_primary,NGA 5e17 common-primary state,top_primary,interface_4x,T03_P2_BULK_TRAPS_FORMAL,enabled_symmetric_teaching_top_stack,0.0,0.01,0.0,0.3,channel,0.0004,3e-06,4.0,30.0,-0.04180711715802994,1724012367648791.2
p2_bulk_nga_5e17_common_primary,NGA 5e17 common-primary state,top_primary,interface_4x,T03_P2_BULK_TRAPS_FORMAL,enabled_symmetric_teaching_top_stack,0.0,0.01,0.0,0.3,channel,0.0004,3.075e-06,4.0,30.750000000000004,-0.04243473313155825,1682662021922855.2
p2_bulk_nga_5e17_common_primary,NGA 5e17 common-primary state,top_primary,interface_4x,T03_P2_BULK_TRAPS_FORMAL,enabled_symmetric_teaching_top_stack,0.0,0.01,0.0,0.3,channel,0.0004,3.1500000000000003e-06,4.0,31.500000000000004,-0.04289623572472408,1652890145264780.2
p2_bulk_nga_5e17_common_primary,NGA 5e17 common-primary state,top_primary,interface_4x,T03_P2_BULK_TRAPS_FORMAL,enabled_symmetric_teaching_top_stack,0.0,0.01,0.0,0.3,channel,0.0004,3.225e-06,4.0,32.25,-0.04319169565894962,1634106968098121.0
p2_bulk_nga_5e17_common_primary,NGA 5e17 common-primary state,top_primary,interface_4x,T03_P2_BULK_TRAPS_FORMAL,enabled_symmetric_teaching_top_stack,0.0,0.01,0.0,0.3,channel,0.0004,3.3e-06,4.0,33.0,-0.04332115805040468,1625944096091669.5
p2_bulk_nga_5e17_common_primary,NGA 5e17 common-primary state,top_primary,interface_4x,T03_P2_BULK_TRAPS_FORMAL,enabled_symmetric_teaching_top_stack,0.0,0.01,0.0,0.3,channel,0.0004,3.3750000000000003e-06,4.0,33.75,-0.043284642629123786,1628242331482605.5
p2_bulk_nga_5e17_common_primary,NGA 5e17 common-primary state,top_primary,interface_4x,T03_P2_BULK_TRAPS_FORMAL,enabled_symmetric_teaching_top_stack,0.0,0.01,0.0,0.3,channel,0.0004,3.45e-06,4.0,34.5,-0.04308214383255197,1641046440538399.8
p2_bulk_nga_5e17_common_primary,NGA 5e17 common-primary state,top_primary,interface_4x,T03_P2_BULK_TRAPS_FORMAL,enabled_symmetric_teaching_top_stack,0.0,0.01,0.0,0.3,channel,0.0004,3.525e-06,4.0,35.25,-0.04271363077931089,1664606623070820.0
p2_bulk_nga_5e17_common_primary,NGA 5e17 common-primary state,top_primary,interface_4x,T03_P2_BULK_TRAPS_FORMAL,enabled_symmetric_teaching_top_stack,0.0,0.01,0.0,0.3,channel,0.0004,3.6000000000000003e-06,4.0,36.0,-0.04217904712155817,1699386752460615.5
p2_bulk_nga_5e17_common_primary,NGA 5e17 common-primary state,top_primary,interface_4x,T03_P2_BULK_TRAPS_FORMAL,enabled_symmetric_teaching_top_stack,0.0,0.01,0.0,0.3,channel,0.0004,3.6750000000000004e-06,4.0,36.75000000000001,-0.04147831076682433,1746079771373321.0
p2_bulk_nga_5e17_common_primary,NGA 5e17 common-primary state,top_primary,interface_4x,T03_P2_BULK_TRAPS_FORMAL,enabled_symmetric_teaching_top_stack,0.0,0.01,0.0,0.3,channel,0.0004,3.7500000000000005e-06,4.0,37.50000000000001,-0.040611313452331384,1805630968654628.0
p2_bulk_nga_5e17_common_primary,NGA 5e17 common-primary state,top_primary,interface_4x,T03_P2_BULK_TRAPS_FORMAL,enabled_symmetric_teaching_top_stack,0.0,0.01,0.0,0.3,channel,0.0004,3.825000000000001e-06,4.0,38.25000000000001,-0.039577920146179446,1879270248011544.2
p2_bulk_nga_5e17_common_primary,NGA 5e17 common-primary state,top_primary,interface_4x,T03_P2_BULK_TRAPS_FORMAL,enabled_symmetric_teaching_top_stack,0.0,0.01,0.0,0.3,channel,0.0004,3.9e-06,4.0,39.0,-0.03837796824004093,1968554953716755.5
p2_bulk_nga_5e17_common_primary,NGA 5e17 common-primary state,top_primary,interface_4x,T03_P2_BULK_TRAPS_FORMAL,enabled_symmetric_teaching_top_stack,0.0,0.01,0.0,0.3,channel,0.0004,3.975e-06,4.0,39.75,-0.03701126648666466,2075425372901361.8
p2_bulk_nga_5e17_common_primary,NGA 5e17 common-primary state,top_primary,interface_4x,T03_P2_BULK_TRAPS_FORMAL,enabled_symmetric_teaching_top_stack,0.0,0.01,0.0,0.3,channel,0.0004,4.05e-06,4.0,40.5,-0.03547759362200309,2202275726221847.5
p2_bulk_nga_5e17_common_primary,NGA 5e17 common-primary state,top_primary,interface_4x,T03_P2_BULK_TRAPS_FORMAL,enabled_symmetric_teaching_top_stack,0.0,0.01,0.0,0.3,channel,0.0004,4.125e-06,4.0,41.25,-0.033776696595430346,2352044338343760.5
p2_bulk_nga_5e17_common_primary,NGA 5e17 common-primary state,top_primary,interface_4x,T03_P2_BULK_TRAPS_FORMAL,enabled_symmetric_teaching_top_stack,0.0,0.01,0.0,0.3,channel,0.0004,4.2000000000000004e-06,4.0,42.00000000000001,-0.03190828831142827,2528327812163792.0
p2_bulk_nga_5e17_common_primary,NGA 5e17 common-primary state,top_primary,interface_4x,T03_P2_BULK_TRAPS_FORMAL,enabled_symmetric_teaching_top_stack,0.0,0.01,0.0,0.3,channel,0.0004,4.2750000000000006e-06,4.0,42.75000000000001,-0.029872044761129802,2735525503398930.5
p2_bulk_nga_5e17_common_primary,NGA 5e17 common-primary state,top_primary,interface_4x,T03_P2_BULK_TRAPS_FORMAL,enabled_symmetric_teaching_top_stack,0.0,0.01,0.0,0.3,channel,0.0004,4.350000000000001e-06,4.0,43.50000000000001,-0.0276676013907321,2979022523117937.5
p2_bulk_nga_5e17_common_primary,NGA 5e17 common-primary state,top_primary,interface_4x,T03_P2_BULK_TRAPS_FORMAL,enabled_symmetric_teaching_top_stack,0.0,0.01,0.0,0.3,channel,0.0004,4.425e-06,4.0,44.25,-0.025294548514064652,3265422045669452.0
p2_bulk_nga_5e17_common_primary,NGA 5e17 common-primary state,top_primary,interface_4x,T03_P2_BULK_TRAPS_FORMAL,enabled_symmetric_teaching_top_stack,0.0,0.01,0.0,0.3,channel,0.0004,4.5e-06,4.0,45.0,-0.022752425525930903,3602841088784425.5
p2_bulk_nga_5e17_common_primary,NGA 5e17 common-primary state,top_primary,interface_4x,T03_P2_BULK_TRAPS_FORMAL,enabled_symmetric_teaching_top_stack,0.0,0.01,0.0,0.3,channel,0.0004,4.575e-06,4.0,45.75,-0.02004071360779431,4001288466281340.5
p2_bulk_nga_5e17_common_primary,NGA 5e17 common-primary state,top_primary,interface_4x,T03_P2_BULK_TRAPS_FORMAL,enabled_symmetric_teaching_top_stack,0.0,0.01,0.0,0.3,channel,0.0004,4.65e-06,4.0,46.50000000000001,-0.017158826533342785,4473149716543030.0
p2_bulk_nga_5e17_common_primary,NGA 5e17 common-primary state,top_primary,interface_4x,T03_P2_BULK_TRAPS_FORMAL,enabled_symmetric_teaching_top_stack,0.0,0.01,0.0,0.3,channel,0.0004,4.7250000000000005e-06,4.0,47.25000000000001,-0.014106099072240103,5033812078266119.0
p2_bulk_nga_5e17_common_primary,NGA 5e17 common-primary state,top_primary,interface_4x,T03_P2_BULK_TRAPS_FORMAL,enabled_symmetric_teaching_top_stack,0.0,0.01,0.0,0.3,channel,0.0004,4.8e-06,4.0,48.0,-0.01088177234755011,5702473863703175.0
p2_bulk_nga_5e17_common_primary,NGA 5e17 common-primary state,top_primary,interface_4x,T03_P2_BULK_TRAPS_FORMAL,enabled_symmetric_teaching_top_stack,0.0,0.01,0.0,0.3,channel,0.0004,4.875e-06,4.0,48.75,-0.007484975314430787,6503198076093257.0
p2_bulk_nga_5e17_common_primary,NGA 5e17 common-primary state,top_primary,interface_4x,T03_P2_BULK_TRAPS_FORMAL,enabled_symmetric_teaching_top_stack,0.0,0.01,0.0,0.3,channel,0.0004,4.95e-06,4.0,49.5,-0.003914701278975146,7466291574870456.0
p2_bulk_nga_5e17_common_primary,NGA 5e17 common-primary state,top_primary,interface_4x,T03_P2_BULK_TRAPS_FORMAL,enabled_symmetric_teaching_top_stack,0.0,0.01,0.0,0.3,channel,0.0004,5.025e-06,4.0,50.25,-0.0001697780446881133,8630121052016931.0
p2_bulk_nga_5e17_common_primary,NGA 5e17 common-primary state,top_primary,interface_4x,T03_P2_BULK_TRAPS_FORMAL,enabled_symmetric_teaching_top_stack,0.0,0.01,0.0,0.3,channel,0.0004,5.1e-06,4.0,51.0,0.0037511701704518335,1.004351929879322e+16
p2_bulk_nga_5e17_common_primary,NGA 5e17 common-primary state,top_primary,interface_4x,T03_P2_BULK_TRAPS_FORMAL,enabled_symmetric_teaching_top_stack,0.0,0.01,0.0,0.3,channel,0.0004,5.1750000000000004e-06,4.0,51.75000000000001,0.00784977150405723,1.1768995326398758e+16
p2_bulk_nga_5e17_common_primary,NGA 5e17 common-primary state,top_primary,interface_4x,T03_P2_BULK_TRAPS_FORMAL,enabled_symmetric_teaching_top_stack,0.0,0.01,0.0,0.3,channel,0.0004,5.2500000000000006e-06,4.0,52.50000000000001,0.012127969182157526,1.38870483687962e+16
p2_bulk_nga_5e17_common_primary,NGA 5e17 common-primary state,top_primary,interface_4x,T03_P2_BULK_TRAPS_FORMAL,enabled_symmetric_teaching_top_stack,0.0,0.01,0.0,0.3,channel,0.0004,5.325e-06,4.0,53.25,0.016588102613611905,1.6502011752140224e+16
p2_bulk_nga_5e17_common_primary,NGA 5e17 common-primary state,top_primary,interface_4x,T03_P2_BULK_TRAPS_FORMAL,enabled_symmetric_teaching_top_stack,0.0,0.01,0.0,0.3,channel,0.0004,5.4e-06,4.0,54.0,0.021233012801595393,1.975003860476729e+16
p2_bulk_nga_5e17_common_primary,NGA 5e17 common-primary state,top_primary,interface_4x,T03_P2_BULK_TRAPS_FORMAL,enabled_symmetric_teaching_top_stack,0.0,0.01,0.0,0.3,channel,0.00042500000000000003,3e-06,4.25,30.0,-0.04176374315761414,1710636686123919.5
p2_bulk_nga_5e17_common_primary,NGA 5e17 common-primary state,top_primary,interface_4x,T03_P2_BULK_TRAPS_FORMAL,enabled_symmetric_teaching_top_stack,0.0,0.01,0.0,0.3,channel,0.00042500000000000003,3.075e-06,4.25,30.750000000000004,-0.04239063731532767,1669653773303518.0
p2_bulk_nga_5e17_common_primary,NGA 5e17 common-primary state,top_primary,interface_4x,T03_P2_BULK_TRAPS_FORMAL,enabled_symmetric_teaching_top_stack,0.0,0.01,0.0,0.3,channel,0.00042500000000000003,3.1500000000000003e-06,4.25,31.500000000000004,-0.042851448875981545,1640155897067208.2
p2_bulk_nga_5e17_common_primary,NGA 5e17 common-primary state,top_primary,interface_4x,T03_P2_BULK_TRAPS_FORMAL,enabled_symmetric_teaching_top_stack,0.0,0.01,0.0,0.3,channel,0.00042500000000000003,3.225e-06,4.25,32.25,-0.0431462483218022,1621558858249545.0
p2_bulk_nga_5e17_common_primary,NGA 5e17 common-primary state,top_primary,interface_4x,T03_P2_BULK_TRAPS_FORMAL,enabled_symmetric_teaching_top_stack,0.0,0.01,0.0,0.3,channel,0.00042500000000000003,3.3e-06,4.25,33.0,-0.04327508058549007,1613497995564559.2
p2_bulk_nga_5e17_common_primary,NGA 5e17 common-primary state,top_primary,interface_4x,T03_P2_BULK_TRAPS_FORMAL,enabled_symmetric_teaching_top_stack,0.0,0.01,0.0,0.3,channel,0.00042500000000000003,3.3750000000000003e-06,4.25,33.75,-0.043237965265636294,1615816133432055.8
p2_bulk_nga_5e17_common_primary,NGA 5e17 common-primary state,top_primary,interface_4x,T03_P2_BULK_TRAPS_FORMAL,enabled_symmetric_teaching_top_stack,0.0,0.01,0.0,0.3,channel,0.00042500000000000003,3.45e-06,4.25,34.5,-0.04303489671843538,1628558417134090.0
p2_bulk_nga_5e17_common_primary,NGA 5e17 common-primary state,top_primary,interface_4x,T03_P2_BULK_TRAPS_FORMAL,enabled_symmetric_teaching_top_stack,0.0,0.01,0.0,0.3,channel,0.00042500000000000003,3.525e-06,4.25,35.25,-0.04266584403141409,1651973794443400.0
p2_bulk_nga_5e17_common_primary,NGA 5e17 common-primary state,top_primary,interface_4x,T03_P2_BULK_TRAPS_FORMAL,enabled_symmetric_teaching_top_stack,0.0,0.01,0.0,0.3,channel,0.00042500000000000003,3.6000000000000003e-06,4.25,36.0,-0.0421307508775352,1686523212727752.8
p2_bulk_nga_5e17_common_primary,NGA 5e17 common-primary state,top_primary,interface_4x,T03_P2_BULK_TRAPS_FORMAL,enabled_symmetric_teaching_top_stack,0.0,0.01,0.0,0.3,channel,0.00042500000000000003,3.6750000000000004e-06,4.25,36.75000000000001,-0.04142953524060203,1732894914604730.2
p2_bulk_nga_5e17_common_primary,NGA 5e17 common-primary state,top_primary,interface_4x,T03_P2_BULK_TRAPS_FORMAL,enabled_symmetric_teaching_top_stack,0.0,0.01,0.0,0.3,channel,0.00042500000000000003,3.7500000000000005e-06,4.25,37.50000000000001,-0.040562088995067976,1792027552740938.2
p2_bulk_nga_5e17_common_primary,NGA 5e17 common-primary state,top_primary,interface_4x,T03_P2_BULK_TRAPS_FORMAL,enabled_symmetric_teaching_top_stack,0.0,0.01,0.0,0.3,channel,0.00042500000000000003,3.825000000000001e-06,4.25,38.25000000000001,-0.039528277314800644,1865142226401188.8
p2_bulk_nga_5e17_common_primary,NGA 5e17 common-primary state,top_primary,interface_4x,T03_P2_BULK_TRAPS_FORMAL,enabled_symmetric_teaching_top_stack,0.0,0.01,0.0,0.3,channel,0.00042500000000000003,3.9e-06,4.25,39.0,-0.03832793787567464,1953784993353685.2
p2_bulk_nga_5e17_common_primary,NGA 5e17 common-primary state,top_primary,interface_4x,T03_P2_BULK_TRAPS_FORMAL,enabled_symmetric_teaching_top_stack,0.0,0.01,0.0,0.3,channel,0.00042500000000000003,3.975e-06,4.25,39.75,-0.03696087980561343,2059881960658867.5
p2_bulk_nga_5e17_common_primary,NGA 5e17 common-primary state,top_primary,interface_4x,T03_P2_BULK_TRAPS_FORMAL,enabled_symmetric_teaching_top_stack,0.0,0.01,0.0,0.3,channel,0.00042500000000000003,4.05e-06,4.25,40.5,-0.03542688232230994,2185809744591229.0
p2_bulk_nga_5e17_common_primary,NGA 5e17 common-primary state,top_primary,interface_4x,T03_P2_BULK_TRAPS_FORMAL,enabled_symmetric_teaching_top_stack,0.0,0.01,0.0,0.3,channel,0.00042500000000000003,4.125e-06,4.25,41.25,-0.033725692982632435,2334484962594486.5
p2_bulk_nga_5e17_common_primary,NGA 5e17 common-primary state,top_primary,interface_4x,T03_P2_BULK_TRAPS_FORMAL,enabled_symmetric_teaching_top_stack,0.0,0.01,0.0,0.3,channel,0.00042500000000000003,4.2000000000000004e-06,4.25,42.00000000000001,-0.03185702544778058,2509477543587278.0
p2_bulk_nga_5e17_common_primary,NGA 5e17 common-primary state,top_primary,interface_4x,T03_P2_BULK_TRAPS_FORMAL,enabled_symmetric_teaching_top_stack,0.0,0.01,0.0,0.3,channel,0.00042500000000000003,4.2750000000000006e-06,4.25,42.75000000000001,-0.02982055664345795,2715154103780825.5
p2_bulk_nga_5e17_common_primary,NGA 5e17 common-primary state,top_primary,interface_4x,T03_P2_BULK_TRAPS_FORMAL,enabled_symmetric_teaching_top_stack,0.0,0.01,0.0,0.3,channel,0.00042500000000000003,4.350000000000001e-06,4.25,43.50000000000001,-0.0276159231631883,2956859550436906.0
p2_bulk_nga_5e17_common_primary,NGA 5e17 common-primary state,top_primary,interface_4x,T03_P2_BULK_TRAPS_FORMAL,enabled_symmetric_teaching_top_stack,0.0,0.01,0.0,0.3,channel,0.00042500000000000003,4.425e-06,4.25,44.25,-0.025242716723480645,3241147604972624.5
p2_bulk_nga_5e17_common_primary,NGA 5e17 common-primary state,top_primary,interface_4x,T03_P2_BULK_TRAPS_FORMAL,enabled_symmetric_teaching_top_stack,0.0,0.01,0.0,0.3,channel,0.00042500000000000003,4.5e-06,4.25,45.0,-0.022700478429273675,3576074298061116.0
p2_bulk_nga_5e17_common_primary,NGA 5e17 common-primary state,top_primary,interface_4x,T03_P2_BULK_TRAPS_FORMAL,enabled_symmetric_teaching_top_stack,0.0,0.01,0.0,0.3,channel,0.00042500000000000003,4.575e-06,4.25,45.75,-0.019988691543550614,3971572985010637.5
p2_bulk_nga_5e17_common_primary,NGA 5e17 common-primary state,top_primary,interface_4x,T03_P2_BULK_TRAPS_FORMAL,enabled_symmetric_teaching_top_stack,0.0,0.01,0.0,0.3,channel,0.00042500000000000003,4.65e-06,4.25,46.50000000000001,-0.017106772371641512,4439935480573207.5
p2_bulk_nga_5e17_common_primary,NGA 5e17 common-primary state,top_primary,interface_4x,T03_P2_BULK_TRAPS_FORMAL,enabled_symmetric_teaching_top_stack,0.0,0.01,0.0,0.3,channel,0.00042500000000000003,4.7250000000000005e-06,4.25,47.25000000000001,-0.014054058762375104,4996432109318460.0
p2_bulk_nga_5e17_common_primary,NGA 5e17 common-primary state,top_primary,interface_4x,T03_P2_BULK_TRAPS_FORMAL,enabled_symmetric_teaching_top_stack,0.0,0.01,0.0,0.3,channel,0.00042500000000000003,4.8e-06,4.25,48.0,-0.010829795586570237,5660114647450196.0
p2_bulk_nga_5e17_common_primary,NGA 5e17 common-primary state,top_primary,interface_4x,T03_P2_BULK_TRAPS_FORMAL,enabled_symmetric_teaching_top_stack,0.0,0.01,0.0,0.3,channel,0.00042500000000000003,4.875e-06,4.25,48.75,-0.007433116366999633,6454861489854136.0
p2_bulk_nga_5e17_common_primary,NGA 5e17 common-primary state,top_primary,interface_4x,T03_P2_BULK_TRAPS_FORMAL,enabled_symmetric_teaching_top_stack,0.0,0.01,0.0,0.3,channel,0.00042500000000000003,4.95e-06,4.25,49.5,-0.0038630199872926735,7410745637155992.0
p2_bulk_nga_5e17_common_primary,NGA 5e17 common-primary state,top_primary,interface_4x,T03_P2_BULK_TRAPS_FORMAL,enabled_symmetric_teaching_top_stack,0.0,0.01,0.0,0.3,channel,0.00042500000000000003,5.025e-06,4.25,50.25,-0.00011834107863136715,8565835777406399.0
p2_bulk_nga_5e17_common_primary,NGA 5e17 common-primary state,top_primary,interface_4x,T03_P2_BULK_TRAPS_FORMAL,enabled_symmetric_teaching_top_stack,0.0,0.01,0.0,0.3,channel,0.00042500000000000003,5.1e-06,4.25,51.0,0.0038022877576647258,9968582548179766.0
p2_bulk_nga_5e17_common_primary,NGA 5e17 common-primary state,top_primary,interface_4x,T03_P2_BULK_TRAPS_FORMAL,enabled_symmetric_teaching_top_stack,0.0,0.01,0.0,0.3,channel,0.00042500000000000003,5.1750000000000004e-06,4.25,51.75000000000001,0.007900484329028502,1.1681001556683858e+16
p2_bulk_nga_5e17_common_primary,NGA 5e17 common-primary state,top_primary,interface_4x,T03_P2_BULK_TRAPS_FORMAL,enabled_symmetric_teaching_top_stack,0.0,0.01,0.0,0.3,channel,0.00042500000000000003,5.2500000000000006e-06,4.25,52.50000000000001,0.012178179080076812,1.3782950320570846e+16
p2_bulk_nga_5e17_common_primary,NGA 5e17 common-primary state,top_primary,interface_4x,T03_P2_BULK_TRAPS_FORMAL,enabled_symmetric_teaching_top_stack,0.0,0.01,0.0,0.3,channel,0.00042500000000000003,5.325e-06,4.25,53.25,0.016637695531702246,1.6377920922654312e+16
p2_bulk_nga_5e17_common_primary,NGA 5e17 common-primary state,top_primary,interface_4x,T03_P2_BULK_TRAPS_FORMAL,enabled_symmetric_teaching_top_stack,0.0,0.01,0.0,0.3,channel,0.00042500000000000003,5.4e-06,4.25,54.0,0.021281854834200104,1.9600954130773484e+16
p2_bulk_nga_5e17_common_primary,NGA 5e17 common-primary state,top_primary,interface_4x,T03_P2_BULK_TRAPS_FORMAL,enabled_symmetric_teaching_top_stack,0.0,0.01,0.0,0.3,channel,0.00045000000000000004,3e-06,4.5,30.0,-0.041720191146419165,1697254680815528.0
p2_bulk_nga_5e17_common_primary,NGA 5e17 common-primary state,top_primary,interface_4x,T03_P2_BULK_TRAPS_FORMAL,enabled_symmetric_teaching_top_stack,0.0,0.01,0.0,0.3,channel,0.00045000000000000004,3.075e-06,4.5,30.750000000000004,-0.042346360560243566,1656638812136705.8
p2_bulk_nga_5e17_common_primary,NGA 5e17 common-primary state,top_primary,interface_4x,T03_P2_BULK_TRAPS_FORMAL,enabled_symmetric_teaching_top_stack,0.0,0.01,0.0,0.3,channel,0.00045000000000000004,3.1500000000000003e-06,4.5,31.500000000000004,-0.04280647835772114,1627414544664016.2
p2_bulk_nga_5e17_common_primary,NGA 5e17 common-primary state,top_primary,interface_4x,T03_P2_BULK_TRAPS_FORMAL,enabled_symmetric_teaching_top_stack,0.0,0.01,0.0,0.3,channel,0.00045000000000000004,3.225e-06,4.5,32.25,-0.04310061478275439,1609003239926537.0
p2_bulk_nga_5e17_common_primary,NGA 5e17 common-primary state,top_primary,interface_4x,T03_P2_BULK_TRAPS_FORMAL,enabled_symmetric_teaching_top_stack,0.0,0.01,0.0,0.3,channel,0.00045000000000000004,3.3e-06,4.5,33.0,-0.04322881458512322,1601043960518868.2
p2_bulk_nga_5e17_common_primary,NGA 5e17 common-primary state,top_primary,interface_4x,T03_P2_BULK_TRAPS_FORMAL,enabled_symmetric_teaching_top_stack,0.0,0.01,0.0,0.3,channel,0.00045000000000000004,3.3750000000000003e-06,4.5,33.75,-0.04319109723221097,1603381544076886.0
p2_bulk_nga_5e17_common_primary,NGA 5e17 common-primary state,top_primary,interface_4x,T03_P2_BULK_TRAPS_FORMAL,enabled_symmetric_teaching_top_stack,0.0,0.01,0.0,0.3,channel,0.00045000000000000004,3.45e-06,4.5,34.5,-0.04298745699889439,1616061505807664.5
p2_bulk_nga_5e17_common_primary,NGA 5e17 common-primary state,top_primary,interface_4x,T03_P2_BULK_TRAPS_FORMAL,enabled_symmetric_teaching_top_stack,0.0,0.01,0.0,0.3,channel,0.00045000000000000004,3.525e-06,4.5,35.25,-0.04261786294124708,1639331531927174.0
p2_bulk_nga_5e17_common_primary,NGA 5e17 common-primary state,top_primary,interface_4x,T03_P2_BULK_TRAPS_FORMAL,enabled_symmetric_teaching_top_stack,0.0,0.01,0.0,0.3,channel,0.00045000000000000004,3.6000000000000003e-06,4.5,36.0,-0.0420822587524006,1673649633540519.0
p2_bulk_nga_5e17_common_primary,NGA 5e17 common-primary state,top_primary,interface_4x,T03_P2_BULK_TRAPS_FORMAL,enabled_symmetric_teaching_top_stack,0.0,0.01,0.0,0.3,channel,0.00045000000000000004,3.6750000000000004e-06,4.5,36.75000000000001,-0.0413805624915315,1719699341919837.5
p2_bulk_nga_5e17_common_primary,NGA 5e17 common-primary state,top_primary,interface_4x,T03_P2_BULK_TRAPS_FORMAL,enabled_symmetric_teaching_top_stack,0.0,0.01,0.0,0.3,channel,0.00045000000000000004,3.7500000000000005e-06,4.5,37.50000000000001,-0.040512666169178625,1778412660866243.2
p2_bulk_nga_5e17_common_primary,NGA 5e17 common-primary state,top_primary,interface_4x,T03_P2_BULK_TRAPS_FORMAL,enabled_symmetric_teaching_top_stack,0.0,0.01,0.0,0.3,channel,0.00045000000000000004,3.825000000000001e-06,4.5,38.25000000000001,-0.039478435163603956,1851001870747251.8
p2_bulk_nga_5e17_common_primary,NGA 5e17 common-primary state,top_primary,interface_4x,T03_P2_BULK_TRAPS_FORMAL,enabled_symmetric_teaching_top_stack,0.0,0.01,0.0,0.3,channel,0.00045000000000000004,3.9e-06,4.5,39.0,-0.03827770743330625,1939001726170035.2
p2_bulk_nga_5e17_common_primary,NGA 5e17 common-primary state,top_primary,interface_4x,T03_P2_BULK_TRAPS_FORMAL,enabled_symmetric_teaching_top_stack,0.0,0.01,0.0,0.3,channel,0.00045000000000000004,3.975e-06,4.5,39.75,-0.03691029247962574,2044324134765014.8
p2_bulk_nga_5e17_common_primary,NGA 5e17 common-primary state,top_primary,interface_4x,T03_P2_BULK_TRAPS_FORMAL,enabled_symmetric_teaching_top_stack,0.0,0.01,0.0,0.3,channel,0.00045000000000000004,4.05e-06,4.5,40.5,-0.035375970000087464,2169328085775167.2
p2_bulk_nga_5e17_common_primary,NGA 5e17 common-primary state,top_primary,interface_4x,T03_P2_BULK_TRAPS_FORMAL,enabled_symmetric_teaching_top_stack,0.0,0.01,0.0,0.3,channel,0.00045000000000000004,4.125e-06,4.5,41.25,-0.03367448815702831,2316908462789981.5
p2_bulk_nga_5e17_common_primary,NGA 5e17 common-primary state,top_primary,interface_4x,T03_P2_BULK_TRAPS_FORMAL,enabled_symmetric_teaching_top_stack,0.0,0.01,0.0,0.3,channel,0.00045000000000000004,4.2000000000000004e-06,4.5,42.00000000000001,-0.03180556136626184,2490608489315387.0
p2_bulk_nga_5e17_common_primary,NGA 5e17 common-primary state,top_primary,interface_4x,T03_P2_BULK_TRAPS_FORMAL,enabled_symmetric_teaching_top_stack,0.0,0.01,0.0,0.3,channel,0.00045000000000000004,4.2750000000000006e-06,4.5,42.75000000000001,-0.029768867485924413,2694762004850970.5
p2_bulk_nga_5e17_common_primary,NGA 5e17 common-primary state,top_primary,interface_4x,T03_P2_BULK_TRAPS_FORMAL,enabled_symmetric_teaching_top_stack,0.0,0.01,0.0,0.3,channel,0.00045000000000000004,4.350000000000001e-06,4.5,43.50000000000001,-0.02756404425474613,2934673668732771.5
p2_bulk_nga_5e17_common_primary,NGA 5e17 common-primary state,top_primary,interface_4x,T03_P2_BULK_TRAPS_FORMAL,enabled_symmetric_teaching_top_stack,0.0,0.01,0.0,0.3,channel,0.00045000000000000004,4.425e-06,4.5,44.25,-0.0251906847898725,3216847697079457.0
p2_bulk_nga_5e17_common_primary,NGA 5e17 common-primary state,top_primary,interface_4x,T03_P2_BULK_TRAPS_FORMAL,enabled_symmetric_teaching_top_stack,0.0,0.01,0.0,0.3,channel,0.00045000000000000004,4.5e-06,4.5,45.0,-0.022648331904480658,3549279071348818.0
p2_bulk_nga_5e17_common_primary,NGA 5e17 common-primary state,top_primary,interface_4x,T03_P2_BULK_TRAPS_FORMAL,enabled_symmetric_teaching_top_stack,0.0,0.01,0.0,0.3,channel,0.00045000000000000004,4.575e-06,4.5,45.75,-0.019936470941403064,3941825614643452.5
p2_bulk_nga_5e17_common_primary,NGA 5e17 common-primary state,top_primary,interface_4x,T03_P2_BULK_TRAPS_FORMAL,enabled_symmetric_teaching_top_stack,0.0,0.01,0.0,0.3,channel,0.00045000000000000004,4.65e-06,4.5,46.50000000000001,-0.017054520736260414,4406685330933255.0
p2_bulk_nga_5e17_common_primary,NGA 5e17 common-primary state,top_primary,interface_4x,T03_P2_BULK_TRAPS_FORMAL,enabled_symmetric_teaching_top_stack,0.0,0.01,0.0,0.3,channel,0.00045000000000000004,4.7250000000000005e-06,4.5,47.25000000000001,-0.014001822216121427,4959011528057272.0
p2_bulk_nga_5e17_common_primary,NGA 5e17 common-primary state,top_primary,interface_4x,T03_P2_BULK_TRAPS_FORMAL,enabled_symmetric_teaching_top_stack,0.0,0.01,0.0,0.3,channel,0.00045000000000000004,4.8e-06,4.5,48.0,-0.010777623999185526,5617709326235881.0
p2_bulk_nga_5e17_common_primary,NGA 5e17 common-primary state,top_primary,interface_4x,T03_P2_BULK_TRAPS_FORMAL,enabled_symmetric_teaching_top_stack,0.0,0.01,0.0,0.3,channel,0.00045000000000000004,4.875e-06,4.5,48.75,-0.007381064176158903,6406472373351557.0
p2_bulk_nga_5e17_common_primary,NGA 5e17 common-primary state,top_primary,interface_4x,T03_P2_BULK_TRAPS_FORMAL,enabled_symmetric_teaching_top_stack,0.0,0.01,0.0,0.3,channel,0.00045000000000000004,4.95e-06,4.5,49.5,-0.0038111472093815186,7355139653655343.0
p2_bulk_nga_5e17_common_primary,NGA 5e17 common-primary state,top_primary,interface_4x,T03_P2_BULK_TRAPS_FORMAL,enabled_symmetric_teaching_top_stack,0.0,0.01,0.0,0.3,channel,0.00045000000000000004,5.025e-06,4.5,50.25,-6.671455992437416e-05,8501481676988008.0
p2_bulk_nga_5e17_common_primary,NGA 5e17 common-primary state,top_primary,interface_4x,T03_P2_BULK_TRAPS_FORMAL,enabled_symmetric_teaching_top_stack,0.0,0.01,0.0,0.3,channel,0.00045000000000000004,5.1e-06,4.5,51.0,0.0038535927841025727,9893566742992776.0
p2_bulk_nga_5e17_common_primary,NGA 5e17 common-primary state,top_primary,interface_4x,T03_P2_BULK_TRAPS_FORMAL,enabled_symmetric_teaching_top_stack,0.0,0.01,0.0,0.3,channel,0.00045000000000000004,5.1750000000000004e-06,4.5,51.75000000000001,0.007951382295055619,1.1592916875660964e+16
p2_bulk_nga_5e17_common_primary,NGA 5e17 common-primary state,top_primary,interface_4x,T03_P2_BULK_TRAPS_FORMAL,enabled_symmetric_teaching_top_stack,0.0,0.01,0.0,0.3,channel,0.00045000000000000004,5.2500000000000006e-06,4.5,52.50000000000001,0.01222857162958908,1.367874773175522e+16
p2_bulk_nga_5e17_common_primary,NGA 5e17 common-primary state,top_primary,interface_4x,T03_P2_BULK_TRAPS_FORMAL,enabled_symmetric_teaching_top_stack,0.0,0.01,0.0,0.3,channel,0.00045000000000000004,5.325e-06,4.5,53.25,0.016687468412255917,1.6253710096153668e+16
p2_bulk_nga_5e17_common_primary,NGA 5e17 common-primary state,top_primary,interface_4x,T03_P2_BULK_TRAPS_FORMAL,enabled_symmetric_teaching_top_stack,0.0,0.01,0.0,0.3,channel,0.00045000000000000004,5.4e-06,4.5,54.0,0.021330873930197114,1.9451732511916084e+16
p2_bulk_nga_5e17_common_primary,NGA 5e17 common-primary state,top_primary,interface_4x,T03_P2_BULK_TRAPS_FORMAL,enabled_symmetric_teaching_top_stack,0.0,0.01,0.0,0.3,channel,0.000475,3e-06,4.75,30.0,-0.041676458255660284,1683866350622571.2
p2_bulk_nga_5e17_common_primary,NGA 5e17 common-primary state,top_primary,interface_4x,T03_P2_BULK_TRAPS_FORMAL,enabled_symmetric_teaching_top_stack,0.0,0.01,0.0,0.3,channel,0.000475,3.075e-06,4.75,30.750000000000004,-0.04230189995053678,1643617135362652.0
p2_bulk_nga_5e17_common_primary,NGA 5e17 common-primary state,top_primary,interface_4x,T03_P2_BULK_TRAPS_FORMAL,enabled_symmetric_teaching_top_stack,0.0,0.01,0.0,0.3,channel,0.000475,3.1500000000000003e-06,4.75,31.500000000000004,-0.04276132121077443,1614666083164017.8
p2_bulk_nga_5e17_common_primary,NGA 5e17 common-primary state,top_primary,interface_4x,T03_P2_BULK_TRAPS_FORMAL,enabled_symmetric_teaching_top_stack,0.0,0.01,0.0,0.3,channel,0.000475,3.225e-06,4.75,32.25,-0.043054792042833544,1596440106496182.2
p2_bulk_nga_5e17_common_primary,NGA 5e17 common-primary state,top_primary,interface_4x,T03_P2_BULK_TRAPS_FORMAL,enabled_symmetric_teaching_top_stack,0.0,0.01,0.0,0.3,channel,0.000475,3.3e-06,4.75,33.0,-0.04318235701412615,1588581982635842.2
p2_bulk_nga_5e17_common_primary,NGA 5e17 common-primary state,top_primary,interface_4x,T03_P2_BULK_TRAPS_FORMAL,enabled_symmetric_teaching_top_stack,0.0,0.01,0.0,0.3,channel,0.000475,3.3750000000000003e-06,4.75,33.75,-0.043144035461061166,1590938553437335.5
p2_bulk_nga_5e17_common_primary,NGA 5e17 common-primary state,top_primary,interface_4x,T03_P2_BULK_TRAPS_FORMAL,enabled_symmetric_teaching_top_stack,0.0,0.01,0.0,0.3,channel,0.000475,3.45e-06,4.75,34.5,-0.04293982157712231,1603555694913971.0
p2_bulk_nga_5e17_common_primary,NGA 5e17 common-primary state,top_primary,interface_4x,T03_P2_BULK_TRAPS_FORMAL,enabled_symmetric_teaching_top_stack,0.0,0.01,0.0,0.3,channel,0.000475,3.525e-06,4.75,35.25,-0.04256968438655771,1626679822179011.0
p2_bulk_nga_5e17_common_primary,NGA 5e17 common-primary state,top_primary,interface_4x,T03_P2_BULK_TRAPS_FORMAL,enabled_symmetric_teaching_top_stack,0.0,0.01,0.0,0.3,channel,0.000475,3.6000000000000003e-06,4.75,36.0,-0.042033567602011705,1660765999797277.2
p2_bulk_nga_5e17_common_primary,NGA 5e17 common-primary state,top_primary,interface_4x,T03_P2_BULK_TRAPS_FORMAL,enabled_symmetric_teaching_top_stack,0.0,0.01,0.0,0.3,channel,0.000475,3.6750000000000004e-06,4.75,36.75000000000001,-0.041331389357109095,1706493036369587.5
p2_bulk_nga_5e17_common_primary,NGA 5e17 common-primary state,top_primary,interface_4x,T03_P2_BULK_TRAPS_FORMAL,enabled_symmetric_teaching_top_stack,0.0,0.01,0.0,0.3,channel,0.000475,3.7500000000000005e-06,4.75,37.50000000000001,-0.04046304179729723,1764786274115648.0
p2_bulk_nga_5e17_common_primary,NGA 5e17 common-primary state,top_primary,interface_4x,T03_P2_BULK_TRAPS_FORMAL,enabled_symmetric_teaching_top_stack,0.0,0.01,0.0,0.3,channel,0.000475,3.825000000000001e-06,4.75,38.25000000000001,-0.03942839050382306,1836849160019263.8
p2_bulk_nga_5e17_common_primary,NGA 5e17 common-primary state,top_primary,interface_4x,T03_P2_BULK_TRAPS_FORMAL,enabled_symmetric_teaching_top_stack,0.0,0.01,0.0,0.3,channel,0.000475,3.9e-06,4.75,39.0,-0.03822727371618967,1924205128836240.8
p2_bulk_nga_5e17_common_primary,NGA 5e17 common-primary state,top_primary,interface_4x,T03_P2_BULK_TRAPS_FORMAL,enabled_symmetric_teaching_top_stack,0.0,0.01,0.0,0.3,channel,0.000475,3.975e-06,4.75,39.75,-0.03685950130734945,2028751869370668.2
p2_bulk_nga_5e17_common_primary,NGA 5e17 common-primary state,top_primary,interface_4x,T03_P2_BULK_TRAPS_FORMAL,enabled_symmetric_teaching_top_stack,0.0,0.01,0.0,0.3,channel,0.000475,4.05e-06,4.75,40.5,-0.03532485345269941,2152830721143673.5
p2_bulk_nga_5e17_common_primary,NGA 5e17 common-primary state,top_primary,interface_4x,T03_P2_BULK_TRAPS_FORMAL,enabled_symmetric_teaching_top_stack,0.0,0.01,0.0,0.3,channel,0.000475,4.125e-06,4.75,41.25,-0.0336230789179631,2299314807212777.5
p2_bulk_nga_5e17_common_primary,NGA 5e17 common-primary state,top_primary,interface_4x,T03_P2_BULK_TRAPS_FORMAL,enabled_symmetric_teaching_top_stack,0.0,0.01,0.0,0.3,channel,0.000475,4.2000000000000004e-06,4.75,42.00000000000001,-0.031753892871403025,2471720614186018.0
p2_bulk_nga_5e17_common_primary,NGA 5e17 common-primary state,top_primary,interface_4x,T03_P2_BULK_TRAPS_FORMAL,enabled_symmetric_teaching_top_stack,0.0,0.01,0.0,0.3,channel,0.000475,4.2750000000000006e-06,4.75,42.75000000000001,-0.02971697410138524,2674349167589224.0
p2_bulk_nga_5e17_common_primary,NGA 5e17 common-primary state,top_primary,interface_4x,T03_P2_BULK_TRAPS_FORMAL,enabled_symmetric_teaching_top_stack,0.0,0.01,0.0,0.3,channel,0.000475,4.350000000000001e-06,4.75,43.50000000000001,-0.027511961489656733,2912464834651616.0
p2_bulk_nga_5e17_common_primary,NGA 5e17 common-primary state,top_primary,interface_4x,T03_P2_BULK_TRAPS_FORMAL,enabled_symmetric_teaching_top_stack,0.0,0.01,0.0,0.3,channel,0.000475,4.425e-06,4.75,44.25,-0.02513844955188354,3192522273758135.5
p2_bulk_nga_5e17_common_primary,NGA 5e17 common-primary state,top_primary,interface_4x,T03_P2_BULK_TRAPS_FORMAL,enabled_symmetric_teaching_top_stack,0.0,0.01,0.0,0.3,channel,0.000475,4.5e-06,4.75,45.0,-0.022595982807508175,3522455354919876.5
p2_bulk_nga_5e17_common_primary,NGA 5e17 common-primary state,top_primary,interface_4x,T03_P2_BULK_TRAPS_FORMAL,enabled_symmetric_teaching_top_stack,0.0,0.01,0.0,0.3,channel,0.000475,4.575e-06,4.75,45.75,-0.019884048677462504,3912046295260767.5
p2_bulk_nga_5e17_common_primary,NGA 5e17 common-primary state,top_primary,interface_4x,T03_P2_BULK_TRAPS_FORMAL,enabled_symmetric_teaching_top_stack,0.0,0.01,0.0,0.3,channel,0.000475,4.65e-06,4.75,46.50000000000001,-0.01700206852622447,4373399200739230.5
p2_bulk_nga_5e17_common_primary,NGA 5e17 common-primary state,top_primary,interface_4x,T03_P2_BULK_TRAPS_FORMAL,enabled_symmetric_teaching_top_stack,0.0,0.01,0.0,0.3,channel,0.000475,4.7250000000000005e-06,4.75,47.25000000000001,-0.013949386358093596,4921550259787592.0
p2_bulk_nga_5e17_common_primary,NGA 5e17 common-primary state,top_primary,interface_4x,T03_P2_BULK_TRAPS_FORMAL,enabled_symmetric_teaching_top_stack,0.0,0.01,0.0,0.3,channel,0.000475,4.8e-06,4.75,48.0,-0.010725254538189451,5575257816651219.0
p2_bulk_nga_5e17_common_primary,NGA 5e17 common-primary state,top_primary,interface_4x,T03_P2_BULK_TRAPS_FORMAL,enabled_symmetric_teaching_top_stack,0.0,0.01,0.0,0.3,channel,0.000475,4.875e-06,4.75,48.75,-0.007328815725382964,6358030633534573.0
p2_bulk_nga_5e17_common_primary,NGA 5e17 common-primary state,top_primary,interface_4x,T03_P2_BULK_TRAPS_FORMAL,enabled_symmetric_teaching_top_stack,0.0,0.01,0.0,0.3,channel,0.000475,4.95e-06,4.75,49.5,-0.0037590799618103534,7299473520781344.0
p2_bulk_nga_5e17_common_primary,NGA 5e17 common-primary state,top_primary,interface_4x,T03_P2_BULK_TRAPS_FORMAL,enabled_symmetric_teaching_top_stack,0.0,0.01,0.0,0.3,channel,0.000475,5.025e-06,4.75,50.25,-1.4895540554289561e-05,8437058635877714.0
p2_bulk_nga_5e17_common_primary,NGA 5e17 common-primary state,top_primary,interface_4x,T03_P2_BULK_TRAPS_FORMAL,enabled_symmetric_teaching_top_stack,0.0,0.01,0.0,0.3,channel,0.000475,5.1e-06,4.75,51.0,0.003905088160125235,9818471756588894.0
p2_bulk_nga_5e17_common_primary,NGA 5e17 common-primary state,top_primary,interface_4x,T03_P2_BULK_TRAPS_FORMAL,enabled_symmetric_teaching_top_stack,0.0,0.01,0.0,0.3,channel,0.000475,5.1750000000000004e-06,4.75,51.75000000000001,0.008002468272701008,1.1504741145027426e+16
p2_bulk_nga_5e17_common_primary,NGA 5e17 common-primary state,top_primary,interface_4x,T03_P2_BULK_TRAPS_FORMAL,enabled_symmetric_teaching_top_stack,0.0,0.01,0.0,0.3,channel,0.000475,5.2500000000000006e-06,4.75,52.50000000000001,0.012279149659405453,1.357444045346595e+16
p2_bulk_nga_5e17_common_primary,NGA 5e17 common-primary state,top_primary,interface_4x,T03_P2_BULK_TRAPS_FORMAL,enabled_symmetric_teaching_top_stack,0.0,0.01,0.0,0.3,channel,0.000475,5.325e-06,4.75,53.25,0.016737424040170527,1.6129379115877132e+16
p2_bulk_nga_5e17_common_primary,NGA 5e17 common-primary state,top_primary,interface_4x,T03_P2_BULK_TRAPS_FORMAL,enabled_symmetric_teaching_top_stack,0.0,0.01,0.0,0.3,channel,0.000475,5.4e-06,4.75,54.0,0.021380072828802346,1.930237358887138e+16
p2_bulk_nga_5e17_common_primary,NGA 5e17 common-primary state,top_primary,interface_4x,T03_P2_BULK_TRAPS_FORMAL,enabled_symmetric_teaching_top_stack,0.0,0.01,0.0,0.3,channel,0.0005,3e-06,5.0,30.0,-0.04163254154090608,1670471694821836.0
p2_bulk_nga_5e17_common_primary,NGA 5e17 common-primary state,top_primary,interface_4x,T03_P2_BULK_TRAPS_FORMAL,enabled_symmetric_teaching_top_stack,0.0,0.01,0.0,0.3,channel,0.0005,3.075e-06,5.0,30.750000000000004,-0.042257252493553256,1630588740269004.2
p2_bulk_nga_5e17_common_primary,NGA 5e17 common-primary state,top_primary,interface_4x,T03_P2_BULK_TRAPS_FORMAL,enabled_symmetric_teaching_top_stack,0.0,0.01,0.0,0.3,channel,0.0005,3.1500000000000003e-06,5.0,31.500000000000004,-0.04271597439794601,1601910507997532.2
p2_bulk_nga_5e17_common_primary,NGA 5e17 common-primary state,top_primary,interface_4x,T03_P2_BULK_TRAPS_FORMAL,enabled_symmetric_teaching_top_stack,0.0,0.01,0.0,0.3,channel,0.0005,3.225e-06,5.0,32.25,-0.04300877702399417,1583869451625121.2
p2_bulk_nga_5e17_common_primary,NGA 5e17 common-primary state,top_primary,interface_4x,T03_P2_BULK_TRAPS_FORMAL,enabled_symmetric_teaching_top_stack,0.0,0.01,0.0,0.3,channel,0.0005,3.3e-06,5.0,33.0,-0.04313570475729843,1576112053877834.5
p2_bulk_nga_5e17_common_primary,NGA 5e17 common-primary state,top_primary,interface_4x,T03_P2_BULK_TRAPS_FORMAL,enabled_symmetric_teaching_top_stack,0.0,0.01,0.0,0.3,channel,0.0005,3.3750000000000003e-06,5.0,33.75,-0.043096776803524375,1578487151799460.8
p2_bulk_nga_5e17_common_primary,NGA 5e17 common-primary state,top_primary,interface_4x,T03_P2_BULK_TRAPS_FORMAL,enabled_symmetric_teaching_top_stack,0.0,0.01,0.0,0.3,channel,0.0005,3.45e-06,5.0,34.5,-0.04289198727467906,1591040973061271.5
p2_bulk_nga_5e17_common_primary,NGA 5e17 common-primary state,top_primary,interface_4x,T03_P2_BULK_TRAPS_FORMAL,enabled_symmetric_teaching_top_stack,0.0,0.01,0.0,0.3,channel,0.0005,3.525e-06,5.0,35.25,-0.042521305162798555,1614018652099485.8
p2_bulk_nga_5e17_common_primary,NGA 5e17 common-primary state,top_primary,interface_4x,T03_P2_BULK_TRAPS_FORMAL,enabled_symmetric_teaching_top_stack,0.0,0.01,0.0,0.3,channel,0.0005,3.6000000000000003e-06,5.0,36.0,-0.04198467419936361,1647872296632962.8
p2_bulk_nga_5e17_common_primary,NGA 5e17 common-primary state,top_primary,interface_4x,T03_P2_BULK_TRAPS_FORMAL,enabled_symmetric_teaching_top_stack,0.0,0.01,0.0,0.3,channel,0.0005,3.6750000000000004e-06,5.0,36.75000000000001,-0.041282012591496206,1693275981236893.8
p2_bulk_nga_5e17_common_primary,NGA 5e17 common-primary state,top_primary,interface_4x,T03_P2_BULK_TRAPS_FORMAL,enabled_symmetric_teaching_top_stack,0.0,0.01,0.0,0.3,channel,0.0005,3.7500000000000005e-06,5.0,37.50000000000001,-0.040413212618343505,1751148373804172.0
p2_bulk_nga_5e17_common_primary,NGA 5e17 common-primary state,top_primary,interface_4x,T03_P2_BULK_TRAPS_FORMAL,enabled_symmetric_teaching_top_stack,0.0,0.01,0.0,0.3,channel,0.0005,3.825000000000001e-06,5.0,38.25000000000001,-0.039378140062690546,1822684073417269.0
p2_bulk_nga_5e17_common_primary,NGA 5e17 common-primary state,top_primary,interface_4x,T03_P2_BULK_TRAPS_FORMAL,enabled_symmetric_teaching_top_stack,0.0,0.01,0.0,0.3,channel,0.0005,3.9e-06,5.0,39.0,-0.038176633443382145,1909395178256683.0
p2_bulk_nga_5e17_common_primary,NGA 5e17 common-primary state,top_primary,interface_4x,T03_P2_BULK_TRAPS_FORMAL,enabled_symmetric_teaching_top_stack,0.0,0.01,0.0,0.3,channel,0.0005,3.975e-06,5.0,39.75,-0.036808503003130155,2013165138867187.8
p2_bulk_nga_5e17_common_primary,NGA 5e17 common-primary state,top_primary,interface_4x,T03_P2_BULK_TRAPS_FORMAL,enabled_symmetric_teaching_top_stack,0.0,0.01,0.0,0.3,channel,0.0005,4.05e-06,5.0,40.5,-0.035273529393190256,2136317622317319.5
p2_bulk_nga_5e17_common_primary,NGA 5e17 common-primary state,top_primary,interface_4x,T03_P2_BULK_TRAPS_FORMAL,enabled_symmetric_teaching_top_stack,0.0,0.01,0.0,0.3,channel,0.0005,4.125e-06,5.0,41.25,-0.033571461980532645,2281703964410082.5
p2_bulk_nga_5e17_common_primary,NGA 5e17 common-primary state,top_primary,interface_4x,T03_P2_BULK_TRAPS_FORMAL,enabled_symmetric_teaching_top_stack,0.0,0.01,0.0,0.3,channel,0.0005,4.2000000000000004e-06,5.0,42.00000000000001,-0.031702016683641164,2452813883320624.0
p2_bulk_nga_5e17_common_primary,NGA 5e17 common-primary state,top_primary,interface_4x,T03_P2_BULK_TRAPS_FORMAL,enabled_symmetric_teaching_top_stack,0.0,0.01,0.0,0.3,channel,0.0005,4.2750000000000006e-06,5.0,42.75000000000001,-0.029664873218841422,2653915553283569.5
p2_bulk_nga_5e17_common_primary,NGA 5e17 common-primary state,top_primary,interface_4x,T03_P2_BULK_TRAPS_FORMAL,enabled_symmetric_teaching_top_stack,0.0,0.01,0.0,0.3,channel,0.0005,4.350000000000001e-06,5.0,43.50000000000001,-0.027459671608636653,2890233005179111.5
p2_bulk_nga_5e17_common_primary,NGA 5e17 common-primary state,top_primary,interface_4x,T03_P2_BULK_TRAPS_FORMAL,enabled_symmetric_teaching_top_stack,0.0,0.01,0.0,0.3,channel,0.0005,4.425e-06,5.0,44.25,-0.02508600776502251,3168171287156346.0
p2_bulk_nga_5e17_common_primary,NGA 5e17 common-primary state,top_primary,interface_4x,T03_P2_BULK_TRAPS_FORMAL,enabled_symmetric_teaching_top_stack,0.0,0.01,0.0,0.3,channel,0.0005,4.5e-06,5.0,45.0,-0.02254342791165538,3495603095476512.0
p2_bulk_nga_5e17_common_primary,NGA 5e17 common-primary state,top_primary,interface_4x,T03_P2_BULK_TRAPS_FORMAL,enabled_symmetric_teaching_top_stack,0.0,0.01,0.0,0.3,channel,0.0005,4.575e-06,5.0,45.75,-0.019831421545735164,3882234967436876.5
p2_bulk_nga_5e17_common_primary,NGA 5e17 common-primary state,top_primary,interface_4x,T03_P2_BULK_TRAPS_FORMAL,enabled_symmetric_teaching_top_stack,0.0,0.01,0.0,0.3,channel,0.0005,4.65e-06,5.0,46.50000000000001,-0.01694941255907934,4340077023680390.5
p2_bulk_nga_5e17_common_primary,NGA 5e17 common-primary state,top_primary,interface_4x,T03_P2_BULK_TRAPS_FORMAL,enabled_symmetric_teaching_top_stack,0.0,0.01,0.0,0.3,channel,0.0005,4.7250000000000005e-06,5.0,47.25000000000001,-0.01389674803212242,4884048230488409.0
p2_bulk_nga_5e17_common_primary,NGA 5e17 common-primary state,top_primary,interface_4x,T03_P2_BULK_TRAPS_FORMAL,enabled_symmetric_teaching_top_stack,0.0,0.01,0.0,0.3,channel,0.0005,4.8e-06,5.0,48.0,-0.0106726840763551,5532760036088517.0
p2_bulk_nga_5e17_common_primary,NGA 5e17 common-primary state,top_primary,interface_4x,T03_P2_BULK_TRAPS_FORMAL,enabled_symmetric_teaching_top_stack,0.0,0.01,0.0,0.3,channel,0.0005,4.875e-06,5.0,48.75,-0.007276367918954161,6309536178315108.0
p2_bulk_nga_5e17_common_primary,NGA 5e17 common-primary state,top_primary,interface_4x,T03_P2_BULK_TRAPS_FORMAL,enabled_symmetric_teaching_top_stack,0.0,0.01,0.0,0.3,channel,0.0005,4.95e-06,5.0,49.5,-0.003706815182846505,7243747136115437.0
p2_bulk_nga_5e17_common_primary,NGA 5e17 common-primary state,top_primary,interface_4x,T03_P2_BULK_TRAPS_FORMAL,enabled_symmetric_teaching_top_stack,0.0,0.01,0.0,0.3,channel,0.0005,5.025e-06,5.0,50.25,3.711900484293568e-05,8372566540623231.0
p2_bulk_nga_5e17_common_primary,NGA 5e17 common-primary state,top_primary,interface_4x,T03_P2_BULK_TRAPS_FORMAL,enabled_symmetric_teaching_top_stack,0.0,0.01,0.0,0.3,channel,0.0005,5.1e-06,5.0,51.0,0.0039567768724371325,9743297464094736.0
p2_bulk_nga_5e17_common_primary,NGA 5e17 common-primary state,top_primary,interface_4x,T03_P2_BULK_TRAPS_FORMAL,enabled_symmetric_teaching_top_stack,0.0,0.01,0.0,0.3,channel,0.0005,5.1750000000000004e-06,5.0,51.75000000000001,0.008053745207811547,1.1416474228687386e+16
p2_bulk_nga_5e17_common_primary,NGA 5e17 common-primary state,top_primary,interface_4x,T03_P2_BULK_TRAPS_FORMAL,enabled_symmetric_teaching_top_stack,0.0,0.01,0.0,0.3,channel,0.0005,5.2500000000000006e-06,5.0,52.50000000000001,0.012329916072411075,1.3470028339593616e+16
p2_bulk_nga_5e17_common_primary,NGA 5e17 common-primary state,top_primary,interface_4x,T03_P2_BULK_TRAPS_FORMAL,enabled_symmetric_teaching_top_stack,0.0,0.01,0.0,0.3,channel,0.0005,5.325e-06,5.0,53.25,0.01678756527336029,1.600492782857765e+16
p2_bulk_nga_5e17_common_primary,NGA 5e17 common-primary state,top_primary,interface_4x,T03_P2_BULK_TRAPS_FORMAL,enabled_symmetric_teaching_top_stack,0.0,0.01,0.0,0.3,channel,0.0005,5.4e-06,5.0,54.0,0.02142945434104739,1.915287720680073e+16
p2_bulk_nga_5e17_common_primary,NGA 5e17 common-primary state,top_primary,interface_4x,T03_P2_BULK_TRAPS_FORMAL,enabled_symmetric_teaching_top_stack,0.0,0.01,0.0,0.3,channel,0.0005250000000000001,3e-06,5.250000000000001,30.0,-0.04158843797941116,1657070713080687.5
p2_bulk_nga_5e17_common_primary,NGA 5e17 common-primary state,top_primary,interface_4x,T03_P2_BULK_TRAPS_FORMAL,enabled_symmetric_teaching_top_stack,0.0,0.01,0.0,0.3,channel,0.0005250000000000001,3.075e-06,5.250000000000001,30.750000000000004,-0.04221241511704318,1617553624502800.8
p2_bulk_nga_5e17_common_primary,NGA 5e17 common-primary state,top_primary,interface_4x,T03_P2_BULK_TRAPS_FORMAL,enabled_symmetric_teaching_top_stack,0.0,0.01,0.0,0.3,channel,0.0005250000000000001,3.1500000000000003e-06,5.250000000000001,31.500000000000004,-0.04267043480126226,1589147814927730.2
p2_bulk_nga_5e17_common_primary,NGA 5e17 common-primary state,top_primary,interface_4x,T03_P2_BULK_TRAPS_FORMAL,enabled_symmetric_teaching_top_stack,0.0,0.01,0.0,0.3,channel,0.0005250000000000001,3.225e-06,5.250000000000001,32.25,-0.042962566566329775,1571291269290378.8
p2_bulk_nga_5e17_common_primary,NGA 5e17 common-primary state,top_primary,interface_4x,T03_P2_BULK_TRAPS_FORMAL,enabled_symmetric_teaching_top_stack,0.0,0.01,0.0,0.3,channel,0.0005250000000000001,3.3e-06,5.250000000000001,33.0,-0.04308885461659549,1563634166498737.8
p2_bulk_nga_5e17_common_primary,NGA 5e17 common-primary state,top_primary,interface_4x,T03_P2_BULK_TRAPS_FORMAL,enabled_symmetric_teaching_top_stack,0.0,0.01,0.0,0.3,channel,0.0005250000000000001,3.3750000000000003e-06,5.250000000000001,33.75,-0.043049318027210445,1566027329725268.0
p2_bulk_nga_5e17_common_primary,NGA 5e17 common-primary state,top_primary,interface_4x,T03_P2_BULK_TRAPS_FORMAL,enabled_symmetric_teaching_top_stack,0.0,0.01,0.0,0.3,channel,0.0005250000000000001,3.45e-06,5.250000000000001,34.5,-0.04284395082861273,1578517329121173.5
p2_bulk_nga_5e17_common_primary,NGA 5e17 common-primary state,top_primary,interface_4x,T03_P2_BULK_TRAPS_FORMAL,enabled_symmetric_teaching_top_stack,0.0,0.01,0.0,0.3,channel,0.0005250000000000001,3.525e-06,5.250000000000001,35.25,-0.04247272198022501,1601348008842705.2
p2_bulk_nga_5e17_common_primary,NGA 5e17 common-primary state,top_primary,interface_4x,T03_P2_BULK_TRAPS_FORMAL,enabled_symmetric_teaching_top_stack,0.0,0.01,0.0,0.3,channel,0.0005250000000000001,3.6000000000000003e-06,5.250000000000001,36.0,-0.041935575231667216,1634968509428902.2
p2_bulk_nga_5e17_common_primary,NGA 5e17 common-primary state,top_primary,interface_4x,T03_P2_BULK_TRAPS_FORMAL,enabled_symmetric_teaching_top_stack,0.0,0.01,0.0,0.3,channel,0.0005250000000000001,3.6750000000000004e-06,5.250000000000001,36.75000000000001,-0.04123242886258064,1680048160046542.5
p2_bulk_nga_5e17_common_primary,NGA 5e17 common-primary state,top_primary,interface_4x,T03_P2_BULK_TRAPS_FORMAL,enabled_symmetric_teaching_top_stack,0.0,0.01,0.0,0.3,channel,0.0005250000000000001,3.7500000000000005e-06,5.250000000000001,37.50000000000001,-0.040363175284570826,1737498941486842.8
p2_bulk_nga_5e17_common_primary,NGA 5e17 common-primary state,top_primary,interface_4x,T03_P2_BULK_TRAPS_FORMAL,enabled_symmetric_teaching_top_stack,0.0,0.01,0.0,0.3,channel,0.0005250000000000001,3.825000000000001e-06,5.250000000000001,38.25000000000001,-0.03932768048047562,1808506590382214.0
p2_bulk_nga_5e17_common_primary,NGA 5e17 common-primary state,top_primary,interface_4x,T03_P2_BULK_TRAPS_FORMAL,enabled_symmetric_teaching_top_stack,0.0,0.01,0.0,0.3,channel,0.0005250000000000001,3.9e-06,5.250000000000001,39.0,-0.038125783246774986,1894571851580493.8
p2_bulk_nga_5e17_common_primary,NGA 5e17 common-primary state,top_primary,interface_4x,T03_P2_BULK_TRAPS_FORMAL,enabled_symmetric_teaching_top_stack,0.0,0.01,0.0,0.3,channel,0.0005250000000000001,3.975e-06,5.250000000000001,39.75,-0.03675729419403812,1997563917897785.0
p2_bulk_nga_5e17_common_primary,NGA 5e17 common-primary state,top_primary,interface_4x,T03_P2_BULK_TRAPS_FORMAL,enabled_symmetric_teaching_top_stack,0.0,0.01,0.0,0.3,channel,0.0005250000000000001,4.05e-06,5.250000000000001,40.5,-0.0352219944473114,2119788761179296.0
p2_bulk_nga_5e17_common_primary,NGA 5e17 common-primary state,top_primary,interface_4x,T03_P2_BULK_TRAPS_FORMAL,enabled_symmetric_teaching_top_stack,0.0,0.01,0.0,0.3,channel,0.0005250000000000001,4.125e-06,5.250000000000001,41.25,-0.033519633972612074,2264075903206721.5
p2_bulk_nga_5e17_common_primary,NGA 5e17 common-primary state,top_primary,interface_4x,T03_P2_BULK_TRAPS_FORMAL,enabled_symmetric_teaching_top_stack,0.0,0.01,0.0,0.3,channel,0.0005250000000000001,4.2000000000000004e-06,5.250000000000001,42.00000000000001,-0.03164992943635328,2433888262138241.5
p2_bulk_nga_5e17_common_primary,NGA 5e17 common-primary state,top_primary,interface_4x,T03_P2_BULK_TRAPS_FORMAL,enabled_symmetric_teaching_top_stack,0.0,0.01,0.0,0.3,channel,0.0005250000000000001,4.2750000000000006e-06,5.250000000000001,42.75000000000001,-0.029612561480481116,2633461123545472.5
p2_bulk_nga_5e17_common_primary,NGA 5e17 common-primary state,top_primary,interface_4x,T03_P2_BULK_TRAPS_FORMAL,enabled_symmetric_teaching_top_stack,0.0,0.01,0.0,0.3,channel,0.0005250000000000001,4.350000000000001e-06,5.250000000000001,43.50000000000001,-0.027407171265921272,2867978137657499.5
p2_bulk_nga_5e17_common_primary,NGA 5e17 common-primary state,top_primary,interface_4x,T03_P2_BULK_TRAPS_FORMAL,enabled_symmetric_teaching_top_stack,0.0,0.01,0.0,0.3,channel,0.0005250000000000001,4.425e-06,5.250000000000001,44.25,-0.02503335609873103,3143794689820233.5
p2_bulk_nga_5e17_common_primary,NGA 5e17 common-primary state,top_primary,interface_4x,T03_P2_BULK_TRAPS_FORMAL,enabled_symmetric_teaching_top_stack,0.0,0.01,0.0,0.3,channel,0.0005250000000000001,4.5e-06,5.250000000000001,45.0,-0.02249066390464846,3468722240172188.5
p2_bulk_nga_5e17_common_primary,NGA 5e17 common-primary state,top_primary,interface_4x,T03_P2_BULK_TRAPS_FORMAL,enabled_symmetric_teaching_top_stack,0.0,0.01,0.0,0.3,channel,0.0005250000000000001,4.575e-06,5.250000000000001,45.75,-0.019778586255226237,3852391572263698.5
p2_bulk_nga_5e17_common_primary,NGA 5e17 common-primary state,top_primary,interface_4x,T03_P2_BULK_TRAPS_FORMAL,enabled_symmetric_teaching_top_stack,0.0,0.01,0.0,0.3,channel,0.0005250000000000001,4.65e-06,5.250000000000001,46.50000000000001,-0.01689654956801691,4306718734047098.0
p2_bulk_nga_5e17_common_primary,NGA 5e17 common-primary state,top_primary,interface_4x,T03_P2_BULK_TRAPS_FORMAL,enabled_symmetric_teaching_top_stack,0.0,0.01,0.0,0.3,channel,0.0005250000000000001,4.7250000000000005e-06,5.250000000000001,47.25000000000001,-0.01384390399840498,4846505366844961.0
p2_bulk_nga_5e17_common_primary,NGA 5e17 common-primary state,top_primary,interface_4x,T03_P2_BULK_TRAPS_FORMAL,enabled_symmetric_teaching_top_stack,0.0,0.01,0.0,0.3,channel,0.0005250000000000001,4.8e-06,5.250000000000001,48.0,-0.010619909403611967,5490215902779110.0
p2_bulk_nga_5e17_common_primary,NGA 5e17 common-primary state,top_primary,interface_4x,T03_P2_BULK_TRAPS_FORMAL,enabled_symmetric_teaching_top_stack,0.0,0.01,0.0,0.3,channel,0.0005250000000000001,4.875e-06,5.250000000000001,48.75,-0.007223717579168772,6260988916612349.0
p2_bulk_nga_5e17_common_primary,NGA 5e17 common-primary state,top_primary,interface_4x,T03_P2_BULK_TRAPS_FORMAL,enabled_symmetric_teaching_top_stack,0.0,0.01,0.0,0.3,channel,0.0005250000000000001,4.95e-06,5.250000000000001,49.5,-0.0036543497296932593,7187960398460331.0
p2_bulk_nga_5e17_common_primary,NGA 5e17 common-primary state,top_primary,interface_4x,T03_P2_BULK_TRAPS_FORMAL,enabled_symmetric_teaching_top_stack,0.0,0.01,0.0,0.3,channel,0.0005250000000000001,5.025e-06,5.250000000000001,50.25,8.933218171180158e-05,8308005279266969.0
p2_bulk_nga_5e17_common_primary,NGA 5e17 common-primary state,top_primary,interface_4x,T03_P2_BULK_TRAPS_FORMAL,enabled_symmetric_teaching_top_stack,0.0,0.01,0.0,0.3,channel,0.0005250000000000001,5.1e-06,5.250000000000001,51.0,0.0040086619867810164,9668043742482644.0
p2_bulk_nga_5e17_common_primary,NGA 5e17 common-primary state,top_primary,interface_4x,T03_P2_BULK_TRAPS_FORMAL,enabled_symmetric_teaching_top_stack,0.0,0.01,0.0,0.3,channel,0.0005250000000000001,5.1750000000000004e-06,5.250000000000001,51.75000000000001,0.008105216124174953,1.1328115992843664e+16
p2_bulk_nga_5e17_common_primary,NGA 5e17 common-primary state,top_primary,interface_4x,T03_P2_BULK_TRAPS_FORMAL,enabled_symmetric_teaching_top_stack,0.0,0.01,0.0,0.3,channel,0.0005250000000000001,5.2500000000000006e-06,5.250000000000001,52.50000000000001,0.012380873848282365,1.3365511246914906e+16
p2_bulk_nga_5e17_common_primary,NGA 5e17 common-primary state,top_primary,interface_4x,T03_P2_BULK_TRAPS_FORMAL,enabled_symmetric_teaching_top_stack,0.0,0.01,0.0,0.3,channel,0.0005250000000000001,5.325e-06,5.250000000000001,53.25,0.016837895045332455,1.5880356084660146e+16
p2_bulk_nga_5e17_common_primary,NGA 5e17 common-primary state,top_primary,interface_4x,T03_P2_BULK_TRAPS_FORMAL,enabled_symmetric_teaching_top_stack,0.0,0.01,0.0,0.3,channel,0.0005250000000000001,5.4e-06,5.250000000000001,54.0,0.021479021352313547,1.900324321552108e+16
p2_bulk_nga_5e17_common_primary,NGA 5e17 common-primary state,top_primary,interface_4x,T03_P2_BULK_TRAPS_FORMAL,enabled_symmetric_teaching_top_stack,0.0,0.01,0.0,0.3,channel,0.0005499999999999999,3e-06,5.499999999999999,30.0,-0.04154414446733231,1643663405470242.8
p2_bulk_nga_5e17_common_primary,NGA 5e17 common-primary state,top_primary,interface_4x,T03_P2_BULK_TRAPS_FORMAL,enabled_symmetric_teaching_top_stack,0.0,0.01,0.0,0.3,channel,0.0005499999999999999,3.075e-06,5.499999999999999,30.750000000000004,-0.0421673846663315,1604511786082849.0
p2_bulk_nga_5e17_common_primary,NGA 5e17 common-primary state,top_primary,interface_4x,T03_P2_BULK_TRAPS_FORMAL,enabled_symmetric_teaching_top_stack,0.0,0.01,0.0,0.3,channel,0.0005499999999999999,3.1500000000000003e-06,5.499999999999999,31.500000000000004,-0.04262469921909991,1576378000062358.8
p2_bulk_nga_5e17_common_primary,NGA 5e17 common-primary state,top_primary,interface_4x,T03_P2_BULK_TRAPS_FORMAL,enabled_symmetric_teaching_top_stack,0.0,0.01,0.0,0.3,channel,0.0005499999999999999,3.225e-06,5.499999999999999,32.25,-0.042916157425162915,1558705553790565.0
p2_bulk_nga_5e17_common_primary,NGA 5e17 common-primary state,top_primary,interface_4x,T03_P2_BULK_TRAPS_FORMAL,enabled_symmetric_teaching_top_stack,0.0,0.01,0.0,0.3,channel,0.0005499999999999999,3.3e-06,5.499999999999999,33.0,-0.043041803308183794,1551148313054769.0
p2_bulk_nga_5e17_common_primary,NGA 5e17 common-primary state,top_primary,interface_4x,T03_P2_BULK_TRAPS_FORMAL,enabled_symmetric_teaching_top_stack,0.0,0.01,0.0,0.3,channel,0.0005499999999999999,3.3750000000000003e-06,5.499999999999999,33.75,-0.04300165581302525,1553559078063190.8
p2_bulk_nga_5e17_common_primary,NGA 5e17 common-primary state,top_primary,interface_4x,T03_P2_BULK_TRAPS_FORMAL,enabled_symmetric_teaching_top_stack,0.0,0.01,0.0,0.3,channel,0.0005499999999999999,3.45e-06,5.499999999999999,34.5,-0.04279570888845533,1565984752238899.8
p2_bulk_nga_5e17_common_primary,NGA 5e17 common-primary state,top_primary,interface_4x,T03_P2_BULK_TRAPS_FORMAL,enabled_symmetric_teaching_top_stack,0.0,0.01,0.0,0.3,channel,0.0005499999999999999,3.525e-06,5.499999999999999,35.25,-0.04242393146086665,1588667879826469.2
p2_bulk_nga_5e17_common_primary,NGA 5e17 common-primary state,top_primary,interface_4x,T03_P2_BULK_TRAPS_FORMAL,enabled_symmetric_teaching_top_stack,0.0,0.01,0.0,0.3,channel,0.0005499999999999999,3.6000000000000003e-06,5.499999999999999,36.0,-0.041886267297299704,1622054623822962.2
p2_bulk_nga_5e17_common_primary,NGA 5e17 common-primary state,top_primary,interface_4x,T03_P2_BULK_TRAPS_FORMAL,enabled_symmetric_teaching_top_stack,0.0,0.01,0.0,0.3,channel,0.0005499999999999999,3.6750000000000004e-06,5.499999999999999,36.75000000000001,-0.041182634748909576,1666809556575432.2
p2_bulk_nga_5e17_common_primary,NGA 5e17 common-primary state,top_primary,interface_4x,T03_P2_BULK_TRAPS_FORMAL,enabled_symmetric_teaching_top_stack,0.0,0.01,0.0,0.3,channel,0.0005499999999999999,3.7500000000000005e-06,5.499999999999999,37.50000000000001,-0.040312926358485185,1723837958969129.0
p2_bulk_nga_5e17_common_primary,NGA 5e17 common-primary state,top_primary,interface_4x,T03_P2_BULK_TRAPS_FORMAL,enabled_symmetric_teaching_top_stack,0.0,0.01,0.0,0.3,channel,0.0005499999999999999,3.825000000000001e-06,5.499999999999999,38.25000000000001,-0.039277008307392426,1794316690606684.2
p2_bulk_nga_5e17_common_primary,NGA 5e17 common-primary state,top_primary,interface_4x,T03_P2_BULK_TRAPS_FORMAL,enabled_symmetric_teaching_top_stack,0.0,0.01,0.0,0.3,channel,0.0005499999999999999,3.9e-06,5.499999999999999,39.0,-0.038074719667994555,1879735126212722.8
p2_bulk_nga_5e17_common_primary,NGA 5e17 common-primary state,top_primary,interface_4x,T03_P2_BULK_TRAPS_FORMAL,enabled_symmetric_teaching_top_stack,0.0,0.01,0.0,0.3,channel,0.0005499999999999999,3.975e-06,5.499999999999999,39.75,-0.036705871416765234,1981948181369256.5
p2_bulk_nga_5e17_common_primary,NGA 5e17 common-primary state,top_primary,interface_4x,T03_P2_BULK_TRAPS_FORMAL,enabled_symmetric_teaching_top_stack,0.0,0.01,0.0,0.3,channel,0.0005499999999999999,4.05e-06,5.499999999999999,40.5,-0.03517024515041745,2103244109887871.2
p2_bulk_nga_5e17_common_primary,NGA 5e17 common-primary state,top_primary,interface_4x,T03_P2_BULK_TRAPS_FORMAL,enabled_symmetric_teaching_top_stack,0.0,0.01,0.0,0.3,channel,0.0005499999999999999,4.125e-06,5.499999999999999,41.25,-0.03346759143175455,2246430592718498.2
p2_bulk_nga_5e17_common_primary,NGA 5e17 common-primary state,top_primary,interface_4x,T03_P2_BULK_TRAPS_FORMAL,enabled_symmetric_teaching_top_stack,0.0,0.01,0.0,0.3,channel,0.0005499999999999999,4.2000000000000004e-06,5.499999999999999,42.00000000000001,-0.031597627672760746,2414943716369975.0
p2_bulk_nga_5e17_common_primary,NGA 5e17 common-primary state,top_primary,interface_4x,T03_P2_BULK_TRAPS_FORMAL,enabled_symmetric_teaching_top_stack,0.0,0.01,0.0,0.3,channel,0.0005499999999999999,4.2750000000000006e-06,5.499999999999999,42.75000000000001,-0.02956003543859268,2612985840325744.5
p2_bulk_nga_5e17_common_primary,NGA 5e17 common-primary state,top_primary,interface_4x,T03_P2_BULK_TRAPS_FORMAL,enabled_symmetric_teaching_top_stack,0.0,0.01,0.0,0.3,channel,0.0005499999999999999,4.350000000000001e-06,5.499999999999999,43.50000000000001,-0.027354457026189515,2845700189803135.5
p2_bulk_nga_5e17_common_primary,NGA 5e17 common-primary state,top_primary,interface_4x,T03_P2_BULK_TRAPS_FORMAL,enabled_symmetric_teaching_top_stack,0.0,0.01,0.0,0.3,channel,0.0005499999999999999,4.425e-06,5.499999999999999,44.25,-0.02498049113332288,3119392434713997.5
p2_bulk_nga_5e17_common_primary,NGA 5e17 common-primary state,top_primary,interface_4x,T03_P2_BULK_TRAPS_FORMAL,enabled_symmetric_teaching_top_stack,0.0,0.01,0.0,0.3,channel,0.0005499999999999999,4.5e-06,5.499999999999999,45.0,-0.02243768738559738,3441812736633700.0
p2_bulk_nga_5e17_common_primary,NGA 5e17 common-primary state,top_primary,interface_4x,T03_P2_BULK_TRAPS_FORMAL,enabled_symmetric_teaching_top_stack,0.0,0.01,0.0,0.3,channel,0.0005499999999999999,4.575e-06,5.499999999999999,45.75,-0.019725539426916863,3822516051375900.5
p2_bulk_nga_5e17_common_primary,NGA 5e17 common-primary state,top_primary,interface_4x,T03_P2_BULK_TRAPS_FORMAL,enabled_symmetric_teaching_top_stack,0.0,0.01,0.0,0.3,channel,0.0005499999999999999,4.65e-06,5.499999999999999,46.50000000000001,-0.01684347619887521,4273324266759664.0
p2_bulk_nga_5e17_common_primary,NGA 5e17 common-primary state,top_primary,interface_4x,T03_P2_BULK_TRAPS_FORMAL,enabled_symmetric_teaching_top_stack,0.0,0.01,0.0,0.3,channel,0.0005499999999999999,4.7250000000000005e-06,5.499999999999999,47.25000000000001,-0.013790850930530021,4808921596282138.0
p2_bulk_nga_5e17_common_primary,NGA 5e17 common-primary state,top_primary,interface_4x,T03_P2_BULK_TRAPS_FORMAL,enabled_symmetric_teaching_top_stack,0.0,0.01,0.0,0.3,channel,0.0005499999999999999,4.8e-06,5.499999999999999,48.0,-0.010566927224099389,5447625335832355.0
p2_bulk_nga_5e17_common_primary,NGA 5e17 common-primary state,top_primary,interface_4x,T03_P2_BULK_TRAPS_FORMAL,enabled_symmetric_teaching_top_stack,0.0,0.01,0.0,0.3,channel,0.0005499999999999999,4.875e-06,5.499999999999999,48.75,-0.007170861443420833,6212388758398642.0
p2_bulk_nga_5e17_common_primary,NGA 5e17 common-primary state,top_primary,interface_4x,T03_P2_BULK_TRAPS_FORMAL,enabled_symmetric_teaching_top_stack,0.0,0.01,0.0,0.3,channel,0.0005499999999999999,4.95e-06,5.499999999999999,49.5,-0.0036016803756064027,7132113207894445.0
p2_bulk_nga_5e17_common_primary,NGA 5e17 common-primary state,top_primary,interface_4x,T03_P2_BULK_TRAPS_FORMAL,enabled_symmetric_teaching_top_stack,0.0,0.01,0.0,0.3,channel,0.0005499999999999999,5.025e-06,5.499999999999999,50.25,0.0001417471784257946,8243374741411121.0
p2_bulk_nga_5e17_common_primary,NGA 5e17 common-primary state,top_primary,interface_4x,T03_P2_BULK_TRAPS_FORMAL,enabled_symmetric_teaching_top_stack,0.0,0.01,0.0,0.3,channel,0.0005499999999999999,5.1e-06,5.499999999999999,51.0,0.004060746650749505,9592710470649074.0
p2_bulk_nga_5e17_common_primary,NGA 5e17 common-primary state,top_primary,interface_4x,T03_P2_BULK_TRAPS_FORMAL,enabled_symmetric_teaching_top_stack,0.0,0.01,0.0,0.3,channel,0.0005499999999999999,5.1750000000000004e-06,5.499999999999999,51.75000000000001,0.00815688412629234,1.1239666306092794e+16
p2_bulk_nga_5e17_common_primary,NGA 5e17 common-primary state,top_primary,interface_4x,T03_P2_BULK_TRAPS_FORMAL,enabled_symmetric_teaching_top_stack,0.0,0.01,0.0,0.3,channel,0.0005499999999999999,5.2500000000000006e-06,5.499999999999999,52.50000000000001,0.012432026046218706,1.326088903520868e+16
p2_bulk_nga_5e17_common_primary,NGA 5e17 common-primary state,top_primary,interface_4x,T03_P2_BULK_TRAPS_FORMAL,enabled_symmetric_teaching_top_stack,0.0,0.01,0.0,0.3,channel,0.0005499999999999999,5.325e-06,5.499999999999999,53.25,0.01688841636787639,1.5755663738324186e+16
p2_bulk_nga_5e17_common_primary,NGA 5e17 common-primary state,top_primary,interface_4x,T03_P2_BULK_TRAPS_FORMAL,enabled_symmetric_teaching_top_stack,0.0,0.01,0.0,0.3,channel,0.0005499999999999999,5.4e-06,5.499999999999999,54.0,0.0215287768249767,1.88534714696815e+16
p2_bulk_nga_5e17_common_primary,NGA 5e17 common-primary state,top_primary,interface_4x,T03_P2_BULK_TRAPS_FORMAL,enabled_symmetric_teaching_top_stack,0.0,0.01,0.0,0.3,channel,0.000575,3e-06,5.75,30.0,-0.04149965781682137,1630249772479038.5
p2_bulk_nga_5e17_common_primary,NGA 5e17 common-primary state,top_primary,interface_4x,T03_P2_BULK_TRAPS_FORMAL,enabled_symmetric_teaching_top_stack,0.0,0.01,0.0,0.3,channel,0.000575,3.075e-06,5.75,30.750000000000004,-0.04212215790136329,1591463223412573.5
p2_bulk_nga_5e17_common_primary,NGA 5e17 common-primary state,top_primary,interface_4x,T03_P2_BULK_TRAPS_FORMAL,enabled_symmetric_teaching_top_stack,0.0,0.01,0.0,0.3,channel,0.000575,3.1500000000000003e-06,5.75,31.500000000000004,-0.04257876436318745,1563601059865908.0
p2_bulk_nga_5e17_common_primary,NGA 5e17 common-primary state,top_primary,interface_4x,T03_P2_BULK_TRAPS_FORMAL,enabled_symmetric_teaching_top_stack,0.0,0.01,0.0,0.3,channel,0.000575,3.225e-06,5.75,32.25,-0.042869546268006424,1546112299757492.2
p2_bulk_nga_5e17_common_primary,NGA 5e17 common-primary state,top_primary,interface_4x,T03_P2_BULK_TRAPS_FORMAL,enabled_symmetric_teaching_top_stack,0.0,0.01,0.0,0.3,channel,0.000575,3.3e-06,5.75,33.0,-0.04299454745936544,1538654486415656.8
p2_bulk_nga_5e17_common_primary,NGA 5e17 common-primary state,top_primary,interface_4x,T03_P2_BULK_TRAPS_FORMAL,enabled_symmetric_teaching_top_stack,0.0,0.01,0.0,0.3,channel,0.000575,3.3750000000000003e-06,5.75,33.75,-0.04295378675206256,1541082387958960.5
p2_bulk_nga_5e17_common_primary,NGA 5e17 common-primary state,top_primary,interface_4x,T03_P2_BULK_TRAPS_FORMAL,enabled_symmetric_teaching_top_stack,0.0,0.01,0.0,0.3,channel,0.000575,3.45e-06,5.75,34.5,-0.04274725801308544,1553443231843947.5
p2_bulk_nga_5e17_common_primary,NGA 5e17 common-primary state,top_primary,interface_4x,T03_P2_BULK_TRAPS_FORMAL,enabled_symmetric_teaching_top_stack,0.0,0.01,0.0,0.3,channel,0.000575,3.525e-06,5.75,35.25,-0.04237493013536439,1575978252742820.0
p2_bulk_nga_5e17_common_primary,NGA 5e17 common-primary state,top_primary,interface_4x,T03_P2_BULK_TRAPS_FORMAL,enabled_symmetric_teaching_top_stack,0.0,0.01,0.0,0.3,channel,0.000575,3.6000000000000003e-06,5.75,36.0,-0.041836746902619786,1609130625720087.8
p2_bulk_nga_5e17_common_primary,NGA 5e17 common-primary state,top_primary,interface_4x,T03_P2_BULK_TRAPS_FORMAL,enabled_symmetric_teaching_top_stack,0.0,0.01,0.0,0.3,channel,0.000575,3.6750000000000004e-06,5.75,36.75000000000001,-0.04113262673648662,1653560154863203.8
p2_bulk_nga_5e17_common_primary,NGA 5e17 common-primary state,top_primary,interface_4x,T03_P2_BULK_TRAPS_FORMAL,enabled_symmetric_teaching_top_stack,0.0,0.01,0.0,0.3,channel,0.000575,3.7500000000000005e-06,5.75,37.50000000000001,-0.040262462309627586,1710165408317772.8
p2_bulk_nga_5e17_common_primary,NGA 5e17 common-primary state,top_primary,interface_4x,T03_P2_BULK_TRAPS_FORMAL,enabled_symmetric_teaching_top_stack,0.0,0.01,0.0,0.3,channel,0.000575,3.825000000000001e-06,5.75,38.25000000000001,-0.03922612000037128,1780114354046062.0
p2_bulk_nga_5e17_common_primary,NGA 5e17 common-primary state,top_primary,interface_4x,T03_P2_BULK_TRAPS_FORMAL,enabled_symmetric_teaching_top_stack,0.0,0.01,0.0,0.3,channel,0.000575,3.9e-06,5.75,39.0,-0.038023439155165935,1864884979825942.8
p2_bulk_nga_5e17_common_primary,NGA 5e17 common-primary state,top_primary,interface_4x,T03_P2_BULK_TRAPS_FORMAL,enabled_symmetric_teaching_top_stack,0.0,0.01,0.0,0.3,channel,0.000575,3.975e-06,5.75,39.75,-0.036654231114384546,1966317904464181.5
p2_bulk_nga_5e17_common_primary,NGA 5e17 common-primary state,top_primary,interface_4x,T03_P2_BULK_TRAPS_FORMAL,enabled_symmetric_teaching_top_stack,0.0,0.01,0.0,0.3,channel,0.000575,4.05e-06,5.75,40.5,-0.03511827794422492,2086683640889344.5
p2_bulk_nga_5e17_common_primary,NGA 5e17 common-primary state,top_primary,interface_4x,T03_P2_BULK_TRAPS_FORMAL,enabled_symmetric_teaching_top_stack,0.0,0.01,0.0,0.3,channel,0.000575,4.125e-06,5.75,41.25,-0.03341533080195252,2228768002366097.2
p2_bulk_nga_5e17_common_primary,NGA 5e17 common-primary state,top_primary,interface_4x,T03_P2_BULK_TRAPS_FORMAL,enabled_symmetric_teaching_top_stack,0.0,0.01,0.0,0.3,channel,0.000575,4.2000000000000004e-06,5.75,42.00000000000001,-0.03154510784269637,2395980212074061.5
p2_bulk_nga_5e17_common_primary,NGA 5e17 common-primary state,top_primary,interface_4x,T03_P2_BULK_TRAPS_FORMAL,enabled_symmetric_teaching_top_stack,0.0,0.01,0.0,0.3,channel,0.000575,4.2750000000000006e-06,5.75,42.75000000000001,-0.029507291552340848,2592489665931038.5
p2_bulk_nga_5e17_common_primary,NGA 5e17 common-primary state,top_primary,interface_4x,T03_P2_BULK_TRAPS_FORMAL,enabled_symmetric_teaching_top_stack,0.0,0.01,0.0,0.3,channel,0.000575,4.350000000000001e-06,5.75,43.50000000000001,-0.027301525361352198,2823399119724729.5
p2_bulk_nga_5e17_common_primary,NGA 5e17 common-primary state,top_primary,interface_4x,T03_P2_BULK_TRAPS_FORMAL,enabled_symmetric_teaching_top_stack,0.0,0.01,0.0,0.3,channel,0.000575,4.425e-06,5.75,44.25,-0.024927409356787618,3094964475240259.0
p2_bulk_nga_5e17_common_primary,NGA 5e17 common-primary state,top_primary,interface_4x,T03_P2_BULK_TRAPS_FORMAL,enabled_symmetric_teaching_top_stack,0.0,0.01,0.0,0.3,channel,0.000575,4.5e-06,5.75,45.0,-0.02238449486181772,3414874532984134.0
p2_bulk_nga_5e17_common_primary,NGA 5e17 common-primary state,top_primary,interface_4x,T03_P2_BULK_TRAPS_FORMAL,enabled_symmetric_teaching_top_stack,0.0,0.01,0.0,0.3,channel,0.000575,4.575e-06,5.75,45.75,-0.01967227759060708,3792608346977027.5
p2_bulk_nga_5e17_common_primary,NGA 5e17 common-primary state,top_primary,interface_4x,T03_P2_BULK_TRAPS_FORMAL,enabled_symmetric_teaching_top_stack,0.0,0.01,0.0,0.3,channel,0.000575,4.65e-06,5.75,46.50000000000001,-0.016790189007005244,4239893557398334.0
p2_bulk_nga_5e17_common_primary,NGA 5e17 common-primary state,top_primary,interface_4x,T03_P2_BULK_TRAPS_FORMAL,enabled_symmetric_teaching_top_stack,0.0,0.01,0.0,0.3,channel,0.000575,4.7250000000000005e-06,5.75,47.25000000000001,-0.013737585412371455,4771296846999193.0
p2_bulk_nga_5e17_common_primary,NGA 5e17 common-primary state,top_primary,interface_4x,T03_P2_BULK_TRAPS_FORMAL,enabled_symmetric_teaching_top_stack,0.0,0.01,0.0,0.3,channel,0.000575,4.8e-06,5.75,48.0,-0.010513734153089255,5404988255276156.0
p2_bulk_nga_5e17_common_primary,NGA 5e17 common-primary state,top_primary,interface_4x,T03_P2_BULK_TRAPS_FORMAL,enabled_symmetric_teaching_top_stack,0.0,0.01,0.0,0.3,channel,0.000575,4.875e-06,5.75,48.75,-0.007117796161156619,6163735614747178.0
p2_bulk_nga_5e17_common_primary,NGA 5e17 common-primary state,top_primary,interface_4x,T03_P2_BULK_TRAPS_FORMAL,enabled_symmetric_teaching_top_stack,0.0,0.01,0.0,0.3,channel,0.000575,4.95e-06,5.75,49.5,-0.0035488038068828653,7076205465828469.0
p2_bulk_nga_5e17_common_primary,NGA 5e17 common-primary state,top_primary,interface_4x,T03_P2_BULK_TRAPS_FORMAL,enabled_symmetric_teaching_top_stack,0.0,0.01,0.0,0.3,channel,0.000575,5.025e-06,5.75,50.25,0.00019436726926229413,8178674818285256.0
p2_bulk_nga_5e17_common_primary,NGA 5e17 common-primary state,top_primary,interface_4x,T03_P2_BULK_TRAPS_FORMAL,enabled_symmetric_teaching_top_stack,0.0,0.01,0.0,0.3,channel,0.000575,5.1e-06,5.75,51.0,0.004113034096721339,9517297529495970.0
p2_bulk_nga_5e17_common_primary,NGA 5e17 common-primary state,top_primary,interface_4x,T03_P2_BULK_TRAPS_FORMAL,enabled_symmetric_teaching_top_stack,0.0,0.01,0.0,0.3,channel,0.000575,5.1750000000000004e-06,5.75,51.75000000000001,0.00820875240227377,1.1151125039523698e+16
p2_bulk_nga_5e17_common_primary,NGA 5e17 common-primary state,top_primary,interface_4x,T03_P2_BULK_TRAPS_FORMAL,enabled_symmetric_teaching_top_stack,0.0,0.01,0.0,0.3,channel,0.000575,5.2500000000000006e-06,5.75,52.50000000000001,0.012483375807795339,1.3156161567376424e+16
p2_bulk_nga_5e17_common_primary,NGA 5e17 common-primary state,top_primary,interface_4x,T03_P2_BULK_TRAPS_FORMAL,enabled_symmetric_teaching_top_stack,0.0,0.01,0.0,0.3,channel,0.000575,5.325e-06,5.75,53.25,0.016939132333871995,1.5630850647712006e+16
p2_bulk_nga_5e17_common_primary,NGA 5e17 common-primary state,top_primary,interface_4x,T03_P2_BULK_TRAPS_FORMAL,enabled_symmetric_teaching_top_stack,0.0,0.01,0.0,0.3,channel,0.000575,5.4e-06,5.75,54.0,0.021578723801169576,1.870356182894627e+16
p2_bulk_nga_5e17_common_primary,NGA 5e17 common-primary state,top_primary,interface_4x,T03_P2_BULK_TRAPS_FORMAL,enabled_symmetric_teaching_top_stack,0.0,0.01,0.0,0.3,channel,0.0006000000000000001,3e-06,6.000000000000001,30.0,-0.041454974752988545,1616829815027181.0
p2_bulk_nga_5e17_common_primary,NGA 5e17 common-primary state,top_primary,interface_4x,T03_P2_BULK_TRAPS_FORMAL,enabled_symmetric_teaching_top_stack,0.0,0.01,0.0,0.3,channel,0.0006000000000000001,3.075e-06,6.000000000000001,30.750000000000004,-0.042076731493617306,1578407935293314.8
p2_bulk_nga_5e17_common_primary,NGA 5e17 common-primary state,top_primary,interface_4x,T03_P2_BULK_TRAPS_FORMAL,enabled_symmetric_teaching_top_stack,0.0,0.01,0.0,0.3,channel,0.0006000000000000001,3.1500000000000003e-06,6.000000000000001,31.500000000000004,-0.04253262685547284,1550816991172214.8
p2_bulk_nga_5e17_common_primary,NGA 5e17 common-primary state,top_primary,interface_4x,T03_P2_BULK_TRAPS_FORMAL,enabled_symmetric_teaching_top_stack,0.0,0.01,0.0,0.3,channel,0.0006000000000000001,3.225e-06,6.000000000000001,32.25,-0.042822729671389094,1533511502168215.0
p2_bulk_nga_5e17_common_primary,NGA 5e17 common-primary state,top_primary,interface_4x,T03_P2_BULK_TRAPS_FORMAL,enabled_symmetric_teaching_top_stack,0.0,0.01,0.0,0.3,channel,0.0006000000000000001,3.3e-06,6.000000000000001,33.0,-0.04294708360536579,1526152679776241.5
p2_bulk_nga_5e17_common_primary,NGA 5e17 common-primary state,top_primary,interface_4x,T03_P2_BULK_TRAPS_FORMAL,enabled_symmetric_teaching_top_stack,0.0,0.01,0.0,0.3,channel,0.0006000000000000001,3.3750000000000003e-06,6.000000000000001,33.75,-0.04290570734235726,1528597250866877.0
p2_bulk_nga_5e17_common_primary,NGA 5e17 common-primary state,top_primary,interface_4x,T03_P2_BULK_TRAPS_FORMAL,enabled_symmetric_teaching_top_stack,0.0,0.01,0.0,0.3,channel,0.0006000000000000001,3.45e-06,6.000000000000001,34.5,-0.04269859466745103,1540892757661138.8
p2_bulk_nga_5e17_common_primary,NGA 5e17 common-primary state,top_primary,interface_4x,T03_P2_BULK_TRAPS_FORMAL,enabled_symmetric_teaching_top_stack,0.0,0.01,0.0,0.3,channel,0.0006000000000000001,3.525e-06,6.000000000000001,35.25,-0.04232571443966672,1563279115568975.2
p2_bulk_nga_5e17_common_primary,NGA 5e17 common-primary state,top_primary,interface_4x,T03_P2_BULK_TRAPS_FORMAL,enabled_symmetric_teaching_top_stack,0.0,0.01,0.0,0.3,channel,0.0006000000000000001,3.6000000000000003e-06,6.000000000000001,36.0,-0.041787010458641125,1596196501303227.8
p2_bulk_nga_5e17_common_primary,NGA 5e17 common-primary state,top_primary,interface_4x,T03_P2_BULK_TRAPS_FORMAL,enabled_symmetric_teaching_top_stack,0.0,0.01,0.0,0.3,channel,0.0006000000000000001,3.6750000000000004e-06,6.000000000000001,36.75000000000001,-0.04108240121542611,1640299939223268.5
p2_bulk_nga_5e17_common_primary,NGA 5e17 common-primary state,top_primary,interface_4x,T03_P2_BULK_TRAPS_FORMAL,enabled_symmetric_teaching_top_stack,0.0,0.01,0.0,0.3,channel,0.0006000000000000001,3.7500000000000005e-06,6.000000000000001,37.50000000000001,-0.04021177951121304,1696481271872029.0
p2_bulk_nga_5e17_common_primary,NGA 5e17 common-primary state,top_primary,interface_4x,T03_P2_BULK_TRAPS_FORMAL,enabled_symmetric_teaching_top_stack,0.0,0.01,0.0,0.3,channel,0.0006000000000000001,3.825000000000001e-06,6.000000000000001,38.25000000000001,-0.03917501191968607,1765899560930094.0
p2_bulk_nga_5e17_common_primary,NGA 5e17 common-primary state,top_primary,interface_4x,T03_P2_BULK_TRAPS_FORMAL,enabled_symmetric_teaching_top_stack,0.0,0.01,0.0,0.3,channel,0.0006000000000000001,3.9e-06,6.000000000000001,39.0,-0.03797193805953228,1850021390372284.2
p2_bulk_nga_5e17_common_primary,NGA 5e17 common-primary state,top_primary,interface_4x,T03_P2_BULK_TRAPS_FORMAL,enabled_symmetric_teaching_top_stack,0.0,0.01,0.0,0.3,channel,0.0006000000000000001,3.975e-06,6.000000000000001,39.75,-0.036602369632965245,1950673062653570.8
p2_bulk_nga_5e17_common_primary,NGA 5e17 common-primary state,top_primary,interface_4x,T03_P2_BULK_TRAPS_FORMAL,enabled_symmetric_teaching_top_stack,0.0,0.01,0.0,0.3,channel,0.0006000000000000001,4.05e-06,6.000000000000001,40.5,-0.035066089173426414,2070107326931478.8
p2_bulk_nga_5e17_common_primary,NGA 5e17 common-primary state,top_primary,interface_4x,T03_P2_BULK_TRAPS_FORMAL,enabled_symmetric_teaching_top_stack,0.0,0.01,0.0,0.3,channel,0.0006000000000000001,4.125e-06,6.000000000000001,41.25,-0.03336284843025464,2211088101889498.2
p2_bulk_nga_5e17_common_primary,NGA 5e17 common-primary state,top_primary,interface_4x,T03_P2_BULK_TRAPS_FORMAL,enabled_symmetric_teaching_top_stack,0.0,0.01,0.0,0.3,channel,0.0006000000000000001,4.2000000000000004e-06,6.000000000000001,42.00000000000001,-0.03149236629922741,2376997715651501.0
p2_bulk_nga_5e17_common_primary,NGA 5e17 common-primary state,top_primary,interface_4x,T03_P2_BULK_TRAPS_FORMAL,enabled_symmetric_teaching_top_stack,0.0,0.01,0.0,0.3,channel,0.0006000000000000001,4.2750000000000006e-06,6.000000000000001,42.75000000000001,-0.02945432618439912,2571972563040961.5
p2_bulk_nga_5e17_common_primary,NGA 5e17 common-primary state,top_primary,interface_4x,T03_P2_BULK_TRAPS_FORMAL,enabled_symmetric_teaching_top_stack,0.0,0.01,0.0,0.3,channel,0.0006000000000000001,4.350000000000001e-06,6.000000000000001,43.50000000000001,-0.027248372647197174,2801074885942273.5
p2_bulk_nga_5e17_common_primary,NGA 5e17 common-primary state,top_primary,interface_4x,T03_P2_BULK_TRAPS_FORMAL,enabled_symmetric_teaching_top_stack,0.0,0.01,0.0,0.3,channel,0.0006000000000000001,4.425e-06,6.000000000000001,44.25,-0.024874107161451636,3070510765261192.0
p2_bulk_nga_5e17_common_primary,NGA 5e17 common-primary state,top_primary,interface_4x,T03_P2_BULK_TRAPS_FORMAL,enabled_symmetric_teaching_top_stack,0.0,0.01,0.0,0.3,channel,0.0006000000000000001,4.5e-06,6.000000000000001,45.0,-0.02233108274551075,3387907577866689.0
p2_bulk_nga_5e17_common_primary,NGA 5e17 common-primary state,top_primary,interface_4x,T03_P2_BULK_TRAPS_FORMAL,enabled_symmetric_teaching_top_stack,0.0,0.01,0.0,0.3,channel,0.0006000000000000001,4.575e-06,6.000000000000001,45.75,-0.01961879718161794,3762668401866593.0
p2_bulk_nga_5e17_common_primary,NGA 5e17 common-primary state,top_primary,interface_4x,T03_P2_BULK_TRAPS_FORMAL,enabled_symmetric_teaching_top_stack,0.0,0.01,0.0,0.3,channel,0.0006000000000000001,4.65e-06,6.000000000000001,46.50000000000001,-0.016736684453998115,4206426542234386.0
p2_bulk_nga_5e17_common_primary,NGA 5e17 common-primary state,top_primary,interface_4x,T03_P2_BULK_TRAPS_FORMAL,enabled_symmetric_teaching_top_stack,0.0,0.01,0.0,0.3,channel,0.0006000000000000001,4.7250000000000005e-06,6.000000000000001,47.25000000000001,-0.013684103934843272,4733631048005746.0
p2_bulk_nga_5e17_common_primary,NGA 5e17 common-primary state,top_primary,interface_4x,T03_P2_BULK_TRAPS_FORMAL,enabled_symmetric_teaching_top_stack,0.0,0.01,0.0,0.3,channel,0.0006000000000000001,4.8e-06,6.000000000000001,48.0,-0.010460326713771484,5362304582099000.0
p2_bulk_nga_5e17_common_primary,NGA 5e17 common-primary state,top_primary,interface_4x,T03_P2_BULK_TRAPS_FORMAL,enabled_symmetric_teaching_top_stack,0.0,0.01,0.0,0.3,channel,0.0006000000000000001,4.875e-06,6.000000000000001,48.75,-0.007064518290693274,6115029397881469.0
p2_bulk_nga_5e17_common_primary,NGA 5e17 common-primary state,top_primary,interface_4x,T03_P2_BULK_TRAPS_FORMAL,enabled_symmetric_teaching_top_stack,0.0,0.01,0.0,0.3,channel,0.0006000000000000001,4.95e-06,6.000000000000001,49.5,-0.003495716619715024,7020237075064047.0
p2_bulk_nga_5e17_common_primary,NGA 5e17 common-primary state,top_primary,interface_4x,T03_P2_BULK_TRAPS_FORMAL,enabled_symmetric_teaching_top_stack,0.0,0.01,0.0,0.3,channel,0.0006000000000000001,5.025e-06,6.000000000000001,50.25,0.00024719581751018094,8113905402816439.0
p2_bulk_nga_5e17_common_primary,NGA 5e17 common-primary state,top_primary,interface_4x,T03_P2_BULK_TRAPS_FORMAL,enabled_symmetric_teaching_top_stack,0.0,0.01,0.0,0.3,channel,0.0006000000000000001,5.1e-06,6.000000000000001,51.0,0.004165527644928635,9441804802015152.0
p2_bulk_nga_5e17_common_primary,NGA 5e17 common-primary state,top_primary,interface_4x,T03_P2_BULK_TRAPS_FORMAL,enabled_symmetric_teaching_top_stack,0.0,0.01,0.0,0.3,channel,0.0006000000000000001,5.1750000000000004e-06,6.000000000000001,51.75000000000001,0.008260824226862952,1.1062492066819996e+16
p2_bulk_nga_5e17_common_primary,NGA 5e17 common-primary state,top_primary,interface_4x,T03_P2_BULK_TRAPS_FORMAL,enabled_symmetric_teaching_top_stack,0.0,0.01,0.0,0.3,channel,0.0006000000000000001,5.2500000000000006e-06,6.000000000000001,52.50000000000001,0.0125349263599435,1.3051328709567146e+16
p2_bulk_nga_5e17_common_primary,NGA 5e17 common-primary state,top_primary,interface_4x,T03_P2_BULK_TRAPS_FORMAL,enabled_symmetric_teaching_top_stack,0.0,0.01,0.0,0.3,channel,0.0006000000000000001,5.325e-06,6.000000000000001,53.25,0.016990046120223364,1.5505916675062004e+16
p2_bulk_nga_5e17_common_primary,NGA 5e17 common-primary state,top_primary,interface_4x,T03_P2_BULK_TRAPS_FORMAL,enabled_symmetric_teaching_top_stack,0.0,0.01,0.0,0.3,channel,0.0006000000000000001,5.4e-06,6.000000000000001,54.0,0.021628865405667115,1.855351415818471e+16
p2_bulk_nga_5e17_common_primary,NGA 5e17 common-primary state,top_primary,interface_4x,T03_P2_BULK_TRAPS_FORMAL,enabled_symmetric_teaching_top_stack,0.0,0.01,0.0,0.3,channel,0.000625,3e-06,6.25,30.0,-0.041410091910729134,1603403534481037.5
p2_bulk_nga_5e17_common_primary,NGA 5e17 common-primary state,top_primary,interface_4x,T03_P2_BULK_TRAPS_FORMAL,enabled_symmetric_teaching_top_stack,0.0,0.01,0.0,0.3,channel,0.000625,3.075e-06,6.25,30.750000000000004,-0.04203110202288076,1565345920938137.8
p2_bulk_nga_5e17_common_primary,NGA 5e17 common-primary state,top_primary,interface_4x,T03_P2_BULK_TRAPS_FORMAL,enabled_symmetric_teaching_top_stack,0.0,0.01,0.0,0.3,channel,0.000625,3.1500000000000003e-06,6.25,31.500000000000004,-0.04248628322485039,1538025791197542.2
p2_bulk_nga_5e17_common_primary,NGA 5e17 common-primary state,top_primary,interface_4x,T03_P2_BULK_TRAPS_FORMAL,enabled_symmetric_teaching_top_stack,0.0,0.01,0.0,0.3,channel,0.000625,3.225e-06,6.25,32.25,-0.04277570411753867,1520903156357522.8
p2_bulk_nga_5e17_common_primary,NGA 5e17 common-primary state,top_primary,interface_4x,T03_P2_BULK_TRAPS_FORMAL,enabled_symmetric_teaching_top_stack,0.0,0.01,0.0,0.3,channel,0.000625,3.3e-06,6.25,33.0,-0.042899408185976505,1513642886668508.5
p2_bulk_nga_5e17_common_primary,NGA 5e17 common-primary state,top_primary,interface_4x,T03_P2_BULK_TRAPS_FORMAL,enabled_symmetric_teaching_top_stack,0.0,0.01,0.0,0.3,channel,0.000625,3.3750000000000003e-06,6.25,33.75,-0.042857413985492636,1516103658561501.5
p2_bulk_nga_5e17_common_primary,NGA 5e17 common-primary state,top_primary,interface_4x,T03_P2_BULK_TRAPS_FORMAL,enabled_symmetric_teaching_top_stack,0.0,0.01,0.0,0.3,channel,0.000625,3.45e-06,6.25,34.5,-0.0426497152191449,1528333319722086.2
p2_bulk_nga_5e17_common_primary,NGA 5e17 common-primary state,top_primary,interface_4x,T03_P2_BULK_TRAPS_FORMAL,enabled_symmetric_teaching_top_stack,0.0,0.01,0.0,0.3,channel,0.000625,3.525e-06,6.25,35.25,-0.04227628071157722,1550570456578679.5
p2_bulk_nga_5e17_common_primary,NGA 5e17 common-primary state,top_primary,interface_4x,T03_P2_BULK_TRAPS_FORMAL,enabled_symmetric_teaching_top_stack,0.0,0.01,0.0,0.3,channel,0.000625,3.6000000000000003e-06,6.25,36.0,-0.041737054277555995,1583252237044680.0
p2_bulk_nga_5e17_common_primary,NGA 5e17 common-primary state,top_primary,interface_4x,T03_P2_BULK_TRAPS_FORMAL,enabled_symmetric_teaching_top_stack,0.0,0.01,0.0,0.3,channel,0.000625,3.6750000000000004e-06,6.25,36.75000000000001,-0.041031954476456904,1627028894254252.2
p2_bulk_nga_5e17_common_primary,NGA 5e17 common-primary state,top_primary,interface_4x,T03_P2_BULK_TRAPS_FORMAL,enabled_symmetric_teaching_top_stack,0.0,0.01,0.0,0.3,channel,0.000625,3.7500000000000005e-06,6.25,37.50000000000001,-0.04016087423661827,1682785532255332.2
p2_bulk_nga_5e17_common_primary,NGA 5e17 common-primary state,top_primary,interface_4x,T03_P2_BULK_TRAPS_FORMAL,enabled_symmetric_teaching_top_stack,0.0,0.01,0.0,0.3,channel,0.000625,3.825000000000001e-06,6.25,38.25000000000001,-0.0391236803254298,1751672291774904.2
p2_bulk_nga_5e17_common_primary,NGA 5e17 common-primary state,top_primary,interface_4x,T03_P2_BULK_TRAPS_FORMAL,enabled_symmetric_teaching_top_stack,0.0,0.01,0.0,0.3,channel,0.000625,3.9e-06,6.25,39.0,-0.0379202126319221,1835144336095931.0
p2_bulk_nga_5e17_common_primary,NGA 5e17 common-primary state,top_primary,interface_4x,T03_P2_BULK_TRAPS_FORMAL,enabled_symmetric_teaching_top_stack,0.0,0.01,0.0,0.3,channel,0.000625,3.975e-06,6.25,39.75,-0.03655028321803537,1935013631710003.0
p2_bulk_nga_5e17_common_primary,NGA 5e17 common-primary state,top_primary,interface_4x,T03_P2_BULK_TRAPS_FORMAL,enabled_symmetric_teaching_top_stack,0.0,0.01,0.0,0.3,channel,0.000625,4.05e-06,6.25,40.5,-0.03501367508215249,2053515141077455.2
p2_bulk_nga_5e17_common_primary,NGA 5e17 common-primary state,top_primary,interface_4x,T03_P2_BULK_TRAPS_FORMAL,enabled_symmetric_teaching_top_stack,0.0,0.01,0.0,0.3,channel,0.000625,4.125e-06,6.25,41.25,-0.033310140563230305,2193390861362947.2
p2_bulk_nga_5e17_common_primary,NGA 5e17 common-primary state,top_primary,interface_4x,T03_P2_BULK_TRAPS_FORMAL,enabled_symmetric_teaching_top_stack,0.0,0.01,0.0,0.3,channel,0.000625,4.2000000000000004e-06,6.25,42.00000000000001,-0.03143939929512647,2357996193862286.0
p2_bulk_nga_5e17_common_primary,NGA 5e17 common-primary state,top_primary,interface_4x,T03_P2_BULK_TRAPS_FORMAL,enabled_symmetric_teaching_top_stack,0.0,0.01,0.0,0.3,channel,0.000625,4.2750000000000006e-06,6.25,42.75000000000001,-0.02940113559743059,2551434494725850.0
p2_bulk_nga_5e17_common_primary,NGA 5e17 common-primary state,top_primary,interface_4x,T03_P2_BULK_TRAPS_FORMAL,enabled_symmetric_teaching_top_stack,0.0,0.01,0.0,0.3,channel,0.000625,4.350000000000001e-06,6.25,43.50000000000001,-0.027194995159883398,2778727447406696.0
p2_bulk_nga_5e17_common_primary,NGA 5e17 common-primary state,top_primary,interface_4x,T03_P2_BULK_TRAPS_FORMAL,enabled_symmetric_teaching_top_stack,0.0,0.01,0.0,0.3,channel,0.000625,4.425e-06,6.25,44.25,-0.02482058084048884,3046031259120477.0
p2_bulk_nga_5e17_common_primary,NGA 5e17 common-primary state,top_primary,interface_4x,T03_P2_BULK_TRAPS_FORMAL,enabled_symmetric_teaching_top_stack,0.0,0.01,0.0,0.3,channel,0.000625,4.5e-06,6.25,45.0,-0.022277447350293987,3360911820469421.0
p2_bulk_nga_5e17_common_primary,NGA 5e17 common-primary state,top_primary,interface_4x,T03_P2_BULK_TRAPS_FORMAL,enabled_symmetric_teaching_top_stack,0.0,0.01,0.0,0.3,channel,0.000625,4.575e-06,6.25,45.75,-0.01956509453734511,3732696159468233.0
p2_bulk_nga_5e17_common_primary,NGA 5e17 common-primary state,top_primary,interface_4x,T03_P2_BULK_TRAPS_FORMAL,enabled_symmetric_teaching_top_stack,0.0,0.01,0.0,0.3,channel,0.000625,4.65e-06,6.25,46.50000000000001,-0.0166829589042647,4172923158262441.5
p2_bulk_nga_5e17_common_primary,NGA 5e17 common-primary state,top_primary,interface_4x,T03_P2_BULK_TRAPS_FORMAL,enabled_symmetric_teaching_top_stack,0.0,0.01,0.0,0.3,channel,0.000625,4.7250000000000005e-06,6.25,47.25000000000001,-0.013630402892508253,4695924129159187.0
p2_bulk_nga_5e17_common_primary,NGA 5e17 common-primary state,top_primary,interface_4x,T03_P2_BULK_TRAPS_FORMAL,enabled_symmetric_teaching_top_stack,0.0,0.01,0.0,0.3,channel,0.000625,4.8e-06,6.25,48.0,-0.010406701333894614,5319574238293608.0
p2_bulk_nga_5e17_common_primary,NGA 5e17 common-primary state,top_primary,interface_4x,T03_P2_BULK_TRAPS_FORMAL,enabled_symmetric_teaching_top_stack,0.0,0.01,0.0,0.3,channel,0.000625,4.875e-06,6.25,48.75,-0.007011024295894045,6066270021226713.0
p2_bulk_nga_5e17_common_primary,NGA 5e17 common-primary state,top_primary,interface_4x,T03_P2_BULK_TRAPS_FORMAL,enabled_symmetric_teaching_top_stack,0.0,0.01,0.0,0.3,channel,0.000625,4.95e-06,6.25,49.5,-0.0034424153169032097,6964207939854689.0
p2_bulk_nga_5e17_common_primary,NGA 5e17 common-primary state,top_primary,interface_4x,T03_P2_BULK_TRAPS_FORMAL,enabled_symmetric_teaching_top_stack,0.0,0.01,0.0,0.3,channel,0.000625,5.025e-06,6.25,50.25,0.00030023627871755696,8049066389702021.0
p2_bulk_nga_5e17_common_primary,NGA 5e17 common-primary state,top_primary,interface_4x,T03_P2_BULK_TRAPS_FORMAL,enabled_symmetric_teaching_top_stack,0.0,0.01,0.0,0.3,channel,0.000625,5.1e-06,6.25,51.0,0.004218230706662419,9366232173375972.0
p2_bulk_nga_5e17_common_primary,NGA 5e17 common-primary state,top_primary,interface_4x,T03_P2_BULK_TRAPS_FORMAL,enabled_symmetric_teaching_top_stack,0.0,0.01,0.0,0.3,channel,0.000625,5.1750000000000004e-06,6.25,51.75000000000001,0.008313102964598373,1.0973767264366258e+16
p2_bulk_nga_5e17_common_primary,NGA 5e17 common-primary state,top_primary,interface_4x,T03_P2_BULK_TRAPS_FORMAL,enabled_symmetric_teaching_top_stack,0.0,0.01,0.0,0.3,channel,0.000625,5.2500000000000006e-06,6.25,52.50000000000001,0.012586681018064975,1.2946390331307058e+16
p2_bulk_nga_5e17_common_primary,NGA 5e17 common-primary state,top_primary,interface_4x,T03_P2_BULK_TRAPS_FORMAL,enabled_symmetric_teaching_top_stack,0.0,0.01,0.0,0.3,channel,0.000625,5.325e-06,6.25,53.25,0.017041160990924772,1.5380861686868076e+16
p2_bulk_nga_5e17_common_primary,NGA 5e17 common-primary state,top_primary,interface_4x,T03_P2_BULK_TRAPS_FORMAL,enabled_symmetric_teaching_top_stack,0.0,0.01,0.0,0.3,channel,0.000625,5.4e-06,6.25,54.0,0.021679204848902088,1.84033283276682e+16
p2_bulk_nga_5e17_common_primary,NGA 5e17 common-primary state,top_primary,interface_4x,T03_P2_BULK_TRAPS_FORMAL,enabled_symmetric_teaching_top_stack,0.0,0.01,0.0,0.3,channel,0.0006500000000000001,3e-06,6.500000000000001,30.0,-0.0413650058314065,1589970932668430.5
p2_bulk_nga_5e17_common_primary,NGA 5e17 common-primary state,top_primary,interface_4x,T03_P2_BULK_TRAPS_FORMAL,enabled_symmetric_teaching_top_stack,0.0,0.01,0.0,0.3,channel,0.0006500000000000001,3.075e-06,6.500000000000001,30.750000000000004,-0.041985265973878055,1552277179986118.8
p2_bulk_nga_5e17_common_primary,NGA 5e17 common-primary state,top_primary,interface_4x,T03_P2_BULK_TRAPS_FORMAL,enabled_symmetric_teaching_top_stack,0.0,0.01,0.0,0.3,channel,0.0006500000000000001,3.1500000000000003e-06,6.500000000000001,31.500000000000004,-0.04243972990373936,1525227457554118.8
p2_bulk_nga_5e17_common_primary,NGA 5e17 common-primary state,top_primary,interface_4x,T03_P2_BULK_TRAPS_FORMAL,enabled_symmetric_teaching_top_stack,0.0,0.01,0.0,0.3,channel,0.0006500000000000001,3.225e-06,6.500000000000001,32.25,-0.04272846599091457,1508287258030872.8
p2_bulk_nga_5e17_common_primary,NGA 5e17 common-primary state,top_primary,interface_4x,T03_P2_BULK_TRAPS_FORMAL,enabled_symmetric_teaching_top_stack,0.0,0.01,0.0,0.3,channel,0.0006500000000000001,3.3e-06,6.500000000000001,33.0,-0.04285151754204669,1501125100974047.8
p2_bulk_nga_5e17_common_primary,NGA 5e17 common-primary state,top_primary,interface_4x,T03_P2_BULK_TRAPS_FORMAL,enabled_symmetric_teaching_top_stack,0.0,0.01,0.0,0.3,channel,0.0006500000000000001,3.3750000000000003e-06,6.500000000000001,33.75,-0.04280890298305398,1503601603149769.2
p2_bulk_nga_5e17_common_primary,NGA 5e17 common-primary state,top_primary,interface_4x,T03_P2_BULK_TRAPS_FORMAL,enabled_symmetric_teaching_top_stack,0.0,0.01,0.0,0.3,channel,0.0006500000000000001,3.45e-06,6.500000000000001,34.5,-0.04260061593482499,1515764908377072.0
p2_bulk_nga_5e17_common_primary,NGA 5e17 common-primary state,top_primary,interface_4x,T03_P2_BULK_TRAPS_FORMAL,enabled_symmetric_teaching_top_stack,0.0,0.01,0.0,0.3,channel,0.0006500000000000001,3.525e-06,6.500000000000001,35.25,-0.04222662518714581,1537852264353962.5
p2_bulk_nga_5e17_common_primary,NGA 5e17 common-primary state,top_primary,interface_4x,T03_P2_BULK_TRAPS_FORMAL,enabled_symmetric_teaching_top_stack,0.0,0.01,0.0,0.3,channel,0.0006500000000000001,3.6000000000000003e-06,6.500000000000001,36.0,-0.04168687456910159,1570297819717839.0
p2_bulk_nga_5e17_common_primary,NGA 5e17 common-primary state,top_primary,interface_4x,T03_P2_BULK_TRAPS_FORMAL,enabled_symmetric_teaching_top_stack,0.0,0.01,0.0,0.3,channel,0.0006500000000000001,3.6750000000000004e-06,6.500000000000001,36.75000000000001,-0.0409812827072678,1613747004851855.0
p2_bulk_nga_5e17_common_primary,NGA 5e17 common-primary state,top_primary,interface_4x,T03_P2_BULK_TRAPS_FORMAL,enabled_symmetric_teaching_top_stack,0.0,0.01,0.0,0.3,channel,0.0006500000000000001,3.7500000000000005e-06,6.500000000000001,37.50000000000001,-0.04010974265571048,1669078172387382.8
p2_bulk_nga_5e17_common_primary,NGA 5e17 common-primary state,top_primary,interface_4x,T03_P2_BULK_TRAPS_FORMAL,enabled_symmetric_teaching_top_stack,0.0,0.01,0.0,0.3,channel,0.0006500000000000001,3.825000000000001e-06,6.500000000000001,38.25000000000001,-0.03907212137383062,1737432527395445.2
p2_bulk_nga_5e17_common_primary,NGA 5e17 common-primary state,top_primary,interface_4x,T03_P2_BULK_TRAPS_FORMAL,enabled_symmetric_teaching_top_stack,0.0,0.01,0.0,0.3,channel,0.0006500000000000001,3.9e-06,6.500000000000001,39.0,-0.037868259019056535,1820253795546075.0
p2_bulk_nga_5e17_common_primary,NGA 5e17 common-primary state,top_primary,interface_4x,T03_P2_BULK_TRAPS_FORMAL,enabled_symmetric_teaching_top_stack,0.0,0.01,0.0,0.3,channel,0.0006500000000000001,3.975e-06,6.500000000000001,39.75,-0.036497968010884285,1919339587721241.2
p2_bulk_nga_5e17_common_primary,NGA 5e17 common-primary state,top_primary,interface_4x,T03_P2_BULK_TRAPS_FORMAL,enabled_symmetric_teaching_top_stack,0.0,0.01,0.0,0.3,channel,0.0006500000000000001,4.05e-06,6.500000000000001,40.5,-0.03496103181027321,2036907056720331.2
p2_bulk_nga_5e17_common_primary,NGA 5e17 common-primary state,top_primary,interface_4x,T03_P2_BULK_TRAPS_FORMAL,enabled_symmetric_teaching_top_stack,0.0,0.01,0.0,0.3,channel,0.0006500000000000001,4.125e-06,6.500000000000001,41.25,-0.03325720334327421,2175676251210475.5
p2_bulk_nga_5e17_common_primary,NGA 5e17 common-primary state,top_primary,interface_4x,T03_P2_BULK_TRAPS_FORMAL,enabled_symmetric_teaching_top_stack,0.0,0.01,0.0,0.3,channel,0.0006500000000000001,4.2000000000000004e-06,6.500000000000001,42.00000000000001,-0.03138620297918269,2338975613842224.0
p2_bulk_nga_5e17_common_primary,NGA 5e17 common-primary state,top_primary,interface_4x,T03_P2_BULK_TRAPS_FORMAL,enabled_symmetric_teaching_top_stack,0.0,0.01,0.0,0.3,channel,0.0006500000000000001,4.2750000000000006e-06,6.500000000000001,42.75000000000001,-0.02934771595040936,2530875424465191.0
p2_bulk_nga_5e17_common_primary,NGA 5e17 common-primary state,top_primary,interface_4x,T03_P2_BULK_TRAPS_FORMAL,enabled_symmetric_teaching_top_stack,0.0,0.01,0.0,0.3,channel,0.0006500000000000001,4.350000000000001e-06,6.500000000000001,43.50000000000001,-0.027141389072276246,2756356763520241.5
p2_bulk_nga_5e17_common_primary,NGA 5e17 common-primary state,top_primary,interface_4x,T03_P2_BULK_TRAPS_FORMAL,enabled_symmetric_teaching_top_stack,0.0,0.01,0.0,0.3,channel,0.0006500000000000001,4.425e-06,6.500000000000001,44.25,-0.024766826584273337,3021525911666057.5
p2_bulk_nga_5e17_common_primary,NGA 5e17 common-primary state,top_primary,interface_4x,T03_P2_BULK_TRAPS_FORMAL,enabled_symmetric_teaching_top_stack,0.0,0.01,0.0,0.3,channel,0.0006500000000000001,4.5e-06,6.500000000000001,45.0,-0.022223584887574657,3333887210550896.5
p2_bulk_nga_5e17_common_primary,NGA 5e17 common-primary state,top_primary,interface_4x,T03_P2_BULK_TRAPS_FORMAL,enabled_symmetric_teaching_top_stack,0.0,0.01,0.0,0.3,channel,0.0006500000000000001,4.575e-06,6.500000000000001,45.75,-0.01951116589365637,3702691563858886.5
p2_bulk_nga_5e17_common_primary,NGA 5e17 common-primary state,top_primary,interface_4x,T03_P2_BULK_TRAPS_FORMAL,enabled_symmetric_teaching_top_stack,0.0,0.01,0.0,0.3,channel,0.0006500000000000001,4.65e-06,6.500000000000001,46.50000000000001,-0.016629008621460408,4139383343233960.0
p2_bulk_nga_5e17_common_primary,NGA 5e17 common-primary state,top_primary,interface_4x,T03_P2_BULK_TRAPS_FORMAL,enabled_symmetric_teaching_top_stack,0.0,0.01,0.0,0.3,channel,0.0006500000000000001,4.7250000000000005e-06,6.500000000000001,47.25000000000001,-0.013576478580033097,4658176021203453.0
p2_bulk_nga_5e17_common_primary,NGA 5e17 common-primary state,top_primary,interface_4x,T03_P2_BULK_TRAPS_FORMAL,enabled_symmetric_teaching_top_stack,0.0,0.01,0.0,0.3,channel,0.0006500000000000001,4.8e-06,6.500000000000001,48.0,-0.010352854342254286,5276797146902209.0
p2_bulk_nga_5e17_common_primary,NGA 5e17 common-primary state,top_primary,interface_4x,T03_P2_BULK_TRAPS_FORMAL,enabled_symmetric_teaching_top_stack,0.0,0.01,0.0,0.3,channel,0.0006500000000000001,4.875e-06,6.500000000000001,48.75,-0.00695731054269296,6017457399463067.0
p2_bulk_nga_5e17_common_primary,NGA 5e17 common-primary state,top_primary,interface_4x,T03_P2_BULK_TRAPS_FORMAL,enabled_symmetric_teaching_top_stack,0.0,0.01,0.0,0.3,channel,0.0006500000000000001,4.95e-06,6.500000000000001,49.5,-0.003388896304419336,6908117965968953.0
p2_bulk_nga_5e17_common_primary,NGA 5e17 common-primary state,top_primary,interface_4x,T03_P2_BULK_TRAPS_FORMAL,enabled_symmetric_teaching_top_stack,0.0,0.01,0.0,0.3,channel,0.0006500000000000001,5.025e-06,6.500000000000001,50.25,0.00035349220408653414,7984157675485138.0
p2_bulk_nga_5e17_common_primary,NGA 5e17 common-primary state,top_primary,interface_4x,T03_P2_BULK_TRAPS_FORMAL,enabled_symmetric_teaching_top_stack,0.0,0.01,0.0,0.3,channel,0.0006500000000000001,5.1e-06,6.500000000000001,51.0,0.004271146787623357,9290579531016138.0
p2_bulk_nga_5e17_common_primary,NGA 5e17 common-primary state,top_primary,interface_4x,T03_P2_BULK_TRAPS_FORMAL,enabled_symmetric_teaching_top_stack,0.0,0.01,0.0,0.3,channel,0.0006500000000000001,5.1750000000000004e-06,6.500000000000001,51.75000000000001,0.008365592073117562,1.08849505113581e+16
p2_bulk_nga_5e17_common_primary,NGA 5e17 common-primary state,top_primary,interface_4x,T03_P2_BULK_TRAPS_FORMAL,enabled_symmetric_teaching_top_stack,0.0,0.01,0.0,0.3,channel,0.0006500000000000001,5.2500000000000006e-06,6.500000000000001,52.50000000000001,0.01263864318928771,1.284134630563395e+16
p2_bulk_nga_5e17_common_primary,NGA 5e17 common-primary state,top_primary,interface_4x,T03_P2_BULK_TRAPS_FORMAL,enabled_symmetric_teaching_top_stack,0.0,0.01,0.0,0.3,channel,0.0006500000000000001,5.325e-06,6.500000000000001,53.25,0.017092480300265535,1.5255685554044682e+16
p2_bulk_nga_5e17_common_primary,NGA 5e17 common-primary state,top_primary,interface_4x,T03_P2_BULK_TRAPS_FORMAL,enabled_symmetric_teaching_top_stack,0.0,0.01,0.0,0.3,channel,0.0006500000000000001,5.4e-06,6.500000000000001,54.0,0.021729745430117246,1.825300421327432e+16
p2_bulk_nga_5e17_common_primary,NGA 5e17 common-primary state,top_primary,interface_4x,T03_P2_BULK_TRAPS_FORMAL,enabled_symmetric_teaching_top_stack,0.0,0.01,0.0,0.3,channel,0.000675,3e-06,6.75,30.0,-0.04131971295938312,1576532011894442.8
p2_bulk_nga_5e17_common_primary,NGA 5e17 common-primary state,top_primary,interface_4x,T03_P2_BULK_TRAPS_FORMAL,enabled_symmetric_teaching_top_stack,0.0,0.01,0.0,0.3,channel,0.000675,3.075e-06,6.75,30.750000000000004,-0.041939219732745,1539201712517201.2
p2_bulk_nga_5e17_common_primary,NGA 5e17 common-primary state,top_primary,interface_4x,T03_P2_BULK_TRAPS_FORMAL,enabled_symmetric_teaching_top_stack,0.0,0.01,0.0,0.3,channel,0.000675,3.1500000000000003e-06,6.75,31.500000000000004,-0.042392963224505816,1512421988264214.0
p2_bulk_nga_5e17_common_primary,NGA 5e17 common-primary state,top_primary,interface_4x,T03_P2_BULK_TRAPS_FORMAL,enabled_symmetric_teaching_top_stack,0.0,0.01,0.0,0.3,channel,0.000675,3.225e-06,6.75,32.25,-0.04268101157458175,1495663803277840.5
p2_bulk_nga_5e17_common_primary,NGA 5e17 common-primary state,top_primary,interface_4x,T03_P2_BULK_TRAPS_FORMAL,enabled_symmetric_teaching_top_stack,0.0,0.01,0.0,0.3,channel,0.000675,3.3e-06,6.75,33.0,-0.04280340791181307,1488599316937013.0
p2_bulk_nga_5e17_common_primary,NGA 5e17 common-primary state,top_primary,interface_4x,T03_P2_BULK_TRAPS_FORMAL,enabled_symmetric_teaching_top_stack,0.0,0.01,0.0,0.3,channel,0.000675,3.3750000000000003e-06,6.75,33.75,-0.042760170532919625,1491091077083581.0
p2_bulk_nga_5e17_common_primary,NGA 5e17 common-primary state,top_primary,interface_4x,T03_P2_BULK_TRAPS_FORMAL,enabled_symmetric_teaching_top_stack,0.0,0.01,0.0,0.3,channel,0.000675,3.45e-06,6.75,34.5,-0.04255129297647064,1503187514307396.8
p2_bulk_nga_5e17_common_primary,NGA 5e17 common-primary state,top_primary,interface_4x,T03_P2_BULK_TRAPS_FORMAL,enabled_symmetric_teaching_top_stack,0.0,0.01,0.0,0.3,channel,0.000675,3.525e-06,6.75,35.25,-0.04217674399689458,1525124527797362.0
p2_bulk_nga_5e17_common_primary,NGA 5e17 common-primary state,top_primary,interface_4x,T03_P2_BULK_TRAPS_FORMAL,enabled_symmetric_teaching_top_stack,0.0,0.01,0.0,0.3,channel,0.000675,3.6000000000000003e-06,6.75,36.0,-0.041636467436759694,1557333236409414.0
p2_bulk_nga_5e17_common_primary,NGA 5e17 common-primary state,top_primary,interface_4x,T03_P2_BULK_TRAPS_FORMAL,enabled_symmetric_teaching_top_stack,0.0,0.01,0.0,0.3,channel,0.000675,3.6750000000000004e-06,6.75,36.75000000000001,-0.04093038198868547,1600454256221182.5
p2_bulk_nga_5e17_common_primary,NGA 5e17 common-primary state,top_primary,interface_4x,T03_P2_BULK_TRAPS_FORMAL,enabled_symmetric_teaching_top_stack,0.0,0.01,0.0,0.3,channel,0.000675,3.7500000000000005e-06,6.75,37.50000000000001,-0.04005838083100765,1655359175496721.5
p2_bulk_nga_5e17_common_primary,NGA 5e17 common-primary state,top_primary,interface_4x,T03_P2_BULK_TRAPS_FORMAL,enabled_symmetric_teaching_top_stack,0.0,0.01,0.0,0.3,channel,0.000675,3.825000000000001e-06,6.75,38.25000000000001,-0.039020331113398865,1723180248918442.5
p2_bulk_nga_5e17_common_primary,NGA 5e17 common-primary state,top_primary,interface_4x,T03_P2_BULK_TRAPS_FORMAL,enabled_symmetric_teaching_top_stack,0.0,0.01,0.0,0.3,channel,0.000675,3.9e-06,6.75,39.0,-0.03781607325968727,1805349747590386.8
p2_bulk_nga_5e17_common_primary,NGA 5e17 common-primary state,top_primary,interface_4x,T03_P2_BULK_TRAPS_FORMAL,enabled_symmetric_teaching_top_stack,0.0,0.01,0.0,0.3,channel,0.000675,3.975e-06,6.75,39.75,-0.03644542004469559,1903650907104396.5
p2_bulk_nga_5e17_common_primary,NGA 5e17 common-primary state,top_primary,interface_4x,T03_P2_BULK_TRAPS_FORMAL,enabled_symmetric_teaching_top_stack,0.0,0.01,0.0,0.3,channel,0.000675,4.05e-06,6.75,40.5,-0.03490815538953008,2020283047598092.0
p2_bulk_nga_5e17_common_primary,NGA 5e17 common-primary state,top_primary,interface_4x,T03_P2_BULK_TRAPS_FORMAL,enabled_symmetric_teaching_top_stack,0.0,0.01,0.0,0.3,channel,0.000675,4.125e-06,6.75,41.25,-0.03320403280474119,2157944242222051.8
p2_bulk_nga_5e17_common_primary,NGA 5e17 common-primary state,top_primary,interface_4x,T03_P2_BULK_TRAPS_FORMAL,enabled_symmetric_teaching_top_stack,0.0,0.01,0.0,0.3,channel,0.000675,4.2000000000000004e-06,6.75,42.00000000000001,-0.03133277339234354,2319935943120456.5
p2_bulk_nga_5e17_common_primary,NGA 5e17 common-primary state,top_primary,interface_4x,T03_P2_BULK_TRAPS_FORMAL,enabled_symmetric_teaching_top_stack,0.0,0.01,0.0,0.3,channel,0.000675,4.2750000000000006e-06,6.75,42.75000000000001,-0.029294063294773142,2510295316166808.0
p2_bulk_nga_5e17_common_primary,NGA 5e17 common-primary state,top_primary,interface_4x,T03_P2_BULK_TRAPS_FORMAL,enabled_symmetric_teaching_top_stack,0.0,0.01,0.0,0.3,channel,0.000675,4.350000000000001e-06,6.75,43.50000000000001,-0.027087550450114604,2733962794157685.0
p2_bulk_nga_5e17_common_primary,NGA 5e17 common-primary state,top_primary,interface_4x,T03_P2_BULK_TRAPS_FORMAL,enabled_symmetric_teaching_top_stack,0.0,0.01,0.0,0.3,channel,0.000675,4.425e-06,6.75,44.25,-0.024712840476564656,2996994678273826.0
p2_bulk_nga_5e17_common_primary,NGA 5e17 common-primary state,top_primary,interface_4x,T03_P2_BULK_TRAPS_FORMAL,enabled_symmetric_teaching_top_stack,0.0,0.01,0.0,0.3,channel,0.000675,4.5e-06,6.75,45.0,-0.02216949146275659,3306833698466895.0
p2_bulk_nga_5e17_common_primary,NGA 5e17 common-primary state,top_primary,interface_4x,T03_P2_BULK_TRAPS_FORMAL,enabled_symmetric_teaching_top_stack,0.0,0.01,0.0,0.3,channel,0.000675,4.575e-06,6.75,45.75,-0.019457007381123683,3672654559799176.0
p2_bulk_nga_5e17_common_primary,NGA 5e17 common-primary state,top_primary,interface_4x,T03_P2_BULK_TRAPS_FORMAL,enabled_symmetric_teaching_top_stack,0.0,0.01,0.0,0.3,channel,0.000675,4.65e-06,6.75,46.50000000000001,-0.01657482976474575,4105807035692102.0
p2_bulk_nga_5e17_common_primary,NGA 5e17 common-primary state,top_primary,interface_4x,T03_P2_BULK_TRAPS_FORMAL,enabled_symmetric_teaching_top_stack,0.0,0.01,0.0,0.3,channel,0.000675,4.7250000000000005e-06,6.75,47.25000000000001,-0.013522327188480725,4620386655809382.0
p2_bulk_nga_5e17_common_primary,NGA 5e17 common-primary state,top_primary,interface_4x,T03_P2_BULK_TRAPS_FORMAL,enabled_symmetric_teaching_top_stack,0.0,0.01,0.0,0.3,channel,0.000675,4.8e-06,6.75,48.0,-0.010298781965020378,5233973232063633.0
p2_bulk_nga_5e17_common_primary,NGA 5e17 common-primary state,top_primary,interface_4x,T03_P2_BULK_TRAPS_FORMAL,enabled_symmetric_teaching_top_stack,0.0,0.01,0.0,0.3,channel,0.000675,4.875e-06,6.75,48.75,-0.0069033732954598345,5968591448581060.0
p2_bulk_nga_5e17_common_primary,NGA 5e17 common-primary state,top_primary,interface_4x,T03_P2_BULK_TRAPS_FORMAL,enabled_symmetric_teaching_top_stack,0.0,0.01,0.0,0.3,channel,0.000675,4.95e-06,6.75,49.5,-0.003335155887812634,6851967060756148.0
p2_bulk_nga_5e17_common_primary,NGA 5e17 common-primary state,top_primary,interface_4x,T03_P2_BULK_TRAPS_FORMAL,enabled_symmetric_teaching_top_stack,0.0,0.01,0.0,0.3,channel,0.000675,5.025e-06,6.75,50.25,0.00040696724402402467,7919179158633199.0
p2_bulk_nga_5e17_common_primary,NGA 5e17 common-primary state,top_primary,interface_4x,T03_P2_BULK_TRAPS_FORMAL,enabled_symmetric_teaching_top_stack,0.0,0.01,0.0,0.3,channel,0.000675,5.1e-06,6.75,51.0,0.004324279491426442,9214846764736212.0
p2_bulk_nga_5e17_common_primary,NGA 5e17 common-primary state,top_primary,interface_4x,T03_P2_BULK_TRAPS_FORMAL,enabled_symmetric_teaching_top_stack,0.0,0.01,0.0,0.3,channel,0.000675,5.1750000000000004e-06,6.75,51.75000000000001,0.008418295106613221,1.0796041689916714e+16
p2_bulk_nga_5e17_common_primary,NGA 5e17 common-primary state,top_primary,interface_4x,T03_P2_BULK_TRAPS_FORMAL,enabled_symmetric_teaching_top_stack,0.0,0.01,0.0,0.3,channel,0.000675,5.2500000000000006e-06,6.75,52.50000000000001,0.012690816375871015,1.2736196509236944e+16
p2_bulk_nga_5e17_common_primary,NGA 5e17 common-primary state,top_primary,interface_4x,T03_P2_BULK_TRAPS_FORMAL,enabled_symmetric_teaching_top_stack,0.0,0.01,0.0,0.3,channel,0.000675,5.325e-06,6.75,53.25,0.01714400749618214,1.5130388152098552e+16
p2_bulk_nga_5e17_common_primary,NGA 5e17 common-primary state,top_primary,interface_4x,T03_P2_BULK_TRAPS_FORMAL,enabled_symmetric_teaching_top_stack,0.0,0.01,0.0,0.3,channel,0.000675,5.4e-06,6.75,54.0,0.021780490540662313,1.8102541696699084e+16
p2_bulk_nga_5e17_common_primary,NGA 5e17 common-primary state,top_primary,interface_4x,T03_P2_BULK_TRAPS_FORMAL,enabled_symmetric_teaching_top_stack,0.0,0.01,0.0,0.3,channel,0.0007,3e-06,7.0,30.0,-0.041274209638391894,1563086774957771.0
p2_bulk_nga_5e17_common_primary,NGA 5e17 common-primary state,top_primary,interface_4x,T03_P2_BULK_TRAPS_FORMAL,enabled_symmetric_teaching_top_stack,0.0,0.01,0.0,0.3,channel,0.0007,3.075e-06,7.0,30.750000000000004,-0.04189295958334072,1526119519067574.2
p2_bulk_nga_5e17_common_primary,NGA 5e17 common-primary state,top_primary,interface_4x,T03_P2_BULK_TRAPS_FORMAL,enabled_symmetric_teaching_top_stack,0.0,0.01,0.0,0.3,channel,0.0007,3.1500000000000003e-06,7.0,31.500000000000004,-0.04234597941571973,1499609381774714.5
p2_bulk_nga_5e17_common_primary,NGA 5e17 common-primary state,top_primary,interface_4x,T03_P2_BULK_TRAPS_FORMAL,enabled_symmetric_teaching_top_stack,0.0,0.01,0.0,0.3,channel,0.0007,3.225e-06,7.0,32.25,-0.04263333704641758,1483032788586043.2
p2_bulk_nga_5e17_common_primary,NGA 5e17 common-primary state,top_primary,interface_4x,T03_P2_BULK_TRAPS_FORMAL,enabled_symmetric_teaching_top_stack,0.0,0.01,0.0,0.3,channel,0.0007,3.3e-06,7.0,33.0,-0.04275507542706136,1476065529177538.8
p2_bulk_nga_5e17_common_primary,NGA 5e17 common-primary state,top_primary,interface_4x,T03_P2_BULK_TRAPS_FORMAL,enabled_symmetric_teaching_top_stack,0.0,0.01,0.0,0.3,channel,0.0007,3.3750000000000003e-06,7.0,33.75,-0.042711212725381295,1478572073172848.2
p2_bulk_nga_5e17_common_primary,NGA 5e17 common-primary state,top_primary,interface_4x,T03_P2_BULK_TRAPS_FORMAL,enabled_symmetric_teaching_top_stack,0.0,0.01,0.0,0.3,channel,0.0007,3.45e-06,7.0,34.5,-0.04250174239746648,1490601128538176.5
p2_bulk_nga_5e17_common_primary,NGA 5e17 common-primary state,top_primary,interface_4x,T03_P2_BULK_TRAPS_FORMAL,enabled_symmetric_teaching_top_stack,0.0,0.01,0.0,0.3,channel,0.0007,3.525e-06,7.0,35.25,-0.04212663316186982,1512387236144596.5
p2_bulk_nga_5e17_common_primary,NGA 5e17 common-primary state,top_primary,interface_4x,T03_P2_BULK_TRAPS_FORMAL,enabled_symmetric_teaching_top_stack,0.0,0.01,0.0,0.3,channel,0.0007,3.6000000000000003e-06,7.0,36.0,-0.041585828873781455,1544358474532097.5
p2_bulk_nga_5e17_common_primary,NGA 5e17 common-primary state,top_primary,interface_4x,T03_P2_BULK_TRAPS_FORMAL,enabled_symmetric_teaching_top_stack,0.0,0.01,0.0,0.3,channel,0.0007,3.6750000000000004e-06,7.0,36.75000000000001,-0.04087924829067636,1587150633889531.8
p2_bulk_nga_5e17_common_primary,NGA 5e17 common-primary state,top_primary,interface_4x,T03_P2_BULK_TRAPS_FORMAL,enabled_symmetric_teaching_top_stack,0.0,0.01,0.0,0.3,channel,0.0007,3.7500000000000005e-06,7.0,37.50000000000001,-0.04000678471366219,1641628525133764.8
p2_bulk_nga_5e17_common_primary,NGA 5e17 common-primary state,top_primary,interface_4x,T03_P2_BULK_TRAPS_FORMAL,enabled_symmetric_teaching_top_stack,0.0,0.01,0.0,0.3,channel,0.0007,3.825000000000001e-06,7.0,38.25000000000001,-0.038968305480896755,1708915437795824.0
p2_bulk_nga_5e17_common_primary,NGA 5e17 common-primary state,top_primary,interface_4x,T03_P2_BULK_TRAPS_FORMAL,enabled_symmetric_teaching_top_stack,0.0,0.01,0.0,0.3,channel,0.0007,3.9e-06,7.0,39.0,-0.037763651280556636,1790432171428989.2
p2_bulk_nga_5e17_common_primary,NGA 5e17 common-primary state,top_primary,interface_4x,T03_P2_BULK_TRAPS_FORMAL,enabled_symmetric_teaching_top_stack,0.0,0.01,0.0,0.3,channel,0.0007,3.975e-06,7.0,39.75,-0.03639263524050198,1887947566620618.5
p2_bulk_nga_5e17_common_primary,NGA 5e17 common-primary state,top_primary,interface_4x,T03_P2_BULK_TRAPS_FORMAL,enabled_symmetric_teaching_top_stack,0.0,0.01,0.0,0.3,channel,0.0007,4.05e-06,7.0,40.5,-0.03485504173948991,2003643087809250.2
p2_bulk_nga_5e17_common_primary,NGA 5e17 common-primary state,top_primary,interface_4x,T03_P2_BULK_TRAPS_FORMAL,enabled_symmetric_teaching_top_stack,0.0,0.01,0.0,0.3,channel,0.0007,4.125e-06,7.0,41.25,-0.03315062486990337,2140194805570325.0
p2_bulk_nga_5e17_common_primary,NGA 5e17 common-primary state,top_primary,interface_4x,T03_P2_BULK_TRAPS_FORMAL,enabled_symmetric_teaching_top_stack,0.0,0.01,0.0,0.3,channel,0.0007,4.2000000000000004e-06,7.0,42.00000000000001,-0.03127910646367912,2300877149637603.5
p2_bulk_nga_5e17_common_primary,NGA 5e17 common-primary state,top_primary,interface_4x,T03_P2_BULK_TRAPS_FORMAL,enabled_symmetric_teaching_top_stack,0.0,0.01,0.0,0.3,channel,0.0007,4.2750000000000006e-06,7.0,42.75000000000001,-0.029240173570398778,2489694134186736.0
p2_bulk_nga_5e17_common_primary,NGA 5e17 common-primary state,top_primary,interface_4x,T03_P2_BULK_TRAPS_FORMAL,enabled_symmetric_teaching_top_stack,0.0,0.01,0.0,0.3,channel,0.0007,4.350000000000001e-06,7.0,43.50000000000001,-0.027033475248001527,2711545499688317.0
p2_bulk_nga_5e17_common_primary,NGA 5e17 common-primary state,top_primary,interface_4x,T03_P2_BULK_TRAPS_FORMAL,enabled_symmetric_teaching_top_stack,0.0,0.01,0.0,0.3,channel,0.0007,4.425e-06,7.0,44.25,-0.024658618490517405,2972437514872182.0
p2_bulk_nga_5e17_common_primary,NGA 5e17 common-primary state,top_primary,interface_4x,T03_P2_BULK_TRAPS_FORMAL,enabled_symmetric_teaching_top_stack,0.0,0.01,0.0,0.3,channel,0.0007,4.5e-06,7.0,45.0,-0.022115163071272575,3279751235198088.0
p2_bulk_nga_5e17_common_primary,NGA 5e17 common-primary state,top_primary,interface_4x,T03_P2_BULK_TRAPS_FORMAL,enabled_symmetric_teaching_top_stack,0.0,0.01,0.0,0.3,channel,0.0007,4.575e-06,7.0,45.75,-0.019402615021081846,3642585092764890.5
p2_bulk_nga_5e17_common_primary,NGA 5e17 common-primary state,top_primary,interface_4x,T03_P2_BULK_TRAPS_FORMAL,enabled_symmetric_teaching_top_stack,0.0,0.01,0.0,0.3,channel,0.0007,4.65e-06,7.0,46.50000000000001,-0.0165204183848748,4072194175007865.0
p2_bulk_nga_5e17_common_primary,NGA 5e17 common-primary state,top_primary,interface_4x,T03_P2_BULK_TRAPS_FORMAL,enabled_symmetric_teaching_top_stack,0.0,0.01,0.0,0.3,channel,0.0007,4.7250000000000005e-06,7.0,47.25000000000001,-0.013467944801431904,4582555965616546.0
p2_bulk_nga_5e17_common_primary,NGA 5e17 common-primary state,top_primary,interface_4x,T03_P2_BULK_TRAPS_FORMAL,enabled_symmetric_teaching_top_stack,0.0,0.01,0.0,0.3,channel,0.0007,4.8e-06,7.0,48.0,-0.010244480321895096,5191102419062143.0
p2_bulk_nga_5e17_common_primary,NGA 5e17 common-primary state,top_primary,interface_4x,T03_P2_BULK_TRAPS_FORMAL,enabled_symmetric_teaching_top_stack,0.0,0.01,0.0,0.3,channel,0.0007,4.875e-06,7.0,48.75,-0.0068492087131979355,5919672085939041.0
p2_bulk_nga_5e17_common_primary,NGA 5e17 common-primary state,top_primary,interface_4x,T03_P2_BULK_TRAPS_FORMAL,enabled_symmetric_teaching_top_stack,0.0,0.01,0.0,0.3,channel,0.0007,4.95e-06,7.0,49.5,-0.003281190268449919,6795755133214454.0
p2_bulk_nga_5e17_common_primary,NGA 5e17 common-primary state,top_primary,interface_4x,T03_P2_BULK_TRAPS_FORMAL,enabled_symmetric_teaching_top_stack,0.0,0.01,0.0,0.3,channel,0.0007,5.025e-06,7.0,50.25,0.00046066515185599834,7854130739619276.0
p2_bulk_nga_5e17_common_primary,NGA 5e17 common-primary state,top_primary,interface_4x,T03_P2_BULK_TRAPS_FORMAL,enabled_symmetric_teaching_top_stack,0.0,0.01,0.0,0.3,channel,0.0007,5.1e-06,7.0,51.0,0.0043776325232670514,9139033766797526.0
p2_bulk_nga_5e17_common_primary,NGA 5e17 common-primary state,top_primary,interface_4x,T03_P2_BULK_TRAPS_FORMAL,enabled_symmetric_teaching_top_stack,0.0,0.01,0.0,0.3,channel,0.0007,5.1750000000000004e-06,7.0,51.75000000000001,0.008471215719448477,1.0707040685207526e+16
p2_bulk_nga_5e17_common_primary,NGA 5e17 common-primary state,top_primary,interface_4x,T03_P2_BULK_TRAPS_FORMAL,enabled_symmetric_teaching_top_stack,0.0,0.01,0.0,0.3,channel,0.0007,5.2500000000000006e-06,7.0,52.50000000000001,0.012743204178767599,1.2630940822601276e+16
p2_bulk_nga_5e17_common_primary,NGA 5e17 common-primary state,top_primary,interface_4x,T03_P2_BULK_TRAPS_FORMAL,enabled_symmetric_teaching_top_stack,0.0,0.01,0.0,0.3,channel,0.0007,5.325e-06,7.0,53.25,0.01719574612376472,1.5004969361306504e+16
p2_bulk_nga_5e17_common_primary,NGA 5e17 common-primary state,top_primary,interface_4x,T03_P2_BULK_TRAPS_FORMAL,enabled_symmetric_teaching_top_stack,0.0,0.01,0.0,0.3,channel,0.0007,5.4e-06,7.0,54.0,0.021831443667442857,1.7951940665676792e+16
p2_bulk_nga_5e17_common_primary,NGA 5e17 common-primary state,top_primary,interface_4x,T03_P2_BULK_TRAPS_FORMAL,enabled_symmetric_teaching_top_stack,0.0,0.01,0.0,0.3,channel,0.0007250000000000001,3e-06,7.250000000000001,30.0,-0.04122849210773846,1549635225167709.0
p2_bulk_nga_5e17_common_primary,NGA 5e17 common-primary state,top_primary,interface_4x,T03_P2_BULK_TRAPS_FORMAL,enabled_symmetric_teaching_top_stack,0.0,0.01,0.0,0.3,channel,0.0007250000000000001,3.075e-06,7.250000000000001,30.750000000000004,-0.04184648170338788,1513030600645639.0
p2_bulk_nga_5e17_common_primary,NGA 5e17 common-primary state,top_primary,interface_4x,T03_P2_BULK_TRAPS_FORMAL,enabled_symmetric_teaching_top_stack,0.0,0.01,0.0,0.3,channel,0.0007250000000000001,3.1500000000000003e-06,7.250000000000001,31.500000000000004,-0.042298774598237825,1486789636972252.8
p2_bulk_nga_5e17_common_primary,NGA 5e17 common-primary state,top_primary,interface_4x,T03_P2_BULK_TRAPS_FORMAL,enabled_symmetric_teaching_top_stack,0.0,0.01,0.0,0.3,channel,0.0007250000000000001,3.225e-06,7.250000000000001,32.25,-0.0425854384751422,1470394210855599.0
p2_bulk_nga_5e17_common_primary,NGA 5e17 common-primary state,top_primary,interface_4x,T03_P2_BULK_TRAPS_FORMAL,enabled_symmetric_teaching_top_stack,0.0,0.01,0.0,0.3,channel,0.0007250000000000001,3.3e-06,7.250000000000001,33.0,-0.04270651610910885,1463523732705674.2
p2_bulk_nga_5e17_common_primary,NGA 5e17 common-primary state,top_primary,interface_4x,T03_P2_BULK_TRAPS_FORMAL,enabled_symmetric_teaching_top_stack,0.0,0.01,0.0,0.3,channel,0.0007250000000000001,3.3750000000000003e-06,7.250000000000001,33.75,-0.04266202553908376,1466044584599037.5
p2_bulk_nga_5e17_common_primary,NGA 5e17 common-primary state,top_primary,interface_4x,T03_P2_BULK_TRAPS_FORMAL,enabled_symmetric_teaching_top_stack,0.0,0.01,0.0,0.3,channel,0.0007250000000000001,3.45e-06,7.250000000000001,34.5,-0.04245196013850403,1478005742451629.2
p2_bulk_nga_5e17_common_primary,NGA 5e17 common-primary state,top_primary,interface_4x,T03_P2_BULK_TRAPS_FORMAL,enabled_symmetric_teaching_top_stack,0.0,0.01,0.0,0.3,channel,0.0007250000000000001,3.525e-06,7.250000000000001,35.25,-0.042076288589510256,1499640378977717.5
p2_bulk_nga_5e17_common_primary,NGA 5e17 common-primary state,top_primary,interface_4x,T03_P2_BULK_TRAPS_FORMAL,enabled_symmetric_teaching_top_stack,0.0,0.01,0.0,0.3,channel,0.0007250000000000001,3.6000000000000003e-06,7.250000000000001,36.0,-0.04153495475902702,1531373521837711.2
p2_bulk_nga_5e17_common_primary,NGA 5e17 common-primary state,top_primary,interface_4x,T03_P2_BULK_TRAPS_FORMAL,enabled_symmetric_teaching_top_stack,0.0,0.01,0.0,0.3,channel,0.0007250000000000001,3.6750000000000004e-06,7.250000000000001,36.75000000000001,-0.040827877468162514,1573836123719665.2
p2_bulk_nga_5e17_common_primary,NGA 5e17 common-primary state,top_primary,interface_4x,T03_P2_BULK_TRAPS_FORMAL,enabled_symmetric_teaching_top_stack,0.0,0.01,0.0,0.3,channel,0.0007250000000000001,3.7500000000000005e-06,7.250000000000001,37.50000000000001,-0.039954950139257484,1627886205184337.5
p2_bulk_nga_5e17_common_primary,NGA 5e17 common-primary state,top_primary,interface_4x,T03_P2_BULK_TRAPS_FORMAL,enabled_symmetric_teaching_top_stack,0.0,0.01,0.0,0.3,channel,0.0007250000000000001,3.825000000000001e-06,7.250000000000001,38.25000000000001,-0.03891604029712036,1694638075818660.0
p2_bulk_nga_5e17_common_primary,NGA 5e17 common-primary state,top_primary,interface_4x,T03_P2_BULK_TRAPS_FORMAL,enabled_symmetric_teaching_top_stack,0.0,0.01,0.0,0.3,channel,0.0007250000000000001,3.9e-06,7.250000000000001,39.0,-0.03771098889216963,1775501046608964.0
p2_bulk_nga_5e17_common_primary,NGA 5e17 common-primary state,top_primary,interface_4x,T03_P2_BULK_TRAPS_FORMAL,enabled_symmetric_teaching_top_stack,0.0,0.01,0.0,0.3,channel,0.0007250000000000001,3.975e-06,7.250000000000001,39.75,-0.03633960940295171,1872229543390349.2
p2_bulk_nga_5e17_common_primary,NGA 5e17 common-primary state,top_primary,interface_4x,T03_P2_BULK_TRAPS_FORMAL,enabled_symmetric_teaching_top_stack,0.0,0.01,0.0,0.3,channel,0.0007250000000000001,4.05e-06,7.250000000000001,40.5,-0.03480168666331017,1986987151829057.2
p2_bulk_nga_5e17_common_primary,NGA 5e17 common-primary state,top_primary,interface_4x,T03_P2_BULK_TRAPS_FORMAL,enabled_symmetric_teaching_top_stack,0.0,0.01,0.0,0.3,channel,0.0007250000000000001,4.125e-06,7.250000000000001,41.25,-0.03309697534471867,2122427912828026.0
p2_bulk_nga_5e17_common_primary,NGA 5e17 common-primary state,top_primary,interface_4x,T03_P2_BULK_TRAPS_FORMAL,enabled_symmetric_teaching_top_stack,0.0,0.01,0.0,0.3,channel,0.0007250000000000001,4.2000000000000004e-06,7.250000000000001,42.00000000000001,-0.03122519800615833,2281799201764639.0
p2_bulk_nga_5e17_common_primary,NGA 5e17 common-primary state,top_primary,interface_4x,T03_P2_BULK_TRAPS_FORMAL,enabled_symmetric_teaching_top_stack,0.0,0.01,0.0,0.3,channel,0.0007250000000000001,4.2750000000000006e-06,7.250000000000001,42.75000000000001,-0.029186042601390166,2469071843349889.5
p2_bulk_nga_5e17_common_primary,NGA 5e17 common-primary state,top_primary,interface_4x,T03_P2_BULK_TRAPS_FORMAL,enabled_symmetric_teaching_top_stack,0.0,0.01,0.0,0.3,channel,0.0007250000000000001,4.350000000000001e-06,7.250000000000001,43.50000000000001,-0.026979159305208028,2689104840998804.0
p2_bulk_nga_5e17_common_primary,NGA 5e17 common-primary state,top_primary,interface_4x,T03_P2_BULK_TRAPS_FORMAL,enabled_symmetric_teaching_top_stack,0.0,0.01,0.0,0.3,channel,0.0007250000000000001,4.425e-06,7.250000000000001,44.25,-0.024604156484504876,2947854377967557.5
p2_bulk_nga_5e17_common_primary,NGA 5e17 common-primary state,top_primary,interface_4x,T03_P2_BULK_TRAPS_FORMAL,enabled_symmetric_teaching_top_stack,0.0,0.01,0.0,0.3,channel,0.0007250000000000001,4.5e-06,7.250000000000001,45.0,-0.022060595594431708,3252639772378815.5
p2_bulk_nga_5e17_common_primary,NGA 5e17 common-primary state,top_primary,interface_4x,T03_P2_BULK_TRAPS_FORMAL,enabled_symmetric_teaching_top_stack,0.0,0.01,0.0,0.3,channel,0.0007250000000000001,4.575e-06,7.250000000000001,45.75,-0.01934798472150333,3612483108979723.0
p2_bulk_nga_5e17_common_primary,NGA 5e17 common-primary state,top_primary,interface_4x,T03_P2_BULK_TRAPS_FORMAL,enabled_symmetric_teaching_top_stack,0.0,0.01,0.0,0.3,channel,0.0007250000000000001,4.65e-06,7.250000000000001,46.50000000000001,-0.016465770420101195,4038544701417656.0
p2_bulk_nga_5e17_common_primary,NGA 5e17 common-primary state,top_primary,interface_4x,T03_P2_BULK_TRAPS_FORMAL,enabled_symmetric_teaching_top_stack,0.0,0.01,0.0,0.3,channel,0.0007250000000000001,4.7250000000000005e-06,7.250000000000001,47.25000000000001,-0.013413327390925989,4544683884276735.0
p2_bulk_nga_5e17_common_primary,NGA 5e17 common-primary state,top_primary,interface_4x,T03_P2_BULK_TRAPS_FORMAL,enabled_symmetric_teaching_top_stack,0.0,0.01,0.0,0.3,channel,0.0007250000000000001,4.8e-06,7.250000000000001,48.0,-0.010189945422091848,5148184634378186.0
p2_bulk_nga_5e17_common_primary,NGA 5e17 common-primary state,top_primary,interface_4x,T03_P2_BULK_TRAPS_FORMAL,enabled_symmetric_teaching_top_stack,0.0,0.01,0.0,0.3,channel,0.0007250000000000001,4.875e-06,7.250000000000001,48.75,-0.006794812845564274,5870699230322899.0
p2_bulk_nga_5e17_common_primary,NGA 5e17 common-primary state,top_primary,interface_4x,T03_P2_BULK_TRAPS_FORMAL,enabled_symmetric_teaching_top_stack,0.0,0.01,0.0,0.3,channel,0.0007250000000000001,4.95e-06,7.250000000000001,49.5,-0.0032269955395804457,6739482094061734.0
p2_bulk_nga_5e17_common_primary,NGA 5e17 common-primary state,top_primary,interface_4x,T03_P2_BULK_TRAPS_FORMAL,enabled_symmetric_teaching_top_stack,0.0,0.01,0.0,0.3,channel,0.0007250000000000001,5.025e-06,7.250000000000001,50.25,0.0005145897877150559,7789012321006692.0
p2_bulk_nga_5e17_common_primary,NGA 5e17 common-primary state,top_primary,interface_4x,T03_P2_BULK_TRAPS_FORMAL,enabled_symmetric_teaching_top_stack,0.0,0.01,0.0,0.3,channel,0.0007250000000000001,5.1e-06,7.250000000000001,51.0,0.004431209693758064,9063140432023988.0
p2_bulk_nga_5e17_common_primary,NGA 5e17 common-primary state,top_primary,interface_4x,T03_P2_BULK_TRAPS_FORMAL,enabled_symmetric_teaching_top_stack,0.0,0.01,0.0,0.3,channel,0.0007250000000000001,5.1750000000000004e-06,7.250000000000001,51.75000000000001,0.00852435766994085,1.0617947385563576e+16
p2_bulk_nga_5e17_common_primary,NGA 5e17 common-primary state,top_primary,interface_4x,T03_P2_BULK_TRAPS_FORMAL,enabled_symmetric_teaching_top_stack,0.0,0.01,0.0,0.3,channel,0.0007250000000000001,5.2500000000000006e-06,7.250000000000001,52.50000000000001,0.012795810301351804,1.252557913015885e+16
p2_bulk_nga_5e17_common_primary,NGA 5e17 common-primary state,top_primary,interface_4x,T03_P2_BULK_TRAPS_FORMAL,enabled_symmetric_teaching_top_stack,0.0,0.01,0.0,0.3,channel,0.0007250000000000001,5.325e-06,7.250000000000001,53.25,0.017247699828927193,1.4879429066900348e+16
p2_bulk_nga_5e17_common_primary,NGA 5e17 common-primary state,top_primary,interface_4x,T03_P2_BULK_TRAPS_FORMAL,enabled_symmetric_teaching_top_stack,0.0,0.01,0.0,0.3,channel,0.0007250000000000001,5.4e-06,7.250000000000001,54.0,0.021882608396530036,1.7801201014208558e+16
p2_bulk_nga_5e17_common_primary,NGA 5e17 common-primary state,top_primary,interface_4x,T03_P2_BULK_TRAPS_FORMAL,enabled_symmetric_teaching_top_stack,0.0,0.01,0.0,0.3,channel,0.00075,3e-06,7.5,30.0,-0.0411825564983253,1536177366361789.0
p2_bulk_nga_5e17_common_primary,NGA 5e17 common-primary state,top_primary,interface_4x,T03_P2_BULK_TRAPS_FORMAL,enabled_symmetric_teaching_top_stack,0.0,0.01,0.0,0.3,channel,0.00075,3.075e-06,7.5,30.750000000000004,-0.04179978216043159,1499934958748599.2
p2_bulk_nga_5e17_common_primary,NGA 5e17 common-primary state,top_primary,interface_4x,T03_P2_BULK_TRAPS_FORMAL,enabled_symmetric_teaching_top_stack,0.0,0.01,0.0,0.3,channel,0.00075,3.1500000000000003e-06,7.5,31.500000000000004,-0.04225134478110248,1473962753198935.0
p2_bulk_nga_5e17_common_primary,NGA 5e17 common-primary state,top_primary,interface_4x,T03_P2_BULK_TRAPS_FORMAL,enabled_symmetric_teaching_top_stack,0.0,0.01,0.0,0.3,channel,0.00075,3.225e-06,7.5,32.25,-0.04253731181616238,1457748067414154.5
p2_bulk_nga_5e17_common_primary,NGA 5e17 common-primary state,top_primary,interface_4x,T03_P2_BULK_TRAPS_FORMAL,enabled_symmetric_teaching_top_stack,0.0,0.01,0.0,0.3,channel,0.00075,3.3e-06,7.5,33.0,-0.042657725864598296,1450973922935864.5
p2_bulk_nga_5e17_common_primary,NGA 5e17 common-primary state,top_primary,interface_4x,T03_P2_BULK_TRAPS_FORMAL,enabled_symmetric_teaching_top_stack,0.0,0.01,0.0,0.3,channel,0.00075,3.3750000000000003e-06,7.5,33.75,-0.04261260483677385,1453508604929247.5
p2_bulk_nga_5e17_common_primary,NGA 5e17 common-primary state,top_primary,interface_4x,T03_P2_BULK_TRAPS_FORMAL,enabled_symmetric_teaching_top_stack,0.0,0.01,0.0,0.3,channel,0.00075,3.45e-06,7.5,34.5,-0.042401942023290756,1465401347800883.5
p2_bulk_nga_5e17_common_primary,NGA 5e17 common-primary state,top_primary,interface_4x,T03_P2_BULK_TRAPS_FORMAL,enabled_symmetric_teaching_top_stack,0.0,0.01,0.0,0.3,channel,0.00075,3.525e-06,7.5,35.25,-0.04202570606932124,1486883946238786.2
p2_bulk_nga_5e17_common_primary,NGA 5e17 common-primary state,top_primary,interface_4x,T03_P2_BULK_TRAPS_FORMAL,enabled_symmetric_teaching_top_stack,0.0,0.01,0.0,0.3,channel,0.00075,3.6000000000000003e-06,7.5,36.0,-0.041483840852609755,1518378366430880.0
p2_bulk_nga_5e17_common_primary,NGA 5e17 common-primary state,top_primary,interface_4x,T03_P2_BULK_TRAPS_FORMAL,enabled_symmetric_teaching_top_stack,0.0,0.01,0.0,0.3,channel,0.00075,3.6750000000000004e-06,7.5,36.75000000000001,-0.04077626525664076,1560510711923613.2
p2_bulk_nga_5e17_common_primary,NGA 5e17 common-primary state,top_primary,interface_4x,T03_P2_BULK_TRAPS_FORMAL,enabled_symmetric_teaching_top_stack,0.0,0.01,0.0,0.3,channel,0.00075,3.7500000000000005e-06,7.5,37.50000000000001,-0.03990287282340702,1614132199883751.0
p2_bulk_nga_5e17_common_primary,NGA 5e17 common-primary state,top_primary,interface_4x,T03_P2_BULK_TRAPS_FORMAL,enabled_symmetric_teaching_top_stack,0.0,0.01,0.0,0.3,channel,0.00075,3.825000000000001e-06,7.5,38.25000000000001,-0.03886353126248345,1680348145131661.5
p2_bulk_nga_5e17_common_primary,NGA 5e17 common-primary state,top_primary,interface_4x,T03_P2_BULK_TRAPS_FORMAL,enabled_symmetric_teaching_top_stack,0.0,0.01,0.0,0.3,channel,0.00075,3.9e-06,7.5,39.0,-0.0376580817843672,1760556353039440.8
p2_bulk_nga_5e17_common_primary,NGA 5e17 common-primary state,top_primary,interface_4x,T03_P2_BULK_TRAPS_FORMAL,enabled_symmetric_teaching_top_stack,0.0,0.01,0.0,0.3,channel,0.00075,3.975e-06,7.5,39.75,-0.036286338215876145,1856496814909189.8
p2_bulk_nga_5e17_common_primary,NGA 5e17 common-primary state,top_primary,interface_4x,T03_P2_BULK_TRAPS_FORMAL,enabled_symmetric_teaching_top_stack,0.0,0.01,0.0,0.3,channel,0.00075,4.05e-06,7.5,40.5,-0.034748085843305444,1970315214526355.5
p2_bulk_nga_5e17_common_primary,NGA 5e17 common-primary state,top_primary,interface_4x,T03_P2_BULK_TRAPS_FORMAL,enabled_symmetric_teaching_top_stack,0.0,0.01,0.0,0.3,channel,0.00075,4.125e-06,7.5,41.25,-0.03304307991440076,2104643535986054.8
p2_bulk_nga_5e17_common_primary,NGA 5e17 common-primary state,top_primary,interface_4x,T03_P2_BULK_TRAPS_FORMAL,enabled_symmetric_teaching_top_stack,0.0,0.01,0.0,0.3,channel,0.00075,4.2000000000000004e-06,7.5,42.00000000000001,-0.03117104371222668,2262702068322503.5
p2_bulk_nga_5e17_common_primary,NGA 5e17 common-primary state,top_primary,interface_4x,T03_P2_BULK_TRAPS_FORMAL,enabled_symmetric_teaching_top_stack,0.0,0.01,0.0,0.3,channel,0.00075,4.2750000000000006e-06,7.5,42.75000000000001,-0.029131666091668326,2448428408971548.5
p2_bulk_nga_5e17_common_primary,NGA 5e17 common-primary state,top_primary,interface_4x,T03_P2_BULK_TRAPS_FORMAL,enabled_symmetric_teaching_top_stack,0.0,0.01,0.0,0.3,channel,0.00075,4.350000000000001e-06,7.5,43.50000000000001,-0.02692459834127971,2666640779516951.5
p2_bulk_nga_5e17_common_primary,NGA 5e17 common-primary state,top_primary,interface_4x,T03_P2_BULK_TRAPS_FORMAL,enabled_symmetric_teaching_top_stack,0.0,0.01,0.0,0.3,channel,0.00075,4.425e-06,7.5,44.25,-0.024549450197746434,2923245224670955.5
p2_bulk_nga_5e17_common_primary,NGA 5e17 common-primary state,top_primary,interface_4x,T03_P2_BULK_TRAPS_FORMAL,enabled_symmetric_teaching_top_stack,0.0,0.01,0.0,0.3,channel,0.00075,4.5e-06,7.5,45.0,-0.0220057847950716,3225499262327001.5
p2_bulk_nga_5e17_common_primary,NGA 5e17 common-primary state,top_primary,interface_4x,T03_P2_BULK_TRAPS_FORMAL,enabled_symmetric_teaching_top_stack,0.0,0.01,0.0,0.3,channel,0.00075,4.575e-06,7.5,45.75,-0.019293112272679304,3582348555449302.0
p2_bulk_nga_5e17_common_primary,NGA 5e17 common-primary state,top_primary,interface_4x,T03_P2_BULK_TRAPS_FORMAL,enabled_symmetric_teaching_top_stack,0.0,0.01,0.0,0.3,channel,0.00075,4.65e-06,7.5,46.50000000000001,-0.01641088169189179,4004858556062343.0
p2_bulk_nga_5e17_common_primary,NGA 5e17 common-primary state,top_primary,interface_4x,T03_P2_BULK_TRAPS_FORMAL,enabled_symmetric_teaching_top_stack,0.0,0.01,0.0,0.3,channel,0.00075,4.7250000000000005e-06,7.5,47.25000000000001,-0.013358470813210904,4506770346499166.0
p2_bulk_nga_5e17_common_primary,NGA 5e17 common-primary state,top_primary,interface_4x,T03_P2_BULK_TRAPS_FORMAL,enabled_symmetric_teaching_top_stack,0.0,0.01,0.0,0.3,channel,0.00075,4.8e-06,7.5,48.0,-0.010135173160125124,5105219805741159.0
p2_bulk_nga_5e17_common_primary,NGA 5e17 common-primary state,top_primary,interface_4x,T03_P2_BULK_TRAPS_FORMAL,enabled_symmetric_teaching_top_stack,0.0,0.01,0.0,0.3,channel,0.00075,4.875e-06,7.5,48.75,-0.006740181628702854,5821672802008135.0
p2_bulk_nga_5e17_common_primary,NGA 5e17 common-primary state,top_primary,interface_4x,T03_P2_BULK_TRAPS_FORMAL,enabled_symmetric_teaching_top_stack,0.0,0.01,0.0,0.3,channel,0.00075,4.95e-06,7.5,49.5,-0.0031725676822158175,6683147855809123.0
p2_bulk_nga_5e17_common_primary,NGA 5e17 common-primary state,top_primary,interface_4x,T03_P2_BULK_TRAPS_FORMAL,enabled_symmetric_teaching_top_stack,0.0,0.01,0.0,0.3,channel,0.00075,5.025e-06,7.5,50.25,0.0005687451226107002,7723823807536924.0
p2_bulk_nga_5e17_common_primary,NGA 5e17 common-primary state,top_primary,interface_4x,T03_P2_BULK_TRAPS_FORMAL,enabled_symmetric_teaching_top_stack,0.0,0.01,0.0,0.3,channel,0.00075,5.1e-06,7.5,51.0,0.004485014922947338,8987166657907829.0
p2_bulk_nga_5e17_common_primary,NGA 5e17 common-primary state,top_primary,interface_4x,T03_P2_BULK_TRAPS_FORMAL,enabled_symmetric_teaching_top_stack,0.0,0.01,0.0,0.3,channel,0.00075,5.1750000000000004e-06,7.5,51.75000000000001,0.008577724824324064,1.0528761682613636e+16
p2_bulk_nga_5e17_common_primary,NGA 5e17 common-primary state,top_primary,interface_4x,T03_P2_BULK_TRAPS_FORMAL,enabled_symmetric_teaching_top_stack,0.0,0.01,0.0,0.3,channel,0.00075,5.2500000000000006e-06,7.5,52.50000000000001,0.012848638553323084,1.2420111320444524e+16
p2_bulk_nga_5e17_common_primary,NGA 5e17 common-primary state,top_primary,interface_4x,T03_P2_BULK_TRAPS_FORMAL,enabled_symmetric_teaching_top_stack,0.0,0.01,0.0,0.3,channel,0.00075,5.325e-06,7.5,53.25,0.017299872362249898,1.4753767159258818e+16
p2_bulk_nga_5e17_common_primary,NGA 5e17 common-primary state,top_primary,interface_4x,T03_P2_BULK_TRAPS_FORMAL,enabled_symmetric_teaching_top_stack,0.0,0.01,0.0,0.3,channel,0.00075,5.4e-06,7.5,54.0,0.02193398841694009,1.7650322642799512e+16
p2_bulk_nga_5e17_common_primary,NGA 5e17 common-primary state,top_primary,interface_4x,T03_P2_BULK_TRAPS_FORMAL,enabled_symmetric_teaching_top_stack,0.0,0.01,0.0,0.3,channel,0.000775,3e-06,7.75,30.0,-0.04113639882848747,1522713202924080.0
p2_bulk_nga_5e17_common_primary,NGA 5e17 common-primary state,top_primary,interface_4x,T03_P2_BULK_TRAPS_FORMAL,enabled_symmetric_teaching_top_stack,0.0,0.01,0.0,0.3,channel,0.000775,3.075e-06,7.75,30.750000000000004,-0.04175285690760708,1486832595379668.2
p2_bulk_nga_5e17_common_primary,NGA 5e17 common-primary state,top_primary,interface_4x,T03_P2_BULK_TRAPS_FORMAL,enabled_symmetric_teaching_top_stack,0.0,0.01,0.0,0.3,channel,0.000775,3.1500000000000003e-06,7.75,31.500000000000004,-0.042203685857246466,1461128730268649.5
p2_bulk_nga_5e17_common_primary,NGA 5e17 common-primary state,top_primary,interface_4x,T03_P2_BULK_TRAPS_FORMAL,enabled_symmetric_teaching_top_stack,0.0,0.01,0.0,0.3,channel,0.000775,3.225e-06,7.75,32.25,-0.042488952907218644,1445094356032469.2
p2_bulk_nga_5e17_common_primary,NGA 5e17 common-primary state,top_primary,interface_4x,T03_P2_BULK_TRAPS_FORMAL,enabled_symmetric_teaching_top_stack,0.0,0.01,0.0,0.3,channel,0.000775,3.3e-06,7.75,33.0,-0.04260870048109273,1438416095701972.0
p2_bulk_nga_5e17_common_primary,NGA 5e17 common-primary state,top_primary,interface_4x,T03_P2_BULK_TRAPS_FORMAL,enabled_symmetric_teaching_top_stack,0.0,0.01,0.0,0.3,channel,0.000775,3.3750000000000003e-06,7.75,33.75,-0.04256294636084815,1440964128130819.0
p2_bulk_nga_5e17_common_primary,NGA 5e17 common-primary state,top_primary,interface_4x,T03_P2_BULK_TRAPS_FORMAL,enabled_symmetric_teaching_top_stack,0.0,0.01,0.0,0.3,channel,0.000775,3.45e-06,7.75,34.5,-0.04235168375405598,1452787936724313.2
p2_bulk_nga_5e17_common_primary,NGA 5e17 common-primary state,top_primary,interface_4x,T03_P2_BULK_TRAPS_FORMAL,enabled_symmetric_teaching_top_stack,0.0,0.01,0.0,0.3,channel,0.000775,3.525e-06,7.75,35.25,-0.04197488126834407,1474117928244066.8
p2_bulk_nga_5e17_common_primary,NGA 5e17 common-primary state,top_primary,interface_4x,T03_P2_BULK_TRAPS_FORMAL,enabled_symmetric_teaching_top_stack,0.0,0.01,0.0,0.3,channel,0.000775,3.6000000000000003e-06,7.75,36.0,-0.04143248279133426,1505372996783223.0
p2_bulk_nga_5e17_common_primary,NGA 5e17 common-primary state,top_primary,interface_4x,T03_P2_BULK_TRAPS_FORMAL,enabled_symmetric_teaching_top_stack,0.0,0.01,0.0,0.3,channel,0.000775,3.6750000000000004e-06,7.75,36.75000000000001,-0.0407244072675945,1547174385077004.0
p2_bulk_nga_5e17_common_primary,NGA 5e17 common-primary state,top_primary,interface_4x,T03_P2_BULK_TRAPS_FORMAL,enabled_symmetric_teaching_top_stack,0.0,0.01,0.0,0.3,channel,0.000775,3.7500000000000005e-06,7.75,37.50000000000001,-0.03985054835714506,1600366493831414.2
p2_bulk_nga_5e17_common_primary,NGA 5e17 common-primary state,top_primary,interface_4x,T03_P2_BULK_TRAPS_FORMAL,enabled_symmetric_teaching_top_stack,0.0,0.01,0.0,0.3,channel,0.000775,3.825000000000001e-06,7.75,38.25000000000001,-0.03881077395239216,1666045628248238.0
p2_bulk_nga_5e17_common_primary,NGA 5e17 common-primary state,top_primary,interface_4x,T03_P2_BULK_TRAPS_FORMAL,enabled_symmetric_teaching_top_stack,0.0,0.01,0.0,0.3,channel,0.000775,3.9e-06,7.75,39.0,-0.03760492552168995,1745598071007272.2
p2_bulk_nga_5e17_common_primary,NGA 5e17 common-primary state,top_primary,interface_4x,T03_P2_BULK_TRAPS_FORMAL,enabled_symmetric_teaching_top_stack,0.0,0.01,0.0,0.3,channel,0.000775,3.975e-06,7.75,39.75,-0.03623281723764738,1840749359064384.0
p2_bulk_nga_5e17_common_primary,NGA 5e17 common-primary state,top_primary,interface_4x,T03_P2_BULK_TRAPS_FORMAL,enabled_symmetric_teaching_top_stack,0.0,0.01,0.0,0.3,channel,0.000775,4.05e-06,7.75,40.5,-0.034694234836303794,1953627251181095.0
p2_bulk_nga_5e17_common_primary,NGA 5e17 common-primary state,top_primary,interface_4x,T03_P2_BULK_TRAPS_FORMAL,enabled_symmetric_teaching_top_stack,0.0,0.01,0.0,0.3,channel,0.000775,4.125e-06,7.75,41.25,-0.03298893413877897,2086841647472285.8
p2_bulk_nga_5e17_common_primary,NGA 5e17 common-primary state,top_primary,interface_4x,T03_P2_BULK_TRAPS_FORMAL,enabled_symmetric_teaching_top_stack,0.0,0.01,0.0,0.3,channel,0.000775,4.2000000000000004e-06,7.75,42.00000000000001,-0.03111663914917444,2243585718602493.5
p2_bulk_nga_5e17_common_primary,NGA 5e17 common-primary state,top_primary,interface_4x,T03_P2_BULK_TRAPS_FORMAL,enabled_symmetric_teaching_top_stack,0.0,0.01,0.0,0.3,channel,0.000775,4.2750000000000006e-06,7.75,42.75000000000001,-0.029077039620352445,2427763796879689.0
p2_bulk_nga_5e17_common_primary,NGA 5e17 common-primary state,top_primary,interface_4x,T03_P2_BULK_TRAPS_FORMAL,enabled_symmetric_teaching_top_stack,0.0,0.01,0.0,0.3,channel,0.000775,4.350000000000001e-06,7.75,43.50000000000001,-0.02686978795143515,2644153277236408.0
p2_bulk_nga_5e17_common_primary,NGA 5e17 common-primary state,top_primary,interface_4x,T03_P2_BULK_TRAPS_FORMAL,enabled_symmetric_teaching_top_stack,0.0,0.01,0.0,0.3,channel,0.000775,4.425e-06,7.75,44.25,-0.024494495245727655,2898610012725539.0
p2_bulk_nga_5e17_common_primary,NGA 5e17 common-primary state,top_primary,interface_4x,T03_P2_BULK_TRAPS_FORMAL,enabled_symmetric_teaching_top_stack,0.0,0.01,0.0,0.3,channel,0.000775,4.5e-06,7.75,45.0,-0.021950726313004498,3198329658075255.0
p2_bulk_nga_5e17_common_primary,NGA 5e17 common-primary state,top_primary,interface_4x,T03_P2_BULK_TRAPS_FORMAL,enabled_symmetric_teaching_top_stack,0.0,0.01,0.0,0.3,channel,0.000775,4.575e-06,7.75,45.75,-0.019237993342695874,3552181379996567.0
p2_bulk_nga_5e17_common_primary,NGA 5e17 common-primary state,top_primary,interface_4x,T03_P2_BULK_TRAPS_FORMAL,enabled_symmetric_teaching_top_stack,0.0,0.01,0.0,0.3,channel,0.000775,4.65e-06,7.75,46.50000000000001,-0.016355747900437045,3971135681027857.5
p2_bulk_nga_5e17_common_primary,NGA 5e17 common-primary state,top_primary,interface_4x,T03_P2_BULK_TRAPS_FORMAL,enabled_symmetric_teaching_top_stack,0.0,0.01,0.0,0.3,channel,0.000775,4.7250000000000005e-06,7.75,47.25000000000001,-0.013303370804291573,4468815288097477.0
p2_bulk_nga_5e17_common_primary,NGA 5e17 common-primary state,top_primary,interface_4x,T03_P2_BULK_TRAPS_FORMAL,enabled_symmetric_teaching_top_stack,0.0,0.01,0.0,0.3,channel,0.000775,4.8e-06,7.75,48.0,-0.010080159311400733,5062207862184247.0
p2_bulk_nga_5e17_common_primary,NGA 5e17 common-primary state,top_primary,interface_4x,T03_P2_BULK_TRAPS_FORMAL,enabled_symmetric_teaching_top_stack,0.0,0.01,0.0,0.3,channel,0.000775,4.875e-06,7.75,48.75,-0.006685310880880286,5772592722824373.0
p2_bulk_nga_5e17_common_primary,NGA 5e17 common-primary state,top_primary,interface_4x,T03_P2_BULK_TRAPS_FORMAL,enabled_symmetric_teaching_top_stack,0.0,0.01,0.0,0.3,channel,0.000775,4.95e-06,7.75,49.5,-0.0031179025608144436,6626752332837506.0
p2_bulk_nga_5e17_common_primary,NGA 5e17 common-primary state,top_primary,interface_4x,T03_P2_BULK_TRAPS_FORMAL,enabled_symmetric_teaching_top_stack,0.0,0.01,0.0,0.3,channel,0.000775,5.025e-06,7.75,50.25,0.0006231352426927371,7658565106220946.0
p2_bulk_nga_5e17_common_primary,NGA 5e17 common-primary state,top_primary,interface_4x,T03_P2_BULK_TRAPS_FORMAL,enabled_symmetric_teaching_top_stack,0.0,0.01,0.0,0.3,channel,0.000775,5.1e-06,7.75,51.0,0.004539052244525801,8911112344719517.0
p2_bulk_nga_5e17_common_primary,NGA 5e17 common-primary state,top_primary,interface_4x,T03_P2_BULK_TRAPS_FORMAL,enabled_symmetric_teaching_top_stack,0.0,0.01,0.0,0.3,channel,0.000775,5.1750000000000004e-06,7.75,51.75000000000001,0.008631321160897867,1.0439483471415396e+16
p2_bulk_nga_5e17_common_primary,NGA 5e17 common-primary state,top_primary,interface_4x,T03_P2_BULK_TRAPS_FORMAL,enabled_symmetric_teaching_top_stack,0.0,0.01,0.0,0.3,channel,0.000775,5.2500000000000006e-06,7.75,52.50000000000001,0.01290169285479475,1.2314537286258578e+16
p2_bulk_nga_5e17_common_primary,NGA 5e17 common-primary state,top_primary,interface_4x,T03_P2_BULK_TRAPS_FORMAL,enabled_symmetric_teaching_top_stack,0.0,0.01,0.0,0.3,channel,0.000775,5.325e-06,7.75,53.25,0.017352267583004618,1.4627983534107078e+16
p2_bulk_nga_5e17_common_primary,NGA 5e17 common-primary state,top_primary,interface_4x,T03_P2_BULK_TRAPS_FORMAL,enabled_symmetric_teaching_top_stack,0.0,0.01,0.0,0.3,channel,0.000775,5.4e-06,7.75,54.0,0.021985587524593175,1.749930545870537e+16
p2_bulk_nga_5e17_common_primary,NGA 5e17 common-primary state,top_primary,interface_4x,T03_P2_BULK_TRAPS_FORMAL,enabled_symmetric_teaching_top_stack,0.0,0.01,0.0,0.3,channel,0.0008,3e-06,8.0,30.0,-0.04109001499962963,1509242739804184.2
p2_bulk_nga_5e17_common_primary,NGA 5e17 common-primary state,top_primary,interface_4x,T03_P2_BULK_TRAPS_FORMAL,enabled_symmetric_teaching_top_stack,0.0,0.01,0.0,0.3,channel,0.0008,3.075e-06,8.0,30.750000000000004,-0.041705701779205254,1473723513065935.2
p2_bulk_nga_5e17_common_primary,NGA 5e17 common-primary state,top_primary,interface_4x,T03_P2_BULK_TRAPS_FORMAL,enabled_symmetric_teaching_top_stack,0.0,0.01,0.0,0.3,channel,0.0008,3.1500000000000003e-06,8.0,31.500000000000004,-0.04215579359899262,1448287568484001.8
p2_bulk_nga_5e17_common_primary,NGA 5e17 common-primary state,top_primary,interface_4x,T03_P2_BULK_TRAPS_FORMAL,enabled_symmetric_teaching_top_stack,0.0,0.01,0.0,0.3,channel,0.0008,3.225e-06,8.0,32.25,-0.0424403574638246,1432433074940603.5
p2_bulk_nga_5e17_common_primary,NGA 5e17 common-primary state,top_primary,interface_4x,T03_P2_BULK_TRAPS_FORMAL,enabled_symmetric_teaching_top_stack,0.0,0.01,0.0,0.3,channel,0.0008,3.3e-06,8.0,33.0,-0.04255943562245994,1425850247272879.5
p2_bulk_nga_5e17_common_primary,NGA 5e17 common-primary state,top_primary,interface_4x,T03_P2_BULK_TRAPS_FORMAL,enabled_symmetric_teaching_top_stack,0.0,0.01,0.0,0.3,channel,0.0008,3.3750000000000003e-06,8.0,33.75,-0.0425130457286882,1428411148586500.2
p2_bulk_nga_5e17_common_primary,NGA 5e17 common-primary state,top_primary,interface_4x,T03_P2_BULK_TRAPS_FORMAL,enabled_symmetric_teaching_top_stack,0.0,0.01,0.0,0.3,channel,0.0008,3.45e-06,8.0,34.5,-0.042301180906842276,1440165501760418.2
p2_bulk_nga_5e17_common_primary,NGA 5e17 common-primary state,top_primary,interface_4x,T03_P2_BULK_TRAPS_FORMAL,enabled_symmetric_teaching_top_stack,0.0,0.01,0.0,0.3,channel,0.0008,3.525e-06,8.0,35.25,-0.041923809726409064,1461342315698765.5
p2_bulk_nga_5e17_common_primary,NGA 5e17 common-primary state,top_primary,interface_4x,T03_P2_BULK_TRAPS_FORMAL,enabled_symmetric_teaching_top_stack,0.0,0.01,0.0,0.3,channel,0.0008,3.6000000000000003e-06,8.0,36.0,-0.041380876083916524,1492357401748090.5
p2_bulk_nga_5e17_common_primary,NGA 5e17 common-primary state,top_primary,interface_4x,T03_P2_BULK_TRAPS_FORMAL,enabled_symmetric_teaching_top_stack,0.0,0.01,0.0,0.3,channel,0.0008,3.6750000000000004e-06,8.0,36.75000000000001,-0.04067229898368647,1533827130133943.8
p2_bulk_nga_5e17_common_primary,NGA 5e17 common-primary state,top_primary,interface_4x,T03_P2_BULK_TRAPS_FORMAL,enabled_symmetric_teaching_top_stack,0.0,0.01,0.0,0.3,channel,0.0008,3.7500000000000005e-06,8.0,37.50000000000001,-0.03979797220209735,1586589072006012.0
p2_bulk_nga_5e17_common_primary,NGA 5e17 common-primary state,top_primary,interface_4x,T03_P2_BULK_TRAPS_FORMAL,enabled_symmetric_teaching_top_stack,0.0,0.01,0.0,0.3,channel,0.0008,3.825000000000001e-06,8.0,38.25000000000001,-0.038757763812398885,1651730508066131.0
p2_bulk_nga_5e17_common_primary,NGA 5e17 common-primary state,top_primary,interface_4x,T03_P2_BULK_TRAPS_FORMAL,enabled_symmetric_teaching_top_stack,0.0,0.01,0.0,0.3,channel,0.0008,3.9e-06,8.0,39.0,-0.03755151553852049,1730626181193302.5
p2_bulk_nga_5e17_common_primary,NGA 5e17 common-primary state,top_primary,interface_4x,T03_P2_BULK_TRAPS_FORMAL,enabled_symmetric_teaching_top_stack,0.0,0.01,0.0,0.3,channel,0.0008,3.975e-06,8.0,39.75,-0.0361790418963142,1824987154151929.2
p2_bulk_nga_5e17_common_primary,NGA 5e17 common-primary state,top_primary,interface_4x,T03_P2_BULK_TRAPS_FORMAL,enabled_symmetric_teaching_top_stack,0.0,0.01,0.0,0.3,channel,0.0008,4.05e-06,8.0,40.5,-0.03464012906878147,1936923237502514.8
p2_bulk_nga_5e17_common_primary,NGA 5e17 common-primary state,top_primary,interface_4x,T03_P2_BULK_TRAPS_FORMAL,enabled_symmetric_teaching_top_stack,0.0,0.01,0.0,0.3,channel,0.0008,4.125e-06,8.0,41.25,-0.03293453344743675,2069022220171085.2
p2_bulk_nga_5e17_common_primary,NGA 5e17 common-primary state,top_primary,interface_4x,T03_P2_BULK_TRAPS_FORMAL,enabled_symmetric_teaching_top_stack,0.0,0.01,0.0,0.3,channel,0.0008,4.2000000000000004e-06,8.0,42.00000000000001,-0.031061979754283764,2224450122387431.5
p2_bulk_nga_5e17_common_primary,NGA 5e17 common-primary state,top_primary,interface_4x,T03_P2_BULK_TRAPS_FORMAL,enabled_symmetric_teaching_top_stack,0.0,0.01,0.0,0.3,channel,0.0008,4.2750000000000006e-06,8.0,42.75000000000001,-0.029022158636920432,2407077973438170.5
p2_bulk_nga_5e17_common_primary,NGA 5e17 common-primary state,top_primary,interface_4x,T03_P2_BULK_TRAPS_FORMAL,enabled_symmetric_teaching_top_stack,0.0,0.01,0.0,0.3,channel,0.0008,4.350000000000001e-06,8.0,43.50000000000001,-0.02681472360174463,2621642296742310.0
p2_bulk_nga_5e17_common_primary,NGA 5e17 common-primary state,top_primary,interface_4x,T03_P2_BULK_TRAPS_FORMAL,enabled_symmetric_teaching_top_stack,0.0,0.01,0.0,0.3,channel,0.0008,4.425e-06,8.0,44.25,-0.024439287115401775,2873948700535274.0
p2_bulk_nga_5e17_common_primary,NGA 5e17 common-primary state,top_primary,interface_4x,T03_P2_BULK_TRAPS_FORMAL,enabled_symmetric_teaching_top_stack,0.0,0.01,0.0,0.3,channel,0.0008,4.5e-06,8.0,45.0,-0.021895415660245977,3171130913403156.0
p2_bulk_nga_5e17_common_primary,NGA 5e17 common-primary state,top_primary,interface_4x,T03_P2_BULK_TRAPS_FORMAL,enabled_symmetric_teaching_top_stack,0.0,0.01,0.0,0.3,channel,0.0008,4.575e-06,8.0,45.75,-0.01918262347269435,3521981531298501.0
p2_bulk_nga_5e17_common_primary,NGA 5e17 common-primary state,top_primary,interface_4x,T03_P2_BULK_TRAPS_FORMAL,enabled_symmetric_teaching_top_stack,0.0,0.01,0.0,0.3,channel,0.0008,4.65e-06,8.0,46.50000000000001,-0.01630036461994709,3937376019387347.0
p2_bulk_nga_5e17_common_primary,NGA 5e17 common-primary state,top_primary,interface_4x,T03_P2_BULK_TRAPS_FORMAL,enabled_symmetric_teaching_top_stack,0.0,0.01,0.0,0.3,channel,0.0008,4.7250000000000005e-06,8.0,47.25000000000001,-0.013248022975265816,4430818646038511.5
p2_bulk_nga_5e17_common_primary,NGA 5e17 common-primary state,top_primary,interface_4x,T03_P2_BULK_TRAPS_FORMAL,enabled_symmetric_teaching_top_stack,0.0,0.01,0.0,0.3,channel,0.0008,4.8e-06,8.0,48.0,-0.01002489952759547,5019148734101360.0
p2_bulk_nga_5e17_common_primary,NGA 5e17 common-primary state,top_primary,interface_4x,T03_P2_BULK_TRAPS_FORMAL,enabled_symmetric_teaching_top_stack,0.0,0.01,0.0,0.3,channel,0.0008,4.875e-06,8.0,48.75,-0.0066301962979130186,5723458916222339.0
p2_bulk_nga_5e17_common_primary,NGA 5e17 common-primary state,top_primary,interface_4x,T03_P2_BULK_TRAPS_FORMAL,enabled_symmetric_teaching_top_stack,0.0,0.01,0.0,0.3,channel,0.0008,4.95e-06,8.0,49.5,-0.003062995918759958,6570295441476929.0
p2_bulk_nga_5e17_common_primary,NGA 5e17 common-primary state,top_primary,interface_4x,T03_P2_BULK_TRAPS_FORMAL,enabled_symmetric_teaching_top_stack,0.0,0.01,0.0,0.3,channel,0.0008,5.025e-06,8.0,50.25,0.000677764353718208,7593236126434095.0
p2_bulk_nga_5e17_common_primary,NGA 5e17 common-primary state,top_primary,interface_4x,T03_P2_BULK_TRAPS_FORMAL,enabled_symmetric_teaching_top_stack,0.0,0.01,0.0,0.3,channel,0.0008,5.1e-06,8.0,51.0,0.004593325810236447,8834977395621872.0
p2_bulk_nga_5e17_common_primary,NGA 5e17 common-primary state,top_primary,interface_4x,T03_P2_BULK_TRAPS_FORMAL,enabled_symmetric_teaching_top_stack,0.0,0.01,0.0,0.3,channel,0.0008,5.1750000000000004e-06,8.0,51.75000000000001,0.008685150774375962,1.035011265059371e+16
p2_bulk_nga_5e17_common_primary,NGA 5e17 common-primary state,top_primary,interface_4x,T03_P2_BULK_TRAPS_FORMAL,enabled_symmetric_teaching_top_stack,0.0,0.01,0.0,0.3,channel,0.0008,5.2500000000000006e-06,8.0,52.50000000000001,0.012954977240577875,1.2208856924835342e+16
p2_bulk_nga_5e17_common_primary,NGA 5e17 common-primary state,top_primary,interface_4x,T03_P2_BULK_TRAPS_FORMAL,enabled_symmetric_teaching_top_stack,0.0,0.01,0.0,0.3,channel,0.0008,5.325e-06,8.0,53.25,0.0174048894633717,1.450207809272375e+16
p2_bulk_nga_5e17_common_primary,NGA 5e17 common-primary state,top_primary,interface_4x,T03_P2_BULK_TRAPS_FORMAL,enabled_symmetric_teaching_top_stack,0.0,0.01,0.0,0.3,channel,0.0008,5.4e-06,8.0,54.0,0.022037409626461158,1.7348149376188222e+16
p2_bulk_nga_5e17_common_primary,NGA 5e17 common-primary state,top_primary,interface_4x,T03_P2_BULK_TRAPS_FORMAL,enabled_symmetric_teaching_top_stack,0.0,0.01,0.0,0.3,channel,0.000825,3e-06,8.25,30.0,-0.04104340079165093,1495765982537084.2
p2_bulk_nga_5e17_common_primary,NGA 5e17 common-primary state,top_primary,interface_4x,T03_P2_BULK_TRAPS_FORMAL,enabled_symmetric_teaching_top_stack,0.0,0.01,0.0,0.3,channel,0.000825,3.075e-06,8.25,30.750000000000004,-0.04165831248602272,1460607714877032.2
p2_bulk_nga_5e17_common_primary,NGA 5e17 common-primary state,top_primary,interface_4x,T03_P2_BULK_TRAPS_FORMAL,enabled_symmetric_teaching_top_stack,0.0,0.01,0.0,0.3,channel,0.000825,3.1500000000000003e-06,8.25,31.500000000000004,-0.04210766365333479,1435439268654015.2
p2_bulk_nga_5e17_common_primary,NGA 5e17 common-primary state,top_primary,interface_4x,T03_P2_BULK_TRAPS_FORMAL,enabled_symmetric_teaching_top_stack,0.0,0.01,0.0,0.3,channel,0.000825,3.225e-06,8.25,32.25,-0.04239152107448454,1419764222844837.5
p2_bulk_nga_5e17_common_primary,NGA 5e17 common-primary state,top_primary,interface_4x,T03_P2_BULK_TRAPS_FORMAL,enabled_symmetric_teaching_top_stack,0.0,0.01,0.0,0.3,channel,0.000825,3.3e-06,8.25,33.0,-0.0425099268240326,1413276374368800.2
p2_bulk_nga_5e17_common_primary,NGA 5e17 common-primary state,top_primary,interface_4x,T03_P2_BULK_TRAPS_FORMAL,enabled_symmetric_teaching_top_stack,0.0,0.01,0.0,0.3,channel,0.000825,3.3750000000000003e-06,8.25,33.75,-0.042462898427768896,1415849661110314.8
p2_bulk_nga_5e17_common_primary,NGA 5e17 common-primary state,top_primary,interface_4x,T03_P2_BULK_TRAPS_FORMAL,enabled_symmetric_teaching_top_stack,0.0,0.01,0.0,0.3,channel,0.000825,3.45e-06,8.25,34.5,-0.042250428926567954,1427534035863396.8
p2_bulk_nga_5e17_common_primary,NGA 5e17 common-primary state,top_primary,interface_4x,T03_P2_BULK_TRAPS_FORMAL,enabled_symmetric_teaching_top_stack,0.0,0.01,0.0,0.3,channel,0.000825,3.525e-06,8.25,35.25,-0.041872486851157874,1448557099712455.0
p2_bulk_nga_5e17_common_primary,NGA 5e17 common-primary state,top_primary,interface_4x,T03_P2_BULK_TRAPS_FORMAL,enabled_symmetric_teaching_top_stack,0.0,0.01,0.0,0.3,channel,0.000825,3.6000000000000003e-06,8.25,36.0,-0.04132901610597178,1479331570575990.5
p2_bulk_nga_5e17_common_primary,NGA 5e17 common-primary state,top_primary,interface_4x,T03_P2_BULK_TRAPS_FORMAL,enabled_symmetric_teaching_top_stack,0.0,0.01,0.0,0.3,channel,0.000825,3.6750000000000004e-06,8.25,36.75000000000001,-0.04061993575371775,1520468934442596.2
p2_bulk_nga_5e17_common_primary,NGA 5e17 common-primary state,top_primary,interface_4x,T03_P2_BULK_TRAPS_FORMAL,enabled_symmetric_teaching_top_stack,0.0,0.01,0.0,0.3,channel,0.000825,3.7500000000000005e-06,8.25,37.50000000000001,-0.03974513968541688,1572799919781395.8
p2_bulk_nga_5e17_common_primary,NGA 5e17 common-primary state,top_primary,interface_4x,T03_P2_BULK_TRAPS_FORMAL,enabled_symmetric_teaching_top_stack,0.0,0.01,0.0,0.3,channel,0.000825,3.825000000000001e-06,8.25,38.25000000000001,-0.038704496153120535,1637402767883791.2
p2_bulk_nga_5e17_common_primary,NGA 5e17 common-primary state,top_primary,interface_4x,T03_P2_BULK_TRAPS_FORMAL,enabled_symmetric_teaching_top_stack,0.0,0.01,0.0,0.3,channel,0.000825,3.9e-06,8.25,39.0,-0.037497847133989536,1715640664689421.0
p2_bulk_nga_5e17_common_primary,NGA 5e17 common-primary state,top_primary,interface_4x,T03_P2_BULK_TRAPS_FORMAL,enabled_symmetric_teaching_top_stack,0.0,0.01,0.0,0.3,channel,0.000825,3.975e-06,8.25,39.75,-0.03612500748450151,1809210178894510.0
p2_bulk_nga_5e17_common_primary,NGA 5e17 common-primary state,top_primary,interface_4x,T03_P2_BULK_TRAPS_FORMAL,enabled_symmetric_teaching_top_stack,0.0,0.01,0.0,0.3,channel,0.000825,4.05e-06,8.25,40.5,-0.03458576383176102,1920203149648199.0
p2_bulk_nga_5e17_common_primary,NGA 5e17 common-primary state,top_primary,interface_4x,T03_P2_BULK_TRAPS_FORMAL,enabled_symmetric_teaching_top_stack,0.0,0.01,0.0,0.3,channel,0.000825,4.125e-06,8.25,41.25,-0.032879873134613616,2051185227443766.2
p2_bulk_nga_5e17_common_primary,NGA 5e17 common-primary state,top_primary,interface_4x,T03_P2_BULK_TRAPS_FORMAL,enabled_symmetric_teaching_top_stack,0.0,0.01,0.0,0.3,channel,0.000825,4.2000000000000004e-06,8.25,42.00000000000001,-0.031007060829739704,2205295249973843.5
p2_bulk_nga_5e17_common_primary,NGA 5e17 common-primary state,top_primary,interface_4x,T03_P2_BULK_TRAPS_FORMAL,enabled_symmetric_teaching_top_stack,0.0,0.01,0.0,0.3,channel,0.000825,4.2750000000000006e-06,8.25,42.75000000000001,-0.02896701845613403,2386370905571030.5
p2_bulk_nga_5e17_common_primary,NGA 5e17 common-primary state,top_primary,interface_4x,T03_P2_BULK_TRAPS_FORMAL,enabled_symmetric_teaching_top_stack,0.0,0.01,0.0,0.3,channel,0.000825,4.350000000000001e-06,8.25,43.50000000000001,-0.026759400624074257,2599107801238156.0
p2_bulk_nga_5e17_common_primary,NGA 5e17 common-primary state,top_primary,interface_4x,T03_P2_BULK_TRAPS_FORMAL,enabled_symmetric_teaching_top_stack,0.0,0.01,0.0,0.3,channel,0.000825,4.425e-06,8.25,44.25,-0.024383821160157672,2849261247194933.5
p2_bulk_nga_5e17_common_primary,NGA 5e17 common-primary state,top_primary,interface_4x,T03_P2_BULK_TRAPS_FORMAL,enabled_symmetric_teaching_top_stack,0.0,0.01,0.0,0.3,channel,0.000825,4.5e-06,8.25,45.0,-0.021839848216011433,3143902982871079.5
p2_bulk_nga_5e17_common_primary,NGA 5e17 common-primary state,top_primary,interface_4x,T03_P2_BULK_TRAPS_FORMAL,enabled_symmetric_teaching_top_stack,0.0,0.01,0.0,0.3,channel,0.000825,4.575e-06,8.25,45.75,-0.019126998071900794,3491748958924598.0
p2_bulk_nga_5e17_common_primary,NGA 5e17 common-primary state,top_primary,interface_4x,T03_P2_BULK_TRAPS_FORMAL,enabled_symmetric_teaching_top_stack,0.0,0.01,0.0,0.3,channel,0.000825,4.65e-06,8.25,46.50000000000001,-0.016244727293718744,3903579515245311.5
p2_bulk_nga_5e17_common_primary,NGA 5e17 common-primary state,top_primary,interface_4x,T03_P2_BULK_TRAPS_FORMAL,enabled_symmetric_teaching_top_stack,0.0,0.01,0.0,0.3,channel,0.000825,4.7250000000000005e-06,8.25,47.25000000000001,-0.013192422807433159,4392780358493399.5
p2_bulk_nga_5e17_common_primary,NGA 5e17 common-primary state,top_primary,interface_4x,T03_P2_BULK_TRAPS_FORMAL,enabled_symmetric_teaching_top_stack,0.0,0.01,0.0,0.3,channel,0.000825,4.8e-06,8.25,48.0,-0.009969389331811795,4976042353306733.0
p2_bulk_nga_5e17_common_primary,NGA 5e17 common-primary state,top_primary,interface_4x,T03_P2_BULK_TRAPS_FORMAL,enabled_symmetric_teaching_top_stack,0.0,0.01,0.0,0.3,channel,0.000825,4.875e-06,8.25,48.75,-0.006574833448371865,5674271307343960.0
p2_bulk_nga_5e17_common_primary,NGA 5e17 common-primary state,top_primary,interface_4x,T03_P2_BULK_TRAPS_FORMAL,enabled_symmetric_teaching_top_stack,0.0,0.01,0.0,0.3,channel,0.000825,4.95e-06,8.25,49.5,-0.003007843373619381,6513777100089672.0
p2_bulk_nga_5e17_common_primary,NGA 5e17 common-primary state,top_primary,interface_4x,T03_P2_BULK_TRAPS_FORMAL,enabled_symmetric_teaching_top_stack,0.0,0.01,0.0,0.3,channel,0.000825,5.025e-06,8.25,50.25,0.000732636785735956,7527836780015241.0
p2_bulk_nga_5e17_common_primary,NGA 5e17 common-primary state,top_primary,interface_4x,T03_P2_BULK_TRAPS_FORMAL,enabled_symmetric_teaching_top_stack,0.0,0.01,0.0,0.3,channel,0.000825,5.1e-06,8.25,51.0,0.004647839894498177,8758761716789353.0
p2_bulk_nga_5e17_common_primary,NGA 5e17 common-primary state,top_primary,interface_4x,T03_P2_BULK_TRAPS_FORMAL,enabled_symmetric_teaching_top_stack,0.0,0.01,0.0,0.3,channel,0.000825,5.1750000000000004e-06,8.25,51.75000000000001,0.008739217880445843,1.0260649122485074e+16
p2_bulk_nga_5e17_common_primary,NGA 5e17 common-primary state,top_primary,interface_4x,T03_P2_BULK_TRAPS_FORMAL,enabled_symmetric_teaching_top_stack,0.0,0.01,0.0,0.3,channel,0.000825,5.2500000000000006e-06,8.25,52.50000000000001,0.013008495864674034,1.2103070138019398e+16
p2_bulk_nga_5e17_common_primary,NGA 5e17 common-primary state,top_primary,interface_4x,T03_P2_BULK_TRAPS_FORMAL,enabled_symmetric_teaching_top_stack,0.0,0.01,0.0,0.3,channel,0.000825,5.325e-06,8.25,53.25,0.017457742092862816,1.4376050742157212e+16
p2_bulk_nga_5e17_common_primary,NGA 5e17 common-primary state,top_primary,interface_4x,T03_P2_BULK_TRAPS_FORMAL,enabled_symmetric_teaching_top_stack,0.0,0.01,0.0,0.3,channel,0.000825,5.4e-06,8.25,54.0,0.02208945874491769,1.7196854316783754e+16
p2_bulk_nga_5e17_common_primary,NGA 5e17 common-primary state,top_primary,interface_4x,T03_P2_BULK_TRAPS_FORMAL,enabled_symmetric_teaching_top_stack,0.0,0.01,0.0,0.3,channel,0.0008500000000000001,3e-06,8.5,30.0,-0.04099655185799788,1482282937272358.0
p2_bulk_nga_5e17_common_primary,NGA 5e17 common-primary state,top_primary,interface_4x,T03_P2_BULK_TRAPS_FORMAL,enabled_symmetric_teaching_top_stack,0.0,0.01,0.0,0.3,channel,0.0008500000000000001,3.075e-06,8.5,30.750000000000004,-0.04161068461033478,1447485204453003.8
p2_bulk_nga_5e17_common_primary,NGA 5e17 common-primary state,top_primary,interface_4x,T03_P2_BULK_TRAPS_FORMAL,enabled_symmetric_teaching_top_stack,0.0,0.01,0.0,0.3,channel,0.0008500000000000001,3.1500000000000003e-06,8.5,31.500000000000004,-0.042059291536837115,1422583832120920.2
p2_bulk_nga_5e17_common_primary,NGA 5e17 common-primary state,top_primary,interface_4x,T03_P2_BULK_TRAPS_FORMAL,enabled_symmetric_teaching_top_stack,0.0,0.01,0.0,0.3,channel,0.0008500000000000001,3.225e-06,8.5,32.25,-0.04234243919552528,1407087798953625.0
p2_bulk_nga_5e17_common_primary,NGA 5e17 common-primary state,top_primary,interface_4x,T03_P2_BULK_TRAPS_FORMAL,enabled_symmetric_teaching_top_stack,0.0,0.01,0.0,0.3,channel,0.0008500000000000001,3.3e-06,8.5,33.0,-0.04246016948737874,1400694474186623.2
p2_bulk_nga_5e17_common_primary,NGA 5e17 common-primary state,top_primary,interface_4x,T03_P2_BULK_TRAPS_FORMAL,enabled_symmetric_teaching_top_stack,0.0,0.01,0.0,0.3,channel,0.0008500000000000001,3.3750000000000003e-06,8.5,33.75,-0.04241249981037381,1403279660972508.5
p2_bulk_nga_5e17_common_primary,NGA 5e17 common-primary state,top_primary,interface_4x,T03_P2_BULK_TRAPS_FORMAL,enabled_symmetric_teaching_top_stack,0.0,0.01,0.0,0.3,channel,0.0008500000000000001,3.45e-06,8.5,34.5,-0.04219942312169332,1414893532427905.5
p2_bulk_nga_5e17_common_primary,NGA 5e17 common-primary state,top_primary,interface_4x,T03_P2_BULK_TRAPS_FORMAL,enabled_symmetric_teaching_top_stack,0.0,0.01,0.0,0.3,channel,0.0008500000000000001,3.525e-06,8.5,35.25,-0.041820907912666835,1435762271823854.8
p2_bulk_nga_5e17_common_primary,NGA 5e17 common-primary state,top_primary,interface_4x,T03_P2_BULK_TRAPS_FORMAL,enabled_symmetric_teaching_top_stack,0.0,0.01,0.0,0.3,channel,0.0008500000000000001,3.6000000000000003e-06,8.5,36.0,-0.04127689809460107,1466295492939596.2
p2_bulk_nga_5e17_common_primary,NGA 5e17 common-primary state,top_primary,interface_4x,T03_P2_BULK_TRAPS_FORMAL,enabled_symmetric_teaching_top_stack,0.0,0.01,0.0,0.3,channel,0.0008500000000000001,3.6750000000000004e-06,8.5,36.75000000000001,-0.040567312787183576,1507099785770633.2
p2_bulk_nga_5e17_common_primary,NGA 5e17 common-primary state,top_primary,interface_4x,T03_P2_BULK_TRAPS_FORMAL,enabled_symmetric_teaching_top_stack,0.0,0.01,0.0,0.3,channel,0.0008500000000000001,3.7500000000000005e-06,8.5,37.50000000000001,-0.03969204599431504,1558999022952706.0
p2_bulk_nga_5e17_common_primary,NGA 5e17 common-primary state,top_primary,interface_4x,T03_P2_BULK_TRAPS_FORMAL,enabled_symmetric_teaching_top_stack,0.0,0.01,0.0,0.3,channel,0.0008500000000000001,3.825000000000001e-06,8.5,38.25000000000001,-0.03865096614475069,1623062391427421.5
p2_bulk_nga_5e17_common_primary,NGA 5e17 common-primary state,top_primary,interface_4x,T03_P2_BULK_TRAPS_FORMAL,enabled_symmetric_teaching_top_stack,0.0,0.01,0.0,0.3,channel,0.0008500000000000001,3.9e-06,8.5,39.0,-0.03744391546647513,1700641503026796.5
p2_bulk_nga_5e17_common_primary,NGA 5e17 common-primary state,top_primary,interface_4x,T03_P2_BULK_TRAPS_FORMAL,enabled_symmetric_teaching_top_stack,0.0,0.01,0.0,0.3,channel,0.0008500000000000001,3.975e-06,8.5,39.75,-0.03607070915390235,1793418412471238.2
p2_bulk_nga_5e17_common_primary,NGA 5e17 common-primary state,top_primary,interface_4x,T03_P2_BULK_TRAPS_FORMAL,enabled_symmetric_teaching_top_stack,0.0,0.01,0.0,0.3,channel,0.0008500000000000001,4.05e-06,8.5,40.5,-0.034531134275301724,1903466964255670.8
p2_bulk_nga_5e17_common_primary,NGA 5e17 common-primary state,top_primary,interface_4x,T03_P2_BULK_TRAPS_FORMAL,enabled_symmetric_teaching_top_stack,0.0,0.01,0.0,0.3,channel,0.0008500000000000001,4.125e-06,8.5,41.25,-0.03282494835369979,2033330643162445.5
p2_bulk_nga_5e17_common_primary,NGA 5e17 common-primary state,top_primary,interface_4x,T03_P2_BULK_TRAPS_FORMAL,enabled_symmetric_teaching_top_stack,0.0,0.01,0.0,0.3,channel,0.0008500000000000001,4.2000000000000004e-06,8.5,42.00000000000001,-0.030951877537134402,2186121072208551.0
p2_bulk_nga_5e17_common_primary,NGA 5e17 common-primary state,top_primary,interface_4x,T03_P2_BULK_TRAPS_FORMAL,enabled_symmetric_teaching_top_stack,0.0,0.01,0.0,0.3,channel,0.0008500000000000001,4.2750000000000006e-06,8.5,42.75000000000001,-0.028911614252558008,2365642560802362.5
p2_bulk_nga_5e17_common_primary,NGA 5e17 common-primary state,top_primary,interface_4x,T03_P2_BULK_TRAPS_FORMAL,enabled_symmetric_teaching_top_stack,0.0,0.01,0.0,0.3,channel,0.0008500000000000001,4.350000000000001e-06,8.5,43.50000000000001,-0.026703814210625412,2576549754589632.0
p2_bulk_nga_5e17_common_primary,NGA 5e17 common-primary state,top_primary,interface_4x,T03_P2_BULK_TRAPS_FORMAL,enabled_symmetric_teaching_top_stack,0.0,0.01,0.0,0.3,channel,0.0008500000000000001,4.425e-06,8.5,44.25,-0.02432809259438468,2824547612538672.5
p2_bulk_nga_5e17_common_primary,NGA 5e17 common-primary state,top_primary,interface_4x,T03_P2_BULK_TRAPS_FORMAL,enabled_symmetric_teaching_top_stack,0.0,0.01,0.0,0.3,channel,0.0008500000000000001,4.5e-06,8.5,45.0,-0.0217840192213113,3116645821874465.5
p2_bulk_nga_5e17_common_primary,NGA 5e17 common-primary state,top_primary,interface_4x,T03_P2_BULK_TRAPS_FORMAL,enabled_symmetric_teaching_top_stack,0.0,0.01,0.0,0.3,channel,0.0008500000000000001,4.575e-06,8.5,45.75,-0.019071112412256563,3461483613397996.0
p2_bulk_nga_5e17_common_primary,NGA 5e17 common-primary state,top_primary,interface_4x,T03_P2_BULK_TRAPS_FORMAL,enabled_symmetric_teaching_top_stack,0.0,0.01,0.0,0.3,channel,0.0008500000000000001,4.65e-06,8.5,46.50000000000001,-0.016188831228806044,3869746113807024.5
p2_bulk_nga_5e17_common_primary,NGA 5e17 common-primary state,top_primary,interface_4x,T03_P2_BULK_TRAPS_FORMAL,enabled_symmetric_teaching_top_stack,0.0,0.01,0.0,0.3,channel,0.0008500000000000001,4.7250000000000005e-06,8.5,47.25000000000001,-0.013136565647009895,4354700364917002.0
p2_bulk_nga_5e17_common_primary,NGA 5e17 common-primary state,top_primary,interface_4x,T03_P2_BULK_TRAPS_FORMAL,enabled_symmetric_teaching_top_stack,0.0,0.01,0.0,0.3,channel,0.0008500000000000001,4.8e-06,8.5,48.0,-0.00991362411334188,4932888653126556.0
p2_bulk_nga_5e17_common_primary,NGA 5e17 common-primary state,top_primary,interface_4x,T03_P2_BULK_TRAPS_FORMAL,enabled_symmetric_teaching_top_stack,0.0,0.01,0.0,0.3,channel,0.0008500000000000001,4.875e-06,8.5,48.75,-0.0065192177683992365,5625029823128859.0
p2_bulk_nga_5e17_common_primary,NGA 5e17 common-primary state,top_primary,interface_4x,T03_P2_BULK_TRAPS_FORMAL,enabled_symmetric_teaching_top_stack,0.0,0.01,0.0,0.3,channel,0.0008500000000000001,4.95e-06,8.5,49.5,-0.0029524404120176207,6457197229194959.0
p2_bulk_nga_5e17_common_primary,NGA 5e17 common-primary state,top_primary,interface_4x,T03_P2_BULK_TRAPS_FORMAL,enabled_symmetric_teaching_top_stack,0.0,0.01,0.0,0.3,channel,0.0008500000000000001,5.025e-06,8.5,50.25,0.0007877569981509817,7462366981413928.0
p2_bulk_nga_5e17_common_primary,NGA 5e17 common-primary state,top_primary,interface_4x,T03_P2_BULK_TRAPS_FORMAL,enabled_symmetric_teaching_top_stack,0.0,0.01,0.0,0.3,channel,0.0008500000000000001,5.1e-06,8.5,51.0,0.00470259889940531,8682465217582906.0
p2_bulk_nga_5e17_common_primary,NGA 5e17 common-primary state,top_primary,interface_4x,T03_P2_BULK_TRAPS_FORMAL,enabled_symmetric_teaching_top_stack,0.0,0.01,0.0,0.3,channel,0.0008500000000000001,5.1750000000000004e-06,8.5,51.75000000000001,0.008793526820699964,1.0171092793346902e+16
p2_bulk_nga_5e17_common_primary,NGA 5e17 common-primary state,top_primary,interface_4x,T03_P2_BULK_TRAPS_FORMAL,enabled_symmetric_teaching_top_stack,0.0,0.01,0.0,0.3,channel,0.0008500000000000001,5.2500000000000006e-06,8.5,52.50000000000001,0.01306225300513485,1.1997176832517798e+16
p2_bulk_nga_5e17_common_primary,NGA 5e17 common-primary state,top_primary,interface_4x,T03_P2_BULK_TRAPS_FORMAL,enabled_symmetric_teaching_top_stack,0.0,0.01,0.0,0.3,channel,0.0008500000000000001,5.325e-06,8.5,53.25,0.017510829683105786,1.4249901395531726e+16
p2_bulk_nga_5e17_common_primary,NGA 5e17 common-primary state,top_primary,interface_4x,T03_P2_BULK_TRAPS_FORMAL,enabled_symmetric_teaching_top_stack,0.0,0.01,0.0,0.3,channel,0.0008500000000000001,5.4e-06,8.5,54.0,0.02214173902244543,1.7045420209675324e+16
p2_bulk_nga_5e17_common_primary,NGA 5e17 common-primary state,top_primary,interface_4x,T03_P2_BULK_TRAPS_FORMAL,enabled_symmetric_teaching_top_stack,0.0,0.01,0.0,0.3,channel,0.0008750000000000001,3e-06,8.750000000000002,30.0,-0.04094946370730332,1468793611556775.5
p2_bulk_nga_5e17_common_primary,NGA 5e17 common-primary state,top_primary,interface_4x,T03_P2_BULK_TRAPS_FORMAL,enabled_symmetric_teaching_top_stack,0.0,0.01,0.0,0.3,channel,0.0008750000000000001,3.075e-06,8.750000000000002,30.750000000000004,-0.04156281358733307,1434355986774388.8
p2_bulk_nga_5e17_common_primary,NGA 5e17 common-primary state,top_primary,interface_4x,T03_P2_BULK_TRAPS_FORMAL,enabled_symmetric_teaching_top_stack,0.0,0.01,0.0,0.3,channel,0.0008750000000000001,3.1500000000000003e-06,8.750000000000002,31.500000000000004,-0.042010672616885104,1409721261522339.8
p2_bulk_nga_5e17_common_primary,NGA 5e17 common-primary state,top_primary,interface_4x,T03_P2_BULK_TRAPS_FORMAL,enabled_symmetric_teaching_top_stack,0.0,0.01,0.0,0.3,channel,0.0008750000000000001,3.225e-06,8.750000000000002,32.25,-0.042293107132175455,1394403803736368.2
p2_bulk_nga_5e17_common_primary,NGA 5e17 common-primary state,top_primary,interface_4x,T03_P2_BULK_TRAPS_FORMAL,enabled_symmetric_teaching_top_stack,0.0,0.01,0.0,0.3,channel,0.0008750000000000001,3.3e-06,8.750000000000002,33.0,-0.04241015886122428,1388104545159707.5
p2_bulk_nga_5e17_common_primary,NGA 5e17 common-primary state,top_primary,interface_4x,T03_P2_BULK_TRAPS_FORMAL,enabled_symmetric_teaching_top_stack,0.0,0.01,0.0,0.3,channel,0.0008750000000000001,3.3750000000000003e-06,8.750000000000002,33.75,-0.04236184507437595,1390701144664816.8
p2_bulk_nga_5e17_common_primary,NGA 5e17 common-primary state,top_primary,interface_4x,T03_P2_BULK_TRAPS_FORMAL,enabled_symmetric_teaching_top_stack,0.0,0.01,0.0,0.3,channel,0.0008750000000000001,3.45e-06,8.750000000000002,34.5,-0.042148158644874735,1402243986064350.5
p2_bulk_nga_5e17_common_primary,NGA 5e17 common-primary state,top_primary,interface_4x,T03_P2_BULK_TRAPS_FORMAL,enabled_symmetric_teaching_top_stack,0.0,0.01,0.0,0.3,channel,0.0008750000000000001,3.525e-06,8.750000000000002,35.25,-0.04176906802398933,1422957824790880.8
p2_bulk_nga_5e17_common_primary,NGA 5e17 common-primary state,top_primary,interface_4x,T03_P2_BULK_TRAPS_FORMAL,enabled_symmetric_teaching_top_stack,0.0,0.01,0.0,0.3,channel,0.0008750000000000001,3.6000000000000003e-06,8.750000000000002,36.0,-0.04122451712883695,1453249159743561.8
p2_bulk_nga_5e17_common_primary,NGA 5e17 common-primary state,top_primary,interface_4x,T03_P2_BULK_TRAPS_FORMAL,enabled_symmetric_teaching_top_stack,0.0,0.01,0.0,0.3,channel,0.0008750000000000001,3.6750000000000004e-06,8.750000000000002,36.75000000000001,-0.04051442513463746,1493719673140191.0
p2_bulk_nga_5e17_common_primary,NGA 5e17 common-primary state,top_primary,interface_4x,T03_P2_BULK_TRAPS_FORMAL,enabled_symmetric_teaching_top_stack,0.0,0.01,0.0,0.3,channel,0.0008750000000000001,3.7500000000000005e-06,8.750000000000002,37.50000000000001,-0.03963868615635903,1545186368602315.2
p2_bulk_nga_5e17_common_primary,NGA 5e17 common-primary state,top_primary,interface_4x,T03_P2_BULK_TRAPS_FORMAL,enabled_symmetric_teaching_top_stack,0.0,0.01,0.0,0.3,channel,0.0008750000000000001,3.825000000000001e-06,8.750000000000002,38.25000000000001,-0.03859716879730548,1608709363754345.0
p2_bulk_nga_5e17_common_primary,NGA 5e17 common-primary state,top_primary,interface_4x,T03_P2_BULK_TRAPS_FORMAL,enabled_symmetric_teaching_top_stack,0.0,0.01,0.0,0.3,channel,0.0008750000000000001,3.9e-06,8.750000000000002,39.0,-0.03738971553381172,1685628679123852.8
p2_bulk_nga_5e17_common_primary,NGA 5e17 common-primary state,top_primary,interface_4x,T03_P2_BULK_TRAPS_FORMAL,enabled_symmetric_teaching_top_stack,0.0,0.01,0.0,0.3,channel,0.0008750000000000001,3.975e-06,8.750000000000002,39.75,-0.036016141895464995,1777611835518313.2
p2_bulk_nga_5e17_common_primary,NGA 5e17 common-primary state,top_primary,interface_4x,T03_P2_BULK_TRAPS_FORMAL,enabled_symmetric_teaching_top_stack,0.0,0.01,0.0,0.3,channel,0.0008750000000000001,4.05e-06,8.750000000000002,40.5,-0.03447623538867943,1886714659504922.2
p2_bulk_nga_5e17_common_primary,NGA 5e17 common-primary state,top_primary,interface_4x,T03_P2_BULK_TRAPS_FORMAL,enabled_symmetric_teaching_top_stack,0.0,0.01,0.0,0.3,channel,0.0008750000000000001,4.125e-06,8.750000000000002,41.25,-0.03276975409742313,2015458442844956.5
p2_bulk_nga_5e17_common_primary,NGA 5e17 common-primary state,top_primary,interface_4x,T03_P2_BULK_TRAPS_FORMAL,enabled_symmetric_teaching_top_stack,0.0,0.01,0.0,0.3,channel,0.0008750000000000001,4.2000000000000004e-06,8.750000000000002,42.00000000000001,-0.03089642487767565,2166927561708108.0
p2_bulk_nga_5e17_common_primary,NGA 5e17 common-primary state,top_primary,interface_4x,T03_P2_BULK_TRAPS_FORMAL,enabled_symmetric_teaching_top_stack,0.0,0.01,0.0,0.3,channel,0.0008750000000000001,4.2750000000000006e-06,8.750000000000002,42.75000000000001,-0.028855941040804477,2344892908574379.5
p2_bulk_nga_5e17_common_primary,NGA 5e17 common-primary state,top_primary,interface_4x,T03_P2_BULK_TRAPS_FORMAL,enabled_symmetric_teaching_top_stack,0.0,0.01,0.0,0.3,channel,0.0008750000000000001,4.350000000000001e-06,8.750000000000002,43.50000000000001,-0.026647959394228874,2553968122757795.0
p2_bulk_nga_5e17_common_primary,NGA 5e17 common-primary state,top_primary,interface_4x,T03_P2_BULK_TRAPS_FORMAL,enabled_symmetric_teaching_top_stack,0.0,0.01,0.0,0.3,channel,0.0008750000000000001,4.425e-06,8.750000000000002,44.25,-0.02427209647383031,2799807758707713.0
p2_bulk_nga_5e17_common_primary,NGA 5e17 common-primary state,top_primary,interface_4x,T03_P2_BULK_TRAPS_FORMAL,enabled_symmetric_teaching_top_stack,0.0,0.01,0.0,0.3,channel,0.0008750000000000001,4.5e-06,8.750000000000002,45.0,-0.021727923759385846,3089359388368946.0
p2_bulk_nga_5e17_common_primary,NGA 5e17 common-primary state,top_primary,interface_4x,T03_P2_BULK_TRAPS_FORMAL,enabled_symmetric_teaching_top_stack,0.0,0.01,0.0,0.3,channel,0.0008750000000000001,4.575e-06,8.750000000000002,45.75,-0.019014961608943292,3431185448105313.5
p2_bulk_nga_5e17_common_primary,NGA 5e17 common-primary state,top_primary,interface_4x,T03_P2_BULK_TRAPS_FORMAL,enabled_symmetric_teaching_top_stack,0.0,0.01,0.0,0.3,channel,0.0008750000000000001,4.65e-06,8.750000000000002,46.50000000000001,-0.016132671576648383,3835875763505665.0
p2_bulk_nga_5e17_common_primary,NGA 5e17 common-primary state,top_primary,interface_4x,T03_P2_BULK_TRAPS_FORMAL,enabled_symmetric_teaching_top_stack,0.0,0.01,0.0,0.3,channel,0.0008750000000000001,4.7250000000000005e-06,8.750000000000002,47.25000000000001,-0.013080446685872854,4316578608431511.0
p2_bulk_nga_5e17_common_primary,NGA 5e17 common-primary state,top_primary,interface_4x,T03_P2_BULK_TRAPS_FORMAL,enabled_symmetric_teaching_top_stack,0.0,0.01,0.0,0.3,channel,0.0008750000000000001,4.8e-06,8.750000000000002,48.0,-0.009857599108539025,4889687571086321.0
p2_bulk_nga_5e17_common_primary,NGA 5e17 common-primary state,top_primary,interface_4x,T03_P2_BULK_TRAPS_FORMAL,enabled_symmetric_teaching_top_stack,0.0,0.01,0.0,0.3,channel,0.0008750000000000001,4.875e-06,8.750000000000002,48.75,-0.006463344542719804,5575734395362851.0
p2_bulk_nga_5e17_common_primary,NGA 5e17 common-primary state,top_primary,interface_4x,T03_P2_BULK_TRAPS_FORMAL,enabled_symmetric_teaching_top_stack,0.0,0.01,0.0,0.3,channel,0.0008750000000000001,4.95e-06,8.750000000000002,49.5,-0.0028967823707983773,6400555754948661.0
p2_bulk_nga_5e17_common_primary,NGA 5e17 common-primary state,top_primary,interface_4x,T03_P2_BULK_TRAPS_FORMAL,enabled_symmetric_teaching_top_stack,0.0,0.01,0.0,0.3,channel,0.0008750000000000001,5.025e-06,8.750000000000002,50.25,0.0008431295984029092,7396826651687215.0
p2_bulk_nga_5e17_common_primary,NGA 5e17 common-primary state,top_primary,interface_4x,T03_P2_BULK_TRAPS_FORMAL,enabled_symmetric_teaching_top_stack,0.0,0.01,0.0,0.3,channel,0.0008750000000000001,5.1e-06,8.750000000000002,51.0,0.004757607373235782,8606087815169980.0
p2_bulk_nga_5e17_common_primary,NGA 5e17 common-primary state,top_primary,interface_4x,T03_P2_BULK_TRAPS_FORMAL,enabled_symmetric_teaching_top_stack,0.0,0.01,0.0,0.3,channel,0.0008750000000000001,5.1750000000000004e-06,8.750000000000002,51.75000000000001,0.008848082080964867,1.0081443578732304e+16
p2_bulk_nga_5e17_common_primary,NGA 5e17 common-primary state,top_primary,interface_4x,T03_P2_BULK_TRAPS_FORMAL,enabled_symmetric_teaching_top_stack,0.0,0.01,0.0,0.3,channel,0.0008750000000000001,5.2500000000000006e-06,8.750000000000002,52.50000000000001,0.013116253082204222,1.1891176926193924e+16
p2_bulk_nga_5e17_common_primary,NGA 5e17 common-primary state,top_primary,interface_4x,T03_P2_BULK_TRAPS_FORMAL,enabled_symmetric_teaching_top_stack,0.0,0.01,0.0,0.3,channel,0.0008750000000000001,5.325e-06,8.750000000000002,53.25,0.017564156585793272,1.4123629979466784e+16
p2_bulk_nga_5e17_common_primary,NGA 5e17 common-primary state,top_primary,interface_4x,T03_P2_BULK_TRAPS_FORMAL,enabled_symmetric_teaching_top_stack,0.0,0.01,0.0,0.3,channel,0.0008750000000000001,5.4e-06,8.750000000000002,54.0,0.022194254739385966,1.6893847000500014e+16
p2_bulk_nga_5e17_common_primary,NGA 5e17 common-primary state,top_primary,interface_4x,T03_P2_BULK_TRAPS_FORMAL,enabled_symmetric_teaching_top_stack,0.0,0.01,0.0,0.3,channel,0.0009000000000000001,3e-06,9.0,30.0,-0.04090213052308907,1455298080850476.8
p2_bulk_nga_5e17_common_primary,NGA 5e17 common-primary state,top_primary,interface_4x,T03_P2_BULK_TRAPS_FORMAL,enabled_symmetric_teaching_top_stack,0.0,0.01,0.0,0.3,channel,0.0009000000000000001,3.075e-06,9.0,30.750000000000004,-0.04151469351417538,1421220133700717.0
p2_bulk_nga_5e17_common_primary,NGA 5e17 common-primary state,top_primary,interface_4x,T03_P2_BULK_TRAPS_FORMAL,enabled_symmetric_teaching_top_stack,0.0,0.01,0.0,0.3,channel,0.0009000000000000001,3.1500000000000003e-06,9.0,31.500000000000004,-0.041961800910827615,1396851625736182.8
p2_bulk_nga_5e17_common_primary,NGA 5e17 common-primary state,top_primary,interface_4x,T03_P2_BULK_TRAPS_FORMAL,enabled_symmetric_teaching_top_stack,0.0,0.01,0.0,0.3,channel,0.0009000000000000001,3.225e-06,9.0,32.25,-0.04224351882855162,1381712303649059.2
p2_bulk_nga_5e17_common_primary,NGA 5e17 common-primary state,top_primary,interface_4x,T03_P2_BULK_TRAPS_FORMAL,enabled_symmetric_teaching_top_stack,0.0,0.01,0.0,0.3,channel,0.0009000000000000001,3.3e-06,9.0,33.0,-0.04235988882304132,1375506651835370.8
p2_bulk_nga_5e17_common_primary,NGA 5e17 common-primary state,top_primary,interface_4x,T03_P2_BULK_TRAPS_FORMAL,enabled_symmetric_teaching_top_stack,0.0,0.01,0.0,0.3,channel,0.0009000000000000001,3.3750000000000003e-06,9.0,33.75,-0.04231092803719193,1378114175304051.5
p2_bulk_nga_5e17_common_primary,NGA 5e17 common-primary state,top_primary,interface_4x,T03_P2_BULK_TRAPS_FORMAL,enabled_symmetric_teaching_top_stack,0.0,0.01,0.0,0.3,channel,0.0009000000000000001,3.45e-06,9.0,34.5,-0.042096629260053316,1389585458912477.2
p2_bulk_nga_5e17_common_primary,NGA 5e17 common-primary state,top_primary,interface_4x,T03_P2_BULK_TRAPS_FORMAL,enabled_symmetric_teaching_top_stack,0.0,0.01,0.0,0.3,channel,0.0009000000000000001,3.525e-06,9.0,35.25,-0.04171696090215199,1410143820214605.8
p2_bulk_nga_5e17_common_primary,NGA 5e17 common-primary state,top_primary,interface_4x,T03_P2_BULK_TRAPS_FORMAL,enabled_symmetric_teaching_top_stack,0.0,0.01,0.0,0.3,channel,0.0009000000000000001,3.6000000000000003e-06,9.0,36.0,-0.0411718668853236,1440192632482988.5
p2_bulk_nga_5e17_common_primary,NGA 5e17 common-primary state,top_primary,interface_4x,T03_P2_BULK_TRAPS_FORMAL,enabled_symmetric_teaching_top_stack,0.0,0.01,0.0,0.3,channel,0.0009000000000000001,3.6750000000000004e-06,9.0,36.75000000000001,-0.040461266438834506,1480328658376777.2
p2_bulk_nga_5e17_common_primary,NGA 5e17 common-primary state,top_primary,interface_4x,T03_P2_BULK_TRAPS_FORMAL,enabled_symmetric_teaching_top_stack,0.0,0.01,0.0,0.3,channel,0.0009000000000000001,3.7500000000000005e-06,9.0,37.50000000000001,-0.03958505378685983,1531362019335937.0
p2_bulk_nga_5e17_common_primary,NGA 5e17 common-primary state,top_primary,interface_4x,T03_P2_BULK_TRAPS_FORMAL,enabled_symmetric_teaching_top_stack,0.0,0.01,0.0,0.3,channel,0.0009000000000000001,3.825000000000001e-06,9.0,38.25000000000001,-0.038543097705038776,1594343748724192.0
p2_bulk_nga_5e17_common_primary,NGA 5e17 common-primary state,top_primary,interface_4x,T03_P2_BULK_TRAPS_FORMAL,enabled_symmetric_teaching_top_stack,0.0,0.01,0.0,0.3,channel,0.0009000000000000001,3.9e-06,9.0,39.0,-0.03733524091551571,1670602258603465.5
p2_bulk_nga_5e17_common_primary,NGA 5e17 common-primary state,top_primary,interface_4x,T03_P2_BULK_TRAPS_FORMAL,enabled_symmetric_teaching_top_stack,0.0,0.01,0.0,0.3,channel,0.0009000000000000001,3.975e-06,9.0,39.75,-0.03596129928021138,1761790515980231.8
p2_bulk_nga_5e17_common_primary,NGA 5e17 common-primary state,top_primary,interface_4x,T03_P2_BULK_TRAPS_FORMAL,enabled_symmetric_teaching_top_stack,0.0,0.01,0.0,0.3,channel,0.0009000000000000001,4.05e-06,9.0,40.5,-0.03442106074057889,1869946306285313.5
p2_bulk_nga_5e17_common_primary,NGA 5e17 common-primary state,top_primary,interface_4x,T03_P2_BULK_TRAPS_FORMAL,enabled_symmetric_teaching_top_stack,0.0,0.01,0.0,0.3,channel,0.0009000000000000001,4.125e-06,9.0,41.25,-0.032714283938193846,1997568701032672.5
p2_bulk_nga_5e17_common_primary,NGA 5e17 common-primary state,top_primary,interface_4x,T03_P2_BULK_TRAPS_FORMAL,enabled_symmetric_teaching_top_stack,0.0,0.01,0.0,0.3,channel,0.0009000000000000001,4.2000000000000004e-06,9.0,42.00000000000001,-0.0308406964334583,2147714797480266.8
p2_bulk_nga_5e17_common_primary,NGA 5e17 common-primary state,top_primary,interface_4x,T03_P2_BULK_TRAPS_FORMAL,enabled_symmetric_teaching_top_stack,0.0,0.01,0.0,0.3,channel,0.0009000000000000001,4.2750000000000006e-06,9.0,42.75000000000001,-0.02879999241850015,2324122033311786.5
p2_bulk_nga_5e17_common_primary,NGA 5e17 common-primary state,top_primary,interface_4x,T03_P2_BULK_TRAPS_FORMAL,enabled_symmetric_teaching_top_stack,0.0,0.01,0.0,0.3,channel,0.0009000000000000001,4.350000000000001e-06,9.0,43.50000000000001,-0.026591829793770033,2531362996707590.0
p2_bulk_nga_5e17_common_primary,NGA 5e17 common-primary state,top_primary,interface_4x,T03_P2_BULK_TRAPS_FORMAL,enabled_symmetric_teaching_top_stack,0.0,0.01,0.0,0.3,channel,0.0009000000000000001,4.425e-06,9.0,44.25,-0.02421582644423685,2775041784549746.0
p2_bulk_nga_5e17_common_primary,NGA 5e17 common-primary state,top_primary,interface_4x,T03_P2_BULK_TRAPS_FORMAL,enabled_symmetric_teaching_top_stack,0.0,0.01,0.0,0.3,channel,0.0009000000000000001,4.5e-06,9.0,45.0,-0.0216715555082958,3062043790706504.5
p2_bulk_nga_5e17_common_primary,NGA 5e17 common-primary state,top_primary,interface_4x,T03_P2_BULK_TRAPS_FORMAL,enabled_symmetric_teaching_top_stack,0.0,0.01,0.0,0.3,channel,0.0009000000000000001,4.575e-06,9.0,45.75,-0.018958539377657097,3400854582881132.5
p2_bulk_nga_5e17_common_primary,NGA 5e17 common-primary state,top_primary,interface_4x,T03_P2_BULK_TRAPS_FORMAL,enabled_symmetric_teaching_top_stack,0.0,0.01,0.0,0.3,channel,0.0009000000000000001,4.65e-06,9.0,46.50000000000001,-0.016076242095741686,3801968598095348.0
p2_bulk_nga_5e17_common_primary,NGA 5e17 common-primary state,top_primary,interface_4x,T03_P2_BULK_TRAPS_FORMAL,enabled_symmetric_teaching_top_stack,0.0,0.01,0.0,0.3,channel,0.0009000000000000001,4.7250000000000005e-06,9.0,47.25000000000001,-0.013024059730321844,4278415239740819.0
p2_bulk_nga_5e17_common_primary,NGA 5e17 common-primary state,top_primary,interface_4x,T03_P2_BULK_TRAPS_FORMAL,enabled_symmetric_teaching_top_stack,0.0,0.01,0.0,0.3,channel,0.0009000000000000001,4.8e-06,9.0,48.0,-0.00980130817634267,4846439278642879.0
p2_bulk_nga_5e17_common_primary,NGA 5e17 common-primary state,top_primary,interface_4x,T03_P2_BULK_TRAPS_FORMAL,enabled_symmetric_teaching_top_stack,0.0,0.01,0.0,0.3,channel,0.0009000000000000001,4.875e-06,9.0,48.75,-0.006407207687571827,5526385221073413.0
p2_bulk_nga_5e17_common_primary,NGA 5e17 common-primary state,top_primary,interface_4x,T03_P2_BULK_TRAPS_FORMAL,enabled_symmetric_teaching_top_stack,0.0,0.01,0.0,0.3,channel,0.0009000000000000001,4.95e-06,9.0,49.5,-0.0028408632279726567,6343852906108627.0
p2_bulk_nga_5e17_common_primary,NGA 5e17 common-primary state,top_primary,interface_4x,T03_P2_BULK_TRAPS_FORMAL,enabled_symmetric_teaching_top_stack,0.0,0.01,0.0,0.3,channel,0.0009000000000000001,5.025e-06,9.0,50.25,0.0008987605424287979,7331216059273024.0
p2_bulk_nga_5e17_common_primary,NGA 5e17 common-primary state,top_primary,interface_4x,T03_P2_BULK_TRAPS_FORMAL,enabled_symmetric_teaching_top_stack,0.0,0.01,0.0,0.3,channel,0.0009000000000000001,5.1e-06,9.0,51.0,0.00481287120180093,8529629828025439.0
p2_bulk_nga_5e17_common_primary,NGA 5e17 common-primary state,top_primary,interface_4x,T03_P2_BULK_TRAPS_FORMAL,enabled_symmetric_teaching_top_stack,0.0,0.01,0.0,0.3,channel,0.0009000000000000001,5.1750000000000004e-06,9.0,51.75000000000001,0.008902889473070271,9991701860774066.0
p2_bulk_nga_5e17_common_primary,NGA 5e17 common-primary state,top_primary,interface_4x,T03_P2_BULK_TRAPS_FORMAL,enabled_symmetric_teaching_top_stack,0.0,0.01,0.0,0.3,channel,0.0009000000000000001,5.2500000000000006e-06,9.0,52.50000000000001,0.013170501830107383,1.178507088292157e+16
p2_bulk_nga_5e17_common_primary,NGA 5e17 common-primary state,top_primary,interface_4x,T03_P2_BULK_TRAPS_FORMAL,enabled_symmetric_teaching_top_stack,0.0,0.01,0.0,0.3,channel,0.0009000000000000001,5.325e-06,9.0,53.25,0.01761772845417516,1.3997237063806922e+16
p2_bulk_nga_5e17_common_primary,NGA 5e17 common-primary state,top_primary,interface_4x,T03_P2_BULK_TRAPS_FORMAL,enabled_symmetric_teaching_top_stack,0.0,0.01,0.0,0.3,channel,0.0009000000000000001,5.4e-06,9.0,54.0,0.02224701146491954,1.6742135397828222e+16
p2_bulk_nga_5e17_common_primary,NGA 5e17 common-primary state,top_primary,interface_4x,T03_P2_BULK_TRAPS_FORMAL,enabled_symmetric_teaching_top_stack,0.0,0.01,0.0,0.3,channel,0.0009249999999999999,3e-06,9.25,30.0,-0.04085444210052533,1441802267113163.2
p2_bulk_nga_5e17_common_primary,NGA 5e17 common-primary state,top_primary,interface_4x,T03_P2_BULK_TRAPS_FORMAL,enabled_symmetric_teaching_top_stack,0.0,0.01,0.0,0.3,channel,0.0009249999999999999,3.075e-06,9.25,30.750000000000004,-0.04146621313513103,1408083479223182.5
p2_bulk_nga_5e17_common_primary,NGA 5e17 common-primary state,top_primary,interface_4x,T03_P2_BULK_TRAPS_FORMAL,enabled_symmetric_teaching_top_stack,0.0,0.01,0.0,0.3,channel,0.0009249999999999999,3.1500000000000003e-06,9.25,31.500000000000004,-0.04191256418273498,1383980705181848.0
p2_bulk_nga_5e17_common_primary,NGA 5e17 common-primary state,top_primary,interface_4x,T03_P2_BULK_TRAPS_FORMAL,enabled_symmetric_teaching_top_stack,0.0,0.01,0.0,0.3,channel,0.0009249999999999999,3.225e-06,9.25,32.25,-0.04219356113991653,1369019059046742.2
p2_bulk_nga_5e17_common_primary,NGA 5e17 common-primary state,top_primary,interface_4x,T03_P2_BULK_TRAPS_FORMAL,enabled_symmetric_teaching_top_stack,0.0,0.01,0.0,0.3,channel,0.0009249999999999999,3.3e-06,9.25,33.0,-0.04230924539130323,1362906567705667.2
p2_bulk_nga_5e17_common_primary,NGA 5e17 common-primary state,top_primary,interface_4x,T03_P2_BULK_TRAPS_FORMAL,enabled_symmetric_teaching_top_stack,0.0,0.01,0.0,0.3,channel,0.0009249999999999999,3.3750000000000003e-06,9.25,33.75,-0.04225963395308809,1365524572990314.8
p2_bulk_nga_5e17_common_primary,NGA 5e17 common-primary state,top_primary,interface_4x,T03_P2_BULK_TRAPS_FORMAL,enabled_symmetric_teaching_top_stack,0.0,0.01,0.0,0.3,channel,0.0009249999999999999,3.45e-06,9.25,34.5,-0.04204471953037244,1376923852006182.5
p2_bulk_nga_5e17_common_primary,NGA 5e17 common-primary state,top_primary,interface_4x,T03_P2_BULK_TRAPS_FORMAL,enabled_symmetric_teaching_top_stack,0.0,0.01,0.0,0.3,channel,0.0009249999999999999,3.525e-06,9.25,35.25,-0.041664470492697364,1397326275854653.0
p2_bulk_nga_5e17_common_primary,NGA 5e17 common-primary state,top_primary,interface_4x,T03_P2_BULK_TRAPS_FORMAL,enabled_symmetric_teaching_top_stack,0.0,0.01,0.0,0.3,channel,0.0009249999999999999,3.6000000000000003e-06,9.25,36.0,-0.04111883076589795,1427132083557606.8
p2_bulk_nga_5e17_common_primary,NGA 5e17 common-primary state,top_primary,interface_4x,T03_P2_BULK_TRAPS_FORMAL,enabled_symmetric_teaching_top_stack,0.0,0.01,0.0,0.3,channel,0.0009249999999999999,3.6750000000000004e-06,9.25,36.75000000000001,-0.040407719632106584,1466933109278389.0
p2_bulk_nga_5e17_common_primary,NGA 5e17 common-primary state,top_primary,interface_4x,T03_P2_BULK_TRAPS_FORMAL,enabled_symmetric_teaching_top_stack,0.0,0.01,0.0,0.3,channel,0.0009249999999999999,3.7500000000000005e-06,9.25,37.50000000000001,-0.03953103142307942,1517532582761285.0
p2_bulk_nga_5e17_common_primary,NGA 5e17 common-primary state,top_primary,interface_4x,T03_P2_BULK_TRAPS_FORMAL,enabled_symmetric_teaching_top_stack,0.0,0.01,0.0,0.3,channel,0.0009249999999999999,3.825000000000001e-06,9.25,38.25000000000001,-0.038488635084737335,1579972442743877.8
p2_bulk_nga_5e17_common_primary,NGA 5e17 common-primary state,top_primary,interface_4x,T03_P2_BULK_TRAPS_FORMAL,enabled_symmetric_teaching_top_stack,0.0,0.01,0.0,0.3,channel,0.0009249999999999999,3.9e-06,9.25,39.0,-0.03728037358257252,1655569481311436.0
p2_bulk_nga_5e17_common_primary,NGA 5e17 common-primary state,top_primary,interface_4x,T03_P2_BULK_TRAPS_FORMAL,enabled_symmetric_teaching_top_stack,0.0,0.01,0.0,0.3,channel,0.0009249999999999999,3.975e-06,9.25,39.75,-0.03590606310799187,1745962098690182.2
p2_bulk_nga_5e17_common_primary,NGA 5e17 common-primary state,top_primary,interface_4x,T03_P2_BULK_TRAPS_FORMAL,enabled_symmetric_teaching_top_stack,0.0,0.01,0.0,0.3,channel,0.0009249999999999999,4.05e-06,9.25,40.5,-0.03436549203427954,1853170024367614.5
p2_bulk_nga_5e17_common_primary,NGA 5e17 common-primary state,top_primary,interface_4x,T03_P2_BULK_TRAPS_FORMAL,enabled_symmetric_teaching_top_stack,0.0,0.01,0.0,0.3,channel,0.0009249999999999999,4.125e-06,9.25,41.25,-0.03265841955707825,1979670092572157.0
p2_bulk_nga_5e17_common_primary,NGA 5e17 common-primary state,top_primary,interface_4x,T03_P2_BULK_TRAPS_FORMAL,enabled_symmetric_teaching_top_stack,0.0,0.01,0.0,0.3,channel,0.0009249999999999999,4.2000000000000004e-06,9.25,42.00000000000001,-0.030784573937371735,2128492101927308.2
p2_bulk_nga_5e17_common_primary,NGA 5e17 common-primary state,top_primary,interface_4x,T03_P2_BULK_TRAPS_FORMAL,enabled_symmetric_teaching_top_stack,0.0,0.01,0.0,0.3,channel,0.0009249999999999999,4.2750000000000006e-06,9.25,42.75000000000001,-0.028743650243943007,2303340012408175.0
p2_bulk_nga_5e17_common_primary,NGA 5e17 common-primary state,top_primary,interface_4x,T03_P2_BULK_TRAPS_FORMAL,enabled_symmetric_teaching_top_stack,0.0,0.01,0.0,0.3,channel,0.0009249999999999999,4.350000000000001e-06,9.25,43.50000000000001,-0.026535307465945054,2508745334406981.5
p2_bulk_nga_5e17_common_primary,NGA 5e17 common-primary state,top_primary,interface_4x,T03_P2_BULK_TRAPS_FORMAL,enabled_symmetric_teaching_top_stack,0.0,0.01,0.0,0.3,channel,0.0009249999999999999,4.425e-06,9.25,44.25,-0.024159164832927463,2750261676256962.5
p2_bulk_nga_5e17_common_primary,NGA 5e17 common-primary state,top_primary,interface_4x,T03_P2_BULK_TRAPS_FORMAL,enabled_symmetric_teaching_top_stack,0.0,0.01,0.0,0.3,channel,0.0009249999999999999,4.5e-06,9.25,45.0,-0.02161479713727093,3034712217858723.0
p2_bulk_nga_5e17_common_primary,NGA 5e17 common-primary state,top_primary,interface_4x,T03_P2_BULK_TRAPS_FORMAL,enabled_symmetric_teaching_top_stack,0.0,0.01,0.0,0.3,channel,0.0009249999999999999,4.575e-06,9.25,45.75,-0.018901728799647962,3370505616941476.0
p2_bulk_nga_5e17_common_primary,NGA 5e17 common-primary state,top_primary,interface_4x,T03_P2_BULK_TRAPS_FORMAL,enabled_symmetric_teaching_top_stack,0.0,0.01,0.0,0.3,channel,0.0009249999999999999,4.65e-06,9.25,46.50000000000001,-0.01601942634805243,3768040874902010.5
p2_bulk_nga_5e17_common_primary,NGA 5e17 common-primary state,top_primary,interface_4x,T03_P2_BULK_TRAPS_FORMAL,enabled_symmetric_teaching_top_stack,0.0,0.01,0.0,0.3,channel,0.0009249999999999999,4.7250000000000005e-06,9.25,47.25000000000001,-0.012967288890025446,4240228471940256.5
p2_bulk_nga_5e17_common_primary,NGA 5e17 common-primary state,top_primary,interface_4x,T03_P2_BULK_TRAPS_FORMAL,enabled_symmetric_teaching_top_stack,0.0,0.01,0.0,0.3,channel,0.0009249999999999999,4.8e-06,9.25,48.0,-0.0097446360390537,4803164303958492.0
p2_bulk_nga_5e17_common_primary,NGA 5e17 common-primary state,top_primary,interface_4x,T03_P2_BULK_TRAPS_FORMAL,enabled_symmetric_teaching_top_stack,0.0,0.01,0.0,0.3,channel,0.0009249999999999999,4.875e-06,9.25,48.75,-0.006350692600355296,5477005579443352.0
p2_bulk_nga_5e17_common_primary,NGA 5e17 common-primary state,top_primary,interface_4x,T03_P2_BULK_TRAPS_FORMAL,enabled_symmetric_teaching_top_stack,0.0,0.01,0.0,0.3,channel,0.0009249999999999999,4.95e-06,9.25,49.5,-0.0027845691155566933,6287115244643355.0
p2_bulk_nga_5e17_common_primary,NGA 5e17 common-primary state,top_primary,interface_4x,T03_P2_BULK_TRAPS_FORMAL,enabled_symmetric_teaching_top_stack,0.0,0.01,0.0,0.3,channel,0.0009249999999999999,5.025e-06,9.25,50.25,0.0009547629076123553,7265565701088663.0
p2_bulk_nga_5e17_common_primary,NGA 5e17 common-primary state,top_primary,interface_4x,T03_P2_BULK_TRAPS_FORMAL,enabled_symmetric_teaching_top_stack,0.0,0.01,0.0,0.3,channel,0.0009249999999999999,5.1e-06,9.25,51.0,0.004868502620139589,8453126492345956.0
p2_bulk_nga_5e17_common_primary,NGA 5e17 common-primary state,top_primary,interface_4x,T03_P2_BULK_TRAPS_FORMAL,enabled_symmetric_teaching_top_stack,0.0,0.01,0.0,0.3,channel,0.0009249999999999999,5.1750000000000004e-06,9.25,51.75000000000001,0.00895806034306376,9901908612795082.0
p2_bulk_nga_5e17_common_primary,NGA 5e17 common-primary state,top_primary,interface_4x,T03_P2_BULK_TRAPS_FORMAL,enabled_symmetric_teaching_top_stack,0.0,0.01,0.0,0.3,channel,0.0009249999999999999,5.2500000000000006e-06,9.25,52.50000000000001,0.013225109665407324,1.167890665875336e+16
p2_bulk_nga_5e17_common_primary,NGA 5e17 common-primary state,top_primary,interface_4x,T03_P2_BULK_TRAPS_FORMAL,enabled_symmetric_teaching_top_stack,0.0,0.01,0.0,0.3,channel,0.0009249999999999999,5.325e-06,9.25,53.25,0.01767165474229367,1.387077915245772e+16
p2_bulk_nga_5e17_common_primary,NGA 5e17 common-primary state,top_primary,interface_4x,T03_P2_BULK_TRAPS_FORMAL,enabled_symmetric_teaching_top_stack,0.0,0.01,0.0,0.3,channel,0.0009249999999999999,5.4e-06,9.25,54.0,0.022300117666614216,1.6590352433905194e+16
p2_bulk_nga_5e17_common_primary,NGA 5e17 common-primary state,top_primary,interface_4x,T03_P2_BULK_TRAPS_FORMAL,enabled_symmetric_teaching_top_stack,0.0,0.01,0.0,0.3,channel,0.00095,3e-06,9.5,30.0,-0.04079732345907677,1428810317924648.5
p2_bulk_nga_5e17_common_primary,NGA 5e17 common-primary state,top_primary,interface_4x,T03_P2_BULK_TRAPS_FORMAL,enabled_symmetric_teaching_top_stack,0.0,0.01,0.0,0.3,channel,0.00095,3.075e-06,9.5,30.750000000000004,-0.04140820601321003,1395443324560384.8
p2_bulk_nga_5e17_common_primary,NGA 5e17 common-primary state,top_primary,interface_4x,T03_P2_BULK_TRAPS_FORMAL,enabled_symmetric_teaching_top_stack,0.0,0.01,0.0,0.3,channel,0.00095,3.1500000000000003e-06,9.5,31.500000000000004,-0.04185370955523254,1371601881635758.5
p2_bulk_nga_5e17_common_primary,NGA 5e17 common-primary state,top_primary,interface_4x,T03_P2_BULK_TRAPS_FORMAL,enabled_symmetric_teaching_top_stack,0.0,0.01,0.0,0.3,channel,0.00095,3.225e-06,9.5,32.25,-0.042133899832716155,1356816394459136.8
p2_bulk_nga_5e17_common_primary,NGA 5e17 common-primary state,top_primary,interface_4x,T03_P2_BULK_TRAPS_FORMAL,enabled_symmetric_teaching_top_stack,0.0,0.01,0.0,0.3,channel,0.00095,3.3e-06,9.5,33.0,-0.042248818125008684,1350798407424366.0
p2_bulk_nga_5e17_common_primary,NGA 5e17 common-primary state,top_primary,interface_4x,T03_P2_BULK_TRAPS_FORMAL,enabled_symmetric_teaching_top_stack,0.0,0.01,0.0,0.3,channel,0.00095,3.3750000000000003e-06,9.5,33.75,-0.04219848138334153,1353431124629678.5
p2_bulk_nga_5e17_common_primary,NGA 5e17 common-primary state,top_primary,interface_4x,T03_P2_BULK_TRAPS_FORMAL,enabled_symmetric_teaching_top_stack,0.0,0.01,0.0,0.3,channel,0.00095,3.45e-06,9.5,34.5,-0.04198288228659868,1364765592102105.0
p2_bulk_nga_5e17_common_primary,NGA 5e17 common-primary state,top_primary,interface_4x,T03_P2_BULK_TRAPS_FORMAL,enabled_symmetric_teaching_top_stack,0.0,0.01,0.0,0.3,channel,0.00095,3.525e-06,9.5,35.25,-0.04160198921704425,1385022364727932.8
p2_bulk_nga_5e17_common_primary,NGA 5e17 common-primary state,top_primary,interface_4x,T03_P2_BULK_TRAPS_FORMAL,enabled_symmetric_teaching_top_stack,0.0,0.01,0.0,0.3,channel,0.00095,3.6000000000000003e-06,9.5,36.0,-0.04105574615413163,1414598735049245.8
p2_bulk_nga_5e17_common_primary,NGA 5e17 common-primary state,top_primary,interface_4x,T03_P2_BULK_TRAPS_FORMAL,enabled_symmetric_teaching_top_stack,0.0,0.01,0.0,0.3,channel,0.00095,3.6750000000000004e-06,9.5,36.75000000000001,-0.040344072478264374,1454081859814000.8
p2_bulk_nga_5e17_common_primary,NGA 5e17 common-primary state,top_primary,interface_4x,T03_P2_BULK_TRAPS_FORMAL,enabled_symmetric_teaching_top_stack,0.0,0.01,0.0,0.3,channel,0.00095,3.7500000000000005e-06,9.5,37.50000000000001,-0.0394668626697837,1504268399296877.8
p2_bulk_nga_5e17_common_primary,NGA 5e17 common-primary state,top_primary,interface_4x,T03_P2_BULK_TRAPS_FORMAL,enabled_symmetric_teaching_top_stack,0.0,0.01,0.0,0.3,channel,0.00095,3.825000000000001e-06,9.5,38.25000000000001,-0.03842398588123643,1566191601226145.2
p2_bulk_nga_5e17_common_primary,NGA 5e17 common-primary state,top_primary,interface_4x,T03_P2_BULK_TRAPS_FORMAL,enabled_symmetric_teaching_top_stack,0.0,0.01,0.0,0.3,channel,0.00095,3.9e-06,9.5,39.0,-0.037215285352807076,1641157135837682.0
p2_bulk_nga_5e17_common_primary,NGA 5e17 common-primary state,top_primary,interface_4x,T03_P2_BULK_TRAPS_FORMAL,enabled_symmetric_teaching_top_stack,0.0,0.01,0.0,0.3,channel,0.00095,3.975e-06,9.5,39.75,-0.035840577631299254,1730789445819818.5
p2_bulk_nga_5e17_common_primary,NGA 5e17 common-primary state,top_primary,interface_4x,T03_P2_BULK_TRAPS_FORMAL,enabled_symmetric_teaching_top_stack,0.0,0.01,0.0,0.3,channel,0.00095,4.05e-06,9.5,40.5,-0.03429965154175992,1837090945957017.0
p2_bulk_nga_5e17_common_primary,NGA 5e17 common-primary state,top_primary,interface_4x,T03_P2_BULK_TRAPS_FORMAL,enabled_symmetric_teaching_top_stack,0.0,0.01,0.0,0.3,channel,0.00095,4.125e-06,9.5,41.25,-0.03259226684717619,1962517132618331.5
p2_bulk_nga_5e17_common_primary,NGA 5e17 common-primary state,top_primary,interface_4x,T03_P2_BULK_TRAPS_FORMAL,enabled_symmetric_teaching_top_stack,0.0,0.01,0.0,0.3,channel,0.00095,4.2000000000000004e-06,9.5,42.00000000000001,-0.030718152514903962,2110071596226674.0
p2_bulk_nga_5e17_common_primary,NGA 5e17 common-primary state,top_primary,interface_4x,T03_P2_BULK_TRAPS_FORMAL,enabled_symmetric_teaching_top_stack,0.0,0.01,0.0,0.3,channel,0.00095,4.2750000000000006e-06,9.5,42.75000000000001,-0.02867700448766423,2283426141667817.5
p2_bulk_nga_5e17_common_primary,NGA 5e17 common-primary state,top_primary,interface_4x,T03_P2_BULK_TRAPS_FORMAL,enabled_symmetric_teaching_top_stack,0.0,0.01,0.0,0.3,channel,0.00095,4.350000000000001e-06,9.5,43.50000000000001,-0.02646848283083775,2487072808122084.5
p2_bulk_nga_5e17_common_primary,NGA 5e17 common-primary state,top_primary,interface_4x,T03_P2_BULK_TRAPS_FORMAL,enabled_symmetric_teaching_top_stack,0.0,0.01,0.0,0.3,channel,0.00095,4.425e-06,9.5,44.25,-0.02409220809479338,2726516671193287.0
p2_bulk_nga_5e17_common_primary,NGA 5e17 common-primary state,top_primary,interface_4x,T03_P2_BULK_TRAPS_FORMAL,enabled_symmetric_teaching_top_stack,0.0,0.01,0.0,0.3,channel,0.00095,4.5e-06,9.5,45.0,-0.02154775668897594,3008521084507822.0
p2_bulk_nga_5e17_common_primary,NGA 5e17 common-primary state,top_primary,interface_4x,T03_P2_BULK_TRAPS_FORMAL,enabled_symmetric_teaching_top_stack,0.0,0.01,0.0,0.3,channel,0.00095,4.575e-06,9.5,45.75,-0.018834655010640706,3341420720414566.0
p2_bulk_nga_5e17_common_primary,NGA 5e17 common-primary state,top_primary,interface_4x,T03_P2_BULK_TRAPS_FORMAL,enabled_symmetric_teaching_top_stack,0.0,0.01,0.0,0.3,channel,0.00095,4.65e-06,9.5,46.50000000000001,-0.01595237200169008,3735522740303654.5
p2_bulk_nga_5e17_common_primary,NGA 5e17 common-primary state,top_primary,interface_4x,T03_P2_BULK_TRAPS_FORMAL,enabled_symmetric_teaching_top_stack,0.0,0.01,0.0,0.3,channel,0.00095,4.7250000000000005e-06,9.5,47.25000000000001,-0.012900309716996801,4203623140005338.0
p2_bulk_nga_5e17_common_primary,NGA 5e17 common-primary state,top_primary,interface_4x,T03_P2_BULK_TRAPS_FORMAL,enabled_symmetric_teaching_top_stack,0.0,0.01,0.0,0.3,channel,0.00095,4.8e-06,9.5,48.0,-0.009677791370059682,4761674444820561.0
p2_bulk_nga_5e17_common_primary,NGA 5e17 common-primary state,top_primary,interface_4x,T03_P2_BULK_TRAPS_FORMAL,enabled_symmetric_teaching_top_stack,0.0,0.01,0.0,0.3,channel,0.00095,4.875e-06,9.5,48.75,-0.006284046167553841,5429653424065496.0
p2_bulk_nga_5e17_common_primary,NGA 5e17 common-primary state,top_primary,interface_4x,T03_P2_BULK_TRAPS_FORMAL,enabled_symmetric_teaching_top_stack,0.0,0.01,0.0,0.3,channel,0.00095,4.95e-06,9.5,49.5,-0.0027181900406005573,6232694721814219.0
p2_bulk_nga_5e17_common_primary,NGA 5e17 common-primary state,top_primary,interface_4x,T03_P2_BULK_TRAPS_FORMAL,enabled_symmetric_teaching_top_stack,0.0,0.01,0.0,0.3,channel,0.00095,5.025e-06,9.5,50.25,0.0010207988901362597,7202580236088892.0
p2_bulk_nga_5e17_common_primary,NGA 5e17 common-primary state,top_primary,interface_4x,T03_P2_BULK_TRAPS_FORMAL,enabled_symmetric_teaching_top_stack,0.0,0.01,0.0,0.3,channel,0.00095,5.1e-06,9.5,51.0,0.004934111640472881,8379707618282312.0
p2_bulk_nga_5e17_common_primary,NGA 5e17 common-primary state,top_primary,interface_4x,T03_P2_BULK_TRAPS_FORMAL,enabled_symmetric_teaching_top_stack,0.0,0.01,0.0,0.3,channel,0.00095,5.1750000000000004e-06,9.5,51.75000000000001,0.009023148492320237,9815708698465362.0
p2_bulk_nga_5e17_common_primary,NGA 5e17 common-primary state,top_primary,interface_4x,T03_P2_BULK_TRAPS_FORMAL,enabled_symmetric_teaching_top_stack,0.0,0.01,0.0,0.3,channel,0.00095,5.2500000000000006e-06,9.5,52.50000000000001,0.013289570600634293,1.1576956412527994e+16
p2_bulk_nga_5e17_common_primary,NGA 5e17 common-primary state,top_primary,interface_4x,T03_P2_BULK_TRAPS_FORMAL,enabled_symmetric_teaching_top_stack,0.0,0.01,0.0,0.3,channel,0.00095,5.325e-06,9.5,53.25,0.01773536665543564,1.3749296727901622e+16
p2_bulk_nga_5e17_common_primary,NGA 5e17 common-primary state,top_primary,interface_4x,T03_P2_BULK_TRAPS_FORMAL,enabled_symmetric_teaching_top_stack,0.0,0.01,0.0,0.3,channel,0.00095,5.4e-06,9.5,54.0,0.022362939422997913,1.644448532686076e+16
p2_bulk_nga_5e17_common_primary,NGA 5e17 common-primary state,top_primary,interface_4x,T03_P2_BULK_TRAPS_FORMAL,enabled_symmetric_teaching_top_stack,0.0,0.01,0.0,0.3,channel,0.000975,3e-06,9.75,30.0,-0.0400137491721363,1456402644137652.0
p2_bulk_nga_5e17_common_primary,NGA 5e17 common-primary state,top_primary,interface_4x,T03_P2_BULK_TRAPS_FORMAL,enabled_symmetric_teaching_top_stack,0.0,0.01,0.0,0.3,channel,0.000975,3.075e-06,9.75,30.750000000000004,-0.040614617594976546,1422942422365043.0
p2_bulk_nga_5e17_common_primary,NGA 5e17 common-primary state,top_primary,interface_4x,T03_P2_BULK_TRAPS_FORMAL,enabled_symmetric_teaching_top_stack,0.0,0.01,0.0,0.3,channel,0.000975,3.1500000000000003e-06,9.75,31.500000000000004,-0.04105047417186011,1399153299618711.0
p2_bulk_nga_5e17_common_primary,NGA 5e17 common-primary state,top_primary,interface_4x,T03_P2_BULK_TRAPS_FORMAL,enabled_symmetric_teaching_top_stack,0.0,0.01,0.0,0.3,channel,0.000975,3.225e-06,9.75,32.25,-0.04132138720648511,1384567818883231.5
p2_bulk_nga_5e17_common_primary,NGA 5e17 common-primary state,top_primary,interface_4x,T03_P2_BULK_TRAPS_FORMAL,enabled_symmetric_teaching_top_stack,0.0,0.01,0.0,0.3,channel,0.000975,3.3e-06,9.75,33.0,-0.04142739902762975,1378902036106900.5
p2_bulk_nga_5e17_common_primary,NGA 5e17 common-primary state,top_primary,interface_4x,T03_P2_BULK_TRAPS_FORMAL,enabled_symmetric_teaching_top_stack,0.0,0.01,0.0,0.3,channel,0.000975,3.3750000000000003e-06,9.75,33.75,-0.04136852613134847,1382046204207094.5
p2_bulk_nga_5e17_common_primary,NGA 5e17 common-primary state,top_primary,interface_4x,T03_P2_BULK_TRAPS_FORMAL,enabled_symmetric_teaching_top_stack,0.0,0.01,0.0,0.3,channel,0.000975,3.45e-06,9.75,34.5,-0.04114475923507254,1394061190823894.0
p2_bulk_nga_5e17_common_primary,NGA 5e17 common-primary state,top_primary,interface_4x,T03_P2_BULK_TRAPS_FORMAL,enabled_symmetric_teaching_top_stack,0.0,0.01,0.0,0.3,channel,0.000975,3.525e-06,9.75,35.25,-0.040756063247636906,1415180463979297.2
p2_bulk_nga_5e17_common_primary,NGA 5e17 common-primary state,top_primary,interface_4x,T03_P2_BULK_TRAPS_FORMAL,enabled_symmetric_teaching_top_stack,0.0,0.01,0.0,0.3,channel,0.000975,3.6000000000000003e-06,9.75,36.0,-0.04020237715300361,1445817737516194.2
p2_bulk_nga_5e17_common_primary,NGA 5e17 common-primary state,top_primary,interface_4x,T03_P2_BULK_TRAPS_FORMAL,enabled_symmetric_teaching_top_stack,0.0,0.01,0.0,0.3,channel,0.000975,3.6750000000000004e-06,9.75,36.75000000000001,-0.0394836137991064,1486580631467328.8
p2_bulk_nga_5e17_common_primary,NGA 5e17 common-primary state,top_primary,interface_4x,T03_P2_BULK_TRAPS_FORMAL,enabled_symmetric_teaching_top_stack,0.0,0.01,0.0,0.3,channel,0.000975,3.7500000000000005e-06,9.75,37.50000000000001,-0.038599659576534516,1538290987361369.5
p2_bulk_nga_5e17_common_primary,NGA 5e17 common-primary state,top_primary,interface_4x,T03_P2_BULK_TRAPS_FORMAL,enabled_symmetric_teaching_top_stack,0.0,0.01,0.0,0.3,channel,0.000975,3.825000000000001e-06,9.75,38.25000000000001,-0.03755037396441411,1602012802575431.0
p2_bulk_nga_5e17_common_primary,NGA 5e17 common-primary state,top_primary,interface_4x,T03_P2_BULK_TRAPS_FORMAL,enabled_symmetric_teaching_top_stack,0.0,0.01,0.0,0.3,channel,0.000975,3.9e-06,9.75,39.0,-0.0363355889125053,1679089131873191.0
p2_bulk_nga_5e17_common_primary,NGA 5e17 common-primary state,top_primary,interface_4x,T03_P2_BULK_TRAPS_FORMAL,enabled_symmetric_teaching_top_stack,0.0,0.01,0.0,0.3,channel,0.000975,3.975e-06,9.75,39.75,-0.03495510801882082,1771189773585268.8
p2_bulk_nga_5e17_common_primary,NGA 5e17 common-primary state,top_primary,interface_4x,T03_P2_BULK_TRAPS_FORMAL,enabled_symmetric_teaching_top_stack,0.0,0.01,0.0,0.3,channel,0.000975,4.05e-06,9.75,40.5,-0.03340870545051163,1880372144641333.8
p2_bulk_nga_5e17_common_primary,NGA 5e17 common-primary state,top_primary,interface_4x,T03_P2_BULK_TRAPS_FORMAL,enabled_symmetric_teaching_top_stack,0.0,0.01,0.0,0.3,channel,0.000975,4.125e-06,9.75,41.25,-0.03169612454176181,2009158494563593.8
p2_bulk_nga_5e17_common_primary,NGA 5e17 common-primary state,top_primary,interface_4x,T03_P2_BULK_TRAPS_FORMAL,enabled_symmetric_teaching_top_stack,0.0,0.01,0.0,0.3,channel,0.000975,4.2000000000000004e-06,9.75,42.00000000000001,-0.02981707598523205,2160633568598164.0
p2_bulk_nga_5e17_common_primary,NGA 5e17 common-primary state,top_primary,interface_4x,T03_P2_BULK_TRAPS_FORMAL,enabled_symmetric_teaching_top_stack,0.0,0.01,0.0,0.3,channel,0.000975,4.2750000000000006e-06,9.75,42.75000000000001,-0.02777123551221583,2338568077849220.0
p2_bulk_nga_5e17_common_primary,NGA 5e17 common-primary state,top_primary,interface_4x,T03_P2_BULK_TRAPS_FORMAL,enabled_symmetric_teaching_top_stack,0.0,0.01,0.0,0.3,channel,0.000975,4.350000000000001e-06,9.75,43.50000000000001,-0.025558240929857895,2547574968594365.5
p2_bulk_nga_5e17_common_primary,NGA 5e17 common-primary state,top_primary,interface_4x,T03_P2_BULK_TRAPS_FORMAL,enabled_symmetric_teaching_top_stack,0.0,0.01,0.0,0.3,channel,0.000975,4.425e-06,9.75,44.25,-0.02317768834987448,2793307638416946.5
p2_bulk_nga_5e17_common_primary,NGA 5e17 common-primary state,top_primary,interface_4x,T03_P2_BULK_TRAPS_FORMAL,enabled_symmetric_teaching_top_stack,0.0,0.01,0.0,0.3,channel,0.000975,4.5e-06,9.75,45.0,-0.020629127400018623,3082712107516825.5
p2_bulk_nga_5e17_common_primary,NGA 5e17 common-primary state,top_primary,interface_4x,T03_P2_BULK_TRAPS_FORMAL,enabled_symmetric_teaching_top_stack,0.0,0.01,0.0,0.3,channel,0.000975,4.575e-06,9.75,45.75,-0.01791205515414874,3424348973383945.0
p2_bulk_nga_5e17_common_primary,NGA 5e17 common-primary state,top_primary,interface_4x,T03_P2_BULK_TRAPS_FORMAL,enabled_symmetric_teaching_top_stack,0.0,0.01,0.0,0.3,channel,0.000975,4.65e-06,9.75,46.50000000000001,-0.01502590844530059,3828806108393765.5
p2_bulk_nga_5e17_common_primary,NGA 5e17 common-primary state,top_primary,interface_4x,T03_P2_BULK_TRAPS_FORMAL,enabled_symmetric_teaching_top_stack,0.0,0.01,0.0,0.3,channel,0.000975,4.7250000000000005e-06,9.75,47.25000000000001,-0.01197005413342147,4309229995902733.5
p2_bulk_nga_5e17_common_primary,NGA 5e17 common-primary state,top_primary,interface_4x,T03_P2_BULK_TRAPS_FORMAL,enabled_symmetric_teaching_top_stack,0.0,0.01,0.0,0.3,channel,0.000975,4.8e-06,9.75,48.0,-0.00874377677834671,4882013036452360.0
p2_bulk_nga_5e17_common_primary,NGA 5e17 common-primary state,top_primary,interface_4x,T03_P2_BULK_TRAPS_FORMAL,enabled_symmetric_teaching_top_stack,0.0,0.01,0.0,0.3,channel,0.000975,4.875e-06,9.75,48.75,-0.005346263009591071,5567687080776270.0
p2_bulk_nga_5e17_common_primary,NGA 5e17 common-primary state,top_primary,interface_4x,T03_P2_BULK_TRAPS_FORMAL,enabled_symmetric_teaching_top_stack,0.0,0.01,0.0,0.3,channel,0.000975,4.95e-06,9.75,49.5,-0.001776581674443918,6392091280295992.0
p2_bulk_nga_5e17_common_primary,NGA 5e17 common-primary state,top_primary,interface_4x,T03_P2_BULK_TRAPS_FORMAL,enabled_symmetric_teaching_top_stack,0.0,0.01,0.0,0.3,channel,0.000975,5.025e-06,9.75,50.25,0.0019663414334515346,7387907147680739.0
p2_bulk_nga_5e17_common_primary,NGA 5e17 common-primary state,top_primary,interface_4x,T03_P2_BULK_TRAPS_FORMAL,enabled_symmetric_teaching_top_stack,0.0,0.01,0.0,0.3,channel,0.000975,5.1e-06,9.75,51.0,0.005883755836626103,8596688508836323.0
p2_bulk_nga_5e17_common_primary,NGA 5e17 common-primary state,top_primary,interface_4x,T03_P2_BULK_TRAPS_FORMAL,enabled_symmetric_teaching_top_stack,0.0,0.01,0.0,0.3,channel,0.000975,5.1750000000000004e-06,9.75,51.75000000000001,0.009977127702659128,1.0071563283953242e+16
p2_bulk_nga_5e17_common_primary,NGA 5e17 common-primary state,top_primary,interface_4x,T03_P2_BULK_TRAPS_FORMAL,enabled_symmetric_teaching_top_stack,0.0,0.01,0.0,0.3,channel,0.000975,5.2500000000000006e-06,9.75,52.50000000000001,0.014248192998294572,1.188085449779888e+16
p2_bulk_nga_5e17_common_primary,NGA 5e17 common-primary state,top_primary,interface_4x,T03_P2_BULK_TRAPS_FORMAL,enabled_symmetric_teaching_top_stack,0.0,0.01,0.0,0.3,channel,0.000975,5.325e-06,9.75,53.25,0.018699026163075002,1.4112969872867208e+16
p2_bulk_nga_5e17_common_primary,NGA 5e17 common-primary state,top_primary,interface_4x,T03_P2_BULK_TRAPS_FORMAL,enabled_symmetric_teaching_top_stack,0.0,0.01,0.0,0.3,channel,0.000975,5.4e-06,9.75,54.0,0.023332129287651236,1.6883058753714716e+16
p2_bulk_nga_5e17_common_primary,NGA 5e17 common-primary state,top_primary,interface_4x,T03_P2_BULK_TRAPS_FORMAL,enabled_symmetric_teaching_top_stack,0.0,0.01,0.0,0.3,channel,0.001,3e-06,10.0,30.0,0.01,1e+16
p2_bulk_nga_5e17_common_primary,NGA 5e17 common-primary state,top_primary,interface_4x,T03_P2_BULK_TRAPS_FORMAL,enabled_symmetric_teaching_top_stack,0.0,0.01,0.0,0.3,channel,0.001,3.075e-06,10.0,30.750000000000004,0.01,1e+16
p2_bulk_nga_5e17_common_primary,NGA 5e17 common-primary state,top_primary,interface_4x,T03_P2_BULK_TRAPS_FORMAL,enabled_symmetric_teaching_top_stack,0.0,0.01,0.0,0.3,channel,0.001,3.1500000000000003e-06,10.0,31.500000000000004,0.01,1e+16
p2_bulk_nga_5e17_common_primary,NGA 5e17 common-primary state,top_primary,interface_4x,T03_P2_BULK_TRAPS_FORMAL,enabled_symmetric_teaching_top_stack,0.0,0.01,0.0,0.3,channel,0.001,3.225e-06,10.0,32.25,0.01,1e+16
p2_bulk_nga_5e17_common_primary,NGA 5e17 common-primary state,top_primary,interface_4x,T03_P2_BULK_TRAPS_FORMAL,enabled_symmetric_teaching_top_stack,0.0,0.01,0.0,0.3,channel,0.001,3.3e-06,10.0,33.0,0.01,1e+16
p2_bulk_nga_5e17_common_primary,NGA 5e17 common-primary state,top_primary,interface_4x,T03_P2_BULK_TRAPS_FORMAL,enabled_symmetric_teaching_top_stack,0.0,0.01,0.0,0.3,channel,0.001,3.3750000000000003e-06,10.0,33.75,0.01,1e+16
p2_bulk_nga_5e17_common_primary,NGA 5e17 common-primary state,top_primary,interface_4x,T03_P2_BULK_TRAPS_FORMAL,enabled_symmetric_teaching_top_stack,0.0,0.01,0.0,0.3,channel,0.001,3.45e-06,10.0,34.5,0.01,1e+16
p2_bulk_nga_5e17_common_primary,NGA 5e17 common-primary state,top_primary,interface_4x,T03_P2_BULK_TRAPS_FORMAL,enabled_symmetric_teaching_top_stack,0.0,0.01,0.0,0.3,channel,0.001,3.525e-06,10.0,35.25,0.01,1e+16
p2_bulk_nga_5e17_common_primary,NGA 5e17 common-primary state,top_primary,interface_4x,T03_P2_BULK_TRAPS_FORMAL,enabled_symmetric_teaching_top_stack,0.0,0.01,0.0,0.3,channel,0.001,3.6000000000000003e-06,10.0,36.0,0.01,1e+16
p2_bulk_nga_5e17_common_primary,NGA 5e17 common-primary state,top_primary,interface_4x,T03_P2_BULK_TRAPS_FORMAL,enabled_symmetric_teaching_top_stack,0.0,0.01,0.0,0.3,channel,0.001,3.6750000000000004e-06,10.0,36.75000000000001,0.01,1e+16
p2_bulk_nga_5e17_common_primary,NGA 5e17 common-primary state,top_primary,interface_4x,T03_P2_BULK_TRAPS_FORMAL,enabled_symmetric_teaching_top_stack,0.0,0.01,0.0,0.3,channel,0.001,3.7500000000000005e-06,10.0,37.50000000000001,0.01,1e+16
p2_bulk_nga_5e17_common_primary,NGA 5e17 common-primary state,top_primary,interface_4x,T03_P2_BULK_TRAPS_FORMAL,enabled_symmetric_teaching_top_stack,0.0,0.01,0.0,0.3,channel,0.001,3.825000000000001e-06,10.0,38.25000000000001,0.01,1e+16
p2_bulk_nga_5e17_common_primary,NGA 5e17 common-primary state,top_primary,interface_4x,T03_P2_BULK_TRAPS_FORMAL,enabled_symmetric_teaching_top_stack,0.0,0.01,0.0,0.3,channel,0.001,3.9e-06,10.0,39.0,0.01,1e+16
p2_bulk_nga_5e17_common_primary,NGA 5e17 common-primary state,top_primary,interface_4x,T03_P2_BULK_TRAPS_FORMAL,enabled_symmetric_teaching_top_stack,0.0,0.01,0.0,0.3,channel,0.001,3.975e-06,10.0,39.75,0.01,1e+16
p2_bulk_nga_5e17_common_primary,NGA 5e17 common-primary state,top_primary,interface_4x,T03_P2_BULK_TRAPS_FORMAL,enabled_symmetric_teaching_top_stack,0.0,0.01,0.0,0.3,channel,0.001,4.05e-06,10.0,40.5,0.01,1e+16
p2_bulk_nga_5e17_common_primary,NGA 5e17 common-primary state,top_primary,interface_4x,T03_P2_BULK_TRAPS_FORMAL,enabled_symmetric_teaching_top_stack,0.0,0.01,0.0,0.3,channel,0.001,4.125e-06,10.0,41.25,0.01,1e+16
p2_bulk_nga_5e17_common_primary,NGA 5e17 common-primary state,top_primary,interface_4x,T03_P2_BULK_TRAPS_FORMAL,enabled_symmetric_teaching_top_stack,0.0,0.01,0.0,0.3,channel,0.001,4.2000000000000004e-06,10.0,42.00000000000001,0.01,1e+16
p2_bulk_nga_5e17_common_primary,NGA 5e17 common-primary state,top_primary,interface_4x,T03_P2_BULK_TRAPS_FORMAL,enabled_symmetric_teaching_top_stack,0.0,0.01,0.0,0.3,channel,0.001,4.2750000000000006e-06,10.0,42.75000000000001,0.01,1e+16
p2_bulk_nga_5e17_common_primary,NGA 5e17 common-primary state,top_primary,interface_4x,T03_P2_BULK_TRAPS_FORMAL,enabled_symmetric_teaching_top_stack,0.0,0.01,0.0,0.3,channel,0.001,4.350000000000001e-06,10.0,43.50000000000001,0.01,1e+16
p2_bulk_nga_5e17_common_primary,NGA 5e17 common-primary state,top_primary,interface_4x,T03_P2_BULK_TRAPS_FORMAL,enabled_symmetric_teaching_top_stack,0.0,0.01,0.0,0.3,channel,0.001,4.425e-06,10.0,44.25,0.01,1e+16
p2_bulk_nga_5e17_common_primary,NGA 5e17 common-primary state,top_primary,interface_4x,T03_P2_BULK_TRAPS_FORMAL,enabled_symmetric_teaching_top_stack,0.0,0.01,0.0,0.3,channel,0.001,4.5e-06,10.0,45.0,0.01,1e+16
p2_bulk_nga_5e17_common_primary,NGA 5e17 common-primary state,top_primary,interface_4x,T03_P2_BULK_TRAPS_FORMAL,enabled_symmetric_teaching_top_stack,0.0,0.01,0.0,0.3,channel,0.001,4.575e-06,10.0,45.75,0.01,1e+16
p2_bulk_nga_5e17_common_primary,NGA 5e17 common-primary state,top_primary,interface_4x,T03_P2_BULK_TRAPS_FORMAL,enabled_symmetric_teaching_top_stack,0.0,0.01,0.0,0.3,channel,0.001,4.65e-06,10.0,46.50000000000001,0.01,1e+16
p2_bulk_nga_5e17_common_primary,NGA 5e17 common-primary state,top_primary,interface_4x,T03_P2_BULK_TRAPS_FORMAL,enabled_symmetric_teaching_top_stack,0.0,0.01,0.0,0.3,channel,0.001,4.7250000000000005e-06,10.0,47.25000000000001,0.01,1e+16
p2_bulk_nga_5e17_common_primary,NGA 5e17 common-primary state,top_primary,interface_4x,T03_P2_BULK_TRAPS_FORMAL,enabled_symmetric_teaching_top_stack,0.0,0.01,0.0,0.3,channel,0.001,4.8e-06,10.0,48.0,0.01,1e+16
p2_bulk_nga_5e17_common_primary,NGA 5e17 common-primary state,top_primary,interface_4x,T03_P2_BULK_TRAPS_FORMAL,enabled_symmetric_teaching_top_stack,0.0,0.01,0.0,0.3,channel,0.001,4.875e-06,10.0,48.75,0.01,1e+16
p2_bulk_nga_5e17_common_primary,NGA 5e17 common-primary state,top_primary,interface_4x,T03_P2_BULK_TRAPS_FORMAL,enabled_symmetric_teaching_top_stack,0.0,0.01,0.0,0.3,channel,0.001,4.95e-06,10.0,49.5,0.01,1e+16
p2_bulk_nga_5e17_common_primary,NGA 5e17 common-primary state,top_primary,interface_4x,T03_P2_BULK_TRAPS_FORMAL,enabled_symmetric_teaching_top_stack,0.0,0.01,0.0,0.3,channel,0.001,5.025e-06,10.0,50.25,0.01,1e+16
p2_bulk_nga_5e17_common_primary,NGA 5e17 common-primary state,top_primary,interface_4x,T03_P2_BULK_TRAPS_FORMAL,enabled_symmetric_teaching_top_stack,0.0,0.01,0.0,0.3,channel,0.001,5.1e-06,10.0,51.0,0.01,1e+16
p2_bulk_nga_5e17_common_primary,NGA 5e17 common-primary state,top_primary,interface_4x,T03_P2_BULK_TRAPS_FORMAL,enabled_symmetric_teaching_top_stack,0.0,0.01,0.0,0.3,channel,0.001,5.1750000000000004e-06,10.0,51.75000000000001,0.01,1e+16
p2_bulk_nga_5e17_common_primary,NGA 5e17 common-primary state,top_primary,interface_4x,T03_P2_BULK_TRAPS_FORMAL,enabled_symmetric_teaching_top_stack,0.0,0.01,0.0,0.3,channel,0.001,5.2500000000000006e-06,10.0,52.50000000000001,0.01,1e+16
p2_bulk_nga_5e17_common_primary,NGA 5e17 common-primary state,top_primary,interface_4x,T03_P2_BULK_TRAPS_FORMAL,enabled_symmetric_teaching_top_stack,0.0,0.01,0.0,0.3,channel,0.001,5.325e-06,10.0,53.25,0.01,1e+16
p2_bulk_nga_5e17_common_primary,NGA 5e17 common-primary state,top_primary,interface_4x,T03_P2_BULK_TRAPS_FORMAL,enabled_symmetric_teaching_top_stack,0.0,0.01,0.0,0.3,channel,0.001,5.4e-06,10.0,54.0,0.01,1e+16
p2_bulk_nga_5e17_common_primary,NGA 5e17 common-primary state,top_primary,interface_4x,T03_P2_BULK_TRAPS_FORMAL,enabled_symmetric_teaching_top_stack,0.0,0.01,0.0,0.3,top_oxide,0.0,5.4e-06,0.0,54.0,0.297333145036488,
p2_bulk_nga_5e17_common_primary,NGA 5e17 common-primary state,top_primary,interface_4x,T03_P2_BULK_TRAPS_FORMAL,enabled_symmetric_teaching_top_stack,0.0,0.01,0.0,0.3,top_oxide,0.0,5.525e-06,0.0,55.24999999999999,0.2973400441036222,
p2_bulk_nga_5e17_common_primary,NGA 5e17 common-primary state,top_primary,interface_4x,T03_P2_BULK_TRAPS_FORMAL,enabled_symmetric_teaching_top_stack,0.0,0.01,0.0,0.3,top_oxide,2.5e-05,5.4e-06,0.25,54.0,0.021370459668104396,
p2_bulk_nga_5e17_common_primary,NGA 5e17 common-primary state,top_primary,interface_4x,T03_P2_BULK_TRAPS_FORMAL,enabled_symmetric_teaching_top_stack,0.0,0.01,0.0,0.3,top_oxide,2.5e-05,5.525e-06,0.25,55.24999999999999,0.033031930158809016,
p2_bulk_nga_5e17_common_primary,NGA 5e17 common-primary state,top_primary,interface_4x,T03_P2_BULK_TRAPS_FORMAL,enabled_symmetric_teaching_top_stack,0.0,0.01,0.0,0.3,top_oxide,0.0,5.65e-06,0.0,56.5,0.29736015857645365,
p2_bulk_nga_5e17_common_primary,NGA 5e17 common-primary state,top_primary,interface_4x,T03_P2_BULK_TRAPS_FORMAL,enabled_symmetric_teaching_top_stack,0.0,0.01,0.0,0.3,top_oxide,2.5e-05,5.65e-06,0.25,56.5,0.04468681329648081,
p2_bulk_nga_5e17_common_primary,NGA 5e17 common-primary state,top_primary,interface_4x,T03_P2_BULK_TRAPS_FORMAL,enabled_symmetric_teaching_top_stack,0.0,0.01,0.0,0.3,top_oxide,0.0,5.775e-06,0.0,57.75,0.2973929067165491,
p2_bulk_nga_5e17_common_primary,NGA 5e17 common-primary state,top_primary,interface_4x,T03_P2_BULK_TRAPS_FORMAL,enabled_symmetric_teaching_top_stack,0.0,0.01,0.0,0.3,top_oxide,2.5e-05,5.775e-06,0.25,57.75,0.05633540024999241,
p2_bulk_nga_5e17_common_primary,NGA 5e17 common-primary state,top_primary,interface_4x,T03_P2_BULK_TRAPS_FORMAL,enabled_symmetric_teaching_top_stack,0.0,0.01,0.0,0.3,top_oxide,0.0,5.899999999999999e-06,0.0,58.99999999999999,0.29743770773196787,
p2_bulk_nga_5e17_common_primary,NGA 5e17 common-primary state,top_primary,interface_4x,T03_P2_BULK_TRAPS_FORMAL,enabled_symmetric_teaching_top_stack,0.0,0.01,0.0,0.3,top_oxide,2.5e-05,5.899999999999999e-06,0.25,58.99999999999999,0.06797798155810364,
p2_bulk_nga_5e17_common_primary,NGA 5e17 common-primary state,top_primary,interface_4x,T03_P2_BULK_TRAPS_FORMAL,enabled_symmetric_teaching_top_stack,0.0,0.01,0.0,0.3,top_oxide,0.0,6.025e-06,0.0,60.25,0.29749398173369535,
p2_bulk_nga_5e17_common_primary,NGA 5e17 common-primary state,top_primary,interface_4x,T03_P2_BULK_TRAPS_FORMAL,enabled_symmetric_teaching_top_stack,0.0,0.01,0.0,0.3,top_oxide,2.5e-05,6.025e-06,0.25,60.25,0.07961484715851047,
p2_bulk_nga_5e17_common_primary,NGA 5e17 common-primary state,top_primary,interface_4x,T03_P2_BULK_TRAPS_FORMAL,enabled_symmetric_teaching_top_stack,0.0,0.01,0.0,0.3,top_oxide,0.0,6.1499999999999996e-06,0.0,61.49999999999999,0.2975611496921516,
p2_bulk_nga_5e17_common_primary,NGA 5e17 common-primary state,top_primary,interface_4x,T03_P2_BULK_TRAPS_FORMAL,enabled_symmetric_teaching_top_stack,0.0,0.01,0.0,0.3,top_oxide,2.5e-05,6.1499999999999996e-06,0.25,61.49999999999999,0.09124628641683763,
p2_bulk_nga_5e17_common_primary,NGA 5e17 common-primary state,top_primary,interface_4x,T03_P2_BULK_TRAPS_FORMAL,enabled_symmetric_teaching_top_stack,0.0,0.01,0.0,0.3,top_oxide,0.0,6.275e-06,0.0,62.75,0.29763863339377156,
p2_bulk_nga_5e17_common_primary,NGA 5e17 common-primary state,top_primary,interface_4x,T03_P2_BULK_TRAPS_FORMAL,enabled_symmetric_teaching_top_stack,0.0,0.01,0.0,0.3,top_oxide,2.5e-05,6.275e-06,0.25,62.75,0.10287258815557841,
p2_bulk_nga_5e17_common_primary,NGA 5e17 common-primary state,top_primary,interface_4x,T03_P2_BULK_TRAPS_FORMAL,enabled_symmetric_teaching_top_stack,0.0,0.01,0.0,0.3,top_oxide,0.0,6.4e-06,0.0,64.0,0.29772585539765345,
p2_bulk_nga_5e17_common_primary,NGA 5e17 common-primary state,top_primary,interface_4x,T03_P2_BULK_TRAPS_FORMAL,enabled_symmetric_teaching_top_stack,0.0,0.01,0.0,0.3,top_oxide,2.5e-05,6.4e-06,0.25,64.0,0.11449404068298229,
p2_bulk_nga_5e17_common_primary,NGA 5e17 common-primary state,top_primary,interface_4x,T03_P2_BULK_TRAPS_FORMAL,enabled_symmetric_teaching_top_stack,0.0,0.01,0.0,0.3,top_oxide,0.0,6.9e-06,0.0,69.0,0.2981663593205384,
p2_bulk_nga_5e17_common_primary,NGA 5e17 common-primary state,top_primary,interface_4x,T03_P2_BULK_TRAPS_FORMAL,enabled_symmetric_teaching_top_stack,0.0,0.01,0.0,0.3,top_oxide,2.5e-05,6.9e-06,0.25,69.0,0.16093423690769254,
p2_bulk_nga_5e17_common_primary,NGA 5e17 common-primary state,top_primary,interface_4x,T03_P2_BULK_TRAPS_FORMAL,enabled_symmetric_teaching_top_stack,0.0,0.01,0.0,0.3,top_oxide,0.0,7.4e-06,0.0,74.0,0.29871664894135364,
p2_bulk_nga_5e17_common_primary,NGA 5e17 common-primary state,top_primary,interface_4x,T03_P2_BULK_TRAPS_FORMAL,enabled_symmetric_teaching_top_stack,0.0,0.01,0.0,0.3,top_oxide,2.5e-05,7.4e-06,0.25,74.0,0.2073197985213055,
p2_bulk_nga_5e17_common_primary,NGA 5e17 common-primary state,top_primary,interface_4x,T03_P2_BULK_TRAPS_FORMAL,enabled_symmetric_teaching_top_stack,0.0,0.01,0.0,0.3,top_oxide,0.0,7.9e-06,0.0,79.0,0.2993400560425049,
p2_bulk_nga_5e17_common_primary,NGA 5e17 common-primary state,top_primary,interface_4x,T03_P2_BULK_TRAPS_FORMAL,enabled_symmetric_teaching_top_stack,0.0,0.01,0.0,0.3,top_oxide,2.5e-05,7.9e-06,0.25,79.0,0.2536689856127699,
p2_bulk_nga_5e17_common_primary,NGA 5e17 common-primary state,top_primary,interface_4x,T03_P2_BULK_TRAPS_FORMAL,enabled_symmetric_teaching_top_stack,0.0,0.01,0.0,0.3,top_oxide,0.0,8.400000000000001e-06,0.0,84.00000000000001,0.3,
p2_bulk_nga_5e17_common_primary,NGA 5e17 common-primary state,top_primary,interface_4x,T03_P2_BULK_TRAPS_FORMAL,enabled_symmetric_teaching_top_stack,0.0,0.01,0.0,0.3,top_oxide,2.5e-05,8.400000000000001e-06,0.25,84.00000000000001,0.3,
p2_bulk_nga_5e17_common_primary,NGA 5e17 common-primary state,top_primary,interface_4x,T03_P2_BULK_TRAPS_FORMAL,enabled_symmetric_teaching_top_stack,0.0,0.01,0.0,0.3,top_oxide,5e-05,5.4e-06,0.5,54.0,0.02057501938180901,
p2_bulk_nga_5e17_common_primary,NGA 5e17 common-primary state,top_primary,interface_4x,T03_P2_BULK_TRAPS_FORMAL,enabled_symmetric_teaching_top_stack,0.0,0.01,0.0,0.3,top_oxide,5e-05,5.525e-06,0.5,55.24999999999999,0.03221793753034238,
p2_bulk_nga_5e17_common_primary,NGA 5e17 common-primary state,top_primary,interface_4x,T03_P2_BULK_TRAPS_FORMAL,enabled_symmetric_teaching_top_stack,0.0,0.01,0.0,0.3,top_oxide,5e-05,5.65e-06,0.5,56.5,0.043860834420919426,
p2_bulk_nga_5e17_common_primary,NGA 5e17 common-primary state,top_primary,interface_4x,T03_P2_BULK_TRAPS_FORMAL,enabled_symmetric_teaching_top_stack,0.0,0.01,0.0,0.3,top_oxide,5e-05,5.775e-06,0.5,57.75,0.055503709798288246,
p2_bulk_nga_5e17_common_primary,NGA 5e17 common-primary state,top_primary,interface_4x,T03_P2_BULK_TRAPS_FORMAL,enabled_symmetric_teaching_top_stack,0.0,0.01,0.0,0.3,top_oxide,5e-05,5.899999999999999e-06,0.5,58.99999999999999,0.06714656356353126,
p2_bulk_nga_5e17_common_primary,NGA 5e17 common-primary state,top_primary,interface_4x,T03_P2_BULK_TRAPS_FORMAL,enabled_symmetric_teaching_top_stack,0.0,0.01,0.0,0.3,top_oxide,5e-05,6.025e-06,0.5,60.25,0.07878939576679643,
p2_bulk_nga_5e17_common_primary,NGA 5e17 common-primary state,top_primary,interface_4x,T03_P2_BULK_TRAPS_FORMAL,enabled_symmetric_teaching_top_stack,0.0,0.01,0.0,0.3,top_oxide,5e-05,6.1499999999999996e-06,0.5,61.49999999999999,0.09043220660005098,
p2_bulk_nga_5e17_common_primary,NGA 5e17 common-primary state,top_primary,interface_4x,T03_P2_BULK_TRAPS_FORMAL,enabled_symmetric_teaching_top_stack,0.0,0.01,0.0,0.3,top_oxide,5e-05,6.275e-06,0.5,62.75,0.10207499638985727,
p2_bulk_nga_5e17_common_primary,NGA 5e17 common-primary state,top_primary,interface_4x,T03_P2_BULK_TRAPS_FORMAL,enabled_symmetric_teaching_top_stack,0.0,0.01,0.0,0.3,top_oxide,5e-05,6.4e-06,0.5,64.0,0.1137177655901677,
p2_bulk_nga_5e17_common_primary,NGA 5e17 common-primary state,top_primary,interface_4x,T03_P2_BULK_TRAPS_FORMAL,enabled_symmetric_teaching_top_stack,0.0,0.01,0.0,0.3,top_oxide,5e-05,6.9e-06,0.5,69.0,0.16028864223802977,
p2_bulk_nga_5e17_common_primary,NGA 5e17 common-primary state,top_primary,interface_4x,T03_P2_BULK_TRAPS_FORMAL,enabled_symmetric_teaching_top_stack,0.0,0.01,0.0,0.3,top_oxide,5e-05,7.4e-06,0.5,74.0,0.2068592534726911,
p2_bulk_nga_5e17_common_primary,NGA 5e17 common-primary state,top_primary,interface_4x,T03_P2_BULK_TRAPS_FORMAL,enabled_symmetric_teaching_top_stack,0.0,0.01,0.0,0.3,top_oxide,5e-05,7.9e-06,0.5,79.0,0.2534296757687344,
p2_bulk_nga_5e17_common_primary,NGA 5e17 common-primary state,top_primary,interface_4x,T03_P2_BULK_TRAPS_FORMAL,enabled_symmetric_teaching_top_stack,0.0,0.01,0.0,0.3,top_oxide,5e-05,8.400000000000001e-06,0.5,84.00000000000001,0.3,
p2_bulk_nga_5e17_common_primary,NGA 5e17 common-primary state,top_primary,interface_4x,T03_P2_BULK_TRAPS_FORMAL,enabled_symmetric_teaching_top_stack,0.0,0.01,0.0,0.3,top_oxide,7.500000000000001e-05,5.4e-06,0.7500000000000001,54.0,0.02061314223521758,
p2_bulk_nga_5e17_common_primary,NGA 5e17 common-primary state,top_primary,interface_4x,T03_P2_BULK_TRAPS_FORMAL,enabled_symmetric_teaching_top_stack,0.0,0.01,0.0,0.3,top_oxide,7.500000000000001e-05,5.525e-06,0.7500000000000001,55.24999999999999,0.03225426315827694,
p2_bulk_nga_5e17_common_primary,NGA 5e17 common-primary state,top_primary,interface_4x,T03_P2_BULK_TRAPS_FORMAL,enabled_symmetric_teaching_top_stack,0.0,0.01,0.0,0.3,top_oxide,7.500000000000001e-05,5.65e-06,0.7500000000000001,56.5,0.04389538387140497,
p2_bulk_nga_5e17_common_primary,NGA 5e17 common-primary state,top_primary,interface_4x,T03_P2_BULK_TRAPS_FORMAL,enabled_symmetric_teaching_top_stack,0.0,0.01,0.0,0.3,top_oxide,7.500000000000001e-05,5.775e-06,0.7500000000000001,57.75,0.055536504378850826,
p2_bulk_nga_5e17_common_primary,NGA 5e17 common-primary state,top_primary,interface_4x,T03_P2_BULK_TRAPS_FORMAL,enabled_symmetric_teaching_top_stack,0.0,0.01,0.0,0.3,top_oxide,7.500000000000001e-05,5.899999999999999e-06,0.7500000000000001,58.99999999999999,0.0671776246853916,
p2_bulk_nga_5e17_common_primary,NGA 5e17 common-primary state,top_primary,interface_4x,T03_P2_BULK_TRAPS_FORMAL,enabled_symmetric_teaching_top_stack,0.0,0.01,0.0,0.3,top_oxide,7.500000000000001e-05,6.025e-06,0.7500000000000001,60.25,0.07881874479633473,
p2_bulk_nga_5e17_common_primary,NGA 5e17 common-primary state,top_primary,interface_4x,T03_P2_BULK_TRAPS_FORMAL,enabled_symmetric_teaching_top_stack,0.0,0.01,0.0,0.3,top_oxide,7.500000000000001e-05,6.1499999999999996e-06,0.7500000000000001,61.49999999999999,0.09045986471751687,
p2_bulk_nga_5e17_common_primary,NGA 5e17 common-primary state,top_primary,interface_4x,T03_P2_BULK_TRAPS_FORMAL,enabled_symmetric_teaching_top_stack,0.0,0.01,0.0,0.3,top_oxide,7.500000000000001e-05,6.275e-06,0.7500000000000001,62.75,0.10210098445529985,
p2_bulk_nga_5e17_common_primary,NGA 5e17 common-primary state,top_primary,interface_4x,T03_P2_BULK_TRAPS_FORMAL,enabled_symmetric_teaching_top_stack,0.0,0.01,0.0,0.3,top_oxide,7.500000000000001e-05,6.4e-06,0.7500000000000001,64.0,0.11374210401656218,
p2_bulk_nga_5e17_common_primary,NGA 5e17 common-primary state,top_primary,interface_4x,T03_P2_BULK_TRAPS_FORMAL,enabled_symmetric_teaching_top_stack,0.0,0.01,0.0,0.3,top_oxide,7.500000000000001e-05,6.9e-06,0.7500000000000001,69.0,0.1603065805702535,
p2_bulk_nga_5e17_common_primary,NGA 5e17 common-primary state,top_primary,interface_4x,T03_P2_BULK_TRAPS_FORMAL,enabled_symmetric_teaching_top_stack,0.0,0.01,0.0,0.3,top_oxide,7.500000000000001e-05,7.4e-06,0.7500000000000001,74.0,0.20687105496911906,
p2_bulk_nga_5e17_common_primary,NGA 5e17 common-primary state,top_primary,interface_4x,T03_P2_BULK_TRAPS_FORMAL,enabled_symmetric_teaching_top_stack,0.0,0.01,0.0,0.3,top_oxide,7.500000000000001e-05,7.9e-06,0.7500000000000001,79.0,0.2534355278689681,
p2_bulk_nga_5e17_common_primary,NGA 5e17 common-primary state,top_primary,interface_4x,T03_P2_BULK_TRAPS_FORMAL,enabled_symmetric_teaching_top_stack,0.0,0.01,0.0,0.3,top_oxide,7.500000000000001e-05,8.400000000000001e-06,0.7500000000000001,84.00000000000001,0.3,
p2_bulk_nga_5e17_common_primary,NGA 5e17 common-primary state,top_primary,interface_4x,T03_P2_BULK_TRAPS_FORMAL,enabled_symmetric_teaching_top_stack,0.0,0.01,0.0,0.3,top_oxide,0.0001,5.4e-06,1.0,54.0,0.02065981147368707,
p2_bulk_nga_5e17_common_primary,NGA 5e17 common-primary state,top_primary,interface_4x,T03_P2_BULK_TRAPS_FORMAL,enabled_symmetric_teaching_top_stack,0.0,0.01,0.0,0.3,top_oxide,0.0001,5.525e-06,1.0,55.24999999999999,0.03229898604253267,
p2_bulk_nga_5e17_common_primary,NGA 5e17 common-primary state,top_primary,interface_4x,T03_P2_BULK_TRAPS_FORMAL,enabled_symmetric_teaching_top_stack,0.0,0.01,0.0,0.3,top_oxide,0.0001,5.65e-06,1.0,56.5,0.043938160605641714,
p2_bulk_nga_5e17_common_primary,NGA 5e17 common-primary state,top_primary,interface_4x,T03_P2_BULK_TRAPS_FORMAL,enabled_symmetric_teaching_top_stack,0.0,0.01,0.0,0.3,top_oxide,0.0001,5.775e-06,1.0,57.75,0.05557733516322199,
p2_bulk_nga_5e17_common_primary,NGA 5e17 common-primary state,top_primary,interface_4x,T03_P2_BULK_TRAPS_FORMAL,enabled_symmetric_teaching_top_stack,0.0,0.01,0.0,0.3,top_oxide,0.0001,5.899999999999999e-06,1.0,58.99999999999999,0.06721650971548644,
p2_bulk_nga_5e17_common_primary,NGA 5e17 common-primary state,top_primary,interface_4x,T03_P2_BULK_TRAPS_FORMAL,enabled_symmetric_teaching_top_stack,0.0,0.01,0.0,0.3,top_oxide,0.0001,6.025e-06,1.0,60.25,0.07885568426265288,
p2_bulk_nga_5e17_common_primary,NGA 5e17 common-primary state,top_primary,interface_4x,T03_P2_BULK_TRAPS_FORMAL,enabled_symmetric_teaching_top_stack,0.0,0.01,0.0,0.3,top_oxide,0.0001,6.1499999999999996e-06,1.0,61.49999999999999,0.09049485880494357,
p2_bulk_nga_5e17_common_primary,NGA 5e17 common-primary state,top_primary,interface_4x,T03_P2_BULK_TRAPS_FORMAL,enabled_symmetric_teaching_top_stack,0.0,0.01,0.0,0.3,top_oxide,0.0001,6.275e-06,1.0,62.75,0.10213403334258568,
p2_bulk_nga_5e17_common_primary,NGA 5e17 common-primary state,top_primary,interface_4x,T03_P2_BULK_TRAPS_FORMAL,enabled_symmetric_teaching_top_stack,0.0,0.01,0.0,0.3,top_oxide,0.0001,6.4e-06,1.0,64.0,0.11377320787581047,
p2_bulk_nga_5e17_common_primary,NGA 5e17 common-primary state,top_primary,interface_4x,T03_P2_BULK_TRAPS_FORMAL,enabled_symmetric_teaching_top_stack,0.0,0.01,0.0,0.3,top_oxide,0.0001,6.9e-06,1.0,69.0,0.1603299059668943,
p2_bulk_nga_5e17_common_primary,NGA 5e17 common-primary state,top_primary,interface_4x,T03_P2_BULK_TRAPS_FORMAL,enabled_symmetric_teaching_top_stack,0.0,0.01,0.0,0.3,top_oxide,0.0001,7.4e-06,1.0,74.0,0.20688660400681047,
p2_bulk_nga_5e17_common_primary,NGA 5e17 common-primary state,top_primary,interface_4x,T03_P2_BULK_TRAPS_FORMAL,enabled_symmetric_teaching_top_stack,0.0,0.01,0.0,0.3,top_oxide,0.0001,7.9e-06,1.0,79.0,0.253443302012129,
p2_bulk_nga_5e17_common_primary,NGA 5e17 common-primary state,top_primary,interface_4x,T03_P2_BULK_TRAPS_FORMAL,enabled_symmetric_teaching_top_stack,0.0,0.01,0.0,0.3,top_oxide,0.0001,8.400000000000001e-06,1.0,84.00000000000001,0.3,
p2_bulk_nga_5e17_common_primary,NGA 5e17 common-primary state,top_primary,interface_4x,T03_P2_BULK_TRAPS_FORMAL,enabled_symmetric_teaching_top_stack,0.0,0.01,0.0,0.3,top_oxide,0.000125,5.4e-06,1.25,54.0,0.020706718292127547,
p2_bulk_nga_5e17_common_primary,NGA 5e17 common-primary state,top_primary,interface_4x,T03_P2_BULK_TRAPS_FORMAL,enabled_symmetric_teaching_top_stack,0.0,0.01,0.0,0.3,top_oxide,0.000125,5.525e-06,1.25,55.24999999999999,0.03234393839171971,
p2_bulk_nga_5e17_common_primary,NGA 5e17 common-primary state,top_primary,interface_4x,T03_P2_BULK_TRAPS_FORMAL,enabled_symmetric_teaching_top_stack,0.0,0.01,0.0,0.3,top_oxide,0.000125,5.65e-06,1.25,56.5,0.04398115848771778,
p2_bulk_nga_5e17_common_primary,NGA 5e17 common-primary state,top_primary,interface_4x,T03_P2_BULK_TRAPS_FORMAL,enabled_symmetric_teaching_top_stack,0.0,0.01,0.0,0.3,top_oxide,0.000125,5.775e-06,1.25,57.75,0.05561837858027746,
p2_bulk_nga_5e17_common_primary,NGA 5e17 common-primary state,top_primary,interface_4x,T03_P2_BULK_TRAPS_FORMAL,enabled_symmetric_teaching_top_stack,0.0,0.01,0.0,0.3,top_oxide,0.000125,5.899999999999999e-06,1.25,58.99999999999999,0.0672555986695547,
p2_bulk_nga_5e17_common_primary,NGA 5e17 common-primary state,top_primary,interface_4x,T03_P2_BULK_TRAPS_FORMAL,enabled_symmetric_teaching_top_stack,0.0,0.01,0.0,0.3,top_oxide,0.000125,6.025e-06,1.25,60.25,0.07889281875570553,
p2_bulk_nga_5e17_common_primary,NGA 5e17 common-primary state,top_primary,interface_4x,T03_P2_BULK_TRAPS_FORMAL,enabled_symmetric_teaching_top_stack,0.0,0.01,0.0,0.3,top_oxide,0.000125,6.1499999999999996e-06,1.25,61.49999999999999,0.09053003883888576,
p2_bulk_nga_5e17_common_primary,NGA 5e17 common-primary state,top_primary,interface_4x,T03_P2_BULK_TRAPS_FORMAL,enabled_symmetric_teaching_top_stack,0.0,0.01,0.0,0.3,top_oxide,0.000125,6.275e-06,1.25,62.75,0.1021672589192516,
p2_bulk_nga_5e17_common_primary,NGA 5e17 common-primary state,top_primary,interface_4x,T03_P2_BULK_TRAPS_FORMAL,enabled_symmetric_teaching_top_stack,0.0,0.01,0.0,0.3,top_oxide,0.000125,6.4e-06,1.25,64.0,0.11380447899695899,
p2_bulk_nga_5e17_common_primary,NGA 5e17 common-primary state,top_primary,interface_4x,T03_P2_BULK_TRAPS_FORMAL,enabled_symmetric_teaching_top_stack,0.0,0.01,0.0,0.3,top_oxide,0.000125,6.9e-06,1.25,69.0,0.16035335928276606,
p2_bulk_nga_5e17_common_primary,NGA 5e17 common-primary state,top_primary,interface_4x,T03_P2_BULK_TRAPS_FORMAL,enabled_symmetric_teaching_top_stack,0.0,0.01,0.0,0.3,top_oxide,0.000125,7.4e-06,1.25,74.0,0.20690223953853595,
p2_bulk_nga_5e17_common_primary,NGA 5e17 common-primary state,top_primary,interface_4x,T03_P2_BULK_TRAPS_FORMAL,enabled_symmetric_teaching_top_stack,0.0,0.01,0.0,0.3,top_oxide,0.000125,7.9e-06,1.25,79.0,0.25345111977427615,
p2_bulk_nga_5e17_common_primary,NGA 5e17 common-primary state,top_primary,interface_4x,T03_P2_BULK_TRAPS_FORMAL,enabled_symmetric_teaching_top_stack,0.0,0.01,0.0,0.3,top_oxide,0.000125,8.400000000000001e-06,1.25,84.00000000000001,0.3,
p2_bulk_nga_5e17_common_primary,NGA 5e17 common-primary state,top_primary,interface_4x,T03_P2_BULK_TRAPS_FORMAL,enabled_symmetric_teaching_top_stack,0.0,0.01,0.0,0.3,top_oxide,0.00015000000000000001,5.4e-06,1.5000000000000002,54.0,0.02075377510815879,
p2_bulk_nga_5e17_common_primary,NGA 5e17 common-primary state,top_primary,interface_4x,T03_P2_BULK_TRAPS_FORMAL,enabled_symmetric_teaching_top_stack,0.0,0.01,0.0,0.3,top_oxide,0.00015000000000000001,5.525e-06,1.5000000000000002,55.24999999999999,0.032389034507263555,
p2_bulk_nga_5e17_common_primary,NGA 5e17 common-primary state,top_primary,interface_4x,T03_P2_BULK_TRAPS_FORMAL,enabled_symmetric_teaching_top_stack,0.0,0.01,0.0,0.3,top_oxide,0.00015000000000000001,5.65e-06,1.5000000000000002,56.5,0.044024293902749374,
p2_bulk_nga_5e17_common_primary,NGA 5e17 common-primary state,top_primary,interface_4x,T03_P2_BULK_TRAPS_FORMAL,enabled_symmetric_teaching_top_stack,0.0,0.01,0.0,0.3,top_oxide,0.00015000000000000001,5.775e-06,1.5000000000000002,57.75,0.05565955329477344,
p2_bulk_nga_5e17_common_primary,NGA 5e17 common-primary state,top_primary,interface_4x,T03_P2_BULK_TRAPS_FORMAL,enabled_symmetric_teaching_top_stack,0.0,0.01,0.0,0.3,top_oxide,0.00015000000000000001,5.899999999999999e-06,1.5000000000000002,58.99999999999999,0.06729481268349317,
p2_bulk_nga_5e17_common_primary,NGA 5e17 common-primary state,top_primary,interface_4x,T03_P2_BULK_TRAPS_FORMAL,enabled_symmetric_teaching_top_stack,0.0,0.01,0.0,0.3,top_oxide,0.00015000000000000001,6.025e-06,1.5000000000000002,60.25,0.078930072069066,
p2_bulk_nga_5e17_common_primary,NGA 5e17 common-primary state,top_primary,interface_4x,T03_P2_BULK_TRAPS_FORMAL,enabled_symmetric_teaching_top_stack,0.0,0.01,0.0,0.3,top_oxide,0.00015000000000000001,6.1499999999999996e-06,1.5000000000000002,61.49999999999999,0.0905653314516491,
p2_bulk_nga_5e17_common_primary,NGA 5e17 common-primary state,top_primary,interface_4x,T03_P2_BULK_TRAPS_FORMAL,enabled_symmetric_teaching_top_stack,0.0,0.01,0.0,0.3,top_oxide,0.00015000000000000001,6.275e-06,1.5000000000000002,62.75,0.1022005908314,
p2_bulk_nga_5e17_common_primary,NGA 5e17 common-primary state,top_primary,interface_4x,T03_P2_BULK_TRAPS_FORMAL,enabled_symmetric_teaching_top_stack,0.0,0.01,0.0,0.3,top_oxide,0.00015000000000000001,6.4e-06,1.5000000000000002,64.0,0.11383585020847586,
p2_bulk_nga_5e17_common_primary,NGA 5e17 common-primary state,top_primary,interface_4x,T03_P2_BULK_TRAPS_FORMAL,enabled_symmetric_teaching_top_stack,0.0,0.01,0.0,0.3,top_oxide,0.00015000000000000001,6.9e-06,1.5000000000000002,69.0,0.1603768876916035,
p2_bulk_nga_5e17_common_primary,NGA 5e17 common-primary state,top_primary,interface_4x,T03_P2_BULK_TRAPS_FORMAL,enabled_symmetric_teaching_top_stack,0.0,0.01,0.0,0.3,top_oxide,0.00015000000000000001,7.4e-06,1.5000000000000002,74.0,0.2069179251445198,
p2_bulk_nga_5e17_common_primary,NGA 5e17 common-primary state,top_primary,interface_4x,T03_P2_BULK_TRAPS_FORMAL,enabled_symmetric_teaching_top_stack,0.0,0.01,0.0,0.3,top_oxide,0.00015000000000000001,7.9e-06,1.5000000000000002,79.0,0.2534589625772951,
p2_bulk_nga_5e17_common_primary,NGA 5e17 common-primary state,top_primary,interface_4x,T03_P2_BULK_TRAPS_FORMAL,enabled_symmetric_teaching_top_stack,0.0,0.01,0.0,0.3,top_oxide,0.00015000000000000001,8.400000000000001e-06,1.5000000000000002,84.00000000000001,0.3,
p2_bulk_nga_5e17_common_primary,NGA 5e17 common-primary state,top_primary,interface_4x,T03_P2_BULK_TRAPS_FORMAL,enabled_symmetric_teaching_top_stack,0.0,0.01,0.0,0.3,top_oxide,0.000175,5.4e-06,1.75,54.0,0.020800982978672965,
p2_bulk_nga_5e17_common_primary,NGA 5e17 common-primary state,top_primary,interface_4x,T03_P2_BULK_TRAPS_FORMAL,enabled_symmetric_teaching_top_stack,0.0,0.01,0.0,0.3,top_oxide,0.000175,5.525e-06,1.75,55.24999999999999,0.03243427538356648,
p2_bulk_nga_5e17_common_primary,NGA 5e17 common-primary state,top_primary,interface_4x,T03_P2_BULK_TRAPS_FORMAL,enabled_symmetric_teaching_top_stack,0.0,0.01,0.0,0.3,top_oxide,0.000175,5.65e-06,1.75,56.5,0.04406756778479126,
p2_bulk_nga_5e17_common_primary,NGA 5e17 common-primary state,top_primary,interface_4x,T03_P2_BULK_TRAPS_FORMAL,enabled_symmetric_teaching_top_stack,0.0,0.01,0.0,0.3,top_oxide,0.000175,5.775e-06,1.75,57.75,0.05570086018250667,
p2_bulk_nga_5e17_common_primary,NGA 5e17 common-primary state,top_primary,interface_4x,T03_P2_BULK_TRAPS_FORMAL,enabled_symmetric_teaching_top_stack,0.0,0.01,0.0,0.3,top_oxide,0.000175,5.899999999999999e-06,1.75,58.99999999999999,0.06733415257687227,
p2_bulk_nga_5e17_common_primary,NGA 5e17 common-primary state,top_primary,interface_4x,T03_P2_BULK_TRAPS_FORMAL,enabled_symmetric_teaching_top_stack,0.0,0.01,0.0,0.3,top_oxide,0.000175,6.025e-06,1.75,60.25,0.07896744496804768,
p2_bulk_nga_5e17_common_primary,NGA 5e17 common-primary state,top_primary,interface_4x,T03_P2_BULK_TRAPS_FORMAL,enabled_symmetric_teaching_top_stack,0.0,0.01,0.0,0.3,top_oxide,0.000175,6.1499999999999996e-06,1.75,61.49999999999999,0.09060073735619226,
p2_bulk_nga_5e17_common_primary,NGA 5e17 common-primary state,top_primary,interface_4x,T03_P2_BULK_TRAPS_FORMAL,enabled_symmetric_teaching_top_stack,0.0,0.01,0.0,0.3,top_oxide,0.000175,6.275e-06,1.75,62.75,0.10223402974146566,
p2_bulk_nga_5e17_common_primary,NGA 5e17 common-primary state,top_primary,interface_4x,T03_P2_BULK_TRAPS_FORMAL,enabled_symmetric_teaching_top_stack,0.0,0.01,0.0,0.3,top_oxide,0.000175,6.4e-06,1.75,64.0,0.11386732212402724,
p2_bulk_nga_5e17_common_primary,NGA 5e17 common-primary state,top_primary,interface_4x,T03_P2_BULK_TRAPS_FORMAL,enabled_symmetric_teaching_top_stack,0.0,0.01,0.0,0.3,top_oxide,0.000175,6.9e-06,1.75,69.0,0.16040049162875153,
p2_bulk_nga_5e17_common_primary,NGA 5e17 common-primary state,top_primary,interface_4x,T03_P2_BULK_TRAPS_FORMAL,enabled_symmetric_teaching_top_stack,0.0,0.01,0.0,0.3,top_oxide,0.000175,7.4e-06,1.75,74.0,0.20693366110284916,
p2_bulk_nga_5e17_common_primary,NGA 5e17 common-primary state,top_primary,interface_4x,T03_P2_BULK_TRAPS_FORMAL,enabled_symmetric_teaching_top_stack,0.0,0.01,0.0,0.3,top_oxide,0.000175,7.9e-06,1.75,79.0,0.253466830556529,
p2_bulk_nga_5e17_common_primary,NGA 5e17 common-primary state,top_primary,interface_4x,T03_P2_BULK_TRAPS_FORMAL,enabled_symmetric_teaching_top_stack,0.0,0.01,0.0,0.3,top_oxide,0.000175,8.400000000000001e-06,1.75,84.00000000000001,0.3,
p2_bulk_nga_5e17_common_primary,NGA 5e17 common-primary state,top_primary,interface_4x,T03_P2_BULK_TRAPS_FORMAL,enabled_symmetric_teaching_top_stack,0.0,0.01,0.0,0.3,top_oxide,0.0002,5.4e-06,2.0,54.0,0.02084834398238688,
p2_bulk_nga_5e17_common_primary,NGA 5e17 common-primary state,top_primary,interface_4x,T03_P2_BULK_TRAPS_FORMAL,enabled_symmetric_teaching_top_stack,0.0,0.01,0.0,0.3,top_oxide,0.0002,5.525e-06,2.0,55.24999999999999,0.03247966301253087,
p2_bulk_nga_5e17_common_primary,NGA 5e17 common-primary state,top_primary,interface_4x,T03_P2_BULK_TRAPS_FORMAL,enabled_symmetric_teaching_top_stack,0.0,0.01,0.0,0.3,top_oxide,0.0002,5.65e-06,2.0,56.5,0.04411098203895487,
p2_bulk_nga_5e17_common_primary,NGA 5e17 common-primary state,top_primary,interface_4x,T03_P2_BULK_TRAPS_FORMAL,enabled_symmetric_teaching_top_stack,0.0,0.01,0.0,0.3,top_oxide,0.0002,5.775e-06,2.0,57.75,0.05574230106182045,
p2_bulk_nga_5e17_common_primary,NGA 5e17 common-primary state,top_primary,interface_4x,T03_P2_BULK_TRAPS_FORMAL,enabled_symmetric_teaching_top_stack,0.0,0.01,0.0,0.3,top_oxide,0.0002,5.899999999999999e-06,2.0,58.99999999999999,0.06737362008128944,
p2_bulk_nga_5e17_common_primary,NGA 5e17 common-primary state,top_primary,interface_4x,T03_P2_BULK_TRAPS_FORMAL,enabled_symmetric_teaching_top_stack,0.0,0.01,0.0,0.3,top_oxide,0.0002,6.025e-06,2.0,60.25,0.07900493909752368,
p2_bulk_nga_5e17_common_primary,NGA 5e17 common-primary state,top_primary,interface_4x,T03_P2_BULK_TRAPS_FORMAL,enabled_symmetric_teaching_top_stack,0.0,0.01,0.0,0.3,top_oxide,0.0002,6.1499999999999996e-06,2.0,61.49999999999999,0.09063625811068474,
p2_bulk_nga_5e17_common_primary,NGA 5e17 common-primary state,top_primary,interface_4x,T03_P2_BULK_TRAPS_FORMAL,enabled_symmetric_teaching_top_stack,0.0,0.01,0.0,0.3,top_oxide,0.0002,6.275e-06,2.0,62.75,0.1022675771209345,
p2_bulk_nga_5e17_common_primary,NGA 5e17 common-primary state,top_primary,interface_4x,T03_P2_BULK_TRAPS_FORMAL,enabled_symmetric_teaching_top_stack,0.0,0.01,0.0,0.3,top_oxide,0.0002,6.4e-06,2.0,64.0,0.11389889612843457,
p2_bulk_nga_5e17_common_primary,NGA 5e17 common-primary state,top_primary,interface_4x,T03_P2_BULK_TRAPS_FORMAL,enabled_symmetric_teaching_top_stack,0.0,0.01,0.0,0.3,top_oxide,0.0002,6.9e-06,2.0,69.0,0.16042417213255622,
p2_bulk_nga_5e17_common_primary,NGA 5e17 common-primary state,top_primary,interface_4x,T03_P2_BULK_TRAPS_FORMAL,enabled_symmetric_teaching_top_stack,0.0,0.01,0.0,0.3,top_oxide,0.0002,7.4e-06,2.0,74.0,0.20694944810562332,
p2_bulk_nga_5e17_common_primary,NGA 5e17 common-primary state,top_primary,interface_4x,T03_P2_BULK_TRAPS_FORMAL,enabled_symmetric_teaching_top_stack,0.0,0.01,0.0,0.3,top_oxide,0.0002,7.9e-06,2.0,79.0,0.25347472405798743,
p2_bulk_nga_5e17_common_primary,NGA 5e17 common-primary state,top_primary,interface_4x,T03_P2_BULK_TRAPS_FORMAL,enabled_symmetric_teaching_top_stack,0.0,0.01,0.0,0.3,top_oxide,0.0002,8.400000000000001e-06,2.0,84.00000000000001,0.3,
p2_bulk_nga_5e17_common_primary,NGA 5e17 common-primary state,top_primary,interface_4x,T03_P2_BULK_TRAPS_FORMAL,enabled_symmetric_teaching_top_stack,0.0,0.01,0.0,0.3,top_oxide,0.00022500000000000002,5.4e-06,2.25,54.0,0.020895860258684593,
p2_bulk_nga_5e17_common_primary,NGA 5e17 common-primary state,top_primary,interface_4x,T03_P2_BULK_TRAPS_FORMAL,enabled_symmetric_teaching_top_stack,0.0,0.01,0.0,0.3,top_oxide,0.00022500000000000002,5.525e-06,2.25,55.24999999999999,0.03252519944439785,
p2_bulk_nga_5e17_common_primary,NGA 5e17 common-primary state,top_primary,interface_4x,T03_P2_BULK_TRAPS_FORMAL,enabled_symmetric_teaching_top_stack,0.0,0.01,0.0,0.3,top_oxide,0.00022500000000000002,5.65e-06,2.25,56.5,0.04415453862633862,
p2_bulk_nga_5e17_common_primary,NGA 5e17 common-primary state,top_primary,interface_4x,T03_P2_BULK_TRAPS_FORMAL,enabled_symmetric_teaching_top_stack,0.0,0.01,0.0,0.3,top_oxide,0.00022500000000000002,5.775e-06,2.25,57.75,0.05578387780467077,
p2_bulk_nga_5e17_common_primary,NGA 5e17 common-primary state,top_primary,interface_4x,T03_P2_BULK_TRAPS_FORMAL,enabled_symmetric_teaching_top_stack,0.0,0.01,0.0,0.3,top_oxide,0.00022500000000000002,5.899999999999999e-06,2.25,58.99999999999999,0.0674132169795584,
p2_bulk_nga_5e17_common_primary,NGA 5e17 common-primary state,top_primary,interface_4x,T03_P2_BULK_TRAPS_FORMAL,enabled_symmetric_teaching_top_stack,0.0,0.01,0.0,0.3,top_oxide,0.00022500000000000002,6.025e-06,2.25,60.25,0.07904255615116562,
p2_bulk_nga_5e17_common_primary,NGA 5e17 common-primary state,top_primary,interface_4x,T03_P2_BULK_TRAPS_FORMAL,enabled_symmetric_teaching_top_stack,0.0,0.01,0.0,0.3,top_oxide,0.00022500000000000002,6.1499999999999996e-06,2.25,61.49999999999999,0.09067189531965629,
p2_bulk_nga_5e17_common_primary,NGA 5e17 common-primary state,top_primary,interface_4x,T03_P2_BULK_TRAPS_FORMAL,enabled_symmetric_teaching_top_stack,0.0,0.01,0.0,0.3,top_oxide,0.00022500000000000002,6.275e-06,2.25,62.75,0.1023012344851946,
p2_bulk_nga_5e17_common_primary,NGA 5e17 common-primary state,top_primary,interface_4x,T03_P2_BULK_TRAPS_FORMAL,enabled_symmetric_teaching_top_stack,0.0,0.01,0.0,0.3,top_oxide,0.00022500000000000002,6.4e-06,2.25,64.0,0.1139305736479444,
p2_bulk_nga_5e17_common_primary,NGA 5e17 common-primary state,top_primary,interface_4x,T03_P2_BULK_TRAPS_FORMAL,enabled_symmetric_teaching_top_stack,0.0,0.01,0.0,0.3,top_oxide,0.00022500000000000002,6.9e-06,2.25,69.0,0.16044793027269982,
p2_bulk_nga_5e17_common_primary,NGA 5e17 common-primary state,top_primary,interface_4x,T03_P2_BULK_TRAPS_FORMAL,enabled_symmetric_teaching_top_stack,0.0,0.01,0.0,0.3,top_oxide,0.00022500000000000002,7.4e-06,2.25,74.0,0.20696528686596252,
p2_bulk_nga_5e17_common_primary,NGA 5e17 common-primary state,top_primary,interface_4x,T03_P2_BULK_TRAPS_FORMAL,enabled_symmetric_teaching_top_stack,0.0,0.01,0.0,0.3,top_oxide,0.00022500000000000002,7.9e-06,2.25,79.0,0.25348264343823007,
p2_bulk_nga_5e17_common_primary,NGA 5e17 common-primary state,top_primary,interface_4x,T03_P2_BULK_TRAPS_FORMAL,enabled_symmetric_teaching_top_stack,0.0,0.01,0.0,0.3,top_oxide,0.00022500000000000002,8.400000000000001e-06,2.25,84.00000000000001,0.3,
p2_bulk_nga_5e17_common_primary,NGA 5e17 common-primary state,top_primary,interface_4x,T03_P2_BULK_TRAPS_FORMAL,enabled_symmetric_teaching_top_stack,0.0,0.01,0.0,0.3,top_oxide,0.00025,5.4e-06,2.5,54.0,0.020943533998594884,
p2_bulk_nga_5e17_common_primary,NGA 5e17 common-primary state,top_primary,interface_4x,T03_P2_BULK_TRAPS_FORMAL,enabled_symmetric_teaching_top_stack,0.0,0.01,0.0,0.3,top_oxide,0.00025,5.525e-06,2.5,55.24999999999999,0.03257088677890363,
p2_bulk_nga_5e17_common_primary,NGA 5e17 common-primary state,top_primary,interface_4x,T03_P2_BULK_TRAPS_FORMAL,enabled_symmetric_teaching_top_stack,0.0,0.01,0.0,0.3,top_oxide,0.00025,5.65e-06,2.5,56.5,0.04419823955538611,
p2_bulk_nga_5e17_common_primary,NGA 5e17 common-primary state,top_primary,interface_4x,T03_P2_BULK_TRAPS_FORMAL,enabled_symmetric_teaching_top_stack,0.0,0.01,0.0,0.3,top_oxide,0.00025,5.775e-06,2.5,57.75,0.05582559232820855,
p2_bulk_nga_5e17_common_primary,NGA 5e17 common-primary state,top_primary,interface_4x,T03_P2_BULK_TRAPS_FORMAL,enabled_symmetric_teaching_top_stack,0.0,0.01,0.0,0.3,top_oxide,0.00025,5.899999999999999e-06,2.5,58.99999999999999,0.06745294509753738,
p2_bulk_nga_5e17_common_primary,NGA 5e17 common-primary state,top_primary,interface_4x,T03_P2_BULK_TRAPS_FORMAL,enabled_symmetric_teaching_top_stack,0.0,0.01,0.0,0.3,top_oxide,0.00025,6.025e-06,2.5,60.25,0.07908029786353903,
p2_bulk_nga_5e17_common_primary,NGA 5e17 common-primary state,top_primary,interface_4x,T03_P2_BULK_TRAPS_FORMAL,enabled_symmetric_teaching_top_stack,0.0,0.01,0.0,0.3,top_oxide,0.00025,6.1499999999999996e-06,2.5,61.49999999999999,0.09070765062637973,
p2_bulk_nga_5e17_common_primary,NGA 5e17 common-primary state,top_primary,interface_4x,T03_P2_BULK_TRAPS_FORMAL,enabled_symmetric_teaching_top_stack,0.0,0.01,0.0,0.3,top_oxide,0.00025,6.275e-06,2.5,62.75,0.10233500338622596,
p2_bulk_nga_5e17_common_primary,NGA 5e17 common-primary state,top_primary,interface_4x,T03_P2_BULK_TRAPS_FORMAL,enabled_symmetric_teaching_top_stack,0.0,0.01,0.0,0.3,top_oxide,0.00025,6.4e-06,2.5,64.0,0.11396235614324397,
p2_bulk_nga_5e17_common_primary,NGA 5e17 common-primary state,top_primary,interface_4x,T03_P2_BULK_TRAPS_FORMAL,enabled_symmetric_teaching_top_stack,0.0,0.01,0.0,0.3,top_oxide,0.00025,6.9e-06,2.5,69.0,0.16047176714469816,
p2_bulk_nga_5e17_common_primary,NGA 5e17 common-primary state,top_primary,interface_4x,T03_P2_BULK_TRAPS_FORMAL,enabled_symmetric_teaching_top_stack,0.0,0.01,0.0,0.3,top_oxide,0.00025,7.4e-06,2.5,74.0,0.20698117811421077,
p2_bulk_nga_5e17_common_primary,NGA 5e17 common-primary state,top_primary,interface_4x,T03_P2_BULK_TRAPS_FORMAL,enabled_symmetric_teaching_top_stack,0.0,0.01,0.0,0.3,top_oxide,0.00025,7.9e-06,2.5,79.0,0.253490589062429,
p2_bulk_nga_5e17_common_primary,NGA 5e17 common-primary state,top_primary,interface_4x,T03_P2_BULK_TRAPS_FORMAL,enabled_symmetric_teaching_top_stack,0.0,0.01,0.0,0.3,top_oxide,0.00025,8.400000000000001e-06,2.5,84.00000000000001,0.3,
p2_bulk_nga_5e17_common_primary,NGA 5e17 common-primary state,top_primary,interface_4x,T03_P2_BULK_TRAPS_FORMAL,enabled_symmetric_teaching_top_stack,0.0,0.01,0.0,0.3,top_oxide,0.00027499999999999996,5.4e-06,2.7499999999999996,54.0,0.020991367446352716,
p2_bulk_nga_5e17_common_primary,NGA 5e17 common-primary state,top_primary,interface_4x,T03_P2_BULK_TRAPS_FORMAL,enabled_symmetric_teaching_top_stack,0.0,0.01,0.0,0.3,top_oxide,0.00027499999999999996,5.525e-06,2.7499999999999996,55.24999999999999,0.0326167271667737,
p2_bulk_nga_5e17_common_primary,NGA 5e17 common-primary state,top_primary,interface_4x,T03_P2_BULK_TRAPS_FORMAL,enabled_symmetric_teaching_top_stack,0.0,0.01,0.0,0.3,top_oxide,0.00027499999999999996,5.65e-06,2.7499999999999996,56.5,0.044242086883313346,
p2_bulk_nga_5e17_common_primary,NGA 5e17 common-primary state,top_primary,interface_4x,T03_P2_BULK_TRAPS_FORMAL,enabled_symmetric_teaching_top_stack,0.0,0.01,0.0,0.3,top_oxide,0.00027499999999999996,5.775e-06,2.7499999999999996,57.75,0.055867446596140256,
p2_bulk_nga_5e17_common_primary,NGA 5e17 common-primary state,top_primary,interface_4x,T03_P2_BULK_TRAPS_FORMAL,enabled_symmetric_teaching_top_stack,0.0,0.01,0.0,0.3,top_oxide,0.00027499999999999996,5.899999999999999e-06,2.7499999999999996,58.99999999999999,0.06749280630542326,
p2_bulk_nga_5e17_common_primary,NGA 5e17 common-primary state,top_primary,interface_4x,T03_P2_BULK_TRAPS_FORMAL,enabled_symmetric_teaching_top_stack,0.0,0.01,0.0,0.3,top_oxide,0.00027499999999999996,6.025e-06,2.7499999999999996,60.25,0.07911816601133119,
p2_bulk_nga_5e17_common_primary,NGA 5e17 common-primary state,top_primary,interface_4x,T03_P2_BULK_TRAPS_FORMAL,enabled_symmetric_teaching_top_stack,0.0,0.01,0.0,0.3,top_oxide,0.00027499999999999996,6.1499999999999996e-06,2.7499999999999996,61.49999999999999,0.09074352571403264,
p2_bulk_nga_5e17_common_primary,NGA 5e17 common-primary state,top_primary,interface_4x,T03_P2_BULK_TRAPS_FORMAL,enabled_symmetric_teaching_top_stack,0.0,0.01,0.0,0.3,top_oxide,0.00027499999999999996,6.275e-06,2.7499999999999996,62.75,0.10236888541369656,
p2_bulk_nga_5e17_common_primary,NGA 5e17 common-primary state,top_primary,interface_4x,T03_P2_BULK_TRAPS_FORMAL,enabled_symmetric_teaching_top_stack,0.0,0.01,0.0,0.3,top_oxide,0.00027499999999999996,6.4e-06,2.7499999999999996,64.0,0.11399424511049151,
p2_bulk_nga_5e17_common_primary,NGA 5e17 common-primary state,top_primary,interface_4x,T03_P2_BULK_TRAPS_FORMAL,enabled_symmetric_teaching_top_stack,0.0,0.01,0.0,0.3,top_oxide,0.00027499999999999996,6.9e-06,2.7499999999999996,69.0,0.16049568387067029,
p2_bulk_nga_5e17_common_primary,NGA 5e17 common-primary state,top_primary,interface_4x,T03_P2_BULK_TRAPS_FORMAL,enabled_symmetric_teaching_top_stack,0.0,0.01,0.0,0.3,top_oxide,0.00027499999999999996,7.4e-06,2.7499999999999996,74.0,0.20699712259844766,
p2_bulk_nga_5e17_common_primary,NGA 5e17 common-primary state,top_primary,interface_4x,T03_P2_BULK_TRAPS_FORMAL,enabled_symmetric_teaching_top_stack,0.0,0.01,0.0,0.3,top_oxide,0.00027499999999999996,7.9e-06,2.7499999999999996,79.0,0.25349856130462406,
p2_bulk_nga_5e17_common_primary,NGA 5e17 common-primary state,top_primary,interface_4x,T03_P2_BULK_TRAPS_FORMAL,enabled_symmetric_teaching_top_stack,0.0,0.01,0.0,0.3,top_oxide,0.00027499999999999996,8.400000000000001e-06,2.7499999999999996,84.00000000000001,0.3,
p2_bulk_nga_5e17_common_primary,NGA 5e17 common-primary state,top_primary,interface_4x,T03_P2_BULK_TRAPS_FORMAL,enabled_symmetric_teaching_top_stack,0.0,0.01,0.0,0.3,top_oxide,0.00030000000000000003,5.4e-06,3.0000000000000004,54.0,0.02103936290114408,
p2_bulk_nga_5e17_common_primary,NGA 5e17 common-primary state,top_primary,interface_4x,T03_P2_BULK_TRAPS_FORMAL,enabled_symmetric_teaching_top_stack,0.0,0.01,0.0,0.3,top_oxide,0.00030000000000000003,5.525e-06,3.0000000000000004,55.24999999999999,0.032662722811395,
p2_bulk_nga_5e17_common_primary,NGA 5e17 common-primary state,top_primary,interface_4x,T03_P2_BULK_TRAPS_FORMAL,enabled_symmetric_teaching_top_stack,0.0,0.01,0.0,0.3,top_oxide,0.00030000000000000003,5.65e-06,3.0000000000000004,56.5,0.04428608271770813,
p2_bulk_nga_5e17_common_primary,NGA 5e17 common-primary state,top_primary,interface_4x,T03_P2_BULK_TRAPS_FORMAL,enabled_symmetric_teaching_top_stack,0.0,0.01,0.0,0.3,top_oxide,0.00030000000000000003,5.775e-06,3.0000000000000004,57.75,0.05590944262025454,
p2_bulk_nga_5e17_common_primary,NGA 5e17 common-primary state,top_primary,interface_4x,T03_P2_BULK_TRAPS_FORMAL,enabled_symmetric_teaching_top_stack,0.0,0.01,0.0,0.3,top_oxide,0.00030000000000000003,5.899999999999999e-06,3.0000000000000004,58.99999999999999,0.0675328025192055,
p2_bulk_nga_5e17_common_primary,NGA 5e17 common-primary state,top_primary,interface_4x,T03_P2_BULK_TRAPS_FORMAL,enabled_symmetric_teaching_top_stack,0.0,0.01,0.0,0.3,top_oxide,0.00030000000000000003,6.025e-06,3.0000000000000004,60.25,0.07915616241473232,
p2_bulk_nga_5e17_common_primary,NGA 5e17 common-primary state,top_primary,interface_4x,T03_P2_BULK_TRAPS_FORMAL,enabled_symmetric_teaching_top_stack,0.0,0.01,0.0,0.3,top_oxide,0.00030000000000000003,6.1499999999999996e-06,3.0000000000000004,61.49999999999999,0.09077952230700603,
p2_bulk_nga_5e17_common_primary,NGA 5e17 common-primary state,top_primary,interface_4x,T03_P2_BULK_TRAPS_FORMAL,enabled_symmetric_teaching_top_stack,0.0,0.01,0.0,0.3,top_oxide,0.00030000000000000003,6.275e-06,3.0000000000000004,62.75,0.10240288219619802,
p2_bulk_nga_5e17_common_primary,NGA 5e17 common-primary state,top_primary,interface_4x,T03_P2_BULK_TRAPS_FORMAL,enabled_symmetric_teaching_top_stack,0.0,0.01,0.0,0.3,top_oxide,0.00030000000000000003,6.4e-06,3.0000000000000004,64.0,0.11402624208247933,
p2_bulk_nga_5e17_common_primary,NGA 5e17 common-primary state,top_primary,interface_4x,T03_P2_BULK_TRAPS_FORMAL,enabled_symmetric_teaching_top_stack,0.0,0.01,0.0,0.3,top_oxide,0.00030000000000000003,6.9e-06,3.0000000000000004,69.0,0.16051968160021088,
p2_bulk_nga_5e17_common_primary,NGA 5e17 common-primary state,top_primary,interface_4x,T03_P2_BULK_TRAPS_FORMAL,enabled_symmetric_teaching_top_stack,0.0,0.01,0.0,0.3,top_oxide,0.00030000000000000003,7.4e-06,3.0000000000000004,74.0,0.20701312108506983,
p2_bulk_nga_5e17_common_primary,NGA 5e17 common-primary state,top_primary,interface_4x,T03_P2_BULK_TRAPS_FORMAL,enabled_symmetric_teaching_top_stack,0.0,0.01,0.0,0.3,top_oxide,0.00030000000000000003,7.9e-06,3.0000000000000004,79.0,0.2535065605480137,
p2_bulk_nga_5e17_common_primary,NGA 5e17 common-primary state,top_primary,interface_4x,T03_P2_BULK_TRAPS_FORMAL,enabled_symmetric_teaching_top_stack,0.0,0.01,0.0,0.3,top_oxide,0.00030000000000000003,8.400000000000001e-06,3.0000000000000004,84.00000000000001,0.3,
p2_bulk_nga_5e17_common_primary,NGA 5e17 common-primary state,top_primary,interface_4x,T03_P2_BULK_TRAPS_FORMAL,enabled_symmetric_teaching_top_stack,0.0,0.01,0.0,0.3,top_oxide,0.00032500000000000004,5.4e-06,3.2500000000000004,54.0,0.021087522718924296,
p2_bulk_nga_5e17_common_primary,NGA 5e17 common-primary state,top_primary,interface_4x,T03_P2_BULK_TRAPS_FORMAL,enabled_symmetric_teaching_top_stack,0.0,0.01,0.0,0.3,top_oxide,0.00032500000000000004,5.525e-06,3.2500000000000004,55.24999999999999,0.03270887597055839,
p2_bulk_nga_5e17_common_primary,NGA 5e17 common-primary state,top_primary,interface_4x,T03_P2_BULK_TRAPS_FORMAL,enabled_symmetric_teaching_top_stack,0.0,0.01,0.0,0.3,top_oxide,0.00032500000000000004,5.65e-06,3.2500000000000004,56.5,0.04433022921819685,
p2_bulk_nga_5e17_common_primary,NGA 5e17 common-primary state,top_primary,interface_4x,T03_P2_BULK_TRAPS_FORMAL,enabled_symmetric_teaching_top_stack,0.0,0.01,0.0,0.3,top_oxide,0.00032500000000000004,5.775e-06,3.2500000000000004,57.75,0.05595158246201325,
p2_bulk_nga_5e17_common_primary,NGA 5e17 common-primary state,top_primary,interface_4x,T03_P2_BULK_TRAPS_FORMAL,enabled_symmetric_teaching_top_stack,0.0,0.01,0.0,0.3,top_oxide,0.00032500000000000004,5.899999999999999e-06,3.2500000000000004,58.99999999999999,0.06757293570218138,
p2_bulk_nga_5e17_common_primary,NGA 5e17 common-primary state,top_primary,interface_4x,T03_P2_BULK_TRAPS_FORMAL,enabled_symmetric_teaching_top_stack,0.0,0.01,0.0,0.3,top_oxide,0.00032500000000000004,6.025e-06,3.2500000000000004,60.25,0.07919428893887505,
p2_bulk_nga_5e17_common_primary,NGA 5e17 common-primary state,top_primary,interface_4x,T03_P2_BULK_TRAPS_FORMAL,enabled_symmetric_teaching_top_stack,0.0,0.01,0.0,0.3,top_oxide,0.00032500000000000004,6.1499999999999996e-06,3.2500000000000004,61.49999999999999,0.09081564217226784,
p2_bulk_nga_5e17_common_primary,NGA 5e17 common-primary state,top_primary,interface_4x,T03_P2_BULK_TRAPS_FORMAL,enabled_symmetric_teaching_top_stack,0.0,0.01,0.0,0.3,top_oxide,0.00032500000000000004,6.275e-06,3.2500000000000004,62.75,0.10243699540253363,
p2_bulk_nga_5e17_common_primary,NGA 5e17 common-primary state,top_primary,interface_4x,T03_P2_BULK_TRAPS_FORMAL,enabled_symmetric_teaching_top_stack,0.0,0.01,0.0,0.3,top_oxide,0.00032500000000000004,6.4e-06,3.2500000000000004,64.0,0.11405834862984598,
p2_bulk_nga_5e17_common_primary,NGA 5e17 common-primary state,top_primary,interface_4x,T03_P2_BULK_TRAPS_FORMAL,enabled_symmetric_teaching_top_stack,0.0,0.01,0.0,0.3,top_oxide,0.00032500000000000004,6.9e-06,3.2500000000000004,69.0,0.1605437615112993,
p2_bulk_nga_5e17_common_primary,NGA 5e17 common-primary state,top_primary,interface_4x,T03_P2_BULK_TRAPS_FORMAL,enabled_symmetric_teaching_top_stack,0.0,0.01,0.0,0.3,top_oxide,0.00032500000000000004,7.4e-06,3.2500000000000004,74.0,0.20702917435939705,
p2_bulk_nga_5e17_common_primary,NGA 5e17 common-primary state,top_primary,interface_4x,T03_P2_BULK_TRAPS_FORMAL,enabled_symmetric_teaching_top_stack,0.0,0.01,0.0,0.3,top_oxide,0.00032500000000000004,7.9e-06,3.2500000000000004,79.0,0.25351458718525777,
p2_bulk_nga_5e17_common_primary,NGA 5e17 common-primary state,top_primary,interface_4x,T03_P2_BULK_TRAPS_FORMAL,enabled_symmetric_teaching_top_stack,0.0,0.01,0.0,0.3,top_oxide,0.00032500000000000004,8.400000000000001e-06,3.2500000000000004,84.00000000000001,0.3,
p2_bulk_nga_5e17_common_primary,NGA 5e17 common-primary state,top_primary,interface_4x,T03_P2_BULK_TRAPS_FORMAL,enabled_symmetric_teaching_top_stack,0.0,0.01,0.0,0.3,top_oxide,0.00035,5.4e-06,3.5,54.0,0.02113584931431085,
p2_bulk_nga_5e17_common_primary,NGA 5e17 common-primary state,top_primary,interface_4x,T03_P2_BULK_TRAPS_FORMAL,enabled_symmetric_teaching_top_stack,0.0,0.01,0.0,0.3,top_oxide,0.00035,5.525e-06,3.5,55.24999999999999,0.03275518895827268,
p2_bulk_nga_5e17_common_primary,NGA 5e17 common-primary state,top_primary,interface_4x,T03_P2_BULK_TRAPS_FORMAL,enabled_symmetric_teaching_top_stack,0.0,0.01,0.0,0.3,top_oxide,0.00035,5.65e-06,3.5,56.5,0.04437452859817957,
p2_bulk_nga_5e17_common_primary,NGA 5e17 common-primary state,top_primary,interface_4x,T03_P2_BULK_TRAPS_FORMAL,enabled_symmetric_teaching_top_stack,0.0,0.01,0.0,0.3,top_oxide,0.00035,5.775e-06,3.5,57.75,0.05599386823420767,
p2_bulk_nga_5e17_common_primary,NGA 5e17 common-primary state,top_primary,interface_4x,T03_P2_BULK_TRAPS_FORMAL,enabled_symmetric_teaching_top_stack,0.0,0.01,0.0,0.3,top_oxide,0.00035,5.899999999999999e-06,3.5,58.99999999999999,0.06761320786653337,
p2_bulk_nga_5e17_common_primary,NGA 5e17 common-primary state,top_primary,interface_4x,T03_P2_BULK_TRAPS_FORMAL,enabled_symmetric_teaching_top_stack,0.0,0.01,0.0,0.3,top_oxide,0.00035,6.025e-06,3.5,60.25,0.07923254749533302,
p2_bulk_nga_5e17_common_primary,NGA 5e17 common-primary state,top_primary,interface_4x,T03_P2_BULK_TRAPS_FORMAL,enabled_symmetric_teaching_top_stack,0.0,0.01,0.0,0.3,top_oxide,0.00035,6.1499999999999996e-06,3.5,61.49999999999999,0.09085188712078282,
p2_bulk_nga_5e17_common_primary,NGA 5e17 common-primary state,top_primary,interface_4x,T03_P2_BULK_TRAPS_FORMAL,enabled_symmetric_teaching_top_stack,0.0,0.01,0.0,0.3,top_oxide,0.00035,6.275e-06,3.5,62.75,0.10247122674305921,
p2_bulk_nga_5e17_common_primary,NGA 5e17 common-primary state,top_primary,interface_4x,T03_P2_BULK_TRAPS_FORMAL,enabled_symmetric_teaching_top_stack,0.0,0.01,0.0,0.3,top_oxide,0.00035,6.4e-06,3.5,64.0,0.11409056636233832,
p2_bulk_nga_5e17_common_primary,NGA 5e17 common-primary state,top_primary,interface_4x,T03_P2_BULK_TRAPS_FORMAL,enabled_symmetric_teaching_top_stack,0.0,0.01,0.0,0.3,top_oxide,0.00035,6.9e-06,3.5,69.0,0.1605679248112461,
p2_bulk_nga_5e17_common_primary,NGA 5e17 common-primary state,top_primary,interface_4x,T03_P2_BULK_TRAPS_FORMAL,enabled_symmetric_teaching_top_stack,0.0,0.01,0.0,0.3,top_oxide,0.00035,7.4e-06,3.5,74.0,0.20704528322630328,
p2_bulk_nga_5e17_common_primary,NGA 5e17 common-primary state,top_primary,interface_4x,T03_P2_BULK_TRAPS_FORMAL,enabled_symmetric_teaching_top_stack,0.0,0.01,0.0,0.3,top_oxide,0.00035,7.9e-06,3.5,79.0,0.2535226416187934,
p2_bulk_nga_5e17_common_primary,NGA 5e17 common-primary state,top_primary,interface_4x,T03_P2_BULK_TRAPS_FORMAL,enabled_symmetric_teaching_top_stack,0.0,0.01,0.0,0.3,top_oxide,0.00035,8.400000000000001e-06,3.5,84.00000000000001,0.3,
p2_bulk_nga_5e17_common_primary,NGA 5e17 common-primary state,top_primary,interface_4x,T03_P2_BULK_TRAPS_FORMAL,enabled_symmetric_teaching_top_stack,0.0,0.01,0.0,0.3,top_oxide,0.000375,5.4e-06,3.75,54.0,0.021184345162554796,
p2_bulk_nga_5e17_common_primary,NGA 5e17 common-primary state,top_primary,interface_4x,T03_P2_BULK_TRAPS_FORMAL,enabled_symmetric_teaching_top_stack,0.0,0.01,0.0,0.3,top_oxide,0.000375,5.525e-06,3.75,55.24999999999999,0.032801664146653836,
p2_bulk_nga_5e17_common_primary,NGA 5e17 common-primary state,top_primary,interface_4x,T03_P2_BULK_TRAPS_FORMAL,enabled_symmetric_teaching_top_stack,0.0,0.01,0.0,0.3,top_oxide,0.000375,5.65e-06,3.75,56.5,0.04441898312663714,
p2_bulk_nga_5e17_common_primary,NGA 5e17 common-primary state,top_primary,interface_4x,T03_P2_BULK_TRAPS_FORMAL,enabled_symmetric_teaching_top_stack,0.0,0.01,0.0,0.3,top_oxide,0.000375,5.775e-06,3.75,57.75,0.05603630210268348,
p2_bulk_nga_5e17_common_primary,NGA 5e17 common-primary state,top_primary,interface_4x,T03_P2_BULK_TRAPS_FORMAL,enabled_symmetric_teaching_top_stack,0.0,0.01,0.0,0.3,top_oxide,0.000375,5.899999999999999e-06,3.75,58.99999999999999,0.0676536210749719,
p2_bulk_nga_5e17_common_primary,NGA 5e17 common-primary state,top_primary,interface_4x,T03_P2_BULK_TRAPS_FORMAL,enabled_symmetric_teaching_top_stack,0.0,0.01,0.0,0.3,top_oxide,0.000375,6.025e-06,3.75,60.25,0.07927094004368143,
p2_bulk_nga_5e17_common_primary,NGA 5e17 common-primary state,top_primary,interface_4x,T03_P2_BULK_TRAPS_FORMAL,enabled_symmetric_teaching_top_stack,0.0,0.01,0.0,0.3,top_oxide,0.000375,6.1499999999999996e-06,3.75,61.49999999999999,0.09088825900899085,
p2_bulk_nga_5e17_common_primary,NGA 5e17 common-primary state,top_primary,interface_4x,T03_P2_BULK_TRAPS_FORMAL,enabled_symmetric_teaching_top_stack,0.0,0.01,0.0,0.3,top_oxide,0.000375,6.275e-06,3.75,62.75,0.10250557797107926,
p2_bulk_nga_5e17_common_primary,NGA 5e17 common-primary state,top_primary,interface_4x,T03_P2_BULK_TRAPS_FORMAL,enabled_symmetric_teaching_top_stack,0.0,0.01,0.0,0.3,top_oxide,0.000375,6.4e-06,3.75,64.0,0.11412289693012548,
p2_bulk_nga_5e17_common_primary,NGA 5e17 common-primary state,top_primary,interface_4x,T03_P2_BULK_TRAPS_FORMAL,enabled_symmetric_teaching_top_stack,0.0,0.01,0.0,0.3,top_oxide,0.000375,6.9e-06,3.75,69.0,0.16059217273767867,
p2_bulk_nga_5e17_common_primary,NGA 5e17 common-primary state,top_primary,interface_4x,T03_P2_BULK_TRAPS_FORMAL,enabled_symmetric_teaching_top_stack,0.0,0.01,0.0,0.3,top_oxide,0.000375,7.4e-06,3.75,74.0,0.20706144851087366,
p2_bulk_nga_5e17_common_primary,NGA 5e17 common-primary state,top_primary,interface_4x,T03_P2_BULK_TRAPS_FORMAL,enabled_symmetric_teaching_top_stack,0.0,0.01,0.0,0.3,top_oxide,0.000375,7.9e-06,3.75,79.0,0.2535307242611632,
p2_bulk_nga_5e17_common_primary,NGA 5e17 common-primary state,top_primary,interface_4x,T03_P2_BULK_TRAPS_FORMAL,enabled_symmetric_teaching_top_stack,0.0,0.01,0.0,0.3,top_oxide,0.000375,8.400000000000001e-06,3.75,84.00000000000001,0.3,
p2_bulk_nga_5e17_common_primary,NGA 5e17 common-primary state,top_primary,interface_4x,T03_P2_BULK_TRAPS_FORMAL,enabled_symmetric_teaching_top_stack,0.0,0.01,0.0,0.3,top_oxide,0.0004,5.4e-06,4.0,54.0,0.021233012801595393,
p2_bulk_nga_5e17_common_primary,NGA 5e17 common-primary state,top_primary,interface_4x,T03_P2_BULK_TRAPS_FORMAL,enabled_symmetric_teaching_top_stack,0.0,0.01,0.0,0.3,top_oxide,0.0004,5.525e-06,4.0,55.24999999999999,0.032848303967894066,
p2_bulk_nga_5e17_common_primary,NGA 5e17 common-primary state,top_primary,interface_4x,T03_P2_BULK_TRAPS_FORMAL,enabled_symmetric_teaching_top_stack,0.0,0.01,0.0,0.3,top_oxide,0.0004,5.65e-06,4.0,56.5,0.04446359513001464,
p2_bulk_nga_5e17_common_primary,NGA 5e17 common-primary state,top_primary,interface_4x,T03_P2_BULK_TRAPS_FORMAL,enabled_symmetric_teaching_top_stack,0.0,0.01,0.0,0.3,top_oxide,0.0004,5.775e-06,4.0,57.75,0.05607888628813861,
p2_bulk_nga_5e17_common_primary,NGA 5e17 common-primary state,top_primary,interface_4x,T03_P2_BULK_TRAPS_FORMAL,enabled_symmetric_teaching_top_stack,0.0,0.01,0.0,0.3,top_oxide,0.0004,5.899999999999999e-06,4.0,58.99999999999999,0.06769417744244773,
p2_bulk_nga_5e17_common_primary,NGA 5e17 common-primary state,top_primary,interface_4x,T03_P2_BULK_TRAPS_FORMAL,enabled_symmetric_teaching_top_stack,0.0,0.01,0.0,0.3,top_oxide,0.0004,6.025e-06,4.0,60.25,0.07930946859312372,
p2_bulk_nga_5e17_common_primary,NGA 5e17 common-primary state,top_primary,interface_4x,T03_P2_BULK_TRAPS_FORMAL,enabled_symmetric_teaching_top_stack,0.0,0.01,0.0,0.3,top_oxide,0.0004,6.1499999999999996e-06,4.0,61.49999999999999,0.0909247597403481,
p2_bulk_nga_5e17_common_primary,NGA 5e17 common-primary state,top_primary,interface_4x,T03_P2_BULK_TRAPS_FORMAL,enabled_symmetric_teaching_top_stack,0.0,0.01,0.0,0.3,top_oxide,0.0004,6.275e-06,4.0,62.75,0.10254005088430267,
p2_bulk_nga_5e17_common_primary,NGA 5e17 common-primary state,top_primary,interface_4x,T03_P2_BULK_TRAPS_FORMAL,enabled_symmetric_teaching_top_stack,0.0,0.01,0.0,0.3,top_oxide,0.0004,6.4e-06,4.0,64.0,0.11415534202516893,
p2_bulk_nga_5e17_common_primary,NGA 5e17 common-primary state,top_primary,interface_4x,T03_P2_BULK_TRAPS_FORMAL,enabled_symmetric_teaching_top_stack,0.0,0.01,0.0,0.3,top_oxide,0.0004,6.9e-06,4.0,69.0,0.16061650655956855,
p2_bulk_nga_5e17_common_primary,NGA 5e17 common-primary state,top_primary,interface_4x,T03_P2_BULK_TRAPS_FORMAL,enabled_symmetric_teaching_top_stack,0.0,0.01,0.0,0.3,top_oxide,0.0004,7.4e-06,4.0,74.0,0.20707767105908945,
p2_bulk_nga_5e17_common_primary,NGA 5e17 common-primary state,top_primary,interface_4x,T03_P2_BULK_TRAPS_FORMAL,enabled_symmetric_teaching_top_stack,0.0,0.01,0.0,0.3,top_oxide,0.0004,7.9e-06,4.0,79.0,0.25353883553535783,
p2_bulk_nga_5e17_common_primary,NGA 5e17 common-primary state,top_primary,interface_4x,T03_P2_BULK_TRAPS_FORMAL,enabled_symmetric_teaching_top_stack,0.0,0.01,0.0,0.3,top_oxide,0.0004,8.400000000000001e-06,4.0,84.00000000000001,0.3,
p2_bulk_nga_5e17_common_primary,NGA 5e17 common-primary state,top_primary,interface_4x,T03_P2_BULK_TRAPS_FORMAL,enabled_symmetric_teaching_top_stack,0.0,0.01,0.0,0.3,top_oxide,0.00042500000000000003,5.4e-06,4.25,54.0,0.021281854834200104,
p2_bulk_nga_5e17_common_primary,NGA 5e17 common-primary state,top_primary,interface_4x,T03_P2_BULK_TRAPS_FORMAL,enabled_symmetric_teaching_top_stack,0.0,0.01,0.0,0.3,top_oxide,0.00042500000000000003,5.525e-06,4.25,55.24999999999999,0.0328951109163126,
p2_bulk_nga_5e17_common_primary,NGA 5e17 common-primary state,top_primary,interface_4x,T03_P2_BULK_TRAPS_FORMAL,enabled_symmetric_teaching_top_stack,0.0,0.01,0.0,0.3,top_oxide,0.00042500000000000003,5.65e-06,4.25,56.5,0.044508366994183035,
p2_bulk_nga_5e17_common_primary,NGA 5e17 common-primary state,top_primary,interface_4x,T03_P2_BULK_TRAPS_FORMAL,enabled_symmetric_teaching_top_stack,0.0,0.01,0.0,0.3,top_oxide,0.00042500000000000003,5.775e-06,4.25,57.75,0.05612162306799569,
p2_bulk_nga_5e17_common_primary,NGA 5e17 common-primary state,top_primary,interface_4x,T03_P2_BULK_TRAPS_FORMAL,enabled_symmetric_teaching_top_stack,0.0,0.01,0.0,0.3,top_oxide,0.00042500000000000003,5.899999999999999e-06,4.25,58.99999999999999,0.06773487913793508,
p2_bulk_nga_5e17_common_primary,NGA 5e17 common-primary state,top_primary,interface_4x,T03_P2_BULK_TRAPS_FORMAL,enabled_symmetric_teaching_top_stack,0.0,0.01,0.0,0.3,top_oxide,0.00042500000000000003,6.025e-06,4.25,60.25,0.07934813520418572,
p2_bulk_nga_5e17_common_primary,NGA 5e17 common-primary state,top_primary,interface_4x,T03_P2_BULK_TRAPS_FORMAL,enabled_symmetric_teaching_top_stack,0.0,0.01,0.0,0.3,top_oxide,0.00042500000000000003,6.1499999999999996e-06,4.25,61.49999999999999,0.09096139126693191,
p2_bulk_nga_5e17_common_primary,NGA 5e17 common-primary state,top_primary,interface_4x,T03_P2_BULK_TRAPS_FORMAL,enabled_symmetric_teaching_top_stack,0.0,0.01,0.0,0.3,top_oxide,0.00042500000000000003,6.275e-06,4.25,62.75,0.10257464732635824,
p2_bulk_nga_5e17_common_primary,NGA 5e17 common-primary state,top_primary,interface_4x,T03_P2_BULK_TRAPS_FORMAL,enabled_symmetric_teaching_top_stack,0.0,0.01,0.0,0.3,top_oxide,0.00042500000000000003,6.4e-06,4.25,64.0,0.11418790338264899,
p2_bulk_nga_5e17_common_primary,NGA 5e17 common-primary state,top_primary,interface_4x,T03_P2_BULK_TRAPS_FORMAL,enabled_symmetric_teaching_top_stack,0.0,0.01,0.0,0.3,top_oxide,0.00042500000000000003,6.9e-06,4.25,69.0,0.16064092757830156,
p2_bulk_nga_5e17_common_primary,NGA 5e17 common-primary state,top_primary,interface_4x,T03_P2_BULK_TRAPS_FORMAL,enabled_symmetric_teaching_top_stack,0.0,0.01,0.0,0.3,top_oxide,0.00042500000000000003,7.4e-06,4.25,74.0,0.20709395173854142,
p2_bulk_nga_5e17_common_primary,NGA 5e17 common-primary state,top_primary,interface_4x,T03_P2_BULK_TRAPS_FORMAL,enabled_symmetric_teaching_top_stack,0.0,0.01,0.0,0.3,top_oxide,0.00042500000000000003,7.9e-06,4.25,79.0,0.25354697587517283,
p2_bulk_nga_5e17_common_primary,NGA 5e17 common-primary state,top_primary,interface_4x,T03_P2_BULK_TRAPS_FORMAL,enabled_symmetric_teaching_top_stack,0.0,0.01,0.0,0.3,top_oxide,0.00042500000000000003,8.400000000000001e-06,4.25,84.00000000000001,0.3,
p2_bulk_nga_5e17_common_primary,NGA 5e17 common-primary state,top_primary,interface_4x,T03_P2_BULK_TRAPS_FORMAL,enabled_symmetric_teaching_top_stack,0.0,0.01,0.0,0.3,top_oxide,0.00045000000000000004,5.4e-06,4.5,54.0,0.021330873930197114,
p2_bulk_nga_5e17_common_primary,NGA 5e17 common-primary state,top_primary,interface_4x,T03_P2_BULK_TRAPS_FORMAL,enabled_symmetric_teaching_top_stack,0.0,0.01,0.0,0.3,top_oxide,0.00045000000000000004,5.525e-06,4.5,55.24999999999999,0.03294208755049524,
p2_bulk_nga_5e17_common_primary,NGA 5e17 common-primary state,top_primary,interface_4x,T03_P2_BULK_TRAPS_FORMAL,enabled_symmetric_teaching_top_stack,0.0,0.01,0.0,0.3,top_oxide,0.00045000000000000004,5.65e-06,4.5,56.5,0.04455330116648567,
p2_bulk_nga_5e17_common_primary,NGA 5e17 common-primary state,top_primary,interface_4x,T03_P2_BULK_TRAPS_FORMAL,enabled_symmetric_teaching_top_stack,0.0,0.01,0.0,0.3,top_oxide,0.00045000000000000004,5.775e-06,4.5,57.75,0.056164514778355545,
p2_bulk_nga_5e17_common_primary,NGA 5e17 common-primary state,top_primary,interface_4x,T03_P2_BULK_TRAPS_FORMAL,enabled_symmetric_teaching_top_stack,0.0,0.01,0.0,0.3,top_oxide,0.00045000000000000004,5.899999999999999e-06,4.5,58.99999999999999,0.06777572838629224,
p2_bulk_nga_5e17_common_primary,NGA 5e17 common-primary state,top_primary,interface_4x,T03_P2_BULK_TRAPS_FORMAL,enabled_symmetric_teaching_top_stack,0.0,0.01,0.0,0.3,top_oxide,0.00045000000000000004,6.025e-06,4.5,60.25,0.07938694199048313,
p2_bulk_nga_5e17_common_primary,NGA 5e17 common-primary state,top_primary,interface_4x,T03_P2_BULK_TRAPS_FORMAL,enabled_symmetric_teaching_top_stack,0.0,0.01,0.0,0.3,top_oxide,0.00045000000000000004,6.1499999999999996e-06,4.5,61.49999999999999,0.09099815559111533,
p2_bulk_nga_5e17_common_primary,NGA 5e17 common-primary state,top_primary,interface_4x,T03_P2_BULK_TRAPS_FORMAL,enabled_symmetric_teaching_top_stack,0.0,0.01,0.0,0.3,top_oxide,0.00045000000000000004,6.275e-06,4.5,62.75,0.10260936918837633,
p2_bulk_nga_5e17_common_primary,NGA 5e17 common-primary state,top_primary,interface_4x,T03_P2_BULK_TRAPS_FORMAL,enabled_symmetric_teaching_top_stack,0.0,0.01,0.0,0.3,top_oxide,0.00045000000000000004,6.4e-06,4.5,64.0,0.11422058278245324,
p2_bulk_nga_5e17_common_primary,NGA 5e17 common-primary state,top_primary,interface_4x,T03_P2_BULK_TRAPS_FORMAL,enabled_symmetric_teaching_top_stack,0.0,0.01,0.0,0.3,top_oxide,0.00045000000000000004,6.9e-06,4.5,69.0,0.1606654371287939,
p2_bulk_nga_5e17_common_primary,NGA 5e17 common-primary state,top_primary,interface_4x,T03_P2_BULK_TRAPS_FORMAL,enabled_symmetric_teaching_top_stack,0.0,0.01,0.0,0.3,top_oxide,0.00045000000000000004,7.4e-06,4.5,74.0,0.207110291439174,
p2_bulk_nga_5e17_common_primary,NGA 5e17 common-primary state,top_primary,interface_4x,T03_P2_BULK_TRAPS_FORMAL,enabled_symmetric_teaching_top_stack,0.0,0.01,0.0,0.3,top_oxide,0.00045000000000000004,7.9e-06,4.5,79.0,0.2535551457255804,
p2_bulk_nga_5e17_common_primary,NGA 5e17 common-primary state,top_primary,interface_4x,T03_P2_BULK_TRAPS_FORMAL,enabled_symmetric_teaching_top_stack,0.0,0.01,0.0,0.3,top_oxide,0.00045000000000000004,8.400000000000001e-06,4.5,84.00000000000001,0.3,
p2_bulk_nga_5e17_common_primary,NGA 5e17 common-primary state,top_primary,interface_4x,T03_P2_BULK_TRAPS_FORMAL,enabled_symmetric_teaching_top_stack,0.0,0.01,0.0,0.3,top_oxide,0.000475,5.4e-06,4.75,54.0,0.021380072828802346,
p2_bulk_nga_5e17_common_primary,NGA 5e17 common-primary state,top_primary,interface_4x,T03_P2_BULK_TRAPS_FORMAL,enabled_symmetric_teaching_top_stack,0.0,0.01,0.0,0.3,top_oxide,0.000475,5.525e-06,4.75,55.24999999999999,0.032989236495524356,
p2_bulk_nga_5e17_common_primary,NGA 5e17 common-primary state,top_primary,interface_4x,T03_P2_BULK_TRAPS_FORMAL,enabled_symmetric_teaching_top_stack,0.0,0.01,0.0,0.3,top_oxide,0.000475,5.65e-06,4.75,56.5,0.04459840015787133,
p2_bulk_nga_5e17_common_primary,NGA 5e17 common-primary state,top_primary,interface_4x,T03_P2_BULK_TRAPS_FORMAL,enabled_symmetric_teaching_top_stack,0.0,0.01,0.0,0.3,top_oxide,0.000475,5.775e-06,4.75,57.75,0.056207563816033326,
p2_bulk_nga_5e17_common_primary,NGA 5e17 common-primary state,top_primary,interface_4x,T03_P2_BULK_TRAPS_FORMAL,enabled_symmetric_teaching_top_stack,0.0,0.01,0.0,0.3,top_oxide,0.000475,5.899999999999999e-06,4.75,58.99999999999999,0.06781672747020065,
p2_bulk_nga_5e17_common_primary,NGA 5e17 common-primary state,top_primary,interface_4x,T03_P2_BULK_TRAPS_FORMAL,enabled_symmetric_teaching_top_stack,0.0,0.01,0.0,0.3,top_oxide,0.000475,6.025e-06,4.75,60.25,0.0794258911205636,
p2_bulk_nga_5e17_common_primary,NGA 5e17 common-primary state,top_primary,interface_4x,T03_P2_BULK_TRAPS_FORMAL,enabled_symmetric_teaching_top_stack,0.0,0.01,0.0,0.3,top_oxide,0.000475,6.1499999999999996e-06,4.75,61.49999999999999,0.09103505476731223,
p2_bulk_nga_5e17_common_primary,NGA 5e17 common-primary state,top_primary,interface_4x,T03_P2_BULK_TRAPS_FORMAL,enabled_symmetric_teaching_top_stack,0.0,0.01,0.0,0.3,top_oxide,0.000475,6.275e-06,4.75,62.75,0.10264421841063695,
p2_bulk_nga_5e17_common_primary,NGA 5e17 common-primary state,top_primary,interface_4x,T03_P2_BULK_TRAPS_FORMAL,enabled_symmetric_teaching_top_stack,0.0,0.01,0.0,0.3,top_oxide,0.000475,6.4e-06,4.75,64.0,0.1142533820507278,
p2_bulk_nga_5e17_common_primary,NGA 5e17 common-primary state,top_primary,interface_4x,T03_P2_BULK_TRAPS_FORMAL,enabled_symmetric_teaching_top_stack,0.0,0.01,0.0,0.3,top_oxide,0.000475,6.9e-06,4.75,69.0,0.16069003658065573,
p2_bulk_nga_5e17_common_primary,NGA 5e17 common-primary state,top_primary,interface_4x,T03_P2_BULK_TRAPS_FORMAL,enabled_symmetric_teaching_top_stack,0.0,0.01,0.0,0.3,top_oxide,0.000475,7.4e-06,4.75,74.0,0.2071266910740609,
p2_bulk_nga_5e17_common_primary,NGA 5e17 common-primary state,top_primary,interface_4x,T03_P2_BULK_TRAPS_FORMAL,enabled_symmetric_teaching_top_stack,0.0,0.01,0.0,0.3,top_oxide,0.000475,7.9e-06,4.75,79.0,0.2535633455431176,
p2_bulk_nga_5e17_common_primary,NGA 5e17 common-primary state,top_primary,interface_4x,T03_P2_BULK_TRAPS_FORMAL,enabled_symmetric_teaching_top_stack,0.0,0.01,0.0,0.3,top_oxide,0.000475,8.400000000000001e-06,4.75,84.00000000000001,0.3,
p2_bulk_nga_5e17_common_primary,NGA 5e17 common-primary state,top_primary,interface_4x,T03_P2_BULK_TRAPS_FORMAL,enabled_symmetric_teaching_top_stack,0.0,0.01,0.0,0.3,top_oxide,0.0005,5.4e-06,5.0,54.0,0.02142945434104739,
p2_bulk_nga_5e17_common_primary,NGA 5e17 common-primary state,top_primary,interface_4x,T03_P2_BULK_TRAPS_FORMAL,enabled_symmetric_teaching_top_stack,0.0,0.01,0.0,0.3,top_oxide,0.0005,5.525e-06,5.0,55.24999999999999,0.033036560445305715,
p2_bulk_nga_5e17_common_primary,NGA 5e17 common-primary state,top_primary,interface_4x,T03_P2_BULK_TRAPS_FORMAL,enabled_symmetric_teaching_top_stack,0.0,0.01,0.0,0.3,top_oxide,0.0005,5.65e-06,5.0,56.5,0.044643666545119864,
p2_bulk_nga_5e17_common_primary,NGA 5e17 common-primary state,top_primary,interface_4x,T03_P2_BULK_TRAPS_FORMAL,enabled_symmetric_teaching_top_stack,0.0,0.01,0.0,0.3,top_oxide,0.0005,5.775e-06,5.0,57.75,0.05625077264068292,
p2_bulk_nga_5e17_common_primary,NGA 5e17 common-primary state,top_primary,interface_4x,T03_P2_BULK_TRAPS_FORMAL,enabled_symmetric_teaching_top_stack,0.0,0.01,0.0,0.3,top_oxide,0.0005,5.899999999999999e-06,5.0,58.99999999999999,0.06785787873218818,
p2_bulk_nga_5e17_common_primary,NGA 5e17 common-primary state,top_primary,interface_4x,T03_P2_BULK_TRAPS_FORMAL,enabled_symmetric_teaching_top_stack,0.0,0.01,0.0,0.3,top_oxide,0.0005,6.025e-06,5.0,60.25,0.07946498481982896,
p2_bulk_nga_5e17_common_primary,NGA 5e17 common-primary state,top_primary,interface_4x,T03_P2_BULK_TRAPS_FORMAL,enabled_symmetric_teaching_top_stack,0.0,0.01,0.0,0.3,top_oxide,0.0005,6.1499999999999996e-06,5.0,61.49999999999999,0.09107209090379832,
p2_bulk_nga_5e17_common_primary,NGA 5e17 common-primary state,top_primary,interface_4x,T03_P2_BULK_TRAPS_FORMAL,enabled_symmetric_teaching_top_stack,0.0,0.01,0.0,0.3,top_oxide,0.0005,6.275e-06,5.0,62.75,0.10267919698428966,
p2_bulk_nga_5e17_common_primary,NGA 5e17 common-primary state,top_primary,interface_4x,T03_P2_BULK_TRAPS_FORMAL,enabled_symmetric_teaching_top_stack,0.0,0.01,0.0,0.3,top_oxide,0.0005,6.4e-06,5.0,64.0,0.11428630306149604,
p2_bulk_nga_5e17_common_primary,NGA 5e17 common-primary state,top_primary,interface_4x,T03_P2_BULK_TRAPS_FORMAL,enabled_symmetric_teaching_top_stack,0.0,0.01,0.0,0.3,top_oxide,0.0005,6.9e-06,5.0,69.0,0.16071472733940517,
p2_bulk_nga_5e17_common_primary,NGA 5e17 common-primary state,top_primary,interface_4x,T03_P2_BULK_TRAPS_FORMAL,enabled_symmetric_teaching_top_stack,0.0,0.01,0.0,0.3,top_oxide,0.0005,7.4e-06,5.0,74.0,0.20714315158021446,
p2_bulk_nga_5e17_common_primary,NGA 5e17 common-primary state,top_primary,interface_4x,T03_P2_BULK_TRAPS_FORMAL,enabled_symmetric_teaching_top_stack,0.0,0.01,0.0,0.3,top_oxide,0.0005,7.9e-06,5.0,79.0,0.2535715757962905,
p2_bulk_nga_5e17_common_primary,NGA 5e17 common-primary state,top_primary,interface_4x,T03_P2_BULK_TRAPS_FORMAL,enabled_symmetric_teaching_top_stack,0.0,0.01,0.0,0.3,top_oxide,0.0005,8.400000000000001e-06,5.0,84.00000000000001,0.3,
p2_bulk_nga_5e17_common_primary,NGA 5e17 common-primary state,top_primary,interface_4x,T03_P2_BULK_TRAPS_FORMAL,enabled_symmetric_teaching_top_stack,0.0,0.01,0.0,0.3,top_oxide,0.0005250000000000001,5.4e-06,5.250000000000001,54.0,0.021479021352313547,
p2_bulk_nga_5e17_common_primary,NGA 5e17 common-primary state,top_primary,interface_4x,T03_P2_BULK_TRAPS_FORMAL,enabled_symmetric_teaching_top_stack,0.0,0.01,0.0,0.3,top_oxide,0.0005250000000000001,5.525e-06,5.250000000000001,55.24999999999999,0.03308406216499688,
p2_bulk_nga_5e17_common_primary,NGA 5e17 common-primary state,top_primary,interface_4x,T03_P2_BULK_TRAPS_FORMAL,enabled_symmetric_teaching_top_stack,0.0,0.01,0.0,0.3,top_oxide,0.0005250000000000001,5.65e-06,5.250000000000001,56.5,0.04468910297316508,
p2_bulk_nga_5e17_common_primary,NGA 5e17 common-primary state,top_primary,interface_4x,T03_P2_BULK_TRAPS_FORMAL,enabled_symmetric_teaching_top_stack,0.0,0.01,0.0,0.3,top_oxide,0.0005250000000000001,5.775e-06,5.250000000000001,57.75,0.056294143777014284,
p2_bulk_nga_5e17_common_primary,NGA 5e17 common-primary state,top_primary,interface_4x,T03_P2_BULK_TRAPS_FORMAL,enabled_symmetric_teaching_top_stack,0.0,0.01,0.0,0.3,top_oxide,0.0005250000000000001,5.899999999999999e-06,5.250000000000001,58.99999999999999,0.06789918457674089,
p2_bulk_nga_5e17_common_primary,NGA 5e17 common-primary state,top_primary,interface_4x,T03_P2_BULK_TRAPS_FORMAL,enabled_symmetric_teaching_top_stack,0.0,0.01,0.0,0.3,top_oxide,0.0005250000000000001,6.025e-06,5.250000000000001,60.25,0.07950422537254132,
p2_bulk_nga_5e17_common_primary,NGA 5e17 common-primary state,top_primary,interface_4x,T03_P2_BULK_TRAPS_FORMAL,enabled_symmetric_teaching_top_stack,0.0,0.01,0.0,0.3,top_oxide,0.0005250000000000001,6.1499999999999996e-06,5.250000000000001,61.49999999999999,0.09110926616461168,
p2_bulk_nga_5e17_common_primary,NGA 5e17 common-primary state,top_primary,interface_4x,T03_P2_BULK_TRAPS_FORMAL,enabled_symmetric_teaching_top_stack,0.0,0.01,0.0,0.3,top_oxide,0.0005250000000000001,6.275e-06,5.250000000000001,62.75,0.10271430695314847,
p2_bulk_nga_5e17_common_primary,NGA 5e17 common-primary state,top_primary,interface_4x,T03_P2_BULK_TRAPS_FORMAL,enabled_symmetric_teaching_top_stack,0.0,0.01,0.0,0.3,top_oxide,0.0005250000000000001,6.4e-06,5.250000000000001,64.0,0.11431934773834784,
p2_bulk_nga_5e17_common_primary,NGA 5e17 common-primary state,top_primary,interface_4x,T03_P2_BULK_TRAPS_FORMAL,enabled_symmetric_teaching_top_stack,0.0,0.01,0.0,0.3,top_oxide,0.0005250000000000001,6.9e-06,5.250000000000001,69.0,0.16073951084773525,
p2_bulk_nga_5e17_common_primary,NGA 5e17 common-primary state,top_primary,interface_4x,T03_P2_BULK_TRAPS_FORMAL,enabled_symmetric_teaching_top_stack,0.0,0.01,0.0,0.3,top_oxide,0.0005250000000000001,7.4e-06,5.250000000000001,74.0,0.20715967391943033,
p2_bulk_nga_5e17_common_primary,NGA 5e17 common-primary state,top_primary,interface_4x,T03_P2_BULK_TRAPS_FORMAL,enabled_symmetric_teaching_top_stack,0.0,0.01,0.0,0.3,top_oxide,0.0005250000000000001,7.9e-06,5.250000000000001,79.0,0.25357983696599723,
p2_bulk_nga_5e17_common_primary,NGA 5e17 common-primary state,top_primary,interface_4x,T03_P2_BULK_TRAPS_FORMAL,enabled_symmetric_teaching_top_stack,0.0,0.01,0.0,0.3,top_oxide,0.0005250000000000001,8.400000000000001e-06,5.250000000000001,84.00000000000001,0.3,
p2_bulk_nga_5e17_common_primary,NGA 5e17 common-primary state,top_primary,interface_4x,T03_P2_BULK_TRAPS_FORMAL,enabled_symmetric_teaching_top_stack,0.0,0.01,0.0,0.3,top_oxide,0.0005499999999999999,5.4e-06,5.499999999999999,54.0,0.0215287768249767,
p2_bulk_nga_5e17_common_primary,NGA 5e17 common-primary state,top_primary,interface_4x,T03_P2_BULK_TRAPS_FORMAL,enabled_symmetric_teaching_top_stack,0.0,0.01,0.0,0.3,top_oxide,0.0005499999999999999,5.525e-06,5.499999999999999,55.24999999999999,0.03313174449354195,
p2_bulk_nga_5e17_common_primary,NGA 5e17 common-primary state,top_primary,interface_4x,T03_P2_BULK_TRAPS_FORMAL,enabled_symmetric_teaching_top_stack,0.0,0.01,0.0,0.3,top_oxide,0.0005499999999999999,5.65e-06,5.499999999999999,56.5,0.04473471215751917,
p2_bulk_nga_5e17_common_primary,NGA 5e17 common-primary state,top_primary,interface_4x,T03_P2_BULK_TRAPS_FORMAL,enabled_symmetric_teaching_top_stack,0.0,0.01,0.0,0.3,top_oxide,0.0005499999999999999,5.775e-06,5.499999999999999,57.75,0.05633767981710769,
p2_bulk_nga_5e17_common_primary,NGA 5e17 common-primary state,top_primary,interface_4x,T03_P2_BULK_TRAPS_FORMAL,enabled_symmetric_teaching_top_stack,0.0,0.01,0.0,0.3,top_oxide,0.0005499999999999999,5.899999999999999e-06,5.499999999999999,58.99999999999999,0.06794064747250707,
p2_bulk_nga_5e17_common_primary,NGA 5e17 common-primary state,top_primary,interface_4x,T03_P2_BULK_TRAPS_FORMAL,enabled_symmetric_teaching_top_stack,0.0,0.01,0.0,0.3,top_oxide,0.0005499999999999999,6.025e-06,5.499999999999999,60.25,0.07954361512391686,
p2_bulk_nga_5e17_common_primary,NGA 5e17 common-primary state,top_primary,interface_4x,T03_P2_BULK_TRAPS_FORMAL,enabled_symmetric_teaching_top_stack,0.0,0.01,0.0,0.3,top_oxide,0.0005499999999999999,6.1499999999999996e-06,5.499999999999999,61.49999999999999,0.09114658277153641,
p2_bulk_nga_5e17_common_primary,NGA 5e17 common-primary state,top_primary,interface_4x,T03_P2_BULK_TRAPS_FORMAL,enabled_symmetric_teaching_top_stack,0.0,0.01,0.0,0.3,top_oxide,0.0005499999999999999,6.275e-06,5.499999999999999,62.75,0.10274955041556533,
p2_bulk_nga_5e17_common_primary,NGA 5e17 common-primary state,top_primary,interface_4x,T03_P2_BULK_TRAPS_FORMAL,enabled_symmetric_teaching_top_stack,0.0,0.01,0.0,0.3,top_oxide,0.0005499999999999999,6.4e-06,5.499999999999999,64.0,0.11435251805620297,
p2_bulk_nga_5e17_common_primary,NGA 5e17 common-primary state,top_primary,interface_4x,T03_P2_BULK_TRAPS_FORMAL,enabled_symmetric_teaching_top_stack,0.0,0.01,0.0,0.3,top_oxide,0.0005499999999999999,6.9e-06,5.499999999999999,69.0,0.16076438858683642,
p2_bulk_nga_5e17_common_primary,NGA 5e17 common-primary state,top_primary,interface_4x,T03_P2_BULK_TRAPS_FORMAL,enabled_symmetric_teaching_top_stack,0.0,0.01,0.0,0.3,top_oxide,0.0005499999999999999,7.4e-06,5.499999999999999,74.0,0.20717625907916914,
p2_bulk_nga_5e17_common_primary,NGA 5e17 common-primary state,top_primary,interface_4x,T03_P2_BULK_TRAPS_FORMAL,enabled_symmetric_teaching_top_stack,0.0,0.01,0.0,0.3,top_oxide,0.0005499999999999999,7.9e-06,5.499999999999999,79.0,0.25358812954596804,
p2_bulk_nga_5e17_common_primary,NGA 5e17 common-primary state,top_primary,interface_4x,T03_P2_BULK_TRAPS_FORMAL,enabled_symmetric_teaching_top_stack,0.0,0.01,0.0,0.3,top_oxide,0.0005499999999999999,8.400000000000001e-06,5.499999999999999,84.00000000000001,0.3,
p2_bulk_nga_5e17_common_primary,NGA 5e17 common-primary state,top_primary,interface_4x,T03_P2_BULK_TRAPS_FORMAL,enabled_symmetric_teaching_top_stack,0.0,0.01,0.0,0.3,top_oxide,0.000575,5.4e-06,5.75,54.0,0.021578723801169576,
p2_bulk_nga_5e17_common_primary,NGA 5e17 common-primary state,top_primary,interface_4x,T03_P2_BULK_TRAPS_FORMAL,enabled_symmetric_teaching_top_stack,0.0,0.01,0.0,0.3,top_oxide,0.000575,5.525e-06,5.75,55.24999999999999,0.03317961034631865,
p2_bulk_nga_5e17_common_primary,NGA 5e17 common-primary state,top_primary,interface_4x,T03_P2_BULK_TRAPS_FORMAL,enabled_symmetric_teaching_top_stack,0.0,0.01,0.0,0.3,top_oxide,0.000575,5.65e-06,5.75,56.5,0.044780496886804834,
p2_bulk_nga_5e17_common_primary,NGA 5e17 common-primary state,top_primary,interface_4x,T03_P2_BULK_TRAPS_FORMAL,enabled_symmetric_teaching_top_stack,0.0,0.01,0.0,0.3,top_oxide,0.000575,5.775e-06,5.75,57.75,0.0563813834228307,
p2_bulk_nga_5e17_common_primary,NGA 5e17 common-primary state,top_primary,interface_4x,T03_P2_BULK_TRAPS_FORMAL,enabled_symmetric_teaching_top_stack,0.0,0.01,0.0,0.3,top_oxide,0.000575,5.899999999999999e-06,5.75,58.99999999999999,0.06798226995459908,
p2_bulk_nga_5e17_common_primary,NGA 5e17 common-primary state,top_primary,interface_4x,T03_P2_BULK_TRAPS_FORMAL,enabled_symmetric_teaching_top_stack,0.0,0.01,0.0,0.3,top_oxide,0.000575,6.025e-06,5.75,60.25,0.07958315648231278,
p2_bulk_nga_5e17_common_primary,NGA 5e17 common-primary state,top_primary,interface_4x,T03_P2_BULK_TRAPS_FORMAL,enabled_symmetric_teaching_top_stack,0.0,0.01,0.0,0.3,top_oxide,0.000575,6.1499999999999996e-06,5.75,61.49999999999999,0.09118404300617437,
p2_bulk_nga_5e17_common_primary,NGA 5e17 common-primary state,top_primary,interface_4x,T03_P2_BULK_TRAPS_FORMAL,enabled_symmetric_teaching_top_stack,0.0,0.01,0.0,0.3,top_oxide,0.000575,6.275e-06,5.75,62.75,0.10278492952638676,
p2_bulk_nga_5e17_common_primary,NGA 5e17 common-primary state,top_primary,interface_4x,T03_P2_BULK_TRAPS_FORMAL,enabled_symmetric_teaching_top_stack,0.0,0.01,0.0,0.3,top_oxide,0.000575,6.4e-06,5.75,64.0,0.11438581604315254,
p2_bulk_nga_5e17_common_primary,NGA 5e17 common-primary state,top_primary,interface_4x,T03_P2_BULK_TRAPS_FORMAL,enabled_symmetric_teaching_top_stack,0.0,0.01,0.0,0.3,top_oxide,0.000575,6.9e-06,5.75,69.0,0.1607893620777777,
p2_bulk_nga_5e17_common_primary,NGA 5e17 common-primary state,top_primary,interface_4x,T03_P2_BULK_TRAPS_FORMAL,enabled_symmetric_teaching_top_stack,0.0,0.01,0.0,0.3,top_oxide,0.000575,7.4e-06,5.75,74.0,0.20719290807347718,
p2_bulk_nga_5e17_common_primary,NGA 5e17 common-primary state,top_primary,interface_4x,T03_P2_BULK_TRAPS_FORMAL,enabled_symmetric_teaching_top_stack,0.0,0.01,0.0,0.3,top_oxide,0.000575,7.9e-06,5.75,79.0,0.2535964540432262,
p2_bulk_nga_5e17_common_primary,NGA 5e17 common-primary state,top_primary,interface_4x,T03_P2_BULK_TRAPS_FORMAL,enabled_symmetric_teaching_top_stack,0.0,0.01,0.0,0.3,top_oxide,0.000575,8.400000000000001e-06,5.75,84.00000000000001,0.3,
p2_bulk_nga_5e17_common_primary,NGA 5e17 common-primary state,top_primary,interface_4x,T03_P2_BULK_TRAPS_FORMAL,enabled_symmetric_teaching_top_stack,0.0,0.01,0.0,0.3,top_oxide,0.0006000000000000001,5.4e-06,6.000000000000001,54.0,0.021628865405667115,
p2_bulk_nga_5e17_common_primary,NGA 5e17 common-primary state,top_primary,interface_4x,T03_P2_BULK_TRAPS_FORMAL,enabled_symmetric_teaching_top_stack,0.0,0.01,0.0,0.3,top_oxide,0.0006000000000000001,5.525e-06,6.000000000000001,55.24999999999999,0.03322766271790355,
p2_bulk_nga_5e17_common_primary,NGA 5e17 common-primary state,top_primary,interface_4x,T03_P2_BULK_TRAPS_FORMAL,enabled_symmetric_teaching_top_stack,0.0,0.01,0.0,0.3,top_oxide,0.0006000000000000001,5.65e-06,6.000000000000001,56.5,0.04482646002540017,
p2_bulk_nga_5e17_common_primary,NGA 5e17 common-primary state,top_primary,interface_4x,T03_P2_BULK_TRAPS_FORMAL,enabled_symmetric_teaching_top_stack,0.0,0.01,0.0,0.3,top_oxide,0.0006000000000000001,5.775e-06,6.000000000000001,57.75,0.056425257328362906,
p2_bulk_nga_5e17_common_primary,NGA 5e17 common-primary state,top_primary,interface_4x,T03_P2_BULK_TRAPS_FORMAL,enabled_symmetric_teaching_top_stack,0.0,0.01,0.0,0.3,top_oxide,0.0006000000000000001,5.899999999999999e-06,6.000000000000001,58.99999999999999,0.06802405462699793,
p2_bulk_nga_5e17_common_primary,NGA 5e17 common-primary state,top_primary,interface_4x,T03_P2_BULK_TRAPS_FORMAL,enabled_symmetric_teaching_top_stack,0.0,0.01,0.0,0.3,top_oxide,0.0006000000000000001,6.025e-06,6.000000000000001,60.25,0.07962285192151138,
p2_bulk_nga_5e17_common_primary,NGA 5e17 common-primary state,top_primary,interface_4x,T03_P2_BULK_TRAPS_FORMAL,enabled_symmetric_teaching_top_stack,0.0,0.01,0.0,0.3,top_oxide,0.0006000000000000001,6.1499999999999996e-06,6.000000000000001,61.49999999999999,0.0912216492121092,
p2_bulk_nga_5e17_common_primary,NGA 5e17 common-primary state,top_primary,interface_4x,T03_P2_BULK_TRAPS_FORMAL,enabled_symmetric_teaching_top_stack,0.0,0.01,0.0,0.3,top_oxide,0.0006000000000000001,6.275e-06,6.000000000000001,62.75,0.1028204464989976,
p2_bulk_nga_5e17_common_primary,NGA 5e17 common-primary state,top_primary,interface_4x,T03_P2_BULK_TRAPS_FORMAL,enabled_symmetric_teaching_top_stack,0.0,0.01,0.0,0.3,top_oxide,0.0006000000000000001,6.4e-06,6.000000000000001,64.0,0.11441924378238255,
p2_bulk_nga_5e17_common_primary,NGA 5e17 common-primary state,top_primary,interface_4x,T03_P2_BULK_TRAPS_FORMAL,enabled_symmetric_teaching_top_stack,0.0,0.01,0.0,0.3,top_oxide,0.0006000000000000001,6.9e-06,6.000000000000001,69.0,0.16081443288294933,
p2_bulk_nga_5e17_common_primary,NGA 5e17 common-primary state,top_primary,interface_4x,T03_P2_BULK_TRAPS_FORMAL,enabled_symmetric_teaching_top_stack,0.0,0.01,0.0,0.3,top_oxide,0.0006000000000000001,7.4e-06,6.000000000000001,74.0,0.20720962194394832,
p2_bulk_nga_5e17_common_primary,NGA 5e17 common-primary state,top_primary,interface_4x,T03_P2_BULK_TRAPS_FORMAL,enabled_symmetric_teaching_top_stack,0.0,0.01,0.0,0.3,top_oxide,0.0006000000000000001,7.9e-06,6.000000000000001,79.0,0.2536048109785688,
p2_bulk_nga_5e17_common_primary,NGA 5e17 common-primary state,top_primary,interface_4x,T03_P2_BULK_TRAPS_FORMAL,enabled_symmetric_teaching_top_stack,0.0,0.01,0.0,0.3,top_oxide,0.0006000000000000001,8.400000000000001e-06,6.000000000000001,84.00000000000001,0.3,
p2_bulk_nga_5e17_common_primary,NGA 5e17 common-primary state,top_primary,interface_4x,T03_P2_BULK_TRAPS_FORMAL,enabled_symmetric_teaching_top_stack,0.0,0.01,0.0,0.3,top_oxide,0.000625,5.4e-06,6.25,54.0,0.021679204848902088,
p2_bulk_nga_5e17_common_primary,NGA 5e17 common-primary state,top_primary,interface_4x,T03_P2_BULK_TRAPS_FORMAL,enabled_symmetric_teaching_top_stack,0.0,0.01,0.0,0.3,top_oxide,0.000625,5.525e-06,6.25,55.24999999999999,0.03327590468496197,
p2_bulk_nga_5e17_common_primary,NGA 5e17 common-primary state,top_primary,interface_4x,T03_P2_BULK_TRAPS_FORMAL,enabled_symmetric_teaching_top_stack,0.0,0.01,0.0,0.3,top_oxide,0.000625,5.65e-06,6.25,56.5,0.044872604516203,
p2_bulk_nga_5e17_common_primary,NGA 5e17 common-primary state,top_primary,interface_4x,T03_P2_BULK_TRAPS_FORMAL,enabled_symmetric_teaching_top_stack,0.0,0.01,0.0,0.3,top_oxide,0.000625,5.775e-06,6.25,57.75,0.056469304342834536,
p2_bulk_nga_5e17_common_primary,NGA 5e17 common-primary state,top_primary,interface_4x,T03_P2_BULK_TRAPS_FORMAL,enabled_symmetric_teaching_top_stack,0.0,0.01,0.0,0.3,top_oxide,0.000625,5.899999999999999e-06,6.25,58.99999999999999,0.06806600416506618,
p2_bulk_nga_5e17_common_primary,NGA 5e17 common-primary state,top_primary,interface_4x,T03_P2_BULK_TRAPS_FORMAL,enabled_symmetric_teaching_top_stack,0.0,0.01,0.0,0.3,top_oxide,0.000625,6.025e-06,6.25,60.25,0.07966270398310753,
p2_bulk_nga_5e17_common_primary,NGA 5e17 common-primary state,top_primary,interface_4x,T03_P2_BULK_TRAPS_FORMAL,enabled_symmetric_teaching_top_stack,0.0,0.01,0.0,0.3,top_oxide,0.000625,6.1499999999999996e-06,6.25,61.49999999999999,0.09125940379716793,
p2_bulk_nga_5e17_common_primary,NGA 5e17 common-primary state,top_primary,interface_4x,T03_P2_BULK_TRAPS_FORMAL,enabled_symmetric_teaching_top_stack,0.0,0.01,0.0,0.3,top_oxide,0.000625,6.275e-06,6.25,62.75,0.10285610360745709,
p2_bulk_nga_5e17_common_primary,NGA 5e17 common-primary state,top_primary,interface_4x,T03_P2_BULK_TRAPS_FORMAL,enabled_symmetric_teaching_top_stack,0.0,0.01,0.0,0.3,top_oxide,0.000625,6.4e-06,6.25,64.0,0.11445280341418435,
p2_bulk_nga_5e17_common_primary,NGA 5e17 common-primary state,top_primary,interface_4x,T03_P2_BULK_TRAPS_FORMAL,enabled_symmetric_teaching_top_stack,0.0,0.01,0.0,0.3,top_oxide,0.000625,6.9e-06,6.25,69.0,0.1608396026075705,
p2_bulk_nga_5e17_common_primary,NGA 5e17 common-primary state,top_primary,interface_4x,T03_P2_BULK_TRAPS_FORMAL,enabled_symmetric_teaching_top_stack,0.0,0.01,0.0,0.3,top_oxide,0.000625,7.4e-06,6.25,74.0,0.207226401760729,
p2_bulk_nga_5e17_common_primary,NGA 5e17 common-primary state,top_primary,interface_4x,T03_P2_BULK_TRAPS_FORMAL,enabled_symmetric_teaching_top_stack,0.0,0.01,0.0,0.3,top_oxide,0.000625,7.9e-06,6.25,79.0,0.2536132008870691,
p2_bulk_nga_5e17_common_primary,NGA 5e17 common-primary state,top_primary,interface_4x,T03_P2_BULK_TRAPS_FORMAL,enabled_symmetric_teaching_top_stack,0.0,0.01,0.0,0.3,top_oxide,0.000625,8.400000000000001e-06,6.25,84.00000000000001,0.3,
p2_bulk_nga_5e17_common_primary,NGA 5e17 common-primary state,top_primary,interface_4x,T03_P2_BULK_TRAPS_FORMAL,enabled_symmetric_teaching_top_stack,0.0,0.01,0.0,0.3,top_oxide,0.0006500000000000001,5.4e-06,6.500000000000001,54.0,0.021729745430117246,
p2_bulk_nga_5e17_common_primary,NGA 5e17 common-primary state,top_primary,interface_4x,T03_P2_BULK_TRAPS_FORMAL,enabled_symmetric_teaching_top_stack,0.0,0.01,0.0,0.3,top_oxide,0.0006500000000000001,5.525e-06,6.500000000000001,55.24999999999999,0.03332433940926885,
p2_bulk_nga_5e17_common_primary,NGA 5e17 common-primary state,top_primary,interface_4x,T03_P2_BULK_TRAPS_FORMAL,enabled_symmetric_teaching_top_stack,0.0,0.01,0.0,0.3,top_oxide,0.0006500000000000001,5.65e-06,6.500000000000001,56.5,0.044918933383520356,
p2_bulk_nga_5e17_common_primary,NGA 5e17 common-primary state,top_primary,interface_4x,T03_P2_BULK_TRAPS_FORMAL,enabled_symmetric_teaching_top_stack,0.0,0.01,0.0,0.3,top_oxide,0.0006500000000000001,5.775e-06,6.500000000000001,57.75,0.056513527353084646,
p2_bulk_nga_5e17_common_primary,NGA 5e17 common-primary state,top_primary,interface_4x,T03_P2_BULK_TRAPS_FORMAL,enabled_symmetric_teaching_top_stack,0.0,0.01,0.0,0.3,top_oxide,0.0006500000000000001,5.899999999999999e-06,6.500000000000001,58.99999999999999,0.06810812131817486,
p2_bulk_nga_5e17_common_primary,NGA 5e17 common-primary state,top_primary,interface_4x,T03_P2_BULK_TRAPS_FORMAL,enabled_symmetric_teaching_top_stack,0.0,0.01,0.0,0.3,top_oxide,0.0006500000000000001,6.025e-06,6.500000000000001,60.25,0.07970271527900412,
p2_bulk_nga_5e17_common_primary,NGA 5e17 common-primary state,top_primary,interface_4x,T03_P2_BULK_TRAPS_FORMAL,enabled_symmetric_teaching_top_stack,0.0,0.01,0.0,0.3,top_oxide,0.0006500000000000001,6.1499999999999996e-06,6.500000000000001,61.49999999999999,0.09129730923578533,
p2_bulk_nga_5e17_common_primary,NGA 5e17 common-primary state,top_primary,interface_4x,T03_P2_BULK_TRAPS_FORMAL,enabled_symmetric_teaching_top_stack,0.0,0.01,0.0,0.3,top_oxide,0.0006500000000000001,6.275e-06,6.500000000000001,62.75,0.10289190318873169,
p2_bulk_nga_5e17_common_primary,NGA 5e17 common-primary state,top_primary,interface_4x,T03_P2_BULK_TRAPS_FORMAL,enabled_symmetric_teaching_top_stack,0.0,0.01,0.0,0.3,top_oxide,0.0006500000000000001,6.4e-06,6.500000000000001,64.0,0.11448649713805609,
p2_bulk_nga_5e17_common_primary,NGA 5e17 common-primary state,top_primary,interface_4x,T03_P2_BULK_TRAPS_FORMAL,enabled_symmetric_teaching_top_stack,0.0,0.01,0.0,0.3,top_oxide,0.0006500000000000001,6.9e-06,6.500000000000001,69.0,0.1608648729012656,
p2_bulk_nga_5e17_common_primary,NGA 5e17 common-primary state,top_primary,interface_4x,T03_P2_BULK_TRAPS_FORMAL,enabled_symmetric_teaching_top_stack,0.0,0.01,0.0,0.3,top_oxide,0.0006500000000000001,7.4e-06,6.500000000000001,74.0,0.20724324862356924,
p2_bulk_nga_5e17_common_primary,NGA 5e17 common-primary state,top_primary,interface_4x,T03_P2_BULK_TRAPS_FORMAL,enabled_symmetric_teaching_top_stack,0.0,0.01,0.0,0.3,top_oxide,0.0006500000000000001,7.9e-06,6.500000000000001,79.0,0.25362162431860225,
p2_bulk_nga_5e17_common_primary,NGA 5e17 common-primary state,top_primary,interface_4x,T03_P2_BULK_TRAPS_FORMAL,enabled_symmetric_teaching_top_stack,0.0,0.01,0.0,0.3,top_oxide,0.0006500000000000001,8.400000000000001e-06,6.500000000000001,84.00000000000001,0.3,
p2_bulk_nga_5e17_common_primary,NGA 5e17 common-primary state,top_primary,interface_4x,T03_P2_BULK_TRAPS_FORMAL,enabled_symmetric_teaching_top_stack,0.0,0.01,0.0,0.3,top_oxide,0.000675,5.4e-06,6.75,54.0,0.021780490540662313,
p2_bulk_nga_5e17_common_primary,NGA 5e17 common-primary state,top_primary,interface_4x,T03_P2_BULK_TRAPS_FORMAL,enabled_symmetric_teaching_top_stack,0.0,0.01,0.0,0.3,top_oxide,0.000675,5.525e-06,6.75,55.24999999999999,0.03337297014086833,
p2_bulk_nga_5e17_common_primary,NGA 5e17 common-primary state,top_primary,interface_4x,T03_P2_BULK_TRAPS_FORMAL,enabled_symmetric_teaching_top_stack,0.0,0.01,0.0,0.3,top_oxide,0.000675,5.65e-06,6.75,56.5,0.04496544973609071,
p2_bulk_nga_5e17_common_primary,NGA 5e17 common-primary state,top_primary,interface_4x,T03_P2_BULK_TRAPS_FORMAL,enabled_symmetric_teaching_top_stack,0.0,0.01,0.0,0.3,top_oxide,0.000675,5.775e-06,6.75,57.75,0.056557929326545964,
p2_bulk_nga_5e17_common_primary,NGA 5e17 common-primary state,top_primary,interface_4x,T03_P2_BULK_TRAPS_FORMAL,enabled_symmetric_teaching_top_stack,0.0,0.01,0.0,0.3,top_oxide,0.000675,5.899999999999999e-06,6.75,58.99999999999999,0.06815040891245086,
p2_bulk_nga_5e17_common_primary,NGA 5e17 common-primary state,top_primary,interface_4x,T03_P2_BULK_TRAPS_FORMAL,enabled_symmetric_teaching_top_stack,0.0,0.01,0.0,0.3,top_oxide,0.000675,6.025e-06,6.75,60.25,0.07974288849402217,
p2_bulk_nga_5e17_common_primary,NGA 5e17 common-primary state,top_primary,interface_4x,T03_P2_BULK_TRAPS_FORMAL,enabled_symmetric_teaching_top_stack,0.0,0.01,0.0,0.3,top_oxide,0.000675,6.1499999999999996e-06,6.75,61.49999999999999,0.0913353680714764,
p2_bulk_nga_5e17_common_primary,NGA 5e17 common-primary state,top_primary,interface_4x,T03_P2_BULK_TRAPS_FORMAL,enabled_symmetric_teaching_top_stack,0.0,0.01,0.0,0.3,top_oxide,0.000675,6.275e-06,6.75,62.75,0.10292784764503041,
p2_bulk_nga_5e17_common_primary,NGA 5e17 common-primary state,top_primary,interface_4x,T03_P2_BULK_TRAPS_FORMAL,enabled_symmetric_teaching_top_stack,0.0,0.01,0.0,0.3,top_oxide,0.000675,6.4e-06,6.75,64.0,0.11452032721490071,
p2_bulk_nga_5e17_common_primary,NGA 5e17 common-primary state,top_primary,interface_4x,T03_P2_BULK_TRAPS_FORMAL,enabled_symmetric_teaching_top_stack,0.0,0.01,0.0,0.3,top_oxide,0.000675,6.9e-06,6.75,69.0,0.1608902454597127,
p2_bulk_nga_5e17_common_primary,NGA 5e17 common-primary state,top_primary,interface_4x,T03_P2_BULK_TRAPS_FORMAL,enabled_symmetric_teaching_top_stack,0.0,0.01,0.0,0.3,top_oxide,0.000675,7.4e-06,6.75,74.0,0.2072601636629214,
p2_bulk_nga_5e17_common_primary,NGA 5e17 common-primary state,top_primary,interface_4x,T03_P2_BULK_TRAPS_FORMAL,enabled_symmetric_teaching_top_stack,0.0,0.01,0.0,0.3,top_oxide,0.000675,7.9e-06,6.75,79.0,0.2536300818383946,
p2_bulk_nga_5e17_common_primary,NGA 5e17 common-primary state,top_primary,interface_4x,T03_P2_BULK_TRAPS_FORMAL,enabled_symmetric_teaching_top_stack,0.0,0.01,0.0,0.3,top_oxide,0.000675,8.400000000000001e-06,6.75,84.00000000000001,0.3,
p2_bulk_nga_5e17_common_primary,NGA 5e17 common-primary state,top_primary,interface_4x,T03_P2_BULK_TRAPS_FORMAL,enabled_symmetric_teaching_top_stack,0.0,0.01,0.0,0.3,top_oxide,0.0007,5.4e-06,7.0,54.0,0.021831443667442857,
p2_bulk_nga_5e17_common_primary,NGA 5e17 common-primary state,top_primary,interface_4x,T03_P2_BULK_TRAPS_FORMAL,enabled_symmetric_teaching_top_stack,0.0,0.01,0.0,0.3,top_oxide,0.0007,5.525e-06,7.0,55.24999999999999,0.033421800221378924,
p2_bulk_nga_5e17_common_primary,NGA 5e17 common-primary state,top_primary,interface_4x,T03_P2_BULK_TRAPS_FORMAL,enabled_symmetric_teaching_top_stack,0.0,0.01,0.0,0.3,top_oxide,0.0007,5.65e-06,7.0,56.5,0.04501215677024543,
p2_bulk_nga_5e17_common_primary,NGA 5e17 common-primary state,top_primary,interface_4x,T03_P2_BULK_TRAPS_FORMAL,enabled_symmetric_teaching_top_stack,0.0,0.01,0.0,0.3,top_oxide,0.0007,5.775e-06,7.0,57.75,0.05660251331426263,
p2_bulk_nga_5e17_common_primary,NGA 5e17 common-primary state,top_primary,interface_4x,T03_P2_BULK_TRAPS_FORMAL,enabled_symmetric_teaching_top_stack,0.0,0.01,0.0,0.3,top_oxide,0.0007,5.899999999999999e-06,7.0,58.99999999999999,0.06819286985365104,
p2_bulk_nga_5e17_common_primary,NGA 5e17 common-primary state,top_primary,interface_4x,T03_P2_BULK_TRAPS_FORMAL,enabled_symmetric_teaching_top_stack,0.0,0.01,0.0,0.3,top_oxide,0.0007,6.025e-06,7.0,60.25,0.07978322638863114,
p2_bulk_nga_5e17_common_primary,NGA 5e17 common-primary state,top_primary,interface_4x,T03_P2_BULK_TRAPS_FORMAL,enabled_symmetric_teaching_top_stack,0.0,0.01,0.0,0.3,top_oxide,0.0007,6.1499999999999996e-06,7.0,61.49999999999999,0.09137358291942319,
p2_bulk_nga_5e17_common_primary,NGA 5e17 common-primary state,top_primary,interface_4x,T03_P2_BULK_TRAPS_FORMAL,enabled_symmetric_teaching_top_stack,0.0,0.01,0.0,0.3,top_oxide,0.0007,6.275e-06,7.0,62.75,0.10296393944624778,
p2_bulk_nga_5e17_common_primary,NGA 5e17 common-primary state,top_primary,interface_4x,T03_P2_BULK_TRAPS_FORMAL,enabled_symmetric_teaching_top_stack,0.0,0.01,0.0,0.3,top_oxide,0.0007,6.4e-06,7.0,64.0,0.11455429596932516,
p2_bulk_nga_5e17_common_primary,NGA 5e17 common-primary state,top_primary,interface_4x,T03_P2_BULK_TRAPS_FORMAL,enabled_symmetric_teaching_top_stack,0.0,0.01,0.0,0.3,top_oxide,0.0007,6.9e-06,7.0,69.0,0.16091572202636778,
p2_bulk_nga_5e17_common_primary,NGA 5e17 common-primary state,top_primary,interface_4x,T03_P2_BULK_TRAPS_FORMAL,enabled_symmetric_teaching_top_stack,0.0,0.01,0.0,0.3,top_oxide,0.0007,7.4e-06,7.0,74.0,0.2072771480410899,
p2_bulk_nga_5e17_common_primary,NGA 5e17 common-primary state,top_primary,interface_4x,T03_P2_BULK_TRAPS_FORMAL,enabled_symmetric_teaching_top_stack,0.0,0.01,0.0,0.3,top_oxide,0.0007,7.9e-06,7.0,79.0,0.2536385740275984,
p2_bulk_nga_5e17_common_primary,NGA 5e17 common-primary state,top_primary,interface_4x,T03_P2_BULK_TRAPS_FORMAL,enabled_symmetric_teaching_top_stack,0.0,0.01,0.0,0.3,top_oxide,0.0007,8.400000000000001e-06,7.0,84.00000000000001,0.3,
p2_bulk_nga_5e17_common_primary,NGA 5e17 common-primary state,top_primary,interface_4x,T03_P2_BULK_TRAPS_FORMAL,enabled_symmetric_teaching_top_stack,0.0,0.01,0.0,0.3,top_oxide,0.0007250000000000001,5.4e-06,7.250000000000001,54.0,0.021882608396530036,
p2_bulk_nga_5e17_common_primary,NGA 5e17 common-primary state,top_primary,interface_4x,T03_P2_BULK_TRAPS_FORMAL,enabled_symmetric_teaching_top_stack,0.0,0.01,0.0,0.3,top_oxide,0.0007250000000000001,5.525e-06,7.250000000000001,55.24999999999999,0.03347083308745287,
p2_bulk_nga_5e17_common_primary,NGA 5e17 common-primary state,top_primary,interface_4x,T03_P2_BULK_TRAPS_FORMAL,enabled_symmetric_teaching_top_stack,0.0,0.01,0.0,0.3,top_oxide,0.0007250000000000001,5.65e-06,7.250000000000001,56.5,0.04505905777321777,
p2_bulk_nga_5e17_common_primary,NGA 5e17 common-primary state,top_primary,interface_4x,T03_P2_BULK_TRAPS_FORMAL,enabled_symmetric_teaching_top_stack,0.0,0.01,0.0,0.3,top_oxide,0.0007250000000000001,5.775e-06,7.250000000000001,57.75,0.05664728245404882,
p2_bulk_nga_5e17_common_primary,NGA 5e17 common-primary state,top_primary,interface_4x,T03_P2_BULK_TRAPS_FORMAL,enabled_symmetric_teaching_top_stack,0.0,0.01,0.0,0.3,top_oxide,0.0007250000000000001,5.899999999999999e-06,7.250000000000001,58.99999999999999,0.06823550713017038,
p2_bulk_nga_5e17_common_primary,NGA 5e17 common-primary state,top_primary,interface_4x,T03_P2_BULK_TRAPS_FORMAL,enabled_symmetric_teaching_top_stack,0.0,0.01,0.0,0.3,top_oxide,0.0007250000000000001,6.025e-06,7.250000000000001,60.25,0.07982373180180677,
p2_bulk_nga_5e17_common_primary,NGA 5e17 common-primary state,top_primary,interface_4x,T03_P2_BULK_TRAPS_FORMAL,enabled_symmetric_teaching_top_stack,0.0,0.01,0.0,0.3,top_oxide,0.0007250000000000001,6.1499999999999996e-06,7.250000000000001,61.49999999999999,0.09141195646918211,
p2_bulk_nga_5e17_common_primary,NGA 5e17 common-primary state,top_primary,interface_4x,T03_P2_BULK_TRAPS_FORMAL,enabled_symmetric_teaching_top_stack,0.0,0.01,0.0,0.3,top_oxide,0.0007250000000000001,6.275e-06,7.250000000000001,62.75,0.10300018113252082,
p2_bulk_nga_5e17_common_primary,NGA 5e17 common-primary state,top_primary,interface_4x,T03_P2_BULK_TRAPS_FORMAL,enabled_symmetric_teaching_top_stack,0.0,0.01,0.0,0.3,top_oxide,0.0007250000000000001,6.4e-06,7.250000000000001,64.0,0.11458840579204699,
p2_bulk_nga_5e17_common_primary,NGA 5e17 common-primary state,top_primary,interface_4x,T03_P2_BULK_TRAPS_FORMAL,enabled_symmetric_teaching_top_stack,0.0,0.01,0.0,0.3,top_oxide,0.0007250000000000001,6.9e-06,7.250000000000001,69.0,0.16094130439426993,
p2_bulk_nga_5e17_common_primary,NGA 5e17 common-primary state,top_primary,interface_4x,T03_P2_BULK_TRAPS_FORMAL,enabled_symmetric_teaching_top_stack,0.0,0.01,0.0,0.3,top_oxide,0.0007250000000000001,7.4e-06,7.250000000000001,74.0,0.20729420295343456,
p2_bulk_nga_5e17_common_primary,NGA 5e17 common-primary state,top_primary,interface_4x,T03_P2_BULK_TRAPS_FORMAL,enabled_symmetric_teaching_top_stack,0.0,0.01,0.0,0.3,top_oxide,0.0007250000000000001,7.9e-06,7.250000000000001,79.0,0.2536471014838937,
p2_bulk_nga_5e17_common_primary,NGA 5e17 common-primary state,top_primary,interface_4x,T03_P2_BULK_TRAPS_FORMAL,enabled_symmetric_teaching_top_stack,0.0,0.01,0.0,0.3,top_oxide,0.0007250000000000001,8.400000000000001e-06,7.250000000000001,84.00000000000001,0.3,
p2_bulk_nga_5e17_common_primary,NGA 5e17 common-primary state,top_primary,interface_4x,T03_P2_BULK_TRAPS_FORMAL,enabled_symmetric_teaching_top_stack,0.0,0.01,0.0,0.3,top_oxide,0.00075,5.4e-06,7.5,54.0,0.02193398841694009,
p2_bulk_nga_5e17_common_primary,NGA 5e17 common-primary state,top_primary,interface_4x,T03_P2_BULK_TRAPS_FORMAL,enabled_symmetric_teaching_top_stack,0.0,0.01,0.0,0.3,top_oxide,0.00075,5.525e-06,7.5,55.24999999999999,0.033520072274398155,
p2_bulk_nga_5e17_common_primary,NGA 5e17 common-primary state,top_primary,interface_4x,T03_P2_BULK_TRAPS_FORMAL,enabled_symmetric_teaching_top_stack,0.0,0.01,0.0,0.3,top_oxide,0.00075,5.65e-06,7.5,56.5,0.04510615612660734,
p2_bulk_nga_5e17_common_primary,NGA 5e17 common-primary state,top_primary,interface_4x,T03_P2_BULK_TRAPS_FORMAL,enabled_symmetric_teaching_top_stack,0.0,0.01,0.0,0.3,top_oxide,0.00075,5.775e-06,7.5,57.75,0.05669223997379569,
p2_bulk_nga_5e17_common_primary,NGA 5e17 common-primary state,top_primary,interface_4x,T03_P2_BULK_TRAPS_FORMAL,enabled_symmetric_teaching_top_stack,0.0,0.01,0.0,0.3,top_oxide,0.00075,5.899999999999999e-06,7.5,58.99999999999999,0.0682783238161915,
p2_bulk_nga_5e17_common_primary,NGA 5e17 common-primary state,top_primary,interface_4x,T03_P2_BULK_TRAPS_FORMAL,enabled_symmetric_teaching_top_stack,0.0,0.01,0.0,0.3,top_oxide,0.00075,6.025e-06,7.5,60.25,0.07986440765402307,
p2_bulk_nga_5e17_common_primary,NGA 5e17 common-primary state,top_primary,interface_4x,T03_P2_BULK_TRAPS_FORMAL,enabled_symmetric_teaching_top_stack,0.0,0.01,0.0,0.3,top_oxide,0.00075,6.1499999999999996e-06,7.5,61.49999999999999,0.09145049148751846,
p2_bulk_nga_5e17_common_primary,NGA 5e17 common-primary state,top_primary,interface_4x,T03_P2_BULK_TRAPS_FORMAL,enabled_symmetric_teaching_top_stack,0.0,0.01,0.0,0.3,top_oxide,0.00075,6.275e-06,7.5,62.75,0.10303657531690605,
p2_bulk_nga_5e17_common_primary,NGA 5e17 common-primary state,top_primary,interface_4x,T03_P2_BULK_TRAPS_FORMAL,enabled_symmetric_teaching_top_stack,0.0,0.01,0.0,0.3,top_oxide,0.00075,6.4e-06,7.5,64.0,0.11462265914241389,
p2_bulk_nga_5e17_common_primary,NGA 5e17 common-primary state,top_primary,interface_4x,T03_P2_BULK_TRAPS_FORMAL,enabled_symmetric_teaching_top_stack,0.0,0.01,0.0,0.3,top_oxide,0.00075,6.9e-06,7.5,69.0,0.16096699440793083,
p2_bulk_nga_5e17_common_primary,NGA 5e17 common-primary state,top_primary,interface_4x,T03_P2_BULK_TRAPS_FORMAL,enabled_symmetric_teaching_top_stack,0.0,0.01,0.0,0.3,top_oxide,0.00075,7.4e-06,7.5,74.0,0.20731132962963025,
p2_bulk_nga_5e17_common_primary,NGA 5e17 common-primary state,top_primary,interface_4x,T03_P2_BULK_TRAPS_FORMAL,enabled_symmetric_teaching_top_stack,0.0,0.01,0.0,0.3,top_oxide,0.00075,7.9e-06,7.5,79.0,0.25365566482211804,
p2_bulk_nga_5e17_common_primary,NGA 5e17 common-primary state,top_primary,interface_4x,T03_P2_BULK_TRAPS_FORMAL,enabled_symmetric_teaching_top_stack,0.0,0.01,0.0,0.3,top_oxide,0.00075,8.400000000000001e-06,7.5,84.00000000000001,0.3,
p2_bulk_nga_5e17_common_primary,NGA 5e17 common-primary state,top_primary,interface_4x,T03_P2_BULK_TRAPS_FORMAL,enabled_symmetric_teaching_top_stack,0.0,0.01,0.0,0.3,top_oxide,0.000775,5.4e-06,7.75,54.0,0.021985587524593175,
p2_bulk_nga_5e17_common_primary,NGA 5e17 common-primary state,top_primary,interface_4x,T03_P2_BULK_TRAPS_FORMAL,enabled_symmetric_teaching_top_stack,0.0,0.01,0.0,0.3,top_oxide,0.000775,5.525e-06,7.75,55.24999999999999,0.03356952141997239,
p2_bulk_nga_5e17_common_primary,NGA 5e17 common-primary state,top_primary,interface_4x,T03_P2_BULK_TRAPS_FORMAL,enabled_symmetric_teaching_top_stack,0.0,0.01,0.0,0.3,top_oxide,0.000775,5.65e-06,7.75,56.5,0.045153455310009104,
p2_bulk_nga_5e17_common_primary,NGA 5e17 common-primary state,top_primary,interface_4x,T03_P2_BULK_TRAPS_FORMAL,enabled_symmetric_teaching_top_stack,0.0,0.01,0.0,0.3,top_oxide,0.000775,5.775e-06,7.75,57.75,0.056737389194935456,
p2_bulk_nga_5e17_common_primary,NGA 5e17 common-primary state,top_primary,interface_4x,T03_P2_BULK_TRAPS_FORMAL,enabled_symmetric_teaching_top_stack,0.0,0.01,0.0,0.3,top_oxide,0.000775,5.899999999999999e-06,7.75,58.99999999999999,0.06832132307498381,
p2_bulk_nga_5e17_common_primary,NGA 5e17 common-primary state,top_primary,interface_4x,T03_P2_BULK_TRAPS_FORMAL,enabled_symmetric_teaching_top_stack,0.0,0.01,0.0,0.3,top_oxide,0.000775,6.025e-06,7.75,60.25,0.07990525695038653,
p2_bulk_nga_5e17_common_primary,NGA 5e17 common-primary state,top_primary,interface_4x,T03_P2_BULK_TRAPS_FORMAL,enabled_symmetric_teaching_top_stack,0.0,0.01,0.0,0.3,top_oxide,0.000775,6.1499999999999996e-06,7.75,61.49999999999999,0.09148919082137574,
p2_bulk_nga_5e17_common_primary,NGA 5e17 common-primary state,top_primary,interface_4x,T03_P2_BULK_TRAPS_FORMAL,enabled_symmetric_teaching_top_stack,0.0,0.01,0.0,0.3,top_oxide,0.000775,6.275e-06,7.75,62.75,0.10307312468818389,
p2_bulk_nga_5e17_common_primary,NGA 5e17 common-primary state,top_primary,interface_4x,T03_P2_BULK_TRAPS_FORMAL,enabled_symmetric_teaching_top_stack,0.0,0.01,0.0,0.3,top_oxide,0.000775,6.4e-06,7.75,64.0,0.11465705855104309,
p2_bulk_nga_5e17_common_primary,NGA 5e17 common-primary state,top_primary,interface_4x,T03_P2_BULK_TRAPS_FORMAL,enabled_symmetric_teaching_top_stack,0.0,0.01,0.0,0.3,top_oxide,0.000775,6.9e-06,7.75,69.0,0.16099279396531435,
p2_bulk_nga_5e17_common_primary,NGA 5e17 common-primary state,top_primary,interface_4x,T03_P2_BULK_TRAPS_FORMAL,enabled_symmetric_teaching_top_stack,0.0,0.01,0.0,0.3,top_oxide,0.000775,7.4e-06,7.75,74.0,0.20732852933498674,
p2_bulk_nga_5e17_common_primary,NGA 5e17 common-primary state,top_primary,interface_4x,T03_P2_BULK_TRAPS_FORMAL,enabled_symmetric_teaching_top_stack,0.0,0.01,0.0,0.3,top_oxide,0.000775,7.9e-06,7.75,79.0,0.25366426467492653,
p2_bulk_nga_5e17_common_primary,NGA 5e17 common-primary state,top_primary,interface_4x,T03_P2_BULK_TRAPS_FORMAL,enabled_symmetric_teaching_top_stack,0.0,0.01,0.0,0.3,top_oxide,0.000775,8.400000000000001e-06,7.75,84.00000000000001,0.3,
p2_bulk_nga_5e17_common_primary,NGA 5e17 common-primary state,top_primary,interface_4x,T03_P2_BULK_TRAPS_FORMAL,enabled_symmetric_teaching_top_stack,0.0,0.01,0.0,0.3,top_oxide,0.0008,5.4e-06,8.0,54.0,0.022037409626461158,
p2_bulk_nga_5e17_common_primary,NGA 5e17 common-primary state,top_primary,interface_4x,T03_P2_BULK_TRAPS_FORMAL,enabled_symmetric_teaching_top_stack,0.0,0.01,0.0,0.3,top_oxide,0.0008,5.525e-06,8.0,55.24999999999999,0.03361918426835775,
p2_bulk_nga_5e17_common_primary,NGA 5e17 common-primary state,top_primary,interface_4x,T03_P2_BULK_TRAPS_FORMAL,enabled_symmetric_teaching_top_stack,0.0,0.01,0.0,0.3,top_oxide,0.0008,5.65e-06,8.0,56.5,0.04520095890481547,
p2_bulk_nga_5e17_common_primary,NGA 5e17 common-primary state,top_primary,interface_4x,T03_P2_BULK_TRAPS_FORMAL,enabled_symmetric_teaching_top_stack,0.0,0.01,0.0,0.3,top_oxide,0.0008,5.775e-06,8.0,57.75,0.056782733536070655,
p2_bulk_nga_5e17_common_primary,NGA 5e17 common-primary state,top_primary,interface_4x,T03_P2_BULK_TRAPS_FORMAL,enabled_symmetric_teaching_top_stack,0.0,0.01,0.0,0.3,top_oxide,0.0008,5.899999999999999e-06,8.0,58.99999999999999,0.06836450816235985,
p2_bulk_nga_5e17_common_primary,NGA 5e17 common-primary state,top_primary,interface_4x,T03_P2_BULK_TRAPS_FORMAL,enabled_symmetric_teaching_top_stack,0.0,0.01,0.0,0.3,top_oxide,0.0008,6.025e-06,8.0,60.25,0.0799462827839196,
p2_bulk_nga_5e17_common_primary,NGA 5e17 common-primary state,top_primary,interface_4x,T03_P2_BULK_TRAPS_FORMAL,enabled_symmetric_teaching_top_stack,0.0,0.01,0.0,0.3,top_oxide,0.0008,6.1499999999999996e-06,8.0,61.49999999999999,0.09152805740098625,
p2_bulk_nga_5e17_common_primary,NGA 5e17 common-primary state,top_primary,interface_4x,T03_P2_BULK_TRAPS_FORMAL,enabled_symmetric_teaching_top_stack,0.0,0.01,0.0,0.3,top_oxide,0.0008,6.275e-06,8.0,62.75,0.10310983201379641,
p2_bulk_nga_5e17_common_primary,NGA 5e17 common-primary state,top_primary,interface_4x,T03_P2_BULK_TRAPS_FORMAL,enabled_symmetric_teaching_top_stack,0.0,0.01,0.0,0.3,top_oxide,0.0008,6.4e-06,8.0,64.0,0.1146916066225864,
p2_bulk_nga_5e17_common_primary,NGA 5e17 common-primary state,top_primary,interface_4x,T03_P2_BULK_TRAPS_FORMAL,enabled_symmetric_teaching_top_stack,0.0,0.01,0.0,0.3,top_oxide,0.0008,6.9e-06,8.0,69.0,0.1610187050199104,
p2_bulk_nga_5e17_common_primary,NGA 5e17 common-primary state,top_primary,interface_4x,T03_P2_BULK_TRAPS_FORMAL,enabled_symmetric_teaching_top_stack,0.0,0.01,0.0,0.3,top_oxide,0.0008,7.4e-06,8.0,74.0,0.207345803371831,
p2_bulk_nga_5e17_common_primary,NGA 5e17 common-primary state,top_primary,interface_4x,T03_P2_BULK_TRAPS_FORMAL,enabled_symmetric_teaching_top_stack,0.0,0.01,0.0,0.3,top_oxide,0.0008,7.9e-06,8.0,79.0,0.2536729016934827,
p2_bulk_nga_5e17_common_primary,NGA 5e17 common-primary state,top_primary,interface_4x,T03_P2_BULK_TRAPS_FORMAL,enabled_symmetric_teaching_top_stack,0.0,0.01,0.0,0.3,top_oxide,0.0008,8.400000000000001e-06,8.0,84.00000000000001,0.3,
p2_bulk_nga_5e17_common_primary,NGA 5e17 common-primary state,top_primary,interface_4x,T03_P2_BULK_TRAPS_FORMAL,enabled_symmetric_teaching_top_stack,0.0,0.01,0.0,0.3,top_oxide,0.000825,5.4e-06,8.25,54.0,0.02208945874491769,
p2_bulk_nga_5e17_common_primary,NGA 5e17 common-primary state,top_primary,interface_4x,T03_P2_BULK_TRAPS_FORMAL,enabled_symmetric_teaching_top_stack,0.0,0.01,0.0,0.3,top_oxide,0.000825,5.525e-06,8.25,55.24999999999999,0.03366906467432988,
p2_bulk_nga_5e17_common_primary,NGA 5e17 common-primary state,top_primary,interface_4x,T03_P2_BULK_TRAPS_FORMAL,enabled_symmetric_teaching_top_stack,0.0,0.01,0.0,0.3,top_oxide,0.000825,5.65e-06,8.25,56.5,0.04524867059820397,
p2_bulk_nga_5e17_common_primary,NGA 5e17 common-primary state,top_primary,interface_4x,T03_P2_BULK_TRAPS_FORMAL,enabled_symmetric_teaching_top_stack,0.0,0.01,0.0,0.3,top_oxide,0.000825,5.775e-06,8.25,57.75,0.05682827651678058,
p2_bulk_nga_5e17_common_primary,NGA 5e17 common-primary state,top_primary,interface_4x,T03_P2_BULK_TRAPS_FORMAL,enabled_symmetric_teaching_top_stack,0.0,0.01,0.0,0.3,top_oxide,0.000825,5.899999999999999e-06,8.25,58.99999999999999,0.06840788243030059,
p2_bulk_nga_5e17_common_primary,NGA 5e17 common-primary state,top_primary,interface_4x,T03_P2_BULK_TRAPS_FORMAL,enabled_symmetric_teaching_top_stack,0.0,0.01,0.0,0.3,top_oxide,0.000825,6.025e-06,8.25,60.25,0.07998748833900486,
p2_bulk_nga_5e17_common_primary,NGA 5e17 common-primary state,top_primary,interface_4x,T03_P2_BULK_TRAPS_FORMAL,enabled_symmetric_teaching_top_stack,0.0,0.01,0.0,0.3,top_oxide,0.000825,6.1499999999999996e-06,8.25,61.49999999999999,0.09156709424313403,
p2_bulk_nga_5e17_common_primary,NGA 5e17 common-primary state,top_primary,interface_4x,T03_P2_BULK_TRAPS_FORMAL,enabled_symmetric_teaching_top_stack,0.0,0.01,0.0,0.3,top_oxide,0.000825,6.275e-06,8.25,62.75,0.10314670014292904,
p2_bulk_nga_5e17_common_primary,NGA 5e17 common-primary state,top_primary,interface_4x,T03_P2_BULK_TRAPS_FORMAL,enabled_symmetric_teaching_top_stack,0.0,0.01,0.0,0.3,top_oxide,0.000825,6.4e-06,8.25,64.0,0.11472630603863052,
p2_bulk_nga_5e17_common_primary,NGA 5e17 common-primary state,top_primary,interface_4x,T03_P2_BULK_TRAPS_FORMAL,enabled_symmetric_teaching_top_stack,0.0,0.01,0.0,0.3,top_oxide,0.000825,6.9e-06,8.25,69.0,0.16104472958291005,
p2_bulk_nga_5e17_common_primary,NGA 5e17 common-primary state,top_primary,interface_4x,T03_P2_BULK_TRAPS_FORMAL,enabled_symmetric_teaching_top_stack,0.0,0.01,0.0,0.3,top_oxide,0.000825,7.4e-06,8.25,74.0,0.20736315308095776,
p2_bulk_nga_5e17_common_primary,NGA 5e17 common-primary state,top_primary,interface_4x,T03_P2_BULK_TRAPS_FORMAL,enabled_symmetric_teaching_top_stack,0.0,0.01,0.0,0.3,top_oxide,0.000825,7.9e-06,8.25,79.0,0.2536815765481842,
p2_bulk_nga_5e17_common_primary,NGA 5e17 common-primary state,top_primary,interface_4x,T03_P2_BULK_TRAPS_FORMAL,enabled_symmetric_teaching_top_stack,0.0,0.01,0.0,0.3,top_oxide,0.000825,8.400000000000001e-06,8.25,84.00000000000001,0.3,
p2_bulk_nga_5e17_common_primary,NGA 5e17 common-primary state,top_primary,interface_4x,T03_P2_BULK_TRAPS_FORMAL,enabled_symmetric_teaching_top_stack,0.0,0.01,0.0,0.3,top_oxide,0.0008500000000000001,5.4e-06,8.5,54.0,0.02214173902244543,
p2_bulk_nga_5e17_common_primary,NGA 5e17 common-primary state,top_primary,interface_4x,T03_P2_BULK_TRAPS_FORMAL,enabled_symmetric_teaching_top_stack,0.0,0.01,0.0,0.3,top_oxide,0.0008500000000000001,5.525e-06,8.5,55.24999999999999,0.03371916660777163,
p2_bulk_nga_5e17_common_primary,NGA 5e17 common-primary state,top_primary,interface_4x,T03_P2_BULK_TRAPS_FORMAL,enabled_symmetric_teaching_top_stack,0.0,0.01,0.0,0.3,top_oxide,0.0008500000000000001,5.65e-06,8.5,56.5,0.04529659418745717,
p2_bulk_nga_5e17_common_primary,NGA 5e17 common-primary state,top_primary,interface_4x,T03_P2_BULK_TRAPS_FORMAL,enabled_symmetric_teaching_top_stack,0.0,0.01,0.0,0.3,top_oxide,0.0008500000000000001,5.775e-06,8.5,57.75,0.05687402176174712,
p2_bulk_nga_5e17_common_primary,NGA 5e17 common-primary state,top_primary,interface_4x,T03_P2_BULK_TRAPS_FORMAL,enabled_symmetric_teaching_top_stack,0.0,0.01,0.0,0.3,top_oxide,0.0008500000000000001,5.899999999999999e-06,8.5,58.99999999999999,0.06845144933088683,
p2_bulk_nga_5e17_common_primary,NGA 5e17 common-primary state,top_primary,interface_4x,T03_P2_BULK_TRAPS_FORMAL,enabled_symmetric_teaching_top_stack,0.0,0.01,0.0,0.3,top_oxide,0.0008500000000000001,6.025e-06,8.5,60.25,0.0800288768951216,
p2_bulk_nga_5e17_common_primary,NGA 5e17 common-primary state,top_primary,interface_4x,T03_P2_BULK_TRAPS_FORMAL,enabled_symmetric_teaching_top_stack,0.0,0.01,0.0,0.3,top_oxide,0.0008500000000000001,6.1499999999999996e-06,8.5,61.49999999999999,0.09160630445469653,
p2_bulk_nga_5e17_common_primary,NGA 5e17 common-primary state,top_primary,interface_4x,T03_P2_BULK_TRAPS_FORMAL,enabled_symmetric_teaching_top_stack,0.0,0.01,0.0,0.3,top_oxide,0.0008500000000000001,6.275e-06,8.5,62.75,0.10318373200985702,
p2_bulk_nga_5e17_common_primary,NGA 5e17 common-primary state,top_primary,interface_4x,T03_P2_BULK_TRAPS_FORMAL,enabled_symmetric_teaching_top_stack,0.0,0.01,0.0,0.3,top_oxide,0.0008500000000000001,6.4e-06,8.5,64.0,0.11476115956084816,
p2_bulk_nga_5e17_common_primary,NGA 5e17 common-primary state,top_primary,interface_4x,T03_P2_BULK_TRAPS_FORMAL,enabled_symmetric_teaching_top_stack,0.0,0.01,0.0,0.3,top_oxide,0.0008500000000000001,6.9e-06,8.5,69.0,0.16107086972557266,
p2_bulk_nga_5e17_common_primary,NGA 5e17 common-primary state,top_primary,interface_4x,T03_P2_BULK_TRAPS_FORMAL,enabled_symmetric_teaching_top_stack,0.0,0.01,0.0,0.3,top_oxide,0.0008500000000000001,7.4e-06,8.5,74.0,0.20738057984320873,
p2_bulk_nga_5e17_common_primary,NGA 5e17 common-primary state,top_primary,interface_4x,T03_P2_BULK_TRAPS_FORMAL,enabled_symmetric_teaching_top_stack,0.0,0.01,0.0,0.3,top_oxide,0.0008500000000000001,7.9e-06,8.5,79.0,0.2536902899294525,
p2_bulk_nga_5e17_common_primary,NGA 5e17 common-primary state,top_primary,interface_4x,T03_P2_BULK_TRAPS_FORMAL,enabled_symmetric_teaching_top_stack,0.0,0.01,0.0,0.3,top_oxide,0.0008500000000000001,8.400000000000001e-06,8.5,84.00000000000001,0.3,
p2_bulk_nga_5e17_common_primary,NGA 5e17 common-primary state,top_primary,interface_4x,T03_P2_BULK_TRAPS_FORMAL,enabled_symmetric_teaching_top_stack,0.0,0.01,0.0,0.3,top_oxide,0.0008750000000000001,5.4e-06,8.750000000000002,54.0,0.022194254739385966,
p2_bulk_nga_5e17_common_primary,NGA 5e17 common-primary state,top_primary,interface_4x,T03_P2_BULK_TRAPS_FORMAL,enabled_symmetric_teaching_top_stack,0.0,0.01,0.0,0.3,top_oxide,0.0008750000000000001,5.525e-06,8.750000000000002,55.24999999999999,0.033769494170917125,
p2_bulk_nga_5e17_common_primary,NGA 5e17 common-primary state,top_primary,interface_4x,T03_P2_BULK_TRAPS_FORMAL,enabled_symmetric_teaching_top_stack,0.0,0.01,0.0,0.3,top_oxide,0.0008750000000000001,5.65e-06,8.750000000000002,56.5,0.04534473359667366,
p2_bulk_nga_5e17_common_primary,NGA 5e17 common-primary state,top_primary,interface_4x,T03_P2_BULK_TRAPS_FORMAL,enabled_symmetric_teaching_top_stack,0.0,0.01,0.0,0.3,top_oxide,0.0008750000000000001,5.775e-06,8.750000000000002,57.75,0.05691997301690599,
p2_bulk_nga_5e17_common_primary,NGA 5e17 common-primary state,top_primary,interface_4x,T03_P2_BULK_TRAPS_FORMAL,enabled_symmetric_teaching_top_stack,0.0,0.01,0.0,0.3,top_oxide,0.0008750000000000001,5.899999999999999e-06,8.750000000000002,58.99999999999999,0.06849521243186482,
p2_bulk_nga_5e17_common_primary,NGA 5e17 common-primary state,top_primary,interface_4x,T03_P2_BULK_TRAPS_FORMAL,enabled_symmetric_teaching_top_stack,0.0,0.01,0.0,0.3,top_oxide,0.0008750000000000001,6.025e-06,8.750000000000002,60.25,0.08007045184180094,
p2_bulk_nga_5e17_common_primary,NGA 5e17 common-primary state,top_primary,interface_4x,T03_P2_BULK_TRAPS_FORMAL,enabled_symmetric_teaching_top_stack,0.0,0.01,0.0,0.3,top_oxide,0.0008750000000000001,6.1499999999999996e-06,8.750000000000002,61.49999999999999,0.09164569124696492,
p2_bulk_nga_5e17_common_primary,NGA 5e17 common-primary state,top_primary,interface_4x,T03_P2_BULK_TRAPS_FORMAL,enabled_symmetric_teaching_top_stack,0.0,0.01,0.0,0.3,top_oxide,0.0008750000000000001,6.275e-06,8.750000000000002,62.75,0.10322093064760775,
p2_bulk_nga_5e17_common_primary,NGA 5e17 common-primary state,top_primary,interface_4x,T03_P2_BULK_TRAPS_FORMAL,enabled_symmetric_teaching_top_stack,0.0,0.01,0.0,0.3,top_oxide,0.0008750000000000001,6.4e-06,8.750000000000002,64.0,0.11479617004398011,
p2_bulk_nga_5e17_common_primary,NGA 5e17 common-primary state,top_primary,interface_4x,T03_P2_BULK_TRAPS_FORMAL,enabled_symmetric_teaching_top_stack,0.0,0.01,0.0,0.3,top_oxide,0.0008750000000000001,6.9e-06,8.750000000000002,69.0,0.1610971275892751,
p2_bulk_nga_5e17_common_primary,NGA 5e17 common-primary state,top_primary,interface_4x,T03_P2_BULK_TRAPS_FORMAL,enabled_symmetric_teaching_top_stack,0.0,0.01,0.0,0.3,top_oxide,0.0008750000000000001,7.4e-06,8.750000000000002,74.0,0.2073980850863249,
p2_bulk_nga_5e17_common_primary,NGA 5e17 common-primary state,top_primary,interface_4x,T03_P2_BULK_TRAPS_FORMAL,enabled_symmetric_teaching_top_stack,0.0,0.01,0.0,0.3,top_oxide,0.0008750000000000001,7.9e-06,8.750000000000002,79.0,0.25369904255120557,
p2_bulk_nga_5e17_common_primary,NGA 5e17 common-primary state,top_primary,interface_4x,T03_P2_BULK_TRAPS_FORMAL,enabled_symmetric_teaching_top_stack,0.0,0.01,0.0,0.3,top_oxide,0.0008750000000000001,8.400000000000001e-06,8.750000000000002,84.00000000000001,0.3,
p2_bulk_nga_5e17_common_primary,NGA 5e17 common-primary state,top_primary,interface_4x,T03_P2_BULK_TRAPS_FORMAL,enabled_symmetric_teaching_top_stack,0.0,0.01,0.0,0.3,top_oxide,0.0009000000000000001,5.4e-06,9.0,54.0,0.02224701146491954,
p2_bulk_nga_5e17_common_primary,NGA 5e17 common-primary state,top_primary,interface_4x,T03_P2_BULK_TRAPS_FORMAL,enabled_symmetric_teaching_top_stack,0.0,0.01,0.0,0.3,top_oxide,0.0009000000000000001,5.525e-06,9.0,55.24999999999999,0.03382005272221022,
p2_bulk_nga_5e17_common_primary,NGA 5e17 common-primary state,top_primary,interface_4x,T03_P2_BULK_TRAPS_FORMAL,enabled_symmetric_teaching_top_stack,0.0,0.01,0.0,0.3,top_oxide,0.0009000000000000001,5.65e-06,9.0,56.5,0.045393093971078276,
p2_bulk_nga_5e17_common_primary,NGA 5e17 common-primary state,top_primary,interface_4x,T03_P2_BULK_TRAPS_FORMAL,enabled_symmetric_teaching_top_stack,0.0,0.01,0.0,0.3,top_oxide,0.0009000000000000001,5.775e-06,9.0,57.75,0.05696613521184346,
p2_bulk_nga_5e17_common_primary,NGA 5e17 common-primary state,top_primary,interface_4x,T03_P2_BULK_TRAPS_FORMAL,enabled_symmetric_teaching_top_stack,0.0,0.01,0.0,0.3,top_oxide,0.0009000000000000001,5.899999999999999e-06,9.0,58.99999999999999,0.06853917644483129,
p2_bulk_nga_5e17_common_primary,NGA 5e17 common-primary state,top_primary,interface_4x,T03_P2_BULK_TRAPS_FORMAL,enabled_symmetric_teaching_top_stack,0.0,0.01,0.0,0.3,top_oxide,0.0009000000000000001,6.025e-06,9.0,60.25,0.08011221767037272,
p2_bulk_nga_5e17_common_primary,NGA 5e17 common-primary state,top_primary,interface_4x,T03_P2_BULK_TRAPS_FORMAL,enabled_symmetric_teaching_top_stack,0.0,0.01,0.0,0.3,top_oxide,0.0009000000000000001,6.1499999999999996e-06,9.0,61.49999999999999,0.09168525888880376,
p2_bulk_nga_5e17_common_primary,NGA 5e17 common-primary state,top_primary,interface_4x,T03_P2_BULK_TRAPS_FORMAL,enabled_symmetric_teaching_top_stack,0.0,0.01,0.0,0.3,top_oxide,0.0009000000000000001,6.275e-06,9.0,62.75,0.10325830010046581,
p2_bulk_nga_5e17_common_primary,NGA 5e17 common-primary state,top_primary,interface_4x,T03_P2_BULK_TRAPS_FORMAL,enabled_symmetric_teaching_top_stack,0.0,0.01,0.0,0.3,top_oxide,0.0009000000000000001,6.4e-06,9.0,64.0,0.11483134130570496,
p2_bulk_nga_5e17_common_primary,NGA 5e17 common-primary state,top_primary,interface_4x,T03_P2_BULK_TRAPS_FORMAL,enabled_symmetric_teaching_top_stack,0.0,0.01,0.0,0.3,top_oxide,0.0009000000000000001,6.9e-06,9.0,69.0,0.161123506065943,
p2_bulk_nga_5e17_common_primary,NGA 5e17 common-primary state,top_primary,interface_4x,T03_P2_BULK_TRAPS_FORMAL,enabled_symmetric_teaching_top_stack,0.0,0.01,0.0,0.3,top_oxide,0.0009000000000000001,7.4e-06,9.0,74.0,0.20741567075222095,
p2_bulk_nga_5e17_common_primary,NGA 5e17 common-primary state,top_primary,interface_4x,T03_P2_BULK_TRAPS_FORMAL,enabled_symmetric_teaching_top_stack,0.0,0.01,0.0,0.3,top_oxide,0.0009000000000000001,7.9e-06,9.0,79.0,0.253707835388654,
p2_bulk_nga_5e17_common_primary,NGA 5e17 common-primary state,top_primary,interface_4x,T03_P2_BULK_TRAPS_FORMAL,enabled_symmetric_teaching_top_stack,0.0,0.01,0.0,0.3,top_oxide,0.0009000000000000001,8.400000000000001e-06,9.0,84.00000000000001,0.3,
p2_bulk_nga_5e17_common_primary,NGA 5e17 common-primary state,top_primary,interface_4x,T03_P2_BULK_TRAPS_FORMAL,enabled_symmetric_teaching_top_stack,0.0,0.01,0.0,0.3,top_oxide,0.0009249999999999999,5.4e-06,9.25,54.0,0.022300117666614216,
p2_bulk_nga_5e17_common_primary,NGA 5e17 common-primary state,top_primary,interface_4x,T03_P2_BULK_TRAPS_FORMAL,enabled_symmetric_teaching_top_stack,0.0,0.01,0.0,0.3,top_oxide,0.0009249999999999999,5.525e-06,9.25,55.24999999999999,0.03387094818123654,
p2_bulk_nga_5e17_common_primary,NGA 5e17 common-primary state,top_primary,interface_4x,T03_P2_BULK_TRAPS_FORMAL,enabled_symmetric_teaching_top_stack,0.0,0.01,0.0,0.3,top_oxide,0.0009249999999999999,5.65e-06,9.25,56.5,0.04544177845759353,
p2_bulk_nga_5e17_common_primary,NGA 5e17 common-primary state,top_primary,interface_4x,T03_P2_BULK_TRAPS_FORMAL,enabled_symmetric_teaching_top_stack,0.0,0.01,0.0,0.3,top_oxide,0.0009249999999999999,5.775e-06,9.25,57.75,0.05701260850087156,
p2_bulk_nga_5e17_common_primary,NGA 5e17 common-primary state,top_primary,interface_4x,T03_P2_BULK_TRAPS_FORMAL,enabled_symmetric_teaching_top_stack,0.0,0.01,0.0,0.3,top_oxide,0.0009249999999999999,5.899999999999999e-06,9.25,58.99999999999999,0.06858343831682484,
p2_bulk_nga_5e17_common_primary,NGA 5e17 common-primary state,top_primary,interface_4x,T03_P2_BULK_TRAPS_FORMAL,enabled_symmetric_teaching_top_stack,0.0,0.01,0.0,0.3,top_oxide,0.0009249999999999999,6.025e-06,9.25,60.25,0.08015426791177582,
p2_bulk_nga_5e17_common_primary,NGA 5e17 common-primary state,top_primary,interface_4x,T03_P2_BULK_TRAPS_FORMAL,enabled_symmetric_teaching_top_stack,0.0,0.01,0.0,0.3,top_oxide,0.0009249999999999999,6.1499999999999996e-06,9.25,61.49999999999999,0.09172509729261198,
p2_bulk_nga_5e17_common_primary,NGA 5e17 common-primary state,top_primary,interface_4x,T03_P2_BULK_TRAPS_FORMAL,enabled_symmetric_teaching_top_stack,0.0,0.01,0.0,0.3,top_oxide,0.0009249999999999999,6.275e-06,9.25,62.75,0.10329592646677982,
p2_bulk_nga_5e17_common_primary,NGA 5e17 common-primary state,top_primary,interface_4x,T03_P2_BULK_TRAPS_FORMAL,enabled_symmetric_teaching_top_stack,0.0,0.01,0.0,0.3,top_oxide,0.0009249999999999999,6.4e-06,9.25,64.0,0.11486675544227445,
p2_bulk_nga_5e17_common_primary,NGA 5e17 common-primary state,top_primary,interface_4x,T03_P2_BULK_TRAPS_FORMAL,enabled_symmetric_teaching_top_stack,0.0,0.01,0.0,0.3,top_oxide,0.0009249999999999999,6.9e-06,9.25,69.0,0.1611500694428347,
p2_bulk_nga_5e17_common_primary,NGA 5e17 common-primary state,top_primary,interface_4x,T03_P2_BULK_TRAPS_FORMAL,enabled_symmetric_teaching_top_stack,0.0,0.01,0.0,0.3,top_oxide,0.0009249999999999999,7.4e-06,9.25,74.0,0.20743338103034253,
p2_bulk_nga_5e17_common_primary,NGA 5e17 common-primary state,top_primary,interface_4x,T03_P2_BULK_TRAPS_FORMAL,enabled_symmetric_teaching_top_stack,0.0,0.01,0.0,0.3,top_oxide,0.0009249999999999999,7.9e-06,9.25,79.0,0.2537166909437773,
p2_bulk_nga_5e17_common_primary,NGA 5e17 common-primary state,top_primary,interface_4x,T03_P2_BULK_TRAPS_FORMAL,enabled_symmetric_teaching_top_stack,0.0,0.01,0.0,0.3,top_oxide,0.0009249999999999999,8.400000000000001e-06,9.25,84.00000000000001,0.3,
p2_bulk_nga_5e17_common_primary,NGA 5e17 common-primary state,top_primary,interface_4x,T03_P2_BULK_TRAPS_FORMAL,enabled_symmetric_teaching_top_stack,0.0,0.01,0.0,0.3,top_oxide,0.00095,5.4e-06,9.5,54.0,0.022362939422997913,
p2_bulk_nga_5e17_common_primary,NGA 5e17 common-primary state,top_primary,interface_4x,T03_P2_BULK_TRAPS_FORMAL,enabled_symmetric_teaching_top_stack,0.0,0.01,0.0,0.3,top_oxide,0.00095,5.525e-06,9.5,55.24999999999999,0.033931374256913754,
p2_bulk_nga_5e17_common_primary,NGA 5e17 common-primary state,top_primary,interface_4x,T03_P2_BULK_TRAPS_FORMAL,enabled_symmetric_teaching_top_stack,0.0,0.01,0.0,0.3,top_oxide,0.00095,5.65e-06,9.5,56.5,0.0454997860992326,
p2_bulk_nga_5e17_common_primary,NGA 5e17 common-primary state,top_primary,interface_4x,T03_P2_BULK_TRAPS_FORMAL,enabled_symmetric_teaching_top_stack,0.0,0.01,0.0,0.3,top_oxide,0.00095,5.775e-06,9.5,57.75,0.05706817477983331,
p2_bulk_nga_5e17_common_primary,NGA 5e17 common-primary state,top_primary,interface_4x,T03_P2_BULK_TRAPS_FORMAL,enabled_symmetric_teaching_top_stack,0.0,0.01,0.0,0.3,top_oxide,0.00095,5.899999999999999e-06,9.5,58.99999999999999,0.06863654028363647,
p2_bulk_nga_5e17_common_primary,NGA 5e17 common-primary state,top_primary,interface_4x,T03_P2_BULK_TRAPS_FORMAL,enabled_symmetric_teaching_top_stack,0.0,0.01,0.0,0.3,top_oxide,0.00095,6.025e-06,9.5,60.25,0.08020488274339567,
p2_bulk_nga_5e17_common_primary,NGA 5e17 common-primary state,top_primary,interface_4x,T03_P2_BULK_TRAPS_FORMAL,enabled_symmetric_teaching_top_stack,0.0,0.01,0.0,0.3,top_oxide,0.00095,6.1499999999999996e-06,9.5,61.49999999999999,0.09177320243251094,
p2_bulk_nga_5e17_common_primary,NGA 5e17 common-primary state,top_primary,interface_4x,T03_P2_BULK_TRAPS_FORMAL,enabled_symmetric_teaching_top_stack,0.0,0.01,0.0,0.3,top_oxide,0.00095,6.275e-06,9.5,62.75,0.10334149975786446,
p2_bulk_nga_5e17_common_primary,NGA 5e17 common-primary state,top_primary,interface_4x,T03_P2_BULK_TRAPS_FORMAL,enabled_symmetric_teaching_top_stack,0.0,0.01,0.0,0.3,top_oxide,0.00095,6.4e-06,9.5,64.0,0.11490977525267483,
p2_bulk_nga_5e17_common_primary,NGA 5e17 common-primary state,top_primary,interface_4x,T03_P2_BULK_TRAPS_FORMAL,enabled_symmetric_teaching_top_stack,0.0,0.01,0.0,0.3,top_oxide,0.00095,6.9e-06,9.5,69.0,0.16118266545078483,
p2_bulk_nga_5e17_common_primary,NGA 5e17 common-primary state,top_primary,interface_4x,T03_P2_BULK_TRAPS_FORMAL,enabled_symmetric_teaching_top_stack,0.0,0.01,0.0,0.3,top_oxide,0.00095,7.4e-06,9.5,74.0,0.20745527649111123,
p2_bulk_nga_5e17_common_primary,NGA 5e17 common-primary state,top_primary,interface_4x,T03_P2_BULK_TRAPS_FORMAL,enabled_symmetric_teaching_top_stack,0.0,0.01,0.0,0.3,top_oxide,0.00095,7.9e-06,9.5,79.0,0.25372768952901964,
p2_bulk_nga_5e17_common_primary,NGA 5e17 common-primary state,top_primary,interface_4x,T03_P2_BULK_TRAPS_FORMAL,enabled_symmetric_teaching_top_stack,0.0,0.01,0.0,0.3,top_oxide,0.00095,8.400000000000001e-06,9.5,84.00000000000001,0.3,
p2_bulk_nga_5e17_common_primary,NGA 5e17 common-primary state,top_primary,interface_4x,T03_P2_BULK_TRAPS_FORMAL,enabled_symmetric_teaching_top_stack,0.0,0.01,0.0,0.3,top_oxide,0.000975,5.4e-06,9.75,54.0,0.023332129287651236,
p2_bulk_nga_5e17_common_primary,NGA 5e17 common-primary state,top_primary,interface_4x,T03_P2_BULK_TRAPS_FORMAL,enabled_symmetric_teaching_top_stack,0.0,0.01,0.0,0.3,top_oxide,0.000975,5.525e-06,9.75,55.24999999999999,0.03491146421557382,
p2_bulk_nga_5e17_common_primary,NGA 5e17 common-primary state,top_primary,interface_4x,T03_P2_BULK_TRAPS_FORMAL,enabled_symmetric_teaching_top_stack,0.0,0.01,0.0,0.3,top_oxide,0.000975,5.65e-06,9.75,56.5,0.046484262463109126,
p2_bulk_nga_5e17_common_primary,NGA 5e17 common-primary state,top_primary,interface_4x,T03_P2_BULK_TRAPS_FORMAL,enabled_symmetric_teaching_top_stack,0.0,0.01,0.0,0.3,top_oxide,0.000975,5.775e-06,9.75,57.75,0.058050812960551805,
p2_bulk_nga_5e17_common_primary,NGA 5e17 common-primary state,top_primary,interface_4x,T03_P2_BULK_TRAPS_FORMAL,enabled_symmetric_teaching_top_stack,0.0,0.01,0.0,0.3,top_oxide,0.000975,5.899999999999999e-06,9.75,58.99999999999999,0.0696114040127702,
p2_bulk_nga_5e17_common_primary,NGA 5e17 common-primary state,top_primary,interface_4x,T03_P2_BULK_TRAPS_FORMAL,enabled_symmetric_teaching_top_stack,0.0,0.01,0.0,0.3,top_oxide,0.000975,6.025e-06,9.75,60.25,0.08116632332803925,
p2_bulk_nga_5e17_common_primary,NGA 5e17 common-primary state,top_primary,interface_4x,T03_P2_BULK_TRAPS_FORMAL,enabled_symmetric_teaching_top_stack,0.0,0.01,0.0,0.3,top_oxide,0.000975,6.1499999999999996e-06,9.75,61.49999999999999,0.09271585804681746,
p2_bulk_nga_5e17_common_primary,NGA 5e17 common-primary state,top_primary,interface_4x,T03_P2_BULK_TRAPS_FORMAL,enabled_symmetric_teaching_top_stack,0.0,0.01,0.0,0.3,top_oxide,0.000975,6.275e-06,9.75,62.75,0.10426029477047152,
p2_bulk_nga_5e17_common_primary,NGA 5e17 common-primary state,top_primary,interface_4x,T03_P2_BULK_TRAPS_FORMAL,enabled_symmetric_teaching_top_stack,0.0,0.01,0.0,0.3,top_oxide,0.000975,6.4e-06,9.75,64.0,0.11579991958994901,
p2_bulk_nga_5e17_common_primary,NGA 5e17 common-primary state,top_primary,interface_4x,T03_P2_BULK_TRAPS_FORMAL,enabled_symmetric_teaching_top_stack,0.0,0.01,0.0,0.3,top_oxide,0.000975,6.9e-06,9.75,69.0,0.16191315591764038,
p2_bulk_nga_5e17_common_primary,NGA 5e17 common-primary state,top_primary,interface_4x,T03_P2_BULK_TRAPS_FORMAL,enabled_symmetric_teaching_top_stack,0.0,0.01,0.0,0.3,top_oxide,0.000975,7.4e-06,9.75,74.0,0.20797217799684029,
p2_bulk_nga_5e17_common_primary,NGA 5e17 common-primary state,top_primary,interface_4x,T03_P2_BULK_TRAPS_FORMAL,enabled_symmetric_teaching_top_stack,0.0,0.01,0.0,0.3,top_oxide,0.000975,7.9e-06,9.75,79.0,0.25399510543451576,
p2_bulk_nga_5e17_common_primary,NGA 5e17 common-primary state,top_primary,interface_4x,T03_P2_BULK_TRAPS_FORMAL,enabled_symmetric_teaching_top_stack,0.0,0.01,0.0,0.3,top_oxide,0.000975,8.400000000000001e-06,9.75,84.00000000000001,0.3,
p2_bulk_nga_5e17_common_primary,NGA 5e17 common-primary state,top_primary,interface_4x,T03_P2_BULK_TRAPS_FORMAL,enabled_symmetric_teaching_top_stack,0.0,0.01,0.0,0.3,top_oxide,0.001,5.4e-06,10.0,54.0,0.29735191917391074,
p2_bulk_nga_5e17_common_primary,NGA 5e17 common-primary state,top_primary,interface_4x,T03_P2_BULK_TRAPS_FORMAL,enabled_symmetric_teaching_top_stack,0.0,0.01,0.0,0.3,top_oxide,0.001,5.525e-06,10.0,55.24999999999999,0.2973587696686579,
p2_bulk_nga_5e17_common_primary,NGA 5e17 common-primary state,top_primary,interface_4x,T03_P2_BULK_TRAPS_FORMAL,enabled_symmetric_teaching_top_stack,0.0,0.01,0.0,0.3,top_oxide,0.001,5.65e-06,10.0,56.5,0.2973787425286777,
p2_bulk_nga_5e17_common_primary,NGA 5e17 common-primary state,top_primary,interface_4x,T03_P2_BULK_TRAPS_FORMAL,enabled_symmetric_teaching_top_stack,0.0,0.01,0.0,0.3,top_oxide,0.001,5.775e-06,10.0,57.75,0.2974112601127008,
p2_bulk_nga_5e17_common_primary,NGA 5e17 common-primary state,top_primary,interface_4x,T03_P2_BULK_TRAPS_FORMAL,enabled_symmetric_teaching_top_stack,0.0,0.01,0.0,0.3,top_oxide,0.001,5.899999999999999e-06,10.0,58.99999999999999,0.2974557457190815,
p2_bulk_nga_5e17_common_primary,NGA 5e17 common-primary state,top_primary,interface_4x,T03_P2_BULK_TRAPS_FORMAL,enabled_symmetric_teaching_top_stack,0.0,0.01,0.0,0.3,top_oxide,0.001,6.025e-06,10.0,60.25,0.2975116235425475,
p2_bulk_nga_5e17_common_primary,NGA 5e17 common-primary state,top_primary,interface_4x,T03_P2_BULK_TRAPS_FORMAL,enabled_symmetric_teaching_top_stack,0.0,0.01,0.0,0.3,top_oxide,0.001,6.1499999999999996e-06,10.0,61.49999999999999,0.29757831863102424,
p2_bulk_nga_5e17_common_primary,NGA 5e17 common-primary state,top_primary,interface_4x,T03_P2_BULK_TRAPS_FORMAL,enabled_symmetric_teaching_top_stack,0.0,0.01,0.0,0.3,top_oxide,0.001,6.275e-06,10.0,62.75,0.2976552568425302,
p2_bulk_nga_5e17_common_primary,NGA 5e17 common-primary state,top_primary,interface_4x,T03_P2_BULK_TRAPS_FORMAL,enabled_symmetric_teaching_top_stack,0.0,0.01,0.0,0.3,top_oxide,0.001,6.4e-06,10.0,64.0,0.2977418648021397,
p2_bulk_nga_5e17_common_primary,NGA 5e17 common-primary state,top_primary,interface_4x,T03_P2_BULK_TRAPS_FORMAL,enabled_symmetric_teaching_top_stack,0.0,0.01,0.0,0.3,top_oxide,0.001,6.9e-06,10.0,69.0,0.29817926761318403,
p2_bulk_nga_5e17_common_primary,NGA 5e17 common-primary state,top_primary,interface_4x,T03_P2_BULK_TRAPS_FORMAL,enabled_symmetric_teaching_top_stack,0.0,0.01,0.0,0.3,top_oxide,0.001,7.4e-06,10.0,74.0,0.29872568331358473,
p2_bulk_nga_5e17_common_primary,NGA 5e17 common-primary state,top_primary,interface_4x,T03_P2_BULK_TRAPS_FORMAL,enabled_symmetric_teaching_top_stack,0.0,0.01,0.0,0.3,top_oxide,0.001,7.9e-06,10.0,79.0,0.2993447018182389,
p2_bulk_nga_5e17_common_primary,NGA 5e17 common-primary state,top_primary,interface_4x,T03_P2_BULK_TRAPS_FORMAL,enabled_symmetric_teaching_top_stack,0.0,0.01,0.0,0.3,top_oxide,0.001,8.400000000000001e-06,10.0,84.00000000000001,0.3,
