mesh_level,stage_id,vgs_v,vds_v,region,x_cm,y_cm,x_um,y_nm,potential_v,electron_density_cm3
interface_8x,T01_A_STAGE_2,1.0,0.01,bottom_oxide,0.0,0.0,0.0,0.0,1.0,
interface_8x,T01_A_STAGE_2,1.0,0.01,bottom_oxide,0.0,5.000000000000001e-07,0.0,5.000000000000001,0.9980039222983234,
interface_8x,T01_A_STAGE_2,1.0,0.01,bottom_oxide,2.5e-05,0.0,0.25,0.0,1.0,
interface_8x,T01_A_STAGE_2,1.0,0.01,bottom_oxide,2.5e-05,5.000000000000001e-07,0.25,5.000000000000001,0.8598666622661556,
interface_8x,T01_A_STAGE_2,1.0,0.01,bottom_oxide,0.0,1.0000000000000002e-06,0.0,10.000000000000002,0.9961183544046724,
interface_8x,T01_A_STAGE_2,1.0,0.01,bottom_oxide,2.5e-05,1.0000000000000002e-06,0.25,10.000000000000002,0.7196782031821255,
interface_8x,T01_A_STAGE_2,1.0,0.01,bottom_oxide,0.0,1.5000000000000002e-06,0.0,15.000000000000002,0.9944539386319996,
interface_8x,T01_A_STAGE_2,1.0,0.01,bottom_oxide,2.5e-05,1.5000000000000002e-06,0.25,15.000000000000002,0.5793794131539302,
interface_8x,T01_A_STAGE_2,1.0,0.01,bottom_oxide,0.0,2.0000000000000003e-06,0.0,20.000000000000004,0.9931215824797093,
interface_8x,T01_A_STAGE_2,1.0,0.01,bottom_oxide,2.5e-05,2.0000000000000003e-06,0.25,20.000000000000004,0.43891490596763233,
interface_8x,T01_A_STAGE_2,1.0,0.01,bottom_oxide,0.0,2.0625e-06,0.0,20.625,0.9929862120862267,
interface_8x,T01_A_STAGE_2,1.0,0.01,bottom_oxide,2.5e-05,2.0625e-06,0.25,20.625,0.4213412775873302,
interface_8x,T01_A_STAGE_2,1.0,0.01,bottom_oxide,0.0,2.1250000000000004e-06,0.0,21.250000000000004,0.9928579872544255,
interface_8x,T01_A_STAGE_2,1.0,0.01,bottom_oxide,2.5e-05,2.1250000000000004e-06,0.25,21.250000000000004,0.40376408123860297,
interface_8x,T01_A_STAGE_2,1.0,0.01,bottom_oxide,0.0,2.1875000000000002e-06,0.0,21.875000000000004,0.9927371260964495,
interface_8x,T01_A_STAGE_2,1.0,0.01,bottom_oxide,2.5e-05,2.1875000000000002e-06,0.25,21.875000000000004,0.3861832077486927,
interface_8x,T01_A_STAGE_2,1.0,0.01,bottom_oxide,0.0,2.2500000000000005e-06,0.0,22.500000000000004,0.9926238468624528,
interface_8x,T01_A_STAGE_2,1.0,0.01,bottom_oxide,2.5e-05,2.2500000000000005e-06,0.25,22.500000000000004,0.368598547852887,
interface_8x,T01_A_STAGE_2,1.0,0.01,bottom_oxide,0.0,2.3125000000000003e-06,0.0,23.125000000000004,0.9925183679446936,
interface_8x,T01_A_STAGE_2,1.0,0.01,bottom_oxide,2.5e-05,2.3125000000000003e-06,0.25,23.125000000000004,0.35100999219178947,
interface_8x,T01_A_STAGE_2,1.0,0.01,bottom_oxide,0.0,2.375e-06,0.0,23.75,0.9924209078816314,
interface_8x,T01_A_STAGE_2,1.0,0.01,bottom_oxide,2.5e-05,2.375e-06,0.25,23.75,0.33341743130858614,
interface_8x,T01_A_STAGE_2,1.0,0.01,bottom_oxide,0.0,2.4375000000000004e-06,0.0,24.375000000000004,0.9923316853620264,
interface_8x,T01_A_STAGE_2,1.0,0.01,bottom_oxide,2.5e-05,2.4375000000000004e-06,0.25,24.375000000000004,0.31582075564631035,
interface_8x,T01_A_STAGE_2,1.0,0.01,bottom_oxide,0.0,2.5e-06,0.0,25.000000000000004,0.9922509192290428,
interface_8x,T01_A_STAGE_2,1.0,0.01,bottom_oxide,2.5e-05,2.5e-06,0.25,25.000000000000004,0.29821985554510605,
interface_8x,T01_A_STAGE_2,1.0,0.01,bottom_oxide,0.0,2.5625000000000005e-06,0.0,25.625000000000004,0.9921788284843553,
interface_8x,T01_A_STAGE_2,1.0,0.01,bottom_oxide,2.5e-05,2.5625000000000005e-06,0.25,25.625000000000004,0.28061462123948666,
interface_8x,T01_A_STAGE_2,1.0,0.01,bottom_oxide,0.0,2.6250000000000003e-06,0.0,26.250000000000004,0.9921156322922584,
interface_8x,T01_A_STAGE_2,1.0,0.01,bottom_oxide,2.5e-05,2.6250000000000003e-06,0.25,26.250000000000004,0.263004942855594,
interface_8x,T01_A_STAGE_2,1.0,0.01,bottom_oxide,0.0,2.6875e-06,0.0,26.875,0.9920615499837794,
interface_8x,T01_A_STAGE_2,1.0,0.01,bottom_oxide,2.5e-05,2.6875e-06,0.25,26.875,0.24539071040845242,
interface_8x,T01_A_STAGE_2,1.0,0.01,bottom_oxide,0.0,2.75e-06,0.0,27.5,0.992016801060795,
interface_8x,T01_A_STAGE_2,1.0,0.01,bottom_oxide,2.5e-05,2.75e-06,0.25,27.5,0.22777181379922176,
interface_8x,T01_A_STAGE_2,1.0,0.01,bottom_oxide,0.0,2.8125e-06,0.0,28.125,0.9919816052001516,
interface_8x,T01_A_STAGE_2,1.0,0.01,bottom_oxide,2.5e-05,2.8125e-06,0.25,28.125,0.21014814281244695,
interface_8x,T01_A_STAGE_2,1.0,0.01,bottom_oxide,0.0,2.875e-06,0.0,28.75,0.9919561822577878,
interface_8x,T01_A_STAGE_2,1.0,0.01,bottom_oxide,2.5e-05,2.875e-06,0.25,28.75,0.1925195871133056,
interface_8x,T01_A_STAGE_2,1.0,0.01,bottom_oxide,0.0,2.9375000000000003e-06,0.0,29.375000000000004,0.9919407522728634,
interface_8x,T01_A_STAGE_2,1.0,0.01,bottom_oxide,2.5e-05,2.9375000000000003e-06,0.25,29.375000000000004,0.17488603624485144,
interface_8x,T01_A_STAGE_2,1.0,0.01,bottom_oxide,0.0,3e-06,0.0,30.0,0.9919355354718894,
interface_8x,T01_A_STAGE_2,1.0,0.01,bottom_oxide,2.5e-05,3e-06,0.25,30.0,0.15724737962525664,
interface_8x,T01_A_STAGE_2,1.0,0.01,bottom_oxide,5e-05,0.0,0.5,0.0,1.0,
interface_8x,T01_A_STAGE_2,1.0,0.01,bottom_oxide,5e-05,5.000000000000001e-07,0.5,5.000000000000001,0.859532777698385,
interface_8x,T01_A_STAGE_2,1.0,0.01,bottom_oxide,5e-05,1.0000000000000002e-06,0.5,10.000000000000002,0.719065412372474,
interface_8x,T01_A_STAGE_2,1.0,0.01,bottom_oxide,5e-05,1.5000000000000002e-06,0.5,15.000000000000002,0.5785977829321995,
interface_8x,T01_A_STAGE_2,1.0,0.01,bottom_oxide,5e-05,2.0000000000000003e-06,0.5,20.000000000000004,0.4381298122087721,
interface_8x,T01_A_STAGE_2,1.0,0.01,bottom_oxide,5e-05,2.0625e-06,0.5,20.625,0.420571291087556,
interface_8x,T01_A_STAGE_2,1.0,0.01,bottom_oxide,5e-05,2.1250000000000004e-06,0.5,21.250000000000004,0.40301276453468304,
interface_8x,T01_A_STAGE_2,1.0,0.01,bottom_oxide,5e-05,2.1875000000000002e-06,0.5,21.875000000000004,0.3854542326475706,
interface_8x,T01_A_STAGE_2,1.0,0.01,bottom_oxide,5e-05,2.2500000000000005e-06,0.5,22.500000000000004,0.36789569554655094,
interface_8x,T01_A_STAGE_2,1.0,0.01,bottom_oxide,5e-05,2.3125000000000003e-06,0.5,23.125000000000004,0.3503371533755567,
interface_8x,T01_A_STAGE_2,1.0,0.01,bottom_oxide,5e-05,2.375e-06,0.5,23.75,0.3327786063028055,
interface_8x,T01_A_STAGE_2,1.0,0.01,bottom_oxide,5e-05,2.4375000000000004e-06,0.5,24.375000000000004,0.31522005452148616,
interface_8x,T01_A_STAGE_2,1.0,0.01,bottom_oxide,5e-05,2.5e-06,0.5,25.000000000000004,0.29766149825044663,
interface_8x,T01_A_STAGE_2,1.0,0.01,bottom_oxide,5e-05,2.5625000000000005e-06,0.5,25.625000000000004,0.28010293773488093,
interface_8x,T01_A_STAGE_2,1.0,0.01,bottom_oxide,5e-05,2.6250000000000003e-06,0.5,26.250000000000004,0.26254437324701935,
interface_8x,T01_A_STAGE_2,1.0,0.01,bottom_oxide,5e-05,2.6875e-06,0.5,26.875,0.24498580508681764,
interface_8x,T01_A_STAGE_2,1.0,0.01,bottom_oxide,5e-05,2.75e-06,0.5,27.5,0.22742723358264877,
interface_8x,T01_A_STAGE_2,1.0,0.01,bottom_oxide,5e-05,2.8125e-06,0.5,28.125,0.20986865909199479,
interface_8x,T01_A_STAGE_2,1.0,0.01,bottom_oxide,5e-05,2.875e-06,0.5,28.75,0.19231008200214064,
interface_8x,T01_A_STAGE_2,1.0,0.01,bottom_oxide,5e-05,2.9375000000000003e-06,0.5,29.375000000000004,0.17475150273086787,
interface_8x,T01_A_STAGE_2,1.0,0.01,bottom_oxide,5e-05,3e-06,0.5,30.0,0.1571929217271509,
interface_8x,T01_A_STAGE_2,1.0,0.01,bottom_oxide,7.500000000000001e-05,0.0,0.7500000000000001,0.0,1.0,
interface_8x,T01_A_STAGE_2,1.0,0.01,bottom_oxide,7.500000000000001e-05,5.000000000000001e-07,0.7500000000000001,5.000000000000001,0.8595564538703134,
interface_8x,T01_A_STAGE_2,1.0,0.01,bottom_oxide,7.500000000000001e-05,1.0000000000000002e-06,0.7500000000000001,10.000000000000002,0.7191129074718157,
interface_8x,T01_A_STAGE_2,1.0,0.01,bottom_oxide,7.500000000000001e-05,1.5000000000000002e-06,0.7500000000000001,15.000000000000002,0.5786693605926913,
interface_8x,T01_A_STAGE_2,1.0,0.01,bottom_oxide,7.500000000000001e-05,2.0000000000000003e-06,0.7500000000000001,20.000000000000004,0.43822581312638725,
interface_8x,T01_A_STAGE_2,1.0,0.01,bottom_oxide,7.500000000000001e-05,2.0625e-06,0.7500000000000001,20.625,0.42067036965388693,
interface_8x,T01_A_STAGE_2,1.0,0.01,bottom_oxide,7.500000000000001e-05,2.1250000000000004e-06,0.7500000000000001,21.250000000000004,0.4031149261728847,
interface_8x,T01_A_STAGE_2,1.0,0.01,bottom_oxide,7.500000000000001e-05,2.1875000000000002e-06,0.7500000000000001,21.875000000000004,0.3855594826836265,
interface_8x,T01_A_STAGE_2,1.0,0.01,bottom_oxide,7.500000000000001e-05,2.2500000000000005e-06,0.7500000000000001,22.500000000000004,0.36800403918639124,
interface_8x,T01_A_STAGE_2,1.0,0.01,bottom_oxide,7.500000000000001e-05,2.3125000000000003e-06,0.7500000000000001,23.125000000000004,0.3504485956814908,
interface_8x,T01_A_STAGE_2,1.0,0.01,bottom_oxide,7.500000000000001e-05,2.375e-06,0.7500000000000001,23.75,0.33289315216926807,
interface_8x,T01_A_STAGE_2,1.0,0.01,bottom_oxide,7.500000000000001e-05,2.4375000000000004e-06,0.7500000000000001,24.375000000000004,0.3153377086500967,
interface_8x,T01_A_STAGE_2,1.0,0.01,bottom_oxide,7.500000000000001e-05,2.5e-06,0.7500000000000001,25.000000000000004,0.29778226512437994,
interface_8x,T01_A_STAGE_2,1.0,0.01,bottom_oxide,7.500000000000001e-05,2.5625000000000005e-06,0.7500000000000001,25.625000000000004,0.28022682159254864,
interface_8x,T01_A_STAGE_2,1.0,0.01,bottom_oxide,7.500000000000001e-05,2.6250000000000003e-06,0.7500000000000001,26.250000000000004,0.2626713780550605,
interface_8x,T01_A_STAGE_2,1.0,0.01,bottom_oxide,7.500000000000001e-05,2.6875e-06,0.7500000000000001,26.875,0.24511593451239758,
interface_8x,T01_A_STAGE_2,1.0,0.01,bottom_oxide,7.500000000000001e-05,2.75e-06,0.7500000000000001,27.5,0.22756049096506503,
interface_8x,T01_A_STAGE_2,1.0,0.01,bottom_oxide,7.500000000000001e-05,2.8125e-06,0.7500000000000001,28.125,0.2100050474135887,
interface_8x,T01_A_STAGE_2,1.0,0.01,bottom_oxide,7.500000000000001e-05,2.875e-06,0.7500000000000001,28.75,0.1924496038585134,
interface_8x,T01_A_STAGE_2,1.0,0.01,bottom_oxide,7.500000000000001e-05,2.9375000000000003e-06,0.7500000000000001,29.375000000000004,0.17489416030039967,
interface_8x,T01_A_STAGE_2,1.0,0.01,bottom_oxide,7.500000000000001e-05,3e-06,0.7500000000000001,30.0,0.1573387167398221,
interface_8x,T01_A_STAGE_2,1.0,0.01,bottom_oxide,0.0001,0.0,1.0,0.0,1.0,
interface_8x,T01_A_STAGE_2,1.0,0.01,bottom_oxide,0.0001,5.000000000000001e-07,1.0,5.000000000000001,0.8595808020700404,
interface_8x,T01_A_STAGE_2,1.0,0.01,bottom_oxide,0.0001,1.0000000000000002e-06,1.0,10.000000000000002,0.7191616041380636,
interface_8x,T01_A_STAGE_2,1.0,0.01,bottom_oxide,0.0001,1.5000000000000002e-06,1.0,15.000000000000002,0.578742406202159,
interface_8x,T01_A_STAGE_2,1.0,0.01,bottom_oxide,0.0001,2.0000000000000003e-06,1.0,20.000000000000004,0.4383232082606061,
interface_8x,T01_A_STAGE_2,1.0,0.01,bottom_oxide,0.0001,2.0625e-06,1.0,20.625,0.4207708085174103,
interface_8x,T01_A_STAGE_2,1.0,0.01,bottom_oxide,0.0001,2.1250000000000004e-06,1.0,21.250000000000004,0.40321840877410015,
interface_8x,T01_A_STAGE_2,1.0,0.01,bottom_oxide,0.0001,2.1875000000000002e-06,1.0,21.875000000000004,0.3856660090306734,
interface_8x,T01_A_STAGE_2,1.0,0.01,bottom_oxide,0.0001,2.2500000000000005e-06,1.0,22.500000000000004,0.3681136092871271,
interface_8x,T01_A_STAGE_2,1.0,0.01,bottom_oxide,0.0001,2.3125000000000003e-06,1.0,23.125000000000004,0.35056120954345915,
interface_8x,T01_A_STAGE_2,1.0,0.01,bottom_oxide,0.0001,2.375e-06,1.0,23.75,0.33300880979966685,
interface_8x,T01_A_STAGE_2,1.0,0.01,bottom_oxide,0.0001,2.4375000000000004e-06,1.0,24.375000000000004,0.31545641005574765,
interface_8x,T01_A_STAGE_2,1.0,0.01,bottom_oxide,0.0001,2.5e-06,1.0,25.000000000000004,0.2979040103116995,
interface_8x,T01_A_STAGE_2,1.0,0.01,bottom_oxide,0.0001,2.5625000000000005e-06,1.0,25.625000000000004,0.2803516105675197,
interface_8x,T01_A_STAGE_2,1.0,0.01,bottom_oxide,0.0001,2.6250000000000003e-06,1.0,26.250000000000004,0.26279921082320634,
interface_8x,T01_A_STAGE_2,1.0,0.01,bottom_oxide,0.0001,2.6875e-06,1.0,26.875,0.24524681107875695,
interface_8x,T01_A_STAGE_2,1.0,0.01,bottom_oxide,0.0001,2.75e-06,1.0,27.5,0.22769441133416926,
interface_8x,T01_A_STAGE_2,1.0,0.01,bottom_oxide,0.0001,2.8125e-06,1.0,28.125,0.210142011589441,
interface_8x,T01_A_STAGE_2,1.0,0.01,bottom_oxide,0.0001,2.875e-06,1.0,28.75,0.1925896118445702,
interface_8x,T01_A_STAGE_2,1.0,0.01,bottom_oxide,0.0001,2.9375000000000003e-06,1.0,29.375000000000004,0.1750372120995545,
interface_8x,T01_A_STAGE_2,1.0,0.01,bottom_oxide,0.0001,3e-06,1.0,30.0,0.15748481235439193,
interface_8x,T01_A_STAGE_2,1.0,0.01,bottom_oxide,0.000125,0.0,1.25,0.0,1.0,
interface_8x,T01_A_STAGE_2,1.0,0.01,bottom_oxide,0.000125,5.000000000000001e-07,1.25,5.000000000000001,0.8596051553128015,
interface_8x,T01_A_STAGE_2,1.0,0.01,bottom_oxide,0.000125,1.0000000000000002e-06,1.25,10.000000000000002,0.7192103106240406,
interface_8x,T01_A_STAGE_2,1.0,0.01,bottom_oxide,0.000125,1.5000000000000002e-06,1.25,15.000000000000002,0.5788154659321555,
interface_8x,T01_A_STAGE_2,1.0,0.01,bottom_oxide,0.000125,2.0000000000000003e-06,1.25,20.000000000000004,0.4384206212355843,
interface_8x,T01_A_STAGE_2,1.0,0.01,bottom_oxide,0.000125,2.0625e-06,1.25,20.625,0.42087126564807364,
interface_8x,T01_A_STAGE_2,1.0,0.01,bottom_oxide,0.000125,2.1250000000000004e-06,1.25,21.250000000000004,0.4033219100604622,
interface_8x,T01_A_STAGE_2,1.0,0.01,bottom_oxide,0.000125,2.1875000000000002e-06,1.25,21.875000000000004,0.3857725544727472,
interface_8x,T01_A_STAGE_2,1.0,0.01,bottom_oxide,0.000125,2.2500000000000005e-06,1.25,22.500000000000004,0.36822319888492533,
interface_8x,T01_A_STAGE_2,1.0,0.01,bottom_oxide,0.000125,2.3125000000000003e-06,1.25,23.125000000000004,0.35067384329699375,
interface_8x,T01_A_STAGE_2,1.0,0.01,bottom_oxide,0.000125,2.375e-06,1.25,23.75,0.33312448770894926,
interface_8x,T01_A_STAGE_2,1.0,0.01,bottom_oxide,0.000125,2.4375000000000004e-06,1.25,24.375000000000004,0.3155751321207888,
interface_8x,T01_A_STAGE_2,1.0,0.01,bottom_oxide,0.000125,2.5e-06,1.25,25.000000000000004,0.29802577653250945,
interface_8x,T01_A_STAGE_2,1.0,0.01,bottom_oxide,0.000125,2.5625000000000005e-06,1.25,25.625000000000004,0.280476420944108,
interface_8x,T01_A_STAGE_2,1.0,0.01,bottom_oxide,0.000125,2.6250000000000003e-06,1.25,26.250000000000004,0.26292706535558164,
interface_8x,T01_A_STAGE_2,1.0,0.01,bottom_oxide,0.000125,2.6875e-06,1.25,26.875,0.24537770976692716,
interface_8x,T01_A_STAGE_2,1.0,0.01,bottom_oxide,0.000125,2.75e-06,1.25,27.5,0.2278283541781415,
interface_8x,T01_A_STAGE_2,1.0,0.01,bottom_oxide,0.000125,2.8125e-06,1.25,28.125,0.21027899858922156,
interface_8x,T01_A_STAGE_2,1.0,0.01,bottom_oxide,0.000125,2.875e-06,1.25,28.75,0.19272964300016446,
interface_8x,T01_A_STAGE_2,1.0,0.01,bottom_oxide,0.000125,2.9375000000000003e-06,1.25,29.375000000000004,0.17518028741096695,
interface_8x,T01_A_STAGE_2,1.0,0.01,bottom_oxide,0.000125,3e-06,1.25,30.0,0.1576309318216262,
interface_8x,T01_A_STAGE_2,1.0,0.01,bottom_oxide,0.00015000000000000001,0.0,1.5000000000000002,0.0,1.0,
interface_8x,T01_A_STAGE_2,1.0,0.01,bottom_oxide,0.00015000000000000001,5.000000000000001e-07,1.5000000000000002,5.000000000000001,0.859629512461218,
interface_8x,T01_A_STAGE_2,1.0,0.01,bottom_oxide,0.00015000000000000001,1.0000000000000002e-06,1.5000000000000002,10.000000000000002,0.7192590249208738,
interface_8x,T01_A_STAGE_2,1.0,0.01,bottom_oxide,0.00015000000000000001,1.5000000000000002e-06,1.5000000000000002,15.000000000000002,0.5788885373774051,
interface_8x,T01_A_STAGE_2,1.0,0.01,bottom_oxide,0.00015000000000000001,2.0000000000000003e-06,1.5000000000000002,20.000000000000004,0.4385180498292495,
interface_8x,T01_A_STAGE_2,1.0,0.01,bottom_oxide,0.00015000000000000001,2.0625e-06,1.5000000000000002,20.625,0.42097173888529077,
interface_8x,T01_A_STAGE_2,1.0,0.01,bottom_oxide,0.00015000000000000001,2.1250000000000004e-06,1.5000000000000002,21.250000000000004,0.4034254279412312,
interface_8x,T01_A_STAGE_2,1.0,0.01,bottom_oxide,0.00015000000000000001,2.1875000000000002e-06,1.5000000000000002,21.875000000000004,0.385879116997068,
interface_8x,T01_A_STAGE_2,1.0,0.01,bottom_oxide,0.00015000000000000001,2.2500000000000005e-06,1.5000000000000002,22.500000000000004,0.3683328060527979,
interface_8x,T01_A_STAGE_2,1.0,0.01,bottom_oxide,0.00015000000000000001,2.3125000000000003e-06,1.5000000000000002,23.125000000000004,0.35078649510841803,
interface_8x,T01_A_STAGE_2,1.0,0.01,bottom_oxide,0.00015000000000000001,2.375e-06,1.5000000000000002,23.75,0.33324018416392526,
interface_8x,T01_A_STAGE_2,1.0,0.01,bottom_oxide,0.00015000000000000001,2.4375000000000004e-06,1.5000000000000002,24.375000000000004,0.31569387321931647,
interface_8x,T01_A_STAGE_2,1.0,0.01,bottom_oxide,0.00015000000000000001,2.5e-06,1.5000000000000002,25.000000000000004,0.2981475622745888,
interface_8x,T01_A_STAGE_2,1.0,0.01,bottom_oxide,0.00015000000000000001,2.5625000000000005e-06,1.5000000000000002,25.625000000000004,0.2806012513297389,
interface_8x,T01_A_STAGE_2,1.0,0.01,bottom_oxide,0.00015000000000000001,2.6250000000000003e-06,1.5000000000000002,26.250000000000004,0.26305494038476407,
interface_8x,T01_A_STAGE_2,1.0,0.01,bottom_oxide,0.00015000000000000001,2.6875e-06,1.5000000000000002,26.875,0.24550862943966104,
interface_8x,T01_A_STAGE_2,1.0,0.01,bottom_oxide,0.00015000000000000001,2.75e-06,1.5000000000000002,27.5,0.22796231849442683,
interface_8x,T01_A_STAGE_2,1.0,0.01,bottom_oxide,0.00015000000000000001,2.8125e-06,1.5000000000000002,28.125,0.21041600754905826,
interface_8x,T01_A_STAGE_2,1.0,0.01,bottom_oxide,0.00015000000000000001,2.875e-06,1.5000000000000002,28.75,0.1928696966035525,
interface_8x,T01_A_STAGE_2,1.0,0.01,bottom_oxide,0.00015000000000000001,2.9375000000000003e-06,1.5000000000000002,29.375000000000004,0.17532338565790626,
interface_8x,T01_A_STAGE_2,1.0,0.01,bottom_oxide,0.00015000000000000001,3e-06,1.5000000000000002,30.0,0.15777707471211672,
interface_8x,T01_A_STAGE_2,1.0,0.01,bottom_oxide,0.000175,0.0,1.75,0.0,1.0,
interface_8x,T01_A_STAGE_2,1.0,0.01,bottom_oxide,0.000175,5.000000000000001e-07,1.75,5.000000000000001,0.8596538735152744,
interface_8x,T01_A_STAGE_2,1.0,0.01,bottom_oxide,0.000175,1.0000000000000002e-06,1.75,10.000000000000002,0.7193077470289858,
interface_8x,T01_A_STAGE_2,1.0,0.01,bottom_oxide,0.000175,1.5000000000000002e-06,1.75,15.000000000000002,0.5789616205395712,
interface_8x,T01_A_STAGE_2,1.0,0.01,bottom_oxide,0.000175,2.0000000000000003e-06,1.75,20.000000000000004,0.4386154940454676,
interface_8x,T01_A_STAGE_2,1.0,0.01,bottom_oxide,0.000175,2.0625e-06,1.75,20.625,0.4210722282332651,
interface_8x,T01_A_STAGE_2,1.0,0.01,bottom_oxide,0.000175,2.1250000000000004e-06,1.75,21.250000000000004,0.40352896242096176,
interface_8x,T01_A_STAGE_2,1.0,0.01,bottom_oxide,0.000175,2.1875000000000002e-06,1.75,21.875000000000004,0.38598569660855475,
interface_8x,T01_A_STAGE_2,1.0,0.01,bottom_oxide,0.000175,2.2500000000000005e-06,1.75,22.500000000000004,0.3684424307960407,
interface_8x,T01_A_STAGE_2,1.0,0.01,bottom_oxide,0.000175,2.3125000000000003e-06,1.75,23.125000000000004,0.35089916498341694,
interface_8x,T01_A_STAGE_2,1.0,0.01,bottom_oxide,0.000175,2.375e-06,1.75,23.75,0.3333558991706802,
interface_8x,T01_A_STAGE_2,1.0,0.01,bottom_oxide,0.000175,2.4375000000000004e-06,1.75,24.375000000000004,0.3158126333578274,
interface_8x,T01_A_STAGE_2,1.0,0.01,bottom_oxide,0.000175,2.5e-06,1.75,25.000000000000004,0.29826936754485556,
interface_8x,T01_A_STAGE_2,1.0,0.01,bottom_oxide,0.000175,2.5625000000000005e-06,1.75,25.625000000000004,0.28072610173176155,
interface_8x,T01_A_STAGE_2,1.0,0.01,bottom_oxide,0.000175,2.6250000000000003e-06,1.75,26.250000000000004,0.2631828359185425,
interface_8x,T01_A_STAGE_2,1.0,0.01,bottom_oxide,0.000175,2.6875e-06,1.75,26.875,0.24563957010519522,
interface_8x,T01_A_STAGE_2,1.0,0.01,bottom_oxide,0.000175,2.75e-06,1.75,27.5,0.22809630429171668,
interface_8x,T01_A_STAGE_2,1.0,0.01,bottom_oxide,0.000175,2.8125e-06,1.75,28.125,0.2105530384781037,
interface_8x,T01_A_STAGE_2,1.0,0.01,bottom_oxide,0.000175,2.875e-06,1.75,28.75,0.19300977266435346,
interface_8x,T01_A_STAGE_2,1.0,0.01,bottom_oxide,0.000175,2.9375000000000003e-06,1.75,29.375000000000004,0.17546650685046267,
interface_8x,T01_A_STAGE_2,1.0,0.01,bottom_oxide,0.000175,3e-06,1.75,30.0,0.15792324103642852,
interface_8x,T01_A_STAGE_2,1.0,0.01,bottom_oxide,0.0002,0.0,2.0,0.0,1.0,
interface_8x,T01_A_STAGE_2,1.0,0.01,bottom_oxide,0.0002,5.000000000000001e-07,2.0,5.000000000000001,0.8596782384768508,
interface_8x,T01_A_STAGE_2,1.0,0.01,bottom_oxide,0.0002,1.0000000000000002e-06,2.0,10.000000000000002,0.7193564769521377,
interface_8x,T01_A_STAGE_2,1.0,0.01,bottom_oxide,0.0002,1.5000000000000002e-06,2.0,15.000000000000002,0.5790347154242972,
interface_8x,T01_A_STAGE_2,1.0,0.01,bottom_oxide,0.0002,2.0000000000000003e-06,2.0,20.000000000000004,0.4387129538917653,
interface_8x,T01_A_STAGE_2,1.0,0.01,bottom_oxide,0.0002,2.0625e-06,2.0,20.625,0.42117273369975905,
interface_8x,T01_A_STAGE_2,1.0,0.01,bottom_oxide,0.0002,2.1250000000000004e-06,2.0,21.250000000000004,0.4036325135076519,
interface_8x,T01_A_STAGE_2,1.0,0.01,bottom_oxide,0.0002,2.1875000000000002e-06,2.0,21.875000000000004,0.38609229331544104,
interface_8x,T01_A_STAGE_2,1.0,0.01,bottom_oxide,0.0002,2.2500000000000005e-06,2.0,22.500000000000004,0.36855207312312316,
interface_8x,T01_A_STAGE_2,1.0,0.01,bottom_oxide,0.0002,2.3125000000000003e-06,2.0,23.125000000000004,0.3510118529306954,
interface_8x,T01_A_STAGE_2,1.0,0.01,bottom_oxide,0.0002,2.375e-06,2.0,23.75,0.3334716327381547,
interface_8x,T01_A_STAGE_2,1.0,0.01,bottom_oxide,0.0002,2.4375000000000004e-06,2.0,24.375000000000004,0.3159314125454978,
interface_8x,T01_A_STAGE_2,1.0,0.01,bottom_oxide,0.0002,2.5e-06,2.0,25.000000000000004,0.2983911923527219,
interface_8x,T01_A_STAGE_2,1.0,0.01,bottom_oxide,0.0002,2.5625000000000005e-06,2.0,25.625000000000004,0.2808509721598237,
interface_8x,T01_A_STAGE_2,1.0,0.01,bottom_oxide,0.0002,2.6250000000000003e-06,2.0,26.250000000000004,0.26331075196680037,
interface_8x,T01_A_STAGE_2,1.0,0.01,bottom_oxide,0.0002,2.6875e-06,2.0,26.875,0.24577053177364883,
interface_8x,T01_A_STAGE_2,1.0,0.01,bottom_oxide,0.0002,2.75e-06,2.0,27.5,0.2282303115803659,
interface_8x,T01_A_STAGE_2,1.0,0.01,bottom_oxide,0.0002,2.8125e-06,2.0,28.125,0.21069009138694852,
interface_8x,T01_A_STAGE_2,1.0,0.01,bottom_oxide,0.0002,2.875e-06,2.0,28.75,0.19314987119339377,
interface_8x,T01_A_STAGE_2,1.0,0.01,bottom_oxide,0.0002,2.9375000000000003e-06,2.0,29.375000000000004,0.17560965099969844,
interface_8x,T01_A_STAGE_2,1.0,0.01,bottom_oxide,0.0002,3e-06,2.0,30.0,0.15806943080585967,
interface_8x,T01_A_STAGE_2,1.0,0.01,bottom_oxide,0.00022500000000000002,0.0,2.25,0.0,1.0,
interface_8x,T01_A_STAGE_2,1.0,0.01,bottom_oxide,0.00022500000000000002,5.000000000000001e-07,2.25,5.000000000000001,0.8597026073478317,
interface_8x,T01_A_STAGE_2,1.0,0.01,bottom_oxide,0.00022500000000000002,1.0000000000000002e-06,2.25,10.000000000000002,0.7194052146940988,
interface_8x,T01_A_STAGE_2,1.0,0.01,bottom_oxide,0.00022500000000000002,1.5000000000000002e-06,2.25,15.000000000000002,0.5791078220372369,
interface_8x,T01_A_STAGE_2,1.0,0.01,bottom_oxide,0.00022500000000000002,2.0000000000000003e-06,2.25,20.000000000000004,0.4388104293756814,
interface_8x,T01_A_STAGE_2,1.0,0.01,bottom_oxide,0.00022500000000000002,2.0625e-06,2.25,20.625,0.42127325529254694,
interface_8x,T01_A_STAGE_2,1.0,0.01,bottom_oxide,0.00022500000000000002,2.1250000000000004e-06,2.25,21.250000000000004,0.4037360812093116,
interface_8x,T01_A_STAGE_2,1.0,0.01,bottom_oxide,0.00022500000000000002,2.1875000000000002e-06,2.25,21.875000000000004,0.38619890712597243,
interface_8x,T01_A_STAGE_2,1.0,0.01,bottom_oxide,0.00022500000000000002,2.2500000000000005e-06,2.25,22.500000000000004,0.36866173304252625,
interface_8x,T01_A_STAGE_2,1.0,0.01,bottom_oxide,0.00022500000000000002,2.3125000000000003e-06,2.25,23.125000000000004,0.35112455895897016,
interface_8x,T01_A_STAGE_2,1.0,0.01,bottom_oxide,0.00022500000000000002,2.375e-06,2.25,23.75,0.333587384875301,
interface_8x,T01_A_STAGE_2,1.0,0.01,bottom_oxide,0.00022500000000000002,2.4375000000000004e-06,2.25,24.375000000000004,0.31605021079151563,
interface_8x,T01_A_STAGE_2,1.0,0.01,bottom_oxide,0.00022500000000000002,2.5e-06,2.25,25.000000000000004,0.2985130367076112,
interface_8x,T01_A_STAGE_2,1.0,0.01,bottom_oxide,0.00022500000000000002,2.5625000000000005e-06,2.25,25.625000000000004,0.28097586262358437,
interface_8x,T01_A_STAGE_2,1.0,0.01,bottom_oxide,0.00022500000000000002,2.6250000000000003e-06,2.25,26.250000000000004,0.2634386885394324,
interface_8x,T01_A_STAGE_2,1.0,0.01,bottom_oxide,0.00022500000000000002,2.6875e-06,2.25,26.875,0.24590151445515215,
interface_8x,T01_A_STAGE_2,1.0,0.01,bottom_oxide,0.00022500000000000002,2.75e-06,2.25,27.5,0.22836434037074047,
interface_8x,T01_A_STAGE_2,1.0,0.01,bottom_oxide,0.00022500000000000002,2.8125e-06,2.25,28.125,0.21082716628619422,
interface_8x,T01_A_STAGE_2,1.0,0.01,bottom_oxide,0.00022500000000000002,2.875e-06,2.25,28.75,0.19328999220151058,
interface_8x,T01_A_STAGE_2,1.0,0.01,bottom_oxide,0.00022500000000000002,2.9375000000000003e-06,2.25,29.375000000000004,0.17575281811668625,
interface_8x,T01_A_STAGE_2,1.0,0.01,bottom_oxide,0.00022500000000000002,3e-06,2.25,30.0,0.15821564403171845,
interface_8x,T01_A_STAGE_2,1.0,0.01,bottom_oxide,0.00025,0.0,2.5,0.0,1.0,
interface_8x,T01_A_STAGE_2,1.0,0.01,bottom_oxide,0.00025,5.000000000000001e-07,2.5,5.000000000000001,0.8597269801301034,
interface_8x,T01_A_STAGE_2,1.0,0.01,bottom_oxide,0.00025,1.0000000000000002e-06,2.5,10.000000000000002,0.7194539602586415,
interface_8x,T01_A_STAGE_2,1.0,0.01,bottom_oxide,0.00025,1.5000000000000002e-06,2.5,15.000000000000002,0.5791809403840491,
interface_8x,T01_A_STAGE_2,1.0,0.01,bottom_oxide,0.00025,2.0000000000000003e-06,2.5,20.000000000000004,0.43890792050476085,
interface_8x,T01_A_STAGE_2,1.0,0.01,bottom_oxide,0.00025,2.0625e-06,2.5,20.625,0.42137379301940964,
interface_8x,T01_A_STAGE_2,1.0,0.01,bottom_oxide,0.00025,2.1250000000000004e-06,2.5,21.250000000000004,0.4038396655339574,
interface_8x,T01_A_STAGE_2,1.0,0.01,bottom_oxide,0.00025,2.1875000000000002e-06,2.5,21.875000000000004,0.38630553804840134,
interface_8x,T01_A_STAGE_2,1.0,0.01,bottom_oxide,0.00025,2.2500000000000005e-06,2.5,22.500000000000004,0.3687714105627382,
interface_8x,T01_A_STAGE_2,1.0,0.01,bottom_oxide,0.00025,2.3125000000000003e-06,2.5,23.125000000000004,0.3512372830769651,
interface_8x,T01_A_STAGE_2,1.0,0.01,bottom_oxide,0.00025,2.375e-06,2.5,23.75,0.3337031555910789,
interface_8x,T01_A_STAGE_2,1.0,0.01,bottom_oxide,0.00025,2.4375000000000004e-06,2.5,24.375000000000004,0.31616902810507636,
interface_8x,T01_A_STAGE_2,1.0,0.01,bottom_oxide,0.00025,2.5e-06,2.5,25.000000000000004,0.29863490061895476,
interface_8x,T01_A_STAGE_2,1.0,0.01,bottom_oxide,0.00025,2.5625000000000005e-06,2.5,25.625000000000004,0.28110077313271076,
interface_8x,T01_A_STAGE_2,1.0,0.01,bottom_oxide,0.00025,2.6250000000000003e-06,2.5,26.250000000000004,0.26356664564634147,
interface_8x,T01_A_STAGE_2,1.0,0.01,bottom_oxide,0.00025,2.6875e-06,2.5,26.875,0.24603251815984384,
interface_8x,T01_A_STAGE_2,1.0,0.01,bottom_oxide,0.00025,2.75e-06,2.5,27.5,0.22849839067321473,
interface_8x,T01_A_STAGE_2,1.0,0.01,bottom_oxide,0.00025,2.8125e-06,2.5,28.125,0.21096426318645098,
interface_8x,T01_A_STAGE_2,1.0,0.01,bottom_oxide,0.00025,2.875e-06,2.5,28.75,0.19343013569954978,
interface_8x,T01_A_STAGE_2,1.0,0.01,bottom_oxide,0.00025,2.9375000000000003e-06,2.5,29.375000000000004,0.17589600821250784,
interface_8x,T01_A_STAGE_2,1.0,0.01,bottom_oxide,0.00025,3e-06,2.5,30.0,0.1583618807253223,
interface_8x,T01_A_STAGE_2,1.0,0.01,bottom_oxide,0.00027499999999999996,0.0,2.7499999999999996,0.0,1.0,
interface_8x,T01_A_STAGE_2,1.0,0.01,bottom_oxide,0.00027499999999999996,5.000000000000001e-07,2.7499999999999996,5.000000000000001,0.8597513568255538,
interface_8x,T01_A_STAGE_2,1.0,0.01,bottom_oxide,0.00027499999999999996,1.0000000000000002e-06,2.7499999999999996,10.000000000000002,0.7195027136495415,
interface_8x,T01_A_STAGE_2,1.0,0.01,bottom_oxide,0.00027499999999999996,1.5000000000000002e-06,2.7499999999999996,15.000000000000002,0.5792540704703972,
interface_8x,T01_A_STAGE_2,1.0,0.01,bottom_oxide,0.00027499999999999996,2.0000000000000003e-06,2.7499999999999996,20.000000000000004,0.4390054272865548,
interface_8x,T01_A_STAGE_2,1.0,0.01,bottom_oxide,0.00027499999999999996,2.0625e-06,2.7499999999999996,20.625,0.4214743468881341,
interface_8x,T01_A_STAGE_2,1.0,0.01,bottom_oxide,0.00027499999999999996,2.1250000000000004e-06,2.7499999999999996,21.250000000000004,0.4039432664896123,
interface_8x,T01_A_STAGE_2,1.0,0.01,bottom_oxide,0.00027499999999999996,2.1875000000000002e-06,2.7499999999999996,21.875000000000004,0.3864121860909867,
interface_8x,T01_A_STAGE_2,1.0,0.01,bottom_oxide,0.00027499999999999996,2.2500000000000005e-06,2.7499999999999996,22.500000000000004,0.3688811056922539,
interface_8x,T01_A_STAGE_2,1.0,0.01,bottom_oxide,0.00027499999999999996,2.3125000000000003e-06,2.7499999999999996,23.125000000000004,0.35135002529341114,
interface_8x,T01_A_STAGE_2,1.0,0.01,bottom_oxide,0.00027499999999999996,2.375e-06,2.7499999999999996,23.75,0.3338189448944552,
interface_8x,T01_A_STAGE_2,1.0,0.01,bottom_oxide,0.00027499999999999996,2.4375000000000004e-06,2.7499999999999996,24.375000000000004,0.3162878644953829,
interface_8x,T01_A_STAGE_2,1.0,0.01,bottom_oxide,0.00027499999999999996,2.5e-06,2.7499999999999996,25.000000000000004,0.2987567840961914,
interface_8x,T01_A_STAGE_2,1.0,0.01,bottom_oxide,0.00027499999999999996,2.5625000000000005e-06,2.7499999999999996,25.625000000000004,0.2812257036968775,
interface_8x,T01_A_STAGE_2,1.0,0.01,bottom_oxide,0.00027499999999999996,2.6250000000000003e-06,2.7499999999999996,26.250000000000004,0.26369462329743826,
interface_8x,T01_A_STAGE_2,1.0,0.01,bottom_oxide,0.00027499999999999996,2.6875e-06,2.7499999999999996,26.875,0.24616354289787057,
interface_8x,T01_A_STAGE_2,1.0,0.01,bottom_oxide,0.00027499999999999996,2.75e-06,2.7499999999999996,27.5,0.22863246249817135,
interface_8x,T01_A_STAGE_2,1.0,0.01,bottom_oxide,0.00027499999999999996,2.8125e-06,2.7499999999999996,28.125,0.21110138209833745,
interface_8x,T01_A_STAGE_2,1.0,0.01,bottom_oxide,0.00027499999999999996,2.875e-06,2.7499999999999996,28.75,0.193570301698366,
interface_8x,T01_A_STAGE_2,1.0,0.01,bottom_oxide,0.00027499999999999996,2.9375000000000003e-06,2.7499999999999996,29.375000000000004,0.17603922129825378,
interface_8x,T01_A_STAGE_2,1.0,0.01,bottom_oxide,0.00027499999999999996,3e-06,2.7499999999999996,30.0,0.1585081408979979,
interface_8x,T01_A_STAGE_2,1.0,0.01,bottom_oxide,0.00030000000000000003,0.0,3.0000000000000004,0.0,1.0,
interface_8x,T01_A_STAGE_2,1.0,0.01,bottom_oxide,0.00030000000000000003,5.000000000000001e-07,3.0000000000000004,5.000000000000001,0.859775737436072,
interface_8x,T01_A_STAGE_2,1.0,0.01,bottom_oxide,0.00030000000000000003,1.0000000000000002e-06,3.0000000000000004,10.000000000000002,0.7195514748705772,
interface_8x,T01_A_STAGE_2,1.0,0.01,bottom_oxide,0.00030000000000000003,1.5000000000000002e-06,3.0000000000000004,15.000000000000002,0.579327212301949,
interface_8x,T01_A_STAGE_2,1.0,0.01,bottom_oxide,0.00030000000000000003,2.0000000000000003e-06,3.0000000000000004,20.000000000000004,0.43910294972862024,
interface_8x,T01_A_STAGE_2,1.0,0.01,bottom_oxide,0.00030000000000000003,2.0625e-06,3.0000000000000004,20.625,0.42157491690651355,
interface_8x,T01_A_STAGE_2,1.0,0.01,bottom_oxide,0.00030000000000000003,2.1250000000000004e-06,3.0000000000000004,21.250000000000004,0.4040468840843058,
interface_8x,T01_A_STAGE_2,1.0,0.01,bottom_oxide,0.00030000000000000003,2.1875000000000002e-06,3.0000000000000004,21.875000000000004,0.3865188512619941,
interface_8x,T01_A_STAGE_2,1.0,0.01,bottom_oxide,0.00030000000000000003,2.2500000000000005e-06,3.0000000000000004,22.500000000000004,0.36899081843957515,
interface_8x,T01_A_STAGE_2,1.0,0.01,bottom_oxide,0.00030000000000000003,2.3125000000000003e-06,3.0000000000000004,23.125000000000004,0.35146278561704614,
interface_8x,T01_A_STAGE_2,1.0,0.01,bottom_oxide,0.00030000000000000003,2.375e-06,3.0000000000000004,23.75,0.33393475279440393,
interface_8x,T01_A_STAGE_2,1.0,0.01,bottom_oxide,0.00030000000000000003,2.4375000000000004e-06,3.0000000000000004,24.375000000000004,0.3164067199716453,
interface_8x,T01_A_STAGE_2,1.0,0.01,bottom_oxide,0.00030000000000000003,2.5e-06,3.0000000000000004,25.000000000000004,0.2988786871487675,
interface_8x,T01_A_STAGE_2,1.0,0.01,bottom_oxide,0.00030000000000000003,2.5625000000000005e-06,3.0000000000000004,25.625000000000004,0.2813506543257671,
interface_8x,T01_A_STAGE_2,1.0,0.01,bottom_oxide,0.00030000000000000003,2.6250000000000003e-06,3.0000000000000004,26.250000000000004,0.2638226215026414,
interface_8x,T01_A_STAGE_2,1.0,0.01,bottom_oxide,0.00030000000000000003,2.6875e-06,3.0000000000000004,26.875,0.24629458867938714,
interface_8x,T01_A_STAGE_2,1.0,0.01,bottom_oxide,0.00030000000000000003,2.75e-06,3.0000000000000004,27.5,0.22876655585600134,
interface_8x,T01_A_STAGE_2,1.0,0.01,bottom_oxide,0.00030000000000000003,2.8125e-06,3.0000000000000004,28.125,0.21123852303248075,
interface_8x,T01_A_STAGE_2,1.0,0.01,bottom_oxide,0.00030000000000000003,2.875e-06,3.0000000000000004,28.75,0.19371049020882256,
interface_8x,T01_A_STAGE_2,1.0,0.01,bottom_oxide,0.00030000000000000003,2.9375000000000003e-06,3.0000000000000004,29.375000000000004,0.1761824573850235,
interface_8x,T01_A_STAGE_2,1.0,0.01,bottom_oxide,0.00030000000000000003,3e-06,3.0000000000000004,30.0,0.15865442456108073,
interface_8x,T01_A_STAGE_2,1.0,0.01,bottom_oxide,0.00032500000000000004,0.0,3.2500000000000004,0.0,1.0,
interface_8x,T01_A_STAGE_2,1.0,0.01,bottom_oxide,0.00032500000000000004,5.000000000000001e-07,3.2500000000000004,5.000000000000001,0.859800121963549,
interface_8x,T01_A_STAGE_2,1.0,0.01,bottom_oxide,0.00032500000000000004,1.0000000000000002e-06,3.2500000000000004,10.000000000000002,0.7196002439255305,
interface_8x,T01_A_STAGE_2,1.0,0.01,bottom_oxide,0.00032500000000000004,1.5000000000000002e-06,3.2500000000000004,15.000000000000002,0.5794003658843768,
interface_8x,T01_A_STAGE_2,1.0,0.01,bottom_oxide,0.00032500000000000004,2.0000000000000003e-06,3.2500000000000004,20.000000000000004,0.4392004878385205,
interface_8x,T01_A_STAGE_2,1.0,0.01,bottom_oxide,0.00032500000000000004,2.0625e-06,3.2500000000000004,20.625,0.4216755030823477,
interface_8x,T01_A_STAGE_2,1.0,0.01,bottom_oxide,0.00032500000000000004,2.1250000000000004e-06,3.2500000000000004,21.250000000000004,0.4041505183260737,
interface_8x,T01_A_STAGE_2,1.0,0.01,bottom_oxide,0.00032500000000000004,2.1875000000000002e-06,3.2500000000000004,21.875000000000004,0.3866255335696957,
interface_8x,T01_A_STAGE_2,1.0,0.01,bottom_oxide,0.00032500000000000004,2.2500000000000005e-06,3.2500000000000004,22.500000000000004,0.3691005488132104,
interface_8x,T01_A_STAGE_2,1.0,0.01,bottom_oxide,0.00032500000000000004,2.3125000000000003e-06,3.2500000000000004,23.125000000000004,0.3515755640566151,
interface_8x,T01_A_STAGE_2,1.0,0.01,bottom_oxide,0.00032500000000000004,2.375e-06,3.2500000000000004,23.75,0.33405057929990645,
interface_8x,T01_A_STAGE_2,1.0,0.01,bottom_oxide,0.00032500000000000004,2.4375000000000004e-06,3.2500000000000004,24.375000000000004,0.3165255945430814,
interface_8x,T01_A_STAGE_2,1.0,0.01,bottom_oxide,0.00032500000000000004,2.5e-06,3.2500000000000004,25.000000000000004,0.29900060978613696,
interface_8x,T01_A_STAGE_2,1.0,0.01,bottom_oxide,0.00032500000000000004,2.5625000000000005e-06,3.2500000000000004,25.625000000000004,0.28147562502907003,
interface_8x,T01_A_STAGE_2,1.0,0.01,bottom_oxide,0.00032500000000000004,2.6250000000000003e-06,3.2500000000000004,26.250000000000004,0.26395064027187765,
interface_8x,T01_A_STAGE_2,1.0,0.01,bottom_oxide,0.00032500000000000004,2.6875e-06,3.2500000000000004,26.875,0.2464256555145567,
interface_8x,T01_A_STAGE_2,1.0,0.01,bottom_oxide,0.00032500000000000004,2.75e-06,3.2500000000000004,27.5,0.2289006707571041,
interface_8x,T01_A_STAGE_2,1.0,0.01,bottom_oxide,0.00032500000000000004,2.8125e-06,3.2500000000000004,28.125,0.21137568599951667,
interface_8x,T01_A_STAGE_2,1.0,0.01,bottom_oxide,0.00032500000000000004,2.875e-06,3.2500000000000004,28.75,0.19385070124179157,
interface_8x,T01_A_STAGE_2,1.0,0.01,bottom_oxide,0.00032500000000000004,2.9375000000000003e-06,3.2500000000000004,29.375000000000004,0.17632571648392553,
interface_8x,T01_A_STAGE_2,1.0,0.01,bottom_oxide,0.00032500000000000004,3e-06,3.2500000000000004,30.0,0.15880073172591572,
interface_8x,T01_A_STAGE_2,1.0,0.01,bottom_oxide,0.00035,0.0,3.5,0.0,1.0,
interface_8x,T01_A_STAGE_2,1.0,0.01,bottom_oxide,0.00035,5.000000000000001e-07,3.5,5.000000000000001,0.859824510409877,
interface_8x,T01_A_STAGE_2,1.0,0.01,bottom_oxide,0.00035,1.0000000000000002e-06,3.5,10.000000000000002,0.7196490208181856,
interface_8x,T01_A_STAGE_2,1.0,0.01,bottom_oxide,0.00035,1.5000000000000002e-06,3.5,15.000000000000002,0.5794735312233577,
interface_8x,T01_A_STAGE_2,1.0,0.01,bottom_oxide,0.00035,2.0000000000000003e-06,3.5,20.000000000000004,0.4392980416238248,
interface_8x,T01_A_STAGE_2,1.0,0.01,bottom_oxide,0.00035,2.0625e-06,3.5,20.625,0.4217761054234422,
interface_8x,T01_A_STAGE_2,1.0,0.01,bottom_oxide,0.00035,2.1250000000000004e-06,3.5,21.250000000000004,0.40425416922295837,
interface_8x,T01_A_STAGE_2,1.0,0.01,bottom_oxide,0.00035,2.1875000000000002e-06,3.5,21.875000000000004,0.3867322330223705,
interface_8x,T01_A_STAGE_2,1.0,0.01,bottom_oxide,0.00035,2.2500000000000005e-06,3.5,22.500000000000004,0.3692102968216753,
interface_8x,T01_A_STAGE_2,1.0,0.01,bottom_oxide,0.00035,2.3125000000000003e-06,3.5,23.125000000000004,0.35168836062086994,
interface_8x,T01_A_STAGE_2,1.0,0.01,bottom_oxide,0.00035,2.375e-06,3.5,23.75,0.33416642441995126,
interface_8x,T01_A_STAGE_2,1.0,0.01,bottom_oxide,0.00035,2.4375000000000004e-06,3.5,24.375000000000004,0.3166444882189161,
interface_8x,T01_A_STAGE_2,1.0,0.01,bottom_oxide,0.00035,2.5e-06,3.5,25.000000000000004,0.29912255201776156,
interface_8x,T01_A_STAGE_2,1.0,0.01,bottom_oxide,0.00035,2.5625000000000005e-06,3.5,25.625000000000004,0.2816006158164844,
interface_8x,T01_A_STAGE_2,1.0,0.01,bottom_oxide,0.00035,2.6250000000000003e-06,3.5,26.250000000000004,0.26407867961508175,
interface_8x,T01_A_STAGE_2,1.0,0.01,bottom_oxide,0.00035,2.6875e-06,3.5,26.875,0.24655674341355044,
interface_8x,T01_A_STAGE_2,1.0,0.01,bottom_oxide,0.00035,2.75e-06,3.5,27.5,0.22903480721188743,
interface_8x,T01_A_STAGE_2,1.0,0.01,bottom_oxide,0.00035,2.8125e-06,3.5,28.125,0.21151287101008953,
interface_8x,T01_A_STAGE_2,1.0,0.01,bottom_oxide,0.00035,2.875e-06,3.5,28.75,0.1939909348081539,
interface_8x,T01_A_STAGE_2,1.0,0.01,bottom_oxide,0.00035,2.9375000000000003e-06,3.5,29.375000000000004,0.17646899860607726,
interface_8x,T01_A_STAGE_2,1.0,0.01,bottom_oxide,0.00035,3e-06,3.5,30.0,0.15894706240385678,
interface_8x,T01_A_STAGE_2,1.0,0.01,bottom_oxide,0.000375,0.0,3.75,0.0,1.0,
interface_8x,T01_A_STAGE_2,1.0,0.01,bottom_oxide,0.000375,5.000000000000001e-07,3.75,5.000000000000001,0.8598489027769498,
interface_8x,T01_A_STAGE_2,1.0,0.01,bottom_oxide,0.000375,1.0000000000000002e-06,3.75,10.000000000000002,0.7196978055523305,
interface_8x,T01_A_STAGE_2,1.0,0.01,bottom_oxide,0.000375,1.5000000000000002e-06,3.75,15.000000000000002,0.5795467083245731,
interface_8x,T01_A_STAGE_2,1.0,0.01,bottom_oxide,0.000375,2.0000000000000003e-06,3.75,20.000000000000004,0.4393956110921086,
interface_8x,T01_A_STAGE_2,1.0,0.01,bottom_oxide,0.000375,2.0625e-06,3.75,20.625,0.4218767239376093,
interface_8x,T01_A_STAGE_2,1.0,0.01,bottom_oxide,0.000375,2.1250000000000004e-06,3.75,21.250000000000004,0.40435783678300874,
interface_8x,T01_A_STAGE_2,1.0,0.01,bottom_oxide,0.000375,2.1875000000000002e-06,3.75,21.875000000000004,0.3868389496283041,
interface_8x,T01_A_STAGE_2,1.0,0.01,bottom_oxide,0.000375,2.2500000000000005e-06,3.75,22.500000000000004,0.3693200624734921,
interface_8x,T01_A_STAGE_2,1.0,0.01,bottom_oxide,0.000375,2.3125000000000003e-06,3.75,23.125000000000004,0.35180117531856986,
interface_8x,T01_A_STAGE_2,1.0,0.01,bottom_oxide,0.000375,2.375e-06,3.75,23.75,0.3342822881635342,
interface_8x,T01_A_STAGE_2,1.0,0.01,bottom_oxide,0.000375,2.4375000000000004e-06,3.75,24.375000000000004,0.3167634010083821,
interface_8x,T01_A_STAGE_2,1.0,0.01,bottom_oxide,0.000375,2.5e-06,3.75,25.000000000000004,0.29924451385311046,
interface_8x,T01_A_STAGE_2,1.0,0.01,bottom_oxide,0.000375,2.5625000000000005e-06,3.75,25.625000000000004,0.28172562669771617,
interface_8x,T01_A_STAGE_2,1.0,0.01,bottom_oxide,0.000375,2.6250000000000003e-06,3.75,26.250000000000004,0.26420673954219637,
interface_8x,T01_A_STAGE_2,1.0,0.01,bottom_oxide,0.000375,2.6875e-06,3.75,26.875,0.24668785238654786,
interface_8x,T01_A_STAGE_2,1.0,0.01,bottom_oxide,0.000375,2.75e-06,3.75,27.5,0.22916896523076755,
interface_8x,T01_A_STAGE_2,1.0,0.01,bottom_oxide,0.000375,2.8125e-06,3.75,28.125,0.2116500780748523,
interface_8x,T01_A_STAGE_2,1.0,0.01,bottom_oxide,0.000375,2.875e-06,3.75,28.75,0.19413119091879924,
interface_8x,T01_A_STAGE_2,1.0,0.01,bottom_oxide,0.000375,2.9375000000000003e-06,3.75,29.375000000000004,0.17661230376260512,
interface_8x,T01_A_STAGE_2,1.0,0.01,bottom_oxide,0.000375,3e-06,3.75,30.0,0.15909341660626708,
interface_8x,T01_A_STAGE_2,1.0,0.01,bottom_oxide,0.0004,0.0,4.0,0.0,1.0,
interface_8x,T01_A_STAGE_2,1.0,0.01,bottom_oxide,0.0004,5.000000000000001e-07,4.0,5.000000000000001,0.8598732990666629,
interface_8x,T01_A_STAGE_2,1.0,0.01,bottom_oxide,0.0004,1.0000000000000002e-06,4.0,10.000000000000002,0.7197465981317559,
interface_8x,T01_A_STAGE_2,1.0,0.01,bottom_oxide,0.0004,1.5000000000000002e-06,4.0,15.000000000000002,0.5796198971937094,
interface_8x,T01_A_STAGE_2,1.0,0.01,bottom_oxide,0.0004,2.0000000000000003e-06,4.0,20.000000000000004,0.4394931962509534,
interface_8x,T01_A_STAGE_2,1.0,0.01,bottom_oxide,0.0004,2.0625e-06,4.0,20.625,0.42197735863266744,
interface_8x,T01_A_STAGE_2,1.0,0.01,bottom_oxide,0.0004,2.1250000000000004e-06,4.0,21.250000000000004,0.4044615210142802,
interface_8x,T01_A_STAGE_2,1.0,0.01,bottom_oxide,0.0004,2.1875000000000002e-06,4.0,21.875000000000004,0.38694568339578883,
interface_8x,T01_A_STAGE_2,1.0,0.01,bottom_oxide,0.0004,2.2500000000000005e-06,4.0,22.500000000000004,0.36942984577719,
interface_8x,T01_A_STAGE_2,1.0,0.01,bottom_oxide,0.0004,2.3125000000000003e-06,4.0,23.125000000000004,0.35191400815848095,
interface_8x,T01_A_STAGE_2,1.0,0.01,bottom_oxide,0.0004,2.375e-06,4.0,23.75,0.3343981705396584,
interface_8x,T01_A_STAGE_2,1.0,0.01,bottom_oxide,0.0004,2.4375000000000004e-06,4.0,24.375000000000004,0.31688233292071927,
interface_8x,T01_A_STAGE_2,1.0,0.01,bottom_oxide,0.0004,2.5e-06,4.0,25.000000000000004,0.29936649530166065,
interface_8x,T01_A_STAGE_2,1.0,0.01,bottom_oxide,0.0004,2.5625000000000005e-06,4.0,25.625000000000004,0.2818506576824793,
interface_8x,T01_A_STAGE_2,1.0,0.01,bottom_oxide,0.0004,2.6250000000000003e-06,4.0,26.250000000000004,0.2643348200631723,
interface_8x,T01_A_STAGE_2,1.0,0.01,bottom_oxide,0.0004,2.6875e-06,4.0,26.875,0.24681898244373662,
interface_8x,T01_A_STAGE_2,1.0,0.01,bottom_oxide,0.0004,2.75e-06,4.0,27.5,0.22930314482416905,
interface_8x,T01_A_STAGE_2,1.0,0.01,bottom_oxide,0.0004,2.8125e-06,4.0,28.125,0.21178730720446645,
interface_8x,T01_A_STAGE_2,1.0,0.01,bottom_oxide,0.0004,2.875e-06,4.0,28.75,0.19427146958462602,
interface_8x,T01_A_STAGE_2,1.0,0.01,bottom_oxide,0.0004,2.9375000000000003e-06,4.0,29.375000000000004,0.17675563196464442,
interface_8x,T01_A_STAGE_2,1.0,0.01,bottom_oxide,0.0004,3e-06,4.0,30.0,0.15923979434451885,
interface_8x,T01_A_STAGE_2,1.0,0.01,bottom_oxide,0.00042500000000000003,0.0,4.25,0.0,1.0,
interface_8x,T01_A_STAGE_2,1.0,0.01,bottom_oxide,0.00042500000000000003,5.000000000000001e-07,4.25,5.000000000000001,0.8598976992809132,
interface_8x,T01_A_STAGE_2,1.0,0.01,bottom_oxide,0.00042500000000000003,1.0000000000000002e-06,4.25,10.000000000000002,0.7197953985602558,
interface_8x,T01_A_STAGE_2,1.0,0.01,bottom_oxide,0.00042500000000000003,1.5000000000000002e-06,4.25,15.000000000000002,0.5796930978364572,
interface_8x,T01_A_STAGE_2,1.0,0.01,bottom_oxide,0.00042500000000000003,2.0000000000000003e-06,4.25,20.000000000000004,0.43959079710794685,
interface_8x,T01_A_STAGE_2,1.0,0.01,bottom_oxide,0.00042500000000000003,2.0625e-06,4.25,20.625,0.42207800951644137,
interface_8x,T01_A_STAGE_2,1.0,0.01,bottom_oxide,0.00042500000000000003,2.1250000000000004e-06,4.25,21.250000000000004,0.4045652219248346,
interface_8x,T01_A_STAGE_2,1.0,0.01,bottom_oxide,0.00042500000000000003,2.1875000000000002e-06,4.25,21.875000000000004,0.3870524343331236,
interface_8x,T01_A_STAGE_2,1.0,0.01,bottom_oxide,0.00042500000000000003,2.2500000000000005e-06,4.25,22.500000000000004,0.36953964674130513,
interface_8x,T01_A_STAGE_2,1.0,0.01,bottom_oxide,0.00042500000000000003,2.3125000000000003e-06,4.25,23.125000000000004,0.3520268591493763,
interface_8x,T01_A_STAGE_2,1.0,0.01,bottom_oxide,0.00042500000000000003,2.375e-06,4.25,23.75,0.3345140715573341,
interface_8x,T01_A_STAGE_2,1.0,0.01,bottom_oxide,0.00042500000000000003,2.4375000000000004e-06,4.25,24.375000000000004,0.31700128396517513,
interface_8x,T01_A_STAGE_2,1.0,0.01,bottom_oxide,0.00042500000000000003,2.5e-06,4.25,25.000000000000004,0.29948849637289665,
interface_8x,T01_A_STAGE_2,1.0,0.01,bottom_oxide,0.00042500000000000003,2.5625000000000005e-06,4.25,25.625000000000004,0.2819757087804953,
interface_8x,T01_A_STAGE_2,1.0,0.01,bottom_oxide,0.00042500000000000003,2.6250000000000003e-06,4.25,26.250000000000004,0.2644629211879684,
interface_8x,T01_A_STAGE_2,1.0,0.01,bottom_oxide,0.00042500000000000003,2.6875e-06,4.25,26.875,0.24695013359531262,
interface_8x,T01_A_STAGE_2,1.0,0.01,bottom_oxide,0.00042500000000000003,2.75e-06,4.25,27.5,0.22943734600252494,
interface_8x,T01_A_STAGE_2,1.0,0.01,bottom_oxide,0.00042500000000000003,2.8125e-06,4.25,28.125,0.21192455840960214,
interface_8x,T01_A_STAGE_2,1.0,0.01,bottom_oxide,0.00042500000000000003,2.875e-06,4.25,28.75,0.19441177081654146,
interface_8x,T01_A_STAGE_2,1.0,0.01,bottom_oxide,0.00042500000000000003,2.9375000000000003e-06,4.25,29.375000000000004,0.17689898322333955,
interface_8x,T01_A_STAGE_2,1.0,0.01,bottom_oxide,0.00042500000000000003,3e-06,4.25,30.0,0.15938619562999357,
interface_8x,T01_A_STAGE_2,1.0,0.01,bottom_oxide,0.00045000000000000004,0.0,4.5,0.0,1.0,
interface_8x,T01_A_STAGE_2,1.0,0.01,bottom_oxide,0.00045000000000000004,5.000000000000001e-07,4.5,5.000000000000001,0.859922103421599,
interface_8x,T01_A_STAGE_2,1.0,0.01,bottom_oxide,0.00045000000000000004,1.0000000000000002e-06,4.5,10.000000000000002,0.7198442068416266,
interface_8x,T01_A_STAGE_2,1.0,0.01,bottom_oxide,0.00045000000000000004,1.5000000000000002e-06,4.5,15.000000000000002,0.5797663102585117,
interface_8x,T01_A_STAGE_2,1.0,0.01,bottom_oxide,0.00045000000000000004,2.0000000000000003e-06,4.5,20.000000000000004,0.4396884136706827,
interface_8x,T01_A_STAGE_2,1.0,0.01,bottom_oxide,0.00045000000000000004,2.0625e-06,4.5,20.625,0.42217867659676217,
interface_8x,T01_A_STAGE_2,1.0,0.01,bottom_oxide,0.00045000000000000004,2.1250000000000004e-06,4.5,21.250000000000004,0.4046689395227403,
interface_8x,T01_A_STAGE_2,1.0,0.01,bottom_oxide,0.00045000000000000004,2.1875000000000002e-06,4.5,21.875000000000004,0.3871592024486141,
interface_8x,T01_A_STAGE_2,1.0,0.01,bottom_oxide,0.00045000000000000004,2.2500000000000005e-06,4.5,22.500000000000004,0.3696494653743805,
interface_8x,T01_A_STAGE_2,1.0,0.01,bottom_oxide,0.00045000000000000004,2.3125000000000003e-06,4.5,23.125000000000004,0.3521397283000364,
interface_8x,T01_A_STAGE_2,1.0,0.01,bottom_oxide,0.00045000000000000004,2.375e-06,4.5,23.75,0.33462999122557885,
interface_8x,T01_A_STAGE_2,1.0,0.01,bottom_oxide,0.00045000000000000004,2.4375000000000004e-06,4.5,24.375000000000004,0.31712025415100453,
interface_8x,T01_A_STAGE_2,1.0,0.01,bottom_oxide,0.00045000000000000004,2.5e-06,4.5,25.000000000000004,0.29961051707631065,
interface_8x,T01_A_STAGE_2,1.0,0.01,bottom_oxide,0.00045000000000000004,2.5625000000000005e-06,4.5,25.625000000000004,0.28210078000149386,
interface_8x,T01_A_STAGE_2,1.0,0.01,bottom_oxide,0.00045000000000000004,2.6250000000000003e-06,4.5,26.250000000000004,0.26459104292655133,
interface_8x,T01_A_STAGE_2,1.0,0.01,bottom_oxide,0.00045000000000000004,2.6875e-06,4.5,26.875,0.24708130585147997,
interface_8x,T01_A_STAGE_2,1.0,0.01,bottom_oxide,0.00045000000000000004,2.75e-06,4.5,27.5,0.2295715687762766,
interface_8x,T01_A_STAGE_2,1.0,0.01,bottom_oxide,0.00045000000000000004,2.8125e-06,4.5,28.125,0.2120618317009381,
interface_8x,T01_A_STAGE_2,1.0,0.01,bottom_oxide,0.00045000000000000004,2.875e-06,4.5,28.75,0.19455209462546158,
interface_8x,T01_A_STAGE_2,1.0,0.01,bottom_oxide,0.00045000000000000004,2.9375000000000003e-06,4.5,29.375000000000004,0.1770423575498438,
interface_8x,T01_A_STAGE_2,1.0,0.01,bottom_oxide,0.00045000000000000004,3e-06,4.5,30.0,0.15953262047408187,
interface_8x,T01_A_STAGE_2,1.0,0.01,bottom_oxide,0.000475,0.0,4.75,0.0,1.0,
interface_8x,T01_A_STAGE_2,1.0,0.01,bottom_oxide,0.000475,5.000000000000001e-07,4.75,5.000000000000001,0.8599465114906205,
interface_8x,T01_A_STAGE_2,1.0,0.01,bottom_oxide,0.000475,1.0000000000000002e-06,4.75,10.000000000000002,0.7198930229796688,
interface_8x,T01_A_STAGE_2,1.0,0.01,bottom_oxide,0.000475,1.5000000000000002e-06,4.75,15.000000000000002,0.579839534465573,
interface_8x,T01_A_STAGE_2,1.0,0.01,bottom_oxide,0.000475,2.0000000000000003e-06,4.75,20.000000000000004,0.43978604594676085,
interface_8x,T01_A_STAGE_2,1.0,0.01,bottom_oxide,0.000475,2.0625e-06,4.75,20.625,0.42227935988146725,
interface_8x,T01_A_STAGE_2,1.0,0.01,bottom_oxide,0.000475,2.1250000000000004e-06,4.75,21.250000000000004,0.4047726738160722,
interface_8x,T01_A_STAGE_2,1.0,0.01,bottom_oxide,0.000475,2.1875000000000002e-06,4.75,21.875000000000004,0.3872659877505728,
interface_8x,T01_A_STAGE_2,1.0,0.01,bottom_oxide,0.000475,2.2500000000000005e-06,4.75,22.500000000000004,0.3697593016849659,
interface_8x,T01_A_STAGE_2,1.0,0.01,bottom_oxide,0.000475,2.3125000000000003e-06,4.75,23.125000000000004,0.35225261561924853,
interface_8x,T01_A_STAGE_2,1.0,0.01,bottom_oxide,0.000475,2.375e-06,4.75,23.75,0.3347459295534176,
interface_8x,T01_A_STAGE_2,1.0,0.01,bottom_oxide,0.000475,2.4375000000000004e-06,4.75,24.375000000000004,0.31723924348746985,
interface_8x,T01_A_STAGE_2,1.0,0.01,bottom_oxide,0.000475,2.5e-06,4.75,25.000000000000004,0.2997325574214025,
interface_8x,T01_A_STAGE_2,1.0,0.01,bottom_oxide,0.000475,2.5625000000000005e-06,4.75,25.625000000000004,0.28222587135521215,
interface_8x,T01_A_STAGE_2,1.0,0.01,bottom_oxide,0.000475,2.6250000000000003e-06,4.75,26.250000000000004,0.26471918528889604,
interface_8x,T01_A_STAGE_2,1.0,0.01,bottom_oxide,0.000475,2.6875e-06,4.75,26.875,0.247212499222451,
interface_8x,T01_A_STAGE_2,1.0,0.01,bottom_oxide,0.000475,2.75e-06,4.75,27.5,0.22970581315587393,
interface_8x,T01_A_STAGE_2,1.0,0.01,bottom_oxide,0.000475,2.8125e-06,4.75,28.125,0.2121991270891616,
interface_8x,T01_A_STAGE_2,1.0,0.01,bottom_oxide,0.000475,2.875e-06,4.75,28.75,0.19469244102231126,
interface_8x,T01_A_STAGE_2,1.0,0.01,bottom_oxide,0.000475,2.9375000000000003e-06,4.75,29.375000000000004,0.17718575495531955,
interface_8x,T01_A_STAGE_2,1.0,0.01,bottom_oxide,0.000475,3e-06,4.75,30.0,0.15967906888818362,
interface_8x,T01_A_STAGE_2,1.0,0.01,bottom_oxide,0.0005,0.0,5.0,0.0,1.0,
interface_8x,T01_A_STAGE_2,1.0,0.01,bottom_oxide,0.0005,5.000000000000001e-07,5.0,5.000000000000001,0.8599709234898789,
interface_8x,T01_A_STAGE_2,1.0,0.01,bottom_oxide,0.0005,1.0000000000000002e-06,5.0,10.000000000000002,0.7199418469781851,
interface_8x,T01_A_STAGE_2,1.0,0.01,bottom_oxide,0.0005,1.5000000000000002e-06,5.0,15.000000000000002,0.5799127704633454,
interface_8x,T01_A_STAGE_2,1.0,0.01,bottom_oxide,0.0005,2.0000000000000003e-06,5.0,20.000000000000004,0.4398836939437873,
interface_8x,T01_A_STAGE_2,1.0,0.01,bottom_oxide,0.0005,2.0625e-06,5.0,20.625,0.42238005937840023,
interface_8x,T01_A_STAGE_2,1.0,0.01,bottom_oxide,0.0005,2.1250000000000004e-06,5.0,21.250000000000004,0.40487642481291164,
interface_8x,T01_A_STAGE_2,1.0,0.01,bottom_oxide,0.0005,2.1875000000000002e-06,5.0,21.875000000000004,0.38737279024731874,
interface_8x,T01_A_STAGE_2,1.0,0.01,bottom_oxide,0.0005,2.2500000000000005e-06,5.0,22.500000000000004,0.3698691556816182,
interface_8x,T01_A_STAGE_2,1.0,0.01,bottom_oxide,0.0005,2.3125000000000003e-06,5.0,23.125000000000004,0.35236552111580716,
interface_8x,T01_A_STAGE_2,1.0,0.01,bottom_oxide,0.0005,2.375e-06,5.0,23.75,0.33486188654988247,
interface_8x,T01_A_STAGE_2,1.0,0.01,bottom_oxide,0.0005,2.4375000000000004e-06,5.0,24.375000000000004,0.31735825198384093,
interface_8x,T01_A_STAGE_2,1.0,0.01,bottom_oxide,0.0005,2.5e-06,5.0,25.000000000000004,0.2998546174176797,
interface_8x,T01_A_STAGE_2,1.0,0.01,bottom_oxide,0.0005,2.5625000000000005e-06,5.0,25.625000000000004,0.2823509828513955,
interface_8x,T01_A_STAGE_2,1.0,0.01,bottom_oxide,0.0005,2.6250000000000003e-06,5.0,26.250000000000004,0.26484734828498546,
interface_8x,T01_A_STAGE_2,1.0,0.01,bottom_oxide,0.0005,2.6875e-06,5.0,26.875,0.24734371371844635,
interface_8x,T01_A_STAGE_2,1.0,0.01,bottom_oxide,0.0005,2.75e-06,5.0,27.5,0.22984007915177518,
interface_8x,T01_A_STAGE_2,1.0,0.01,bottom_oxide,0.0005,2.8125e-06,5.0,28.125,0.21233644458496873,
interface_8x,T01_A_STAGE_2,1.0,0.01,bottom_oxide,0.0005,2.875e-06,5.0,28.75,0.19483281001802416,
interface_8x,T01_A_STAGE_2,1.0,0.01,bottom_oxide,0.0005,2.9375000000000003e-06,5.0,29.375000000000004,0.17732917545093815,
interface_8x,T01_A_STAGE_2,1.0,0.01,bottom_oxide,0.0005,3e-06,5.0,30.0,0.15982554088370787,
interface_8x,T01_A_STAGE_2,1.0,0.01,bottom_oxide,0.0005250000000000001,0.0,5.250000000000001,0.0,1.0,
interface_8x,T01_A_STAGE_2,1.0,0.01,bottom_oxide,0.0005250000000000001,5.000000000000001e-07,5.250000000000001,5.000000000000001,0.8599953394212776,
interface_8x,T01_A_STAGE_2,1.0,0.01,bottom_oxide,0.0005250000000000001,1.0000000000000002e-06,5.250000000000001,10.000000000000002,0.7199906788409816,
interface_8x,T01_A_STAGE_2,1.0,0.01,bottom_oxide,0.0005250000000000001,1.5000000000000002e-06,5.250000000000001,15.000000000000002,0.5799860182575384,
interface_8x,T01_A_STAGE_2,1.0,0.01,bottom_oxide,0.0005250000000000001,2.0000000000000003e-06,5.250000000000001,20.000000000000004,0.4399813576693743,
interface_8x,T01_A_STAGE_2,1.0,0.01,bottom_oxide,0.0005250000000000001,2.0625e-06,5.250000000000001,20.625,0.42248077509541127,
interface_8x,T01_A_STAGE_2,1.0,0.01,bottom_oxide,0.0005250000000000001,2.1250000000000004e-06,5.250000000000001,21.250000000000004,0.40498019252134665,
interface_8x,T01_A_STAGE_2,1.0,0.01,bottom_oxide,0.0005250000000000001,2.1875000000000002e-06,5.250000000000001,21.875000000000004,0.38747960994717773,
interface_8x,T01_A_STAGE_2,1.0,0.01,bottom_oxide,0.0005250000000000001,2.2500000000000005e-06,5.250000000000001,22.500000000000004,0.36997902737290106,
interface_8x,T01_A_STAGE_2,1.0,0.01,bottom_oxide,0.0005250000000000001,2.3125000000000003e-06,5.250000000000001,23.125000000000004,0.35247844479851387,
interface_8x,T01_A_STAGE_2,1.0,0.01,bottom_oxide,0.0005250000000000001,2.375e-06,5.250000000000001,23.75,0.334977862224013,
interface_8x,T01_A_STAGE_2,1.0,0.01,bottom_oxide,0.0005250000000000001,2.4375000000000004e-06,5.250000000000001,24.375000000000004,0.3174772796493952,
interface_8x,T01_A_STAGE_2,1.0,0.01,bottom_oxide,0.0005250000000000001,2.5e-06,5.250000000000001,25.000000000000004,0.29997669707465763,
interface_8x,T01_A_STAGE_2,1.0,0.01,bottom_oxide,0.0005250000000000001,2.5625000000000005e-06,5.250000000000001,25.625000000000004,0.28247611449979704,
interface_8x,T01_A_STAGE_2,1.0,0.01,bottom_oxide,0.0005250000000000001,2.6250000000000003e-06,5.250000000000001,26.250000000000004,0.26497553192481055,
interface_8x,T01_A_STAGE_2,1.0,0.01,bottom_oxide,0.0005250000000000001,2.6875e-06,5.250000000000001,26.875,0.24747494934969494,
interface_8x,T01_A_STAGE_2,1.0,0.01,bottom_oxide,0.0005250000000000001,2.75e-06,5.250000000000001,27.5,0.2299743667744472,
interface_8x,T01_A_STAGE_2,1.0,0.01,bottom_oxide,0.0005250000000000001,2.8125e-06,5.250000000000001,28.125,0.21247378419906407,
interface_8x,T01_A_STAGE_2,1.0,0.01,bottom_oxide,0.0005250000000000001,2.875e-06,5.250000000000001,28.75,0.19497320162354279,
interface_8x,T01_A_STAGE_2,1.0,0.01,bottom_oxide,0.0005250000000000001,2.9375000000000003e-06,5.250000000000001,29.375000000000004,0.17747261904788,
interface_8x,T01_A_STAGE_2,1.0,0.01,bottom_oxide,0.0005250000000000001,3e-06,5.250000000000001,30.0,0.1599720364720729,
interface_8x,T01_A_STAGE_2,1.0,0.01,bottom_oxide,0.0005499999999999999,0.0,5.499999999999999,0.0,1.0,
interface_8x,T01_A_STAGE_2,1.0,0.01,bottom_oxide,0.0005499999999999999,5.000000000000001e-07,5.499999999999999,5.000000000000001,0.860019759286721,
interface_8x,T01_A_STAGE_2,1.0,0.01,bottom_oxide,0.0005499999999999999,1.0000000000000002e-06,5.499999999999999,10.000000000000002,0.7200395185718677,
interface_8x,T01_A_STAGE_2,1.0,0.01,bottom_oxide,0.0005499999999999999,1.5000000000000002e-06,5.499999999999999,15.000000000000002,0.5800592778538655,
interface_8x,T01_A_STAGE_2,1.0,0.01,bottom_oxide,0.0005499999999999999,2.0000000000000003e-06,5.499999999999999,20.000000000000004,0.44007903713114027,
interface_8x,T01_A_STAGE_2,1.0,0.01,bottom_oxide,0.0005499999999999999,2.0625e-06,5.499999999999999,20.625,0.42258150704035685,
interface_8x,T01_A_STAGE_2,1.0,0.01,bottom_oxide,0.0005499999999999999,2.1250000000000004e-06,5.499999999999999,21.250000000000004,0.40508397694947185,
interface_8x,T01_A_STAGE_2,1.0,0.01,bottom_oxide,0.0005499999999999999,2.1875000000000002e-06,5.499999999999999,21.875000000000004,0.3875864468584824,
interface_8x,T01_A_STAGE_2,1.0,0.01,bottom_oxide,0.0005499999999999999,2.2500000000000005e-06,5.499999999999999,22.500000000000004,0.37008891676738526,
interface_8x,T01_A_STAGE_2,1.0,0.01,bottom_oxide,0.0005499999999999999,2.3125000000000003e-06,5.499999999999999,23.125000000000004,0.3525913866761775,
interface_8x,T01_A_STAGE_2,1.0,0.01,bottom_oxide,0.0005499999999999999,2.375e-06,5.499999999999999,23.75,0.335093856584856,
interface_8x,T01_A_STAGE_2,1.0,0.01,bottom_oxide,0.0005499999999999999,2.4375000000000004e-06,5.499999999999999,24.375000000000004,0.3175963264934175,
interface_8x,T01_A_STAGE_2,1.0,0.01,bottom_oxide,0.0005499999999999999,2.5e-06,5.499999999999999,25.000000000000004,0.3000987964018592,
interface_8x,T01_A_STAGE_2,1.0,0.01,bottom_oxide,0.0005499999999999999,2.5625000000000005e-06,5.499999999999999,25.625000000000004,0.2826012663101778,
interface_8x,T01_A_STAGE_2,1.0,0.01,bottom_oxide,0.0005499999999999999,2.6250000000000003e-06,5.499999999999999,26.250000000000004,0.2651037362183704,
interface_8x,T01_A_STAGE_2,1.0,0.01,bottom_oxide,0.0005499999999999999,2.6875e-06,5.499999999999999,26.875,0.24760620612643391,
interface_8x,T01_A_STAGE_2,1.0,0.01,bottom_oxide,0.0005499999999999999,2.75e-06,5.499999999999999,27.5,0.23010867603436516,
interface_8x,T01_A_STAGE_2,1.0,0.01,bottom_oxide,0.0005499999999999999,2.8125e-06,5.499999999999999,28.125,0.21261114594216102,
interface_8x,T01_A_STAGE_2,1.0,0.01,bottom_oxide,0.0005499999999999999,2.875e-06,5.499999999999999,28.75,0.1951136158498186,
interface_8x,T01_A_STAGE_2,1.0,0.01,bottom_oxide,0.0005499999999999999,2.9375000000000003e-06,5.499999999999999,29.375000000000004,0.17761608575733462,
interface_8x,T01_A_STAGE_2,1.0,0.01,bottom_oxide,0.0005499999999999999,3e-06,5.499999999999999,30.0,0.16011855566470623,
interface_8x,T01_A_STAGE_2,1.0,0.01,bottom_oxide,0.000575,0.0,5.75,0.0,1.0,
interface_8x,T01_A_STAGE_2,1.0,0.01,bottom_oxide,0.000575,5.000000000000001e-07,5.75,5.000000000000001,0.8600441830881153,
interface_8x,T01_A_STAGE_2,1.0,0.01,bottom_oxide,0.000575,1.0000000000000002e-06,5.75,10.000000000000002,0.7200883661746553,
interface_8x,T01_A_STAGE_2,1.0,0.01,bottom_oxide,0.000575,1.5000000000000002e-06,5.75,15.000000000000002,0.5801325492580451,
interface_8x,T01_A_STAGE_2,1.0,0.01,bottom_oxide,0.000575,2.0000000000000003e-06,5.75,20.000000000000004,0.44017673233670945,
interface_8x,T01_A_STAGE_2,1.0,0.01,bottom_oxide,0.000575,2.0625e-06,5.75,20.625,0.42268225522109953,
interface_8x,T01_A_STAGE_2,1.0,0.01,bottom_oxide,0.000575,2.1250000000000004e-06,5.75,21.250000000000004,0.405187778105388,
interface_8x,T01_A_STAGE_2,1.0,0.01,bottom_oxide,0.000575,2.1875000000000002e-06,5.75,21.875000000000004,0.38769330098957194,
interface_8x,T01_A_STAGE_2,1.0,0.01,bottom_oxide,0.000575,2.2500000000000005e-06,5.75,22.500000000000004,0.3701988238736481,
interface_8x,T01_A_STAGE_2,1.0,0.01,bottom_oxide,0.000575,2.3125000000000003e-06,5.75,23.125000000000004,0.35270434675761364,
interface_8x,T01_A_STAGE_2,1.0,0.01,bottom_oxide,0.000575,2.375e-06,5.75,23.75,0.3352098696414654,
interface_8x,T01_A_STAGE_2,1.0,0.01,bottom_oxide,0.000575,2.4375000000000004e-06,5.75,24.375000000000004,0.31771539252520004,
interface_8x,T01_A_STAGE_2,1.0,0.01,bottom_oxide,0.000575,2.5e-06,5.75,25.000000000000004,0.30022091540881485,
interface_8x,T01_A_STAGE_2,1.0,0.01,bottom_oxide,0.000575,2.5625000000000005e-06,5.75,25.625000000000004,0.2827264382923065,
interface_8x,T01_A_STAGE_2,1.0,0.01,bottom_oxide,0.000575,2.6250000000000003e-06,5.75,26.250000000000004,0.2652319611756721,
interface_8x,T01_A_STAGE_2,1.0,0.01,bottom_oxide,0.000575,2.6875e-06,5.75,26.875,0.24773748405890855,
interface_8x,T01_A_STAGE_2,1.0,0.01,bottom_oxide,0.000575,2.75e-06,5.75,27.5,0.23024300694201266,
interface_8x,T01_A_STAGE_2,1.0,0.01,bottom_oxide,0.000575,2.8125e-06,5.75,28.125,0.21274852982498133,
interface_8x,T01_A_STAGE_2,1.0,0.01,bottom_oxide,0.000575,2.875e-06,5.75,28.75,0.19525405270781163,
interface_8x,T01_A_STAGE_2,1.0,0.01,bottom_oxide,0.000575,2.9375000000000003e-06,5.75,29.375000000000004,0.17775957559050032,
interface_8x,T01_A_STAGE_2,1.0,0.01,bottom_oxide,0.000575,3e-06,5.75,30.0,0.16026509847304454,
interface_8x,T01_A_STAGE_2,1.0,0.01,bottom_oxide,0.0006000000000000001,0.0,6.000000000000001,0.0,1.0,
interface_8x,T01_A_STAGE_2,1.0,0.01,bottom_oxide,0.0006000000000000001,5.000000000000001e-07,6.000000000000001,5.000000000000001,0.860068610827368,
interface_8x,T01_A_STAGE_2,1.0,0.01,bottom_oxide,0.0006000000000000001,1.0000000000000002e-06,6.000000000000001,10.000000000000002,0.72013722165316,
interface_8x,T01_A_STAGE_2,1.0,0.01,bottom_oxide,0.0006000000000000001,1.5000000000000002e-06,6.000000000000001,15.000000000000002,0.5802058324758002,
interface_8x,T01_A_STAGE_2,1.0,0.01,bottom_oxide,0.0006000000000000001,2.0000000000000003e-06,6.000000000000001,20.000000000000004,0.4402744432937127,
interface_8x,T01_A_STAGE_2,1.0,0.01,bottom_oxide,0.0006000000000000001,2.0625e-06,6.000000000000001,20.625,0.4227830196455086,
interface_8x,T01_A_STAGE_2,1.0,0.01,bottom_oxide,0.0006000000000000001,2.1250000000000004e-06,6.000000000000001,21.250000000000004,0.40529159599720277,
interface_8x,T01_A_STAGE_2,1.0,0.01,bottom_oxide,0.0006000000000000001,2.1875000000000002e-06,6.000000000000001,21.875000000000004,0.38780017234879244,
interface_8x,T01_A_STAGE_2,1.0,0.01,bottom_oxide,0.0006000000000000001,2.2500000000000005e-06,6.000000000000001,22.500000000000004,0.37030874870027425,
interface_8x,T01_A_STAGE_2,1.0,0.01,bottom_oxide,0.0006000000000000001,2.3125000000000003e-06,6.000000000000001,23.125000000000004,0.35281732505164537,
interface_8x,T01_A_STAGE_2,1.0,0.01,bottom_oxide,0.0006000000000000001,2.375e-06,6.000000000000001,23.75,0.3353259014029026,
interface_8x,T01_A_STAGE_2,1.0,0.01,bottom_oxide,0.0006000000000000001,2.4375000000000004e-06,6.000000000000001,24.375000000000004,0.3178344777540428,
interface_8x,T01_A_STAGE_2,1.0,0.01,bottom_oxide,0.0006000000000000001,2.5e-06,6.000000000000001,25.000000000000004,0.300343054105063,
interface_8x,T01_A_STAGE_2,1.0,0.01,bottom_oxide,0.0006000000000000001,2.5625000000000005e-06,6.000000000000001,25.625000000000004,0.28285163045596,
interface_8x,T01_A_STAGE_2,1.0,0.01,bottom_oxide,0.0006000000000000001,2.6250000000000003e-06,6.000000000000001,26.250000000000004,0.26536020680673095,
interface_8x,T01_A_STAGE_2,1.0,0.01,bottom_oxide,0.0006000000000000001,2.6875e-06,6.000000000000001,26.875,0.24786878315737262,
interface_8x,T01_A_STAGE_2,1.0,0.01,bottom_oxide,0.0006000000000000001,2.75e-06,6.000000000000001,27.5,0.23037735950788193,
interface_8x,T01_A_STAGE_2,1.0,0.01,bottom_oxide,0.0006000000000000001,2.8125e-06,6.000000000000001,28.125,0.2128859358582557,
interface_8x,T01_A_STAGE_2,1.0,0.01,bottom_oxide,0.0006000000000000001,2.875e-06,6.000000000000001,28.75,0.19539451220849105,
interface_8x,T01_A_STAGE_2,1.0,0.01,bottom_oxide,0.0006000000000000001,2.9375000000000003e-06,6.000000000000001,29.375000000000004,0.17790308855858472,
interface_8x,T01_A_STAGE_2,1.0,0.01,bottom_oxide,0.0006000000000000001,3e-06,6.000000000000001,30.0,0.16041166490853384,
interface_8x,T01_A_STAGE_2,1.0,0.01,bottom_oxide,0.000625,0.0,6.25,0.0,1.0,
interface_8x,T01_A_STAGE_2,1.0,0.01,bottom_oxide,0.000625,5.000000000000001e-07,6.25,5.000000000000001,0.8600930425063884,
interface_8x,T01_A_STAGE_2,1.0,0.01,bottom_oxide,0.000625,1.0000000000000002e-06,6.25,10.000000000000002,0.7201860850112001,
interface_8x,T01_A_STAGE_2,1.0,0.01,bottom_oxide,0.000625,1.5000000000000002e-06,6.25,15.000000000000002,0.5802791275128585,
interface_8x,T01_A_STAGE_2,1.0,0.01,bottom_oxide,0.000625,2.0000000000000003e-06,6.25,20.000000000000004,0.4403721700097868,
interface_8x,T01_A_STAGE_2,1.0,0.01,bottom_oxide,0.000625,2.0625e-06,6.25,20.625,0.42288380032145945,
interface_8x,T01_A_STAGE_2,1.0,0.01,bottom_oxide,0.000625,2.1250000000000004e-06,6.25,21.250000000000004,0.40539543063303035,
interface_8x,T01_A_STAGE_2,1.0,0.01,bottom_oxide,0.000625,2.1875000000000002e-06,6.25,21.875000000000004,0.3879070609444967,
interface_8x,T01_A_STAGE_2,1.0,0.01,bottom_oxide,0.000625,2.2500000000000005e-06,6.25,22.500000000000004,0.37041869125585514,
interface_8x,T01_A_STAGE_2,1.0,0.01,bottom_oxide,0.000625,2.3125000000000003e-06,6.25,23.125000000000004,0.3529303215671028,
interface_8x,T01_A_STAGE_2,1.0,0.01,bottom_oxide,0.000625,2.375e-06,6.25,23.75,0.33544195187823656,
interface_8x,T01_A_STAGE_2,1.0,0.01,bottom_oxide,0.000625,2.4375000000000004e-06,6.25,24.375000000000004,0.3179535821892532,
interface_8x,T01_A_STAGE_2,1.0,0.01,bottom_oxide,0.000625,2.5e-06,6.25,25.000000000000004,0.30046521250014985,
interface_8x,T01_A_STAGE_2,1.0,0.01,bottom_oxide,0.000625,2.5625000000000005e-06,6.25,25.625000000000004,0.28297684281092317,
interface_8x,T01_A_STAGE_2,1.0,0.01,bottom_oxide,0.000625,2.6250000000000003e-06,6.25,26.250000000000004,0.26548847312157037,
interface_8x,T01_A_STAGE_2,1.0,0.01,bottom_oxide,0.000625,2.6875e-06,6.25,26.875,0.24800010343208823,
interface_8x,T01_A_STAGE_2,1.0,0.01,bottom_oxide,0.000625,2.75e-06,6.25,27.5,0.2305117337424737,
interface_8x,T01_A_STAGE_2,1.0,0.01,bottom_oxide,0.000625,2.8125e-06,6.25,28.125,0.2130233640527235,
interface_8x,T01_A_STAGE_2,1.0,0.01,bottom_oxide,0.000625,2.875e-06,6.25,28.75,0.1955349943628349,
interface_8x,T01_A_STAGE_2,1.0,0.01,bottom_oxide,0.000625,2.9375000000000003e-06,6.25,29.375000000000004,0.1780466246728045,
interface_8x,T01_A_STAGE_2,1.0,0.01,bottom_oxide,0.000625,3e-06,6.25,30.0,0.1605582549826295,
interface_8x,T01_A_STAGE_2,1.0,0.01,bottom_oxide,0.0006500000000000001,0.0,6.500000000000001,0.0,1.0,
interface_8x,T01_A_STAGE_2,1.0,0.01,bottom_oxide,0.0006500000000000001,5.000000000000001e-07,6.500000000000001,5.000000000000001,0.8601174781270873,
interface_8x,T01_A_STAGE_2,1.0,0.01,bottom_oxide,0.0006500000000000001,1.0000000000000002e-06,6.500000000000001,10.000000000000002,0.7202349562525971,
interface_8x,T01_A_STAGE_2,1.0,0.01,bottom_oxide,0.0006500000000000001,1.5000000000000002e-06,6.500000000000001,15.000000000000002,0.5803524343749521,
interface_8x,T01_A_STAGE_2,1.0,0.01,bottom_oxide,0.0006500000000000001,2.0000000000000003e-06,6.500000000000001,20.000000000000004,0.4404699124925747,
interface_8x,T01_A_STAGE_2,1.0,0.01,bottom_oxide,0.0006500000000000001,2.0625e-06,6.500000000000001,20.625,0.42298459725683396,
interface_8x,T01_A_STAGE_2,1.0,0.01,bottom_oxide,0.0006500000000000001,2.1250000000000004e-06,6.500000000000001,21.250000000000004,0.4054992820209914,
interface_8x,T01_A_STAGE_2,1.0,0.01,bottom_oxide,0.0006500000000000001,2.1875000000000002e-06,6.500000000000001,21.875000000000004,0.38801396678504424,
interface_8x,T01_A_STAGE_2,1.0,0.01,bottom_oxide,0.0006500000000000001,2.2500000000000005e-06,6.500000000000001,22.500000000000004,0.37052865154898906,
interface_8x,T01_A_STAGE_2,1.0,0.01,bottom_oxide,0.0006500000000000001,2.3125000000000003e-06,6.500000000000001,23.125000000000004,0.35304333631282314,
interface_8x,T01_A_STAGE_2,1.0,0.01,bottom_oxide,0.0006500000000000001,2.375e-06,6.500000000000001,23.75,0.3355580210765432,
interface_8x,T01_A_STAGE_2,1.0,0.01,bottom_oxide,0.0006500000000000001,2.4375000000000004e-06,6.500000000000001,24.375000000000004,0.3180727058401461,
interface_8x,T01_A_STAGE_2,1.0,0.01,bottom_oxide,0.0006500000000000001,2.5e-06,6.500000000000001,25.000000000000004,0.30058739060362893,
interface_8x,T01_A_STAGE_2,1.0,0.01,bottom_oxide,0.0006500000000000001,2.5625000000000005e-06,6.500000000000001,25.625000000000004,0.2831020753669884,
interface_8x,T01_A_STAGE_2,1.0,0.01,bottom_oxide,0.0006500000000000001,2.6250000000000003e-06,6.500000000000001,26.250000000000004,0.2656167601302217,
interface_8x,T01_A_STAGE_2,1.0,0.01,bottom_oxide,0.0006500000000000001,2.6875e-06,6.500000000000001,26.875,0.24813144489332556,
interface_8x,T01_A_STAGE_2,1.0,0.01,bottom_oxide,0.0006500000000000001,2.75e-06,6.500000000000001,27.5,0.23064612965629697,
interface_8x,T01_A_STAGE_2,1.0,0.01,bottom_oxide,0.0006500000000000001,2.8125e-06,6.500000000000001,28.125,0.2131608144191327,
interface_8x,T01_A_STAGE_2,1.0,0.01,bottom_oxide,0.0006500000000000001,2.875e-06,6.500000000000001,28.75,0.1956754991818299,
interface_8x,T01_A_STAGE_2,1.0,0.01,bottom_oxide,0.0006500000000000001,2.9375000000000003e-06,6.500000000000001,29.375000000000004,0.17819018394438527,
interface_8x,T01_A_STAGE_2,1.0,0.01,bottom_oxide,0.0006500000000000001,3e-06,6.500000000000001,30.0,0.16070486870679593,
interface_8x,T01_A_STAGE_2,1.0,0.01,bottom_oxide,0.000675,0.0,6.75,0.0,1.0,
interface_8x,T01_A_STAGE_2,1.0,0.01,bottom_oxide,0.000675,5.000000000000001e-07,6.75,5.000000000000001,0.8601419176913769,
interface_8x,T01_A_STAGE_2,1.0,0.01,bottom_oxide,0.000675,1.0000000000000002e-06,6.75,10.000000000000002,0.7202838353811757,
interface_8x,T01_A_STAGE_2,1.0,0.01,bottom_oxide,0.000675,1.5000000000000002e-06,6.75,15.000000000000002,0.5804257530678181,
interface_8x,T01_A_STAGE_2,1.0,0.01,bottom_oxide,0.000675,2.0000000000000003e-06,6.75,20.000000000000004,0.4405676707497258,
interface_8x,T01_A_STAGE_2,1.0,0.01,bottom_oxide,0.000675,2.0625e-06,6.75,20.625,0.4230854104595205,
interface_8x,T01_A_STAGE_2,1.0,0.01,bottom_oxide,0.000675,2.1250000000000004e-06,6.75,21.250000000000004,0.4056031501692133,
interface_8x,T01_A_STAGE_2,1.0,0.01,bottom_oxide,0.000675,2.1875000000000002e-06,6.75,21.875000000000004,0.38812088987880144,
interface_8x,T01_A_STAGE_2,1.0,0.01,bottom_oxide,0.000675,2.2500000000000005e-06,6.75,22.500000000000004,0.37063862958828153,
interface_8x,T01_A_STAGE_2,1.0,0.01,bottom_oxide,0.000675,2.3125000000000003e-06,6.75,23.125000000000004,0.3531563692976508,
interface_8x,T01_A_STAGE_2,1.0,0.01,bottom_oxide,0.000675,2.375e-06,6.75,23.75,0.33567410900690603,
interface_8x,T01_A_STAGE_2,1.0,0.01,bottom_oxide,0.000675,2.4375000000000004e-06,6.75,24.375000000000004,0.318191848716044,
interface_8x,T01_A_STAGE_2,1.0,0.01,bottom_oxide,0.000675,2.5e-06,6.75,25.000000000000004,0.3007095884250619,
interface_8x,T01_A_STAGE_2,1.0,0.01,bottom_oxide,0.000675,2.5625000000000005e-06,6.75,25.625000000000004,0.28322732813395635,
interface_8x,T01_A_STAGE_2,1.0,0.01,bottom_oxide,0.000675,2.6250000000000003e-06,6.75,26.250000000000004,0.26574506784272456,
interface_8x,T01_A_STAGE_2,1.0,0.01,bottom_oxide,0.000675,2.6875e-06,6.75,26.875,0.24826280755136332,
interface_8x,T01_A_STAGE_2,1.0,0.01,bottom_oxide,0.000675,2.75e-06,6.75,27.5,0.23078054725986952,
interface_8x,T01_A_STAGE_2,1.0,0.01,bottom_oxide,0.000675,2.8125e-06,6.75,28.125,0.21329828696823996,
interface_8x,T01_A_STAGE_2,1.0,0.01,bottom_oxide,0.000675,2.875e-06,6.75,28.75,0.19581602667647183,
interface_8x,T01_A_STAGE_2,1.0,0.01,bottom_oxide,0.000675,2.9375000000000003e-06,6.75,29.375000000000004,0.17833376638456178,
interface_8x,T01_A_STAGE_2,1.0,0.01,bottom_oxide,0.000675,3e-06,6.75,30.0,0.16085150609250698,
interface_8x,T01_A_STAGE_2,1.0,0.01,bottom_oxide,0.0007,0.0,7.0,0.0,1.0,
interface_8x,T01_A_STAGE_2,1.0,0.01,bottom_oxide,0.0007,5.000000000000001e-07,7.0,5.000000000000001,0.8601663612011713,
interface_8x,T01_A_STAGE_2,1.0,0.01,bottom_oxide,0.0007,1.0000000000000002e-06,7.0,10.000000000000002,0.7203327224007636,
interface_8x,T01_A_STAGE_2,1.0,0.01,bottom_oxide,0.0007,1.5000000000000002e-06,7.0,15.000000000000002,0.5804990835971979,
interface_8x,T01_A_STAGE_2,1.0,0.01,bottom_oxide,0.0007,2.0000000000000003e-06,7.0,20.000000000000004,0.44066544478889536,
interface_8x,T01_A_STAGE_2,1.0,0.01,bottom_oxide,0.0007,2.0625e-06,7.0,20.625,0.4231862399374135,
interface_8x,T01_A_STAGE_2,1.0,0.01,bottom_oxide,0.0007,2.1250000000000004e-06,7.0,21.250000000000004,0.4057070350858298,
interface_8x,T01_A_STAGE_2,1.0,0.01,bottom_oxide,0.0007,2.1875000000000002e-06,7.0,21.875000000000004,0.3882278302341413,
interface_8x,T01_A_STAGE_2,1.0,0.01,bottom_oxide,0.0007,2.2500000000000005e-06,7.0,22.500000000000004,0.37074862538234477,
interface_8x,T01_A_STAGE_2,1.0,0.01,bottom_oxide,0.0007,2.3125000000000003e-06,7.0,23.125000000000004,0.35326942053043736,
interface_8x,T01_A_STAGE_2,1.0,0.01,bottom_oxide,0.0007,2.375e-06,7.0,23.75,0.3357902156784158,
interface_8x,T01_A_STAGE_2,1.0,0.01,bottom_oxide,0.0007,2.4375000000000004e-06,7.0,24.375000000000004,0.31831101082627694,
interface_8x,T01_A_STAGE_2,1.0,0.01,bottom_oxide,0.0007,2.5e-06,7.0,25.000000000000004,0.300831805974018,
interface_8x,T01_A_STAGE_2,1.0,0.01,bottom_oxide,0.0007,2.5625000000000005e-06,7.0,25.625000000000004,0.2833526011216355,
interface_8x,T01_A_STAGE_2,1.0,0.01,bottom_oxide,0.0007,2.6250000000000003e-06,7.0,26.250000000000004,0.2658733962691267,
interface_8x,T01_A_STAGE_2,1.0,0.01,bottom_oxide,0.0007,2.6875e-06,7.0,26.875,0.24839419141648839,
interface_8x,T01_A_STAGE_2,1.0,0.01,bottom_oxide,0.0007,2.75e-06,7.0,27.5,0.23091498656371745,
interface_8x,T01_A_STAGE_2,1.0,0.01,bottom_oxide,0.0007,2.8125e-06,7.0,28.125,0.2134357817108107,
interface_8x,T01_A_STAGE_2,1.0,0.01,bottom_oxide,0.0007,2.875e-06,7.0,28.75,0.19595657685776532,
interface_8x,T01_A_STAGE_2,1.0,0.01,bottom_oxide,0.0007,2.9375000000000003e-06,7.0,29.375000000000004,0.17847737200457794,
interface_8x,T01_A_STAGE_2,1.0,0.01,bottom_oxide,0.0007,3e-06,7.0,30.0,0.16099816715124574,
interface_8x,T01_A_STAGE_2,1.0,0.01,bottom_oxide,0.0007250000000000001,0.0,7.250000000000001,0.0,1.0,
interface_8x,T01_A_STAGE_2,1.0,0.01,bottom_oxide,0.0007250000000000001,5.000000000000001e-07,7.250000000000001,5.000000000000001,0.8601908086583856,
interface_8x,T01_A_STAGE_2,1.0,0.01,bottom_oxide,0.0007250000000000001,1.0000000000000002e-06,7.250000000000001,10.000000000000002,0.7203816173151915,
interface_8x,T01_A_STAGE_2,1.0,0.01,bottom_oxide,0.0007250000000000001,1.5000000000000002e-06,7.250000000000001,15.000000000000002,0.5805724259688378,
interface_8x,T01_A_STAGE_2,1.0,0.01,bottom_oxide,0.0007250000000000001,2.0000000000000003e-06,7.250000000000001,20.000000000000004,0.440763234617745,
interface_8x,T01_A_STAGE_2,1.0,0.01,bottom_oxide,0.0007250000000000001,2.0625e-06,7.250000000000001,20.625,0.42328708569841417,
interface_8x,T01_A_STAGE_2,1.0,0.01,bottom_oxide,0.0007250000000000001,2.1250000000000004e-06,7.250000000000001,21.250000000000004,0.4058109367789814,
interface_8x,T01_A_STAGE_2,1.0,0.01,bottom_oxide,0.0007250000000000001,2.1875000000000002e-06,7.250000000000001,21.875000000000004,0.3883347878594438,
interface_8x,T01_A_STAGE_2,1.0,0.01,bottom_oxide,0.0007250000000000001,2.2500000000000005e-06,7.250000000000001,22.500000000000004,0.37085863893979815,
interface_8x,T01_A_STAGE_2,1.0,0.01,bottom_oxide,0.0007250000000000001,2.3125000000000003e-06,7.250000000000001,23.125000000000004,0.35338249002004146,
interface_8x,T01_A_STAGE_2,1.0,0.01,bottom_oxide,0.0007250000000000001,2.375e-06,7.250000000000001,23.75,0.3359063411001707,
interface_8x,T01_A_STAGE_2,1.0,0.01,bottom_oxide,0.0007250000000000001,2.4375000000000004e-06,7.250000000000001,24.375000000000004,0.31843019218018254,
interface_8x,T01_A_STAGE_2,1.0,0.01,bottom_oxide,0.0007250000000000001,2.5e-06,7.250000000000001,25.000000000000004,0.30095404326007413,
interface_8x,T01_A_STAGE_2,1.0,0.01,bottom_oxide,0.0007250000000000001,2.5625000000000005e-06,7.250000000000001,25.625000000000004,0.2834778943398423,
interface_8x,T01_A_STAGE_2,1.0,0.01,bottom_oxide,0.0007250000000000001,2.6250000000000003e-06,7.250000000000001,26.250000000000004,0.26600174541948396,
interface_8x,T01_A_STAGE_2,1.0,0.01,bottom_oxide,0.0007250000000000001,2.6875e-06,7.250000000000001,26.875,0.24852559649899608,
interface_8x,T01_A_STAGE_2,1.0,0.01,bottom_oxide,0.0007250000000000001,2.75e-06,7.250000000000001,27.5,0.23104944757837553,
interface_8x,T01_A_STAGE_2,1.0,0.01,bottom_oxide,0.0007250000000000001,2.8125e-06,7.250000000000001,28.125,0.2135732986576191,
interface_8x,T01_A_STAGE_2,1.0,0.01,bottom_oxide,0.0007250000000000001,2.875e-06,7.250000000000001,28.75,0.19609714973672393,
interface_8x,T01_A_STAGE_2,1.0,0.01,bottom_oxide,0.0007250000000000001,2.9375000000000003e-06,7.250000000000001,29.375000000000004,0.17862100081568674,
interface_8x,T01_A_STAGE_2,1.0,0.01,bottom_oxide,0.0007250000000000001,3e-06,7.250000000000001,30.0,0.16114485189450464,
interface_8x,T01_A_STAGE_2,1.0,0.01,bottom_oxide,0.00075,0.0,7.5,0.0,1.0,
interface_8x,T01_A_STAGE_2,1.0,0.01,bottom_oxide,0.00075,5.000000000000001e-07,7.5,5.000000000000001,0.860215260064937,
interface_8x,T01_A_STAGE_2,1.0,0.01,bottom_oxide,0.00075,1.0000000000000002e-06,7.5,10.000000000000002,0.7204305201282933,
interface_8x,T01_A_STAGE_2,1.0,0.01,bottom_oxide,0.00075,1.5000000000000002e-06,7.5,15.000000000000002,0.5806457801884888,
interface_8x,T01_A_STAGE_2,1.0,0.01,bottom_oxide,0.00075,2.0000000000000003e-06,7.5,20.000000000000004,0.4408610402439426,
interface_8x,T01_A_STAGE_2,1.0,0.01,bottom_oxide,0.00075,2.0625e-06,7.5,20.625,0.42338794775042987,
interface_8x,T01_A_STAGE_2,1.0,0.01,bottom_oxide,0.00075,2.1250000000000004e-06,7.5,21.250000000000004,0.40591485525681514,
interface_8x,T01_A_STAGE_2,1.0,0.01,bottom_oxide,0.00075,2.1875000000000002e-06,7.5,21.875000000000004,0.3884417627630956,
interface_8x,T01_A_STAGE_2,1.0,0.01,bottom_oxide,0.00075,2.2500000000000005e-06,7.5,22.500000000000004,0.3709686702692679,
interface_8x,T01_A_STAGE_2,1.0,0.01,bottom_oxide,0.00075,2.3125000000000003e-06,7.5,23.125000000000004,0.3534955777753292,
interface_8x,T01_A_STAGE_2,1.0,0.01,bottom_oxide,0.00075,2.375e-06,7.5,23.75,0.33602248528127626,
interface_8x,T01_A_STAGE_2,1.0,0.01,bottom_oxide,0.00075,2.4375000000000004e-06,7.5,24.375000000000004,0.31854939278710587,
interface_8x,T01_A_STAGE_2,1.0,0.01,bottom_oxide,0.00075,2.5e-06,7.5,25.000000000000004,0.30107630029281524,
interface_8x,T01_A_STAGE_2,1.0,0.01,bottom_oxide,0.00075,2.5625000000000005e-06,7.5,25.625000000000004,0.28360320779840104,
interface_8x,T01_A_STAGE_2,1.0,0.01,bottom_oxide,0.00075,2.6250000000000003e-06,7.5,26.250000000000004,0.2661301153038604,
interface_8x,T01_A_STAGE_2,1.0,0.01,bottom_oxide,0.00075,2.6875e-06,7.5,26.875,0.24865702280919003,
interface_8x,T01_A_STAGE_2,1.0,0.01,bottom_oxide,0.00075,2.75e-06,7.5,27.5,0.23118393031438697,
interface_8x,T01_A_STAGE_2,1.0,0.01,bottom_oxide,0.00075,2.8125e-06,7.5,28.125,0.21371083781944797,
interface_8x,T01_A_STAGE_2,1.0,0.01,bottom_oxide,0.00075,2.875e-06,7.5,28.75,0.1962377453243702,
interface_8x,T01_A_STAGE_2,1.0,0.01,bottom_oxide,0.00075,2.9375000000000003e-06,7.5,29.375000000000004,0.17876465282915027,
interface_8x,T01_A_STAGE_2,1.0,0.01,bottom_oxide,0.00075,3e-06,7.5,30.0,0.1612915603337854,
interface_8x,T01_A_STAGE_2,1.0,0.01,bottom_oxide,0.000775,0.0,7.75,0.0,1.0,
interface_8x,T01_A_STAGE_2,1.0,0.01,bottom_oxide,0.000775,5.000000000000001e-07,7.75,5.000000000000001,0.8602397154227437,
interface_8x,T01_A_STAGE_2,1.0,0.01,bottom_oxide,0.000775,1.0000000000000002e-06,7.75,10.000000000000002,0.7204794308439062,
interface_8x,T01_A_STAGE_2,1.0,0.01,bottom_oxide,0.000775,1.5000000000000002e-06,7.75,15.000000000000002,0.580719146261906,
interface_8x,T01_A_STAGE_2,1.0,0.01,bottom_oxide,0.000775,2.0000000000000003e-06,7.75,20.000000000000004,0.44095886167516213,
interface_8x,T01_A_STAGE_2,1.0,0.01,bottom_oxide,0.000775,2.0625e-06,7.75,20.625,0.42348882610137445,
interface_8x,T01_A_STAGE_2,1.0,0.01,bottom_oxide,0.000775,2.1250000000000004e-06,7.75,21.250000000000004,0.40601879052748474,
interface_8x,T01_A_STAGE_2,1.0,0.01,bottom_oxide,0.000775,2.1875000000000002e-06,7.75,21.875000000000004,0.3885487549534901,
interface_8x,T01_A_STAGE_2,1.0,0.01,bottom_oxide,0.000775,2.2500000000000005e-06,7.75,22.500000000000004,0.37107871937938736,
interface_8x,T01_A_STAGE_2,1.0,0.01,bottom_oxide,0.000775,2.3125000000000003e-06,7.75,23.125000000000004,0.35360868380517346,
interface_8x,T01_A_STAGE_2,1.0,0.01,bottom_oxide,0.000775,2.375e-06,7.75,23.75,0.3361386482308453,
interface_8x,T01_A_STAGE_2,1.0,0.01,bottom_oxide,0.000775,2.4375000000000004e-06,7.75,24.375000000000004,0.3186686126563997,
interface_8x,T01_A_STAGE_2,1.0,0.01,bottom_oxide,0.000775,2.5e-06,7.75,25.000000000000004,0.30119857708183373,
interface_8x,T01_A_STAGE_2,1.0,0.01,bottom_oxide,0.000775,2.5625000000000005e-06,7.75,25.625000000000004,0.28372854150714416,
interface_8x,T01_A_STAGE_2,1.0,0.01,bottom_oxide,0.000775,2.6250000000000003e-06,7.75,26.250000000000004,0.266258505932328,
interface_8x,T01_A_STAGE_2,1.0,0.01,bottom_oxide,0.000775,2.6875e-06,7.75,26.875,0.2487884703573822,
interface_8x,T01_A_STAGE_2,1.0,0.01,bottom_oxide,0.000775,2.75e-06,7.75,27.5,0.23131843478230357,
interface_8x,T01_A_STAGE_2,1.0,0.01,bottom_oxide,0.000775,2.8125e-06,7.75,28.125,0.21384839920708892,
interface_8x,T01_A_STAGE_2,1.0,0.01,bottom_oxide,0.000775,2.875e-06,7.75,28.75,0.19637836363173544,
interface_8x,T01_A_STAGE_2,1.0,0.01,bottom_oxide,0.000775,2.9375000000000003e-06,7.75,29.375000000000004,0.17890832805623974,
interface_8x,T01_A_STAGE_2,1.0,0.01,bottom_oxide,0.000775,3e-06,7.75,30.0,0.16143829248059902,
interface_8x,T01_A_STAGE_2,1.0,0.01,bottom_oxide,0.0008,0.0,8.0,0.0,1.0,
interface_8x,T01_A_STAGE_2,1.0,0.01,bottom_oxide,0.0008,5.000000000000001e-07,8.0,5.000000000000001,0.8602641747337261,
interface_8x,T01_A_STAGE_2,1.0,0.01,bottom_oxide,0.0008,1.0000000000000002e-06,8.0,10.000000000000002,0.7205283494658701,
interface_8x,T01_A_STAGE_2,1.0,0.01,bottom_oxide,0.0008,1.5000000000000002e-06,8.0,15.000000000000002,0.5807925241948501,
interface_8x,T01_A_STAGE_2,1.0,0.01,bottom_oxide,0.0008,2.0000000000000003e-06,8.0,20.000000000000004,0.44105669891908383,
interface_8x,T01_A_STAGE_2,1.0,0.01,bottom_oxide,0.0008,2.0625e-06,8.0,20.625,0.4235897207591682,
interface_8x,T01_A_STAGE_2,1.0,0.01,bottom_oxide,0.0008,2.1250000000000004e-06,8.0,21.250000000000004,0.40612274259915043,
interface_8x,T01_A_STAGE_2,1.0,0.01,bottom_oxide,0.0008,2.1875000000000002e-06,8.0,21.875000000000004,0.3886557644390277,
interface_8x,T01_A_STAGE_2,1.0,0.01,bottom_oxide,0.0008,2.2500000000000005e-06,8.0,22.500000000000004,0.37118878627879676,
interface_8x,T01_A_STAGE_2,1.0,0.01,bottom_oxide,0.0008,2.3125000000000003e-06,8.0,23.125000000000004,0.3537218081184547,
interface_8x,T01_A_STAGE_2,1.0,0.01,bottom_oxide,0.0008,2.375e-06,8.0,23.75,0.33625482995799827,
interface_8x,T01_A_STAGE_2,1.0,0.01,bottom_oxide,0.0008,2.4375000000000004e-06,8.0,24.375000000000004,0.31878785179742436,
interface_8x,T01_A_STAGE_2,1.0,0.01,bottom_oxide,0.0008,2.5e-06,8.0,25.000000000000004,0.30132087363673,
interface_8x,T01_A_STAGE_2,1.0,0.01,bottom_oxide,0.0008,2.5625000000000005e-06,8.0,25.625000000000004,0.28385389547591194,
interface_8x,T01_A_STAGE_2,1.0,0.01,bottom_oxide,0.0008,2.6250000000000003e-06,8.0,26.250000000000004,0.26638691731496733,
interface_8x,T01_A_STAGE_2,1.0,0.01,bottom_oxide,0.0008,2.6875e-06,8.0,26.875,0.24891993915389296,
interface_8x,T01_A_STAGE_2,1.0,0.01,bottom_oxide,0.0008,2.75e-06,8.0,27.5,0.2314529609926857,
interface_8x,T01_A_STAGE_2,1.0,0.01,bottom_oxide,0.0008,2.8125e-06,8.0,28.125,0.21398598283134235,
interface_8x,T01_A_STAGE_2,1.0,0.01,bottom_oxide,0.0008,2.875e-06,8.0,28.75,0.1965190046698601,
interface_8x,T01_A_STAGE_2,1.0,0.01,bottom_oxide,0.0008,2.9375000000000003e-06,8.0,29.375000000000004,0.17905202650823557,
interface_8x,T01_A_STAGE_2,1.0,0.01,bottom_oxide,0.0008,3e-06,8.0,30.0,0.16158504834646595,
interface_8x,T01_A_STAGE_2,1.0,0.01,bottom_oxide,0.000825,0.0,8.25,0.0,1.0,
interface_8x,T01_A_STAGE_2,1.0,0.01,bottom_oxide,0.000825,5.000000000000001e-07,8.25,5.000000000000001,0.8602886379998056,
interface_8x,T01_A_STAGE_2,1.0,0.01,bottom_oxide,0.000825,1.0000000000000002e-06,8.25,10.000000000000002,0.7205772759980283,
interface_8x,T01_A_STAGE_2,1.0,0.01,bottom_oxide,0.000825,1.5000000000000002e-06,8.25,15.000000000000002,0.5808659139930855,
interface_8x,T01_A_STAGE_2,1.0,0.01,bottom_oxide,0.000825,2.0000000000000003e-06,8.25,20.000000000000004,0.4411545519833942,
interface_8x,T01_A_STAGE_2,1.0,0.01,bottom_oxide,0.000825,2.0625e-06,8.25,20.625,0.42369063173173765,
interface_8x,T01_A_STAGE_2,1.0,0.01,bottom_oxide,0.000825,2.1250000000000004e-06,8.25,21.250000000000004,0.406226711479979,
interface_8x,T01_A_STAGE_2,1.0,0.01,bottom_oxide,0.000825,2.1875000000000002e-06,8.25,21.875000000000004,0.38876279122811536,
interface_8x,T01_A_STAGE_2,1.0,0.01,bottom_oxide,0.000825,2.2500000000000005e-06,8.25,22.500000000000004,0.3712988709761434,
interface_8x,T01_A_STAGE_2,1.0,0.01,bottom_oxide,0.000825,2.3125000000000003e-06,8.25,23.125000000000004,0.35383495072406024,
interface_8x,T01_A_STAGE_2,1.0,0.01,bottom_oxide,0.000825,2.375e-06,8.25,23.75,0.33637103047186273,
interface_8x,T01_A_STAGE_2,1.0,0.01,bottom_oxide,0.000825,2.4375000000000004e-06,8.25,24.375000000000004,0.3189071102195476,
interface_8x,T01_A_STAGE_2,1.0,0.01,bottom_oxide,0.000825,2.5e-06,8.25,25.000000000000004,0.30144318996711206,
interface_8x,T01_A_STAGE_2,1.0,0.01,bottom_oxide,0.000825,2.5625000000000005e-06,8.25,25.625000000000004,0.28397926971455273,
interface_8x,T01_A_STAGE_2,1.0,0.01,bottom_oxide,0.000825,2.6250000000000003e-06,8.25,26.250000000000004,0.2665153494618667,
interface_8x,T01_A_STAGE_2,1.0,0.01,bottom_oxide,0.000825,2.6875e-06,8.25,26.875,0.24905142920905093,
interface_8x,T01_A_STAGE_2,1.0,0.01,bottom_oxide,0.000825,2.75e-06,8.25,27.5,0.2315875089561022,
interface_8x,T01_A_STAGE_2,1.0,0.01,bottom_oxide,0.000825,2.8125e-06,8.25,28.125,0.21412358870301731,
interface_8x,T01_A_STAGE_2,1.0,0.01,bottom_oxide,0.000825,2.875e-06,8.25,28.75,0.19665966844979343,
interface_8x,T01_A_STAGE_2,1.0,0.01,bottom_oxide,0.000825,2.9375000000000003e-06,8.25,29.375000000000004,0.17919574819642725,
interface_8x,T01_A_STAGE_2,1.0,0.01,bottom_oxide,0.000825,3e-06,8.25,30.0,0.16173182794291588,
interface_8x,T01_A_STAGE_2,1.0,0.01,bottom_oxide,0.0008500000000000001,0.0,8.5,0.0,1.0,
interface_8x,T01_A_STAGE_2,1.0,0.01,bottom_oxide,0.0008500000000000001,5.000000000000001e-07,8.5,5.000000000000001,0.8603131052229055,
interface_8x,T01_A_STAGE_2,1.0,0.01,bottom_oxide,0.0008500000000000001,1.0000000000000002e-06,8.5,10.000000000000002,0.7206262104442273,
interface_8x,T01_A_STAGE_2,1.0,0.01,bottom_oxide,0.0008500000000000001,1.5000000000000002e-06,8.5,15.000000000000002,0.580939315662382,
interface_8x,T01_A_STAGE_2,1.0,0.01,bottom_oxide,0.0008500000000000001,2.0000000000000003e-06,8.5,20.000000000000004,0.441252420875786,
interface_8x,T01_A_STAGE_2,1.0,0.01,bottom_oxide,0.0008500000000000001,2.0625e-06,8.5,20.625,0.42379155902701615,
interface_8x,T01_A_STAGE_2,1.0,0.01,bottom_oxide,0.0008500000000000001,2.1250000000000004e-06,8.5,21.250000000000004,0.40633069717814413,
interface_8x,T01_A_STAGE_2,1.0,0.01,bottom_oxide,0.0008500000000000001,2.1875000000000002e-06,8.5,21.875000000000004,0.388869835329167,
interface_8x,T01_A_STAGE_2,1.0,0.01,bottom_oxide,0.0008500000000000001,2.2500000000000005e-06,8.5,22.500000000000004,0.3714089734800816,
interface_8x,T01_A_STAGE_2,1.0,0.01,bottom_oxide,0.0008500000000000001,2.3125000000000003e-06,8.5,23.125000000000004,0.35394811163088497,
interface_8x,T01_A_STAGE_2,1.0,0.01,bottom_oxide,0.0008500000000000001,2.375e-06,8.5,23.75,0.33648724978157385,
interface_8x,T01_A_STAGE_2,1.0,0.01,bottom_oxide,0.0008500000000000001,2.4375000000000004e-06,8.5,24.375000000000004,0.3190263879321451,
interface_8x,T01_A_STAGE_2,1.0,0.01,bottom_oxide,0.0008500000000000001,2.5e-06,8.5,25.000000000000004,0.30156552608259585,
interface_8x,T01_A_STAGE_2,1.0,0.01,bottom_oxide,0.0008500000000000001,2.5625000000000005e-06,8.5,25.625000000000004,0.28410466423292274,
interface_8x,T01_A_STAGE_2,1.0,0.01,bottom_oxide,0.0008500000000000001,2.6250000000000003e-06,8.5,26.250000000000004,0.26664380238312296,
interface_8x,T01_A_STAGE_2,1.0,0.01,bottom_oxide,0.0008500000000000001,2.6875e-06,8.5,26.875,0.2491829405331933,
interface_8x,T01_A_STAGE_2,1.0,0.01,bottom_oxide,0.0008500000000000001,2.75e-06,8.5,27.5,0.23172207868313063,
interface_8x,T01_A_STAGE_2,1.0,0.01,bottom_oxide,0.0008500000000000001,2.8125e-06,8.5,28.125,0.21426121683293173,
interface_8x,T01_A_STAGE_2,1.0,0.01,bottom_oxide,0.0008500000000000001,2.875e-06,8.5,28.75,0.1968003549825938,
interface_8x,T01_A_STAGE_2,1.0,0.01,bottom_oxide,0.0008500000000000001,2.9375000000000003e-06,8.5,29.375000000000004,0.17933949313211345,
interface_8x,T01_A_STAGE_2,1.0,0.01,bottom_oxide,0.0008500000000000001,3e-06,8.5,30.0,0.16187863128148786,
interface_8x,T01_A_STAGE_2,1.0,0.01,bottom_oxide,0.0008750000000000001,0.0,8.750000000000002,0.0,1.0,
interface_8x,T01_A_STAGE_2,1.0,0.01,bottom_oxide,0.0008750000000000001,5.000000000000001e-07,8.750000000000002,5.000000000000001,0.8603375764049536,
interface_8x,T01_A_STAGE_2,1.0,0.01,bottom_oxide,0.0008750000000000001,1.0000000000000002e-06,8.750000000000002,10.000000000000002,0.720675152808322,
interface_8x,T01_A_STAGE_2,1.0,0.01,bottom_oxide,0.0008750000000000001,1.5000000000000002e-06,8.750000000000002,15.000000000000002,0.5810127292085203,
interface_8x,T01_A_STAGE_2,1.0,0.01,bottom_oxide,0.0008750000000000001,2.0000000000000003e-06,8.750000000000002,20.000000000000004,0.44135030560396415,
interface_8x,T01_A_STAGE_2,1.0,0.01,bottom_oxide,0.0008750000000000001,2.0625e-06,8.750000000000002,20.625,0.423892502652949,
interface_8x,T01_A_STAGE_2,1.0,0.01,bottom_oxide,0.0008750000000000001,2.1250000000000004e-06,8.750000000000002,21.250000000000004,0.40643469970183155,
interface_8x,T01_A_STAGE_2,1.0,0.01,bottom_oxide,0.0008750000000000001,2.1875000000000002e-06,8.750000000000002,21.875000000000004,0.388976896750609,
interface_8x,T01_A_STAGE_2,1.0,0.01,bottom_oxide,0.0008750000000000001,2.2500000000000005e-06,8.750000000000002,22.500000000000004,0.371519093799278,
interface_8x,T01_A_STAGE_2,1.0,0.01,bottom_oxide,0.0008750000000000001,2.3125000000000003e-06,8.750000000000002,23.125000000000004,0.35406129084783566,
interface_8x,T01_A_STAGE_2,1.0,0.01,bottom_oxide,0.0008750000000000001,2.375e-06,8.750000000000002,23.75,0.33660348789627886,
interface_8x,T01_A_STAGE_2,1.0,0.01,bottom_oxide,0.0008750000000000001,2.4375000000000004e-06,8.750000000000002,24.375000000000004,0.3191456849446044,
interface_8x,T01_A_STAGE_2,1.0,0.01,bottom_oxide,0.0008750000000000001,2.5e-06,8.750000000000002,25.000000000000004,0.3016878819928092,
interface_8x,T01_A_STAGE_2,1.0,0.01,bottom_oxide,0.0008750000000000001,2.5625000000000005e-06,8.750000000000002,25.625000000000004,0.2842300790408902,
interface_8x,T01_A_STAGE_2,1.0,0.01,bottom_oxide,0.0008750000000000001,2.6250000000000003e-06,8.750000000000002,26.250000000000004,0.2667722760888444,
interface_8x,T01_A_STAGE_2,1.0,0.01,bottom_oxide,0.0008750000000000001,2.6875e-06,8.750000000000002,26.875,0.24931447313666866,
interface_8x,T01_A_STAGE_2,1.0,0.01,bottom_oxide,0.0008750000000000001,2.75e-06,8.750000000000002,27.5,0.23185667018435982,
interface_8x,T01_A_STAGE_2,1.0,0.01,bottom_oxide,0.0008750000000000001,2.8125e-06,8.750000000000002,28.125,0.21439886723191467,
interface_8x,T01_A_STAGE_2,1.0,0.01,bottom_oxide,0.0008750000000000001,2.875e-06,8.750000000000002,28.75,0.19694106427933042,
interface_8x,T01_A_STAGE_2,1.0,0.01,bottom_oxide,0.0008750000000000001,2.9375000000000003e-06,8.750000000000002,29.375000000000004,0.1794832613266037,
interface_8x,T01_A_STAGE_2,1.0,0.01,bottom_oxide,0.0008750000000000001,3e-06,8.750000000000002,30.0,0.16202545837373164,
interface_8x,T01_A_STAGE_2,1.0,0.01,bottom_oxide,0.0009000000000000001,0.0,9.0,0.0,1.0,
interface_8x,T01_A_STAGE_2,1.0,0.01,bottom_oxide,0.0009000000000000001,5.000000000000001e-07,9.0,5.000000000000001,0.8603620515497645,
interface_8x,T01_A_STAGE_2,1.0,0.01,bottom_oxide,0.0009000000000000001,1.0000000000000002e-06,9.0,10.000000000000002,0.72072410309749,
interface_8x,T01_A_STAGE_2,1.0,0.01,bottom_oxide,0.0009000000000000001,1.5000000000000002e-06,9.0,15.000000000000002,0.5810861546412429,
interface_8x,T01_A_STAGE_2,1.0,0.01,bottom_oxide,0.0009000000000000001,2.0000000000000003e-06,9.0,20.000000000000004,0.44144820617927927,
interface_8x,T01_A_STAGE_2,1.0,0.01,bottom_oxide,0.0009000000000000001,2.0625e-06,9.0,20.625,0.42399346262102555,
interface_8x,T01_A_STAGE_2,1.0,0.01,bottom_oxide,0.0009000000000000001,2.1250000000000004e-06,9.0,21.250000000000004,0.406538719062656,
interface_8x,T01_A_STAGE_2,1.0,0.01,bottom_oxide,0.0009000000000000001,2.1875000000000002e-06,9.0,21.875000000000004,0.38908397550416823,
interface_8x,T01_A_STAGE_2,1.0,0.01,bottom_oxide,0.0009000000000000001,2.2500000000000005e-06,9.0,22.500000000000004,0.3716292319455594,
interface_8x,T01_A_STAGE_2,1.0,0.01,bottom_oxide,0.0009000000000000001,2.3125000000000003e-06,9.0,23.125000000000004,0.3541744883868272,
interface_8x,T01_A_STAGE_2,1.0,0.01,bottom_oxide,0.0009000000000000001,2.375e-06,9.0,23.75,0.33671974482796896,
interface_8x,T01_A_STAGE_2,1.0,0.01,bottom_oxide,0.0009000000000000001,2.4375000000000004e-06,9.0,24.375000000000004,0.3192650012689821,
interface_8x,T01_A_STAGE_2,1.0,0.01,bottom_oxide,0.0009000000000000001,2.5e-06,9.0,25.000000000000004,0.3018102577098644,
interface_8x,T01_A_STAGE_2,1.0,0.01,bottom_oxide,0.0009000000000000001,2.5625000000000005e-06,9.0,25.625000000000004,0.2843555141506133,
interface_8x,T01_A_STAGE_2,1.0,0.01,bottom_oxide,0.0009000000000000001,2.6250000000000003e-06,9.0,26.250000000000004,0.2669007705912266,
interface_8x,T01_A_STAGE_2,1.0,0.01,bottom_oxide,0.0009000000000000001,2.6875e-06,9.0,26.875,0.24944602703170188,
interface_8x,T01_A_STAGE_2,1.0,0.01,bottom_oxide,0.0009000000000000001,2.75e-06,9.0,27.5,0.23199128347203693,
interface_8x,T01_A_STAGE_2,1.0,0.01,bottom_oxide,0.0009000000000000001,2.8125e-06,9.0,28.125,0.2145365399122293,
interface_8x,T01_A_STAGE_2,1.0,0.01,bottom_oxide,0.0009000000000000001,2.875e-06,9.0,28.75,0.19708179635227702,
interface_8x,T01_A_STAGE_2,1.0,0.01,bottom_oxide,0.0009000000000000001,2.9375000000000003e-06,9.0,29.375000000000004,0.17962705279217764,
interface_8x,T01_A_STAGE_2,1.0,0.01,bottom_oxide,0.0009000000000000001,3e-06,9.0,30.0,0.16217230923192918,
interface_8x,T01_A_STAGE_2,1.0,0.01,bottom_oxide,0.0009249999999999999,0.0,9.25,0.0,1.0,
interface_8x,T01_A_STAGE_2,1.0,0.01,bottom_oxide,0.0009249999999999999,5.000000000000001e-07,9.25,5.000000000000001,0.8603865317926047,
interface_8x,T01_A_STAGE_2,1.0,0.01,bottom_oxide,0.0009249999999999999,1.0000000000000002e-06,9.25,10.000000000000002,0.7207730633179074,
interface_8x,T01_A_STAGE_2,1.0,0.01,bottom_oxide,0.0009249999999999999,1.5000000000000002e-06,9.25,15.000000000000002,0.5811595943652395,
interface_8x,T01_A_STAGE_2,1.0,0.01,bottom_oxide,0.0009249999999999999,2.0000000000000003e-06,9.25,20.000000000000004,0.44154612482853317,
interface_8x,T01_A_STAGE_2,1.0,0.01,bottom_oxide,0.0009249999999999999,2.0625e-06,9.25,20.625,0.4240944410974284,
interface_8x,T01_A_STAGE_2,1.0,0.01,bottom_oxide,0.0009249999999999999,2.1250000000000004e-06,9.25,21.250000000000004,0.40664275735786354,
interface_8x,T01_A_STAGE_2,1.0,0.01,bottom_oxide,0.0009249999999999999,2.1875000000000002e-06,9.25,21.875000000000004,0.38919107361008287,
interface_8x,T01_A_STAGE_2,1.0,0.01,bottom_oxide,0.0009249999999999999,2.2500000000000005e-06,9.25,22.500000000000004,0.37173938985436317,
interface_8x,T01_A_STAGE_2,1.0,0.01,bottom_oxide,0.0009249999999999999,2.3125000000000003e-06,9.25,23.125000000000004,0.3542877060910141,
interface_8x,T01_A_STAGE_2,1.0,0.01,bottom_oxide,0.0009249999999999999,2.375e-06,9.25,23.75,0.3368360223203763,
interface_8x,T01_A_STAGE_2,1.0,0.01,bottom_oxide,0.0009249999999999999,2.4375000000000004e-06,9.25,24.375000000000004,0.3193843385428208,
interface_8x,T01_A_STAGE_2,1.0,0.01,bottom_oxide,0.0009249999999999999,2.5e-06,9.25,25.000000000000004,0.3019326547587481,
interface_8x,T01_A_STAGE_2,1.0,0.01,bottom_oxide,0.0009249999999999999,2.5625000000000005e-06,9.25,25.625000000000004,0.28448097096858616,
interface_8x,T01_A_STAGE_2,1.0,0.01,bottom_oxide,0.0009249999999999999,2.6250000000000003e-06,9.25,26.250000000000004,0.26702928717278973,
interface_8x,T01_A_STAGE_2,1.0,0.01,bottom_oxide,0.0009249999999999999,2.6875e-06,9.25,26.875,0.24957760337183774,
interface_8x,T01_A_STAGE_2,1.0,0.01,bottom_oxide,0.0009249999999999999,2.75e-06,9.25,27.5,0.23212591956623205,
interface_8x,T01_A_STAGE_2,1.0,0.01,bottom_oxide,0.0009249999999999999,2.8125e-06,9.25,28.125,0.21467423575649514,
interface_8x,T01_A_STAGE_2,1.0,0.01,bottom_oxide,0.0009249999999999999,2.875e-06,9.25,28.75,0.19722255194316843,
interface_8x,T01_A_STAGE_2,1.0,0.01,bottom_oxide,0.0009249999999999999,2.9375000000000003e-06,9.25,29.375000000000004,0.17977086812680892,
interface_8x,T01_A_STAGE_2,1.0,0.01,bottom_oxide,0.0009249999999999999,3e-06,9.25,30.0,0.1623191843079877,
interface_8x,T01_A_STAGE_2,1.0,0.01,bottom_oxide,0.00095,0.0,9.5,0.0,1.0,
interface_8x,T01_A_STAGE_2,1.0,0.01,bottom_oxide,0.00095,5.000000000000001e-07,9.5,5.000000000000001,0.8604116802908433,
interface_8x,T01_A_STAGE_2,1.0,0.01,bottom_oxide,0.00095,1.0000000000000002e-06,9.5,10.000000000000002,0.7208232184644608,
interface_8x,T01_A_STAGE_2,1.0,0.01,bottom_oxide,0.00095,1.5000000000000002e-06,9.5,15.000000000000002,0.581234494185167,
interface_8x,T01_A_STAGE_2,1.0,0.01,bottom_oxide,0.00095,2.0000000000000003e-06,9.5,20.000000000000004,0.44164543073281637,
interface_8x,T01_A_STAGE_2,1.0,0.01,bottom_oxide,0.00095,2.0625e-06,9.5,20.625,0.4241967731680869,
interface_8x,T01_A_STAGE_2,1.0,0.01,bottom_oxide,0.00095,2.1250000000000004e-06,9.5,21.250000000000004,0.40674811020380486,
interface_8x,T01_A_STAGE_2,1.0,0.01,bottom_oxide,0.00095,2.1875000000000002e-06,9.5,21.875000000000004,0.38929944193653665,
interface_8x,T01_A_STAGE_2,1.0,0.01,bottom_oxide,0.00095,2.2500000000000005e-06,9.5,22.500000000000004,0.3718507684856041,
interface_8x,T01_A_STAGE_2,1.0,0.01,bottom_oxide,0.00095,2.3125000000000003e-06,9.5,23.125000000000004,0.3544020899937652,
interface_8x,T01_A_STAGE_2,1.0,0.01,bottom_oxide,0.00095,2.375e-06,9.5,23.75,0.33695340662789375,
interface_8x,T01_A_STAGE_2,1.0,0.01,bottom_oxide,0.00095,2.4375000000000004e-06,9.5,24.375000000000004,0.3195047185796611,
interface_8x,T01_A_STAGE_2,1.0,0.01,bottom_oxide,0.00095,2.5e-06,9.5,25.000000000000004,0.3020560260662191,
interface_8x,T01_A_STAGE_2,1.0,0.01,bottom_oxide,0.00095,2.5625000000000005e-06,9.5,25.625000000000004,0.2846073293308822,
interface_8x,T01_A_STAGE_2,1.0,0.01,bottom_oxide,0.00095,2.6250000000000003e-06,9.5,26.250000000000004,0.267158628643813,
interface_8x,T01_A_STAGE_2,1.0,0.01,bottom_oxide,0.00095,2.6875e-06,9.5,26.875,0.24970992430270675,
interface_8x,T01_A_STAGE_2,1.0,0.01,bottom_oxide,0.00095,2.75e-06,9.5,27.5,0.23226121663347785,
interface_8x,T01_A_STAGE_2,1.0,0.01,bottom_oxide,0.00095,2.8125e-06,9.5,28.125,0.2148125059909474,
interface_8x,T01_A_STAGE_2,1.0,0.01,bottom_oxide,0.00095,2.875e-06,9.5,28.75,0.19736379275953192,
interface_8x,T01_A_STAGE_2,1.0,0.01,bottom_oxide,0.00095,2.9375000000000003e-06,9.5,29.375000000000004,0.1799150773539322,
interface_8x,T01_A_STAGE_2,1.0,0.01,bottom_oxide,0.00095,3e-06,9.5,30.0,0.16246636021982497,
interface_8x,T01_A_STAGE_2,1.0,0.01,bottom_oxide,0.000975,0.0,9.75,0.0,1.0,
interface_8x,T01_A_STAGE_2,1.0,0.01,bottom_oxide,0.000975,5.000000000000001e-07,9.75,5.000000000000001,0.8607921218532257,
interface_8x,T01_A_STAGE_2,1.0,0.01,bottom_oxide,0.000975,1.0000000000000002e-06,9.75,10.000000000000002,0.7215295058896305,
interface_8x,T01_A_STAGE_2,1.0,0.01,bottom_oxide,0.000975,1.5000000000000002e-06,9.75,15.000000000000002,0.5821573266469923,
interface_8x,T01_A_STAGE_2,1.0,0.01,bottom_oxide,0.000975,2.0000000000000003e-06,9.75,20.000000000000004,0.4426205832408115,
interface_8x,T01_A_STAGE_2,1.0,0.01,bottom_oxide,0.000975,2.0625e-06,9.75,20.625,0.4251630336229056,
interface_8x,T01_A_STAGE_2,1.0,0.01,bottom_oxide,0.000975,2.1250000000000004e-06,9.75,21.250000000000004,0.407701940859742,
interface_8x,T01_A_STAGE_2,1.0,0.01,bottom_oxide,0.000975,2.1875000000000002e-06,9.75,21.875000000000004,0.39023719653791705,
interface_8x,T01_A_STAGE_2,1.0,0.01,bottom_oxide,0.000975,2.2500000000000005e-06,9.75,22.500000000000004,0.37276869215269626,
interface_8x,T01_A_STAGE_2,1.0,0.01,bottom_oxide,0.000975,2.3125000000000003e-06,9.75,23.125000000000004,0.3552963191053032,
interface_8x,T01_A_STAGE_2,1.0,0.01,bottom_oxide,0.000975,2.375e-06,9.75,23.75,0.33781996870020436,
interface_8x,T01_A_STAGE_2,1.0,0.01,bottom_oxide,0.000975,2.4375000000000004e-06,9.75,24.375000000000004,0.32033953214239275,
interface_8x,T01_A_STAGE_2,1.0,0.01,bottom_oxide,0.000975,2.5e-06,9.75,25.000000000000004,0.3028549005346697,
interface_8x,T01_A_STAGE_2,1.0,0.01,bottom_oxide,0.000975,2.5625000000000005e-06,9.75,25.625000000000004,0.2853659648749223,
interface_8x,T01_A_STAGE_2,1.0,0.01,bottom_oxide,0.000975,2.6250000000000003e-06,9.75,26.250000000000004,0.2678726160534008,
interface_8x,T01_A_STAGE_2,1.0,0.01,bottom_oxide,0.000975,2.6875e-06,9.75,26.875,0.25037474484999167,
interface_8x,T01_A_STAGE_2,1.0,0.01,bottom_oxide,0.000975,2.75e-06,9.75,27.5,0.23287224193148884,
interface_8x,T01_A_STAGE_2,1.0,0.01,bottom_oxide,0.000975,2.8125e-06,9.75,28.125,0.21536499784886215,
interface_8x,T01_A_STAGE_2,1.0,0.01,bottom_oxide,0.000975,2.875e-06,9.75,28.75,0.19785290303452355,
interface_8x,T01_A_STAGE_2,1.0,0.01,bottom_oxide,0.000975,2.9375000000000003e-06,9.75,29.375000000000004,0.18033584779958922,
interface_8x,T01_A_STAGE_2,1.0,0.01,bottom_oxide,0.000975,3e-06,9.75,30.0,0.16281372233114072,
interface_8x,T01_A_STAGE_2,1.0,0.01,bottom_oxide,0.001,0.0,10.0,0.0,1.0,
interface_8x,T01_A_STAGE_2,1.0,0.01,bottom_oxide,0.001,5.000000000000001e-07,10.0,5.000000000000001,0.9980171054677932,
interface_8x,T01_A_STAGE_2,1.0,0.01,bottom_oxide,0.001,1.0000000000000002e-06,10.0,10.000000000000002,0.9961439909224781,
interface_8x,T01_A_STAGE_2,1.0,0.01,bottom_oxide,0.001,1.5000000000000002e-06,10.0,15.000000000000002,0.9944905679651892,
interface_8x,T01_A_STAGE_2,1.0,0.01,bottom_oxide,0.001,2.0000000000000003e-06,10.0,20.000000000000004,0.993167011600955,
interface_8x,T01_A_STAGE_2,1.0,0.01,bottom_oxide,0.001,2.0625e-06,10.0,20.625,0.993032535292021,
interface_8x,T01_A_STAGE_2,1.0,0.01,bottom_oxide,0.001,2.1250000000000004e-06,10.0,21.250000000000004,0.9929051573518578,
interface_8x,T01_A_STAGE_2,1.0,0.01,bottom_oxide,0.001,2.1875000000000002e-06,10.0,21.875000000000004,0.9927850944519008,
interface_8x,T01_A_STAGE_2,1.0,0.01,bottom_oxide,0.001,2.2500000000000005e-06,10.0,22.500000000000004,0.9926725634006677,
interface_8x,T01_A_STAGE_2,1.0,0.01,bottom_oxide,0.001,2.3125000000000003e-06,10.0,23.125000000000004,0.9925677811478252,
interface_8x,T01_A_STAGE_2,1.0,0.01,bottom_oxide,0.001,2.375e-06,10.0,23.75,0.9924709647882582,
interface_8x,T01_A_STAGE_2,1.0,0.01,bottom_oxide,0.001,2.4375000000000004e-06,10.0,24.375000000000004,0.9923823315661423,
interface_8x,T01_A_STAGE_2,1.0,0.01,bottom_oxide,0.001,2.5e-06,10.0,25.000000000000004,0.9923020988790193,
interface_8x,T01_A_STAGE_2,1.0,0.01,bottom_oxide,0.001,2.5625000000000005e-06,10.0,25.625000000000004,0.9922304842818755,
interface_8x,T01_A_STAGE_2,1.0,0.01,bottom_oxide,0.001,2.6250000000000003e-06,10.0,26.250000000000004,0.9921677054912243,
interface_8x,T01_A_STAGE_2,1.0,0.01,bottom_oxide,0.001,2.6875e-06,10.0,26.875,0.9921139803891912,
interface_8x,T01_A_STAGE_2,1.0,0.01,bottom_oxide,0.001,2.75e-06,10.0,27.5,0.9920695270276022,
interface_8x,T01_A_STAGE_2,1.0,0.01,bottom_oxide,0.001,2.8125e-06,10.0,28.125,0.992034563632077,
interface_8x,T01_A_STAGE_2,1.0,0.01,bottom_oxide,0.001,2.875e-06,10.0,28.75,0.992009308606124,
interface_8x,T01_A_STAGE_2,1.0,0.01,bottom_oxide,0.001,2.9375000000000003e-06,10.0,29.375000000000004,0.9919939805352407,
interface_8x,T01_A_STAGE_2,1.0,0.01,bottom_oxide,0.001,3e-06,10.0,30.0,0.9919887981910166,
interface_8x,T01_A_STAGE_2,1.0,0.01,channel,0.0,3e-06,0.0,30.0,0.0,1e+16
interface_8x,T01_A_STAGE_2,1.0,0.01,channel,0.0,3.0375e-06,0.0,30.375,0.0,1e+16
interface_8x,T01_A_STAGE_2,1.0,0.01,channel,2.5e-05,3e-06,0.25,30.0,0.15724737962525664,4.04133849311527e+18
interface_8x,T01_A_STAGE_2,1.0,0.01,channel,2.5e-05,3.0375e-06,0.25,30.375,0.15056283325053235,3.120540284502464e+18
interface_8x,T01_A_STAGE_2,1.0,0.01,channel,0.0,3.075e-06,0.0,30.750000000000004,0.0,1e+16
interface_8x,T01_A_STAGE_2,1.0,0.01,channel,2.5e-05,3.075e-06,0.25,30.750000000000004,0.1446701423022763,2.4844882708854764e+18
interface_8x,T01_A_STAGE_2,1.0,0.01,channel,0.0,3.1125000000000003e-06,0.0,31.125000000000004,0.0,1e+16
interface_8x,T01_A_STAGE_2,1.0,0.01,channel,2.5e-05,3.1125000000000003e-06,0.25,31.125000000000004,0.13940744193067067,2.0268774482103995e+18
interface_8x,T01_A_STAGE_2,1.0,0.01,channel,0.0,3.1500000000000003e-06,0.0,31.500000000000004,0.0,1e+16
interface_8x,T01_A_STAGE_2,1.0,0.01,channel,2.5e-05,3.1500000000000003e-06,0.25,31.500000000000004,0.13465827534703806,1.686727888479177e+18
interface_8x,T01_A_STAGE_2,1.0,0.01,channel,0.0,3.1875e-06,0.0,31.875,0.0,1e+16
interface_8x,T01_A_STAGE_2,1.0,0.01,channel,2.5e-05,3.1875e-06,0.25,31.875,0.13033607643977857,1.4270372510876052e+18
interface_8x,T01_A_STAGE_2,1.0,0.01,channel,0.0,3.225e-06,0.0,32.25,0.0,1e+16
interface_8x,T01_A_STAGE_2,1.0,0.01,channel,2.5e-05,3.225e-06,0.25,32.25,0.12637475386095876,1.2243005891002537e+18
interface_8x,T01_A_STAGE_2,1.0,0.01,channel,0.0,3.2625e-06,0.0,32.625,0.0,1e+16
interface_8x,T01_A_STAGE_2,1.0,0.01,channel,2.5e-05,3.2625e-06,0.25,32.625,0.12272270974324968,1.063007834984007e+18
interface_8x,T01_A_STAGE_2,1.0,0.01,channel,0.0,3.3e-06,0.0,33.0,0.0,1e+16
interface_8x,T01_A_STAGE_2,1.0,0.01,channel,2.5e-05,3.3e-06,0.25,33.0,0.11933889284872082,9.325903154906764e+17
interface_8x,T01_A_STAGE_2,1.0,0.01,channel,0.0,3.3375000000000002e-06,0.0,33.375,0.0,1e+16
interface_8x,T01_A_STAGE_2,1.0,0.01,channel,2.5e-05,3.3375000000000002e-06,0.25,33.375,0.11619010914231286,8.256457135596986e+17
interface_8x,T01_A_STAGE_2,1.0,0.01,channel,0.0,3.3750000000000003e-06,0.0,33.75,0.0,1e+16
interface_8x,T01_A_STAGE_2,1.0,0.01,channel,2.5e-05,3.3750000000000003e-06,0.25,33.75,0.11324913810281205,7.368645598074726e+17
interface_8x,T01_A_STAGE_2,1.0,0.01,channel,0.0,3.4125000000000004e-06,0.0,34.12500000000001,0.0,1e+16
interface_8x,T01_A_STAGE_2,1.0,0.01,channel,2.5e-05,3.4125000000000004e-06,0.25,34.12500000000001,0.11049338159912675,6.623584566384351e+17
interface_8x,T01_A_STAGE_2,1.0,0.01,channel,0.0,3.45e-06,0.0,34.5,0.0,1e+16
interface_8x,T01_A_STAGE_2,1.0,0.01,channel,2.5e-05,3.45e-06,0.25,34.5,0.10790387438686298,5.992270053697162e+17
interface_8x,T01_A_STAGE_2,1.0,0.01,channel,0.0,3.4875e-06,0.0,34.875,0.0,1e+16
interface_8x,T01_A_STAGE_2,1.0,0.01,channel,2.5e-05,3.4875e-06,0.25,34.875,0.10546454602204174,5.4527121726731226e+17
interface_8x,T01_A_STAGE_2,1.0,0.01,channel,0.0,3.525e-06,0.0,35.25,0.0,1e+16
interface_8x,T01_A_STAGE_2,1.0,0.01,channel,2.5e-05,3.525e-06,0.25,35.25,0.10316166126407036,4.987994109409852e+17
interface_8x,T01_A_STAGE_2,1.0,0.01,channel,0.0,3.5625e-06,0.0,35.625,0.0,1e+16
interface_8x,T01_A_STAGE_2,1.0,0.01,channel,2.5e-05,3.5625e-06,0.25,35.625,0.1009833895748175,4.5849299855154714e+17
interface_8x,T01_A_STAGE_2,1.0,0.01,channel,0.0,3.6000000000000003e-06,0.0,36.0,0.0,1e+16
interface_8x,T01_A_STAGE_2,1.0,0.01,channel,2.5e-05,3.6000000000000003e-06,0.25,36.0,0.09891946956040631,4.233119398284728e+17
interface_8x,T01_A_STAGE_2,1.0,0.01,channel,0.0,3.6375000000000003e-06,0.0,36.375,0.0,1e+16
interface_8x,T01_A_STAGE_2,1.0,0.01,channel,2.5e-05,3.6375000000000003e-06,0.25,36.375,0.09696094429653561,3.9242701087788064e+17
interface_8x,T01_A_STAGE_2,1.0,0.01,channel,0.0,3.6750000000000004e-06,0.0,36.75000000000001,0.0,1e+16
interface_8x,T01_A_STAGE_2,1.0,0.01,channel,2.5e-05,3.6750000000000004e-06,0.25,36.75000000000001,0.09509995030166474,3.6517053650754144e+17
interface_8x,T01_A_STAGE_2,1.0,0.01,channel,0.0,3.7125000000000005e-06,0.0,37.12500000000001,0.0,1e+16
interface_8x,T01_A_STAGE_2,1.0,0.01,channel,2.5e-05,3.7125000000000005e-06,0.25,37.12500000000001,0.0933295476207963,3.4100005061799226e+17
interface_8x,T01_A_STAGE_2,1.0,0.01,channel,0.0,3.7500000000000005e-06,0.0,37.50000000000001,0.0,1e+16
interface_8x,T01_A_STAGE_2,1.0,0.01,channel,2.5e-05,3.7500000000000005e-06,0.25,37.50000000000001,0.0916435817723959,3.1947114842192896e+17
interface_8x,T01_A_STAGE_2,1.0,0.01,channel,0.0,3.7875000000000006e-06,0.0,37.87500000000001,0.0,1e+16
interface_8x,T01_A_STAGE_2,1.0,0.01,channel,2.5e-05,3.7875000000000006e-06,0.25,37.87500000000001,0.09003657065003753,3.002169664489737e+17
interface_8x,T01_A_STAGE_2,1.0,0.01,channel,0.0,3.825000000000001e-06,0.0,38.25000000000001,0.0,1e+16
interface_8x,T01_A_STAGE_2,1.0,0.01,channel,2.5e-05,3.825000000000001e-06,0.25,38.25000000000001,0.08850361115694459,2.8293250369825165e+17
interface_8x,T01_A_STAGE_2,1.0,0.01,channel,0.0,3.862500000000001e-06,0.0,38.62500000000001,0.0,1e+16
interface_8x,T01_A_STAGE_2,1.0,0.01,channel,2.5e-05,3.862500000000001e-06,0.25,38.62500000000001,0.0870403015835326,2.6736252138760224e+17
interface_8x,T01_A_STAGE_2,1.0,0.01,channel,0.0,3.9e-06,0.0,39.0,0.0,1e+16
interface_8x,T01_A_STAGE_2,1.0,0.01,channel,2.5e-05,3.9e-06,0.25,39.0,0.08564267664871537,2.5329211743570394e+17
interface_8x,T01_A_STAGE_2,1.0,0.01,channel,0.0,3.937500000000001e-06,0.0,39.37500000000001,0.0,1e+16
interface_8x,T01_A_STAGE_2,1.0,0.01,channel,2.5e-05,3.937500000000001e-06,0.25,39.37500000000001,0.08430715280638426,2.4053932075619603e+17
interface_8x,T01_A_STAGE_2,1.0,0.01,channel,0.0,3.975e-06,0.0,39.75,0.0,1e+16
interface_8x,T01_A_STAGE_2,1.0,0.01,channel,2.5e-05,3.975e-06,0.25,39.75,0.0830304819324611,2.2894922547518483e+17
interface_8x,T01_A_STAGE_2,1.0,0.01,channel,0.0,4.0125e-06,0.0,40.125,0.0,1e+16
interface_8x,T01_A_STAGE_2,1.0,0.01,channel,2.5e-05,4.0125e-06,0.25,40.125,0.08180971189979619,2.1838930974462547e+17
interface_8x,T01_A_STAGE_2,1.0,0.01,channel,0.0,4.05e-06,0.0,40.5,0.0,1e+16
interface_8x,T01_A_STAGE_2,1.0,0.01,channel,2.5e-05,4.05e-06,0.25,40.5,0.08064215284963581,2.08745673472478e+17
interface_8x,T01_A_STAGE_2,1.0,0.01,channel,0.0,4.0875e-06,0.0,40.875,0.0,1e+16
interface_8x,T01_A_STAGE_2,1.0,0.01,channel,2.5e-05,4.0875e-06,0.25,40.875,0.07952534820222446,1.9991999449568202e+17
interface_8x,T01_A_STAGE_2,1.0,0.01,channel,0.0,4.125e-06,0.0,41.25,0.0,1e+16
interface_8x,T01_A_STAGE_2,1.0,0.01,channel,2.5e-05,4.125e-06,0.25,41.25,0.0784570496319364,1.918270506197624e+17
interface_8x,T01_A_STAGE_2,1.0,0.01,channel,0.0,4.1625e-06,0.0,41.62500000000001,0.0,1e+16
interface_8x,T01_A_STAGE_2,1.0,0.01,channel,2.5e-05,4.1625e-06,0.25,41.62500000000001,0.07743519537633116,1.8439269046141974e+17
interface_8x,T01_A_STAGE_2,1.0,0.01,channel,0.0,4.2000000000000004e-06,0.0,42.00000000000001,0.0,1e+16
interface_8x,T01_A_STAGE_2,1.0,0.01,channel,2.5e-05,4.2000000000000004e-06,0.25,42.00000000000001,0.07645789136273892,1.775521625915154e+17
interface_8x,T01_A_STAGE_2,1.0,0.01,channel,0.0,4.5e-06,0.0,45.0,0.0,1e+16
interface_8x,T01_A_STAGE_2,1.0,0.01,channel,2.5e-05,4.5e-06,0.25,45.0,0.0701805248625766,1.3927489933397482e+17
interface_8x,T01_A_STAGE_2,1.0,0.01,channel,0.0,4.8e-06,0.0,48.0,0.0,1e+16
interface_8x,T01_A_STAGE_2,1.0,0.01,channel,2.5e-05,4.8e-06,0.25,48.0,0.06601855550161989,1.1856502555856446e+17
interface_8x,T01_A_STAGE_2,1.0,0.01,channel,0.0,5.1e-06,0.0,51.0,0.0,1e+16
interface_8x,T01_A_STAGE_2,1.0,0.01,channel,2.5e-05,5.1e-06,0.25,51.0,0.0636341093507379,1.0811871140284243e+17
interface_8x,T01_A_STAGE_2,1.0,0.01,channel,0.0,5.4e-06,0.0,54.0,0.0,1e+16
interface_8x,T01_A_STAGE_2,1.0,0.01,channel,2.5e-05,5.4e-06,0.25,54.0,0.06285671748753684,1.0491598813896658e+17
interface_8x,T01_A_STAGE_2,1.0,0.01,channel,5e-05,3e-06,0.5,30.0,0.1571929217271509,4.008825578835684e+18
interface_8x,T01_A_STAGE_2,1.0,0.01,channel,5e-05,3.0375e-06,0.5,30.375,0.1505377962538685,3.098960020995388e+18
interface_8x,T01_A_STAGE_2,1.0,0.01,channel,5e-05,3.075e-06,0.5,30.750000000000004,0.14466869562450546,2.4695590917928207e+18
interface_8x,T01_A_STAGE_2,1.0,0.01,channel,5e-05,3.1125000000000003e-06,0.5,31.125000000000004,0.13942546080516696,2.0162155235780306e+18
interface_8x,T01_A_STAGE_2,1.0,0.01,channel,5e-05,3.1500000000000003e-06,0.5,31.500000000000004,0.13469273279153443,1.6789223975943688e+18
interface_8x,T01_A_STAGE_2,1.0,0.01,channel,5e-05,3.1875e-06,0.5,31.875,0.13038468308626747,1.421211041934293e+18
interface_8x,T01_A_STAGE_2,1.0,0.01,channel,5e-05,3.225e-06,0.5,32.25,0.12643573378241676,1.2198857114880543e+18
interface_8x,T01_A_STAGE_2,1.0,0.01,channel,5e-05,3.2625e-06,0.5,32.625,0.12279465511167453,1.0596238256788708e+18
interface_8x,T01_A_STAGE_2,1.0,0.01,channel,5e-05,3.3e-06,0.5,33.0,0.11942066641933066,9.299748407012087e+17
interface_8x,T01_A_STAGE_2,1.0,0.01,channel,5e-05,3.3375000000000002e-06,0.5,33.375,0.1162807768908449,8.236133487317939e+17
interface_8x,T01_A_STAGE_2,1.0,0.01,channel,5e-05,3.3750000000000003e-06,0.5,33.75,0.11334792150893859,7.352813912485906e+17
interface_8x,T01_A_STAGE_2,1.0,0.01,channel,5e-05,3.4125000000000004e-06,0.5,34.12500000000001,0.11059962309939761,6.611259339023035e+17
interface_8x,T01_A_STAGE_2,1.0,0.01,channel,5e-05,3.45e-06,0.5,34.5,0.1080170118776552,5.982713893509065e+17
interface_8x,T01_A_STAGE_2,1.0,0.01,channel,5e-05,3.4875e-06,0.5,34.875,0.1055840937191634,5.445365156946201e+17
interface_8x,T01_A_STAGE_2,1.0,0.01,channel,5e-05,3.525e-06,0.5,35.25,0.10328719511476735,4.982425455734287e+17
interface_8x,T01_A_STAGE_2,1.0,0.01,channel,5e-05,3.5625e-06,0.5,35.625,0.10111453598709577,4.580804346170035e+17
interface_8x,T01_A_STAGE_2,1.0,0.01,channel,5e-05,3.6000000000000003e-06,0.5,36.0,0.09905589658765261,4.2301729405462246e+17
interface_8x,T01_A_STAGE_2,1.0,0.01,channel,5e-05,3.6375000000000003e-06,0.5,36.375,0.09710235466519994,3.9222932707869734e+17
interface_8x,T01_A_STAGE_2,1.0,0.01,channel,5e-05,3.6750000000000004e-06,0.5,36.75000000000001,0.09524607584023975,3.650530245151772e+17
interface_8x,T01_A_STAGE_2,1.0,0.01,channel,5e-05,3.7125000000000005e-06,0.5,37.12500000000001,0.0934801447667143,3.409491519416618e+17
interface_8x,T01_A_STAGE_2,1.0,0.01,channel,5e-05,3.7500000000000005e-06,0.5,37.50000000000001,0.09179842791699042,3.1947583565252736e+17
interface_8x,T01_A_STAGE_2,1.0,0.01,channel,5e-05,3.7875000000000006e-06,0.5,37.87500000000001,0.09019546114151072,3.002682121238606e+17
interface_8x,T01_A_STAGE_2,1.0,0.01,channel,5e-05,3.825000000000001e-06,0.5,38.25000000000001,0.08866635682466041,2.8302287353254534e+17
interface_8x,T01_A_STAGE_2,1.0,0.01,channel,5e-05,3.862500000000001e-06,0.5,38.62500000000001,0.08720672667881442,2.674858598154446e+17
interface_8x,T01_A_STAGE_2,1.0,0.01,channel,5e-05,3.9e-06,0.5,39.0,0.085812617120993,2.5344330238944416e+17
interface_8x,T01_A_STAGE_2,1.0,0.01,channel,5e-05,3.937500000000001e-06,0.5,39.37500000000001,0.084480454851301,2.4071407088620275e+17
interface_8x,T01_A_STAGE_2,1.0,0.01,channel,5e-05,3.975e-06,0.5,39.75,0.08320700076202049,2.2914394744994115e+17
interface_8x,T01_A_STAGE_2,1.0,0.01,channel,5e-05,4.0125e-06,0.5,40.125,0.08198931069493164,2.1860097644462016e+17
interface_8x,T01_A_STAGE_2,1.0,0.01,channel,5e-05,4.05e-06,0.5,40.5,0.08082470186353745,2.0897172618637472e+17
interface_8x,T01_A_STAGE_2,1.0,0.01,channel,5e-05,4.0875e-06,0.5,40.875,0.07971072398894184,2.0015826390355008e+17
interface_8x,T01_A_STAGE_2,1.0,0.01,channel,5e-05,4.125e-06,0.5,41.25,0.0786451343796218,1.9207569258422285e+17
interface_8x,T01_A_STAGE_2,1.0,0.01,channel,5e-05,4.1625e-06,0.5,41.62500000000001,0.07762587632831326,1.8465013356716243e+17
interface_8x,T01_A_STAGE_2,1.0,0.01,channel,5e-05,4.2000000000000004e-06,0.5,42.00000000000001,0.07665106031265548,1.778170650635656e+17
interface_8x,T01_A_STAGE_2,1.0,0.01,channel,5e-05,4.5e-06,0.5,45.0,0.07038985026062262,1.3956924786018152e+17
interface_8x,T01_A_STAGE_2,1.0,0.01,channel,5e-05,4.8e-06,0.5,48.0,0.06623876316388765,1.188651503662873e+17
interface_8x,T01_A_STAGE_2,1.0,0.01,channel,5e-05,5.1e-06,0.5,51.0,0.06386062159628643,1.0841853239914712e+17
interface_8x,T01_A_STAGE_2,1.0,0.01,channel,5e-05,5.4e-06,0.5,54.0,0.06308529684973098,1.0521523795991382e+17
interface_8x,T01_A_STAGE_2,1.0,0.01,channel,7.500000000000001e-05,3e-06,0.7500000000000001,30.0,0.1573387167398221,4.0074458880000886e+18
interface_8x,T01_A_STAGE_2,1.0,0.01,channel,7.500000000000001e-05,3.0375e-06,0.7500000000000001,30.375,0.1506846962832709,3.0980258916337556e+18
interface_8x,T01_A_STAGE_2,1.0,0.01,channel,7.500000000000001e-05,3.075e-06,0.7500000000000001,30.750000000000004,0.14481646335577886,2.4688975500473165e+18
interface_8x,T01_A_STAGE_2,1.0,0.01,channel,7.500000000000001e-05,3.1125000000000003e-06,0.7500000000000001,31.125000000000004,0.13957392823577588,2.0157299791069763e+18
interface_8x,T01_A_STAGE_2,1.0,0.01,channel,7.500000000000001e-05,3.1500000000000003e-06,0.7500000000000001,31.500000000000004,0.13484177666151675,1.6785555075640622e+18
interface_8x,T01_A_STAGE_2,1.0,0.01,channel,7.500000000000001e-05,3.1875e-06,0.7500000000000001,31.875,0.13053421029314521,1.4209270348042816e+18
interface_8x,T01_A_STAGE_2,1.0,0.01,channel,7.500000000000001e-05,3.225e-06,0.7500000000000001,32.25,0.12658567228360748,1.2196613404122225e+18
interface_8x,T01_A_STAGE_2,1.0,0.01,channel,7.500000000000001e-05,3.2625e-06,0.7500000000000001,32.625,0.12294494801286428,1.0594434549942164e+18
interface_8x,T01_A_STAGE_2,1.0,0.01,channel,7.500000000000001e-05,3.3e-06,0.7500000000000001,33.0,0.11957126799881641,9.298276414669019e+17
interface_8x,T01_A_STAGE_2,1.0,0.01,channel,7.500000000000001e-05,3.3375000000000002e-06,0.7500000000000001,33.375,0.1164316498464257,8.23491629244714e+17
interface_8x,T01_A_STAGE_2,1.0,0.01,channel,7.500000000000001e-05,3.3750000000000003e-06,0.7500000000000001,33.75,0.11349903500267908,7.351795666191808e+17
interface_8x,T01_A_STAGE_2,1.0,0.01,channel,7.500000000000001e-05,3.4125000000000004e-06,0.7500000000000001,34.12500000000001,0.11075095133816214,6.610398697763214e+17
interface_8x,T01_A_STAGE_2,1.0,0.01,channel,7.500000000000001e-05,3.45e-06,0.7500000000000001,34.5,0.10816853306248869,5.981979722541588e+17
interface_8x,T01_A_STAGE_2,1.0,0.01,channel,7.500000000000001e-05,3.4875e-06,0.7500000000000001,34.875,0.10573578925424268,5.4447336481040896e+17
interface_8x,T01_A_STAGE_2,1.0,0.01,channel,7.500000000000001e-05,3.525e-06,0.7500000000000001,35.25,0.103439049002622,4.981878151567837e+17
interface_8x,T01_A_STAGE_2,1.0,0.01,channel,7.500000000000001e-05,3.5625e-06,0.7500000000000001,35.625,0.10126653435985217,4.580326758837435e+17
interface_8x,T01_A_STAGE_2,1.0,0.01,channel,7.500000000000001e-05,3.6000000000000003e-06,0.7500000000000001,36.0,0.09920802733918084,4.22975356935376e+17
interface_8x,T01_A_STAGE_2,1.0,0.01,channel,7.500000000000001e-05,3.6375000000000003e-06,0.7500000000000001,36.375,0.097254607159183,3.9219228921165235e+17
interface_8x,T01_A_STAGE_2,1.0,0.01,channel,7.500000000000001e-05,3.6750000000000004e-06,0.7500000000000001,36.75000000000001,0.09539844067611129,3.6502013917760646e+17
interface_8x,T01_A_STAGE_2,1.0,0.01,channel,7.500000000000001e-05,3.7125000000000005e-06,0.7500000000000001,37.12500000000001,0.09363261359022713,3.4091980936035315e+17
interface_8x,T01_A_STAGE_2,1.0,0.01,channel,7.500000000000001e-05,3.7500000000000005e-06,0.7500000000000001,37.50000000000001,0.09195099326558073,3.1944953390406176e+17
interface_8x,T01_A_STAGE_2,1.0,0.01,channel,7.500000000000001e-05,3.7875000000000006e-06,0.7500000000000001,37.87500000000001,0.09034811631706105,3.002445350013884e+17
interface_8x,T01_A_STAGE_2,1.0,0.01,channel,7.500000000000001e-05,3.825000000000001e-06,0.7500000000000001,38.25000000000001,0.08881909578803539,2.8300147353620272e+17
interface_8x,T01_A_STAGE_2,1.0,0.01,channel,7.500000000000001e-05,3.862500000000001e-06,0.7500000000000001,38.62500000000001,0.08735954396184686,2.6746644495433654e+17
interface_8x,T01_A_STAGE_2,1.0,0.01,channel,7.500000000000001e-05,3.9e-06,0.7500000000000001,39.0,0.08596550775256585,2.5342562584933846e+17
interface_8x,T01_A_STAGE_2,1.0,0.01,channel,7.500000000000001e-05,3.937500000000001e-06,0.7500000000000001,39.37500000000001,0.08463341429489997,2.406979228731592e+17
interface_8x,T01_A_STAGE_2,1.0,0.01,channel,7.500000000000001e-05,3.975e-06,0.7500000000000001,39.75,0.08336002486268491,2.291291487014051e+17
interface_8x,T01_A_STAGE_2,1.0,0.01,channel,7.500000000000001e-05,4.0125e-06,0.7500000000000001,40.125,0.08214239563395499,2.185873730293727e+17
interface_8x,T01_A_STAGE_2,1.0,0.01,channel,7.500000000000001e-05,4.05e-06,0.7500000000000001,40.5,0.08097784411959662,2.089591853087646e+17
interface_8x,T01_A_STAGE_2,1.0,0.01,channel,7.500000000000001e-05,4.0875e-06,0.7500000000000001,40.875,0.07986392030458932,2.001466704962141e+17
interface_8x,T01_A_STAGE_2,1.0,0.01,channel,7.500000000000001e-05,4.125e-06,0.7500000000000001,41.25,0.07879838173227557,1.9206494652429507e+17
interface_8x,T01_A_STAGE_2,1.0,0.01,channel,7.500000000000001e-05,4.1625e-06,0.7500000000000001,41.62500000000001,0.0777791719050373,1.8464014738882294e+17
interface_8x,T01_A_STAGE_2,1.0,0.01,channel,7.500000000000001e-05,4.2000000000000004e-06,0.7500000000000001,42.00000000000001,0.07680440148815011,1.7780776206821968e+17
interface_8x,T01_A_STAGE_2,1.0,0.01,channel,7.500000000000001e-05,4.5e-06,0.7500000000000001,45.0,0.07054346777633762,1.3956343776972565e+17
interface_8x,T01_A_STAGE_2,1.0,0.01,channel,7.500000000000001e-05,4.8e-06,0.7500000000000001,48.0,0.06639255437622904,1.188610007444585e+17
interface_8x,T01_A_STAGE_2,1.0,0.01,channel,7.500000000000001e-05,5.1e-06,0.7500000000000001,51.0,0.06401450936387737,1.084151523560929e+17
interface_8x,T01_A_STAGE_2,1.0,0.01,channel,7.500000000000001e-05,5.4e-06,0.7500000000000001,54.0,0.06323921567184132,1.0521208415111355e+17
interface_8x,T01_A_STAGE_2,1.0,0.01,channel,0.0001,3e-06,1.0,30.0,0.15748481235439193,4.006109136484958e+18
interface_8x,T01_A_STAGE_2,1.0,0.01,channel,0.0001,3.0375e-06,1.0,30.375,0.15083186369846763,3.097120893757139e+18
interface_8x,T01_A_STAGE_2,1.0,0.01,channel,0.0001,3.075e-06,1.0,30.750000000000004,0.14496447228391068,2.4682566770046326e+18
interface_8x,T01_A_STAGE_2,1.0,0.01,channel,0.0001,3.1125000000000003e-06,1.0,31.125000000000004,0.1397226155990207,2.0152596245303383e+18
interface_8x,T01_A_STAGE_2,1.0,0.01,channel,0.0001,3.1500000000000003e-06,1.0,31.500000000000004,0.13499102277260042,1.6782001010749128e+18
interface_8x,T01_A_STAGE_2,1.0,0.01,channel,0.0001,3.1875e-06,1.0,31.875,0.13068392471475881,1.4206519118640172e+18
interface_8x,T01_A_STAGE_2,1.0,0.01,channel,0.0001,3.225e-06,1.0,32.25,0.12673578500757982,1.2194439748245094e+18
interface_8x,T01_A_STAGE_2,1.0,0.01,channel,0.0001,3.2625e-06,1.0,32.625,0.12309540372808891,1.0592686968635442e+18
interface_8x,T01_A_STAGE_2,1.0,0.01,channel,0.0001,3.3e-06,1.0,33.0,0.11972202223617127,9.296849991613475e+17
interface_8x,T01_A_STAGE_2,1.0,0.01,channel,0.0001,3.3375000000000002e-06,1.0,33.375,0.11658266630904653,8.233736513603133e+17
interface_8x,T01_A_STAGE_2,1.0,0.01,channel,0.0001,3.3750000000000003e-06,1.0,33.75,0.11365028366985704,7.350808433213176e+17
interface_8x,T01_A_STAGE_2,1.0,0.01,channel,0.0001,3.4125000000000004e-06,1.0,34.12500000000001,0.11090240708874433,6.609563967654232e+17
interface_8x,T01_A_STAGE_2,1.0,0.01,channel,0.0001,3.45e-06,1.0,34.5,0.10832017465593465,5.981267343752511e+17
interface_8x,T01_A_STAGE_2,1.0,0.01,channel,0.0001,3.4875e-06,1.0,34.875,0.10588759856338101,5.4441205673855264e+17
interface_8x,T01_A_STAGE_2,1.0,0.01,channel,0.0001,3.525e-06,1.0,35.25,0.1035910104270322,4.981346499258887e+17
interface_8x,T01_A_STAGE_2,1.0,0.01,channel,0.0001,3.5625e-06,1.0,35.625,0.10141863437114917,4.579862510559886e+17
interface_8x,T01_A_STAGE_2,1.0,0.01,channel,0.0001,3.6000000000000003e-06,1.0,36.0,0.0993602541241477,4.229345594051204e+17
interface_8x,T01_A_STAGE_2,1.0,0.01,channel,0.0001,3.6375000000000003e-06,1.0,36.375,0.09740695033652759,3.921562264065025e+17
interface_8x,T01_A_STAGE_2,1.0,0.01,channel,0.0001,3.6750000000000004e-06,1.0,36.75000000000001,0.09555089106934046,3.649880886124638e+17
interface_8x,T01_A_STAGE_2,1.0,0.01,channel,0.0001,3.7125000000000005e-06,1.0,37.12500000000001,0.0937851630438017,3.408911811560246e+17
interface_8x,T01_A_STAGE_2,1.0,0.01,channel,0.0001,3.7500000000000005e-06,1.0,37.50000000000001,0.09210363449481371,3.194238425983092e+17
interface_8x,T01_A_STAGE_2,1.0,0.01,channel,0.0001,3.7875000000000006e-06,1.0,37.87500000000001,0.09050084278458588,3.002213781101025e+17
interface_8x,T01_A_STAGE_2,1.0,0.01,channel,0.0001,3.825000000000001e-06,1.0,38.25000000000001,0.08897190160138924,2.829805150788222e+17
interface_8x,T01_A_STAGE_2,1.0,0.01,channel,0.0001,3.862500000000001e-06,1.0,38.62500000000001,0.08751242378797632,2.6744740267205213e+17
interface_8x,T01_A_STAGE_2,1.0,0.01,channel,0.0001,3.9e-06,1.0,39.0,0.08611845674600292,2.5340826119954016e+17
interface_8x,T01_A_STAGE_2,1.0,0.01,channel,0.0001,3.937500000000001e-06,1.0,39.37500000000001,0.08478642803706217,2.4068203313175395e+17
interface_8x,T01_A_STAGE_2,1.0,0.01,channel,0.0001,3.975e-06,1.0,39.75,0.08351309931028979,2.2911456068033325e+17
interface_8x,T01_A_STAGE_2,1.0,0.01,channel,0.0001,4.0125e-06,1.0,40.125,0.08229552707495047,2.185739380424976e+17
interface_8x,T01_A_STAGE_2,1.0,0.01,channel,0.0001,4.05e-06,1.0,40.5,0.08113102913532617,2.0894677511042947e+17
interface_8x,T01_A_STAGE_2,1.0,0.01,channel,0.0001,4.0875e-06,1.0,40.875,0.08001715573715847,2.0013517398340803e+17
interface_8x,T01_A_STAGE_2,1.0,0.01,channel,0.0001,4.125e-06,1.0,41.25,0.07895166465628052,1.9205426704258986e+17
interface_8x,T01_A_STAGE_2,1.0,0.01,channel,0.0001,4.1625e-06,1.0,41.62500000000001,0.0779324996029702,1.8463020051891194e+17
interface_8x,T01_A_STAGE_2,1.0,0.01,channel,0.0001,4.2000000000000004e-06,1.0,42.00000000000001,0.07695777142891773,1.7779847379744906e+17
interface_8x,T01_A_STAGE_2,1.0,0.01,channel,0.0001,4.5e-06,1.0,45.0,0.0706970905733554,1.3955751228984984e+17
interface_8x,T01_A_STAGE_2,1.0,0.01,channel,0.0001,4.8e-06,1.0,48.0,0.0665463335264619,1.1885667307844914e+17
interface_8x,T01_A_STAGE_2,1.0,0.01,channel,0.0001,5.1e-06,1.0,51.0,0.0641683743831675,1.0841156511369083e+17
interface_8x,T01_A_STAGE_2,1.0,0.01,channel,0.0001,5.4e-06,1.0,54.0,0.0633931081327423,1.052087145698846e+17
interface_8x,T01_A_STAGE_2,1.0,0.01,channel,0.000125,3e-06,1.25,30.0,0.1576309318216262,4.0047724614276557e+18
interface_8x,T01_A_STAGE_2,1.0,0.01,channel,0.000125,3.0375e-06,1.25,30.375,0.15097905511427945,3.0962158923443753e+18
interface_8x,T01_A_STAGE_2,1.0,0.01,channel,0.000125,3.075e-06,1.25,30.750000000000004,0.14511250535916162,2.467615770788507e+18
interface_8x,T01_A_STAGE_2,1.0,0.01,channel,0.000125,3.1125000000000003e-06,1.25,31.125000000000004,0.1398713272469597,2.0147892275139395e+18
interface_8x,T01_A_STAGE_2,1.0,0.01,channel,0.000125,3.1500000000000003e-06,1.25,31.500000000000004,0.13514029329471447,1.6778446512953042e+18
interface_8x,T01_A_STAGE_2,1.0,0.01,channel,0.000125,3.1875e-06,1.25,31.875,0.13083366366232368,1.420376748155922e+18
interface_8x,T01_A_STAGE_2,1.0,0.01,channel,0.000125,3.225e-06,1.25,32.25,0.12688592236168494,1.2192265721679898e+18
interface_8x,T01_A_STAGE_2,1.0,0.01,channel,0.000125,3.2625e-06,1.25,32.625,0.12324588416785917,1.0590939055764795e+18
interface_8x,T01_A_STAGE_2,1.0,0.01,channel,0.000125,3.3e-06,1.25,33.0,0.1198728012837373,9.295423274167917e+17
interface_8x,T01_A_STAGE_2,1.0,0.01,channel,0.000125,3.3375000000000002e-06,1.25,33.375,0.11673370765976573,8.232556474049228e+17
interface_8x,T01_A_STAGE_2,1.0,0.01,channel,0.000125,3.3750000000000003e-06,1.25,33.75,0.11380155729612004,7.349820969329695e+17
interface_8x,T01_A_STAGE_2,1.0,0.01,channel,0.000125,3.4125000000000004e-06,1.25,34.12500000000001,0.11105388786327498,6.608729032703853e+17
interface_8x,T01_A_STAGE_2,1.0,0.01,channel,0.000125,3.45e-06,1.25,34.5,0.10847184133274981,5.980554782784307e+17
interface_8x,T01_A_STAGE_2,1.0,0.01,channel,0.000125,3.4875e-06,1.25,34.875,0.1060394330104594,5.44350732415081e+17
interface_8x,T01_A_STAGE_2,1.0,0.01,channel,0.000125,3.525e-06,1.25,35.25,0.10374299703961876,4.98081470149408e+17
interface_8x,T01_A_STAGE_2,1.0,0.01,channel,0.000125,3.5625e-06,1.25,35.625,0.10157075961697261,4.579398131647293e+17
interface_8x,T01_A_STAGE_2,1.0,0.01,channel,0.000125,3.6000000000000003e-06,1.25,36.0,0.09951250618649525,4.2289375010152115e+17
interface_8x,T01_A_STAGE_2,1.0,0.01,channel,0.000125,3.6375000000000003e-06,1.25,36.375,0.09755931883095233,3.9212015295392115e+17
interface_8x,T01_A_STAGE_2,1.0,0.01,channel,0.000125,3.6750000000000004e-06,1.25,36.75000000000001,0.09570336681649308,3.649560283851915e+17
interface_8x,T01_A_STAGE_2,1.0,0.01,channel,0.000125,3.7125000000000005e-06,1.25,37.12500000000001,0.09393773788554918,3.4086254415432896e+17
interface_8x,T01_A_STAGE_2,1.0,0.01,channel,0.000125,3.7500000000000005e-06,1.25,37.50000000000001,0.09225630114410638,3.1939814325640614e+17
interface_8x,T01_A_STAGE_2,1.0,0.01,channel,0.000125,3.7875000000000006e-06,1.25,37.87500000000001,0.09065359470189903,3.0019821385471296e+17
interface_8x,T01_A_STAGE_2,1.0,0.01,channel,0.000125,3.825000000000001e-06,1.25,38.25000000000001,0.08912473289228318,2.8295954985238314e+17
interface_8x,T01_A_STAGE_2,1.0,0.01,channel,0.000125,3.862500000000001e-06,1.25,38.62500000000001,0.08766532911758229,2.6742835414906685e+17
interface_8x,T01_A_STAGE_2,1.0,0.01,channel,0.000125,3.9e-06,1.25,39.0,0.08627143126718179,2.5339089077947107e+17
interface_8x,T01_A_STAGE_2,1.0,0.01,channel,0.000125,3.937500000000001e-06,1.25,39.37500000000001,0.08493946732968942,2.406661380400373e+17
interface_8x,T01_A_STAGE_2,1.0,0.01,channel,0.000125,3.975e-06,1.25,39.75,0.08366619932965702,2.2909996768480333e+17
interface_8x,T01_A_STAGE_2,1.0,0.01,channel,0.000125,4.0125e-06,1.25,40.125,0.08244868410768423,2.185604984183588e+17
interface_8x,T01_A_STAGE_2,1.0,0.01,channel,0.000125,4.05e-06,1.25,40.5,0.08128423976154303,2.0893436057804042e+17
interface_8x,T01_A_STAGE_2,1.0,0.01,channel,0.000125,4.0875e-06,1.25,40.875,0.08017041679782265,2.0012367340979702e+17
interface_8x,T01_A_STAGE_2,1.0,0.01,channel,0.000125,4.125e-06,1.25,41.25,0.07910497322492469,1.9204358374683994e+17
interface_8x,T01_A_STAGE_2,1.0,0.01,channel,0.000125,4.1625e-06,1.25,41.62500000000001,0.0780858529610938,1.8462025005823328e+17
interface_8x,T01_A_STAGE_2,1.0,0.01,channel,0.000125,4.2000000000000004e-06,1.25,42.00000000000001,0.07711116704449938,1.7778918213831274e+17
interface_8x,T01_A_STAGE_2,1.0,0.01,channel,0.000125,4.5e-06,1.25,45.0,0.07085073913088817,1.3955158448251187e+17
interface_8x,T01_A_STAGE_2,1.0,0.01,channel,0.000125,4.8e-06,1.25,48.0,0.0667001384879595,1.188523436059646e+17
interface_8x,T01_A_STAGE_2,1.0,0.01,channel,0.000125,5.1e-06,1.25,51.0,0.0643222652405076,1.0840797631033478e+17
interface_8x,T01_A_STAGE_2,1.0,0.01,channel,0.000125,5.4e-06,1.25,54.0,0.06354702644005346,1.0520534350038918e+17
interface_8x,T01_A_STAGE_2,1.0,0.01,channel,0.00015000000000000001,3e-06,1.5000000000000002,30.0,0.15777707471211672,4.00343579459726e+18
interface_8x,T01_A_STAGE_2,1.0,0.01,channel,0.00015000000000000001,3.0375e-06,1.5000000000000002,30.375,0.1511262701533867,3.0953108408652493e+18
interface_8x,T01_A_STAGE_2,1.0,0.01,channel,0.00015000000000000001,3.075e-06,1.5000000000000002,30.750000000000004,0.1452605622450064,2.4669747981938365e+18
interface_8x,T01_A_STAGE_2,1.0,0.01,channel,0.00015000000000000001,3.1125000000000003e-06,1.5000000000000002,31.125000000000004,0.14002006287589927,2.0143187634930522e+18
interface_8x,T01_A_STAGE_2,1.0,0.01,channel,0.00015000000000000001,3.1500000000000003e-06,1.5000000000000002,31.500000000000004,0.13528958795118493,1.6774891395136538e+18
interface_8x,T01_A_STAGE_2,1.0,0.01,channel,0.00015000000000000001,3.1875e-06,1.5000000000000002,31.875,0.13098342688182296,1.4201015290783936e+18
interface_8x,T01_A_STAGE_2,1.0,0.01,channel,0.00015000000000000001,3.225e-06,1.5000000000000002,32.25,0.12703608411121242,1.2190091208149742e+18
interface_8x,T01_A_STAGE_2,1.0,0.01,channel,0.00015000000000000001,3.2625e-06,1.5000000000000002,32.625,0.1233963891141477,1.0589190717127571e+18
interface_8x,T01_A_STAGE_2,1.0,0.01,channel,0.00015000000000000001,3.3e-06,1.5000000000000002,33.0,0.12002360493808287,9.293996184877583e+17
interface_8x,T01_A_STAGE_2,1.0,0.01,channel,0.00015000000000000001,3.3375000000000002e-06,1.5000000000000002,33.375,0.1168847737080632,8.231376109281766e+17
interface_8x,T01_A_STAGE_2,1.0,0.01,channel,0.00015000000000000001,3.3750000000000003e-06,1.5000000000000002,33.75,0.11395285570248408,7.348833220221576e+17
interface_8x,T01_A_STAGE_2,1.0,0.01,channel,0.00015000000000000001,3.4125000000000004e-06,1.5000000000000002,34.12500000000001,0.11120539349317111,6.607893846719441e+17
interface_8x,T01_A_STAGE_2,1.0,0.01,channel,0.00015000000000000001,3.45e-06,1.5000000000000002,34.5,0.10862353293380661,5.97984200001614e+17
interface_8x,T01_A_STAGE_2,1.0,0.01,channel,0.00015000000000000001,3.4875e-06,1.5000000000000002,34.875,0.10619129244501122,5.4428938841563e+17
interface_8x,T01_A_STAGE_2,1.0,0.01,channel,0.00015000000000000001,3.525e-06,1.5000000000000002,35.25,0.10389500869790338,4.980282728476587e+17
interface_8x,T01_A_STAGE_2,1.0,0.01,channel,0.00015000000000000001,3.5625e-06,1.5000000000000002,35.625,0.10172290996225884,4.5789335960158234e+17
interface_8x,T01_A_STAGE_2,1.0,0.01,channel,0.00015000000000000001,3.6000000000000003e-06,1.5000000000000002,36.0,0.0996647833980821,4.2285292672895123e+17
interface_8x,T01_A_STAGE_2,1.0,0.01,channel,0.00015000000000000001,3.6375000000000003e-06,1.5000000000000002,36.375,0.09771171252081254,3.920840668238394e+17
interface_8x,T01_A_STAGE_2,1.0,0.01,channel,0.00015000000000000001,3.6750000000000004e-06,1.5000000000000002,36.75000000000001,0.09585586780205109,3.6492395669286106e+17
interface_8x,T01_A_STAGE_2,1.0,0.01,channel,0.00015000000000000001,3.7125000000000005e-06,1.5000000000000002,37.12500000000001,0.09409033800575425,3.408338967479289e+17
interface_8x,T01_A_STAGE_2,1.0,0.01,channel,0.00015000000000000001,3.7500000000000005e-06,1.5000000000000002,37.50000000000001,0.09240899310926094,3.1937243444048506e+17
interface_8x,T01_A_STAGE_2,1.0,0.01,channel,0.00015000000000000001,3.7875000000000006e-06,1.5000000000000002,37.87500000000001,0.09080637197006731,3.0017504094503e+17
interface_8x,T01_A_STAGE_2,1.0,0.01,channel,0.00015000000000000001,3.825000000000001e-06,1.5000000000000002,38.25000000000001,0.08927758956682308,2.8293857669606518e+17
interface_8x,T01_A_STAGE_2,1.0,0.01,channel,0.00015000000000000001,3.862500000000001e-06,1.5000000000000002,38.62500000000001,0.08781825986160696,2.6740929833844586e+17
interface_8x,T01_A_STAGE_2,1.0,0.01,channel,0.00015000000000000001,3.9e-06,1.5000000000000002,39.0,0.08642443123169741,2.533735136429055e+17
interface_8x,T01_A_STAGE_2,1.0,0.01,channel,0.00015000000000000001,3.937500000000001e-06,1.5000000000000002,39.37500000000001,0.08509253209286217,2.4065023674121546e+17
interface_8x,T01_A_STAGE_2,1.0,0.01,channel,0.00015000000000000001,3.975e-06,1.5000000000000002,39.75,0.08381932484519883,2.2908536893774813e+17
interface_8x,T01_A_STAGE_2,1.0,0.01,channel,0.00015000000000000001,4.0125e-06,1.5000000000000002,40.125,0.08260186666075786,2.1854705345122022e+17
interface_8x,T01_A_STAGE_2,1.0,0.01,channel,0.00015000000000000001,4.05e-06,1.5000000000000002,40.5,0.0814374759309053,2.0892194106989536e+17
interface_8x,T01_A_STAGE_2,1.0,0.01,channel,0.00015000000000000001,4.0875e-06,1.5000000000000002,40.875,0.08032370342317145,2.0011216819133974e+17
interface_8x,T01_A_STAGE_2,1.0,0.01,channel,0.00015000000000000001,4.125e-06,1.5000000000000002,41.25,0.07925830737861059,1.9203289610507507e+17
interface_8x,T01_A_STAGE_2,1.0,0.01,channel,0.00015000000000000001,4.1625e-06,1.5000000000000002,41.62500000000001,0.07823923192351014,1.8461029552196387e+17
interface_8x,T01_A_STAGE_2,1.0,0.01,channel,0.00015000000000000001,4.2000000000000004e-06,1.5000000000000002,42.00000000000001,0.07726458828258757,1.7777988664878032e+17
interface_8x,T01_A_STAGE_2,1.0,0.01,channel,0.00015000000000000001,4.5e-06,1.5000000000000002,45.0,0.07100441342154368,1.3954565413629171e+17
interface_8x,T01_A_STAGE_2,1.0,0.01,channel,0.00015000000000000001,4.8e-06,1.5000000000000002,48.0,0.06685396925184298,1.1884801223284976e+17
interface_8x,T01_A_STAGE_2,1.0,0.01,channel,0.00015000000000000001,5.1e-06,1.5000000000000002,51.0,0.06447618193854071,1.084043859089496e+17
interface_8x,T01_A_STAGE_2,1.0,0.01,channel,0.00015000000000000001,5.4e-06,1.5000000000000002,54.0,0.06370097060033844,1.0520197092277003e+17
interface_8x,T01_A_STAGE_2,1.0,0.01,channel,0.000175,3e-06,1.75,30.0,0.15792324103642852,4.002099135888221e+18
interface_8x,T01_A_STAGE_2,1.0,0.01,channel,0.000175,3.0375e-06,1.75,30.375,0.1512735088265359,3.0944057392345277e+18
interface_8x,T01_A_STAGE_2,1.0,0.01,channel,0.000175,3.075e-06,1.75,30.750000000000004,0.145408642952352,2.4663337591479624e+18
interface_8x,T01_A_STAGE_2,1.0,0.01,channel,0.000175,3.1125000000000003e-06,1.75,31.125000000000004,0.14016882249688914,2.0138482324048566e+18
interface_8x,T01_A_STAGE_2,1.0,0.01,channel,0.000175,3.1500000000000003e-06,1.75,31.500000000000004,0.13543890675318912,1.6771335656754399e+18
interface_8x,T01_A_STAGE_2,1.0,0.01,channel,0.000175,3.1875e-06,1.75,31.875,0.13113321438454825,1.4198262545840172e+18
interface_8x,T01_A_STAGE_2,1.0,0.01,channel,0.000175,3.225e-06,1.75,32.25,0.12718627026755672,1.218791620724133e+18
interface_8x,T01_A_STAGE_2,1.0,0.01,channel,0.000175,3.2625e-06,1.75,32.625,0.12354691857844188,1.058744195236243e+18
interface_8x,T01_A_STAGE_2,1.0,0.01,channel,0.000175,3.3e-06,1.75,33.0,0.12017443321077953,9.29256872342544e+17
interface_8x,T01_A_STAGE_2,1.0,0.01,channel,0.000175,3.3375000000000002e-06,1.75,33.375,0.11703586446558709,8.230195419021521e+17
interface_8x,T01_A_STAGE_2,1.0,0.01,channel,0.000175,3.3750000000000003e-06,1.75,33.75,0.11410417890066728,7.347845185641878e+17
interface_8x,T01_A_STAGE_2,1.0,0.01,channel,0.000175,3.4125000000000004e-06,1.75,34.12500000000001,0.11135692399021498,6.607058409481711e+17
interface_8x,T01_A_STAGE_2,1.0,0.01,channel,0.000175,3.45e-06,1.75,34.5,0.10877524947094623,5.979128995252483e+17
interface_8x,T01_A_STAGE_2,1.0,0.01,channel,0.000175,3.4875e-06,1.75,34.875,0.10634317687893198,5.442280247226961e+17
interface_8x,T01_A_STAGE_2,1.0,0.01,channel,0.000175,3.525e-06,1.75,35.25,0.10404704541383183,4.9797505800490995e+17
interface_8x,T01_A_STAGE_2,1.0,0.01,channel,0.000175,3.5625e-06,1.75,35.625,0.10187508541900026,4.578468903523573e+17
interface_8x,T01_A_STAGE_2,1.0,0.01,channel,0.000175,3.6000000000000003e-06,1.75,36.0,0.09981708577094398,4.2281208927456314e+17
interface_8x,T01_A_STAGE_2,1.0,0.01,channel,0.000175,3.6375000000000003e-06,1.75,36.375,0.09786413141818429,3.920479680045855e+17
interface_8x,T01_A_STAGE_2,1.0,0.01,channel,0.000175,3.6750000000000004e-06,1.75,36.75000000000001,0.09600839403812822,3.648918735248332e+17
interface_8x,T01_A_STAGE_2,1.0,0.01,channel,0.000175,3.7125000000000005e-06,1.75,37.12500000000001,0.09424296341656592,3.408052389270953e+17
interface_8x,T01_A_STAGE_2,1.0,0.01,channel,0.000175,3.7500000000000005e-06,1.75,37.50000000000001,0.09256171040245949,3.193467161416221e+17
interface_8x,T01_A_STAGE_2,1.0,0.01,channel,0.000175,3.7875000000000006e-06,1.75,37.87500000000001,0.09095917460130393,3.001518593728444e+17
interface_8x,T01_A_STAGE_2,1.0,0.01,channel,0.000175,3.825000000000001e-06,1.75,38.25000000000001,0.08943047163725133,2.8291759560229533e+17
interface_8x,T01_A_STAGE_2,1.0,0.01,channel,0.000175,3.862500000000001e-06,1.75,38.62500000000001,0.08797121603232022,2.6739023523318413e+17
interface_8x,T01_A_STAGE_2,1.0,0.01,channel,0.000175,3.9e-06,1.75,39.0,0.08657745665184566,2.5335612978334717e+17
interface_8x,T01_A_STAGE_2,1.0,0.01,channel,0.000175,3.937500000000001e-06,1.75,39.37500000000001,0.08524562233890086,2.4063432922924864e+17
interface_8x,T01_A_STAGE_2,1.0,0.01,channel,0.000175,3.975e-06,1.75,39.75,0.08397247586925881,2.2907076443353904e+17
interface_8x,T01_A_STAGE_2,1.0,0.01,channel,0.000175,4.0125e-06,1.75,40.125,0.08275507474653698,2.1853360313582442e+17
interface_8x,T01_A_STAGE_2,1.0,0.01,channel,0.000175,4.05e-06,1.75,40.5,0.0815907376557994,2.0890951658107226e+17
interface_8x,T01_A_STAGE_2,1.0,0.01,channel,0.000175,4.0875e-06,1.75,40.875,0.08047701562561105,2.0010065832341824e+17
interface_8x,T01_A_STAGE_2,1.0,0.01,channel,0.000175,4.125e-06,1.75,41.25,0.07941166712976311,1.9202220411295344e+17
interface_8x,T01_A_STAGE_2,1.0,0.01,channel,0.000175,4.1625e-06,1.75,41.62500000000001,0.07839263650266196,1.8460033690601334e+17
interface_8x,T01_A_STAGE_2,1.0,0.01,channel,0.000175,4.2000000000000004e-06,1.75,42.00000000000001,0.07741803515564197,1.777705873249905e+17
interface_8x,T01_A_STAGE_2,1.0,0.01,channel,0.000175,4.5e-06,1.75,45.0,0.07115811345788671,1.3953972124856266e+17
interface_8x,T01_A_STAGE_2,1.0,0.01,channel,0.000175,4.8e-06,1.75,48.0,0.06700782583074531,1.188436789571082e+17
interface_8x,T01_A_STAGE_2,1.0,0.01,channel,0.000175,5.1e-06,1.75,51.0,0.0646301244899385,1.0840079390784456e+17
interface_8x,T01_A_STAGE_2,1.0,0.01,channel,0.000175,5.4e-06,1.75,54.0,0.06385494062628147,1.0519859683542835e+17
interface_8x,T01_A_STAGE_2,1.0,0.01,channel,0.0002,3e-06,2.0,30.0,0.15806943080585967,4.0007624853070454e+18
interface_8x,T01_A_STAGE_2,1.0,0.01,channel,0.0002,3.0375e-06,2.0,30.375,0.15142077114512206,3.093500587443492e+18
interface_8x,T01_A_STAGE_2,1.0,0.01,channel,0.0002,3.075e-06,2.0,30.750000000000004,0.14555674749268827,2.4656926536329175e+18
interface_8x,T01_A_STAGE_2,1.0,0.01,channel,0.0002,3.1125000000000003e-06,2.0,31.125000000000004,0.14031760612150945,2.0133776342270756e+18
interface_8x,T01_A_STAGE_2,1.0,0.01,channel,0.0002,3.1500000000000003e-06,2.0,31.500000000000004,0.13558824971239172,1.6767779297571064e+18
interface_8x,T01_A_STAGE_2,1.0,0.01,channel,0.0002,3.1875e-06,2.0,31.875,0.13128302618224286,1.4195509246496215e+18
interface_8x,T01_A_STAGE_2,1.0,0.01,channel,0.0002,3.225e-06,2.0,32.25,0.1273364808425338,1.2185740718735178e+18
interface_8x,T01_A_STAGE_2,1.0,0.01,channel,0.0002,3.2625e-06,2.0,32.625,0.12369747257262478,1.0585692761265772e+18
interface_8x,T01_A_STAGE_2,1.0,0.01,channel,0.0002,3.3e-06,2.0,33.0,0.1203252861137723,9.291140889624849e+17
interface_8x,T01_A_STAGE_2,1.0,0.01,channel,0.0002,3.3375000000000002e-06,2.0,33.375,0.11718697994433959,8.229014403098508e+17
interface_8x,T01_A_STAGE_2,1.0,0.01,channel,0.0002,3.3750000000000003e-06,2.0,33.75,0.1142555269027247,7.346856865436301e+17
interface_8x,T01_A_STAGE_2,1.0,0.01,channel,0.0002,3.4125000000000004e-06,2.0,34.12500000000001,0.11150847936651052,6.606222720850779e+17
interface_8x,T01_A_STAGE_2,1.0,0.01,channel,0.0002,3.45e-06,2.0,34.5,0.108926990956318,5.978415768366511e+17
interface_8x,T01_A_STAGE_2,1.0,0.01,channel,0.0002,3.4875e-06,2.0,34.875,0.1064950863244132,5.4416664132476986e+17
interface_8x,T01_A_STAGE_2,1.0,0.01,channel,0.0002,3.525e-06,2.0,35.25,0.10419910719963482,4.979218256107019e+17
interface_8x,T01_A_STAGE_2,1.0,0.01,channel,0.0002,3.5625e-06,2.0,35.625,0.1020272859994641,4.578004054075304e+17
interface_8x,T01_A_STAGE_2,1.0,0.01,channel,0.0002,3.6000000000000003e-06,2.0,36.0,0.09996941331738221,4.227712377296674e+17
interface_8x,T01_A_STAGE_2,1.0,0.01,channel,0.0002,3.6375000000000003e-06,2.0,36.375,0.09801657553540086,3.920118564882135e+17
interface_8x,T01_A_STAGE_2,1.0,0.01,channel,0.0002,3.6750000000000004e-06,2.0,36.75000000000001,0.09616094553708769,3.648597788738255e+17
interface_8x,T01_A_STAGE_2,1.0,0.01,channel,0.0002,3.7125000000000005e-06,2.0,37.12500000000001,0.09439561413037541,3.4077657068513805e+17
interface_8x,T01_A_STAGE_2,1.0,0.01,channel,0.0002,3.7500000000000005e-06,2.0,37.50000000000001,0.09271445303611958,3.193209883536568e+17
interface_8x,T01_A_STAGE_2,1.0,0.01,channel,0.0002,3.7875000000000006e-06,2.0,37.87500000000001,0.09111200260805118,3.001286691324706e+17
interface_8x,T01_A_STAGE_2,1.0,0.01,channel,0.0002,3.825000000000001e-06,2.0,38.25000000000001,0.0895833791160336,2.828966065658138e+17
interface_8x,T01_A_STAGE_2,1.0,0.01,channel,0.0002,3.862500000000001e-06,2.0,38.62500000000001,0.08812419764220976,2.6737116482840483e+17
interface_8x,T01_A_STAGE_2,1.0,0.01,channel,0.0002,3.9e-06,2.0,39.0,0.08673050754013496,2.5333873919626416e+17
interface_8x,T01_A_STAGE_2,1.0,0.01,channel,0.0002,3.937500000000001e-06,2.0,39.37500000000001,0.08539873808033346,2.4061841549991638e+17
interface_8x,T01_A_STAGE_2,1.0,0.01,channel,0.0002,3.975e-06,2.0,39.75,0.08412565241438354,2.2905615416823702e+17
interface_8x,T01_A_STAGE_2,1.0,0.01,channel,0.0002,4.0125e-06,2.0,40.125,0.08290830837758564,2.185201474684872e+17
interface_8x,T01_A_STAGE_2,1.0,0.01,channel,0.0002,4.05e-06,2.0,40.5,0.08174402494880599,2.0889708710811834e+17
interface_8x,T01_A_STAGE_2,1.0,0.01,channel,0.0002,4.0875e-06,2.0,40.875,0.0806303534177378,2.000891438027901e+17
interface_8x,T01_A_STAGE_2,1.0,0.01,channel,0.0002,4.125e-06,2.0,41.25,0.07956505249099352,1.9201150776742416e+17
interface_8x,T01_A_STAGE_2,1.0,0.01,channel,0.0002,4.1625e-06,2.0,41.62500000000001,0.07854606671117462,1.8459037420750528e+17
interface_8x,T01_A_STAGE_2,1.0,0.01,channel,0.0002,4.2000000000000004e-06,2.0,42.00000000000001,0.07757150767630128,1.7776128416422624e+17
interface_8x,T01_A_STAGE_2,1.0,0.01,channel,0.0002,4.5e-06,2.0,45.0,0.07131183925263818,1.3953378581746874e+17
interface_8x,T01_A_STAGE_2,1.0,0.01,channel,0.0002,4.8e-06,2.0,48.0,0.06716170823743929,1.1883934377732326e+17
interface_8x,T01_A_STAGE_2,1.0,0.01,channel,0.0002,5.1e-06,2.0,51.0,0.06478409290750266,1.0839720030581514e+17
interface_8x,T01_A_STAGE_2,1.0,0.01,channel,0.0002,5.4e-06,2.0,54.0,0.06400893653069353,1.0519522123722315e+17
interface_8x,T01_A_STAGE_2,1.0,0.01,channel,0.00022500000000000002,3e-06,2.25,30.0,0.15821564403171845,3.9994258428604273e+18
interface_8x,T01_A_STAGE_2,1.0,0.01,channel,0.00022500000000000002,3.0375e-06,2.25,30.375,0.15156805712055044,3.092595385483542e+18
interface_8x,T01_A_STAGE_2,1.0,0.01,channel,0.00022500000000000002,3.075e-06,2.25,30.750000000000004,0.14570487587751524,2.4650514816308127e+18
interface_8x,T01_A_STAGE_2,1.0,0.01,channel,0.00022500000000000002,3.1125000000000003e-06,2.25,31.125000000000004,0.14046641376135052,2.0129069689374848e+18
interface_8x,T01_A_STAGE_2,1.0,0.01,channel,0.00022500000000000002,3.1500000000000003e-06,2.25,31.500000000000004,0.1357376168404676,1.67642223173513e+18
interface_8x,T01_A_STAGE_2,1.0,0.01,channel,0.00022500000000000002,3.1875e-06,2.25,31.875,0.13143286228666026,1.4192755392520568e+18
interface_8x,T01_A_STAGE_2,1.0,0.01,channel,0.00022500000000000002,3.225e-06,2.25,32.25,0.12748671584796983,1.2183564742411937e+18
interface_8x,T01_A_STAGE_2,1.0,0.01,channel,0.00022500000000000002,3.2625e-06,2.25,32.625,0.12384805110858972,1.0583943143634095e+18
interface_8x,T01_A_STAGE_2,1.0,0.01,channel,0.00022500000000000002,3.3e-06,2.25,33.0,0.12047616365901644,9.289712683289239e+17
interface_8x,T01_A_STAGE_2,1.0,0.01,channel,0.00022500000000000002,3.3375000000000002e-06,2.25,33.375,0.11733812015633314,8.227833061342794e+17
interface_8x,T01_A_STAGE_2,1.0,0.01,channel,0.00022500000000000002,3.3750000000000003e-06,2.25,33.75,0.11440689972072164,7.345868259450582e+17
interface_8x,T01_A_STAGE_2,1.0,0.01,channel,0.00022500000000000002,3.4125000000000004e-06,2.25,34.12500000000001,0.11166005963417204,6.605386780686776e+17
interface_8x,T01_A_STAGE_2,1.0,0.01,channel,0.00022500000000000002,3.45e-06,2.25,34.5,0.1090787574020816,5.977702319231406e+17
interface_8x,T01_A_STAGE_2,1.0,0.01,channel,0.00022500000000000002,3.4875e-06,2.25,34.875,0.10664702079365666,5.4410523821034234e+17
interface_8x,T01_A_STAGE_2,1.0,0.01,channel,0.00022500000000000002,3.525e-06,2.25,35.25,0.1043511940675534,4.9786857565457434e+17
interface_8x,T01_A_STAGE_2,1.0,0.01,channel,0.00022500000000000002,3.5625e-06,2.25,35.625,0.10217951171592801,4.577539047575771e+17
interface_8x,T01_A_STAGE_2,1.0,0.01,channel,0.00022500000000000002,3.6000000000000003e-06,2.25,36.0,0.10012176604970863,4.22730372085574e+17
interface_8x,T01_A_STAGE_2,1.0,0.01,channel,0.00022500000000000002,3.6375000000000003e-06,2.25,36.375,0.09816904488480599,3.91975732266777e+17
interface_8x,T01_A_STAGE_2,1.0,0.01,channel,0.00022500000000000002,3.6750000000000004e-06,2.25,36.75000000000001,0.09631352231130312,3.648276727325546e+17
interface_8x,T01_A_STAGE_2,1.0,0.01,channel,0.00022500000000000002,3.7125000000000005e-06,2.25,37.12500000000001,0.09454829015958445,3.407478920153665e+17
interface_8x,T01_A_STAGE_2,1.0,0.01,channel,0.00022500000000000002,3.7500000000000005e-06,2.25,37.50000000000001,0.09286722102266931,3.1929525107042854e+17
interface_8x,T01_A_STAGE_2,1.0,0.01,channel,0.00022500000000000002,3.7875000000000006e-06,2.25,37.87500000000001,0.09126485600276195,3.001054702182223e+17
interface_8x,T01_A_STAGE_2,1.0,0.01,channel,0.00022500000000000002,3.825000000000001e-06,2.25,38.25000000000001,0.08973631201564611,2.8287560958136042e+17
interface_8x,T01_A_STAGE_2,1.0,0.01,channel,0.00022500000000000002,3.862500000000001e-06,2.25,38.62500000000001,0.08827720470377377,2.6735208711923075e+17
interface_8x,T01_A_STAGE_2,1.0,0.01,channel,0.00022500000000000002,3.9e-06,2.25,39.0,0.08688358390908431,2.5332134187712426e+17
interface_8x,T01_A_STAGE_2,1.0,0.01,channel,0.00022500000000000002,3.937500000000001e-06,2.25,39.37500000000001,0.08555187932969863,2.4060249554899776e+17
interface_8x,T01_A_STAGE_2,1.0,0.01,channel,0.00022500000000000002,3.975e-06,2.25,39.75,0.08427885449313013,2.2904153813790275e+17
interface_8x,T01_A_STAGE_2,1.0,0.01,channel,0.00022500000000000002,4.0125e-06,2.25,40.125,0.08306156756647853,2.1850668644552438e+17
interface_8x,T01_A_STAGE_2,1.0,0.01,channel,0.00022500000000000002,4.05e-06,2.25,40.5,0.08189733782251636,2.0888465264758067e+17
interface_8x,T01_A_STAGE_2,1.0,0.01,channel,0.00022500000000000002,4.0875e-06,2.25,40.875,0.08078371681215872,2.0007762462621277e+17
interface_8x,T01_A_STAGE_2,1.0,0.01,channel,0.00022500000000000002,4.125e-06,2.25,41.25,0.07971846347492373,1.92000807065436e+17
interface_8x,T01_A_STAGE_2,1.0,0.01,channel,0.00022500000000000002,4.1625e-06,2.25,41.62500000000001,0.07869952256168412,1.8458040742356304e+17
interface_8x,T01_A_STAGE_2,1.0,0.01,channel,0.00022500000000000002,4.2000000000000004e-06,2.25,42.00000000000001,0.07772500585721491,1.777519771637703e+17
interface_8x,T01_A_STAGE_2,1.0,0.01,channel,0.00022500000000000002,4.5e-06,2.25,45.0,0.07146559081852967,1.3952784784115384e+17
interface_8x,T01_A_STAGE_2,1.0,0.01,channel,0.00022500000000000002,4.8e-06,2.25,48.0,0.0673156164847085,1.1883500669207829e+17
interface_8x,T01_A_STAGE_2,1.0,0.01,channel,0.00022500000000000002,5.1e-06,2.25,51.0,0.06493808720404567,1.0839360510165685e+17
interface_8x,T01_A_STAGE_2,1.0,0.01,channel,0.00022500000000000002,5.4e-06,2.25,54.0,0.06416295832639643,1.0519184412701355e+17
interface_8x,T01_A_STAGE_2,1.0,0.01,channel,0.00025,3e-06,2.5,30.0,0.1583618807253223,3.998089208555076e+18
interface_8x,T01_A_STAGE_2,1.0,0.01,channel,0.00025,3.0375e-06,2.5,30.375,0.1517153667642356,3.0916901333460874e+18
interface_8x,T01_A_STAGE_2,1.0,0.01,channel,0.00025,3.075e-06,2.5,30.750000000000004,0.14585302811834236,2.464410243123759e+18
interface_8x,T01_A_STAGE_2,1.0,0.01,channel,0.00025,3.1125000000000003e-06,2.5,31.125000000000004,0.14061524542801201,2.0124362365138537e+18
interface_8x,T01_A_STAGE_2,1.0,0.01,channel,0.00025,3.1500000000000003e-06,2.5,31.500000000000004,0.13588700814910112,1.6760664715859796e+18
interface_8x,T01_A_STAGE_2,1.0,0.01,channel,0.00025,3.1875e-06,2.5,31.875,0.13158272270956345,1.4190000983681626e+18
interface_8x,T01_A_STAGE_2,1.0,0.01,channel,0.00025,3.225e-06,2.5,32.25,0.12763697529570064,1.2181388278052147e+18
interface_8x,T01_A_STAGE_2,1.0,0.01,channel,0.00025,3.2625e-06,2.5,32.625,0.12399865419823965,1.058219309926378e+18
interface_8x,T01_A_STAGE_2,1.0,0.01,channel,0.00025,3.3e-06,2.5,33.0,0.12062706585847689,9.288284104231917e+17
interface_8x,T01_A_STAGE_2,1.0,0.01,channel,0.00025,3.3375000000000002e-06,2.5,33.375,0.11748928511358997,8.226651393584333e+17
interface_8x,T01_A_STAGE_2,1.0,0.01,channel,0.00025,3.3750000000000003e-06,2.5,33.75,0.11455829736673327,7.344879367530341e+17
interface_8x,T01_A_STAGE_2,1.0,0.01,channel,0.00025,3.4125000000000004e-06,2.5,34.12500000000001,0.11181166480532366,6.604550588849733e+17
interface_8x,T01_A_STAGE_2,1.0,0.01,channel,0.00025,3.45e-06,2.5,34.5,0.10923054882040659,5.976988647720251e+17
interface_8x,T01_A_STAGE_2,1.0,0.01,channel,0.00025,3.4875e-06,2.5,34.875,0.10679898029887418,5.4404381536789504e+17
interface_8x,T01_A_STAGE_2,1.0,0.01,channel,0.00025,3.525e-06,2.5,35.25,0.10450330602983861,4.978153081260585e+17
interface_8x,T01_A_STAGE_2,1.0,0.01,channel,0.00025,3.5625e-06,2.5,35.625,0.10233176258067964,4.5770738839296544e+17
interface_8x,T01_A_STAGE_2,1.0,0.01,channel,0.00025,3.6000000000000003e-06,2.5,36.0,0.10027414398024505,4.226894923335854e+17
interface_8x,T01_A_STAGE_2,1.0,0.01,channel,0.00025,3.6375000000000003e-06,2.5,36.375,0.09832153947875345,3.919395953323226e+17
interface_8x,T01_A_STAGE_2,1.0,0.01,channel,0.00025,3.6750000000000004e-06,2.5,36.75000000000001,0.09646612437315828,3.647955550937311e+17
interface_8x,T01_A_STAGE_2,1.0,0.01,channel,0.00025,3.7125000000000005e-06,2.5,37.12500000000001,0.09470099151660487,3.407192029110837e+17
interface_8x,T01_A_STAGE_2,1.0,0.01,channel,0.00025,3.7500000000000005e-06,2.5,37.50000000000001,0.09302001437454689,3.192695042857704e+17
interface_8x,T01_A_STAGE_2,1.0,0.01,channel,0.00025,3.7875000000000006e-06,2.5,37.87500000000001,0.09141773479789929,3.000822626244076e+17
interface_8x,T01_A_STAGE_2,1.0,0.01,channel,0.00025,3.825000000000001e-06,2.5,38.25000000000001,0.08988927034857526,2.828546046436696e+17
interface_8x,T01_A_STAGE_2,1.0,0.01,channel,0.00025,3.862500000000001e-06,2.5,38.62500000000001,0.08843023722952072,2.673330021007798e+17
interface_8x,T01_A_STAGE_2,1.0,0.01,channel,0.00025,3.9e-06,2.5,39.0,0.08703668577122292,2.533039378213907e+17
interface_8x,T01_A_STAGE_2,1.0,0.01,channel,0.00025,3.937500000000001e-06,2.5,39.37500000000001,0.08570504609954518,2.4058656937226778e+17
interface_8x,T01_A_STAGE_2,1.0,0.01,channel,0.00025,3.975e-06,2.5,39.75,0.08443208211806603,2.2902691633859296e+17
interface_8x,T01_A_STAGE_2,1.0,0.01,channel,0.00025,4.0125e-06,2.5,40.125,0.08321485232580063,2.184932200632478e+17
interface_8x,T01_A_STAGE_2,1.0,0.01,channel,0.00025,4.05e-06,2.5,40.5,0.0820506762895321,2.0887221319600288e+17
interface_8x,T01_A_STAGE_2,1.0,0.01,channel,0.00025,4.0875e-06,2.5,40.875,0.08093710582149112,2.000661007904403e+17
interface_8x,T01_A_STAGE_2,1.0,0.01,channel,0.00025,4.125e-06,2.5,41.25,0.07987190009418595,1.9199010200393472e+17
interface_8x,T01_A_STAGE_2,1.0,0.01,channel,0.00025,4.1625e-06,2.5,41.62500000000001,0.07885300406683685,1.845704365513071e+17
interface_8x,T01_A_STAGE_2,1.0,0.01,channel,0.00025,4.2000000000000004e-06,2.5,42.00000000000001,0.07787852971104264,1.7774266632090272e+17
interface_8x,T01_A_STAGE_2,1.0,0.01,channel,0.00025,4.5e-06,2.5,45.0,0.07161936816830324,1.3952190731776002e+17
interface_8x,T01_A_STAGE_2,1.0,0.01,channel,0.00025,4.8e-06,2.5,48.0,0.06746955058534705,1.1883066769995506e+17
interface_8x,T01_A_STAGE_2,1.0,0.01,channel,0.00025,5.1e-06,2.5,51.0,0.06509210739239056,1.0839000829416395e+17
interface_8x,T01_A_STAGE_2,1.0,0.01,channel,0.00025,5.4e-06,2.5,54.0,0.06431700602622245,1.0518846550365747e+17
interface_8x,T01_A_STAGE_2,1.0,0.01,channel,0.00027499999999999996,3e-06,2.7499999999999996,30.0,0.1585081408979979,3.9967525823977027e+18
interface_8x,T01_A_STAGE_2,1.0,0.01,channel,0.00027499999999999996,3.0375e-06,2.7499999999999996,30.375,0.15186270008760122,3.0907848310225295e+18
interface_8x,T01_A_STAGE_2,1.0,0.01,channel,0.00027499999999999996,3.075e-06,2.7499999999999996,30.750000000000004,0.1460012042266882,2.4637689380938547e+18
interface_8x,T01_A_STAGE_2,1.0,0.01,channel,0.00027499999999999996,3.1125000000000003e-06,2.7499999999999996,31.125000000000004,0.14076410113310298,2.0119654369339356e+18
interface_8x,T01_A_STAGE_2,1.0,0.01,channel,0.00027499999999999996,3.1500000000000003e-06,2.7499999999999996,31.500000000000004,0.13603642364998605,1.6757106492861056e+18
interface_8x,T01_A_STAGE_2,1.0,0.01,channel,0.00027499999999999996,3.1875e-06,2.7499999999999996,31.875,0.13173260746272492,1.418724601974761e+18
interface_8x,T01_A_STAGE_2,1.0,0.01,channel,0.00027499999999999996,3.225e-06,2.7499999999999996,32.25,0.1277872591975715,1.2179211325436173e+18
interface_8x,T01_A_STAGE_2,1.0,0.01,channel,0.00027499999999999996,3.2625e-06,2.7499999999999996,32.625,0.1241492818534871,1.0580442627951035e+18
interface_8x,T01_A_STAGE_2,1.0,0.01,channel,0.00027499999999999996,3.3e-06,2.7499999999999996,33.0,0.12077799272412827,9.286855152266034e+17
interface_8x,T01_A_STAGE_2,1.0,0.01,channel,0.00027499999999999996,3.3375000000000002e-06,2.7499999999999996,33.375,0.117640474828142,8.225469399652928e+17
interface_8x,T01_A_STAGE_2,1.0,0.01,channel,0.00027499999999999996,3.3750000000000003e-06,2.7499999999999996,33.75,0.11470971985284444,7.343890189521069e+17
interface_8x,T01_A_STAGE_2,1.0,0.01,channel,0.00027499999999999996,3.4125000000000004e-06,2.7499999999999996,34.12500000000001,0.1119632948920993,6.603714145199555e+17
interface_8x,T01_A_STAGE_2,1.0,0.01,channel,0.00027499999999999996,3.45e-06,2.7499999999999996,34.5,0.10938236522347236,5.976274753706021e+17
interface_8x,T01_A_STAGE_2,1.0,0.01,channel,0.00027499999999999996,3.4875e-06,2.7499999999999996,34.875,0.10695096485228736,5.439823727858998e+17
interface_8x,T01_A_STAGE_2,1.0,0.01,channel,0.00027499999999999996,3.525e-06,2.7499999999999996,35.25,0.10465544309875141,4.977620230146764e+17
interface_8x,T01_A_STAGE_2,1.0,0.01,channel,0.00027499999999999996,3.5625e-06,2.7499999999999996,35.625,0.10248403860601657,4.576608563041544e+17
interface_8x,T01_A_STAGE_2,1.0,0.01,channel,0.00027499999999999996,3.6000000000000003e-06,2.7499999999999996,36.0,0.10042654712132328,4.226485984649961e+17
interface_8x,T01_A_STAGE_2,1.0,0.01,channel,0.00027499999999999996,3.6375000000000003e-06,2.7499999999999996,36.375,0.09847405932960711,3.919034456768895e+17
interface_8x,T01_A_STAGE_2,1.0,0.01,channel,0.00027499999999999996,3.6750000000000004e-06,2.7499999999999996,36.75000000000001,0.09661875173504694,3.6476342595005843e+17
interface_8x,T01_A_STAGE_2,1.0,0.01,channel,0.00027499999999999996,3.7125000000000005e-06,2.7499999999999996,37.12500000000001,0.09485371821385859,3.406905033655867e+17
interface_8x,T01_A_STAGE_2,1.0,0.01,channel,0.00027499999999999996,3.7500000000000005e-06,2.7499999999999996,37.50000000000001,0.09317283310420064,3.192437479935101e+17
interface_8x,T01_A_STAGE_2,1.0,0.01,channel,0.00027499999999999996,3.7875000000000006e-06,2.7499999999999996,37.87500000000001,0.09157063900593636,3.000590463453298e+17
interface_8x,T01_A_STAGE_2,1.0,0.01,channel,0.00027499999999999996,3.825000000000001e-06,2.7499999999999996,38.25000000000001,0.09004225412731763,2.828335917474712e+17
interface_8x,T01_A_STAGE_2,1.0,0.01,channel,0.00027499999999999996,3.862500000000001e-06,2.7499999999999996,38.62500000000001,0.08858329523196921,2.6731390976816534e+17
interface_8x,T01_A_STAGE_2,1.0,0.01,channel,0.00027499999999999996,3.9e-06,2.7499999999999996,39.0,0.08718981313909024,2.5328652702452243e+17
interface_8x,T01_A_STAGE_2,1.0,0.01,channel,0.00027499999999999996,3.937500000000001e-06,2.7499999999999996,39.37500000000001,0.08585823840243222,2.4057063696549728e+17
interface_8x,T01_A_STAGE_2,1.0,0.01,channel,0.00027499999999999996,3.975e-06,2.7499999999999996,39.75,0.08458533530176889,2.2901228876636058e+17
interface_8x,T01_A_STAGE_2,1.0,0.01,channel,0.00027499999999999996,4.0125e-06,2.7499999999999996,40.125,0.08336816266814714,2.1847974831796595e+17
interface_8x,T01_A_STAGE_2,1.0,0.01,channel,0.00027499999999999996,4.05e-06,2.7499999999999996,40.5,0.08220404036246504,2.0885976874992515e+17
interface_8x,T01_A_STAGE_2,1.0,0.01,channel,0.00027499999999999996,4.0875e-06,2.7499999999999996,40.875,0.08109052045836262,2.000545722922235e+17
interface_8x,T01_A_STAGE_2,1.0,0.01,channel,0.00027499999999999996,4.125e-06,2.7499999999999996,41.25,0.08002536236142273,1.9197939257986304e+17
interface_8x,T01_A_STAGE_2,1.0,0.01,channel,0.00027499999999999996,4.1625e-06,2.7499999999999996,41.62500000000001,0.07900651123928949,1.8456046158785504e+17
interface_8x,T01_A_STAGE_2,1.0,0.01,channel,0.00027499999999999996,4.2000000000000004e-06,2.7499999999999996,42.00000000000001,0.07803207925045458,1.7773335163290077e+17
interface_8x,T01_A_STAGE_2,1.0,0.01,channel,0.00027499999999999996,4.5e-06,2.7499999999999996,45.0,0.07177317131471138,1.3951596424542734e+17
interface_8x,T01_A_STAGE_2,1.0,0.01,channel,0.00027499999999999996,4.8e-06,2.7499999999999996,48.0,0.06762351055215948,1.1882632679953392e+17
interface_8x,T01_A_STAGE_2,1.0,0.01,channel,0.00027499999999999996,5.1e-06,2.7499999999999996,51.0,0.06524615348537087,1.0838640988212939e+17
interface_8x,T01_A_STAGE_2,1.0,0.01,channel,0.00027499999999999996,5.4e-06,2.7499999999999996,54.0,0.06447107964301448,1.051850853660116e+17
interface_8x,T01_A_STAGE_2,1.0,0.01,channel,0.00030000000000000003,3e-06,3.0000000000000004,30.0,0.15865442456108073,3.9954159643950136e+18
interface_8x,T01_A_STAGE_2,1.0,0.01,channel,0.00030000000000000003,3.0375e-06,3.0000000000000004,30.375,0.15201005710208015,3.089879478504259e+18
interface_8x,T01_A_STAGE_2,1.0,0.01,channel,0.00030000000000000003,3.075e-06,3.0000000000000004,30.750000000000004,0.14614940421408065,2.4631275665231836e+18
interface_8x,T01_A_STAGE_2,1.0,0.01,channel,0.00030000000000000003,3.1125000000000003e-06,3.0000000000000004,31.125000000000004,0.1409129808882417,2.0114945701754683e+18
interface_8x,T01_A_STAGE_2,1.0,0.01,channel,0.00030000000000000003,3.1500000000000003e-06,3.0000000000000004,31.500000000000004,0.13618586335482546,1.6753547648119427e+18
interface_8x,T01_A_STAGE_2,1.0,0.01,channel,0.00030000000000000003,3.1875e-06,3.0000000000000004,31.875,0.13188251655792657,1.4184490500486566e+18
interface_8x,T01_A_STAGE_2,1.0,0.01,channel,0.00030000000000000003,3.225e-06,3.0000000000000004,32.25,0.12793756756543723,1.217703388434422e+18
interface_8x,T01_A_STAGE_2,1.0,0.01,channel,0.00030000000000000003,3.2625e-06,3.0000000000000004,32.625,0.12429993408625423,1.0578691729491921e+18
interface_8x,T01_A_STAGE_2,1.0,0.01,channel,0.00030000000000000003,3.3e-06,3.0000000000000004,33.0,0.12092894426795484,9.285425827204596e+17
interface_8x,T01_A_STAGE_2,1.0,0.01,channel,0.00030000000000000003,3.3375000000000002e-06,3.0000000000000004,33.375,0.1177916893120308,8.224287079378246e+17
interface_8x,T01_A_STAGE_2,1.0,0.01,channel,0.00030000000000000003,3.3750000000000003e-06,3.0000000000000004,33.75,0.1148611671911498,7.342900725268123e+17
interface_8x,T01_A_STAGE_2,1.0,0.01,channel,0.00030000000000000003,3.4125000000000004e-06,3.0000000000000004,34.12500000000001,0.1121149499066427,6.602877449596026e+17
interface_8x,T01_A_STAGE_2,1.0,0.01,channel,0.00030000000000000003,3.45e-06,3.0000000000000004,34.5,0.10953420662346819,5.97556063706157e+17
interface_8x,T01_A_STAGE_2,1.0,0.01,channel,0.00030000000000000003,3.4875e-06,3.0000000000000004,34.875,0.10710297446612776,5.4392091045281734e+17
interface_8x,T01_A_STAGE_2,1.0,0.01,channel,0.00030000000000000003,3.525e-06,3.0000000000000004,35.25,0.10480760528656269,4.9770872030994016e+17
interface_8x,T01_A_STAGE_2,1.0,0.01,channel,0.00030000000000000003,3.5625e-06,3.0000000000000004,35.625,0.1026363398042464,4.576143084815942e+17
interface_8x,T01_A_STAGE_2,1.0,0.01,channel,0.00030000000000000003,3.6000000000000003e-06,3.0000000000000004,36.0,0.10057897548528516,4.226076904710925e+17
interface_8x,T01_A_STAGE_2,1.0,0.01,channel,0.00030000000000000003,3.6375000000000003e-06,3.0000000000000004,36.375,0.09862660444974079,3.9186728329250944e+17
interface_8x,T01_A_STAGE_2,1.0,0.01,channel,0.00030000000000000003,3.6750000000000004e-06,3.0000000000000004,36.75000000000001,0.09677140440937299,3.6473128529423334e+17
interface_8x,T01_A_STAGE_2,1.0,0.01,channel,0.00030000000000000003,3.7125000000000005e-06,3.0000000000000004,37.12500000000001,0.09500647026377762,3.406617933721659e+17
interface_8x,T01_A_STAGE_2,1.0,0.01,channel,0.00030000000000000003,3.7500000000000005e-06,3.0000000000000004,37.50000000000001,0.09332567722408905,3.1921798218746925e+17
interface_8x,T01_A_STAGE_2,1.0,0.01,channel,0.00030000000000000003,3.7875000000000006e-06,3.0000000000000004,37.87500000000001,0.09172356863935649,3.000358213752864e+17
interface_8x,T01_A_STAGE_2,1.0,0.01,channel,0.00030000000000000003,3.825000000000001e-06,3.0000000000000004,38.25000000000001,0.09019526336437995,2.8281257088748992e+17
interface_8x,T01_A_STAGE_2,1.0,0.01,channel,0.00030000000000000003,3.862500000000001e-06,3.0000000000000004,38.62500000000001,0.08873637872364808,2.6729481011649606e+17
interface_8x,T01_A_STAGE_2,1.0,0.01,channel,0.00030000000000000003,3.9e-06,3.0000000000000004,39.0,0.08734296602523592,2.5326910948197408e+17
interface_8x,T01_A_STAGE_2,1.0,0.01,channel,0.00030000000000000003,3.937500000000001e-06,3.0000000000000004,39.37500000000001,0.08601145625092908,2.4055469832445296e+17
interface_8x,T01_A_STAGE_2,1.0,0.01,channel,0.00030000000000000003,3.975e-06,3.0000000000000004,39.75,0.08473861405682662,2.289976554172546e+17
interface_8x,T01_A_STAGE_2,1.0,0.01,channel,0.00030000000000000003,4.0125e-06,3.0000000000000004,40.125,0.08352149860612362,2.184662712059835e+17
interface_8x,T01_A_STAGE_2,1.0,0.01,channel,0.00030000000000000003,4.05e-06,3.0000000000000004,40.5,0.08235743005393739,2.088473193058842e+17
interface_8x,T01_A_STAGE_2,1.0,0.01,channel,0.00030000000000000003,4.0875e-06,3.0000000000000004,40.875,0.08124396073541117,2.0004303912831008e+17
interface_8x,T01_A_STAGE_2,1.0,0.01,channel,0.00030000000000000003,4.125e-06,3.0000000000000004,41.25,0.08017885028928695,1.9196867879016048e+17
interface_8x,T01_A_STAGE_2,1.0,0.01,channel,0.00030000000000000003,4.1625e-06,3.0000000000000004,41.62500000000001,0.07916004409170908,1.845504825303215e+17
interface_8x,T01_A_STAGE_2,1.0,0.01,channel,0.00030000000000000003,4.2000000000000004e-06,3.0000000000000004,42.00000000000001,0.07818565448813118,1.777240330970389e+17
interface_8x,T01_A_STAGE_2,1.0,0.01,channel,0.00030000000000000003,4.5e-06,3.0000000000000004,45.0,0.07192700027051703,1.3951001862229397e+17
interface_8x,T01_A_STAGE_2,1.0,0.01,channel,0.00030000000000000003,4.8e-06,3.0000000000000004,48.0,0.0677774963979609,1.1882198398939374e+17
interface_8x,T01_A_STAGE_2,1.0,0.01,channel,0.00030000000000000003,5.1e-06,3.0000000000000004,51.0,0.06540022549583067,1.083828098643449e+17
interface_8x,T01_A_STAGE_2,1.0,0.01,channel,0.00030000000000000003,5.4e-06,3.0000000000000004,54.0,0.06462517918962588,1.0518170371293141e+17
interface_8x,T01_A_STAGE_2,1.0,0.01,channel,0.00032500000000000004,3e-06,3.2500000000000004,30.0,0.15880073172591572,3.99407935455373e+18
interface_8x,T01_A_STAGE_2,1.0,0.01,channel,0.00032500000000000004,3.0375e-06,3.2500000000000004,30.375,0.15215743781911448,3.0889740757826755e+18
interface_8x,T01_A_STAGE_2,1.0,0.01,channel,0.00032500000000000004,3.075e-06,3.2500000000000004,30.750000000000004,0.14629762809205693,2.4624861283938284e+18
interface_8x,T01_A_STAGE_2,1.0,0.01,channel,0.00032500000000000004,3.1125000000000003e-06,3.2500000000000004,31.125000000000004,0.14106188470505596,2.0110236362161807e+18
interface_8x,T01_A_STAGE_2,1.0,0.01,channel,0.00032500000000000004,3.1500000000000003e-06,3.2500000000000004,31.500000000000004,0.136335327275332,1.674998818139913e+18
interface_8x,T01_A_STAGE_2,1.0,0.01,channel,0.00032500000000000004,3.1875e-06,3.2500000000000004,31.875,0.1320324500069599,1.418173442566642e+18
interface_8x,T01_A_STAGE_2,1.0,0.01,channel,0.00032500000000000004,3.225e-06,3.2500000000000004,32.25,0.12808790041116228,1.217485595455635e+18
interface_8x,T01_A_STAGE_2,1.0,0.01,channel,0.00032500000000000004,3.2625e-06,3.2500000000000004,32.625,0.12445061090847284,1.0576940403682351e+18
interface_8x,T01_A_STAGE_2,1.0,0.01,channel,0.00032500000000000004,3.3e-06,3.2500000000000004,33.0,0.12107992050195056,9.283996128860475e+17
interface_8x,T01_A_STAGE_2,1.0,0.01,channel,0.00032500000000000004,3.3375000000000002e-06,3.2500000000000004,33.375,0.1179429285773078,8.223104432589829e+17
interface_8x,T01_A_STAGE_2,1.0,0.01,channel,0.00032500000000000004,3.3750000000000003e-06,3.2500000000000004,33.75,0.11501263939375383,7.341910974616745e+17
interface_8x,T01_A_STAGE_2,1.0,0.01,channel,0.00032500000000000004,3.4125000000000004e-06,3.2500000000000004,34.12500000000001,0.11226662986110746,6.602040501898817e+17
interface_8x,T01_A_STAGE_2,1.0,0.01,channel,0.00032500000000000004,3.45e-06,3.2500000000000004,34.5,0.1096860730325932,5.974846297659658e+17
interface_8x,T01_A_STAGE_2,1.0,0.01,channel,0.00032500000000000004,3.4875e-06,3.2500000000000004,34.875,0.10725500915263687,5.4385942835709926e+17
interface_8x,T01_A_STAGE_2,1.0,0.01,channel,0.00032500000000000004,3.525e-06,3.2500000000000004,35.25,0.10495979260555333,4.976554000013532e+17
interface_8x,T01_A_STAGE_2,1.0,0.01,channel,0.00032500000000000004,3.5625e-06,3.2500000000000004,35.625,0.10278866618768671,4.5756774491572666e+17
interface_8x,T01_A_STAGE_2,1.0,0.01,channel,0.00032500000000000004,3.6000000000000003e-06,3.2500000000000004,36.0,0.10073142908448256,4.225667683431533e+17
interface_8x,T01_A_STAGE_2,1.0,0.01,channel,0.00032500000000000004,3.6375000000000003e-06,3.2500000000000004,36.375,0.09877917485153846,3.9183110817120704e+17
interface_8x,T01_A_STAGE_2,1.0,0.01,channel,0.00032500000000000004,3.6750000000000004e-06,3.2500000000000004,36.75000000000001,0.0969240824085504,3.646991331189458e+17
interface_8x,T01_A_STAGE_2,1.0,0.01,channel,0.00032500000000000004,3.7125000000000005e-06,3.2500000000000004,37.12500000000001,0.09515924767880413,3.4063307292410554e+17
interface_8x,T01_A_STAGE_2,1.0,0.01,channel,0.00032500000000000004,3.7500000000000005e-06,3.2500000000000004,37.50000000000001,0.09347854674668071,3.191922068614637e+17
interface_8x,T01_A_STAGE_2,1.0,0.01,channel,0.00032500000000000004,3.7875000000000006e-06,3.2500000000000004,37.87500000000001,0.0918765237106532,3.000125877085693e+17
interface_8x,T01_A_STAGE_2,1.0,0.01,channel,0.00032500000000000004,3.825000000000001e-06,3.2500000000000004,38.25000000000001,0.09034829807227919,2.82791542058445e+17
interface_8x,T01_A_STAGE_2,1.0,0.01,channel,0.00032500000000000004,3.862500000000001e-06,3.2500000000000004,38.62500000000001,0.08888948771709636,2.672757031408756e+17
interface_8x,T01_A_STAGE_2,1.0,0.01,channel,0.00032500000000000004,3.9e-06,3.2500000000000004,39.0,0.08749614444221984,2.5325168518919552e+17
interface_8x,T01_A_STAGE_2,1.0,0.01,channel,0.00032500000000000004,3.937500000000001e-06,3.2500000000000004,39.37500000000001,0.08616469965761533,2.4053875344489734e+17
interface_8x,T01_A_STAGE_2,1.0,0.01,channel,0.00032500000000000004,3.975e-06,3.2500000000000004,39.75,0.08489191839583743,2.2898301628732e+17
interface_8x,T01_A_STAGE_2,1.0,0.01,channel,0.00032500000000000004,4.0125e-06,3.2500000000000004,40.125,0.08367486015234586,2.1845278872360138e+17
interface_8x,T01_A_STAGE_2,1.0,0.01,channel,0.00032500000000000004,4.05e-06,3.2500000000000004,40.5,0.0825108453765816,2.0883486486041328e+17
interface_8x,T01_A_STAGE_2,1.0,0.01,channel,0.00032500000000000004,4.0875e-06,3.2500000000000004,40.875,0.08139742666528502,2.0003150129544438e+17
interface_8x,T01_A_STAGE_2,1.0,0.01,channel,0.00032500000000000004,4.125e-06,3.2500000000000004,41.25,0.08033236389044184,1.9195796063176365e+17
interface_8x,T01_A_STAGE_2,1.0,0.01,channel,0.00032500000000000004,4.1625e-06,3.2500000000000004,41.62500000000001,0.07931360263677303,1.8454049937581827e+17
interface_8x,T01_A_STAGE_2,1.0,0.01,channel,0.00032500000000000004,4.2000000000000004e-06,3.2500000000000004,42.00000000000001,0.0783392554367633,1.777147107105889e+17
interface_8x,T01_A_STAGE_2,1.0,0.01,channel,0.00032500000000000004,4.5e-06,3.2500000000000004,45.0,0.07208085504849358,1.3950407044649614e+17
interface_8x,T01_A_STAGE_2,1.0,0.01,channel,0.00032500000000000004,4.8e-06,3.2500000000000004,48.0,0.06793150813557688,1.1881763926811186e+17
interface_8x,T01_A_STAGE_2,1.0,0.01,channel,0.00032500000000000004,5.1e-06,3.2500000000000004,51.0,0.06555432343662458,1.0837920823960083e+17
interface_8x,T01_A_STAGE_2,1.0,0.01,channel,0.00032500000000000004,5.4e-06,3.2500000000000004,54.0,0.06477930467892062,1.0517832054327114e+17
interface_8x,T01_A_STAGE_2,1.0,0.01,channel,0.00035,3e-06,3.5,30.0,0.15894706240385678,3.9927427528805724e+18
interface_8x,T01_A_STAGE_2,1.0,0.01,channel,0.00035,3.0375e-06,3.5,30.375,0.1523048422501555,3.0880686228491674e+18
interface_8x,T01_A_STAGE_2,1.0,0.01,channel,0.00035,3.075e-06,3.5,30.750000000000004,0.1464458758721635,2.4618446236878587e+18
interface_8x,T01_A_STAGE_2,1.0,0.01,channel,0.00035,3.1125000000000003e-06,3.5,31.125000000000004,0.14121081259518278,2.0105526350337882e+18
interface_8x,T01_A_STAGE_2,1.0,0.01,channel,0.00035,3.1500000000000003e-06,3.5,31.500000000000004,0.13648481542322768,1.674642809246422e+18
interface_8x,T01_A_STAGE_2,1.0,0.01,channel,0.00035,3.1875e-06,3.5,31.875,0.13218240782162588,1.4178977795054907e+18
interface_8x,T01_A_STAGE_2,1.0,0.01,channel,0.00035,3.225e-06,3.5,32.25,0.12823825774662065,1.217267753585245e+18
interface_8x,T01_A_STAGE_2,1.0,0.01,channel,0.00035,3.2625e-06,3.5,32.625,0.12460131233208435,1.0575188650318081e+18
interface_8x,T01_A_STAGE_2,1.0,0.01,channel,0.00035,3.3e-06,3.5,33.0,0.12123092143811909,9.282566057046382e+17
interface_8x,T01_A_STAGE_2,1.0,0.01,channel,0.00035,3.3375000000000002e-06,3.5,33.375,0.1180941926360341,8.221921459117073e+17
interface_8x,T01_A_STAGE_2,1.0,0.01,channel,0.00035,3.3750000000000003e-06,3.5,33.75,0.11516413647277074,7.340920937412042e+17
interface_8x,T01_A_STAGE_2,1.0,0.01,channel,0.00035,3.4125000000000004e-06,3.5,34.12500000000001,0.11241833476765697,6.601203301967487e+17
interface_8x,T01_A_STAGE_2,1.0,0.01,channel,0.00035,3.45e-06,3.5,34.5,0.10983796446305645,5.974131735372928e+17
interface_8x,T01_A_STAGE_2,1.0,0.01,channel,0.00035,3.4875e-06,3.5,34.875,0.10740706892406608,5.43797926487187e+17
interface_8x,T01_A_STAGE_2,1.0,0.01,channel,0.00035,3.525e-06,3.5,35.25,0.10511200506801414,4.9760206207840954e+17
interface_8x,T01_A_STAGE_2,1.0,0.01,channel,0.00035,3.5625e-06,3.5,35.625,0.10294101776866509,4.575211655969855e+17
interface_8x,T01_A_STAGE_2,1.0,0.01,channel,0.00035,3.6000000000000003e-06,3.5,36.0,0.10088390793127738,4.2252583207244915e+17
interface_8x,T01_A_STAGE_2,1.0,0.01,channel,0.00035,3.6375000000000003e-06,3.5,36.375,0.09893177054739409,3.9179492030499955e+17
interface_8x,T01_A_STAGE_2,1.0,0.01,channel,0.00035,3.6750000000000004e-06,3.5,36.75000000000001,0.09707678574500322,3.64666969416879e+17
interface_8x,T01_A_STAGE_2,1.0,0.01,channel,0.00035,3.7125000000000005e-06,3.5,37.12500000000001,0.09531205047139035,3.406043420146837e+17
interface_8x,T01_A_STAGE_2,1.0,0.01,channel,0.00035,3.7500000000000005e-06,3.5,37.50000000000001,0.09363144168445439,3.191664220093034e+17
interface_8x,T01_A_STAGE_2,1.0,0.01,channel,0.00035,3.7875000000000006e-06,3.5,37.87500000000001,0.09202950423233017,2.9998934533946515e+17
interface_8x,T01_A_STAGE_2,1.0,0.01,channel,0.00035,3.825000000000001e-06,3.5,38.25000000000001,0.0905013582635425,2.8277050525505094e+17
interface_8x,T01_A_STAGE_2,1.0,0.01,channel,0.00035,3.862500000000001e-06,3.5,38.62500000000001,0.08904262222486332,2.6725658883640314e+17
interface_8x,T01_A_STAGE_2,1.0,0.01,channel,0.00035,3.9e-06,3.5,39.0,0.08764934840261217,2.532342541416325e+17
interface_8x,T01_A_STAGE_2,1.0,0.01,channel,0.00035,3.937500000000001e-06,3.5,39.37500000000001,0.08631796863508084,2.4052280232258886e+17
interface_8x,T01_A_STAGE_2,1.0,0.01,channel,0.00035,3.975e-06,3.5,39.75,0.08504524833140983,2.2896837137259808e+17
interface_8x,T01_A_STAGE_2,1.0,0.01,channel,0.00035,4.0125e-06,3.5,40.125,0.08382824731943998,2.1843930086711702e+17
interface_8x,T01_A_STAGE_2,1.0,0.01,channel,0.00035,4.05e-06,3.5,40.5,0.0826642863430405,2.0882240541004214e+17
interface_8x,T01_A_STAGE_2,1.0,0.01,channel,0.00035,4.0875e-06,3.5,40.875,0.08155091826064279,2.0001995879036742e+17
interface_8x,T01_A_STAGE_2,1.0,0.01,channel,0.00035,4.125e-06,3.5,41.25,0.08048590317756098,1.9194723810160595e+17
interface_8x,T01_A_STAGE_2,1.0,0.01,channel,0.00035,4.1625e-06,3.5,41.62500000000001,0.07946718688716911,1.8453051212145408e+17
interface_8x,T01_A_STAGE_2,1.0,0.01,channel,0.00035,4.2000000000000004e-06,3.5,42.00000000000001,0.0784928821090522,1.7770538447081962e+17
interface_8x,T01_A_STAGE_2,1.0,0.01,channel,0.00035,4.5e-06,3.5,45.0,0.07223473566142491,1.3949811971616802e+17
interface_8x,T01_A_STAGE_2,1.0,0.01,channel,0.00035,4.8e-06,3.5,48.0,0.06808554577784356,1.1881329263426403e+17
interface_8x,T01_A_STAGE_2,1.0,0.01,channel,0.00035,5.1e-06,3.5,51.0,0.06570844732061781,1.0837560500668626e+17
interface_8x,T01_A_STAGE_2,1.0,0.01,channel,0.00035,5.4e-06,3.5,54.0,0.06493345612377323,1.0517493585588374e+17
interface_8x,T01_A_STAGE_2,1.0,0.01,channel,0.000375,3e-06,3.75,30.0,0.15909341660626708,3.991406159382275e+18
interface_8x,T01_A_STAGE_2,1.0,0.01,channel,0.000375,3.0375e-06,3.75,30.375,0.15245227040666387,3.087163119695129e+18
interface_8x,T01_A_STAGE_2,1.0,0.01,channel,0.000375,3.075e-06,3.75,30.750000000000004,0.1465941475659562,2.46120305238734e+18
interface_8x,T01_A_STAGE_2,1.0,0.01,channel,0.000375,3.1125000000000003e-06,3.75,31.125000000000004,0.14135976457026878,2.0100815666059945e+18
interface_8x,T01_A_STAGE_2,1.0,0.01,channel,0.000375,3.1500000000000003e-06,3.75,31.500000000000004,0.13663432781024404,1.674286738107864e+18
interface_8x,T01_A_STAGE_2,1.0,0.01,channel,0.000375,3.1875e-06,3.75,31.875,0.13233239001373504,1.4176220608419653e+18
interface_8x,T01_A_STAGE_2,1.0,0.01,channel,0.000375,3.225e-06,3.75,32.25,0.12838863958369598,1.2170498628012293e+18
interface_8x,T01_A_STAGE_2,1.0,0.01,channel,0.000375,3.2625e-06,3.75,32.625,0.12475203836903989,1.057343646919474e+18
interface_8x,T01_A_STAGE_2,1.0,0.01,channel,0.000375,3.3e-06,3.75,33.0,0.12138194708847384,9.281135611574917e+17
interface_8x,T01_A_STAGE_2,1.0,0.01,channel,0.000375,3.3375000000000002e-06,3.75,33.375,0.11824548150028064,8.220738158789257e+17
interface_8x,T01_A_STAGE_2,1.0,0.01,channel,0.000375,3.3750000000000003e-06,3.75,33.75,0.11531565844032465,7.339930613499016e+17
interface_8x,T01_A_STAGE_2,1.0,0.01,channel,0.000375,3.4125000000000004e-06,3.75,34.12500000000001,0.1125700646384646,6.600365849661481e+17
interface_8x,T01_A_STAGE_2,1.0,0.01,channel,0.000375,3.45e-06,3.75,34.5,0.10998988092707693,5.97341695007393e+17
interface_8x,T01_A_STAGE_2,1.0,0.01,channel,0.000375,3.4875e-06,3.75,34.875,0.1075591537926768,5.437364048315126e+17
interface_8x,T01_A_STAGE_2,1.0,0.01,channel,0.000375,3.525e-06,3.75,35.25,0.10526424268624598,4.975487065305946e+17
interface_8x,T01_A_STAGE_2,1.0,0.01,channel,0.000375,3.5625e-06,3.75,35.625,0.10309339455951916,4.57474570515796e+17
interface_8x,T01_A_STAGE_2,1.0,0.01,channel,0.000375,3.6000000000000003e-06,3.75,36.0,0.10103641203804162,4.2248488165024365e+17
interface_8x,T01_A_STAGE_2,1.0,0.01,channel,0.000375,3.6375000000000003e-06,3.75,36.375,0.09908439154971181,3.917587196858976e+17
interface_8x,T01_A_STAGE_2,1.0,0.01,channel,0.000375,3.6750000000000004e-06,3.75,36.75000000000001,0.09722951443116569,3.646347941807099e+17
interface_8x,T01_A_STAGE_2,1.0,0.01,channel,0.000375,3.7125000000000005e-06,3.75,37.12500000000001,0.09546487865399877,3.405756006371726e+17
interface_8x,T01_A_STAGE_2,1.0,0.01,channel,0.000375,3.7500000000000005e-06,3.75,37.50000000000001,0.09378436204989907,3.19140627624793e+17
interface_8x,T01_A_STAGE_2,1.0,0.01,channel,0.000375,3.7875000000000006e-06,3.75,37.87500000000001,0.09218251021690131,2.999660942622556e+17
interface_8x,T01_A_STAGE_2,1.0,0.01,channel,0.000375,3.825000000000001e-06,3.75,38.25000000000001,0.09065444395070725,2.827494604720175e+17
interface_8x,T01_A_STAGE_2,1.0,0.01,channel,0.000375,3.862500000000001e-06,3.75,38.62500000000001,0.08919578225950853,2.672374671981733e+17
interface_8x,T01_A_STAGE_2,1.0,0.01,channel,0.000375,3.9e-06,3.75,39.0,0.08780257791899332,2.532168163347265e+17
interface_8x,T01_A_STAGE_2,1.0,0.01,channel,0.000375,3.937500000000001e-06,3.75,39.37500000000001,0.0864712631959258,2.4050684495328192e+17
interface_8x,T01_A_STAGE_2,1.0,0.01,channel,0.000375,3.975e-06,3.75,39.75,0.08519860387616264,2.289537206691263e+17
interface_8x,T01_A_STAGE_2,1.0,0.01,channel,0.000375,4.0125e-06,3.75,40.125,0.08398166012004246,2.1842580763282435e+17
interface_8x,T01_A_STAGE_2,1.0,0.01,channel,0.000375,4.05e-06,3.75,40.5,0.08281775296596726,2.0880994095129744e+17
interface_8x,T01_A_STAGE_2,1.0,0.01,channel,0.000375,4.0875e-06,3.75,40.875,0.08170443553415346,2.0000841160981728e+17
interface_8x,T01_A_STAGE_2,1.0,0.01,channel,0.000375,4.125e-06,3.75,41.25,0.08063946816332836,1.919365111966179e+17
interface_8x,T01_A_STAGE_2,1.0,0.01,channel,0.000375,4.1625e-06,3.75,41.62500000000001,0.07962079685559552,1.8452052076433504e+17
interface_8x,T01_A_STAGE_2,1.0,0.01,channel,0.000375,4.2000000000000004e-06,3.75,42.00000000000001,0.07864653451770949,1.7769605437499744e+17
interface_8x,T01_A_STAGE_2,1.0,0.01,channel,0.000375,4.5e-06,3.75,45.0,0.0723886421221054,1.3949216642944211e+17
interface_8x,T01_A_STAGE_2,1.0,0.01,channel,0.000375,4.8e-06,3.75,48.0,0.06823960933760764,1.1880894408642467e+17
interface_8x,T01_A_STAGE_2,1.0,0.01,channel,0.000375,5.1e-06,3.75,51.0,0.06586259716068613,1.0837200016438906e+17
interface_8x,T01_A_STAGE_2,1.0,0.01,channel,0.000375,5.4e-06,3.75,54.0,0.06508763353706883,1.0517154964962109e+17
interface_8x,T01_A_STAGE_2,1.0,0.01,channel,0.0004,3e-06,4.0,30.0,0.15923979434451885,3.990069574065569e+18
interface_8x,T01_A_STAGE_2,1.0,0.01,channel,0.0004,3.0375e-06,4.0,30.375,0.15259972230010932,3.0862575663119457e+18
interface_8x,T01_A_STAGE_2,1.0,0.01,channel,0.0004,3.075e-06,4.0,30.750000000000004,0.14674244318500018,2.460561414474325e+18
interface_8x,T01_A_STAGE_2,1.0,0.01,channel,0.0004,3.1125000000000003e-06,4.0,31.125000000000004,0.1415087406419698,2.0096104309104904e+18
interface_8x,T01_A_STAGE_2,1.0,0.01,channel,0.0004,3.1500000000000003e-06,4.0,31.500000000000004,0.13678386444812207,1.6739306047006164e+18
interface_8x,T01_A_STAGE_2,1.0,0.01,channel,0.0004,3.1875e-06,4.0,31.875,0.1324823965951074,1.4173462865528087e+18
interface_8x,T01_A_STAGE_2,1.0,0.01,channel,0.0004,3.225e-06,4.0,32.25,0.12853904593428145,1.2168319230815455e+18
interface_8x,T01_A_STAGE_2,1.0,0.01,channel,0.0004,3.2625e-06,4.0,32.625,0.1249027890313002,1.0571683860107782e+18
interface_8x,T01_A_STAGE_2,1.0,0.01,channel,0.0004,3.3e-06,4.0,33.0,0.12153299746503791,9.279704792258511e+17
interface_8x,T01_A_STAGE_2,1.0,0.01,channel,0.0004,3.3375000000000002e-06,4.0,33.375,0.11839679518212806,8.21955453143551e+17
interface_8x,T01_A_STAGE_2,1.0,0.01,channel,0.0004,3.3750000000000003e-06,4.0,33.75,0.11546720530854947,7.338940002722518e+17
interface_8x,T01_A_STAGE_2,1.0,0.01,channel,0.0004,3.4125000000000004e-06,4.0,34.12500000000001,0.1127218194857135,6.599528144840115e+17
interface_8x,T01_A_STAGE_2,1.0,0.01,channel,0.0004,3.45e-06,4.0,34.5,0.11014182243688347,5.972701941635087e+17
interface_8x,T01_A_STAGE_2,1.0,0.01,channel,0.0004,3.4875e-06,4.0,34.875,0.10771126377074032,5.436748633784972e+17
interface_8x,T01_A_STAGE_2,1.0,0.01,channel,0.0004,3.525e-06,4.0,35.25,0.1054165054725597,4.97495333347384e+17
interface_8x,T01_A_STAGE_2,1.0,0.01,channel,0.0004,3.5625e-06,4.0,35.625,0.10324579657259657,4.574279596625742e+17
interface_8x,T01_A_STAGE_2,1.0,0.01,channel,0.0004,3.6000000000000003e-06,4.0,36.0,0.10118894141715729,4.2244391706779155e+17
interface_8x,T01_A_STAGE_2,1.0,0.01,channel,0.0004,3.6375000000000003e-06,4.0,36.375,0.09923703787090583,3.917225063059035e+17
interface_8x,T01_A_STAGE_2,1.0,0.01,channel,0.0004,3.6750000000000004e-06,4.0,36.75000000000001,0.09738226847948211,3.646026074031082e+17
interface_8x,T01_A_STAGE_2,1.0,0.01,channel,0.0004,3.7125000000000005e-06,4.0,37.12500000000001,0.09561773223910196,3.4054684878483757e+17
interface_8x,T01_A_STAGE_2,1.0,0.01,channel,0.0004,3.7500000000000005e-06,4.0,37.50000000000001,0.09393730785551385,3.191148237017308e+17
interface_8x,T01_A_STAGE_2,1.0,0.01,channel,0.0004,3.7875000000000006e-06,4.0,37.87500000000001,0.0923355416768907,2.9994283447121645e+17
interface_8x,T01_A_STAGE_2,1.0,0.01,channel,0.0004,3.825000000000001e-06,4.0,38.25000000000001,0.09080755514632108,2.82728407704049e+17
interface_8x,T01_A_STAGE_2,1.0,0.01,channel,0.0004,3.862500000000001e-06,4.0,38.62500000000001,0.08934896783360172,2.672183382212759e+17
interface_8x,T01_A_STAGE_2,1.0,0.01,channel,0.0004,3.9e-06,4.0,39.0,0.08795583300395399,2.5319937176391424e+17
interface_8x,T01_A_STAGE_2,1.0,0.01,channel,0.0004,3.937500000000001e-06,4.0,39.37500000000001,0.08662458335276062,2.4049088133272675e+17
interface_8x,T01_A_STAGE_2,1.0,0.01,channel,0.0004,3.975e-06,4.0,39.75,0.08535198504272495,2.2893906417293814e+17
interface_8x,T01_A_STAGE_2,1.0,0.01,channel,0.0004,4.0125e-06,4.0,40.125,0.08413509856680007,2.1841230901701334e+17
interface_8x,T01_A_STAGE_2,1.0,0.01,channel,0.0004,4.05e-06,4.0,40.5,0.08297124525802538,2.08797471480702e+17
interface_8x,T01_A_STAGE_2,1.0,0.01,channel,0.0004,4.0875e-06,4.0,40.875,0.08185797849849638,1.9999685975052845e+17
interface_8x,T01_A_STAGE_2,1.0,0.01,channel,0.0004,4.125e-06,4.0,41.25,0.08079305886043829,1.919257799137267e+17
interface_8x,T01_A_STAGE_2,1.0,0.01,channel,0.0004,4.1625e-06,4.0,41.62500000000001,0.0797744325547608,1.8451052530156406e+17
interface_8x,T01_A_STAGE_2,1.0,0.01,channel,0.0004,4.2000000000000004e-06,4.0,42.00000000000001,0.07880021267545724,1.776867204203858e+17
interface_8x,T01_A_STAGE_2,1.0,0.01,channel,0.0004,4.5e-06,4.0,45.0,0.07254257444333988,1.394862105844488e+17
interface_8x,T01_A_STAGE_2,1.0,0.01,channel,0.0004,4.8e-06,4.0,48.0,0.0683936988277263,1.1880459362316664e+17
interface_8x,T01_A_STAGE_2,1.0,0.01,channel,0.0004,5.1e-06,4.0,51.0,0.06601677296971585,1.0836839371149576e+17
interface_8x,T01_A_STAGE_2,1.0,0.01,channel,0.0004,5.4e-06,4.0,54.0,0.06524183693170311,1.0516816192333378e+17
interface_8x,T01_A_STAGE_2,1.0,0.01,channel,0.00042500000000000003,3e-06,4.25,30.0,0.15938619562999357,3.9887329969371924e+18
interface_8x,T01_A_STAGE_2,1.0,0.01,channel,0.00042500000000000003,3.0375e-06,4.25,30.375,0.15274719794197092,3.085351962691001e+18
interface_8x,T01_A_STAGE_2,1.0,0.01,channel,0.00042500000000000003,3.075e-06,4.25,30.750000000000004,0.14689076274086987,2.459919709930858e+18
interface_8x,T01_A_STAGE_2,1.0,0.01,channel,0.00042500000000000003,3.1125000000000003e-06,4.25,31.125000000000004,0.14165774082195112,2.009139227924952e+18
interface_8x,T01_A_STAGE_2,1.0,0.01,channel,0.00042500000000000003,3.1500000000000003e-06,4.25,31.500000000000004,0.13693342534861222,1.6735744090010406e+18
interface_8x,T01_A_STAGE_2,1.0,0.01,channel,0.00042500000000000003,3.1875e-06,4.25,31.875,0.13263242757757265,1.4170704566147505e+18
interface_8x,T01_A_STAGE_2,1.0,0.01,channel,0.00042500000000000003,3.225e-06,4.25,32.25,0.12868947681027992,1.2166139344041375e+18
interface_8x,T01_A_STAGE_2,1.0,0.01,channel,0.00042500000000000003,3.2625e-06,4.25,32.625,0.12505356433083573,1.0569930822852516e+18
interface_8x,T01_A_STAGE_2,1.0,0.01,channel,0.00042500000000000003,3.3e-06,4.25,33.0,0.12168407257984414,9.278273598909453e+17
interface_8x,T01_A_STAGE_2,1.0,0.01,channel,0.00042500000000000003,3.3375000000000002e-06,4.25,33.375,0.11854813369366685,8.218370576884828e+17
interface_8x,T01_A_STAGE_2,1.0,0.01,channel,0.00042500000000000003,3.3750000000000003e-06,4.25,33.75,0.11561877708958888,7.337949104927284e+17
interface_8x,T01_A_STAGE_2,1.0,0.01,channel,0.00042500000000000003,3.4125000000000004e-06,4.25,34.12500000000001,0.11287359932159671,6.598690187362597e+17
interface_8x,T01_A_STAGE_2,1.0,0.01,channel,0.00042500000000000003,3.45e-06,4.25,34.5,0.11029378900471488,5.971986709928727e+17
interface_8x,T01_A_STAGE_2,1.0,0.01,channel,0.00042500000000000003,3.4875e-06,4.25,34.875,0.10786339887053792,5.4361330211655245e+17
interface_8x,T01_A_STAGE_2,1.0,0.01,channel,0.00042500000000000003,3.525e-06,4.25,35.25,0.10556879343927607,4.974419425182439e+17
interface_8x,T01_A_STAGE_2,1.0,0.01,channel,0.00042500000000000003,3.5625e-06,4.25,35.625,0.10339822382025501,4.573813330277282e+17
interface_8x,T01_A_STAGE_2,1.0,0.01,channel,0.00042500000000000003,3.6000000000000003e-06,4.25,36.0,0.1013414960810165,4.2240293831634e+17
interface_8x,T01_A_STAGE_2,1.0,0.01,channel,0.00042500000000000003,3.6375000000000003e-06,4.25,36.375,0.09938970952340041,3.916862801570127e+17
interface_8x,T01_A_STAGE_2,1.0,0.01,channel,0.00042500000000000003,3.6750000000000004e-06,4.25,36.75000000000001,0.09753504790240694,3.645704090767366e+17
interface_8x,T01_A_STAGE_2,1.0,0.01,channel,0.00042500000000000003,3.7125000000000005e-06,4.25,37.12500000000001,0.09577061123918264,3.405180864509377e+17
interface_8x,T01_A_STAGE_2,1.0,0.01,channel,0.00042500000000000003,3.7500000000000005e-06,4.25,37.50000000000001,0.09409027911380807,3.1908901023390925e+17
interface_8x,T01_A_STAGE_2,1.0,0.01,channel,0.00042500000000000003,3.7875000000000006e-06,4.25,37.87500000000001,0.09248859862483268,2.99919565960618e+17
interface_8x,T01_A_STAGE_2,1.0,0.01,channel,0.00042500000000000003,3.825000000000001e-06,4.25,38.25000000000001,0.09096069186294181,2.8270734694584464e+17
interface_8x,T01_A_STAGE_2,1.0,0.01,channel,0.00042500000000000003,3.862500000000001e-06,4.25,38.62500000000001,0.08950217895972294,2.6719920190079562e+17
interface_8x,T01_A_STAGE_2,1.0,0.01,channel,0.00042500000000000003,3.9e-06,4.25,39.0,0.08810911367009513,2.531819204246281e+17
interface_8x,T01_A_STAGE_2,1.0,0.01,channel,0.00042500000000000003,3.937500000000001e-06,4.25,39.37500000000001,0.08677792911820606,2.404749114566692e+17
interface_8x,T01_A_STAGE_2,1.0,0.01,channel,0.00042500000000000003,3.975e-06,4.25,39.75,0.08550539184373623,2.28924401880063e+17
interface_8x,T01_A_STAGE_2,1.0,0.01,channel,0.00042500000000000003,4.0125e-06,4.25,40.125,0.08428856267236993,2.183988050159704e+17
interface_8x,T01_A_STAGE_2,1.0,0.01,channel,0.00042500000000000003,4.05e-06,4.25,40.5,0.08312476323188868,2.087849969947753e+17
interface_8x,T01_A_STAGE_2,1.0,0.01,channel,0.00042500000000000003,4.0875e-06,4.25,40.875,0.08201154716636125,1.9998530320923232e+17
interface_8x,T01_A_STAGE_2,1.0,0.01,channel,0.00042500000000000003,4.125e-06,4.25,41.25,0.08094667528159552,1.9191504424985667e+17
interface_8x,T01_A_STAGE_2,1.0,0.01,channel,0.00042500000000000003,4.1625e-06,4.25,41.62500000000001,0.07992809399738392,1.8450052573024134e+17
interface_8x,T01_A_STAGE_2,1.0,0.01,channel,0.00042500000000000003,4.2000000000000004e-06,4.25,42.00000000000001,0.0789539165950279,1.776773826042453e+17
interface_8x,T01_A_STAGE_2,1.0,0.01,channel,0.00042500000000000003,4.5e-06,4.25,45.0,0.07269653263794373,1.3948025217931653e+17
interface_8x,T01_A_STAGE_2,1.0,0.01,channel,0.00042500000000000003,4.8e-06,4.25,48.0,0.06854781426106735,1.1880024124306122e+17
interface_8x,T01_A_STAGE_2,1.0,0.01,channel,0.00042500000000000003,5.1e-06,4.25,51.0,0.06617097476060392,1.0836478564679162e+17
interface_8x,T01_A_STAGE_2,1.0,0.01,channel,0.00042500000000000003,5.4e-06,4.25,54.0,0.0653960663205824,1.0516477267587109e+17
interface_8x,T01_A_STAGE_2,1.0,0.01,channel,0.00045000000000000004,3e-06,4.5,30.0,0.15953262047408187,3.987396428003888e+18
interface_8x,T01_A_STAGE_2,1.0,0.01,channel,0.00045000000000000004,3.0375e-06,4.5,30.375,0.15289469734373698,3.084446308823676e+18
interface_8x,T01_A_STAGE_2,1.0,0.01,channel,0.00045000000000000004,3.075e-06,4.5,30.750000000000004,0.1470391062451491,2.459277938738976e+18
interface_8x,T01_A_STAGE_2,1.0,0.01,channel,0.00045000000000000004,3.1125000000000003e-06,4.5,31.125000000000004,0.14180676512188753,2.0086679576270456e+18
interface_8x,T01_A_STAGE_2,1.0,0.01,channel,0.00045000000000000004,3.1500000000000003e-06,4.5,31.500000000000004,0.13708301052347444,1.6732181509854858e+18
interface_8x,T01_A_STAGE_2,1.0,0.01,channel,0.00045000000000000004,3.1875e-06,4.5,31.875,0.13278248297296988,1.4167945710045038e+18
interface_8x,T01_A_STAGE_2,1.0,0.01,channel,0.00045000000000000004,3.225e-06,4.5,32.25,0.12883993222360382,1.2163958967469332e+18
interface_8x,T01_A_STAGE_2,1.0,0.01,channel,0.00045000000000000004,3.2625e-06,4.5,32.625,0.12520436427962658,1.0568177357224101e+18
interface_8x,T01_A_STAGE_2,1.0,0.01,channel,0.00045000000000000004,3.3e-06,4.5,33.0,0.12183517244493511,9.276842031339896e+17
interface_8x,T01_A_STAGE_2,1.0,0.01,channel,0.00045000000000000004,3.3375000000000002e-06,4.5,33.375,0.11869949704699725,8.217186294966079e+17
interface_8x,T01_A_STAGE_2,1.0,0.01,channel,0.00045000000000000004,3.3750000000000003e-06,4.5,33.75,0.1157703737955965,7.336957919957928e+17
interface_8x,T01_A_STAGE_2,1.0,0.01,channel,0.00045000000000000004,3.4125000000000004e-06,4.5,34.12500000000001,0.1130254041583172,6.597851977088018e+17
interface_8x,T01_A_STAGE_2,1.0,0.01,channel,0.00045000000000000004,3.45e-06,4.5,34.5,0.1104457806428199,5.971271254827062e+17
interface_8x,T01_A_STAGE_2,1.0,0.01,channel,0.00045000000000000004,3.4875e-06,4.5,34.875,0.10801555910436088,5.435517210340798e+17
interface_8x,T01_A_STAGE_2,1.0,0.01,channel,0.00045000000000000004,3.525e-06,4.5,35.25,0.10572110659872597,4.9738853403263174e+17
interface_8x,T01_A_STAGE_2,1.0,0.01,channel,0.00045000000000000004,3.5625e-06,4.5,35.625,0.10355067631486223,4.573346906016572e+17
interface_8x,T01_A_STAGE_2,1.0,0.01,channel,0.00045000000000000004,3.6000000000000003e-06,4.5,36.0,0.10149407604202147,4.223619453871284e+17
interface_8x,T01_A_STAGE_2,1.0,0.01,channel,0.00045000000000000004,3.6375000000000003e-06,4.5,36.375,0.09954240651963002,3.9165004123121344e+17
interface_8x,T01_A_STAGE_2,1.0,0.01,channel,0.00045000000000000004,3.6750000000000004e-06,4.5,36.75000000000001,0.0976878527124048,3.645381991942515e+17
interface_8x,T01_A_STAGE_2,1.0,0.01,channel,0.00045000000000000004,3.7125000000000005e-06,4.5,37.12500000000001,0.09592351566673377,3.4048931362872614e+17
interface_8x,T01_A_STAGE_2,1.0,0.01,channel,0.00045000000000000004,3.7500000000000005e-06,4.5,37.50000000000001,0.09424327583730126,3.1906318721511514e+17
interface_8x,T01_A_STAGE_2,1.0,0.01,channel,0.00045000000000000004,3.7875000000000006e-06,4.5,37.87500000000001,0.09264168107327178,2.998962887247252e+17
interface_8x,T01_A_STAGE_2,1.0,0.01,channel,0.00045000000000000004,3.825000000000001e-06,4.5,38.25000000000001,0.09111385411313759,2.826862781920986e+17
interface_8x,T01_A_STAGE_2,1.0,0.01,channel,0.00045000000000000004,3.862500000000001e-06,4.5,38.62500000000001,0.08965541565046255,2.6718005823181277e+17
interface_8x,T01_A_STAGE_2,1.0,0.01,channel,0.00045000000000000004,3.9e-06,4.5,39.0,0.08826241993002808,2.53164462312296e+17
interface_8x,T01_A_STAGE_2,1.0,0.01,channel,0.00045000000000000004,3.937500000000001e-06,4.5,39.37500000000001,0.0869313005048932,2.4045893532085107e+17
interface_8x,T01_A_STAGE_2,1.0,0.01,channel,0.00045000000000000004,3.975e-06,4.5,39.75,0.08565882429184626,2.2890973378652662e+17
interface_8x,T01_A_STAGE_2,1.0,0.01,channel,0.00045000000000000004,4.0125e-06,4.5,40.125,0.08444205244941955,2.1838529562597824e+17
interface_8x,T01_A_STAGE_2,1.0,0.01,channel,0.00045000000000000004,4.05e-06,4.5,40.5,0.08327830690024146,2.0877251749003338e+17
interface_8x,T01_A_STAGE_2,1.0,0.01,channel,0.00045000000000000004,4.0875e-06,4.5,40.875,0.0821651415504482,1.99973741982657e+17
interface_8x,T01_A_STAGE_2,1.0,0.01,channel,0.00045000000000000004,4.125e-06,4.5,41.25,0.08110031743951521,1.919043042019289e+17
interface_8x,T01_A_STAGE_2,1.0,0.01,channel,0.00045000000000000004,4.1625e-06,4.5,41.62500000000001,0.08008178119619429,1.8449052204746394e+17
interface_8x,T01_A_STAGE_2,1.0,0.01,channel,0.00045000000000000004,4.2000000000000004e-06,4.5,42.00000000000001,0.07910764628916439,1.7766804092383395e+17
interface_8x,T01_A_STAGE_2,1.0,0.01,channel,0.00045000000000000004,4.5e-06,4.5,45.0,0.07285051671874286,1.3947429121217186e+17
interface_8x,T01_A_STAGE_2,1.0,0.01,channel,0.00045000000000000004,4.8e-06,4.5,48.0,0.06870195565050916,1.1879588694467824e+17
interface_8x,T01_A_STAGE_2,1.0,0.01,channel,0.00045000000000000004,5.1e-06,4.5,51.0,0.06632520254625793,1.0836117596906053e+17
interface_8x,T01_A_STAGE_2,1.0,0.01,channel,0.00045000000000000004,5.4e-06,4.5,54.0,0.06555032171662362,1.0516138190608118e+17
interface_8x,T01_A_STAGE_2,1.0,0.01,channel,0.000475,3e-06,4.75,30.0,0.15967906888818362,3.9860598672724e+18
interface_8x,T01_A_STAGE_2,1.0,0.01,channel,0.000475,3.0375e-06,4.75,30.375,0.15304222051690514,3.0835406047013463e+18
interface_8x,T01_A_STAGE_2,1.0,0.01,channel,0.000475,3.075e-06,4.75,30.750000000000004,0.147187473709431,2.458636100880704e+18
interface_8x,T01_A_STAGE_2,1.0,0.01,channel,0.000475,3.1125000000000003e-06,4.75,31.125000000000004,0.1419558135534631,2.0081966199944212e+18
interface_8x,T01_A_STAGE_2,1.0,0.01,channel,0.000475,3.1500000000000003e-06,4.75,31.500000000000004,0.1372326199844782,1.6728618306302835e+18
interface_8x,T01_A_STAGE_2,1.0,0.01,channel,0.000475,3.1875e-06,4.75,31.875,0.13293256279314786,1.4165186296987658e+18
interface_8x,T01_A_STAGE_2,1.0,0.01,channel,0.000475,3.225e-06,4.75,32.25,0.12899041218617524,1.216177810087845e+18
interface_8x,T01_A_STAGE_2,1.0,0.01,channel,0.000475,3.2625e-06,4.75,32.625,0.12535518888966263,1.0566423463017544e+18
interface_8x,T01_A_STAGE_2,1.0,0.01,channel,0.000475,3.3e-06,4.75,33.0,0.12198629707236314,9.275410089361846e+17
interface_8x,T01_A_STAGE_2,1.0,0.01,channel,0.000475,3.3375000000000002e-06,4.75,33.375,0.11885088525422935,8.216001685507987e+17
interface_8x,T01_A_STAGE_2,1.0,0.01,channel,0.000475,3.3750000000000003e-06,4.75,33.75,0.11592199543873577,7.335966447658929e+17
interface_8x,T01_A_STAGE_2,1.0,0.01,channel,0.000475,3.4125000000000004e-06,4.75,34.12500000000001,0.11317723400808782,6.597013513875348e+17
interface_8x,T01_A_STAGE_2,1.0,0.01,channel,0.000475,3.45e-06,4.75,34.5,0.1105977973634572,5.9705555762022e+17
interface_8x,T01_A_STAGE_2,1.0,0.01,channel,0.000475,3.4875e-06,4.75,34.875,0.10816774448451046,5.434901201194707e+17
interface_8x,T01_A_STAGE_2,1.0,0.01,channel,0.000475,3.525e-06,4.75,35.25,0.10587344496325025,4.9733510787999546e+17
interface_8x,T01_A_STAGE_2,1.0,0.01,channel,0.000475,3.5625e-06,4.75,35.625,0.10370315406879602,4.572880323747522e+17
interface_8x,T01_A_STAGE_2,1.0,0.01,channel,0.000475,3.6000000000000003e-06,4.75,36.0,0.10164668131258447,4.223209382713881e+17
interface_8x,T01_A_STAGE_2,1.0,0.01,channel,0.000475,3.6375000000000003e-06,4.75,36.375,0.09969512887203918,3.9161378952048666e+17
interface_8x,T01_A_STAGE_2,1.0,0.01,channel,0.000475,3.6750000000000004e-06,4.75,36.75000000000001,0.09784068292195043,3.645059777483025e+17
interface_8x,T01_A_STAGE_2,1.0,0.01,channel,0.000475,3.7125000000000005e-06,4.75,37.12500000000001,0.09607644553425844,3.4046053031144954e+17
interface_8x,T01_A_STAGE_2,1.0,0.01,channel,0.000475,3.7500000000000005e-06,4.75,37.50000000000001,0.09439629803852315,3.190373546391294e+17
interface_8x,T01_A_STAGE_2,1.0,0.01,channel,0.000475,3.7875000000000006e-06,4.75,37.87500000000001,0.0927947890347628,2.9987300275779776e+17
interface_8x,T01_A_STAGE_2,1.0,0.01,channel,0.000475,3.825000000000001e-06,4.75,38.25000000000001,0.09126704190948674,2.8266520143750032e+17
interface_8x,T01_A_STAGE_2,1.0,0.01,channel,0.000475,3.862500000000001e-06,4.75,38.62500000000001,0.0898086779184211,2.671609072094031e+17
interface_8x,T01_A_STAGE_2,1.0,0.01,channel,0.000475,3.9e-06,4.75,39.0,0.08841575179637436,2.5314699742234176e+17
interface_8x,T01_A_STAGE_2,1.0,0.01,channel,0.000475,3.937500000000001e-06,4.75,39.37500000000001,0.08708469752546344,2.404429529210103e+17
interface_8x,T01_A_STAGE_2,1.0,0.01,channel,0.000475,3.975e-06,4.75,39.75,0.08581228239971515,2.2889505988835085e+17
interface_8x,T01_A_STAGE_2,1.0,0.01,channel,0.000475,4.0125e-06,4.75,40.125,0.08459556791062675,2.1837178084331613e+17
interface_8x,T01_A_STAGE_2,1.0,0.01,channel,0.000475,4.05e-06,4.75,40.5,0.0834318762757783,2.0876003296298896e+17
interface_8x,T01_A_STAGE_2,1.0,0.01,channel,0.000475,4.0875e-06,4.75,40.875,0.08231876166346769,1.999621760675274e+17
interface_8x,T01_A_STAGE_2,1.0,0.01,channel,0.000475,4.125e-06,4.75,41.25,0.08125398534692287,1.9189355976686163e+17
interface_8x,T01_A_STAGE_2,1.0,0.01,channel,0.000475,4.1625e-06,4.75,41.62500000000001,0.0802354941639317,1.8448051425032634e+17
interface_8x,T01_A_STAGE_2,1.0,0.01,channel,0.000475,4.2000000000000004e-06,4.75,42.00000000000001,0.07926140177062006,1.776586953764069e+17
interface_8x,T01_A_STAGE_2,1.0,0.01,channel,0.000475,4.5e-06,4.75,45.0,0.07300452669857367,1.3946832768113941e+17
interface_8x,T01_A_STAGE_2,1.0,0.01,channel,0.000475,4.8e-06,4.75,48.0,0.06885612300894066,1.1879153072658606e+17
interface_8x,T01_A_STAGE_2,1.0,0.01,channel,0.000475,5.1e-06,4.75,51.0,0.066479456339596,1.0835756467708518e+17
interface_8x,T01_A_STAGE_2,1.0,0.01,channel,0.000475,5.4e-06,4.75,54.0,0.06570460313275431,1.0515798961281093e+17
interface_8x,T01_A_STAGE_2,1.0,0.01,channel,0.0005,3e-06,5.0,30.0,0.15982554088370787,3.984723314749486e+18
interface_8x,T01_A_STAGE_2,1.0,0.01,channel,0.0005,3.0375e-06,5.0,30.375,0.15318976747298227,3.0826348503153925e+18
interface_8x,T01_A_STAGE_2,1.0,0.01,channel,0.0005,3.075e-06,5.0,30.750000000000004,0.14733586514531816,2.457994196338064e+18
interface_8x,T01_A_STAGE_2,1.0,0.01,channel,0.0005,3.1125000000000003e-06,5.0,31.125000000000004,0.1421048861283715,2.0077252150047204e+18
interface_8x,T01_A_STAGE_2,1.0,0.01,channel,0.0005,3.1500000000000003e-06,5.0,31.500000000000004,0.13738225374340246,1.6725054479117537e+18
interface_8x,T01_A_STAGE_2,1.0,0.01,channel,0.0005,3.1875e-06,5.0,31.875,0.1330826670499649,1.4162426326742198e+18
interface_8x,T01_A_STAGE_2,1.0,0.01,channel,0.0005,3.225e-06,5.0,32.25,0.12914091670992595,1.21595967440477e+18
interface_8x,T01_A_STAGE_2,1.0,0.01,channel,0.0005,3.2625e-06,5.0,32.625,0.12550603817294334,1.0564669140027704e+18
interface_8x,T01_A_STAGE_2,1.0,0.01,channel,0.0005,3.3e-06,5.0,33.0,0.12213744647419036,9.273977772787164e+17
interface_8x,T01_A_STAGE_2,1.0,0.01,channel,0.0005,3.3375000000000002e-06,5.0,33.375,0.11900229832748303,8.214816748339146e+17
interface_8x,T01_A_STAGE_2,1.0,0.01,channel,0.0005,3.3750000000000003e-06,5.0,33.75,0.11607364203118001,7.334974687874646e+17
interface_8x,T01_A_STAGE_2,1.0,0.01,channel,0.0005,3.4125000000000004e-06,5.0,34.12500000000001,0.11332908888313137,6.596174797583441e+17
interface_8x,T01_A_STAGE_2,1.0,0.01,channel,0.0005,3.45e-06,5.0,34.5,0.11074983917889546,5.96983967392614e+17
interface_8x,T01_A_STAGE_2,1.0,0.01,channel,0.0005,3.4875e-06,5.0,34.875,0.10831995502329791,5.434284993611068e+17
interface_8x,T01_A_STAGE_2,1.0,0.01,channel,0.0005,3.525e-06,5.0,35.25,0.10602580854519987,4.972816640497739e+17
interface_8x,T01_A_STAGE_2,1.0,0.01,channel,0.0005,3.5625e-06,5.0,35.625,0.10385565709444429,4.572413583373954e+17
interface_8x,T01_A_STAGE_2,1.0,0.01,channel,0.0005,3.6000000000000003e-06,5.0,36.0,0.10179931190512795,4.2227991696034266e+17
interface_8x,T01_A_STAGE_2,1.0,0.01,channel,0.0005,3.6375000000000003e-06,5.0,36.375,0.09984787659308261,3.9157752501680576e+17
interface_8x,T01_A_STAGE_2,1.0,0.01,channel,0.0005,3.6750000000000004e-06,5.0,36.75000000000001,0.09799353854352882,3.6447374473153216e+17
interface_8x,T01_A_STAGE_2,1.0,0.01,channel,0.0005,3.7125000000000005e-06,5.0,37.12500000000001,0.09622940085427,3.404317364923482e+17
interface_8x,T01_A_STAGE_2,1.0,0.01,channel,0.0005,3.7500000000000005e-06,5.0,37.50000000000001,0.09454934573001374,3.190115124997271e+17
interface_8x,T01_A_STAGE_2,1.0,0.01,channel,0.0005,3.7875000000000006e-06,5.0,37.87500000000001,0.0929479225218708,2.9984970805408954e+17
interface_8x,T01_A_STAGE_2,1.0,0.01,channel,0.0005,3.825000000000001e-06,5.0,38.25000000000001,0.09142025526457799,2.8264411667673354e+17
interface_8x,T01_A_STAGE_2,1.0,0.01,channel,0.0005,3.862500000000001e-06,5.0,38.62500000000001,0.08996196577620956,2.6714174882863696e+17
interface_8x,T01_A_STAGE_2,1.0,0.01,channel,0.0005,3.9e-06,5.0,39.0,0.08856910928176594,2.531295257501841e+17
interface_8x,T01_A_STAGE_2,1.0,0.01,channel,0.0005,3.937500000000001e-06,5.0,39.37500000000001,0.08723812019256853,2.4042696425288013e+17
interface_8x,T01_A_STAGE_2,1.0,0.01,channel,0.0005,3.975e-06,5.0,39.75,0.08596576618001345,2.2888038018155334e+17
interface_8x,T01_A_STAGE_2,1.0,0.01,channel,0.0005,4.0125e-06,5.0,40.125,0.08474910906867979,2.1835826066425917e+17
interface_8x,T01_A_STAGE_2,1.0,0.01,channel,0.0005,4.05e-06,5.0,40.5,0.08358547137120426,2.0874754341015094e+17
interface_8x,T01_A_STAGE_2,1.0,0.01,channel,0.0005,4.0875e-06,5.0,40.875,0.0824724075181407,1.9995060546056486e+17
interface_8x,T01_A_STAGE_2,1.0,0.01,channel,0.0005,4.125e-06,5.0,41.25,0.08140767901655455,1.918828109415696e+17
interface_8x,T01_A_STAGE_2,1.0,0.01,channel,0.0005,4.1625e-06,5.0,41.62500000000001,0.08038923291334649,1.844705023359196e+17
interface_8x,T01_A_STAGE_2,1.0,0.01,channel,0.0005,4.2000000000000004e-06,5.0,42.00000000000001,0.07941518305215875,1.7764934595921645e+17
interface_8x,T01_A_STAGE_2,1.0,0.01,channel,0.0005,4.5e-06,5.0,45.0,0.07315856259028317,1.3946236158434176e+17
interface_8x,T01_A_STAGE_2,1.0,0.01,channel,0.0005,4.8e-06,5.0,48.0,0.06901031634926147,1.1878717258735144e+17
interface_8x,T01_A_STAGE_2,1.0,0.01,channel,0.0005,5.1e-06,5.0,51.0,0.06663373615354697,1.0835395176964691e+17
interface_8x,T01_A_STAGE_2,1.0,0.01,channel,0.0005,5.4e-06,5.0,54.0,0.06585891058191272,1.0515459579490597e+17
interface_8x,T01_A_STAGE_2,1.0,0.01,channel,0.0005250000000000001,3e-06,5.250000000000001,30.0,0.1599720364720729,3.983386770441905e+18
interface_8x,T01_A_STAGE_2,1.0,0.01,channel,0.0005250000000000001,3.0375e-06,5.250000000000001,30.375,0.15333733822348458,3.081729045657187e+18
interface_8x,T01_A_STAGE_2,1.0,0.01,channel,0.0005250000000000001,3.075e-06,5.250000000000001,30.750000000000004,0.14748428056442248,2.4573522250930647e+18
interface_8x,T01_A_STAGE_2,1.0,0.01,channel,0.0005250000000000001,3.1125000000000003e-06,5.250000000000001,31.125000000000004,0.14225398285831575,2.0072537426355704e+18
interface_8x,T01_A_STAGE_2,1.0,0.01,channel,0.0005250000000000001,3.1500000000000003e-06,5.250000000000001,31.500000000000004,0.13753191181203575,1.6721490028062008e+18
interface_8x,T01_A_STAGE_2,1.0,0.01,channel,0.0005250000000000001,3.1875e-06,5.250000000000001,31.875,0.13323279575528896,1.4159665799075325e+18
interface_8x,T01_A_STAGE_2,1.0,0.01,channel,0.0005250000000000001,3.225e-06,5.250000000000001,32.25,0.12929144580679736,1.2157414896755896e+18
interface_8x,T01_A_STAGE_2,1.0,0.01,channel,0.0005250000000000001,3.2625e-06,5.250000000000001,32.625,0.12565691214147803,1.0562914388049292e+18
interface_8x,T01_A_STAGE_2,1.0,0.01,channel,0.0005250000000000001,3.3e-06,5.250000000000001,33.0,0.12228862066248868,9.272545081427572e+17
interface_8x,T01_A_STAGE_2,1.0,0.01,channel,0.0005250000000000001,3.3375000000000002e-06,5.250000000000001,33.375,0.11915373627888803,8.213631483288015e+17
interface_8x,T01_A_STAGE_2,1.0,0.01,channel,0.0005250000000000001,3.3750000000000003e-06,5.250000000000001,33.75,0.1162253135851124,7.333982640449311e+17
interface_8x,T01_A_STAGE_2,1.0,0.01,channel,0.0005250000000000001,3.4125000000000004e-06,5.250000000000001,34.12500000000001,0.11348096879568055,6.595335828071037e+17
interface_8x,T01_A_STAGE_2,1.0,0.01,channel,0.0005250000000000001,3.45e-06,5.250000000000001,34.5,0.11090190610141328,5.969123547870774e+17
interface_8x,T01_A_STAGE_2,1.0,0.01,channel,0.0005250000000000001,3.4875e-06,5.250000000000001,34.875,0.10847219073304454,5.433668587473597e+17
interface_8x,T01_A_STAGE_2,1.0,0.01,channel,0.0005250000000000001,3.525e-06,5.250000000000001,35.25,0.1061781973569358,4.9722820253139635e+17
interface_8x,T01_A_STAGE_2,1.0,0.01,channel,0.0005250000000000001,3.5625e-06,5.250000000000001,35.625,0.10400818540420503,4.571946684799605e+17
interface_8x,T01_A_STAGE_2,1.0,0.01,channel,0.0005250000000000001,3.6000000000000003e-06,5.250000000000001,36.0,0.10195196783208443,4.222388814452078e+17
interface_8x,T01_A_STAGE_2,1.0,0.01,channel,0.0005250000000000001,3.6375000000000003e-06,5.250000000000001,36.375,0.10000064969522518,3.915412477121371e+17
interface_8x,T01_A_STAGE_2,1.0,0.01,channel,0.0005250000000000001,3.6750000000000004e-06,5.250000000000001,36.75000000000001,0.0981464195896351,3.644415001365765e+17
interface_8x,T01_A_STAGE_2,1.0,0.01,channel,0.0005250000000000001,3.7125000000000005e-06,5.250000000000001,37.12500000000001,0.09638238163929198,3.404029321646565e+17
interface_8x,T01_A_STAGE_2,1.0,0.01,channel,0.0005250000000000001,3.7500000000000005e-06,5.250000000000001,37.50000000000001,0.09470241892432325,3.1898566079067757e+17
interface_8x,T01_A_STAGE_2,1.0,0.01,channel,0.0005250000000000001,3.7875000000000006e-06,5.250000000000001,37.87500000000001,0.09310108154717109,2.9982640460784954e+17
interface_8x,T01_A_STAGE_2,1.0,0.01,channel,0.0005250000000000001,3.825000000000001e-06,5.250000000000001,38.25000000000001,0.09157349419101024,2.8262302390447766e+17
interface_8x,T01_A_STAGE_2,1.0,0.01,channel,0.0005250000000000001,3.862500000000001e-06,5.250000000000001,38.62500000000001,0.09011527923644913,2.671225830845808e+17
interface_8x,T01_A_STAGE_2,1.0,0.01,channel,0.0005250000000000001,3.9e-06,5.250000000000001,39.0,0.08872249239884504,2.531120472912381e+17
interface_8x,T01_A_STAGE_2,1.0,0.01,channel,0.0005250000000000001,3.937500000000001e-06,5.250000000000001,39.37500000000001,0.0873915685188706,2.4041096931219024e+17
interface_8x,T01_A_STAGE_2,1.0,0.01,channel,0.0005250000000000001,3.975e-06,5.250000000000001,39.75,0.08611927564542202,2.2886569466214826e+17
interface_8x,T01_A_STAGE_2,1.0,0.01,channel,0.0005250000000000001,4.0125e-06,5.250000000000001,40.125,0.08490267593627732,2.1834473508507946e+17
interface_8x,T01_A_STAGE_2,1.0,0.01,channel,0.0005250000000000001,4.05e-06,5.250000000000001,40.5,0.08373909219923477,2.0873504882802525e+17
interface_8x,T01_A_STAGE_2,1.0,0.01,channel,0.0005250000000000001,4.0875e-06,5.250000000000001,40.875,0.08262607912719856,1.9993903015848797e+17
interface_8x,T01_A_STAGE_2,1.0,0.01,channel,0.0005250000000000001,4.125e-06,5.250000000000001,41.25,0.08156139846115666,1.9187205772296493e+17
interface_8x,T01_A_STAGE_2,1.0,0.01,channel,0.0005250000000000001,4.1625e-06,5.250000000000001,41.62500000000001,0.08054299745719935,1.8446048630133235e+17
interface_8x,T01_A_STAGE_2,1.0,0.01,channel,0.0005250000000000001,4.2000000000000004e-06,5.250000000000001,42.00000000000001,0.07956899014655473,1.7763999266951226e+17
interface_8x,T01_A_STAGE_2,1.0,0.01,channel,0.0005250000000000001,4.5e-06,5.250000000000001,45.0,0.07331262440672888,1.3945639291989968e+17
interface_8x,T01_A_STAGE_2,1.0,0.01,channel,0.0005250000000000001,4.8e-06,5.250000000000001,48.0,0.06916453568438173,1.187828125255397e+17
interface_8x,T01_A_STAGE_2,1.0,0.01,channel,0.0005250000000000001,5.1e-06,5.250000000000001,51.0,0.0667880420010503,1.0835033724552581e+17
interface_8x,T01_A_STAGE_2,1.0,0.01,channel,0.0005250000000000001,5.4e-06,5.250000000000001,54.0,0.06601324407704771,1.0515120045121074e+17
interface_8x,T01_A_STAGE_2,1.0,0.01,channel,0.0005499999999999999,3e-06,5.499999999999999,30.0,0.16011855566470623,3.9820502343564257e+18
interface_8x,T01_A_STAGE_2,1.0,0.01,channel,0.0005499999999999999,3.0375e-06,5.499999999999999,30.375,0.1534849327799376,3.080823190718104e+18
interface_8x,T01_A_STAGE_2,1.0,0.01,channel,0.0005499999999999999,3.075e-06,5.499999999999999,30.750000000000004,0.14763271997836525,2.4567101871277107e+18
interface_8x,T01_A_STAGE_2,1.0,0.01,channel,0.0005499999999999999,3.1125000000000003e-06,5.499999999999999,31.125000000000004,0.14240310375500842,2.006782202864587e+18
interface_8x,T01_A_STAGE_2,1.0,0.01,channel,0.0005499999999999999,3.1500000000000003e-06,5.499999999999999,31.500000000000004,0.1376815942021761,1.6717924952899144e+18
interface_8x,T01_A_STAGE_2,1.0,0.01,channel,0.0005499999999999999,3.1875e-06,5.499999999999999,31.875,0.13338294892099756,1.415690471375356e+18
interface_8x,T01_A_STAGE_2,1.0,0.01,channel,0.0005499999999999999,3.225e-06,5.499999999999999,32.25,0.12944199948874052,1.21552325587817e+18
interface_8x,T01_A_STAGE_2,1.0,0.01,channel,0.0005499999999999999,3.2625e-06,5.499999999999999,32.625,0.12580781080728567,1.0561159206876863e+18
interface_8x,T01_A_STAGE_2,1.0,0.01,channel,0.0005499999999999999,3.3e-06,5.499999999999999,33.0,0.12243981964933974,9.271112015094648e+17
interface_8x,T01_A_STAGE_2,1.0,0.01,channel,0.0005499999999999999,3.3375000000000002e-06,5.499999999999999,33.375,0.11930519912058392,8.212445890182924e+17
interface_8x,T01_A_STAGE_2,1.0,0.01,channel,0.0005499999999999999,3.3750000000000003e-06,5.499999999999999,33.75,0.11637701011272607,7.332990305227034e+17
interface_8x,T01_A_STAGE_2,1.0,0.01,channel,0.0005499999999999999,3.4125000000000004e-06,5.499999999999999,34.12500000000001,0.11363287375797801,6.594496605196759e+17
interface_8x,T01_A_STAGE_2,1.0,0.01,channel,0.0005499999999999999,3.45e-06,5.499999999999999,34.5,0.11105399814329929,5.968407197907881e+17
interface_8x,T01_A_STAGE_2,1.0,0.01,channel,0.0005499999999999999,3.4875e-06,5.499999999999999,34.875,0.10862445162608163,5.4330519826659066e+17
interface_8x,T01_A_STAGE_2,1.0,0.01,channel,0.0005499999999999999,3.525e-06,5.499999999999999,35.25,0.10633061141082906,4.9717472331428326e+17
interface_8x,T01_A_STAGE_2,1.0,0.01,channel,0.0005499999999999999,3.5625e-06,5.499999999999999,35.625,0.10416073901048632,4.571479627928128e+17
interface_8x,T01_A_STAGE_2,1.0,0.01,channel,0.0005499999999999999,3.6000000000000003e-06,5.499999999999999,36.0,0.10210464910589659,4.221978317171909e+17
interface_8x,T01_A_STAGE_2,1.0,0.01,channel,0.0005499999999999999,3.6375000000000003e-06,5.499999999999999,36.375,0.10015344819094191,3.915049575984393e+17
interface_8x,T01_A_STAGE_2,1.0,0.01,channel,0.0005499999999999999,3.6750000000000004e-06,5.499999999999999,36.75000000000001,0.09829932607277461,3.644092439560645e+17
interface_8x,T01_A_STAGE_2,1.0,0.01,channel,0.0005499999999999999,3.7125000000000005e-06,5.499999999999999,37.12500000000001,0.09653538790185816,3.403741173216019e+17
interface_8x,T01_A_STAGE_2,1.0,0.01,channel,0.0005499999999999999,3.7500000000000005e-06,5.499999999999999,37.50000000000001,0.09485551763401215,3.189597995057439e+17
interface_8x,T01_A_STAGE_2,1.0,0.01,channel,0.0005499999999999999,3.7875000000000006e-06,5.499999999999999,37.87500000000001,0.09325426612324926,2.9980309241332077e+17
interface_8x,T01_A_STAGE_2,1.0,0.01,channel,0.0005499999999999999,3.825000000000001e-06,5.499999999999999,38.25000000000001,0.09172675870139275,2.8260192311540637e+17
interface_8x,T01_A_STAGE_2,1.0,0.01,channel,0.0005499999999999999,3.862500000000001e-06,5.499999999999999,38.62500000000001,0.09026861831177137,2.6710340997229558e+17
interface_8x,T01_A_STAGE_2,1.0,0.01,channel,0.0005499999999999999,3.9e-06,5.499999999999999,39.0,0.08887590116026428,2.530945620409137e+17
interface_8x,T01_A_STAGE_2,1.0,0.01,channel,0.0005499999999999999,3.937500000000001e-06,5.499999999999999,39.37500000000001,0.08754504251704211,2.4039496809466557e+17
interface_8x,T01_A_STAGE_2,1.0,0.01,channel,0.0005499999999999999,3.975e-06,5.499999999999999,39.75,0.0862728108086321,2.2885100332614538e+17
interface_8x,T01_A_STAGE_2,1.0,0.01,channel,0.0005499999999999999,4.0125e-06,5.499999999999999,40.125,0.08505626852612834,2.1833120410204464e+17
interface_8x,T01_A_STAGE_2,1.0,0.01,channel,0.0005499999999999999,4.05e-06,5.499999999999999,40.5,0.08389273877259569,2.087225492131138e+17
interface_8x,T01_A_STAGE_2,1.0,0.01,channel,0.0005499999999999999,4.0875e-06,5.499999999999999,40.875,0.08277977650338308,1.9992745015801152e+17
interface_8x,T01_A_STAGE_2,1.0,0.01,channel,0.0005499999999999999,4.125e-06,5.499999999999999,41.25,0.0817151436934861,1.918613001079562e+17
interface_8x,T01_A_STAGE_2,1.0,0.01,channel,0.0005499999999999999,4.1625e-06,5.499999999999999,41.62500000000001,0.0806967878082615,1.8445046614364992e+17
interface_8x,T01_A_STAGE_2,1.0,0.01,channel,0.0005499999999999999,4.2000000000000004e-06,5.499999999999999,42.00000000000001,0.07972282306659277,1.776306355045411e+17
interface_8x,T01_A_STAGE_2,1.0,0.01,channel,0.0005499999999999999,4.5e-06,5.499999999999999,45.0,0.07346671216077891,1.3945042168593187e+17
interface_8x,T01_A_STAGE_2,1.0,0.01,channel,0.0005499999999999999,4.8e-06,5.499999999999999,48.0,0.06931878102722226,1.1877845053971461e+17
interface_8x,T01_A_STAGE_2,1.0,0.01,channel,0.0005499999999999999,5.1e-06,5.499999999999999,51.0,0.06694237389505611,1.083467211035006e+17
interface_8x,T01_A_STAGE_2,1.0,0.01,channel,0.0005499999999999999,5.4e-06,5.499999999999999,54.0,0.0661676036311188,1.0514780358056845e+17
interface_8x,T01_A_STAGE_2,1.0,0.01,channel,0.000575,3e-06,5.75,30.0,0.16026509847304454,3.980713706499799e+18
interface_8x,T01_A_STAGE_2,1.0,0.01,channel,0.000575,3.0375e-06,5.75,30.375,0.15363255115387603,3.0799172854895007e+18
interface_8x,T01_A_STAGE_2,1.0,0.01,channel,0.000575,3.075e-06,5.75,30.750000000000004,0.1477811833987771,2.4560680824239867e+18
interface_8x,T01_A_STAGE_2,1.0,0.01,channel,0.000575,3.1125000000000003e-06,5.75,31.125000000000004,0.1425522488301714,2.0063105956693668e+18
interface_8x,T01_A_STAGE_2,1.0,0.01,channel,0.000575,3.1500000000000003e-06,5.75,31.500000000000004,0.13783130092563106,1.671435925339165e+18
interface_8x,T01_A_STAGE_2,1.0,0.01,channel,0.000575,3.1875e-06,5.75,31.875,0.13353312655897778,1.4154143070543222e+18
interface_8x,T01_A_STAGE_2,1.0,0.01,channel,0.000575,3.225e-06,5.75,32.25,0.12959257776771616,1.215304972990359e+18
interface_8x,T01_A_STAGE_2,1.0,0.01,channel,0.000575,3.2625e-06,5.75,32.625,0.12595873418239498,1.0559403596304799e+18
interface_8x,T01_A_STAGE_2,1.0,0.01,channel,0.000575,3.3e-06,5.75,33.0,0.122591043446835,9.269678573599803e+17
interface_8x,T01_A_STAGE_2,1.0,0.01,channel,0.000575,3.3375000000000002e-06,5.75,33.375,0.11945668686472007,8.211259968852035e+17
interface_8x,T01_A_STAGE_2,1.0,0.01,channel,0.000575,3.3750000000000003e-06,5.75,33.75,0.11652873162622396,7.331997682051776e+17
interface_8x,T01_A_STAGE_2,1.0,0.01,channel,0.000575,3.4125000000000004e-06,5.75,34.12500000000001,0.1137848037822763,6.593657128819096e+17
interface_8x,T01_A_STAGE_2,1.0,0.01,channel,0.000575,3.45e-06,5.75,34.5,0.11120611531685205,5.967690623909128e+17
interface_8x,T01_A_STAGE_2,1.0,0.01,channel,0.000575,3.4875e-06,5.75,34.875,0.10877673771475051,5.4324351790715046e+17
interface_8x,T01_A_STAGE_2,1.0,0.01,channel,0.000575,3.525e-06,5.75,35.25,0.10648305071926076,4.9712122638784474e+17
interface_8x,T01_A_STAGE_2,1.0,0.01,channel,0.000575,3.5625e-06,5.75,35.625,0.10431331792570632,4.5710124126630816e+17
interface_8x,T01_A_STAGE_2,1.0,0.01,channel,0.000575,3.6000000000000003e-06,5.75,36.0,0.1022573557390172,4.221567677674915e+17
interface_8x,T01_A_STAGE_2,1.0,0.01,channel,0.000575,3.6375000000000003e-06,5.75,36.375,0.10030627209271797,3.914686546676637e+17
interface_8x,T01_A_STAGE_2,1.0,0.01,channel,0.000575,3.6750000000000004e-06,5.75,36.75000000000001,0.09845225800546285,3.643769761826181e+17
interface_8x,T01_A_STAGE_2,1.0,0.01,channel,0.000575,3.7125000000000005e-06,5.75,37.12500000000001,0.0966884196545125,3.403452919564058e+17
interface_8x,T01_A_STAGE_2,1.0,0.01,channel,0.000575,3.7500000000000005e-06,5.75,37.50000000000001,0.09500864187165116,3.189339286386833e+17
interface_8x,T01_A_STAGE_2,1.0,0.01,channel,0.000575,3.7875000000000006e-06,5.75,37.87500000000001,0.09340747626270118,2.997797714647407e+17
interface_8x,T01_A_STAGE_2,1.0,0.01,channel,0.000575,3.825000000000001e-06,5.75,38.25000000000001,0.09188004880834509,2.825808143041883e+17
interface_8x,T01_A_STAGE_2,1.0,0.01,channel,0.000575,3.862500000000001e-06,5.75,38.62500000000001,0.09042198301481814,2.670842294868377e+17
interface_8x,T01_A_STAGE_2,1.0,0.01,channel,0.000575,3.9e-06,5.75,39.0,0.08902933557868659,2.530770699946166e+17
interface_8x,T01_A_STAGE_2,1.0,0.01,channel,0.000575,3.937500000000001e-06,5.75,39.37500000000001,0.08769854219976589,2.4037896059602704e+17
interface_8x,T01_A_STAGE_2,1.0,0.01,channel,0.000575,3.975e-06,5.75,39.75,0.08642637168234536,2.2883630616955082e+17
interface_8x,T01_A_STAGE_2,1.0,0.01,channel,0.000575,4.0125e-06,5.75,40.125,0.08520988685095231,2.1831766771141917e+17
interface_8x,T01_A_STAGE_2,1.0,0.01,channel,0.000575,4.05e-06,5.75,40.5,0.08404641110402329,2.087100445619153e+17
interface_8x,T01_A_STAGE_2,1.0,0.01,channel,0.000575,4.0875e-06,5.75,40.875,0.08293349965944649,1.9991586545584717e+17
interface_8x,T01_A_STAGE_2,1.0,0.01,channel,0.000575,4.125e-06,5.75,41.25,0.08186891472631024,1.9185053809344902e+17
interface_8x,T01_A_STAGE_2,1.0,0.01,channel,0.000575,4.1625e-06,5.75,41.62500000000001,0.08085060397931461,1.8444044185995475e+17
interface_8x,T01_A_STAGE_2,1.0,0.01,channel,0.000575,4.2000000000000004e-06,5.75,42.00000000000001,0.07987668182506814,1.776212744615468e+17
interface_8x,T01_A_STAGE_2,1.0,0.01,channel,0.000575,4.5e-06,5.75,45.0,0.07362082586531195,1.3944444788055509e+17
interface_8x,T01_A_STAGE_2,1.0,0.01,channel,0.000575,4.8e-06,5.75,48.0,0.0694730523907145,1.1877408662843838e+17
interface_8x,T01_A_STAGE_2,1.0,0.01,channel,0.000575,5.1e-06,5.75,51.0,0.06709673184852516,1.0834310334234872e+17
interface_8x,T01_A_STAGE_2,1.0,0.01,channel,0.000575,5.4e-06,5.75,54.0,0.06632198925709622,1.0514440518182098e+17
interface_8x,T01_A_STAGE_2,1.0,0.01,channel,0.0006000000000000001,3e-06,6.000000000000001,30.0,0.16041166490853384,3.9793771868788076e+18
interface_8x,T01_A_STAGE_2,1.0,0.01,channel,0.0006000000000000001,3.0375e-06,6.000000000000001,30.375,0.1537801933568441,3.0790113299627484e+18
interface_8x,T01_A_STAGE_2,1.0,0.01,channel,0.0006000000000000001,3.075e-06,6.000000000000001,30.750000000000004,0.14792967083729822,2.4554259109638804e+18
interface_8x,T01_A_STAGE_2,1.0,0.01,channel,0.0006000000000000001,3.1125000000000003e-06,6.000000000000001,31.125000000000004,0.14270141809553621,2.0058389210275018e+18
interface_8x,T01_A_STAGE_2,1.0,0.01,channel,0.0006000000000000001,3.1500000000000003e-06,6.000000000000001,31.500000000000004,0.1379810319942178,1.6710792929302147e+18
interface_8x,T01_A_STAGE_2,1.0,0.01,channel,0.0006000000000000001,3.1875e-06,6.000000000000001,31.875,0.13368332868112645,1.4151380869210534e+18
interface_8x,T01_A_STAGE_2,1.0,0.01,channel,0.0006000000000000001,3.225e-06,6.000000000000001,32.25,0.12974318065569476,1.2150866409899924e+18
interface_8x,T01_A_STAGE_2,1.0,0.01,channel,0.0006000000000000001,3.2625e-06,6.000000000000001,32.625,0.12610968227884442,1.0557647556127368e+18
interface_8x,T01_A_STAGE_2,1.0,0.01,channel,0.0006000000000000001,3.3e-06,6.000000000000001,33.0,0.12274229206707576,9.268244756754335e+17
interface_8x,T01_A_STAGE_2,1.0,0.01,channel,0.0006000000000000001,3.3375000000000002e-06,6.000000000000001,33.375,0.1196081995234558,8.210073719123416e+17
interface_8x,T01_A_STAGE_2,1.0,0.01,channel,0.0006000000000000001,3.3750000000000003e-06,6.000000000000001,33.75,0.11668047813781902,7.3310047707674e+17
interface_8x,T01_A_STAGE_2,1.0,0.01,channel,0.0006000000000000001,3.4125000000000004e-06,6.000000000000001,34.12500000000001,0.11393675888083804,6.592817398796442e+17
interface_8x,T01_A_STAGE_2,1.0,0.01,channel,0.0006000000000000001,3.45e-06,6.000000000000001,34.5,0.1113582576343802,5.966973825746081e+17
interface_8x,T01_A_STAGE_2,1.0,0.01,channel,0.0006000000000000001,3.4875e-06,6.000000000000001,34.875,0.10892904901140257,5.431818176573807e+17
interface_8x,T01_A_STAGE_2,1.0,0.01,channel,0.0006000000000000001,3.525e-06,6.000000000000001,35.25,0.1066355152946221,4.970677117414828e+17
interface_8x,T01_A_STAGE_2,1.0,0.01,channel,0.0006000000000000001,3.5625e-06,6.000000000000001,35.625,0.10446592216229338,4.5705450389079475e+17
interface_8x,T01_A_STAGE_2,1.0,0.01,channel,0.0006000000000000001,3.6000000000000003e-06,6.000000000000001,36.0,0.1024100877439093,4.221156895873014e+17
interface_8x,T01_A_STAGE_2,1.0,0.01,channel,0.0006000000000000001,3.6375000000000003e-06,6.000000000000001,36.375,0.10045912141304879,3.9143233891175443e+17
interface_8x,T01_A_STAGE_2,1.0,0.01,channel,0.0006000000000000001,3.6750000000000004e-06,6.000000000000001,36.75000000000001,0.09860521540022561,3.643446968088529e+17
interface_8x,T01_A_STAGE_2,1.0,0.01,channel,0.0006000000000000001,3.7125000000000005e-06,6.000000000000001,37.12500000000001,0.09684147690980928,3.403164560622832e+17
interface_8x,T01_A_STAGE_2,1.0,0.01,channel,0.0006000000000000001,3.7500000000000005e-06,6.000000000000001,37.50000000000001,0.0951617916498213,3.1890804818324755e+17
interface_8x,T01_A_STAGE_2,1.0,0.01,channel,0.0006000000000000001,3.7875000000000006e-06,6.000000000000001,37.87500000000001,0.09356071197813307,2.997564417563416e+17
interface_8x,T01_A_STAGE_2,1.0,0.01,channel,0.0006000000000000001,3.825000000000001e-06,6.000000000000001,38.25000000000001,0.09203336452449716,2.8255969746548726e+17
interface_8x,T01_A_STAGE_2,1.0,0.01,channel,0.0006000000000000001,3.862500000000001e-06,6.000000000000001,38.62500000000001,0.09057537335824171,2.6706504162325894e+17
interface_8x,T01_A_STAGE_2,1.0,0.01,channel,0.0006000000000000001,3.9e-06,6.000000000000001,39.0,0.0891827956667853,2.530595711477481e+17
interface_8x,T01_A_STAGE_2,1.0,0.01,channel,0.0006000000000000001,3.937500000000001e-06,6.000000000000001,39.37500000000001,0.0878520675797352,2.4036294681199165e+17
interface_8x,T01_A_STAGE_2,1.0,0.01,channel,0.0006000000000000001,3.975e-06,6.000000000000001,39.75,0.08657995827927388,2.2882160318836682e+17
interface_8x,T01_A_STAGE_2,1.0,0.01,channel,0.0006000000000000001,4.0125e-06,6.000000000000001,40.125,0.08536353092347912,2.1830412590946378e+17
interface_8x,T01_A_STAGE_2,1.0,0.01,channel,0.0006000000000000001,4.05e-06,6.000000000000001,40.5,0.08420010920626433,2.0869753487092506e+17
interface_8x,T01_A_STAGE_2,1.0,0.01,channel,0.0006000000000000001,4.0875e-06,6.000000000000001,40.875,0.0830872486081515,1.999042760487035e+17
interface_8x,T01_A_STAGE_2,1.0,0.01,channel,0.0006000000000000001,4.125e-06,6.000000000000001,41.25,0.08202271157240687,1.9183977167634618e+17
interface_8x,T01_A_STAGE_2,1.0,0.01,channel,0.0006000000000000001,4.1625e-06,6.000000000000001,41.62500000000001,0.08100444598315086,1.8443041344732656e+17
interface_8x,T01_A_STAGE_2,1.0,0.01,channel,0.0006000000000000001,4.2000000000000004e-06,6.000000000000001,42.00000000000001,0.08003056643478662,1.776119095377708e+17
interface_8x,T01_A_STAGE_2,1.0,0.01,channel,0.0006000000000000001,4.5e-06,6.000000000000001,45.0,0.07377496553321729,1.3943847150188418e+17
interface_8x,T01_A_STAGE_2,1.0,0.01,channel,0.0006000000000000001,4.8e-06,6.000000000000001,48.0,0.06962734978780052,1.1876972079027179e+17
interface_8x,T01_A_STAGE_2,1.0,0.01,channel,0.0006000000000000001,5.1e-06,6.000000000000001,51.0,0.06725111587442892,1.0833948396084632e+17
interface_8x,T01_A_STAGE_2,1.0,0.01,channel,0.0006000000000000001,5.4e-06,6.000000000000001,54.0,0.06647640096796084,1.0514100525380907e+17
interface_8x,T01_A_STAGE_2,1.0,0.01,channel,0.000625,3e-06,6.25,30.0,0.1605582549826295,3.97804067550024e+18
interface_8x,T01_A_STAGE_2,1.0,0.01,channel,0.000625,3.0375e-06,6.25,30.375,0.15392785940039533,3.078105324129216e+18
interface_8x,T01_A_STAGE_2,1.0,0.01,channel,0.000625,3.075e-06,6.25,30.750000000000004,0.14807818230557815,2.4547836727293716e+18
interface_8x,T01_A_STAGE_2,1.0,0.01,channel,0.000625,3.1125000000000003e-06,6.25,31.125000000000004,0.1428506115628439,2.0053671789165711e+18
interface_8x,T01_A_STAGE_2,1.0,0.01,channel,0.000625,3.1500000000000003e-06,6.25,31.500000000000004,0.13813078741976306,1.6707225980393103e+18
interface_8x,T01_A_STAGE_2,1.0,0.01,channel,0.000625,3.1875e-06,6.25,31.875,0.13383355529934998,1.414861810952156e+18
interface_8x,T01_A_STAGE_2,1.0,0.01,channel,0.000625,3.225e-06,6.25,32.25,0.12989380816465648,1.2148682598548908e+18
interface_8x,T01_A_STAGE_2,1.0,0.01,channel,0.000625,3.2625e-06,6.25,32.625,0.1262606551086823,1.0555891086138678e+18
interface_8x,T01_A_STAGE_2,1.0,0.01,channel,0.000625,3.3e-06,6.25,33.0,0.12289356552217319,9.266810564369394e+17
interface_8x,T01_A_STAGE_2,1.0,0.01,channel,0.000625,3.3375000000000002e-06,6.25,33.375,0.11975973710896033,8.208887140824988e+17
interface_8x,T01_A_STAGE_2,1.0,0.01,channel,0.000625,3.3750000000000003e-06,6.25,33.75,0.11683224965973411,7.330011571217637e+17
interface_8x,T01_A_STAGE_2,1.0,0.01,channel,0.000625,3.4125000000000004e-06,6.25,34.12500000000001,0.11408873906593578,6.591977414987072e+17
interface_8x,T01_A_STAGE_2,1.0,0.01,channel,0.000625,3.45e-06,6.25,34.5,0.11151042510820239,5.966256803290203e+17
interface_8x,T01_A_STAGE_2,1.0,0.01,channel,0.000625,3.4875e-06,6.25,34.875,0.10908138552839931,5.4312009750561325e+17
interface_8x,T01_A_STAGE_2,1.0,0.01,channel,0.000625,3.525e-06,6.25,35.25,0.10678800514931443,4.970141793645902e+17
interface_8x,T01_A_STAGE_2,1.0,0.01,channel,0.000625,3.5625e-06,6.25,35.625,0.10461855173268596,4.570077506566127e+17
interface_8x,T01_A_STAGE_2,1.0,0.01,channel,0.000625,3.6000000000000003e-06,6.25,36.0,0.10256284513304603,4.22074597167805e+17
interface_8x,T01_A_STAGE_2,1.0,0.01,channel,0.000625,3.6375000000000003e-06,6.25,36.375,0.10061199616443998,3.9139601032264896e+17
interface_8x,T01_A_STAGE_2,1.0,0.01,channel,0.000625,3.6750000000000004e-06,6.25,36.75000000000001,0.09875819826959892,3.6431240582737824e+17
interface_8x,T01_A_STAGE_2,1.0,0.01,channel,0.000625,3.7125000000000005e-06,6.25,37.12500000000001,0.09699455968031304,3.4028760963244365e+17
interface_8x,T01_A_STAGE_2,1.0,0.01,channel,0.000625,3.7500000000000005e-06,6.25,37.50000000000001,0.09531496698111391,3.1888215813318285e+17
interface_8x,T01_A_STAGE_2,1.0,0.01,channel,0.000625,3.7875000000000006e-06,6.25,37.87500000000001,0.09371397328216141,2.9973310328235085e+17
interface_8x,T01_A_STAGE_2,1.0,0.01,channel,0.000625,3.825000000000001e-06,6.25,38.25000000000001,0.09218670586248918,2.8253857259396224e+17
interface_8x,T01_A_STAGE_2,1.0,0.01,channel,0.000625,3.862500000000001e-06,6.25,38.62500000000001,0.0907287893547047,2.6704584637660656e+17
interface_8x,T01_A_STAGE_2,1.0,0.01,channel,0.000625,3.9e-06,6.25,39.0,0.08933628143724416,2.5304206549570538e+17
interface_8x,T01_A_STAGE_2,1.0,0.01,channel,0.000625,3.937500000000001e-06,6.25,39.37500000000001,0.0880056186696537,2.403469267382722e+17
interface_8x,T01_A_STAGE_2,1.0,0.01,channel,0.000625,3.975e-06,6.25,39.75,0.08673357061214015,2.2880689437859174e+17
interface_8x,T01_A_STAGE_2,1.0,0.01,channel,0.000625,4.0125e-06,6.25,40.125,0.0855172007564491,2.182905786924355e+17
interface_8x,T01_A_STAGE_2,1.0,0.01,channel,0.000625,4.05e-06,6.25,40.5,0.08435383309207603,2.0868502013663498e+17
interface_8x,T01_A_STAGE_2,1.0,0.01,channel,0.000625,4.0875e-06,6.25,40.875,0.0832410233622713,1.9989268193328576e+17
interface_8x,T01_A_STAGE_2,1.0,0.01,channel,0.000625,4.125e-06,6.25,41.25,0.08217653424456438,1.918290008535471e+17
interface_8x,T01_A_STAGE_2,1.0,0.01,channel,0.000625,4.1625e-06,6.25,41.62500000000001,0.08115831383257295,1.8442038090284208e+17
interface_8x,T01_A_STAGE_2,1.0,0.01,channel,0.000625,4.2000000000000004e-06,6.25,42.00000000000001,0.0801844769085645,1.776025407304516e+17
interface_8x,T01_A_STAGE_2,1.0,0.01,channel,0.000625,4.5e-06,6.25,45.0,0.07392913117739482,1.394324925480321e+17
interface_8x,T01_A_STAGE_2,1.0,0.01,channel,0.000625,4.8e-06,6.25,48.0,0.06978167323143314,1.1876535302377413e+17
interface_8x,T01_A_STAGE_2,1.0,0.01,channel,0.000625,5.1e-06,6.25,51.0,0.06740552598574959,1.0833586295776832e+17
interface_8x,T01_A_STAGE_2,1.0,0.01,channel,0.000625,5.4e-06,6.25,54.0,0.06663083877670432,1.0513760379537222e+17
interface_8x,T01_A_STAGE_2,1.0,0.01,channel,0.0006500000000000001,3e-06,6.500000000000001,30.0,0.16070486870679593,3.9767041723708667e+18
interface_8x,T01_A_STAGE_2,1.0,0.01,channel,0.0006500000000000001,3.0375e-06,6.500000000000001,30.375,0.15407554929609252,3.0771992679802557e+18
interface_8x,T01_A_STAGE_2,1.0,0.01,channel,0.0006500000000000001,3.075e-06,6.500000000000001,30.750000000000004,0.14822671781527577,2.4541413677024205e+18
interface_8x,T01_A_STAGE_2,1.0,0.01,channel,0.0006500000000000001,3.1125000000000003e-06,6.500000000000001,31.125000000000004,0.14299982924384486,2.0048953693141348e+18
interface_8x,T01_A_STAGE_2,1.0,0.01,channel,0.0006500000000000001,3.1500000000000003e-06,6.500000000000001,31.500000000000004,0.1382805672141031,1.670365840642679e+18
interface_8x,T01_A_STAGE_2,1.0,0.01,channel,0.0006500000000000001,3.1875e-06,6.500000000000001,31.875,0.13398380642556443,1.414585479124215e+18
interface_8x,T01_A_STAGE_2,1.0,0.01,channel,0.0006500000000000001,3.225e-06,6.500000000000001,32.25,0.1300444603065912,1.2146498295628541e+18
interface_8x,T01_A_STAGE_2,1.0,0.01,channel,0.0006500000000000001,3.2625e-06,6.500000000000001,32.625,0.12641165268396665,1.0554134186132655e+18
interface_8x,T01_A_STAGE_2,1.0,0.01,channel,0.0006500000000000001,3.3e-06,6.500000000000001,33.0,0.12304486382424817,9.265375996255958e+17
interface_8x,T01_A_STAGE_2,1.0,0.01,channel,0.0006500000000000001,3.3375000000000002e-06,6.500000000000001,33.375,0.11991129963341264,8.207700233784512e+17
interface_8x,T01_A_STAGE_2,1.0,0.01,channel,0.0006500000000000001,3.3750000000000003e-06,6.500000000000001,33.75,0.11698404620420196,7.32901808324607e+17
interface_8x,T01_A_STAGE_2,1.0,0.01,channel,0.0006500000000000001,3.4125000000000004e-06,6.500000000000001,34.12500000000001,0.114240744349852,6.591137177249119e+17
interface_8x,T01_A_STAGE_2,1.0,0.01,channel,0.0006500000000000001,3.45e-06,6.500000000000001,34.5,0.11166261775064724,5.965539556412827e+17
interface_8x,T01_A_STAGE_2,1.0,0.01,channel,0.0006500000000000001,3.4875e-06,6.500000000000001,34.875,0.10923374727811219,5.430583574401681e+17
interface_8x,T01_A_STAGE_2,1.0,0.01,channel,0.0006500000000000001,3.525e-06,6.500000000000001,35.25,0.1069405202957491,4.9696062924654886e+17
interface_8x,T01_A_STAGE_2,1.0,0.01,channel,0.0006500000000000001,3.5625e-06,6.500000000000001,35.625,0.10477120664933262,4.5696098155409146e+17
interface_8x,T01_A_STAGE_2,1.0,0.01,channel,0.0006500000000000001,3.6000000000000003e-06,6.500000000000001,36.0,0.10271562791891067,4.2203349050017715e+17
interface_8x,T01_A_STAGE_2,1.0,0.01,channel,0.0006500000000000001,3.6375000000000003e-06,6.500000000000001,36.375,0.10076489635940732,3.9135966889227565e+17
interface_8x,T01_A_STAGE_2,1.0,0.01,channel,0.0006500000000000001,3.6750000000000004e-06,6.500000000000001,36.75000000000001,0.09891120662612894,3.642801032307946e+17
interface_8x,T01_A_STAGE_2,1.0,0.01,channel,0.0006500000000000001,3.7125000000000005e-06,6.500000000000001,37.12500000000001,0.09714766797859851,3.4025875266008845e+17
interface_8x,T01_A_STAGE_2,1.0,0.01,channel,0.0006500000000000001,3.7500000000000005e-06,6.500000000000001,37.50000000000001,0.09546816787813053,3.188562584822279e+17
interface_8x,T01_A_STAGE_2,1.0,0.01,channel,0.0006500000000000001,3.7875000000000006e-06,6.500000000000001,37.87500000000001,0.09386726018741302,2.997097560369887e+17
interface_8x,T01_A_STAGE_2,1.0,0.01,channel,0.0006500000000000001,3.825000000000001e-06,6.500000000000001,38.25000000000001,0.09234007283497171,2.825174396842659e+17
interface_8x,T01_A_STAGE_2,1.0,0.01,channel,0.0006500000000000001,3.862500000000001e-06,6.500000000000001,38.62500000000001,0.09088223101688002,2.6702664374192202e+17
interface_8x,T01_A_STAGE_2,1.0,0.01,channel,0.0006500000000000001,3.9e-06,6.500000000000001,39.0,0.08948979290275721,2.530245530338801e+17
interface_8x,T01_A_STAGE_2,1.0,0.01,channel,0.0006500000000000001,3.937500000000001e-06,6.500000000000001,39.37500000000001,0.08815919548223543,2.4033090037057654e+17
interface_8x,T01_A_STAGE_2,1.0,0.01,channel,0.0006500000000000001,3.975e-06,6.500000000000001,39.75,0.08688720869367708,2.287921797362194e+17
interface_8x,T01_A_STAGE_2,1.0,0.01,channel,0.0006500000000000001,4.0125e-06,6.500000000000001,40.125,0.085670896362613,2.182770260565871e+17
interface_8x,T01_A_STAGE_2,1.0,0.01,channel,0.0006500000000000001,4.05e-06,6.500000000000001,40.5,0.08450758277422601,2.0867250035553274e+17
interface_8x,T01_A_STAGE_2,1.0,0.01,channel,0.0006500000000000001,4.0875e-06,6.500000000000001,40.875,0.08339482393458954,1.9988108310629536e+17
interface_8x,T01_A_STAGE_2,1.0,0.01,channel,0.0006500000000000001,4.125e-06,6.500000000000001,41.25,0.08233038275558154,1.9181822562194778e+17
interface_8x,T01_A_STAGE_2,1.0,0.01,channel,0.0006500000000000001,4.1625e-06,6.500000000000001,41.62500000000001,0.08131220754039405,1.8441034422357456e+17
interface_8x,T01_A_STAGE_2,1.0,0.01,channel,0.0006500000000000001,4.2000000000000004e-06,6.500000000000001,42.00000000000001,0.08033841325922862,1.7759316803682442e+17
interface_8x,T01_A_STAGE_2,1.0,0.01,channel,0.0006500000000000001,4.5e-06,6.500000000000001,45.0,0.07408332281075504,1.394265110171096e+17
interface_8x,T01_A_STAGE_2,1.0,0.01,channel,0.0006500000000000001,4.8e-06,6.500000000000001,48.0,0.06993602273457576,1.1876098332750296e+17
interface_8x,T01_A_STAGE_2,1.0,0.01,channel,0.0006500000000000001,5.1e-06,6.500000000000001,51.0,0.06755996219548,1.0833224033188814e+17
interface_8x,T01_A_STAGE_2,1.0,0.01,channel,0.0006500000000000001,5.4e-06,6.500000000000001,54.0,0.06678530269632897,1.0513420080534859e+17
interface_8x,T01_A_STAGE_2,1.0,0.01,channel,0.000675,3e-06,6.75,30.0,0.16085150609250698,3.975367677497477e+18
interface_8x,T01_A_STAGE_2,1.0,0.01,channel,0.000675,3.0375e-06,6.75,30.375,0.15422326305550788,3.076293161507225e+18
interface_8x,T01_A_STAGE_2,1.0,0.01,channel,0.000675,3.075e-06,6.75,30.750000000000004,0.1483752773780595,2.4534989958649846e+18
interface_8x,T01_A_STAGE_2,1.0,0.01,channel,0.000675,3.1125000000000003e-06,6.75,31.125000000000004,0.14314907115029907,2.0044234921977436e+18
interface_8x,T01_A_STAGE_2,1.0,0.01,channel,0.000675,3.1500000000000003e-06,6.75,31.500000000000004,0.13843037138908382,1.6700090207165358e+18
interface_8x,T01_A_STAGE_2,1.0,0.01,channel,0.000675,3.1875e-06,6.75,31.875,0.13413408207169547,1.4143090914138045e+18
interface_8x,T01_A_STAGE_2,1.0,0.01,channel,0.000675,3.225e-06,6.75,32.25,0.13019513709349848,1.2144313500916708e+18
interface_8x,T01_A_STAGE_2,1.0,0.01,channel,0.000675,3.2625e-06,6.75,32.625,0.12656267501676524,1.05523768559031e+18
interface_8x,T01_A_STAGE_2,1.0,0.01,channel,0.000675,3.3e-06,6.75,33.0,0.12319618698543151,9.263941052224879e+17
interface_8x,T01_A_STAGE_2,1.0,0.01,channel,0.000675,3.3375000000000002e-06,6.75,33.375,0.12006288710900172,8.206512997829635e+17
interface_8x,T01_A_STAGE_2,1.0,0.01,channel,0.000675,3.3750000000000003e-06,6.75,33.75,0.11713586778346531,7.328024306696172e+17
interface_8x,T01_A_STAGE_2,1.0,0.01,channel,0.000675,3.4125000000000004e-06,6.75,34.12500000000001,0.11439277474487923,6.590296685440621e+17
interface_8x,T01_A_STAGE_2,1.0,0.01,channel,0.000675,3.45e-06,6.75,34.5,0.11181483557405347,5.964822084985192e+17
interface_8x,T01_A_STAGE_2,1.0,0.01,channel,0.000675,3.4875e-06,6.75,34.875,0.10938613427292286,5.429965974493566e+17
interface_8x,T01_A_STAGE_2,1.0,0.01,channel,0.000675,3.525e-06,6.75,35.25,0.10709306074634767,4.9690706137673274e+17
interface_8x,T01_A_STAGE_2,1.0,0.01,channel,0.000675,3.5625e-06,6.75,35.625,0.10492388692469214,4.5691419657355354e+17
interface_8x,T01_A_STAGE_2,1.0,0.01,channel,0.000675,3.6000000000000003e-06,6.75,36.0,0.10286843611399679,4.21992369575586e+17
interface_8x,T01_A_STAGE_2,1.0,0.01,channel,0.000675,3.6375000000000003e-06,6.75,36.375,0.10091782201047683,3.9132331461255686e+17
interface_8x,T01_A_STAGE_2,1.0,0.01,channel,0.000675,3.6750000000000004e-06,6.75,36.75000000000001,0.09906424048237224,3.6424778901169766e+17
interface_8x,T01_A_STAGE_2,1.0,0.01,channel,0.000675,3.7125000000000005e-06,6.75,37.12500000000001,0.09730080181725079,3.402298851384143e+17
interface_8x,T01_A_STAGE_2,1.0,0.01,channel,0.000675,3.7500000000000005e-06,6.75,37.50000000000001,0.09562139435348313,3.188303492241172e+17
interface_8x,T01_A_STAGE_2,1.0,0.01,channel,0.000675,3.7875000000000006e-06,6.75,37.87500000000001,0.09402057270652507,2.996864000144714e+17
interface_8x,T01_A_STAGE_2,1.0,0.01,channel,0.000675,3.825000000000001e-06,6.75,38.25000000000001,0.09249346545460572,2.82496298731047e+17
interface_8x,T01_A_STAGE_2,1.0,0.01,channel,0.000675,3.862500000000001e-06,6.75,38.62500000000001,0.09103569835745107,2.6700743371424307e+17
interface_8x,T01_A_STAGE_2,1.0,0.01,channel,0.000675,3.9e-06,6.75,39.0,0.08964333007602898,2.5300703375766054e+17
interface_8x,T01_A_STAGE_2,1.0,0.01,channel,0.000675,3.937500000000001e-06,6.75,39.37500000000001,0.08831279803020488,2.4031486770460934e+17
interface_8x,T01_A_STAGE_2,1.0,0.01,channel,0.000675,3.975e-06,6.75,39.75,0.08704087253662807,2.2877745925724042e+17
interface_8x,T01_A_STAGE_2,1.0,0.01,channel,0.000675,4.0125e-06,6.75,40.125,0.08582461775473207,2.1826346799816858e+17
interface_8x,T01_A_STAGE_2,1.0,0.01,channel,0.000675,4.05e-06,6.75,40.5,0.08466135826549245,2.0865997552410355e+17
interface_8x,T01_A_STAGE_2,1.0,0.01,channel,0.000675,4.0875e-06,6.75,40.875,0.08354865033790038,1.998694795644313e+17
interface_8x,T01_A_STAGE_2,1.0,0.01,channel,0.000675,4.125e-06,6.75,41.25,0.0824842571182677,1.918074459784419e+17
interface_8x,T01_A_STAGE_2,1.0,0.01,channel,0.000675,4.1625e-06,6.75,41.62500000000001,0.0814661271194379,1.8440030340659523e+17
interface_8x,T01_A_STAGE_2,1.0,0.01,channel,0.000675,4.2000000000000004e-06,6.75,42.00000000000001,0.08049237549961631,1.7758379145412246e+17
interface_8x,T01_A_STAGE_2,1.0,0.01,channel,0.000675,4.5e-06,6.75,45.0,0.07423754044621911,1.3942052690722576e+17
interface_8x,T01_A_STAGE_2,1.0,0.01,channel,0.000675,4.8e-06,6.75,48.0,0.07009039831020249,1.1875661170001456e+17
interface_8x,T01_A_STAGE_2,1.0,0.01,channel,0.000675,5.1e-06,6.75,51.0,0.06771442451662373,1.0832861608197813e+17
interface_8x,T01_A_STAGE_2,1.0,0.01,channel,0.000675,5.4e-06,6.75,54.0,0.06693979273984785,1.0513079628257526e+17
interface_8x,T01_A_STAGE_2,1.0,0.01,channel,0.0007,3e-06,7.0,30.0,0.16099816715124574,3.9740311908868664e+18
interface_8x,T01_A_STAGE_2,1.0,0.01,channel,0.0007,3.0375e-06,7.0,30.375,0.15437100069022294,3.0753870047014794e+18
interface_8x,T01_A_STAGE_2,1.0,0.01,channel,0.0007,3.075e-06,7.0,30.750000000000004,0.1485238610056072,2.4528565571990134e+18
interface_8x,T01_A_STAGE_2,1.0,0.01,channel,0.0007,3.1125000000000003e-06,7.0,31.125000000000004,0.14329833729397612,2.003951547544937e+18
interface_8x,T01_A_STAGE_2,1.0,0.01,channel,0.0007,3.1500000000000003e-06,7.0,31.500000000000004,0.13858019995656065,1.6696521382370819e+18
interface_8x,T01_A_STAGE_2,1.0,0.01,channel,0.0007,3.1875e-06,7.0,31.875,0.13428438224967854,1.4140326477974828e+18
interface_8x,T01_A_STAGE_2,1.0,0.01,channel,0.0007,3.225e-06,7.0,32.25,0.13034583853738763,1.2142128214191127e+18
interface_8x,T01_A_STAGE_2,1.0,0.01,channel,0.0007,3.2625e-06,7.0,32.625,0.1267137221191557,1.0550619095243656e+18
interface_8x,T01_A_STAGE_2,1.0,0.01,channel,0.0007,3.3e-06,7.0,33.0,0.12334753501786384,9.26250573208687e+17
interface_8x,T01_A_STAGE_2,1.0,0.01,channel,0.0007,3.3375000000000002e-06,7.0,33.375,0.12021449954792639,8.205325432787863e+17
interface_8x,T01_A_STAGE_2,1.0,0.01,channel,0.0007,3.3750000000000003e-06,7.0,33.75,0.11728771440977687,7.327030241411286e+17
interface_8x,T01_A_STAGE_2,1.0,0.01,channel,0.0007,3.4125000000000004e-06,7.0,34.12500000000001,0.11454483026332,6.589455939419485e+17
interface_8x,T01_A_STAGE_2,1.0,0.01,channel,0.0007,3.45e-06,7.0,34.5,0.11196707859076982,5.96410438887842e+17
interface_8x,T01_A_STAGE_2,1.0,0.01,channel,0.0007,3.4875e-06,7.0,34.875,0.10953854652522296,5.429348175214793e+17
interface_8x,T01_A_STAGE_2,1.0,0.01,channel,0.0007,3.525e-06,7.0,35.25,0.10724562651354179,4.9685347574450566e+17
interface_8x,T01_A_STAGE_2,1.0,0.01,channel,0.0007,3.5625e-06,7.0,35.625,0.10507659257123345,4.5686739570531206e+17
interface_8x,T01_A_STAGE_2,1.0,0.01,channel,0.0007,3.6000000000000003e-06,7.0,36.0,0.10302126973080808,4.219512343851912e+17
interface_8x,T01_A_STAGE_2,1.0,0.01,channel,0.0007,3.6375000000000003e-06,7.0,36.375,0.10107077313018482,3.912869474754069e+17
interface_8x,T01_A_STAGE_2,1.0,0.01,channel,0.0007,3.6750000000000004e-06,7.0,36.75000000000001,0.09921729985089552,3.642154631626751e+17
interface_8x,T01_A_STAGE_2,1.0,0.01,channel,0.0007,3.7125000000000005e-06,7.0,37.12500000000001,0.09745396120886524,3.402010070606104e+17
interface_8x,T01_A_STAGE_2,1.0,0.01,channel,0.0007,3.7500000000000005e-06,7.0,37.50000000000001,0.0957746464197939,3.1880443035257824e+17
interface_8x,T01_A_STAGE_2,1.0,0.01,channel,0.0007,3.7875000000000006e-06,7.0,37.87500000000001,0.09417391085214508,2.99663035209009e+17
interface_8x,T01_A_STAGE_2,1.0,0.01,channel,0.0007,3.825000000000001e-06,7.0,38.25000000000001,0.0926468837340625,2.8247514972894848e+17
interface_8x,T01_A_STAGE_2,1.0,0.01,channel,0.0007,3.862500000000001e-06,7.0,38.62500000000001,0.09118919138911158,2.66988216288602e+17
interface_8x,T01_A_STAGE_2,1.0,0.01,channel,0.0007,3.9e-06,7.0,39.0,0.08979689296977442,2.529895076624297e+17
interface_8x,T01_A_STAGE_2,1.0,0.01,channel,0.0007,3.937500000000001e-06,7.0,39.37500000000001,0.08846642632629698,2.4029882873607027e+17
interface_8x,T01_A_STAGE_2,1.0,0.01,channel,0.0007,3.975e-06,7.0,39.75,0.08719456215374694,2.2876273293764093e+17
interface_8x,T01_A_STAGE_2,1.0,0.01,channel,0.0007,4.0125e-06,7.0,40.125,0.08597836494557803,2.1824990451342525e+17
interface_8x,T01_A_STAGE_2,1.0,0.01,channel,0.0007,4.05e-06,7.0,40.5,0.08481515957866399,2.0864744563882826e+17
interface_8x,T01_A_STAGE_2,1.0,0.01,channel,0.0007,4.0875e-06,7.0,40.875,0.08370250258500853,1.9985787130438838e+17
interface_8x,T01_A_STAGE_2,1.0,0.01,channel,0.0007,4.125e-06,7.0,41.25,0.08263815734544278,1.91796661919919e+17
interface_8x,T01_A_STAGE_2,1.0,0.01,channel,0.0007,4.1625e-06,7.0,41.62500000000001,0.08162007258253878,1.8439025844897133e+17
interface_8x,T01_A_STAGE_2,1.0,0.01,channel,0.0007,4.2000000000000004e-06,7.0,42.00000000000001,0.08064636364257553,1.775744109795754e+17
interface_8x,T01_A_STAGE_2,1.0,0.01,channel,0.0007,4.5e-06,7.0,45.0,0.07439178409671883,1.3941454021648741e+17
interface_8x,T01_A_STAGE_2,1.0,0.01,channel,0.0007,4.8e-06,7.0,48.0,0.07024479997129818,1.1875223813986347e+17
interface_8x,T01_A_STAGE_2,1.0,0.01,channel,0.0007,5.1e-06,7.0,51.0,0.06786891296219515,1.0832499020680907e+17
interface_8x,T01_A_STAGE_2,1.0,0.01,channel,0.0007,5.4e-06,7.0,54.0,0.06709430892028476,1.0512739022588786e+17
interface_8x,T01_A_STAGE_2,1.0,0.01,channel,0.0007250000000000001,3e-06,7.250000000000001,30.0,0.16114485189450464,3.972694712545834e+18
interface_8x,T01_A_STAGE_2,1.0,0.01,channel,0.0007250000000000001,3.0375e-06,7.250000000000001,30.375,0.15451876221182873,3.074480797554371e+18
interface_8x,T01_A_STAGE_2,1.0,0.01,channel,0.0007250000000000001,3.075e-06,7.250000000000001,30.750000000000004,0.14867246870960618,2.4522140516864466e+18
interface_8x,T01_A_STAGE_2,1.0,0.01,channel,0.0007250000000000001,3.1125000000000003e-06,7.250000000000001,31.125000000000004,0.143447627686655,2.003479535333239e+18
interface_8x,T01_A_STAGE_2,1.0,0.01,channel,0.0007250000000000001,3.1500000000000003e-06,7.250000000000001,31.500000000000004,0.13873005292839877,1.6692951931805015e+18
interface_8x,T01_A_STAGE_2,1.0,0.01,channel,0.0007250000000000001,3.1875e-06,7.250000000000001,31.875,0.13443470697145868,1.4137561482517893e+18
interface_8x,T01_A_STAGE_2,1.0,0.01,channel,0.0007250000000000001,3.225e-06,7.250000000000001,32.25,0.13049656465027779,1.2139942435229353e+18
interface_8x,T01_A_STAGE_2,1.0,0.01,channel,0.0007250000000000001,3.2625e-06,7.250000000000001,32.625,0.12686479400322542,1.0548860903947807e+18
interface_8x,T01_A_STAGE_2,1.0,0.01,channel,0.0007250000000000001,3.3e-06,7.250000000000001,33.0,0.1234989079336957,9.261070035652483e+17
interface_8x,T01_A_STAGE_2,1.0,0.01,channel,0.0007250000000000001,3.3375000000000002e-06,7.250000000000001,33.375,0.12036613696239548,8.20413753848656e+17
interface_8x,T01_A_STAGE_2,1.0,0.01,channel,0.0007250000000000001,3.3750000000000003e-06,7.250000000000001,33.75,0.11743958609539927,7.326035887234627e+17
interface_8x,T01_A_STAGE_2,1.0,0.01,channel,0.0007250000000000001,3.4125000000000004e-06,7.250000000000001,34.12500000000001,0.11469691091748688,6.588614939043511e+17
interface_8x,T01_A_STAGE_2,1.0,0.01,channel,0.0007250000000000001,3.45e-06,7.250000000000001,34.5,0.11211934681315512,5.963386467963534e+17
interface_8x,T01_A_STAGE_2,1.0,0.01,channel,0.0007250000000000001,3.4875e-06,7.250000000000001,34.875,0.10969098404741436,5.428730176448274e+17
interface_8x,T01_A_STAGE_2,1.0,0.01,channel,0.0007250000000000001,3.525e-06,7.250000000000001,35.25,0.10739821760977329,4.9679987233922304e+17
interface_8x,T01_A_STAGE_2,1.0,0.01,channel,0.0007250000000000001,3.5625e-06,7.250000000000001,35.625,0.10522932360143565,4.5682057893967226e+17
interface_8x,T01_A_STAGE_2,1.0,0.01,channel,0.0007250000000000001,3.6000000000000003e-06,7.250000000000001,36.0,0.1031741287818585,4.2191008492014483e+17
interface_8x,T01_A_STAGE_2,1.0,0.01,channel,0.0007250000000000001,3.6375000000000003e-06,7.250000000000001,36.375,0.10122374973107781,3.9125056747273344e+17
interface_8x,T01_A_STAGE_2,1.0,0.01,channel,0.0007250000000000001,3.6750000000000004e-06,7.250000000000001,36.75000000000001,0.09937038474427587,3.641831256763085e+17
interface_8x,T01_A_STAGE_2,1.0,0.01,channel,0.0007250000000000001,3.7125000000000005e-06,7.250000000000001,37.12500000000001,0.09760714616604754,3.401721184198607e+17
interface_8x,T01_A_STAGE_2,1.0,0.01,channel,0.0007250000000000001,3.7500000000000005e-06,7.250000000000001,37.50000000000001,0.09592792408969544,3.187785018613335e+17
interface_8x,T01_A_STAGE_2,1.0,0.01,channel,0.0007250000000000001,3.7875000000000006e-06,7.250000000000001,37.87500000000001,0.0943272746369309,2.996396616148065e+17
interface_8x,T01_A_STAGE_2,1.0,0.01,channel,0.0007250000000000001,3.825000000000001e-06,7.250000000000001,38.25000000000001,0.09280032768602377,2.8245399267260886e+17
interface_8x,T01_A_STAGE_2,1.0,0.01,channel,0.0007250000000000001,3.862500000000001e-06,7.250000000000001,38.62500000000001,0.09134271012456571,2.6696899146002698e+17
interface_8x,T01_A_STAGE_2,1.0,0.01,channel,0.0007250000000000001,3.9e-06,7.250000000000001,39.0,0.08995048159671884,2.5297197474356694e+17
interface_8x,T01_A_STAGE_2,1.0,0.01,channel,0.0007250000000000001,3.937500000000001e-06,7.250000000000001,39.37500000000001,0.0886200803832571,2.4028278346065558e+17
interface_8x,T01_A_STAGE_2,1.0,0.01,channel,0.0007250000000000001,3.975e-06,7.250000000000001,39.75,0.08734827755779796,2.2874800077340384e+17
interface_8x,T01_A_STAGE_2,1.0,0.01,channel,0.0007250000000000001,4.0125e-06,7.250000000000001,40.125,0.08613213794793308,2.182363355985997e+17
interface_8x,T01_A_STAGE_2,1.0,0.01,channel,0.0007250000000000001,4.05e-06,7.250000000000001,40.5,0.08496898672653977,2.0863491069618506e+17
interface_8x,T01_A_STAGE_2,1.0,0.01,channel,0.0007250000000000001,4.0875e-06,7.250000000000001,40.875,0.08385638068872917,1.9984625832285898e+17
interface_8x,T01_A_STAGE_2,1.0,0.01,channel,0.0007250000000000001,4.125e-06,7.250000000000001,41.25,0.08279208344993713,1.917858734432666e+17
interface_8x,T01_A_STAGE_2,1.0,0.01,channel,0.0007250000000000001,4.1625e-06,7.250000000000001,41.62500000000001,0.08177404394254151,1.8438020934776813e+17
interface_8x,T01_A_STAGE_2,1.0,0.01,channel,0.0007250000000000001,4.2000000000000004e-06,7.250000000000001,42.00000000000001,0.08080037770096477,1.7756502661041075e+17
interface_8x,T01_A_STAGE_2,1.0,0.01,channel,0.0007250000000000001,4.5e-06,7.250000000000001,45.0,0.07454605377519662,1.3940855094299973e+17
interface_8x,T01_A_STAGE_2,1.0,0.01,channel,0.0007250000000000001,4.8e-06,7.250000000000001,48.0,0.07039922773085835,1.1874786264560293e+17
interface_8x,T01_A_STAGE_2,1.0,0.01,channel,0.0007250000000000001,5.1e-06,7.250000000000001,51.0,0.06802342754521928,1.0832136270515069e+17
interface_8x,T01_A_STAGE_2,1.0,0.01,channel,0.0007250000000000001,5.4e-06,7.250000000000001,54.0,0.06724885125067424,1.0512398263412093e+17
interface_8x,T01_A_STAGE_2,1.0,0.01,channel,0.00075,3e-06,7.5,30.0,0.1612915603337854,3.9713582424811863e+18
interface_8x,T01_A_STAGE_2,1.0,0.01,channel,0.00075,3.0375e-06,7.5,30.375,0.15466654763192558,3.0735745400572513e+18
interface_8x,T01_A_STAGE_2,1.0,0.01,channel,0.00075,3.075e-06,7.5,30.750000000000004,0.1488211005017532,2.451571479309217e+18
interface_8x,T01_A_STAGE_2,1.0,0.01,channel,0.00075,3.1125000000000003e-06,7.5,31.125000000000004,0.1435969423401244,2.0030074555401656e+18
interface_8x,T01_A_STAGE_2,1.0,0.01,channel,0.00075,3.1500000000000003e-06,7.5,31.500000000000004,0.13887993031647286,1.668938185522968e+18
interface_8x,T01_A_STAGE_2,1.0,0.01,channel,0.00075,3.1875e-06,7.5,31.875,0.13458505624899067,1.413479592753253e+18
interface_8x,T01_A_STAGE_2,1.0,0.01,channel,0.00075,3.225e-06,7.5,32.25,0.13064731544419775,1.2137756163808801e+18
interface_8x,T01_A_STAGE_2,1.0,0.01,channel,0.00075,3.2625e-06,7.5,32.625,0.12701589068107172,1.0547102281808901e+18
interface_8x,T01_A_STAGE_2,1.0,0.01,channel,0.00075,3.3e-06,7.5,33.0,0.12365030574508747,9.259633962732142e+17
interface_8x,T01_A_STAGE_2,1.0,0.01,channel,0.00075,3.3375000000000002e-06,7.5,33.375,0.12051779936462768,8.202949314752964e+17
interface_8x,T01_A_STAGE_2,1.0,0.01,channel,0.00075,3.3750000000000003e-06,7.5,33.75,0.11759148285260519,7.325041244009283e+17
interface_8x,T01_A_STAGE_2,1.0,0.01,channel,0.00075,3.4125000000000004e-06,7.5,34.12500000000001,0.11484901671970242,6.587773684170374e+17
interface_8x,T01_A_STAGE_2,1.0,0.01,channel,0.00075,3.45e-06,7.5,34.5,0.11227164025357826,5.962668322111437e+17
interface_8x,T01_A_STAGE_2,1.0,0.01,channel,0.00075,3.4875e-06,7.5,34.875,0.10984344685190894,5.42811197807681e+17
interface_8x,T01_A_STAGE_2,1.0,0.01,channel,0.00075,3.525e-06,7.5,35.25,0.10755083404749415,4.9674625115022995e+17
interface_8x,T01_A_STAGE_2,1.0,0.01,channel,0.00075,3.5625e-06,7.5,35.625,0.10538208002778808,4.567737462669299e+17
interface_8x,T01_A_STAGE_2,1.0,0.01,channel,0.00075,3.6000000000000003e-06,7.5,36.0,0.10332701327967223,4.218689211715905e+17
interface_8x,T01_A_STAGE_2,1.0,0.01,channel,0.00075,3.6375000000000003e-06,7.5,36.375,0.10137675182571255,3.912141745964358e+17
interface_8x,T01_A_STAGE_2,1.0,0.01,channel,0.00075,3.6750000000000004e-06,7.5,36.75000000000001,0.0995234951751006,3.6415077654517165e+17
interface_8x,T01_A_STAGE_2,1.0,0.01,channel,0.00075,3.7125000000000005e-06,7.5,37.12500000000001,0.09776035670141368,3.401432192093416e+17
interface_8x,T01_A_STAGE_2,1.0,0.01,channel,0.00075,3.7500000000000005e-06,7.5,37.50000000000001,0.09608122737583068,3.187525637440987e+17
interface_8x,T01_A_STAGE_2,1.0,0.01,channel,0.00075,3.7875000000000006e-06,7.5,37.87500000000001,0.09448066407355081,2.996162792260628e+17
interface_8x,T01_A_STAGE_2,1.0,0.01,channel,0.00075,3.825000000000001e-06,7.5,38.25000000000001,0.09295379732318161,2.824328275566605e+17
interface_8x,T01_A_STAGE_2,1.0,0.01,channel,0.00075,3.862500000000001e-06,7.5,38.62500000000001,0.09149625457652807,2.669497592235404e+17
interface_8x,T01_A_STAGE_2,1.0,0.01,channel,0.00075,3.9e-06,7.5,39.0,0.09010409596959809,2.5295443499644608e+17
interface_8x,T01_A_STAGE_2,1.0,0.01,channel,0.00075,3.937500000000001e-06,7.5,39.37500000000001,0.0887737602138411,2.402667318740564e+17
interface_8x,T01_A_STAGE_2,1.0,0.01,channel,0.00075,3.975e-06,7.5,39.75,0.08750201876155599,2.2873326276050704e+17
interface_8x,T01_A_STAGE_2,1.0,0.01,channel,0.00075,4.0125e-06,7.5,40.125,0.08628593677458993,2.182227612499299e+17
interface_8x,T01_A_STAGE_2,1.0,0.01,channel,0.00075,4.05e-06,7.5,40.5,0.08512283972192948,2.086223706926476e+17
interface_8x,T01_A_STAGE_2,1.0,0.01,channel,0.00075,4.0875e-06,7.5,40.875,0.08401028466188804,1.998346406165313e+17
interface_8x,T01_A_STAGE_2,1.0,0.01,channel,0.00075,4.125e-06,7.5,41.25,0.08294603544459175,1.9177508054536806e+17
interface_8x,T01_A_STAGE_2,1.0,0.01,channel,0.00075,4.1625e-06,7.5,41.62500000000001,0.08192804121230149,1.843701561000471e+17
interface_8x,T01_A_STAGE_2,1.0,0.01,channel,0.00075,4.2000000000000004e-06,7.5,42.00000000000001,0.08095441768765312,1.775556383438526e+17
interface_8x,T01_A_STAGE_2,1.0,0.01,channel,0.00075,4.5e-06,7.5,45.0,0.07470034949460563,1.3940255908486557e+17
interface_8x,T01_A_STAGE_2,1.0,0.01,channel,0.00075,4.8e-06,7.5,48.0,0.07055368160188931,1.1874348521578442e+17
interface_8x,T01_A_STAGE_2,1.0,0.01,channel,0.00075,5.1e-06,7.5,51.0,0.068177968278732,1.0831773357577118e+17
interface_8x,T01_A_STAGE_2,1.0,0.01,channel,0.00075,5.4e-06,7.5,54.0,0.06740341974406167,1.0512057350610768e+17
interface_8x,T01_A_STAGE_2,1.0,0.01,channel,0.000775,3e-06,7.75,30.0,0.16143829248059902,3.970021780699723e+18
interface_8x,T01_A_STAGE_2,1.0,0.01,channel,0.000775,3.0375e-06,7.75,30.375,0.15481435696212323,3.072668232201462e+18
interface_8x,T01_A_STAGE_2,1.0,0.01,channel,0.000775,3.075e-06,7.75,30.750000000000004,0.1489697563937545,2.4509288400492426e+18
interface_8x,T01_A_STAGE_2,1.0,0.01,channel,0.000775,3.1125000000000003e-06,7.75,31.125000000000004,0.14374628126618244,2.0025353081432123e+18
interface_8x,T01_A_STAGE_2,1.0,0.01,channel,0.000775,3.1500000000000003e-06,7.75,31.500000000000004,0.13902983213266726,1.6685811152406333e+18
interface_8x,T01_A_STAGE_2,1.0,0.01,channel,0.000775,3.1875e-06,7.75,31.875,0.134735430094239,1.4132029812783808e+18
interface_8x,T01_A_STAGE_2,1.0,0.01,channel,0.000775,3.225e-06,7.75,32.25,0.1307980909311861,1.2135569399706693e+18
interface_8x,T01_A_STAGE_2,1.0,0.01,channel,0.000775,3.2625e-06,7.75,32.625,0.1271670121648016,1.0545343228620102e+18
interface_8x,T01_A_STAGE_2,1.0,0.01,channel,0.000775,3.3e-06,7.75,33.0,0.12380172846420942,9.258197513136101e+17
interface_8x,T01_A_STAGE_2,1.0,0.01,channel,0.000775,3.3375000000000002e-06,7.75,33.375,0.12066948676685167,8.201760761414163e+17
interface_8x,T01_A_STAGE_2,1.0,0.01,channel,0.000775,3.3750000000000003e-06,7.75,33.75,0.11774340469367724,7.324046311578208e+17
interface_8x,T01_A_STAGE_2,1.0,0.01,channel,0.000775,3.4125000000000004e-06,7.75,34.12500000000001,0.11500114768229926,6.586932174657623e+17
interface_8x,T01_A_STAGE_2,1.0,0.01,channel,0.000775,3.45e-06,7.75,34.5,0.11242395892441821,5.961949951192923e+17
interface_8x,T01_A_STAGE_2,1.0,0.01,channel,0.000775,3.4875e-06,7.75,34.875,0.10999593495112876,5.427493579983106e+17
interface_8x,T01_A_STAGE_2,1.0,0.01,channel,0.000775,3.525e-06,7.75,35.25,0.10770347583916648,4.966926121668623e+17
interface_8x,T01_A_STAGE_2,1.0,0.01,channel,0.000775,3.5625e-06,7.75,35.625,0.1055348618627902,4.567268976773721e+17
interface_8x,T01_A_STAGE_2,1.0,0.01,channel,0.000775,3.6000000000000003e-06,7.75,36.0,0.10347992323678365,4.218277431306639e+17
interface_8x,T01_A_STAGE_2,1.0,0.01,channel,0.000775,3.6375000000000003e-06,7.75,36.375,0.10152977942665613,3.911777688384063e+17
interface_8x,T01_A_STAGE_2,1.0,0.01,channel,0.000775,3.6750000000000004e-06,7.75,36.75000000000001,0.09967663115596735,3.641184157618323e+17
interface_8x,T01_A_STAGE_2,1.0,0.01,channel,0.000775,3.7125000000000005e-06,7.75,37.12500000000001,0.09791359282758999,3.401143094222237e+17
interface_8x,T01_A_STAGE_2,1.0,0.01,channel,0.000775,3.7500000000000005e-06,7.75,37.50000000000001,0.09623455629085285,3.18726615994584e+17
interface_8x,T01_A_STAGE_2,1.0,0.01,channel,0.000775,3.7875000000000006e-06,7.75,37.87500000000001,0.0946340791746834,2.995928880369715e+17
interface_8x,T01_A_STAGE_2,1.0,0.01,channel,0.000775,3.825000000000001e-06,7.75,38.25000000000001,0.09310729265823853,2.8241165437573126e+17
interface_8x,T01_A_STAGE_2,1.0,0.01,channel,0.000775,3.862500000000001e-06,7.75,38.62500000000001,0.09164982475772364,2.6693051957416067e+17
interface_8x,T01_A_STAGE_2,1.0,0.01,channel,0.000775,3.9e-06,7.75,39.0,0.09025773610115839,2.5293688841643725e+17
interface_8x,T01_A_STAGE_2,1.0,0.01,channel,0.000775,3.937500000000001e-06,7.75,39.37500000000001,0.08892746583081526,2.4025067397196026e+17
interface_8x,T01_A_STAGE_2,1.0,0.01,channel,0.000775,3.975e-06,7.75,39.75,0.08765578577780622,2.2871851889492528e+17
interface_8x,T01_A_STAGE_2,1.0,0.01,channel,0.000775,4.0125e-06,7.75,40.125,0.08643976143835179,2.1820918146365056e+17
interface_8x,T01_A_STAGE_2,1.0,0.01,channel,0.000775,4.05e-06,7.75,40.5,0.08527671857765329,2.086098256246869e+17
interface_8x,T01_A_STAGE_2,1.0,0.01,channel,0.000775,4.0875e-06,7.75,40.875,0.08416421451732141,1.9982301818209075e+17
interface_8x,T01_A_STAGE_2,1.0,0.01,channel,0.000775,4.125e-06,7.75,41.25,0.08310001334225815,1.9176428322310426e+17
interface_8x,T01_A_STAGE_2,1.0,0.01,channel,0.000775,4.1625e-06,7.75,41.62500000000001,0.08208206440468466,1.8436009870286723e+17
interface_8x,T01_A_STAGE_2,1.0,0.01,channel,0.000775,4.2000000000000004e-06,7.75,42.00000000000001,0.0811084836155202,1.7754624617712262e+17
interface_8x,T01_A_STAGE_2,1.0,0.01,channel,0.000775,4.5e-06,7.75,45.0,0.07485467126790965,1.3939656464018606e+17
interface_8x,T01_A_STAGE_2,1.0,0.01,channel,0.000775,4.8e-06,7.75,48.0,0.070708161597408,1.18739105848958e+17
interface_8x,T01_A_STAGE_2,1.0,0.01,channel,0.000775,5.1e-06,7.75,51.0,0.06833253517577985,1.0831410281743755e+17
interface_8x,T01_A_STAGE_2,1.0,0.01,channel,0.000775,5.4e-06,7.75,54.0,0.0675580144135031,1.0511716284068013e+17
interface_8x,T01_A_STAGE_2,1.0,0.01,channel,0.0008,3e-06,8.0,30.0,0.16158504834646595,3.968685327208267e+18
interface_8x,T01_A_STAGE_2,1.0,0.01,channel,0.0008,3.0375e-06,8.0,30.375,0.15496219021404084,3.0717618739783506e+18
interface_8x,T01_A_STAGE_2,1.0,0.01,channel,0.0008,3.075e-06,8.0,30.750000000000004,0.14911843639732592,2.45028613388844e+18
interface_8x,T01_A_STAGE_2,1.0,0.01,channel,0.0008,3.1125000000000003e-06,8.0,31.125000000000004,0.1438956444766369,2.0020630931198692e+18
interface_8x,T01_A_STAGE_2,1.0,0.01,channel,0.0008,3.1500000000000003e-06,8.0,31.500000000000004,0.139179758388876,1.668223982309641e+18
interface_8x,T01_A_STAGE_2,1.0,0.01,channel,0.0008,3.1875e-06,8.0,31.875,0.13488582851917783,1.4129263138036695e+18
interface_8x,T01_A_STAGE_2,1.0,0.01,channel,0.0008,3.225e-06,8.0,32.25,0.13094889112329133,1.2133382142700134e+18
interface_8x,T01_A_STAGE_2,1.0,0.01,channel,0.0008,3.2625e-06,8.0,32.625,0.12731815846653205,1.054358374417446e+18
interface_8x,T01_A_STAGE_2,1.0,0.01,channel,0.0008,3.3e-06,8.0,33.0,0.12395317610324177,9.256760686674499e+17
interface_8x,T01_A_STAGE_2,1.0,0.01,channel,0.0008,3.3375000000000002e-06,8.0,33.375,0.12082119918130606,8.200571878297121e+17
interface_8x,T01_A_STAGE_2,1.0,0.01,channel,0.0008,3.3750000000000003e-06,8.0,33.75,0.11789535163090809,7.323051089784242e+17
interface_8x,T01_A_STAGE_2,1.0,0.01,channel,0.0008,3.4125000000000004e-06,8.0,34.12500000000001,0.11515330381762008,6.586090410362706e+17
interface_8x,T01_A_STAGE_2,1.0,0.01,channel,0.0008,3.45e-06,8.0,34.5,0.1125763028380641,5.961231355078683e+17
interface_8x,T01_A_STAGE_2,1.0,0.01,channel,0.0008,3.4875e-06,8.0,34.875,0.11014844835750603,5.426874982049764e+17
interface_8x,T01_A_STAGE_2,1.0,0.01,channel,0.0008,3.525e-06,8.0,35.25,0.10785614299726261,4.966389553784471e+17
interface_8x,T01_A_STAGE_2,1.0,0.01,channel,0.0008,3.5625e-06,8.0,35.625,0.10568766911895175,4.5668003316127795e+17
interface_8x,T01_A_STAGE_2,1.0,0.01,channel,0.0008,3.6000000000000003e-06,8.0,36.0,0.10363285866573745,4.217865507884928e+17
interface_8x,T01_A_STAGE_2,1.0,0.01,channel,0.0008,3.6375000000000003e-06,8.0,36.375,0.10168283254648587,3.9114135019052986e+17
interface_8x,T01_A_STAGE_2,1.0,0.01,channel,0.0008,3.6750000000000004e-06,8.0,36.75000000000001,0.09982979269948408,3.640860433188509e+17
interface_8x,T01_A_STAGE_2,1.0,0.01,channel,0.0008,3.7125000000000005e-06,8.0,37.12500000000001,0.09806685455721313,3.4008538905167136e+17
interface_8x,T01_A_STAGE_2,1.0,0.01,channel,0.0008,3.7500000000000005e-06,8.0,37.50000000000001,0.09638791084742565,3.1870065860649363e+17
interface_8x,T01_A_STAGE_2,1.0,0.01,channel,0.0008,3.7875000000000006e-06,8.0,37.87500000000001,0.09478751995301773,2.9956948804172096e+17
interface_8x,T01_A_STAGE_2,1.0,0.01,channel,0.0008,3.825000000000001e-06,8.0,38.25000000000001,0.09326081370390744,2.823904731244438e+17
interface_8x,T01_A_STAGE_2,1.0,0.01,channel,0.0008,3.862500000000001e-06,8.0,38.62500000000001,0.0918034206808879,2.6691127250690096e+17
interface_8x,T01_A_STAGE_2,1.0,0.01,channel,0.0008,3.9e-06,8.0,39.0,0.09041140200415647,2.529193349989057e+17
interface_8x,T01_A_STAGE_2,1.0,0.01,channel,0.0008,3.937500000000001e-06,8.0,39.37500000000001,0.08908119724695641,2.402346097500502e+17
interface_8x,T01_A_STAGE_2,1.0,0.01,channel,0.0008,3.975e-06,8.0,39.75,0.08780957861934449,2.28703769172629e+17
interface_8x,T01_A_STAGE_2,1.0,0.01,channel,0.0008,4.0125e-06,8.0,40.125,0.0865936119520324,2.1819559623599254e+17
interface_8x,T01_A_STAGE_2,1.0,0.01,channel,0.0008,4.05e-06,8.0,40.5,0.08543062330654197,2.0859727548877008e+17
interface_8x,T01_A_STAGE_2,1.0,0.01,channel,0.0008,4.0875e-06,8.0,40.875,0.08431817026787615,1.9981139101621936e+17
interface_8x,T01_A_STAGE_2,1.0,0.01,channel,0.0008,4.125e-06,8.0,41.25,0.08325401715579843,1.9175348147335267e+17
interface_8x,T01_A_STAGE_2,1.0,0.01,channel,0.0008,4.1625e-06,8.0,41.62500000000001,0.08223611353256761,1.8435003715328432e+17
interface_8x,T01_A_STAGE_2,1.0,0.01,channel,0.0008,4.2000000000000004e-06,8.0,42.00000000000001,0.08126257549745632,1.775368501074395e+17
interface_8x,T01_A_STAGE_2,1.0,0.01,channel,0.0008,4.5e-06,8.0,45.0,0.07500901910808315,1.3939056760706024e+17
interface_8x,T01_A_STAGE_2,1.0,0.01,channel,0.0008,4.8e-06,8.0,48.0,0.07086266773044222,1.187347245436722e+17
interface_8x,T01_A_STAGE_2,1.0,0.01,channel,0.0008,5.1e-06,8.0,51.0,0.06848712824942024,1.0831047042891546e+17
interface_8x,T01_A_STAGE_2,1.0,0.01,channel,0.0008,5.4e-06,8.0,54.0,0.06771263527206546,1.05113750636669e+17
interface_8x,T01_A_STAGE_2,1.0,0.01,channel,0.000825,3e-06,8.25,30.0,0.16173182794291588,3.9673488820136284e+18
interface_8x,T01_A_STAGE_2,1.0,0.01,channel,0.000825,3.0375e-06,8.25,30.375,0.15511004739930703,3.070855465379253e+18
interface_8x,T01_A_STAGE_2,1.0,0.01,channel,0.000825,3.075e-06,8.25,30.750000000000004,0.14926714052419265,2.44964336080871e+18
interface_8x,T01_A_STAGE_2,1.0,0.01,channel,0.000825,3.1125000000000003e-06,8.25,31.125000000000004,0.14404503198330507,2.0015908104476086e+18
interface_8x,T01_A_STAGE_2,1.0,0.01,channel,0.000825,3.1500000000000003e-06,8.25,31.500000000000004,0.1393297090970027,1.6678667867061146e+18
interface_8x,T01_A_STAGE_2,1.0,0.01,channel,0.000825,3.1875e-06,8.25,31.875,0.13503625153579105,1.4126495903055954e+18
interface_8x,T01_A_STAGE_2,1.0,0.01,channel,0.000825,3.225e-06,8.25,32.25,0.1310997160325715,1.2131194392566034e+18
interface_8x,T01_A_STAGE_2,1.0,0.01,channel,0.000825,3.2625e-06,8.25,32.625,0.1274693295983898,1.054182382826483e+18
interface_8x,T01_A_STAGE_2,1.0,0.01,channel,0.000825,3.3e-06,8.25,33.0,0.12410464867437458,9.255323483157293e+17
interface_8x,T01_A_STAGE_2,1.0,0.01,channel,0.000825,3.3375000000000002e-06,8.25,33.375,0.1209729366202394,8.199382665228644e+17
interface_8x,T01_A_STAGE_2,1.0,0.01,channel,0.000825,3.3750000000000003e-06,8.25,33.75,0.11804732367660038,7.322055578470075e+17
interface_8x,T01_A_STAGE_2,1.0,0.01,channel,0.000825,3.4125000000000004e-06,8.25,34.12500000000001,0.11530548513801761,6.585248391142929e+17
interface_8x,T01_A_STAGE_2,1.0,0.01,channel,0.000825,3.45e-06,8.25,34.5,0.11272867200691504,5.960512533639284e+17
interface_8x,T01_A_STAGE_2,1.0,0.01,channel,0.000825,3.4875e-06,8.25,34.875,0.11030098708348307,5.4262561841592806e+17
interface_8x,T01_A_STAGE_2,1.0,0.01,channel,0.000825,3.525e-06,8.25,35.25,0.10800883553426503,4.9658528077430106e+17
interface_8x,T01_A_STAGE_2,1.0,0.01,channel,0.000825,3.5625e-06,8.25,35.625,0.1058405018087927,4.56633152708917e+17
interface_8x,T01_A_STAGE_2,1.0,0.01,channel,0.000825,3.6000000000000003e-06,8.25,36.0,0.10378581957908851,4.2174534413619674e+17
interface_8x,T01_A_STAGE_2,1.0,0.01,channel,0.000825,3.6375000000000003e-06,8.25,36.375,0.10183591119778938,3.9110491864468384e+17
interface_8x,T01_A_STAGE_2,1.0,0.01,channel,0.000825,3.6750000000000004e-06,8.25,36.75000000000001,0.09998297981826905,3.64053659208781e+17
interface_8x,T01_A_STAGE_2,1.0,0.01,channel,0.000825,3.7125000000000005e-06,8.25,37.12500000000001,0.09822014190293013,3.400564580908421e+17
interface_8x,T01_A_STAGE_2,1.0,0.01,channel,0.000825,3.7500000000000005e-06,8.25,37.50000000000001,0.0965412910582231,3.1867469157352576e+17
interface_8x,T01_A_STAGE_2,1.0,0.01,channel,0.000825,3.7875000000000006e-06,8.25,37.87500000000001,0.09494098642125323,2.995460792344935e+17
interface_8x,T01_A_STAGE_2,1.0,0.01,channel,0.000825,3.825000000000001e-06,8.25,38.25000000000001,0.09341436047291174,2.823692837974154e+17
interface_8x,T01_A_STAGE_2,1.0,0.01,channel,0.000825,3.862500000000001e-06,8.25,38.62500000000001,0.09195704235876674,2.668920180167697e+17
interface_8x,T01_A_STAGE_2,1.0,0.01,channel,0.000825,3.9e-06,8.25,39.0,0.09056509369135951,2.529017747392121e+17
interface_8x,T01_A_STAGE_2,1.0,0.01,channel,0.000825,3.937500000000001e-06,8.25,39.37500000000001,0.08923495447505184,2.4021853920400515e+17
interface_8x,T01_A_STAGE_2,1.0,0.01,channel,0.000825,3.975e-06,8.25,39.75,0.08796339729897709,2.286890135895847e+17
interface_8x,T01_A_STAGE_2,1.0,0.01,channel,0.000825,4.0125e-06,8.25,40.125,0.08674748832845604,2.1818200556318294e+17
interface_8x,T01_A_STAGE_2,1.0,0.01,channel,0.000825,4.05e-06,8.25,40.5,0.0855845539214368,2.0858472028136064e+17
interface_8x,T01_A_STAGE_2,1.0,0.01,channel,0.000825,4.0875e-06,8.25,40.875,0.08447215192640964,1.9979975911559568e+17
interface_8x,T01_A_STAGE_2,1.0,0.01,channel,0.000825,4.125e-06,8.25,41.25,0.08340804689808526,1.917426752929877e+17
interface_8x,T01_A_STAGE_2,1.0,0.01,channel,0.000825,4.1625e-06,8.25,41.62500000000001,0.08239018860883748,1.8433997144835136e+17
interface_8x,T01_A_STAGE_2,1.0,0.01,channel,0.000825,4.2000000000000004e-06,8.25,42.00000000000001,0.08141669334636235,1.7752745013201923e+17
interface_8x,T01_A_STAGE_2,1.0,0.01,channel,0.000825,4.5e-06,8.25,45.0,0.07516339302811134,1.3938456798358523e+17
interface_8x,T01_A_STAGE_2,1.0,0.01,channel,0.000825,4.8e-06,8.25,48.0,0.07101720001403046,1.1873034129847395e+17
interface_8x,T01_A_STAGE_2,1.0,0.01,channel,0.000825,5.1e-06,8.25,51.0,0.06864174751272133,1.083068364089692e+17
interface_8x,T01_A_STAGE_2,1.0,0.01,channel,0.000825,5.4e-06,8.25,54.0,0.06786728233282643,1.0511033689290371e+17
interface_8x,T01_A_STAGE_2,1.0,0.01,channel,0.0008500000000000001,3e-06,8.5,30.0,0.16187863128148786,3.9660124451226337e+18
interface_8x,T01_A_STAGE_2,1.0,0.01,channel,0.0008500000000000001,3.0375e-06,8.5,30.375,0.15525792852955983,3.0699490063955103e+18
interface_8x,T01_A_STAGE_2,1.0,0.01,channel,0.0008500000000000001,3.075e-06,8.5,30.750000000000004,0.14941586878608948,2.44900052079195e+18
interface_8x,T01_A_STAGE_2,1.0,0.01,channel,0.0008500000000000001,3.1125000000000003e-06,8.5,31.125000000000004,0.14419444379801385,2.001118460103892e+18
interface_8x,T01_A_STAGE_2,1.0,0.01,channel,0.0008500000000000001,3.1500000000000003e-06,8.5,31.500000000000004,0.1394796842689607,1.667509528406166e+18
interface_8x,T01_A_STAGE_2,1.0,0.01,channel,0.0008500000000000001,3.1875e-06,8.5,31.875,0.13518669915607234,1.4123728107606226e+18
interface_8x,T01_A_STAGE_2,1.0,0.01,channel,0.0008500000000000001,3.225e-06,8.5,32.25,0.13125056567109464,1.2129006149081172e+18
interface_8x,T01_A_STAGE_2,1.0,0.01,channel,0.0008500000000000001,3.2625e-06,8.5,32.625,0.12762052557251147,1.0540063480683945e+18
interface_8x,T01_A_STAGE_2,1.0,0.01,channel,0.0008500000000000001,3.3e-06,8.5,33.0,0.12425614618980789,9.253885902394326e+17
interface_8x,T01_A_STAGE_2,1.0,0.01,channel,0.0008500000000000001,3.3375000000000002e-06,8.5,33.375,0.12112469909591031,8.198193122035423e+17
interface_8x,T01_A_STAGE_2,1.0,0.01,channel,0.0008500000000000001,3.3750000000000003e-06,8.5,33.75,0.11819932084306681,7.321059777478291e+17
interface_8x,T01_A_STAGE_2,1.0,0.01,channel,0.0008500000000000001,3.4125000000000004e-06,8.5,34.12500000000001,0.11545769165585466,6.584406116855501e+17
interface_8x,T01_A_STAGE_2,1.0,0.01,channel,0.0008500000000000001,3.45e-06,8.5,34.5,0.11288106644338038,5.959793486745203e+17
interface_8x,T01_A_STAGE_2,1.0,0.01,channel,0.0008500000000000001,3.4875e-06,8.5,34.875,0.1104535511415124,5.4256371861940576e+17
interface_8x,T01_A_STAGE_2,1.0,0.01,channel,0.0008500000000000001,3.525e-06,8.5,35.25,0.10816155346266647,4.9653158834373235e+17
interface_8x,T01_A_STAGE_2,1.0,0.01,channel,0.0008500000000000001,3.5625e-06,8.5,35.625,0.10599335994484323,4.565862563105509e+17
interface_8x,T01_A_STAGE_2,1.0,0.01,channel,0.0008500000000000001,3.6000000000000003e-06,8.5,36.0,0.10393880598940207,4.217041231648875e+17
interface_8x,T01_A_STAGE_2,1.0,0.01,channel,0.0008500000000000001,3.6375000000000003e-06,8.5,36.375,0.10198901539316464,3.910684741927382e+17
interface_8x,T01_A_STAGE_2,1.0,0.01,channel,0.0008500000000000001,3.6750000000000004e-06,8.5,36.75000000000001,0.10013619252495087,3.6402126342416915e+17
interface_8x,T01_A_STAGE_2,1.0,0.01,channel,0.0008500000000000001,3.7125000000000005e-06,8.5,37.12500000000001,0.09837345487739838,3.400275165328872e+17
interface_8x,T01_A_STAGE_2,1.0,0.01,channel,0.0008500000000000001,3.7500000000000005e-06,8.5,37.50000000000001,0.0966946969359296,3.186487148893725e+17
interface_8x,T01_A_STAGE_2,1.0,0.01,channel,0.0008500000000000001,3.7875000000000006e-06,8.5,37.87500000000001,0.09509447859209974,2.995226616094662e+17
interface_8x,T01_A_STAGE_2,1.0,0.01,channel,0.0008500000000000001,3.825000000000001e-06,8.5,38.25000000000001,0.09356793297798519,2.823480863892582e+17
interface_8x,T01_A_STAGE_2,1.0,0.01,channel,0.0008500000000000001,3.862500000000001e-06,8.5,38.62500000000001,0.09211068980411653,2.6687275609877046e+17
interface_8x,T01_A_STAGE_2,1.0,0.01,channel,0.0008500000000000001,3.9e-06,8.5,39.0,0.0907188111755452,2.5288420763271286e+17
interface_8x,T01_A_STAGE_2,1.0,0.01,channel,0.0008500000000000001,3.937500000000001e-06,8.5,39.37500000000001,0.08938873752789935,2.402024623294997e+17
interface_8x,T01_A_STAGE_2,1.0,0.01,channel,0.0008500000000000001,3.975e-06,8.5,39.75,0.08811724182952084,2.2867425214175494e+17
interface_8x,T01_A_STAGE_2,1.0,0.01,channel,0.0008500000000000001,4.0125e-06,8.5,40.125,0.08690139058045755,2.1816840944144525e+17
interface_8x,T01_A_STAGE_2,1.0,0.01,channel,0.0008500000000000001,4.05e-06,8.5,40.5,0.08573851043518962,2.0857215999891885e+17
interface_8x,T01_A_STAGE_2,1.0,0.01,channel,0.0008500000000000001,4.0875e-06,8.5,40.875,0.08462615950578989,1.997881224768951e+17
interface_8x,T01_A_STAGE_2,1.0,0.01,channel,0.0008500000000000001,4.125e-06,8.5,41.25,0.08356210258200193,1.9173186467888058e+17
interface_8x,T01_A_STAGE_2,1.0,0.01,channel,0.0008500000000000001,4.1625e-06,8.5,41.62500000000001,0.08254428964639207,1.8432990158511818e+17
interface_8x,T01_A_STAGE_2,1.0,0.01,channel,0.0008500000000000001,4.2000000000000004e-06,8.5,42.00000000000001,0.08157083717514982,1.7751804624807475e+17
interface_8x,T01_A_STAGE_2,1.0,0.01,channel,0.0008500000000000001,4.5e-06,8.5,45.0,0.07531779304099012,1.3937856576785611e+17
interface_8x,T01_A_STAGE_2,1.0,0.01,channel,0.0008500000000000001,4.8e-06,8.5,48.0,0.07117175846122202,1.1872595611190875e+17
interface_8x,T01_A_STAGE_2,1.0,0.01,channel,0.0008500000000000001,5.1e-06,8.5,51.0,0.06879639297876207,1.0830320075636181e+17
interface_8x,T01_A_STAGE_2,1.0,0.01,channel,0.0008500000000000001,5.4e-06,8.5,54.0,0.06802195560887456,1.0510692160821258e+17
interface_8x,T01_A_STAGE_2,1.0,0.01,channel,0.0008750000000000001,3e-06,8.750000000000002,30.0,0.16202545837373164,3.9646760165423027e+18
interface_8x,T01_A_STAGE_2,1.0,0.01,channel,0.0008750000000000001,3.0375e-06,8.750000000000002,30.375,0.1554058336164478,3.0690424970185887e+18
interface_8x,T01_A_STAGE_2,1.0,0.01,channel,0.0008750000000000001,3.075e-06,8.750000000000002,30.750000000000004,0.14956462119476172,2.4483576138201395e+18
interface_8x,T01_A_STAGE_2,1.0,0.01,channel,0.0008750000000000001,3.1125000000000003e-06,8.750000000000002,31.125000000000004,0.1443438799326007,2.000646042066238e+18
interface_8x,T01_A_STAGE_2,1.0,0.01,channel,0.0008750000000000001,3.1500000000000003e-06,8.750000000000002,31.500000000000004,0.13962968391667382,1.6671522073859438e+18
interface_8x,T01_A_STAGE_2,1.0,0.01,channel,0.0008750000000000001,3.1875e-06,8.750000000000002,31.875,0.13533717139202583,1.4120959751452398e+18
interface_8x,T01_A_STAGE_2,1.0,0.01,channel,0.0008750000000000001,3.225e-06,8.750000000000002,32.25,0.13140144005093926,1.2126817412022497e+18
interface_8x,T01_A_STAGE_2,1.0,0.01,channel,0.0008750000000000001,3.2625e-06,8.750000000000002,32.625,0.12777174640104427,1.0538302701224648e+18
interface_8x,T01_A_STAGE_2,1.0,0.01,channel,0.0008750000000000001,3.3e-06,8.750000000000002,33.0,0.12440766866175226,9.252447944195505e+17
interface_8x,T01_A_STAGE_2,1.0,0.01,channel,0.0008750000000000001,3.3375000000000002e-06,8.750000000000002,33.375,0.1212764866205879,8.197003248544195e+17
interface_8x,T01_A_STAGE_2,1.0,0.01,channel,0.0008750000000000001,3.3750000000000003e-06,8.750000000000002,33.75,0.11835134314263071,7.320063686651497e+17
interface_8x,T01_A_STAGE_2,1.0,0.01,channel,0.0008750000000000001,3.4125000000000004e-06,8.750000000000002,34.12500000000001,0.11560992338350472,6.583563587357638e+17
interface_8x,T01_A_STAGE_2,1.0,0.01,channel,0.0008750000000000001,3.45e-06,8.750000000000002,34.5,0.1130334861598801,5.959074214266908e+17
interface_8x,T01_A_STAGE_2,1.0,0.01,channel,0.0008750000000000001,3.4875e-06,8.750000000000002,34.875,0.1106061405440572,5.4250179880364954e+17
interface_8x,T01_A_STAGE_2,1.0,0.01,channel,0.0008750000000000001,3.525e-06,8.750000000000002,35.25,0.10831429679497033,4.964778780760486e+17
interface_8x,T01_A_STAGE_2,1.0,0.01,channel,0.0008750000000000001,3.5625e-06,8.750000000000002,35.625,0.10614624353964425,4.5653934395644026e+17
interface_8x,T01_A_STAGE_2,1.0,0.01,channel,0.0008750000000000001,3.6000000000000003e-06,8.750000000000002,36.0,0.10409181790925406,4.216628878656759e+17
interface_8x,T01_A_STAGE_2,1.0,0.01,channel,0.0008750000000000001,3.6375000000000003e-06,8.750000000000002,36.375,0.10214214514522034,3.910320168265621e+17
interface_8x,T01_A_STAGE_2,1.0,0.01,channel,0.0008750000000000001,3.6750000000000004e-06,8.750000000000002,36.75000000000001,0.10028943083216896,3.639888559575614e+17
interface_8x,T01_A_STAGE_2,1.0,0.01,channel,0.0008750000000000001,3.7125000000000005e-06,8.750000000000002,37.12500000000001,0.09852679349328608,3.399985643709572e+17
interface_8x,T01_A_STAGE_2,1.0,0.01,channel,0.0008750000000000001,3.7500000000000005e-06,8.750000000000002,37.50000000000001,0.09684812849324043,3.186227285477255e+17
interface_8x,T01_A_STAGE_2,1.0,0.01,channel,0.0008750000000000001,3.7875000000000006e-06,8.750000000000002,37.87500000000001,0.09524799647827795,2.994992351608153e+17
interface_8x,T01_A_STAGE_2,1.0,0.01,channel,0.0008750000000000001,3.825000000000001e-06,8.750000000000002,38.25000000000001,0.09372153123187246,2.8232688089458374e+17
interface_8x,T01_A_STAGE_2,1.0,0.01,channel,0.0008750000000000001,3.862500000000001e-06,8.750000000000002,38.62500000000001,0.09226436302970456,2.668534867479062e+17
interface_8x,T01_A_STAGE_2,1.0,0.01,channel,0.0008750000000000001,3.9e-06,8.750000000000002,39.0,0.09087255446950213,2.5286663367476352e+17
interface_8x,T01_A_STAGE_2,1.0,0.01,channel,0.0008750000000000001,3.937500000000001e-06,8.750000000000002,39.37500000000001,0.08954254641830765,2.401863791222078e+17
interface_8x,T01_A_STAGE_2,1.0,0.01,channel,0.0008750000000000001,3.975e-06,8.750000000000002,39.75,0.08827111222380349,2.286594848251016e+17
interface_8x,T01_A_STAGE_2,1.0,0.01,channel,0.0008750000000000001,4.0125e-06,8.750000000000002,40.125,0.08705531872088267,2.1815480786700202e+17
interface_8x,T01_A_STAGE_2,1.0,0.01,channel,0.0008750000000000001,4.05e-06,8.750000000000002,40.5,0.08589249286066328,2.08559594637904e+17
interface_8x,T01_A_STAGE_2,1.0,0.01,channel,0.0008750000000000001,4.0875e-06,8.750000000000002,40.875,0.08478019301889586,1.9977648109679216e+17
interface_8x,T01_A_STAGE_2,1.0,0.01,channel,0.0008750000000000001,4.125e-06,8.750000000000002,41.25,0.0837161842204427,1.9172104962790195e+17
interface_8x,T01_A_STAGE_2,1.0,0.01,channel,0.0008750000000000001,4.1625e-06,8.750000000000002,41.62500000000001,0.08269841665814011,1.8431982756063414e+17
interface_8x,T01_A_STAGE_2,1.0,0.01,channel,0.0008750000000000001,4.2000000000000004e-06,8.750000000000002,42.00000000000001,0.08172500699674122,1.7750863845281872e+17
interface_8x,T01_A_STAGE_2,1.0,0.01,channel,0.0008750000000000001,4.5e-06,8.750000000000002,45.0,0.07547221915972649,1.3937256095796778e+17
interface_8x,T01_A_STAGE_2,1.0,0.01,channel,0.0008750000000000001,4.8e-06,8.750000000000002,48.0,0.07132634308507729,1.1872156898252192e+17
interface_8x,T01_A_STAGE_2,1.0,0.01,channel,0.0008750000000000001,5.1e-06,8.750000000000002,51.0,0.06895106466063261,1.082995634698563e+17
interface_8x,T01_A_STAGE_2,1.0,0.01,channel,0.0008750000000000001,5.4e-06,8.750000000000002,54.0,0.06817665511330946,1.0510350478142379e+17
interface_8x,T01_A_STAGE_2,1.0,0.01,channel,0.0009000000000000001,3e-06,9.0,30.0,0.16217230923192918,3.9633395963906145e+18
interface_8x,T01_A_STAGE_2,1.0,0.01,channel,0.0009000000000000001,3.0375e-06,9.0,30.375,0.1555537626722679,3.0681359373158697e+18
interface_8x,T01_A_STAGE_2,1.0,0.01,channel,0.0009000000000000001,3.075e-06,9.0,30.750000000000004,0.1497133977625375,2.4477146399296067e+18
interface_8x,T01_A_STAGE_2,1.0,0.01,channel,0.0009000000000000001,3.1125000000000003e-06,9.0,31.125000000000004,0.1444933403994334,2.0001735563525064e+18
interface_8x,T01_A_STAGE_2,1.0,0.01,channel,0.0009000000000000001,3.1500000000000003e-06,9.0,31.500000000000004,0.13977970805255338,1.6667948236524403e+18
interface_8x,T01_A_STAGE_2,1.0,0.01,channel,0.0009000000000000001,3.1875e-06,9.0,31.875,0.1354876682561075,1.4118190834601032e+18
interface_8x,T01_A_STAGE_2,1.0,0.01,channel,0.0009000000000000001,3.225e-06,9.0,32.25,0.13155233918460552,1.212462818136031e+18
interface_8x,T01_A_STAGE_2,1.0,0.01,channel,0.0009000000000000001,3.2625e-06,9.0,32.625,0.12792299209653124,1.0536541489837267e+18
interface_8x,T01_A_STAGE_2,1.0,0.01,channel,0.0009000000000000001,3.3e-06,9.0,33.0,0.12455921610279186,9.251009608501014e+17
interface_8x,T01_A_STAGE_2,1.0,0.01,channel,0.0009000000000000001,3.3375000000000002e-06,9.0,33.375,0.12142829920689543,8.195813044690916e+17
interface_8x,T01_A_STAGE_2,1.0,0.01,channel,0.0009000000000000001,3.3750000000000003e-06,9.0,33.75,0.11850339058795231,7.319067305924974e+17
interface_8x,T01_A_STAGE_2,1.0,0.01,channel,0.0009000000000000001,3.4125000000000004e-06,9.0,34.12500000000001,0.11576218033366296,6.582720802586033e+17
interface_8x,T01_A_STAGE_2,1.0,0.01,channel,0.0009000000000000001,3.45e-06,9.0,34.5,0.11318593116914233,5.958354716143676e+17
interface_8x,T01_A_STAGE_2,1.0,0.01,channel,0.0009000000000000001,3.4875e-06,9.0,34.875,0.1107587553038766,5.42439858962906e+17
interface_8x,T01_A_STAGE_2,1.0,0.01,channel,0.0009000000000000001,3.525e-06,9.0,35.25,0.10846706554396494,4.964241499658418e+17
interface_8x,T01_A_STAGE_2,1.0,0.01,channel,0.0009000000000000001,3.5625e-06,9.0,35.625,0.10629915260601153,4.5649241564152774e+17
interface_8x,T01_A_STAGE_2,1.0,0.01,channel,0.0009000000000000001,3.6000000000000003e-06,9.0,36.0,0.10424485535148605,4.2162163823384704e+17
interface_8x,T01_A_STAGE_2,1.0,0.01,channel,0.0009000000000000001,3.6375000000000003e-06,9.0,36.375,0.10229530046682236,3.90995546541768e+17
interface_8x,T01_A_STAGE_2,1.0,0.01,channel,0.0009000000000000001,3.6750000000000004e-06,9.0,36.75000000000001,0.10044269475281208,3.6395643680487834e+17
interface_8x,T01_A_STAGE_2,1.0,0.01,channel,0.0009000000000000001,3.7125000000000005e-06,9.0,37.12500000000001,0.09868015776350356,3.3996960160125997e+17
interface_8x,T01_A_STAGE_2,1.0,0.01,channel,0.0009000000000000001,3.7500000000000005e-06,9.0,37.50000000000001,0.09700158574308622,3.185967325450585e+17
interface_8x,T01_A_STAGE_2,1.0,0.01,channel,0.0009000000000000001,3.7875000000000006e-06,9.0,37.87500000000001,0.09540154009273771,2.9947579988526e+17
interface_8x,T01_A_STAGE_2,1.0,0.01,channel,0.0009000000000000001,3.825000000000001e-06,9.0,38.25000000000001,0.09387515524754146,2.823056673103366e+17
interface_8x,T01_A_STAGE_2,1.0,0.01,channel,0.0009000000000000001,3.862500000000001e-06,9.0,38.62500000000001,0.09241806204851577,2.6683420996132822e+17
interface_8x,T01_A_STAGE_2,1.0,0.01,channel,0.0009000000000000001,3.9e-06,9.0,39.0,0.09102632358623135,2.5284905286270483e+17
interface_8x,T01_A_STAGE_2,1.0,0.01,channel,0.0009000000000000001,3.937500000000001e-06,9.0,39.37500000000001,0.08969638115929301,2.4017028957964368e+17
interface_8x,T01_A_STAGE_2,1.0,0.01,channel,0.0009000000000000001,3.975e-06,9.0,39.75,0.08842500849485568,2.286447116372976e+17
interface_8x,T01_A_STAGE_2,1.0,0.01,channel,0.0009000000000000001,4.0125e-06,9.0,40.125,0.08720927276277561,2.1814120083767158e+17
interface_8x,T01_A_STAGE_2,1.0,0.01,channel,0.0009000000000000001,4.05e-06,9.0,40.5,0.08604650121091478,2.085470241962674e+17
interface_8x,T01_A_STAGE_2,1.0,0.01,channel,0.0009000000000000001,4.0875e-06,9.0,40.875,0.08493425247879668,1.997648349733599e+17
interface_8x,T01_A_STAGE_2,1.0,0.01,channel,0.0009000000000000001,4.125e-06,9.0,41.25,0.08387029182648817,1.9171023013823626e+17
interface_8x,T01_A_STAGE_2,1.0,0.01,channel,0.0009000000000000001,4.1625e-06,9.0,41.62500000000001,0.08285256965717303,1.8430974937318592e+17
interface_8x,T01_A_STAGE_2,1.0,0.01,channel,0.0009000000000000001,4.2000000000000004e-06,9.0,42.00000000000001,0.08187920282423822,1.774992267446314e+17
interface_8x,T01_A_STAGE_2,1.0,0.01,channel,0.0009000000000000001,4.5e-06,9.0,45.0,0.07562667139748372,1.393665535528113e+17
interface_8x,T01_A_STAGE_2,1.0,0.01,channel,0.0009000000000000001,4.8e-06,9.0,48.0,0.07148095389879698,1.1871717990946558e+17
interface_8x,T01_A_STAGE_2,1.0,0.01,channel,0.0009000000000000001,5.1e-06,9.0,51.0,0.0691057625715537,1.0829592454872997e+17
interface_8x,T01_A_STAGE_2,1.0,0.01,channel,0.0009000000000000001,5.4e-06,9.0,54.0,0.06833138085935823,1.0510008641185195e+17
interface_8x,T01_A_STAGE_2,1.0,0.01,channel,0.0009249999999999999,3e-06,9.25,30.0,0.1623191843079877,3.9620032522361897e+18
interface_8x,T01_A_STAGE_2,1.0,0.01,channel,0.0009249999999999999,3.0375e-06,9.25,30.375,0.15570171609726727,3.0672293734414807e+18
interface_8x,T01_A_STAGE_2,1.0,0.01,channel,0.0009249999999999999,3.075e-06,9.25,30.750000000000004,0.14986219884920254,2.44707163209248e+18
interface_8x,T01_A_STAGE_2,1.0,0.01,channel,0.0009249999999999999,3.1125000000000003e-06,9.25,31.125000000000004,0.14464282552573926,1.9997010273737715e+18
interface_8x,T01_A_STAGE_2,1.0,0.01,channel,0.0009249999999999999,3.1500000000000003e-06,9.25,31.500000000000004,0.13992975697704063,1.666437395811379e+18
interface_8x,T01_A_STAGE_2,1.0,0.01,channel,0.0009249999999999999,3.1875e-06,9.25,31.875,0.1356381900263075,1.411542150231774e+18
interface_8x,T01_A_STAGE_2,1.0,0.01,channel,0.0009249999999999999,3.225e-06,9.25,32.25,0.13170326333096324,1.2122438572831037e+18
interface_8x,T01_A_STAGE_2,1.0,0.01,channel,0.0009249999999999999,3.2625e-06,9.25,32.625,0.12807426290133048,1.0534779940333608e+18
interface_8x,T01_A_STAGE_2,1.0,0.01,channel,0.0009249999999999999,3.3e-06,9.25,33.0,0.12471078874084943,9.249570972485377e+17
interface_8x,T01_A_STAGE_2,1.0,0.01,channel,0.0009249999999999999,3.3375000000000002e-06,9.25,33.375,0.12158013706999608,8.194622574783311e+17
interface_8x,T01_A_STAGE_2,1.0,0.01,channel,0.0009249999999999999,3.3750000000000003e-06,9.25,33.75,0.11865546338280422,7.318070689488498e+17
interface_8x,T01_A_STAGE_2,1.0,0.01,channel,0.0009249999999999999,3.4125000000000004e-06,9.25,34.12500000000001,0.11591446269984158,6.581877808655945e+17
interface_8x,T01_A_STAGE_2,1.0,0.01,channel,0.0009249999999999999,3.45e-06,9.25,34.5,0.11333840165536073,5.957635031961792e+17
interface_8x,T01_A_STAGE_2,1.0,0.01,channel,0.0009249999999999999,3.4875e-06,9.25,34.875,0.11091139559663739,5.423779025216216e+17
interface_8x,T01_A_STAGE_2,1.0,0.01,channel,0.0009249999999999999,3.525e-06,9.25,35.25,0.10861985987746066,4.9637040699584096e+17
interface_8x,T01_A_STAGE_2,1.0,0.01,channel,0.0009249999999999999,3.5625e-06,9.25,35.625,0.1064520873044711,4.5644547397975405e+17
interface_8x,T01_A_STAGE_2,1.0,0.01,channel,0.0009249999999999999,3.6000000000000003e-06,9.25,36.0,0.10439791846983107,4.215803765727373e+17
interface_8x,T01_A_STAGE_2,1.0,0.01,channel,0.0009249999999999999,3.6375000000000003e-06,9.25,36.375,0.10244848150533543,3.9095906537799405e+17
interface_8x,T01_A_STAGE_2,1.0,0.01,channel,0.0009249999999999999,3.6750000000000004e-06,9.25,36.75000000000001,0.10059598442824616,3.6392400778024e+17
interface_8x,T01_A_STAGE_2,1.0,0.01,channel,0.0009249999999999999,3.7125000000000005e-06,9.25,37.12500000000001,0.09883354782374142,3.399406298437496e+17
interface_8x,T01_A_STAGE_2,1.0,0.01,channel,0.0009249999999999999,3.7500000000000005e-06,9.25,37.50000000000001,0.09715506881576723,3.185707283331165e+17
interface_8x,T01_A_STAGE_2,1.0,0.01,channel,0.0009249999999999999,3.7875000000000006e-06,9.25,37.87500000000001,0.09555510956064149,2.994523570879889e+17
interface_8x,T01_A_STAGE_2,1.0,0.01,channel,0.0009249999999999999,3.825000000000001e-06,9.25,38.25000000000001,0.09402880514524241,2.8228444681334e+17
interface_8x,T01_A_STAGE_2,1.0,0.01,channel,0.0009249999999999999,3.862500000000001e-06,9.25,38.62500000000001,0.09257178697609066,2.668149268028773e+17
interface_8x,T01_A_STAGE_2,1.0,0.01,channel,0.0009249999999999999,3.9e-06,9.25,39.0,0.09118011863674692,2.528314661604841e+17
interface_8x,T01_A_STAGE_2,1.0,0.01,channel,0.0009249999999999999,3.937500000000001e-06,9.25,39.37500000000001,0.08985024185751014,2.4015419457706282e+17
interface_8x,T01_A_STAGE_2,1.0,0.01,channel,0.0009249999999999999,3.975e-06,9.25,39.75,0.0885789307451261,2.2862993337454563e+17
interface_8x,T01_A_STAGE_2,1.0,0.01,channel,0.0009249999999999999,4.0125e-06,9.25,40.125,0.08736325280452095,2.1812758907894074e+17
interface_8x,T01_A_STAGE_2,1.0,0.01,channel,0.0009249999999999999,4.05e-06,9.25,40.5,0.08620053558039693,2.0853444933602602e+17
interface_8x,T01_A_STAGE_2,1.0,0.01,channel,0.0009249999999999999,4.0875e-06,9.25,40.875,0.08508833797613774,1.9975318471147248e+17
interface_8x,T01_A_STAGE_2,1.0,0.01,channel,0.0009249999999999999,4.125e-06,9.25,41.25,0.08402442548709402,1.9169940676316387e+17
interface_8x,T01_A_STAGE_2,1.0,0.01,channel,0.0009249999999999999,4.1625e-06,9.25,41.62500000000001,0.08300674872686918,1.842996675293469e+17
interface_8x,T01_A_STAGE_2,1.0,0.01,channel,0.0009249999999999999,4.2000000000000004e-06,9.25,42.00000000000001,0.08203342473754979,1.774898115877007e+17
interface_8x,T01_A_STAGE_2,1.0,0.01,channel,0.0009249999999999999,4.5e-06,9.25,45.0,0.07578114981017706,1.3936054378850614e+17
interface_8x,T01_A_STAGE_2,1.0,0.01,channel,0.0009249999999999999,4.8e-06,9.25,48.0,0.07163559094052876,1.187127890130455e+17
interface_8x,T01_A_STAGE_2,1.0,0.01,channel,0.0009249999999999999,5.1e-06,9.25,51.0,0.06926048673863706,1.0829228405697083e+17
interface_8x,T01_A_STAGE_2,1.0,0.01,channel,0.0009249999999999999,5.4e-06,9.25,54.0,0.06848613287038074,1.0509666654650582e+17
interface_8x,T01_A_STAGE_2,1.0,0.01,channel,0.00095,3e-06,9.5,30.0,0.16246636021982497,3.960709416046833e+18
interface_8x,T01_A_STAGE_2,1.0,0.01,channel,0.00095,3.0375e-06,9.5,30.375,0.15584993732019203,3.066351719352704e+18
interface_8x,T01_A_STAGE_2,1.0,0.01,channel,0.00095,3.075e-06,9.5,30.750000000000004,0.1500112416664106,2.44644917804183e+18
interface_8x,T01_A_STAGE_2,1.0,0.01,channel,0.00095,3.1125000000000003e-06,9.5,31.125000000000004,0.14479253121006205,1.9992436313649144e+18
interface_8x,T01_A_STAGE_2,1.0,0.01,channel,0.00095,3.1500000000000003e-06,9.5,31.500000000000004,0.14008000884432717,1.6660914277071862e+18
interface_8x,T01_A_STAGE_2,1.0,0.01,channel,0.00095,3.1875e-06,9.5,31.875,0.13578889978205486,1.411274097076415e+18
interface_8x,T01_A_STAGE_2,1.0,0.01,channel,0.00095,3.225e-06,9.5,32.25,0.13185436253759567,1.2120319098835328e+18
interface_8x,T01_A_STAGE_2,1.0,0.01,channel,0.00095,3.2625e-06,9.5,32.625,0.12822569742474874,1.0533074672062184e+18
interface_8x,T01_A_STAGE_2,1.0,0.01,channel,0.00095,3.3e-06,9.5,33.0,0.12486251501056359,9.248178110244431e+17
interface_8x,T01_A_STAGE_2,1.0,0.01,channel,0.00095,3.3375000000000002e-06,9.5,33.375,0.12173211948624817,8.19346975714139e+17
interface_8x,T01_A_STAGE_2,1.0,0.01,channel,0.00095,3.3750000000000003e-06,9.5,33.75,0.11880767247322119,7.317105343442473e+17
interface_8x,T01_A_STAGE_2,1.0,0.01,channel,0.00095,3.4125000000000004e-06,9.5,34.12500000000001,0.11606687377996455,6.58106099665451e+17
interface_8x,T01_A_STAGE_2,1.0,0.01,channel,0.00095,3.45e-06,9.5,34.5,0.11349099383640596,5.956937419696815e+17
interface_8x,T01_A_STAGE_2,1.0,0.01,channel,0.00095,3.4875e-06,9.5,34.875,0.1110641510378297,5.423178174427465e+17
interface_8x,T01_A_STAGE_2,1.0,0.01,channel,0.00095,3.525e-06,9.5,35.25,0.10877276321401018,4.963182581194536e+17
interface_8x,T01_A_STAGE_2,1.0,0.01,channel,0.00095,3.5625e-06,9.5,35.625,0.10660512520390221,4.563998953385577e+17
interface_8x,T01_A_STAGE_2,1.0,0.01,channel,0.00095,3.6000000000000003e-06,9.5,36.0,0.10455107928358388,4.215402837182424e+17
interface_8x,T01_A_STAGE_2,1.0,0.01,channel,0.00095,3.6375000000000003e-06,9.5,36.375,0.10260175499209338,3.909235885231636e+17
interface_8x,T01_A_STAGE_2,1.0,0.01,channel,0.00095,3.6750000000000004e-06,9.5,36.75000000000001,0.10074936153196204,3.6389244275325376e+17
interface_8x,T01_A_STAGE_2,1.0,0.01,channel,0.00095,3.7125000000000005e-06,9.5,37.12500000000001,0.09898702049386947,3.399124016307029e+17
interface_8x,T01_A_STAGE_2,1.0,0.01,channel,0.00095,3.7500000000000005e-06,9.5,37.50000000000001,0.09730862986041451,3.185453636485521e+17
interface_8x,T01_A_STAGE_2,1.0,0.01,channel,0.00095,3.7875000000000006e-06,9.5,37.87500000000001,0.09570875252565098,2.9942946350639085e+17
interface_8x,T01_A_STAGE_2,1.0,0.01,channel,0.00095,3.825000000000001e-06,9.5,38.25000000000001,0.09418252421389088,2.822636967277891e+17
interface_8x,T01_A_STAGE_2,1.0,0.01,channel,0.00095,3.862500000000001e-06,9.5,38.62500000000001,0.09272557688531444,2.66796044975897e+17
interface_8x,T01_A_STAGE_2,1.0,0.01,channel,0.00095,3.9e-06,9.5,39.0,0.09133397460672284,2.5281421997644026e+17
interface_8x,T01_A_STAGE_2,1.0,0.01,channel,0.00095,3.937500000000001e-06,9.5,39.37500000000001,0.09000415953210779,2.401383863463764e+17
interface_8x,T01_A_STAGE_2,1.0,0.01,channel,0.00095,3.975e-06,9.5,39.75,0.08873290614126995,2.2861539421060266e+17
interface_8x,T01_A_STAGE_2,1.0,0.01,channel,0.00095,4.0125e-06,9.5,40.125,0.08751728226890149,2.1811417399084464e+17
interface_8x,T01_A_STAGE_2,1.0,0.01,channel,0.00095,4.05e-06,9.5,40.5,0.08635461575227985,2.0852203326889616e+17
interface_8x,T01_A_STAGE_2,1.0,0.01,channel,0.00095,4.0875e-06,9.5,40.875,0.08524246575526168,1.997416593307921e+17
interface_8x,T01_A_STAGE_2,1.0,0.01,channel,0.00095,4.125e-06,9.5,41.25,0.08417859800583694,1.9168867782754726e+17
interface_8x,T01_A_STAGE_2,1.0,0.01,channel,0.00095,4.1625e-06,9.5,41.62500000000001,0.0831609633260133,1.8428965273177392e+17
interface_8x,T01_A_STAGE_2,1.0,0.01,channel,0.00095,4.2000000000000004e-06,9.5,42.00000000000001,0.08218767894509459,1.7748043877208112e+17
interface_8x,T01_A_STAGE_2,1.0,0.01,channel,0.00095,4.5e-06,9.5,45.0,0.07593563796334914,1.3935444558979398e+17
interface_8x,T01_A_STAGE_2,1.0,0.01,channel,0.00095,4.8e-06,9.5,48.0,0.07179022113143421,1.1870824651037726e+17
interface_8x,T01_A_STAGE_2,1.0,0.01,channel,0.00095,5.1e-06,9.5,51.0,0.0694151938559034,1.082884624796421e+17
interface_8x,T01_A_STAGE_2,1.0,0.01,channel,0.00095,5.4e-06,9.5,54.0,0.06864086438715188,1.0509305691234885e+17
interface_8x,T01_A_STAGE_2,1.0,0.01,channel,0.000975,3e-06,9.75,30.0,0.16281372233114072,3.990238388417253e+18
interface_8x,T01_A_STAGE_2,1.0,0.01,channel,0.000975,3.0375e-06,9.75,30.375,0.15617022187403815,3.085978842530243e+18
interface_8x,T01_A_STAGE_2,1.0,0.01,channel,0.000975,3.075e-06,9.75,30.750000000000004,0.15030977302511167,2.4600375053276524e+18
interface_8x,T01_A_STAGE_2,1.0,0.01,channel,0.000975,3.1125000000000003e-06,9.75,31.125000000000004,0.14507308380164569,2.0089503633261573e+18
interface_8x,T01_A_STAGE_2,1.0,0.01,channel,0.000975,3.1500000000000003e-06,9.75,31.500000000000004,0.14034535751049237,1.6731962330860183e+18
interface_8x,T01_A_STAGE_2,1.0,0.01,channel,0.000975,3.1875e-06,9.75,31.875,0.13604114656410238,1.416574065686608e+18
interface_8x,T01_A_STAGE_2,1.0,0.01,channel,0.000975,3.225e-06,9.75,32.25,0.13209514046865348,1.2160439266041434e+18
interface_8x,T01_A_STAGE_2,1.0,0.01,channel,0.000975,3.2625e-06,9.75,32.625,0.1284563028711781,1.0563782092478525e+18
interface_8x,T01_A_STAGE_2,1.0,0.01,channel,0.000975,3.3e-06,9.75,33.0,0.12508399658547664,9.27186553410374e+17
interface_8x,T01_A_STAGE_2,1.0,0.01,channel,0.000975,3.3375000000000002e-06,9.75,33.375,0.12194533954059814,8.211829805307146e+17
interface_8x,T01_A_STAGE_2,1.0,0.01,channel,0.000975,3.3750000000000003e-06,9.75,33.75,0.11901335069636819,7.331361218520136e+17
interface_8x,T01_A_STAGE_2,1.0,0.01,channel,0.000975,3.4125000000000004e-06,9.75,34.12500000000001,0.11626561879393257,6.592113345176228e+17
interface_8x,T01_A_STAGE_2,1.0,0.01,channel,0.000975,3.45e-06,9.75,34.5,0.11368332653135378,5.965460404699995e+17
interface_8x,T01_A_STAGE_2,1.0,0.01,channel,0.000975,3.4875e-06,9.75,34.875,0.11125052210161844,5.4296838563136774e+17
interface_8x,T01_A_STAGE_2,1.0,0.01,channel,0.000975,3.525e-06,9.75,35.25,0.10895356650064847,4.9680649964377216e+17
interface_8x,T01_A_STAGE_2,1.0,0.01,channel,0.000975,3.5625e-06,9.75,35.625,0.10678070806777304,4.567564878485613e+17
interface_8x,T01_A_STAGE_2,1.0,0.01,channel,0.000975,3.6000000000000003e-06,9.75,36.0,0.10472175066657517,4.217893634411948e+17
interface_8x,T01_A_STAGE_2,1.0,0.01,channel,0.000975,3.6375000000000003e-06,9.75,36.375,0.10276779182306232,3.910843260234021e+17
interface_8x,T01_A_STAGE_2,1.0,0.01,channel,0.000975,3.6750000000000004e-06,9.75,36.75000000000001,0.10091101384244536,3.639801958385279e+17
interface_8x,T01_A_STAGE_2,1.0,0.01,channel,0.000975,3.7125000000000005e-06,9.75,37.12500000000001,0.09914451554587575,3.3993956990827155e+17
interface_8x,T01_A_STAGE_2,1.0,0.01,channel,0.000975,3.7500000000000005e-06,9.75,37.50000000000001,0.09746217550583232,3.185220295242184e+17
interface_8x,T01_A_STAGE_2,1.0,0.01,channel,0.000975,3.7875000000000006e-06,9.75,37.87500000000001,0.09585853996215303,2.993638782868471e+17
interface_8x,T01_A_STAGE_2,1.0,0.01,channel,0.000975,3.825000000000001e-06,9.75,38.25000000000001,0.09432873026254422,2.8216265299690518e+17
interface_8x,T01_A_STAGE_2,1.0,0.01,channel,0.000975,3.862500000000001e-06,9.75,38.62500000000001,0.09286836588595684,2.6666516452736096e+17
interface_8x,T01_A_STAGE_2,1.0,0.01,channel,0.000975,3.9e-06,9.75,39.0,0.09147350000550321,2.526581783877765e+17
interface_8x,T01_A_STAGE_2,1.0,0.01,channel,0.000975,3.937500000000001e-06,9.75,39.37500000000001,0.09014056521931929,2.3996108955133533e+17
interface_8x,T01_A_STAGE_2,1.0,0.01,channel,0.000975,3.975e-06,9.75,39.75,0.08886632758526689,2.2842011837463894e+17
interface_8x,T01_A_STAGE_2,1.0,0.01,channel,0.000975,4.0125e-06,9.75,40.125,0.0876478474824485,2.1790367709444045e+17
interface_8x,T01_A_STAGE_2,1.0,0.01,channel,0.000975,4.05e-06,9.75,40.5,0.08648244612039391,2.0829864470572643e+17
interface_8x,T01_A_STAGE_2,1.0,0.01,channel,0.000975,4.0875e-06,9.75,40.875,0.08536767674793697,1.9950735229491248e+17
interface_8x,T01_A_STAGE_2,1.0,0.01,channel,0.000975,4.125e-06,9.75,41.25,0.08430129979459774,1.914451281331381e+17
interface_8x,T01_A_STAGE_2,1.0,0.01,channel,0.000975,4.1625e-06,9.75,41.62500000000001,0.08328126131973146,1.8403828686754298e+17
interface_8x,T01_A_STAGE_2,1.0,0.01,channel,0.000975,4.2000000000000004e-06,9.75,42.00000000000001,0.08230567425771963,1.7722247336097654e+17
interface_8x,T01_A_STAGE_2,1.0,0.01,channel,0.000975,4.5e-06,9.75,45.0,0.0760387120744217,1.390709700006508e+17
interface_8x,T01_A_STAGE_2,1.0,0.01,channel,0.000975,4.8e-06,9.75,48.0,0.0718832744801337,1.1842038624576974e+17
interface_8x,T01_A_STAGE_2,1.0,0.01,channel,0.000975,5.1e-06,9.75,51.0,0.06950245418482455,1.0800137250154648e+17
interface_8x,T01_A_STAGE_2,1.0,0.01,channel,0.000975,5.4e-06,9.75,54.0,0.06872622746588966,1.04806645897903e+17
interface_8x,T01_A_STAGE_2,1.0,0.01,channel,0.001,3e-06,10.0,30.0,0.01,1e+16
interface_8x,T01_A_STAGE_2,1.0,0.01,channel,0.001,3.0375e-06,10.0,30.375,0.01,1e+16
interface_8x,T01_A_STAGE_2,1.0,0.01,channel,0.001,3.075e-06,10.0,30.750000000000004,0.01,1e+16
interface_8x,T01_A_STAGE_2,1.0,0.01,channel,0.001,3.1125000000000003e-06,10.0,31.125000000000004,0.01,1e+16
interface_8x,T01_A_STAGE_2,1.0,0.01,channel,0.001,3.1500000000000003e-06,10.0,31.500000000000004,0.01,1e+16
interface_8x,T01_A_STAGE_2,1.0,0.01,channel,0.001,3.1875e-06,10.0,31.875,0.01,1e+16
interface_8x,T01_A_STAGE_2,1.0,0.01,channel,0.001,3.225e-06,10.0,32.25,0.01,1e+16
interface_8x,T01_A_STAGE_2,1.0,0.01,channel,0.001,3.2625e-06,10.0,32.625,0.01,1e+16
interface_8x,T01_A_STAGE_2,1.0,0.01,channel,0.001,3.3e-06,10.0,33.0,0.01,1e+16
interface_8x,T01_A_STAGE_2,1.0,0.01,channel,0.001,3.3375000000000002e-06,10.0,33.375,0.01,1e+16
interface_8x,T01_A_STAGE_2,1.0,0.01,channel,0.001,3.3750000000000003e-06,10.0,33.75,0.01,1e+16
interface_8x,T01_A_STAGE_2,1.0,0.01,channel,0.001,3.4125000000000004e-06,10.0,34.12500000000001,0.01,1e+16
interface_8x,T01_A_STAGE_2,1.0,0.01,channel,0.001,3.45e-06,10.0,34.5,0.01,1e+16
interface_8x,T01_A_STAGE_2,1.0,0.01,channel,0.001,3.4875e-06,10.0,34.875,0.01,1e+16
interface_8x,T01_A_STAGE_2,1.0,0.01,channel,0.001,3.525e-06,10.0,35.25,0.01,1e+16
interface_8x,T01_A_STAGE_2,1.0,0.01,channel,0.001,3.5625e-06,10.0,35.625,0.01,1e+16
interface_8x,T01_A_STAGE_2,1.0,0.01,channel,0.001,3.6000000000000003e-06,10.0,36.0,0.01,1e+16
interface_8x,T01_A_STAGE_2,1.0,0.01,channel,0.001,3.6375000000000003e-06,10.0,36.375,0.01,1e+16
interface_8x,T01_A_STAGE_2,1.0,0.01,channel,0.001,3.6750000000000004e-06,10.0,36.75000000000001,0.01,1e+16
interface_8x,T01_A_STAGE_2,1.0,0.01,channel,0.001,3.7125000000000005e-06,10.0,37.12500000000001,0.01,1e+16
interface_8x,T01_A_STAGE_2,1.0,0.01,channel,0.001,3.7500000000000005e-06,10.0,37.50000000000001,0.01,1e+16
interface_8x,T01_A_STAGE_2,1.0,0.01,channel,0.001,3.7875000000000006e-06,10.0,37.87500000000001,0.01,1e+16
interface_8x,T01_A_STAGE_2,1.0,0.01,channel,0.001,3.825000000000001e-06,10.0,38.25000000000001,0.01,1e+16
interface_8x,T01_A_STAGE_2,1.0,0.01,channel,0.001,3.862500000000001e-06,10.0,38.62500000000001,0.01,1e+16
interface_8x,T01_A_STAGE_2,1.0,0.01,channel,0.001,3.9e-06,10.0,39.0,0.01,1e+16
interface_8x,T01_A_STAGE_2,1.0,0.01,channel,0.001,3.937500000000001e-06,10.0,39.37500000000001,0.01,1e+16
interface_8x,T01_A_STAGE_2,1.0,0.01,channel,0.001,3.975e-06,10.0,39.75,0.01,1e+16
interface_8x,T01_A_STAGE_2,1.0,0.01,channel,0.001,4.0125e-06,10.0,40.125,0.01,1e+16
interface_8x,T01_A_STAGE_2,1.0,0.01,channel,0.001,4.05e-06,10.0,40.5,0.01,1e+16
interface_8x,T01_A_STAGE_2,1.0,0.01,channel,0.001,4.0875e-06,10.0,40.875,0.01,1e+16
interface_8x,T01_A_STAGE_2,1.0,0.01,channel,0.001,4.125e-06,10.0,41.25,0.01,1e+16
interface_8x,T01_A_STAGE_2,1.0,0.01,channel,0.001,4.1625e-06,10.0,41.62500000000001,0.01,1e+16
interface_8x,T01_A_STAGE_2,1.0,0.01,channel,0.001,4.2000000000000004e-06,10.0,42.00000000000001,0.01,1e+16
interface_8x,T01_A_STAGE_2,1.0,0.01,channel,0.001,4.5e-06,10.0,45.0,0.01,1e+16
interface_8x,T01_A_STAGE_2,1.0,0.01,channel,0.001,4.8e-06,10.0,48.0,0.01,1e+16
interface_8x,T01_A_STAGE_2,1.0,0.01,channel,0.001,5.1e-06,10.0,51.0,0.01,1e+16
interface_8x,T01_A_STAGE_2,1.0,0.01,channel,0.001,5.4e-06,10.0,54.0,0.01,1e+16
