Index            TIME             V(VIV100T050R0125C0500)    V(VOV100T050R0125C0500)    I(VDDV100T050R0125C0500)   V(VIV100T050R0125C1000)    V(VOV100T050R0125C1000)    I(VDDV100T050R0125C1000)   V(VIV100T050R0250C0500)    V(VOV100T050R0250C0500)    I(VDDV100T050R0250C0500)   V(VIV100T050R0250C1000)    V(VOV100T050R0250C1000)    I(VDDV100T050R0250C1000)   V(VIV100T050R0500C0500)    V(VOV100T050R0500C0500)    I(VDDV100T050R0500C0500)   V(VIV100T050R0500C1000)    V(VOV100T050R0500C1000)    I(VDDV100T050R0500C1000)   V(VIV100T075R0125C0500)    V(VOV100T075R0125C0500)    I(VDDV100T075R0125C0500)   V(VIV100T075R0125C1000)    V(VOV100T075R0125C1000)    I(VDDV100T075R0125C1000)   V(VIV100T075R0250C0500)    V(VOV100T075R0250C0500)    I(VDDV100T075R0250C0500)   V(VIV100T075R0250C1000)    V(VOV100T075R0250C1000)    I(VDDV100T075R0250C1000)   V(VIV100T075R0500C0500)    V(VOV100T075R0500C0500)    I(VDDV100T075R0500C0500)   V(VIV100T075R0500C1000)    V(VOV100T075R0500C1000)    I(VDDV100T075R0500C1000)   V(VIV100T100R0125C0500)    V(VOV100T100R0125C0500)    I(VDDV100T100R0125C0500)   V(VIV100T100R0125C1000)    V(VOV100T100R0125C1000)    I(VDDV100T100R0125C1000)   V(VIV100T100R0250C0500)    V(VOV100T100R0250C0500)    I(VDDV100T100R0250C0500)   V(VIV100T100R0250C1000)    V(VOV100T100R0250C1000)    I(VDDV100T100R0250C1000)   V(VIV100T100R0500C0500)    V(VOV100T100R0500C0500)    I(VDDV100T100R0500C0500)   V(VIV100T100R0500C1000)    V(VOV100T100R0500C1000)    I(VDDV100T100R0500C1000)   V(VIV200T050R0125C0500)    V(VOV200T050R0125C0500)    I(VDDV200T050R0125C0500)   V(VIV200T050R0125C1000)    V(VOV200T050R0125C1000)    I(VDDV200T050R0125C1000)   V(VIV200T050R0250C0500)    V(VOV200T050R0250C0500)    I(VDDV200T050R0250C0500)   V(VIV200T050R0250C1000)    V(VOV200T050R0250C1000)    I(VDDV200T050R0250C1000)   V(VIV200T050R0500C0500)    V(VOV200T050R0500C0500)    I(VDDV200T050R0500C0500)   V(VIV200T050R0500C1000)    V(VOV200T050R0500C1000)    I(VDDV200T050R0500C1000)   V(VIV200T075R0125C0500)    V(VOV200T075R0125C0500)    I(VDDV200T075R0125C0500)   V(VIV200T075R0125C1000)    V(VOV200T075R0125C1000)    I(VDDV200T075R0125C1000)   V(VIV200T075R0250C0500)    V(VOV200T075R0250C0500)    I(VDDV200T075R0250C0500)   V(VIV200T075R0250C1000)    V(VOV200T075R0250C1000)    I(VDDV200T075R0250C1000)   V(VIV200T075R0500C0500)    V(VOV200T075R0500C0500)    I(VDDV200T075R0500C0500)   V(VIV200T075R0500C1000)    V(VOV200T075R0500C1000)    I(VDDV200T075R0500C1000)   V(VIV200T100R0125C0500)    V(VOV200T100R0125C0500)    I(VDDV200T100R0125C0500)   V(VIV200T100R0125C1000)    V(VOV200T100R0125C1000)    I(VDDV200T100R0125C1000)   V(VIV200T100R0250C0500)    V(VOV200T100R0250C0500)    I(VDDV200T100R0250C0500)   V(VIV200T100R0250C1000)    V(VOV200T100R0250C1000)    I(VDDV200T100R0250C1000)   V(VIV200T100R0500C0500)    V(VOV200T100R0500C0500)    I(VDDV200T100R0500C0500)   V(VIV200T100R0500C1000)    V(VOV200T100R0500C1000)    I(VDDV200T100R0500C1000) 
0        0.00000000000000000e+00    0.00000000000000000e+00    1.72248537297460917e-02   -2.04756112163006984e-08    0.00000000000000000e+00    1.72248537297460917e-02   -2.04756112163006984e-08    0.00000000000000000e+00    3.03322715539457166e-02   -3.05491975353133060e-08    0.00000000000000000e+00    3.03322715539457166e-02   -3.05491975353133060e-08    0.00000000000000000e+00    4.75378462357763515e-02   -3.86401752223911937e-08    0.00000000000000000e+00    4.75378462357763515e-02   -3.86401752223911937e-08    0.00000000000000000e+00    2.05677939342197059e-02   -2.34390712369873895e-08    0.00000000000000000e+00    2.05677939342197059e-02   -2.34390712369873895e-08    0.00000000000000000e+00    3.57017116309190780e-02   -3.36052284960063891e-08    0.00000000000000000e+00    3.57017116309190780e-02   -3.36052284960063891e-08    0.00000000000000000e+00    5.41508273938122869e-02   -4.06407509545257820e-08    0.00000000000000000e+00    5.41508273938122869e-02   -4.06407509545257820e-08    0.00000000000000000e+00    2.40938441887231861e-02   -2.62592536519027199e-08    0.00000000000000000e+00    2.40938441887231861e-02   -2.62592536519027199e-08    0.00000000000000000e+00    4.11112208861681774e-02   -3.61687549769014471e-08    0.00000000000000000e+00    4.11112208861681774e-02   -3.61687549769014471e-08    0.00000000000000000e+00    6.02072898443309842e-02   -4.20786018913719433e-08    0.00000000000000000e+00    6.02072898443309842e-02   -4.20786018913719433e-08    0.00000000000000000e+00    5.48440662025802897e-02   -4.08229228204002488e-08    0.00000000000000000e+00    5.48440662025802897e-02   -4.08229228204002488e-08    0.00000000000000000e+00    8.97136699508051944e-02   -4.56836118131115532e-08    0.00000000000000000e+00    8.97136699508051944e-02   -4.56836118131115532e-08    0.00000000000000000e+00    1.20482528387361967e-01   -4.67100525568870880e-08    0.00000000000000000e+00    1.20482528387361967e-01   -4.67100525568870880e-08    0.00000000000000000e+00    7.26104997975868527e-02   -4.41342890174627682e-08    0.00000000000000000e+00    7.26104997975868527e-02   -4.41342890174627682e-08    0.00000000000000000e+00    1.10923291543830377e-01   -4.65261634934004685e-08    0.00000000000000000e+00    1.10923291543830377e-01   -4.65261634934004685e-08    0.00000000000000000e+00    1.40703652971345045e-01   -4.69110939391152577e-08    0.00000000000000000e+00    1.40703652971345045e-01   -4.69110939391152577e-08    0.00000000000000000e+00    9.12000246179420770e-02   -4.57718270659301617e-08    0.00000000000000000e+00    9.12000246179420770e-02   -4.57718270659301617e-08    0.00000000000000000e+00    1.29710940770553701e-01   -4.68251566591681343e-08    0.00000000000000000e+00    1.29710940770553701e-01   -4.68251566591681343e-08    0.00000000000000000e+00    1.56800250389843299e-01   -4.69785784915966718e-08    0.00000000000000000e+00    1.56800250389843299e-01   -4.69785784915966718e-08
1        1.25000000000000003e-09    0.00000000000000000e+00    1.72248537297460917e-02   -2.04756112163007613e-08    0.00000000000000000e+00    1.72248537297460917e-02   -2.04756112163007613e-08    0.00000000000000000e+00    3.03322715539457166e-02   -3.05491975353133127e-08    0.00000000000000000e+00    3.03322715539457166e-02   -3.05491975353133127e-08    0.00000000000000000e+00    4.75378462357763515e-02   -3.86401752223912003e-08    0.00000000000000000e+00    4.75378462357763515e-02   -3.86401752223912003e-08    0.00000000000000000e+00    2.05677939342197094e-02   -2.34390712369874888e-08    0.00000000000000000e+00    2.05677939342197059e-02   -2.34390712369874888e-08    0.00000000000000000e+00    3.57017116309190780e-02   -3.36052284960063626e-08    0.00000000000000000e+00    3.57017116309190780e-02   -3.36052284960063626e-08    0.00000000000000000e+00    5.41508273938122869e-02   -4.06407509545258019e-08    0.00000000000000000e+00    5.41508273938122869e-02   -4.06407509545258019e-08    0.00000000000000000e+00    2.40938441887344514e-02   -2.62592536526357144e-08    0.00000000000000000e+00    2.40938441887288274e-02   -2.62592536526386361e-08    0.00000000000000000e+00    4.11112208861681774e-02   -3.61687549769014603e-08    0.00000000000000000e+00    4.11112208861681774e-02   -3.61687549769014603e-08    0.00000000000000000e+00    6.02072898443309842e-02   -4.20786018913719433e-08    0.00000000000000000e+00    6.02072898443309842e-02   -4.20786018913719433e-08    0.00000000000000000e+00    5.48440662025802966e-02   -4.08229228204009833e-08    0.00000000000000000e+00    5.48440662025802897e-02   -4.08229228204009899e-08    0.00000000000000000e+00    8.97136699508051944e-02   -4.56836118131115730e-08    0.00000000000000000e+00    8.97136699508051944e-02   -4.56836118131115730e-08    0.00000000000000000e+00    1.20482528387361967e-01   -4.67100525568871608e-08    0.00000000000000000e+00    1.20482528387361967e-01   -4.67100525568871608e-08    0.00000000000000000e+00    7.26104997975868527e-02   -4.41342890174627682e-08    0.00000000000000000e+00    7.26104997975868527e-02   -4.41342890174627682e-08    0.00000000000000000e+00    1.10923291543830377e-01   -4.65261634934004487e-08    0.00000000000000000e+00    1.10923291543830377e-01   -4.65261634934004487e-08    0.00000000000000000e+00    1.40703652971345045e-01   -4.69110939391152577e-08    0.00000000000000000e+00    1.40703652971345045e-01   -4.69110939391152577e-08    0.00000000000000000e+00    9.12000246179420770e-02   -4.57718270659301749e-08    0.00000000000000000e+00    9.12000246179420770e-02   -4.57718270659301749e-08    0.00000000000000000e+00    1.29710940770553701e-01   -4.68251566591681343e-08    0.00000000000000000e+00    1.29710940770553701e-01   -4.68251566591681343e-08    0.00000000000000000e+00    1.56800250389843299e-01   -4.69785784915967446e-08    0.00000000000000000e+00    1.56800250389843299e-01   -4.69785784915967446e-08
2        3.75000000000000049e-09    0.00000000000000000e+00    1.72248537297460952e-02   -2.04756112163007613e-08    0.00000000000000000e+00    1.72248537297460917e-02   -2.04756112163007613e-08    0.00000000000000000e+00    3.03322715539457166e-02   -3.05491975353133127e-08    0.00000000000000000e+00    3.03322715539457166e-02   -3.05491975353133127e-08    0.00000000000000000e+00    4.75378462357763515e-02   -3.86401752223912003e-08    0.00000000000000000e+00    4.75378462357763515e-02   -3.86401752223912003e-08    0.00000000000000000e+00    2.05677939342197094e-02   -2.34390712369874921e-08    0.00000000000000000e+00    2.05677939342197094e-02   -2.34390712369874888e-08    0.00000000000000000e+00    3.57017116309190780e-02   -3.36052284960063626e-08    0.00000000000000000e+00    3.57017116309190780e-02   -3.36052284960063626e-08    0.00000000000000000e+00    5.41508273938122869e-02   -4.06407509545258019e-08    0.00000000000000000e+00    5.41508273938122869e-02   -4.06407509545258019e-08    0.00000000000000000e+00    2.40938441887568397e-02   -2.62592536526240876e-08    0.00000000000000000e+00    2.40938441887400788e-02   -2.62592536526327862e-08    0.00000000000000000e+00    4.11112208861681774e-02   -3.61687549769014603e-08    0.00000000000000000e+00    4.11112208861681774e-02   -3.61687549769014603e-08    0.00000000000000000e+00    6.02072898443309842e-02   -4.20786018913719433e-08    0.00000000000000000e+00    6.02072898443309842e-02   -4.20786018913719433e-08    0.00000000000000000e+00    5.48440662025803105e-02   -4.08229228204009899e-08    0.00000000000000000e+00    5.48440662025802966e-02   -4.08229228204009833e-08    0.00000000000000000e+00    8.97136699508051944e-02   -4.56836118131115730e-08    0.00000000000000000e+00    8.97136699508051944e-02   -4.56836118131115730e-08    0.00000000000000000e+00    1.20482528387361967e-01   -4.67100525568871608e-08    0.00000000000000000e+00    1.20482528387361967e-01   -4.67100525568871608e-08    0.00000000000000000e+00    7.26104997975868527e-02   -4.41342890174627682e-08    0.00000000000000000e+00    7.26104997975868527e-02   -4.41342890174627682e-08    0.00000000000000000e+00    1.10923291543830377e-01   -4.65261634934004487e-08    0.00000000000000000e+00    1.10923291543830377e-01   -4.65261634934004487e-08    0.00000000000000000e+00    1.40703652971345045e-01   -4.69110939391152577e-08    0.00000000000000000e+00    1.40703652971345045e-01   -4.69110939391152577e-08    0.00000000000000000e+00    9.12000246179420770e-02   -4.57718270659301749e-08    0.00000000000000000e+00    9.12000246179420770e-02   -4.57718270659301749e-08    0.00000000000000000e+00    1.29710940770553701e-01   -4.68251566591681343e-08    0.00000000000000000e+00    1.29710940770553701e-01   -4.68251566591681343e-08    0.00000000000000000e+00    1.56800250389843299e-01   -4.69785784915967446e-08    0.00000000000000000e+00    1.56800250389843299e-01   -4.69785784915967446e-08
3        8.75000000000000060e-09    0.00000000000000000e+00    1.72248537297460987e-02   -2.04756112163007646e-08    0.00000000000000000e+00    1.72248537297460952e-02   -2.04756112163007613e-08    0.00000000000000000e+00    3.03322715539457166e-02   -3.05491975353133127e-08    0.00000000000000000e+00    3.03322715539457166e-02   -3.05491975353133127e-08    0.00000000000000000e+00    4.75378462357763515e-02   -3.86401752223912003e-08    0.00000000000000000e+00    4.75378462357763515e-02   -3.86401752223912003e-08    0.00000000000000000e+00    2.05677939342197164e-02   -2.34390712369874756e-08    0.00000000000000000e+00    2.05677939342197094e-02   -2.34390712369874954e-08    0.00000000000000000e+00    3.57017116309190780e-02   -3.36052284960063626e-08    0.00000000000000000e+00    3.57017116309190780e-02   -3.36052284960063626e-08    0.00000000000000000e+00    5.41508273938122869e-02   -4.06407509545258019e-08    0.00000000000000000e+00    5.41508273938122869e-02   -4.06407509545258019e-08    0.00000000000000000e+00    2.40938441888013354e-02   -2.62592536526009464e-08    0.00000000000000000e+00    2.40938441887625018e-02   -2.62592536526211495e-08    0.00000000000000000e+00    4.11112208861681774e-02   -3.61687549769014603e-08    0.00000000000000000e+00    4.11112208861681774e-02   -3.61687549769014603e-08    0.00000000000000000e+00    6.02072898443309842e-02   -4.20786018913719433e-08    0.00000000000000000e+00    6.02072898443309842e-02   -4.20786018913719433e-08    0.00000000000000000e+00    5.48440662025803383e-02   -4.08229228204009899e-08    0.00000000000000000e+00    5.48440662025803105e-02   -4.08229228204010031e-08    0.00000000000000000e+00    8.97136699508051944e-02   -4.56836118131115730e-08    0.00000000000000000e+00    8.97136699508051944e-02   -4.56836118131115730e-08    0.00000000000000000e+00    1.20482528387361967e-01   -4.67100525568871608e-08    0.00000000000000000e+00    1.20482528387361967e-01   -4.67100525568871608e-08    0.00000000000000000e+00    7.26104997975868527e-02   -4.41342890174627682e-08    0.00000000000000000e+00    7.26104997975868527e-02   -4.41342890174627682e-08    0.00000000000000000e+00    1.10923291543830377e-01   -4.65261634934004487e-08    0.00000000000000000e+00    1.10923291543830377e-01   -4.65261634934004487e-08    0.00000000000000000e+00    1.40703652971345045e-01   -4.69110939391152577e-08    0.00000000000000000e+00    1.40703652971345045e-01   -4.69110939391152577e-08    0.00000000000000000e+00    9.12000246179420770e-02   -4.57718270659301749e-08    0.00000000000000000e+00    9.12000246179420770e-02   -4.57718270659301749e-08    0.00000000000000000e+00    1.29710940770553701e-01   -4.68251566591681343e-08    0.00000000000000000e+00    1.29710940770553701e-01   -4.68251566591681343e-08    0.00000000000000000e+00    1.56800250389843299e-01   -4.69785784915967446e-08    0.00000000000000000e+00    1.56800250389843299e-01   -4.69785784915967446e-08
4        1.87499999999999992e-08    0.00000000000000000e+00    1.72248537297461091e-02   -2.04756112163007547e-08    0.00000000000000000e+00    1.72248537297460987e-02   -2.04756112163007646e-08    0.00000000000000000e+00    3.03322715539457166e-02   -3.05491975353133127e-08    0.00000000000000000e+00    3.03322715539457166e-02   -3.05491975353133127e-08    0.00000000000000000e+00    4.75378462357763515e-02   -3.86401752223912003e-08    0.00000000000000000e+00    4.75378462357763515e-02   -3.86401752223912003e-08    0.00000000000000000e+00    2.05677939342197337e-02   -2.34390712369875087e-08    0.00000000000000000e+00    2.05677939342197164e-02   -2.34390712369874723e-08    0.00000000000000000e+00    3.57017116309190780e-02   -3.36052284960063626e-08    0.00000000000000000e+00    3.57017116309190780e-02   -3.36052284960063626e-08    0.00000000000000000e+00    5.41508273938122869e-02   -4.06407509545258019e-08    0.00000000000000000e+00    5.41508273938122869e-02   -4.06407509545258019e-08    0.00000000000000000e+00    2.40938441888886370e-02   -2.62592536525556202e-08    0.00000000000000000e+00    2.40938441888069212e-02   -2.62592536525980281e-08    0.00000000000000000e+00    4.11112208861681774e-02   -3.61687549769014603e-08    0.00000000000000000e+00    4.11112208861681774e-02   -3.61687549769014603e-08    0.00000000000000000e+00    6.02072898443309842e-02   -4.20786018913719433e-08    0.00000000000000000e+00    6.02072898443309842e-02   -4.20786018913719433e-08    0.00000000000000000e+00    5.48440662025803868e-02   -4.08229228204009237e-08    0.00000000000000000e+00    5.48440662025803383e-02   -4.08229228204009767e-08    0.00000000000000000e+00    8.97136699508051944e-02   -4.56836118131115730e-08    0.00000000000000000e+00    8.97136699508051944e-02   -4.56836118131115730e-08    0.00000000000000000e+00    1.20482528387361967e-01   -4.67100525568871608e-08    0.00000000000000000e+00    1.20482528387361967e-01   -4.67100525568871608e-08    0.00000000000000000e+00    7.26104997975868527e-02   -4.41342890174627682e-08    0.00000000000000000e+00    7.26104997975868527e-02   -4.41342890174627682e-08    0.00000000000000000e+00    1.10923291543830377e-01   -4.65261634934004487e-08    0.00000000000000000e+00    1.10923291543830377e-01   -4.65261634934004487e-08    0.00000000000000000e+00    1.40703652971345045e-01   -4.69110939391152577e-08    0.00000000000000000e+00    1.40703652971345045e-01   -4.69110939391152577e-08    0.00000000000000000e+00    9.12000246179420770e-02   -4.57718270659301749e-08    0.00000000000000000e+00    9.12000246179420770e-02   -4.57718270659301749e-08    0.00000000000000000e+00    1.29710940770553701e-01   -4.68251566591681343e-08    0.00000000000000000e+00    1.29710940770553701e-01   -4.68251566591681343e-08    0.00000000000000000e+00    1.56800250389843299e-01   -4.69785784915967446e-08    0.00000000000000000e+00    1.56800250389843299e-01   -4.69785784915967446e-08
5        3.87499999999999996e-08    0.00000000000000000e+00    1.72248537297461334e-02   -2.04756112163007712e-08    0.00000000000000000e+00    1.72248537297461091e-02   -2.04756112163007547e-08    0.00000000000000000e+00    3.03322715539457166e-02   -3.05491975353133127e-08    0.00000000000000000e+00    3.03322715539457166e-02   -3.05491975353133127e-08    0.00000000000000000e+00    4.75378462357763515e-02   -3.86401752223912003e-08    0.00000000000000000e+00    4.75378462357763515e-02   -3.86401752223912003e-08    0.00000000000000000e+00    2.05677939342197615e-02   -2.34390712369874491e-08    0.00000000000000000e+00    2.05677939342197337e-02   -2.34390712369875120e-08    0.00000000000000000e+00    3.57017116309190780e-02   -3.36052284960063626e-08    0.00000000000000000e+00    3.57017116309190780e-02   -3.36052284960063626e-08    0.00000000000000000e+00    5.41508273938122869e-02   -4.06407509545258019e-08    0.00000000000000000e+00    5.41508273938122869e-02   -4.06407509545258019e-08    0.00000000000000000e+00    2.40938441890567213e-02   -2.62592536524682170e-08    0.00000000000000000e+00    2.40938441888940841e-02   -2.62592536525528012e-08    0.00000000000000000e+00    4.11112208861681774e-02   -3.61687549769014603e-08    0.00000000000000000e+00    4.11112208861681774e-02   -3.61687549769014603e-08    0.00000000000000000e+00    6.02072898443309842e-02   -4.20786018913719433e-08    0.00000000000000000e+00    6.02072898443309842e-02   -4.20786018913719433e-08    0.00000000000000000e+00    5.48440662025804770e-02   -4.08229228204008642e-08    0.00000000000000000e+00    5.48440662025803868e-02   -4.08229228204009370e-08    0.00000000000000000e+00    8.97136699508051944e-02   -4.56836118131115730e-08    0.00000000000000000e+00    8.97136699508051944e-02   -4.56836118131115730e-08    0.00000000000000000e+00    1.20482528387361967e-01   -4.67100525568871542e-08    0.00000000000000000e+00    1.20482528387361967e-01   -4.67100525568871608e-08    0.00000000000000000e+00    7.26104997975868527e-02   -4.41342890174627682e-08    0.00000000000000000e+00    7.26104997975868527e-02   -4.41342890174627682e-08    0.00000000000000000e+00    1.10923291543830377e-01   -4.65261634934004487e-08    0.00000000000000000e+00    1.10923291543830377e-01   -4.65261634934004487e-08    0.00000000000000000e+00    1.40703652971345045e-01   -4.69110939391152577e-08    0.00000000000000000e+00    1.40703652971345045e-01   -4.69110939391152577e-08    0.00000000000000000e+00    9.12000246179420770e-02   -4.57718270659301749e-08    0.00000000000000000e+00    9.12000246179420770e-02   -4.57718270659301749e-08    0.00000000000000000e+00    1.29710940770553701e-01   -4.68251566591681343e-08    0.00000000000000000e+00    1.29710940770553701e-01   -4.68251566591681343e-08    0.00000000000000000e+00    1.56800250389843299e-01   -4.69785784915967380e-08    0.00000000000000000e+00    1.56800250389843299e-01   -4.69785784915967446e-08
6        6.37499999999999984e-08    0.00000000000000000e+00    1.72248537297461576e-02   -2.04756112163007315e-08    0.00000000000000000e+00    1.72248537297461229e-02   -2.04756112163007679e-08    0.00000000000000000e+00    3.03322715539457166e-02   -3.05491975353133127e-08    0.00000000000000000e+00    3.03322715539457166e-02   -3.05491975353133127e-08    0.00000000000000000e+00    4.75378462357763515e-02   -3.86401752223912003e-08    0.00000000000000000e+00    4.75378462357763515e-02   -3.86401752223912003e-08    0.00000000000000000e+00    2.05677939342197927e-02   -2.34390712369875020e-08    0.00000000000000000e+00    2.05677939342197511e-02   -2.34390712369874689e-08    0.00000000000000000e+00    3.57017116309190780e-02   -3.36052284960063626e-08    0.00000000000000000e+00    3.57017116309190780e-02   -3.36052284960063626e-08    0.00000000000000000e+00    5.41508273938122869e-02   -4.06407509545258019e-08    0.00000000000000000e+00    5.41508273938122869e-02   -4.06407509545258019e-08    0.00000000000000000e+00    2.40938441892551251e-02   -2.62592536523651734e-08    0.00000000000000000e+00    2.40938441889999577e-02   -2.62592536524977010e-08    0.00000000000000000e+00    4.11112208861681774e-02   -3.61687549769014603e-08    0.00000000000000000e+00    4.11112208861681774e-02   -3.61687549769014603e-08    0.00000000000000000e+00    6.02072898443309842e-02   -4.20786018913719433e-08    0.00000000000000000e+00    6.02072898443309842e-02   -4.20786018913719433e-08    0.00000000000000000e+00    5.48440662025805811e-02   -4.08229228204008311e-08    0.00000000000000000e+00    5.48440662025804423e-02   -4.08229228204008576e-08    0.00000000000000000e+00    8.97136699508051944e-02   -4.56836118131115730e-08    0.00000000000000000e+00    8.97136699508051944e-02   -4.56836118131115730e-08    0.00000000000000000e+00    1.20482528387361967e-01   -4.67100525568871608e-08    0.00000000000000000e+00    1.20482528387361967e-01   -4.67100525568871608e-08    0.00000000000000000e+00    7.26104997975868527e-02   -4.41342890174627682e-08    0.00000000000000000e+00    7.26104997975868527e-02   -4.41342890174627682e-08    0.00000000000000000e+00    1.10923291543830377e-01   -4.65261634934004487e-08    0.00000000000000000e+00    1.10923291543830377e-01   -4.65261634934004487e-08    0.00000000000000000e+00    1.40703652971345045e-01   -4.69110939391152577e-08    0.00000000000000000e+00    1.40703652971345045e-01   -4.69110939391152577e-08    0.00000000000000000e+00    9.12000246179420770e-02   -4.57718270659301749e-08    0.00000000000000000e+00    9.12000246179420770e-02   -4.57718270659301749e-08    0.00000000000000000e+00    1.29710940770553701e-01   -4.68251566591681343e-08    0.00000000000000000e+00    1.29710940770553701e-01   -4.68251566591681343e-08    0.00000000000000000e+00    1.56800250389843299e-01   -4.69785784915967446e-08    0.00000000000000000e+00    1.56800250389843299e-01   -4.69785784915967446e-08
7        8.87499999999999973e-08    0.00000000000000000e+00    1.72248537297461785e-02   -2.04756112163007447e-08    0.00000000000000000e+00    1.72248537297461368e-02   -2.04756112163007547e-08    0.00000000000000000e+00    3.03322715539457166e-02   -3.05491975353133127e-08    0.00000000000000000e+00    3.03322715539457166e-02   -3.05491975353133127e-08    0.00000000000000000e+00    4.75378462357763515e-02   -3.86401752223912003e-08    0.00000000000000000e+00    4.75378462357763515e-02   -3.86401752223912003e-08    0.00000000000000000e+00    2.05677939342198239e-02   -2.34390712369874127e-08    0.00000000000000000e+00    2.05677939342197684e-02   -2.34390712369874822e-08    0.00000000000000000e+00    3.57017116309190780e-02   -3.36052284960063626e-08    0.00000000000000000e+00    3.57017116309190780e-02   -3.36052284960063626e-08    0.00000000000000000e+00    5.41508273938122869e-02   -4.06407509545258019e-08    0.00000000000000000e+00    5.41508273938122869e-02   -4.06407509545258019e-08    0.00000000000000000e+00    2.40938441894412540e-02   -2.62592536522683602e-08    0.00000000000000000e+00    2.40938441891025007e-02   -2.62592536524445100e-08    0.00000000000000000e+00    4.11112208861681774e-02   -3.61687549769014603e-08    0.00000000000000000e+00    4.11112208861681774e-02   -3.61687549769014603e-08    0.00000000000000000e+00    6.02072898443309842e-02   -4.20786018913719433e-08    0.00000000000000000e+00    6.02072898443309842e-02   -4.20786018913719433e-08    0.00000000000000000e+00    5.48440662025806921e-02   -4.08229228204007384e-08    0.00000000000000000e+00    5.48440662025804979e-02   -4.08229228204008840e-08    0.00000000000000000e+00    8.97136699508051944e-02   -4.56836118131115730e-08    0.00000000000000000e+00    8.97136699508051944e-02   -4.56836118131115730e-08    0.00000000000000000e+00    1.20482528387361967e-01   -4.67100525568871542e-08    0.00000000000000000e+00    1.20482528387361967e-01   -4.67100525568871608e-08    0.00000000000000000e+00    7.26104997975868527e-02   -4.41342890174627682e-08    0.00000000000000000e+00    7.26104997975868527e-02   -4.41342890174627682e-08    0.00000000000000000e+00    1.10923291543830377e-01   -4.65261634934004487e-08    0.00000000000000000e+00    1.10923291543830377e-01   -4.65261634934004487e-08    0.00000000000000000e+00    1.40703652971345045e-01   -4.69110939391152577e-08    0.00000000000000000e+00    1.40703652971345045e-01   -4.69110939391152577e-08    0.00000000000000000e+00    9.12000246179420770e-02   -4.57718270659301749e-08    0.00000000000000000e+00    9.12000246179420770e-02   -4.57718270659301749e-08    0.00000000000000000e+00    1.29710940770553701e-01   -4.68251566591681343e-08    0.00000000000000000e+00    1.29710940770553701e-01   -4.68251566591681343e-08    0.00000000000000000e+00    1.56800250389843299e-01   -4.69785784915967380e-08    0.00000000000000000e+00    1.56800250389843299e-01   -4.69785784915967446e-08
8        1.13749999999999996e-07    0.00000000000000000e+00    1.72248537297462027e-02   -2.04756112163007116e-08    0.00000000000000000e+00    1.72248537297461472e-02   -2.04756112163007679e-08    0.00000000000000000e+00    3.03322715539457166e-02   -3.05491975353133127e-08    0.00000000000000000e+00    3.03322715539457166e-02   -3.05491975353133127e-08    0.00000000000000000e+00    4.75378462357763515e-02   -3.86401752223912003e-08    0.00000000000000000e+00    4.75378462357763515e-02   -3.86401752223912003e-08    0.00000000000000000e+00    2.05677939342198517e-02   -2.34390712369874723e-08    0.00000000000000000e+00    2.05677939342197823e-02   -2.34390712369874425e-08    0.00000000000000000e+00    3.57017116309190780e-02   -3.36052284960063626e-08    0.00000000000000000e+00    3.57017116309190780e-02   -3.36052284960063626e-08    0.00000000000000000e+00    5.41508273938122869e-02   -4.06407509545258019e-08    0.00000000000000000e+00    5.41508273938122869e-02   -4.06407509545258019e-08    0.00000000000000000e+00    2.40938441896158644e-02   -2.62592536521776913e-08    0.00000000000000000e+00    2.40938441892018206e-02   -2.62592536523927880e-08    0.00000000000000000e+00    4.11112208861681774e-02   -3.61687549769014603e-08    0.00000000000000000e+00    4.11112208861681774e-02   -3.61687549769014603e-08    0.00000000000000000e+00    6.02072898443309842e-02   -4.20786018913719433e-08    0.00000000000000000e+00    6.02072898443309842e-02   -4.20786018913719433e-08    0.00000000000000000e+00    5.48440662025807893e-02   -4.08229228204006590e-08    0.00000000000000000e+00    5.48440662025805603e-02   -4.08229228204008046e-08    0.00000000000000000e+00    8.97136699508051944e-02   -4.56836118131115730e-08    0.00000000000000000e+00    8.97136699508051944e-02   -4.56836118131115730e-08    0.00000000000000000e+00    1.20482528387361967e-01   -4.67100525568871608e-08    0.00000000000000000e+00    1.20482528387361967e-01   -4.67100525568871608e-08    0.00000000000000000e+00    7.26104997975868527e-02   -4.41342890174627682e-08    0.00000000000000000e+00    7.26104997975868527e-02   -4.41342890174627682e-08    0.00000000000000000e+00    1.10923291543830377e-01   -4.65261634934004487e-08    0.00000000000000000e+00    1.10923291543830377e-01   -4.65261634934004487e-08    0.00000000000000000e+00    1.40703652971345045e-01   -4.69110939391152577e-08    0.00000000000000000e+00    1.40703652971345045e-01   -4.69110939391152577e-08    0.00000000000000000e+00    9.12000246179420770e-02   -4.57718270659301749e-08    0.00000000000000000e+00    9.12000246179420770e-02   -4.57718270659301749e-08    0.00000000000000000e+00    1.29710940770553701e-01   -4.68251566591681343e-08    0.00000000000000000e+00    1.29710940770553701e-01   -4.68251566591681343e-08    0.00000000000000000e+00    1.56800250389843299e-01   -4.69785784915967446e-08    0.00000000000000000e+00    1.56800250389843299e-01   -4.69785784915967446e-08
9        1.38749999999999995e-07    0.00000000000000000e+00    1.72248537297462236e-02   -2.04756112163007282e-08    0.00000000000000000e+00    1.72248537297461611e-02   -2.04756112163007315e-08    0.00000000000000000e+00    3.03322715539457166e-02   -3.05491975353133127e-08    0.00000000000000000e+00    3.03322715539457166e-02   -3.05491975353133127e-08    0.00000000000000000e+00    4.75378462357763515e-02   -3.86401752223912003e-08    0.00000000000000000e+00    4.75378462357763515e-02   -3.86401752223912003e-08    0.00000000000000000e+00    2.05677939342198794e-02   -2.34390712369873862e-08    0.00000000000000000e+00    2.05677939342197996e-02   -2.34390712369874822e-08    0.00000000000000000e+00    3.57017116309190780e-02   -3.36052284960063626e-08    0.00000000000000000e+00    3.57017116309190780e-02   -3.36052284960063626e-08    0.00000000000000000e+00    5.41508273938122869e-02   -4.06407509545258019e-08    0.00000000000000000e+00    5.41508273938122869e-02   -4.06407509545258019e-08    0.00000000000000000e+00    2.40938441897796674e-02   -2.62592536520924553e-08    0.00000000000000000e+00    2.40938441892980214e-02   -2.62592536523428958e-08    0.00000000000000000e+00    4.11112208861681774e-02   -3.61687549769014603e-08    0.00000000000000000e+00    4.11112208861681774e-02   -3.61687549769014603e-08    0.00000000000000000e+00    6.02072898443309842e-02   -4.20786018913719433e-08    0.00000000000000000e+00    6.02072898443309842e-02   -4.20786018913719433e-08    0.00000000000000000e+00    5.48440662025808864e-02   -4.08229228204006723e-08    0.00000000000000000e+00    5.48440662025806158e-02   -4.08229228204008112e-08    0.00000000000000000e+00    8.97136699508051944e-02   -4.56836118131115730e-08    0.00000000000000000e+00    8.97136699508051944e-02   -4.56836118131115730e-08    0.00000000000000000e+00    1.20482528387361967e-01   -4.67100525568871542e-08    0.00000000000000000e+00    1.20482528387361967e-01   -4.67100525568871608e-08    0.00000000000000000e+00    7.26104997975868527e-02   -4.41342890174627682e-08    0.00000000000000000e+00    7.26104997975868527e-02   -4.41342890174627682e-08    0.00000000000000000e+00    1.10923291543830377e-01   -4.65261634934004487e-08    0.00000000000000000e+00    1.10923291543830377e-01   -4.65261634934004487e-08    0.00000000000000000e+00    1.40703652971345045e-01   -4.69110939391152577e-08    0.00000000000000000e+00    1.40703652971345045e-01   -4.69110939391152577e-08    0.00000000000000000e+00    9.12000246179420770e-02   -4.57718270659301749e-08    0.00000000000000000e+00    9.12000246179420770e-02   -4.57718270659301749e-08    0.00000000000000000e+00    1.29710940770553701e-01   -4.68251566591681343e-08    0.00000000000000000e+00    1.29710940770553701e-01   -4.68251566591681343e-08    0.00000000000000000e+00    1.56800250389843299e-01   -4.69785784915967380e-08    0.00000000000000000e+00    1.56800250389843299e-01   -4.69785784915967446e-08
10       1.63749999999999994e-07    0.00000000000000000e+00    1.72248537297462409e-02   -2.04756112163007083e-08    0.00000000000000000e+00    1.72248537297461715e-02   -2.04756112163007480e-08    0.00000000000000000e+00    3.03322715539457166e-02   -3.05491975353133127e-08    0.00000000000000000e+00    3.03322715539457166e-02   -3.05491975353133127e-08    0.00000000000000000e+00    4.75378462357763515e-02   -3.86401752223912003e-08    0.00000000000000000e+00    4.75378462357763515e-02   -3.86401752223912003e-08    0.00000000000000000e+00    2.05677939342199037e-02   -2.34390712369874491e-08    0.00000000000000000e+00    2.05677939342198135e-02   -2.34390712369874359e-08    0.00000000000000000e+00    3.57017116309190780e-02   -3.36052284960063626e-08    0.00000000000000000e+00    3.57017116309190780e-02   -3.36052284960063626e-08    0.00000000000000000e+00    5.41508273938122869e-02   -4.06407509545258019e-08    0.00000000000000000e+00    5.41508273938122869e-02   -4.06407509545258019e-08    0.00000000000000000e+00    2.40938441899333361e-02   -2.62592536520127151e-08    0.00000000000000000e+00    2.40938441893911968e-02   -2.62592536522943436e-08    0.00000000000000000e+00    4.11112208861681774e-02   -3.61687549769014603e-08    0.00000000000000000e+00    4.11112208861681774e-02   -3.61687549769014603e-08    0.00000000000000000e+00    6.02072898443309842e-02   -4.20786018913719433e-08    0.00000000000000000e+00    6.02072898443309842e-02   -4.20786018913719433e-08    0.00000000000000000e+00    5.48440662025809766e-02   -4.08229228204005399e-08    0.00000000000000000e+00    5.48440662025806644e-02   -4.08229228204007252e-08    0.00000000000000000e+00    8.97136699508051944e-02   -4.56836118131115730e-08    0.00000000000000000e+00    8.97136699508051944e-02   -4.56836118131115730e-08    0.00000000000000000e+00    1.20482528387361967e-01   -4.67100525568871608e-08    0.00000000000000000e+00    1.20482528387361967e-01   -4.67100525568871608e-08    0.00000000000000000e+00    7.26104997975868527e-02   -4.41342890174627682e-08    0.00000000000000000e+00    7.26104997975868527e-02   -4.41342890174627682e-08    0.00000000000000000e+00    1.10923291543830377e-01   -4.65261634934004487e-08    0.00000000000000000e+00    1.10923291543830377e-01   -4.65261634934004487e-08    0.00000000000000000e+00    1.40703652971345045e-01   -4.69110939391152577e-08    0.00000000000000000e+00    1.40703652971345045e-01   -4.69110939391152577e-08    0.00000000000000000e+00    9.12000246179420770e-02   -4.57718270659301749e-08    0.00000000000000000e+00    9.12000246179420770e-02   -4.57718270659301749e-08    0.00000000000000000e+00    1.29710940770553701e-01   -4.68251566591681343e-08    0.00000000000000000e+00    1.29710940770553701e-01   -4.68251566591681343e-08    0.00000000000000000e+00    1.56800250389843299e-01   -4.69785784915967446e-08    0.00000000000000000e+00    1.56800250389843299e-01   -4.69785784915967446e-08
11       1.88749999999999993e-07    0.00000000000000000e+00    1.72248537297462583e-02   -2.04756112163007282e-08    0.00000000000000000e+00    1.72248537297461785e-02   -2.04756112163007282e-08    0.00000000000000000e+00    3.03322715539457166e-02   -3.05491975353133127e-08    0.00000000000000000e+00    3.03322715539457166e-02   -3.05491975353133127e-08    0.00000000000000000e+00    4.75378462357763515e-02   -3.86401752223912003e-08    0.00000000000000000e+00    4.75378462357763515e-02   -3.86401752223912003e-08    0.00000000000000000e+00    2.05677939342199245e-02   -2.34390712369873565e-08    0.00000000000000000e+00    2.05677939342198274e-02   -2.34390712369874689e-08    0.00000000000000000e+00    3.57017116309190780e-02   -3.36052284960063626e-08    0.00000000000000000e+00    3.57017116309190780e-02   -3.36052284960063626e-08    0.00000000000000000e+00    5.41508273938122869e-02   -4.06407509545258019e-08    0.00000000000000000e+00    5.41508273938122869e-02   -4.06407509545258019e-08    0.00000000000000000e+00    2.40938441900774986e-02   -2.62592536519376931e-08    0.00000000000000000e+00    2.40938441894814476e-02   -2.62592536522475748e-08    0.00000000000000000e+00    4.11112208861681774e-02   -3.61687549769014603e-08    0.00000000000000000e+00    4.11112208861681774e-02   -3.61687549769014603e-08    0.00000000000000000e+00    6.02072898443309842e-02   -4.20786018913719433e-08    0.00000000000000000e+00    6.02072898443309842e-02   -4.20786018913719433e-08    0.00000000000000000e+00    5.48440662025810599e-02   -4.08229228204005598e-08    0.00000000000000000e+00    5.48440662025807130e-02   -4.08229228204007649e-08    0.00000000000000000e+00    8.97136699508051944e-02   -4.56836118131115730e-08    0.00000000000000000e+00    8.97136699508051944e-02   -4.56836118131115730e-08    0.00000000000000000e+00    1.20482528387361967e-01   -4.67100525568871542e-08    0.00000000000000000e+00    1.20482528387361967e-01   -4.67100525568871608e-08    0.00000000000000000e+00    7.26104997975868527e-02   -4.41342890174627682e-08    0.00000000000000000e+00    7.26104997975868527e-02   -4.41342890174627682e-08    0.00000000000000000e+00    1.10923291543830377e-01   -4.65261634934004487e-08    0.00000000000000000e+00    1.10923291543830377e-01   -4.65261634934004487e-08    0.00000000000000000e+00    1.40703652971345045e-01   -4.69110939391152577e-08    0.00000000000000000e+00    1.40703652971345045e-01   -4.69110939391152577e-08    0.00000000000000000e+00    9.12000246179420770e-02   -4.57718270659301749e-08    0.00000000000000000e+00    9.12000246179420770e-02   -4.57718270659301749e-08    0.00000000000000000e+00    1.29710940770553701e-01   -4.68251566591681343e-08    0.00000000000000000e+00    1.29710940770553701e-01   -4.68251566591681343e-08    0.00000000000000000e+00    1.56800250389843299e-01   -4.69785784915967380e-08    0.00000000000000000e+00    1.56800250389843299e-01   -4.69785784915967446e-08
12       2.13749999999999992e-07    0.00000000000000000e+00    1.72248537297462756e-02   -2.04756112163007083e-08    0.00000000000000000e+00    1.72248537297461889e-02   -2.04756112163007447e-08    0.00000000000000000e+00    3.03322715539457166e-02   -3.05491975353133127e-08    0.00000000000000000e+00    3.03322715539457166e-02   -3.05491975353133127e-08    0.00000000000000000e+00    4.75378462357763515e-02   -3.86401752223912003e-08    0.00000000000000000e+00    4.75378462357763515e-02   -3.86401752223912003e-08    0.00000000000000000e+00    2.05677939342199488e-02   -2.34390712369874491e-08    0.00000000000000000e+00    2.05677939342198413e-02   -2.34390712369874359e-08    0.00000000000000000e+00    3.57017116309190780e-02   -3.36052284960063626e-08    0.00000000000000000e+00    3.57017116309190780e-02   -3.36052284960063626e-08    0.00000000000000000e+00    5.41508273938122869e-02   -4.06407509545258019e-08    0.00000000000000000e+00    5.41508273938122869e-02   -4.06407509545258019e-08    0.00000000000000000e+00    2.40938441902127411e-02   -2.62592536518675317e-08    0.00000000000000000e+00    2.40938441895688603e-02   -2.62592536522020270e-08    0.00000000000000000e+00    4.11112208861681774e-02   -3.61687549769014603e-08    0.00000000000000000e+00    4.11112208861681774e-02   -3.61687549769014603e-08    0.00000000000000000e+00    6.02072898443309842e-02   -4.20786018913719433e-08    0.00000000000000000e+00    6.02072898443309842e-02   -4.20786018913719433e-08    0.00000000000000000e+00    5.48440662025811501e-02   -4.08229228204004738e-08    0.00000000000000000e+00    5.48440662025807685e-02   -4.08229228204006657e-08    0.00000000000000000e+00    8.97136699508051944e-02   -4.56836118131115730e-08    0.00000000000000000e+00    8.97136699508051944e-02   -4.56836118131115730e-08    0.00000000000000000e+00    1.20482528387361967e-01   -4.67100525568871608e-08    0.00000000000000000e+00    1.20482528387361967e-01   -4.67100525568871608e-08    0.00000000000000000e+00    7.26104997975868527e-02   -4.41342890174627682e-08    0.00000000000000000e+00    7.26104997975868527e-02   -4.41342890174627682e-08    0.00000000000000000e+00    1.10923291543830377e-01   -4.65261634934004487e-08    0.00000000000000000e+00    1.10923291543830377e-01   -4.65261634934004487e-08    0.00000000000000000e+00    1.40703652971345045e-01   -4.69110939391152577e-08    0.00000000000000000e+00    1.40703652971345045e-01   -4.69110939391152577e-08    0.00000000000000000e+00    9.12000246179420770e-02   -4.57718270659301749e-08    0.00000000000000000e+00    9.12000246179420770e-02   -4.57718270659301749e-08    0.00000000000000000e+00    1.29710940770553701e-01   -4.68251566591681343e-08    0.00000000000000000e+00    1.29710940770553701e-01   -4.68251566591681343e-08    0.00000000000000000e+00    1.56800250389843299e-01   -4.69785784915967446e-08    0.00000000000000000e+00    1.56800250389843299e-01   -4.69785784915967446e-08
13       2.38749999999999991e-07    0.00000000000000000e+00    1.72248537297462895e-02   -2.04756112163006918e-08    0.00000000000000000e+00    1.72248537297461993e-02   -2.04756112163006918e-08    0.00000000000000000e+00    3.03322715539457166e-02   -3.05491975353133127e-08    0.00000000000000000e+00    3.03322715539457166e-02   -3.05491975353133127e-08    0.00000000000000000e+00    4.75378462357763515e-02   -3.86401752223912003e-08    0.00000000000000000e+00    4.75378462357763515e-02   -3.86401752223912003e-08    0.00000000000000000e+00    2.05677939342199662e-02   -2.34390712369873234e-08    0.00000000000000000e+00    2.05677939342198517e-02   -2.34390712369874458e-08    0.00000000000000000e+00    3.57017116309190780e-02   -3.36052284960063626e-08    0.00000000000000000e+00    3.57017116309190780e-02   -3.36052284960063626e-08    0.00000000000000000e+00    5.41508273938122869e-02   -4.06407509545258019e-08    0.00000000000000000e+00    5.41508273938122869e-02   -4.06407509545258019e-08    0.00000000000000000e+00    2.40938441903396118e-02   -2.62592536518015227e-08    0.00000000000000000e+00    2.40938441896535287e-02   -2.62592536521581533e-08    0.00000000000000000e+00    4.11112208861681774e-02   -3.61687549769014603e-08    0.00000000000000000e+00    4.11112208861681774e-02   -3.61687549769014603e-08    0.00000000000000000e+00    6.02072898443309842e-02   -4.20786018913719433e-08    0.00000000000000000e+00    6.02072898443309842e-02   -4.20786018913719433e-08    0.00000000000000000e+00    5.48440662025812334e-02   -4.08229228204004340e-08    0.00000000000000000e+00    5.48440662025808170e-02   -4.08229228204006921e-08    0.00000000000000000e+00    8.97136699508051944e-02   -4.56836118131115730e-08    0.00000000000000000e+00    8.97136699508051944e-02   -4.56836118131115730e-08    0.00000000000000000e+00    1.20482528387361967e-01   -4.67100525568871542e-08    0.00000000000000000e+00    1.20482528387361967e-01   -4.67100525568871608e-08    0.00000000000000000e+00    7.26104997975868527e-02   -4.41342890174627682e-08    0.00000000000000000e+00    7.26104997975868527e-02   -4.41342890174627682e-08    0.00000000000000000e+00    1.10923291543830377e-01   -4.65261634934004487e-08    0.00000000000000000e+00    1.10923291543830377e-01   -4.65261634934004487e-08    0.00000000000000000e+00    1.40703652971345045e-01   -4.69110939391152577e-08    0.00000000000000000e+00    1.40703652971345045e-01   -4.69110939391152577e-08    0.00000000000000000e+00    9.12000246179420770e-02   -4.57718270659301749e-08    0.00000000000000000e+00    9.12000246179420770e-02   -4.57718270659301749e-08    0.00000000000000000e+00    1.29710940770553701e-01   -4.68251566591681343e-08    0.00000000000000000e+00    1.29710940770553701e-01   -4.68251566591681343e-08    0.00000000000000000e+00    1.56800250389843299e-01   -4.69785784915967380e-08    0.00000000000000000e+00    1.56800250389843299e-01   -4.69785784915967446e-08
14       2.49999999999999989e-07    0.00000000000000000e+00    1.72248537297462964e-02   -2.04756112163007116e-08    0.00000000000000000e+00    1.72248537297462062e-02   -2.04756112163007447e-08    0.00000000000000000e+00    3.03322715539457166e-02   -3.05491975353133127e-08    0.00000000000000000e+00    3.03322715539457166e-02   -3.05491975353133127e-08    0.00000000000000000e+00    4.75378462357763515e-02   -3.86401752223912003e-08    0.00000000000000000e+00    4.75378462357763515e-02   -3.86401752223912003e-08    0.00000000000000000e+00    2.05677939342199766e-02   -2.34390712369874259e-08    0.00000000000000000e+00    2.05677939342198586e-02   -2.34390712369874127e-08    0.00000000000000000e+00    3.57017116309190780e-02   -3.36052284960063626e-08    0.00000000000000000e+00    3.57017116309190780e-02   -3.36052284960063626e-08    0.00000000000000000e+00    5.41508273938122869e-02   -4.06407509545258019e-08    0.00000000000000000e+00    5.41508273938122869e-02   -4.06407509545258019e-08    0.00000000000000000e+00    2.40938441903940995e-02   -2.62592536517732132e-08    0.00000000000000000e+00    2.40938441896907524e-02   -2.62592536521386715e-08    0.00000000000000000e+00    4.11112208861681774e-02   -3.61687549769014603e-08    0.00000000000000000e+00    4.11112208861681774e-02   -3.61687549769014603e-08    0.00000000000000000e+00    6.02072898443309842e-02   -4.20786018913719433e-08    0.00000000000000000e+00    6.02072898443309842e-02   -4.20786018913719433e-08    0.00000000000000000e+00    5.48440662025812681e-02   -4.08229228204004010e-08    0.00000000000000000e+00    5.48440662025808379e-02   -4.08229228204006127e-08    0.00000000000000000e+00    8.97136699508051944e-02   -4.56836118131115730e-08    0.00000000000000000e+00    8.97136699508051944e-02   -4.56836118131115730e-08    0.00000000000000000e+00    1.20482528387361967e-01   -4.67100525568871674e-08    0.00000000000000000e+00    1.20482528387361967e-01   -4.67100525568871608e-08    0.00000000000000000e+00    7.26104997975868527e-02   -4.41342890174627682e-08    0.00000000000000000e+00    7.26104997975868527e-02   -4.41342890174627682e-08    0.00000000000000000e+00    1.10923291543830377e-01   -4.65261634934004487e-08    0.00000000000000000e+00    1.10923291543830377e-01   -4.65261634934004487e-08    0.00000000000000000e+00    1.40703652971345045e-01   -4.69110939391152577e-08    0.00000000000000000e+00    1.40703652971345045e-01   -4.69110939391152577e-08    0.00000000000000000e+00    9.12000246179420770e-02   -4.57718270659301749e-08    0.00000000000000000e+00    9.12000246179420770e-02   -4.57718270659301749e-08    0.00000000000000000e+00    1.29710940770553701e-01   -4.68251566591681343e-08    0.00000000000000000e+00    1.29710940770553701e-01   -4.68251566591681343e-08    0.00000000000000000e+00    1.56800250389843299e-01   -4.69785784915967512e-08    0.00000000000000000e+00    1.56800250389843299e-01   -4.69785784915967446e-08
15       2.50062499999999967e-07    6.24999999999782305e-04    1.72248346050441654e-02   -2.04756193934955631e-08    6.24999999999782305e-04    1.72248441665788926e-02   -2.04756153052469512e-08    6.24999999999782305e-04    3.03322414760268909e-02   -3.05492195567681216e-08    6.24999999999782305e-04    3.03322565137089627e-02   -3.05492085469748390e-08    6.24999999999782305e-04    4.75378062470532756e-02   -3.86402211580899132e-08    6.24999999999782305e-04    4.75378262395484211e-02   -3.86401981923809461e-08    6.24999999999782305e-04    2.05677717173086937e-02   -2.34390817649153215e-08    6.24999999999782305e-04    2.05677828248448623e-02   -2.34390765013867635e-08    6.24999999999782305e-04    3.57016779490509986e-02   -3.36052556476521918e-08    6.24999999999782305e-04    3.57016947885846689e-02   -3.36052420729568005e-08    6.24999999999782305e-04    5.41507847435100526e-02   -4.06408051103047800e-08    6.24999999999782305e-04    5.41508060666102339e-02   -4.06407780350153975e-08    6.24999999999782305e-04    2.40938189349200402e-02   -2.62592667767320011e-08    6.24999999999782305e-04    2.40938315609406824e-02   -2.62592602151442218e-08    6.24999999999782305e-04    4.11111840561724159e-02   -3.61687874459102242e-08    6.24999999999782305e-04    4.11112024696552517e-02   -3.61687712127398960e-08    6.24999999999782305e-04    6.02072452141371797e-02   -4.20786646699818734e-08    6.24999999999782305e-04    6.02072675269757010e-02   -4.20786332838490799e-08    1.24999999999956461e-03    5.48439801440031363e-02   -4.08229739915371939e-08    1.24999999999956461e-03    5.48440231709801732e-02   -4.08229484073394986e-08    1.24999999999956461e-03    8.97135697732607540e-02   -4.56836989655702289e-08    1.24999999999956461e-03    8.97136198591129141e-02   -4.56836553918694962e-08    1.24999999999956461e-03    1.20482424928384388e-01   -4.67101732475618744e-08    1.24999999999956461e-03    1.20482476654051041e-01   -4.67101129066591123e-08    1.24999999999956461e-03    7.26104043258804926e-02   -4.41343491723541967e-08    1.24999999999956461e-03    7.26104520594652303e-02   -4.41343190963328676e-08    1.24999999999956461e-03    1.10923188683747245e-01   -4.65262575274932901e-08    1.24999999999956461e-03    1.10923240110772092e-01   -4.65262105131923579e-08    1.24999999999956461e-03    1.40703548845627968e-01   -4.69112264133343583e-08    1.24999999999956461e-03    1.40703600904327042e-01   -4.69111601814918640e-08    1.24999999999956461e-03    9.11999241617429263e-02   -4.57718938459338659e-08    1.24999999999956461e-03    9.11999743875709090e-02   -4.57718604574367910e-08    1.24999999999956461e-03    1.29710836928199236e-01   -4.68252592236716201e-08    1.24999999999956461e-03    1.29710888846138211e-01   -4.68252079446058295e-08    1.24999999999956461e-03    1.56800146039339977e-01   -4.69787318667833967e-08    1.24999999999956461e-03    1.56800198209789743e-01   -4.69786551862226279e-08
16       2.50187499999999976e-07    1.87499999999987611e-03    1.72247193735758954e-02   -2.04756686633140033e-08    1.87499999999987611e-03    1.72247865392477217e-02   -2.04756399451078498e-08    1.87499999999987611e-03    3.03320601361053016e-02   -3.05493523243387002e-08    1.87499999999987611e-03    3.03321658256397279e-02   -3.05492749439842118e-08    1.87499999999987611e-03    4.75375649994462593e-02   -3.86404982835257706e-08    1.87499999999987611e-03    4.75377055893684147e-02   -3.86403367852832480e-08    1.87499999999987611e-03    2.05676378314684702e-02   -2.34391452094295668e-08    1.87499999999987611e-03    2.05677158688657991e-02   -2.34391082298229220e-08    1.87499999999987611e-03    3.57014748335954535e-02   -3.36054193833328204e-08    1.87499999999987611e-03    3.57015932110185050e-02   -3.36053239567464738e-08    1.87499999999987611e-03    5.41505273883354440e-02   -4.06411318908363150e-08    1.87499999999987611e-03    5.41506773600632235e-02   -4.06409414619198068e-08    1.87499999999987611e-03    2.40936667110127935e-02   -2.62593458856598412e-08    1.87499999999987611e-03    2.40937554346010857e-02   -2.62592997770726247e-08    1.87499999999987611e-03    4.11109619086273484e-02   -3.61689832894488224e-08    1.87499999999987611e-03    4.11110913744366507e-02   -3.61688691533648433e-08    1.87499999999987611e-03    6.02069758723575016e-02   -4.20790435373492575e-08    1.87499999999987611e-03    6.02071328242204870e-02   -4.20788227622076917e-08    3.74999999999975223e-03    5.48434577239621662e-02   -4.08232846272112468e-08    3.74999999999975223e-03    5.48437619278292626e-02   -4.08231037447437637e-08    3.74999999999975223e-03    8.97129608779800441e-02   -4.56842286935224735e-08    3.74999999999975223e-03    8.97133153699973679e-02   -4.56839202915453672e-08    3.74999999999975223e-03    1.20481795886804327e-01   -4.67109070622412588e-08    3.74999999999975223e-03    1.20482162079104449e-01   -4.67104798763915756e-08    3.74999999999975223e-03    7.26098242845198000e-02   -4.41347146458114489e-08    3.74999999999975223e-03    7.26101620064224518e-02   -4.41345018532928657e-08    3.74999999999975223e-03    1.10922563301929233e-01   -4.65268292492379149e-08    3.74999999999975223e-03    1.10922927377091252e-01   -4.65264964127650333e-08    3.74999999999975223e-03    1.40702915709259108e-01   -4.69120319253728177e-08    3.74999999999975223e-03    1.40703284277230167e-01   -4.69115630116576216e-08    3.74999999999975223e-03    9.11993135339622257e-02   -4.57722997719230291e-08    3.74999999999975223e-03    9.11996690413901939e-02   -4.57720634417237692e-08    3.74999999999975223e-03    1.29710205507584636e-01   -4.68258828755409932e-08    3.74999999999975223e-03    1.29710573089951625e-01   -4.68255198154505768e-08    3.74999999999975223e-03    1.56799511538559116e-01   -4.69796644636711226e-08    3.74999999999975223e-03    1.56799880891399263e-01   -4.69791215837916464e-08
17       2.50437499999999995e-07    4.37500000000006460e-03    1.72243329760463672e-02   -2.04758338768395376e-08    4.37500000000006460e-03    1.72245932829204335e-02   -2.04757225763273334e-08    4.37500000000006460e-03    3.03314515287659014e-02   -3.05497979172955979e-08    4.37500000000006460e-03    3.03318614324161080e-02   -3.05494978052621204e-08    4.37500000000006460e-03    4.75367545785428877e-02   -3.86414292373388398e-08    4.37500000000006460e-03    4.75373002491521340e-02   -3.86408024086573764e-08    4.37500000000006460e-03    2.05671887746228486e-02   -2.34393580048098342e-08    4.37500000000006460e-03    2.05674912756519390e-02   -2.34392146580076530e-08    4.37500000000006460e-03    3.57007929205764574e-02   -3.36059690911868389e-08    4.37500000000006460e-03    3.57012521565195223e-02   -3.36055988886983267e-08    4.37500000000006460e-03    5.41496626109998075e-02   -4.06422299648998230e-08    4.37500000000006460e-03    5.41502448291300773e-02   -4.06414906765792303e-08    4.37500000000006460e-03    2.40931560229573939e-02   -2.62596112849817337e-08    4.37500000000006460e-03    2.40935000192366057e-02   -2.62594325135417450e-08    4.37500000000006460e-03    4.11102158737294138e-02   -3.61696409919118614e-08    4.37500000000006460e-03    4.11107182511980876e-02   -3.61691980967059581e-08    4.37500000000006460e-03    6.02060706182656821e-02   -4.20803169168977320e-08    4.37500000000006460e-03    6.02066800408286584e-02   -4.20794596685500622e-08    8.75000000000012920e-03    5.48416877445846440e-02   -4.08243370833347876e-08    8.75000000000012920e-03    5.48428767718439347e-02   -4.08236300686389807e-08    8.75000000000012920e-03    8.97108941004779309e-02   -4.56860267830280785e-08    8.75000000000012920e-03    8.97122817762305708e-02   -4.56848195058064527e-08    8.75000000000012920e-03    1.20479659655397336e-01   -4.67133991660726555e-08    8.75000000000012920e-03    1.20481093696831673e-01   -4.67117262211343492e-08    8.75000000000012920e-03    7.26078567357134608e-02   -4.41359543749213042e-08    8.75000000000012920e-03    7.26091780708418705e-02   -4.41351218157180466e-08    8.75000000000012920e-03    1.10920439651770161e-01   -4.65287707140739858e-08    8.75000000000012920e-03    1.10921865341252271e-01   -4.65274673285690403e-08    8.75000000000012920e-03    1.40700765341378958e-01   -4.69147678091235596e-08    8.75000000000012920e-03    1.40702208803516082e-01   -4.69129313035646629e-08    8.75000000000012920e-03    9.11972407313634548e-02   -4.57736777190449286e-08    8.75000000000012920e-03    9.11986324802734338e-02   -4.57727525175215957e-08    8.75000000000012920e-03    1.29708061000610109e-01   -4.68280010293478961e-08    8.75000000000012920e-03    1.29709500610683814e-01   -4.68265791059894125e-08    8.75000000000012920e-03    1.56797356499849688e-01   -4.69828320304841837e-08    8.75000000000012920e-03    1.56798803037660306e-01   -4.69807058396548974e-08
18       2.50937499999999980e-07    9.37499999999991118e-03    1.72226092969237354e-02   -2.04765708845912556e-08    9.37499999999991118e-03    1.72237309371605675e-02   -2.04760912940917981e-08    9.37499999999991118e-03    3.03287308605329139e-02   -3.05517898962195054e-08    9.37499999999991118e-03    3.03305003167499386e-02   -3.05504943543166058e-08    9.37499999999991118e-03    4.75331235848037506e-02   -3.86456003892608323e-08    9.37499999999991118e-03    4.75354836327278665e-02   -3.86428892278472091e-08    9.37499999999991118e-03    2.05651844277973499e-02   -2.34403078182127624e-08    9.37499999999991118e-03    2.05664885329177073e-02   -2.34396898310819705e-08    9.37499999999991118e-03    3.56977421310202547e-02   -3.36084284585553445e-08    9.37499999999991118e-03    3.56997259087721702e-02   -3.36068292440647942e-08    9.37499999999991118e-03    5.41457853941279474e-02   -4.06471533096670919e-08    9.37499999999991118e-03    5.41483049973164252e-02   -4.06439538525516562e-08    9.37499999999991118e-03    2.40908752412669416e-02   -2.62607965964049944e-08    9.37499999999991118e-03    2.40923590021953106e-02   -2.62600254903329103e-08    9.37499999999991118e-03    4.11068757539419655e-02   -3.61725856884576584e-08    9.37499999999991118e-03    4.11090472730782502e-02   -3.61706712354637288e-08    9.37499999999991118e-03    6.02020097607191274e-02   -4.20860293013785874e-08    9.37499999999991118e-03    6.02046482713992567e-02   -4.20823176911633515e-08    1.87499999999998224e-02    5.48336003300671504e-02   -4.08291461321743709e-08    1.87499999999998224e-02    5.48388315544961480e-02   -4.08260354391691452e-08    1.87499999999998224e-02    8.97014064008832407e-02   -4.56942814935933678e-08    1.87499999999998224e-02    8.97075361304793401e-02   -4.56889482720579131e-08    1.87499999999998224e-02    1.20469840551764726e-01   -4.67248549346843034e-08    1.87499999999998224e-02    1.20476181834741514e-01   -4.67174564894759686e-08    1.87499999999998224e-02    7.25988395384179058e-02   -4.41416361879072868e-08    1.87499999999998224e-02    7.26046680341494582e-02   -4.41379635653925792e-08    1.87499999999998224e-02    1.10910680110103105e-01   -4.65376934632030387e-08    1.87499999999998224e-02    1.10916983738712574e-01   -4.65319302184423858e-08    1.87499999999998224e-02    1.40690878542440639e-01   -4.69273475852896373e-08    1.87499999999998224e-02    1.40697262897255260e-01   -4.69192240613179890e-08    1.87499999999998224e-02    9.11877236017988729e-02   -4.57800046685919225e-08    1.87499999999998224e-02    9.11938725108830950e-02   -4.57759168574807864e-08    1.87499999999998224e-02    1.29698201460156870e-01   -4.68377398797511352e-08    1.87499999999998224e-02    1.29704568884697502e-01   -4.68314503022273332e-08    1.87499999999998224e-02    1.56787447846136879e-01   -4.69973971440604037e-08    1.87499999999998224e-02    1.56793845820145550e-01   -4.69879923188707156e-08
19       2.51937500000000002e-07    1.93750000000001317e-02    1.72152107019460203e-02   -2.04797345178356172e-08    1.93750000000001317e-02    1.72200269226036005e-02   -2.04776750780731894e-08    1.93750000000001317e-02    3.03170020649421584e-02   -3.05603780860414993e-08    1.93750000000001317e-02    3.03246287290987251e-02   -3.05547934661987763e-08    1.93750000000001317e-02    4.75173965673085508e-02   -3.86636696529721189e-08    1.93750000000001317e-02    4.75276100440721813e-02   -3.86519345935105133e-08    1.93750000000001317e-02    2.05565709905978465e-02   -2.34443897336657230e-08    1.93750000000001317e-02    2.05621765143511152e-02   -2.34417332338537000e-08    1.93750000000001317e-02    3.56845684381452768e-02   -3.36190492933714666e-08    1.93750000000001317e-02    3.56931312506626047e-02   -3.36121456461241768e-08    1.93750000000001317e-02    5.41289672097180555e-02   -4.06685123630622251e-08    1.93750000000001317e-02    5.41398849619811190e-02   -4.06546462889541747e-08    1.93750000000001317e-02    2.40810619538201487e-02   -2.62658967804888296e-08    1.93750000000001317e-02    2.40874465376246724e-02   -2.62625785225538814e-08    1.93750000000001317e-02    4.10924304647289421e-02   -3.61853220295468182e-08    1.93750000000001317e-02    4.11018162631110323e-02   -3.61770464064642529e-08    1.93750000000001317e-02    6.01843749475984638e-02   -4.21108395311878912e-08    1.93750000000001317e-02    6.01958189418605183e-02   -4.20947384783899049e-08    3.87500000000002634e-02    5.47972785151122008e-02   -4.08507477327145237e-08    3.87500000000002634e-02    5.48206554607152466e-02   -4.08368441812921560e-08    3.87500000000002634e-02    8.96583403276075830e-02   -4.57317610625992242e-08    3.87500000000002634e-02    8.96859863335341262e-02   -4.57076993999921400e-08    3.87500000000002634e-02    1.20425132728339962e-01   -4.67770358302429647e-08    3.87500000000002634e-02    1.20453806927889512e-01   -4.67435647482587659e-08    3.87500000000002634e-02    7.25580671291951168e-02   -4.41673314433094009e-08    3.87500000000002634e-02    7.25842678445455247e-02   -4.41508186686422079e-08    3.87500000000002634e-02    1.10866263789953762e-01   -4.65783122735966601e-08    3.87500000000002634e-02    1.10894758813279690e-01   -4.65522515325152966e-08    3.87500000000002634e-02    1.40645831812753003e-01   -4.69846858973975683e-08    3.87500000000002634e-02    1.40674716861334037e-01   -4.69479151885159048e-08    3.87500000000002634e-02    9.11445058852957402e-02   -4.58087402589795427e-08    3.87500000000002634e-02    9.11722504390601735e-02   -4.57902919702175296e-08    3.87500000000002634e-02    1.29653284025215920e-01   -4.68821183884974519e-08    3.87500000000002634e-02    1.29682092419711625e-01   -4.68536536315393571e-08    3.87500000000002634e-02    1.56742296107678564e-01   -4.70637895968091966e-08    3.87500000000002634e-02    1.56771243857658366e-01   -4.70212198812235529e-08
20       2.53937499999999993e-07    3.93750000000000488e-02    1.71835366147124365e-02   -2.04932810995505817e-08    3.93750000000000488e-02    1.72041425325424081e-02   -2.04844677129661374e-08    3.93750000000000488e-02    3.02663349969591218e-02   -3.05974921299720150e-08    3.93750000000000488e-02    3.02992242761508553e-02   -3.05733978533340942e-08    3.93750000000000488e-02    4.74487645409351760e-02   -3.87425720696197563e-08    3.93750000000000488e-02    4.74931982427951108e-02   -3.86914799787953570e-08    3.93750000000000488e-02    2.05196069174259019e-02   -2.34619107698627463e-08    3.93750000000000488e-02    2.05436412893103930e-02   -2.34505177439396516e-08    3.93750000000000488e-02    3.56274595741698716e-02   -3.36651092107454194e-08    3.93750000000000488e-02    3.56645002653521656e-02   -3.36352315169079579e-08    3.93750000000000488e-02    5.40553335579097641e-02   -4.07620843152180091e-08    3.93750000000000488e-02    5.41029654512570762e-02   -4.07015440628300681e-08    3.93750000000000488e-02    2.40388428722778033e-02   -2.62878437612369600e-08    3.93750000000000488e-02    2.40662786368223240e-02   -2.62735807872965568e-08    3.93750000000000488e-02    4.10296012667321630e-02   -3.62407397629074543e-08    3.93750000000000488e-02    4.10703203729930882e-02   -3.62048199529446805e-08    3.93750000000000488e-02    6.01069672114005263e-02   -4.22198079541126868e-08    3.93750000000000488e-02    6.01570045261424699e-02   -4.21493573763659284e-08    7.87500000000000977e-02    5.46293466019065685e-02   -4.09506920277862094e-08    7.87500000000000977e-02    5.47365059723044986e-02   -4.08869028799635924e-08    7.87500000000000977e-02    8.94538897450134068e-02   -4.59099101087819499e-08    7.87500000000000977e-02    8.95835855525432406e-02   -4.57968564861385361e-08    7.87500000000000977e-02    1.20211030731241675e-01   -4.70273860536886329e-08    7.87500000000000977e-02    1.20346552603434548e-01   -4.68688303657963264e-08    7.87500000000000977e-02    7.23664549227804460e-02   -4.42881767811370289e-08    7.87500000000000977e-02    7.24883008082426589e-02   -4.42113142673830216e-08    7.87500000000000977e-02    1.10653873428937524e-01   -4.67727784236481674e-08    7.87500000000000977e-02    1.10788397477220885e-01   -4.66495616484124891e-08    7.87500000000000977e-02    1.40429658428366966e-01   -4.72603201395378226e-08    7.87500000000000977e-02    1.40566414283246399e-01   -4.70858556319055499e-08    7.87500000000000977e-02    9.09391294470182354e-02   -4.59453952977164926e-08    7.87500000000000977e-02    9.10694206639547643e-02   -4.58586817839692811e-08    7.87500000000000977e-02    1.29437851251546082e-01   -4.70952048222614337e-08    7.87500000000000977e-02    1.29574205067344184e-01   -4.69602897118162880e-08    7.87500000000000977e-02    1.56525505377146851e-01   -4.73830506775696637e-08    7.87500000000000977e-02    1.56662601697560022e-01   -4.71810585939761461e-08
21       2.57937499999999976e-07    7.93749999999998762e-02    1.70463304257562273e-02   -2.05520178341863855e-08    7.93749999999998762e-02    1.71349926416094478e-02   -2.05140523335913872e-08    7.93749999999998762e-02    3.00427892530277761e-02   -3.07615336012022620e-08    7.93749999999998762e-02    3.01866378257537628e-02   -3.06559221395841426e-08    7.93749999999998762e-02    4.71391410548424317e-02   -3.90995962432759519e-08    7.93749999999998762e-02    4.73373354842096666e-02   -3.88708646671202450e-08    7.93749999999998762e-02    2.03587151498798406e-02   -2.35382492721693400e-08    7.93749999999998762e-02    2.04625779990823889e-02   -2.34889557096952154e-08    7.93749999999998762e-02    3.53736064598812808e-02   -3.38702268514513995e-08    7.93749999999998762e-02    3.55366979432289662e-02   -3.37383774008525174e-08    7.93749999999998762e-02    5.37206113907264596e-02   -4.11887129274082741e-08    7.93749999999998762e-02    5.39344995412633921e-02   -4.09158631356827600e-08    7.93749999999998762e-02    2.38541433478325036e-02   -2.63839550272246998e-08    7.93749999999998762e-02    2.39732485114802461e-02   -2.63219591007941671e-08    7.93749999999998762e-02    4.07482929125412285e-02   -3.64893266397146468e-08    7.93749999999998762e-02    4.09287428274776946e-02   -3.63297821575525868e-08    7.93749999999998762e-02    5.97528974740461419e-02   -4.27196814841887114e-08    7.93749999999998762e-02    5.99788060026045788e-02   -4.24004799830251454e-08    1.58749999999999752e-01    5.38315106462350576e-02   -4.14272613658872022e-08    1.58749999999999752e-01    5.43344962317074548e-02   -4.11264910606857167e-08    1.58749999999999752e-01    8.84142258105814899e-02   -4.68220580615392590e-08    1.58749999999999752e-01    8.90611093596874320e-02   -4.62533329947247260e-08    1.58749999999999752e-01    1.19088498066338436e-01   -4.83538742866659167e-08    1.58749999999999752e-01    1.19782831342552756e-01   -4.75307198028240184e-08    1.58749999999999752e-01    7.14198609004456642e-02   -4.48875522958627661e-08    1.58749999999999752e-01    7.20122341654446940e-02   -4.45120187935792201e-08    1.58749999999999752e-01    1.09547331595349379e-01   -4.77929250829532080e-08    1.58749999999999752e-01    1.10232928306303199e-01   -4.71595220668031128e-08    1.58749999999999752e-01    1.39286126663658028e-01   -4.87329952421967616e-08    1.58749999999999752e-01    1.39992248619150050e-01   -4.78208233731989132e-08    1.58749999999999752e-01    8.98918790038223808e-02   -4.66450628383781483e-08    1.58749999999999752e-01    9.05435157717221911e-02   -4.62091657587237175e-08    1.58749999999999752e-01    1.28302051016540908e-01   -4.82259004801139106e-08    1.58749999999999752e-01    1.29004284428831939e-01   -4.75254300776341845e-08    1.58749999999999752e-01    1.55375123796239772e-01   -4.90921842734393807e-08    1.58749999999999752e-01    1.56084776947629955e-01   -4.80349596991914293e-08
22       2.59999999999999999e-07    1.00000000000000103e-01    1.69353328808684069e-02   -2.05995988952911275e-08    1.00000000000000103e-01    1.70788018168818410e-02   -2.05381090009077712e-08    1.00000000000000103e-01    2.98596181518183297e-02   -3.08962922294284306e-08    1.00000000000000103e-01    3.00940181566075951e-02   -3.07238989913400893e-08    1.00000000000000103e-01    4.68813119012872551e-02   -3.93981909454307406e-08    1.00000000000000103e-01    4.72070995785659406e-02   -3.90210843680241981e-08    1.00000000000000103e-01    2.02281254127455526e-02   -2.36002979304617435e-08    1.00000000000000103e-01    2.03964987824755244e-02   -2.35203110222591934e-08    1.00000000000000103e-01    3.51644934681686963e-02   -3.40396432336849364e-08    1.00000000000000103e-01    3.54310262770920620e-02   -3.38237767742114671e-08    1.00000000000000103e-01    5.34402862576792564e-02   -4.15475645948759728e-08    1.00000000000000103e-01    5.37929573833479460e-02   -4.10963261409628633e-08    1.00000000000000103e-01    2.37037010457360128e-02   -2.64623542157225158e-08    1.00000000000000103e-01    2.38971598941989070e-02   -2.63615565018658455e-08    1.00000000000000103e-01    4.05153479108726691e-02   -3.66957303780716867e-08    1.00000000000000103e-01    4.08110946642343750e-02   -3.64337645230884769e-08    1.00000000000000103e-01    5.94549522905360034e-02   -4.31420980863542165e-08    1.00000000000000103e-01    5.98283937346431594e-02   -4.26128979354134728e-08    2.00000000000000205e-01    5.31623950374287071e-02   -4.18290776186532290e-08    2.00000000000000205e-01    5.39954075899801780e-02   -4.13291271501266338e-08    2.00000000000000205e-01    8.74990493627048199e-02   -4.76333039924843608e-08    2.00000000000000205e-01    8.85995411328172194e-02   -4.66587082018445308e-08    2.00000000000000205e-01    1.18073652718569039e-01   -4.95725903522197037e-08    2.00000000000000205e-01    1.19272015734421477e-01   -4.81354078937927208e-08    2.00000000000000205e-01    7.06045658932361458e-02   -4.54068485916627198e-08    2.00000000000000205e-01    7.16003574540399340e-02   -4.47729580413771027e-08    2.00000000000000205e-01    1.08553071613153612e-01   -4.87192097706576389e-08    2.00000000000000205e-01    1.09732594370919867e-01   -4.76213076948490741e-08    2.00000000000000205e-01    1.38242749189616404e-01   -5.00974439038972212e-08    2.00000000000000205e-01    1.39467441231997308e-01   -4.84978456571471282e-08    2.00000000000000205e-01    8.89680722099003840e-02   -4.72660556838901620e-08    2.00000000000000205e-01    9.00780733003152256e-02   -4.65203192947907340e-08    2.00000000000000205e-01    1.27269718763811296e-01   -4.92638183819228597e-08    2.00000000000000205e-01    1.28485351723369001e-01   -4.80425944251479965e-08    2.00000000000000205e-01    1.54321536908742923e-01   -5.06789379916004442e-08    2.00000000000000205e-01    1.55554697875497777e-01   -4.88237177764827195e-08
23       2.60399999999999976e-07    1.00000000000000006e-01    1.69111386708439594e-02   -2.06099767330352029e-08    1.00000000000000006e-01    1.70665152424789232e-02   -2.05433708702228560e-08    1.00000000000000006e-01    2.98194994034813171e-02   -3.09258432413616559e-08    1.00000000000000006e-01    3.00736744962094744e-02   -3.07388390773718207e-08    1.00000000000000006e-01    4.68244876252144338e-02   -3.94641357701134504e-08    1.00000000000000006e-01    4.71783243624307180e-02   -3.90543096807042996e-08    1.00000000000000006e-01    2.01996247962477476e-02   -2.36138487719166494e-08    1.00000000000000006e-01    2.03820333227109039e-02   -2.35271773531401619e-08    1.00000000000000006e-01    3.51185975623317173e-02   -3.40768733601334189e-08    1.00000000000000006e-01    3.54077712275125273e-02   -3.38425824975170767e-08    1.00000000000000006e-01    5.33783624808601975e-02   -4.16269991984209710e-08    1.00000000000000006e-01    5.37616169178920730e-02   -4.11363264565110505e-08    1.00000000000000006e-01    2.36708232734039181e-02   -2.64794994054514863e-08    1.00000000000000006e-01    2.38804825943177944e-02   -2.63702385824540935e-08    1.00000000000000006e-01    4.04641156174631242e-02   -3.67411833551675786e-08    1.00000000000000006e-01    4.07851544215926676e-02   -3.64567064178618329e-08    1.00000000000000006e-01    5.93890102797131475e-02   -4.32357770532134313e-08    1.00000000000000006e-01    5.97950286728496511e-02   -4.26600654844234005e-08    2.00000000000000011e-01    5.30157891843364565e-02   -4.19173418338049829e-08    2.00000000000000011e-01    5.39207965710092607e-02   -4.13737719798601279e-08    2.00000000000000011e-01    8.72945654782288916e-02   -4.78154766250835024e-08    2.00000000000000011e-01    8.84961233681973852e-02   -4.67497678544229857e-08    2.00000000000000011e-01    1.17844106532891138e-01   -4.98504376766233418e-08    2.00000000000000011e-01    1.19156261984507447e-01   -4.82729869040203317e-08    2.00000000000000011e-01    7.04240519069829346e-02   -4.55221543557982194e-08    2.00000000000000011e-01    7.15088542955603923e-02   -4.48310130063666508e-08    2.00000000000000011e-01    1.08328813988902831e-01   -4.89292106912959757e-08    2.00000000000000011e-01    1.09619523254147616e-01   -4.77259402895413724e-08    2.00000000000000011e-01    1.38005669652298796e-01   -5.04098271950368871e-08    2.00000000000000011e-01    1.39348020607827916e-01   -4.86524963760221555e-08    2.00000000000000011e-01    8.87614352825626396e-02   -4.74053754256546267e-08    2.00000000000000011e-01    8.99736984881011337e-02   -4.65902011693314188e-08    2.00000000000000011e-01    1.27035569056994285e-01   -4.95003851599612326e-08    2.00000000000000011e-01    1.28367479476064417e-01   -4.81603564719779650e-08    2.00000000000000011e-01    1.54081691868139664e-01   -5.10425873898829591e-08    2.00000000000000011e-01    1.55433863765761376e-01   -4.90041343319060120e-08
24       2.61199999999999983e-07    1.00000000000000006e-01    1.68629855414347343e-02   -2.06306434088363834e-08    1.00000000000000006e-01    1.70420018190949873e-02   -2.05538721181802426e-08    1.00000000000000006e-01    2.97396204399828258e-02   -3.09847465910477529e-08    1.00000000000000006e-01    3.00330778235699952e-02   -3.07686695531585053e-08    1.00000000000000006e-01    4.67113060191444093e-02   -3.95957351036854529e-08    1.00000000000000006e-01    4.71208914634751036e-02   -3.91206892121382702e-08    1.00000000000000006e-01    2.01428917970202168e-02   -2.36408393159243482e-08    1.00000000000000006e-01    2.03531704107510446e-02   -2.35408819736760136e-08    1.00000000000000006e-01    3.50271954865182880e-02   -3.41511034127207961e-08    1.00000000000000006e-01    3.53613594996558811e-02   -3.38801365311945576e-08    1.00000000000000006e-01    5.32550050171661585e-02   -4.17855446685574884e-08    1.00000000000000006e-01    5.36990592048665963e-02   -4.12162480755574131e-08    1.00000000000000006e-01    2.36053662052076764e-02   -2.65136556151400103e-08    1.00000000000000006e-01    2.38472035765609040e-02   -2.63875689450464274e-08    1.00000000000000006e-01    4.03620648638989624e-02   -3.68318289932533928e-08    1.00000000000000006e-01    4.07333782318507198e-02   -3.65025254465705699e-08    1.00000000000000006e-01    5.92576391211047937e-02   -4.34227573393516699e-08    1.00000000000000006e-01    5.97284274336477641e-02   -4.27543084191945070e-08    2.00000000000000011e-01    5.27242779425451114e-02   -4.20932549460137103e-08    2.00000000000000011e-01    5.37720025721671810e-02   -4.14629120613722459e-08    2.00000000000000011e-01    8.68872183529048880e-02   -4.81800896632257295e-08    2.00000000000000011e-01    8.82896883819740963e-02   -4.69319741131730825e-08    2.00000000000000011e-01    1.17386410293826418e-01   -5.04086470863107465e-08    2.00000000000000011e-01    1.18925096391657201e-01   -4.85488052146196275e-08    2.00000000000000011e-01    7.00646962241293220e-02   -4.57523057400156279e-08    2.00000000000000011e-01    7.13262646199582795e-02   -4.49470158865395237e-08    2.00000000000000011e-01    1.07881628712755070e-01   -4.93500186840906231e-08    2.00000000000000011e-01    1.09393707598754802e-01   -4.79354268424327731e-08    2.00000000000000011e-01    1.37532774769354410e-01   -5.10374709799917553e-08    2.00000000000000011e-01    1.39109489451771068e-01   -4.89625470989454036e-08    2.00000000000000011e-01    8.83496201555971361e-02   -4.76838143979901686e-08    2.00000000000000011e-01    8.97653089410515997e-02   -4.67299248443797798e-08    2.00000000000000011e-01    1.26568407503646924e-01   -4.99745819813796697e-08    2.00000000000000011e-01    1.28132014449801185e-01   -4.83961644286168740e-08    2.00000000000000011e-01    1.53603311480367849e-01   -5.17726091731885593e-08    2.00000000000000011e-01    1.55192518427233805e-01   -4.93656810074909950e-08
25       2.62799999999999997e-07    1.00000000000000006e-01    1.67671480718035275e-02   -2.06718052150688010e-08    1.00000000000000006e-01    1.69930941975453831e-02   -2.05748312606394358e-08    1.00000000000000006e-01    2.95805777849702072e-02   -3.11021885367186980e-08    1.00000000000000006e-01    2.99520655535921269e-02   -3.08282396387200334e-08    1.00000000000000006e-01    4.64858758025962979e-02   -3.98584747170826522e-08    1.00000000000000006e-01    4.70062606313043294e-02   -3.92533381814260757e-08    1.00000000000000006e-01    2.00299604212133726e-02   -2.36946068283738718e-08    1.00000000000000006e-01    2.02955803707135264e-02   -2.35682373451300089e-08    1.00000000000000006e-01    3.48451692806560076e-02   -3.42991454932841206e-08    1.00000000000000006e-01    3.52687326011827951e-02   -3.39551408925858103e-08    1.00000000000000006e-01    5.30092697003805083e-02   -4.21021348949777965e-08    1.00000000000000006e-01    5.35741901559384157e-02   -4.13759720412660129e-08    1.00000000000000006e-01    2.34750472012361239e-02   -2.65817109093142505e-08    1.00000000000000006e-01    2.37807964780509945e-02   -2.64221649437149812e-08    1.00000000000000006e-01    4.01587898101381860e-02   -3.70126518952838084e-08    1.00000000000000006e-01    4.06300342988953067e-02   -3.65940477215660679e-08    1.00000000000000006e-01    5.89959220850626784e-02   -4.37961310112977744e-08    1.00000000000000006e-01    5.95954826814888219e-02   -4.29426544460705374e-08    2.00000000000000011e-01    5.21446551276588885e-02   -4.24440427809489318e-08    2.00000000000000011e-01    5.34752706187310786e-02   -4.16409455966214416e-08    2.00000000000000011e-01    8.60757861386128864e-02   -4.89106422644886107e-08    2.00000000000000011e-01    8.78776222250486072e-02   -4.72967734753542419e-08    2.00000000000000011e-01    1.16473838394311649e-01   -5.15320813586194931e-08    2.00000000000000011e-01    1.18463452616189610e-01   -4.91022817969302392e-08    2.00000000000000011e-01    6.93493404133354308e-02   -4.62119676431897402e-08    2.00000000000000011e-01    7.09619200698834579e-02   -4.51788838379686785e-08    2.00000000000000011e-01    1.06989941859810755e-01   -5.01942004126753753e-08    2.00000000000000011e-01    1.08942732460913919e-01   -4.83550958626750905e-08    2.00000000000000011e-01    1.36589537167276731e-01   -5.23006634883342750e-08    2.00000000000000011e-01    1.38633050326470497e-01   -4.95847069225163571e-08    2.00000000000000011e-01    8.75289271467348667e-02   -4.82406488173427900e-08    2.00000000000000011e-01    8.93492525703355051e-02   -4.70093887851935919e-08    2.00000000000000011e-01    1.25636380066079661e-01   -5.09261366369278202e-08    2.00000000000000011e-01    1.27661645828542780e-01   -4.88686204374654489e-08    2.00000000000000011e-01    1.52649189102003230e-01   -5.32403142749149918e-08    2.00000000000000011e-01    1.54710475931316760e-01   -5.00907807458626217e-08
26       2.66000000000000026e-07    1.00000000000000006e-01    1.65782628214958712e-02   -2.07530568677768324e-08    1.00000000000000006e-01    1.68959913914125820e-02   -2.06164775095614559e-08    1.00000000000000006e-01    2.92667578323543495e-02   -3.13346167137868816e-08    1.00000000000000006e-01    2.97911242057845201e-02   -3.09467653426170454e-08    1.00000000000000006e-01    4.60405924700482277e-02   -4.03801299528523562e-08    1.00000000000000006e-01    4.67784062777831244e-02   -3.95177052550945390e-08    1.00000000000000006e-01    1.98072810844642025e-02   -2.38007998365360100e-08    1.00000000000000006e-01    2.01812119315142834e-02   -2.36226082685028863e-08    1.00000000000000006e-01    3.44857601712009396e-02   -3.45923659373223087e-08    1.00000000000000006e-01    3.50846551531071166e-02   -3.41044359525476713e-08    1.00000000000000006e-01    5.25236585094360081e-02   -4.27310112540263794e-08    1.00000000000000006e-01    5.33259281873878499e-02   -4.16943766643779387e-08    1.00000000000000006e-01    2.32179552214021381e-02   -2.67161973708681274e-08    1.00000000000000006e-01    2.36488847996762473e-02   -2.64909465989979451e-08    1.00000000000000006e-01    3.97571765913422026e-02   -3.73710415897400397e-08    1.00000000000000006e-01    4.04245944582044825e-02   -3.67762836221016065e-08    1.00000000000000006e-01    5.84786221725737201e-02   -4.45378603131873815e-08    1.00000000000000006e-01    5.93311374960858520e-02   -4.33181303925697208e-08    2.00000000000000011e-01    5.10057265851133271e-02   -4.31376055817129943e-08    2.00000000000000011e-01    5.28869342883227997e-02   -4.19950799336002325e-08    2.00000000000000011e-01    8.44726260192218553e-02   -5.03721397740519175e-08    2.00000000000000011e-01    8.70583311299605589e-02   -4.80268208049419207e-08    2.00000000000000011e-01    1.14665833617951837e-01   -5.38028883277849616e-08    2.00000000000000011e-01    1.17544317402681509e-01   -5.02157964274161726e-08    2.00000000000000011e-01    6.79388003013631919e-02   -4.71247409790585996e-08    2.00000000000000011e-01    7.02382463850812211e-02   -4.56411191562320968e-08    2.00000000000000011e-01    1.05222848743574071e-01   -5.18889947896274998e-08    2.00000000000000011e-01    1.08044742293615104e-01   -4.91963960083559997e-08    2.00000000000000011e-01    1.34718558231508689e-01   -5.48549978273945740e-08    2.00000000000000011e-01    1.37683934643690109e-01   -5.08365630052868457e-08    2.00000000000000011e-01    8.59052985391064727e-02   -4.93505701410647396e-08    2.00000000000000011e-01    8.85214942227787877e-02   -4.75675567143005454e-08    2.00000000000000011e-01    1.23786254451054636e-01   -5.28386410977337871e-08    2.00000000000000011e-01    1.26724296743173870e-01   -4.98162061057101423e-08    2.00000000000000011e-01    1.50756914675752307e-01   -5.62014807687075283e-08    2.00000000000000011e-01    1.53750298164665122e-01   -5.15480136905044749e-08
27       2.72400000000000030e-07    1.00000000000000006e-01    1.62114228360754273e-02   -2.09113365912347236e-08    1.00000000000000006e-01    1.67046065173731551e-02   -2.06986898016994915e-08    1.00000000000000006e-01    2.86559155826066683e-02   -3.17896744176566376e-08    1.00000000000000006e-01    2.94735415962763744e-02   -3.11813604849277738e-08    1.00000000000000006e-01    4.51721184441759502e-02   -4.14078035804790135e-08    1.00000000000000006e-01    4.63283015041557472e-02   -4.00426685795030999e-08    1.00000000000000006e-01    1.93744144657113752e-02   -2.40078876059997192e-08    1.00000000000000006e-01    1.99556910839831479e-02   -2.37299993422006566e-08    1.00000000000000006e-01    3.37852687840974886e-02   -3.51673374150089059e-08    1.00000000000000006e-01    3.47211755160574953e-02   -3.44001676844692332e-08    1.00000000000000006e-01    5.15756834480376666e-02   -4.39710948455952087e-08    1.00000000000000006e-01    5.28352868859812766e-02   -4.23269505610830314e-08    1.00000000000000006e-01    2.27177084857925968e-02   -2.69787452058445119e-08    1.00000000000000006e-01    2.33886405196687928e-02   -2.66268770841088509e-08    1.00000000000000006e-01    3.89734753306138146e-02   -3.80747377794487979e-08    1.00000000000000006e-01    4.00186800586267433e-02   -3.71375111094481821e-08    1.00000000000000006e-01    5.74683749209977321e-02   -4.60007116366278191e-08    1.00000000000000006e-01    5.88086034351798306e-02   -4.40641446232529733e-08    2.00000000000000011e-01    4.88082490596756305e-02   -4.44917720492250210e-08    2.00000000000000011e-01    5.17306795552032114e-02   -4.26954813877771863e-08    2.00000000000000011e-01    8.13463252661564551e-02   -5.32913015228105103e-08    2.00000000000000011e-01    8.54392899679292384e-02   -4.94880138125937725e-08    2.00000000000000011e-01    1.11120465835244514e-01   -5.84305908051158184e-08    2.00000000000000011e-01    1.15722931434396048e-01   -5.24679203279426473e-08    2.00000000000000011e-01    6.51986758704482805e-02   -4.89221104205803414e-08    2.00000000000000011e-01    6.88110196183380762e-02   -4.65593170903102479e-08    2.00000000000000011e-01    1.01755511440687341e-01   -5.52986038661358830e-08    2.00000000000000011e-01    1.06264830089934301e-01   -5.08861346029636985e-08    2.00000000000000011e-01    1.31040377637515776e-01   -6.00661950131412092e-08    2.00000000000000011e-01    1.35800985896818466e-01   -5.33693196854600349e-08    2.00000000000000011e-01    8.27303222196089094e-02   -5.15527060765628158e-08    2.00000000000000011e-01    8.68835705227642974e-02   -4.86804992866362406e-08    2.00000000000000011e-01    1.20143256954257302e-01   -5.66959148371868635e-08    2.00000000000000011e-01    1.24863346267480232e-01   -5.17214176849033379e-08    2.00000000000000011e-01    1.47037602147874646e-01   -6.22169969824329035e-08    2.00000000000000011e-01    1.51845750321842526e-01   -5.44894153130485963e-08
28       2.85200000000000039e-07    1.00000000000000006e-01    1.55196800422040728e-02   -2.12115186688488632e-08    1.00000000000000006e-01    1.63328900947881557e-02   -2.08588573981156454e-08    1.00000000000000006e-01    2.74992988603059499e-02   -3.26608838065655672e-08    1.00000000000000006e-01    2.88553139131586742e-02   -3.16407450772731680e-08    1.00000000000000006e-01    4.35216983886353020e-02   -4.33982237552770817e-08    1.00000000000000006e-01    4.54502970019472485e-02   -4.10771553144465400e-08    1.00000000000000006e-01    1.85567476471401940e-02   -2.44014401889507159e-08    1.00000000000000006e-01    1.95172709761324836e-02   -2.39394473691297590e-08    1.00000000000000006e-01    3.24555815170397693e-02   -3.62714186236076276e-08    1.00000000000000006e-01    3.40126729837949976e-02   -3.49801766393859729e-08    1.00000000000000006e-01    4.97710604931779141e-02   -4.63773731875325804e-08    1.00000000000000006e-01    5.18773502220938112e-02   -4.35746860360127280e-08    1.00000000000000006e-01    2.17710060046530478e-02   -2.74787346026525818e-08    1.00000000000000006e-01    2.28822210435084827e-02   -2.68922767974390016e-08    1.00000000000000006e-01    3.74823287535602789e-02   -3.94294945693116165e-08    1.00000000000000006e-01    3.92264930387547575e-02   -3.78469222374960969e-08    1.00000000000000006e-01    5.55436694681850363e-02   -4.88401777485855167e-08    1.00000000000000006e-01    5.77879826681940018e-02   -4.55358665564746020e-08    2.00000000000000011e-01    4.47264267240426519e-02   -4.70626429202839605e-08    2.00000000000000011e-01    4.94990088347124352e-02   -4.40638346314096892e-08    2.00000000000000011e-01    7.54212256867234226e-02   -5.90732344037148723e-08    2.00000000000000011e-01    8.22806498304304162e-02   -5.24093209996034126e-08    2.00000000000000011e-01    1.04327514522742651e-01   -6.79499232181939749e-08    2.00000000000000011e-01    1.12149825296863015e-01   -5.70630394033623325e-08    2.00000000000000011e-01    6.00424607260728466e-02   -5.23902141980004663e-08    2.00000000000000011e-01    6.60373926185804649e-02   -4.83685728958759147e-08    2.00000000000000011e-01    9.51008421954746413e-02   -6.21526185363107340e-08    2.00000000000000011e-01    1.02771039836220712e-01   -5.42884640577016431e-08    2.00000000000000011e-01    1.23952597673326545e-01   -7.08210779942801596e-08    2.00000000000000011e-01    1.32098035239594791e-01   -5.85419027037220111e-08    2.00000000000000011e-01    7.66778231809038952e-02   -5.58657298112825669e-08    2.00000000000000011e-01    8.36794023591038161e-02   -5.08900503624136845e-08    2.00000000000000011e-01    1.13098163585926975e-01   -6.44965456682817867e-08    2.00000000000000011e-01    1.21197981767945454e-01   -5.55667114790954084e-08    2.00000000000000011e-01    1.39869904506431941e-01   -7.45404125478417495e-08    2.00000000000000011e-01    1.48101267119136931e-01   -6.04702043685770137e-08
29       3.10800000000000057e-07    1.00000000000000006e-01    1.42903512346777232e-02   -2.17505276427970633e-08    1.00000000000000006e-01    1.56318741383725049e-02   -2.11626802937264154e-08    1.00000000000000006e-01    2.54293426897659255e-02   -3.42513765984040884e-08    1.00000000000000006e-01    2.76844915080621153e-02   -3.25205507173186453e-08    1.00000000000000006e-01    4.05507291210491436e-02   -4.71058807482885593e-08    1.00000000000000006e-01    4.37813029418251051e-02   -4.30818885871083728e-08    1.00000000000000006e-01    1.70990272638306927e-02   -2.51107516892663266e-08    1.00000000000000006e-01    1.86890070482654130e-02   -2.43375729507385843e-08    1.00000000000000006e-01    3.00648757350001593e-02   -3.82982324743810646e-08    1.00000000000000006e-01    3.26674973432846266e-02   -3.60943519932067480e-08    1.00000000000000006e-01    4.65119732035817052e-02   -5.08753119558319939e-08    1.00000000000000006e-01    5.00532422453731571e-02   -4.59971773613672758e-08    1.00000000000000006e-01    2.00774791309927397e-02   -2.83833394646072850e-08    1.00000000000000006e-01    2.19236966623931676e-02   -2.73978177390860753e-08    1.00000000000000006e-01    3.47895058026399806e-02   -4.19285760402318299e-08    1.00000000000000006e-01    3.77188631297153479e-02   -3.92132156515569411e-08    1.00000000000000006e-01    5.20624245252883228e-02   -5.41513851310293728e-08    1.00000000000000006e-01    5.58429558645324592e-02   -4.83941409184200450e-08    2.00000000000000011e-01    3.77332031071031110e-02   -5.16332516815008458e-08    2.00000000000000011e-01    4.53510320940855791e-02   -4.66646325546356086e-08    2.00000000000000011e-01    6.49057672461076512e-02   -7.01305694011484968e-08    2.00000000000000011e-01    7.62891983730785012e-02   -5.82060096551688258e-08    2.00000000000000011e-01    9.20256034607238871e-02   -8.73950422691153801e-08    2.00000000000000011e-01    1.05297911065064170e-01   -6.65374380855740408e-08    2.00000000000000011e-01    5.10004047936722382e-02   -5.87391023069230107e-08    2.00000000000000011e-01    6.08142334378670643e-02   -5.18640644440116742e-08    2.00000000000000011e-01    8.29887756584116870e-02   -7.56594839663760459e-08    2.00000000000000011e-01    9.60605505543906668e-02   -6.11392146861859147e-08    2.00000000000000011e-01    1.10941305638930135e-01   -9.30195710501698813e-08    2.00000000000000011e-01    1.24957636423179211e-01   -6.92388885679033835e-08    2.00000000000000011e-01    6.58011741647520493e-02   -6.39893924067364571e-08    2.00000000000000011e-01    7.75666006657816653e-02   -5.52230384464781105e-08    2.00000000000000011e-01    1.00056028039077469e-01   -8.01036056085613000e-08    2.00000000000000011e-01    1.14105402387197047e-01   -6.33539826205625293e-08    2.00000000000000011e-01    1.26682766841926253e-01   -9.97169283721722702e-08    2.00000000000000011e-01    1.40880969422613522e-01   -7.27439908778640693e-08
30       3.36400000000000074e-07    1.00000000000000006e-01    1.32459843636986759e-02   -2.22139999926751995e-08    1.00000000000000006e-01    1.49846057762930834e-02   -2.14452553905713750e-08    1.00000000000000006e-01    2.36565984670408617e-02   -3.56454487475624369e-08    1.00000000000000006e-01    2.65977554049708007e-02   -3.33486634430597453e-08    1.00000000000000006e-01    3.79910294232334508e-02   -5.04296827095517576e-08    1.00000000000000006e-01    4.22252042628591395e-02   -4.49964347581712178e-08    1.00000000000000006e-01    1.58556499694351080e-02   -2.57235342888744751e-08    1.00000000000000006e-01    1.79225022577877320e-02   -2.47088474712505462e-08    1.00000000000000006e-01    2.80052972509843463e-02   -4.00872667322961793e-08    1.00000000000000006e-01    3.14148081090069378e-02   -3.71471864640067940e-08    1.00000000000000006e-01    4.36922754127618551e-02   -5.49257258255988711e-08    1.00000000000000006e-01    4.83486192072887996e-02   -4.83163618138857686e-08    1.00000000000000006e-01    1.86266660089095745e-02   -2.91686539550861212e-08    1.00000000000000006e-01    2.10344735767584480e-02   -2.78705531277763445e-08    1.00000000000000006e-01    3.24564006542718067e-02   -4.41483574697974578e-08    1.00000000000000006e-01    3.63105042955339796e-02   -4.05087052188760177e-08    1.00000000000000006e-01    4.90444968718587726e-02   -5.89389122156426581e-08    1.00000000000000006e-01    5.40233957000253937e-02   -5.11317903312818352e-08    2.00000000000000011e-01    3.21478490058416111e-02   -5.54317781428230146e-08    2.00000000000000011e-01    4.16083461301144375e-02   -4.90748385021904512e-08    2.00000000000000011e-01    5.61442311082144818e-02   -8.01070081092564834e-08    2.00000000000000011e-01    7.07406091862967379e-02   -6.38702252834525856e-08    2.00000000000000011e-01    8.15169480557770554e-02   -1.06259055449201451e-07    2.00000000000000011e-01    9.88601113485659405e-02   -7.62402503826232649e-08    2.00000000000000011e-01    4.35645890086985843e-02   -6.42099004238029678e-08    2.00000000000000011e-01    5.60206582658926075e-02   -5.51724897194950042e-08    2.00000000000000011e-01    7.25415341006390157e-02   -8.83554137925568591e-08    2.00000000000000011e-01    8.97375419767344890e-02   -6.79706925219836581e-08    2.00000000000000011e-01    9.95814340369393369e-02   -1.14986076786399449e-07    2.00000000000000011e-01    1.18191224952268886e-01   -8.02584304618200458e-08    2.00000000000000011e-01    5.65677104648871706e-02   -7.12530878961793150e-08    2.00000000000000011e-01    7.18584428988157942e-02   -5.94067457069811303e-08    2.00000000000000011e-01    8.85146723862050150e-02   -9.51442695626272666e-08    2.00000000000000011e-01    1.07348525836279601e-01   -7.11922397500072157e-08    2.00000000000000011e-01    1.15095185165814962e-01   -1.24479841206554403e-07    2.00000000000000011e-01    1.34033443172497241e-01   -8.52847350852734312e-08
31       3.62000000000000092e-07    1.00000000000000006e-01    1.23611538253089286e-02   -2.26106732061521010e-08    1.00000000000000006e-01    1.43874569489077075e-02   -2.17076924697192913e-08    1.00000000000000006e-01    2.21456975669080645e-02   -3.68569240612835544e-08    1.00000000000000006e-01    2.55905196369680954e-02   -3.41260865927051026e-08    1.00000000000000006e-01    3.58021028803429883e-02   -5.33678135856080817e-08    1.00000000000000006e-01    4.07775273601312868e-02   -4.68171580516006307e-08    1.00000000000000006e-01    1.47984802645510869e-02   -2.62501687784647938e-08    1.00000000000000006e-01    1.72138358959265519e-02   -2.50545290614418712e-08    1.00000000000000006e-01    2.62406398494914282e-02   -4.16517439378077300e-08    1.00000000000000006e-01    3.02501257924837445e-02   -3.81392596838846886e-08    1.00000000000000006e-01    4.12719192632170148e-02   -5.85207210457241475e-08    1.00000000000000006e-01    4.67592803778617908e-02   -5.05270900223357182e-08    1.00000000000000006e-01    1.73883393239703983e-02   -2.98464971019293882e-08    1.00000000000000006e-01    2.02104502710707228e-02   -2.83118393969423342e-08    1.00000000000000006e-01    3.04470130942976619e-02   -4.61006534505792513e-08    1.00000000000000006e-01    3.49971741788827964e-02   -4.17334405898951934e-08    1.00000000000000006e-01    4.64492351290662076e-02   -6.31923688449350311e-08    1.00000000000000006e-01    5.23251340070099991e-02   -5.37426705658863943e-08    2.00000000000000011e-01    2.77527992806677754e-02   -5.85121156856358435e-08    2.00000000000000011e-01    3.82477558067497031e-02   -5.12898430454208821e-08    2.00000000000000011e-01    4.90198043147346205e-02   -8.87211082716440341e-08    2.00000000000000011e-01    6.56392523235519998e-02   -6.93265097089297458e-08    2.00000000000000011e-01    7.28040615867996677e-02   -1.23461644303859229e-07    2.00000000000000011e-01    9.28594509245964927e-02   -8.59867891361528203e-08    2.00000000000000011e-01    3.75676416691860734e-02   -6.87833711801945040e-08    2.00000000000000011e-01    5.16479223700915951e-02   -5.82732397655629644e-08    2.00000000000000011e-01    6.37632405332983904e-02   -9.97528462927454165e-08    2.00000000000000011e-01    8.38211966410650350e-02   -7.46890752267037448e-08    2.00000000000000011e-01    8.99261888258588160e-02   -1.35523462567890616e-07    2.00000000000000011e-01    1.11821769849825850e-01   -9.14171167883458075e-08    2.00000000000000011e-01    4.89080780853267810e-02   -7.75290518499864505e-08    2.00000000000000011e-01    6.65634424274246100e-02   -6.34046371520884560e-08    2.00000000000000011e-01    7.85492931839343739e-02   -1.09032324094395632e-07    2.00000000000000011e-01    1.00949305363512529e-01   -7.89870505886770992e-08    2.00000000000000011e-01    1.05140018889237977e-01   -1.47683909187997085e-07    2.00000000000000011e-01    1.27575012197640836e-01   -9.79117313911914866e-08
32       3.87600000000000109e-07    1.00000000000000006e-01    1.16132159533824872e-02   -2.29488310037312611e-08    1.00000000000000006e-01    1.38369667695340138e-02   -2.19511041623715102e-08    1.00000000000000006e-01    2.08632981006910481e-02   -3.79019937849974109e-08    1.00000000000000006e-01    2.46582222409086824e-02   -3.48541527674885508e-08    1.00000000000000006e-01    3.39424303476875827e-02   -5.59336358023437761e-08    1.00000000000000006e-01    3.94334873662840965e-02   -4.85418348573124652e-08    1.00000000000000006e-01    1.39020806764750208e-02   -2.67007484479246125e-08    1.00000000000000006e-01    1.65592297114415567e-02   -2.53759057147559755e-08    1.00000000000000006e-01    2.47358146877148313e-02   -4.30088579089522689e-08    1.00000000000000006e-01    2.91689026991320127e-02   -3.90716252264493916e-08    1.00000000000000006e-01    3.92087393793788611e-02   -6.16715696449860321e-08    1.00000000000000006e-01    4.52806262784922892e-02   -5.26259167081252255e-08    1.00000000000000006e-01    1.63347085367697709e-02   -3.04286886544810110e-08    1.00000000000000006e-01    1.94476289239980636e-02   -2.87230998591755917e-08    1.00000000000000006e-01    2.87254628380532069e-02   -4.78029870001822978e-08    1.00000000000000006e-01    3.37744735955057759e-02   -4.28880885248370806e-08    1.00000000000000006e-01    4.42333148380327917e-02   -6.69238929661700400e-08    1.00000000000000006e-01    5.07435608899975341e-02   -5.62226154652663037e-08    2.00000000000000011e-01    2.43346555614803034e-02   -6.09624470380180750e-08    2.00000000000000011e-01    3.52434241979344351e-02   -5.33103854206268266e-08    2.00000000000000011e-01    4.33433120448635245e-02   -9.59000894576336740e-08    2.00000000000000011e-01    6.09810869248102252e-02   -7.45145211371994574e-08    2.00000000000000011e-01    6.57698386014299308e-02   -1.38367546027535062e-07    2.00000000000000011e-01    8.73104031007349290e-02   -9.56030601688485057e-08    2.00000000000000011e-01    3.28072899012540886e-02   -7.25144304515492488e-08    2.00000000000000011e-01    4.76813258145842092e-02   -6.11534921135436711e-08    2.00000000000000011e-01    5.65581593992586437e-02   -1.09593458669140492e-07    2.00000000000000011e-01    7.83237036001072223e-02   -8.12106044250733115e-08    2.00000000000000011e-01    8.19261182983275771e-02   -1.53813852796807172e-07    2.00000000000000011e-01    1.05866629365580819e-01   -1.02536380451938136e-07    2.00000000000000011e-01    4.26783525734307986e-02   -8.27974895403531384e-08    2.00000000000000011e-01    6.16828968398803537e-02   -6.71879531426183461e-08    2.00000000000000011e-01    7.01459944421206211e-02   -1.21374851062317381e-07    2.00000000000000011e-01    9.49257843413124636e-02   -8.66490124549959777e-08    2.00000000000000011e-01    9.67735376286043558e-02   -1.68530777361076461e-07    2.00000000000000011e-01    1.21517648037363757e-01   -1.10452940294867347e-07
33       4.13200000000000127e-07    1.00000000000000006e-01    1.09822267990124147e-02   -2.32361516282148320e-08    1.00000000000000006e-01    1.33298468427483496e-02   -2.21765953873497423e-08    1.00000000000000006e-01    1.97786992941835667e-02   -3.87979469481039993e-08    1.00000000000000006e-01    2.37963663611896054e-02   -3.55344687241020458e-08    1.00000000000000006e-01    3.23713771082497423e-02   -5.81513808000667085e-08    1.00000000000000006e-01    3.81880766385794962e-02   -5.01695495603065544e-08    1.00000000000000006e-01    1.31437648970123677e-02   -2.70848128351835059e-08    1.00000000000000006e-01    1.59550606698096731e-02   -2.56742792149322464e-08    1.00000000000000006e-01    2.34577867331980487e-02   -4.41780715623081819e-08    1.00000000000000006e-01    2.81665755701864216e-02   -3.99457443110621928e-08    1.00000000000000006e-01    3.74606281210617051e-02   -6.44036886107639645e-08    1.00000000000000006e-01    4.39077510392299267e-02   -5.46109958085810398e-08    1.00000000000000006e-01    1.54406424189055518e-02   -3.09266404151523614e-08    1.00000000000000006e-01    1.87421364005271734e-02   -2.91058024958203102e-08    1.00000000000000006e-01    2.72572048831649510e-02   -4.92764921647585445e-08    1.00000000000000006e-01    3.26379067653936455e-02   -4.39738593341953789e-08    1.00000000000000006e-01    4.23530529040888545e-02   -7.01623816026603112e-08    1.00000000000000006e-01    4.92737182615493180e-02   -5.85693206017500358e-08    2.00000000000000011e-01    2.17003547378069074e-02   -6.28834769799162577e-08    2.00000000000000011e-01    3.25680579918508836e-02   -5.51415127425110486e-08    2.00000000000000011e-01    3.88942803984295565e-02   -1.01720108550004057e-07    2.00000000000000011e-01    5.67546454160100800e-02   -7.93898830776387725e-08    2.00000000000000011e-01    6.02173909566838042e-02   -1.50767592998557764e-07    2.00000000000000011e-01    8.22184349662741371e-02   -1.04935620401968014e-07    2.00000000000000011e-01    2.90760360915985026e-02   -7.55007387224556805e-08    2.00000000000000011e-01    4.41014829966969862e-02   -6.38074858888944365e-08    2.00000000000000011e-01    5.07613880426395492e-02   -1.17822947161354987e-07    2.00000000000000011e-01    7.32498711328564422e-02   -8.74646375074357362e-08    2.00000000000000011e-01    7.54471179167305328e-02   -1.69457773604065998e-07    2.00000000000000011e-01    1.00336772995284929e-01   -1.13451512648962491e-07    2.00000000000000011e-01    3.76937063302518680e-02   -8.71177175007967079e-08    2.00000000000000011e-01    5.72113587258770151e-02   -7.07360273627918719e-08    2.00000000000000011e-01    6.32105354174624240e-02   -1.31987437166975763e-07    2.00000000000000011e-01    8.92910995887585823e-02   -9.40970196632805858e-08    2.00000000000000011e-01    8.98849327855692909e-02   -1.86599010046988966e-07    2.00000000000000011e-01    1.15868604682489690e-01   -1.22751357859583762e-07
34       4.38800000000000144e-07    1.00000000000000006e-01    1.04507793554843298e-02   -2.34795862854323779e-08    1.00000000000000006e-01    1.28629837667092427e-02   -2.23852509285872136e-08    1.00000000000000006e-01    1.88641582481976072e-02   -3.95619938555087046e-08    1.00000000000000006e-01    2.30005546055664541e-02   -3.61688458245466624e-08    1.00000000000000006e-01    3.10505472522001370e-02   -6.00514329238448379e-08    1.00000000000000006e-01    3.70361467065931371e-02   -5.17005107890217751e-08    1.00000000000000006e-01    1.25035249578024713e-02   -2.74111298365643293e-08    1.00000000000000006e-01    1.53978699247512216e-02   -2.59509466150708318e-08    1.00000000000000006e-01    2.23761582779434740e-02   -4.51794969791015002e-08    1.00000000000000006e-01    2.72386115343771287e-02   -4.07633999046807165e-08    1.00000000000000006e-01    3.59871632605647321e-02   -6.67509869959258567e-08    1.00000000000000006e-01    4.26355303348017606e-02   -5.64818794827034172e-08    1.00000000000000006e-01    1.46837185235183486e-02   -3.13510152857843260e-08    1.00000000000000006e-01    1.80902406498822249e-02   -2.94614345704601804e-08    1.00000000000000006e-01    2.60098666551238124e-02   -5.05438605520711413e-08    1.00000000000000006e-01    3.15829357692542501e-02   -4.49924083660771854e-08    1.00000000000000006e-01    4.07661864596323559e-02   -7.29469627258624150e-08    1.00000000000000006e-01    4.79103902997774431e-02   -6.07821179207482482e-08    2.00000000000000011e-01    1.96843095149075789e-02   -6.43724268351936889e-08    2.00000000000000011e-01    3.01938968735827387e-02   -5.67913917765906079e-08    2.00000000000000011e-01    3.54522862236874917e-02   -1.06337265183216803e-07    2.00000000000000011e-01    5.29423386966194690e-02   -8.39233245078022346e-08    2.00000000000000011e-01    5.59141776234849050e-02   -1.60756393121278531e-07    2.00000000000000011e-01    7.75802544009314837e-02   -1.13857497338740494e-07    2.00000000000000011e-01    2.61802844461279660e-02   -7.78551648334282257e-08    2.00000000000000011e-01    4.08856049165601254e-02   -6.62353611029367077e-08    2.00000000000000011e-01    4.61737473480266364e-02   -1.24529685333826603e-07    2.00000000000000011e-01    6.85972904215004231e-02   -9.33951325635823175e-08    2.00000000000000011e-01    7.03014997776544859e-02   -1.82402331861363240e-07    2.00000000000000011e-01    9.52363825806092495e-02   -1.24018118950453391e-07    2.00000000000000011e-01    3.37575072242234514e-02   -9.05940544715275000e-08    2.00000000000000011e-01    5.31374698665907572e-02   -7.40359133554476395e-08    2.00000000000000011e-01    5.75919711868986620e-02   -1.40861919632451502e-07    2.00000000000000011e-01    8.40528023310265215e-02   -1.01260725240418713e-07    2.00000000000000011e-01    8.43157513720474011e-02   -2.01791177577378014e-07    2.00000000000000011e-01    1.10630197442793718e-01   -1.34669284748563274e-07
35       4.64400000000000162e-07    1.00000000000000006e-01    1.00037943693193476e-02   -2.36853567477482295e-08    1.00000000000000006e-01    1.24334392693306577e-02   -2.25781292009497293e-08    1.00000000000000006e-01    1.80949820779557659e-02   -4.02106959032615492e-08    1.00000000000000006e-01    2.22665170301656092e-02   -3.67592559197598880e-08    1.00000000000000006e-01    2.99446379010897580e-02   -6.16674241425648781e-08    1.00000000000000006e-01    3.59724823206411179e-02   -5.31359274387874189e-08    1.00000000000000006e-01    1.19638762991129202e-02   -2.76876441449257840e-08    1.00000000000000006e-01    1.48843684939614918e-02   -2.62071897709069745e-08    1.00000000000000006e-01    2.14634668303562426e-02   -4.60330148872110060e-08    1.00000000000000006e-01    2.63805473704715604e-02   -4.15266395187905403e-08    1.00000000000000006e-01    3.47507051007716686e-02   -6.87522090435588641e-08    1.00000000000000006e-01    4.14587029323347026e-02   -5.82393792070016584e-08    1.00000000000000006e-01    1.40441507551961504e-02   -3.17116037723381298e-08    1.00000000000000006e-01    1.74883629733323907e-02   -2.97914870689643720e-08    1.00000000000000006e-01    2.49537572565530913e-02   -5.16281279176179116e-08    1.00000000000000006e-01    3.06050287770170265e-02   -4.59457678366228347e-08    1.00000000000000006e-01    3.94331092944954706e-02   -7.53226801598597302e-08    1.00000000000000006e-01    4.66481885554344486e-02   -6.28618175113827302e-08    2.00000000000000011e-01    1.81496481064378976e-02   -6.55169651150356727e-08    2.00000000000000011e-01    2.80934988548663667e-02   -5.82704490518527688e-08    2.00000000000000011e-01    3.28161048700637489e-02   -1.09941087291315915e-07    2.00000000000000011e-01    4.95218957208685695e-02   -8.80993963932516762e-08    2.00000000000000011e-01    5.26270707716637240e-02   -1.68608146656604823e-07    2.00000000000000011e-01    7.33846496563691775e-02   -1.22271544182413215e-07    2.00000000000000011e-01    2.39501794861562457e-02   -7.96904449022933008e-08    2.00000000000000011e-01    3.80086952285117255e-02   -6.84421216752376593e-08    2.00000000000000011e-01    4.25906032945705323e-02   -1.29886123034961416e-07    2.00000000000000011e-01    6.43569627807244610e-02   -9.89612469086212828e-08    2.00000000000000011e-01    6.62801580382338801e-02   -1.92835825806301324e-07    2.00000000000000011e-01    9.05628786115023898e-02   -1.34116894651360894e-07    2.00000000000000011e-01    3.06815144809054613e-02   -9.33504091205447793e-08    2.00000000000000011e-01    4.94450128046345083e-02   -7.70817776557365251e-08    2.00000000000000011e-01    5.31103606517342522e-02   -1.48116244493768578e-07    2.00000000000000011e-01    7.92125734510013835e-02   -1.08082447753473124e-07    2.00000000000000011e-01    7.98831026249658127e-02   -2.14252000689178383e-07    2.00000000000000011e-01    1.05799772360659683e-01   -1.46091698965505379e-07
36       4.90000000000000179e-07    1.00000000000000006e-01    9.62828978763800337e-03   -2.38589387422952575e-08    1.00000000000000006e-01    1.20384483900595647e-02   -2.27562536910398326e-08    1.00000000000000006e-01    1.74494617138308654e-02   -4.07593825832973117e-08    1.00000000000000006e-01    2.15901332442565395e-02   -3.73077737351535031e-08    1.00000000000000006e-01    2.90218836466038764e-02   -6.30332263710508743e-08    1.00000000000000006e-01    3.49918667979156744e-02   -5.44778197050673650e-08    1.00000000000000006e-01    1.15096548139259850e-02   -2.79214173254660601e-08    1.00000000000000006e-01    1.44114401109488206e-02   -2.64442619638302101e-08    1.00000000000000006e-01    2.06952673379470660e-02   -4.67574011209894171e-08    1.00000000000000006e-01    2.55880222908642062e-02   -4.22377006742935886e-08    1.00000000000000006e-01    3.37170362293798612e-02   -7.04471623494470298e-08    1.00000000000000006e-01    4.03719444821685827e-02   -5.98853489042248782e-08    1.00000000000000006e-01    1.35046372989449815e-02   -3.20172021437379968e-08    1.00000000000000006e-01    1.69330866387674174e-02   -3.00974356122732771e-08    1.00000000000000006e-01    2.40621136868468463e-02   -5.25514857390335442e-08    1.00000000000000006e-01    2.96997018813094718e-02   -4.68362574092202871e-08    1.00000000000000006e-01    3.83176258230123329e-02   -7.73360698887468158e-08    1.00000000000000006e-01    4.54816300283493388e-02   -6.48104610513160492e-08    2.00000000000000011e-01    1.69861662960880226e-02   -6.63907983663487084e-08    2.00000000000000011e-01    2.62403323160834805e-02   -5.95904469125272051e-08    2.00000000000000011e-01    3.08126437350660573e-02   -1.12718193099943405e-07    2.00000000000000011e-01    4.64677863223542931e-02   -9.19142070219114534e-08    2.00000000000000011e-01    5.01440900952667551e-02   -1.74664073554030257e-07    2.00000000000000011e-01    6.96137451057142892e-02   -1.30110176997504931e-07    2.00000000000000011e-01    2.22428482188409549e-02   -8.11081225778578607e-08    2.00000000000000011e-01    3.54445991208697103e-02   -7.04364051100916478e-08    2.00000000000000011e-01    3.98209126410173711e-02   -1.34096366152718124e-07    2.00000000000000011e-01    6.05142555762546511e-02   -1.04136583683527197e-07    2.00000000000000011e-01    6.31777713792629203e-02   -2.01072168149645909e-07    2.00000000000000011e-01    8.63073534504861656e-02   -1.43655490874843053e-07    2.00000000000000011e-01    2.82972956270327453e-02   -9.55104400012320831e-08    2.00000000000000011e-01    4.61140461752700404e-02   -7.98738653101304639e-08    2.00000000000000011e-01    4.95804521063373804e-02   -1.53938203486461616e-07    2.00000000000000011e-01    7.47663400381034238e-02   -1.14517951992928232e-07    2.00000000000000011e-01    7.64004971253263998e-02   -2.24267773164444357e-07    2.00000000000000011e-01    1.01369892092655456e-01   -1.56927510878002573e-07
37       5.41200000000000214e-07    1.00000000000000006e-01    9.04517409256218319e-03   -2.41298004253862699e-08    1.00000000000000006e-01    1.13408305242617604e-02   -2.30726334546367285e-08    1.00000000000000006e-01    1.64500019487494181e-02   -4.16166554763462235e-08    1.00000000000000006e-01    2.03929904954856037e-02   -3.82891437353159939e-08    1.00000000000000006e-01    2.76074860125801874e-02   -6.51577465483089364e-08    1.00000000000000006e-01    3.32569350759675253e-02   -5.68956551898623371e-08    1.00000000000000006e-01    1.08026827196243628e-02   -2.82871605833874128e-08    1.00000000000000006e-01    1.35744627905170483e-02   -2.68663527641723531e-08    1.00000000000000006e-01    1.95017515973790571e-02   -4.78937611834655151e-08    1.00000000000000006e-01    2.41809641367293285e-02   -4.35145948652244613e-08    1.00000000000000006e-01    3.21292025831966324e-02   -7.30899437914325330e-08    1.00000000000000006e-01    3.84449952406036161e-02   -6.28581840610698961e-08    1.00000000000000006e-01    1.26626687677842600e-02   -3.24967315613084782e-08    1.00000000000000006e-01    1.59481279594969050e-02   -3.06435541527490477e-08    1.00000000000000006e-01    2.26716764254421624e-02   -5.40059301666591701e-08    1.00000000000000006e-01    2.80873442093539302e-02   -4.84409456799786634e-08    1.00000000000000006e-01    3.66023632521603609e-02   -8.04774543970263841e-08    1.00000000000000006e-01    4.34109385308622253e-02   -6.83321794591365849e-08    2.00000000000000011e-01    1.54206295687456720e-02   -6.75753335667837304e-08    2.00000000000000011e-01    2.31664479094089368e-02   -6.18108854530645726e-08    2.00000000000000011e-01    2.81210385397499749e-02   -1.16501993619195809e-07    2.00000000000000011e-01    4.13351037363170470e-02   -9.85063033183589440e-08    2.00000000000000011e-01    4.68500281333063193e-02   -1.82864907307144599e-07    2.00000000000000011e-01    6.32375638325929773e-02   -1.43953985899192804e-07    2.00000000000000011e-01    1.99211336187527233e-02   -8.30539218239900132e-08    2.00000000000000011e-01    3.11380651782908920e-02   -7.38437408290289237e-08    2.00000000000000011e-01    3.60290418181667751e-02   -1.39959239864638139e-07    2.00000000000000011e-01    5.39311886384246653e-02   -1.13288729658031348e-07    2.00000000000000011e-01    5.89567063368891461e-02   -2.12539195991381404e-07    2.00000000000000011e-01    7.89783091045869745e-02   -1.60840221536489848e-07    2.00000000000000011e-01    2.50113044823702252e-02   -9.85214186197984723e-08    2.00000000000000011e-01    4.04337017603659948e-02   -8.47315170327459386e-08    2.00000000000000011e-01    4.46419389178221646e-02   -1.62242387768021455e-07    2.00000000000000011e-01    6.70065787994427453e-02   -1.26131554297002816e-07    2.00000000000000011e-01    7.15485431448718845e-02   -2.38550759853235692e-07    2.00000000000000011e-01    9.36527858813654551e-02   -1.76616241701920876e-07
38       5.92400000000000249e-07    1.00000000000000006e-01    8.63672355026410751e-03   -2.43204702152237196e-08    1.00000000000000006e-01    1.07527128585842412e-02   -2.33411206464188604e-08    1.00000000000000006e-01    1.57541824466555132e-02   -4.22190063304445969e-08    1.00000000000000006e-01    1.93818213346693066e-02   -3.91285498589854335e-08    1.00000000000000006e-01    2.66395329866864448e-02   -6.66332322854655149e-08    1.00000000000000006e-01    3.17943393912646227e-02   -5.89774603358896914e-08    1.00000000000000006e-01    1.03060127310440619e-02   -2.85454714533405266e-08    1.00000000000000006e-01    1.28670177584937085e-02   -2.72256337083391675e-08    1.00000000000000006e-01    1.86671595455558670e-02   -4.86962297094679988e-08    1.00000000000000006e-01    2.29877749951481816e-02   -4.46118902252860882e-08    1.00000000000000006e-01    3.10397052710750243e-02   -7.49306013603289205e-08    1.00000000000000006e-01    3.68160055026279451e-02   -6.54255899209923811e-08    1.00000000000000006e-01    1.20691029049068959e-02   -3.28366863709713578e-08    1.00000000000000006e-01    1.51131637458038724e-02   -3.11099274706385098e-08    1.00000000000000006e-01    2.16947128475494105e-02   -5.50384087342632528e-08    1.00000000000000006e-01    2.67145455893479933e-02   -4.98261058571020144e-08    1.00000000000000006e-01    3.54240234672338963e-02   -8.26672278235570962e-08    1.00000000000000006e-01    4.16580266829474632e-02   -7.13761874097484495e-08    2.00000000000000011e-01    1.45429826005409601e-02   -6.82435056489321802e-08    2.00000000000000011e-01    2.08048077137341879e-02   -6.35428535991996680e-08    2.00000000000000011e-01    2.66233706429236557e-02   -1.18632798077125853e-07    2.00000000000000011e-01    3.73357742806344969e-02   -1.03798345055924816e-07    2.00000000000000011e-01    4.50620008392782420e-02   -1.87394262087124844e-07    2.00000000000000011e-01    5.82461678937478688e-02   -1.55302376227758673e-07    2.00000000000000011e-01    1.86011207031923122e-02   -8.41691177167047308e-08    2.00000000000000011e-01    2.77774730396594879e-02   -7.65525601934963415e-08    2.00000000000000011e-01    3.38642887603623488e-02   -1.43356628141718040e-07    2.00000000000000011e-01    4.86740065697988805e-02   -1.20853385750963209e-07    2.00000000000000011e-01    5.65797405151423211e-02   -2.19126683152650626e-07    2.00000000000000011e-01    7.30946342515064601e-02   -1.75318995991907972e-07    2.00000000000000011e-01    2.31096448017080562e-02   -1.00281563828419293e-07    2.00000000000000011e-01    3.59154883420173682e-02   -8.86811159596830142e-08    2.00000000000000011e-01    4.17374393582986419e-02   -1.67211798616208697e-07    2.00000000000000011e-01    6.06553776656403726e-02   -1.35992759709905981e-07    2.00000000000000011e-01    6.87166828024821930e-02   -2.47061396754472229e-07    2.00000000000000011e-01    8.73502287756704604e-02   -1.93449064052945509e-07
39       6.43600000000000284e-07    1.00000000000000006e-01    8.35127999365589332e-03   -2.44541834583377207e-08    1.00000000000000006e-01    1.02576718841098785e-02   -2.35683694273906516e-08    1.00000000000000006e-01    1.52718067809112408e-02   -4.26392660141370007e-08    1.00000000000000006e-01    1.85301419046717888e-02   -3.98430122802692447e-08    1.00000000000000006e-01    2.59815345443553773e-02   -6.76463271841630986e-08    1.00000000000000006e-01    3.05668908847976199e-02   -6.07553588680316273e-08    1.00000000000000006e-01    9.95805916767717597e-03   -2.87271132321226189e-08    1.00000000000000006e-01    1.22701577588910857e-02   -2.75305426419705718e-08    1.00000000000000006e-01    1.80864717404484593e-02   -4.92583974135294863e-08    1.00000000000000006e-01    2.19792501653596449e-02   -4.55497193694913563e-08    1.00000000000000006e-01    3.02976290069907721e-02   -7.61971122690641846e-08    1.00000000000000006e-01    3.54456065454454711e-02   -6.76239763908854719e-08    1.00000000000000006e-01    1.16520360327115984e-02   -3.30764997312267034e-08    1.00000000000000006e-01    1.44068725869559745e-02   -3.15068761638940451e-08    1.00000000000000006e-01    2.10122124242971310e-02   -5.57648742170725641e-08    1.00000000000000006e-01    2.55500010379560993e-02   -5.10147298655085492e-08    1.00000000000000006e-01    3.46207709486875195e-02   -8.41748443540046231e-08    1.00000000000000006e-01    4.01816186837331904e-02   -7.39846518103533386e-08    2.00000000000000011e-01    1.40536947846624429e-02   -6.86174833445922366e-08    2.00000000000000011e-01    1.90017217301290640e-02   -6.48803378584105064e-08    2.00000000000000011e-01    2.57988150857840735e-02   -1.19814151121440578e-07    2.00000000000000011e-01    3.42557787569866407e-02   -1.07965792369616738e-07    2.00000000000000011e-01    4.41060674492398871e-02   -1.89839028698172153e-07    2.00000000000000011e-01    5.44032428503967713e-02   -1.64341884085885071e-07    2.00000000000000011e-01    1.78568307786006811e-02   -8.48009733358870779e-08    2.00000000000000011e-01    2.51783726928674415e-02   -7.86773550415812454e-08    2.00000000000000011e-01    3.26468464130392974e-02   -1.45283649473244444e-07    2.00000000000000011e-01    4.45382329691074927e-02   -1.26961873128979068e-07    2.00000000000000011e-01    5.52664549495294061e-02   -2.22806967092847229e-07    2.00000000000000011e-01    6.84558275956160950e-02   -1.87156736629949158e-07    2.00000000000000011e-01    2.20220962449343312e-02   -1.01294158338981591e-07    2.00000000000000011e-01    3.23643951314144876e-02   -9.18381252793498332e-08    2.00000000000000011e-01    4.00623003355077625e-02   -1.70106710918596838e-07    2.00000000000000011e-01    5.55460958292554527e-02   -1.44154371204984201e-07    2.00000000000000011e-01    6.70980304522544174e-02   -2.51983937509956766e-07    2.00000000000000011e-01    8.22904890088713287e-02   -2.07444275917031200e-07
40       6.94800000000000319e-07    1.00000000000000006e-01    8.15212191223543998e-03   -2.45476989628771656e-08    1.00000000000000006e-01    9.84151854714695670e-03   -2.37602899699315303e-08    1.00000000000000006e-01    1.49383871886811775e-02   -4.29310117684897618e-08    1.00000000000000006e-01    1.78145067894633392e-02   -4.04486158117997517e-08    1.00000000000000006e-01    2.55362899485513731e-02   -6.83364104143516059e-08    1.00000000000000006e-01    2.95407223789305728e-02   -6.22633110781733949e-08    1.00000000000000006e-01    9.71476978933035785e-03   -2.88544421429515404e-08    1.00000000000000006e-01    1.17673796085172727e-02   -2.77886582887295551e-08    1.00000000000000006e-01    1.76838591264199957e-02   -4.96499864779628317e-08    1.00000000000000006e-01    2.11291765235348504e-02   -4.63475633399460413e-08    1.00000000000000006e-01    2.97947425563701365e-02   -7.70612067570621900e-08    1.00000000000000006e-01    3.42975288051611191e-02   -6.94928313630784838e-08    1.00000000000000006e-01    1.13596679394700820e-02   -3.32450687530904548e-08    1.00000000000000006e-01    1.38105142949823539e-02   -3.18437828685038962e-08    1.00000000000000006e-01    2.05373510180431110e-02   -5.62728057910832888e-08    1.00000000000000006e-01    2.45652174896711407e-02   -5.20295906131271134e-08    1.00000000000000006e-01    3.40761207013333539e-02   -8.52038580429862745e-08    1.00000000000000006e-01    3.89434635450702019e-02   -7.62035992256437404e-08    2.00000000000000011e-01    1.37817625236607028e-02   -6.88255937405419299e-08    2.00000000000000011e-01    1.76316501135458936e-02   -6.59053312485481499e-08    2.00000000000000011e-01    2.53475046853820496e-02   -1.20462722212728548e-07    2.00000000000000011e-01    3.19051132800450762e-02   -1.11199715181120038e-07    2.00000000000000011e-01    4.35991795694901096e-02   -1.91141067875393816e-07    2.00000000000000011e-01    5.14827639745601001e-02   -1.71385662684453352e-07    2.00000000000000011e-01    1.74391304151564099e-02   -8.51563246006495875e-08    2.00000000000000011e-01    2.31820470289696295e-02   -8.03268825302317036e-08    2.00000000000000011e-01    3.19679766869450932e-02   -1.46362911192896130e-07    2.00000000000000011e-01    4.13232612957118925e-02   -1.31805052387699538e-07    2.00000000000000011e-01    5.45485982524287899e-02   -2.24830122491329245e-07    2.00000000000000011e-01    6.48518671024182480e-02   -1.96607474993229306e-07    2.00000000000000011e-01    2.14043638843443261e-02   -1.01871061881657678e-07    2.00000000000000011e-01    2.95995941783592093e-02   -9.43280292694588180e-08    2.00000000000000011e-01    3.91071915817684523e-02   -1.71766422181617284e-07    2.00000000000000011e-01    5.14940230493450626e-02   -1.50770301233400087e-07    2.00000000000000011e-01    6.61841194174340453e-02   -2.54781082503876676e-07    2.00000000000000011e-01    7.82868804206781760e-02   -2.18818034601576416e-07
41       7.97200000000000389e-07    1.00000000000000006e-01    7.91114124342550198e-03   -2.46611033940721142e-08    1.00000000000000006e-01    9.19481009634161468e-03   -2.40601417080485258e-08    1.00000000000000006e-01    1.45404240819919997e-02   -4.32806176446712333e-08    1.00000000000000006e-01    1.67050119638357461e-02   -4.13970312230969408e-08    1.00000000000000006e-01    2.50201460571970596e-02   -6.91411032689750079e-08    1.00000000000000006e-01    2.79644841719099493e-02   -6.46179691618127505e-08    1.00000000000000006e-01    9.41968920952622642e-03   -2.90092447462389848e-08    1.00000000000000006e-01    1.09841474719880802e-02   -2.81930631295216873e-08    1.00000000000000006e-01    1.72016874637236535e-02   -5.01209555985943637e-08    1.00000000000000006e-01    1.98063915119800933e-02   -4.76024494370412200e-08    1.00000000000000006e-01    2.92109609538102818e-02   -7.80703231476548006e-08    1.00000000000000006e-01    3.25298772596224056e-02   -7.24185932335962690e-08    1.00000000000000006e-01    1.10040173645699069e-02   -3.34506438322229748e-08    1.00000000000000006e-01    1.28788741270615577e-02   -3.23732922336708950e-08    1.00000000000000006e-01    1.99664253330394809e-02   -5.68862327275136124e-08    1.00000000000000006e-01    2.30267985807469516e-02   -5.36327773588044796e-08    1.00000000000000006e-01    3.34435854939459862e-02   -8.64059204229440123e-08    1.00000000000000006e-01    3.70349749080582588e-02   -7.96799714027819510e-08    2.00000000000000011e-01    1.35350355323178261e-02   -6.90148462490917402e-08    2.00000000000000011e-01    1.57843145754705851e-02   -6.72992662754176181e-08    2.00000000000000011e-01    2.49464591334126497e-02   -1.21040915168303820e-07    2.00000000000000011e-01    2.87347488836219994e-02   -1.15633940331730987e-07    2.00000000000000011e-01    4.31664887065612915e-02   -1.92256810101959498e-07    2.00000000000000011e-01    4.75867248515350547e-02   -1.81014400969275476e-07    2.00000000000000011e-01    1.70560893687714266e-02   -8.54829636010408382e-08    2.00000000000000011e-01    2.04591006475704357e-02   -8.26012205448699082e-08    2.00000000000000011e-01    3.13521756288427447e-02   -1.47345353894163882e-07    2.00000000000000011e-01    3.68981988328063309e-02   -1.38605336318247739e-07    2.00000000000000011e-01    5.39141252949629779e-02   -2.26626001904418011e-07    2.00000000000000011e-01    5.99154104515673691e-02   -2.09908524828279900e-07    2.00000000000000011e-01    2.08304575112428884e-02   -1.02408432785514961e-07    2.00000000000000011e-01    2.57729110332100345e-02   -9.78200596192242441e-08    2.00000000000000011e-01    3.82191102034579733e-02   -1.73315991995311341e-07    2.00000000000000011e-01    4.57866412306760021e-02   -1.60301139021289831e-07    2.00000000000000011e-01    6.53450381875078645e-02   -2.57361510693859580e-07    2.00000000000000011e-01    7.26695213444204374e-02   -2.35217056138182254e-07
42       8.99600000000000459e-07    1.00000000000000006e-01    7.79728885283486467e-03   -2.47147732849703984e-08    1.00000000000000006e-01    8.74143206218380188e-03   -2.42715172102189253e-08    1.00000000000000006e-01    1.43570223604492474e-02   -4.34422209737841322e-08    1.00000000000000006e-01    1.59313890241342127e-02   -4.20651743519301018e-08    1.00000000000000006e-01    2.47944340342201794e-02   -6.94945268851767490e-08    1.00000000000000006e-01    2.68831222058319927e-02   -6.62602727480298237e-08    1.00000000000000006e-01    9.27976741538739935e-03   -2.90827848655621110e-08    1.00000000000000006e-01    1.04333421465825221e-02   -2.84791421472388724e-08    1.00000000000000006e-01    1.69783338864770254e-02   -5.03398339176110635e-08    1.00000000000000006e-01    1.88797184110121967e-02   -4.84912408661447942e-08    1.00000000000000006e-01    2.89551780206862043e-02   -7.85144283374154570e-08    1.00000000000000006e-01    3.13137348129234605e-02   -7.44655520993257463e-08    1.00000000000000006e-01    1.08346049779761214e-02   -3.35487622323565247e-08    1.00000000000000006e-01    1.22213025387267384e-02   -3.27493672491913678e-08    1.00000000000000006e-01    1.97003544503932711e-02   -5.71731043218753574e-08    1.00000000000000006e-01    2.19436052357999123e-02   -5.47745494273838450e-08    1.00000000000000006e-01    3.31663162864964250e-02   -8.69351274779063266e-08    1.00000000000000006e-01    3.57202016347233503e-02   -8.21143979897888105e-08    2.00000000000000011e-01    1.34682064488225658e-02   -6.90660300964815600e-08    2.00000000000000011e-01    1.47463093291629235e-02   -6.80884583212042782e-08    2.00000000000000011e-01    2.48430393476331800e-02   -1.21189921127796539e-07    2.00000000000000011e-01    2.69630616408743050e-02   -1.18147951258622625e-07    2.00000000000000011e-01    4.30651340010750824e-02   -1.92518087775682361e-07    2.00000000000000011e-01    4.54588418137608502e-02   -1.86384356599520686e-07    2.00000000000000011e-01    1.69500049369259997e-02   -8.55733924410491695e-08    2.00000000000000011e-01    1.89057397486668069e-02   -8.39112065245537091e-08    2.00000000000000011e-01    3.11862038157913884e-02   -1.47610411214354384e-07    2.00000000000000011e-01    3.43568429775087322e-02   -1.42580435604638918e-07    2.00000000000000011e-01    5.37531623040921891e-02   -2.27082214443106020e-07    2.00000000000000011e-01    5.71145593835812801e-02   -2.17636414835840066e-07    2.00000000000000011e-01    2.06672241536333123e-02   -1.02561373893970210e-07    2.00000000000000011e-01    2.35478597632823826e-02   -9.98748285011440628e-08    2.00000000000000011e-01    3.79670650761484083e-02   -1.73756663017619695e-07    2.00000000000000011e-01    4.24043358554534941e-02   -1.66065233540174903e-07    2.00000000000000011e-01    6.51135409662668002e-02   -2.58074945324864689e-07    2.00000000000000011e-01    6.93643728373390389e-02   -2.45103668896066635e-07
43       9.59999999999999914e-07    1.00000000000000006e-01    7.76176409442695062e-03   -2.47315342971925769e-08    1.00000000000000006e-01    8.54209044075367879e-03   -2.43647584568753169e-08    1.00000000000000006e-01    1.43011172181079158e-02   -4.34915555394856044e-08    1.00000000000000006e-01    1.55933384336416868e-02   -4.23588974838089332e-08    1.00000000000000006e-01    2.47288748383341604e-02   -6.95973993062473587e-08    1.00000000000000006e-01    2.64180406193230341e-02   -6.69733546898968879e-08    1.00000000000000006e-01    9.23598008969656915e-03   -2.91058200210210564e-08    1.00000000000000006e-01    1.01906175123176474e-02   -2.86056501947457347e-08    1.00000000000000006e-01    1.69099726984463933e-02   -5.04069314813012702e-08    1.00000000000000006e-01    1.84734336386913785e-02   -4.88834315572920631e-08    1.00000000000000006e-01    2.88807871535769131e-02   -7.86438652892428117e-08    1.00000000000000006e-01    3.07896980269579054e-02   -7.53561450917145039e-08    1.00000000000000006e-01    1.07813920889842981e-02   -3.35796116161117070e-08    1.00000000000000006e-01    1.19307527151599844e-02   -3.29161522978628257e-08    1.00000000000000006e-01    1.96185207181873850e-02   -5.72614807080606088e-08    1.00000000000000006e-01    2.14669464256412833e-02   -5.52803780812844290e-08    1.00000000000000006e-01    3.30856631675963270e-02   -8.70893835547575381e-08    1.00000000000000006e-01    3.51531972432853820e-02   -8.31742043172125017e-08    2.00000000000000011e-01    1.34556745980867528e-02   -6.90757412942151103e-08    2.00000000000000011e-01    1.43703039954724658e-02   -6.83753979460929204e-08    2.00000000000000011e-01    2.48245461509684420e-02   -1.21216864026647182e-07    2.00000000000000011e-01    2.63273916658440590e-02   -1.19056253959374314e-07    2.00000000000000011e-01    4.30485955198571038e-02   -1.92561247119937902e-07    2.00000000000000011e-01    4.47138811761565100e-02   -1.88282820033716783e-07    2.00000000000000011e-01    1.69297140118853107e-02   -8.55908169491612147e-08    2.00000000000000011e-01    1.83370031831699906e-02   -8.43931170244801862e-08    2.00000000000000011e-01    3.11553233836695601e-02   -1.47659970691491186e-07    2.00000000000000011e-01    3.34266964316464812e-02   -1.44047971160431449e-07    2.00000000000000011e-01    5.37248971918762655e-02   -2.27162787302762824e-07    2.00000000000000011e-01    5.61040872084336145e-02   -2.20456398571973675e-07    2.00000000000000011e-01    2.06352601938515588e-02   -1.02591441255332861e-07    2.00000000000000011e-01    2.27222042737097729e-02   -1.00641831234986029e-07    2.00000000000000011e-01    3.79179521209722439e-02   -1.73842748241159296e-07    2.00000000000000011e-01    4.11371236179258332e-02   -1.68246861724204233e-07    2.00000000000000011e-01    6.50696272831073619e-02   -2.58210791818121428e-07    2.00000000000000011e-01    6.81352235088216046e-02   -2.48824958594104634e-07
44       9.60062499999999839e-07    9.93750000000007544e-02    7.76174774800574181e-03   -2.47315411239203530e-08    9.93750000000007544e-02    8.54191273089469245e-03   -2.43648415977849717e-08    9.93750000000007544e-02    1.43010951361434591e-02   -4.34915706685428412e-08    9.93750000000007544e-02    1.55930387071674757e-02   -4.23591580768169611e-08    9.93750000000007544e-02    2.47288620871910919e-02   -6.95974040216298011e-08    9.93750000000007544e-02    2.64176346315742397e-02   -6.69739779111027682e-08    9.93750000000007544e-02    9.23595934977372926e-03   -2.91058297736657702e-08    9.93750000000007544e-02    1.01904007719051705e-02   -2.86057631963391357e-08    9.93750000000007544e-02    1.69099445974055275e-02   -5.04069537764545598e-08    9.93750000000007544e-02    1.84730727153322068e-02   -4.88837802736604954e-08    9.93750000000007544e-02    2.88807735657439328e-02   -7.86438714910558447e-08    9.93750000000007544e-02    3.07892408580077437e-02   -7.53569231308197683e-08    9.93750000000007544e-02    1.07813660861417974e-02   -3.35796252561103409e-08    9.93750000000007544e-02    1.19304927877221627e-02   -3.29163015703841533e-08    9.93750000000007544e-02    1.96184858390856844e-02   -5.72615123099252295e-08    9.93750000000007544e-02    2.14665221822814105e-02   -5.52808287929180788e-08    9.93750000000007544e-02    3.30856506953283655e-02   -8.70893879661989363e-08    9.93750000000007544e-02    3.51527035898104995e-02   -8.31751283373313508e-08    1.98750000000001509e-01    1.34557074354256338e-02   -6.90756692764648369e-08    1.98750000000001509e-01    1.43700024771349008e-02   -6.83756249827768879e-08    1.98750000000001509e-01    2.48246111837661723e-02   -1.21216647578720527e-07    1.98750000000001509e-01    2.63268880574316182e-02   -1.19056967664944373e-07    1.98750000000001509e-01    4.30487213548134337e-02   -1.92560703304173748e-07    1.98750000000001509e-01    4.47133200837617900e-02   -1.88284242171526790e-07    1.98750000000001509e-01    1.69297523867047404e-02   -8.55907324603475929e-08    1.98750000000001509e-01    1.83365402873510303e-02   -8.43935064426642912e-08    1.98750000000001509e-01    3.11554002515971179e-02   -1.47659755111162670e-07    1.98750000000001509e-01    3.34259465975849518e-02   -1.44049151881577320e-07    1.98750000000001509e-01    5.37250496256276647e-02   -2.27162176870734182e-07    1.98750000000001509e-01    5.61033101971030179e-02   -2.20458564212162095e-07    1.98750000000001509e-01    2.06353021284194083e-02   -1.02591356908565804e-07    1.98750000000001509e-01    2.27215232686210356e-02   -1.00642462255744476e-07    1.98750000000001509e-01    3.79180380688325450e-02   -1.73842529890765353e-07    1.98750000000001509e-01    4.11360868105897226e-02   -1.68248647937278673e-07    1.98750000000001509e-01    6.50698044978940959e-02   -2.58210069857043202e-07    1.98750000000001509e-01    6.81342662092243867e-02   -2.48827856525846885e-07
45       9.60187499999999902e-07    9.81250000000001288e-02    7.76176547705145423e-03   -2.47315327585531949e-08    9.81250000000001288e-02    8.54158518804012078e-03   -2.43649949571171325e-08    9.81250000000001288e-02    1.43011432674061984e-02   -4.34915281890434519e-08    9.81250000000001288e-02    1.55924897545031832e-02   -4.23596359196087249e-08    9.81250000000001288e-02    2.47289935128020832e-02   -6.95971977750421722e-08    9.81250000000001288e-02    2.64169065929432505e-02   -6.69750973522865717e-08    9.81250000000001288e-02    9.23597779915840203e-03   -2.91058200671396942e-08    9.81250000000001288e-02    1.01900005035591261e-02   -2.86059720388239429e-08    9.81250000000001288e-02    1.69099971638756938e-02   -5.04069021731052427e-08    9.81250000000001288e-02    1.84724104601228165e-02   -4.88844208061778857e-08    9.81250000000001288e-02    2.88809280338947379e-02   -7.86436026876667404e-08    9.81250000000001288e-02    3.07884233567138309e-02   -7.53583164897509432e-08    9.81250000000001288e-02    1.07813839423315447e-02   -3.35796149030874135e-08    9.81250000000001288e-02    1.19300117545207279e-02   -3.29165780115908392e-08    9.81250000000001288e-02    1.96185417691237089e-02   -5.72614518957054462e-08    9.81250000000001288e-02    2.14657426123778250e-02   -5.52816577672054701e-08    9.81250000000001288e-02    3.30858316618523260e-02   -8.70890418036387046e-08    9.81250000000001288e-02    3.51518255438328167e-02   -8.31767741680396553e-08    1.96250000000000258e-01    1.34559389041328300e-02   -6.90754916302078214e-08    1.96250000000000258e-01    1.43694886008343421e-02   -6.83760175105075234e-08    1.96250000000000258e-01    2.48250514280375853e-02   -1.21216011985675861e-07    1.96250000000000258e-01    2.63260465162060316e-02   -1.19058172310202148e-07    1.96250000000000258e-01    4.30495196922496270e-02   -1.92558640947436304e-07    1.96250000000000258e-01    4.47124833135966529e-02   -1.88286379948217962e-07    1.96250000000000258e-01    1.69300386931322856e-02   -8.55904880483085100e-08    1.96250000000000258e-01    1.83357289424889054e-02   -8.43941947843796508e-08    1.96250000000000258e-01    3.11559459326201903e-02   -1.47658882567700229e-07    1.96250000000000258e-01    3.34246589252256004e-02   -1.44051188169583319e-07    1.96250000000000258e-01    5.37260396470214327e-02   -2.27159366935488764e-07    1.96250000000000258e-01    5.61021155756891571e-02   -2.20461908093922682e-07    1.96250000000000258e-01    2.06356426246124894e-02   -1.02591037555669003e-07    1.96250000000000258e-01    2.27203039554221380e-02   -1.00643596755348422e-07    1.96250000000000258e-01    3.79186899196393770e-02   -1.73841389011915910e-07    1.96250000000000258e-01    4.11342758190908001e-02   -1.68251774306836644e-07    1.96250000000000258e-01    6.50709874480917688e-02   -2.58206419446564730e-07    1.96250000000000258e-01    6.81327864679668882e-02   -2.48832350983487189e-07
46       9.60437499999999815e-07    9.56250000000010009e-02    7.76190157535368037e-03   -2.47314685413127883e-08    9.56250000000010009e-02    8.54098575773556447e-03   -2.43652756185825449e-08    9.56250000000010009e-02    1.43014236416924585e-02   -4.34912807381593411e-08    9.56250000000010009e-02    1.55914926112407509e-02   -4.23605039028541407e-08    9.56250000000010009e-02    2.47295690810646548e-02   -6.95962945394151623e-08    9.56250000000010009e-02    2.64156178194098999e-02   -6.69770790110052213e-08    9.56250000000010009e-02    9.23613430048288511e-03   -2.91057377293557070e-08    9.56250000000010009e-02    1.01892662658027190e-02   -2.86063551338282035e-08    9.56250000000010009e-02    1.69103192197620558e-02   -5.04065860189174251e-08    9.56250000000010009e-02    1.84712048204292781e-02   -4.88855869100831538e-08    9.56250000000010009e-02    2.88815987860548302e-02   -7.86424354609679031e-08    9.56250000000010009e-02    3.07869812834959504e-02   -7.53607744073880363e-08    9.56250000000010009e-02    1.07815590627511788e-02   -3.35795133684311224e-08    9.56250000000010009e-02    1.19291271729355247e-02   -3.29170863675675822e-08    9.56250000000010009e-02    1.96189042338975328e-02   -5.72610603716729072e-08    9.56250000000010009e-02    2.14643209066868075e-02   -5.52831695862657319e-08    9.56250000000010009e-02    3.30866035653866811e-02   -8.70875652740826455e-08    9.56250000000010009e-02    3.51502870341001764e-02   -8.31796580230784958e-08    1.91250000000002002e-01    1.34567345002365359e-02   -6.90748810326488518e-08    1.91250000000002002e-01    1.43686398280691123e-02   -6.83766658534145529e-08    1.91250000000002002e-01    2.48265539581598964e-02   -1.21213842754657306e-07    1.91250000000002002e-01    2.63246958357114015e-02   -1.19060105788122288e-07    1.91250000000002002e-01    4.30522112173558485e-02   -1.92551687985429706e-07    1.91250000000002002e-01    4.47113816646588780e-02   -1.88289194456678199e-07    1.91250000000002002e-01    1.69310317278383513e-02   -8.55896403243181342e-08    1.91250000000002002e-01    1.83343359544227251e-02   -8.43953765957094538e-08    1.91250000000002002e-01    3.11578230556406495e-02   -1.47655881070535610e-07    1.91250000000002002e-01    3.34225087347334929e-02   -1.44054588448365154e-07    1.91250000000002002e-01    5.37293905135964173e-02   -2.27149856454760872e-07    1.91250000000002002e-01    5.61004456415089559e-02   -2.20466582473524932e-07    1.91250000000002002e-01    2.06368384049812649e-02   -1.02589916031860993e-07    1.91250000000002002e-01    2.27181516706877785e-02   -1.00645599343536077e-07    1.91250000000002002e-01    3.79209554056404927e-02   -1.73837423954180123e-07    1.91250000000002002e-01    4.11311802231177359e-02   -1.68257118385601135e-07    1.91250000000002002e-01    6.50750087795329141e-02   -2.58194010403006099e-07    1.91250000000002002e-01    6.81306959925311040e-02   -2.48838700504833694e-07
47       9.60937499999999852e-07    9.06250000000006217e-02    7.76277552489387269e-03   -2.47310561745902288e-08    9.06250000000006217e-02    8.54011987087666471e-03   -2.43656810414837385e-08    9.06250000000006217e-02    1.43030843476574954e-02   -4.34898150553132416e-08    9.06250000000006217e-02    1.55901006608199205e-02   -4.23617155686548256e-08    9.06250000000006217e-02    2.47325857858243237e-02   -6.95915605281718122e-08    9.06250000000006217e-02    2.64140389474373412e-02   -6.69795067722458834e-08    9.06250000000006217e-02    9.23716232297916787e-03   -2.91051968728495994e-08    9.06250000000006217e-02    1.01881943694516162e-02   -2.86069144094278987e-08    9.06250000000006217e-02    1.69122589081099027e-02   -5.04046818915992826e-08    9.06250000000006217e-02    1.84695038761940461e-02   -4.88872320981299721e-08    9.06250000000006217e-02    2.88850975152334412e-02   -7.86363471705984491e-08    9.06250000000006217e-02    3.07852480783635564e-02   -7.53637285856928875e-08    9.06250000000006217e-02    1.07827425853946699e-02   -3.35788271658282593e-08    9.06250000000006217e-02    1.19278214079693266e-02   -3.29178367775646035e-08    9.06250000000006217e-02    1.96211254008873681e-02   -5.72586611514464713e-08    9.06250000000006217e-02    2.14622984483475790e-02   -5.52853202663336527e-08    9.06250000000006217e-02    3.30905902166262894e-02   -8.70799395867174482e-08    9.06250000000006217e-02    3.51485072125166664e-02   -8.31829942519858589e-08    1.81250000000001243e-01    1.34603283274990475e-02   -6.90721228986860658e-08    1.81250000000001243e-01    1.43680208246365140e-02   -6.83771386856140523e-08    1.81250000000001243e-01    2.48333007568626273e-02   -1.21204102471286462e-07    1.81250000000001243e-01    2.63239959269889641e-02   -1.19061107694691836e-07    1.81250000000001243e-01    4.30641668556521751e-02   -1.92520804533694030e-07    1.81250000000001243e-01    4.47126150877179412e-02   -1.88286043246217913e-07    1.81250000000001243e-01    1.69355483756693029e-02   -8.55857846376781732e-08    1.81250000000001243e-01    1.83329338363213343e-02   -8.43965661586226939e-08    1.81250000000001243e-01    3.11663016064075080e-02   -1.47642324264640201e-07    1.81250000000001243e-01    3.34207666851221649e-02   -1.44057343313729361e-07    1.81250000000001243e-01    5.37443097646823076e-02   -2.27107514357029557e-07    1.81250000000001243e-01    5.61014212574316579e-02   -2.20463851513118157e-07    1.81250000000001243e-01    2.06423279480386912e-02   -1.02584767439577082e-07    1.81250000000001243e-01    2.27155716643820324e-02   -1.00647999923587373e-07    1.81250000000001243e-01    3.79312654079798917e-02   -1.73819379784428161e-07    1.81250000000001243e-01    4.11281539151232625e-02   -1.68262342900521064e-07    1.81250000000001243e-01    6.50929562977427684e-02   -2.58138630574949620e-07    1.81250000000001243e-01    6.81317175126563424e-02   -2.48835597677314027e-07
48       9.61937499999999927e-07    8.06249999999998773e-02    7.76690770940937844e-03   -2.47291064809283238e-08    8.06249999999998773e-02    8.53970912815044808e-03   -2.43658733586993656e-08    8.06249999999998773e-02    1.43107547558972009e-02   -4.34830457436150923e-08    8.06249999999998773e-02    1.55897012441453178e-02   -4.23620632516919585e-08    8.06249999999998773e-02    2.47459671276919688e-02   -6.95705636804177394e-08    8.06249999999998773e-02    2.64148199290957716e-02   -6.69783058565664492e-08    8.06249999999998773e-02    9.24205025095787419e-03   -2.91026253330869306e-08    8.06249999999998773e-02    1.01876231976542261e-02   -2.86072124267698088e-08    8.06249999999998773e-02    1.69212564734764204e-02   -5.03958497311530613e-08    8.06249999999998773e-02    1.84689114121871292e-02   -4.88878051412667800e-08    8.06249999999998773e-02    2.89005788270614121e-02   -7.86094101861118570e-08    8.06249999999998773e-02    3.07863137910578885e-02   -7.53619120757060530e-08    8.06249999999998773e-02    1.07884084191763562e-02   -3.35755422188694708e-08    8.06249999999998773e-02    1.19270465153546376e-02   -3.29182821028693469e-08    8.06249999999998773e-02    1.96314734078337008e-02   -5.72474842097621691e-08    8.06249999999998773e-02    2.14614972465165636e-02   -5.52861722654497873e-08    8.06249999999998773e-02    3.31081554552217147e-02   -8.70463441770351149e-08    8.06249999999998773e-02    3.51500473718683176e-02   -8.31801072096622128e-08    1.61249999999999755e-01    1.34755907521460459e-02   -6.90604100921612239e-08    1.61249999999999755e-01    1.43711405795645016e-02   -6.83747556310256356e-08    1.61249999999999755e-01    2.48618447998679264e-02   -1.21162897762962950e-07    1.61249999999999755e-01    2.63306629040067110e-02   -1.19051564076936181e-07    1.61249999999999755e-01    4.31143611268352059e-02   -1.92391170418696247e-07    1.61249999999999755e-01    4.47288545376684776e-02   -1.88244556626145052e-07    1.61249999999999755e-01    1.69547799151093873e-02   -8.55693682606454597e-08    1.61249999999999755e-01    1.83357168058876814e-02   -8.43942050677596285e-08    1.61249999999999755e-01    3.12022336833929215e-02   -1.47584876629760481e-07    1.61249999999999755e-01    3.34275747020965769e-02   -1.44046577169462646e-07    1.61249999999999755e-01    5.38068740123628583e-02   -2.26929990894654911e-07    1.61249999999999755e-01    5.61205862504144809e-02   -2.20410208646949776e-07    1.61249999999999755e-01    2.06657841931822440e-02   -1.02562769232651084e-07    1.61249999999999755e-01    2.27173679810434362e-02   -1.00646328510117756e-07    1.61249999999999755e-01    3.79750534074183924e-02   -1.73742752328161418e-07    1.61249999999999755e-01    4.11348029661570830e-02   -1.68250864140151552e-07    1.61249999999999755e-01    6.51680887657754282e-02   -2.57906852165090083e-07    1.61249999999999755e-01    6.81543908967660178e-02   -2.48766733977171332e-07
49       9.63937499999999866e-07    6.06250000000004841e-02    7.78449037539813427e-03   -2.47208112871704895e-08    6.06250000000004841e-02    8.54405997691201624e-03   -2.43638362308362706e-08    6.06250000000004841e-02    1.43430119703697369e-02   -4.34545838375391873e-08    6.06250000000004841e-02    1.55981936755322584e-02   -4.23546709170299882e-08    6.06250000000004841e-02    2.48010732872228183e-02   -6.94841301329042443e-08    6.06250000000004841e-02    2.64316053184004869e-02   -6.69524978604818775e-08    6.06250000000004841e-02    9.26288322640734553e-03   -2.90916662802543629e-08    6.06250000000004841e-02    1.01926316800398011e-02   -2.86045992002035046e-08    6.06250000000004841e-02    1.69591233413830013e-02   -5.03586869096677849e-08    6.06250000000004841e-02    1.84786514140088780e-02   -4.88783846010218025e-08    6.06250000000004841e-02    2.89641594598757483e-02   -7.84988275348928241e-08    6.06250000000004841e-02    3.08059034113328453e-02   -7.53285253866251810e-08    6.06250000000004841e-02    1.08126072828537614e-02   -3.35615137094076758e-08    6.06250000000004841e-02    1.19326719324947435e-02   -3.29150492419193261e-08    6.06250000000004841e-02    1.96750538313857984e-02   -5.72004230445116825e-08    6.06250000000004841e-02    2.14724814528241686e-02   -5.52744918837865772e-08    6.06250000000004841e-02    3.31800389430779649e-02   -8.69089171132116354e-08    6.06250000000004841e-02    3.51727056460833798e-02   -8.31376391150686720e-08    1.21250000000000968e-01    1.35387962709544677e-02   -6.90119138589126752e-08    1.21250000000000968e-01    1.43950584086615218e-02   -6.83564869657273527e-08    1.21250000000000968e-01    2.49794160386068408e-02   -1.20993245345619690e-07    1.21250000000000968e-01    2.63764850882940403e-02   -1.18985979939560332e-07    1.21250000000000968e-01    4.33187167391586858e-02   -1.91863821461142249e-07    1.21250000000000968e-01    4.48159515298085856e-02   -1.88022125000483118e-07    1.21250000000000968e-01    1.70344488334510033e-02   -8.55013756818170826e-08    1.21250000000000968e-01    1.83638984236984514e-02   -8.43702971245731082e-08    1.21250000000000968e-01    3.13500258591117575e-02   -1.47348690173382183e-07    1.21250000000000968e-01    3.34824256836535813e-02   -1.43959848609900361e-07    1.21250000000000968e-01    5.40600789578585053e-02   -2.26212167142768526e-07    1.21250000000000968e-01    5.62263873767437500e-02   -2.20114174865579373e-07    1.21250000000000968e-01    2.07630114458160903e-02   -1.02471605776560298e-07    1.21250000000000968e-01    2.27490423927167278e-02   -1.00616858397344196e-07    1.21250000000000968e-01    3.81548483957613593e-02   -1.73428260853223990e-07    1.21250000000000968e-01    4.11986610927041683e-02   -1.68140636833180120e-07    1.21250000000000968e-01    6.54699492012631723e-02   -2.56976504207403362e-07    1.21250000000000968e-01    6.82794922676081550e-02   -2.48386915770882616e-07
50       9.67937499999999743e-07    2.06250000000017114e-02    7.85448935081296817e-03   -2.46878015296822881e-08    2.06250000000017114e-02    8.57211722703683440e-03   -2.43507016681630987e-08    2.06250000000017114e-02    1.44700544503314505e-02   -4.33425854248767852e-08    2.06250000000017114e-02    1.56495589914472967e-02   -4.23099744996069368e-08    2.06250000000017114e-02    2.50140548982632042e-02   -6.91506155188240531e-08    2.06250000000017114e-02    2.65204896026130371e-02   -6.68159272334720132e-08    2.06250000000017114e-02    9.34578804016236026e-03   -2.90480747244227744e-08    2.06250000000017114e-02    1.02256079246874094e-02   -2.85873965325143445e-08    2.06250000000017114e-02    1.71079913125933118e-02   -5.02127177199776347e-08    2.06250000000017114e-02    1.85383704920008621e-02   -4.88206444304252349e-08    2.06250000000017114e-02    2.92087214337342083e-02   -7.80741912249877991e-08    2.06250000000017114e-02    3.09080550056177426e-02   -7.51545487876495602e-08    2.06250000000017114e-02    1.09088784254603496e-02   -3.35057298930807539e-08    2.06250000000017114e-02    1.19706338765383780e-02   -3.28932368642893357e-08    2.06250000000017114e-02    1.98460537383986675e-02   -5.70159349782414920e-08    2.06250000000017114e-02    2.15405847845601128e-02   -5.52020979603519611e-08    2.06250000000017114e-02    3.34551005441045199e-02   -8.63839548539499173e-08    2.06250000000017114e-02    3.52881287152048764e-02   -8.29214567783839361e-08    4.12500000000034228e-02    1.37931823637694254e-02   -6.88168916179351933e-08    4.12500000000034228e-02    1.45120209965550490e-02   -6.82671834781174753e-08    4.12500000000034228e-02    2.54455984742973373e-02   -1.20321684668638970e-07    4.12500000000034228e-02    2.65920388138506242e-02   -1.18677700338356293e-07    4.12500000000034228e-02    4.41060761733840234e-02   -1.89838808870131590e-07    4.12500000000034228e-02    4.51892461760795699e-02   -1.87070303410998366e-07    4.12500000000034228e-02    1.73540916650131022e-02   -8.52288235811240082e-08    4.12500000000034228e-02    1.85080065789379328e-02   -8.42480908736588026e-08    4.12500000000034228e-02    3.19315039671665968e-02   -1.46421104421692009e-07    4.12500000000034228e-02    3.37468656891987753e-02   -1.43542063941653773e-07    4.12500000000034228e-02    5.50198313499492414e-02   -2.23501051075803662e-07    4.12500000000034228e-02    5.66768240672079412e-02   -2.18855964724641993e-07    4.12500000000034228e-02    2.11517694570163735e-02   -1.02107437302855889e-07    4.12500000000034228e-02    2.29203556306674799e-02   -1.00457532029933478e-07    4.12500000000034228e-02    3.88560211944997333e-02   -1.72204121161041676e-07    4.12500000000034228e-02    4.15126002139579522e-02   -1.67599194398308091e-07    4.12500000000034228e-02    6.65941128767090496e-02   -2.53524664741065672e-07    4.12500000000034228e-02    6.88034710157277990e-02   -2.46798844112784980e-07
51       9.69999999999999818e-07    9.57567358739197516e-16    7.90742837860788049e-03   -2.46628514610943684e-08    9.57567358739197516e-16    8.59593976575262486e-03   -2.43395522404048954e-08    9.57567358739197516e-16    1.45654761485403440e-02   -4.32585596084345910e-08    9.57567358739197516e-16    1.56924887294597158e-02   -4.22726364425150129e-08    9.57567358739197516e-16    2.51721617934253308e-02   -6.89035647642409553e-08    9.57567358739197516e-16    2.65923409830603301e-02   -6.67056309823292914e-08    9.57567358739197516e-16    9.40843528066527719e-03   -2.90151547726913320e-08    9.57567358739197516e-16    1.02536825383733946e-02   -2.85727545917069370e-08    9.57567358739197516e-16    1.72195981162142457e-02   -5.01034143506831231e-08    9.57567358739197516e-16    1.85883283846550694e-02   -4.87723660651937693e-08    9.57567358739197516e-16    2.93896138282429900e-02   -7.77608046766770268e-08    9.57567358739197516e-16    3.09901581606789149e-02   -7.50148525967587388e-08    9.57567358739197516e-16    1.09815655106451290e-02   -3.34636381512213263e-08    9.57567358739197516e-16    1.20030562102064857e-02   -3.28746122673750061e-08    9.57567358739197516e-16    1.99740024905179503e-02   -5.68780619574240293e-08    9.57567358739197516e-16    2.15975770038704766e-02   -5.51415459267638366e-08    9.57567358739197516e-16    3.36577851885172946e-02   -8.59979986493154921e-08    9.57567358739197516e-16    3.53801997686527883e-02   -8.27491818136106850e-08    1.91513471747839503e-15    1.39863908852099067e-02   -6.86689357518519808e-08    1.91513471747839503e-15    1.46057117482580635e-02   -6.81956859605439842e-08    1.91513471747839503e-15    2.57949135417208063e-02   -1.19819601879535036e-07    1.91513471747839503e-15    2.67614245377337627e-02   -1.18435704947399338e-07    1.91513471747839503e-15    4.46820688424662896e-02   -1.88363946629599690e-07    1.91513471747839503e-15    4.54712127591162946e-02   -1.86352882560669607e-07    1.91513471747839503e-15    1.75960330809486164e-02   -8.50227718916599860e-08    1.91513471747839503e-15    1.86243226983552196e-02   -8.41495071269640258e-08    1.91513471747839503e-15    3.23640855706501737e-02   -1.45732689846678579e-07    1.91513471747839503e-15    3.39547622070657876e-02   -1.43213978381977529e-07    1.91513471747839503e-15    5.57128574736168655e-02   -2.21552553944118638e-07    1.91513471747839503e-15    5.70136270898614073e-02   -2.17917288140335960e-07    1.91513471747839503e-15    2.14449294717385316e-02   -1.01833165596934928e-07    1.91513471747839503e-15    2.30598790516086428e-02   -1.00327845242172255e-07    1.91513471747839503e-15    3.93735514086918509e-02   -1.71302859796943919e-07    1.91513471747839503e-15    4.17590360219865162e-02   -1.67174666709510365e-07    1.91513471747839503e-15    6.73951563676709331e-02   -2.51076884186901124e-07    1.91513471747839503e-15    6.91904216518340193e-02   -2.45628793781142438e-07
52       9.70799999999999879e-07    0.00000000000000000e+00    7.92993003254186500e-03   -2.46522510036320593e-08    0.00000000000000000e+00    8.60629082020177537e-03   -2.43347087428874427e-08    0.00000000000000000e+00    1.46059224000649815e-02   -4.32229731366908855e-08    0.00000000000000000e+00    1.57110654928080164e-02   -4.22564858139730962e-08    0.00000000000000000e+00    2.52388629295324032e-02   -6.87995003394972441e-08    0.00000000000000000e+00    2.66231864511117626e-02   -6.66583165708032958e-08    0.00000000000000000e+00    9.43505261395045057e-03   -2.90011740787618899e-08    0.00000000000000000e+00    1.02658830000367171e-02   -2.85663929744367429e-08    0.00000000000000000e+00    1.72668660760928183e-02   -5.00571616121626600e-08    0.00000000000000000e+00    1.86099383966993256e-02   -4.87514912274784059e-08    0.00000000000000000e+00    2.94658149516089304e-02   -7.76289982775443138e-08    0.00000000000000000e+00    3.10253422735849542e-02   -7.49550336197339578e-08    0.00000000000000000e+00    1.10124357921102343e-02   -3.34457698918186394e-08    0.00000000000000000e+00    1.20171490928804477e-02   -3.28665185771910384e-08    0.00000000000000000e+00    2.00281456348432307e-02   -5.68197702626356229e-08    0.00000000000000000e+00    2.16222178654389315e-02   -5.51153770406482164e-08    0.00000000000000000e+00    3.37430372941445109e-02   -8.58359177735016913e-08    0.00000000000000000e+00    3.54195738430410287e-02   -8.26755654225414748e-08    0.00000000000000000e+00    1.40683198746186736e-02   -6.86062471727107145e-08    0.00000000000000000e+00    1.46458565146396422e-02   -6.81650631759617299e-08    0.00000000000000000e+00    2.59420954666590257e-02   -1.19608392421194903e-07    0.00000000000000000e+00    2.68334922668560794e-02   -1.18332827627867354e-07    0.00000000000000000e+00    4.49221458211718702e-02   -1.87751111027986661e-07    0.00000000000000000e+00    4.55896936793666122e-02   -1.86051893674906389e-07    0.00000000000000000e+00    1.76984686670420555e-02   -8.49356075647920177e-08    0.00000000000000000e+00    1.86741714553240665e-02   -8.41072762841970192e-08    0.00000000000000000e+00    3.25457952071620052e-02   -1.45444008012977436e-07    0.00000000000000000e+00    3.40430468222212082e-02   -1.43074773979650089e-07    0.00000000000000000e+00    5.60002669490971133e-02   -2.20747080784067678e-07    0.00000000000000000e+00    5.71545303702674992e-02   -2.17525222878535051e-07    0.00000000000000000e+00    2.15688441566885894e-02   -1.01717340539177816e-07    0.00000000000000000e+00    2.31196887106286178e-02   -1.00272277760492264e-07    0.00000000000000000e+00    3.95902396549393798e-02   -1.70926172676696441e-07    0.00000000000000000e+00    4.18634413142180348e-02   -1.66994970529740987e-07    0.00000000000000000e+00    6.77257555564848429e-02   -2.50069958920734100e-07    0.00000000000000000e+00    6.93515832666120463e-02   -2.45142275260101349e-07
53       9.72399999999999787e-07    0.00000000000000000e+00    7.97469349914994158e-03   -2.46311693070162386e-08    0.00000000000000000e+00    8.62693841053488106e-03   -2.43250485081216745e-08    0.00000000000000000e+00    1.46863308058788784e-02   -4.31522667373995078e-08    0.00000000000000000e+00    1.57481099122374242e-02   -4.22242875815983950e-08    0.00000000000000000e+00    2.53712956215061299e-02   -6.85931061119410138e-08    0.00000000000000000e+00    2.66846578311278407e-02   -6.65640702889888634e-08    0.00000000000000000e+00    9.48800243510613921e-03   -2.89733708565721359e-08    0.00000000000000000e+00    1.02902195886038668e-02   -2.85537049870340902e-08    0.00000000000000000e+00    1.73608288383174519e-02   -4.99652718043575759e-08    0.00000000000000000e+00    1.86530302547551277e-02   -4.87098762800737643e-08    0.00000000000000000e+00    2.96170723942055618e-02   -7.73676553019588821e-08    0.00000000000000000e+00    3.10954518350837102e-02   -7.48358951477753124e-08    0.00000000000000000e+00    1.10738449957174523e-02   -3.34102363846333883e-08    0.00000000000000000e+00    1.20452605442894177e-02   -3.28503760867119478e-08    0.00000000000000000e+00    2.01357667113361352e-02   -5.67039736827718818e-08    0.00000000000000000e+00    2.16713519467267614e-02   -5.50632100126121375e-08    0.00000000000000000e+00    3.39122138408438772e-02   -8.55146401295481698e-08    0.00000000000000000e+00    3.54980216992808115e-02   -8.25289686061734646e-08    0.00000000000000000e+00    1.42312493239449001e-02   -6.84816504779668534e-08    0.00000000000000000e+00    1.47259201353764808e-02   -6.81040064032802684e-08    0.00000000000000000e+00    2.62344524452089063e-02   -1.19189321538144750e-07    0.00000000000000000e+00    2.69771403965783710e-02   -1.18127879207981365e-07    0.00000000000000000e+00    4.53978554643782312e-02   -1.86539425284923705e-07    0.00000000000000000e+00    4.58255600592834961e-02   -1.85453338518376244e-07    0.00000000000000000e+00    1.79021888285305422e-02   -8.47623622175514569e-08    0.00000000000000000e+00    1.87735925478670872e-02   -8.40230727686432712e-08    0.00000000000000000e+00    3.29067187211321208e-02   -1.44871290699789128e-07    0.00000000000000000e+00    3.42190181346488861e-02   -1.42797465997457314e-07    0.00000000000000000e+00    5.65695454043801671e-02   -2.19155318455043749e-07    0.00000000000000000e+00    5.74349839048197836e-02   -2.16745731734872396e-07    0.00000000000000000e+00    2.18152939361928276e-02   -1.01487125169060435e-07    0.00000000000000000e+00    2.32389820486939257e-02   -1.00161478457558231e-07    0.00000000000000000e+00    4.00206042345664439e-02   -1.70178963583023262e-07    0.00000000000000000e+00    4.20715400979505411e-02   -1.66637014928709988e-07    0.00000000000000000e+00    6.83802681267640239e-02   -2.48081151917275459e-07    0.00000000000000000e+00    6.96722850178658759e-02   -2.44175241485678159e-07
54       9.75599999999999816e-07    0.00000000000000000e+00    8.06374399690820524e-03   -2.45892580445361111e-08    0.00000000000000000e+00    8.66812491457005264e-03   -2.43057848196449674e-08    0.00000000000000000e+00    1.48461875201091938e-02   -4.30118782569447007e-08    0.00000000000000000e+00    1.58219814202520404e-02   -4.21601184536525555e-08    0.00000000000000000e+00    2.56342427959303648e-02   -6.81842829477276425e-08    0.00000000000000000e+00    2.68071637756404288e-02   -6.63764588014883351e-08    0.00000000000000000e+00    9.59333637854642950e-03   -2.89180995269081902e-08    0.00000000000000000e+00    1.03387645347501507e-02   -2.85284039578589814e-08    0.00000000000000000e+00    1.75476180156303348e-02   -4.97828462845319861e-08    0.00000000000000000e+00    1.87389587131898995e-02   -4.86269443216125251e-08    0.00000000000000000e+00    2.99173233398837314e-02   -7.68501518232450941e-08    0.00000000000000000e+00    3.12351564336584252e-02   -7.45987674546160761e-08    0.00000000000000000e+00    1.11960054773767928e-02   -3.33395999824316476e-08    0.00000000000000000e+00    1.21013353397665339e-02   -3.28181866850082462e-08    0.00000000000000000e+00    2.03496903931434589e-02   -5.64741116468554100e-08    0.00000000000000000e+00    2.17693260987412741e-02   -5.49592537923229905e-08    0.00000000000000000e+00    3.42479422606101688e-02   -8.48786451284908461e-08    0.00000000000000000e+00    3.56543201805622004e-02   -8.22372327073273480e-08    0.00000000000000000e+00    1.45552698472778512e-02   -6.82341755096816946e-08    0.00000000000000000e+00    1.48855978095905010e-02   -6.79823116229870378e-08    0.00000000000000000e+00    2.68152045661170617e-02   -1.18358931547049991e-07    0.00000000000000000e+00    2.72634682507010701e-02   -1.17719868219152499e-07    0.00000000000000000e+00    4.63405332111094456e-02   -1.84149829294916047e-07    0.00000000000000000e+00    4.62951200592767037e-02   -1.84264595886459263e-07    0.00000000000000000e+00    1.83073519876482994e-02   -8.44182712383897060e-08    0.00000000000000000e+00    1.89718848334774100e-02   -8.38552425169530452e-08    0.00000000000000000e+00    3.36236413238164000e-02   -1.43736676333542994e-07    0.00000000000000000e+00    3.45697728245009175e-02   -1.42245442997001669e-07    0.00000000000000000e+00    5.76972066373119957e-02   -2.16018090835938753e-07    0.00000000000000000e+00    5.79932074869452668e-02   -2.15198089072257705e-07    0.00000000000000000e+00    2.23054658480504597e-02   -1.01029888712585700e-07    0.00000000000000000e+00    2.34769204026568125e-02   -9.99406345647474026e-08    0.00000000000000000e+00    4.08753917042938703e-02   -1.68698945251596347e-07    0.00000000000000000e+00    4.24863234990374289e-02   -1.65924500908959167e-07    0.00000000000000000e+00    6.96761452105900264e-02   -2.44163611960006609e-07    0.00000000000000000e+00    7.03104725226304655e-02   -2.42255758100576233e-07
55       9.81999999999999661e-07    0.00000000000000000e+00    8.23902197805512736e-03   -2.45068720561424203e-08    0.00000000000000000e+00    8.74984986262835641e-03   -2.42675839634863973e-08    0.00000000000000000e+00    1.51602264330981101e-02   -4.27367824425752087e-08    0.00000000000000000e+00    1.59684299838918978e-02   -4.20330560016049566e-08    0.00000000000000000e+00    2.61488455863411288e-02   -6.73879466259692696e-08    0.00000000000000000e+00    2.70495790594266344e-02   -6.60060418610285574e-08    0.00000000000000000e+00    9.80065342737955134e-03   -2.88094631748875267e-08    0.00000000000000000e+00    1.04350898648988000e-02   -2.84782322983465568e-08    0.00000000000000000e+00    1.79144834117957417e-02   -4.94254920416310991e-08    0.00000000000000000e+00    1.89092955931664704e-02   -4.84627499434214565e-08    0.00000000000000000e+00    3.05045077352299604e-02   -7.58429830251384067e-08    0.00000000000000000e+00    3.15115080977379641e-02   -7.41307801154333058e-08    0.00000000000000000e+00    1.14364304956544992e-02   -3.32007739947985772e-08    0.00000000000000000e+00    1.22126019675906656e-02   -3.27543562843094056e-08    0.00000000000000000e+00    2.07697522402697822e-02   -5.60239634564533273e-08    0.00000000000000000e+00    2.19635239082791207e-02   -5.47534573271981841e-08    0.00000000000000000e+00    3.49039691386229534e-02   -8.36419351143295075e-08    0.00000000000000000e+00    3.59633692208686517e-02   -8.16617226700623579e-08    0.00000000000000000e+00    1.51924670244524222e-02   -6.77487220643405473e-08    0.00000000000000000e+00    1.52022785806367935e-02   -6.77412597533585123e-08    0.00000000000000000e+00    2.79534438377425608e-02   -1.16739428382182022e-07    0.00000000000000000e+00    2.78303755940657351e-02   -1.16914020123712885e-07    0.00000000000000000e+00    4.81748776511978782e-02   -1.79543908615386688e-07    0.00000000000000000e+00    4.72213850653537479e-02   -1.81930809100382918e-07    0.00000000000000000e+00    1.91042585494973320e-02   -8.37432865135243678e-08    0.00000000000000000e+00    1.93651992509224317e-02   -8.35227877204230096e-08    0.00000000000000000e+00    3.50285882203003399e-02   -1.41524801587586899e-07    0.00000000000000000e+00    3.52642324941131874e-02   -1.41155327099949773e-07    0.00000000000000000e+00    5.98889777438378554e-02   -2.09980821674849273e-07    0.00000000000000000e+00    5.90937808672934231e-02   -2.12161972541751919e-07    0.00000000000000000e+00    2.32697475823804324e-02   -1.00132911599538333e-07    0.00000000000000000e+00    2.39489428205465898e-02   -9.95031259261493495e-08    0.00000000000000000e+00    4.25501082070138120e-02   -1.65815043697705542e-07    0.00000000000000000e+00    4.33074983303989233e-02   -1.64517681966164954e-07    0.00000000000000000e+00    7.21912352167582427e-02   -2.36636871819646319e-07    0.00000000000000000e+00    7.15678260914177355e-02   -2.38493069703805052e-07
56       9.94799999999999564e-07    0.00000000000000000e+00    8.57863125574669615e-03   -2.43476526745829641e-08    0.00000000000000000e+00    8.91074692651865757e-03   -2.41924665186452307e-08    0.00000000000000000e+00    1.57664348192123778e-02   -4.22083642646575554e-08    0.00000000000000000e+00    1.62562428750419492e-02   -4.17839287063166366e-08    0.00000000000000000e+00    2.71349577257075335e-02   -6.58758400309378013e-08    0.00000000000000000e+00    2.75242603046370639e-02   -6.52839074161862084e-08    0.00000000000000000e+00    1.02023042576068045e-02   -2.85995527350954033e-08    0.00000000000000000e+00    1.06247297752593440e-02   -2.83795812148037095e-08    0.00000000000000000e+00    1.86223727559507723e-02   -4.87394806474749078e-08    0.00000000000000000e+00    1.92440020959480027e-02   -4.81408976923351753e-08    0.00000000000000000e+00    3.16281357407488597e-02   -7.39337024204181030e-08    0.00000000000000000e+00    3.20522701145509251e-02   -7.32191718446691168e-08    0.00000000000000000e+00    1.19021961984467125e-02   -3.29325647678600509e-08    0.00000000000000000e+00    1.24316592793285007e-02   -3.26288510249459899e-08    0.00000000000000000e+00    2.15799364986361299e-02   -5.51602851425886533e-08    0.00000000000000000e+00    2.23450505571581338e-02   -5.43501451827696230e-08    0.00000000000000000e+00    3.61573211068730305e-02   -8.13014488650242100e-08    0.00000000000000000e+00    3.65676212312799551e-02   -8.05416284841818019e-08    0.00000000000000000e+00    1.64252656588647662e-02   -6.68140843878234372e-08    0.00000000000000000e+00    1.58251648285982899e-02   -6.72682919384362733e-08    0.00000000000000000e+00    3.01416286942733126e-02   -1.13655954649754501e-07    0.00000000000000000e+00    2.89417989587493901e-02   -1.15341811657236492e-07    0.00000000000000000e+00    5.16528569346407299e-02   -1.70971272747533771e-07    0.00000000000000000e+00    4.90242415862611955e-02   -1.77430961070087728e-07    0.00000000000000000e+00    2.06467070273111918e-02   -8.24436186206684190e-08    0.00000000000000000e+00    2.01390327063264429e-02   -8.28703951472853352e-08    0.00000000000000000e+00    3.77289717858699386e-02   -1.37316840733994773e-07    0.00000000000000000e+00    3.66257074693637982e-02   -1.39029130555441976e-07    0.00000000000000000e+00    6.40351953191217460e-02   -1.98779576521706393e-07    0.00000000000000000e+00    6.12336163769990269e-02   -2.06316651686466535e-07    0.00000000000000000e+00    2.51369438149961731e-02   -9.84055347630074955e-08    0.00000000000000000e+00    2.48779176408060569e-02   -9.86444163271917347e-08    0.00000000000000000e+00    4.57675164934370840e-02   -1.60333473507050154e-07    0.00000000000000000e+00    4.49171801191843231e-02   -1.61774665885828889e-07    0.00000000000000000e+00    7.69353653302198570e-02   -2.22716664250246746e-07    0.00000000000000000e+00    7.40090880259746536e-02   -2.31259991482886166e-07
57       1.02039999999999937e-06    0.00000000000000000e+00    9.21664806805580841e-03   -2.40499845162928213e-08    0.00000000000000000e+00    9.22263473492391551e-03   -2.40472003578596422e-08    0.00000000000000000e+00    1.68974747888834473e-02   -4.12316823830210918e-08    0.00000000000000000e+00    1.68122501064857759e-02   -4.13048574317583448e-08    0.00000000000000000e+00    2.89497178336812211e-02   -6.31407344585549682e-08    0.00000000000000000e+00    2.84348240529670448e-02   -6.39104836221445347e-08    0.00000000000000000e+00    1.09568083893342768e-02   -2.82072298308093506e-08    0.00000000000000000e+00    1.09923337581196608e-02   -2.81888217043987641e-08    0.00000000000000000e+00    1.99421987374165631e-02   -4.74728641810565621e-08    0.00000000000000000e+00    1.98904113613594946e-02   -4.75222582266103803e-08    0.00000000000000000e+00    3.36905493837035414e-02   -7.04908805061557944e-08    0.00000000000000000e+00    3.30882154513203186e-02   -7.14881145550901657e-08    0.00000000000000000e+00    1.27771085829714737e-02   -3.24313671499020368e-08    0.00000000000000000e+00    1.28563017917875683e-02   -3.23861695786921359e-08    0.00000000000000000e+00    2.30893436460023020e-02   -5.35671774114855545e-08    0.00000000000000000e+00    2.30816460348536173e-02   -5.35752483442890232e-08    0.00000000000000000e+00    3.84507716180399889e-02   -7.70945481080320690e-08    0.00000000000000000e+00    3.77233530992793220e-02   -7.84182297485360036e-08    0.00000000000000000e+00    1.87373599369439238e-02   -6.50775285948642679e-08    0.00000000000000000e+00    1.70307309342978240e-02   -6.63572717979184898e-08    0.00000000000000000e+00    3.41983505716117395e-02   -1.08044249765589725e-07    0.00000000000000000e+00    3.10795873355275108e-02   -1.12346336931068112e-07    0.00000000000000000e+00    5.79368834431192581e-02   -1.56020270845119702e-07    0.00000000000000000e+00    5.24440999044601674e-02   -1.69050544002928229e-07    0.00000000000000000e+00    2.35427710194699505e-02   -8.00277029524528527e-08    0.00000000000000000e+00    2.16376779419940532e-02   -8.16133678561180891e-08    0.00000000000000000e+00    4.27341786567869905e-02   -1.29669442063374618e-07    0.00000000000000000e+00    3.92445074277007824e-02   -1.34980344726519917e-07    0.00000000000000000e+00    7.14932139496335384e-02   -1.79363929669484490e-07    0.00000000000000000e+00    6.52840848043024918e-02   -1.95462442328798360e-07    0.00000000000000000e+00    2.86464218654974359e-02   -9.51928849245816725e-08    0.00000000000000000e+00    2.66782074427083168e-02   -9.69891472816580555e-08    0.00000000000000000e+00    5.17257164152931936e-02   -1.50388636718408361e-07    0.00000000000000000e+00    4.80125705573358555e-02   -1.56554676401193771e-07    0.00000000000000000e+00    8.54197982874598388e-02   -1.98738511857420711e-07    0.00000000000000000e+00    7.86172428976590343e-02   -2.17869583463036517e-07
58       1.07159999999999898e-06    0.00000000000000000e+00    1.03460842230608304e-02   -2.35276996459290191e-08    0.00000000000000000e+00    9.80907251390825650e-03   -2.37752873951776182e-08    0.00000000000000000e+00    1.88757810571529745e-02   -3.95522381613436817e-08    0.00000000000000000e+00    1.78510962227747573e-02   -4.04175357133435194e-08    0.00000000000000000e+00    3.20472849992488248e-02   -5.86145730029019401e-08    0.00000000000000000e+00    3.01137458624810075e-02   -6.14188268952107053e-08    0.00000000000000000e+00    1.22926060773817548e-02   -2.75190450384156648e-08    0.00000000000000000e+00    1.16835853144524639e-02   -2.78317893643884185e-08    0.00000000000000000e+00    2.22484377632892541e-02   -4.52984729846054557e-08    0.00000000000000000e+00    2.10975863862567919e-02   -4.63773425499630629e-08    0.00000000000000000e+00    3.71942019234653004e-02   -6.48250872268361622e-08    0.00000000000000000e+00    3.49935254507509688e-02   -6.83569274320685231e-08    0.00000000000000000e+00    1.43264029387439439e-02   -3.15522434444732251e-08    0.00000000000000000e+00    1.36549207935330839e-02   -3.19319461953713524e-08    0.00000000000000000e+00    2.57237960745192243e-02   -5.08365491806307677e-08    0.00000000000000000e+00    2.44564826870851161e-02   -5.21421919353358170e-08    0.00000000000000000e+00    4.23244879384562789e-02   -7.02120649478873480e-08    0.00000000000000000e+00    3.98424670209676229e-02   -7.45896085582187359e-08    0.00000000000000000e+00    2.28330243419950091e-02   -6.20540394938805231e-08    0.00000000000000000e+00    1.92933190659646397e-02   -6.46631506580018514e-08    0.00000000000000000e+00    4.12453799280884797e-02   -9.86235283429002373e-08    0.00000000000000000e+00    3.50467010337007848e-02   -1.06888030319395624e-07    0.00000000000000000e+00    6.83643964627218825e-02   -1.32764527562956615e-07    0.00000000000000000e+00    5.86280866802017589e-02   -1.54418328405485338e-07    0.00000000000000000e+00    2.86885227562423129e-02   -7.58139046424411408e-08    0.00000000000000000e+00    2.44544298069734357e-02   -7.92737803373821912e-08    0.00000000000000000e+00    5.14282903838737537e-02   -1.16862080376842579e-07    0.00000000000000000e+00    4.41049404631993144e-02   -1.27609788425035536e-07    0.00000000000000000e+00    8.37619526659441199e-02   -1.49515762878073486e-07    0.00000000000000000e+00    7.25776835971328471e-02   -1.76619866388788619e-07    0.00000000000000000e+00    3.48988561861990482e-02   -8.95801968598634136e-08    0.00000000000000000e+00    3.00668997638134337e-02   -9.39052326429916974e-08    0.00000000000000000e+00    6.20559152273401360e-02   -1.33790978194598153e-07    0.00000000000000000e+00    5.37542399581851932e-02   -1.47064454176476090e-07    0.00000000000000000e+00    9.92181343073747501e-02   -1.62314048112006577e-07    0.00000000000000000e+00    8.68687349600367059e-02   -1.94762516243807396e-07
59       1.12279999999999859e-06    0.00000000000000000e+00    1.13053088081001597e-02   -2.30888039380763391e-08    0.00000000000000000e+00    1.03491264098914716e-02   -2.35263009506462936e-08    0.00000000000000000e+00    2.05317261533354799e-02   -3.81747240825449298e-08    0.00000000000000000e+00    1.88001311944288318e-02   -3.96157841203117387e-08    0.00000000000000000e+00    3.45612504441683288e-02   -5.50727226465374332e-08    0.00000000000000000e+00    3.16215468320001289e-02   -5.92260420796774021e-08    0.00000000000000000e+00    1.34277646657487773e-02   -2.69406652955548310e-08    0.00000000000000000e+00    1.23202993254816137e-02   -2.75048645526542103e-08    0.00000000000000000e+00    2.41772949063896563e-02   -4.35179490952811281e-08    0.00000000000000000e+00    2.21998393570501315e-02   -4.53437828636199258e-08    0.00000000000000000e+00    4.00202805896259436e-02   -6.04227050037092364e-08    0.00000000000000000e+00    3.66990312077354053e-02   -6.56118658204724082e-08    0.00000000000000000e+00    1.56439134265666975e-02   -3.08131116019302113e-08    0.00000000000000000e+00    1.43907480336863836e-02   -3.15159645022614847e-08    0.00000000000000000e+00    2.79245817791210632e-02   -4.86042671075538667e-08    0.00000000000000000e+00    2.57110251120304806e-02   -5.08496337452849550e-08    0.00000000000000000e+00    4.54245671903153111e-02   -6.49064416784718528e-08    0.00000000000000000e+00    4.17315899782705890e-02   -7.12472868477631239e-08    0.00000000000000000e+00    2.63347324165031579e-02   -5.95228701548208753e-08    0.00000000000000000e+00    2.13753667393211978e-02   -6.31223577380357540e-08    0.00000000000000000e+00    4.71320572004113661e-02   -9.10776219299948398e-08    0.00000000000000000e+00    3.86464640016215000e-02   -1.02049094246951026e-07    0.00000000000000000e+00    7.65797268269359371e-02   -1.15834531477392015e-07    0.00000000000000000e+00    6.40550568738830761e-02   -1.42137935031700871e-07    0.00000000000000000e+00    3.31115723261794850e-02   -7.22733397447142659e-08    0.00000000000000000e+00    2.70524645004692060e-02   -7.71426619843622194e-08    0.00000000000000000e+00    5.86919942163390204e-02   -1.06634026538428354e-07    0.00000000000000000e+00    4.85166711111360283e-02   -1.21083248957563652e-07    0.00000000000000000e+00    9.33103944792336021e-02   -1.28131973335511637e-07    0.00000000000000000e+00    7.89412589708072959e-02   -1.60929501626443269e-07    0.00000000000000000e+00    4.02970978323562642e-02   -8.48498189222873085e-08    0.00000000000000000e+00    3.31994254320531409e-02   -9.10916030775034305e-08    0.00000000000000000e+00    7.06607851490625161e-02   -1.20602456298077482e-07    0.00000000000000000e+00    5.89612001384069440e-02   -1.38676612669026684e-07    0.00000000000000000e+00    1.09780893060935067e-01   -1.36647816940721159e-07    0.00000000000000000e+00    9.40116206287698875e-02   -1.75678105303218767e-07
60       1.17399999999999820e-06    0.00000000000000000e+00    1.21228448230504167e-02   -2.27181330604033568e-08    0.00000000000000000e+00    1.08469547967075305e-02   -2.32979886465957697e-08    0.00000000000000000e+00    2.19263643287776859e-02   -3.70345671854401800e-08    0.00000000000000000e+00    1.96686422464062809e-02   -3.88894740728666881e-08    0.00000000000000000e+00    3.66221662420927047e-02   -5.22566884568375346e-08    0.00000000000000000e+00    3.29797649443000149e-02   -5.72871081137612663e-08    0.00000000000000000e+00    1.43963179883115234e-02   -2.64518594863741490e-08    0.00000000000000000e+00    1.29074391259904539e-02   -2.72050435161273122e-08    0.00000000000000000e+00    2.58014744693306104e-02   -4.20456108680037885e-08    0.00000000000000000e+00    2.32082395901226091e-02   -4.44081434725070054e-08    0.00000000000000000e+00    4.23241417869680420e-02   -5.69443935051944311e-08    0.00000000000000000e+00    3.82306017778090840e-02   -6.31932405634160343e-08    0.00000000000000000e+00    1.67693870491480573e-02   -3.01878971570477789e-08    0.00000000000000000e+00    1.50695735468150908e-02   -3.11343611881434995e-08    0.00000000000000000e+00    2.97764977027222787e-02   -4.67604255254123101e-08    0.00000000000000000e+00    2.68581816443841485e-02   -4.96803639955140034e-08    0.00000000000000000e+00    4.79327501555846733e-02   -6.07455402181664438e-08    0.00000000000000000e+00    4.34213180524534656e-02   -6.83143246231199691e-08    0.00000000000000000e+00    2.93589353652839065e-02   -5.73771783918972056e-08    0.00000000000000000e+00    2.32973512441688596e-02   -6.17155405643427227e-08    0.00000000000000000e+00    5.21197989796439443e-02   -8.49182310448403201e-08    0.00000000000000000e+00    4.19285348060247434e-02   -9.77326095300288717e-08    0.00000000000000000e+00    8.31911204231902679e-02   -1.03115343365577191e-07    0.00000000000000000e+00    6.88528782429996822e-02   -1.31723353159037799e-07    0.00000000000000000e+00    3.69561161870431976e-02   -6.92576634290081379e-08    0.00000000000000000e+00    2.94572788718358118e-02   -7.51931012737333077e-08    0.00000000000000000e+00    6.48474277893728301e-02   -9.83096216528959205e-08    0.00000000000000000e+00    5.25405844393494539e-02   -1.15267748941681490e-07    0.00000000000000000e+00    1.00904579635041944e-01   -1.12304621755293866e-07    0.00000000000000000e+00    8.45344748748817487e-02   -1.47725045585082250e-07    0.00000000000000000e+00    4.50129102312745721e-02   -8.08060728083523396e-08    0.00000000000000000e+00    3.61060960387274837e-02   -8.85129741663938437e-08    0.00000000000000000e+00    7.79267146166525843e-02   -1.09927042507930661e-07    0.00000000000000000e+00    6.37053530658892864e-02   -1.31217620806230102e-07    0.00000000000000000e+00    1.18045701944144196e-01   -1.17943086568927249e-07    0.00000000000000000e+00    1.00240107371926360e-01   -1.59745780481910875e-07
61       1.22519999999999782e-06    0.00000000000000000e+00    1.28216841023831921e-02   -2.24037582898002880e-08    0.00000000000000000e+00    1.13062725139322067e-02   -2.30883651000967870e-08    0.00000000000000000e+00    2.31068580377487079e-02   -3.60837630209157792e-08    0.00000000000000000e+00    2.04647218023352624e-02   -3.82299617370910913e-08    0.00000000000000000e+00    3.83251428167384334e-02   -4.99890135231839150e-08    0.00000000000000000e+00    3.42065068456208210e-02   -5.55653854214959446e-08    0.00000000000000000e+00    1.52255170271389240e-02   -2.60368171622021422e-08    0.00000000000000000e+00    1.34494215882064814e-02   -2.69296882933723230e-08    0.00000000000000000e+00    2.71766808709236439e-02   -4.08182568211636454e-08    0.00000000000000000e+00    2.41323867481703543e-02   -4.35590083976059830e-08    0.00000000000000000e+00    4.42179669139511969e-02   -5.41593813802236811e-08    0.00000000000000000e+00    3.96098654749276261e-02   -6.10527505343843288e-08    0.00000000000000000e+00    1.77344529111792548e-02   -2.96563405986577906e-08    0.00000000000000000e+00    1.56965318036761531e-02   -3.07837542631071084e-08    0.00000000000000000e+00    3.13440697328797382e-02   -4.52244618257009451e-08    0.00000000000000000e+00    2.79091025295681826e-02   -4.86198114249814872e-08    0.00000000000000000e+00    4.99793243820446376e-02   -5.74377318177064016e-08    0.00000000000000000e+00    4.49371146674852409e-02   -6.57287607117867155e-08    0.00000000000000000e+00    3.19921079888530538e-02   -5.55396108030597226e-08    0.00000000000000000e+00    2.50765829623952850e-02   -6.04265636249989223e-08    0.00000000000000000e+00    5.63920673306170170e-02   -7.98155242119247701e-08    0.00000000000000000e+00    4.49332384941722868e-02   -9.38614066501135229e-08    0.00000000000000000e+00    8.85978890175538603e-02   -9.33203957722952016e-08    0.00000000000000000e+00    7.31208905284148891e-02   -1.22811333151739776e-07    0.00000000000000000e+00    4.03275753172475451e-02   -6.66608464577556243e-08    0.00000000000000000e+00    3.16902092309257130e-02   -7.34028518455477687e-08    0.00000000000000000e+00    7.01196530344301433e-02   -9.14341754200132475e-08    0.00000000000000000e+00    5.62258384817938758e-02   -1.10057859935855638e-07    0.00000000000000000e+00    1.07045364229361881e-01   -1.00283117752280639e-07    0.00000000000000000e+00    8.94813796555001539e-02   -1.36510177240022088e-07    0.00000000000000000e+00    4.91702748262974540e-02   -7.73104786384053398e-08    0.00000000000000000e+00    3.88120621551971204e-02   -8.61403767924690864e-08    0.00000000000000000e+00    8.41245488428084137e-02   -1.01161078791615638e-07    0.00000000000000000e+00    6.80447287113784965e-02   -1.24549937799144163e-07    0.00000000000000000e+00    1.24622149299516718e-01   -1.03941478976940979e-07    0.00000000000000000e+00    1.05705171383972577e-01   -1.46319509323872677e-07
62       1.27639999999999743e-06    0.00000000000000000e+00    1.34205528950352773e-02   -2.21361743185536361e-08    0.00000000000000000e+00    1.17304083139731733e-02   -2.28956737021068378e-08    0.00000000000000000e+00    2.41102638645779160e-02   -3.52858819136624987e-08    0.00000000000000000e+00    2.11954573697073975e-02   -3.76298253653864559e-08    0.00000000000000000e+00    3.97413301486565229e-02   -4.81438839261800929e-08    0.00000000000000000e+00    3.53171227162106874e-02   -5.40307583803561528e-08    0.00000000000000000e+00    1.59374386038550094e-02   -2.56830071581963049e-08    0.00000000000000000e+00    1.39501908188126630e-02   -2.66764726739053967e-08    0.00000000000000000e+00    2.83463996115159780e-02   -3.97882279167154576e-08    0.00000000000000000e+00    2.49806530015387572e-02   -4.27866142123728657e-08    0.00000000000000000e+00    4.57850713623327368e-02   -5.19053307531859516e-08    0.00000000000000000e+00    4.08550687378578178e-02   -5.91508975802610604e-08    0.00000000000000000e+00    1.85646088908438221e-02   -2.92024592461189784e-08    0.00000000000000000e+00    1.62761932666266422e-02   -3.04611700129695023e-08    0.00000000000000000e+00    3.26774008459613727e-02   -4.39359279799873849e-08    0.00000000000000000e+00    2.88734783192020408e-02   -4.76555529491991260e-08    0.00000000000000000e+00    5.16604609890437549e-02   -5.47791899609809290e-08    0.00000000000000000e+00    4.63003741862338253e-02   -6.34401455495319616e-08    0.00000000000000000e+00    3.43001915799790655e-02   -5.39525629518432220e-08    0.00000000000000000e+00    2.67278202767796541e-02   -5.92418508754925864e-08    0.00000000000000000e+00    6.00829610616733165e-02   -7.55372147211200095e-08    0.00000000000000000e+00    4.76937917187225113e-02   -9.03731296795199292e-08    0.00000000000000000e+00    9.30756102305078242e-02   -8.56238464014439301e-08    0.00000000000000000e+00    7.69378347712934979e-02   -1.15124745432013440e-07    0.00000000000000000e+00    4.33054304171384685e-02   -6.44046352973198665e-08    0.00000000000000000e+00    3.37692876541711845e-02   -7.17533314619182644e-08    0.00000000000000000e+00    7.46731592465332966e-02   -8.56876820847380270e-08    0.00000000000000000e+00    5.96127846058570054e-02   -1.05368603854982574e-07    0.00000000000000000e+00    1.12076341127963539e-01   -9.09564484419667648e-08    0.00000000000000000e+00    9.38802656613621084e-02   -1.26907650117382820e-07    0.00000000000000000e+00    5.28618966736323845e-02   -7.42614339091650388e-08    0.00000000000000000e+00    4.13384294404833680e-02   -8.39497457152226915e-08    0.00000000000000000e+00    8.94532759712973885e-02   -9.38788838690149235e-08    0.00000000000000000e+00    7.20270296736019305e-02   -1.18562600764607290e-07    0.00000000000000000e+00    1.29925133164485562e-01   -9.32275017732952310e-08    0.00000000000000000e+00    1.10526343677759584e-01   -1.34910518289529951e-07
63       1.37879999999999644e-06    0.00000000000000000e+00    1.43823194506601804e-02   -2.17099545171385347e-08    0.00000000000000000e+00    1.24859885564536765e-02   -2.25544854322207236e-08    0.00000000000000000e+00    2.57075098382576923e-02   -3.40352863036373418e-08    0.00000000000000000e+00    2.24875087769303948e-02   -3.65809653735665906e-08    0.00000000000000000e+00    4.19347232265441308e-02   -4.53586688530790778e-08    0.00000000000000000e+00    3.72453606492140279e-02   -5.14206045543014714e-08    0.00000000000000000e+00    1.70844520620215337e-02   -2.51178882840385503e-08    0.00000000000000000e+00    1.48432592695854886e-02   -2.62277546815334521e-08    0.00000000000000000e+00    3.02112936065733161e-02   -3.81725372444135093e-08    0.00000000000000000e+00    2.64808255710053848e-02   -4.14370779466271842e-08    0.00000000000000000e+00    4.81962945315758812e-02   -4.85261765601714923e-08    0.00000000000000000e+00    4.30087421569028405e-02   -5.59298751294872783e-08    0.00000000000000000e+00    1.99064200172635042e-02   -2.84754295372398976e-08    0.00000000000000000e+00    1.73111410842850429e-02   -2.98889802697343043e-08    0.00000000000000000e+00    3.48040128617596312e-02   -4.19149027616478608e-08    0.00000000000000000e+00    3.05786582766931110e-02   -4.59715868042335140e-08    0.00000000000000000e+00    5.42210714742210817e-02   -5.08313458594497698e-08    0.00000000000000000e+00    4.86456312237931038e-02   -5.95843814620040147e-08    0.00000000000000000e+00    3.81524592484382349e-02   -5.13533210496878690e-08    0.00000000000000000e+00    2.97000960506064553e-02   -5.71374721619609537e-08    0.00000000000000000e+00    6.61330803838379028e-02   -6.87878560053093885e-08    0.00000000000000000e+00    5.25988916944394383e-02   -8.43379567437224527e-08    0.00000000000000000e+00    1.00035448095919133e-01   -7.44105540931193352e-08    0.00000000000000000e+00    8.34820101268038545e-02   -1.02574162169524970e-07    0.00000000000000000e+00    4.83327908184850163e-02   -6.06760307843925280e-08    0.00000000000000000e+00    3.75309884373835750e-02   -6.88116935849125062e-08    0.00000000000000000e+00    8.21313398827810681e-02   -7.66651053038428304e-08    0.00000000000000000e+00    6.56329392851043997e-02   -9.72701675563043270e-08    0.00000000000000000e+00    1.19785862958826053e-01   -7.75838993655007446e-08    0.00000000000000000e+00    1.01362264228201146e-01   -1.11384214041141431e-07    0.00000000000000000e+00    5.91408943958232972e-02   -6.91953876202273351e-08    0.00000000000000000e+00    4.59280215638616651e-02   -8.00310131346896649e-08    0.00000000000000000e+00    9.81206968827823406e-02   -8.25458888136487525e-08    0.00000000000000000e+00    7.90878989902789875e-02   -1.08260555958096946e-07    0.00000000000000000e+00    1.37876143587704142e-01   -7.81393898316260043e-08    0.00000000000000000e+00    1.18634865358226302e-01   -1.16656221666813734e-07
64       1.52879999999999648e-06    0.00000000000000000e+00    1.53676262958193366e-02   -2.12778074423486879e-08    0.00000000000000000e+00    1.34031548122660327e-02   -2.21439255849229681e-08    0.00000000000000000e+00    2.73258336021449250e-02   -3.27926444651303688e-08    0.00000000000000000e+00    2.40394702818764981e-02   -3.53418724040626732e-08    0.00000000000000000e+00    4.40650309176460267e-02   -4.27375705397561455e-08    0.00000000000000000e+00    3.94982257216601809e-02   -4.84580380249821665e-08    0.00000000000000000e+00    1.82670347216730353e-02   -2.45416321651033122e-08    0.00000000000000000e+00    1.59296960744968706e-02   -2.56868440795251311e-08    0.00000000000000000e+00    3.21074964858646741e-02   -3.65632088861047322e-08    0.00000000000000000e+00    2.82841605409480633e-02   -3.98427213392923897e-08    0.00000000000000000e+00    5.05127874522101894e-02   -4.53811586242069464e-08    0.00000000000000000e+00    4.55098130799655928e-02   -5.22979897946168769e-08    0.00000000000000000e+00    2.12985459578602584e-02   -2.77297943955536178e-08    0.00000000000000000e+00    1.85730219648386208e-02   -2.91978775272725651e-08    0.00000000000000000e+00    3.69691396991818910e-02   -3.99005749250360899e-08    0.00000000000000000e+00    3.26283955052519281e-02   -4.39830074447072293e-08    0.00000000000000000e+00    5.66384786816475430e-02   -4.72166354493991052e-08    0.00000000000000000e+00    5.13452587599493304e-02   -5.52736805781929415e-08    0.00000000000000000e+00    4.24076327946904322e-02   -4.85551143915194305e-08    0.00000000000000000e+00    3.33904001394128014e-02   -5.45755023264828328e-08    0.00000000000000000e+00    7.26375025367848176e-02   -6.19020857828058647e-08    0.00000000000000000e+00    5.85742024422170188e-02   -7.72715236685461601e-08    0.00000000000000000e+00    1.06934194456256765e-01   -6.41953769441529517e-08    0.00000000000000000e+00    9.10313876806932293e-02   -8.90911005410812244e-08    0.00000000000000000e+00    5.39976697629182198e-02   -5.65972942384800632e-08    0.00000000000000000e+00    4.22442206557165495e-02   -6.52046446323453260e-08    0.00000000000000000e+00    9.01344769275149310e-02   -6.75313823718700628e-08    0.00000000000000000e+00    7.29682115468020115e-02   -8.78184600131930149e-08    0.00000000000000000e+00    1.27253095510717062e-01   -6.56959922882747916e-08    0.00000000000000000e+00    1.09882768122875965e-01   -9.49653612328999836e-08    0.00000000000000000e+00    6.63010639446792033e-02   -6.36056943400573998e-08    0.00000000000000000e+00    5.17177242911017465e-02   -7.52009118291891470e-08    0.00000000000000000e+00    1.07306821965024904e-01   -7.12421397876389953e-08    0.00000000000000000e+00    8.76505705233138060e-02   -9.63160192957494181e-08    0.00000000000000000e+00    1.45292140887909316e-01   -6.51293824694091387e-08    0.00000000000000000e+00    1.27697639218193437e-01   -9.76653301543257905e-08
65       1.67879999999999653e-06    0.00000000000000000e+00    1.60061446874695118e-02   -2.10001801990491367e-08    0.00000000000000000e+00    1.41363440668763763e-02   -2.18185503984472271e-08    0.00000000000000000e+00    2.83646815160918213e-02   -3.20078504771511653e-08    0.00000000000000000e+00    2.52671839862448691e-02   -3.43776603548940425e-08    0.00000000000000000e+00    4.53656635993865270e-02   -4.11775701990626639e-08    0.00000000000000000e+00    4.12258544695658299e-02   -4.62491807345940853e-08    0.00000000000000000e+00    1.90406377063271105e-02   -2.41681599492426986e-08    0.00000000000000000e+00    1.68010210891229965e-02   -2.52569666386032702e-08    0.00000000000000000e+00    3.33316902635657150e-02   -3.55420775973074475e-08    0.00000000000000000e+00    2.97128842083957644e-02   -3.86011573958327665e-08    0.00000000000000000e+00    5.19074157832955033e-02   -4.35352306206711209e-08    0.00000000000000000e+00    4.74140199896045181e-02   -4.96106546546633762e-08    0.00000000000000000e+00    2.22176271790426143e-02   -2.72423431689825768e-08    0.00000000000000000e+00    1.95883711189551689e-02   -2.86470207817280187e-08    0.00000000000000000e+00    3.83703309188962310e-02   -3.86201941830119040e-08    0.00000000000000000e+00    3.42529374244582990e-02   -4.24345873681034391e-08    0.00000000000000000e+00    5.80602273638467503e-02   -4.51413639341095094e-08    0.00000000000000000e+00    5.33782571056979974e-02   -5.21172194133968086e-08    0.00000000000000000e+00    4.54839814541642892e-02   -4.65800906821770884e-08    0.00000000000000000e+00    3.64451550564403523e-02   -5.24976075409248107e-08    0.00000000000000000e+00    7.71980812239712599e-02   -5.73051093927973557e-08    0.00000000000000000e+00    6.34198367958111048e-02   -7.17739368930823277e-08    0.00000000000000000e+00    1.11340279576626233e-01   -5.81368006394324995e-08    0.00000000000000000e+00    9.67911174763326637e-02   -7.95238509679694029e-08    0.00000000000000000e+00    5.81999089065905889e-02   -5.36565440000529748e-08    0.00000000000000000e+00    4.61921987760362876e-02   -6.22512157657019207e-08    0.00000000000000000e+00    9.57297648053090228e-02   -6.14873987358275015e-08    0.00000000000000000e+00    7.89153571191422570e-02   -8.04958597643094726e-08    0.00000000000000000e+00    1.31887324535397560e-01   -5.88438447934405148e-08    0.00000000000000000e+00    1.16283675596153532e-01   -8.35200087347311473e-08    0.00000000000000000e+00    7.16872866820977284e-02   -5.95341678368114690e-08    0.00000000000000000e+00    5.66073704782327353e-02   -7.12212034481930264e-08    0.00000000000000000e+00    1.13624893872239285e-01   -6.38976847646592837e-08    0.00000000000000000e+00    9.45471958850682276e-02   -8.71408404883588719e-08    0.00000000000000000e+00    1.49668272106661032e-01   -5.79354310147125428e-08    0.00000000000000000e+00    1.34348782584692794e-01   -8.46874856101579948e-08
66       1.74999999999999997e-06    0.00000000000000000e+00    1.62236497762264925e-02   -2.09060539267499897e-08    0.00000000000000000e+00    1.44307360233416719e-02   -2.16886169520291991e-08    0.00000000000000000e+00    2.87168378612749388e-02   -3.17441467013811815e-08    0.00000000000000000e+00    2.57568912201851137e-02   -3.39970251702208012e-08    0.00000000000000000e+00    4.57900581351827624e-02   -4.06752340471763077e-08    0.00000000000000000e+00    4.18997637871396655e-02   -4.54024409502651471e-08    0.00000000000000000e+00    1.93063663614823841e-02   -2.40405257988328624e-08    0.00000000000000000e+00    1.71518760459836647e-02   -2.50848645711680101e-08    0.00000000000000000e+00    3.37488753782180587e-02   -3.51973540166792511e-08    0.00000000000000000e+00    3.02836312884243904e-02   -3.81105510151177998e-08    0.00000000000000000e+00    5.23573385654376930e-02   -4.29474307353630604e-08    0.00000000000000000e+00    4.81527701847875161e-02   -4.85863013207230920e-08    0.00000000000000000e+00    2.25358914349958611e-02   -2.70744580361454057e-08    0.00000000000000000e+00    1.99983832891449075e-02   -2.84259080437558490e-08    0.00000000000000000e+00    3.88489660172724460e-02   -3.81870881160685654e-08    0.00000000000000000e+00    3.49022458639112812e-02   -4.18225988652623677e-08    0.00000000000000000e+00    5.85100437141071669e-02   -4.44927057453005667e-08    0.00000000000000000e+00    5.41602400477058515e-02   -5.09238073947037294e-08    0.00000000000000000e+00    4.66368012060269996e-02   -4.58505223343222346e-08    0.00000000000000000e+00    3.77105826564715294e-02   -5.16483366016591441e-08    0.00000000000000000e+00    7.88693848714175222e-02   -5.56689433956523045e-08    0.00000000000000000e+00    6.53986525655417539e-02   -6.95897493399805682e-08    0.00000000000000000e+00    1.12848119598382549e-01   -5.61466241232801123e-08    0.00000000000000000e+00    9.90434671810587752e-02   -7.59534527910756913e-08    0.00000000000000000e+00    5.98072420366785804e-02   -5.25511748988732970e-08    0.00000000000000000e+00    4.78430774165250483e-02   -6.10348113465449018e-08    0.00000000000000000e+00    9.77753074777381603e-02   -5.93494768801676689e-08    0.00000000000000000e+00    8.13428382595397931e-02   -7.75961714859010329e-08    0.00000000000000000e+00    1.33438018660745422e-01   -5.66407555608055676e-08    0.00000000000000000e+00    1.18757923498812798e-01   -7.93029624378293716e-08    0.00000000000000000e+00    7.37687117213254445e-02   -5.79920405184204143e-08    0.00000000000000000e+00    5.86645786517477896e-02   -6.95744223852281959e-08    0.00000000000000000e+00    1.15904381652212202e-01   -6.13360824594182236e-08    0.00000000000000000e+00    9.73468236010195664e-02   -8.35320527522320535e-08    0.00000000000000000e+00    1.51072570519309363e-01   -5.57028542203547732e-08    0.00000000000000000e+00    1.36873278513291424e-01   -7.99781680869338672e-08
67       1.75006249999999990e-06    6.24999999999252889e-04    1.62238035689088907e-02   -2.09059844614837993e-08    6.24999999999252889e-04    1.44309728550544390e-02   -2.16885114218368663e-08    6.24999999999252889e-04    2.87170870702851827e-02   -3.17439465358238960e-08    6.24999999999252889e-04    2.57572847598183594e-02   -3.39967131554784771e-08    6.24999999999252889e-04    4.57903502905492102e-02   -4.06748537549757006e-08    6.24999999999252889e-04    4.19003012797594665e-02   -4.54017350153730095e-08    6.24999999999252889e-04    1.93065559339772597e-02   -2.40404307981665613e-08    6.24999999999252889e-04    1.71521588192173162e-02   -2.50847245323426817e-08    6.24999999999252889e-04    3.37491729863372489e-02   -3.51970903354940568e-08    6.24999999999252889e-04    3.02840906957016209e-02   -3.81101480599872201e-08    6.24999999999252889e-04    5.23576466307193317e-02   -4.29469894784672469e-08    6.24999999999252889e-04    4.81533586450737169e-02   -4.85854456871625534e-08    6.24999999999252889e-04    2.25361204518175588e-02   -2.70743321112309056e-08    6.24999999999252889e-04    1.99987143508079807e-02   -2.84257278160653415e-08    6.24999999999252889e-04    3.88493093999163971e-02   -3.81867551183683490e-08    6.24999999999252889e-04    3.49027691191582043e-02   -4.18220955004319648e-08    6.24999999999252889e-04    5.85103474530387288e-02   -4.44922284617166989e-08    6.24999999999252889e-04    5.41608611783657781e-02   -5.09228099400123502e-08    1.24999999999850578e-03    4.66376620812138862e-02   -4.58499530235370324e-08    1.24999999999850578e-03    3.77116122416499694e-02   -5.16476370256620150e-08    1.24999999999850578e-03    7.88706413411266044e-02   -5.56675998289648548e-08    1.24999999999850578e-03    6.54002640106261940e-02   -6.95879138599122581e-08    1.24999999999850578e-03    1.12849213474580240e-01   -5.61450763786111363e-08    1.24999999999850578e-03    9.90452786974431731e-02   -7.59502946505488680e-08    1.24999999999850578e-03    5.98084722585686956e-02   -5.25502936188916521e-08    1.24999999999850578e-03    4.78444302661191131e-02   -6.10338035884539345e-08    1.24999999999850578e-03    9.77768619717181015e-02   -5.93476778031122866e-08    1.24999999999850578e-03    8.13448221668681970e-02   -7.75937187201334582e-08    1.24999999999850578e-03    1.33439137159824667e-01   -5.66391045272088460e-08    1.24999999999850578e-03    1.18759910344464467e-01   -7.92991825687028832e-08    1.24999999999850578e-03    7.37703298619739600e-02   -5.79907916625787141e-08    1.24999999999850578e-03    5.86662736425442033e-02   -6.95730520238863560e-08    1.24999999999850578e-03    1.15906116170882006e-01   -6.13338900234117887e-08    1.24999999999850578e-03    9.73491133680327997e-02   -8.35289821561004899e-08    1.24999999999850578e-03    1.51073558854998041e-01   -5.57013096861695912e-08    1.24999999999850578e-03    1.36875294477345810e-01   -7.99739143963025402e-08
68       1.75018749999999996e-06    1.87499999999987611e-03    1.62240379455492086e-02   -2.09058831474253279e-08    1.87499999999987611e-03    1.44314134552614385e-02   -2.16883172590375518e-08    1.87499999999987611e-03    2.87174688830447687e-02   -3.17436612252738625e-08    1.87499999999987611e-03    2.57580180841400219e-02   -3.39961448330757584e-08    1.87499999999987611e-03    4.57907763176387886e-02   -4.06743510439254348e-08    1.87499999999987611e-03    4.19013009223314983e-02   -4.54004850653637412e-08    1.87499999999987611e-03    1.93068500904660864e-02   -2.40402896825196258e-08    1.87499999999987611e-03    1.71526858997066087e-02   -2.50844664123173922e-08    1.87499999999987611e-03    3.37496372917562709e-02   -3.51967075460762814e-08    1.87499999999987611e-03    3.02849487964930407e-02   -3.81094127234165218e-08    1.87499999999987611e-03    5.23580931350137932e-02   -4.29464079087125169e-08    1.87499999999987611e-03    4.81544540983180683e-02   -4.85839341092596920e-08    1.87499999999987611e-03    2.25364819076504345e-02   -2.70741416935949638e-08    1.87499999999987611e-03    1.99993326487883892e-02   -2.84253949494918405e-08    1.87499999999987611e-03    3.88498525152270319e-02   -3.81862648303245607e-08    1.87499999999987611e-03    3.49037485594061656e-02   -4.18211752871150993e-08    1.87499999999987611e-03    5.85107766494352144e-02   -4.44916112553871477e-08    1.87499999999987611e-03    5.41620170961249134e-02   -5.09210541524101327e-08    3.74999999999975223e-03    4.66390604395469713e-02   -4.58490714848503563e-08    3.74999999999975223e-03    3.77135288536811220e-02   -5.16463558094167587e-08    3.74999999999975223e-03    7.88727558240969739e-02   -5.56655459254003371e-08    3.74999999999975223e-03    6.54032982510409089e-02   -6.95845916936258004e-08    3.74999999999975223e-03    1.12850980238515031e-01   -5.61427688845091795e-08    3.74999999999975223e-03    9.90486936352164421e-02   -7.59449530140077257e-08    3.74999999999975223e-03    5.98105684509263533e-02   -5.25488589921438035e-08    3.74999999999975223e-03    4.78469718594454890e-02   -6.10319393274059783e-08    3.74999999999975223e-03    9.77795561130124363e-02   -5.93448867795954693e-08    3.74999999999975223e-03    8.13485889909657672e-02   -7.75892592433102081e-08    3.74999999999975223e-03    1.33440949149435995e-01   -5.66365562554237020e-08    3.74999999999975223e-03    1.18763672269699402e-01   -7.92928571906988320e-08    3.74999999999975223e-03    7.37731745492004737e-02   -5.79886958370312709e-08    3.74999999999975223e-03    5.86694827614570938e-02   -6.95704959152374985e-08    3.74999999999975223e-03    1.15909163100245946e-01   -6.13304966020092317e-08    3.74999999999975223e-03    9.73534852417556329e-02   -8.35233988949544060e-08    3.74999999999975223e-03    1.51075109139407721e-01   -5.56988654637994693e-08    3.74999999999975223e-03    1.36879113153409504e-01   -7.99668793179145485e-08
69       1.75043749999999987e-06    4.37499999999900469e-03    1.62243584258636130e-02   -2.09057446137662045e-08    4.37499999999900469e-03    1.44322276958928492e-02   -2.16879584435435604e-08    4.37499999999900469e-03    2.87179959228050612e-02   -3.17432673959375350e-08    4.37499999999900469e-03    2.57593756908666704e-02   -3.39950927085396629e-08    4.37499999999900469e-03    4.57913065813920148e-02   -4.06737253391216701e-08    4.37499999999900469e-03    4.19031470722299459e-02   -4.53981766932511681e-08    4.37499999999900469e-03    1.93072661920449251e-02   -2.40400900669168050e-08    4.37499999999900469e-03    1.71536621273270934e-02   -2.50839883409296869e-08    4.37499999999900469e-03    3.37503001160934998e-02   -3.51961610945882367e-08    4.37499999999900469e-03    3.02865417650898250e-02   -3.81080476713008130e-08    4.37499999999900469e-03    5.23586410795348969e-02   -4.29456942193735937e-08    4.37499999999900469e-03    4.81564793151406309e-02   -4.85811396415522880e-08    4.37499999999900469e-03    2.25370090312134626e-02   -2.70738640021023832e-08    4.37499999999900469e-03    2.00004804157879676e-02   -2.84247770428769300e-08    4.37499999999900469e-03    3.88506469141907951e-02   -3.81855477055630196e-08    4.37499999999900469e-03    3.49055712251132022e-02   -4.18194628621823702e-08    4.37499999999900469e-03    5.85112721917681738e-02   -4.44908986453913197e-08    4.37499999999900469e-03    5.41641532303477682e-02   -5.09178095255097507e-08    8.74999999999800937e-03    4.66411887747212525e-02   -4.58477297786596579e-08    8.74999999999800937e-03    3.77170679888073276e-02   -5.16439900102622070e-08    8.74999999999800937e-03    7.88761574897746676e-02   -5.56622418063535942e-08    8.74999999999800937e-03    6.54089755832752973e-02   -6.95783758509331765e-08    8.74999999999800937e-03    1.12853638215400565e-01   -5.61392975300609060e-08    8.74999999999800937e-03    9.90550908968714089e-02   -7.59349470270481883e-08    8.74999999999800937e-03    5.98140062191675412e-02   -5.25465062362108160e-08    8.74999999999800937e-03    4.78517157503797613e-02   -6.10284597490504057e-08    8.74999999999800937e-03    9.77840820207182548e-02   -5.93401982713396370e-08    8.74999999999800937e-03    8.13557052153975752e-02   -7.75808348129173768e-08    8.74999999999800937e-03    1.33443688931980609e-01   -5.66327033140768750e-08    8.74999999999800937e-03    1.18770755627746610e-01   -7.92809478109466041e-08    8.74999999999800937e-03    7.37780512204984917e-02   -5.79851030227341749e-08    8.74999999999800937e-03    5.86755263391121953e-02   -6.95656822288465974e-08    8.74999999999800937e-03    1.15914378993381806e-01   -6.13246877626467119e-08    8.74999999999800937e-03    9.73617972973902096e-02   -8.35127841343645308e-08    8.74999999999800937e-03    1.51077322563209743e-01   -5.56953758007810049e-08    8.74999999999800937e-03    1.36886306827223386e-01   -7.99536272820951904e-08
70       1.75093749999999991e-06    9.37499999999938036e-03    1.62240953775000460e-02   -2.09058583204758683e-08    9.37499999999938036e-03    1.44334479111925176e-02   -2.16874207307895031e-08    9.37499999999938036e-03    2.87176040804724038e-02   -3.17435601945748251e-08    9.37499999999938036e-03    2.57614245967261249e-02   -3.39935048694412640e-08    9.37499999999938036e-03    4.57903951053895905e-02   -4.06748008573521125e-08    9.37499999999938036e-03    4.19059011142503199e-02   -4.53947332307747896e-08    9.37499999999938036e-03    1.93070477672979170e-02   -2.40401948501228849e-08    9.37499999999938036e-03    1.71551391458730010e-02   -2.50832650338316164e-08    9.37499999999938036e-03    3.37499999076137785e-02   -3.51964085888961599e-08    9.37499999999938036e-03    3.02889740545042203e-02   -3.81059634301163711e-08    9.37499999999938036e-03    5.23576205387691063e-02   -4.29470234443263507e-08    9.37499999999938036e-03    4.81595136808744412e-02   -4.85769528508640277e-08    9.37499999999938036e-03    2.25368680347226048e-02   -2.70739382781731951e-08    9.37499999999938036e-03    2.00022337352352836e-02   -2.84238331450297124e-08    9.37499999999938036e-03    3.88504490115683665e-02   -3.81857263499910630e-08    9.37499999999938036e-03    3.49083828507521995e-02   -4.18168213519007402e-08    9.37499999999938036e-03    5.85100362524230769e-02   -4.44926759648215664e-08    9.37499999999938036e-03    5.41673472437907283e-02   -5.09129582133186573e-08    1.87499999999987607e-02    4.66412633154379766e-02   -4.58476827704789293e-08    1.87499999999987607e-02    3.77223107457058671e-02   -5.16404854877180012e-08    1.87499999999987607e-02    7.88777502267695163e-02   -5.56606947189749391e-08    1.87499999999987607e-02    6.54178713957669633e-02   -6.95686368191673853e-08    1.87499999999987607e-02    1.12853426155715461e-01   -5.61395743433199053e-08    1.87499999999987607e-02    9.90651553927246464e-02   -7.59192066270748749e-08    1.87499999999987607e-02    5.98161440065425598e-02   -5.25450431694983557e-08    1.87499999999987607e-02    4.78590792231663592e-02   -6.10230589192302788e-08    1.87499999999987607e-02    9.77876926223189419e-02   -5.93364580215317130e-08    1.87499999999987607e-02    8.13673073479179165e-02   -7.75671007543912344e-08    1.87499999999987607e-02    1.33443583247147834e-01   -5.66328517967769973e-08    1.87499999999987607e-02    1.18782140285840832e-01   -7.92618085155394469e-08    1.87499999999987607e-02    7.37826889764243293e-02   -5.79816862889889557e-08    1.87499999999987607e-02    5.86852613484840982e-02   -6.95579286240799095e-08    1.87499999999987607e-02    1.15919266549755873e-01   -6.13192447401846310e-08    1.87499999999987607e-02    9.73756973222849598e-02   -8.34950346697817989e-08    1.87499999999987607e-02    1.51076144875214702e-01   -5.56972323823447434e-08    1.87499999999987607e-02    1.36897891111067649e-01   -7.99322889481197020e-08
71       1.75193749999999999e-06    1.93750000000001317e-02    1.62198144180932952e-02   -2.09077088841677226e-08    1.93750000000001317e-02    1.44341922271015253e-02   -2.16870927348886905e-08    1.93750000000001317e-02    2.87107779748394208e-02   -3.17486611779199420e-08    1.93750000000001317e-02    2.57627389818525301e-02   -3.39924862747460820e-08    1.93750000000001317e-02    4.57802735572355388e-02   -4.06867450698209064e-08    1.93750000000001317e-02    4.19074628047419254e-02   -4.53927806335427904e-08    1.93750000000001317e-02    1.93022400757240295e-02   -2.40425012793371148e-08    1.93750000000001317e-02    1.71561152781450413e-02   -2.50827870182526355e-08    1.93750000000001317e-02    3.37425894103816348e-02   -3.52025182256313059e-08    1.93750000000001317e-02    3.02906837309953741e-02   -3.81044984234157907e-08    1.93750000000001317e-02    5.23466533263767450e-02   -4.29613091677432873e-08    1.93750000000001317e-02    4.81612990757406753e-02   -4.85744894231296401e-08    1.93750000000001317e-02    2.25316053798653056e-02   -2.70767107210687835e-08    1.93750000000001317e-02    2.00034814374094594e-02   -2.84231614519609923e-08    1.93750000000001317e-02    3.88425530384679946e-02   -3.81928544719096858e-08    1.93750000000001317e-02    3.49105089543386912e-02   -4.18148239240438402e-08    1.93750000000001317e-02    5.84981551510793257e-02   -4.45097628262001353e-08    1.93750000000001317e-02    5.41691810915399599e-02   -5.09101728702184286e-08    3.87500000000002634e-02    4.66229932252508958e-02   -4.58592007187148853e-08    3.87500000000002634e-02    3.77247641839489681e-02   -5.16388454940590288e-08    3.87500000000002634e-02    7.88575745822754498e-02   -5.56802924269151074e-08    3.87500000000002634e-02    6.54246971685522039e-02   -6.95611643983972973e-08    3.87500000000002634e-02    1.12828043151966761e-01   -5.61727288380632609e-08    3.87500000000002634e-02    9.90729771188688796e-02   -7.59069747820653525e-08    3.87500000000002634e-02    5.97993636207857782e-02   -5.25565274928461569e-08    3.87500000000002634e-02    4.78644341877022747e-02   -6.10191313507750021e-08    3.87500000000002634e-02    9.77703950466320970e-02   -5.93543767626616141e-08    3.87500000000002634e-02    8.13787032810454336e-02   -7.75536117959551657e-08    3.87500000000002634e-02    1.33418118880974323e-01   -5.66686660904010228e-08    3.87500000000002634e-02    1.18792337394728179e-01   -7.92446673720156551e-08    3.87500000000002634e-02    7.37690685522078282e-02   -5.79917206451510062e-08    3.87500000000002634e-02    5.86942784686128663e-02   -6.95507470726257106e-08    3.87500000000002634e-02    1.15903997615390955e-01   -6.13362487351104874e-08    3.87500000000002634e-02    9.73912188304875553e-02   -8.34752164818092156e-08    3.87500000000002634e-02    1.51048439273404056e-01   -5.57409184374341610e-08    3.87500000000002634e-02    1.36908380443684086e-01   -7.99129693157858362e-08
72       1.75393749999999993e-06    3.93749999999995215e-02    1.61952275973463941e-02   -2.09183387729451171e-08    3.93749999999995215e-02    1.44284352737919508e-02   -2.16896296624970840e-08    3.93749999999995215e-02    2.86710155734645825e-02   -3.17783827096366836e-08    3.93749999999995215e-02    2.57533447670852643e-02   -3.39997665283155637e-08    3.93749999999995215e-02    4.57236364609067206e-02   -4.07536127711213293e-08    3.93749999999995215e-02    4.18932951117283320e-02   -4.54104952476861087e-08    3.93749999999995215e-02    1.92739106896288107e-02   -2.40560939704526526e-08    3.93749999999995215e-02    1.71495948985780668e-02   -2.50859800999570948e-08    3.93749999999995215e-02    3.36981989596606135e-02   -3.52391262340686041e-08    3.93749999999995215e-02    3.02804166798880670e-02   -3.81132962869872367e-08    3.93749999999995215e-02    5.22853828949729343e-02   -4.30411566629363231e-08    3.93749999999995215e-02    4.81460115364444052e-02   -4.85955833434938399e-08    3.93749999999995215e-02    2.24996837317612275e-02   -2.70935300210164326e-08    3.93749999999995215e-02    1.99962726339868342e-02   -2.84270422961395040e-08    3.93749999999995215e-02    3.87940446012454490e-02   -3.82366574623012918e-08    3.93749999999995215e-02    3.48995259000783181e-02   -4.18251423632006318e-08    3.93749999999995215e-02    5.84327643213609152e-02   -4.46038484079986759e-08    3.93749999999995215e-02    5.41527146483176611e-02   -5.09351837774604680e-08    7.87499999999990430e-02    4.65004647275873498e-02   -4.59364795670097567e-08    7.87499999999990430e-02    3.76926570417304846e-02   -5.16603081372741361e-08    7.87499999999990430e-02    7.87035056192318533e-02   -5.58300582900757266e-08    7.87499999999990430e-02    6.53856462229226165e-02   -6.96039157985967729e-08    7.87499999999990430e-02    1.12653461515381539e-01   -5.64010479168328512e-08    7.87499999999990430e-02    9.90278343970929092e-02   -7.59775724912808197e-08    7.87499999999990430e-02    5.96654759195146822e-02   -5.26481962475141501e-08    7.87499999999990430e-02    4.78311986901442943e-02   -6.10435081488124152e-08    7.87499999999990430e-02    9.76148518066782822e-02   -5.95156131994262584e-08    7.87499999999990430e-02    8.13438153769743266e-02   -7.75949057143913204e-08    7.87499999999990430e-02    1.33241390884783234e-01   -5.69175187214490953e-08    7.87499999999990430e-02    1.18750215162608447e-01   -7.93154727768905963e-08    7.87499999999990430e-02    7.36308688389895466e-02   -5.80935714310148952e-08    7.87499999999990430e-02    5.86624936497955399e-02   -6.95760613293827873e-08    7.87499999999990430e-02    1.15749070890618533e-01   -6.15088833338086411e-08    7.87499999999990430e-02    9.73616504609357003e-02   -8.35129662414288982e-08    7.87499999999990430e-02    1.50866570138796785e-01   -5.60280054929791132e-08    7.87499999999990430e-02    1.36866128639949847e-01   -7.99907886198900940e-08
73       1.75793749999999980e-06    7.93749999999982941e-02    1.60760271406131562e-02   -2.09699152906981187e-08    7.93749999999982941e-02    1.43851105674409566e-02   -2.17087269306847347e-08    7.93749999999982941e-02    2.84745568705058807e-02   -3.19254544622141818e-08    7.93749999999982941e-02    2.56806330528542674e-02   -3.40561458320861647e-08    7.93749999999982941e-02    4.54421555544073860e-02   -4.10868169987615060e-08    7.93749999999982941e-02    4.17851019005224394e-02   -4.55459027008917967e-08    7.93749999999982941e-02    1.91349632137145162e-02   -2.41228176205302242e-08    7.93749999999982941e-02    1.70991624252847529e-02   -2.51106843511619374e-08    7.93749999999982941e-02    3.34756697556826271e-02   -3.54229284235482465e-08    7.93749999999982941e-02    3.01979681069506831e-02   -3.81839848775282124e-08    7.93749999999982941e-02    5.19790331628770461e-02   -4.34414495258670902e-08    7.93749999999982941e-02    4.80274187591799157e-02   -4.87593746539963423e-08    7.93749999999982941e-02    2.23411388803687223e-02   -2.71771370480046954e-08    7.93749999999982941e-02    1.99387933891759656e-02   -2.84579951276160460e-08    7.93749999999982941e-02    3.85475919313361046e-02   -3.84595526275559418e-08    7.93749999999982941e-02    3.48080416430153472e-02   -4.19111372719938181e-08    7.93749999999982941e-02    5.81056513579970707e-02   -4.50757267619358399e-08    7.93749999999982941e-02    5.40249286788949262e-02   -5.11294602535319117e-08    1.58749999999996588e-01    4.58493750974532724e-02   -4.63482441782025080e-08    1.58749999999996588e-01    3.74569270958135456e-02   -5.18180274344582333e-08    1.58749999999996588e-01    7.78039701494742525e-02   -5.67090203437031215e-08    1.58749999999996588e-01    6.50414393916955574e-02   -6.99813793726595515e-08    1.58749999999996588e-01    1.11620572356037714e-01   -5.77637832640372565e-08    1.58749999999996588e-01    9.86068561476960148e-02   -7.66379099710860594e-08    1.58749999999996588e-01    5.89030095838989701e-02   -5.31717079836025547e-08    1.58749999999996588e-01    4.75543068223180238e-02   -6.12467820858417822e-08    1.58749999999996588e-01    9.66492619135430331e-02   -6.05216841778726005e-08    1.58749999999996588e-01    8.09705372183820438e-02   -7.80374575037552853e-08    1.58749999999996588e-01    1.32181460714559440e-01   -5.84226183705903780e-08    1.58749999999996588e-01    1.18317674032339906e-01   -8.00446331569519545e-08    1.58749999999996588e-01    7.27843900152794071e-02   -5.87191567569562886e-08    1.58749999999996588e-01    5.83521361295435068e-02   -6.98234619889283771e-08    1.58749999999996588e-01    1.14749522872616430e-01   -6.26280653237974893e-08    1.58749999999996588e-01    9.69734491686372047e-02   -8.40093566872783271e-08    1.58749999999996588e-01    1.49787776278765189e-01   -5.77440452331841356e-08    1.58749999999996588e-01    1.36425159696201115e-01   -8.08051077077901860e-08
74       1.75999999999999988e-06    9.99999999999990480e-02    1.59764388893198009e-02   -2.10130563786408986e-08    9.99999999999990480e-02    1.43453491483442885e-02   -2.17262611383568424e-08    9.99999999999990480e-02    2.83084224799966880e-02   -3.20501037940421977e-08    9.99999999999990480e-02    2.56131483052929147e-02   -3.41085159159602852e-08    9.99999999999990480e-02    4.52014313515948021e-02   -4.13728936302036548e-08    9.99999999999990480e-02    4.16838994985356051e-02   -4.56727510803058154e-08    9.99999999999990480e-02    1.90183118008221304e-02   -2.41789029184189281e-08    9.99999999999990480e-02    1.70526031512175137e-02   -2.51335015999658195e-08    9.99999999999990480e-02    3.32862043680400219e-02   -3.55797828730220902e-08    9.99999999999990480e-02    3.01207969083363662e-02   -3.82502056308243638e-08    9.99999999999990480e-02    5.17156814816426419e-02   -4.37869183298137655e-08    9.99999999999990480e-02    4.79157964539716139e-02   -4.89137729346222062e-08    9.99999999999990480e-02    2.22073417312138102e-02   -2.72477818087981082e-08    9.99999999999990480e-02    1.98853900807092476e-02   -2.84867662682272471e-08    9.99999999999990480e-02    3.83363897877827264e-02   -3.86510128513178987e-08    9.99999999999990480e-02    3.47217009664210624e-02   -4.19923674910909334e-08    9.99999999999990480e-02    5.78235376356863104e-02   -4.54842684806722236e-08    9.99999999999990480e-02    5.39042354547995609e-02   -5.13132289828294787e-08    1.99999999999998096e-01    4.52911174995375282e-02   -4.67027350601042830e-08    1.99999999999998096e-01    3.72419508984268011e-02   -5.19620616985866996e-08    1.99999999999998096e-01    7.69920867478457727e-02   -5.75086981516635309e-08    1.99999999999998096e-01    6.47103587106736822e-02   -7.03454427559872427e-08    1.99999999999998096e-01    1.10662368754640833e-01   -5.90454754557550964e-08    1.99999999999998096e-01    9.81867653793933037e-02   -7.73001351704627046e-08    1.99999999999998096e-01    5.82304245922110747e-02   -5.36354892089769021e-08    1.99999999999998096e-01    4.72944709953583148e-02   -6.14378114032859651e-08    1.99999999999998096e-01    9.57523248650222480e-02   -6.14637728959270709e-08    1.99999999999998096e-01    8.05971561722515495e-02   -7.84813410929161850e-08    1.99999999999998096e-01    1.31186438918144077e-01   -5.98544076550675760e-08    1.99999999999998096e-01    1.17875544428980836e-01   -8.07935384296443140e-08    1.99999999999998096e-01    7.20156908535214829e-02   -5.92897263085939506e-08    1.99999999999998096e-01    5.80515940610187228e-02   -7.00633881949439989e-08    1.99999999999998096e-01    1.13802948649384880e-01   -6.36961106661495167e-08    1.99999999999998096e-01    9.65716630696122624e-02   -8.45244588714226291e-08    1.99999999999998096e-01    1.48773331517735641e-01   -5.93773956623698251e-08    1.99999999999998096e-01    1.35970395771359082e-01   -8.16486456524197704e-08
75       1.76039999999999991e-06    1.00000000000000006e-01    1.59545985814647032e-02   -2.10225228166639761e-08    1.00000000000000006e-01    1.43364612434374247e-02   -2.17301814513537960e-08    1.00000000000000006e-01    2.82718227906886103e-02   -3.20775939914181673e-08    1.00000000000000006e-01    2.55980043874932638e-02   -3.41202730927200858e-08    1.00000000000000006e-01    4.51481196993753775e-02   -4.14363695776814759e-08    1.00000000000000006e-01    4.16610911161056502e-02   -4.57013615556886190e-08    1.00000000000000006e-01    1.89926910961737035e-02   -2.41912284514395049e-08    1.00000000000000006e-01    1.70421801473061227e-02   -2.51386107773622199e-08    1.00000000000000006e-01    3.32443693584409533e-02   -3.56144560301899850e-08    1.00000000000000006e-01    3.01034392934721624e-02   -3.82651068659813915e-08    1.00000000000000006e-01    5.16572308720757226e-02   -4.38637416764503866e-08    1.00000000000000006e-01    4.78905833299425668e-02   -4.89486756456636450e-08    1.00000000000000006e-01    2.21779080737956880e-02   -2.72633321428436269e-08    1.00000000000000006e-01    1.98734157612509496e-02   -2.84932189931716996e-08    1.00000000000000006e-01    3.82896505720981689e-02   -3.86934312702822540e-08    1.00000000000000006e-01    3.47022361359861573e-02   -4.20106884654872916e-08    1.00000000000000006e-01    5.77608190087257611e-02   -4.55752650484130991e-08    1.00000000000000006e-01    5.38769279015083383e-02   -5.13548400660488905e-08    2.00000000000000011e-01    4.51685818515152812e-02   -4.67806989918917974e-08    2.00000000000000011e-01    3.71941876001476990e-02   -5.19940860509400882e-08    2.00000000000000011e-01    7.68104557415191375e-02   -5.76883104854205197e-08    2.00000000000000011e-01    6.46355832349865822e-02   -7.04277852856663759e-08    2.00000000000000011e-01    1.10444944367776993e-01   -5.93383066628574086e-08    2.00000000000000011e-01    9.80903695009352483e-02   -7.74524910490976613e-08    2.00000000000000011e-01    5.80814487341478058e-02   -5.37384335674841790e-08    2.00000000000000011e-01    4.72363144175957927e-02   -6.14805999464838740e-08    2.00000000000000011e-01    9.55494559330111459e-02   -6.16777182919528952e-08    2.00000000000000011e-01    8.05118619854197776e-02   -7.85828882800149049e-08    2.00000000000000011e-01    1.30959361486089165e-01   -6.01833437040633848e-08    2.00000000000000011e-01    1.17773237569657241e-01   -8.09672752318453498e-08    2.00000000000000011e-01    7.18437626786106176e-02   -5.94176181068022590e-08    2.00000000000000011e-01    5.79837675659847854e-02   -7.01175766515468653e-08    2.00000000000000011e-01    1.13587154964688089e-01   -6.39405472882975644e-08    2.00000000000000011e-01    9.64789402405802216e-02   -8.46435001547091512e-08    2.00000000000000011e-01    1.48541361665059851e-01   -5.97531673281419561e-08    2.00000000000000011e-01    1.35864733014750494e-01   -8.18451053560632958e-08
76       1.76119999999999997e-06    1.00000000000000006e-01    1.59111336244356048e-02   -2.10413718996197822e-08    1.00000000000000006e-01    1.43187305476732279e-02   -2.17380037725429311e-08    1.00000000000000006e-01    2.81989596478635120e-02   -3.21323761976746004e-08    1.00000000000000006e-01    2.55677895761291622e-02   -3.41437400344820704e-08    1.00000000000000006e-01    4.50419495221473995e-02   -4.15630043195918384e-08    1.00000000000000006e-01    4.16155783191040005e-02   -4.57584931147707808e-08    1.00000000000000006e-01    1.89416955812500079e-02   -2.42157744059981290e-08    1.00000000000000006e-01    1.70213858495370449e-02   -2.51488059498721635e-08    1.00000000000000006e-01    3.31610668537135750e-02   -3.56835689317957444e-08    1.00000000000000006e-01    3.00688047972593950e-02   -3.82948522137004558e-08    1.00000000000000006e-01    5.15408083141026263e-02   -4.40170316210536986e-08    1.00000000000000006e-01    4.78402682931210535e-02   -4.90183780278222702e-08    1.00000000000000006e-01    2.21193146301558209e-02   -2.72943052249460343e-08    1.00000000000000006e-01    1.98495250660170146e-02   -2.85060960220802578e-08    1.00000000000000006e-01    3.81965649381304159e-02   -3.87780001014499483e-08    1.00000000000000006e-01    3.46633937845713183e-02   -4.20472634486072972e-08    1.00000000000000006e-01    5.76358849374464383e-02   -4.57568457977150669e-08    1.00000000000000006e-01    5.38224307543508015e-02   -5.14379427585124275e-08    2.00000000000000011e-01    4.49250844798871063e-02   -4.69359034927889421e-08    2.00000000000000011e-01    3.70989989631416786e-02   -5.20579493901655529e-08    2.00000000000000011e-01    7.64489248669241450e-02   -5.80471482174842700e-08    2.00000000000000011e-01    6.44864637689493148e-02   -7.05922132934716040e-08    2.00000000000000011e-01    1.10011633179011234e-01   -5.99257354069902603e-08    2.00000000000000011e-01    9.78980083780877780e-02   -7.77572837495550923e-08    2.00000000000000011e-01    5.77851581607234308e-02   -5.39435723756120744e-08    2.00000000000000011e-01    4.71203759285963239e-02   -6.15659600333525020e-08    2.00000000000000011e-01    9.51452441555003664e-02   -6.21056350958187888e-08    2.00000000000000011e-01    8.03416872384959402e-02   -7.87857678573060838e-08    2.00000000000000011e-01    1.30506583390390257e-01   -6.08434352738562610e-08    2.00000000000000011e-01    1.17569013892249358e-01   -8.13149435315630986e-08    2.00000000000000011e-01    7.15015229999090285e-02   -5.96727132816139825e-08    2.00000000000000011e-01    5.78485053248811026e-02   -7.02257181808609026e-08    2.00000000000000011e-01    1.13156890056528930e-01   -6.44297435892793881e-08    2.00000000000000011e-01    9.62938723278492226e-02   -8.48814178950244392e-08    2.00000000000000011e-01    1.48078798377131698e-01   -6.05068939701833812e-08    2.00000000000000011e-01    1.35653784334784699e-01   -8.22382321003973787e-08
77       1.76279999999999988e-06    1.00000000000000006e-01    1.58246333036911047e-02   -2.10789079120998939e-08    1.00000000000000006e-01    1.42833591893880198e-02   -2.17536127269158663e-08    1.00000000000000006e-01    2.80539039284460889e-02   -3.22415719976379107e-08    1.00000000000000006e-01    2.55075057536542707e-02   -3.41905841321847437e-08    1.00000000000000006e-01    4.48305142002466128e-02   -4.18157485016598169e-08    1.00000000000000006e-01    4.15247604375999294e-02   -4.58725989405089696e-08    1.00000000000000006e-01    1.88401945317702400e-02   -2.42646633519505749e-08    1.00000000000000006e-01    1.69799004640566568e-02   -2.51691511689375156e-08    1.00000000000000006e-01    3.29951951453801573e-02   -3.58213638742880523e-08    1.00000000000000006e-01    2.99996970294835880e-02   -3.83542352335802202e-08    1.00000000000000006e-01    5.13089196024843763e-02   -4.43230308192539481e-08    1.00000000000000006e-01    4.77398604439489352e-02   -4.91576032470276019e-08    1.00000000000000006e-01    2.20026736542557229e-02   -2.73560054894686313e-08    1.00000000000000006e-01    1.98018593431226152e-02   -2.85317948280888378e-08    1.00000000000000006e-01    3.80111777672158327e-02   -3.89466460743038983e-08    1.00000000000000006e-01    3.45858834711696358e-02   -4.21202876398132567e-08    1.00000000000000006e-01    5.73870223874461335e-02   -4.61193367555893205e-08    1.00000000000000006e-01    5.37136721946621237e-02   -5.16039404620947587e-08    2.00000000000000011e-01    4.44412303092541830e-02   -4.72450024697577736e-08    2.00000000000000011e-01    3.69092962117031007e-02   -5.21853276375697020e-08    2.00000000000000011e-01    7.57293374343225301e-02   -5.87646679206136937e-08    2.00000000000000011e-01    6.41890878987635277e-02   -7.09206665244979248e-08    2.00000000000000011e-01    1.09148111444028487e-01   -6.11059313581875414e-08    2.00000000000000011e-01    9.75141495903384115e-02   -7.83674098078376136e-08    2.00000000000000011e-01    5.71958995660571609e-02   -5.43525399084822286e-08    2.00000000000000011e-01    4.68892473408176400e-02   -6.17362773043747946e-08    2.00000000000000011e-01    9.43398915353662049e-02   -6.29622819905214057e-08    2.00000000000000011e-01    8.00021660612694752e-02   -7.91912374949091323e-08    2.00000000000000011e-01    1.29603803165721621e-01   -6.21700469308410621e-08    2.00000000000000011e-01    1.17161348842723709e-01   -8.20110944690754666e-08    2.00000000000000011e-01    7.08202854500495083e-02   -6.01817669510720858e-08    2.00000000000000011e-01    5.75787620513151244e-02   -7.04415704693470888e-08    2.00000000000000011e-01    1.12299023817729493e-01   -6.54096334717808413e-08    2.00000000000000011e-01    9.59244935538852428e-02   -8.53570842156953269e-08    2.00000000000000011e-01    1.47156442450742747e-01   -6.20207904903352128e-08    2.00000000000000011e-01    1.35232642426410338e-01   -8.30253491708272087e-08
78       1.76599999999999991e-06    1.00000000000000006e-01    1.56541883056037466e-02   -2.11529736588419486e-08    1.00000000000000006e-01    1.42131542295725055e-02   -2.17846106985228733e-08    1.00000000000000006e-01    2.77677890805776983e-02   -3.24575328186952961e-08    1.00000000000000006e-01    2.53878095929316108e-02   -3.42836962227684146e-08    1.00000000000000006e-01    4.44130500649971560e-02   -4.23171420223098022e-08    1.00000000000000006e-01    4.13443674342383882e-02   -4.60996954636290701e-08    1.00000000000000006e-01    1.86401088791208550e-02   -2.43611764842393611e-08    1.00000000000000006e-01    1.68975462871296528e-02   -2.52095628129509237e-08    1.00000000000000006e-01    3.26678257388188370e-02   -3.60940775130475387e-08    1.00000000000000006e-01    2.98624454951935160e-02   -3.84723056891633270e-08    1.00000000000000006e-01    5.08508592708934379e-02   -4.49303861637714810e-08    1.00000000000000006e-01    4.75403747378918967e-02   -4.94347632436707982e-08    1.00000000000000006e-01    2.17726428822230880e-02   -2.74778680016490281e-08    1.00000000000000006e-01    1.97072190720378529e-02   -2.85828503623170863e-08    1.00000000000000006e-01    3.76450839066322512e-02   -3.92806223802461708e-08    1.00000000000000006e-01    3.44319058903864161e-02   -4.22655191318459506e-08    1.00000000000000006e-01    5.68953103510160887e-02   -4.68389425579171780e-08    1.00000000000000006e-01    5.34975661833608160e-02   -5.19344372544760314e-08    2.00000000000000011e-01    4.34922324702682814e-02   -4.78541635361846292e-08    2.00000000000000011e-01    3.65339177609140600e-02   -5.24378260262990167e-08    2.00000000000000011e-01    7.43110520142668124e-02   -6.01928739209838379e-08    2.00000000000000011e-01    6.35995067985281465e-02   -7.15742200767189043e-08    2.00000000000000011e-01    1.07439853054379655e-01   -6.34815901135731229e-08    2.00000000000000011e-01    9.67516251134574318e-02   -7.95876421232909885e-08    2.00000000000000011e-01    5.60372540297988664e-02   -5.51608742350621576e-08    2.00000000000000011e-01    4.64314642019906243e-02   -6.20742502074542878e-08    2.00000000000000011e-01    9.27477326714123002e-02   -6.46732059955307421e-08    2.00000000000000011e-01    7.93280959296646521e-02   -7.99992439080218294e-08    2.00000000000000011e-01    1.27815063764170955e-01   -6.48435923966121500e-08    2.00000000000000011e-01    1.16350726802621166e-01   -8.34046281134900522e-08    2.00000000000000011e-01    6.94772792305495546e-02   -6.11907646830321214e-08    2.00000000000000011e-01    5.70439525960143440e-02   -7.08703650370701315e-08    2.00000000000000011e-01    1.10599406494566233e-01   -6.73703974607348610e-08    2.00000000000000011e-01    9.51902866070681031e-02   -8.63060252078895893e-08    2.00000000000000011e-01    1.45328480341012090e-01   -6.50681790480083963e-08    2.00000000000000011e-01    1.34394902273515415e-01   -8.46009074614375806e-08
79       1.77239999999999975e-06    1.00000000000000006e-01    1.53233041602778928e-02   -2.12971462004234228e-08    1.00000000000000006e-01    1.40748710745713275e-02   -2.18457351539653880e-08    1.00000000000000006e-01    2.72112776404836339e-02   -3.28797871847338911e-08    1.00000000000000006e-01    2.51518701200369593e-02   -3.44676281896096969e-08    1.00000000000000006e-01    4.35995052088129220e-02   -4.33032954346590850e-08    1.00000000000000006e-01    4.09885171154213621e-02   -4.65494168549454086e-08    1.00000000000000006e-01    1.82513710259477151e-02   -2.45492185082165857e-08    1.00000000000000006e-01    1.67352778006236505e-02   -2.52892806668753480e-08    1.00000000000000006e-01    3.20303235727250057e-02   -3.66280309275549152e-08    1.00000000000000006e-01    2.95917649882850992e-02   -3.87056758009992559e-08    1.00000000000000006e-01    4.99573865553373658e-02   -4.61261675597812604e-08    1.00000000000000006e-01    4.71466894694141450e-02   -4.99839012395719642e-08    1.00000000000000006e-01    2.13253445986645446e-02   -2.77155217348179705e-08    1.00000000000000006e-01    1.95206750559703476e-02   -2.86836041788838361e-08    1.00000000000000006e-01    3.69313743923770504e-02   -3.99353130140597514e-08    1.00000000000000006e-01    3.41280899674613128e-02   -4.25527247666044511e-08    1.00000000000000006e-01    5.59357258208598371e-02   -4.82562123872685326e-08    1.00000000000000006e-01    5.30709652628381448e-02   -5.25894088889331522e-08    2.00000000000000011e-01    4.16677068397361614e-02   -4.90361451265989205e-08    2.00000000000000011e-01    3.57990677173236418e-02   -5.29338360944948468e-08    2.00000000000000011e-01    7.15583519499326942e-02   -6.30176680360480172e-08    2.00000000000000011e-01    6.24409439737064129e-02   -7.28676112466117032e-08    2.00000000000000011e-01    1.04100191574003645e-01   -6.82836217663826319e-08    2.00000000000000011e-01    9.52474643259430265e-02   -8.20267999400415681e-08    2.00000000000000011e-01    5.37987321505295421e-02   -5.67382700329036847e-08    2.00000000000000011e-01    4.55336286464153722e-02   -6.27395539971099250e-08    2.00000000000000011e-01    8.96387152369217260e-02   -6.80803377517593329e-08    2.00000000000000011e-01    7.79998614488482261e-02   -8.16030702678443732e-08    2.00000000000000011e-01    1.24306464572980474e-01   -7.02619382242922044e-08    2.00000000000000011e-01    1.14748452083810432e-01   -8.61953641736272442e-08    2.00000000000000011e-01    6.68692246700704485e-02   -6.31707219263935526e-08    2.00000000000000011e-01    5.59929364094505985e-02   -7.17162595454510006e-08    2.00000000000000011e-01    1.07265922498659724e-01   -7.12905679945585619e-08    2.00000000000000011e-01    9.37401531597205906e-02   -8.81938084553696312e-08    2.00000000000000011e-01    1.41740763667434627e-01   -7.12312087858661152e-08    2.00000000000000011e-01    1.32737702400933716e-01   -8.77560855071817418e-08
80       1.78519999999999965e-06    1.00000000000000006e-01    1.46998699601976774e-02   -2.15701828472036598e-08    1.00000000000000006e-01    1.38066206811697616e-02   -2.19645637036516550e-08    1.00000000000000006e-01    2.61589870080734185e-02   -3.36861479569342597e-08    1.00000000000000006e-01    2.46935394849331635e-02   -3.48264235941080914e-08    1.00000000000000006e-01    4.20559146545111465e-02   -4.52073614865261379e-08    1.00000000000000006e-01    4.02962731562396814e-02   -4.74309010501778029e-08    1.00000000000000006e-01    1.75178083222469715e-02   -2.49059679937699581e-08    1.00000000000000006e-01    1.64202910177161689e-02   -2.54443722519778647e-08    1.00000000000000006e-01    3.08221710833099377e-02   -3.76503988225967854e-08    1.00000000000000006e-01    2.90654272271137389e-02   -3.91614294107584536e-08    1.00000000000000006e-01    4.82591522296978853e-02   -4.84395508141490085e-08    1.00000000000000006e-01    4.63801881621873566e-02   -5.10613088459583821e-08    1.00000000000000006e-01    2.04798974139287389e-02   -2.81672024034183620e-08    1.00000000000000006e-01    1.91583102053072829e-02   -2.88797712303368500e-08    1.00000000000000006e-01    3.55758764781544320e-02   -4.11917913506805989e-08    1.00000000000000006e-01    3.35367509614605680e-02   -4.31141943103869124e-08    1.00000000000000006e-01    5.41100828282674307e-02   -5.09999461279750939e-08    1.00000000000000006e-01    5.22399354969041996e-02   -5.38750699829207653e-08    2.00000000000000011e-01    3.83009297820457034e-02   -5.12543838131518377e-08    2.00000000000000011e-01    3.43913779138298181e-02   -5.38903176802478453e-08    2.00000000000000011e-01    6.63888050916124767e-02   -6.85098565933323551e-08    2.00000000000000011e-01    6.02054493108661673e-02   -7.53973123880139515e-08    2.00000000000000011e-01    9.77401028248533477e-02   -7.80076862493245238e-08    2.00000000000000011e-01    9.23234810357331792e-02   -8.68903044476004759e-08    2.00000000000000011e-01    4.96297094644170822e-02   -5.97306949688826691e-08    2.00000000000000011e-01    4.38075181626884427e-02   -6.40277012775697024e-08    2.00000000000000011e-01    8.37290502182990171e-02   -7.47960743154498072e-08    2.00000000000000011e-01    7.54230382204531397e-02   -8.47585463856719736e-08    2.00000000000000011e-01    1.17576396511222592e-01   -8.13021662882037832e-08    2.00000000000000011e-01    1.11620781842830044e-01   -9.17815789025552145e-08    2.00000000000000011e-01    6.19639114057360593e-02   -6.69675349982631211e-08    2.00000000000000011e-01    5.39644008845888493e-02   -7.33609292938057770e-08    2.00000000000000011e-01    1.00871311697098551e-01   -7.90841724717892888e-08    2.00000000000000011e-01    9.09135432008897071e-02   -9.19248824266971284e-08    2.00000000000000011e-01    1.34846877927212283e-01   -8.37490575534157252e-08    2.00000000000000011e-01    1.29497201473823292e-01   -9.40729413173244517e-08
81       1.81079999999999946e-06    1.00000000000000006e-01    1.35935480143398943e-02   -2.20591908786156495e-08    1.00000000000000006e-01    1.33019015376723022e-02   -2.21890562693142801e-08    1.00000000000000006e-01    2.42804302445287050e-02   -3.51515124232186879e-08    1.00000000000000006e-01    2.38289962103690259e-02   -3.55085848330621747e-08    1.00000000000000006e-01    3.92853063659288418e-02   -4.87340238757499273e-08    1.00000000000000006e-01    3.89872809855816918e-02   -4.91217363929176367e-08    1.00000000000000006e-01    1.62124154703727104e-02   -2.55469772605366669e-08    1.00000000000000006e-01    1.58268890816201484e-02   -2.57377945418750566e-08    1.00000000000000006e-01    2.86564023154851702e-02   -3.95174000682571418e-08    1.00000000000000006e-01    2.80707223908441411e-02   -4.00298297564979798e-08    1.00000000000000006e-01    4.52009658529899730e-02   -5.27401589250886730e-08    1.00000000000000006e-01    4.49283946032167023e-02   -5.31318746700323916e-08    1.00000000000000006e-01    1.89708914179140924e-02   -2.89814656871835224e-08    1.00000000000000006e-01    1.84747303833140385e-02   -2.92514492391742375e-08    1.00000000000000006e-01    3.31361895468453363e-02   -4.34963744807567579e-08    1.00000000000000006e-01    3.24171284056188891e-02   -4.41861613976935140e-08    1.00000000000000006e-01    5.08165205020706182e-02   -5.61072034587353584e-08    1.00000000000000006e-01    5.06643056978839934e-02   -5.63481228514297383e-08    2.00000000000000011e-01    3.25978368678795233e-02   -5.51209997772920701e-08    2.00000000000000011e-01    3.18110973697929220e-02   -5.56650121167939582e-08    2.00000000000000011e-01    5.73659532539436134e-02   -7.86750010861724453e-08    2.00000000000000011e-01    5.60534103977235951e-02   -8.02141364285920239e-08    2.00000000000000011e-01    8.63578867283566892e-02   -9.73121653603633724e-08    2.00000000000000011e-01    8.68169060842523266e-02   -9.64863146451725638e-08    2.00000000000000011e-01    4.24511840314034106e-02   -6.50483007325733760e-08    2.00000000000000011e-01    4.06221543988441319e-02   -6.64360859757280668e-08    2.00000000000000011e-01    7.31718401291496512e-02   -8.75626640513832421e-08    2.00000000000000011e-01    7.05864385585851101e-02   -9.08368788945739971e-08    2.00000000000000011e-01    1.05335949584499808e-01   -1.03559505302834965e-07    2.00000000000000011e-01    1.05679385311243948e-01   -1.02896729990637703e-07    2.00000000000000011e-01    5.33645277152013028e-02   -7.38503627029605499e-08    2.00000000000000011e-01    5.01930422130220585e-02   -7.64605423302235288e-08    2.00000000000000011e-01    8.92277039527036575e-02   -9.41824219286314901e-08    2.00000000000000011e-01    8.55577860331183798e-02   -9.91791277226772097e-08    2.00000000000000011e-01    1.22238433421673162e-01   -1.08925619090435524e-07    2.00000000000000011e-01    1.23316872646094144e-01   -1.06657681294637653e-07
82       1.83639999999999927e-06    1.00000000000000006e-01    1.26553789754698873e-02   -2.24783630950508687e-08    1.00000000000000006e-01    1.28372653167005257e-02   -2.23967749917534689e-08    1.00000000000000006e-01    2.26766163214299210e-02   -3.64287720305374849e-08    1.00000000000000006e-01    2.30306678130109965e-02   -3.61447330308795138e-08    1.00000000000000006e-01    3.69069911080780397e-02   -5.18736774650775131e-08    1.00000000000000006e-01    3.77751307981188875e-02   -5.07155564425972405e-08    1.00000000000000006e-01    1.51014982252460246e-02   -2.60986900970688687e-08    1.00000000000000006e-01    1.52797173346926191e-02   -2.60097983537919915e-08    1.00000000000000006e-01    2.67975409490266298e-02   -4.11548625793902519e-08    1.00000000000000006e-01    2.71499316120993595e-02   -4.08419605816340229e-08    1.00000000000000006e-01    4.25647090400843101e-02   -5.65868988613519893e-08    1.00000000000000006e-01    4.35811185637378778e-02   -5.50884492242564239e-08    1.00000000000000006e-01    1.76817685494088869e-02   -2.96852492248631938e-08    1.00000000000000006e-01    1.78432945946831699e-02   -2.95966545820298645e-08    1.00000000000000006e-01    3.10313207345263922e-02   -4.55290824186513115e-08    1.00000000000000006e-01    3.13781790808722871e-02   -4.51912920131214713e-08    1.00000000000000006e-01    4.79706970519826192e-02   -6.06834818426170329e-08    1.00000000000000006e-01    4.92001403733228204e-02   -5.86878531051508275e-08    2.00000000000000011e-01    2.81047545384370163e-02   -5.82624351950159611e-08    2.00000000000000011e-01    2.95235625399191924e-02   -5.72614522071809543e-08    2.00000000000000011e-01    5.00037008071392286e-02   -8.75048482704615305e-08    2.00000000000000011e-01    5.23118803257545881e-02   -8.46853670433128459e-08    2.00000000000000011e-01    7.67869296967855913e-02   -1.15423289347826261e-07    2.00000000000000011e-01    8.17674650672882697e-02   -1.05785493532068966e-07    2.00000000000000011e-01    3.66787279260693683e-02   -6.94732687762404966e-08    2.00000000000000011e-01    3.77735151688201667e-02   -6.86239572767259641e-08    2.00000000000000011e-01    6.42866133004591916e-02   -9.90547672090715520e-08    2.00000000000000011e-01    6.61667945775883115e-02   -9.65668711074952728e-08    2.00000000000000011e-01    9.47852849130128988e-02   -1.24975382253175714e-07    2.00000000000000011e-01    1.00163517548832515e-01   -1.13802594704798089e-07    2.00000000000000011e-01    4.62892229221031279e-02   -7.97259423500386783e-08    2.00000000000000011e-01    4.67876336904636397e-02   -7.93058668787400896e-08    2.00000000000000011e-01    7.91578348081705824e-02   -1.08160611516337577e-07    2.00000000000000011e-01    8.06002121640278651e-02   -1.06107008554363716e-07    2.00000000000000011e-01    1.11250592570890455e-01   -1.33232045161891544e-07    2.00000000000000011e-01    1.17543174282165180e-01   -1.19045436914225105e-07
83       1.86199999999999907e-06    1.00000000000000006e-01    1.18617456074857353e-02   -2.28361764770575553e-08    1.00000000000000006e-01    1.24097837915630293e-02   -2.25887762676500262e-08    1.00000000000000006e-01    2.13133633453295446e-02   -3.75334658194240228e-08    1.00000000000000006e-01    2.22942788805684453e-02   -3.67368339696332601e-08    1.00000000000000006e-01    3.48797132699379814e-02   -5.46324441808148775e-08    1.00000000000000006e-01    3.66546428007175074e-02   -5.22129461369561700e-08    1.00000000000000006e-01    1.41587868003704570e-02   -2.65713370164393032e-08    1.00000000000000006e-01    1.47755251440010466e-02   -2.62616600264401348e-08    1.00000000000000006e-01    2.52100030839224332e-02   -4.25789373185222632e-08    1.00000000000000006e-01    2.62986005215915600e-02   -4.15998906441402337e-08    1.00000000000000006e-01    4.03090864084447997e-02   -5.99812451678419226e-08    1.00000000000000006e-01    4.23331942095171027e-02   -5.69309276831772909e-08    1.00000000000000006e-01    1.65840955467244158e-02   -3.02904376592250755e-08    1.00000000000000006e-01    1.72604881853688566e-02   -2.99168741303642423e-08    1.00000000000000006e-01    2.92252053343703862e-02   -4.73060100145889085e-08    1.00000000000000006e-01    3.04153777145045844e-02   -4.61316830115701597e-08    1.00000000000000006e-01    4.55305970324680898e-02   -6.47281725936310743e-08    1.00000000000000006e-01    4.78422126660150368e-02   -6.08936923662325985e-08    2.00000000000000011e-01    2.46070905776427686e-02   -6.07654767144535319e-08    2.00000000000000011e-01    2.75015554884337696e-02   -5.86905571324034525e-08    2.00000000000000011e-01    4.41210748864624344e-02   -9.49002781834433402e-08    2.00000000000000011e-01    4.89579128733097571e-02   -8.87977667815614267e-08    2.00000000000000011e-01    6.89638498369301717e-02   -1.31487665966311301e-07    2.00000000000000011e-01    7.71710850795861159e-02   -1.14663771076725598e-07    2.00000000000000011e-01    3.21073762252781780e-02   -7.30705719523658338e-08    2.00000000000000011e-01    3.52353887542931066e-02   -7.06002667287039754e-08    2.00000000000000011e-01    5.69833398290650744e-02   -1.09000939333300981e-07    2.00000000000000011e-01    6.21518119851454942e-02   -1.01915976102897896e-07    2.00000000000000011e-01    8.59279122315556032e-02   -1.44521969739815380e-07    2.00000000000000011e-01    9.50771369687885837e-02   -1.24355716316890412e-07    2.00000000000000011e-01    4.05740008648114506e-02   -8.46101276239351879e-08    2.00000000000000011e-01    4.37260851384476054e-02   -8.19012575553654559e-08    2.00000000000000011e-01    7.06536354407854283e-02   -1.20613239375511374e-07    2.00000000000000011e-01    7.60384130645620493e-02   -1.12660335990526988e-07    2.00000000000000011e-01    1.01887768566756132e-01   -1.55643263514658291e-07    2.00000000000000011e-01    1.12179936414569956e-01   -1.31092371484080245e-07
84       1.88759999999999888e-06    1.00000000000000006e-01    1.11917705157160031e-02   -2.31405285459950591e-08    1.00000000000000006e-01    1.20167018908498464e-02   -2.27660816951189972e-08    1.00000000000000006e-01    2.01589417420196364e-02   -3.84825771697659849e-08    1.00000000000000006e-01    2.16157027886200032e-02   -3.72869598535949166e-08    1.00000000000000006e-01    3.31621706835145899e-02   -5.70293171471509435e-08    1.00000000000000006e-01    3.56205942737559816e-02   -5.36154066416656710e-08    1.00000000000000006e-01    1.33607620283097139e-02   -2.69746385669219760e-08    1.00000000000000006e-01    1.43112348886057957e-02   -2.64946258283654954e-08    1.00000000000000006e-01    2.38599890680284386e-02   -4.38084626440011012e-08    1.00000000000000006e-01    2.55123801121301952e-02   -4.23058748256782024e-08    1.00000000000000006e-01    3.83917216527730060e-02   -6.29413430031970277e-08    1.00000000000000006e-01    4.11793379762469131e-02   -5.86603863569169409e-08    1.00000000000000006e-01    1.56520609002745205e-02   -3.08085637936285037e-08    1.00000000000000006e-01    1.67229610006702847e-02   -3.02135745634831144e-08    1.00000000000000006e-01    2.76827828460552774e-02   -4.88473405148148229e-08    1.00000000000000006e-01    2.95242546759459448e-02   -4.70097061329095223e-08    1.00000000000000006e-01    4.34525062196793460e-02   -6.82606738340117578e-08    1.00000000000000006e-01    4.65851273426975618e-02   -6.29665022462430167e-08    2.00000000000000011e-01    2.19095509720186946e-02   -6.27298208395266095e-08    2.00000000000000011e-01    2.57189142959894090e-02   -5.99643857347512528e-08    2.00000000000000011e-01    3.95000361993746302e-02   -1.00917589378778240e-07    2.00000000000000011e-01    4.59655430223388922e-02   -9.25492724557389812e-08    2.00000000000000011e-01    6.27245694352823319e-02   -1.45099480959776383e-07    2.00000000000000011e-01    7.30158759641748867e-02   -1.23026586132616972e-07    2.00000000000000011e-01    2.85309269279941762e-02   -7.59414091165733126e-08    2.00000000000000011e-01    3.29813448692612005e-02   -7.23764975783310564e-08    2.00000000000000011e-01    5.11005430967772442e-02   -1.17333697199235725e-07    2.00000000000000011e-01    5.85241879755213634e-02   -1.06865381789961644e-07    2.00000000000000011e-01    7.86708502908424062e-02   -1.61581653354195650e-07    2.00000000000000011e-01    9.04174486204468719e-02   -1.34437471305486313e-07    2.00000000000000011e-01    3.60263593589709372e-02   -8.85832533176262489e-08    2.00000000000000011e-01    4.09845090365179437e-02   -8.42552005332568910e-08    2.00000000000000011e-01    6.36255412519385333e-02   -1.31341566628189015e-07    2.00000000000000011e-01    7.18645228828913990e-02   -1.18804438791632331e-07    2.00000000000000011e-01    9.40798651682610149e-02   -1.75499740688727532e-07    2.00000000000000011e-01    1.07226006856566539e-01   -1.42676205047580093e-07
85       1.91319999999999847e-06    1.00000000000000006e-01    1.06271772829764147e-02   -2.33986402386489134e-08    1.00000000000000006e-01    1.16554342158186053e-02   -2.29296744186778669e-08    1.00000000000000006e-01    1.91844925560487808e-02   -3.92934837368767277e-08    1.00000000000000006e-01    2.09909786833591197e-02   -3.77972536492859610e-08    1.00000000000000006e-01    3.17146563063527703e-02   -5.90920389885848412e-08    1.00000000000000006e-01    3.46677817772596958e-02   -5.49252261146935250e-08    1.00000000000000006e-01    1.26866157076080191e-02   -2.73176214308936460e-08    1.00000000000000006e-01    1.38839419555787710e-02   -2.67099054270108867e-08    1.00000000000000006e-01    2.27161775315754613e-02   -4.48635210574582220e-08    1.00000000000000006e-01    2.47870528229198264e-02   -4.29623063125881416e-08    1.00000000000000006e-01    3.67710913758189720e-02   -6.54971001597598896e-08    1.00000000000000006e-01    4.01142202770275388e-02   -6.02789327864757939e-08    1.00000000000000006e-01    1.48625627762851951e-02   -3.12505146882536206e-08    1.00000000000000006e-01    1.62275316719832328e-02   -3.04881922979909452e-08    1.00000000000000006e-01    2.63709459655649958e-02   -5.01755194393122957e-08    1.00000000000000006e-01    2.87004302207249581e-02   -4.78279486495272506e-08    1.00000000000000006e-01    4.16931210984186271e-02   -7.13146998888426064e-08    1.00000000000000006e-01    4.54233984691122944e-02   -6.49084027835108533e-08    2.00000000000000011e-01    1.98439617807602831e-02   -6.42539948848872920e-08    2.00000000000000011e-01    2.41509061533144546e-02   -6.10955727730809648e-08    2.00000000000000011e-01    3.59186281012174452e-02   -1.05706082530437165e-07    2.00000000000000011e-01    4.33070583411248114e-02   -9.59469605980794085e-08    2.00000000000000011e-01    5.78486078895290370e-02   -1.56225649494039917e-07    2.00000000000000011e-01    6.92834147982307191e-02   -1.30809264501302945e-07    2.00000000000000011e-01    2.57593357544387939e-02   -7.82002087382726320e-08    2.00000000000000011e-01    3.09854101277761210e-02   -7.39658427990155210e-08    2.00000000000000011e-01    4.64403037841979588e-02   -1.24135536915353412e-07    2.00000000000000011e-01    5.52627917457679460e-02   -1.11408553357032204e-07    2.00000000000000011e-01    7.28503568181559508e-02   -1.75933334820950035e-07    2.00000000000000011e-01    8.61753497003789753e-02   -1.43956588499502593e-07    2.00000000000000011e-01    3.24510858724217643e-02   -9.17605464700454272e-08    2.00000000000000011e-01    3.85381309715767881e-02   -8.63793306482231192e-08    2.00000000000000011e-01    5.79254852447101606e-02   -1.40328420579083153e-07    2.00000000000000011e-01    6.80658761985866723e-02   -1.24517813386972654e-07    2.00000000000000011e-01    8.76959695919068555e-02   -1.92508517679934405e-07    2.00000000000000011e-01    1.02675370223124757e-01   -1.53698618674206405e-07
86       1.93879999999999828e-06    1.00000000000000006e-01    1.01520942984190676e-02   -2.36169821155327197e-08    1.00000000000000006e-01    1.13235603208690291e-02   -2.30804945023549263e-08    1.00000000000000006e-01    1.83641945112694577e-02   -3.99830123028867648e-08    1.00000000000000006e-01    2.04163237139303420e-02   -3.82698869204287108e-08    1.00000000000000006e-01    3.05001652291900273e-02   -6.08527986257295400e-08    1.00000000000000006e-01    3.37910743106036443e-02   -5.61453070309455805e-08    1.00000000000000006e-01    1.21181165684649938e-02   -2.76084740082715715e-08    1.00000000000000006e-01    1.34909128462814658e-02   -2.69086642010187012e-08    1.00000000000000006e-01    2.17501104837244108e-02   -4.57641131059370459e-08    1.00000000000000006e-01    2.41185530331337224e-02   -4.35716601931278188e-08    1.00000000000000006e-01    3.54079095478505579e-02   -6.76849298949225431e-08    1.00000000000000006e-01    3.91325285014160543e-02   -6.17895009816690845e-08    1.00000000000000006e-01    1.41951629359180331e-02   -3.16262956605309825e-08    1.00000000000000006e-01    1.57711893489374637e-02   -3.07421220759031890e-08    1.00000000000000006e-01    2.52591439021761649e-02   -5.13135391145534777e-08    1.00000000000000006e-01    2.79396427199518523e-02   -4.85891431263185281e-08    1.00000000000000006e-01    4.02111096018526529e-02   -7.39321295632518510e-08    1.00000000000000006e-01    4.43515188937940452e-02   -6.67225357929773182e-08    2.00000000000000011e-01    1.82709207897916899e-02   -6.54261018790475522e-08    2.00000000000000011e-01    2.27744638359587831e-02   -6.20967916932794734e-08    2.00000000000000011e-01    3.31719176803513330e-02   -1.09451075240575369e-07    2.00000000000000011e-01    4.09540795624058693e-02   -9.90046301106494756e-08    2.00000000000000011e-01    5.40995755422305560e-02   -1.65067051530035451e-07    2.00000000000000011e-01    6.59502331273255499e-02   -1.37974219872104317e-07    2.00000000000000011e-01    2.36272358260325270e-02   -7.99576753038911944e-08    2.00000000000000011e-01    2.92225736218500939e-02   -7.53823924320136291e-08    2.00000000000000011e-01    4.27976543272401908e-02   -1.29573621502273565e-07    2.00000000000000011e-01    5.23438335183133013e-02   -1.15549025946198690e-07    2.00000000000000011e-01    6.82648701953455783e-02   -1.87651735491136553e-07    2.00000000000000011e-01    8.23362049309429161e-02   -1.52848714978234237e-07    2.00000000000000011e-01    2.96668178112930621e-02   -9.42671175100107738e-08    2.00000000000000011e-01    3.63620454188555500e-02   -8.82873970624545310e-08    2.00000000000000011e-01    5.33746374645112445e-02   -1.47684037004654541e-07    2.00000000000000011e-01    6.46258505584717674e-02   -1.29790795954450434e-07    2.00000000000000011e-01    8.25659729745569643e-02   -2.06671161843840811e-07    2.00000000000000011e-01    9.85174839397882640e-02   -1.64085434847131484e-07
87       1.96439999999999808e-06    1.00000000000000006e-01    9.75282936611220758e-03   -2.38012967591938746e-08    1.00000000000000006e-01    1.10188190428936513e-02   -2.32194377851693348e-08    1.00000000000000006e-01    1.76752493520578591e-02   -4.05670251539122657e-08    1.00000000000000006e-01    1.98881411131344339e-02   -3.87070357978680762e-08    1.00000000000000006e-01    2.94850417398733293e-02   -6.23457122148853588e-08    1.00000000000000006e-01    3.29854576012593090e-02   -5.72790548458590558e-08    1.00000000000000006e-01    1.16394188590226814e-02   -2.78545368576394620e-08    1.00000000000000006e-01    1.31295817513848428e-02   -2.70920202228215079e-08    1.00000000000000006e-01    2.09363398326050283e-02   -4.65294931775921116e-08    1.00000000000000006e-01    2.35029825064358919e-02   -4.41364591042733455e-08    1.00000000000000006e-01    3.42660093219884429e-02   -6.95445055749529640e-08    1.00000000000000006e-01    3.82290210587928822e-02   -6.31957153442625694e-08    1.00000000000000006e-01    1.36319512604494916e-02   -3.19449716970009062e-08    1.00000000000000006e-01    1.53510932889169838e-02   -3.09767114624660435e-08    1.00000000000000006e-01    2.43197021434848788e-02   -5.22839950460366463e-08    1.00000000000000006e-01    2.72377712753651760e-02   -4.92961224678575890e-08    1.00000000000000006e-01    3.89681472285235142e-02   -7.61591024230521672e-08    1.00000000000000006e-01    4.33640209532740739e-02   -6.84129044241846646e-08    2.00000000000000011e-01    1.70779591759540432e-02   -6.63217365181132705e-08    2.00000000000000011e-01    2.15683127218039492e-02   -6.29804563416094185e-08    2.00000000000000011e-01    3.10822745222480608e-02   -1.12342715840690246e-07    2.00000000000000011e-01    3.88784301423191064e-02   -1.01741026967223772e-07    2.00000000000000011e-01    5.12533966944463057e-02   -1.71945453331354310e-07    2.00000000000000011e-01    6.29893335017335382e-02   -1.44507811515581267e-07    2.00000000000000011e-01    2.19963336105959695e-02   -8.13138392924299138e-08    2.00000000000000011e-01    2.76691425856572769e-02   -7.66406097073896552e-08    2.00000000000000011e-01    3.99802737451965123e-02   -1.33852655859502033e-07    2.00000000000000011e-01    4.97419388041193400e-02   -1.19298514706970146e-07    2.00000000000000011e-01    6.47045182859377621e-02   -1.96998767907946982e-07    2.00000000000000011e-01    7.88808432840956003e-02   -1.61075149358098917e-07    2.00000000000000011e-01    2.75145241216770663e-02   -9.62242250271222042e-08    2.00000000000000011e-01    3.44318133861244019e-02   -8.99945133978697187e-08    2.00000000000000011e-01    4.97875090436821280e-02   -1.53594220751495833e-07    2.00000000000000011e-01    6.15247921924140309e-02   -1.34624165372401600e-07    2.00000000000000011e-01    7.85035082784671795e-02   -2.18196090964050826e-07    2.00000000000000011e-01    9.47378062520782827e-02   -1.73786288576142895e-07
88       2.01559999999999769e-06    1.00000000000000006e-01    9.13255328134524730e-03   -2.40891097395585182e-08    1.00000000000000006e-01    1.04815770172836473e-02   -2.34654438490609072e-08    1.00000000000000006e-01    1.66076759250285630e-02   -4.14807830330772715e-08    1.00000000000000006e-01    1.89563252873571723e-02   -3.94846407869569934e-08    1.00000000000000006e-01    2.79261223373119885e-02   -6.46758405425931643e-08    1.00000000000000006e-01    3.15661233491326756e-02   -5.93058916574754938e-08    1.00000000000000006e-01    1.08940228786327566e-02   -2.82397762661479212e-08    1.00000000000000006e-01    1.24915612652235879e-02   -2.74172465627713857e-08    1.00000000000000006e-01    1.96709239695331203e-02   -4.77318765732999240e-08    1.00000000000000006e-01    2.24143493042945272e-02   -4.51439567139926947e-08    1.00000000000000006e-01    3.25080889456748623e-02   -7.24550047560111943e-08    1.00000000000000006e-01    3.66339617496248271e-02   -6.57155948354457886e-08    1.00000000000000006e-01    1.27526221239367462e-02   -3.24453465424685941e-08    1.00000000000000006e-01    1.46079936110399787e-02   -3.13936142677624662e-08    1.00000000000000006e-01    2.28533904774411503e-02   -5.38148374860701216e-08    1.00000000000000006e-01    2.59933873779851186e-02   -5.05607061512213785e-08    1.00000000000000006e-01    3.70520668876056086e-02   -7.96485164280936199e-08    1.00000000000000006e-01    4.16184201518508268e-02   -7.14456306335421289e-08    2.00000000000000011e-01    1.54722832942665433e-02   -6.75360151981698612e-08    2.00000000000000011e-01    1.95835785434439365e-02   -6.44473003646790217e-08    2.00000000000000011e-01    2.82721927001083582e-02   -1.16287693539074161e-07    2.00000000000000011e-01    3.54400935717491261e-02   -1.06353914133688302e-07    2.00000000000000011e-01    4.74600847149535404e-02   -1.81331547774468928e-07    2.00000000000000011e-01    5.80537199558216893e-02   -1.55748827745790548e-07    2.00000000000000011e-01    1.97803133066611868e-02   -8.31724953698933134e-08    2.00000000000000011e-01    2.50949260667044892e-02   -7.87459960605028698e-08    2.00000000000000011e-01    3.61209267549795002e-02   -1.39815640654322156e-07    2.00000000000000011e-01    4.53739001493533509e-02   -1.25716500856749500e-07    2.00000000000000011e-01    5.98306622006496841e-02   -2.10140232270618578e-07    2.00000000000000011e-01    7.30171749218257865e-02   -1.75513618349990794e-07    2.00000000000000011e-01    2.45557050674864927e-02   -9.89418616941170691e-08    2.00000000000000011e-01    3.12064563692071827e-02   -9.28775385067867189e-08    2.00000000000000011e-01    4.47652785374606996e-02   -1.62032605627008730e-07    2.00000000000000011e-01    5.62407662402087394e-02   -1.43032821218032362e-07    2.00000000000000011e-01    7.27989680728598765e-02   -2.34833216191437928e-07    2.00000000000000011e-01    8.82293116463255117e-02   -1.91061052855341966e-07
89       2.11799999999999692e-06    1.00000000000000006e-01    8.37713851813854694e-03   -2.44420546568657114e-08    1.00000000000000006e-01    9.64487242689343605e-03   -2.38512601514206916e-08    1.00000000000000006e-01    1.53182321135259293e-02   -4.25987242477746745e-08    1.00000000000000006e-01    1.75056541612186346e-02   -4.07114677967949332e-08    1.00000000000000006e-01    2.60839826302922649e-02   -6.74880615765542289e-08    1.00000000000000006e-01    2.93680140233648079e-02   -6.25190437888645372e-08    1.00000000000000006e-01    9.98290873733024067e-03   -2.87141226541547315e-08    1.00000000000000006e-01    1.14952058902225637e-02   -2.79288705290014303e-08    1.00000000000000006e-01    1.81341649219266612e-02   -4.92121076705289714e-08    1.00000000000000006e-01    2.07125089937761353e-02   -4.67410878728997844e-08    1.00000000000000006e-01    3.04235013251942452e-02   -7.59815619543494217e-08    1.00000000000000006e-01    3.41553778862558263e-02   -6.97259492710722339e-08    1.00000000000000006e-01    1.16731880599929821e-02   -3.30643185485708294e-08    1.00000000000000006e-01    1.34439931910768761e-02   -3.20516363030387601e-08    1.00000000000000006e-01    2.10620034010344515e-02   -5.57117325565278276e-08    1.00000000000000006e-01    2.40396027529870722e-02   -5.25748982604460544e-08    1.00000000000000006e-01    3.47757716277948131e-02   -8.38829965558542902e-08    1.00000000000000006e-01    3.89001594475435059e-02   -7.62817271863264134e-08    2.00000000000000011e-01    1.39984788451560978e-02   -6.86597249576903626e-08    2.00000000000000011e-01    1.68906175284286239e-02   -6.64628567539294925e-08    2.00000000000000011e-01    2.57186670645355893e-02   -1.19929251048220579e-07    2.00000000000000011e-01    3.07439500364031851e-02   -1.12814140870161273e-07    2.00000000000000011e-01    4.41060258866954949e-02   -1.89839161676836908e-07    2.00000000000000011e-01    5.12883543533386513e-02   -1.71859886831980763e-07    2.00000000000000011e-01    1.77154208399442348e-02   -8.49212285357757384e-08    2.00000000000000011e-01    2.15619474545758576e-02   -8.16766871183153887e-08    2.00000000000000011e-01    3.25087726286167958e-02   -1.45502917742676257e-07    2.00000000000000011e-01    3.92745141229539421e-02   -1.34934272216652860e-07    2.00000000000000011e-01    5.53206550271162986e-02   -2.22654552527137608e-07    2.00000000000000011e-01    6.47228369668414322e-02   -1.96949941879903382e-07    2.00000000000000011e-01    2.17472070642380153e-02   -1.01550749473798768e-07    2.00000000000000011e-01    2.67189095299783762e-02   -9.69518614379964015e-08    2.00000000000000011e-01    3.98959037202713390e-02   -1.70395411597882276e-07    2.00000000000000011e-01    4.86731965851482998e-02   -1.55449988807723566e-07    2.00000000000000011e-01    6.72734226176115169e-02   -2.51448584411694849e-07    2.00000000000000011e-01    7.87623065350709639e-02   -2.17453673170829513e-07
90       2.22039999999999614e-06    1.00000000000000006e-01    8.01769523866918687e-03   -2.46109253603924587e-08    1.00000000000000006e-01    9.05680584293461211e-03   -2.41243809982242356e-08    1.00000000000000006e-01    1.47162040262754472e-02   -4.31260096593351558e-08    1.00000000000000006e-01    1.64892261419484799e-02   -4.15828304660202772e-08    1.00000000000000006e-01    2.52612260291003622e-02   -6.87646104883349904e-08    1.00000000000000006e-01    2.78455335626181799e-02   -6.47975493254554304e-08    1.00000000000000006e-01    9.54718625968261660e-03   -2.89423084381479265e-08    1.00000000000000006e-01    1.07925156022063099e-02   -2.82924358750145244e-08    1.00000000000000006e-01    1.74113073225338824e-02   -4.99159360897280939e-08    1.00000000000000006e-01    1.95138442437131424e-02   -4.78821758302736967e-08    1.00000000000000006e-01    2.94884678814311477e-02   -7.75898147802371025e-08    1.00000000000000006e-01    3.24316428962430903e-02   -7.25829050571306865e-08    1.00000000000000006e-01    1.11538466564815499e-02   -3.33639686232904415e-08    1.00000000000000006e-01    1.26198393428223459e-02   -3.25212074321968146e-08    1.00000000000000006e-01    2.02123241912193288e-02   -5.66216591673856842e-08    1.00000000000000006e-01    2.26558070043796772e-02   -5.40226256051426611e-08    1.00000000000000006e-01    3.37526772823988422e-02   -8.58175780335900832e-08    1.00000000000000006e-01    3.70049947786146513e-02   -7.97351210699326890e-08    2.00000000000000011e-01    1.35939054827809210e-02   -6.89696073575866636e-08    2.00000000000000011e-01    1.53668852417906347e-02   -6.76161195407795127e-08    2.00000000000000011e-01    2.50427012398894214e-02   -1.20901857454845010e-07    2.00000000000000011e-01    2.80825619806402901e-02   -1.16556382644896764e-07    2.00000000000000011e-01    4.32862197838756110e-02   -1.91947406566448289e-07    2.00000000000000011e-01    4.74793747112264089e-02   -1.81283411516990164e-07    2.00000000000000011e-01    1.71329201251705088e-02   -8.54173277650396135e-08    2.00000000000000011e-01    1.95325573807822242e-02   -8.33815003246396951e-08    2.00000000000000011e-01    3.14991037476673591e-02   -1.47110526118109057e-07    2.00000000000000011e-01    3.57145555804946196e-02   -1.40450450106643918e-07    2.00000000000000011e-01    5.41122961028811938e-02   -2.26064102101218854e-07    2.00000000000000011e-01    5.98411943964949830e-02   -2.10111589699955139e-07    2.00000000000000011e-01    2.09285152589308437e-02   -1.02316460223013520e-07    2.00000000000000011e-01    2.40942990330805761e-02   -9.93685568775090723e-08    2.00000000000000011e-01    3.84454734957277028e-02   -1.72920351918538455e-07    2.00000000000000011e-01    4.41029949217483022e-02   -1.63159663329220698e-07    2.00000000000000011e-01    6.56499728108807384e-02   -2.56422223776179786e-07    2.00000000000000011e-01    7.29538072386648473e-02   -2.34374843578984678e-07
91       2.32279999999999536e-06    1.00000000000000006e-01    7.84759746119851470e-03   -2.46910512601898459e-08    1.00000000000000006e-01    8.64486030503090232e-03   -2.43166651717690812e-08    1.00000000000000006e-01    1.44379345601399946e-02   -4.33708910962601925e-08    1.00000000000000006e-01    1.57814246414275106e-02   -4.21953423088731763e-08    1.00000000000000006e-01    2.48996806169837007e-02   -6.93296262675830212e-08    1.00000000000000006e-01    2.68019047170093214e-02   -6.63845077867616762e-08    1.00000000000000006e-01    9.34017461632139813e-03   -2.90510261939024265e-08    1.00000000000000006e-01    1.02988818811428472e-02   -2.85491895639558337e-08    1.00000000000000006e-01    1.70752951899638163e-02   -5.02447639922365544e-08    1.00000000000000006e-01    1.86755909445456003e-02   -4.86880959358788546e-08    1.00000000000000006e-01    2.90765424139341443e-02   -7.83035728399361017e-08    1.00000000000000006e-01    3.12464944599175377e-02   -7.45795398366229706e-08    1.00000000000000006e-01    1.09059040912494846e-02   -3.35074538511128591e-08    1.00000000000000006e-01    1.20389707481048814e-02   -3.28539876405894287e-08    1.00000000000000006e-01    1.98147581683581625e-02   -5.70496842592964355e-08    1.00000000000000006e-01    2.16836005784970670e-02   -5.50502090048305069e-08    1.00000000000000006e-01    3.33015477403962867e-02   -8.66768598603013285e-08    1.00000000000000006e-01    3.56996543156121449e-02   -8.21527013430150663e-08    2.00000000000000011e-01    1.34841334433425785e-02   -6.90538908535758422e-08    2.00000000000000011e-01    1.45129640514428185e-02   -6.82664652927303282e-08    2.00000000000000011e-01    2.48678037876183394e-02   -1.21154417623140518e-07    2.00000000000000011e-01    2.66021087997892342e-02   -1.18663313544136803e-07    2.00000000000000011e-01    4.30931010515446522e-02   -1.92446318368084113e-07    2.00000000000000011e-01    4.54009062183480458e-02   -1.86531683563919021e-07    2.00000000000000011e-01    1.69712432992831716e-02   -8.55553591908732029e-08    2.00000000000000011e-01    1.83815568677417399e-02   -8.43553206197634852e-08    2.00000000000000011e-01    3.12256752626523873e-02   -1.47547509130642005e-07    2.00000000000000011e-01    3.36865986763816086e-02   -1.43637236588174769e-07    2.00000000000000011e-01    5.38032541207675505e-02   -2.26940461313216714e-07    2.00000000000000011e-01    5.70730518956473684e-02   -2.17751941485719266e-07    2.00000000000000011e-01    2.06950334948112942e-02   -1.02535385202218957e-07    2.00000000000000011e-01    2.25840353304957372e-02   -1.00770422711016943e-07    2.00000000000000011e-01    3.80310240000894806e-02   -1.73644908979526583e-07    2.00000000000000011e-01    4.14247698116487068e-02   -1.67750603659137581e-07    2.00000000000000011e-01    6.51973291978326791e-02   -2.57816860964046638e-07    2.00000000000000011e-01    6.95292579651716897e-02   -2.44606330170135931e-07
92       2.42519999999999458e-06    1.00000000000000006e-01    7.76731228851983754e-03   -2.47289148576633315e-08    1.00000000000000006e-01    8.35696101476057600e-03   -2.44515176489986603e-08    1.00000000000000006e-01    1.43099162237073571e-02   -4.34837819783261912e-08    1.00000000000000006e-01    1.52906607583969869e-02   -4.26227946780596923e-08    1.00000000000000006e-01    2.47419606493281749e-02   -6.95768358118505986e-08    1.00000000000000006e-01    2.60916612218550885e-02   -6.74761924093287477e-08    1.00000000000000006e-01    9.24213212603916014e-03   -2.91025813017950810e-08    1.00000000000000006e-01    9.95306932562819990e-03   -2.87297208598098006e-08    1.00000000000000006e-01    1.69199739289631855e-02   -5.03971040572090400e-08    1.00000000000000006e-01    1.80923260937713853e-02   -4.92527087488320475e-08    1.00000000000000006e-01    2.88965380564797265e-02   -7.86164242696849243e-08    1.00000000000000006e-01    3.04381336551651470e-02   -7.59565068574457660e-08    1.00000000000000006e-01    1.07879721502952153e-02   -3.35757939695349012e-08    1.00000000000000006e-01    1.16308942196643676e-02   -3.30886752827777986e-08    1.00000000000000006e-01    1.96299376929013371e-02   -5.72491375614675344e-08    1.00000000000000006e-01    2.10044681708042684e-02   -5.57731351806159911e-08    1.00000000000000006e-01    3.31043381433379635e-02   -8.70536263958693312e-08    1.00000000000000006e-01    3.48082082286031505e-02   -8.38219595644717471e-08    2.00000000000000011e-01    1.34544445489480566e-02   -6.90766022993841287e-08    2.00000000000000011e-01    1.40369939286475107e-02   -6.86302132560741319e-08    2.00000000000000011e-01    2.48228255471980158e-02   -1.21219104701958440e-07    2.00000000000000011e-01    2.57871540411332492e-02   -1.19830764993884982e-07    2.00000000000000011e-01    4.30480218451453067e-02   -1.92562265262959244e-07    2.00000000000000011e-01    4.42864718745416691e-02   -1.89376297414072963e-07    2.00000000000000011e-01    1.69265742958736969e-02   -8.55934023462648784e-08    2.00000000000000011e-01    1.77334629592992843e-02   -8.49058348548111576e-08    2.00000000000000011e-01    3.11522848183199731e-02   -1.47664632081752372e-07    2.00000000000000011e-01    3.25475031314111027e-02   -1.45441288956225921e-07    2.00000000000000011e-01    5.37252098706382450e-02   -2.27161523007556192e-07    2.00000000000000011e-01    5.55375252747488321e-02   -2.22044884517044161e-07    2.00000000000000011e-01    2.06288723277185636e-02   -1.02597343269827311e-07    2.00000000000000011e-01    2.17231649713934098e-02   -1.01573157495370046e-07    2.00000000000000011e-01    3.79140694236467304e-02   -1.73849394312617875e-07    2.00000000000000011e-01    3.98834177561509309e-02   -1.70416995081106917e-07    2.00000000000000011e-01    6.50730943915900084e-02   -2.58199731910603722e-07    2.00000000000000011e-01    6.75599140803397613e-02   -2.50574954851244737e-07
93       2.45999999999999974e-06    1.00000000000000006e-01    7.75172993525345255e-03   -2.47362688514071942e-08    1.00000000000000006e-01    8.28110910269605829e-03   -2.44871106697355426e-08    1.00000000000000006e-01    1.42855989233930773e-02   -4.35052516325019634e-08    1.00000000000000006e-01    1.51622265386593558e-02   -4.27350304660809527e-08    1.00000000000000006e-01    2.47133009464710063e-02   -6.96218390175486016e-08    1.00000000000000006e-01    2.59085795238851307e-02   -6.77591213001846453e-08    1.00000000000000006e-01    9.22305409761387147e-03   -2.91126206325155688e-08    1.00000000000000006e-01    9.86181445594946221e-03   -2.87774510006523726e-08    1.00000000000000006e-01    1.68903646983667895e-02   -5.04261805585046226e-08    1.00000000000000006e-01    1.79393296115155712e-02   -4.94013311110075288e-08    1.00000000000000006e-01    2.88637921765504020e-02   -7.86734392547856677e-08    1.00000000000000006e-01    3.02294793790034745e-02   -7.63139037382708825e-08    1.00000000000000006e-01    1.07649487089696520e-02   -3.35891456324526750e-08    1.00000000000000006e-01    1.15230032776477073e-02   -3.31508473879010785e-08    1.00000000000000006e-01    1.95945528774869385e-02   -5.72873709782847399e-08    1.00000000000000006e-01    2.08258561857078174e-02   -5.59639573885512251e-08    1.00000000000000006e-01    3.30684577286723749e-02   -8.71222942793211567e-08    1.00000000000000006e-01    3.45779477977824004e-02   -8.42555132484908037e-08    2.00000000000000011e-01    1.34508528343004839e-02   -6.90794313115124809e-08    2.00000000000000011e-01    1.39316207442583637e-02   -6.87108653312635467e-08    2.00000000000000011e-01    2.48176246477576426e-02   -1.21226855280397903e-07    2.00000000000000011e-01    2.56088337516646516e-02   -1.20086940493316015e-07    2.00000000000000011e-01    4.30432433822428920e-02   -1.92575099974521071e-07    2.00000000000000011e-01    4.40482580343422789e-02   -1.89987086423648624e-07    2.00000000000000011e-01    1.69210697112063234e-02   -8.55981879363808148e-08    2.00000000000000011e-01    1.75889426612667911e-02   -8.50288118844466201e-08    2.00000000000000011e-01    3.11434772342653286e-02   -1.47678925131655867e-07    2.00000000000000011e-01    3.22946392359654694e-02   -1.45843122186060273e-07    2.00000000000000011e-01    5.37163429251378416e-02   -2.27187088277376936e-07    2.00000000000000011e-01    5.52010228552557228e-02   -2.22990785434502414e-07    2.00000000000000011e-01    2.06205397102284249e-02   -1.02605247256372978e-07    2.00000000000000011e-01    2.15295154330675600e-02   -1.01754094301798550e-07    2.00000000000000011e-01    3.78994149524634477e-02   -1.73875207036130955e-07    2.00000000000000011e-01    3.95352753070585539e-02   -1.71021662707067952e-07    2.00000000000000011e-01    6.50579141431703450e-02   -2.58246948289562838e-07    2.00000000000000011e-01    6.71166220708746541e-02   -2.51926843095286061e-07
94       2.46006249999999988e-06    9.93750000000028638e-02    7.75171797292189060e-03   -2.47362738575714251e-08    9.93750000000028638e-02    8.28098788068035337e-03   -2.44871680501913311e-08    9.93750000000028638e-02    1.42855838422785413e-02   -4.35052616831720797e-08    9.93750000000028638e-02    1.51620224937504353e-02   -4.27352118340024666e-08    9.93750000000028638e-02    2.47132956642011972e-02   -6.96218347206585363e-08    9.93750000000028638e-02    2.59082929089312006e-02   -6.77595782457782799e-08    9.93750000000028638e-02    9.22303898420073244e-03   -2.91126277672633027e-08    9.93750000000028638e-02    9.86166847203010302e-03   -2.87775280588542974e-08    9.93750000000028638e-02    1.68903453999962316e-02   -5.04261956397534934e-08    9.93750000000028638e-02    1.79390862630059052e-02   -4.94015717508129825e-08    9.93750000000028638e-02    2.88637867292306505e-02   -7.86734344489104603e-08    9.93750000000028638e-02    3.02291529655915776e-02   -7.63144809819335967e-08    9.93750000000028638e-02    1.07649298295416414e-02   -3.35891555929618714e-08    9.93750000000028638e-02    1.15228304784063436e-02   -3.31509479126649277e-08    9.93750000000028638e-02    1.95945286942163545e-02   -5.72873927947296236e-08    9.93750000000028638e-02    2.08255717536207918e-02   -5.59642668795881055e-08    9.93750000000028638e-02    3.30684534981290426e-02   -8.71222864334136659e-08    9.93750000000028638e-02    3.45775881897355045e-02   -8.42562122397478301e-08    1.98750000000005728e-01    1.34508890361458681e-02   -6.90793673204849217e-08    1.98750000000005728e-01    1.39314714048392446e-02   -6.87109802373914316e-08    1.98750000000005728e-01    2.48176946522896576e-02   -1.21226633370883775e-07    1.98750000000005728e-01    2.56085855411065030e-02   -1.20087305155073736e-07    1.98750000000005728e-01    4.30433732622700210e-02   -1.92574519373550785e-07    1.98750000000005728e-01    4.40479450546575127e-02   -1.89987935148446808e-07    1.98750000000005728e-01    1.69211140436126908e-02   -8.55981069216997988e-08    1.98750000000005728e-01    1.75887352770094721e-02   -8.50289903120775269e-08    1.98750000000005728e-01    3.11435624125305614e-02   -1.47678684359888788e-07    1.98750000000005728e-01    3.22942801163792134e-02   -1.45843713423204723e-07    1.98750000000005728e-01    5.37165015714330951e-02   -2.27186439081987798e-07    1.98750000000005728e-01    5.52005671319547378e-02   -2.22992161693449004e-07    1.98750000000005728e-01    2.06205916386809039e-02   -1.02605154332711631e-07    1.98750000000005728e-01    2.15292339827728961e-02   -1.01754361739528490e-07    1.98750000000005728e-01    3.78995135328906718e-02   -1.73874953095299917e-07    1.98750000000005728e-01    3.95347714595017316e-02   -1.71022577934025041e-07    1.98750000000005728e-01    6.50580994818051872e-02   -2.58246190953174086e-07    1.98750000000005728e-01    6.71160084371840299e-02   -2.51928864286143044e-07
95       2.46018749999999973e-06    9.81250000000043615e-02    7.75174439780933634e-03   -2.47362613878815108e-08    9.81250000000043615e-02    8.28077242419847023e-03   -2.44872691913049083e-08    9.81250000000043615e-02    1.42856458643425745e-02   -4.35052069349821890e-08    9.81250000000043615e-02    1.51616634594627930e-02   -4.27355258111999104e-08    9.81250000000043615e-02    2.47134419193667694e-02   -6.96216051593046986e-08    9.81250000000043615e-02    2.59078019836935583e-02   -6.77603377889382636e-08    9.81250000000043615e-02    9.22306859375841143e-03   -2.91126121874452573e-08    9.81250000000043615e-02    9.86140860103455232e-03   -2.87776640386274355e-08    9.81250000000043615e-02    1.68904154330416431e-02   -5.04261268771735673e-08    9.81250000000043615e-02    1.79386573887404671e-02   -4.94019886803207009e-08    9.81250000000043615e-02    2.88639573632049062e-02   -7.86731374597112633e-08    9.81250000000043615e-02    3.02285952334338109e-02   -7.63154374441810095e-08    9.81250000000043615e-02    1.07649618149708963e-02   -3.35891370454738087e-08    9.81250000000043615e-02    1.15225223252382204e-02   -3.31511255627328438e-08    9.81250000000043615e-02    1.95946058483024953e-02   -5.72873094380875029e-08    9.81250000000043615e-02    2.08250697137141901e-02   -5.59648036645044264e-08    9.81250000000043615e-02    3.30686508348100108e-02   -8.71219088941707027e-08    9.81250000000043615e-02    3.45769765075593441e-02   -8.42573653373799316e-08    1.96250000000008723e-01    1.34511271640935948e-02   -6.90791845589012024e-08    1.96250000000008723e-01    1.39312589203228528e-02   -6.87111429139745678e-08    1.96250000000008723e-01    2.48181447369326992e-02   -1.21225983545695650e-07    1.96250000000008723e-01    2.56082498097464188e-02   -1.20087787715054948e-07    1.96250000000008723e-01    4.30441796079226793e-02   -1.92572436255408603e-07    1.96250000000008723e-01    4.40475998074630129e-02   -1.89988821124929505e-07    1.96250000000008723e-01    1.69214121396343425e-02   -8.55978524355666446e-08    1.96250000000008723e-01    1.75884298673764823e-02   -8.50292502776797474e-08    1.96250000000008723e-01    3.11441245374670765e-02   -1.47677785471141743e-07    1.96250000000008723e-01    3.22937659859592538e-02   -1.45844530977526561e-07    1.96250000000008723e-01    5.37175038899556853e-02   -2.27183594103865682e-07    1.96250000000008723e-01    5.52000088576104428e-02   -2.22993732677589722e-07    1.96250000000008723e-01    2.06209519081020747e-02   -1.02604816415509331e-07    1.96250000000008723e-01    2.15288056241236363e-02   -1.01754762130733577e-07    1.96250000000008723e-01    3.79001903729761086e-02   -1.73873768387184628e-07    1.96250000000008723e-01    3.95340152445783355e-02   -1.71023892414077710e-07    1.96250000000008723e-01    6.50592985125935247e-02   -2.58242490699145648e-07    1.96250000000008723e-01    6.71152093688894141e-02   -2.51931304235079620e-07
96       2.46043749999999985e-06    9.56250000000031242e-02    7.75189774379919389e-03   -2.47361890252636192e-08    9.56250000000031242e-02    8.28039539404137707e-03   -2.44874461800085595e-08    9.56250000000031242e-02    1.42859537997089055e-02   -4.35049351147218187e-08    9.56250000000031242e-02    1.51610432767487376e-02   -4.27360681668320541e-08    9.56250000000031242e-02    2.47140469320146321e-02   -6.96206555402564117e-08    9.56250000000031242e-02    2.59069841948308850e-02   -6.77616030548761254e-08    9.56250000000031242e-02    9.22324723064557074e-03   -2.91125181932772973e-08    9.56250000000031242e-02    9.86095293483405834e-03   -2.87779024707093708e-08    9.56250000000031242e-02    1.68907721462604118e-02   -5.04257766361607391e-08    9.56250000000031242e-02    1.79379149915705853e-02   -4.94027104047617043e-08    9.56250000000031242e-02    2.88646602185613568e-02   -7.86719141444467887e-08    9.56250000000031242e-02    3.02276692418169263e-02   -7.63170254526334090e-08    9.56250000000031242e-02    1.07651649598939671e-02   -3.35890192474064919e-08    9.56250000000031242e-02    1.15219807617846781e-02   -3.31514377746903916e-08    9.56250000000031242e-02    1.95950104281691385e-02   -5.72868723347186027e-08    9.56250000000031242e-02    2.08241989068114787e-02   -5.59657347434337910e-08    9.56250000000031242e-02    3.30694552541948225e-02   -8.71203699104609486e-08    9.56250000000031242e-02    3.45759673019186003e-02   -8.42592678322183569e-08    1.91250000000006248e-01    1.34519359393116961e-02   -6.90785638313770477e-08    1.91250000000006248e-01    1.39310069917336944e-02   -6.87113357889281513e-08    1.91250000000006248e-01    2.48196667420949556e-02   -1.21223786112706699e-07    1.91250000000006248e-01    2.56079007777085289e-02   -1.20088289393922280e-07    1.91250000000006248e-01    4.30468869865113651e-02   -1.92565442092525981e-07    1.91250000000006248e-01    4.40474718334870896e-02   -1.89989149535028208e-07    1.91250000000006248e-01    1.69224285027347113e-02   -8.55969847640178590e-08    1.91250000000006248e-01    1.75880385642700060e-02   -8.50295833566511341e-08    1.91250000000006248e-01    3.11460341958815189e-02   -1.47674731775655156e-07    1.91250000000006248e-01    3.22931471214029653e-02   -1.45845515080079351e-07    1.91250000000006248e-01    5.37208790969286656e-02   -2.27174014067639198e-07    1.91250000000006248e-01    5.51995992444471104e-02   -2.22994885335206247e-07    1.91250000000006248e-01    2.06221868065727537e-02   -1.02603658138078534e-07    1.91250000000006248e-01    2.15282189289500610e-02   -1.01755310521879683e-07    1.91250000000006248e-01    3.79025052880834559e-02   -1.73869716502092130e-07    1.91250000000006248e-01    3.95330069698215381e-02   -1.71025645041010339e-07    1.91250000000006248e-01    6.50633516749055951e-02   -2.58229982685143872e-07    1.91250000000006248e-01    6.71144670723521214e-02   -2.51933570845221077e-07
97       2.46093749999999968e-06    9.06250000000048545e-02    7.75280533076077097e-03   -2.47357607447822105e-08    9.06250000000048545e-02    8.27996372529236739e-03   -2.44876488183235241e-08    9.06250000000048545e-02    1.42876683157742018e-02   -4.35034216928098413e-08    9.06250000000048545e-02    1.51603881050764132e-02   -4.27366411237990555e-08    9.06250000000048545e-02    2.47171212512594940e-02   -6.96158302224782178e-08    9.06250000000048545e-02    2.59063280267209615e-02   -6.77626182694089139e-08    9.06250000000048545e-02    9.22431842358892133e-03   -2.91119545613327259e-08    9.06250000000048545e-02    9.86042491421525863e-03   -2.87781787640216358e-08    9.06250000000048545e-02    1.68927795091405146e-02   -5.04238057126851800e-08    9.06250000000048545e-02    1.79371195716272296e-02   -4.94034836801376327e-08    9.06250000000048545e-02    2.88682217998470804e-02   -7.86657153542757749e-08    9.06250000000048545e-02    3.02269476866147691e-02   -7.63182628730137437e-08    9.06250000000048545e-02    1.07664031382523218e-02   -3.35883012654912238e-08    9.06250000000048545e-02    1.15213446757330730e-02   -3.31518044804932914e-08    9.06250000000048545e-02    1.95973138463861260e-02   -5.72843837714098242e-08    9.06250000000048545e-02    2.08232534819223943e-02   -5.59667456114086925e-08    9.06250000000048545e-02    3.30735056080222328e-02   -8.71126210853255551e-08    9.06250000000048545e-02    3.45752258005482330e-02   -8.42606656717896837e-08    1.81250000000009709e-01    1.34555552908201918e-02   -6.90757860400146112e-08    1.81250000000009709e-01    1.39315460042157627e-02   -6.87109231237189666e-08    1.81250000000009709e-01    2.48264512618900438e-02   -1.21213990992497627e-07    1.81250000000009709e-01    2.56091443893282991e-02   -1.20086501895288148e-07    1.81250000000009709e-01    4.30588733625084097e-02   -1.92534478152360431e-07    1.81250000000009709e-01    4.40505967151563968e-02   -1.89981130451858071e-07    1.81250000000009709e-01    1.69269903069632251e-02   -8.55930903825322946e-08    1.81250000000009709e-01    1.75885786661599403e-02   -8.50291236181862668e-08    1.81250000000009709e-01    3.11545757139167455e-02   -1.47661073510592269e-07    1.81250000000009709e-01    3.22943733904859642e-02   -1.45843565091118354e-07    1.81250000000009709e-01    5.37358455241707875e-02   -2.27131535995994682e-07    1.81250000000009709e-01    5.52030220384171211e-02   -2.22985253575565716e-07    1.81250000000009709e-01    2.06277520240588687e-02   -1.02598438281116687e-07    1.81250000000009709e-01    2.15286721793559177e-02   -1.01754886860953348e-07    1.81250000000009709e-01    3.79129108738825785e-02   -1.73851503629750108e-07    1.81250000000009709e-01    3.95340224833087076e-02   -1.71023879816229450e-07    1.81250000000009709e-01    6.50813609069004900e-02   -2.58174409127381415e-07    1.81250000000009709e-01    6.71181072614656371e-02   -2.51922455492800758e-07
98       2.46193749999999975e-06    8.06250000000041100e-02    7.75700142074245771e-03   -2.47337807044060069e-08    8.06250000000041100e-02    8.28037966470488405e-03   -2.44874535629912166e-08    8.06250000000041100e-02    1.42954412105778233e-02   -4.34965608151510384e-08    8.06250000000041100e-02    1.51613948985725843e-02   -4.27357606643453470e-08    8.06250000000041100e-02    2.47306128694665082e-02   -6.95946564356874686e-08    8.06250000000041100e-02    2.59088793126451104e-02   -6.77586709573547126e-08    8.06250000000041100e-02    9.22928837293776616e-03   -2.91093395797300170e-08    8.06250000000041100e-02    9.86088919185829083e-03   -2.87779358238105336e-08    8.06250000000041100e-02    1.69019060158171960e-02   -5.04148453420323594e-08    8.06250000000041100e-02    1.79382559599428927e-02   -4.94023789228944978e-08    8.06250000000041100e-02    2.88838235670188029e-02   -7.86385638657494603e-08    8.06250000000041100e-02    3.02299570033556959e-02   -7.63131020974376436e-08    8.06250000000041100e-02    1.07721728198186383e-02   -3.35849556915734913e-08    8.06250000000041100e-02    1.15218447210091706e-02   -3.31515162010378595e-08    8.06250000000041100e-02    1.96078186368267189e-02   -5.72730352249168413e-08    8.06250000000041100e-02    2.08245094333472727e-02   -5.59654027136231282e-08    8.06250000000041100e-02    3.30911931157905626e-02   -8.70787862317682384e-08    8.06250000000041100e-02    3.45787640628325288e-02   -8.42539955409732119e-08    1.61250000000008220e-01    1.34708654525006345e-02   -6.90640363113957155e-08    1.61250000000008220e-01    1.39368389050942773e-02   -6.87068709695784441e-08    1.61250000000008220e-01    2.48550658906995028e-02   -1.21172682802867518e-07    1.61250000000008220e-01    2.56194603122057163e-02   -1.20071674853296835e-07    1.61250000000008220e-01    4.31091253275987796e-02   -1.92404690511417816e-07    1.61250000000008220e-01    4.40703996962258440e-02   -1.89930315837676580e-07    1.61250000000008220e-01    1.69463062068881780e-02   -8.55766013778644628e-08    1.61250000000008220e-01    1.75950014591409847e-02   -8.50236565835475900e-08    1.61250000000008220e-01    3.11906254389328376e-02   -1.47603434525421486e-07    1.61250000000008220e-01    3.23067438860071832e-02   -1.45823894459702471e-07    1.61250000000008220e-01    5.37984983128119432e-02   -2.26953752646367463e-07    1.61250000000008220e-01    5.52267966254458356e-02   -2.22918357112107732e-07    1.61250000000008220e-01    2.06513494666564143e-02   -1.02576306431549737e-07    1.61250000000008220e-01    2.15361439655643722e-02   -1.01747902980730792e-07    1.61250000000008220e-01    3.79568771946544314e-02   -1.73774558177770739e-07    1.61250000000008220e-01    3.95482314270241414e-02   -1.70999181915883123e-07    1.61250000000008220e-01    6.51566093815886399e-02   -2.57942259149454233e-07    1.61250000000008220e-01    6.71457218930566480e-02   -2.51838140898949383e-07
99       2.46393749999999990e-06    6.06250000000026074e-02    7.77469896295760604e-03   -2.47254305028874373e-08    6.06250000000026074e-02    8.28622222927144318e-03   -2.44847109582942362e-08    6.06250000000026074e-02    1.43278838521941412e-02   -4.34679306723308865e-08    6.06250000000026074e-02    1.51724414781214800e-02   -4.27261008234554017e-08    6.06250000000026074e-02    2.47859209947786790e-02   -6.95078902730430830e-08    6.06250000000026074e-02    2.59289220381869259e-02   -6.77276651719335651e-08    6.06250000000026074e-02    9.25026883576622258e-03   -2.90983017275262469e-08    6.06250000000026074e-02    9.86776649444182086e-03   -2.87743372856126756e-08    6.06250000000026074e-02    1.69400064493793745e-02   -5.03774465193817220e-08    6.06250000000026074e-02    1.79511397212592724e-02   -4.93898545794802803e-08    6.06250000000026074e-02    2.89476255286457151e-02   -7.85275763750274081e-08    6.06250000000026074e-02    3.02531353843493341e-02   -7.62733581302852866e-08    6.06250000000026074e-02    1.07965584751900483e-02   -3.35708171454846663e-08    6.06250000000026074e-02    1.15297716571540337e-02   -3.31469464164469927e-08    6.06250000000026074e-02    1.96516834388403769e-02   -5.72256576119336246e-08    6.06250000000026074e-02    2.08392394135594357e-02   -5.59496540432750161e-08    6.06250000000026074e-02    3.31633021002406686e-02   -8.69409055065464252e-08    6.06250000000026074e-02    3.46051266192720572e-02   -8.42043053073564519e-08    1.21250000000005215e-01    1.35341534697436087e-02   -6.90154756077106723e-08    1.21250000000005215e-01    1.39645344749737468e-02   -6.86856694281581223e-08    1.21250000000005215e-01    2.49727595374125456e-02   -1.21002847319674538e-07    1.21250000000005215e-01    2.56716480980293017e-02   -1.19996678162335859e-07    1.21250000000005215e-01    4.33135821992239670e-02   -1.91877062127810527e-07    1.21250000000005215e-01    4.41637965325016313e-02   -1.89690745473225769e-07    1.21250000000005215e-01    1.70261205936272572e-02   -8.55084821403431704e-08    1.21250000000005215e-01    1.76294933689046078e-02   -8.49942998247140651e-08    1.21250000000005215e-01    3.13386211822147542e-02   -1.47366909566504568e-07    1.21250000000005215e-01    3.23712717099427158e-02   -1.45721305457358596e-07    1.21250000000005215e-01    5.40518591632244416e-02   -2.26235452416237641e-07    1.21250000000005215e-01    5.53407751115393351e-02   -2.22597770541903071e-07    1.21250000000005215e-01    2.07488196070833193e-02   -1.02484910257023134e-07    1.21250000000005215e-01    2.15776277233107501e-02   -1.01709131534308502e-07    1.21250000000005215e-01    3.81369802167315433e-02   -1.73459503898156484e-07    1.21250000000005215e-01    3.96252130697908808e-02   -1.70865397605424898e-07    1.21250000000005215e-01    6.54586756272908243e-02   -2.57011222658101225e-07    1.21250000000005215e-01    6.72796626353328875e-02   -2.51429349843139233e-07
100      2.46793749999999978e-06    2.06250000000038347e-02    7.84488103499044950e-03   -2.46923312312929738e-08    2.06250000000038347e-02    8.31667204158062674e-03   -2.44704199348838839e-08    2.06250000000038347e-02    1.44552280222896047e-02   -4.33556484131010603e-08    2.06250000000038347e-02    1.52279913237937763e-02   -4.26775423800650926e-08    2.06250000000038347e-02    2.49992428137903351e-02   -6.91737828984383424e-08    2.06250000000038347e-02    2.60233436378795105e-02   -6.75817007614799590e-08    2.06250000000038347e-02    9.33340914373279734e-03   -2.90545816043107989e-08    2.06250000000038347e-02    9.90374521104800225e-03   -2.87555151255228353e-08    2.06250000000038347e-02    1.70892561583717920e-02   -5.02310768779604687e-08    2.06250000000038347e-02    1.80160335971864781e-02   -4.93267952128962121e-08    2.06250000000038347e-02    2.91925638650934877e-02   -7.81022115293489965e-08    2.06250000000038347e-02    3.03614500534192602e-02   -7.60877683352240802e-08    2.06250000000038347e-02    1.08931284131251627e-02   -3.35148533617905578e-08    2.06250000000038347e-02    1.15714376997926964e-02   -3.31229312075304499e-08    2.06250000000038347e-02    1.98231504313866949e-02   -5.70406295981863391e-08    2.06250000000038347e-02    2.09135407556734244e-02   -5.58702452998364404e-08    2.06250000000038347e-02    3.34387510440655872e-02   -8.64151193271836860e-08    2.06250000000038347e-02    3.47269808501352098e-02   -8.39747975343737245e-08    4.12500000000076694e-02    1.37886572009363537e-02   -6.88203585644759563e-08    4.12500000000076694e-02    1.40869321067260706e-02   -6.85920087021101353e-08    4.12500000000076694e-02    2.54391214616666791e-02   -1.20331003109755861e-07    4.12500000000076694e-02    2.58966327099789118e-02   -1.19673623431997549e-07    4.12500000000076694e-02    4.41010992682732000e-02   -1.89851575889832296e-07    4.12500000000076694e-02    4.45470419073096466e-02   -1.88709291036011840e-07    4.12500000000076694e-02    1.73459705255563229e-02   -8.52357435859852715e-08    4.12500000000076694e-02    1.77826603123121055e-02   -8.48639916053494916e-08    4.12500000000076694e-02    3.19203991066272300e-02   -1.46438794757021667e-07    4.12500000000076694e-02    3.26501132583821504e-02   -1.45278372423834917e-07    4.12500000000076694e-02    5.50118599241143716e-02   -2.23523506894133635e-07    4.12500000000076694e-02    5.58044508036643905e-02   -2.21295848734633055e-07    4.12500000000076694e-02    2.11379229580291872e-02   -1.02120398788981324e-07    4.12500000000076694e-02    2.17629946154356650e-02   -1.01535961509871503e-07    4.12500000000076694e-02    3.88386101955974228e-02   -1.72234474334875671e-07    4.12500000000076694e-02    3.99588494326545973e-02   -1.70286101239630957e-07    4.12500000000076694e-02    6.65831772404933686e-02   -2.53558147969786713e-07    4.12500000000076694e-02    6.78184239522912347e-02   -2.49787973008559236e-07
101      2.46999999999999964e-06    5.19029264012260683e-15    7.89789257560250153e-03   -2.46673446263210120e-08    5.19029264012260683e-15    8.34144839151247305e-03   -2.44587946789490276e-08    5.19029264012260683e-15    1.45507734025559343e-02   -4.32715004699961341e-08    5.19029264012260683e-15    1.52726499216985032e-02   -4.26385244835752878e-08    5.19029264012260683e-15    2.51574965879406663e-02   -6.89264588778296210e-08    5.19029264012260683e-15    2.60976109617139136e-02   -6.74670051739022792e-08    5.19029264012260683e-15    9.39615000246172768e-03   -2.90216089277488948e-08    5.19029264012260683e-15    9.93302132692178673e-03   -2.87402035733559235e-08    5.19029264012260683e-15    1.72010207202681099e-02   -5.01215997181603105e-08    5.19029264012260683e-15    1.80681475566963970e-02   -4.92761814855066448e-08    5.19029264012260683e-15    2.93736209579499481e-02   -7.77884851299562092e-08    5.19029264012260683e-15    3.04462810928316646e-02   -7.59425635952720940e-08    5.19029264012260683e-15    1.09659347418235385e-02   -3.34726874885893042e-08    5.19029264012260683e-15    1.16053481136096023e-02   -3.31033915821127299e-08    5.19029264012260683e-15    1.99512938521602574e-02   -5.69025202903232121e-08    5.19029264012260683e-15    2.09731386726171691e-02   -5.58065853784903410e-08    5.19029264012260683e-15    3.36416075276451884e-02   -8.60287746358765767e-08    5.19029264012260683e-15    3.48219400698173559e-02   -8.37961294948156270e-08    1.03805852802452137e-14    1.39819047904203922e-02   -6.86723693391580102e-08    1.03805852802452137e-14    1.41824461842325420e-02   -6.85189593372380581e-08    1.03805852802452137e-14    2.57885008069038239e-02   -1.19828809581078077e-07    1.03805852802452137e-14    2.60694399860979635e-02   -1.19425760406978000e-07    1.03805852802452137e-14    4.46771554544002289e-02   -1.88376502176594763e-07    1.03805852802452137e-14    4.48330892915140000e-02   -1.87978341185583685e-07    1.03805852802452137e-14    1.75879810595163111e-02   -8.50296257002678965e-08    1.03805852802452137e-14    1.79020299822598011e-02   -8.47624954295138082e-08    1.03805852802452137e-14    3.23530902672699919e-02   -1.45750168756195459e-07    1.03805852802452137e-14    3.28633480003902995e-02   -1.44940047299029561e-07    1.03805852802452137e-14    5.57049903009303043e-02   -2.21574626255566295e-07    1.03805852802452137e-14    5.61469192773597359e-02   -2.20336462420783075e-07    1.03805852802452137e-14    2.14311989619248508e-02   -1.01846004125286654e-07    1.03805852802452137e-14    2.19072856891404447e-02   -1.01401246406829635e-07    1.03805852802452137e-14    3.93563117473704552e-02   -1.71332848134372189e-07    1.03805852802452137e-14    4.02127904553145829e-02   -1.69845715379611629e-07    1.03805852802452137e-14    6.73843687253225937e-02   -2.51109777323014918e-07    1.03805852802452137e-14    6.82119839731080146e-02   -2.48591789805552482e-07
102      2.47079999999999970e-06    0.00000000000000000e+00    7.92041972255579270e-03   -2.46567311586676285e-08    0.00000000000000000e+00    8.35213599520075525e-03   -2.44537810242386797e-08    0.00000000000000000e+00    1.45912638219986221e-02   -4.32358695563263152e-08    0.00000000000000000e+00    1.52918468993497834e-02   -4.26217590268584242e-08    0.00000000000000000e+00    2.52242512837017839e-02   -6.88222925211886166e-08    0.00000000000000000e+00    2.61293428489902668e-02   -6.74180365909247537e-08    0.00000000000000000e+00    9.42280031433121931e-03   -2.90076094166770285e-08    0.00000000000000000e+00    9.94564662274234450e-03   -2.87336019221306597e-08    0.00000000000000000e+00    1.72483452276182489e-02   -5.00752835081703337e-08    0.00000000000000000e+00    1.80905341541474085e-02   -4.92544484868305546e-08    0.00000000000000000e+00    2.94498824584925011e-02   -7.76565514445662392e-08    0.00000000000000000e+00    3.04824718054568858e-02   -7.58806641231813298e-08    0.00000000000000000e+00    1.09968471142355400e-02   -3.34547927156549383e-08    0.00000000000000000e+00    1.16199682928532378e-02   -3.30949691268085676e-08    0.00000000000000000e+00    2.00055070433761001e-02   -5.68441420019397798e-08    0.00000000000000000e+00    2.09987219892127097e-02   -5.57792701064454255e-08    0.00000000000000000e+00    3.37269229531356463e-02   -8.58665477405640243e-08    0.00000000000000000e+00    3.48623857514997124e-02   -8.37200892995530064e-08    0.00000000000000000e+00    1.40638465460283801e-02   -6.86096695346315070e-08    0.00000000000000000e+00    1.42231900127531372e-02   -6.84878111878486674e-08    0.00000000000000000e+00    2.59357047130991565e-02   -1.19617560865007620e-07    0.00000000000000000e+00    2.61426864865287115e-02   -1.19320785680327309e-07    0.00000000000000000e+00    4.49172553355806081e-02   -1.87763587846401852e-07    0.00000000000000000e+00    4.49530554186324885e-02   -1.87672262634867088e-07    0.00000000000000000e+00    1.76904393696770343e-02   -8.49424389377812989e-08    0.00000000000000000e+00    1.79528885668446131e-02   -8.47192709468198399e-08    0.00000000000000000e+00    3.25348378760039192e-02   -1.45461411060659328e-07    0.00000000000000000e+00    3.29534982144446403e-02   -1.44797134676660349e-07    0.00000000000000000e+00    5.59924379682698453e-02   -2.20769008753758962e-07    0.00000000000000000e+00    5.62899184150254667e-02   -2.19936515798480655e-07    0.00000000000000000e+00    2.15551520506803637e-02   -1.01730137076171310e-07    0.00000000000000000e+00    2.19686841620291909e-02   -1.01343948994449311e-07    0.00000000000000000e+00    3.95730602518102811e-02   -1.70956028512343583e-07    0.00000000000000000e+00    4.03198600357000184e-02   -1.69660200013609023e-07    0.00000000000000000e+00    6.77150228578206892e-02   -2.50102628120419921e-07    0.00000000000000000e+00    6.83756239493301388e-02   -2.48095240104404960e-07
103      2.47239999999999983e-06    0.00000000000000000e+00    7.96523385417865701e-03   -2.46356236213980826e-08    0.00000000000000000e+00    8.37345459910035159e-03   -2.44437816301313610e-08    0.00000000000000000e+00    1.46717598937897951e-02   -4.31650750388465825e-08    0.00000000000000000e+00    1.53301271515503927e-02   -4.25883363119585735e-08    0.00000000000000000e+00    2.53567900615320474e-02   -6.86156967379671514e-08    0.00000000000000000e+00    2.61925787202192950e-02   -6.73205002495959634e-08    0.00000000000000000e+00    9.47581566635082202e-03   -2.89797688267160424e-08    0.00000000000000000e+00    9.97083018623333775e-03   -2.87204355327877222e-08    0.00000000000000000e+00    1.73424201989319238e-02   -4.99832678830422045e-08    0.00000000000000000e+00    1.81351732591767088e-02   -4.92111246288469707e-08    0.00000000000000000e+00    2.96012594476415050e-02   -7.73949568720710940e-08    0.00000000000000000e+00    3.05545847497100710e-02   -7.57573883795632451e-08    0.00000000000000000e+00    1.10583399424358051e-02   -3.34192065652219912e-08    0.00000000000000000e+00    1.16491309242617129e-02   -3.30781714315650453e-08    0.00000000000000000e+00    2.01132670853439513e-02   -5.67281738076016005e-08    0.00000000000000000e+00    2.10497336125470176e-02   -5.57248204163912258e-08    0.00000000000000000e+00    3.38962248329132895e-02   -8.55449815638179919e-08    0.00000000000000000e+00    3.49429660403074160e-02   -8.35686732602820979e-08    0.00000000000000000e+00    1.42268013077212849e-02   -6.84850506039625132e-08    0.00000000000000000e+00    1.43044466130713629e-02   -6.84257087026689858e-08    0.00000000000000000e+00    2.62281051734612469e-02   -1.19198412438884317e-07    0.00000000000000000e+00    2.62886793161826067e-02   -1.19111668364360104e-07    0.00000000000000000e+00    4.53930101342081629e-02   -1.86551747259999275e-07    0.00000000000000000e+00    4.51918710791608044e-02   -1.87063612924149641e-07    0.00000000000000000e+00    1.78942045657837848e-02   -8.47691491686337984e-08    0.00000000000000000e+00    1.80543201971928788e-02   -8.46330900441559828e-08    0.00000000000000000e+00    3.28958364763142289e-02   -1.44888543952523123e-07    0.00000000000000000e+00    3.31331798426447374e-02   -1.44512457052141106e-07    0.00000000000000000e+00    5.65617917052508093e-02   -2.19176962626067858e-07    0.00000000000000000e+00    5.65745334298809049e-02   -2.19141395325510229e-07    0.00000000000000000e+00    2.18016779075071027e-02   -1.01499838594814273e-07    0.00000000000000000e+00    2.20911402270513278e-02   -1.01229707583284275e-07    0.00000000000000000e+00    4.00035439662828132e-02   -1.70208557825699145e-07    0.00000000000000000e+00    4.05332573623361642e-02   -1.69290679915797415e-07    0.00000000000000000e+00    6.83696437133880092e-02   -2.48113380938286713e-07    0.00000000000000000e+00    6.87012463916783639e-02   -2.47108315908415859e-07
104      2.47559999999999964e-06    0.00000000000000000e+00    8.05438504551694336e-03   -2.45936610608960205e-08    0.00000000000000000e+00    8.41597897819426448e-03   -2.44238420889728471e-08    0.00000000000000000e+00    1.48317906154359809e-02   -4.30245120090362928e-08    0.00000000000000000e+00    1.54064611840358332e-02   -4.25217296490998877e-08    0.00000000000000000e+00    2.56199473717049209e-02   -6.82064757288891868e-08    0.00000000000000000e+00    2.63185970742982195e-02   -6.71263506170756657e-08    0.00000000000000000e+00    9.58127982675158023e-03   -2.89244233300022204e-08    0.00000000000000000e+00    1.00210637195617992e-02   -2.86941812583916789e-08    0.00000000000000000e+00    1.75294320438614606e-02   -4.98005932078662558e-08    0.00000000000000000e+00    1.82241844323552532e-02   -4.91247912252826210e-08    0.00000000000000000e+00    2.99017471085079138e-02   -7.68769569793977205e-08    0.00000000000000000e+00    3.06982766292804299e-02   -7.55120405531565943e-08    0.00000000000000000e+00    1.11806665694354351e-02   -3.33484656948872229e-08    0.00000000000000000e+00    1.17073012854205464e-02   -3.30446765871200983e-08    0.00000000000000000e+00    2.03274664696264443e-02   -5.64979720030705392e-08    0.00000000000000000e+00    2.11514482013085460e-02   -5.56163211971919101e-08    0.00000000000000000e+00    3.42322013475869075e-02   -8.49084174651207590e-08    0.00000000000000000e+00    3.51035079912204312e-02   -8.32673638957511791e-08    0.00000000000000000e+00    1.45508720221649811e-02   -6.82375316212906180e-08    0.00000000000000000e+00    1.44665000323392946e-02   -6.83019332490988176e-08    0.00000000000000000e+00    2.68089433153725978e-02   -1.18367869498748517e-07    0.00000000000000000e+00    2.65796711359963210e-02   -1.18695377093953407e-07    0.00000000000000000e+00    4.63357769247990242e-02   -1.84161847570702192e-07    0.00000000000000000e+00    4.56672879007862589e-02   -1.85854878055506889e-07    0.00000000000000000e+00    1.82994569803879362e-02   -8.44249703021088196e-08    0.00000000000000000e+00    1.82566154694833588e-02   -8.44613262200522072e-08    0.00000000000000000e+00    3.36129075716525977e-02   -1.43753634246729898e-07    0.00000000000000000e+00    3.34913138384107800e-02   -1.43945798968074133e-07    0.00000000000000000e+00    5.76896013528093721e-02   -2.16039178663526333e-07    0.00000000000000000e+00    5.71410202658722624e-02   -2.17562805708042843e-07    0.00000000000000000e+00    2.22920005388855778e-02   -1.01042437770642364e-07    0.00000000000000000e+00    2.23353744909715567e-02   -1.01002017533181620e-07    0.00000000000000000e+00    4.08585670041735072e-02   -1.68728023854719935e-07    0.00000000000000000e+00    4.09585784434351244e-02   -1.68555202212787654e-07    0.00000000000000000e+00    6.96657342429066878e-02   -2.44194978434172118e-07    0.00000000000000000e+00    6.93492041062150205e-02   -2.45149455458707387e-07
105      2.48199999999999970e-06    0.00000000000000000e+00    8.22986065440464362e-03   -2.45111746119920638e-08    0.00000000000000000e+00    8.50035495443879005e-03   -2.43843034192542129e-08    0.00000000000000000e+00    1.51461697518281563e-02   -4.27490762173777038e-08    0.00000000000000000e+00    1.55577804782213603e-02   -4.23898547856088683e-08    0.00000000000000000e+00    2.61349585284727549e-02   -6.74093712815655447e-08    0.00000000000000000e+00    2.65679389863566588e-02   -6.67430809563415199e-08    0.00000000000000000e+00    9.78885232312440116e-03   -2.88156418079063938e-08    0.00000000000000000e+00    1.01207343045672891e-02   -2.86421231399259738e-08    0.00000000000000000e+00    1.78967324872343764e-02   -4.94427540502317826e-08    0.00000000000000000e+00    1.84006167762000190e-02   -4.89538836981475791e-08    0.00000000000000000e+00    3.04893910439111258e-02   -7.58688308450694005e-08    0.00000000000000000e+00    3.09824874703899383e-02   -7.50279029368977601e-08    0.00000000000000000e+00    1.14214173670997999e-02   -3.32094353234394510e-08    0.00000000000000000e+00    1.18227186158834548e-02   -3.29782632523546470e-08    0.00000000000000000e+00    2.07480666355505314e-02   -5.60471629732923046e-08    0.00000000000000000e+00    2.13530399140368504e-02   -5.54015611214153482e-08    0.00000000000000000e+00    3.48887094083794383e-02   -8.36706110201775163e-08    0.00000000000000000e+00    3.54209173211298897e-02   -8.26730538218777848e-08    0.00000000000000000e+00    1.51881670424586553e-02   -6.77519926365561200e-08    0.00000000000000000e+00    1.47878717536785147e-02   -6.80567793427404514e-08    0.00000000000000000e+00    2.79473491508782472e-02   -1.16748071685539777e-07    0.00000000000000000e+00    2.71557562364263295e-02   -1.17873276630363820e-07    0.00000000000000000e+00    4.81702921525543754e-02   -1.79555349871959318e-07    0.00000000000000000e+00    4.66050212184206392e-02   -1.83482129473168770e-07    0.00000000000000000e+00    1.90965372976131809e-02   -8.37498149963372404e-08    0.00000000000000000e+00    1.86578287473848844e-02   -8.41211210952585344e-08    0.00000000000000000e+00    3.50181417102532269e-02   -1.41541191129149563e-07    0.00000000000000000e+00    3.42002883545858907e-02   -1.42826970123282187e-07    0.00000000000000000e+00    5.98816569161476769e-02   -2.10000853803737359e-07    0.00000000000000000e+00    5.82577693115354789e-02   -2.14466411997180964e-07    0.00000000000000000e+00    2.32565753408531181e-02   -1.00145141975694019e-07    0.00000000000000000e+00    2.28198139370931544e-02   -1.00551026059024273e-07    0.00000000000000000e+00    4.25337390006201230e-02   -1.65843130519078023e-07    0.00000000000000000e+00    4.18004784582762454e-02   -1.67103337977093284e-07    0.00000000000000000e+00    7.21812331434099064e-02   -2.36666603351325576e-07    0.00000000000000000e+00    7.06256797955449322e-02   -2.41310106824379206e-07
106      2.49479999999999939e-06    0.00000000000000000e+00    8.56985072057678092e-03   -2.43517624923674530e-08    0.00000000000000000e+00    8.66645705672411393e-03   -2.43065647504456948e-08    0.00000000000000000e+00    1.57530289031995105e-02   -4.22200126129916235e-08    0.00000000000000000e+00    1.58551227122591676e-02   -4.21313465919946286e-08    0.00000000000000000e+00    2.71218426965383272e-02   -6.58958309406812030e-08    0.00000000000000000e+00    2.70560928039799663e-02   -6.59961037023001039e-08    0.00000000000000000e+00    1.01909948929291682e-02   -2.86054531323511703e-08    0.00000000000000000e+00    1.03169395614844204e-02   -2.85397775270476874e-08    0.00000000000000000e+00    1.86054528200981471e-02   -4.87558234334066386e-08    0.00000000000000000e+00    1.87472412645018904e-02   -4.86189541812528601e-08    0.00000000000000000e+00    3.16138860999846533e-02   -7.39577672363188916e-08    0.00000000000000000e+00    3.15385210346809178e-02   -7.40851117000140709e-08    0.00000000000000000e+00    1.18878096555686576e-02   -3.29408347192266773e-08    0.00000000000000000e+00    1.20499189212768618e-02   -3.28477014325955267e-08    0.00000000000000000e+00    2.15592778865110433e-02   -5.51822334943839109e-08    0.00000000000000000e+00    2.17490153905817891e-02   -5.49807973853889325e-08    0.00000000000000000e+00    3.61429676421635218e-02   -8.13280865412780677e-08    0.00000000000000000e+00    3.60413999745696212e-02   -8.15166951193733657e-08    0.00000000000000000e+00    1.64211517966672653e-02   -6.68171932244131016e-08    0.00000000000000000e+00    1.54199049687379543e-02   -6.75758371728812378e-08    0.00000000000000000e+00    3.01358468639398094e-02   -1.13664050076459931e-07    0.00000000000000000e+00    2.82849577657969600e-02   -1.16269745330167510e-07    0.00000000000000000e+00    5.16485865376741377e-02   -1.70981669124110132e-07    0.00000000000000000e+00    4.84298814721288925e-02   -1.78908228904755023e-07    0.00000000000000000e+00    2.06393154534705234e-02   -8.24498253524616070e-08    0.00000000000000000e+00    1.94470452218764925e-02   -8.34536793816166796e-08    0.00000000000000000e+00    3.77190638817535492e-02   -1.37332175334670792e-07    0.00000000000000000e+00    3.55898580693024824e-02   -1.40645480469246400e-07    0.00000000000000000e+00    6.40283985963157609e-02   -1.98797701636880293e-07    0.00000000000000000e+00    6.04286228297991473e-02   -2.08506651354275057e-07    0.00000000000000000e+00    2.51243264567556426e-02   -9.84171652008000161e-08    0.00000000000000000e+00    2.37729475203914443e-02   -9.96661589621002205e-08    0.00000000000000000e+00    4.57520008763182828e-02   -1.60359721194992525e-07    0.00000000000000000e+00    4.34502696640341537e-02   -1.64273603375816946e-07    0.00000000000000000e+00    7.69261158228518871e-02   -2.22743448982006544e-07    0.00000000000000000e+00    7.31035954710339830e-02   -2.33931625850305852e-07
107      2.52039999999999920e-06    0.00000000000000000e+00    9.20857544205155518e-03   -2.40537389626680397e-08    0.00000000000000000e+00    8.98838121766184356e-03   -2.41562648496270712e-08    0.00000000000000000e+00    1.68852623573871076e-02   -4.12421640165649459e-08    0.00000000000000000e+00    1.64293792696713903e-02   -4.16344385230981417e-08    0.00000000000000000e+00    2.89379884037888890e-02   -6.31582144011883915e-08    0.00000000000000000e+00    2.79921691597573817e-02   -6.45762098359769562e-08    0.00000000000000000e+00    1.09464116721369794e-02   -2.82126181537738386e-08    0.00000000000000000e+00    1.06971928437144571e-02   -2.83419292457378672e-08    0.00000000000000000e+00    1.99267990076061399e-02   -4.74875497919078180e-08    0.00000000000000000e+00    1.94164471060351632e-02   -4.79754814161951069e-08    0.00000000000000000e+00    3.36778502418663486e-02   -7.05118352701620982e-08    0.00000000000000000e+00    3.26033319470289962e-02   -7.22958450537578803e-08    0.00000000000000000e+00    1.27638831462849652e-02   -3.24389179572967848e-08    0.00000000000000000e+00    1.24902390239947439e-02   -3.25953250537740548e-08    0.00000000000000000e+00    2.30705596795887473e-02   -5.35868752090113274e-08    0.00000000000000000e+00    2.25132198383213335e-02   -5.41727951301478653e-08    0.00000000000000000e+00    3.84380334269579030e-02   -7.71176428856645858e-08    0.00000000000000000e+00    3.72277571580027361e-02   -7.93257251734107260e-08    0.00000000000000000e+00    1.87335841940553145e-02   -6.50803470345768105e-08    0.00000000000000000e+00    1.66428793362734390e-02   -6.66497310515424394e-08    0.00000000000000000e+00    3.41931244547688737e-02   -1.08051391054478269e-07    0.00000000000000000e+00    3.04561640625321435e-02   -1.13215980802558245e-07    0.00000000000000000e+00    5.79331549612124921e-02   -1.56028934742238877e-07    0.00000000000000000e+00    5.18903612861371238e-02   -1.70393628050787153e-07    0.00000000000000000e+00    2.35359757467619966e-02   -8.00333343687365037e-08    0.00000000000000000e+00    2.09749000365075412e-02   -8.21682428574200620e-08    0.00000000000000000e+00    4.27252250837124800e-02   -1.29682944599803478e-07    0.00000000000000000e+00    3.82613994746683686e-02   -1.36493941447603446e-07    0.00000000000000000e+00    7.14873162405730567e-02   -1.79378907722547176e-07    0.00000000000000000e+00    6.45362919586635886e-02   -1.97445520606941894e-07    0.00000000000000000e+00    2.86348046569179573e-02   -9.52034460325925031e-08    0.00000000000000000e+00    2.56190305391033740e-02   -9.79615876129764867e-08    0.00000000000000000e+00    5.17117124620227880e-02   -1.50411694549356968e-07    0.00000000000000000e+00    4.66209472595962710e-02   -1.58892535492717609e-07    0.00000000000000000e+00    8.54118364472667285e-02   -1.98760455790987712e-07    0.00000000000000000e+00    7.77792837475765331e-02   -2.20278835080917607e-07
108      2.57159999999999881e-06    0.00000000000000000e+00    1.03392414262025029e-02   -2.35308460277416108e-08    0.00000000000000000e+00    9.59350264417453691e-03   -2.38750539163668563e-08    0.00000000000000000e+00    1.88655934592992201e-02   -3.95607925554951248e-08    0.00000000000000000e+00    1.75017690041861899e-02   -4.07147797726142571e-08    0.00000000000000000e+00    3.20378195595243734e-02   -5.86281309710625746e-08    0.00000000000000000e+00    2.97170183641707816e-02   -6.20028442498669432e-08    0.00000000000000000e+00    1.22837905711867292e-02   -2.75235598337799891e-08    0.00000000000000000e+00    1.14119589459574355e-02   -2.79718235269521803e-08    0.00000000000000000e+00    2.22356066006881292e-02   -4.53104335821664353e-08    0.00000000000000000e+00    2.06654341241785632e-02   -4.67856492675184854e-08    0.00000000000000000e+00    3.71840204500501828e-02   -6.48412182048253530e-08    0.00000000000000000e+00    3.45604281702748956e-02   -6.90626978675155146e-08    0.00000000000000000e+00    1.43151841327017245e-02   -3.15585707326628134e-08    0.00000000000000000e+00    1.33179645090578270e-02   -3.21232457719128819e-08    0.00000000000000000e+00    2.57081681275760192e-02   -5.08525600311987555e-08    0.00000000000000000e+00    2.39386009327274378e-02   -5.26799735716528553e-08    0.00000000000000000e+00    4.23143572731308273e-02   -7.02296980888156568e-08    0.00000000000000000e+00    3.94016373629142436e-02   -7.53791479044021514e-08    0.00000000000000000e+00    2.28298144216244683e-02   -6.20563826022926563e-08    0.00000000000000000e+00    1.89371215784857987e-02   -6.49284953516800393e-08    0.00000000000000000e+00    4.12410504295962904e-02   -9.86291872518199895e-08    0.00000000000000000e+00    3.44827166984153291e-02   -1.07656011663977687e-07    0.00000000000000000e+00    6.83614952974914841e-02   -1.32770724543857696e-07    0.00000000000000000e+00    5.81442821409038912e-02   -1.55538663826096406e-07    0.00000000000000000e+00    2.86827189959120571e-02   -7.58186000905051168e-08    0.00000000000000000e+00    2.38445583446495468e-02   -7.97777801751450101e-08    0.00000000000000000e+00    5.14208727584830674e-02   -1.16872746549514671e-07    0.00000000000000000e+00    4.32154738206183275e-02   -1.28944551010808597e-07    0.00000000000000000e+00    8.37574200776046301e-02   -1.49526301232942417e-07    0.00000000000000000e+00    7.19281553276346908e-02   -1.78260894232267786e-07    0.00000000000000000e+00    3.48888943344566327e-02   -8.95890256344728817e-08    0.00000000000000000e+00    2.90904335978578975e-02   -9.47896032476003628e-08    0.00000000000000000e+00    6.20443452034706439e-02   -1.33809104481318886e-07    0.00000000000000000e+00    5.24963228298274756e-02   -1.49122111794422099e-07    0.00000000000000000e+00    9.92121157075535332e-02   -1.62329227262534553e-07    0.00000000000000000e+00    8.61465352633726672e-02   -1.96739844865704058e-07
109      2.62279999999999842e-06    0.00000000000000000e+00    1.12994862124991529e-02   -2.30914551112921727e-08    0.00000000000000000e+00    1.01505423544484118e-02   -2.36176978416611432e-08    0.00000000000000000e+00    2.05231700457980462e-02   -3.81817753501550379e-08    0.00000000000000000e+00    1.84808088946101373e-02   -3.98846055462867716e-08    0.00000000000000000e+00    3.45535253716078156e-02   -5.50834263020901328e-08    0.00000000000000000e+00    3.12648184672172924e-02   -5.97409961240734696e-08    0.00000000000000000e+00    1.34202569475024413e-02   -2.69444711268903704e-08    0.00000000000000000e+00    1.20700140552023119e-02   -2.76331531837450399e-08    0.00000000000000000e+00    2.41665236586573323e-02   -4.35277956185998298e-08    0.00000000000000000e+00    2.18049896109405797e-02   -4.57127245646115412e-08    0.00000000000000000e+00    4.00120193821887904e-02   -6.04353561403525446e-08    0.00000000000000000e+00    3.63108389024052181e-02   -6.62318772036765342e-08    0.00000000000000000e+00    1.56343497473275979e-02   -3.08184487799208747e-08    0.00000000000000000e+00    1.40801670333691349e-02   -3.16912477716427781e-08    0.00000000000000000e+00    2.79114744097129011e-02   -4.86174300879885874e-08    0.00000000000000000e+00    2.52381334963073869e-02   -5.13351598328758607e-08    0.00000000000000000e+00    4.54164100518263045e-02   -6.49201660368734832e-08    0.00000000000000000e+00    4.13380495849663479e-02   -7.19380512649254676e-08    0.00000000000000000e+00    2.63319727862738433e-02   -5.95248452485281742e-08    0.00000000000000000e+00    2.10471303644552375e-02   -6.33641059917583147e-08    0.00000000000000000e+00    4.71284116608707351e-02   -9.10822028091979305e-08    0.00000000000000000e+00    3.81335791669626875e-02   -1.02731869118241549e-07    0.00000000000000000e+00    7.65774133827954867e-02   -1.15839124148357936e-07    0.00000000000000000e+00    6.36289152295655552e-02   -1.43083097503471241e-07    0.00000000000000000e+00    3.31065528716557034e-02   -7.22773147348400255e-08    0.00000000000000000e+00    2.64891197752567288e-02   -7.76025708102543122e-08    0.00000000000000000e+00    5.86857471087827154e-02   -1.06642635845182389e-07    0.00000000000000000e+00    4.77075904442995566e-02   -1.22268429131948822e-07    0.00000000000000000e+00    9.33068232092862104e-02   -1.28139663970224019e-07    0.00000000000000000e+00    7.83724915679406414e-02   -1.62303133480314162e-07    0.00000000000000000e+00    4.02884407185603796e-02   -8.48573185863031752e-08    0.00000000000000000e+00    3.22954806319992876e-02   -9.18998464663611136e-08    0.00000000000000000e+00    7.06510728689569850e-02   -1.20617010562893056e-07    0.00000000000000000e+00    5.78181687648231663e-02   -1.40499960597318696e-07    0.00000000000000000e+00    1.09776228197805747e-01   -1.36658718868125989e-07    0.00000000000000000e+00    9.33841994722584834e-02   -1.77319866578710584e-07
110      2.67399999999999803e-06    0.00000000000000000e+00    1.21178743880461515e-02   -2.27203772098071084e-08    0.00000000000000000e+00    1.06638431588884815e-02   -2.33818320520874704e-08    0.00000000000000000e+00    2.19191386347170232e-02   -3.70404272924946380e-08    0.00000000000000000e+00    1.93762526072024238e-02   -3.91331995313777725e-08    0.00000000000000000e+00    3.66158055108117761e-02   -5.22652587560109866e-08    0.00000000000000000e+00    3.26580794572856395e-02   -5.77432257100607633e-08    0.00000000000000000e+00    1.43899004976649047e-02   -2.64550840211870283e-08    0.00000000000000000e+00    1.26765657029569642e-02   -2.73227493409026490e-08    0.00000000000000000e+00    2.57923773306507030e-02   -4.20537888570997874e-08    0.00000000000000000e+00    2.28467975234491194e-02   -4.47424155419978089e-08    0.00000000000000000e+00    4.23173760342754959e-02   -5.69544630248157231e-08    0.00000000000000000e+00    3.78815952608602124e-02   -6.37405164136189923e-08    0.00000000000000000e+00    1.67612007249737724e-02   -3.01924241505420402e-08    0.00000000000000000e+00    1.47829528017804062e-02   -3.12952333366289074e-08    0.00000000000000000e+00    2.97654326321024169e-02   -4.67713482857141930e-08    0.00000000000000000e+00    2.64255038710231628e-02   -5.01199613867271913e-08    0.00000000000000000e+00    4.79261192681115222e-02   -6.07563849969590047e-08    0.00000000000000000e+00    4.30688825505705711e-02   -6.89216558674458119e-08    0.00000000000000000e+00    2.93565414384593416e-02   -5.73788620323299137e-08    0.00000000000000000e+00    2.29939702315019347e-02   -6.19366098200075059e-08    0.00000000000000000e+00    5.21166914618216986e-02   -8.49220009928825820e-08    0.00000000000000000e+00    4.14600361892003139e-02   -9.83431656644347582e-08    0.00000000000000000e+00    8.31892418352560697e-02   -1.03118841763053486e-07    0.00000000000000000e+00    6.84749796301750147e-02   -1.32528486497144677e-07    0.00000000000000000e+00    3.69517320239777305e-02   -6.92610694198704197e-08    0.00000000000000000e+00    2.89351559994912091e-02   -7.56144903411991602e-08    0.00000000000000000e+00    6.48421023062076274e-02   -9.83166859426405355e-08    0.00000000000000000e+00    5.18013004713316211e-02   -1.16326297632825036e-07    0.00000000000000000e+00    1.00901712861132628e-01   -1.12310396802434027e-07    0.00000000000000000e+00    8.40330329291349293e-02   -1.48886239123596977e-07    0.00000000000000000e+00    4.50053095186258439e-02   -8.08125233109847590e-08    0.00000000000000000e+00    3.52662832848745708e-02   -8.92548175884596482e-08    0.00000000000000000e+00    7.79184671400843382e-02   -1.09938917391822982e-07    0.00000000000000000e+00    6.26622058476334204e-02   -1.32842605614197186e-07    0.00000000000000000e+00    1.18042017396050442e-01   -1.17951151555723190e-07    0.00000000000000000e+00    9.96913375716447087e-02   -1.61122679858288857e-07
111      2.72519999999999764e-06    0.00000000000000000e+00    1.28174296139694447e-02   -2.24056652684247986e-08    0.00000000000000000e+00    1.11372799519846109e-02   -2.31653753186366322e-08    0.00000000000000000e+00    2.31007280120475618e-02   -3.60886665120164339e-08    0.00000000000000000e+00    2.01965830132526461e-02   -3.84514363396752778e-08    0.00000000000000000e+00    3.83198684046309537e-02   -4.99959543882440679e-08    0.00000000000000000e+00    3.39156833228161508e-02   -5.59710234551461689e-08    0.00000000000000000e+00    1.52200144578812663e-02   -2.60395609338285314e-08    0.00000000000000000e+00    1.32362412951671019e-02   -2.70378337817028148e-08    0.00000000000000000e+00    2.71689592000267863e-02   -4.08250989154213499e-08    0.00000000000000000e+00    2.38009681713162967e-02   -4.38626093176000774e-08    0.00000000000000000e+00    4.42123849921755505e-02   -5.41674918170736423e-08    0.00000000000000000e+00    3.92952452608476693e-02   -6.15378757459474808e-08    0.00000000000000000e+00    1.77274213463047559e-02   -2.96601983615574619e-08    0.00000000000000000e+00    1.54317272535607064e-02   -3.09316223859636126e-08    0.00000000000000000e+00    3.13346789551850330e-02   -4.52335955286218141e-08    0.00000000000000000e+00    2.75125045025627311e-02   -4.90188493617452975e-08    0.00000000000000000e+00    4.99738937813791542e-02   -5.74464053991767937e-08    0.00000000000000000e+00    4.46206162920226163e-02   -6.62650718724904142e-08    0.00000000000000000e+00    3.19900160244487586e-02   -5.55410592941601263e-08    0.00000000000000000e+00    2.47954218602645382e-02   -6.06293963087962771e-08    0.00000000000000000e+00    5.63893930207397115e-02   -7.98186679984468939e-08    0.00000000000000000e+00    4.45036383900567836e-02   -9.44101565631498481e-08    0.00000000000000000e+00    8.85963419552241310e-02   -9.33231200755862885e-08    0.00000000000000000e+00    7.27838411243088013e-02   -1.23502982770091285e-07    0.00000000000000000e+00    4.03237156251334758e-02   -6.66637936575761987e-08    0.00000000000000000e+00    3.12048505937795768e-02   -7.37903468078528150e-08    0.00000000000000000e+00    7.01150707198833351e-02   -9.14400481730149157e-08    0.00000000000000000e+00    5.55477383324505178e-02   -1.11008108686779149e-07    0.00000000000000000e+00    1.07043029242395504e-01   -1.00287555980125466e-07    0.00000000000000000e+00    8.90367194093198422e-02   -1.37500294251217890e-07    0.00000000000000000e+00    4.91635477025194750e-02   -7.73160821440158987e-08    0.00000000000000000e+00    3.80293904566831459e-02   -8.68238426208205230e-08    0.00000000000000000e+00    8.41174830767312254e-02   -1.01170891924158290e-07    0.00000000000000000e+00    6.70892620937633133e-02   -1.26005270692126764e-07    0.00000000000000000e+00    1.24619195724719009e-01   -1.03947590265492280e-07    0.00000000000000000e+00    1.05222398018515059e-01   -1.47484537460119985e-07
112      2.77639999999999725e-06    0.00000000000000000e+00    1.34169028782550326e-02   -2.21378001155302468e-08    0.00000000000000000e+00    1.15743210090737854e-02   -2.29664887386279753e-08    0.00000000000000000e+00    2.41050436165246330e-02   -3.52900084368146026e-08    0.00000000000000000e+00    2.09492167988585658e-02   -3.78314965596061693e-08    0.00000000000000000e+00    3.97369315672635171e-02   -4.81495577246322515e-08    0.00000000000000000e+00    3.50536058605777218e-02   -5.43928097149589294e-08    0.00000000000000000e+00    1.59327081655042842e-02   -2.56853503605541593e-08    0.00000000000000000e+00    1.37531673545962293e-02   -2.67759605087441130e-08    0.00000000000000000e+00    2.83398182698637625e-02   -3.97939874472799280e-08    0.00000000000000000e+00    2.46763013088940469e-02   -4.30629703146717575e-08    0.00000000000000000e+00    4.57804388881763724e-02   -5.19119265595335055e-08    0.00000000000000000e+00    4.05707723541589849e-02   -5.95825602352542991e-08    0.00000000000000000e+00    1.85585515617210650e-02   -2.92057597481604254e-08    0.00000000000000000e+00    1.60312943421824540e-02   -3.05972728162053287e-08    0.00000000000000000e+00    3.26693959679707352e-02   -4.39436146936459104e-08    0.00000000000000000e+00    2.85093605635258693e-02   -4.80186182933441049e-08    0.00000000000000000e+00    5.16559869052749948e-02   -5.47861950593858548e-08    0.00000000000000000e+00    4.60154554354488959e-02   -6.39155839122102374e-08    0.00000000000000000e+00    3.42983523741973509e-02   -5.39538187582347936e-08    0.00000000000000000e+00    2.64666243823655015e-02   -5.94285093986608159e-08    0.00000000000000000e+00    6.00806419577080975e-02   -7.55398648085844109e-08    0.00000000000000000e+00    4.72985434900427201e-02   -9.08685359751507952e-08    0.00000000000000000e+00    9.30743218435523545e-02   -8.56260066300200196e-08    0.00000000000000000e+00    7.66357245006459575e-02   -1.15723331539591453e-07    0.00000000000000000e+00    4.33020104569170894e-02   -6.44072062190561090e-08    0.00000000000000000e+00    3.33169118586349733e-02   -7.21108109496083480e-08    0.00000000000000000e+00    7.46691871259339141e-02   -8.56926167421677886e-08    0.00000000000000000e+00    5.89887534835018129e-02   -1.06225419125668479e-07    0.00000000000000000e+00    1.12074416985151873e-01   -9.09599250306331660e-08    0.00000000000000000e+00    9.34839653305406804e-02   -1.27758379460013214e-07    0.00000000000000000e+00    5.28559042275805885e-02   -7.42663411416177985e-08    0.00000000000000000e+00    4.06070092878289754e-02   -8.45815246173714810e-08    0.00000000000000000e+00    8.94471798509470922e-02   -9.38870788484306879e-08    0.00000000000000000e+00    7.11491453810741969e-02   -1.19871588539546770e-07    0.00000000000000000e+00    1.29922737433521007e-01   -9.32322247858879839e-08    0.00000000000000000e+00    1.10099472781855515e-01   -1.35904072214622896e-07
113      2.87879999999999648e-06    0.00000000000000000e+00    1.43796239650244989e-02   -2.17111429875677311e-08    0.00000000000000000e+00    1.23525904204629371e-02   -2.26145279809531831e-08    0.00000000000000000e+00    2.57037003547518281e-02   -3.40382404752409844e-08    0.00000000000000000e+00    2.22791841975401132e-02   -3.67490166325027410e-08    0.00000000000000000e+00    4.19316364013628678e-02   -4.53625267726011265e-08    0.00000000000000000e+00    3.70279131868389150e-02   -5.17115071592506695e-08    0.00000000000000000e+00    1.70809415508235141e-02   -2.51196085648913151e-08    0.00000000000000000e+00    1.46746155539244499e-02   -2.63122069828381074e-08    0.00000000000000000e+00    3.02064788544904490e-02   -3.81766665638374185e-08    0.00000000000000000e+00    2.62232548895244139e-02   -4.16672864713174846e-08    0.00000000000000000e+00    4.81930747322748612e-02   -4.85306170077239610e-08    0.00000000000000000e+00    4.27753859220000379e-02   -5.62746909646303229e-08    0.00000000000000000e+00    1.99019028953324878e-02   -2.84778633082789527e-08    0.00000000000000000e+00    1.71011799465657921e-02   -3.00046698447602653e-08    0.00000000000000000e+00    3.47981522983494135e-02   -4.19204144768659575e-08    0.00000000000000000e+00    3.02705865724728733e-02   -4.62738332466895424e-08    0.00000000000000000e+00    5.42180082578088626e-02   -5.08359954206745402e-08    0.00000000000000000e+00    4.84135085758757092e-02   -5.99614058654021439e-08    0.00000000000000000e+00    3.81510198584963725e-02   -5.13542805839598409e-08    0.00000000000000000e+00    2.94733649501956567e-02   -5.72967170809650464e-08    0.00000000000000000e+00    6.61313102293814292e-02   -6.87897824231451415e-08    0.00000000000000000e+00    5.22617308501412553e-02   -8.47460670580944047e-08    0.00000000000000000e+00    1.00034535896340412e-01   -7.44119640107301273e-08    0.00000000000000000e+00    8.32365767003790530e-02   -1.03030442022529322e-07    0.00000000000000000e+00    4.83300697811034699e-02   -6.06780213198694384e-08    0.00000000000000000e+00    3.71355029087602137e-02   -6.91183503358295546e-08    0.00000000000000000e+00    8.21283119053472788e-02   -7.66686691030853128e-08    0.00000000000000000e+00    6.51004578603360390e-02   -9.79741538054233803e-08    0.00000000000000000e+00    1.19784528552996164e-01   -7.75861174570060305e-08    0.00000000000000000e+00    1.01043911505353842e-01   -1.12023763509535871e-07    0.00000000000000000e+00    5.91360764421867413e-02   -6.91992163727300581e-08    0.00000000000000000e+00    4.52850769989073254e-02   -8.05752161037117278e-08    0.00000000000000000e+00    9.81160969912746733e-02   -8.25517328806627270e-08    0.00000000000000000e+00    7.83415402350593898e-02   -1.09330345174629971e-07    0.00000000000000000e+00    1.37874535375484025e-01   -7.81423227484190580e-08    0.00000000000000000e+00    1.18297378419278051e-01   -1.17392351909612707e-07
114      3.00000000000000008e-06    0.00000000000000000e+00    1.52043414215247089e-02   -2.13491090893478409e-08    0.00000000000000000e+00    1.31305032794208319e-02   -2.22655645613135527e-08    0.00000000000000000e+00    2.70588742289016096e-02   -3.29959442426090447e-08    0.00000000000000000e+00    2.35953400123306706e-02   -3.56941615441463832e-08    0.00000000000000000e+00    4.37205265059413331e-02   -4.31558752435526270e-08    0.00000000000000000e+00    3.89326834900518212e-02   -4.91929783642520818e-08    0.00000000000000000e+00    1.80702381519566406e-02   -2.46370803621585020e-08    0.00000000000000000e+00    1.55973269112315571e-02   -2.58517452220030675e-08    0.00000000000000000e+00    3.17938490856140982e-02   -3.68270832438667672e-08    0.00000000000000000e+00    2.77549481538766421e-02   -4.03074556695711681e-08    0.00000000000000000e+00    5.01399246579143573e-02   -4.58807139505683621e-08    0.00000000000000000e+00    4.48906458388126511e-02   -5.31862797571262268e-08    0.00000000000000000e+00    2.10658807231560441e-02   -2.78538002682455024e-08    0.00000000000000000e+00    1.81745484134114010e-02   -2.94153356582090836e-08    0.00000000000000000e+00    3.66104596377126862e-02   -4.02312621658394513e-08    0.00000000000000000e+00    3.20141752670717872e-02   -4.45748224233349471e-08    0.00000000000000000e+00    5.62524226370793717e-02   -4.77866106552898850e-08    0.00000000000000000e+00    5.06961395877574411e-02   -5.62977532538965804e-08    0.00000000000000000e+00    4.16830699008117062e-02   -4.90261622114165554e-08    0.00000000000000000e+00    3.25384695025809842e-02   -5.51619392536336581e-08    0.00000000000000000e+00    7.15417413944888780e-02   -6.30350551131699902e-08    0.00000000000000000e+00    5.72334609176962383e-02   -7.88296368137980494e-08    0.00000000000000000e+00    1.05807668859713308e-01   -6.58025050805527950e-08    0.00000000000000000e+00    8.95282927394568800e-02   -9.16904244969429130e-08    0.00000000000000000e+00    5.30237187116792061e-02   -5.72892320652336920e-08    0.00000000000000000e+00    4.10589600683202091e-02   -6.61034536021806255e-08    0.00000000000000000e+00    8.87869665810160774e-02   -6.90291725651818911e-08    0.00000000000000000e+00    7.12230399330254921e-02   -9.00254067134241448e-08    0.00000000000000000e+00    1.26044590700688020e-01   -6.75489557259529760e-08    0.00000000000000000e+00    1.08164698166838977e-01   -9.81676025406426360e-08    0.00000000000000000e+00    6.50628729072817297e-02   -6.45579217193534568e-08    0.00000000000000000e+00    5.01195944377357747e-02   -7.65214649559939717e-08    0.00000000000000000e+00    1.05767912728549532e-01   -7.30844575564090853e-08    0.00000000000000000e+00    8.55155908221817557e-02   -9.92373788723470284e-08    0.00000000000000000e+00    1.44110595601585512e-01   -6.71332432431694654e-08    0.00000000000000000e+00    1.25888746734654750e-01   -1.01335938039216965e-07
End of Xyce(TM) Simulation
