Index          V(NORM)               V(VOV100T050R0125)        I(VDDV100T050R0125)         V(VOV100T050R0250)        I(VDDV100T050R0250)         V(VOV100T050R0500)        I(VDDV100T050R0500)         V(VOV100T075R0125)        I(VDDV100T075R0125)         V(VOV100T075R0250)        I(VDDV100T075R0250)         V(VOV100T075R0500)        I(VDDV100T075R0500)         V(VOV100T100R0125)        I(VDDV100T100R0125)         V(VOV100T100R0250)        I(VDDV100T100R0250)         V(VOV100T100R0500)        I(VDDV100T100R0500)         V(VOV200T050R0125)        I(VDDV200T050R0125)         V(VOV200T050R0250)        I(VDDV200T050R0250)         V(VOV200T050R0500)        I(VDDV200T050R0500)         V(VOV200T075R0125)        I(VDDV200T075R0125)         V(VOV200T075R0250)        I(VDDV200T075R0250)         V(VOV200T075R0500)        I(VDDV200T075R0500)         V(VOV200T100R0125)        I(VDDV200T100R0125)         V(VOV200T100R0250)        I(VDDV200T100R0250)         V(VOV200T100R0500)        I(VDDV200T100R0500)    
0        0.00000000000000000e+00    1.72248537297464907e-02   -2.04756112163005958e-08    3.03322715539457444e-02   -3.05491975353133060e-08    4.75378462357739645e-02   -3.86401752223918687e-08    2.05677939342202472e-02   -2.34390712369872440e-08    3.57017116309190710e-02   -3.36052284960063825e-08    5.41508273938050080e-02   -4.06407509545278467e-08    2.40938441922630038e-02   -2.62592536508019708e-08    4.11112208861681497e-02   -3.61687549769014603e-08    6.02072898443213114e-02   -4.20786018913747690e-08    5.48440662025512227e-02   -4.08229228204099168e-08    8.97136699439716606e-02   -4.56836118141051295e-08    1.20482527183923188e-01   -4.67100525920561673e-08    7.26104997968919225e-02   -4.41342890176641304e-08    1.10923291522819878e-01   -4.65261634949454103e-08    1.40703651124104434e-01   -4.69110939637533749e-08    9.12000246160370315e-02   -4.57718270663347390e-08    1.29710940748547693e-01   -4.68251566599997420e-08    1.56800249589542862e-01   -4.69785784976973935e-08
1        1.00000000000000002e-02    1.70463371764357566e-02   -2.05520147577254086e-08    3.00501102066041449e-02   -3.07561530640379077e-08    4.71962004995269552e-02   -3.90336705960375285e-08    2.03539418994907184e-02   -2.35405156139616903e-08    3.53789250186533621e-02   -3.38659219683271570e-08    5.37969529173126862e-02   -4.10912279111242081e-08    2.38430998084824403e-02   -2.63897062859941224e-08    4.07543790734154893e-02   -3.64839391212242797e-08    5.98551564103534314e-02   -4.25750728318196124e-08    5.35768032221154017e-02   -4.15799838963333587e-08    8.83470762602176912e-02   -4.68812954886463650e-08    1.19367841579978387e-01   -4.80216196786584136e-08    7.10174316864307931e-02   -4.51435193013032241e-08    1.09526144100648370e-01   -4.78125443002483706e-08    1.39664603962442291e-01   -4.82429085571568001e-08    8.94329903705684270e-02   -4.69530837619856714e-08    1.28382273325987784e-01   -4.81456261324078724e-08    1.55894649271012514e-01   -4.83172642968049107e-08
2        2.00000000000000004e-02    1.68704814818322994e-02   -2.06274257465886204e-08    2.97712281951667060e-02   -3.09614346259402100e-08    4.68564577489996789e-02   -3.94270417840933595e-08    2.01432373414256703e-02   -2.36406748849528637e-08    3.50594441675662269e-02   -3.41249079288534411e-08    5.34442105867599382e-02   -4.15425351115075374e-08    2.35959583390470337e-02   -2.65185659902208571e-08    4.04005680419221649e-02   -3.67976220819396197e-08    5.95033330798740850e-02   -4.30733969119302676e-08    5.23403774877310851e-02   -4.23254264186527644e-08    8.69839367750300518e-02   -4.80934234674433890e-08    1.18250131947597051e-01   -4.93593455498036924e-08    6.94465764959581178e-02   -4.61493582711089158e-08    1.08124033700623387e-01   -4.91218077806378423e-08    1.38619177571634583e-01   -4.96028851569663263e-08    8.76711022993510308e-02   -4.81439818584372811e-08    1.27043341458232595e-01   -4.94927691340131467e-08    1.54980005426127693e-01   -4.96848141305356236e-08
3        2.99999999999999989e-02    1.66972465685567908e-02   -2.07018548129619424e-08    2.94956107542495329e-02   -3.11650277224145816e-08    4.65186599349909288e-02   -3.98202081415623222e-08    1.99356366420697199e-02   -2.37395605371553186e-08    3.47432748782592685e-02   -3.43821519807320769e-08    5.30926573397923693e-02   -4.19945797739335221e-08    2.33523765924581184e-02   -2.66458429985920745e-08    4.00498204527582821e-02   -3.71097444031516084e-08    5.91518815137346485e-02   -4.35734816954705563e-08    5.11352551837492911e-02   -4.30584418267221485e-08    8.56251717095068143e-02   -4.93190066881185897e-08    1.17129610465563833e-01   -5.07232460367144671e-08    6.78998645667879264e-02   -4.71500571572312621e-08    1.06717525394062263e-01   -5.04535791498553000e-08    1.37567538448375631e-01   -5.09912288777210797e-08    8.59165461357857818e-02   -4.93428436356939058e-08    1.25694466111323871e-01   -5.08666003205292114e-08    1.54056452842965097e-01   -5.10815041713462629e-08
4        4.00000000000000008e-02    1.65265927316635280e-02   -2.07753126594615138e-08    2.92232418715998657e-02   -3.13669192210718765e-08    4.61828475969166888e-02   -4.02130897255961855e-08    1.97310963263976936e-02   -2.38371843036616187e-08    3.44304209036764147e-02   -3.46376216390471475e-08    5.27423492347608228e-02   -4.24472687725401936e-08    2.31123110510110669e-02   -2.67715481029043896e-08    3.97021663810153275e-02   -3.74202487847189567e-08    5.88008632027770886e-02   -4.40752333369077195e-08    4.99617506876422895e-02   -4.37783215402743900e-08    8.42717367019870378e-02   -5.05569746237041203e-08    1.16006498139340913e-01   -5.21133038149056151e-08    6.63791153840035120e-02   -4.81439002024526985e-08    1.05307225454221678e-01   -5.18074114201338912e-08    1.36509854768642802e-01   -5.24081277348732310e-08    8.41715872762792278e-02   -5.05478742047735534e-08    1.24335991035163115e-01   -5.22670942273884474e-08    1.53124128544699284e-01   -5.25076004287365401e-08
5        5.00000000000000028e-02    1.63584806320085790e-02   -2.08478100533848452e-08    2.89541043218258833e-02   -3.15670973306502051e-08    4.58490598309095124e-02   -4.06056073832861047e-08    1.95295730680278487e-02   -2.39335581475932535e-08    3.41208839834780606e-02   -3.48912863228048482e-08    5.23933413962167430e-02   -4.29005087451019521e-08    2.28757178988850014e-02   -2.68956926234506525e-08    3.93576333223064692e-02   -3.77290801184654446e-08    5.84503394099098947e-02   -4.45785566729930304e-08    4.88200311939292406e-02   -4.44844579208405064e-08    8.29246190051171200e-02   -5.18061774067574844e-08    1.14881026728742730e-01   -5.35294660620907696e-08    6.48860147355095201e-02   -4.91292255866562352e-08    1.03893783239381449e-01   -5.31827808249119968e-08    1.35446298546420874e-01   -5.38537513347076404e-08    8.24385517277965024e-02   -5.17571735586840892e-08    1.22968284600816227e-01   -5.36941815606353507e-08    1.52183172473597417e-01   -5.39633580855795104e-08
6        5.99999999999999978e-02    1.61928713099605687e-02   -2.09193578145872360e-08    2.86881797291736254e-02   -3.17655515658273928e-08    4.55173342691915991e-02   -4.09976828345532986e-08    1.93310237219990466e-02   -2.40286942393686833e-08    3.38146639076764149e-02   -3.51431173339012613e-08    5.20456879644310075e-02   -4.33542062005894904e-08    2.26425530837790177e-02   -2.70182883707360044e-08    3.90162462248539732e-02   -3.80361855103970533e-08    5.81003711119580379e-02   -4.50833553178733248e-08    4.77101251851574856e-02   -4.51763428220110416e-08    8.15848328587169269e-02   -5.30653891651190747e-08    1.13753439500614659e-01   -5.49716420659512914e-08    6.34220952725229048e-02   -5.01044449593519967e-08    1.02477892864266534e-01   -5.45790823838547199e-08    1.34377046059040633e-01   -5.53282495035028544e-08    8.07198035937401193e-02   -5.29687521536941379e-08    1.21591741868710954e-01   -5.51477452266743282e-08    1.51233727533321649e-01   -5.54490208011088149e-08
7        7.00000000000000067e-02    1.60297261978026261e-02   -2.09899668039967389e-08    2.84254486294213474e-02   -3.19622727111841812e-08    4.51877070622012586e-02   -4.13892387522799679e-08    1.91354053552656653e-02   -2.41226049350112318e-08    3.35117585816219962e-02   -3.53930878328824836e-08    5.16994420466111229e-02   -4.38082676269160040e-08    2.24127723751739207e-02   -2.71393476086130717e-08    3.86780275262111964e-02   -3.83415142969706818e-08    5.77510189413597969e-02   -4.55895317615337056e-08    4.66319324527777260e-02   -4.58535645836186459e-08    8.02534140477774993e-02   -5.43333126319169406e-08    1.12623991980915106e-01   -5.64397007568279798e-08    6.19887205611080738e-02   -5.10680610884486435e-08    1.01060294558830477e-01   -5.59956257187347231e-08    1.33302278306524996e-01   -5.68317508274198683e-08    7.90177195024725637e-02   -5.41805498765315569e-08    1.20206786758128709e-01   -5.66276161090116639e-08    1.50275939654759882e-01   -5.69648199717428582e-08
8        8.00000000000000017e-02    1.58690071308946606e-02   -2.10596479127455264e-08    2.81658905307722134e-02   -3.21572527844688924e-08    4.48602128634859043e-02   -4.17801988394854580e-08    1.89426752750066658e-02   -2.42153027554728372e-08    3.32121640920734693e-02   -3.56411728117353405e-08    5.13546556699573942e-02   -4.42625995985443627e-08    2.21863314193100243e-02   -2.72588830188368698e-08    3.83429971943139644e-02   -3.86450180555865822e-08    5.74023431278658375e-02   -4.60969874713275973e-08    4.55852352277273457e-02   -4.65158037338659618e-08    7.89314136819122131e-02   -5.56085850600830135e-08    1.11492952698282341e-01   -5.79334681779518982e-08    6.05870730904875185e-02   -5.20186830769731056e-08    9.96417756325121556e-02   -5.74316312425646986e-08    1.32222181505104619e-01   -5.83643610983693358e-08    7.73346606026611288e-02   -5.53904580533263642e-08    1.18813874302321168e-01   -5.81335686024053100e-08    1.49309957886608474e-01   -5.85109739457135313e-08
9        8.99999999999999967e-02    1.57106763576628054e-02   -2.11284120518964626e-08    2.79094839736389010e-02   -3.23504849993080346e-08    4.45348848173617098e-02   -4.21704879033691478e-08    1.87527910548440646e-02   -2.43068003669492705e-08    3.29158747740926835e-02   -3.58873490639458104e-08    5.10113797366910787e-02   -4.47171088836299693e-08    2.19631857909750594e-02   -2.73769076670323854e-08    3.80111727725514700e-02   -3.89466506094992717e-08    5.70544034404007680e-02   -4.66056229963338788e-08    4.45697100024667683e-02   -4.71628276726829193e-08    7.76198912620985337e-02   -5.68897854334153005e-08    1.10360603909888513e-01   -5.94527249092427538e-08    5.92181464946277755e-02   -5.29550387380416037e-08    9.82231709566226963e-02   -5.88862268591464461e-08    1.31136947614809179e-01   -5.99261616614332899e-08    7.56729429523280289e-02   -5.65963439542684429e-08    1.17413492967976735e-01   -5.96653159231598114e-08    1.48335934511928891e-01   -6.00876871871930551e-08
10       1.00000000000000006e-01    1.55546965484791768e-02   -2.11962701427427963e-08    2.76562065892222882e-02   -3.25419637274997629e-08    4.42117545493293518e-02   -4.25600319260600875e-08    1.85657105590640338e-02   -2.43971105621607243e-08    3.26228832785168330e-02   -3.61315951520626457e-08    5.06696639811778440e-02   -4.51717025503790533e-08    2.17432910422013202e-02   -2.74934349700651904e-08    3.76825694285367468e-02   -3.92463680273611471e-08    5.67072591292475808e-02   -4.71153380742662513e-08    4.35849396647627133e-02   -4.77944846040403041e-08    7.63199071308785643e-02   -5.81754429234980641e-08    1.09227242299035784e-01   -6.09972034644813382e-08    5.78827420286456840e-02   -5.38759838761714729e-08    9.68053628742811811e-02   -6.03584453229604310e-08    1.30046774900724471e-01   -6.15172076599058502e-08    7.40348072936030110e-02   -5.77960770629584749e-08    1.16006167011278458e-01   -6.12225052243439381e-08    1.47354025191889115e-01   -6.16951493853509115e-08
11       1.10000000000000001e-01    1.54010308034949837e-02   -2.12632331076604598e-08    2.74060351568013554e-02   -3.27316844610194100e-08    4.38908521592236908e-02   -4.29487581319284043e-08    1.83813919649332240e-02   -2.44862462425710230e-08    3.23331806397741880e-02   -3.63738913729982312e-08    5.03295569292637815e-02   -4.56262880723040958e-08    2.15266027479734494e-02   -2.76084786647985947e-08    3.73572000062577306e-02   -3.95441286176287652e-08    5.63609688687178451e-02   -4.76260317406426237e-08    4.26304256131003687e-02   -4.84106969677911505e-08    7.50325144316594805e-02   -5.94640464964678384e-08    1.08093179632560848e-01   -6.25665856857746795e-08    5.65814691393436084e-02   -5.47805083854102560e-08    9.53892804470754668e-02   -6.18472224188448578e-08    1.28951868527115460e-01   -6.31375261746898189e-08    7.24223893121853785e-02   -5.89875562312152149e-08    1.14592458835451314e-01   -6.28047125565596605e-08    1.46364389137885353e-01   -6.33335345035235731e-08
12       1.19999999999999996e-01    1.52496426594860273e-02   -2.13293118614910901e-08    2.71589456596585815e-02   -3.29196437738576733e-08    4.35722062170663324e-02   -4.33365950513327372e-08    1.81997937832005727e-02   -2.45742204015167280e-08    3.20467563438211131e-02   -3.66142197212963258e-08    4.99911058599291427e-02   -4.60807734320664354e-08    2.13130765490525016e-02   -2.77220527782180799e-08    3.70350750812882476e-02   -3.98398929180768729e-08    5.60155907004720871e-02   -4.81376024399115006e-08    4.17055995790216252e-02   -4.90114545962461061e-08    7.37587507295172223e-02   -6.07540555280480191e-08    1.06958743364720749e-01   -6.41605001636351988e-08    5.53147497951039860e-02   -5.56677392280191307e-08    9.39758979511328835e-02   -6.33513961258657109e-08    1.27852441183150256e-01   -6.47871142556770404e-08    7.08376915136416235e-02   -6.01687367463896534e-08    1.13172971306544717e-01   -6.44114377285944384e-08    1.45367189313211187e-01   -6.50029997634555044e-08
13       1.30000000000000004e-01    1.51004960957680043e-02   -2.13945173034353247e-08    2.69149133395777604e-02   -3.31058392838059432e-08    4.32558437615778030e-02   -4.37234725806959493e-08    1.80208748768731115e-02   -2.46610461082191095e-08    3.17635983959915630e-02   -3.68525638505906003e-08    4.96543567693554164e-02   -4.65350672236039241e-08    2.11026681920210533e-02   -2.78341715989000464e-08    3.67162030187379515e-02   -4.01336236806762880e-08    5.56711819776520150e-02   -4.86499481382196557e-08    4.08098349385064355e-02   -4.95968077903247585e-08    7.24996294680779474e-02   -6.20439112421428614e-08    1.05824277172867187e-01   -6.57785197156139708e-08    5.40828261052929554e-02   -5.65369404903299686e-08    9.25662325432851651e-02   -6.48697069287643509e-08    1.26748713738401159e-01   -6.64659368438806088e-08    6.92825577997747688e-02   -6.13376563116394215e-08    1.11748349975368713e-01   -6.60420991377805813e-08    1.44362592665398831e-01   -6.67036845593762883e-08
14       1.40000000000000013e-01    1.49535555392364995e-02   -2.14588603094360436e-08    2.66739127498593354e-02   -3.32902696142935575e-08    4.29417903012979107e-02   -4.41093220388185917e-08    1.78445944783518044e-02   -2.47467364926491307e-08    3.14836933885640907e-02   -3.70889090334709267e-08    4.93193543374926338e-02   -4.69890787522514194e-08    2.08953335666570914e-02   -2.79448496497985838e-08    3.64005900336264940e-02   -4.04252858521011238e-08    5.53277993099866375e-02   -4.91629664374957902e-08    3.99424573492483392e-02   -5.01668604775638098e-08    7.12561314528947082e-02   -6.33320487503647063e-08    1.04690141408944101e-01   -6.74201589611701289e-08    5.28857706687829512e-02   -5.73875108171728323e-08    9.11613410310817135e-02   -6.64007994320492442e-08    1.25640915925650909e-01   -6.81739245845104256e-08    6.77586516987630783e-02   -6.24924589853367070e-08    1.10319285144202195e-01   -6.76960286569850071e-08    1.43350770390297672e-01   -6.84357092965323462e-08
15       1.49999999999999994e-01    1.48087858685845859e-02   -2.15223517250310283e-08    2.64359178068089076e-02   -3.34729343563759539e-08    4.26300698182530829e-02   -4.44940762193583382e-08    1.76709122050110259e-02   -2.48313047312167461e-08    3.12070265678642891e-02   -3.73232421199681024e-08    4.89861418971992701e-02   -4.74427181325732355e-08    2.06910287407434217e-02   -2.80541016623217662e-08    3.60882402533712551e-02   -4.07148465501379282e-08    5.49854985100315108e-02   -4.96765546905168746e-08    3.91027546008500468e-02   -5.07217635817598204e-08    7.00291965598300176e-02   -6.46169094398043113e-08    1.03556713449711096e-01   -6.90848720351915440e-08    5.17234990455978927e-02   -5.82189785991019365e-08    8.97623156989336424e-02   -6.79432254150231524e-08    1.24529287047770457e-01   -6.99109715329242226e-08    6.62674390036884359e-02   -6.36314162404938389e-08    1.08886513707445662e-01   -6.93724666835060539e-08    1.42331898228868908e-01   -7.01991741486998248e-08
16       1.60000000000000003e-01    1.46661524177485771e-02   -2.15850023586557479e-08    2.62009018396621163e-02   -3.36538340309632478e-08    4.23207047741020054e-02   -4.48776694394210296e-08    1.74997880733040907e-02   -2.49147640332558264e-08    3.09335819007357515e-02   -3.75555514948597044e-08    4.86547614060197642e-02   -4.78958963836402941e-08    2.04897099924203699e-02   -2.81619425516659898e-08    3.57791557820850009e-02   -4.10022750362733559e-08    5.46443345406964279e-02   -5.01906101166171840e-08    3.82899856090269039e-02   -5.12617087032648463e-08    6.88197158663679254e-02   -6.58969534363865562e-08    1.02424387927683325e-01   -7.07720504871514677e-08    5.05957837411345132e-02   -5.90309953273423901e-08    8.83702791667074217e-02   -6.94954484400094344e-08    1.23414076704574147e-01   -7.16769327574754709e-08    6.48101753248124246e-02   -6.47529444772976457e-08    1.07450820686209023e-01   -7.10705574742218206e-08    1.41306156797564891e-01   -7.19941577291888033e-08
17       1.70000000000000012e-01    1.45256209786295241e-02   -2.16468229753767539e-08    2.59688376389176842e-02   -3.38329700513733817e-08    4.20137161186813560e-02   -4.52600375842267196e-08    1.73311825114719868e-02   -2.49971276282750481e-08    3.06633421402241341e-02   -3.77858270339910346e-08    4.83252534206493958e-02   -4.83485255214992688e-08    2.02913338401866858e-02   -2.82683873933769202e-08    3.54733367663884192e-02   -4.12875426847402683e-08    5.43043614642137462e-02   -5.07050299176976857e-08    3.75033885220950186e-02   -5.17869221810643840e-08    6.76285243941670555e-02   -6.71706718628867545e-08    1.01293576824157669e-01   -7.24810214171015183e-08    4.95022691220249680e-02   -5.98233275427004687e-08    8.69863782862892038e-02   -7.10558500904810748e-08    1.22295545534577055e-01   -7.34716218457495461e-08    6.33878987862403903e-02   -6.58556185336547465e-08    1.06013040368475683e-01   -7.27893449103462857e-08    1.40273731953013209e-01   -7.38207156699212381e-08
18       1.79999999999999993e-01    1.43871578031376530e-02   -2.17078242910372103e-08    2.57396975030582745e-02   -3.40103446862850548e-08    4.17091233008683865e-02   -4.56411181478312337e-08    1.71650563709330496e-02   -2.50784087539463481e-08    3.03962888903339355e-02   -3.80140600597968250e-08    4.79976570741275227e-02   -4.88005186485957990e-08    2.00958570706548795e-02   -2.83734514011013880e-08    3.51707814624535597e-02   -4.15706229483023278e-08    5.39656323926925308e-02   -5.12197113941884362e-08    3.67421879382074726e-02   -5.22976595834089740e-08    6.64563946328681487e-02   -6.84365986149094082e-08    1.00164709405452967e-01   -7.42110459033432010e-08    4.84424867379633570e-02   -6.05958477914211940e-08    8.56117771151968937e-02   -7.26227378710881139e-08    1.21173965965484756e-01   -7.52948083235550899e-08    6.20014278237648736e-02   -6.69381809686002190e-08    1.04574056959627834e-01   -7.45277688530897055e-08    1.39234815191538741e-01   -7.56788791033526806e-08
19       1.90000000000000002e-01    1.42507296046027708e-02   -2.17680169667959037e-08    2.55134532836462577e-02   -3.41859610231596576e-08    4.14069442816692099e-02   -4.60208502698998530e-08    1.70013709364262612e-02   -2.51586206448020793e-08    3.01324026697310197e-02   -3.82402432961993467e-08    4.76720100557863624e-02   -4.92517900399316965e-08    1.99032367641637960e-02   -2.84771499054958217e-08    3.48714863040034823e-02   -4.18514913210554406e-08    5.36281994404003218e-02   -5.17345520606193315e-08    3.60056012553018126e-02   -5.27942006532022558e-08    6.53040309891610576e-02   -6.96933213947281007e-08    9.90382319837105479e-02   -7.59613177794454615e-08    4.74158705958565227e-02   -6.13485249689884824e-08    8.42476490429069913e-02   -7.41943547488939195e-08    1.20049622966045530e-01   -7.71462149993352053e-08    6.06513637918899076e-02   -6.79995471196984986e-08    1.03134804643551903e-01   -7.62846622671265597e-08    1.38189604083818224e-01   -7.75686530423245786e-08
20       2.00000000000000011e-01    1.41163035585928406e-02   -2.18274116040424578e-08    2.52900764287861263e-02   -3.43598229321948119e-08    4.11071955494361763e-02   -4.63991747685467089e-08    1.68400879349788202e-02   -2.52377765216127345e-08    2.98716629742744252e-02   -3.84643708230503194e-08    4.73483485939721269e-02   -4.97022552257540360e-08    1.97134303183497256e-02   -2.85794983342549776e-08    3.45754459710066672e-02   -4.21301252985227904e-08    5.32921136779037283e-02   -5.22494497604547462e-08    3.52928441931507353e-02   -5.32768447175543108e-08    6.41720652729517033e-02   -7.09394917708236776e-08    9.79146074843651598e-02   -7.77309628200227780e-08    4.64217720132293760e-02   -6.20814143882126216e-08    8.28951681833961507e-02   -7.57688902564838989e-08    1.18922814790583892e-01   -7.90255152503959193e-08    5.93380978832661471e-02   -6.90388061390027104e-08    1.01696266953124656e-01   -7.80587493005658831e-08    1.37138302744673646e-01   -7.94900146534191788e-08
21       2.09999999999999992e-01    1.39838473031807832e-02   -2.18860187396710884e-08    2.50695380249542667e-02   -3.45319350308647526e-08    4.08098921371135570e-02   -4.67760341692675295e-08    1.66811695437665483e-02   -2.53158895814175474e-08    2.96140483382772192e-02   -3.86864380302731367e-08    4.70267074415424216e-02   -5.01518310705907402e-08    1.95263954697760117e-02   -2.86805121932240414e-08    3.42826534588170015e-02   -4.24065043353138852e-08    5.29574250881954742e-02   -5.27643027798521889e-08    3.46031355390478690e-02   -5.37459065576546031e-08    6.30610532961369541e-02   -7.21738340683881712e-08    9.67943148037842538e-02   -7.95190383950829849e-08    4.54594737599821608e-02   -6.27946478562521241e-08    8.15555001842863808e-02   -7.73444930157989868e-08    1.17793853706140914e-01   -8.09323302715049025e-08    5.80618217149157720e-02   -7.00552183784114639e-08    1.00259475351524463e-01   -7.98486445164270228e-08    1.36081122337649185e-01   -8.14429114200552636e-08
22       2.20000000000000001e-01    1.38533289386973211e-02   -2.19438488416964633e-08    2.48518088372001213e-02   -3.47023026490979232e-08    4.05150476414057742e-02   -4.71513727300088962e-08    1.65245783969324121e-02   -2.53929729881802400e-08    2.93595363944043827e-02   -3.89064415718525654e-08    4.67071198641342625e-02   -5.06004358484691705e-08    1.93420903137178045e-02   -2.87802070485566270e-08    3.39931001475238734e-02   -4.26806098006137563e-08    5.26241825249238668e-02   -5.32790099600108599e-08    3.39357011763522926e-02   -5.42017127250581303e-08    6.19714726212033246e-02   -7.33951529405223545e-08    9.56778479426482059e-02   -8.13245336515358193e-08    4.45282032759954302e-02   -6.34884239912362219e-08    8.02297926364920339e-02   -7.89192844800588789e-08    1.16663066690681230e-01   -8.28662263109754493e-08    5.68225408470291946e-02   -7.10482096160093621e-08    9.88255069333717900e-02   -8.16528534697240196e-08    1.35018281613590724e-01   -8.34272591924559670e-08
23       2.30000000000000010e-01    1.37247170270061256e-02   -2.20009123051952400e-08    2.46368593477287387e-02   -3.48709317951348973e-08    4.02226742437589921e-02   -4.75251364624300216e-08    1.63702775914254355e-02   -2.54690398640437317e-08    2.91081039321304073e-02   -3.91243793198096822e-08    4.63896176311841268e-02   -5.10479893141712382e-08    1.91604733221962253e-02   -2.88785985098818895e-08    3.37067758712905410e-02   -4.29524249317605967e-08    5.22924336728329345e-02   -5.37934708077836986e-08    3.32897774591944390e-02   -5.46445982831919281e-08    6.09037214588788733e-02   -7.46023395184915061e-08    9.45657149034486444e-02   -8.31463702773783964e-08    4.36271448230331413e-02   -6.41629989565933862e-08    7.89191652959073675e-02   -8.04913736338656900e-08    1.15530796089323276e-01   -8.48267119242705793e-08    5.56200904693066669e-02   -7.20173626878259896e-08    9.73954811679251381e-02   -8.34697748144661382e-08    1.33950007481935779e-01   -8.54429401227631455e-08
24       2.39999999999999991e-01    1.35979805903348183e-02   -2.20572194485580835e-08    2.44246597928790381e-02   -3.50378291221055640e-08    3.99327827330441462e-02   -4.78972731494262532e-08    1.62182306919204135e-02   -2.55441032811571352e-08    2.88597269546882300e-02   -3.93402503182898689e-08    4.60742310096714999e-02   -5.14944127704007946e-08    1.89815033603538477e-02   -2.89757022144430287e-08    3.34236689874730791e-02   -4.32219347861620630e-08    5.19622250105121683e-02   -5.43075856042366463e-08    3.26646139978910566e-02   -5.50749039479420145e-08    5.98581186784642172e-02   -7.57943760892615605e-08    9.34584363440400107e-02   -8.49834038989387889e-08    4.27554504907139213e-02   -6.48186777426657951e-08    7.76247003481681797e-02   -8.20588723425188349e-08    1.14397400214044750e-01   -8.68132352803710588e-08    5.44541525091183434e-02   -7.29624071171506611e-08    9.59705556259524278e-02   -8.52977041047421211e-08    1.32876535612817925e-01   -8.74898004850047132e-08
25       2.50000000000000000e-01    1.34730891096953662e-02   -2.21127805100365285e-08    2.42151801985164561e-02   -3.52030018953579814e-08    3.96453825298277371e-02   -4.82677323589954724e-08    1.60684017348756703e-02   -2.56181762540500010e-08    2.86143807344526532e-02   -3.95540547378818882e-08    4.57609887605478285e-02   -5.19396291307577646e-08    1.88051397012601908e-02   -2.90715338121701570e-08    3.31437664453269956e-02   -4.34891261917920691e-08    5.16336017755432003e-02   -5.48212555108501864e-08    3.20594759187151426e-02   -5.54929735981468218e-08    5.88349048630128560e-02   -7.69703392968084503e-08    9.23565439834724694e-02   -8.68344261542247733e-08    4.19122500270858872e-02   -6.54558060823253539e-08    7.63474329570075078e-02   -8.36199110044279691e-08    1.13263253870861780e-01   -8.88251815615470282e-08    5.33242734742659721e-02   -7.38832073225809277e-08    9.45519206576121291e-02   -8.71348394225473263e-08    1.31798111067397167e-01   -8.95676483813747899e-08
26       2.60000000000000009e-01    1.33500125229235531e-02   -2.21676056445705961e-08    2.40083904138623933e-02   -3.53664579605672489e-08    3.93604817121149739e-02   -4.86364654545386969e-08    1.59207552317832471e-02   -2.56912717325285505e-08    2.83720398667112877e-02   -3.97657938302767070e-08    4.54499181378018730e-02   -5.23835629784338702e-08    1.86313420392328309e-02   -2.91661089516505715e-08    3.28670538541221760e-02   -4.37539876964989418e-08    5.13066079321222862e-02   -5.53343826730706047e-08    3.14736456592109928e-02   -5.58991521253182254e-08    5.78342443155284297e-02   -7.81294019079451608e-08    9.12605787613120223e-02   -8.86981674758391429e-08    4.10966595045829733e-02   -6.60747630509044186e-08    7.50883423350278412e-02   -8.51726541383209369e-08    1.12128748797129474e-01   -9.08618705026259510e-08    5.22298824287008370e-02   -7.47797499449955382e-08    9.31407930204292550e-02   -8.89792889217642733e-08    1.30714988953019196e-01   -9.16762513384004791e-08
27       2.70000000000000018e-01    1.32287212223675989e-02   -2.22217049208826798e-08    2.38042601437858589e-02   -3.55282057126475584e-08    3.90780870424487017e-02   -4.90034256016964569e-08    1.57752561716648816e-02   -2.57634025950699504e-08    2.81326783217849472e-02   -3.99754698833659950e-08    4.51410448901029826e-02   -5.28261406205652133e-08    1.84600705017576548e-02   -2.92594432669600653e-08    3.25935155505027996e-02   -4.40165095163467338e-08    5.09812861412243384e-02   -5.58468703209341881e-08    3.09064243567287109e-02   -5.62937835915817017e-08    5.68562279026101694e-02   -7.92708332217376203e-08    9.01710887572174241e-02   -9.05733006051222594e-08    4.03077888625570299e-02   -6.66759543709677402e-08    7.38483435624667228e-02   -8.67153155317057259e-08    1.10994293990440071e-01   -9.29225541211855078e-08    5.11703086004139177e-02   -7.56521307719301388e-08    9.17384084933881572e-02   -9.08290803231791853e-08    1.29627435098898708e-01   -9.38153337990692569e-08
28       2.80000000000000027e-01    1.31091860522527057e-02   -2.22750883188247308e-08    2.36027589795855877e-02   -3.56882540654865424e-08    3.87982039962485314e-02   -4.93685677718317222e-08    1.56318700228621418e-02   -2.58345816426915210e-08    2.78962694954686778e-02   -4.01830861768706612e-08    4.48343932649576393e-02   -5.32672901381965980e-08    1.82912856600870449e-02   -2.93515523653194635e-08    3.23231346649406961e-02   -4.42766834831998394e-08    5.06576777333645478e-02   -5.63586228665031714e-08    3.03571328836687339e-02   -5.66772096653808114e-08    5.59008766088009632e-02   -8.03939982326969222e-08    8.90886268835599654e-02   -9.24584448453372558e-08    3.95447483892744714e-02   -6.72598064189899618e-08    7.26282803552841388e-02   -8.82461725895000277e-08    1.09860315909678596e-01   -9.50064146951158049e-08    5.01447982266377060e-02   -7.65005416642331594e-08    9.03460135538701609e-02   -9.26821723310742071e-08    1.28535726746996010e-01   -9.59845745199109526e-08
29       2.89999999999999980e-01    1.29913783057479335e-02   -2.23277657269652670e-08    2.34038564282939981e-02   -3.58466124225170132e-08    3.85208367912735772e-02   -4.97318487422771296e-08    1.54905627341691277e-02   -2.59048215932715330e-08    2.76627862577724509e-02   -4.03886469385817553e-08    4.45299860153029817e-02   -5.37069414318313562e-08    1.81249485385939178e-02   -2.94424518155412463e-08    3.20558931871468347e-02   -4.45345029917500167e-08    5.03358226840014203e-02   -5.68695459978691893e-08    2.98251125783886226e-02   -5.70497683056770616e-08    5.49681456681212557e-02   -8.14983556811876386e-08    8.80137483701506906e-02   -9.43521710461064865e-08    3.88066542205369319e-02   -6.78267609132780892e-08    7.14289189500666999e-02   -8.97635795512517590e-08    1.08727258528220530e-01   -9.71125630484453021e-08    4.91525303444017500e-02   -7.73252578119647824e-08    8.89648562366372048e-02   -9.45364678703035697e-08    1.27440153251619864e-01   -9.81836038853860996e-08
30       2.99999999999999989e-01    1.28752697217602210e-02   -2.23797469404040965e-08    2.32075219405359738e-02   -3.60032906481366291e-08    3.82459884180947896e-02   -5.00932270934717601e-08    1.53513007353525341e-02   -2.59741350763004548e-08    2.74322009999485167e-02   -4.05921573012868905e-08    4.42278444084564584e-02   -5.41450262625594161e-08    1.79610206229540957e-02   -2.95321571372314273e-08    3.17917720303180357e-02   -4.47899629461734956e-08    5.00157595916145836e-02   -5.73795467694986772e-08    2.93097257160651881e-02   -5.74117926669926579e-08    5.40579291383677038e-02   -8.25834551398094072e-08    8.69470080664630357e-02   -9.62530072943625382e-08    3.80926329402752825e-02   -6.83772702497519435e-08    7.02509432319866622e-02   -9.12659792899718775e-08    1.07595583219115498e-01   -9.92400372099379853e-08    4.81926313286578367e-02   -7.81266255702079936e-08    8.75961763358204942e-02   -9.63898289673882323e-08    1.26341016780048471e-01   -1.00412001155742085e-07
31       3.09999999999999998e-01    1.27608324814783639e-02   -2.24310416588022986e-08    2.30137249369776545e-02   -3.61582990399838441e-08    3.79736606714631206e-02   -5.04526632031179750e-08    1.52140509371018872e-02   -2.60425346280405369e-08    2.72044856797990613e-02   -4.07936232604485660e-08    4.39279882373336747e-02   -5.45814782887744273e-08    1.77994638672287313e-02   -2.96206837907130972e-08    3.15307510941096394e-02   -4.50430597065940416e-08    4.96975256584786737e-02   -5.78885336887145780e-08    2.88103557591978254e-02   -5.77636101995284327e-08    5.31700647879087829e-02   -8.36489332923214515e-08    8.58889575928552251e-02   -9.81594452693282855e-08    3.74018253718606461e-02   -6.89117934436685840e-08    6.90949511860740190e-02   -9.27519134622033910e-08    1.06465768452488577e-01   -1.01387801511441379e-07    4.72641880621221186e-02   -7.89050510549867623e-08    8.62411951491236228e-02   -9.82400930244401478e-08    1.25238633005118588e-01   -1.02669291668756018e-07
32       3.20000000000000007e-01    1.26480392046887328e-02   -2.24816594846166621e-08    2.28224348334010937e-02   -3.63116483020743174e-08    3.77038541824618462e-02   -5.08101192374944706e-08    1.50787807304502523e-02   -2.61100326870743127e-08    2.69796118652640554e-02   -4.09930516326921416e-08    4.36304358338391179e-02   -5.50162330985088325e-08    1.76402406999132955e-02   -2.97080471676392342e-08    3.12728093262369736e-02   -4.52937910355169564e-08    4.93811566741424526e-02   -5.83964167981278747e-08    2.83264074230089140e-02   -5.81055419206190870e-08    5.23043391729440393e-02   -8.46945095627800298e-08    8.48401423779347186e-02   -1.00069947201131059e-07    3.67333896486238959e-02   -6.94307926302665434e-08    6.79614527043003042e-02   -9.42200308436757675e-08    1.05338309286394691e-01   -1.03554746193983312e-07    4.63662596890503584e-02   -7.96609896174387253e-08    8.49011049953012770e-02   -1.00085090165571563e-07    1.24133331779315015e-01   -1.04954944020473115e-07
33       3.30000000000000016e-01    1.25368629458843129e-02   -2.25316099215268354e-08    2.26336210644439428e-02   -3.64633495187992255e-08    3.74365684513356251e-02   -5.11655591400644861e-08    1.49454579857045567e-02   -2.61766415902214662e-08    2.67575507762963204e-02   -4.11904500151541521e-08    4.33352040843311345e-02   -5.54492282374299879e-08    1.74833140290192000e-02   -2.97942625822618095e-08    3.10179247826217926e-02   -4.55421560443858385e-08    4.90666870016137416e-02   -5.89031077538535584e-08    2.78573065868180959e-02   -5.84379018358637013e-08    5.14604927944651291e-02   -8.57199812480028427e-08    8.38010986240964872e-02   -1.01982953355303715e-07    3.60865036491825608e-02   -6.99347300748919637e-08    6.68508687343725011e-02   -9.56690937534615231e-08    1.04213716634067172e-01   -1.05739687588864791e-07    4.54978879591748236e-02   -8.03949362620252936e-08    8.35770587587508912e-02   -1.01922661276882305e-07    1.23025457778414046e-01   -1.07268367255128374e-07
34       3.40000000000000024e-01    1.24272771901849603e-02   -2.25809023730453544e-08    2.24472531060413323e-02   -3.66134141297842589e-08    3.71718018808879155e-02   -5.15189486175225240e-08    1.48140510509212949e-02   -2.62423735688056503e-08    2.65382733250341084e-02   -4.13858267457359280e-08    4.30423084470571288e-02   -5.58804032325595537e-08    1.73286472462477921e-02   -2.98793452633273363e-08    3.07660746860106346e-02   -4.57881551404047364e-08    4.87541495662365265e-02   -5.94085198993676009e-08    2.74025000785982215e-02   -5.87609964903275386e-08    5.06382252374516922e-02   -8.67252182974292806e-08    8.27723502471471029e-02   -1.03896889949376816e-07    3.54603668784624210e-02   -7.04240656428030004e-08    6.57635317133237057e-02   -9.70979825377116568e-08    1.03092516292965883e-01   -1.07941368938176351e-07    4.46581062088292347e-02   -8.11074170321287308e-08    8.22701597265624862e-02   -1.03750676317770038e-07    1.21915371101234266e-01   -1.09608908099844336e-07
35       3.50000000000000033e-01    1.23192558490885784e-02   -2.26295461412995207e-08    2.22633004966111513e-02   -3.67618539056057434e-08    3.69095518103466011e-02   -5.18702551234234066e-08    1.46845287499629863e-02   -2.63072407452526004e-08    2.63217501542887984e-02   -4.15791908642987202e-08    4.27517629714514943e-02   -5.63096996117891794e-08    1.71762042303176959e-02   -2.99633103465673366e-08    3.05172354830036373e-02   -4.60317899737543110e-08    4.84435758472394201e-02   -5.99125683348811691e-08    2.69614553563765763e-02   -5.90751246321962000e-08    4.98372002092062616e-02   -8.77101578721072364e-08    8.17544058385726025e-02   -1.05810177393772660e-07    3.48542018694438238e-02   -7.08992546799978118e-08    6.46996871920926253e-02   -9.85056981479346203e-08    1.01975247724301651e-01   -1.10158461914026111e-07    4.38459470553066999e-02   -8.17989813533874535e-08    8.09814519821865364e-02   -1.05567052456897789e-07    1.20803447810563930e-01   -1.11975848285335463e-07
36       3.59999999999999987e-01    1.22127732560694761e-02   -2.26775504259766925e-08    2.20817328570216409e-02   -3.69086809243581685e-08    3.66498145495960728e-02   -5.22194478395404639e-08    1.45568603801667484e-02   -2.63712551300025508e-08    2.61079516743670283e-02   -4.17705520748333228e-08    4.24635803191850542e-02   -5.67370609192817538e-08    1.70259493494997888e-02   -3.00461728677561229e-08    3.02713828994424748e-02   -4.62730633853222530e-08    4.81349958719213614e-02   -6.04151699821319160e-08    2.65336601069418206e-02   -5.93805769731455102e-08    4.90570504083875855e-02   -8.86747988000329287e-08    8.07477557002449220e-02   -1.07721238737947709e-07    3.42672551741817280e-02   -7.13607462586097910e-08    6.36594965278112490e-02   -9.98913629052453863e-08    1.00862462575795508e-01   -1.12389568888104050e-07    4.30604488995188495e-02   -8.24701953006289627e-08    7.97119116055441529e-02   -1.07369771583046544e-07    1.19690080398920790e-01   -1.14368401999582040e-07
37       3.69999999999999996e-01    1.21078041620404139e-02   -2.27249243234223973e-08    2.19025199093826652e-02   -3.70539075490644736e-08    3.63925854136817814e-02   -5.25664976550987939e-08    1.44310157096575308e-02   -2.64344286187194592e-08    2.58968480982531696e-02   -4.19599207086286115e-08    4.21777717868544802e-02   -5.71624327268590937e-08    1.68778474634143638e-02   -3.01279477563061662e-08    3.00284919941165990e-02   -4.65119793550553895e-08    4.78284382124337590e-02   -6.09162436445118387e-08    2.61186217794429389e-02   -5.96776360314489998e-08    4.82973821705736106e-02   -8.96191960294114849e-08    7.97528690010701341e-02   -1.09628508194794798e-07    3.36987980059293007e-02   -7.18089817433113825e-08    6.26430404992572437e-02   -1.01254219588775938e-07    9.97547229452923484e-02   -1.14633225992932163e-07    4.23006613428672448e-02   -8.31216357371013925e-08    7.84624389025049135e-02   -1.09156896760013397e-07    1.18575678161517373e-01   -1.16785713527114826e-07
38       3.80000000000000004e-01    1.20043237306932827e-02   -2.27716768258837022e-08    2.17256314947002691e-02   -3.71975464059205694e-08    3.61378587574944302e-02   -5.29113771440305817e-08    1.43069649743331837e-02   -2.64967729897816752e-08    2.56884094751790547e-02   -4.21473076884610230e-08    4.18943473301958552e-02   -5.75857626414874726e-08    1.67318639241400904e-02   -3.02086498293751095e-08    2.97885372107555731e-02   -4.67485429510321325e-08    4.75239299851061767e-02   -6.14157100624740721e-08    2.57158670689128441e-02   -5.99665760454660493e-08    4.75577798495940285e-02   -9.05434551654360447e-08    7.87701911032318292e-02   -1.11530439612119554e-07    3.31481265875379766e-02   -7.22443936384685585e-08    6.16503236880301883e-02   -1.02593629022178965e-07    9.86525993884231900e-02   -1.16887907003250186e-07    4.15656496286903043e-02   -8.37538852636337537e-08    7.72338518488319831e-02   -1.10926587234621650e-07    1.17460667457726209e-01   -1.19226855131945144e-07
39       3.90000000000000013e-01    1.19023075337328695e-02   -2.28178168208884453e-08    2.15510375894363074e-02   -3.73396103633616730e-08    3.58856280105472256e-02   -5.32540605403972473e-08    1.41846788745504954e-02   -2.65582999020381631e-08    2.54826057226125238e-02   -4.23327244938192130e-08    4.16133155897076140e-02   -5.80070003089839719e-08    1.65879645766838571e-02   -3.02882937864574294e-08    2.95514924282841568e-02   -4.69827602793424539e-08    4.72214968522567599e-02   -6.19134919641800797e-08    2.53249413624925188e-02   -6.02476629466363086e-08    4.68378099060550307e-02   -9.14477271605908840e-08    7.78001411023085815e-02   -1.13425514759828427e-07    3.26145622548940570e-02   -7.26674046792860076e-08    6.06812794630208624e-02   -1.03909066356492221e-07    9.75566686796632276e-02   -1.19152028050629730e-07    4.08544982182616687e-02   -8.43675279091681571e-08    7.60268808874299123e-02   -1.12677111665081088e-07    1.16345491841549492e-01   -1.21690825247071042e-07
40       4.00000000000000022e-01    1.18017315460165282e-02   -2.28633530907529539e-08    2.13787083210128376e-02   -3.74801125119385190e-08    3.56358857117622940e-02   -5.35945237121230266e-08    1.40641285715369015e-02   -2.66190208928153276e-08    2.52794066566981654e-02   -4.25161831271760649e-08    4.13346839175675468e-02   -5.84260974140751708e-08    1.64461157588563153e-02   -3.03668942044359240e-08    2.93173310093251469e-02   -4.72146384348544199e-08    4.69211630264182861e-02   -6.24095141113710930e-08    2.49454081591499593e-02   -6.05211543824508399e-08    4.61370246852440824e-02   -9.23322032137727767e-08    7.68431096207663894e-02   -1.15312251305340757e-07    3.20974513581291157e-02   -7.30784271337087579e-08    5.97357754077880998e-02   -1.05200116260961136e-07    9.64675113427009429e-02   -1.21423953166867956e-07    4.01663136074776397e-02   -8.49631454917036196e-08    7.48421651661513865e-02   -1.14406859309246016e-07    1.15230612041172326e-01   -1.24176547037586993e-07
41       4.10000000000000031e-01    1.17025721406127329e-02   -2.29082943122100943e-08    2.12086139823018174e-02   -3.76190661449889809e-08    3.53886235441880706e-02   -5.39327441331810103e-08    1.39452856835530423e-02   -2.66789473761609823e-08    2.50787820211864285e-02   -4.26976960813138645e-08    4.10584584057275687e-02   -5.88430076769461955e-08    1.63062843005972458e-02   -3.04444655330683770e-08    2.90860258469424135e-02   -4.74441854529358145e-08    4.66229512769057580e-02   -6.29037033404652372e-08    2.45768484719621309e-02   -6.07872997810766751e-08    4.54549658758439667e-02   -9.31971099200423655e-08    7.58994568883464837e-02   -1.17189210357511232e-07    3.15961649977795772e-02   -7.34778622852920988e-08    5.88136190383462196e-02   -1.06466467236777177e-07    9.53857089728015473e-02   -1.23702000632434799e-07    3.95002264841873285e-02   -8.55413145791062077e-08    7.36802502499407652e-02   -1.16114348993701740e-07    1.14116505767731261e-01   -1.26682867407419371e-07
42       4.19999999999999984e-01    1.16048060837898852e-02   -2.29526490561506489e-08    2.10407250451394162e-02   -3.77564847400902528e-08    3.51438323695727889e-02   -5.42687008543721814e-08    1.38281222818281528e-02   -2.67380906413112295e-08    2.48807015148882898e-02   -4.28772763077067701e-08    4.07846439150723050e-02   -5.92576868464287211e-08    1.61684375227903014e-02   -3.05210220908865686e-08    2.88575494096219437e-02   -4.76714102621922152e-08    4.63268829386415185e-02   -6.33959885989031986e-08    2.42188602205219636e-02   -6.10463404503985121e-08    4.47911676485981541e-02   -9.40427047007957020e-08    7.49695111359228172e-02   -1.19055003470690320e-07    3.11100986280035754e-02   -7.38661000705361657e-08    5.79145636712516329e-02   -1.07707905263569297e-07    9.43118413805457689e-02   -1.25984450085842808e-07    3.88553933184889871e-02   -8.61026039816769895e-08    7.25415872890761981e-02   -1.17798235769613659e-07    1.13003667334023422e-01   -1.29208556521291584e-07
43       4.29999999999999993e-01    1.15084105299460629e-02   -2.29964257874711681e-08    2.08750121729048832e-02   -3.78923819412757968e-08    3.49015022627248636e-02   -5.46023744728324076e-08    1.37126108862908481e-02   -2.67964618513678652e-08    2.46851348176951244e-02   -4.30549371859591887e-08    4.05132441055279860e-02   -5.96700926899771905e-08    1.60325432356073320e-02   -3.05965780614849210e-08    2.86318737844976426e-02   -4.78963226382728209e-08    4.60329779231518285e-02   -6.38863009767810671e-08    2.38710576197393338e-02   -6.12985097051983564e-08    4.41451594803244154e-02   -9.48692715336597720e-08    7.40535673218099683e-02   -1.20908299014898131e-07    3.06386715544139619e-02   -7.42435188472561783e-08    5.70383143174133314e-02   -1.08924306976563067e-07    9.32464835926902907e-02   -1.28269550328972805e-07    3.82309974699384866e-02   -8.66475727121593140e-08    7.14265335777381771e-02   -1.19457315244519685e-07    1.11892607065132002e-01   -1.31752307913325110e-07
44       4.40000000000000002e-01    1.14133630164902009e-02   -2.30396328650211130e-08    2.07114462322019188e-02   -3.80267715419997501e-08    3.46616225455946420e-02   -5.49337471004005187e-08    1.35987244611145974e-02   -2.68540720421737505e-08    2.44920516152044299e-02   -4.32306924942964785e-08    4.02442614670103643e-02   -6.00801849805918700e-08    1.58985697364176851e-02   -3.06711474901773720e-08    2.84089707188316699e-02   -4.81189331587894524e-08    4.57412547316397577e-02   -6.43745737338282696e-08    2.35330705701810271e-02   -6.15440330170544780e-08    4.35164686735662679e-02   -9.56771169925065953e-08    7.31518862015580612e-02   -1.22747827834826398e-07    3.01813263500245038e-02   -7.46104852733981381e-08    5.61845334944357788e-02   -1.10115632555404870e-07    9.21902027516057349e-02   -1.30555527742985775e-07    3.76262498869920012e-02   -8.71767683535092858e-08    7.03353543964761324e-02   -1.21090525656043197e-07    1.10783850484895988e-01   -1.34312739251426801e-07
45       4.50000000000000011e-01    1.13196414586840041e-02   -2.30822785416437120e-08    2.05499983036811495e-02   -3.81596674688319376e-08    3.44241818210172731e-02   -5.52628023309768400e-08    1.34864364100978108e-02   -2.69109321213743223e-08    2.43014216219926520e-02   -4.34045563811019155e-08    3.99776973511026257e-02   -6.04879254808474599e-08    1.57664858072980169e-02   -3.07447442810021276e-08    2.81888116597656564e-02   -4.83392531593853011e-08    4.54517304700375741e-02   -6.48607423218031341e-08    2.32045440541419658e-02   -6.17831281822885370e-08    4.29046225858583166e-02   -9.64665666005625592e-08    7.22646937443251480e-02   -1.24572388138720826e-07    2.97375282092303024e-02   -7.49673542782957446e-08    5.53528468684303526e-02   -1.11281918485403438e-07    9.11435549595355499e-02   -1.32840595210323924e-07    3.70403894655173746e-02   -8.76907257798307653e-08    6.92682260000360706e-02   -1.22696947820045653e-07    1.09677937264883660e-01   -1.36888393821963072e-07
46       4.60000000000000020e-01    1.12272241444530980e-02   -2.31243709643040215e-08    2.03906396920399864e-02   -3.82910837658651071e-08    3.41891680060600195e-02   -5.55895252069961126e-08    1.33757205718950233e-02   -2.69670528676545724e-08    2.41132146035772620e-02   -4.35765433374898391e-08    3.97135520033565712e-02   -6.08932779241914287e-08    1.56362607121737947e-02   -3.08173821940545666e-08    2.79713677923634323e-02   -4.85572946909844086e-08    4.51644208659355492e-02   -6.53447444023951297e-08    2.28851375408175087e-02   -6.20160055039566209e-08    4.23091505851976857e-02   -9.72379614935899388e-08    7.13921808912568318e-02   -1.26380849577379142e-07    2.93067642565996433e-02   -7.53144691107028412e-08    5.45428486541470747e-02   -1.12423270329913814e-07    9.01070821174995568e-02   -1.35122961421383330e-07    3.64726831250946695e-02   -8.81899661811118238e-08    6.82252395892672114e-02   -1.24275803139482551e-07    1.08575419926052824e-01   -1.39477742791994616e-07
47       4.70000000000000029e-01    1.11360897291766601e-02   -2.31659181742984934e-08    2.02333419352377746e-02   -3.84210345798160038e-08    3.39565683649232647e-02   -5.59139021851351927e-08    1.32665512151175936e-02   -2.70224449301398972e-08    2.39274003971119212e-02   -4.37466681709035163e-08    3.94518245961146194e-02   -6.12962079936748694e-08    1.55078641936249352e-02   -3.08890748431295249e-08    2.77566100759699744e-02   -4.87730704782449980e-08    4.48793402872831523e-02   -6.58265198607351213e-08    2.25745244032522288e-02   -6.22428679844592296e-08    4.17295857500290593e-02   -9.79916553853786042e-08    7.05345036442172474e-02   -1.28172156492725472e-07    2.88885428245226790e-02   -7.56521614500277411e-08    5.37541067192817690e-02   -1.13539855630058112e-07    8.90813088108211304e-02   -1.37400840430534435e-07    3.59224256542574547e-02   -8.86749963475689356e-08    6.72064060925505191e-02   -1.25826449899808836e-07    1.07476862287597744e-01   -1.42079188296357881e-07
48       4.79999999999999982e-01    1.10462172304613832e-02   -2.32069281075411368e-08    2.00780768129596686e-02   -3.85495341458017282e-08    3.37263695413468206e-02   -5.62359211013717577e-08    1.31589030333177873e-02   -2.70771188279517263e-08    2.37439489308558932e-02   -4.39149459797249520e-08    3.91925132617512856e-02   -6.16966832982830375e-08    1.53812664693829190e-02   -3.09598356936549055e-08    2.75445092789145737e-02   -4.89865938792363125e-08    4.45965017627536972e-02   -6.63060108146304643e-08    2.22723913491502182e-02   -6.24639115258545352e-08    4.11654663330102005e-02   -9.87280118241871940e-08    6.96917834669219111e-02   -1.29945330333979555e-07    2.84823927113933006e-02   -7.59807515690624698e-08    5.29861673543805187e-02   -1.14631897025978739e-07    8.80667392938303262e-02   -1.39672461316030811e-07    3.53889393688808576e-02   -8.91463081743705353e-08    6.62116615777662010e-02   -1.27348378102043281e-07    1.06382837662539295e-01   -1.44691067384125299e-07
49       4.89999999999999991e-01    1.09575860229089404e-02   -2.32474085949204237e-08    1.99248163543659443e-02   -3.86765967737722667e-08    3.34985575904800034e-02   -5.65555711355037641e-08    1.30527511398721690e-02   -2.71310849499074911e-08    2.35628302424630148e-02   -4.40813921288794663e-08    3.89356151262391162e-02   -6.20946733470289811e-08    1.52564382285474108e-02   -3.10296780608997338e-08    2.73350360115900207e-02   -4.91978788463499962e-08    4.43159170036640446e-02   -6.67831616196502066e-08    2.19784378671361094e-02   -6.26793251353996089e-08    4.06163370081767949e-02   -9.94474017261348387e-08    6.88641079752019963e-02   -1.31699471256681802e-07    2.80878624299630737e-02   -7.63005485381419526e-08    5.22385596835828539e-02   -1.15699665673105809e-07    8.70638546252005124e-02   -1.41936077792522191e-07    3.48715736216516012e-02   -8.96043783521690034e-08    6.52408731191981006e-02   -1.28841203096335496e-07    1.05293926805331159e-01   -1.47311656843526402e-07
50       5.00000000000000000e-01    1.08701758328814489e-02   -2.32873673627225366e-08    1.97735328451587762e-02   -3.88022368355797993e-08    3.32731180101749485e-02   -5.68728427752362691e-08    1.29480710627771223e-02   -2.71843535543561281e-08    2.33840144961314569e-02   -4.42460222264194027e-08    3.86811263429459873e-02   -6.24901495209761212e-08    1.51333506275477536e-02   -3.10986151084403797e-08    2.71281607579418882e-02   -4.94069398884547285e-08    4.40375964273373027e-02   -6.72579188701988346e-08    2.16923756896349879e-02   -6.28892911342339020e-08    4.00817499209862940e-02   -1.00150201169753047e-07    6.80515318888799264e-02   -1.33433758935272761e-07    2.77045194537557278e-02   -7.66118504621261510e-08    5.15107997033382725e-02   -1.16743475008041365e-07    8.60731100026049523e-02   -1.44189977623768607e-07    3.43697041949468166e-02   -9.00496682131815192e-08    6.42938449535135487e-02   -1.30304658278656560e-07    1.04210715622971226e-01   -1.49939178906553093e-07
51       5.10000000000000009e-01    1.07839667332729726e-02   -2.33268120331161996e-08    1.96241988340001977e-02   -3.89264687526658248e-08    3.30500357716700319e-02   -5.71877277799357266e-08    1.28448387393696704e-02   -2.72369347691402108e-08    2.32074719986585000e-02   -4.44088521010671010e-08    3.84290421265753232e-02   -6.28830850433513566e-08    1.50119752858735162e-02   -3.11666598468687197e-08    2.69238539054047349e-02   -4.96137920342968636e-08    4.37615491817984342e-02   -6.77302313967243343e-08    2.14139282731942576e-02   -6.30939853674484984e-08    3.95612655602182867e-02   -1.00836789434788081e-07    6.72540782146200389e-02   -1.35147452633151713e-07    2.73319494679412321e-02   -7.69149447428612152e-08    5.08023939461907936e-02   -1.17763674901899100e-07    8.50949323410373770e-02   -1.46432491686817279e-07    3.38827326044969304e-02   -9.04826237064782448e-08    6.33703247735392800e-02   -1.31738587103047643e-07    1.03133792667659832e-01   -1.52571807814572010e-07
52       5.20000000000000018e-01    1.06989391382907167e-02   -2.33657501246946636e-08    1.94767871383123084e-02   -3.90493069843472908e-08    3.28292953496315820e-02   -5.75002191441482116e-08    1.27430305109851091e-02   -2.72888385916766260e-08    2.30331732144418780e-02   -4.45698977806985860e-08    3.81793567871653514e-02   -6.32734549479105273e-08    1.48922842815957454e-02   -3.12338251327288857e-08    2.67220857733229331e-02   -4.98184507971460031e-08    4.34877831716899838e-02   -6.82000502592160350e-08    2.11428302967770348e-02   -6.32935774140776000e-08    3.90544534699279744e-02   -1.01507547267797972e-07    6.64717396271194555e-02   -1.36839890584937367e-07    2.69697556298011884e-02   -7.72101083608903209e-08    5.01128427747924293e-02   -1.18760646224460012e-07    8.41297181333841709e-02   -1.48662002547263982e-07    3.34100853368594838e-02   -9.09036754796766012e-08    6.24700100263961416e-02   -1.33142934643991330e-07    1.02063746435685374e-01   -1.55207677204941040e-07
53       5.30000000000000027e-01    1.06150737982532439e-02   -2.34041890530705810e-08    1.93312708494911799e-02   -3.91707660166810090e-08    3.26108807515272867e-02   -5.78103110609697783e-08    1.26426231175635236e-02   -2.73400748891476362e-08    2.28610887794704065e-02   -4.47291754717452616e-08    3.79320637640679151e-02   -6.36612360457120380e-08    1.47742501467022086e-02   -3.13001236676664797e-08    2.65228266398980575e-02   -5.00209321406798706e-08    4.32163050852982164e-02   -6.86673287371519033e-08    2.08788271783176618e-02   -6.34882307957965791e-08    3.85608928186763830e-02   -1.02162855356988021e-07    6.57044800150737990e-02   -1.38510488753916350e-07    2.66175578428440827e-02   -7.74976081711452480e-08    4.94416433176304571e-02   -1.19734795830295315e-07    8.31778316249177502e-02   -1.50876952417881368e-07    3.29512130399506470e-02   -9.13132390473976859e-08    6.15925541022216347e-02   -1.34517738920161288e-07    1.01001162503690289e-01   -1.57844888256566265e-07
54       5.40000000000000036e-01    1.05323517944080486e-02   -2.34421361315201220e-08    1.91876233375628744e-02   -3.92908603518894214e-08    3.23947755463070558e-02   -5.81179988853578437e-08    1.25435936922135820e-02   -2.73906533987950747e-08    2.26911895143444634e-02   -4.48867015394944193e-08    3.76871556598303778e-02   -6.40464068904556085e-08    1.46578458622631629e-02   -3.13655679977788801e-08    2.63260467677023484e-02   -5.02212524461014403e-08    4.29471204225788314e-02   -6.91320223160649315e-08    2.06216746096335515e-02   -6.36781031833269929e-08    3.80801728421657562e-02   -1.02803092998974101e-07    6.49522361583952795e-02   -1.40158739033400293e-07    2.62749920477288214e-02   -7.77777012081860183e-08    4.87882920627071698e-02   -1.20686551967978757e-07    8.22396033256033027e-02   -1.53075850389275324e-07    3.25055896826101157e-02   -9.17117150296411829e-08    6.07375723199584730e-02   -1.35863122164169063e-07    9.99466205394922980e-02   -1.60481518510391183e-07
55       5.50000000000000044e-01    1.04507545337752649e-02   -2.34795985716721281e-08    1.90458182553121767e-02   -3.94096044983268533e-08    3.21809628923724264e-02   -5.84232790974596698e-08    1.24459197557452439e-02   -2.74405837283106158e-08    2.25234464363681594e-02   -4.50424924892636659e-08    3.74446242739109800e-02   -6.44289477425341952e-08    1.45430448534496510e-02   -3.14301705131524503e-08    2.61317164278025878e-02   -5.04194284804748010e-08    4.26802335240746428e-02   -6.95940886708972196e-08    2.03711381096271758e-02   -6.38633465997328294e-08    3.76118931742382492e-02   -1.03428636940678735e-07    6.42149195040526422e-02   -1.41784206964060608e-07    2.59417095323977200e-02   -7.80506349972776772e-08    4.81522871287871634e-02   -1.21616360105502087e-07    8.13153288758082515e-02   -1.55257278840570987e-07    3.20727116963641715e-02   -9.20994894456993501e-08    5.99046476364881245e-02   -1.37179282194809482e-07    9.89006912299097568e-02   -1.63115631259904835e-07
56       5.60000000000000053e-01    1.03702637440201209e-02   -2.35165834842391514e-08    1.89058295419096516e-02   -3.95270129609687959e-08    3.19694255648167794e-02   -5.87261492660354898e-08    1.23495792111791968e-02   -2.74898753563151790e-08    2.23578307707517285e-02   -4.51965649484276327e-08    3.72044606361608549e-02   -6.48088405319465212e-08    1.44298209844192313e-02   -3.14939434475752160e-08    2.59398059225368523e-02   -5.06154773662673598e-08    4.24156476006183614e-02   -7.00534876463184369e-08    2.01269925955803244e-02   -6.40441076199522867e-08    3.71556640800000879e-02   -1.04039860380269942e-07    6.34924180095058494e-02   -1.43386529040468664e-07    2.56173762631862686e-02   -7.83166478682152584e-08    4.75331302360385496e-02   -1.22524679158809381e-07    8.04052682725301254e-02   -1.57419898959549909e-07    3.16520971101461046e-02   -9.24769340513934862e-08    5.90933360239897232e-02   -1.38466484020223811e-07    9.78639331722938738e-02   -1.65745285387840830e-07
57       5.70000000000000062e-01    1.02908614683576514e-02   -2.35530978797871492e-08    1.87676314260652836e-02   -3.96431002324051928e-08    3.17601459819229909e-02   -5.90266080120456461e-08    1.22545503382411134e-02   -2.75385376329213127e-08    2.21943139609644784e-02   -4.53489356492736376e-08    3.69666550400102809e-02   -6.51860688202116430e-08    1.43181485530860172e-02   -3.15568988784134300e-08    2.57502856069882248e-02   -5.08094165520797982e-08    4.21533647637169703e-02   -7.05101812341862090e-08    1.98890219722426369e-02   -6.42205275660441479e-08    3.67111066036429623e-02   -1.04637132111891386e-07    6.27845980248724761e-02   -1.44965409679291601e-07    2.53016722381573106e-02   -7.85759692693402331e-08    4.69303283991357664e-02   -1.23411978105754360e-07    7.95096454549597126e-02   -1.59562455324200397e-07    3.12432846866890768e-02   -9.28444067092930265e-08    5.83031714772697385e-02   -1.39725051773510714e-07    9.68368897794583960e-02   -1.68368545509219566e-07
58       5.79999999999999960e-01    1.02125300604947577e-02   -2.35891486695396527e-08    1.86311984287339180e-02   -3.97578807843191630e-08    3.15531062309082899e-02   -5.93246549724657012e-08    1.21608117878495760e-02   -2.75865797803722341e-08    2.20328676782761447e-02   -4.54996214126612952e-08    3.67311970753031805e-02   -6.55606177614211179e-08    1.42080022857915041e-02   -3.16190487266407023e-08    2.55631259092001899e-02   -5.10012637845460387e-08    4.18933860565163935e-02   -7.09641335483250103e-08    1.96570187383343711e-02   -6.43927426977427584e-08    3.62778526423722311e-02   -1.05220815799858192e-07    6.20913061875436323e-02   -1.46520617919197593e-07    2.49942908634712899e-02   -7.88288200796510140e-08    4.63433953663511394e-02   -1.24278732964535268e-07    7.86286482403834031e-02   -1.61683779520383161e-07    3.08458330675738732e-02   -9.32022517832112517e-08    5.75336706276267304e-02   -1.40955361057470967e-07    9.58200862492268463e-02   -1.70983492268613736e-07
59       5.89999999999999969e-01    1.01352521796101280e-02   -2.36247426662150756e-08    1.84965053653962895e-02   -3.98713690594348017e-08    3.13482880929066218e-02   -5.96202907643919464e-08    1.20683425766026538e-02   -2.76340108937526354e-08    2.18734638305226950e-02   -4.56486391324643209e-08    3.64980756607250212e-02   -6.59324740625623663e-08    1.40993573318874046e-02   -3.16804047570105300e-08    2.53782973491770703e-02   -5.11910370813820390e-08    4.16357114852472024e-02   -7.14153107968060449e-08    1.94307836100178592e-02   -6.45608843980167131e-08    3.58555449567354786e-02   -1.05791269368965785e-07    6.14123713058158452e-02   -1.48051983918812874e-07    2.46949383532485169e-02   -7.90754129172997539e-08    4.57718528280012110e-02   -1.25125424113556790e-07    7.77624285943655513e-02   -1.63782792792358868e-07    3.04593199324517394e-02   -9.35508005496836499e-08    5.67843369524381331e-02   -1.42157831752897667e-07    9.48140266497470435e-02   -1.73588232631652374e-07
60       5.99999999999999978e-01    1.00590107853775115e-02   -2.36598865848927290e-08    1.83635273479414059e-02   -3.99835794639141589e-08    3.11456730671861026e-02   -5.99135169494895042e-08    1.19771220812725527e-02   -2.76808399417643807e-08    2.17160745701351077e-02   -4.57960057607675188e-08    3.62672790757779598e-02   -6.63016259432352932e-08    1.39921892582472659e-02   -3.17409785783604085e-08    2.51957705567151906e-02   -5.13787547055593544e-08    4.13803400510590891e-02   -7.18636812519024585e-08    1.92101251608507925e-02   -6.47250793534058370e-08    3.54438371265939495e-02   -1.06348844498543924e-07    6.07476062111103263e-02   -1.49559395314350602e-07    2.44033331530936690e-02   -7.93159524431014552e-08    4.52152314169904299e-02   -1.25952533928486510e-07    7.69111032130668781e-02   -1.65858507743480219e-07    3.00833411767396017e-02   -9.38903716203441250e-08    5.60546645801020815e-02   -1.43332921325393856e-07    9.38191911700315129e-02   -1.76180910007786243e-07
61       6.09999999999999987e-01    9.98378913303264726e-03   -2.36945870439058391e-08    1.82322397861705843e-02   -4.00945263601883900e-08    3.09452423945950558e-02   -6.02043359988380980e-08    1.18871300333111864e-02   -2.77270757675637220e-08    2.15606723014639401e-02   -4.59417382937979417e-08    3.60387949922562900e-02   -6.66680630948865783e-08    1.38864740437156867e-02   -3.18007816440406223e-08    2.50155162881071924e-02   -5.15644351405823568e-08    4.11272697821497002e-02   -7.23092152179019007e-08    1.89948594776950218e-02   -6.48854497289848796e-08    3.50423934609901816e-02   -1.06893886208871669e-07    6.00968095613819836e-02   -1.51042793493111005e-07    2.41192053872153721e-02   -7.95506356579628799e-08    4.46730715232219952e-02   -1.26760544711856223e-07    7.60747543905696821e-02   -1.67910029122805218e-07    2.97175101110594558e-02   -9.42212713701598144e-08    5.53441416983190340e-02   -1.44481118649213868e-07    9.28360335818698285e-02   -1.78759714043468370e-07
62       6.19999999999999996e-01    9.90957076848774689e-03   -2.37288505657585597e-08    1.81026183889473821e-02   -4.02042240602047254e-08    3.07469770802385120e-02   -6.04927512582176179e-08    1.17983465133751873e-02   -2.77727270896535825e-08    2.14072296874358650e-02   -4.60858537585643952e-08    3.58126105051843266e-02   -6.70317766396724880e-08    1.37821880735092012e-02   -3.18598252524567894e-08    2.48375054417649711e-02   -5.17480970668407288e-08    4.08764977661030815e-02   -7.27518849969476721e-08    1.87848098320344929e-02   -6.50421133378606050e-08    3.46508888692498712e-02   -1.07426732529526505e-07    5.94597675813003934e-02   -1.52502169833191716e-07    2.38422963288882767e-02   -7.97796521933813924e-08    4.41449239424374917e-02   -1.27549936890718811e-07    7.52534311402896505e-02   -1.69936553749239196e-07    2.93614566848428987e-02   -9.45437943673751265e-08    5.46522535801412593e-02   -1.45602938352986393e-07    9.18649789544767059e-02   -1.81322889932106431e-07
63       6.30000000000000004e-01    9.83633952349471756e-03   -2.37626835780651794e-08    1.79746391650124036e-02   -4.03126868190738166e-08    3.05508579153856361e-02   -6.07787669138793343e-08    1.17107519458731647e-02   -2.78178025028278059e-08    2.12557196555734872e-02   -4.62283692001813914e-08    3.55887121631793465e-02   -6.73927590890613050e-08    1.36793081335780647e-02   -3.19181205477194229e-08    2.46617090728028059e-02   -5.19297593390132855e-08    4.06280201823526338e-02   -7.31916648530841473e-08    1.85798063661409656e-02   -6.51951838051567215e-08    3.42690086998162988e-02   -1.07947714240156369e-07    5.88362557276336448e-02   -1.53937561953675938e-07    2.35723578938582118e-02   -8.00031845943617064e-08    4.36303503786870314e-02   -1.28321187458479126e-07    7.44471505369773273e-02   -1.71937369637763877e-07    2.90148267358194684e-02   -9.48582238017727506e-08    5.39784852469647677e-02   -1.46698915681215678e-07    9.09064216571656980e-02   -1.83868747099118418e-07
64       6.40000000000000013e-01    9.76407951085929600e-03   -2.37960924145080364e-08    1.78482784234843539e-02   -4.04199288291006882e-08    3.03568654986107050e-02   -6.10623879588386844e-08    1.16243270935416070e-02   -2.78623104791617583e-08    2.11061154034121526e-02   -4.63693016698549792e-08    3.53670859982079810e-02   -6.77510043022766214e-08    1.35778114049389369e-02   -3.19756785203916164e-08    2.44880984066242618e-02   -5.21094409644947531e-08    4.03818323346900529e-02   -7.36285309746733276e-08    1.83796857935183272e-02   -6.53447707264855409e-08    3.38964485525439022e-02   -1.08457154675042542e-07    5.82260402709237762e-02   -1.55349050013505139e-07    2.33091521561743890e-02   -8.02214085942741189e-08    4.31289238181864001e-02   -1.29074768637960826e-07    7.36558992443887978e-02   -1.73911854402227706e-07    2.86772812665266573e-02   -9.51648319085083631e-08    5.33223237909099465e-02   -1.47769601856927471e-07    8.99607236782415109e-02   -1.86395667136649873e-07
65       6.50000000000000022e-01    9.69277511970729685e-03   -2.38290833158140088e-08    1.77235127740655689e-02   -4.05259642141841559e-08    3.01649802561735694e-02   -6.13436201597257121e-08    1.15390530520523386e-02   -2.79062593690463077e-08    2.09583904033429948e-02   -4.65086682135067542e-08    3.51477175547064702e-02   -6.81065074446791557e-08    1.34776754579876666e-02   -3.20325100083280435e-08    2.43166448515540964e-02   -5.22871610828192009e-08    4.01379286837445434e-02   -7.40624614353509497e-08    1.81842911130560836e-02   -6.54909798209369248e-08    3.35329140694801409e-02   -1.08955369583639410e-07    5.76288797869788372e-02   -1.56736753091330255e-07    2.30524508858464608e-02   -8.04344933813167156e-08    4.26402287908448224e-02   -1.29811146743933206e-07    7.28796351933746062e-02   -1.75859473016052262e-07    2.83484957485083365e-02   -9.54638803853212320e-08    5.26832603810833133e-02   -1.48815559924431551e-07    8.90282132804979115e-02   -1.88902110882214416e-07
66       6.60000000000000031e-01    9.62241101080565236e-03   -2.38616624307453145e-08    1.76003191269712665e-02   -4.06308070245693054e-08    2.99751824616460057e-02   -6.16224700242212166e-08    1.14549112446564062e-02   -2.79496574022605941e-08    2.08125184069137097e-02   -4.66464858610120270e-08    3.49305919180422711e-02   -6.84592649461777129e-08    1.33788782468012412e-02   -3.20886256975977998e-08    2.41473200105569615e-02   -5.24629389460501506e-08    3.98963028793617169e-02   -7.44934361536791438e-08    1.79934713363261653e-02   -6.56339130786445402e-08    3.31781207085339730e-02   -1.09442667040046334e-07    5.70445265538920138e-02   -1.58100825673011293e-07    2.28020351076599175e-02   -8.06426018563646279e-08    4.21638615342870005e-02   -1.30530781224642553e-07    7.21182893757544297e-02   -1.77779775016203051e-07    2.80281594544846517e-02   -9.57556208013841963e-08    5.20607919792406976e-02   -1.49837361046620064e-07    8.81091840055204661e-02   -1.91386624557816993e-07
67       6.70000000000000040e-01    9.55297211193812702e-03   -2.38938358171043540e-08    1.74786746925993941e-02   -4.07344712319379768e-08    2.97874522547917978e-02   -6.18989447691083109e-08    1.13718834168682666e-02   -2.79925126890802396e-08    2.06684734486149192e-02   -4.67827716160303792e-08    3.47156937422932396e-02   -6.88092744597541104e-08    1.32813981034356869e-02   -3.21440361234845838e-08    2.39800956920823323e-02   -5.26367939001103481e-08    3.96569477928158803e-02   -7.49214368516551594e-08    1.78070812274647647e-02   -6.57736689030109234e-08    3.28317935038609440e-02   -1.09919347395079600e-07    5.64727278522191498e-02   -1.59441454268187979e-07    2.25576946804365644e-02   -8.08458908820886162e-08    4.16994300737720328e-02   -1.31234123863292425e-07    7.13717677207810069e-02   -1.79672391237126355e-07    2.77159748184667223e-02   -9.60402949964488175e-08    5.14544227905978230e-02   -1.50835581228224349e-07    8.72038940307755805e-02   -1.93847844910013863e-07
68       6.80000000000000049e-01    9.48444361333730668e-03   -2.39256094427504740e-08    1.73585569809575173e-02   -4.08369707248237358e-08    2.96017696597098805e-02   -6.21730522889611213e-08    1.12899516311918725e-02   -2.80348332214177267e-08    2.05262298491793865e-02   -4.69175424464067481e-08    3.45030072773273022e-02   -6.91565348201829082e-08    1.31852137322276929e-02   -3.21987516715583918e-08    2.38149439200752329e-02   -5.28087453670224876e-08    3.94198555487922236e-02   -7.53464470122260591e-08    1.76249810550913252e-02   -6.59103422476930495e-08    3.24936668162864595e-02   -1.10385703265267850e-07    5.59132271676083328e-02   -1.60758854172538961e-07    2.23192278959966316e-02   -8.10445115233070084e-08    4.12465542300584909e-02   -1.31921618121856038e-07    7.06399530230847200e-02   -1.81537030160373350e-07    2.74116568235457311e-02   -9.63181354692641831e-08    5.08636654751314851e-02   -1.51810798434721307e-07    8.63125658755300035e-02   -1.96284503315836600e-07
69       6.90000000000000058e-01    9.41681096317449097e-03   -2.39569891866264356e-08    1.72399438008635636e-02   -4.09383193043363288e-08    2.94181146022518027e-02   -6.24448011254914454e-08    1.12090982618936637e-02   -2.80766268739915447e-08    2.03857622184221640e-02   -4.70508152751196029e-08    3.42925163951680670e-02   -6.95010460030180607e-08    1.30903042041067078e-02   -3.22527825788119253e-08    2.36518369431908231e-02   -5.29788128280308951e-08    3.91850175570826950e-02   -7.57684518359539040e-08    1.74470363557299585e-02   -6.60440247484626247e-08    3.21634840766366822e-02   -1.10842019553695694e-07    5.53657652965821659e-02   -1.62053266388008893e-07    2.20864410970618534e-02   -8.12386092786012742e-08    4.08048655659880855e-02   -1.32593698611034420e-07    6.99227068935764501e-02   -1.83373473962690246e-07    2.71149324168914255e-02   -9.65893657545255205e-08    5.02880421438502839e-02   -1.52763590075882504e-07    8.54353864442969763e-02   -1.98695428843577593e-07
70       7.00000000000000067e-01    9.35005986310730348e-03   -2.39879808397935913e-08    1.71228132589349470e-02   -4.10385306801828324e-08    2.92364669267247482e-02   -6.27142004375711052e-08    1.11293059898238209e-02   -2.81179014055210260e-08    2.02470454576460235e-02   -4.71826069717563119e-08    3.40842046156334330e-02   -6.98428090839160512e-08    1.29966489509235096e-02   -3.23061389348569852e-08    2.34907472432508806e-02   -5.31470158075768961e-08    3.89524245439401354e-02   -7.61874381969718009e-08    1.72731177082142105e-02   -6.61748048500677595e-08    3.18409975244430335e-02   -1.11288573498172023e-07    5.48300813573346993e-02   -1.63324954709444390e-07    2.18591483133313488e-02   -8.14283243032812886e-08    4.03740072813697920e-02   -1.33250790671574981e-07    6.92198717077096570e-02   -1.85181574340826669e-07    2.68255399513470348e-02   -9.68542007878313917e-08    4.97270851633110425e-02   -1.53694530823055976e-07    8.45725073899634971e-02   -2.01079550280218146e-07
71       7.09999999999999964e-01    9.28417626388662598e-03   -2.40185901064740365e-08    1.70071437583807217e-02   -4.11376184669722266e-08    2.90568064118925697e-02   -6.29812599719437311e-08    1.10505577972886144e-02   -2.81586644599442766e-08    2.01100547616372242e-02   -4.73129343444941167e-08    3.38780551312387740e-02   -7.01818261983577953e-08    1.29042277598006173e-02   -3.23588306831749704e-08    2.33316475429769798e-02   -5.33133738580982602e-08    3.87220665830422875e-02   -7.66033945983646022e-08    1.71031005185700857e-02   -6.63027679282315605e-08    3.15259679441287355e-02   -1.11725634742698036e-07    5.43059137083479193e-02   -1.64574202982724972e-07    2.16371709149617772e-02   -8.16137916238294441e-08    3.99536340646486354e-02   -1.33893310053511260e-07    6.85312725286278956e-02   -1.86961248185587118e-07    2.65432286528931270e-02   -9.71128472583215487e-08    4.91803377902335428e-02   -1.54604190729986653e-07    8.37240457732145726e-02   -2.03435897158030374e-07
72       7.19999999999999973e-01    9.21914636102228770e-03   -2.40488226050986773e-08    1.68929139976100456e-02   -4.12355961807910925e-08    2.88791127862889872e-02   -6.32459900346387898e-08    1.09728369629759816e-02   -2.81989235676563699e-08    1.99747656202751631e-02   -4.74418141325661975e-08    3.36740508313569803e-02   -7.05181005018280332e-08    1.28130207675100829e-02   -3.24108676224171660e-08    2.31745108130363524e-02   -5.34779065456249425e-08    3.84939331260195430e-02   -7.70163111271014986e-08    1.69368648148923474e-02   -6.64279964069269658e-08    3.12181644004735533e-02   -1.12153465428662719e-07    5.37930007783699246e-02   -1.65801312536587415e-07    2.14203372826932692e-02   -8.17951413439875783e-08    3.95434119088392336e-02   -1.34521662681160480e-07    6.78567189859244219e-02   -1.88712473171072913e-07    2.62677581131726054e-02   -9.73655039488172935e-08    4.86473546565115503e-02   -1.55493133628137539e-07    8.28900849904482678e-02   -2.05763599831000668e-07
73       7.29999999999999982e-01    9.15495659050973541e-03   -2.40786838693592418e-08    1.67801029686712559e-02   -4.13324772360369595e-08    2.87033657428564168e-02   -6.35084014630954256e-08    1.08961270569362320e-02   -2.82386861467652149e-08    1.98411538197784745e-02   -4.75692629991930772e-08    3.34721743256326879e-02   -7.08516361305033401e-08    1.27230084548834131e-02   -3.24622594077493421e-08    2.30193102784349672e-02   -5.36406334361422963e-08    3.82680130325059806e-02   -7.74261794086408103e-08    1.67742950517438920e-02   -6.65505698710751798e-08    3.09173639748716381e-02   -1.12572320302606127e-07    5.32910818118495083e-02   -1.67006599787912836e-07    2.12084824938717949e-02   -8.19724988426786894e-08    3.91430178982854690e-02   -1.35136244492921174e-07    6.71960070939044557e-02   -1.90435283317984048e-07    2.59988978062065841e-02   -9.76123620634202722e-08    4.81277021232925789e-02   -1.56361915768955955e-07    8.20706759391120061e-02   -2.08061888666836764e-07
74       7.39999999999999991e-01    9.09159362461621490e-03   -2.41081793492637298e-08    1.66686899555326638e-02   -4.14282749424992780e-08    2.85295449529260371e-02   -6.37685055990048634e-08    1.08204119356198943e-02   -2.82779595043627281e-08    1.97091954436095368e-02   -4.76952975249598294e-08    3.32724079666472591e-02   -7.11824381624984095e-08    1.26341716412576525e-02   -3.25130155522370559e-08    2.28660194242891017e-02   -5.38015740826944676e-08    3.80442945996750798e-02   -7.78329925613229012e-08    1.66152799236282331e-02   -6.66705651748138217e-08    3.06233515036578377e-02   -1.12982446837756258e-07    5.27998975343227372e-02   -1.68190394018217084e-07    2.10014480236388502e-02   -8.21459849639769312e-08    3.87521399719850043e-02   -1.35737441346024319e-07    6.65489209962952660e-02   -1.92129764582528968e-07    2.57364266283965290e-02   -9.78536055426211715e-08    4.76209585211734704e-02   -1.57211084687206172e-07    8.12658383872962853e-02   -2.10330092432167877e-07
75       7.50000000000000000e-01    9.02904436772741792e-03   -2.41373144121940855e-08    1.65586545322172415e-02   -4.15230025026755883e-08    2.83576300795535668e-02   -6.40263142618753842e-08    1.07456757369731662e-02   -2.83167508378096165e-08    1.95788668730569361e-02   -4.78199342016210850e-08    3.30747338718353351e-02   -7.15105125797132807e-08    1.25464914789615491e-02   -3.25631454282671324e-08    2.27146120010084558e-02   -5.39607480132010895e-08    3.78227655912270269e-02   -7.82367451506596220e-08    1.64597121871015578e-02   -6.67880565454846456e-08    3.03359193195627298e-02   -1.13384085366880233e-07    5.23191907425025610e-02   -1.69353035317443294e-07    2.07990814605759390e-02   -8.23157161993526017e-08    3.83704766684703491e-02   -1.36325628977433352e-07    6.59152346272143669e-02   -1.93796050515196692e-07    2.54801324608835769e-02   -9.80894113660600660e-08    4.71267142919559456e-02   -1.58041178261288954e-07    8.04755625134258717e-02   -2.12567635957126055e-07
76       7.60000000000000009e-01    8.96729595225552630e-03   -2.41660943439642275e-08    1.64499765608032075e-02   -4.16166730093114660e-08    2.81876007902274635e-02   -6.42818397233213677e-08    1.06719028755940717e-02   -2.83550672360307663e-08    1.94501447875175051e-02   -4.79431894263137390e-08    3.28791339446553865e-02   -7.18358662303189910e-08    1.24599494478458504e-02   -3.26126582690014438e-08    2.25650620289215079e-02   -5.41181747189584533e-08    3.76034132657983994e-02   -7.86374331436206173e-08    1.63074884911106124e-02   -6.69031156834895932e-08    3.00548669971707864e-02   -1.13777469224286550e-07    5.18487068239661675e-02   -1.70494872689848545e-07    2.06012362361164339e-02   -8.24818048624323246e-08    3.79977368565737675e-02   -1.36901173013032881e-07    6.52947132808471969e-02   -1.95434318026557491e-07    2.52298117533283940e-02   -9.83199498431416480e-08    4.66445720458720375e-02   -1.58852723948319454e-07    7.96998105819013564e-02   -2.14774037170867182e-07
77       7.70000000000000018e-01    8.90633573460763994e-03   -2.41945243498784531e-08    1.63426361892999202e-02   -4.17092994431547067e-08    2.80194367689652023e-02   -6.45350946820792219e-08    1.05990780379487670e-02   -2.83929156808199508e-08    1.93230061644950116e-02   -4.80650794961613570e-08    3.26855898950177276e-02   -7.21585067919180610e-08    1.23745273498607287e-02   -3.26615631698592901e-08    2.24173438023716927e-02   -5.42738736438011850e-08    3.73862244047663758e-02   -7.90350538630145925e-08    1.61585092151592495e-02   -6.70158118581626677e-08    2.97800011030959801e-02   -1.14162824895081300e-07    5.13881942113811607e-02   -1.71616262315770697e-07    2.04077713670585033e-02   -8.26443592565207524e-08    3.76336394558102957e-02   -1.37464429018116328e-07    6.46871150846634185e-02   -1.97044783290530669e-07    2.49852691281762553e-02   -9.85453848917626561e-08    4.61741465467290640e-02   -1.59646238173576204e-07    7.89385187214335926e-02   -2.16948903602005729e-07
78       7.80000000000000027e-01    8.84615129121460626e-03   -2.42226095557890947e-08    1.62366138494097929e-02   -4.18008946709132553e-08    2.78531177278140453e-02   -6.47860922397482402e-08    1.05271861776495609e-02   -2.84303030481520143e-08    1.91974282793343394e-02   -4.81856206032524282e-08    3.24940832589752648e-02   -7.24784427354095930e-08    1.22902073036826355e-02   -3.27098690900255677e-08    2.22714318933134557e-02   -5.44278641738969352e-08    3.71711853394251293e-02   -7.94296059420534080e-08    1.60126783149245715e-02   -6.71262119998053840e-08    2.95111349514459928e-02   -1.14540372170021844e-07    5.09374047761741860e-02   -1.72717565962319699e-07    2.02185512105382929e-02   -8.28034838351358224e-08    3.72779131495848751e-02   -1.38015742582974291e-07    6.40921923731067184e-02   -1.98627697809309550e-07    2.47463170044820296e-02   -9.87658743054498931e-08    4.57150646360623275e-02   -1.60422225855737165e-07    7.81915987744366964e-02   -2.19091928437692779e-07
79       7.90000000000000036e-01    8.78673041462136456e-03   -2.42503550091516544e-08    1.61318902541861021e-02   -4.18914714434059345e-08    2.76886234177731484e-02   -6.50348458772526938e-08    1.04562125107963456e-02   -2.84672361095005203e-08    1.90733887047086562e-02   -4.83048288299754304e-08    3.23045954176851488e-02   -7.27956832895843258e-08    1.22069717393944715e-02   -3.27575848539804051e-08    2.21273011544359383e-02   -5.45801656281488003e-08    3.69582819775150645e-02   -7.98210892791820354e-08    1.58699031749616574e-02   -6.72343807880281230e-08    2.92480883650281971e-02   -1.14910324304518905e-07    5.04960941664507612e-02   -1.73799149535516720e-07    2.00334452308499646e-02   -8.29592793558073348e-08    3.69302960939659544e-02   -1.38555449438096981e-07    6.35096929605180466e-02   -2.00183344658417706e-07    2.45127752403876964e-02   -9.89815700092331830e-08    4.52669651061206185e-02   -1.61181180051050051e-07    7.74589401880474843e-02   -2.21202886232546446e-07
80       8.00000000000000044e-01    8.72806110963749576e-03   -2.42777656800779080e-08    1.60284463955951036e-02   -4.19810423938982434e-08    2.75259336391542389e-02   -6.52813694320234530e-08    1.03861425113803869e-02   -2.85037215331592427e-08    1.89508653098754282e-02   -4.84227201446947668e-08    3.21171076156488641e-02   -7.31102384064742111e-08    1.21248033932206990e-02   -3.28047191530482141e-08    2.19849267218396628e-02   -5.47307972491814564e-08    3.67474998290874960e-02   -8.02095049932528061e-08    1.57300944681500292e-02   -6.73403807365402206e-08    2.89906874426426320e-02   -1.15272888180532387e-07    5.00640220938227201e-02   -1.74861381766083569e-07    1.98523277775201484e-02   -8.31118430273948682e-08    3.65905356243546934e-02   -1.39083875594153961e-07    6.29393613136036145e-02   -2.01712034925255822e-07    2.42844707933644391e-02   -9.91926183046063729e-08    4.48294985303497873e-02   -1.61923581701226155e-07    7.67404119199649737e-02   -2.23281628354264967e-07
81       8.10000000000000053e-01    8.67013158954774675e-03   -2.43048464623854016e-08    1.59262635419906949e-02   -4.20696200366130092e-08    2.73650282513960737e-02   -6.55256770758920942e-08    1.03169619067526499e-02   -2.85397658855666207e-08    1.88298362597164176e-02   -4.85393103977528895e-08    3.19316009782399726e-02   -7.34221187274749335e-08    1.20436853023190137e-02   -3.28512805469631322e-08    2.18442840172918540e-02   -5.48797781948868769e-08    3.65388240316905644e-02   -8.05948553791144952e-08    1.55931660215556725e-02   -6.74442722745255874e-08    2.87387643327198031e-02   -1.15628264470268258e-07    4.96409525736184465e-02   -1.75904633020917854e-07    1.96750778740764215e-02   -8.32612686511703686e-08    3.62583879620205496e-02   -1.39601337502492144e-07    6.23809396250536372e-02   -2.03214104349968513e-07    2.40612373973600226e-02   -9.93991601039358133e-08    4.44023270589855024e-02   -1.62649899471384947e-07    7.60358643352133379e-02   -2.25328078246901564e-07
82       8.20000000000000062e-01    8.61293027238324224e-03   -2.43316021746428028e-08    1.58253232355110678e-02   -4.21572167654074469e-08    2.72058871823521418e-02   -6.57677832936913672e-08    1.02486566731560327e-02   -2.85753756326311039e-08    1.87102800135777250e-02   -4.86546153177820929e-08    3.17480565285320690e-02   -7.37313355502582099e-08    1.19636007996314058e-02   -3.28972774654478130e-08    2.17053487500848338e-02   -5.50271275305050905e-08    3.63322393748665845e-02   -8.09771438636816316e-08    1.54590346883931497e-02   -6.75461138247391338e-08    2.84921570134822125e-02   -1.15976647800738822e-07    4.92266541227316876e-02   -1.76929274232258231e-07    1.95015790169678037e-02   -8.34076467559162114e-08    3.59336179221552976e-02   -1.40108142232414815e-07    6.18341687909631441e-02   -2.04689910173540143e-07    2.38429152560169604e-02   -9.96013311546936033e-08    4.39851241864071679e-02   -1.63360589665811539e-07    7.53451310729871815e-02   -2.27342226585901978e-07
83       8.30000000000000071e-01    8.55644577725251688e-03   -2.43580375612104182e-08    1.57256072894038958e-02   -4.22438448526076491e-08    2.70484904370662943e-02   -6.60077028625538554e-08    1.01812130313226178e-02   -2.86105571410560641e-08    1.85921753239231546e-02   -4.87686505083121205e-08    3.15664552034368509e-02   -7.40379007964854080e-08    1.18845335087963758e-02   -3.29427182098033860e-08    2.15680969185202617e-02   -5.51728642212183740e-08    3.61277303239514527e-02   -8.13563749625437145e-08    1.53276202257917379e-02   -6.76459618784539916e-08    2.82507090797443593e-02   -1.16318226918373949e-07    4.88208999191392864e-02   -1.77935675936625897e-07    1.93317189841267605e-02   -8.35510647272763971e-08    3.56159986248241536e-02   -1.40604587661971169e-07    6.12987892955398905e-02   -2.06139828194667365e-07    2.36293507511603808e-02   -9.97992622538895927e-08    4.35775744960483630e-02   -1.64056096210604447e-07    7.46680308658329850e-02   -2.29324126391418825e-07
84       8.39999999999999969e-01    8.50066692073144121e-03   -2.43841572932756741e-08    1.56270977852869808e-02   -4.23295164479940653e-08    2.68928181060540603e-02   -6.62454508319013387e-08    1.01146174421353069e-02   -2.86453166796637244e-08    1.84755012348141803e-02   -4.88814314446602303e-08    3.13867778691656260e-02   -7.43418269803348854e-08    1.18064673391221463e-02   -3.29876109545085495e-08    2.14325048110415618e-02   -5.53170071252359956e-08    3.59252810431698530e-02   -8.17325542371705932e-08    1.51988451780804869e-02   -6.77438710673878332e-08    2.80142695364090609e-02   -1.16653184852993755e-07    4.84234679268687532e-02   -1.78924207415786244e-07    1.91653896526809142e-02   -8.36916069316007360e-08    3.53053112099493485e-02   -1.41090962679400227e-07    6.07745420072108161e-02   -2.07564250034148450e-07    2.34203961657830674e-02   -9.99930794530841004e-08    4.31793733878846134e-02   -1.64736850693506280e-07    7.40043692964506977e-02   -2.31273888158501226e-07
85       8.49999999999999978e-01    8.44558271331296781e-03   -2.44099659698823016e-08    1.55297770703526333e-02   -4.24142435779280585e-08    2.67388503731065437e-02   -6.64810425041135958e-08    1.00488566023548987e-02   -2.86796604207162954e-08    1.83602370802299492e-02   -4.89929734710888834e-08    3.12090053360282796e-02   -7.46431271778486223e-08    1.17293864806241755e-02   -3.30319637488247899e-08    2.12985490070356671e-02   -5.54595749873484398e-08    3.57248754180235842e-02   -8.21056882527605878e-08    1.50726347653252976e-02   -6.78398942327286318e-08    2.77826925986721859e-02   -1.16981699080550625e-07    4.80341409899534000e-02   -1.79895235932211364e-07    1.90024868253514771e-02   -8.38293548345081253e-08    3.50013445572554052e-02   -1.41567547392742349e-07    6.02611688906982482e-02   -2.08963580603206019e-07    2.32159094207898195e-02   -1.00182904254353473e-07    4.27902267928361169e-02   -1.65403272452310058e-07    7.33539404803005973e-02   -2.33191675054753401e-07
86       8.59999999999999987e-01    8.39118235591454834e-03   -2.44354681189535256e-08    1.54336277545200559e-02   -4.24980381446138954e-08    2.65865675226323733e-02   -6.67144934158680699e-08    9.98391744041161010e-03   -2.87135944412337505e-08    1.82463624822382375e-02   -4.91032917982193879e-08    3.10331183725822690e-02   -7.49418149971049482e-08    1.16532753991265611e-02   -3.30757845184070222e-08    2.11662063773241788e-02   -5.56005864329298516e-08    3.55264970769698998e-02   -8.24757845367790731e-08    1.49489167768591842e-02   -6.79340824913812011e-08    2.75558374989065893e-02   -1.17303941684143906e-07    4.76527068986598232e-02   -1.80849126051803834e-07    1.88429100650936432e-02   -8.39643871143960191e-08    3.47038950119221978e-02   -1.42034613345464810e-07    5.97584136399414018e-02   -2.10338235770299643e-07    2.30157538247928797e-02   -1.00368853797583905e-07    4.24098508778093450e-02   -1.66055768704234356e-07    7.27165286649026632e-02   -2.35077698228225641e-07
87       8.69999999999999996e-01    8.33745523644482088e-03   -2.44606681983079424e-08    1.53386327075442485e-02   -4.25809119254880942e-08    2.64359499465556917e-02   -6.69458193201374801e-08    9.91978711226190399e-03   -2.87471247243068588e-08    1.81338573490303634e-02   -4.92124015006880139e-08    3.08590977191478544e-02   -7.52379045492174709e-08    1.15781188314290975e-02   -3.31190810669162742e-08    2.10354540843638270e-02   -5.57400599623685702e-08    3.53301294123916365e-02   -8.28428515382235926e-08    1.48276214695648931e-02   -6.80264852995468910e-08    2.73335683001650689e-02   -1.17620079512886615e-07    4.72789584310304919e-02   -1.81786239046962211e-07    1.86865625375602327e-02   -8.40967797711094742e-08    3.44127661165379156e-02   -1.42492423736231061e-07    5.92660222369164671e-02   -2.11688640219522619e-07    2.28197978362847387e-02   -1.00551041039453737e-07    4.20379717445656872e-02   -1.66694734709566103e-07    7.20919097391920644e-02   -2.36932212260806601e-07
88       8.80000000000000004e-01    8.28439092642678163e-03   -2.44855705966682129e-08    1.52447750560847708e-02   -4.26628765727295492e-08    2.62869781507846616e-02   -6.71750361688352815e-08    9.85645299730988911e-03   -2.87802571604049349e-08    1.80227018728292936e-02   -4.93203175150332147e-08    3.06869241007033527e-02   -7.55314104201644415e-08    1.15039017805399456e-02   -3.31618610776339592e-08    2.09062695821738663e-02   -5.58780139459068319e-08    3.51357556008600538e-02   -8.32068985876541335e-08    1.47086814706777688e-02   -6.81171505137485925e-08    2.71157537162143580e-02   -1.17930274338275868e-07    4.69126933725441328e-02   -1.82706932373410783e-07    1.85333508609891277e-02   -8.42266062299799443e-08    3.41277683498087264e-02   -1.42941233641210645e-07    5.87837434414806986e-02   -2.13015225492568268e-07    2.26279148375447339e-02   -1.00729574924463464e-07    4.16743251251277327e-02   -1.67320553963678661e-07    7.14798526485106306e-02   -2.38755510795368616e-07
89       8.90000000000000013e-01    8.23197917767908884e-03   -2.45101796346622096e-08    1.51520381807416140e-02   -4.27439436128838119e-08    2.61396327612676109e-02   -6.74021600960951285e-08    9.79390269439363130e-03   -2.88129975486770964e-08    1.79128765276828673e-02   -4.94270546378015029e-08    3.05165782391769551e-02   -7.58223476434425734e-08    1.14306095109756208e-02   -3.32041321150751233e-08    2.07786306160090695e-02   -5.60144666188695591e-08    3.49433586226952919e-02   -8.35679358580155765e-08    1.45920316848899938e-02   -6.82061244494060045e-08    2.69022669379882784e-02   -1.18234683007781455e-07    4.65537145164655886e-02   -1.83611559214582329e-07    1.83831849631351588e-02   -8.43539374414359042e-08    3.38487188723668661e-02   -1.43381290237546392e-07    5.83113292173457753e-02   -2.14318428205464323e-07    2.24399829196669127e-02   -1.00904560548358365e-07    4.13186560760157931e-02   -1.67933598412268033e-07    7.08801207127664895e-02   -2.40547922358488324e-07
90       9.00000000000000022e-01    8.18020991905295605e-03   -2.45344995658157060e-08    1.50604057130615497e-02   -4.28241244465955936e-08    2.59938945296516420e-02   -6.76272074021737684e-08    9.73212401783525236e-03   -2.88453515982467716e-08    1.78043620671499321e-02   -4.95326275238625820e-08    3.03480408651495906e-02   -7.61107316735470366e-08    1.13582275441275766e-02   -3.32459016265998525e-08    2.06525152217934861e-02   -5.61494360772655203e-08    3.47529212808284360e-02   -8.39259743262829062e-08    1.44776092055472986e-02   -6.82934519370647770e-08    2.66929854663339808e-02   -1.18533457595415507e-07    4.62018296472404555e-02   -1.84500468087699801e-07    1.82359779448886331e-02   -8.44788419763782041e-08    3.35754412799214932e-02   -1.43812833026802209e-07    5.78485350991988778e-02   -2.15598688430729254e-07    2.22558846781286089e-02   -1.01076099314280484e-07    4.09707186732441442e-02   -1.68534228685293514e-07    7.02924728469762478e-02   -2.42309806394736294e-07
91       9.10000000000000031e-01    8.12907325322576382e-03   -2.45585345775369367e-08    1.49698615325213717e-02   -4.29034303484429924e-08    2.58497443385594591e-02   -6.78501945379614421e-08    9.67110499355551025e-03   -2.88773249294981213e-08    1.76971395218906216e-02   -4.96370506849205944e-08    3.01812927289865085e-02   -7.63965783602679116e-08    1.12867416536966223e-02   -3.32871769440212459e-08    2.05279017253329546e-02   -5.62829402737419994e-08    3.45644262189735360e-02   -8.42810257359485965e-08    1.43653532297421272e-02   -6.83791763763761482e-08    2.64877909509064445e-02   -1.18826745549101334e-07    4.58568515090782836e-02   -1.85374002506082635e-07    1.80916459502392067e-02   -8.46013861175074133e-08    3.33077653639122853e-02   -1.44236094057386845e-07    5.73951205058456024e-02   -2.16856448235308642e-07    2.20755070183461383e-02   -1.01244289081974941e-07    4.06302757096849154e-02   -1.69122794345696902e-07    6.97166646848292881e-02   -2.44041549523388290e-07
92       9.20000000000000040e-01    8.07855945354948694e-03   -2.45822887920920979e-08    1.48803897634910663e-02   -4.29818724668683143e-08    2.57071632064994407e-02   -6.80711380900892320e-08    9.61083385525200555e-03   -2.89089230753540524e-08    1.75911901971680211e-02   -4.97403384882138586e-08    3.00163146114121419e-02   -7.66799039238001798e-08    1.12161378611949671e-02   -3.33279652852081276e-08    2.04047687413197593e-02   -5.64149970138764990e-08    3.43778559391163877e-02   -8.46331025603728048e-08    1.42552049771137047e-02   -6.84633397879237667e-08    2.62865690350592499e-02   -1.19114689834692605e-07    4.55185977616745924e-02   -1.86232500692558209e-07    1.79501080422637301e-02   -8.47216339467830822e-08    3.30455268797557808e-02   -1.44651298145108958e-07    5.69508490040617141e-02   -2.18092150364519179e-07    2.18987409706937509e-02   -1.01409224310364291e-07    4.02970983961303056e-02   -1.69699634149485711e-07    6.91524496070915623e-02   -2.45743562023901661e-07
93       9.30000000000000049e-01    8.02865896095413152e-03   -2.46057662675721464e-08    1.47919747721815438e-02   -4.30594618241991360e-08    2.55661322924233443e-02   -6.82900547666177390e-08    9.55129904063991425e-03   -2.89401514825455064e-08    1.74864956702699935e-02   -4.98425051553913534e-08    2.98530873335455180e-02   -7.69607249306579705e-08    1.11464024315161940e-02   -3.33682737556821470e-08    2.02830951721447994e-02   -5.65456239527897334e-08    3.41931928183293182e-02   -8.49822179670121790e-08    1.41471076121786245e-02   -6.85459828629860035e-08    2.60892092065685109e-02   -1.19397429076536350e-07    4.51868909248374709e-02   -1.87076295339219290e-07    1.78112860848310336e-02   -8.48396474291855334e-08    3.27885673227139504e-02   -1.45058663091150827e-07    5.65154885276232671e-02   -2.19306237062262564e-07    2.17254815144896848e-02   -1.01570996193793676e-07    3.99709660671432113e-02   -1.70265076314227817e-07    6.85995796776179972e-02   -2.47416274552641470e-07
94       9.40000000000000058e-01    7.97936238090481142e-03   -2.46289709988501055e-08    1.47046011635812955e-02   -4.31362093167555877e-08    2.54266328999461708e-02   -6.85069613832942242e-08    9.49248918775630855e-03   -2.89710155128709487e-08    1.73830377878588481e-02   -4.99435647615575559e-08    2.96915917664123258e-02   -7.72390582703834050e-08    1.10775218685729218e-02   -3.34081093502077461e-08    2.01628602065305890e-02   -5.66748385920631105e-08    3.40104191249230095e-02   -8.53283857825388281e-08    1.40410061700217952e-02   -6.86271450113228647e-08    2.58956046540223250e-02   -1.19675097694498671e-07    4.48615583136141166e-02   -1.87905713409112923e-07    1.76751046297356149e-02   -8.49554864929462669e-08    3.25367337113656660e-02   -1.45458399896870112e-07    5.60888115557468606e-02   -2.20499149017922720e-07    2.15556274104770004e-02   -1.01729692792236751e-07    3.96516658925776949e-02   -1.70819438793407202e-07    6.80578064904869828e-02   -2.49060135090080731e-07
95       9.50000000000000067e-01    7.93066048041277463e-03   -2.46519069185288455e-08    1.46182537783849445e-02   -4.32121257150375600e-08    2.52886464812424362e-02   -6.87218748503632734e-08    9.43439313132617835e-03   -2.90015204444455458e-08    1.72807986632563838e-02   -5.00435312344760582e-08    2.95318088399499114e-02   -7.75149211330413020e-08    1.10094829110028054e-02   -3.34474789543734839e-08    2.00440433179986909e-02   -5.68026582769464212e-08    3.38295170339454887e-02   -8.56716204588592401e-08    1.39368474851884819e-02   -6.87068644070691757e-08    2.57056521287035537e-02   -1.19947826037403692e-07    4.45424319653545744e-02   -1.88721075975774987e-07    1.75414908089856873e-02   -8.50692091064038646e-08    3.22898783786199697e-02   -1.45850712974941422e-07    5.56705952549192001e-02   -2.21671324430608056e-07    2.13890810413551458e-02   -1.01885399155741070e-07    3.93389925954700376e-02   -1.71363029554449314e-07    6.75268819323340541e-02   -2.50675606115006283e-07
96       9.59999999999999964e-01    7.88254418509884425e-03   -2.46745778978792019e-08    1.45329176899176068e-02   -4.32872216639877477e-08    2.51521546406326159e-02   -6.89348121599176180e-08    9.37699989919023660e-03   -2.90316714729400479e-08    1.71797606736709026e-02   -5.01424183539239034e-08    2.93737195515217132e-02   -7.77883309874871175e-08    1.09422725279419639e-02   -3.34863893461646121e-08    1.99266242631831909e-02   -5.69291001938406761e-08    3.36504686420408816e-02   -8.60119370400394320e-08    1.38345801236241777e-02   -6.87851780328147056e-08    2.55192518117912590e-02   -1.20215740512855215e-07    4.42293485600023170e-02   -1.89522698096842612e-07    1.74103742319863461e-02   -8.51808713516369885e-08    3.20478587701750542e-02   -1.46235800356442981e-07    5.52606215878357690e-02   -2.22823198181726591e-07    2.12257482599388890e-02   -1.02038197443380789e-07    3.90327481768474246e-02   -1.71896146858540968e-07    6.70065588643609794e-02   -2.52263162000079772e-07
97       9.69999999999999973e-01    7.83500457630881969e-03   -2.46969877477683309e-08    1.44485782010576463e-02   -4.33615076833261217e-08    2.50171391378718536e-02   -6.91457903737750148e-08    9.32029870879381647e-03   -2.90614737128087810e-08    1.70799064573728572e-02   -5.02402397511878724e-08    2.92173049739568869e-02   -7.80593055603966859e-08    1.08758779148656389e-02   -3.35248471975256927e-08    1.98105830800022822e-02   -5.70541813680428539e-08    3.34732559816797379e-02   -8.63493511301408061e-08    1.37341543175191864e-02   -6.88621217219477012e-08    2.53363071867054417e-02   -1.20478963713434359e-07    4.39221493347694836e-02   -1.90310888718272829e-07    1.72816868873718298e-02   -8.52905274950190881e-08    3.18105372503010853e-02   -1.46613853893568158e-07    5.48586773929115867e-02   -2.23955201107254075e-07    2.10655382445464265e-02   -1.02188167036970829e-07    3.87327416478683156e-02   -1.72419079540647153e-07    6.64965917287597408e-02   -2.53823286621377482e-07
98       9.79999999999999982e-01    7.78803288828029249e-03   -2.47191402195776507e-08    1.43652208411615898e-02   -4.34349941679510919e-08    2.48835818911558419e-02   -6.93548266118661001e-08    9.26427896373631377e-03   -2.90909321985057384e-08    1.69812189108250640e-02   -5.03370089086949989e-08    2.90625462631318408e-02   -7.83278628160453461e-08    1.08102864894967891e-02   -3.35628590759120445e-08    1.96959000856989988e-02   -5.71779186617382675e-08    3.32978610347751669e-02   -8.66838788619673604e-08    1.36355219029193030e-02   -6.89377301993352859e-08    2.51567249164195428e-02   -1.20737614539279151e-07    4.36206799942269741e-02   -1.91085950605983674e-07    1.71553630492550478e-02   -8.53982300548312703e-08    3.15777809147996455e-02   -1.46985059457715685e-07    5.44645544375663565e-02   -2.25067759361478206e-07    2.09083633612384585e-02   -1.02335384649789255e-07    3.84387887695952779e-02   -1.72932107288369608e-07    6.59967370844349449e-02   -2.55356471173224102e-07
99       9.89999999999999991e-01    7.74162050536020795e-03   -2.47410390061111133e-08    1.42828313629932615e-02   -4.35076913884030593e-08    2.47514649798548578e-02   -6.95619380411197814e-08    9.20893025038000725e-03   -2.91200518856898353e-08    1.68836811857735955e-02   -5.04327391597700861e-08    2.89094246651090021e-02   -7.85940209368212606e-08    1.07454858877810196e-02   -3.36004314458298938e-08    1.95825558747619033e-02   -5.73003287722282472e-08    3.31242657456975939e-02   -8.70155368667240818e-08    1.35386362599741548e-02   -6.90120371204101255e-08    2.49804147255664813e-02   -1.20991808317070684e-07    4.33247906167315566e-02   -1.91848180301994909e-07    1.70313391876734874e-02   -8.55040298660678507e-08    3.13494614109778927e-02   -1.47349597132768020e-07    5.40780494482399898e-02   -2.26161293864435835e-07    2.07541390325516294e-02   -1.02479924430539612e-07    3.81507118006050305e-02   -1.73435500918506333e-07    6.55067540769556644e-02   -2.56863212178674708e-07
100      1.00000000000000000e+00    7.69575895927234258e-03   -2.47626877424925620e-08    1.42013957396604114e-02   -4.35796094913867900e-08    2.46207706469888654e-02   -6.97671418648314262e-08    9.15424233451894720e-03   -2.91488376524170421e-08    1.67872766863046870e-02   -5.05274436885122254e-08    2.87579215228491412e-02   -7.88577983044601817e-08    1.06814639599282380e-02   -3.36375706703642498e-08    1.94705313167352692e-02   -5.74214282303808708e-08    3.29524520337029711e-02   -8.73443422445827232e-08    1.34434522556981361e-02   -6.90850751087315882e-08    2.48072892871668005e-02   -1.21241656915459568e-07    4.30343355580045522e-02   -1.92597868102395576e-07    1.69095538830236272e-02   -8.56079761425577894e-08    3.11254547644589721e-02   -1.47707641403420309e-07    5.36989641198497569e-02   -2.27236219825717983e-07    2.06027836123883201e-02   -1.02621858062776370e-07    3.78683392525593493e-02   -1.73929522650360588e-07    6.50264048476338480e-02   -2.58344009685345164e-07
End of Xyce(TM) Simulation
